pathway,pval,padj,log2err,ES,NES,size,analysis,ranked_features,Time,direction,leadingEdge_text
ADIPOGENESIS,0.254639175257732,0.337224853719699,0.029076871666459,0.236569122512652,1.10226266179174,176,Primary,14541,D1,positive mortality association,BCL6;ITGA7;GPAT4;PGM1;PFKFB3;DHCR7;CAVIN1;MYLK;SORBS1;ADIPOR2;ALDOA;ORM1;STOM;ADCY6;TOB1;SLC1A5;GADD45A;MGLL;FAH;PPARG;DNAJB9;CD151;PLIN2;GBE1;ITSN1;PIM3;BAZ2A;SLC25A10;GPX4;ELOVL6;MIGA2;GRPEL1;RETN;POR;GPX3;PPP1R15B;CAVIN2;CRAT;UCK1;RTN3;BCKDHA;SQOR;CDKN2C
ALLOGRAFT_REJECTION,2.22407921721285e-05,0.00010897988164343,0.182442388419998,-0.336028978285233,-1.76834911563908,169,Primary,14541,D1,negative mortality association,HLA-DMB;HLA-DRA;HLA-DMA;HLA-DOA;CD4;HDAC9;CTSS;LY86;CD86;TRAT1;EIF3A;CCR2;CD28;LTB;FCGR2B;GZMA;MRPL3;SIT1;CD40LG;LY75;CD1D;TNF;ACVR2A;IRF8;CD3G;RPS3A;CCR5;CD74;CD8B;FASLG;CD47;EIF3D;CD3E;GPR65;CD79A;CCR1;LCK;C2;IL7;CCL4;CD40;CD2;HLA-DQA1;IL27RA;CD8A;KLRD1;CD3D;HLA-DOB;IL1B;IL2RA;TAP2;ABCE1;RPL39;MAP3K7;CD247;CXCR3;MTIF2;IL15;CCND2;ITK;IL2RB;APBB1;CRTAM;RIPK2;PSMB10;RPS19;TLR6
ANDROGEN_RESPONSE,0.082967577516636,0.123194281767126,0.0578509291080087,0.310042302013833,1.29966924397529,86,Primary,14541,D1,positive mortality association,NDRG1;CAMKK2;CCND3;FKBP5;ACTN1;CDC14B;ANKH;SCD;H1-0;ABCC4;GSR;DHCR24;B4GALT1;CENPN;DNAJB9;ELL2;PTK2B;ARID5B;SLC38A2;PA2G4;SRF;MERTK;TSC22D1;FADS1
ANGIOGENESIS,0.00556507464449591,0.0118560285904478,0.129006250027651,0.55053740072326,1.72199327790482,22,Primary,14541,D1,positive mortality association,VEGFA;FGFR1;PF4;FSTL1;PDGFA;PGLYRP1;APP;LRPAP1;TIMP1;PTK2;OLR1
APICAL_JUNCTION,1.40041405894718e-06,8.57753611105146e-06,0.203976791242268,0.439854610184816,1.96860528766253,131,Primary,14541,D1,positive mortality association,MYL9;TUBG1;ALOX15B;VWF;KCNH2;COL17A1;YWHAH;NF1;VCL;ACTN1;ADAM9;INPPL1;PBX2;CLDN15;MADCAM1;MMP9;SYK;PIK3CB;IKBKG;MVD;RAC2;MAPK13;CDH1;SHC1;CLDN5;MAP4K2;RSU1;ZYX;ACTB;B4GALT1;CNN2;THBS3;SIRPA;ACTG1;MAPK14;JAM3;PCDH1;ARPC2;MYH9;FBN1;STX4;VASP;LDLRAP1;CD99;AKT2;GNAI2;PTK2;CAP1;CLDN9;MYH10;SKAP2;CRAT;CERCAM;ADAM15;PFN1;LAMB3
APICAL_SURFACE,0.196729045447397,0.275420663626356,0.0381615360374572,0.362750857949619,1.2148349760734,29,Primary,14541,D1,positive mortality association,PCSK9;SLC2A4;ADIPOR2;APP;B4GALT1;AFAP1L2;GSTM3;FLOT2
APOPTOSIS,0.00183474253907176,0.00428106592450078,0.144233372292081,0.346935850529979,1.56749862006043,140,Primary,14541,D1,positive mortality association,EREG;DDIT3;DAP;TIMP3;IER3;ADD1;LMNA;CLU;ANKH;AVPR1A;GADD45B;F2R;CTH;HMGB2;H1-0;APP;GSN;GADD45A;CREBBP;GSR;PPP2R5B;PSEN1;ETF1;TOP2A;IGF2R;TNFRSF12A;CFLAR;SQSTM1;RELA;TIMP1;GPX4;WEE1;CCNA1;TIMP2;BCL2L1;PTK2;GPX3;IL18;BCAP31;CDKN1B;BCL2L2;EMP1;JUN;GPX1;CDKN1A;IFITM3;GSTM1;RHOT2;RARA;CAV1;GNA15;CDK2;HGF;BTG3;SAT1;BIK;SC5D
BILE_ACID_METABOLISM,0.69952579393591,0.729292848997013,0.0148148184107082,0.212461447705894,0.871438737619582,75,Primary,14541,D1,positive mortality association,BMP6;PECR;PFKM;ACSL1;GCLM;KLF1;ABCA6;ABCA5;TFCP2L1;DHCR24;PRDX5;RXRA;LONP2;ABCA3;FADS1;ATXN1;ABCA2;NEDD4;PIPOX;SLC27A2;PHYH
CHOLESTEROL_HOMEOSTASIS,1.9987819775816e-08,1.95880633802997e-07,0.232569324665012,0.574455826559463,2.30710345829649,67,Primary,14541,D1,positive mortality association,LDLR;STX5;PNRC1;NFIL3;DHCR7;CLU;CHKA;FABP5;TM7SF2;CD9;AVPR1A;SREBF2;SCD;MVD;ALCAM;ATF5;LGMN;GSTM2;CYP51A1;ALDOC;PPARG;TNFRSF12A;SQLE;ACTG1;GLDC;FDFT1;ACAT2;MVK;LSS;FBXO6;PLSCR1;ABCA2;S100A11;CPEB2;TRIB3;TP53INP1;FADS2;ACSS2;SC5D;IDI1;STARD4;JAG1
COAGULATION,2.95490039365304e-05,0.000120658432740832,0.182442388419998,0.456341656007509,1.91605637474588,87,Primary,14541,D1,positive mortality association,THBS1;TIMP3;MMP1;MAFF;FURIN;VWF;GP9;ITGB3;PF4;SPARC;PLAU;CLU;P2RY1;ADAM9;WDR1;CD9;MMP8;GP1BA;SERPINE1;MMP9;KLF7;GSN;LGMN;PROS1;FN1;TIMP1;GNB2;FBN1;PEF1;CAPN5;F12;SIRT2;SERPINB2;CTSK;OLR1;PDGFB
COMPLEMENT,0.427865869508708,0.48756808385876,0.0205966052597535,0.219563526976655,1.01743790624149,169,Primary,14541,D1,positive mortality association,DGKH;PCSK9;MAFF;CDK5R1;GP9;CA2;CLU;HSPA1A;ADAM9;PIM1;MMP8;GP1BA;SERPINE1;TNFAIP3;COL4A2;ITGAM;LCP2;PIK3R5;LGMN;BRPF3;CDA;PSEN1;CTSD;PRKCD;CD55;EHD1;S100A9;RHOG;FN1;TIMP1;GNB2;STX4;TIMP2;GRB2;GNAI2;LTF;SERPINB2;RBSN;OLR1;RAF1;CR1;PDGFB;PLSCR1;XPNPEP1;S100A12;PFN1
DNA_REPAIR,0.785831285831286,0.802202770952771,0.0296102583825489,-0.172197582436929,-0.883161486997475,144,Primary,14541,D1,negative mortality association,NCBP2;ERCC5;RNMT;POLD3;ERCC8;NUDT21;GTF2H3;RAE1;POLR2C;NFX1;GTF2H1;NELFCD;POLR3C;ADA;GTF2H5;POLB;SNAPC5;UMPS;RALA;APRT;GSDME;ERCC3;REV3L;RPA3;POLR1H;LIG1;NT5C;CSTF3;CLP1;POLE4;ITPA;DDB2;POLR2D;SURF1;ELOA;DUT
E2F_TARGETS,0.00736502978406633,0.01443545837677,0.129006250027651,0.300833483315269,1.4247806616449,200,Primary,14541,D1,positive mortality association,SPAG5;TUBG1;DIAPH3;MKI67;ESPL1;AURKB;CDCA3;TRIP13;GINS4;MYBL2;CIT;CKS2;MCM6;MXD3;KIF4A;HMGB3;RRM2;KIF2C;TFRC;HMGB2;BARD1;BIRC5;PTTG1;CCNE1;PSMC3IP;DEPDC1;NUP153;CDC20;PLK1;TOP2A;SUV39H1;HMGA1;CDCA8;TCF19;NCAPD2;MAD2L1;KPNA2;E2F8;RAD51AP1;SPC24;ORC6;DCLRE1B;WEE1;CCNB2;CKS1B;PA2G4;MCM2;GINS3;DONSON;CDK1;PLK4;JPT1;CDC25A;UBE2S;CDKN1B;RACGAP1;BUB1B;GSPT1;UBE2T;STMN1;CENPE;RNASEH2A;CDKN2C;TK1;CDKN3;NAA38;GINS1;CDKN1A;MELK
EPITHELIAL_MESENCHYMAL_TRANSITION,7.39475740370717e-07,5.17633018259502e-06,0.209014013725794,0.45972531414876,2.03158575723909,119,Primary,14541,D1,positive mortality association,VEGFA;AREG;EFEMP2;MYL9;THBS1;COL6A3;TIMP3;MMP1;TPM4;SDC4;ITGB3;ITGB5;FSTL1;SPARC;TGM2;PTX3;MYLK;TPM1;SLC6A8;QSOX1;SDC1;GADD45B;SERPINE1;TNFAIP3;COL4A2;INHBA;LOXL1;GADD45A;PLOD1;TNFRSF12A;BASP1;TGFB1;FN1;TIMP1;FBN1;PLOD2;CADM1;ANPEP;FLNA;ID2
ESTROGEN_RESPONSE_EARLY,0.000550821518663462,0.00168689090090685,0.151273237061354,0.362644244310689,1.64510120587975,143,Primary,14541,D1,positive mortality association,KAZN;SLC2A1;AREG;FOXC1;SLC7A5;IGF1R;TTC39A;FKBP5;TUBB2B;AMFR;FHL2;INHBB;TGM2;ENDOD1;DHCR7;SIAH2;KCNK5;SLC24A3;KDM4B;SLC16A1;SEC14L2;UGCG;IL17RB;MREG;TOB1;RET;ZNF185;B4GALT1;FLNB;RAB31;FDFT1;RAPGEFL1;SVIL;ELF3;ANXA9;MAST4;MINDY1;ABCA3;NHERF1;BAG1;SH3BP5;GAB2;AFF1;CHPT1;NADSYN1;CANT1;MED13L
ESTROGEN_RESPONSE_LATE,0.00121115155778513,0.00312349612270903,0.144233372292081,0.353716607719181,1.59813491066229,140,Primary,14541,D1,positive mortality association,AREG;FOXC1;SLC7A5;FKBP5;CA2;AMFR;DHCR7;CKB;SIAH2;FABP5;UNC13B;KCNK5;CD9;SLC24A3;SLC16A1;IL17RB;MAPK13;CDH1;TOB1;XRCC3;RET;FLNB;CDC20;TOP2A;RAB31;GFUS;S100A9;FDFT1;RAPGEFL1;PLXNB1;PRKAR2B;ANXA9;CCNA1;ST6GALNAC2;ABCA3;CDC6;STIL;NHERF1;LTF;BAG1;ID2;PLK4;BATF;AFF1;CHPT1;RNASEH2A;TFF3;DUSP2;GALE;SLC27A2;MYB;ADD3
FATTY_ACID_METABOLISM,0.605203164811586,0.673976251721994,0.0159097049016244,0.208584057905489,0.933535013177016,131,Primary,14541,D1,positive mortality association,GABARAPL1;MAOA;D2HGDH;CA4;CA2;YWHAH;KMT5A;ADIPOR2;ACSL1;DLST;ALDOA;GLUL;VNN1;MGLL;DHCR24;ACADVL;TP53INP2;ACAT2;PPARA;LDHA;ENO3;G0S2
G2M_CHECKPOINT,7.88626700718754e-09,1.28809027784063e-07,0.23699961464824,0.434392864697856,2.04455033068174,191,Primary,14541,D1,positive mortality association,E2F1;SLC7A5;MKI67;ESPL1;UBE2C;AURKB;CENPA;KMT5A;POLQ;PRC1;CHAF1A;MYBL2;CKS2;MCM6;KIF4A;SLC7A1;CCNF;E2F3;HMGB3;SAP30;HIF1A;KIF2C;CDC45;TPX2;HIRA;BUB1;NUSAP1;TFDP1;BARD1;EGF;BIRC5;PTTG1;NSD2;MARCKS;TNPO2;ATF5;KIF11;CCNA2;NUP98;KNL1;PRMT5;CDC20;PLK1;TOP2A;SUV39H1;HMGA1;RAD54L;BCL3;EXO1;RAD23B;SQLE;MAPK14;MAD2L1;KPNA2;E2F2;TLE3;TGFB1;ORC6;CCNB2;CKS1B;MEIS1;MCM2;PAFAH1B1;MT2A;CDC6;STIL;CDK1;H2BC12;PLK4;LIG3;NDC80;JPT1;CDC25A;UBE2S;CDKN1B;RACGAP1;GSPT1;STMN1;TROAP;CENPE;TOP1;H2AZ2;CDKN2C;CDKN3
GLYCOLYSIS,0.000891940946738981,0.00257088861118883,0.151273237061354,0.348289228597663,1.6113128219595,166,Primary,14541,D1,positive mortality association,VEGFA;ABCB6;IRS2;DDIT4;SPAG4;IER3;TPST1;HK2;VLDLR;PKM;CENPA;RRAGD;B4GALT2;SAP30;QSOX1;ALDOA;SDC1;CTH;G6PD;PAM;ANKZF1;SLC16A3;B4GALT1;GYS1;B4GALT4;PLOD1;DEPDC1;EXT1;GFUS;CHPF;ENO1;ELF3;PFKP;SLC25A10;LDHA;PYGL;CXCR4;TPI1;PLOD2;HDLBP;CDK1;CAPN5;PHKA2;CITED2;GOT1;P4HA2;CLDN9;PYGB;MERTK;STMN1;CHST2;GCLC;TFF3;CYB5A;GALE;AK4;NOL3;KIF20A;AURKA;TALDO1;UGP2;RBCK1
HEDGEHOG_SIGNALING,0.00827444555408646,0.0155941473903937,0.120674297088992,0.53133078198925,1.68251493647152,23,Primary,14541,D1,positive mortality association,VEGFA;ETS2;VLDLR;CDK5R1;ACHE;TLE1;NF1
HEME_METABOLISM,6.01769596954596e-22,2.94867102507752e-20,0.384321722450731,0.572749039099109,2.69219704949971,189,Primary,14541,D1,positive mortality association,ABCB6;TMCC2;SLC2A1;SMOX;SLC7A11;RHAG;RHD;ANK1;TAL1;ARHGEF12;NARF;SPTB;CCND3;SLC6A9;RAP1GAP;KHNYN;ADD1;RANBP10;DMTN;CA2;OSBP2;EZH1;MPP1;DCAF11;SPTA1;MAP2K3;ENDOD1;HMBS;SLC25A37;FOXO3;KEL;CDR2;PRDX2;SLC66A2;UBAC1;SLC6A8;EPB42;GCLM;EIF2AK1;RHCE;MARCHF8;HDGF;PSMD9;KLF1;TFRC;LRP10;GATA1;CA1;MARCHF2;H1-0;XPO7;MFHAS1;FOXJ2;YPEL5;ACKR1;MARK3;PPP2R5B;NFE2;ATP6V0A1;ELL2;ASNS;ACSL6;FN3K;RBM38;RNF123;XK;BCAM;E2F2;TRIM58;LPIN2;GYPC;TNS1;FBXO34;PDZK1IP1;RAD23A;MBOAT2;SEC14L1;H4C3;NUDT4;SLC4A1;ADIPOR1;CTNS;ALAD;CCDC28A;P4HA2;BSG;DCAF10;TSPO2;SELENBP1;KLF3;ERMAP;SLC22A4;TOP1;PIGQ;GYPE;SLC10A3;GAPVD1;GCLC;FBXO9;NR3C1;GLRX5;HTRA2;UROD;FBXO7;MYL4;GDE1;TRIM10;TFDP2;KDM7A;RCL1;CPOX;TENT5C;PC;GYPB;ABCG2;HAGH;USP15;RBM5;RIOK3;MXI1;CLIC2;RNF19A
HYPOXIA,7.35982906992997e-14,1.80315812213284e-12,0.302546474122708,0.530220714594668,2.42919445372891,153,Primary,14541,D1,positive mortality association,VEGFA;NDRG1;IRS2;DDIT3;SLC2A1;JMJD6;DDIT4;NEDD4L;MAFF;IER3;HK2;VLDLR;PGM1;HK1;PFKFB3;PNRC1;SDC4;RRAGD;NFIL3;TGM2;CAVIN1;FOXO3;SIAH2;KLF6;NDST1;MT1E;NOCT;PIM1;SAP30;ALDOA;SLC2A3;PRKCA;PPP1R15A;SERPINE1;TNFAIP3;SLC6A6;KLF7;FOSL2;PAM;ANKZF1;GYS1;ALDOC;NDST2;PHKG1;GAPDH;EXT1;VHL;EFNA1;PLIN2;GBE1;PRDX5;ENO1;PFKP;LDHA;GPI;MYH9;CXCR4;ENO3;TPI1;HDLBP;MT2A;TMEM45A;CITED2;P4HA2;SELENBP1;CDKN1B;TPST2;PDK1;BTG1;PDGFB;CHST2;JUN;XPNPEP1;NR3C1;CSRP2
IL2_STAT5_SIGNALING,0.00113139790424736,0.00307991651711781,0.144233372292081,0.336191570987696,1.56733001349085,177,Primary,14541,D1,positive mortality association,NDRG1;GABARAPL1;IL1R2;SPRED2;MAPKAPK2;IL1RL1;HIPK2;COCH;IL18R1;MAFF;FURIN;ADAM19;HK2;CCND3;IGF1R;CST7;CA2;SELP;IL4R;RRAGD;NFIL3;TGM2;RGS16;PHLDA1;KLF6;CKAP4;PIM1;DENND5A;PNP;SLC2A3;GADD45B;CSF1;AGER;GATA1;ALCAM;PLEC;SLC1A5;CCNE1;FAH;MXD1;IGF2R;WLS;PLIN2;SH3BGRL2;GPX4;MAP3K8;ENO3;DCPS;CDC6;ST3GAL4;BCL2L1;SMPDL3A
IL6_JAK_STAT3_SIGNALING,0.0405523255813954,0.0620957485465116,0.0852370970743609,0.346162801240736,1.40715872966855,72,Primary,14541,D1,positive mortality association,IL1R2;IL18R1;ITGB3;IL4R;PF4;ACVR1B;STAT3;PIM1;CD9;IL17RA;CSF1;IL17RB;IRF9;PIK3R5;IL10RB;TNFRSF12A;TGFB1;CSF3R;MAP3K8;IL1R1;TYK2;GRB2;IFNGR2;CSF2RA
INFLAMMATORY_RESPONSE,0.0111887217867393,0.0195802631267938,0.120674297088992,0.313141731778427,1.43927200728457,157,Primary,14541,D1,positive mortality association,EREG;IL18R1;LDLR;KIF1B;NFKBIA;ITGB3;RNF144B;IL4R;IL18RAP;RGS16;ACVR1B;EIF2AK2;HBEGF;KLF6;SLC7A1;HIF1A;GP1BA;CSF1;SERPINE1;INHBA;CD82;LCP2;GABBR1;PIK3R5;MXD1;C3AR1;OSM;PSEN1;CD55;MEFV;SRI;RGS1;RHOG;RELA;TIMP1;FZD5;CSF3R;PTPRE;PTGIR;IL1R1;GPR132;IFNGR2;IFITM1;NLRP3;IL18;IL10;OLR1;RAF1;CLEC5A;CHST2;C5AR1;IRAK2;TAPBP;CDKN1A;NFKB1;SEMA4D
INTERFERON_ALPHA_RESPONSE,0.95772289660946,0.95772289660946,0.00975322226415796,0.165856681234081,0.706478988183397,94,Primary,14541,D1,positive mortality association,GMPR;IL4R;EIF2AK2;CSF1;ADAR;IRF9;TMEM140;TRIM25;HELZ2;CMPK2;IFI27;IFITM1;SLC25A28;RNF31;PLSCR1;IFITM3;PARP9;IFITM2
INTERFERON_GAMMA_RESPONSE,0.31005971520441,0.389562206282464,0.0536439029062424,-0.19665484468899,-1.04906164042861,189,Primary,14541,D1,negative mortality association,FGL2;HLA-DRB1;HLA-DMA;IDO1;CD86;CXCL10;ST3GAL5;MARCHF1;SAMHD1;GZMA;P2RY14;LYSMD2;IRF8;AUTS2;CD74;PSMA2;CIITA;SLAMF7;GPR18;BANK1;GBP4;NUP93;CMKLR1;IL7;CD40;FCGR1A;HLA-DQA1;CASP8;IFI30;PTPN2;ITGB7;NOD1;PSME2;GBP6;VAMP5;CD38;IL15;PSMB2;IL2RB;TNFSF10;CFB;IL15RA;RIPK2;PSMB10;PSMA3;VAMP8;OAS2
KRAS_SIGNALING_DN,0.358771060455897,0.428775169813145,0.0247671651170033,0.254277063778008,1.05936849443096,82,Primary,14541,D1,positive mortality association,KLHDC8A;ZBTB16;PTGFR;STAG3;GTF3C5;GP1BA;BARD1;EGF;TFCP2L1;MAST3;MEFV;KMT2D;NR6A1;CCNA1;SKIL;HSD11B2;ASB7;SLC25A23;SERPINB2;CHST2;SNN;TCF7L1;KCND1;KRT1
KRAS_SIGNALING_UP,0.39801455989411,0.464350319876462,0.0220037088086317,0.22728004339673,1.02993776658778,142,Primary,14541,D1,positive mortality association,EREG;TRIB1;GADD45G;CA2;ARG1;TFPI;TOR1AIP2;RGS16;PLAU;HBEGF;PCSK1N;H2BC3;ANKH;PPP1R15A;TNFAIP3;INHBA;MMP9;TMEM158;CDADC1;ADAM8;C3AR1;PLEK2;MMD;GNG11;GYPC;PTBP2;CXCR4;LAT2;G0S2;AKT2;RETN;ID2;CSF2RA;NIN
MITOTIC_SPINDLE,2.44789910014528e-07,1.99911759845198e-06,0.213932663476247,0.40894633438661,1.9272094929931,193,Primary,14541,D1,positive mortality association,CNTROB;ARHGEF12;KIF1B;KIF3C;NCK2;TUBA4A;ESPL1;TLK1;CLASP1;PRC1;NF1;CTTN;CDC42EP1;RANBP9;SPTBN1;VCL;CSNK1D;KLC1;NET1;KIF4A;CLIP2;CDK5RAP2;PPP4R2;ARL8A;ANLN;KIF2C;CDC42BPA;PIF1;TPX2;BUB1;NUSAP1;PLEKHG2;BCR;CDC42EP4;BIRC5;PREX1;MARCKS;GSN;KIF11;WASF2;FLNB;CLIP1;FGD4;PLK1;TOP2A;PCNT;ITSN1;ARHGEF2;MYH9;MARK4;CCNB2;SSH2;PAFAH1B1;STAU1;MYO9B;RALBP1;CDK1;FLNA;PXN;MAP1S;RASA2;NIN;DYNLL2;OPHN1;NDC80;MYH10;MAP3K11;ARHGDIA;RACGAP1;HDAC6;CENPE;KIFAP3;CAPZB;EZR;KPTN;ACTN4;FBXO5;ABI1;AURKA;ARHGEF11;RHOT2;ARHGAP4;TUBD1;DLGAP5;SYNPO;RHOF;TTK;NEK2;TUBGCP2;ATG4B;ARAP3;PCGF5;KIF23;CDC42
MTORC1_SIGNALING,9.71622998408891e-05,0.000317396846146904,0.170659227573092,0.354567226661918,1.67681466463131,198,Primary,14541,D1,positive mortality association,DDIT3;SLC2A1;SLC7A11;DDIT4;LDLR;HK2;SLC7A5;VLDLR;TUBG1;PGM1;TUBA4A;PHGDH;MAP2K3;NFIL3;DHCR7;HMBS;ADIPOR2;CCNF;RRM2;TM7SF2;CD9;ALDOA;PNP;SLC2A3;PPP1R15A;IFRD1;SCD;SLC6A6;TFRC;CTH;BUB1;PSAT1;SLC1A5;G6PD;GSR;LGMN;CYP51A1;DHCR24;GAPDH;PLK1;ASNS;ETF1;GBE1;SQLE;SQSTM1;ENO1;LDHA;GPI;CXCR4;ELOVL6;TPI1;PLOD2;MCM2;NHERF1;PDAP1;SLA;GOT1;CDC25A;CORO1A;SKAP2;FKBP2;FADS1;PDK1;YKT6
MYC_TARGETS_V1,7.77610615484921e-05,0.000293099385836624,0.170659227573092,-0.308279512693004,-1.65291187067864,198,Primary,14541,D1,negative mortality association,G3BP1;NCBP1;DDX18;NCBP2;CLNS1A;DHX15;HDDC2;CCT4;HNRNPR;RSL1D1;RPL34;SRSF1;SRSF7;CUL1;PSMA4;STARD7;SYNCRIP;PSMA2;EIF3D;BUB3;HDAC2;NOP56;SSBP1;PWP1;NOP16;XRCC6;CCT7;HNRNPD;TUFM;RPL18;RPL22;PSMC6;SLC25A3;RPS10;PSMD14;ABCE1;RPS2;SET;COPS5;YWHAQ;ILF2;AIMP2;PSMB2;XPO1;MRPL9;PRDX3;CNBP;SNRPB2;EPRS1;RPL6;NDUFAB1;DEK;ACP1;EEF1B2;RPS3;CCT3;RPS5;EIF2S1;DUT;CSTF2;PHB1;TOMM70;TARDBP;SNRPA1;USP1
MYC_TARGETS_V2,0.0385412852595282,0.0609200960553833,0.101988395621134,-0.322559816204463,-1.39033805981555,57,Primary,14541,D1,negative mortality association,DDX18;PES1;UTP20;PRMT3;NOP56;TFB2M;NOP16;TBRG4;PPAN;WDR43;MPHOSPH10;TCOF1;AIMP2;NIP7;EXOSC5;NDUFAF4;PHB1;PUS1;NPM1;GRWD1;DCTPP1;RRP12;MYC;UNG;RABEPK;SORD;MAP3K6;LAS1L;IMP4;PPRC1;GNL3;NOP2;HSPD1;WDR74
MYOGENESIS,2.05159062121483e-05,0.00010897988164343,0.182442388419998,0.428005564702307,1.88175113813162,115,Primary,14541,D1,positive mortality association,COL6A3;ITGA7;KCNH2;ITGB5;ACHE;FOXO4;SPARC;CLU;HBEGF;FHL1;CKB;MYLK;KLF5;PFKM;SORBS1;ACSL1;SLC6A8;GADD45B;IFRD1;COL4A2;SCD;APP;PDLIM7;GSN;ATP6AP1;HDAC5;SMTN;NQO1;MEF2D;TGFB1;SVIL;KIFC3;MYH9;ENO3;AKT2;MEF2A;BAG1;SIRT2;FKBP1B;GPX3;MYH11;PTP4A3;CRAT;AK1;GABARAPL2;FLII;MYH3;MYO1C;CDKN1A;TPM3;MYL4;FGF2;MYL6B;GNAO1;NOTCH1;TNNI2;RIT1;PC
NOTCH_SIGNALING,0.292820650712557,0.377584523287245,0.0412797479600563,-0.309094949439259,-1.10402876638846,26,Primary,14541,D1,negative mortality association,LFNG;CUL1;DTX1;PSEN2;ST3GAL6;DTX4;MAML2;PPARD;KAT2A;ARRB1;FZD1
OXIDATIVE_PHOSPHORYLATION,2.57624245974542e-05,0.00011475989138866,0.182442388419998,-0.315279696574681,-1.69225185401553,200,Primary,14541,D1,negative mortality association,OXA1L;PDP1;NDUFB5;GLUD1;NDUFA9;LRPPRC;ATP5F1A;MRPS22;NDUFA5;PDK4;MDH1;MRPS30;OPA1;VDAC2;MRPL35;UQCRB;NNT;SLC25A20;TIMM9;ATP6V1G1;ATP5MC3;COX11;ACADSB;FH;DECR1;HCCS;ECHS1;ATP1B1;SDHD;UQCRC2;ATP5MC2;FDX1;SUCLA2;ATP5PO;SLC25A3;COX7C;NDUFS1;IDH1;NDUFS3;ATP5MG;ATP5PB;NDUFB4;MGST3;SLC25A5;NDUFB6;UQCRFS1;COX10;ACADM;ACAA2;PRDX3;ATP5PF;NDUFA8;IMMT;MRPL34;NDUFA4;NDUFAB1;ABCB7;SLC25A6;TOMM22;SURF1;NDUFB2;TOMM70;MTRR;TIMM8B;MRPL15;AIFM1;NDUFC2;IDH3B;SUCLG1;COX5B;HSD17B10;PDHX
P53_PATHWAY,0.00626514518825063,0.0127913380926784,0.129006250027651,0.313280093119827,1.46483150944111,181,Primary,14541,D1,positive mortality association,NDRG1;DDIT3;SLC7A11;ABHD4;HEXIM1;DDIT4;IER3;CCND3;ALOX15B;CDK5R1;ZBTB16;UPP1;INHBB;RGS16;ACVR1B;HBEGF;PDGFA;FOXO3;RALGDS;GPX2;SDC1;PPP1R15A;F2R;APP;CD82;STOM;TOB1;GADD45A;PLK3;MXD1;ABCC5;CTSD;MKNK2;TGFB1;RXRA;CEBPA;PTPRE;TSPYL2;SLC3A2;EPHX1;TSC22D1;NINJ1;PRMT2;BTG1;AK1;JUN;CYFIP2;CDKN1A;NUPR1;RHBDF2;H2AJ;TRIB3;VDR;TAX1BP3;POLH;RAB40C;NOTCH1;CSRNP2;IRAK1;SAT1;HSPA4L;GM2A;SERTAD3;KIF13B;H1-2;SPHK1;RNF19B;PIDD1;ISCU;HDAC3;BMP2;BTG2;PLK2;FAS;CDKN2B;FOS;APAF1;SLC19A2;SP1;MXD4;DGKA;RAD51C
PEROXISOME,0.650998159422342,0.708864662482105,0.015639407481569,0.215140362787855,0.90184891170298,86,Primary,14541,D1,positive mortality association,ABCB9;YWHAH;ACSL1;CLN8;DHCR24;FIS1;ABCC5;TOP2A;PRDX5;CTBP1;LONP2;SIAH1;CADM1;HSD11B2;STS;ACAA1;CRAT;FADS1;ATXN1;MVP
PI3K_AKT_MTOR_SIGNALING,0.0101877353388735,0.0184888530224001,0.120674297088992,0.354624944035962,1.50421203848169,92,Primary,14541,D1,positive mortality association,DDIT3;SLC2A1;E2F1;MAP2K3;RALB;MKNK1;ARF1;AKT1S1;AP2M1;PLA2G12A;CFL1;MKNK2;SQSTM1;CXCR4;MAP2K6;RPS6KA1;CAB39;GRB2;CDK1;SLA;CDKN1B;ARHGDIA;RAF1;PDK1;GRK2;PTPN11;UBE2D3;PFN1;CDKN1A;PRKCB;PRKAR2A;TRIB3;MAPK1;NFKBIB;CDK2;CSNK2B;RIT1;PTEN
PROTEIN_SECRETION,0.104710267705862,0.150905974046684,0.080861650980769,-0.260854007951176,-1.23209873589155,89,Primary,14541,D1,negative mortality association,SNX2;M6PR;CTSC;DOP1A;VPS45;COG2;ZW10;BET1;RAB22A;COPB2;SCAMP1;TMX1;USO1;AP3B1;SCAMP3;ARFIP1;SEC24D;MON2;ARFGEF2;PPT1;GOSR2;TMED10;ADAM10;ABCA1;SEC31A;SCRN1;STX12
REACTIVE_OXYGEN_SPECIES_PATHWAY,8.5365546931607e-05,0.000298779414260625,0.170659227573092,0.522783307757801,1.96501149954453,48,Primary,14541,D1,positive mortality association,PRDX2;CDKN2D;PDLIM1;GCLM;OXSR1;MPO;G6PD;GSR;SBNO2;NQO1;MSRA;PFKP;LAMTOR5;GPX4;EGLN2;JUNB;SRXN1;FTL;GPX3;FES
SPERMATOGENESIS,0.224709302325581,0.305854328165375,0.0337431773241498,0.283581742540227,1.1527654709282,72,Primary,14541,D1,positive mortality association,HSPA1L;BRAF;PCSK1N;KIF2C;PGS1;CLVS1;BUB1;GFI1;MAST2;PIAS2;AGFG1;JAM3;NCAPH;GSTM3;IP6K1;CCNB2;CCNA1;CSNK2A2;CDK1;ACRBP;CHFR;CDKN3;PRKAR2A;AURKA;SHE;TALDO1;TTK;NEK2;HSPA4L;SLC2A5
TGF_BETA_SIGNALING,0.0158560574282897,0.0259649626897009,0.111722689770913,0.409331776614081,1.53857561295416,48,Primary,14541,D1,positive mortality association,HIPK2;THBS1;FURIN;TGIF1;SPTBN1;PPP1R15A;SERPINE1;CDH1;SKI;RAB31;ID1;TGFB1;JUNB;SKIL;ID2;IFNGR2;PPM1A;SMAD1;UBE2D3
TNFA_SIGNALING_VIA_NFKB,1.14306445360761e-08,1.40025395566932e-07,0.23699961464824,0.443708571033706,2.06317725724089,173,Primary,14541,D1,positive mortality association,VEGFA;BCL6;ZC3H12A;KLF9;PER1;IRS2;AREG;MAFF;IER3;LDLR;ETS2;PLPP3;TRIB1;NFKBIA;TGIF1;PFKFB3;TNIP1;PNRC1;SDC4;MAP2K3;NFIL3;PLAU;HBEGF;PHLDA1;PTX3;KLF6;B4GALT5;DENND5A;TUBB2A;SLC2A3;PPP1R15A;GADD45B;CSF1;SERPINE1;TNFAIP3;INHBA;MARCKS;FOSL2;GADD45A;B4GALT1;MXD1;RCAN1;RELB;EFNA1;EHD1;BCL3;NFKB2;CFLAR;KDM6B;SQSTM1;RELA;BCL2A1;MAP3K8;PTPRE;G0S2;JUNB;NFAT5;ID2;IFNGR2;FOSB;IL18;SERPINB2;TSC22D1;NINJ1;CCNL1;OLR1;SPSB1;BTG1;SNN;JUN;DUSP2;LAMB3;CDKN1A;NFKB1;EGR1;CEBPD;SOCS3;TIPARP;ZFP36;DUSP1;EIF1;CEBPB;STAT5A;PANX1;BTG3;DNAJB4
UNFOLDED_PROTEIN_RESPONSE,0.67394288852279,0.717895685600363,0.014693778214554,0.20651890967767,0.89876793939978,109,Primary,14541,D1,positive mortality association,VEGFA;ERN1;DDIT4;ATF4;SLC7A5;WIPI1;TUBB2A;EXOSC4;PSAT1;SHC1;PDIA5;DNAJB9;ASNS
UV_RESPONSE_DN,0.00471330350307086,0.0104978123477487,0.129006250027651,0.352638595867987,1.55039591502803,115,Primary,14541,D1,positive mortality association,LDLR;PLPP3;VLDLR;IGF1R;TFPI;ITGB3;FHL2;LTBP1;PIAS3;PTGFR;MAP1B;SYNE1;GCNT1;MT1E;SLC7A1;KIT;CDC42BPA;PRKCA;SERPINE1;NFIB;APBB2;MGLL;PPARG;PRKCE;MAPK14;SRI;ID1;RXRA;PRKAR2B;ICA1;SCN8A
UV_RESPONSE_UP,0.00150474023881713,0.00368661358510196,0.144233372292081,0.362707652387857,1.61682753167734,127,Primary,14541,D1,positive mortality association,MAOA;FURIN;ALAS1;CCND3;NFKBIA;TUBA4A;CA2;KCNH2;CHKA;ARRB2;SLC6A8;ALDOA;TFRC;APOM;CCNE1;RET;CDC34;GRINA;ASNS;AGO2;PRKCD;SQSTM1;GGH;JUNB;FEN1;GRPEL1;PDAP1;GPX3;FOSB;EPHX1;HSPA13;BSG;WIZ;ACAA1;YKT6;BTG1;RXRB;AP2S1;UROD;DLG4;MARK2;ATP6V1C1;STARD3;NXF1;CDK2;BTG3;RAB27A;PRPF3;CYB5R1;ICAM1;DNAJA1;IL6ST;BMP2;BTG2;ATP6V1F;CLTB;PPIF;IRF1;CDKN2B;FOS;DNAJB1;PRKACA;H2AX;SULT1A1;CREG1;CLCN2;LYN;MGAT1
WNT_BETA_CATENIN_SIGNALING,0.32410514541387,0.397028803131991,0.0398557423668398,-0.287101434300431,-1.0839052513637,32,Primary,14541,D1,negative mortality association,SKP2;LEF1;CUL1;HDAC2;PSEN2;AXIN2;CCND2;PPARD;KAT2A;FZD1;PTCH1;MYC;NOTCH4;TP53
XENOBIOTIC_METABOLISM,0.0158969159324699,0.0259649626897009,0.111722689770913,0.31370097312857,1.41988837580449,141,Primary,14541,D1,positive mortality association,GABARAPL1;SMOX;MAOA;TPST1;ALAS1;ETS2;RAP1GAP;CA2;ARG1;HES6;UPP1;DDAH2;ARG2;PINK1;PGD;SERPINE1;SLC6A6;MARCHF6;SLC1A5;VNN1;ABCC3;GSR;FAH;CDA;SLC22A1;NQO1;PROS1;LPIN2;ESR1;PTGR1;MT2A;IL1R1;CES1;ID2;POR;ENTPD5;EPHX1;ASL;NINJ1;CSAD
ADIPOGENESIS,0.218881302521008,0.306433823529412,0.0322617382382484,0.242983122228335,1.1298720768249,170,PH_pass,14022,D1,positive mortality association,BCL6;ITGA7;GPAT4;PGM1;PFKFB3;DHCR7;CAVIN1;MYLK;SORBS1;ADIPOR2;ALDOA;ORM1;STOM;ADCY6;TOB1;SLC1A5;GADD45A;MGLL;FAH;PPARG;DNAJB9;CD151;PLIN2;GBE1;ITSN1;PIM3;BAZ2A;SLC25A10;GPX4;ELOVL6;MIGA2;GRPEL1;RETN;POR;GPX3;PPP1R15B;CAVIN2;CRAT;UCK1;RTN3;BCKDHA;SQOR;CDKN2C;TKT
ALLOGRAFT_REJECTION,1.8614616309921e-05,9.93875061733043e-05,0.182442388419998,-0.342345901678682,-1.78476052213601,166,PH_pass,14022,D1,negative mortality association,HLA-DMB;HLA-DRA;HLA-DMA;HLA-DOA;CD4;HDAC9;CTSS;LY86;CD86;TRAT1;EIF3A;CCR2;CD28;LTB;FCGR2B;GZMA;MRPL3;SIT1;CD40LG;LY75;CD1D;TNF;ACVR2A;IRF8;CD3G;RPS3A;CCR5;CD74;CD8B;FASLG;CD47;EIF3D;CD3E;GPR65;CD79A;CCR1;LCK;C2;IL7;CCL4;CD40;CD2;HLA-DQA1;IL27RA;CD8A;KLRD1;CD3D;HLA-DOB;IL1B;IL2RA;TAP2;ABCE1;RPL39;MAP3K7;CD247;CXCR3;MTIF2;IL15;ITK;IL2RB;APBB1;CRTAM;RIPK2;PSMB10;RPS19;TLR6
ANDROGEN_RESPONSE,0.0525782155272306,0.0831075019623967,0.0743880192035108,0.324591801355896,1.35374841695735,82,PH_pass,14022,D1,positive mortality association,NDRG1;CAMKK2;CCND3;FKBP5;ACTN1;CDC14B;ANKH;SCD;H1-0;ABCC4;GSR;DHCR24;B4GALT1;CENPN;DNAJB9;ELL2;PTK2B;ARID5B;SLC38A2;PA2G4;SRF;MERTK;TSC22D1;FADS1
ANGIOGENESIS,0.00196531785301623,0.00481502873988977,0.136831791314999,0.602106818084551,1.84411087857495,20,PH_pass,14022,D1,positive mortality association,VEGFA;FGFR1;PF4;FSTL1;PDGFA;PGLYRP1;APP;LRPAP1;TIMP1;PTK2;OLR1
APICAL_JUNCTION,4.62771873014023e-06,2.83447772221089e-05,0.193509375041476,0.43114277912185,1.92399023659438,126,PH_pass,14022,D1,positive mortality association,MYL9;TUBG1;ALOX15B;VWF;KCNH2;COL17A1;YWHAH;NF1;VCL;ACTN1;ADAM9;INPPL1;MADCAM1;MMP9;SYK;PIK3CB;IKBKG;MVD;RAC2;CDH1;SHC1;CLDN5;MAP4K2;RSU1;ZYX;ACTB;B4GALT1;CNN2;THBS3;SIRPA;ACTG1;MAPK14;JAM3;PCDH1;ARPC2;MYH9;FBN1;STX4;VASP;LDLRAP1;CD99;AKT2;GNAI2;PTK2;CAP1;CLDN9;MYH10;SKAP2;CRAT;CERCAM;ADAM15;PFN1;LAMB3
APICAL_SURFACE,0.293724115960497,0.388985991407145,0.0303464110082119,0.336752405128105,1.123732026065,28,PH_pass,14022,D1,positive mortality association,PCSK9;SLC2A4;ADIPOR2;APP;B4GALT1;GSTM3;FLOT2
APOPTOSIS,0.00112943050902195,0.00325541734953384,0.144233372292081,0.359922089263265,1.61783265681897,134,PH_pass,14022,D1,positive mortality association,EREG;DDIT3;DAP;TIMP3;IER3;ADD1;LMNA;CLU;ANKH;AVPR1A;GADD45B;F2R;CTH;HMGB2;H1-0;APP;GSN;GADD45A;CREBBP;GSR;PPP2R5B;PSEN1;ETF1;TOP2A;IGF2R;TNFRSF12A;CFLAR;SQSTM1;RELA;TIMP1;GPX4;WEE1;CCNA1;TIMP2;BCL2L1;PTK2;GPX3;BCAP31;CDKN1B;BCL2L2;EMP1;JUN;GPX1;CDKN1A;IFITM3;GSTM1;RHOT2;RARA;CAV1;GNA15;CDK2;HGF;BTG3;SAT1;BIK;SC5D
BILE_ACID_METABOLISM,0.58241109635532,0.601226993865031,0.0178681189437375,0.229109477994292,0.931720587068066,71,PH_pass,14022,D1,positive mortality association,BMP6;PECR;PFKM;ACSL1;GCLM;KLF1;ABCA6;ABCA5;TFCP2L1;DHCR24;PRDX5;RXRA;LONP2;ABCA3;FADS1;ATXN1;NEDD4;PIPOX;SLC27A2;PHYH
CHOLESTEROL_HOMEOSTASIS,5.56952252084371e-08,6.82266508803355e-07,0.228052985524998,0.579662803108683,2.29543967612367,62,PH_pass,14022,D1,positive mortality association,LDLR;STX5;PNRC1;NFIL3;DHCR7;CLU;CHKA;FABP5;TM7SF2;CD9;AVPR1A;SREBF2;SCD;MVD;ATF5;LGMN;GSTM2;CYP51A1;ALDOC;PPARG;TNFRSF12A;SQLE;ACTG1;FDFT1;ACAT2
COAGULATION,2.02831645251642e-05,9.93875061733043e-05,0.182442388419998,0.463036248411608,1.94887891378162,86,PH_pass,14022,D1,positive mortality association,THBS1;TIMP3;MMP1;MAFF;FURIN;VWF;GP9;ITGB3;PF4;SPARC;PLAU;CLU;P2RY1;ADAM9;WDR1;CD9;MMP8;GP1BA;SERPINE1;MMP9;KLF7;GSN;LGMN;PROS1;FN1;TIMP1;GNB2;FBN1;PEF1;CAPN5;F12;SIRT2;SERPINB2;CTSK;OLR1;PDGFB
COMPLEMENT,0.444767826432068,0.495309624890257,0.0202744207973598,0.218159613926045,1.00785742022589,163,PH_pass,14022,D1,positive mortality association,DGKH;PCSK9;MAFF;CDK5R1;GP9;CA2;CLU;HSPA1A;ADAM9;PIM1;MMP8;GP1BA;SERPINE1;TNFAIP3;COL4A2;ITGAM;LCP2;PIK3R5;LGMN;CDA;PSEN1;CTSD;PRKCD;CD55;EHD1;RHOG;FN1;TIMP1;GNB2;STX4;TIMP2;GRB2;GNAI2;LTF;SERPINB2;RBSN;OLR1;RAF1;CR1;PDGFB;PLSCR1;XPNPEP1;S100A12;PFN1
DNA_REPAIR,0.588957055214724,0.601226993865031,0.033872889366735,-0.187809579424811,-0.95220959990298,138,PH_pass,14022,D1,negative mortality association,NCBP2;ERCC5;RNMT;POLD3;ERCC8;NUDT21;GTF2H3;RAE1;POLR2C;NFX1;GTF2H1;NELFCD;POLR3C;ADA;GTF2H5;POLB;SNAPC5;UMPS;RALA;APRT;GSDME;ERCC3;REV3L;RPA3;POLR1H;LIG1;NT5C;CSTF3;CLP1;POLE4;ITPA;DDB2;POLR2D;SURF1;DUT
E2F_TARGETS,0.014990214193056,0.0244840165153249,0.120674297088992,0.295145871711785,1.39524896751028,197,PH_pass,14022,D1,positive mortality association,SPAG5;TUBG1;DIAPH3;ESPL1;AURKB;CDCA3;TRIP13;GINS4;MYBL2;CIT;CKS2;MCM6;MXD3;KIF4A;HMGB3;RRM2;KIF2C;TFRC;HMGB2;BARD1;BIRC5;PTTG1;CCNE1;PSMC3IP;DEPDC1;NUP153;CDC20;PLK1;TOP2A;SUV39H1;HMGA1;CDCA8;TCF19;NCAPD2;MAD2L1;KPNA2;E2F8;RAD51AP1;SPC24;ORC6;DCLRE1B;WEE1;CCNB2;CKS1B;PA2G4;MCM2;GINS3;DONSON;CDK1;PLK4;JPT1;CDC25A;UBE2S;CDKN1B;RACGAP1;BUB1B;GSPT1;UBE2T;STMN1;CENPE;RNASEH2A;CDKN2C;TK1;NAA38;GINS1;CDKN1A;MELK
EPITHELIAL_MESENCHYMAL_TRANSITION,4.96570902052635e-07,3.47599631436845e-06,0.209014013725794,0.464962265312162,2.05373905213924,117,PH_pass,14022,D1,positive mortality association,VEGFA;AREG;EFEMP2;MYL9;THBS1;COL6A3;TIMP3;MMP1;TPM4;SDC4;ITGB3;ITGB5;FSTL1;SPARC;TGM2;PTX3;MYLK;TPM1;SLC6A8;QSOX1;SDC1;GADD45B;SERPINE1;TNFAIP3;COL4A2;INHBA;LOXL1;GADD45A;PLOD1;TNFRSF12A;BASP1;TGFB1;FN1;TIMP1;FBN1;PLOD2;CADM1;ANPEP;FLNA;ID2
ESTROGEN_RESPONSE_EARLY,0.00653347903250901,0.0133391863580392,0.129006250027651,0.335850826996803,1.50982743402076,133,PH_pass,14022,D1,positive mortality association,SLC2A1;AREG;FOXC1;SLC7A5;IGF1R;TTC39A;FKBP5;TUBB2B;AMFR;FHL2;TGM2;ENDOD1;DHCR7;SIAH2;KCNK5;SLC24A3;KDM4B;SLC16A1;SEC14L2;UGCG;MREG;TOB1;RET;B4GALT1;FLNB;RAB31;FDFT1;RAPGEFL1;SVIL;ELF3;ANXA9;MAST4;MINDY1;ABCA3;NHERF1;BAG1;SH3BP5;AFF1;CHPT1;NADSYN1
ESTROGEN_RESPONSE_LATE,0.00472923559099664,0.0100753279982102,0.129006250027651,0.341020822739509,1.53306930445445,133,PH_pass,14022,D1,positive mortality association,AREG;FOXC1;SLC7A5;FKBP5;CA2;AMFR;DHCR7;CKB;SIAH2;FABP5;UNC13B;KCNK5;CD9;SLC24A3;SLC16A1;CDH1;TOB1;XRCC3;RET;FLNB;CDC20;TOP2A;RAB31;GFUS;FDFT1;RAPGEFL1;PLXNB1;PRKAR2B;ANXA9;CCNA1;ST6GALNAC2;ABCA3;CDC6;STIL;NHERF1;LTF;BAG1;ID2;PLK4;AFF1;CHPT1;RNASEH2A;TFF3;DUSP2;GALE;SLC27A2;MYB;ADD3;KIF20A;XBP1
FATTY_ACID_METABOLISM,0.45789763346175,0.498599645325017,0.0204298515001083,0.22367281579489,0.999367304302072,128,PH_pass,14022,D1,positive mortality association,GABARAPL1;MAOA;D2HGDH;CA4;CA2;YWHAH;KMT5A;ADIPOR2;ACSL1;DLST;ALDOA;GLUL;VNN1;MGLL;DHCR24;ACADVL;TP53INP2;ACAT2;PPARA;LDHA;ENO3;G0S2
G2M_CHECKPOINT,7.33056108281739e-08,7.18394986116104e-07,0.223445379541825,0.424115142196409,1.99221467292069,185,PH_pass,14022,D1,positive mortality association,E2F1;SLC7A5;ESPL1;UBE2C;AURKB;CENPA;KMT5A;POLQ;PRC1;CHAF1A;MYBL2;CKS2;MCM6;KIF4A;SLC7A1;CCNF;E2F3;HMGB3;SAP30;HIF1A;KIF2C;CDC45;TPX2;BUB1;NUSAP1;TFDP1;BARD1;EGF;BIRC5;PTTG1;NSD2;MARCKS;TNPO2;ATF5;KIF11;CCNA2;NUP98;KNL1;CDC20;PLK1;TOP2A;SUV39H1;HMGA1;RAD54L;BCL3;EXO1;RAD23B;SQLE;MAPK14;MAD2L1;KPNA2;E2F2;TLE3;TGFB1;ORC6;CCNB2;CKS1B;MEIS1;MCM2;PAFAH1B1;CDC6;STIL;CDK1;H2BC12;PLK4;LIG3;NDC80;JPT1;CDC25A;UBE2S;CDKN1B;RACGAP1;GSPT1;STMN1;TROAP;CENPE;TOP1;H2AZ2;CDKN2C
GLYCOLYSIS,0.000902717256804795,0.00276457159896468,0.151273237061354,0.351160786264897,1.62124827939309,161,PH_pass,14022,D1,positive mortality association,VEGFA;ABCB6;IRS2;DDIT4;SPAG4;IER3;TPST1;HK2;VLDLR;PKM;CENPA;RRAGD;B4GALT2;SAP30;QSOX1;ALDOA;SDC1;CTH;G6PD;PAM;ANKZF1;SLC16A3;B4GALT1;GYS1;B4GALT4;PLOD1;DEPDC1;EXT1;GFUS;CHPF;ENO1;ELF3;PFKP;SLC25A10;LDHA;PYGL;CXCR4;PLOD2;HDLBP;CDK1;CAPN5;PHKA2;CITED2;GOT1;CLDN9;MERTK;STMN1;CHST2;GCLC;TFF3;CYB5A;GALE;AK4;NOL3;KIF20A;AURKA;TALDO1;UGP2;RBCK1
HEDGEHOG_SIGNALING,0.0101071769479295,0.0198100668179418,0.120674297088992,0.530745166585886,1.68272979182854,23,PH_pass,14022,D1,positive mortality association,VEGFA;ETS2;VLDLR;CDK5R1;ACHE;TLE1;NF1
HEME_METABOLISM,5.88007463383575e-21,2.88123657057952e-19,0.376114619022809,0.571143017903326,2.68034838246823,182,PH_pass,14022,D1,positive mortality association,ABCB6;TMCC2;SLC2A1;SMOX;SLC7A11;RHAG;RHD;ANK1;TAL1;ARHGEF12;NARF;SPTB;CCND3;SLC6A9;RAP1GAP;ADD1;RANBP10;DMTN;CA2;OSBP2;EZH1;MPP1;DCAF11;SPTA1;MAP2K3;ENDOD1;HMBS;SLC25A37;FOXO3;KEL;CDR2;PRDX2;SLC66A2;UBAC1;SLC6A8;EPB42;GCLM;EIF2AK1;RHCE;MARCHF8;HDGF;PSMD9;KLF1;TFRC;GATA1;CA1;MARCHF2;H1-0;XPO7;MFHAS1;YPEL5;ACKR1;MARK3;PPP2R5B;NFE2;ATP6V0A1;ELL2;ASNS;ACSL6;FN3K;RBM38;RNF123;XK;BCAM;E2F2;TRIM58;LPIN2;GYPC;TNS1;FBXO34;PDZK1IP1;RAD23A;MBOAT2;H4C3;NUDT4;SLC4A1;ADIPOR1;CTNS;ALAD;CCDC28A;BSG;DCAF10;TSPO2;SELENBP1;ERMAP;SLC22A4;TOP1;PIGQ;GYPE;SLC10A3;GAPVD1;GCLC;FBXO9;NR3C1;GLRX5;HTRA2;UROD;FBXO7;MYL4;GDE1;TRIM10;TFDP2;KDM7A;RCL1;CPOX;TENT5C;PC;GYPB;ABCG2;HAGH;USP15;RBM5;RIOK3;MXI1;CLIC2;RNF19A
HYPOXIA,2.57365100181451e-13,6.30544495444554e-12,0.295590452937055,0.526677330544332,2.40742474465416,150,PH_pass,14022,D1,positive mortality association,VEGFA;NDRG1;IRS2;DDIT3;SLC2A1;JMJD6;DDIT4;NEDD4L;MAFF;IER3;HK2;VLDLR;PGM1;HK1;PFKFB3;PNRC1;SDC4;RRAGD;NFIL3;TGM2;CAVIN1;FOXO3;SIAH2;KLF6;NDST1;MT1E;NOCT;PIM1;SAP30;ALDOA;SLC2A3;PRKCA;PPP1R15A;SERPINE1;TNFAIP3;SLC6A6;KLF7;FOSL2;PAM;ANKZF1;GYS1;ALDOC;NDST2;PHKG1;GAPDH;EXT1;VHL;EFNA1;PLIN2;GBE1;PRDX5;ENO1;PFKP;LDHA;GPI;MYH9;CXCR4;ENO3;HDLBP;TMEM45A;CITED2;SELENBP1;CDKN1B;TPST2;PDK1;BTG1;PDGFB;CHST2;JUN;XPNPEP1;NR3C1;CSRP2
IL2_STAT5_SIGNALING,0.00191335206915965,0.00481502873988977,0.144233372292081,0.332916403070376,1.54806203943962,170,PH_pass,14022,D1,positive mortality association,NDRG1;GABARAPL1;IL1R2;SPRED2;MAPKAPK2;IL1RL1;HIPK2;IL18R1;MAFF;FURIN;ADAM19;HK2;CCND3;IGF1R;CST7;CA2;SELP;IL4R;RRAGD;NFIL3;TGM2;RGS16;PHLDA1;KLF6;CKAP4;PIM1;DENND5A;PNP;SLC2A3;GADD45B;CSF1;AGER;GATA1;PLEC;SLC1A5;CCNE1;FAH;MXD1
IL6_JAK_STAT3_SIGNALING,0.0614723744630425,0.0912771620814874,0.0693777189790397,0.338949952716434,1.36336647811113,67,PH_pass,14022,D1,positive mortality association,IL1R2;IL18R1;ITGB3;IL4R;PF4;ACVR1B;STAT3;PIM1;CD9;IL17RA;CSF1;IRF9;PIK3R5;IL10RB;TNFRSF12A;TGFB1;CSF3R;IL1R1;TYK2;GRB2;IFNGR2;CSF2RA;PTPN11;JUN;PTPN1;IL3RA;SOCS3;ACVRL1;CBL
INFLAMMATORY_RESPONSE,0.0112294501734914,0.0211631945577338,0.120674297088992,0.31762663284571,1.45186088545647,150,PH_pass,14022,D1,positive mortality association,EREG;IL18R1;LDLR;KIF1B;NFKBIA;ITGB3;RNF144B;IL4R;IL18RAP;RGS16;ACVR1B;EIF2AK2;HBEGF;KLF6;SLC7A1;HIF1A;GP1BA;CSF1;SERPINE1;INHBA;CD82;LCP2;GABBR1;PIK3R5;MXD1;C3AR1;OSM;PSEN1;CD55;MEFV;SRI;RGS1;RHOG;RELA;TIMP1;FZD5;CSF3R;PTPRE;PTGIR;IL1R1;GPR132;IFNGR2;NLRP3;IL10;OLR1;RAF1;CLEC5A;CHST2;C5AR1;IRAK2;TAPBP;CDKN1A;NFKB1;SEMA4D
INTERFERON_ALPHA_RESPONSE,0.95237414187643,0.95237414187643,0.010220654362064,0.167806829142033,0.714576397758637,92,PH_pass,14022,D1,positive mortality association,GMPR;IL4R;EIF2AK2;CSF1;ADAR;IRF9;TMEM140;TRIM25;HELZ2;CMPK2;IFI27
INTERFERON_GAMMA_RESPONSE,0.347542409743367,0.415355562864024,0.0489741949025186,-0.195737581354752,-1.03656135582228,186,PH_pass,14022,D1,negative mortality association,FGL2;HLA-DRB1;HLA-DMA;IDO1;CD86;CXCL10;ST3GAL5;MARCHF1;SAMHD1;GZMA;P2RY14;LYSMD2;IRF8;AUTS2;CD74;PSMA2;CIITA;SLAMF7;GPR18;BANK1;GBP4;NUP93;CMKLR1;IL7;CD40;FCGR1A;HLA-DQA1;CASP8;PTPN2;ITGB7;NOD1;PSME2;GBP6;VAMP5;CD38;IL15;PSMB2;IL2RB;TNFSF10;CFB;IL15RA;RIPK2;PSMB10;PSMA3;VAMP8;OAS2
KRAS_SIGNALING_DN,0.32395392914419,0.407019039181162,0.0269961855306423,0.260779326820622,1.08048860484428,79,PH_pass,14022,D1,positive mortality association,KLHDC8A;ZBTB16;PTGFR;STAG3;GTF3C5;GP1BA;BARD1;EGF;TFCP2L1;MAST3;MEFV;KMT2D;NR6A1;CCNA1;SKIL;HSD11B2;ASB7;SLC25A23;SERPINB2;CHST2;TCF7L1;KCND1;KRT1
KRAS_SIGNALING_UP,0.333784149310252,0.408885582905058,0.0252068792534422,0.235340081246304,1.06380684041455,138,PH_pass,14022,D1,positive mortality association,EREG;TRIB1;GADD45G;CA2;ARG1;TFPI;TOR1AIP2;RGS16;PLAU;HBEGF;PCSK1N;H2BC3;ANKH;PPP1R15A;TNFAIP3;INHBA;MMP9;TMEM158;CDADC1;ADAM8;C3AR1;PLEK2;MMD;GNG11;GYPC;PTBP2;CXCR4;LAT2;G0S2;AKT2;RETN;ID2;CSF2RA;NIN;SPRY2;EMP1;GPNMB;ALDH1A2;F13A1;PPBP
MITOTIC_SPINDLE,1.26612822107451e-07,1.03400471387752e-06,0.218740739393273,0.416898418376043,1.96223835556256,188,PH_pass,14022,D1,positive mortality association,CNTROB;ARHGEF12;KIF1B;KIF3C;NCK2;TUBA4A;ESPL1;TLK1;CLASP1;PRC1;NF1;CTTN;CDC42EP1;RANBP9;SPTBN1;VCL;CSNK1D;NET1;KIF4A;CLIP2;CDK5RAP2;PPP4R2;ARL8A;ANLN;KIF2C;CDC42BPA;PIF1;TPX2;BUB1;NUSAP1;PLEKHG2;BCR;CDC42EP4;BIRC5;PREX1;MARCKS;GSN;KIF11;WASF2;FLNB;CLIP1;FGD4;PLK1;TOP2A;PCNT;ITSN1;ARHGEF2;MYH9;MARK4;CCNB2;SSH2;PAFAH1B1;STAU1;MYO9B;RALBP1;CDK1;FLNA;PXN;MAP1S;RASA2;NIN;DYNLL2;OPHN1;NDC80;MYH10;MAP3K11;ARHGDIA;RACGAP1;HDAC6;CENPE;KIFAP3;CAPZB;EZR;KPTN;ACTN4;FBXO5;ABI1;AURKA;ARHGEF11;RHOT2;ARHGAP4;TUBD1;DLGAP5;SYNPO;RHOF;TTK;NEK2;TUBGCP2;ATG4B;ARAP3;PCGF5;KIF23;CDC42
MTORC1_SIGNALING,9.19860771644652e-05,0.000321951270075628,0.170659227573092,0.361248341212062,1.7020151060519,190,PH_pass,14022,D1,positive mortality association,DDIT3;SLC2A1;SLC7A11;DDIT4;LDLR;HK2;SLC7A5;VLDLR;TUBG1;PGM1;TUBA4A;PHGDH;MAP2K3;NFIL3;DHCR7;HMBS;ADIPOR2;CCNF;RRM2;TM7SF2;CD9;ALDOA;PNP;SLC2A3;PPP1R15A;IFRD1;SCD;SLC6A6;TFRC;CTH;BUB1;PSAT1;SLC1A5;G6PD;GSR;LGMN;CYP51A1;DHCR24;GAPDH;PLK1;ASNS;ETF1;GBE1;SQLE;SQSTM1;ENO1;LDHA;GPI;CXCR4;ELOVL6;PLOD2;MCM2;NHERF1;PDAP1;SLA;GOT1;CDC25A;CORO1A;SKAP2;FADS1;PDK1;YKT6
MYC_TARGETS_V1,0.000171090197330756,0.000558894644613803,0.164451346566605,-0.30659504863028,-1.63026726403317,190,PH_pass,14022,D1,negative mortality association,G3BP1;NCBP1;DDX18;NCBP2;CLNS1A;DHX15;HDDC2;CCT4;HNRNPR;RSL1D1;RPL34;SRSF1;SRSF7;CUL1;PSMA4;STARD7;SYNCRIP;PSMA2;EIF3D;BUB3;HDAC2;NOP56;PWP1;NOP16;XRCC6;CCT7;HNRNPD;TUFM;RPL18;RPL22;PSMC6;SLC25A3;RPS10;PSMD14;ABCE1;RPS2;SET;COPS5;YWHAQ;ILF2;AIMP2;PSMB2;XPO1;MRPL9;PRDX3;CNBP;SNRPB2;EPRS1;NDUFAB1;DEK;ACP1;EEF1B2;RPS3;CCT3;RPS5;EIF2S1;DUT;CSTF2;PHB1;TOMM70;TARDBP;SNRPA1;USP1
MYC_TARGETS_V2,0.0590154211150652,0.0903673635824437,0.101377203467264,-0.317986477751818,-1.35877484190659,56,PH_pass,14022,D1,negative mortality association,DDX18;PES1;UTP20;PRMT3;NOP56;TFB2M;NOP16;TBRG4;PPAN;WDR43;MPHOSPH10;TCOF1;AIMP2;NIP7;EXOSC5;NDUFAF4;PHB1;PUS1;NPM1;GRWD1;DCTPP1;RRP12;MYC;UNG;RABEPK;MAP3K6;LAS1L;IMP4;PPRC1;GNL3;NOP2;HSPD1;WDR74
MYOGENESIS,2.45244758555194e-05,0.000109245392447314,0.182442388419998,0.429772898816204,1.88285131319601,111,PH_pass,14022,D1,positive mortality association,COL6A3;ITGA7;KCNH2;ITGB5;ACHE;FOXO4;SPARC;CLU;HBEGF;FHL1;CKB;MYLK;KLF5;PFKM;SORBS1;ACSL1;SLC6A8;GADD45B;IFRD1;COL4A2;SCD;APP;PDLIM7;GSN;ATP6AP1;SMTN;NQO1;MEF2D;TGFB1;SVIL;KIFC3;MYH9;ENO3;AKT2;MEF2A;BAG1;SIRT2;FKBP1B;GPX3;MYH11;PTP4A3;CRAT;AK1;GABARAPL2;FLII;MYH3;MYO1C;CDKN1A;TPM3;MYL4;FGF2;GNAO1;NOTCH1;TNNI2;RIT1;PC
NOTCH_SIGNALING,0.439477124183007,0.495309624890257,0.0321000773527401,-0.284102934310754,-1.00265286804461,25,PH_pass,14022,D1,negative mortality association,LFNG;CUL1;DTX1;PSEN2;ST3GAL6;MAML2;PPARD;KAT2A;ARRB1;FZD1
OXIDATIVE_PHOSPHORYLATION,4.22452202105927e-05,0.000159231983870696,0.17664908299824,-0.322227728388871,-1.70641125077023,186,PH_pass,14022,D1,negative mortality association,OXA1L;PDP1;NDUFB5;GLUD1;NDUFA9;LRPPRC;ATP5F1A;MRPS22;NDUFA5;PDK4;MDH1;MRPS30;OPA1;VDAC2;MRPL35;UQCRB;NNT;SLC25A20;TIMM9;ATP6V1G1;ATP5MC3;COX11;ACADSB;FH;DECR1;HCCS;ECHS1;ATP1B1;SDHD;UQCRC2;ATP5MC2;FDX1;SUCLA2;ATP5PO;SLC25A3;COX7C;NDUFS1;IDH1;NDUFS3;ATP5PB;MGST3;SLC25A5;NDUFB6;UQCRFS1;COX10;ACADM;ACAA2;PRDX3;NDUFA8;IMMT;MRPL34;NDUFA4;NDUFAB1;ABCB7;SLC25A6;TOMM22;SURF1;NDUFB2;TOMM70;MTRR;TIMM8B;MRPL15;AIFM1;IDH3B;SUCLG1;COX5B;HSD17B10;PDHX
P53_PATHWAY,0.00377590489376926,0.00840996999066788,0.136831791314999,0.322977841023479,1.50547525669146,173,PH_pass,14022,D1,positive mortality association,NDRG1;DDIT3;SLC7A11;ABHD4;HEXIM1;DDIT4;IER3;CCND3;ALOX15B;CDK5R1;ZBTB16;UPP1;RGS16;ACVR1B;HBEGF;PDGFA;FOXO3;RALGDS;GPX2;SDC1;PPP1R15A;F2R;APP;CD82;STOM;TOB1;GADD45A;PLK3;MXD1;ABCC5;CTSD;MKNK2;TGFB1;RXRA;CEBPA;PTPRE;TSPYL2;SLC3A2
PEROXISOME,0.432718827115692,0.495309624890257,0.0221405126265323,0.243531453163228,1.0133960339369,81,PH_pass,14022,D1,positive mortality association,ABCB9;YWHAH;ACSL1;CLN8;DHCR24;FIS1;ABCC5;TOP2A;PRDX5;CTBP1;LONP2;SIAH1;CADM1;HSD11B2;STS;ACAA1;CRAT;FADS1;ATXN1;MVP
PI3K_AKT_MTOR_SIGNALING,0.0127148672897792,0.0222835402808059,0.120674297088992,0.353153022776524,1.4979962688043,90,PH_pass,14022,D1,positive mortality association,DDIT3;SLC2A1;E2F1;MAP2K3;RALB;MKNK1;ARF1;AKT1S1;AP2M1;PLA2G12A;CFL1;MKNK2;SQSTM1;CXCR4;MAP2K6;RPS6KA1;CAB39;GRB2;CDK1;SLA;CDKN1B;ARHGDIA;RAF1;PDK1;GRK2;PTPN11;UBE2D3;PFN1;CDKN1A;PRKCB;PRKAR2A;TRIB3;NFKBIB;CDK2;CSNK2B;RIT1;PTEN
PROTEIN_SECRETION,0.0817733990147783,0.117849898580122,0.0903747338112327,-0.267787012441706,-1.25223897521828,87,PH_pass,14022,D1,negative mortality association,SNX2;M6PR;CTSC;DOP1A;VPS45;COG2;ZW10;BET1;RAB22A;COPB2;SCAMP1;TMX1;USO1;AP3B1;SCAMP3;ARFIP1;SEC24D;MON2;ARFGEF2;PPT1;GOSR2;TMED10;ADAM10;ABCA1;SEC31A;SCRN1;STX12
REACTIVE_OXYGEN_SPECIES_PATHWAY,3.58755412817451e-05,0.000146491793567126,0.17664908299824,0.540297379893061,2.02290809417902,47,PH_pass,14022,D1,positive mortality association,PRDX2;CDKN2D;PDLIM1;GCLM;OXSR1;MPO;G6PD;GSR;SBNO2;NQO1;MSRA;PFKP;LAMTOR5;GPX4;EGLN2;JUNB;SRXN1;FTL;GPX3;FES
SPERMATOGENESIS,0.302408036637613,0.389947205137974,0.0284413754423405,0.270969635606592,1.09573625552817,69,PH_pass,14022,D1,positive mortality association,HSPA1L;BRAF;PCSK1N;KIF2C;PGS1;CLVS1;BUB1;GFI1;MAST2;PIAS2;AGFG1;JAM3;NCAPH;GSTM3;CCNB2;CCNA1;CSNK2A2;CDK1;ACRBP;CHFR;PRKAR2A;AURKA;SHE;TALDO1;TTK;NEK2;HSPA4L;SLC2A5
TGF_BETA_SIGNALING,0.012733451589032,0.0222835402808059,0.120674297088992,0.417806344385983,1.56429378951465,47,PH_pass,14022,D1,positive mortality association,HIPK2;THBS1;FURIN;TGIF1;SPTBN1;PPP1R15A;SERPINE1;CDH1;SKI;RAB31;ID1;TGFB1;JUNB;SKIL;ID2;IFNGR2;PPM1A;SMAD1;UBE2D3
TNFA_SIGNALING_VIA_NFKB,1.52960082559848e-08,2.49834801514419e-07,0.232569324665012,0.44305958222353,2.05703925505784,169,PH_pass,14022,D1,positive mortality association,VEGFA;BCL6;ZC3H12A;KLF9;PER1;IRS2;AREG;MAFF;IER3;LDLR;ETS2;PLPP3;TRIB1;NFKBIA;TGIF1;PFKFB3;TNIP1;PNRC1;SDC4;MAP2K3;NFIL3;PLAU;HBEGF;PHLDA1;PTX3;KLF6;B4GALT5;DENND5A;TUBB2A;SLC2A3;PPP1R15A;GADD45B;CSF1;SERPINE1;TNFAIP3;INHBA;MARCKS;FOSL2;GADD45A;B4GALT1;MXD1;RCAN1;RELB;EFNA1;EHD1;BCL3;NFKB2;CFLAR;KDM6B;SQSTM1;RELA;BCL2A1;PTPRE;G0S2;JUNB;NFAT5;ID2;IFNGR2;FOSB;SERPINB2;TSC22D1;NINJ1;CCNL1;OLR1;SPSB1;BTG1;JUN;DUSP2;LAMB3;CDKN1A;NFKB1;EGR1;CEBPD;SOCS3;TIPARP;ZFP36;DUSP1;EIF1;CEBPB;STAT5A;PANX1;BTG3;DNAJB4
UNFOLDED_PROTEIN_RESPONSE,0.569811320754717,0.601226993865031,0.0173911171961058,0.217842793012441,0.947551322607019,106,PH_pass,14022,D1,positive mortality association,VEGFA;ERN1;DDIT4;ATF4;SLC7A5;WIPI1;TUBB2A;EXOSC4;PSAT1;SHC1;PDIA5;DNAJB9;ASNS
UV_RESPONSE_DN,0.00295487346922386,0.00689470476152234,0.136831791314999,0.361171151742163,1.58673583991531,113,PH_pass,14022,D1,positive mortality association,LDLR;PLPP3;VLDLR;IGF1R;TFPI;ITGB3;FHL2;LTBP1;PIAS3;PTGFR;MAP1B;SYNE1;GCNT1;MT1E;SLC7A1;KIT;CDC42BPA;PRKCA;SERPINE1;NFIB;APBB2;MGLL;PPARG;PRKCE;MAPK14;SRI;ID1;RXRA;PRKAR2B;ICA1;SCN8A
UV_RESPONSE_UP,0.0013679813719483,0.00372394929030371,0.144233372292081,0.368166617655249,1.63597466720957,122,PH_pass,14022,D1,positive mortality association,MAOA;FURIN;ALAS1;CCND3;NFKBIA;TUBA4A;CA2;KCNH2;CHKA;ARRB2;SLC6A8;ALDOA;TFRC;APOM;CCNE1;RET;CDC34;GRINA;ASNS;AGO2;PRKCD;SQSTM1;GGH;JUNB;FEN1;GRPEL1;PDAP1;GPX3;FOSB;HSPA13;BSG;WIZ;ACAA1;YKT6;BTG1;RXRB;AP2S1;UROD;DLG4;MARK2;ATP6V1C1;STARD3;NXF1;CDK2;BTG3;RAB27A;PRPF3;CYB5R1;ICAM1;DNAJA1;IL6ST;BMP2;ATP6V1F;CLTB;PPIF;IRF1;CDKN2B;FOS;DNAJB1;PRKACA;H2AX;SULT1A1;CREG1;CLCN2;LYN;MGAT1
WNT_BETA_CATENIN_SIGNALING,0.273148148148148,0.371784979423868,0.0432209656406866,-0.30658123581264,-1.12724767179889,30,PH_pass,14022,D1,negative mortality association,SKP2;LEF1;CUL1;HDAC2;PSEN2;AXIN2;PPARD;KAT2A;FZD1;PTCH1;MYC;NOTCH4;TP53
XENOBIOTIC_METABOLISM,0.014609958143414,0.0244840165153249,0.120674297088992,0.318245957277096,1.43631945079474,137,PH_pass,14022,D1,positive mortality association,GABARAPL1;SMOX;MAOA;TPST1;ALAS1;ETS2;RAP1GAP;CA2;ARG1;HES6;UPP1;DDAH2;ARG2;PINK1;PGD;SERPINE1;SLC6A6;MARCHF6;SLC1A5;VNN1;ABCC3;GSR;FAH;CDA;SLC22A1;NQO1;PROS1;LPIN2;ESR1;PTGR1;IL1R1;CES1;ID2;POR;ENTPD5;ASL;NINJ1;CSAD
ADIPOGENESIS,3.13455109688284e-05,0.000146916485242521,0.17664908299824,0.414258522557968,1.6767252755465,176,Primary,14541,D3,positive mortality association,PFKFB3;GADD45A;STOM;PGM1;SQOR;POR;DHCR7;PPARG;BCL6;RTN3;LPCAT3;ALDOA;CAVIN1;TKT;DHRS7B;ITGA7;GBE1;DHRS7;SDHC;TALDO1;ARAF;RETN;IFNGR1;GRPEL1;SULT1A1;PIM3;TOB1;ORM1;ACOX1;GPAT4;FAH;CAT;CD151;CCNG2;SUCLG1;CDKN2C;GPD2;PPM1B;STAT5A;PLIN2;UBC;UQCR10;SLC1A5;ADIPOR2;PPP1R15B;TST;SOD1;ARL4A;DGAT1;PRDX3;NABP1;UQCRC1;DLD;COX6A1;GHITM;MIGA2;BCKDHA;ELMOD3;GPX4;YWHAG;BCL2L13;UQCR11;CHUK;COX8A;CYC1;SLC25A10;ITSN1;ECH1;UBQLN1;RNF11;PREB;TANK;SORBS1;CMBL;SLC19A1;APLP2;RIOK3;COX7B;DNAJB9;NMT1;MGST3;CRAT;ABCB8;IDH3G;SLC25A1;UCK1;ACO2;ESRRA;RETSAT;SDHB;NDUFAB1;REEP5;RAB34
ALLOGRAFT_REJECTION,0.415831244778613,0.473854209166327,0.0177379118260413,0.256484924111645,1.03547664157462,169,Primary,14541,D3,positive mortality association,MMP9;NCF4;CCND3;IL18RAP;DEGS1;IL4R;FGR;BCL3;UBE2D1;GCNT1;SPI1;IFNGR2;HIF1A;LCP2;CAPG;LYN;CSF1;IRF7;ELF4;IL10;CCR1;TIMP1;TGFB1;IFNGR1;IL16;SRGN;PTPN6;IL18;WAS;JAK2;EIF4G3;FYB1;CSK;TLR1;NLRP3;HCLS1;CFP;ACHE;ABI1
ANDROGEN_RESPONSE,0.0523000787313013,0.0854234619277922,0.0653662929462658,0.361098484260232,1.35536556373208,86,Primary,14541,D3,positive mortality association,NDRG1;CCND3;SLC38A2;IDI1;GSR;MYL12A;UBE2J1;ACTN1;SRF;SELENOP;PTK2B;SAT1;CAMKK2;FKBP5;ACSL3;VAPA;PA2G4;H1-0;MERTK;HPGD;ELOVL5;ADRM1;PDLIM5;ARID5B;DHCR24;SEC24D;STEAP4;ELL2;ABCC4;RRP12;TMEM50A
ANGIOGENESIS,0.274886575927409,0.345370313344693,0.0283282910897541,0.395078987834706,1.15798748341859,22,Primary,14541,D3,positive mortality association,PGLYRP1;LRPAP1;JAG1;VEGFA;TIMP1;SPP1;S100A4;PDGFA;FGFR1;APP;FSTL1;THBD
APICAL_JUNCTION,0.0023551332691248,0.00589763986940079,0.136831791314999,0.390397137885895,1.53755789352425,131,Primary,14541,D3,positive mortality association,MMP9;MAPK14;CAP1;SKAP2;RAC2;SIRPA;ADAM9;VASP;ARPC2;COL17A1;LAMB3;ACTB;CNN2;PIK3CB;ACTG1;ACTN1;PFN1;TUBG1;PTEN;RSU1;ZYX;MADCAM1;MAP3K20;ADAM15;ALOX15B;GNAI2;FYB1;KCNH2;YWHAH;MYL12B;MPZL2;CDH1;NECTIN2;IKBKG;ICAM5;THBS3;MAPK13;PBX2;SHC1;CLDN15;AKT2;NF1;ITGA9;GTF2F1;NECTIN1;STX4;INPPL1;SYK;MYH10;FBN1
APICAL_SURFACE,0.528003089996138,0.574936697995794,0.0173049870197193,0.309021987191867,0.961700309341919,29,Primary,14541,D3,positive mortality association,FLOT2;LYN;PCSK9;EPHB4;ADIPOR2;SLC2A4;GSTM3;APP;PLAUR;B4GALT1;CRYBG1
APOPTOSIS,0.000762218464644702,0.00219698263338767,0.151273237061354,0.401900728782297,1.59235433803805,140,Primary,14541,D3,positive mortality association,GADD45A;GADD45B;CDKN1B;GSR;IER3;IFITM3;PPP2R5B;RNASEL;HMGB2;GSN;HGF;BMP2;CCNA1;CD44;TIMP2;BIK;DAP;RARA;TIMP1;IFNGR1;CLU;SAT1;CASP4;DDIT3;ANXA1;BCAP31;TSPO;IL18;BTG2;RHOB;H1-0;CTNNB1;TNFRSF12A;EMP1;BCL2L1;DPYD;ADD1;PSEN1;GPX1;SOD1;IGF2R;TNFSF10;LGALS3;RELA;IRF1;CFLAR;GNA15;NEDD9;HMOX1;CASP9;ETF1;SQSTM1;CTH;GPX4;DNAJC3;ROCK1;CREBBP;BAX;APP;BCL10;CAV1;DNAJA1;CASP1;PPT1;TAP1;ATF3;TOP2A;LMNA;BCL2L2
BILE_ACID_METABOLISM,0.18175598631699,0.247390092487014,0.033136616625146,0.325748757035735,1.20251785211713,75,Primary,14541,D3,positive mortality association,ACSL1;GCLM;PECR;IDI1;AQP9;HSD3B7;ATXN1;NEDD4;KLF1;PEX19;CAT;PRDX5;ABCA2;RXRA;SULT1B1;SOD1;FADS2
CHOLESTEROL_HOMEOSTASIS,3.77539697088191e-05,0.000154162042977678,0.17664908299824,0.519327583492888,1.88552068960104,67,Primary,14541,D3,positive mortality association,PLSCR1;STX5;NFIL3;DHCR7;PPARG;IDI1;PNRC1;S100A11;ACTG1;JAG1;FBXO6;CLU;FDFT1;TM7SF2;LDLR;ABCA2;ATF5;CTNNB1;NIBAN1;TNFRSF12A;ACSS2;ETHE1;MVK;FADS2;LGALS3;PDK3;TP53INP1;PLAUR;ECH1;CYP51A1;CPEB2;ALCAM;ATF3;TRIB3;SQLE;PCYT2;CD9;FABP5;LSS;FDPS;GUSB;SCD;ACAT2;ANXA5;CHKA;LPL;ANTXR2;HMGCR;NSDHL;TMEM97;SREBF2
COAGULATION,0.00500853392272047,0.0102257567588876,0.129006250027651,0.412051547356855,1.54882048481349,87,Primary,14541,D3,positive mortality association,MMP9;MMP8;FURIN;MSRB2;RABIF;PEF1;ADAM9;GNB2;WDR1;ARF4;GSN;SERPINB2;PLAU;SERPINA1;F12;KLF7;TIMP1;CLU;ANXA1;MAFF;F8;CTSB;PLEK;P2RY1;THBS1;SIRT2;MST1;LAMP2;C1R;CASP9;FBN1;ISCU;GP9;GP1BA;SERPINE1;CAPN5;RAC1;SPARC;SH2B2;THBD
COMPLEMENT,4.78457396882341e-06,4.68888248944695e-05,0.193509375041476,0.439376511053586,1.77384349442115,169,Primary,14541,D3,positive mortality association,PLSCR1;S100A9;S100A12;HSPA1A;PIM1;ITGAM;RHOG;CDK5R1;PIK3CG;CDA;MSRB1;F5;MMP8;CR1;CD55;GCA;CXCL1;RABIF;ADAM9;CTSD;GNB2;CA2;CD59;CEBPB;LCP2;LYN;PCSK9;PFN1;TIMP2;SERPINB2;IRF7;IRF2;SERPINA1;PRKCD;TIMP1;CLU;CASP4;EHD1;COL4A2;VCPIP1;GNAI2;GNG2;MAFF;F8;CTSB;GPD2;WAS;JAK2;PRSS36;FCER1G;PLEK;RAF1;PSEN1;LTF;PPP4C;PLA2G4A;LAMP2;C1R;LGALS3;IRF1;STX4;USP15;GMFB;CALM1;GRB2;CASP9
DNA_REPAIR,0.247479571261806,0.319118394521803,0.0261646745163845,0.282892062922648,1.1248904631748,144,Primary,14541,D3,positive mortality association,CDA;STX3;SUPT4H1;PNP;GMPR2;GTF2B;DCTN4;SDCBP;CANT1;GTF3C5;VPS37B;NT5C3A;TSG101;NME4;POLR2J;BCAM;BCAP31;EIF1B;TAF10;AGO4;TK2;POLD4;RBX1;ELL;VPS28;HCLS1;CMPK2;POLL;CETN2;TAF13;DAD1;MPC2;ADRM1;GTF2F1;RFC2;AK1;BRF2;TYMS;TAF12;GPX4;ARL6IP1;GUK1;POLR2G;DGUOK
E2F_TARGETS,0.984520123839009,0.984520123839009,0.079670326613859,-0.144563706476646,-0.802426409097604,200,Primary,14541,D3,negative mortality association,RAD1;SYNCRIP;RBBP7;PSIP1;MRE11;PMS2;NOP56;SMC1A;MLH1;NASP;TMPO;RFC1;LIG1;POLE;LUC7L3;CBX5
EPITHELIAL_MESENCHYMAL_TRANSITION,0.0163109873394323,0.0308139097121346,0.111722689770913,0.366659124292084,1.43016531254376,119,Primary,14541,D3,positive mortality association,GADD45A;GADD45B;BASP1;LOXL1;CXCL1;LGALS1;CD59;TGM2;QSOX1;CAPG;VIM;CD44;VEGFA;TIMP1;TGFB1;SAT1;TPM1;COL4A2;PLOD1;SERPINE2;SLC6A8;RHOB;SPP1;PCOLCE2;PTX3;TNFRSF12A;ANPEP;THBS1;AREG;TPM4;COLGALT1;SDC4;FBN2;ACTA2;COPA;INHBA;FBN1;CXCL8;EFEMP2;SERPINE1;COL7A1;ITGB5;PLAUR;FSTL1;SPARC;ID2;SDC1;SFRP4;PFN2
ESTROGEN_RESPONSE_EARLY,0.00282589247098319,0.0062940332308262,0.136831791314999,0.382009915289581,1.51810455877095,143,Primary,14541,D3,positive mortality association,SLC2A1;UGCG;FOXC1;DHCR7;DLC1;RAB31;KAZN;AFF1;TGM2;TTC39A;TIPARP;CANT1;SLC7A5;CD44;RARA;SLC24A3;SH3BP5;AMFR;CHPT1;IGF1R;ADD3;FDFT1;FOS;TOB1;MINDY1;FKBP5;TFF3;JAK2;BLVRB;ELF3;ALDH3B1;BAG1;NHERF1;FHL2;FLNB;SIAH2;NADSYN1;KDM4B;GAB2;GLA;AREG;CISH;TUBB2B;SVIL;ELOVL5;MAST4;INHBB;MICB
ESTROGEN_RESPONSE_LATE,0.00272041454635251,0.0062940332308262,0.136831791314999,0.384057614285109,1.52165886838863,140,Primary,14541,D3,positive mortality association,S100A9;FOXC1;DHCR7;RAB31;ATP2B4;AFF1;CA2;CCNA1;ST6GALNAC2;ZFP36;SLC7A5;CD44;IMPA2;SERPINA1;SLC24A3;GFUS;AMFR;CHPT1;ADD3;FDFT1;FOS;TOB1;STIL;FKBP5;TFF3;PTPN6;SNX10;JAK2;BLVRB;ALDH3B1;BAG1;NHERF1;CKB;FLNB;CDH1;SIAH2;GLA;BATF;LTF;AREG;TST;CISH
FATTY_ACID_METABOLISM,0.0163502378064388,0.0308139097121346,0.111722689770913,0.357438121335709,1.40775059951087,131,Primary,14541,D3,positive mortality association,ACSL1;CA4;IDI1;LDHA;LGALS1;ALDOA;GLUL;GABARAPL1;CA2;UROD;ACSL4;HSDL2;SDHC;KMT5A;ACAA1;VNN1;ACOX1;ALAD;SUCLG1;GPD2;EHHADH;MAOA;YWHAH;PRDX6;ACOT8;ADIPOR2;GCDH;G0S2;HPGD;HADHB;ACADVL;ELOVL5;DLD;CPOX;H2AZ1;DHCR24
G2M_CHECKPOINT,0.119166148102054,0.171739448735312,0.0400515076935877,0.294719827920658,1.20086831184125,191,Primary,14541,D3,positive mortality association,MAPK14;PRMT5;JPT1;CDKN1B;MARCKS;E2F3;BCL3;RAD23B;LBR;E2F2;TFDP1;LMNB1;HIF1A;PRC1;DR1;SLC7A5;E2F4;KMT5A;BIRC5;TPX2;BARD1;TGFB1;KPNB1;TLE3;AURKA;MAP3K20;UBE2C;STIL;TROAP;HIRA;CDKN2C;SAP30;ATF5;UBE2S;H2BC12;CDKN3;KIF15;CHMP1A;TACC3;AURKB;POLQ;MKI67;PTTG1;CKS2;CBX1;CENPA;CCNA2;SUV39H1;KIF4A;H2AZ1;NEK2;HMGB3;MEIS1;CDC25A;CDC20;PML;KIF2C;KIF11;RAD21;CDC45;CDK1;HMGA1;NUP50;RACGAP1;CUL3;TOP1;H2AX;EXO1;E2F1;NUP98
GLYCOLYSIS,0.0024071999466942,0.00589763986940079,0.136831791314999,0.36975433218355,1.49070933343625,166,Primary,14541,D3,positive mortality association,PYGL;TGFA;RRAGD;EXT1;LDHA;G6PD;IER3;PKM;ALDOA;HK2;ABCB6;NOL3;TXN;NDST3;CITED2;TPST1;QSOX1;IRS2;CD44;SLC16A3;BIK;SDHC;VEGFA;CHST2;TALDO1;VLDLR;GFUS;PGK1;AURKA;ENO1;PHKA2;PGM2;PAM;UGP2;TFF3;PLOD1;PKP2;GLRX;B4GALT4;ELF3;SAP30;MERTK;SOD1;RBCK1;PGAM1;B4GALT2;CENPA;CHPF2;DLD;PDK3;KIF20A;PFKP;AK4;DSC2;CTH;GALK1;IL13RA1;CDK1;ADORA2B;GYS1;SLC25A10;CAPN5;ME2;B4GALT1
HEDGEHOG_SIGNALING,0.614280015955325,0.654341756126325,0.0155703254673623,0.304002603888993,0.899505666304102,23,Primary,14541,D3,positive mortality association,CDK5R1;ETS2;VEGFA;VLDLR;TLE3;ACHE;NF1;PML;LDB1;TLE1;MYH9
HEME_METABOLISM,1.38318024440925e-20,6.77758319760532e-19,0.370542242539394,0.588074688746995,2.39455785289557,189,Primary,14541,D3,positive mortality association,NFE2;SLC2A1;GCLM;CCND3;ERMAP;PSMD9;FBXO9;NARF;DCAF11;MPP1;SLC22A4;ATP6V0A1;MAP2K3;SLC7A11;TMCC2;HTATIP2;SMOX;MBOAT2;PPP2R5B;E2F2;ABCB6;LRP10;KEL;CA2;UROD;RAP1GAP;GDE1;SDCBP;SLC25A37;FBXO34;RCL1;HDGF;HMBS;EPOR;RAD23A;BSG;CLIC2;GAPVD1;ADIPOR1;TFRC;DCAF10;RHCE;MARCHF2;RHAG;KLF1;UBAC1;YPEL5;TSPO2;BCAM;ANK1;PRDX2;ALAD;OSBP2;CAT;DMTN;HAGH;SLC66A2;EIF2AK1;XPO7;RBM38;RANBP10;EZH1;NR3C1;CTSB;CCDC28A;TAL1;SLC6A9;BTG2;SLC6A8;PICALM;H1-0;BLVRB;GLRX5;GATA1;RHD;GYPE;ATG4A;KHNYN;SPTB;ADD1;HTRA2;TRIM10;EPB42;RNF123;NUDT4;CDR2;SLC10A3;LMO2;SPTA1;FBXO7;LAMP2;GYPC;H4C3;ARHGEF12;ACKR1;PIGQ;MARCHF8;PDZK1IP1;LPIN2;CA1;USP15;CPOX
HYPOXIA,6.40449063155318e-11,1.04606680315369e-09,0.265953197614423,0.525570424443033,2.10325873307046,153,Primary,14541,D3,positive mortality association,SLC2A1;NDRG1;PFKFB3;PGM1;PIM1;SLC2A3;RRAGD;JMJD6;NFIL3;KLF6;CDKN1B;GAPDH;EXT1;LDHA;IER3;FOSL2;NDST2;TPST2;PLAC8;PNRC1;ALDOA;HK2;CAVIN1;ADM;CITED2;TGM2;PPP1R15A;IRS2;HK1;TIPARP;DUSP1;ZFP36;GBE1;RBPJ;WSB1;VEGFA;CHST2;VLDLR;KLF7;PGK1;NDST1;FOS;EFNA1;DDIT3;ENO1;SLC6A6;PGM2;PAM;UGP2;STBD1;PRDX5;CCNG2;NR3C1;MAFF;GLRX;IDS;SAP30;PLIN2;AMPD3;GCNT2;SIAH2;S100A4
IL2_STAT5_SIGNALING,1.13036925138836e-05,7.91258475971852e-05,0.188057309511404,0.426085896216508,1.72572026909424,177,Primary,14541,D3,positive mortality association,CST7;PLSCR1;NDRG1;GADD45B;PIM1;SLC2A3;DRC1;RRAGD;CCND3;IL1R2;CKAP4;NFIL3;IL4R;KLF6;MAPKAPK2;ST3GAL4;FURIN;GLIPR2;IFITM3;SELL;HK2;MXD1;SPRED2;IL18R1;GABARAPL1;PNP;CA2;TGM2;CAPG;SMPDL3A;BMP2;SCN9A;CSF1;ADAM19;CD44;IL10;IFNGR1;IGF1R;RGS16;PHLDA1;HIPK2;FAH;GALM;MAP3K8;DENND5A;MAFF;RHOB;SPP1;GSTO1;GATA1;PLIN2;EMP1;IL1RL1;BCL2L1;SLC1A5;NFKBIZ;DCPS;BATF;PLEC;CISH;ARL4A;IGF2R;TNFSF10
IL6_JAK_STAT3_SIGNALING,1.74451815677089e-05,9.49793218686376e-05,0.182442388419998,0.519568998631683,1.90829997661839,72,Primary,14541,D3,positive mortality association,PIM1;SOCS3;IL1R2;IL4R;TNFRSF1A;CXCL1;IFNGR2;ACVR1B;IL18R1;MYD88;CSF2RB;IFNAR1;CSF1;IL10RB;CD44;CCR1;CSF2RA;TGFB1;IFNGR1;IRF9;IL17RA;PTPN1;STAT3;CSF3R;MAP3K8;TNFRSF12A;PDGFC;LTBR;TLR2;IRF1;HMOX1;GRB2;IL1R1
INFLAMMATORY_RESPONSE,7.84232924089763e-06,6.4045688800664e-05,0.188057309511404,0.437545498829466,1.75623612749587,157,Primary,14541,D3,positive mortality association,OSM;RHOG;IL18RAP;KIF1B;PROK2;IL4R;KLF6;IFITM1;CD55;SELL;IFNGR2;ACVR1B;MXD1;GPR132;AQP9;IL18R1;ADM;FPR1;HIF1A;IFNAR1;CD82;NFKBIA;LCP2;CLEC5A;LYN;CSF1;IRF7;IL10;CHST2;FZD5;TIMP1;SRI;C5AR1;RGS16;PTPRE;EIF2AK2;BEST1;CSF3R;IL18;NAMPT;MEFV;BTG2;C3AR1;LDLR;FFAR2;TLR1;NLRP3;ABI1;RAF1;ADGRE1;NOD2;PSEN1;TNFAIP6;TNFSF10;RNF144B;PTAFR;TLR2;RELA;NMI;ADRM1;IRF1;GNA15;TAPBP;IL1R1;INHBA;CXCL8;NFKB1;CCRL2;KCNJ2;HBEGF;GP1BA;LY6E;SERPINE1;ADORA2B;ICAM1;SGMS2;PLAUR;ICAM4;CD48;PIK3R5;IL15RA
INTERFERON_ALPHA_RESPONSE,0.0017566188383078,0.00478190683761567,0.144233372292081,0.426134098905328,1.61857411708593,94,Primary,14541,D3,positive mortality association,PLSCR1;TRIM25;IL4R;IFITM1;SLC25A28;IFITM3;SELL;IFITM2;TRIM21;CSF1;GMPR;IRF7;IRF2;BATF2;IRF9;TRAFD1;TMEM140;EIF2AK2;ADAR;IFI35;TDRD7;PARP9;OGFR;CMPK2;NCOA7;IFI27;TRIM5;HELZ2;NMI;IRF1;OASL;MX1;CCRL2;RSAD2;PSMB8;LY6E;TRIM14;CMTR1;SP110;IFI44;CASP1;TAP1;MVB12A;RNF31;UBE2L6;SAMD9L;GBP2
INTERFERON_GAMMA_RESPONSE,0.00332542410840821,0.00708459918747836,0.136831791314999,0.357057819972775,1.45388948566264,189,Primary,14541,D3,positive mortality association,PLSCR1;UPP1;PIM1;SOCS3;EIF4E3;TRIM25;IL4R;SLC25A28;IFITM3;MVP;MYD88;PNP;IFITM2;FPR1;HIF1A;TMT1B;CSF2RB;NFKBIA;LCP2;TRIM21;IRF7;IRF2;SRI;BATF2;IRF9;FCGR1A;CASP4;TOR1B;TRAFD1;PTPN1;EIF2AK2;STAT3;ADAR;IFI35;PTPN6;NAMPT;JAK2;TDRD7;SECTM1;OGFR;NLRC5;CMPK2;PLA2G4A;IFI27;LATS2;PELI1;TNFAIP6;ARL4A;RBCK1;TNFSF10;MX2;C1R;HELZ2;NMI;MTHFD2;IRF1;ARID5B;TAPBP;ZNFX1;PFKP;OASL;MX1;NFKB1;ZBP1;SELP;PTGS2;VAMP5;RSAD2;PSMB8;PML
KRAS_SIGNALING_DN,0.434463276836158,0.483834103749358,0.0182554714417709,0.274885781975916,1.02599574993822,82,Primary,14541,D3,positive mortality association,PTGFR;ASB7;MAGIX;KLHDC8A;ENTPD7;CCNA1;SERPINB2;CHST2;GTF3C5;SKIL;SELENOP;BARD1;ZBTB16;SHOX2;MEFV;BTG2
KRAS_SIGNALING_UP,0.0886170212765958,0.131582849774339,0.0478750052522856,0.315863160000773,1.25379798684678,142,Primary,14541,D3,positive mortality association,MMP9;SPRY2;TRIB1;ARG1;CDADC1;GADD45G;LAT2;CA2;PPP1R15A;BMP2;GALNT3;LY96;PLAU;RETN;CSF2RA;TLR8;RGS16;LCP1;F2RL1;ALDH1A2;GLRX;PLEK2;CD37;ADAM8;C3AR1;SPP1;RBM4;FCER1G;EMP1;MPZL2;G0S2;BTBD3;LAPTM5;NIN;TOR1AIP2;AKT2;GYPC;MTMR10;ITGB2;VWA5A;INHBA;H2BC3;TMEM158;TFPI;PTGS2;YRDC;GPNMB;PSMB8;HBEGF
MITOTIC_SPINDLE,0.0204166234842989,0.0370523907678017,0.101902204113224,0.331842028796598,1.35318902695998,193,Primary,14541,D3,positive mortality association,TUBA4A;CDK5RAP2;KIF1B;RANBP9;KIF3C;CDC42EP1;PPP4R2;MARCKS;ARL8A;LMNB1;FGD4;PRC1;GSN;RASA2;CDC42EP4;CDC42;BIRC5;SPTBN1;TPX2;ARHGEF11;AURKA;CLASP1;NCK2;PXN;MARK4;CNTROB;CSNK1D;STAU1;CAPZB;PREX1;FLNB;WASF2;ABI1;KIF15;ARHGEF2;WASF1;KATNB1;MAP3K11;NIN;ANLN;ECT2;ARHGDIA;ARHGAP27;NF1;ARHGEF12;EZR;PDLIM5;RALBP1;KIF4A;NEDD9;MAP1S;ARHGAP4;NET1;CLIP1;PIF1;MYH10;NEK2;TLK1;KPTN;CDC42BPA;MAPRE1;KIF2C;CDC42EP2;KIF11;ROCK1;CDK1;ARAP3;ITSN1;ACTN4;MYH9;RACGAP1;CYTH2;AKAP13
MTORC1_SIGNALING,1.66774181922897e-05,9.49793218686376e-05,0.182442388419998,0.41068327296681,1.67826405817294,198,Primary,14541,D3,positive mortality association,SLC2A1;TUBA4A;PGM1;SLC2A3;SLA;SKAP2;NFIL3;DHCR7;MAP2K3;IDI1;GAPDH;GSR;SLC7A11;LDHA;G6PD;ALDOA;HK2;UBE2D3;PNP;RAB1A;PPP1R15A;HMBS;SLC7A5;IFRD1;GBE1;TUBG1;CORO1A;RIT1;VLDLR;TFRC;PGK1;ADD3;DDIT3;AURKA;TXNRD1;ENO1;SLC6A6;ACSL3;NAMPT;GLRX;TM7SF2;BTG2;ACTR2;LDLR;PDAP1;NIBAN1;NHERF1;PSPH;SLC1A5;CFP;ADIPOR2;GLA;TES;FADS2;PSMB5;ELOVL5;ACTR3;MTHFD2;ATP6V1D;ITGB2;SERP1;ETF1;DHCR24;AK4;GPI;SQSTM1;NFYC;CTH;CDC25A
MYC_TARGETS_V1,0.809815950920245,0.826687116564417,0.0876971923285634,-0.164256843919529,-0.908637531471605,198,Primary,14541,D3,negative mortality association,G3BP1;SYNCRIP;NOP56;HNRNPR;SET;SNRPA1;RSL1D1;CUL1;IARS1;DHX15;IMPDH2;STARD7;PWP1;DDX18;DDX21;HNRNPA3;NPM1;ABCE1;HNRNPU;RANBP1;YWHAQ;XRCC6;CANX;RPL34;HNRNPD;RPS6;PPIA;SERBP1;NCBP1;CSTF2;EPRS1;XPOT;NAP1L1;RPL22;RPL6;RPL14;NCBP2;RPL18;SLC25A3;ILF2;GNL3;SRSF1;HSPD1;CCT7;RRP9;HSPE1;TARDBP;PABPC4;PCNA;NME1;HNRNPA2B1;CLNS1A;RPS3;DEK;SRSF7;EIF3D;RPS5;SNRPD1;TUFM;SSB;CAD;HDAC2;GLO1;APEX1;BUB3;ORC2;HDDC2;HNRNPA1
MYC_TARGETS_V2,0.33202614379085,0.406732026143791,0.0623946459917812,-0.236060091240007,-1.0622438806684,57,Primary,14541,D3,negative mortality association,NOP56;UTP20;DDX18;PUS1;NPM1;MPHOSPH10;PRMT3;TCOF1;NIP7;MRTO4;LAS1L;UNG;PPAN;GNL3;HSPD1;WDR43;RRP9;HSPE1;EXOSC5;IMP4;DUSP2;TFB2M;PPRC1;GRWD1
MYOGENESIS,0.0326122404609197,0.0551034407787953,0.0821057009024537,0.351709338150016,1.36689719043959,115,Primary,14541,D3,positive mortality association,ACSL1;GADD45B;MYL6B;FOXO4;ITGA7;MEF2A;GSN;PDLIM7;IFRD1;RIT1;LSP1;TGFB1;CLU;KLF5;GABARAPL2;COL4A2;TNNI2;ATP6AP1;SLC6A8;HDAC5;TPM3;KCNH2;BAG1;CKB;ACHE;SIRT2;SVIL;AKT2;PRNP;DAPK2;FLII;FKBP1B;AK1;ENO3;MYOM1;HBEGF;MYBPC3;SYNGR2;NOTCH1;APP;SMTN;ITGB5;MYH9;SPARC;MYO1C;IGFBP7;AGL;SORBS1
NOTCH_SIGNALING,0.344213649851632,0.411377288847072,0.0485460071652527,-0.284230954893156,-1.06126365785478,26,Primary,14541,D3,negative mortality association,MAML2;DTX4;ARRB1;CUL1;PSEN2;TCF7L2;LFNG;DTX1;PPARD
OXIDATIVE_PHOSPHORYLATION,0.181733650170472,0.247390092487014,0.0312326470619776,0.282155094459423,1.15384411036822,200,Primary,14541,D3,positive mortality association,NQO2;ATP6V1C1;POR;ATP6V0C;LDHA;ALAS1;OAT;NDUFB3;COX7A2L;MFN2;CYB5R3;SDHC;RHOT1;GRPEL1;ACAA1;ATP6V0B;COX6B1;SUCLG1;ATP6AP1;UQCR10;ATP6V0E1;NDUFA2;HTRA2;ATP6V1H;PRDX3;HADHB;NDUFA8;ACADVL;UQCRC1;ATP6V1D;TIMM8B;DLD;NDUFA4;NDUFS4;GPI;ATP5MF;NDUFC2;TCIRG1;COX5B;ISCU;COX6A1;SLC25A20;ATP5PF;BCKDHA;SLC25A11;GPX4;TIMM10;ATP5F1B;ATP6V1E1;ATP6V1F;SDHA;NDUFA3;BAX;HADHA;UQCR11;COX8A;CYC1;MTRR;ECH1;NDUFB4;TIMM9;MTRF1;OGDH;TIMM13;MTX2;COX7A2;COX5A;COX7B;PHB2;POLR2F;HCCS;NDUFS2;MGST3;IDH3G;ATP5PD;COX15;ATP5PB;ACO2;RETSAT;NDUFA7;SDHB;NDUFAB1;ATP6V1G1;UQCRFS1;MAOB;PDHB;ATP5F1C;ATP5F1E
P53_PATHWAY,0.000103624110977736,0.000362684388422074,0.170659227573092,0.400612424502113,1.62545984520608,181,Primary,14541,D3,positive mortality association,NDRG1;GADD45A;UPP1;STOM;TGFA;CEBPA;CCND3;CDK5R1;SLC7A11;SERTAD3;IER3;ABHD4;CTSD;ACVR1B;MXD1;H2AJ;PPP1R15A;CD82;DRAM1;PRMT2;BMP2;TGFB1;SAT1;FOS;ZBTB16;TOB1;RGS16;DDIT3;TRAFD1;PTPRE;SLC3A2;MKNK2;NINJ1;ALOX15B;HEXIM1;FGF13;BTG2;RXRA;STEAP3;RHBDF2;RAB40C;SP1;S100A4;CYFIP2;CGRRF1;APAF1;OSGIN1;PPM1D;PRKAB1;PLK3;GM2A;INHBB;ZFP36L1;H2AC25;PDGFA;VWA5A;HMOX1;RCHY1;AK1;IRAK1;ISCU;RNF19B;BAIAP2;CCNK;PMM1;DEF6;VDR;HBEGF;RALGDS;BAX;NOTCH1;APP;FOXO3;PLK2;MXD4;SDC1;TAX1BP3;BTG1;CASP1;TAP1;ATF3;TRIB3;RAD51C;ST14;ABCC5
PEROXISOME,0.211674727252278,0.280325990144908,0.0299683501934778,0.311227104391902,1.16817576971283,86,Primary,14541,D3,positive mortality association,ACSL1;IDI1;MVP;HSD3B7;ACSL4;ATXN1;FIS1;ACAA1;ACOX1;CAT;PRDX5;TSPO;EHHADH;YWHAH;ACOT8;STS;SOD1;ELOVL5;DHCR24;CTBP1;SIAH1;ABCD1;BCL10;ECH1;GSTK1;HSD11B2;NUDT19;HSD17B11;ABCC5;TOP2A;CDK7;CRAT;SLC27A2;PEX2;RDH11;RETSAT;FDPS
PI3K_AKT_MTOR_SIGNALING,4.54797008396314e-05,0.000171423487780149,0.17664908299824,0.480353175697214,1.8218701005924,92,Primary,14541,D3,positive mortality association,SLC2A1;RALB;SLA;MAP2K6;DUSP3;MAP2K3;CDKN1B;TNFRSF1A;CAB39;CFL1;UBE2D3;MYD88;ARF1;RPS6KA1;MKNK1;PFN1;PTEN;AP2M1;RIT1;AKT1S1;MAPK1;YWHAB;DDIT3;MKNK2;PRKAR2A;ARPC3;VAV3;ACTR2;GRK2;ECSIT;PRKAG1;RAF1
PROTEIN_SECRETION,0.0263539921831379,0.0461194863204914,0.0928974976713944,0.377101577334732,1.42353154948127,89,Primary,14541,D3,positive mortality association,KIF1B;CD63;ARF1;VAMP3;NAPA;GNAS;AP2M1;MAPK1;AP2B1;TSG101;RAB5A;AP3S1;PAM;AP2S1;STX16;SGMS1;GLA;SOD1;STAM;IGF2R;SEC22B;ATP6V1H;COPE;LAMP2;RAB2A;SNAP23;AP1G1;RER1;SEC24D;ARFGAP3;YKT6;ICA1;COPB1;CAV2;ERGIC3;RAB14;VAMP7;PPT1;YIPF6
REACTIVE_OXYGEN_SPECIES_PATHWAY,1.50395749513616e-06,1.84234793154179e-05,0.203976791242268,0.607055581665088,2.08804295318379,48,Primary,14541,D3,positive mortality association,GCLM;HHEX;MSRA;LAMTOR5;CDKN2D;GSR;G6PD;TXN;SBNO2;JUNB;FES;LSP1;FTL;TXNRD1;PRDX2;CAT;SRXN1;GLRX;EGLN2;PRDX6;SOD1;MPO;MGST1;PRNP
SPERMATOGENESIS,0.397938144329897,0.46426116838488,0.0197759262773248,0.285184429540509,1.04744016994338,72,Primary,14541,D3,positive mortality association,PGS1;AGFG1;TLE4;CCNA1;TALDO1;DMC1;HSPA1L;AURKA;PRKAR2A;H1-6;IP6K1;CDKN3;BRAF;ARL4A;CLVS1;MAST2;GSTM3;NCAPH
TGF_BETA_SIGNALING,0.000472325138077743,0.00154292878438729,0.157999743098826,0.52322780345694,1.79970691468057,48,Primary,14541,D3,positive mortality association,FKBP1A;RAB31;FURIN;IFNGR2;ID1;UBE2D3;TGFBR1;JUNB;PPP1R15A;BMP2;SPTBN1;SKIL;TGFB1;RHOA;HIPK2;SMAD1;CTNNB1;TGIF1;CDH1;THBS1;PPM1A;PPP1CA
TNFA_SIGNALING_VIA_NFKB,3.63831824022278e-12,8.91387968854582e-11,0.281162603477836,0.523260358202931,2.11407447618638,173,Primary,14541,D3,positive mortality association,PFKFB3;LITAF;GADD45A;GADD45B;BCL2A1;SLC2A3;SOCS3;TRIB1;NFIL3;KLF6;B4GALT5;MAP2K3;MARCKS;IER3;FOSL2;BCL6;BCL3;CXCL1;PNRC1;PLPP3;IFNGR2;MXD1;ZC3H12A;ETS2;JUNB;CEBPB;LAMB3;PPP1R15A;NFKBIA;IRS2;DRAM1;TIPARP;DUSP1;JAG1;TNIP1;BMP2;CSF1;ZFP36;CD44;SERPINB2;CEBPD;PLAU;VEGFA;SAT1;FOS;EFNA1;PHLDA1;EHD1;PTPRE;PER1;NINJ1;F2RL1;MAP3K8;IER2;IL18;DENND5A;MAFF;NAMPT;BTG2;RHOB;LDLR;STAT5A;PTX3;TGIF1;EGR1;PLEK;G0S2;RCAN1;CCNL1;AREG;TNFAIP6;KDM6B;KLF9;TLR2;SDC4;TNIP2;TUBB2A;SERPINB8;RELA;IRF1;CFLAR;PDLIM5;INHBA;RELB;EIF1;SQSTM1;NFKB1;CCRL2;RNF19B;PTGS2;YRDC
UNFOLDED_PROTEIN_RESPONSE,0.800235017626322,0.826687116564417,0.0533897062472259,-0.171847698863301,-0.876703942296488,109,Primary,14541,D3,negative mortality association,FUS;NOP56;NOP14;EXOSC10;HSPA9;IARS1;PARN;SKIC3;DKC1;CNOT2;NPM1;EIF2AK3;IMP3;SDAD1;EXOSC2;EXOSC9;WFS1;HSP90B1;DDX10;TSPYL2;EDEM1;SLC1A4;XPOT;LSM4;ALDH18A1;MTREX;GEMIN4;SEC31A
UV_RESPONSE_DN,0.0831612131753452,0.127340607674747,0.0501437564723626,0.329451682187772,1.28039414914819,115,Primary,14541,D3,positive mortality association,MAPK14;PTGFR;PPARG;DLC1;CDKN1B;GCNT1;ATP2B4;PLPP3;ID1;CITED2;DUSP1;RASA2;PTEN;ATXN1;VLDLR;SRI;IGF1R;ADD3;SCN8A;APBB2;NR3C1;PIK3CD;LDLR;RXRA;SYNE1;WDR37;FHL2;NFIB
UV_RESPONSE_UP,3.29812517891374e-05,0.000146916485242521,0.17664908299824,0.445958181601103,1.75070421473473,127,Primary,14541,D3,positive mortality association,TUBA4A;CCND3;ARRB2;ATP6V1C1;GRINA;ALAS1;FURIN;ALDOA;CA2;UROD;JUNB;NFKBIA;CYB5R1;CDC34;LYN;BMP2;RAB27A;BSG;PRKCD;TFRC;GGH;GRPEL1;SULT1A1;ACAA1;FOS;SHOX2;BTG2;MAOA;AP2S1;SLC6A8;RHOB;KCNH2;PDAP1;STARD3;WIZ;PRKACA;NUP58;TST;RXRB;DGAT1;KLHDC3;TMBIM6;HYAL2;IRF1;HMOX1;MARK2;APOM;CREG1;SQSTM1;TARS1;NAT1;YKT6;ATP6V1F;MGAT1;ICAM1;DNAJA1;H2AX;BTG1;PPT1;TAP1;CLCN2;DNAJB1;ATF3;STK25;CLTB
WNT_BETA_CATENIN_SIGNALING,0.0595475970104934,0.0941236210811024,0.101988395621134,-0.3515071748093,-1.38585221560631,32,Primary,14541,D3,negative mortality association,SKP2;LEF1;TCF7;CCND2;PTCH1;CUL1;PSEN2
XENOBIOTIC_METABOLISM,0.000576046269979003,0.0017641417018107,0.151273237061354,0.405602981898729,1.60869187903379,141,Primary,14541,D3,positive mortality association,PGD;UPP1;DDAH2;POR;PINK1;GSR;CDA;TNFRSF1A;ARG1;ALAS1;SMOX;AQP9;ETS2;GABARAPL1;CA2;RAP1GAP;TPST1;PTGR1;ARG2;DHRS7;VNN1;ACOX1;MARCHF6;SLC6A6;FAH;CAT;NINJ1;HES6;PYCR1;MAOA;UPB1;GSTO1;CES1;BLVRB;SLC1A5;GCNT2;CYFIP2;ELOVL5;TMBIM6;LPIN2;PDLIM5;HMOX1;IL1R1;SERTAD1
ADIPOGENESIS,9.98938898379741e-05,0.000349628614432909,0.170659227573092,0.406504599944734,1.64411807321181,172,PH_pass,14235,D3,positive mortality association,PFKFB3;GADD45A;STOM;PGM1;SQOR;POR;DHCR7;PPARG;BCL6;RTN3;LPCAT3;ALDOA;TKT;DHRS7B;ITGA7;GBE1;DHRS7;SDHC;TALDO1;ARAF;RETN;IFNGR1;GRPEL1;SULT1A1;PIM3;TOB1;ORM1;ACOX1;GPAT4;FAH;CD151;CCNG2;SUCLG1;CDKN2C;GPD2;PPM1B;STAT5A;UBC;UQCR10;SLC1A5;ADIPOR2;PPP1R15B;TST;SOD1;ARL4A;DGAT1;PRDX3;NABP1;UQCRC1;DLD;COX6A1;GHITM;MIGA2;BCKDHA;ELMOD3;GPX4;YWHAG;BCL2L13;UQCR11;CHUK;COX8A;CYC1;SLC25A10;ITSN1;ECH1;UBQLN1;RNF11;PREB;TANK;CMBL;SLC19A1;APLP2;RIOK3;COX7B;DNAJB9;NMT1;MGST3;CRAT;ABCB8;IDH3G;SLC25A1;UCK1;ACO2;ESRRA;RETSAT;SDHB;NDUFAB1;REEP5;RAB34
ALLOGRAFT_REJECTION,0.409932043910089,0.489918784185228,0.0179657247063618,0.257230048540552,1.03720975777038,166,PH_pass,14235,D3,positive mortality association,MMP9;NCF4;CCND3;IL18RAP;DEGS1;IL4R;FGR;BCL3;UBE2D1;GCNT1;SPI1;IFNGR2;HIF1A;LCP2;CAPG;LYN;CSF1;IRF7;ELF4;IL10;CCR1;TIMP1;TGFB1;IFNGR1;IL16;SRGN;PTPN6;IL18;WAS;EIF4G3;FYB1;CSK;TLR1;NLRP3;HCLS1;CFP;ACHE;ABI1
ANDROGEN_RESPONSE,0.0425986287512645,0.0684775190215331,0.0727383231489883,0.367397922388881,1.37490576632852,84,PH_pass,14235,D3,positive mortality association,NDRG1;CCND3;SLC38A2;IDI1;GSR;MYL12A;UBE2J1;ACTN1;SRF;SELENOP;PTK2B;SAT1;CAMKK2;FKBP5;ACSL3;VAPA;PA2G4;H1-0;MERTK;HPGD;ELOVL5;ADRM1;PDLIM5;ARID5B;DHCR24;SEC24D;STEAP4;ELL2;ABCC4;RRP12;TMEM50A
ANGIOGENESIS,0.141179610354951,0.197651454496931,0.041953199874439,0.446754376721203,1.30171027056208,21,PH_pass,14235,D3,positive mortality association,PGLYRP1;LRPAP1;JAG1;VEGFA;TIMP1;SPP1;S100A4;PDGFA;FGFR1;APP;FSTL1;THBD
APICAL_JUNCTION,0.00114171827920308,0.00310764665921515,0.144233372292081,0.403327147168595,1.58653246385478,127,PH_pass,14235,D3,positive mortality association,MMP9;MAPK14;CAP1;SKAP2;RAC2;SIRPA;ADAM9;VASP;ARPC2;COL17A1;LAMB3;ACTB;CNN2;PIK3CB;ACTG1;ACTN1;PFN1;TUBG1;PTEN;RSU1;ZYX;MADCAM1;MAP3K20;ADAM15;ALOX15B;GNAI2;FYB1;KCNH2;YWHAH;MYL12B;MPZL2;CDH1;NECTIN2;IKBKG;ICAM5;THBS3;MAPK13;PBX2;SHC1;CLDN15;AKT2;NF1;ITGA9;GTF2F1;NECTIN1;STX4;INPPL1;SYK;MYH10;FBN1
APICAL_SURFACE,0.602796478508545,0.64210929232432,0.0154580379702625,0.292504085721362,0.907702357253007,28,PH_pass,14235,D3,positive mortality association,FLOT2;LYN;PCSK9;EPHB4;ADIPOR2;SLC2A4;APP;PLAUR;B4GALT1;CRYBG1;HSPB1
APOPTOSIS,0.000235381303974985,0.000768912259651617,0.164451346566605,0.418957308669959,1.65690224507958,134,PH_pass,14235,D3,positive mortality association,GADD45A;GADD45B;CDKN1B;GSR;IER3;IFITM3;PPP2R5B;RNASEL;HMGB2;GSN;HGF;BMP2;CCNA1;CD44;TIMP2;BIK;DAP;RARA;TIMP1;IFNGR1;CLU;SAT1;CASP4;DDIT3;ANXA1;BCAP31;TSPO;IL18;BTG2;RHOB;H1-0;CTNNB1;TNFRSF12A;BCL2L1;DPYD;ADD1;PSEN1;GPX1;SOD1;IGF2R;TNFSF10;LGALS3;RELA;IRF1;CFLAR;GNA15;NEDD9;HMOX1;CASP9;ETF1;SQSTM1;CTH;GPX4;DNAJC3;ROCK1;CREBBP;BAX;APP;BCL10;CAV1;DNAJA1;CASP1;PPT1;TAP1;ATF3;TOP2A;LMNA;BCL2L2
BILE_ACID_METABOLISM,0.234490608992601,0.302369469490459,0.0283282910897541,0.315090438129646,1.15805824474633,73,PH_pass,14235,D3,positive mortality association,ACSL1;GCLM;PECR;IDI1;AQP9;HSD3B7;ATXN1;NEDD4;KLF1;PEX19;PRDX5;ABCA2;RXRA;SULT1B1;SOD1;FADS2;PIPOX;DHCR24;ABCD1;PEX12
CHOLESTEROL_HOMEOSTASIS,4.70682241366321e-05,0.000213791769399391,0.17664908299824,0.521949255725274,1.87956230396702,64,PH_pass,14235,D3,positive mortality association,PLSCR1;STX5;NFIL3;DHCR7;PPARG;IDI1;PNRC1;S100A11;ACTG1;JAG1;FBXO6;CLU;TM7SF2;LDLR;ABCA2;ATF5;CTNNB1;NIBAN1;TNFRSF12A;ACSS2;ETHE1;MVK;FADS2;LGALS3;PDK3;TP53INP1;PLAUR;ECH1;CYP51A1;CPEB2;ALCAM;ATF3;TRIB3;PCYT2;CD9;FABP5;LSS;FDPS;GUSB;SCD;ACAT2;ANXA5;CHKA;LPL;ANTXR2;HMGCR;NSDHL;TMEM97;SREBF2
COAGULATION,0.0034468301280887,0.00804260363220697,0.136831791314999,0.417421298712299,1.56781679659871,86,PH_pass,14235,D3,positive mortality association,MMP9;MMP8;FURIN;MSRB2;RABIF;PEF1;ADAM9;GNB2;WDR1;ARF4;GSN;SERPINB2;PLAU;SERPINA1;F12;KLF7;TIMP1;CLU;ANXA1;MAFF;F8;CTSB;PLEK;P2RY1;THBS1;SIRT2;MST1;LAMP2;C1R;CASP9;FBN1;ISCU;GP9;GP1BA;SERPINE1;CAPN5;RAC1;SPARC;SH2B2;THBD
COMPLEMENT,4.22098639600491e-06,5.17070833510602e-05,0.193509375041476,0.437785263669819,1.76611430022135,167,PH_pass,14235,D3,positive mortality association,PLSCR1;S100A9;S100A12;HSPA1A;PIM1;ITGAM;RHOG;CDK5R1;PIK3CG;CDA;MSRB1;F5;MMP8;CR1;CD55;GCA;CXCL1;RABIF;ADAM9;CTSD;GNB2;CA2;CD59;CEBPB;LCP2;LYN;PCSK9;PFN1;TIMP2;SERPINB2;IRF7;IRF2;SERPINA1;PRKCD;TIMP1;CLU;CASP4;EHD1;COL4A2;VCPIP1;GNAI2;GNG2;MAFF;F8;CTSB;GPD2;WAS;PRSS36;FCER1G;PLEK;RAF1;PSEN1;LTF;PPP4C;PLA2G4A;LAMP2;C1R;LGALS3;IRF1;STX4;USP15;GMFB;CALM1;GRB2;CASP9
DNA_REPAIR,0.221798538290435,0.293733199357604,0.0280370982464314,0.286427125956286,1.14016786312038,143,PH_pass,14235,D3,positive mortality association,CDA;STX3;SUPT4H1;PNP;GMPR2;GTF2B;DCTN4;SDCBP;CANT1;GTF3C5;VPS37B;NT5C3A;TSG101;NME4;POLR2J;BCAM;BCAP31;EIF1B;TAF10;AGO4;TK2;POLD4;RBX1;ELL;VPS28;HCLS1;CMPK2;POLL;CETN2;TAF13;DAD1;MPC2;ADRM1;GTF2F1;RFC2;AK1;BRF2;TYMS;TAF12;GPX4;ARL6IP1;GUK1;POLR2G;DGUOK
E2F_TARGETS,0.981012658227848,0.981012658227848,0.080726747877111,-0.145419457392697,-0.813831461597764,199,PH_pass,14235,D3,negative mortality association,RAD1;SYNCRIP;RBBP7;PSIP1;MRE11;PMS2;NOP56;SMC1A;MLH1;NASP;TMPO;RFC1;LIG1;POLE;LUC7L3;CBX5
EPITHELIAL_MESENCHYMAL_TRANSITION,0.0143475655661877,0.0260381745460444,0.120674297088992,0.370679721100475,1.44757412298285,118,PH_pass,14235,D3,positive mortality association,GADD45A;GADD45B;BASP1;LOXL1;CXCL1;LGALS1;CD59;TGM2;QSOX1;CAPG;VIM;CD44;VEGFA;TIMP1;TGFB1;SAT1;TPM1;COL4A2;PLOD1;SERPINE2;SLC6A8;RHOB;SPP1;PCOLCE2;PTX3;TNFRSF12A;ANPEP;THBS1;AREG;TPM4;COLGALT1;SDC4;FBN2;ACTA2;COPA;INHBA;FBN1;CXCL8;EFEMP2;SERPINE1;COL7A1;ITGB5;PLAUR;FSTL1;SPARC;ID2;SDC1;SFRP4;PFN2
ESTROGEN_RESPONSE_EARLY,0.00361181343370866,0.00804449355689656,0.136831791314999,0.380646281323608,1.50538889059725,134,PH_pass,14235,D3,positive mortality association,SLC2A1;UGCG;FOXC1;DHCR7;DLC1;RAB31;KAZN;AFF1;TGM2;TTC39A;TIPARP;CANT1;SLC7A5;CD44;RARA;SLC24A3;SH3BP5;AMFR;CHPT1;IGF1R;ADD3;FOS;TOB1;MINDY1;FKBP5;TFF3;BLVRB;ELF3;ALDH3B1;BAG1;NHERF1;FHL2;FLNB;NADSYN1;KDM4B;GAB2;GLA;AREG;CISH;TUBB2B;SVIL
ESTROGEN_RESPONSE_LATE,0.00574879425747552,0.0117371216090125,0.129006250027651,0.373112839611572,1.47677391438711,135,PH_pass,14235,D3,positive mortality association,S100A9;FOXC1;DHCR7;RAB31;ATP2B4;AFF1;CA2;CCNA1;ST6GALNAC2;ZFP36;SLC7A5;CD44;IMPA2;SERPINA1;SLC24A3;GFUS;AMFR;CHPT1;ADD3;FOS;TOB1;STIL;FKBP5;TFF3;PTPN6;SNX10;BLVRB;ALDH3B1;BAG1;NHERF1;CKB;FLNB;CDH1;GLA;BATF;LTF;AREG;TST;CISH
FATTY_ACID_METABOLISM,0.00987010538708248,0.0193454065586817,0.120674297088992,0.371899014149481,1.46124670671532,125,PH_pass,14235,D3,positive mortality association,ACSL1;CA4;IDI1;LDHA;LGALS1;ALDOA;GLUL;GABARAPL1;CA2;UROD;ACSL4;HSDL2;SDHC;KMT5A;ACAA1;VNN1;ACOX1;ALAD;SUCLG1;GPD2;EHHADH;MAOA;YWHAH;PRDX6;ACOT8;ADIPOR2;GCDH;G0S2;HPGD;HADHB;ACADVL;ELOVL5;DLD;CPOX;H2AZ1;DHCR24
G2M_CHECKPOINT,0.106998444790047,0.158876478627645,0.0425403500042,0.297676887130918,1.21162679810228,187,PH_pass,14235,D3,positive mortality association,MAPK14;PRMT5;JPT1;CDKN1B;MARCKS;E2F3;BCL3;RAD23B;LBR;E2F2;TFDP1;LMNB1;HIF1A;PRC1;DR1;SLC7A5;E2F4;KMT5A;BIRC5;TPX2;BARD1;TGFB1;KPNB1;TLE3;AURKA;MAP3K20;UBE2C;STIL;TROAP;HIRA;CDKN2C;SAP30;ATF5;UBE2S;H2BC12;CDKN3;KIF15;CHMP1A;TACC3;AURKB;POLQ;MKI67;PTTG1;CKS2;CBX1;CENPA;CCNA2;SUV39H1;KIF4A;H2AZ1;NEK2;HMGB3;MEIS1;CDC25A;CDC20;PML;KIF2C;KIF11;CDC45;CDK1;HMGA1;NUP50
GLYCOLYSIS,0.00195708808956925,0.00479486581944465,0.136831791314999,0.3756658275458,1.51293429314988,164,PH_pass,14235,D3,positive mortality association,PYGL;TGFA;RRAGD;EXT1;LDHA;G6PD;IER3;PKM;ALDOA;HK2;ABCB6;NOL3;TXN;NDST3;CITED2;TPST1;QSOX1;IRS2;CD44;SLC16A3;BIK;SDHC;VEGFA;CHST2;TALDO1;VLDLR;GFUS;PGK1;AURKA;ENO1;PHKA2;PGM2;PAM;UGP2;TFF3;PLOD1;PKP2;GLRX;B4GALT4;ELF3;SAP30;MERTK;SOD1;RBCK1;PGAM1;B4GALT2;CENPA;CHPF2;DLD;PDK3;KIF20A;PFKP;DSC2;CTH;GALK1;IL13RA1;CDK1;ADORA2B;GYS1;SLC25A10;CAPN5;ME2;B4GALT1
HEDGEHOG_SIGNALING,0.60023756103999,0.64210929232432,0.0157977441278325,0.304694864478224,0.906995293556067,23,PH_pass,14235,D3,positive mortality association,CDK5R1;ETS2;VEGFA;VLDLR;TLE3;ACHE;NF1;PML;LDB1;TLE1;MYH9
HEME_METABOLISM,6.73140410181577e-20,3.29838800988972e-18,0.364884776839997,0.589336634169533,2.39586377058995,183,PH_pass,14235,D3,positive mortality association,NFE2;SLC2A1;GCLM;CCND3;ERMAP;PSMD9;FBXO9;NARF;DCAF11;MPP1;SLC22A4;ATP6V0A1;MAP2K3;SLC7A11;TMCC2;HTATIP2;SMOX;MBOAT2;PPP2R5B;E2F2;ABCB6;LRP10;KEL;CA2;UROD;RAP1GAP;GDE1;SDCBP;SLC25A37;FBXO34;RCL1;HDGF;HMBS;EPOR;RAD23A;BSG;CLIC2;GAPVD1;ADIPOR1;TFRC;DCAF10;RHCE;MARCHF2;KLF1;UBAC1;YPEL5;TSPO2;BCAM;ANK1;PRDX2;ALAD;OSBP2;DMTN;HAGH;SLC66A2;EIF2AK1;XPO7;RBM38;RANBP10;EZH1;NR3C1;CTSB;CCDC28A;TAL1;SLC6A9;BTG2;SLC6A8;PICALM;H1-0;BLVRB;GLRX5;GATA1;RHD;GYPE;ATG4A;KHNYN;SPTB;ADD1;HTRA2;TRIM10;EPB42;RNF123;NUDT4;CDR2;SLC10A3;LMO2;SPTA1;LAMP2;GYPC;H4C3;ARHGEF12;ACKR1;PIGQ;MARCHF8;LPIN2;CA1;USP15;CPOX
HYPOXIA,1.54568781402969e-11,2.52462342958183e-10,0.273663582629998,0.538779849266452,2.1473830340789,146,PH_pass,14235,D3,positive mortality association,SLC2A1;NDRG1;PFKFB3;PGM1;PIM1;SLC2A3;RRAGD;JMJD6;NFIL3;KLF6;CDKN1B;GAPDH;EXT1;LDHA;IER3;FOSL2;NDST2;TPST2;PLAC8;PNRC1;ALDOA;HK2;ADM;CITED2;TGM2;PPP1R15A;IRS2;HK1;TIPARP;DUSP1;ZFP36;GBE1;RBPJ;WSB1;VEGFA;CHST2;VLDLR;KLF7;PGK1;NDST1;FOS;EFNA1;DDIT3;ENO1;SLC6A6;PGM2;PAM;UGP2;STBD1;PRDX5;CCNG2;NR3C1;MAFF;GLRX;IDS;SAP30
IL2_STAT5_SIGNALING,1.05709537034959e-05,6.19929014641152e-05,0.188057309511404,0.427857853129906,1.73085139694049,173,PH_pass,14235,D3,positive mortality association,CST7;PLSCR1;NDRG1;GADD45B;PIM1;SLC2A3;DRC1;RRAGD;CCND3;IL1R2;CKAP4;NFIL3;IL4R;KLF6;MAPKAPK2;ST3GAL4;FURIN;GLIPR2;IFITM3;SELL;HK2;MXD1;SPRED2;IL18R1;GABARAPL1;PNP;CA2;TGM2;CAPG;SMPDL3A;BMP2;SCN9A;CSF1;ADAM19;CD44;IL10;IFNGR1;IGF1R;RGS16;PHLDA1;HIPK2;FAH;GALM;MAP3K8;DENND5A;MAFF;RHOB;SPP1;GSTO1;GATA1;IL1RL1;BCL2L1;SLC1A5;NFKBIZ;DCPS;BATF;PLEC;CISH;ARL4A;IGF2R;TNFSF10
IL6_JAK_STAT3_SIGNALING,1.13864512893273e-05,6.19929014641152e-05,0.188057309511404,0.525444545622469,1.92228810465899,71,PH_pass,14235,D3,positive mortality association,PIM1;SOCS3;IL1R2;IL4R;TNFRSF1A;CXCL1;IFNGR2;ACVR1B;IL18R1;MYD88;CSF2RB;IFNAR1;CSF1;IL10RB;CD44;CCR1;CSF2RA;TGFB1;IFNGR1;IRF9;IL17RA;PTPN1;STAT3;CSF3R;MAP3K8;TNFRSF12A;PDGFC;LTBR;TLR2;IRF1;HMOX1;GRB2;IL1R1
INFLAMMATORY_RESPONSE,6.79564620070384e-06,5.5497777305748e-05,0.193509375041476,0.440723846274821,1.76480641532238,155,PH_pass,14235,D3,positive mortality association,OSM;RHOG;IL18RAP;KIF1B;PROK2;IL4R;KLF6;IFITM1;CD55;SELL;IFNGR2;ACVR1B;MXD1;GPR132;AQP9;IL18R1;ADM;FPR1;HIF1A;IFNAR1;CD82;NFKBIA;LCP2;CLEC5A;LYN;CSF1;IRF7;IL10;CHST2;FZD5;TIMP1;SRI;C5AR1;RGS16;PTPRE;EIF2AK2;BEST1;CSF3R;IL18;NAMPT;MEFV;BTG2;C3AR1;LDLR;FFAR2;TLR1;NLRP3;ABI1;RAF1;ADGRE1;NOD2;PSEN1;TNFAIP6;TNFSF10;RNF144B;PTAFR;TLR2;RELA;NMI;ADRM1;IRF1;GNA15;TAPBP;IL1R1;INHBA;CXCL8;NFKB1;CCRL2;KCNJ2;HBEGF;GP1BA;LY6E;SERPINE1;ADORA2B;ICAM1;SGMS2;PLAUR
INTERFERON_ALPHA_RESPONSE,0.00120500584745077,0.00310764665921515,0.144233372292081,0.436284260126038,1.64471187496519,88,PH_pass,14235,D3,positive mortality association,PLSCR1;TRIM25;IL4R;IFITM1;SLC25A28;IFITM3;SELL;IFITM2;TRIM21;CSF1;GMPR;IRF7;IRF2;IRF9;TRAFD1;TMEM140;EIF2AK2;ADAR;IFI35;TDRD7;PARP9;OGFR;CMPK2;NCOA7;IFI27;TRIM5;HELZ2;NMI;IRF1;OASL;MX1;CCRL2;RSAD2;PSMB8;LY6E;TRIM14;CMTR1;SP110;IFI44;CASP1;TAP1;MVB12A;RNF31;UBE2L6;GBP2
INTERFERON_GAMMA_RESPONSE,0.00404528216380565,0.00861820982723813,0.129006250027651,0.356020189354354,1.44740997462877,184,PH_pass,14235,D3,positive mortality association,PLSCR1;UPP1;PIM1;SOCS3;EIF4E3;TRIM25;IL4R;SLC25A28;IFITM3;MVP;MYD88;PNP;IFITM2;FPR1;HIF1A;TMT1B;CSF2RB;NFKBIA;LCP2;TRIM21;IRF7;IRF2;SRI;IRF9;FCGR1A;CASP4;TOR1B;TRAFD1;PTPN1;EIF2AK2;STAT3;ADAR;IFI35;PTPN6;NAMPT;TDRD7;SECTM1;OGFR;NLRC5;CMPK2;PLA2G4A;IFI27;LATS2;PELI1;TNFAIP6;ARL4A;RBCK1;TNFSF10;MX2;C1R;HELZ2;NMI;MTHFD2;IRF1;ARID5B;TAPBP;ZNFX1;PFKP;OASL;MX1;NFKB1;ZBP1;SELP;PTGS2;VAMP5;RSAD2;PSMB8;PML
KRAS_SIGNALING_DN,0.536365683404639,0.625759963972079,0.015126619501126,0.260214124908146,0.968559482461356,80,PH_pass,14235,D3,positive mortality association,PTGFR;ASB7;MAGIX;ENTPD7;CCNA1;SERPINB2;CHST2;GTF3C5;SKIL;SELENOP;BARD1;ZBTB16;SHOX2;MEFV;BTG2
KRAS_SIGNALING_UP,0.0888557425953548,0.136060355849137,0.0478436678923894,0.316169380095373,1.25413958208356,138,PH_pass,14235,D3,positive mortality association,MMP9;SPRY2;TRIB1;ARG1;CDADC1;GADD45G;LAT2;CA2;PPP1R15A;BMP2;GALNT3;PLAU;RETN;CSF2RA;TLR8;RGS16;LCP1;F2RL1;ALDH1A2;GLRX;PLEK2;CD37;ADAM8;C3AR1;SPP1;RBM4;FCER1G;MPZL2;G0S2;BTBD3;LAPTM5;NIN;TOR1AIP2;AKT2;GYPC;MTMR10;ITGB2;VWA5A;INHBA;H2BC3;TMEM158;TFPI;PTGS2;YRDC;GPNMB;PSMB8;HBEGF
MITOTIC_SPINDLE,0.0118368097621026,0.0223078337824241,0.120674297088992,0.3398419169397,1.38269444609493,186,PH_pass,14235,D3,positive mortality association,TUBA4A;CDK5RAP2;KIF1B;RANBP9;KIF3C;CDC42EP1;PPP4R2;MARCKS;ARL8A;LMNB1;FGD4;PRC1;GSN;RASA2;CDC42EP4;CDC42;BIRC5;SPTBN1;TPX2;ARHGEF11;AURKA;CLASP1;NCK2;PXN;MARK4;CNTROB;CSNK1D;STAU1;CAPZB;PREX1;FLNB;WASF2;ABI1;KIF15;ARHGEF2;WASF1;KATNB1;MAP3K11;NIN;ANLN;ECT2;ARHGDIA;ARHGAP27;NF1;ARHGEF12;EZR;PDLIM5;RALBP1;KIF4A;NEDD9;MAP1S;ARHGAP4;CLIP1;PIF1;MYH10;NEK2;TLK1;KPTN;MAPRE1;KIF2C;CDC42EP2;KIF11;ROCK1;CDK1;ARAP3;ITSN1;ACTN4;MYH9;RACGAP1;CYTH2;AKAP13
MTORC1_SIGNALING,9.72539898081099e-06,6.19929014641152e-05,0.188057309511404,0.419576077934672,1.71054153144492,192,PH_pass,14235,D3,positive mortality association,SLC2A1;TUBA4A;PGM1;SLC2A3;SLA;SKAP2;NFIL3;DHCR7;MAP2K3;IDI1;GAPDH;GSR;SLC7A11;LDHA;G6PD;ALDOA;HK2;UBE2D3;PNP;RAB1A;PPP1R15A;HMBS;SLC7A5;IFRD1;GBE1;TUBG1;CORO1A;RIT1;VLDLR;TFRC;PGK1;ADD3;DDIT3;AURKA;TXNRD1;ENO1;SLC6A6;ACSL3;NAMPT;GLRX;TM7SF2;BTG2;ACTR2;LDLR;PDAP1;NIBAN1;NHERF1;PSPH;SLC1A5;CFP;ADIPOR2;GLA;TES;FADS2;PSMB5;ELOVL5;ACTR3;MTHFD2;ATP6V1D;ITGB2;SERP1;ETF1;DHCR24;GPI;SQSTM1;NFYC;CTH;CDC25A
MYC_TARGETS_V1,0.745398773006135,0.7771178697298,0.0915140765993025,-0.165253914293533,-0.924230051345847,197,PH_pass,14235,D3,negative mortality association,G3BP1;SYNCRIP;NOP56;HNRNPR;SET;SNRPA1;RSL1D1;CUL1;IARS1;DHX15;IMPDH2;STARD7;PWP1;DDX18;DDX21;HNRNPA3;NPM1;ABCE1;HNRNPU;RANBP1;YWHAQ;XRCC6;CANX;RPL34;HNRNPD;RPS6;PPIA;SERBP1;NCBP1;CSTF2;EPRS1;XPOT;NAP1L1;RPL22;RPL6;RPL14;NCBP2;RPL18;SLC25A3;ILF2;GNL3;SRSF1;HSPD1;CCT7;RRP9;HSPE1;TARDBP;PABPC4;PCNA;NME1;HNRNPA2B1;CLNS1A;RPS3;DEK;SRSF7;EIF3D;RPS5;SNRPD1;TUFM;SSB;CAD;HDAC2;GLO1;APEX1;BUB3;ORC2;HDDC2;HNRNPA1
MYC_TARGETS_V2,0.317480719794344,0.388913881748072,0.0633201262592919,-0.235225133688235,-1.0706578385704,57,PH_pass,14235,D3,negative mortality association,NOP56;UTP20;DDX18;PUS1;NPM1;MPHOSPH10;PRMT3;TCOF1;NIP7;MRTO4;LAS1L;UNG;PPAN;GNL3;HSPD1;WDR43;RRP9;HSPE1;EXOSC5;IMP4;DUSP2;TFB2M;PPRC1;GRWD1
MYOGENESIS,0.0264756944444444,0.0463324652777778,0.0913212902305258,0.358185759700521,1.38727336705061,110,PH_pass,14235,D3,positive mortality association,ACSL1;GADD45B;MYL6B;FOXO4;ITGA7;MEF2A;GSN;PDLIM7;IFRD1;RIT1;LSP1;TGFB1;CLU;KLF5;GABARAPL2;COL4A2;TNNI2;ATP6AP1;SLC6A8;HDAC5;TPM3;KCNH2;BAG1;CKB;ACHE;SIRT2;SVIL;AKT2;PRNP;DAPK2;FLII;FKBP1B;AK1;ENO3;MYOM1;HBEGF;MYBPC3;SYNGR2;NOTCH1;APP;SMTN;ITGB5;MYH9;SPARC;MYO1C;IGFBP7;AGL
NOTCH_SIGNALING,0.594178082191781,0.64210929232432,0.0359438339015201,-0.245102992081082,-0.912499998197147,25,PH_pass,14235,D3,negative mortality association,MAML2;ARRB1;CUL1;PSEN2;TCF7L2;LFNG;DTX1;PPARD
OXIDATIVE_PHOSPHORYLATION,0.160644228783812,0.218654644733522,0.0336146421505993,0.284881186205685,1.16481168159232,199,PH_pass,14235,D3,positive mortality association,NQO2;ATP6V1C1;POR;ATP6V0C;LDHA;ALAS1;OAT;NDUFB3;COX7A2L;MFN2;CYB5R3;SDHC;RHOT1;GRPEL1;ACAA1;ATP6V0B;COX6B1;SUCLG1;ATP6AP1;UQCR10;ATP6V0E1;NDUFA2;HTRA2;ATP6V1H;PRDX3;HADHB;NDUFA8;ACADVL;UQCRC1;ATP6V1D;TIMM8B;DLD;NDUFA4;NDUFS4;GPI;ATP5MF;NDUFC2;TCIRG1;COX5B;ISCU;COX6A1;SLC25A20;ATP5PF;BCKDHA;SLC25A11;GPX4;TIMM10;ATP5F1B;ATP6V1E1;ATP6V1F;SDHA;NDUFA3;BAX;HADHA;UQCR11;COX8A;CYC1;MTRR;ECH1;NDUFB4;TIMM9;MTRF1;OGDH;TIMM13;MTX2;COX7A2;COX5A;COX7B;PHB2;POLR2F;HCCS;NDUFS2;MGST3;IDH3G;ATP5PD;COX15;ATP5PB;ACO2;RETSAT;NDUFA7;SDHB;NDUFAB1;ATP6V1G1;UQCRFS1;MAOB;PDHB;ATP5F1C;ATP5F1E
P53_PATHWAY,7.81382144392529e-05,0.000294520962117184,0.170659227573092,0.408262921162636,1.6539553199252,175,PH_pass,14235,D3,positive mortality association,NDRG1;GADD45A;UPP1;STOM;TGFA;CEBPA;CCND3;CDK5R1;SLC7A11;SERTAD3;IER3;ABHD4;CTSD;ACVR1B;MXD1;PPP1R15A;CD82;DRAM1;PRMT2;BMP2;TGFB1;SAT1;FOS;ZBTB16;TOB1;RGS16;DDIT3;TRAFD1;PTPRE;SLC3A2;MKNK2;NINJ1;ALOX15B;HEXIM1;FGF13;BTG2;RXRA;STEAP3;RHBDF2;RAB40C;SP1;S100A4;CYFIP2;CGRRF1;APAF1;OSGIN1;PPM1D;PRKAB1;PLK3;GM2A;INHBB;ZFP36L1;PDGFA;VWA5A;HMOX1;RCHY1;AK1;IRAK1;ISCU;RNF19B;BAIAP2;CCNK;PMM1;DEF6;VDR;HBEGF;RALGDS;BAX;NOTCH1;APP;FOXO3;PLK2;MXD4;SDC1;TAX1BP3;BTG1;CASP1;TAP1;ATF3;TRIB3;RAD51C;ST14;ABCC5
PEROXISOME,0.245026413397775,0.307853698884383,0.0273285370266105,0.305820886287281,1.14446727756675,84,PH_pass,14235,D3,positive mortality association,ACSL1;IDI1;MVP;HSD3B7;ACSL4;ATXN1;FIS1;ACAA1;ACOX1;PRDX5;TSPO;EHHADH;YWHAH;ACOT8;STS;SOD1;ELOVL5;DHCR24;CTBP1;SIAH1;ABCD1;BCL10;ECH1;GSTK1;HSD11B2;NUDT19;HSD17B11;ABCC5;TOP2A;CDK7;CRAT;SLC27A2;PEX2;RDH11;RETSAT;FDPS
PI3K_AKT_MTOR_SIGNALING,7.00270156903002e-05,0.000285943647402059,0.170659227573092,0.473760724325485,1.79159044995324,90,PH_pass,14235,D3,positive mortality association,SLC2A1;RALB;SLA;MAP2K6;MAP2K3;CDKN1B;TNFRSF1A;CAB39;CFL1;UBE2D3;MYD88;ARF1;RPS6KA1;MKNK1;PFN1;PTEN;AP2M1;RIT1;AKT1S1;MAPK1;YWHAB;DDIT3;MKNK2;PRKAR2A;ARPC3;VAV3;ACTR2;GRK2;ECSIT;PRKAG1;RAF1
PROTEIN_SECRETION,0.0433225120340311,0.0684775190215331,0.0719516678892624,0.36494882307519,1.37073239070768,86,PH_pass,14235,D3,positive mortality association,KIF1B;CD63;ARF1;VAMP3;NAPA;GNAS;AP2M1;MAPK1;AP2B1;TSG101;RAB5A;AP3S1;PAM;AP2S1;STX16;GLA;SOD1;STAM;IGF2R;SEC22B;ATP6V1H;COPE;LAMP2;RAB2A;SNAP23;AP1G1;RER1;SEC24D;ARFGAP3;ICA1;COPB1;ERGIC3;RAB14;VAMP7;PPT1;YIPF6
REACTIVE_OXYGEN_SPECIES_PATHWAY,6.16745744722728e-06,5.5497777305748e-05,0.193509375041476,0.598052671323521,2.0491202516253,46,PH_pass,14235,D3,positive mortality association,GCLM;HHEX;MSRA;LAMTOR5;CDKN2D;GSR;G6PD;TXN;SBNO2;JUNB;FES;LSP1;TXNRD1;PRDX2;SRXN1;GLRX;EGLN2;PRDX6;SOD1;MPO;MGST1;PRNP;PFKP;GPX4;NDUFB4;PTPA;PDLIM1;STK25;OXSR1;NDUFS2;MBP
SPERMATOGENESIS,0.566857798165138,0.64210929232432,0.0145941818713357,0.259314685354137,0.945741935475095,69,PH_pass,14235,D3,positive mortality association,PGS1;AGFG1;TLE4;CCNA1;TALDO1;DMC1;AURKA;PRKAR2A;H1-6;IP6K1;CDKN3;BRAF;ARL4A;CLVS1
TGF_BETA_SIGNALING,0.000324894972720582,0.000994990853956781,0.157999743098826,0.533205679832378,1.83190375997912,47,PH_pass,14235,D3,positive mortality association,FKBP1A;RAB31;FURIN;IFNGR2;ID1;UBE2D3;TGFBR1;JUNB;PPP1R15A;BMP2;SPTBN1;SKIL;TGFB1;RHOA;HIPK2;SMAD1;CTNNB1;TGIF1;CDH1;THBS1;PPM1A;PPP1CA
TNFA_SIGNALING_VIA_NFKB,2.27857517201007e-12,5.58250917142467e-11,0.284838087626478,0.528468592950407,2.13656739986016,171,PH_pass,14235,D3,positive mortality association,PFKFB3;LITAF;GADD45A;GADD45B;BCL2A1;SLC2A3;SOCS3;TRIB1;NFIL3;KLF6;B4GALT5;MAP2K3;MARCKS;IER3;FOSL2;BCL6;BCL3;CXCL1;PNRC1;PLPP3;IFNGR2;MXD1;ZC3H12A;ETS2;JUNB;CEBPB;LAMB3;PPP1R15A;NFKBIA;IRS2;DRAM1;TIPARP;DUSP1;JAG1;TNIP1;BMP2;CSF1;ZFP36;CD44;SERPINB2;CEBPD;PLAU;VEGFA;SAT1;FOS;EFNA1;PHLDA1;EHD1;PTPRE;PER1;NINJ1;F2RL1;MAP3K8;IER2;IL18;DENND5A;MAFF;NAMPT;BTG2;RHOB;LDLR;STAT5A;PTX3;TGIF1;EGR1;PLEK;G0S2;RCAN1;CCNL1;AREG;TNFAIP6;KDM6B;KLF9;TLR2;SDC4;TNIP2;TUBB2A;SERPINB8;RELA;IRF1;CFLAR;PDLIM5;INHBA;RELB;EIF1;SQSTM1;NFKB1;CCRL2;RNF19B;PTGS2;YRDC
UNFOLDED_PROTEIN_RESPONSE,0.829090909090909,0.846363636363636,0.0532638345255108,-0.170985756715745,-0.868977922957798,105,PH_pass,14235,D3,negative mortality association,FUS;NOP56;NOP14;EXOSC10;HSPA9;IARS1;PARN;SKIC3;DKC1;CNOT2;NPM1;EIF2AK3;IMP3;SDAD1;EXOSC2;EXOSC9;HSP90B1;DDX10;TSPYL2;EDEM1;SLC1A4;XPOT;LSM4;ALDH18A1;MTREX;GEMIN4;SEC31A
UV_RESPONSE_DN,0.039426523297491,0.0666172290198987,0.0743880192035108,0.34879285867559,1.34948046710972,109,PH_pass,14235,D3,positive mortality association,MAPK14;PTGFR;PPARG;DLC1;CDKN1B;GCNT1;ATP2B4;PLPP3;ID1;CITED2;DUSP1;RASA2;PTEN;ATXN1;VLDLR;SRI;IGF1R;ADD3;SCN8A;APBB2;NR3C1;PIK3CD;LDLR;RXRA;SYNE1;WDR37;FHL2;NFIB
UV_RESPONSE_UP,4.7994070681496e-05,0.000213791769399391,0.17664908299824,0.446495335018712,1.75064738227381,123,PH_pass,14235,D3,positive mortality association,TUBA4A;CCND3;ARRB2;ATP6V1C1;GRINA;ALAS1;FURIN;ALDOA;CA2;UROD;JUNB;NFKBIA;CYB5R1;CDC34;LYN;BMP2;RAB27A;BSG;PRKCD;TFRC;GGH;GRPEL1;SULT1A1;ACAA1;FOS;SHOX2;BTG2;MAOA;AP2S1;SLC6A8;RHOB;KCNH2;PDAP1;STARD3;WIZ;PRKACA;NUP58;TST;RXRB;DGAT1;KLHDC3;TMBIM6;HYAL2;IRF1;HMOX1;MARK2;APOM;SQSTM1;TARS1;NAT1;ATP6V1F;MGAT1;ICAM1;DNAJA1;H2AX;BTG1;PPT1;TAP1;CLCN2;DNAJB1;ATF3;STK25;CLTB
WNT_BETA_CATENIN_SIGNALING,0.136238532110092,0.196343766864544,0.082532787767263,-0.315965686870788,-1.24716653873046,31,PH_pass,14235,D3,negative mortality association,SKP2;LEF1;TCF7;PTCH1;CUL1;PSEN2
XENOBIOTIC_METABOLISM,0.000828655732400773,0.00238847828750811,0.151273237061354,0.400984653529614,1.58727258622609,136,PH_pass,14235,D3,positive mortality association,PGD;UPP1;DDAH2;POR;PINK1;GSR;CDA;TNFRSF1A;ARG1;ALAS1;SMOX;AQP9;ETS2;GABARAPL1;CA2;RAP1GAP;TPST1;PTGR1;ARG2;DHRS7;VNN1;ACOX1;MARCHF6;SLC6A6;FAH;NINJ1;PYCR1;MAOA;UPB1;GSTO1;CES1;BLVRB;SLC1A5;GCNT2;CYFIP2;ELOVL5;TMBIM6;LPIN2;PDLIM5;HMOX1;IL1R1;SERTAD1
ADIPOGENESIS,0.876608187134503,0.924298752933932,0.0220508911961189,-0.159184273970377,-0.842850732348807,176,Primary,14541,D5,negative mortality association,NDUFAB1;MRPL15;ATP5PO;DLAT;ECHS1;AK2;NDUFS3;SLC66A3;ACAA2;DBT;DNAJB9;HADH;ATP1B3;MAP4K3;ENPP2;PDCD4;IMMT;SCP2;PHYH;EPHX2;ANGPT1;JAGN1;ESYT1;PTCD3;DNAJC15;ACADM;SLC25A10;NDUFA5;REEP5;SSPN
ALLOGRAFT_REJECTION,0.0032668780414671,0.00941629553128753,0.136831791314999,-0.282041827577346,-1.48616253396557,169,Primary,14541,D5,negative mortality association,HLA-DRA;NPM1;ABCE1;RPS3A;LY75;HLA-DMB;HLA-DMA;ITK;CD3D;SIT1;TRAT1;CD3G;EIF3A;CD86;DARS1;RPL9;CTSS;CD28;UBE2N;RPL39;CCND2;CD4;IL7;ETS1;HLA-DOA;LY86;CD40LG;RPS19;EIF3D;HDAC9;CD8B;TNF;LCK;IRF8;IRF4;CD74;RIPK2;HLA-DQA1;CCR2;FCGR2B;MRPL3;CD2;STAT4;ZAP70;CD8A;NME1;CD3E;CD79A;IL15
ANDROGEN_RESPONSE,0.0565210329706026,0.102575207983686,0.0760356521608407,0.306196914758233,1.35359925996968,86,Primary,14541,D5,positive mortality association,FKBP5;NDRG1;CAMKK2;GSR;CCND3;HPGD;PTK2B;SLC38A2;HERC3;ACTN1;MAK;RPS6KA3;IQGAP2;ACSL3;IDI1;MERTK;MYL12A;ARID5B
ANGIOGENESIS,0.969400462551148,0.969400462551148,0.0131864025565188,0.181210280325113,0.587533439159886,22,Primary,14541,D5,positive mortality association,LRPAP1;JAG1;FGFR1;PGLYRP1;APP;S100A4;TIMP1;FSTL1;VEGFA;PF4
APICAL_JUNCTION,0.00311756083659472,0.00941629553128753,0.136831791314999,0.330863077448552,1.56856372937783,131,Primary,14541,D5,positive mortality association,MAPK14;SIRPA;ADAM9;PIK3CB;SKAP2;MMP9;CAP1;ALOX15B;ACTN1;MAPK13;PTEN;NF1;ITGA10;THBS3;RAC2;VASP;SYK;CD274;MAP3K20;IKBKG;ZYX;PTPRC;ACTB;CNN2;PCDH1;B4GALT1;COL17A1;MYH9;FYB1;RASA1;ICAM5;PBX2;INPPL1;ARPC2;CTNNA1;STX4;CLDN15;NECTIN2;CLDN9;ACTN4;MSN;GNAI2;SHC1;ICAM1;YWHAH;TUBG1;TAOK2;VCL;MPZL1;KCNH2;MYH10;PARD6G;BAIAP2
APICAL_SURFACE,0.325667134831461,0.443269155742821,0.0302358693091482,0.313998874396422,1.09325902396773,29,Primary,14541,D5,positive mortality association,FLOT2;LYN;PCSK9;CRYBG1;NCOA6;B4GALT1;DCBLD2;SLC2A4;BRCA1;ADIPOR2;APP;HSPB1;IL2RG
APOPTOSIS,0.210387187062665,0.312393095941533,0.0364798357316103,0.236779345658227,1.13350390309143,140,Primary,14541,D5,positive mortality association,GADD45A;CFLAR;GSR;RNASEL;HGF;IGF2R;ADD1;TIMP2;GSN;RARA;PSEN1;CREBBP;FAS;ROCK1;CCNA1;IFITM3;EMP1;CD44;HMGB2;CASP4;NEDD9;DPYD;IFNGR1;PPP2R5B;CTNNB1;CLU;CDKN1B;XIAP;CASP2;TSPO;DNAJC3;GADD45B;TNFSF10;IER3;TXNIP;BCAP31;PPP3R1;IRF1;ANXA1;TAP1;GNA15;BRCA1;GPX3;F2R;APP;BCL2L1;CASP8;DNAJA1;CTH;TIMP1;CASP9;CASP1;PLCB2;HSPB1
BILE_ACID_METABOLISM,0.299670969374842,0.43187874998139,0.0393767579926886,-0.236648073728757,-1.08165512420141,75,Primary,14541,D5,negative mortality association,ABCD2;CYP27A1;NR3C2;HACL1;PAOX;SLC23A2;PEX12;EFHC1;LCK;SCP2;SLC35B2;PHYH;EPHX2;IDH2;HSD17B4;PEX7;ACSL5;SOD1;SLC29A1;TFCP2L1;ABCD3;PXMP2;AMACR
CHOLESTEROL_HOMEOSTASIS,0.00897835063095597,0.0233813743764083,0.120674297088992,0.372486428518594,1.57291832423411,67,Primary,14541,D5,positive mortality association,PLSCR1;ABCA2;NFIL3;NIBAN1;PDK3;ALCAM;LDLR;IDI1;ANTXR2;PPARG;S100A11;PNRC1;CHKA;ACSS2;DHCR7;CTNNB1;CLU;JAG1;FBXO6
COAGULATION,0.100923375992224,0.159524045923193,0.0559949767165323,0.286505238330767,1.27021708704192,87,Primary,14541,D5,positive mortality association,ADAM9;MMP9;KLF7;FURIN;RAC1;GSN;SERPINA1;RABIF;CTSK;WDR1;HPN;F2RL2;SERPINE1;F12;C1R;CLU;LAMP2;MMP8;GNB2;THBS1;ANXA1;F8;FN1;PLAU;GP1BA;ITGB3;TIMP1;CASP9;P2RY1;CTSB;CFB;PEF1;SERPINB2;PLEK;CPQ;ISCU;SPARC;VWF;MST1;PF4
COMPLEMENT,0.00166558822322147,0.00582955878127514,0.144233372292081,0.317127397290465,1.56024599719434,169,Primary,14541,D5,positive mortality association,ITGAM;CR1;ADAM9;PLSCR1;PIK3CG;LCP2;HSPA1A;PRKCD;DGKH;LYN;PCSK9;IRF2;TIMP2;COL4A2;CD55;S100A12;PSEN1;RHOG;SERPINA1;PIM1;CDK5R1;GCA;JAK2;RAF1;RABIF;F5;EHD1;CD59;USP15;S100A9;GRB2;PIK3R5;CA2;CEBPB;CASP4;CDA;VCPIP1;MSRB1;PIK3CA;SERPINE1;PRSS36;C1R;CLU;BRPF3;TNFAIP3;AKAP10;WAS;LAMP2;CPM;GNAI3;MMP8;GNB2;CTSD
DNA_REPAIR,0.000775478892487787,0.00292295890245397,0.151273237061354,-0.315719736420893,-1.623592292962,144,Primary,14541,D5,negative mortality association,RNMT;GTF2H1;GTF2H3;NUDT21;ERCC8;NELFCD;SRSF6;ADA;APRT;NCBP2;POLR2D;IMPDH2;DUT;POLR1H;ERCC4;LIG1;PCNA;SF3A3;ITPA;MRPL40;POLR2K;RFC3;POLR1C;POLR2C;RPA3;NFX1;UMPS;NME3;SEC61A1;ERCC3;AK3;EDF1;NME1;TMED2;PDE4B;GTF2A2;TP53;RFC4;TAF9;ERCC5
E2F_TARGETS,1.12718658632316e-06,1.38080356824587e-05,0.203976791242268,-0.349845258329781,-1.88748337101442,200,Primary,14541,D5,negative mortality association,SYNCRIP;NOP56;EED;NUDT21;MAD2L1;RAN;PPP1R8;CNOT9;MYC;EIF2S1;AK2;PAICS;KIF22;SLBP;STMN1;SRSF2;ASF1A;PMS2;TMPO;DCTPP1;DUT;RAD50;WDR90;PHF5A;LIG1;PCNA;PRDX4;IPO7;RFC3;MLH1;HNRNPD;CSE1L;RAD1;RPA3;CDC25B;NUP205;RBBP7;CDK4;NUP107;DNMT1;NME1;TBRG4;SMC3;TP53;RPA1;ILF3;MCM3;CENPM;NAP1L1;PAN2;XRCC6;MRE11;CTPS1;SSRP1;SMC1A;RFC1;TRA2B;RANBP1;CDK1;MSH2;SNRPB;MCM5;POLE;SMC4;ZW10;RNASEH2A;CKS1B;CBX5;SRSF1;MTHFD2;NOLC1;POLD1;DSCC1;UBR7;RRM2;MCM7
EPITHELIAL_MESENCHYMAL_TRANSITION,0.346220884170496,0.458508738496062,0.0272885165856835,0.225868666533046,1.05349506756673,119,Primary,14541,D5,positive mortality association,GADD45A;BASP1;COL4A2;FBN2;FAS;PCOLCE2;EFEMP2;QSOX1;CAPG;CD59;CD44;NOTCH2;COL7A1;PFN2;TGFB1;SERPINE1;AREG;WIPF1;COLGALT1;TNFAIP3;PDLIM4;TPM1;PLOD1;COPA;GADD45B;COL6A3;LOXL1;THBS1;ACTA2;ANPEP;ITGA5;VIM
ESTROGEN_RESPONSE_EARLY,0.0268516869343184,0.0572057678165915,0.111722689770913,0.286528707858607,1.37502066992804,143,Primary,14541,D5,positive mortality association,FKBP5;AFF1;IGF1R;SVIL;MREG;KAZN;MED13L;OLFML3;CA12;RARA;TTC39A;KDM4B;RAB31;SLC2A1;TIPARP;JAK2;SIAH2;GAB2;CHPT1;MINDY1;INHBB;FOXC1;RHOBTB3;TOB1;UGCG;CD44;ANXA9;FHL2;GLA;CANT1;AREG;TUBB2B;DHCR7;NADSYN1;B4GALT1;SH3BP5;FLNB;CISH;AMFR;DLC1;RAPGEFL1;BAG1;SLC7A5;TMEM164;KCNK5;MAST4;IL17RB;ALDH3B1;IL6ST;ABHD2;PODXL;SEMA3B;ELF3;ADD3;ITPK1;TGM2;SLC24A3;ELF1;MAPT;ARL3;ABAT
ESTROGEN_RESPONSE_LATE,0.315036541750894,0.441051158451252,0.0286261470897588,0.223209291979216,1.06854169632649,140,Primary,14541,D5,positive mortality association,ATP2B4;FKBP5;AFF1;MAPK13;CA12;RAB31;SERPINA1;JAK2;CCNA1;SIAH2;IMPA2;CHPT1;FOXC1;TOB1;BATF;S100A9;CD44;ANXA9;SNX10;CA2;GLA;JAK1;AREG;DHCR7;PTPN6;ST6GALNAC2;FLNB;CISH;CKB;AMFR;XRCC3;RAPGEFL1;BAG1;SLC7A5;HSPA4L;ZFP36;KCNK5
FATTY_ACID_METABOLISM,0.0342328818232676,0.0698921337225046,0.101988395621134,-0.264389942589635,-1.33413893267166,131,Primary,14541,D5,negative mortality association,OSTC;MDH1;METAP1;APEX1;ECHS1;ACSS1;ACAA2;ACAT2;ECI1;HADH;SUCLG2;HSD17B10;MCEE;CBR1;ADSL;ACADM;PSME1;HSPH1;SDHD;ALDH3A2;BCKDHB;HSD17B4;ACOT2;BPHL;ACSL5;PCBD1;HMGCS1;HSP90AA1;PDHA1;UGDH;ODC1;ECI2;CPT2;SUCLA2;GCDH;RAP1GDS1;PTS;XIST;CD36;MIF;ENO2;BLVRA;MIX23;EHHADH;NTHL1;ALDH9A1;ACO2;HSD17B7;SMS;IDH3B;MDH2;FH;CPOX;RDH11;ECH1;MLYCD;TP53INP2;S100A10;ALDH1A1;DLST;H2AZ1;IDH3G
G2M_CHECKPOINT,0.449777777777778,0.537539295392954,0.0341093981326914,-0.187094888820895,-1.00025304536745,191,Primary,14541,D5,negative mortality association,SYNCRIP;BUB3;SLC38A1;G3BP1;SRSF10;MAD2L1;PURA;MYC;SLC12A2;NCL;KIF22;STMN1;SRSF2;CUL5;HSPA8;H2AZ2;TMPO;ORC5;HNRNPD;RPS6KA5;TENT4A;CDC25B;MTF2;CDK4;HMGN2;PRP4K;ILF3;MCM3;CUL1;UCK2;SNRPD1;ODC1;SMC1A;SS18;DTYMK;ABL1;TRA2B;SMC2;CDK1;FBXO5;MCM5;POLE;SMC4;NDC80;CKS1B;SRSF1;SMARCC1;CCNT1;NOLC1;SMAD3
GLYCOLYSIS,0.411405916437938,0.516894612960487,0.0237374248144082,0.207799124826344,1.02165845669308,166,Primary,14541,D5,positive mortality association,TGFA;PYGL;PHKA2;TPST1;IRS2;ABCB6;HK2;B4GALT4;PDK3;PKM;EXT1;DSC2;P4HA2;LCT;QSOX1;ANKZF1;SAP30;MERTK;PKP2;CD44;SPAG4;RRAGD;IL13RA1;LDHA;G6PD;DEPDC1;PGM2;SLC16A3;B4GALT1;TALDO1;PAM;ALDOA;PGK1;PLOD1;ZNF292;ME2;IER3;RBCK1
HEDGEHOG_SIGNALING,0.061763655837201,0.108086397715102,0.0762633077782967,0.439377039993427,1.44153558930456,23,Primary,14541,D5,positive mortality association,ETS2;SLIT1;CDK5R1;NF1;GLI1;TLE3;TLE1;MYH9;RASA1;ACHE;PML
HEME_METABOLISM,4.04543839612302e-12,6.60754938033427e-11,0.281162603477836,0.461709060701363,2.30859510794709,189,Primary,14541,D5,positive mortality association,NFE2;SLC22A4;CCND3;ATP6V0A1;GCLM;EZH1;LPIN2;ABCB6;SLC25A37;ADD1;MBOAT2;NARF;LRP10;MARK3;FBXO34;CAST;ERMAP;GAPVD1;MAP2K3;SLC2A1;P4HA2;FOXO3;KHNYN;MPP1;FBXO9;PSMD9;RCL1;USP15;HTATIP2;CA2;NR3C1;NUDT4;SMOX;RHAG;ALAD;TNRC6B;SPTB;ADIPOR1;PICALM;PPP2R5B;KDM7A;BCAM;GDE1;TMCC2;DCAF10;SDCBP;EIF2AK1;HDGF;RAP1GAP;LAMP2;FOXJ2;RBM5;TAL1;RANBP10;KEL;ARHGEF12;DMTN;ANK1;MARCHF8;SEC14L1;SYNJ1;MARCHF2;SLC66A2;LMO2;RHD;RNF19A;KLF3;NEK7;AGPAT4;CTNS;FBXO7;GATA1;RBM38;FN3K;TOP1;XPO7;E2F2;BTRC;DAAM1;UBAC1;DCAF11;HAGH;SPTA1;RHCE;KAT2B;KLF1;MXI1;CLIC2;HTRA2;SLC6A8;SLC6A9;GYPC;CTSB;PDZK1IP1;EPOR;TRIM58;NFE2L1
HYPOXIA,1.65415374335842e-06,1.62107066849125e-05,0.203976791242268,0.400918556818421,1.94438984481066,153,Primary,14541,D5,positive mortality association,PFKFB3;NDRG1;FOSL2;SLC2A3;IRS2;SLC6A6;KLF7;TPST2;NFIL3;HK2;AMPD3;PDK3;RBPJ;PGM1;CA12;EXT1;NDST2;KLF6;PIM1;JMJD6;SLC2A1;TIPARP;P4HA2;WSB1;SIAH2;IDS;ANKZF1;SAP30;CCNG2;FOXO3;ADM;NEDD4L;PNRC1;RRAGD;LDHA;NR3C1;CSRP2;PYGM;SERPINE1;PGM2;PPP1R15A;HK1;NDST1;MAP3K1;CDKN1B;PAM;TNFAIP3;ALDOA;MYH9;TMEM45A;GAPDH;PGK1;PHKG1;ZNF292;IER3;ZFP36;KDM3A;CP;CITED2;GBE1;PLAC8;DUSP1;PDK1;ENO1;PRDX5;GYS1;NOCT;VLDLR;DDIT4;S100A4;UGP2;TGM2;GLRX;ATP7A;EFNA1;MXI1
IL2_STAT5_SIGNALING,0.00912303614687255,0.0233813743764083,0.120674297088992,0.290688642302675,1.44042847223385,177,Primary,14541,D5,positive mortality association,IL1R2;CST7;NDRG1;MAPKAPK2;IGF1R;CCND3;PLSCR1;SLC2A3;CKAP4;IL18R1;SCN9A;IL4R;HYCC2;MXD1;NFIL3;IGF2R;HK2;FURIN;ADAM19;HIPK2;ALCAM;KLF6;PIM1;IL1RL1;DENND5A;SELL;PLEC;IFITM3;CAPG;BATF;DCPS;EMP1;MAP3K8;CD44;SMPDL3A;RRAGD;ETFBKMT;CA2;SHE;CSF1;CAPN3;ST3GAL4;F2RL2;GABARAPL1;SPRED2;IFNGR1;GLIPR2;SLC39A8
IL6_JAK_STAT3_SIGNALING,1.08266822187926e-05,6.63134285901046e-05,0.188057309511404,0.478869554327134,2.04989865211459,72,Primary,14541,D5,positive mortality association,IL1R2;IL1R1;IL17RA;IL18R1;TLR2;STAT3;IL4R;IFNAR1;ACVR1B;IL10RB;TNFRSF1A;SOCS3;FAS;PIM1;CSF3R;CBL;PTPN1;IFNGR2;CSF2RA;PDGFC;MAP3K8;CD44;IL13RA1;GRB2;PIK3R5;CSF2RB;CSF1;TGFB1;IFNGR1;MYD88;IRF9;OSMR;SOCS1
INFLAMMATORY_RESPONSE,5.48739117483403e-05,0.000268882167566868,0.17664908299824,0.364606007290617,1.77405278551066,157,Primary,14541,D5,positive mortality association,KIF1B;IL1R1;IL18RAP;IL18R1;LCP2;TLR2;IL4R;IFNAR1;PTPRE;MXD1;ACVR1B;LYN;IRAK2;IFITM1;NFKB1;MEFV;CD55;C3AR1;SEMA4D;PSEN1;RHOG;RNF144B;KLF6;CSF3R;AQP9;IFNGR2;CD82;LDLR;PROK2;EIF2AK2;RAF1;NFKBIA;SELL;FPR1;HIF1A;ADM;ADGRE1;PTAFR;HPN;OSM;PIK3R5;TAPBP;SGMS2;CSF1;FZD5;SERPINE1;NLRP3;TLR1;KCNJ2;GPR132;GNAI3;NOD2;OSMR;DCBLD2;NMI;TNFSF10;NAMPT;CLEC5A;SLC31A2;IL10;RGS16;ITGA5;IRF7;FFAR2;IRF1;ICAM1;TNFAIP6;GNA15;ABI1
INTERFERON_ALPHA_RESPONSE,0.0432886448069779,0.0815824459823814,0.0870211644808265,0.306861371126313,1.37786435330838,94,Primary,14541,D5,positive mortality association,TRIM25;PLSCR1;IL4R;ADAR;IRF2;IFITM1;IFITM2;TRAFD1;TRIM5;EIF2AK2;SELL;TMEM140;IFITM3;TRIM21;PARP9;SP110;TDRD7;CSF1;GBP2;GMPR;IRF9;NMI;HELZ2;BATF2;OGFR;IFI27;TXNIP;SLC25A28;IRF7;MOV10;IRF1;TAP1;RNF31
INTERFERON_GAMMA_RESPONSE,0.0191603811074832,0.0447075559174608,0.111722689770913,0.273596390435475,1.36801146495122,189,Primary,14541,D5,positive mortality association,TRIM25;UPP1;EIF4E3;PLSCR1;NLRC5;LATS2;LCP2;STAT3;IL4R;ADAR;IRF2;NFKB1;SOCS3;IFITM2;FAS;PIM1;TRAFD1;PTPN1;JAK2;EIF2AK2;NFKBIA;ZNFX1;FPR1;IFITM3;TRIM21;RNF213;RIPK1;HIF1A;SP110;ARID5B;TDRD7;CD274;MVP;CSF2RB;CASP4;TAPBP;TMT1B;PELI1;C1R;MYD88;MX2;PTPN6;TNFAIP3;TOR1B;IRF9;IFNAR2;FCGR1A;SOCS1;NMI;TNFSF10;NAMPT;RBCK1;HELZ2;ST8SIA4;BATF2;OGFR;PML;IFI27;TXNIP;SLC25A28;IRF7;IRF1;RIGI;ICAM1;TNFAIP6;TAP1;RNF31
KRAS_SIGNALING_DN,0.378126532614026,0.48758421310756,0.0263044662674893,0.23805705821804,1.04316348552609,82,Primary,14541,D5,positive mortality association,ZBTB16;PTPRJ;TG;ASB7;CPEB3;MEFV;STAG3;ENTPD7;CCNA1;KCND1;HSD11B2;PTGFR;MAST3
KRAS_SIGNALING_UP,0.886572273222343,0.924298752933932,0.0125373914801392,0.168242889252575,0.807155022223018,142,Primary,14541,D5,positive mortality association,MMP9;ARG1;AVL9;GALNT3;DOCK2;TLR8;C3AR1;TOR1AIP2;CDADC1;LAT2;CBL;LCP1;ADAM17;PTBP2;CSF2RA;NIN;EMP1;GADD45G;F2RL1;CA2;LY96;PPP1R15A;MAP3K1;TNFAIP3;ALDH1A2;MTMR10;DCBLD2;SPRY2;ADAM8;IKZF1;TFPI;RGS16;FCER1G;ITGB2
MITOTIC_SPINDLE,1.26958945054715e-05,6.91220923075669e-05,0.188057309511404,0.359205455743774,1.80033485981612,193,Primary,14541,D5,positive mortality association,CDK5RAP2;KIF1B;CLASP1;AKAP13;KLC1;RANBP9;FGD4;SSH2;PREX1;ARL8A;DOCK2;GSN;TUBA4A;CSNK1D;KIF3C;ROCK1;ARHGEF11;RASA2;SPTBN1;NF1;CLIP1;NIN;WASF2;LMNB1;PPP4R2;CDC42EP2;PXN;CDC42EP4;PAFAH1B1;NOTCH2;NEDD9;CDC42EP1;ARHGEF2;NCK2;PRC1;CNTROB;CDC42BPA;CAPZB;ARFGEF1;STAU1;MYH9;APC;RASA1;FLNB;MARK4;ECT2;ABR;KIF4A;TUBD1;ARHGEF12;ITSN1;ARHGAP27;CYTH2;RALBP1;CDC42;KPTN;ACTN4;ARAP3;TTK;KIF11;MYO9B;MARCKS;ABI1;HDAC6;TAOK2;VCL;MAP1S;MYH10;KIF5B;WASF1;TBCD;NUSAP1;TUBGCP2;CEP192;PCNT;SOS1;RABGAP1;MAP3K11;PDLIM5;KIF15;TLK1;DYNLL2;KIF23
MTORC1_SIGNALING,0.0679611650485437,0.114830934047539,0.093923690818302,-0.226332435406342,-1.21967912332138,198,Primary,14541,D5,negative mortality association,UFM1;GTF2H1;HSPD1;FGL2;EEF1E1;ATP5MC1;HSPA9;M6PR;GGA2;PPIA;CACYBP;HSP90B1;PSMD14;PSMC2;EPRS1;SLC37A4;USO1;STARD4;INSIG1;MTHFD2L;IMMT;SHMT2;PITPNB;SC5D;SEC11A;TCEA1;MLLT11;PRDX1;CANX;SSR1;HSPA4;NUP205;CYB5B;RRP9;CXCR4;PPA1;XBP1;CCT6A;UCHL5;PHGDH;HMGCS1;RPA1;ARPC5L;TRIB3;RPN1;PSMA3;EBP;EDEM1;HSPA5;SERP1;FKBP2;PSMA4;PSMC6;CALR;SYTL2;SORD;HPRT1;EIF2S2;POLR3G
MYC_TARGETS_V1,1.2631318394907e-28,6.18934601350443e-27,0.439852669480972,-0.580940134524676,-3.13061869681718,198,Primary,14541,D5,negative mortality association,SRSF7;DDX18;SYNCRIP;BUB3;NPM1;SNRPA1;HNRNPR;ABCE1;SET;EEF1B2;FBL;TOMM70;RPL34;HSPD1;G3BP1;NOP56;RPL22;MRPS18B;MAD2L1;STARD7;RAN;DDX21;NDUFAB1;CCT4;CLNS1A;ILF2;RPS2;RSL1D1;RPLP0;RPS5;PPIA;APEX1;GLO1;MYC;EIF2S1;POLE3;VDAC1;RPS3;RPL6;SNRPD2;RPS10;PSMD14;RPL18;SSBP1;CCT2;EPRS1;PHB1;SRSF2;RPS6;SRSF3;PSMD8;EIF3D;NCBP2;GNL3;IMPDH2;DHX15;IARS1;DUT;PSMA2;PCNA;PRDX4;ERH;KARS1;HNRNPD;HDAC2;C1QBP;CCT7;YWHAQ;PRPS2;RACK1;PABPC4;CANX;SLC25A3;TXNL4A;SERBP1;RRP9;CDK4;MRPL23;ACP1;PHB2;MRPL9;TUFM;NME1;UBE2E1;SNRPA;RFC4;HNRNPA3;CUL1;NAP1L1;HNRNPA1;HSP90AB1;XRCC6;PSMA1;SNRPD1;SNRPB2;CTPS1;ODC1;SRM;SNRPD3;VDAC3;UBA2;TRA2B;RANBP1;PSMA4;PSMC6;AIMP2;EIF4A1;RRM1;RPL14;EIF4E;HPRT1;EIF2S2;MCM5;COX5A;NCBP1;HSPE1;PRDX3;PSMB2;HDDC2;XPOT;CSTF2;SRSF1;SMARCC1;NOLC1;TCP1;CCT3;PWP1;MCM7;COPS5;SSB;PSMC4;CNBP;EIF3B;PPM1G;POLD2;GOT2;SF3B3;CCT5;PSMD7;LSM7;SNRPG;PSMA6
MYC_TARGETS_V2,2.36307842060919e-06,1.65415489442643e-05,0.198811983535242,-0.517822382985978,-2.22695119373384,57,Primary,14541,D5,negative mortality association,DDX18;WDR43;NPM1;HSPD1;NOP56;NDUFAF4;MYC;PPAN;PHB1;UTP20;PES1;GNL3;DCTPP1;MRTO4;PRMT3;RRP9;CDK4;PUS1;GRWD1;TFB2M;TBRG4;SRM;LAS1L;AIMP2;IMP4;MPHOSPH10;SORD;MCM5;HSPE1;NOLC1;DUSP2;IPO4;TMEM97;MYBBP1A;NIP7;FARSA
MYOGENESIS,0.18243670886076,0.279356210443038,0.0399729091433235,0.250732238958741,1.16519760832891,115,Primary,14541,D5,positive mortality association,ACSL1;SVIL;MEF2A;COL4A2;ITGA7;GSN;MYBPC3;DAPK2;MYOM1;FOXO4;PDLIM7;KLF5;NQO1;TGFB1;PYGM;CLU;KIFC3;MYH9;TPM3;MYH11;NOTCH1;ACHE;RIT1;CKB;GADD45B;DMPK;COL6A3;MYL6B;BAG1;MAPRE3;IFRD1;LSP1;ATP6AP1;GPX3;SMTN;KCNH2;APP;TAGLN;NCAM1;AK1;HDAC5;MYLK;SLC6A8;FLII;MYO1C;CHRNG;GABARAPL2;AKT2;ITGB5;SPARC;PICK1;NAV2;IGFBP7;TSC2;SCD;MAPK12
NOTCH_SIGNALING,0.562356717102247,0.640825096232793,0.0253090075669071,-0.261427829058664,-0.932405789863031,26,Primary,14541,D5,negative mortality association,DTX4;MAML2;LFNG;HES1;PSEN2;CUL1;ARRB1;FZD1;SKP1
OXIDATIVE_PHOSPHORYLATION,7.23719118811779e-14,1.77311184108886e-12,0.302546474122708,-0.451539088098289,-2.43614140782535,200,Primary,14541,D5,negative mortality association,MRPS30;LRPPRC;PDP1;TIMM17A;CYCS;LDHB;TOMM70;ABCB7;MRPL35;ATP5MC1;HSPA9;NDUFAB1;COX10;NDUFB5;OXA1L;MDH1;MRPL15;ATP5PO;DLAT;ECHS1;TOMM22;VDAC1;COX7C;COX6C;ATP5F1A;NDUFS3;SLC25A4;ACAA2;UQCRC2;ATP5MC2;ECI1;NDUFB2;COX7A2;SLC25A5;BDH2;VDAC2;MRPL11;CASP7;NDUFA4;GLUD1;HSD17B10;IMMT;NDUFV1;ACADSB;TIMM13;PHYH;ATP5MC3;ATP5PB;SLC25A6;PMPCA;NDUFA8;NDUFB8;TIMM50;SLC25A3;FDX1;IDH2;ACADM;SDHD;TIMM10;NDUFA5;PDK4;PHB2;MRPS12;OPA1;TIMM9;NNT;PDHA1;COX4I1;SLC25A12;MGST3;ATP6V1F;SLC25A20;UQCRFS1;NDUFA6;UQCR10;VDAC3;ATP5F1C;SUCLA2;UQCRQ
P53_PATHWAY,0.0794180054561988,0.129716075578458,0.061381954012731,0.249509205916725,1.23988066689496,181,Primary,14541,D5,positive mortality association,TGFA;UPP1;ZBTB16;GADD45A;NDRG1;CCND3;PTPRE;NUPR1;MXD1;ALOX15B;ACVR1B;ABHD4;APAF1;SP1;CEBPA;HEXIM1;FAS;DRAM1;CDK5R1;TRAFD1;CD82;PRMT2;STOM;FOXO3;INHBB;TOB1;RHBDF2;RNF19B;RXRA;TGFB1;GPX2;PPM1D;CCP110;PPP1R15A;PRKAB1;FGF13;CSRNP2;NOTCH1;SOCS1;CTSD;IP6K2;IER3;DEF6;RGS16;HSPA4L;CYFIP2;TXNIP;MKNK2;STEAP3;SERTAD3;PLK3;ZFP36L1;GM2A;TAP1
PEROXISOME,0.426788036410923,0.522815344603381,0.0325670705681411,-0.216014503093576,-1.01194998672524,86,Primary,14541,D5,negative mortality association,ABCD2;CLN6;SLC25A4;SLC23A2;HRAS;SCP2;SLC35B2;SLC25A19;DHRS3;EPHX2;PRDX1;CADM1;IDH2;HSD17B4;ERCC3;ACSL5;SOD1;CTPS1;ECI2;ABCB4;ITGB1BP1;ABCD3;ABCB1;MSH2;PEX11B;EHHADH;SMARCC1;ALDH9A1;ISOC1;CNBP;IDE;SLC27A2;RDH11;ECH1;PEX2;MLYCD
PI3K_AKT_MTOR_SIGNALING,0.00013863537724683,0.000617557589554062,0.164451346566605,0.413503012580938,1.84630269094626,92,Primary,14541,D5,positive mortality association,MKNK1;MAP2K6;PRKCB;SLA;MAPK1;CAB39;VAV3;PRKAR2A;DUSP3;GSK3B;RAC1;RALB;TNFRSF1A;PTEN;MAP2K3;SLC2A1;RPS6KA3;RAF1;RIPK1;RPS6KA1;GRB2;PIKFYVE;AKT1S1;CFL1;MYD88;UBE2D3;CDKN1B;YWHAB;IRAK4;RIT1;ACTR2;ITPR2;GRK2;ACTR3;MAPK10;SMAD2;CLTC;TBK1;E2F1;MKNK2;ARF1
PROTEIN_SECRETION,0.934690553745928,0.954163273615635,0.0124328647867731,0.165518334617777,0.735065447878963,89,Primary,14541,D5,positive mortality association,KIF1B;MAPK1;IGF2R;STX16;RPS6KA3;GNAS;STX7;AP2B1;GLA;CD63;PAM;ARFGEF1;AP1G1;LAMP2;RAB5A;STAM;VAMP3;CLTC;SEC22B;ARF1;SGMS1;COPB1;ABCA1;CLN5;RAB2A;AP2S1;ATP7A
REACTIVE_OXYGEN_SPECIES_PATHWAY,0.0205196992647015,0.0457029665441079,0.111722689770913,0.385658931471247,1.51860276642506,48,Primary,14541,D5,positive mortality association,GSR;GCLM;HHEX;MBP;FES;MSRA;SBNO2;CDKN2D;G6PD;NQO1;OXSR1;FTL;TXNRD1;EGLN2;SRXN1;LSP1;GPX3;JUNB;TXN;GLRX;PRDX6
SPERMATOGENESIS,0.82907065079767,0.902765819757463,0.0206808421906048,-0.181629079164223,-0.822343119693517,72,Primary,14541,D5,negative mortality association,CAMK4;ZC3H14;TSN;SLC12A2;LPIN1;ALOX15;PARP2;TKTL1;PEBP1;RAD17
TGF_BETA_SIGNALING,0.00954341811281973,0.0233813743764083,0.120674297088992,0.408870717241641,1.6100034295709,48,Primary,14541,D5,positive mortality association,FURIN;FKBP1A;HIPK2;TGFBR1;RAB31;IFNGR2;SPTBN1;SMAD1;TGFB1;SKI;SERPINE1;PPP1R15A;UBE2D3;CTNNB1;XIAP;APC;SMURF1;PPM1A;BMPR2;THBS1
TNFA_SIGNALING_VIA_NFKB,0.000245333637505637,0.00100177901981468,0.157999743098826,0.338190853500147,1.66949429548444,173,Primary,14541,D5,positive mortality association,BCL6;ETS2;GADD45A;CFLAR;PFKFB3;FOSL2;SLC2A3;B4GALT5;IRS2;TLR2;PTPRE;BCL2A1;MXD1;NFIL3;RCAN1;KLF9;NFKB1;SOCS3;TNIP1;LITAF;DRAM1;KLF6;MAP2K3;DENND5A;TIPARP;IFNGR2;LDLR;NFKBIA;EHD1;BCL3;PER1;RNF19B;MAP3K8;CD44;F2RL1;PNRC1;CEBPB;ZC3H12A;KDM6B;NFE2L2;CSF1;CEBPD;SERPINE1;PPP1R15A;AREG;NFAT5;B4GALT1;STAT5A;TNFAIP3;JAG1;TUBB2A;REL;DNAJB4;GADD45B;NAMPT;IER3;TANK;PHLDA1;TNIP2;ZFP36;IRF1;MARCKS;RIGI;DUSP1;ICAM1;TNFAIP6;TAP1;TRIB1
UNFOLDED_PROTEIN_RESPONSE,2.08475203522758e-06,1.65415489442643e-05,0.198811983535242,-0.416352055505618,-2.03624559061122,109,Primary,14541,D5,negative mortality association,NPM1;IMP3;NOP56;EXOSC2;EIF2AK3;HSPA9;EXOSC9;EIF2S1;HSP90B1;RPS14;PDIA6;EIF4A2;CEBPG;DNAJB9;SKIC3;SLC30A5;SRPRB;IARS1;SEC31A;SPCS1;LSM4;SEC11A;WFS1;SSR1;MTREX;HERPUD1;RRP9;BANF1;DDX10;XBP1;SPCS3;EIF4EBP1;EXOC2;YIF1A;EDEM1;HSPA5;SERP1;ALDH18A1;HYOU1;CNOT2;SDAD1;EIF4A1;EIF4E;CALR;PAIP1;BAG3;CKS1B;XPOT;MTHFD2;NOLC1;FUS;GOSR2;NOP14;EEF2
UV_RESPONSE_DN,0.0411392405063291,0.0806329113924051,0.0883886491452962,0.2910098530428,1.35237489272935,115,Primary,14541,D5,positive mortality association,MAPK14;SYNE1;ATP2B4;ATXN1;IGF1R;DYRK1A;WDR37;CELF2;NFKB1;APBB2;PTEN;GCNT1;LDLR;RASA2;PRDM2;SCN8A;PPARG;PTGFR;PIK3CD;RXRA;SCAF8;NR3C1;FHL2;NOTCH2;NIPBL;SERPINE1;CDC42BPA;TGFBR2;CDKN1B;CACNA1A;RBPMS;PRKCE
UV_RESPONSE_UP,0.753846153846154,0.83951048951049,0.015011881330445,0.184248275209536,0.869110355021054,127,Primary,14541,D5,positive mortality association,GRINA;ARRB2;CCND3;ATP6V1C1;ALAS1;PRKCD;LYN;FURIN;TUBA4A;MAOA;AGO2;MARK2;RAB27A;NFKBIA;CHKA;ACAA1;CA2;PDAP1;GRPEL1;APOM;ALDOA;NUP58;PRKACA
WNT_BETA_CATENIN_SIGNALING,0.553332173307813,0.640825096232793,0.021130427785357,0.260656136376247,0.934097773587824,32,Primary,14541,D5,positive mortality association,NUMB;RBPJ;ADAM17;MAML1;NKD1;CTNNB1;FRAT1;JAG1;NOTCH1;NCSTN
XENOBIOTIC_METABOLISM,0.00258008058799609,0.00842826325412055,0.136831791314999,0.325774594116889,1.56001137939809,141,Primary,14541,D5,positive mortality association,UPP1;IL1R1;ETS2;PGD;GSR;TPST1;ALAS1;POR;LPIN2;SLC6A6;ACOX1;DDAH2;TNFRSF1A;ARG1;UPB1;MAOA;PINK1;ESR1;FAS;AQP9;VNN1;SLC22A1;SLC46A3;CA2;CDA;SMOX;ITIH4;ABCC2;NQO1;HES6;CSAD;SERPINE1;GABARAPL1;MARCHF6
ADIPOGENESIS,0.714689265536723,0.79590395480226,0.0247933781576858,-0.175634342923689,-0.907535363129486,158,PH_pass,12380,D5,negative mortality association,NDUFAB1;MRPL15;ATP5PO;DLAT;ECHS1;AK2;NDUFS3;SLC66A3;ACAA2;DBT;DNAJB9;HADH;ATP1B3;MAP4K3;ENPP2;PDCD4;IMMT;SCP2;PHYH;EPHX2;ANGPT1;JAGN1;PTCD3;DNAJC15;ACADM;SLC25A10;NDUFA5;REEP5;SSPN
ALLOGRAFT_REJECTION,0.000344350822320281,0.00168731902936938,0.157999743098826,-0.3275541578744,-1.66664895044091,142,PH_pass,12380,D5,negative mortality association,HLA-DRA;NPM1;ABCE1;RPS3A;LY75;HLA-DMB;HLA-DMA;ITK;CD3D;SIT1;TRAT1;CD3G;EIF3A;CD86;DARS1;RPL9;CTSS;CD28;UBE2N;RPL39;IL7;HLA-DOA;LY86;CD40LG;RPS19;EIF3D;HDAC9;CD8B;TNF;LCK;IRF8;IRF4;CD74;RIPK2;HLA-DQA1;CCR2;FCGR2B;MRPL3;CD2;STAT4;ZAP70;CD8A;NME1;CD3E;CD79A;IL15
ANDROGEN_RESPONSE,0.0870073480293921,0.142191676212295,0.0615683355795463,0.303795975236191,1.3069395627854,76,PH_pass,12380,D5,positive mortality association,FKBP5;CAMKK2;GSR;CCND3;HPGD;PTK2B;SLC38A2;HERC3;ACTN1;MAK;RPS6KA3;IQGAP2;ACSL3;MERTK;MYL12A;ARID5B
ANGIOGENESIS,0.782742960944596,0.846916211729053,0.0165818536337095,0.249547935251058,0.77712563406924,19,PH_pass,12380,D5,positive mortality association,LRPAP1;JAG1;FGFR1;PGLYRP1;APP;S100A4;TIMP1;FSTL1;VEGFA;PF4
APICAL_JUNCTION,0.00384306485931539,0.0113702780265192,0.136831791314999,0.342250221582357,1.57614561168762,111,PH_pass,12380,D5,positive mortality association,MAPK14;SIRPA;ADAM9;PIK3CB;SKAP2;MMP9;CAP1;ALOX15B;ACTN1;MAPK13;PTEN;NF1;ITGA10;THBS3;RAC2;VASP;MAP3K20;IKBKG;ZYX;ACTB;CNN2;PCDH1;COL17A1;FYB1;RASA1;ICAM5;PBX2;INPPL1;CTNNA1;STX4;CLDN15;NECTIN2;CLDN9;ACTN4;GNAI2;SHC1;ICAM1;YWHAH;TUBG1;TAOK2;VCL;MPZL1;MYH10;PARD6G;BAIAP2
APICAL_SURFACE,0.216654778887304,0.331752630171184,0.0388025714978873,0.365510695433147,1.20063217878123,23,PH_pass,12380,D5,positive mortality association,FLOT2;LYN;PCSK9;CRYBG1;DCBLD2;SLC2A4;ADIPOR2;APP;HSPB1;IL2RG
APOPTOSIS,0.656058158319871,0.765401184706516,0.0174488634993075,0.196066622539028,0.906269217057637,114,PH_pass,12380,D5,positive mortality association,GADD45A;CFLAR;GSR;HGF;IGF2R;ADD1;TIMP2;GSN;RARA;PSEN1;CREBBP;CCNA1;IFITM3;EMP1;CD44;NEDD9;PPP2R5B;CTNNB1;CLU;XIAP;TSPO;DNAJC3;IER3;TXNIP;BCAP31;PPP3R1;IRF1;TAP1;GNA15;GPX3;F2R;APP
BILE_ACID_METABOLISM,0.327864838393732,0.466901231465192,0.0366997894072305,-0.24036059851851,-1.06985439056752,66,PH_pass,12380,D5,negative mortality association,ABCD2;CYP27A1;NR3C2;HACL1;PAOX;PEX12;EFHC1;LCK;SCP2;SLC35B2;PHYH;EPHX2;IDH2;HSD17B4;PEX7;ACSL5;SOD1;SLC29A1;TFCP2L1;ABCD3;AMACR
CHOLESTEROL_HOMEOSTASIS,0.0810117928559221,0.141770637497864,0.0647115329729563,0.325488833854323,1.3348080983779,59,PH_pass,12380,D5,positive mortality association,PLSCR1;ABCA2;NIBAN1;PDK3;LDLR;PPARG;S100A11;PNRC1;CHKA;ACSS2;DHCR7;CTNNB1;CLU;JAG1
COAGULATION,0.0217318014943547,0.050707536820161,0.111722689770913,0.336771274679693,1.4488003079908,76,PH_pass,12380,D5,positive mortality association,ADAM9;MMP9;KLF7;FURIN;RAC1;GSN;SERPINA1;RABIF;CTSK;WDR1;HPN;F2RL2;SERPINE1;F12;C1R;CLU;LAMP2;MMP8;GNB2;THBS1;F8;FN1;PLAU;GP1BA;ITGB3;TIMP1;CASP9;P2RY1;CTSB;CFB;PEF1;SERPINB2;CPQ;SPARC;MST1;PF4
COMPLEMENT,0.00201159285938445,0.00657120334065587,0.136831791314999,0.329929062263222,1.58158988315115,144,PH_pass,12380,D5,positive mortality association,ITGAM;CR1;ADAM9;PLSCR1;PIK3CG;LCP2;HSPA1A;PRKCD;DGKH;LYN;PCSK9;IRF2;TIMP2;COL4A2;CD55;S100A12;PSEN1;RHOG;SERPINA1;CDK5R1;GCA;RAF1;RABIF;F5;EHD1;CD59;GRB2;PIK3R5;CA2;CEBPB;CDA;MSRB1;PIK3CA;SERPINE1;PRSS36;C1R;CLU;BRPF3;TNFAIP3;AKAP10;WAS;LAMP2;CPM;GNAI3;MMP8;GNB2;CTSD
DNA_REPAIR,0.00417683682606828,0.0113702780265192,0.129006250027651,-0.303804933985895,-1.52124155904278,125,PH_pass,12380,D5,negative mortality association,RNMT;GTF2H1;GTF2H3;NUDT21;ERCC8;ADA;APRT;NCBP2;POLR2D;IMPDH2;DUT;ERCC4;PCNA;SF3A3;ITPA;MRPL40;POLR2K;RFC3;POLR1C;POLR2C;RPA3;NFX1;UMPS;NME3;SEC61A1;ERCC3;AK3;EDF1;NME1;TMED2;PDE4B;GTF2A2;TP53;RFC4;TAF9
E2F_TARGETS,1.50423034287779e-05,0.000105296124001445,0.188057309511404,-0.345400196770061,-1.79990025127344,167,PH_pass,12380,D5,negative mortality association,SYNCRIP;NOP56;EED;NUDT21;MAD2L1;RAN;MYC;EIF2S1;AK2;PAICS;KIF22;SLBP;STMN1;SRSF2;TMPO;DCTPP1;DUT;RAD50;WDR90;PHF5A;PCNA;PRDX4;IPO7;RFC3;MLH1;HNRNPD;CSE1L;RAD1;RPA3;RBBP7;CDK4;NUP107;NME1;TBRG4;TP53;RPA1;CENPM;NAP1L1;XRCC6;MRE11;CTPS1;SSRP1;RFC1;TRA2B;RANBP1;CDK1;MSH2;SNRPB;MCM5;SMC4;ZW10;RNASEH2A;CKS1B;SRSF1;MTHFD2;NOLC1;POLD1;DSCC1;UBR7;RRM2;MCM7;EXOSC8;HELLS;POLD2;CCNE1
EPITHELIAL_MESENCHYMAL_TRANSITION,0.534632389061733,0.654924676600622,0.0207231791861388,0.212449238727437,0.960415339165157,100,PH_pass,12380,D5,positive mortality association,GADD45A;BASP1;COL4A2;FBN2;PCOLCE2;EFEMP2;CAPG;CD59;CD44;COL7A1;TGFB1;SERPINE1;AREG;WIPF1;COLGALT1;TNFAIP3;TPM1;PLOD1;COPA;COL6A3;LOXL1;THBS1;ACTA2;ITGA5;VIM;SFRP4;FN1;TAGLN;TGM2;ITGB3;TIMP1;MYLK;SLC6A8;CXCL1;PTX3;PDGFRB;FSTL1;ITGB5;SNTB1;SPARC;LAMC1;LGALS1;VEGFA
ESTROGEN_RESPONSE_EARLY,0.000438662211748838,0.00195404076142664,0.157999743098826,0.374431462525017,1.72560140005717,112,PH_pass,12380,D5,positive mortality association,FKBP5;AFF1;IGF1R;SVIL;MREG;KAZN;MED13L;OLFML3;CA12;RARA;TTC39A;KDM4B;RAB31;SLC2A1;TIPARP;SIAH2;GAB2;MINDY1;INHBB;FOXC1;RHOBTB3;TOB1;UGCG;CD44;ANXA9;FHL2;GLA;CANT1;AREG;TUBB2B;DHCR7;NADSYN1;SH3BP5;FLNB;CISH;AMFR;DLC1;RAPGEFL1;BAG1;SLC7A5;KCNK5;IL17RB;ALDH3B1;IL6ST;PODXL;SEMA3B;ELF3;ADD3;ITPK1;TGM2;SLC24A3
ESTROGEN_RESPONSE_LATE,0.405128205128205,0.551424501424502,0.0248065053712848,0.219709532976262,1.02698517189433,122,PH_pass,12380,D5,positive mortality association,ATP2B4;FKBP5;AFF1;MAPK13;CA12;RAB31;SERPINA1;CCNA1;SIAH2;IMPA2;FOXC1;TOB1;CD44;ANXA9;CA2;GLA;JAK1;AREG;DHCR7;PTPN6;ST6GALNAC2;FLNB;CISH;CKB;AMFR;XRCC3;RAPGEFL1;BAG1;SLC7A5;HSPA4L;ZFP36;KCNK5
FATTY_ACID_METABOLISM,0.0124698713559631,0.0321591419180102,0.120674297088992,-0.289286945463972,-1.43708345608047,120,PH_pass,12380,D5,negative mortality association,OSTC;MDH1;METAP1;APEX1;ECHS1;ACSS1;ACAA2;ACAT2;ECI1;HADH;SUCLG2;HSD17B10;MCEE;CBR1;ADSL;ACADM;PSME1;HSPH1;SDHD;ALDH3A2;HSD17B4;ACOT2;BPHL;ACSL5;PCBD1;HMGCS1;PDHA1;UGDH;ODC1;ECI2;CPT2;SUCLA2;GCDH;RAP1GDS1;PTS;XIST;CD36;MIF;ENO2;BLVRA;MIX23;EHHADH;NTHL1;ALDH9A1;ACO2;HSD17B7;SMS;IDH3B;MDH2;FH;CPOX;RDH11;ECH1;S100A10;ALDH1A1;DLST;H2AZ1;IDH3G
G2M_CHECKPOINT,0.69103176834411,0.787454805787474,0.0252748722149536,-0.177155226519843,-0.915562574915276,157,PH_pass,12380,D5,negative mortality association,SYNCRIP;BUB3;SLC38A1;G3BP1;SRSF10;MAD2L1;PURA;MYC;NCL;KIF22;STMN1;SRSF2;CUL5;HSPA8;TMPO;ORC5
GLYCOLYSIS,0.478523802139867,0.617043850127723,0.021597177421611,0.205157071573306,0.989325775791132,148,PH_pass,12380,D5,positive mortality association,PYGL;PHKA2;TPST1;IRS2;ABCB6;HK2;B4GALT4;PDK3;PKM;EXT1;DSC2;P4HA2;LCT;ANKZF1;SAP30;MERTK;PKP2;CD44;SPAG4;RRAGD;IL13RA1;LDHA;G6PD;DEPDC1;PGM2;SLC16A3;TALDO1;PAM;ALDOA
HEDGEHOG_SIGNALING,0.0520945220193341,0.102105263157895,0.0834065212039972,0.466760801519606,1.47792305681992,20,PH_pass,12380,D5,positive mortality association,ETS2;SLIT1;CDK5R1;NF1;GLI1;TLE3;TLE1;RASA1;ACHE;PML
HEME_METABOLISM,2.09964476145358e-11,3.42941977704084e-10,0.273663582629998,0.47008400634696,2.30342665313859,168,PH_pass,12380,D5,positive mortality association,NFE2;SLC22A4;CCND3;ATP6V0A1;GCLM;EZH1;LPIN2;ABCB6;SLC25A37;ADD1;MBOAT2;NARF;LRP10;MARK3;FBXO34;CAST;ERMAP;GAPVD1;MAP2K3;SLC2A1;P4HA2;FOXO3;KHNYN;MPP1;FBXO9;PSMD9;RCL1;CA2;NR3C1;NUDT4;SMOX;ALAD;TNRC6B;SPTB;ADIPOR1;PICALM;PPP2R5B;BCAM;GDE1;TMCC2;DCAF10;SDCBP;EIF2AK1;HDGF;RAP1GAP;LAMP2;RBM5;TAL1;RANBP10;KEL;ARHGEF12;DMTN;ANK1;MARCHF8;SEC14L1;SYNJ1;MARCHF2;SLC66A2;LMO2;RHD;KLF3;NEK7;CTNS;FBXO7;GATA1;RBM38;FN3K;XPO7;E2F2;BTRC;DAAM1;DCAF11;HAGH;SPTA1;RHCE;KAT2B;KLF1;MXI1;CLIC2;SLC6A8;SLC6A9;GYPC;CTSB;PDZK1IP1;EPOR;TRIM58;NFE2L1;VEZF1;HMBS
HYPOXIA,8.71840560285611e-07,1.06800468634987e-05,0.209014013725794,0.42794347075916,2.02000637431782,130,PH_pass,12380,D5,positive mortality association,PFKFB3;FOSL2;SLC2A3;IRS2;SLC6A6;KLF7;TPST2;HK2;AMPD3;PDK3;RBPJ;PGM1;CA12;EXT1;NDST2;KLF6;JMJD6;SLC2A1;TIPARP;P4HA2;WSB1;SIAH2;IDS;ANKZF1;SAP30;CCNG2;FOXO3;ADM;NEDD4L;PNRC1;RRAGD;LDHA;NR3C1;CSRP2;PYGM;SERPINE1;PGM2;PPP1R15A;HK1;NDST1;MAP3K1;PAM;TNFAIP3;ALDOA;TMEM45A;GAPDH;PGK1;IER3;ZFP36;KDM3A;CP;CITED2;GBE1;PLAC8;DUSP1;ENO1;PRDX5
IL2_STAT5_SIGNALING,0.0652207832735216,0.122916091553945,0.0691171906949246,0.268615956654154,1.29091476198489,146,PH_pass,12380,D5,positive mortality association,IL1R2;CST7;MAPKAPK2;IGF1R;CCND3;PLSCR1;SLC2A3;CKAP4;SCN9A;IL4R;HYCC2;MXD1;IGF2R;HK2;FURIN;ADAM19;HIPK2;KLF6;DENND5A;PLEC;IFITM3;CAPG;DCPS;EMP1;CD44;SMPDL3A;RRAGD;ETFBKMT;CA2;SHE;CSF1;CAPN3;ST3GAL4;F2RL2;SPRED2;GLIPR2;SLC39A8
IL6_JAK_STAT3_SIGNALING,0.00122521922317527,0.00500297849463235,0.144233372292081,0.421658945020396,1.76077958073727,64,PH_pass,12380,D5,positive mortality association,IL1R2;IL1R1;IL17RA;STAT3;IL4R;IFNAR1;ACVR1B;IL10RB;TNFRSF1A;SOCS3;CSF3R;PTPN1;IFNGR2;CSF2RA;PDGFC;CD44;IL13RA1;GRB2;PIK3R5;CSF2RB;CSF1;TGFB1;MYD88;IRF9;OSMR;SOCS1
INFLAMMATORY_RESPONSE,0.00151957869134402,0.0057276427596813,0.144233372292081,0.341107965621656,1.61562777581849,133,PH_pass,12380,D5,positive mortality association,KIF1B;IL1R1;LCP2;IL4R;IFNAR1;PTPRE;MXD1;ACVR1B;LYN;IRAK2;NFKB1;MEFV;CD55;C3AR1;SEMA4D;PSEN1;RHOG;RNF144B;KLF6;CSF3R;AQP9;IFNGR2;CD82;LDLR;PROK2;EIF2AK2;RAF1;NFKBIA;FPR1;ADM;ADGRE1;PTAFR;HPN;OSM;PIK3R5;TAPBP;SGMS2;CSF1;FZD5;SERPINE1;KCNJ2;GPR132;GNAI3;NOD2;OSMR;DCBLD2;CLEC5A;SLC31A2
INTERFERON_ALPHA_RESPONSE,0.33254756693046,0.466901231465192,0.0290860458768323,0.254063849199382,1.07165701398296,68,PH_pass,12380,D5,positive mortality association,TRIM25;PLSCR1;IL4R;ADAR;IRF2;IFITM2;TRIM5;EIF2AK2;IFITM3;SP110;CSF1;GMPR;IRF9;HELZ2;OGFR;IFI27;TXNIP;SLC25A28;MOV10;IRF1;TAP1;RNF31
INTERFERON_GAMMA_RESPONSE,0.127402355858648,0.20137791732496,0.0482233696391913,0.24825553890348,1.19906140375456,150,PH_pass,12380,D5,positive mortality association,TRIM25;UPP1;EIF4E3;PLSCR1;NLRC5;LATS2;LCP2;STAT3;IL4R;ADAR;IRF2;NFKB1;SOCS3;IFITM2;PTPN1;EIF2AK2;NFKBIA;ZNFX1;FPR1;IFITM3;RNF213;RIPK1;SP110;ARID5B;MVP;CSF2RB;TAPBP;TMT1B;C1R;MYD88;MX2;PTPN6;TNFAIP3;TOR1B;IRF9;IFNAR2
KRAS_SIGNALING_DN,0.497569153394803,0.625150987598599,0.0222094919443809,0.228264839889966,0.974303828072149,72,PH_pass,12380,D5,positive mortality association,ZBTB16;TG;ASB7;CPEB3;MEFV;STAG3;ENTPD7;CCNA1;KCND1;HSD11B2;PTGFR
KRAS_SIGNALING_UP,0.949679487179487,0.949679487179487,0.0119636854544207,0.159257268887332,0.744414006293251,122,PH_pass,12380,D5,positive mortality association,MMP9;ARG1;AVL9;DOCK2;C3AR1;TOR1AIP2;CDADC1;LAT2;LCP1;ADAM17;PTBP2;CSF2RA;EMP1;GADD45G;F2RL1;CA2;PPP1R15A;MAP3K1;TNFAIP3;ALDH1A2;MTMR10;DCBLD2;SPRY2;ADAM8;TFPI;FCER1G;ITGB2
MITOTIC_SPINDLE,0.000106226236281422,0.00065063569722371,0.170659227573092,0.355836221173844,1.73463836139214,162,PH_pass,12380,D5,positive mortality association,KIF1B;CLASP1;AKAP13;KLC1;RANBP9;FGD4;SSH2;PREX1;ARL8A;DOCK2;GSN;TUBA4A;CSNK1D;KIF3C;ARHGEF11;SPTBN1;NF1;CLIP1;WASF2;LMNB1;CDC42EP2;PXN;CDC42EP4;PAFAH1B1;NEDD9;CDC42EP1;ARHGEF2;NCK2;PRC1;CNTROB;CDC42BPA;ARFGEF1;STAU1;RASA1;FLNB;MARK4;ECT2;KIF4A;TUBD1;ARHGEF12;ITSN1;ARHGAP27;CYTH2;RALBP1;CDC42;KPTN;ACTN4;ARAP3;TTK;KIF11;MARCKS;ABI1;HDAC6;TAOK2;VCL;MAP1S;MYH10;NUSAP1;CEP192;PCNT;SOS1;RABGAP1;MAP3K11;PDLIM5;KIF15;TLK1;DYNLL2;KIF23
MTORC1_SIGNALING,0.0230408355799248,0.0513182247007415,0.111722689770913,-0.251907562491676,-1.31813774867659,174,PH_pass,12380,D5,negative mortality association,UFM1;GTF2H1;HSPD1;FGL2;EEF1E1;ATP5MC1;HSPA9;M6PR;PPIA;CACYBP;HSP90B1;PSMD14;PSMC2;EPRS1;SLC37A4;USO1;STARD4;INSIG1;MTHFD2L;IMMT;SHMT2;PITPNB;SC5D;SEC11A;TCEA1;MLLT11;PRDX1;CANX;SSR1;HSPA4;CYB5B;RRP9;CXCR4;PPA1;XBP1;CCT6A;UCHL5;PHGDH;HMGCS1;RPA1;ARPC5L;TRIB3;RPN1;PSMA3;EBP;EDEM1;HSPA5;SERP1;FKBP2;PSMA4;PSMC6;CALR;SYTL2;SORD;HPRT1;EIF2S2;POLR3G
MYC_TARGETS_V1,1.69530969899668e-26,8.30701752508375e-25,0.422975276903527,-0.584934044102697,-3.08229780193695,181,PH_pass,12380,D5,negative mortality association,SRSF7;DDX18;SYNCRIP;BUB3;NPM1;HNRNPR;ABCE1;SET;EEF1B2;FBL;TOMM70;RPL34;HSPD1;G3BP1;NOP56;RPL22;MRPS18B;MAD2L1;STARD7;RAN;DDX21;NDUFAB1;CCT4;CLNS1A;ILF2;RPS2;RSL1D1;RPLP0;RPS5;PPIA;APEX1;GLO1;MYC;EIF2S1;POLE3;VDAC1;RPS3;SNRPD2;RPS10;PSMD14;RPL18;SSBP1;CCT2;EPRS1;PHB1;SRSF2;RPS6;SRSF3;PSMD8;EIF3D;NCBP2;GNL3;IMPDH2;DHX15;IARS1;DUT;PCNA;PRDX4;KARS1;HNRNPD;C1QBP;CCT7;YWHAQ;PRPS2;RACK1;CANX;SLC25A3;TXNL4A;SERBP1;RRP9;CDK4;MRPL23;ACP1;PHB2;MRPL9;TUFM;NME1;UBE2E1;SNRPA;RFC4;HNRNPA3;CUL1;NAP1L1;HNRNPA1;HSP90AB1;XRCC6;PSMA1;SNRPD1;SNRPB2;CTPS1;ODC1;SRM;SNRPD3;VDAC3;UBA2;TRA2B;RANBP1;PSMA4;PSMC6;AIMP2;EIF4A1;RRM1;RPL14;HPRT1;EIF2S2;MCM5;COX5A;NCBP1;HSPE1;PRDX3;PSMB2;HDDC2;XPOT;CSTF2;SRSF1;NOLC1
MYC_TARGETS_V2,5.13690873827151e-06,5.03417056350608e-05,0.193509375041476,-0.515844735421275,-2.20113986023901,54,PH_pass,12380,D5,negative mortality association,DDX18;WDR43;NPM1;HSPD1;NOP56;NDUFAF4;MYC;PPAN;PHB1;UTP20;PES1;GNL3;DCTPP1;MRTO4;RRP9;CDK4;PUS1;GRWD1;TFB2M;TBRG4;SRM;LAS1L;AIMP2;IMP4;MPHOSPH10;SORD;MCM5;HSPE1;NOLC1;DUSP2;IPO4;TMEM97;MYBBP1A;NIP7;FARSA
MYOGENESIS,0.0870561282932417,0.142191676212295,0.0608925327069951,0.285004471650611,1.28029642940733,96,PH_pass,12380,D5,positive mortality association,ACSL1;SVIL;MEF2A;COL4A2;ITGA7;GSN;MYBPC3;DAPK2;MYOM1;FOXO4;PDLIM7;KLF5;NQO1;TGFB1;PYGM;CLU;TPM3;NOTCH1;ACHE;RIT1;CKB;DMPK;COL6A3;MYL6B;BAG1;MAPRE3;LSP1;ATP6AP1;GPX3;SMTN;APP;TAGLN;NCAM1;AK1;HDAC5;MYLK;SLC6A8;FLII;MYO1C;CHRNG;GABARAPL2;AKT2;ITGB5;SPARC;PICK1;NAV2;IGFBP7;SCD;MAPK12
NOTCH_SIGNALING,0.832777407160329,0.850126936476169,0.0186472645603962,-0.227976864457749,-0.746921573792283,19,PH_pass,12380,D5,negative mortality association,MAML2;LFNG;HES1;PSEN2;CUL1;FZD1;SKP1
OXIDATIVE_PHOSPHORYLATION,1.70824547013168e-14,4.18520140182261e-13,0.309346120293485,-0.47997500569553,-2.51152909889097,174,PH_pass,12380,D5,negative mortality association,MRPS30;LRPPRC;PDP1;TIMM17A;CYCS;LDHB;TOMM70;ABCB7;MRPL35;ATP5MC1;HSPA9;NDUFAB1;COX10;NDUFB5;OXA1L;MDH1;MRPL15;ATP5PO;DLAT;ECHS1;TOMM22;VDAC1;COX7C;COX6C;ATP5F1A;NDUFS3;SLC25A4;ACAA2;UQCRC2;ATP5MC2;ECI1;NDUFB2;COX7A2;SLC25A5;BDH2;VDAC2;MRPL11;CASP7;NDUFA4;GLUD1;HSD17B10;IMMT;NDUFV1;ACADSB;TIMM13;PHYH;ATP5MC3;ATP5PB;SLC25A6;NDUFA8;TIMM50;SLC25A3;FDX1;IDH2;ACADM;SDHD;NDUFA5;PDK4;PHB2;MRPS12;OPA1;TIMM9;NNT;PDHA1;COX4I1;SLC25A12;MGST3;ATP6V1F;SLC25A20;UQCRFS1;NDUFA6
P53_PATHWAY,0.0717162329615861,0.130151682041397,0.0655143420284748,0.263299412449096,1.2732354053907,151,PH_pass,12380,D5,positive mortality association,UPP1;ZBTB16;GADD45A;CCND3;PTPRE;NUPR1;MXD1;ALOX15B;ACVR1B;ABHD4;APAF1;SP1;CEBPA;HEXIM1;DRAM1;CDK5R1;CD82;PRMT2;STOM;FOXO3;INHBB;TOB1;RHBDF2;RNF19B;RXRA;TGFB1;GPX2;PPM1D;PPP1R15A;PRKAB1;FGF13;CSRNP2;NOTCH1;SOCS1;CTSD;IER3;DEF6;HSPA4L;CYFIP2;TXNIP;MKNK2;STEAP3;SERTAD3;PLK3;ZFP36L1;GM2A;TAP1
PEROXISOME,0.333500879617994,0.466901231465192,0.036890942579715,-0.230876464481574,-1.06164885792297,78,PH_pass,12380,D5,negative mortality association,ABCD2;CLN6;SLC25A4;HRAS;SCP2;SLC35B2;SLC25A19;DHRS3;EPHX2;PRDX1;CADM1;IDH2;HSD17B4;ERCC3;ACSL5;SOD1;CTPS1;ECI2;ABCB4;ITGB1BP1;ABCD3;ABCB1;MSH2;PEX11B;EHHADH;ALDH9A1;ISOC1;CNBP;IDE;SLC27A2;RDH11;ECH1;PEX2
PI3K_AKT_MTOR_SIGNALING,0.000162730347449566,0.000885976336114302,0.164451346566605,0.435414575271041,1.87044776231396,75,PH_pass,12380,D5,positive mortality association,MKNK1;MAP2K6;PRKCB;SLA;MAPK1;CAB39;PRKAR2A;DUSP3;GSK3B;RAC1;TNFRSF1A;PTEN;MAP2K3;SLC2A1;RPS6KA3;RAF1;RIPK1;RPS6KA1;GRB2;PIKFYVE;AKT1S1;CFL1;MYD88;UBE2D3;YWHAB;IRAK4;RIT1;ACTR2;GRK2;ACTR3;SMAD2;CLTC;E2F1;MKNK2;ARF1
PROTEIN_SECRETION,0.79506419876605,0.846916211729053,0.0151144969402756,0.190723316744072,0.822973134185282,77,PH_pass,12380,D5,positive mortality association,KIF1B;MAPK1;IGF2R;STX16;RPS6KA3;GNAS;STX7;AP2B1;GLA;CD63;PAM;ARFGEF1;AP1G1;LAMP2;RAB5A;STAM;VAMP3;CLTC;SEC22B;ARF1
REACTIVE_OXYGEN_SPECIES_PATHWAY,0.0513751946030099,0.102105263157895,0.082532787767263,0.376449849292712,1.42671394683142,41,PH_pass,12380,D5,positive mortality association,GSR;GCLM;MBP;FES;MSRA;SBNO2;CDKN2D;G6PD;NQO1;OXSR1;FTL;TXNRD1;EGLN2;SRXN1;LSP1;GPX3;JUNB
SPERMATOGENESIS,0.648482782134333,0.765401184706516,0.0184146181537193,0.217207523571325,0.894869766029752,60,PH_pass,12380,D5,positive mortality association,PGS1;AGFG1;TLE4;PRKAR2A;CLVS1;BRAF;CCNA1;SHE;H1-6;IP6K1;TALDO1
TGF_BETA_SIGNALING,0.0179705668068937,0.0440278886768896,0.111722689770913,0.413074439585463,1.55785546903058,40,PH_pass,12380,D5,positive mortality association,FURIN;FKBP1A;HIPK2;RAB31;IFNGR2;SPTBN1;SMAD1;TGFB1;SERPINE1;PPP1R15A;UBE2D3;CTNNB1;XIAP;SMURF1;PPM1A;BMPR2;THBS1
TNFA_SIGNALING_VIA_NFKB,0.00164344619706073,0.00575206168971256,0.144233372292081,0.328581793091094,1.58192133688606,147,PH_pass,12380,D5,positive mortality association,BCL6;ETS2;GADD45A;CFLAR;PFKFB3;FOSL2;SLC2A3;B4GALT5;IRS2;PTPRE;MXD1;RCAN1;KLF9;NFKB1;SOCS3;TNIP1;LITAF;DRAM1;KLF6;MAP2K3;DENND5A;TIPARP;IFNGR2;LDLR;NFKBIA;EHD1;BCL3;PER1;RNF19B;CD44;F2RL1;PNRC1;CEBPB;ZC3H12A;KDM6B;CSF1;SERPINE1;PPP1R15A;AREG;NFAT5;TNFAIP3;JAG1;TUBB2A
UNFOLDED_PROTEIN_RESPONSE,6.27279667511283e-06,5.12278395134215e-05,0.193509375041476,-0.429247225437131,-2.0384538544222,92,PH_pass,12380,D5,negative mortality association,NPM1;IMP3;NOP56;EXOSC2;EIF2AK3;HSPA9;EXOSC9;EIF2S1;HSP90B1;RPS14;PDIA6;CEBPG;DNAJB9;SKIC3;SLC30A5;SRPRB;IARS1;SEC31A;SPCS1;LSM4;SEC11A;SSR1;MTREX;RRP9;BANF1;DDX10;XBP1;SPCS3;EIF4EBP1;EXOC2;YIF1A;EDEM1;HSPA5;SERP1;ALDH18A1;HYOU1;SDAD1;EIF4A1;CALR;BAG3;CKS1B;XPOT;MTHFD2;NOLC1;GOSR2;EEF2
UV_RESPONSE_DN,0.0422120418848168,0.0899300022763488,0.0887403498066145,0.311286709499542,1.38302399316137,90,PH_pass,12380,D5,positive mortality association,MAPK14;SYNE1;ATP2B4;ATXN1;IGF1R;DYRK1A;WDR37;CELF2;NFKB1;APBB2;PTEN;GCNT1;LDLR;PRDM2;SCN8A;PPARG;PTGFR;PIK3CD;RXRA;SCAF8;NR3C1;FHL2;SERPINE1;CDC42BPA;TGFBR2;CACNA1A;RBPMS;PRKCE
UV_RESPONSE_UP,0.817112471801482,0.850126936476169,0.0142253102409837,0.178838849212755,0.828840945867755,115,PH_pass,12380,D5,positive mortality association,GRINA;ARRB2;CCND3;ATP6V1C1;ALAS1;PRKCD;LYN;FURIN;TUBA4A;MAOA;AGO2;RAB27A;NFKBIA;CHKA;ACAA1;CA2;GRPEL1;APOM;ALDOA;NUP58;PRKACA
WNT_BETA_CATENIN_SIGNALING,0.477622501326729,0.617043850127723,0.0237253805336842,0.287054954780838,0.984509689858422,27,PH_pass,12380,D5,positive mortality association,NUMB;RBPJ;ADAM17;NKD1;CTNNB1;FRAT1;JAG1;NOTCH1;NCSTN
XENOBIOTIC_METABOLISM,0.00406479789427906,0.0113702780265192,0.129006250027651,0.329373106176084,1.55149018468502,127,PH_pass,12380,D5,positive mortality association,UPP1;IL1R1;ETS2;PGD;GSR;TPST1;ALAS1;POR;LPIN2;SLC6A6;ACOX1;DDAH2;TNFRSF1A;ARG1;UPB1;MAOA;PINK1;ESR1;AQP9;VNN1;SLC22A1;SLC46A3;CA2;CDA;SMOX;ITIH4;ABCC2;NQO1;CSAD;SERPINE1;MARCHF6
