Time,analysis,pathway,NES,padj,gene_symbol
D1,Primary,ADIPOGENESIS,1.10226266179174,0.337224853719699,BCL6
D1,Primary,ADIPOGENESIS,1.10226266179174,0.337224853719699,ITGA7
D1,Primary,ADIPOGENESIS,1.10226266179174,0.337224853719699,GPAT4
D1,Primary,ADIPOGENESIS,1.10226266179174,0.337224853719699,PGM1
D1,Primary,ADIPOGENESIS,1.10226266179174,0.337224853719699,PFKFB3
D1,Primary,ADIPOGENESIS,1.10226266179174,0.337224853719699,DHCR7
D1,Primary,ADIPOGENESIS,1.10226266179174,0.337224853719699,CAVIN1
D1,Primary,ADIPOGENESIS,1.10226266179174,0.337224853719699,MYLK
D1,Primary,ADIPOGENESIS,1.10226266179174,0.337224853719699,SORBS1
D1,Primary,ADIPOGENESIS,1.10226266179174,0.337224853719699,ADIPOR2
D1,Primary,ADIPOGENESIS,1.10226266179174,0.337224853719699,ALDOA
D1,Primary,ADIPOGENESIS,1.10226266179174,0.337224853719699,ORM1
D1,Primary,ADIPOGENESIS,1.10226266179174,0.337224853719699,STOM
D1,Primary,ADIPOGENESIS,1.10226266179174,0.337224853719699,ADCY6
D1,Primary,ADIPOGENESIS,1.10226266179174,0.337224853719699,TOB1
D1,Primary,ADIPOGENESIS,1.10226266179174,0.337224853719699,SLC1A5
D1,Primary,ADIPOGENESIS,1.10226266179174,0.337224853719699,GADD45A
D1,Primary,ADIPOGENESIS,1.10226266179174,0.337224853719699,MGLL
D1,Primary,ADIPOGENESIS,1.10226266179174,0.337224853719699,FAH
D1,Primary,ADIPOGENESIS,1.10226266179174,0.337224853719699,PPARG
D1,Primary,ADIPOGENESIS,1.10226266179174,0.337224853719699,DNAJB9
D1,Primary,ADIPOGENESIS,1.10226266179174,0.337224853719699,CD151
D1,Primary,ADIPOGENESIS,1.10226266179174,0.337224853719699,PLIN2
D1,Primary,ADIPOGENESIS,1.10226266179174,0.337224853719699,GBE1
D1,Primary,ADIPOGENESIS,1.10226266179174,0.337224853719699,ITSN1
D1,Primary,ADIPOGENESIS,1.10226266179174,0.337224853719699,PIM3
D1,Primary,ADIPOGENESIS,1.10226266179174,0.337224853719699,BAZ2A
D1,Primary,ADIPOGENESIS,1.10226266179174,0.337224853719699,SLC25A10
D1,Primary,ADIPOGENESIS,1.10226266179174,0.337224853719699,GPX4
D1,Primary,ADIPOGENESIS,1.10226266179174,0.337224853719699,ELOVL6
D1,Primary,ADIPOGENESIS,1.10226266179174,0.337224853719699,MIGA2
D1,Primary,ADIPOGENESIS,1.10226266179174,0.337224853719699,GRPEL1
D1,Primary,ADIPOGENESIS,1.10226266179174,0.337224853719699,RETN
D1,Primary,ADIPOGENESIS,1.10226266179174,0.337224853719699,POR
D1,Primary,ADIPOGENESIS,1.10226266179174,0.337224853719699,GPX3
D1,Primary,ADIPOGENESIS,1.10226266179174,0.337224853719699,PPP1R15B
D1,Primary,ADIPOGENESIS,1.10226266179174,0.337224853719699,CAVIN2
D1,Primary,ADIPOGENESIS,1.10226266179174,0.337224853719699,CRAT
D1,Primary,ADIPOGENESIS,1.10226266179174,0.337224853719699,UCK1
D1,Primary,ADIPOGENESIS,1.10226266179174,0.337224853719699,RTN3
D1,Primary,ADIPOGENESIS,1.10226266179174,0.337224853719699,BCKDHA
D1,Primary,ADIPOGENESIS,1.10226266179174,0.337224853719699,SQOR
D1,Primary,ADIPOGENESIS,1.10226266179174,0.337224853719699,CDKN2C
D1,Primary,ALLOGRAFT_REJECTION,-1.76834911563908,0.00010897988164343,HLA-DMB
D1,Primary,ALLOGRAFT_REJECTION,-1.76834911563908,0.00010897988164343,HLA-DRA
D1,Primary,ALLOGRAFT_REJECTION,-1.76834911563908,0.00010897988164343,HLA-DMA
D1,Primary,ALLOGRAFT_REJECTION,-1.76834911563908,0.00010897988164343,HLA-DOA
D1,Primary,ALLOGRAFT_REJECTION,-1.76834911563908,0.00010897988164343,CD4
D1,Primary,ALLOGRAFT_REJECTION,-1.76834911563908,0.00010897988164343,HDAC9
D1,Primary,ALLOGRAFT_REJECTION,-1.76834911563908,0.00010897988164343,CTSS
D1,Primary,ALLOGRAFT_REJECTION,-1.76834911563908,0.00010897988164343,LY86
D1,Primary,ALLOGRAFT_REJECTION,-1.76834911563908,0.00010897988164343,CD86
D1,Primary,ALLOGRAFT_REJECTION,-1.76834911563908,0.00010897988164343,TRAT1
D1,Primary,ALLOGRAFT_REJECTION,-1.76834911563908,0.00010897988164343,EIF3A
D1,Primary,ALLOGRAFT_REJECTION,-1.76834911563908,0.00010897988164343,CCR2
D1,Primary,ALLOGRAFT_REJECTION,-1.76834911563908,0.00010897988164343,CD28
D1,Primary,ALLOGRAFT_REJECTION,-1.76834911563908,0.00010897988164343,LTB
D1,Primary,ALLOGRAFT_REJECTION,-1.76834911563908,0.00010897988164343,FCGR2B
D1,Primary,ALLOGRAFT_REJECTION,-1.76834911563908,0.00010897988164343,GZMA
D1,Primary,ALLOGRAFT_REJECTION,-1.76834911563908,0.00010897988164343,MRPL3
D1,Primary,ALLOGRAFT_REJECTION,-1.76834911563908,0.00010897988164343,SIT1
D1,Primary,ALLOGRAFT_REJECTION,-1.76834911563908,0.00010897988164343,CD40LG
D1,Primary,ALLOGRAFT_REJECTION,-1.76834911563908,0.00010897988164343,LY75
D1,Primary,ALLOGRAFT_REJECTION,-1.76834911563908,0.00010897988164343,CD1D
D1,Primary,ALLOGRAFT_REJECTION,-1.76834911563908,0.00010897988164343,TNF
D1,Primary,ALLOGRAFT_REJECTION,-1.76834911563908,0.00010897988164343,ACVR2A
D1,Primary,ALLOGRAFT_REJECTION,-1.76834911563908,0.00010897988164343,IRF8
D1,Primary,ALLOGRAFT_REJECTION,-1.76834911563908,0.00010897988164343,CD3G
D1,Primary,ALLOGRAFT_REJECTION,-1.76834911563908,0.00010897988164343,RPS3A
D1,Primary,ALLOGRAFT_REJECTION,-1.76834911563908,0.00010897988164343,CCR5
D1,Primary,ALLOGRAFT_REJECTION,-1.76834911563908,0.00010897988164343,CD74
D1,Primary,ALLOGRAFT_REJECTION,-1.76834911563908,0.00010897988164343,CD8B
D1,Primary,ALLOGRAFT_REJECTION,-1.76834911563908,0.00010897988164343,FASLG
D1,Primary,ALLOGRAFT_REJECTION,-1.76834911563908,0.00010897988164343,CD47
D1,Primary,ALLOGRAFT_REJECTION,-1.76834911563908,0.00010897988164343,EIF3D
D1,Primary,ALLOGRAFT_REJECTION,-1.76834911563908,0.00010897988164343,CD3E
D1,Primary,ALLOGRAFT_REJECTION,-1.76834911563908,0.00010897988164343,GPR65
D1,Primary,ALLOGRAFT_REJECTION,-1.76834911563908,0.00010897988164343,CD79A
D1,Primary,ALLOGRAFT_REJECTION,-1.76834911563908,0.00010897988164343,CCR1
D1,Primary,ALLOGRAFT_REJECTION,-1.76834911563908,0.00010897988164343,LCK
D1,Primary,ALLOGRAFT_REJECTION,-1.76834911563908,0.00010897988164343,C2
D1,Primary,ALLOGRAFT_REJECTION,-1.76834911563908,0.00010897988164343,IL7
D1,Primary,ALLOGRAFT_REJECTION,-1.76834911563908,0.00010897988164343,CCL4
D1,Primary,ALLOGRAFT_REJECTION,-1.76834911563908,0.00010897988164343,CD40
D1,Primary,ALLOGRAFT_REJECTION,-1.76834911563908,0.00010897988164343,CD2
D1,Primary,ALLOGRAFT_REJECTION,-1.76834911563908,0.00010897988164343,HLA-DQA1
D1,Primary,ALLOGRAFT_REJECTION,-1.76834911563908,0.00010897988164343,IL27RA
D1,Primary,ALLOGRAFT_REJECTION,-1.76834911563908,0.00010897988164343,CD8A
D1,Primary,ALLOGRAFT_REJECTION,-1.76834911563908,0.00010897988164343,KLRD1
D1,Primary,ALLOGRAFT_REJECTION,-1.76834911563908,0.00010897988164343,CD3D
D1,Primary,ALLOGRAFT_REJECTION,-1.76834911563908,0.00010897988164343,HLA-DOB
D1,Primary,ALLOGRAFT_REJECTION,-1.76834911563908,0.00010897988164343,IL1B
D1,Primary,ALLOGRAFT_REJECTION,-1.76834911563908,0.00010897988164343,IL2RA
D1,Primary,ALLOGRAFT_REJECTION,-1.76834911563908,0.00010897988164343,TAP2
D1,Primary,ALLOGRAFT_REJECTION,-1.76834911563908,0.00010897988164343,ABCE1
D1,Primary,ALLOGRAFT_REJECTION,-1.76834911563908,0.00010897988164343,RPL39
D1,Primary,ALLOGRAFT_REJECTION,-1.76834911563908,0.00010897988164343,MAP3K7
D1,Primary,ALLOGRAFT_REJECTION,-1.76834911563908,0.00010897988164343,CD247
D1,Primary,ALLOGRAFT_REJECTION,-1.76834911563908,0.00010897988164343,CXCR3
D1,Primary,ALLOGRAFT_REJECTION,-1.76834911563908,0.00010897988164343,MTIF2
D1,Primary,ALLOGRAFT_REJECTION,-1.76834911563908,0.00010897988164343,IL15
D1,Primary,ALLOGRAFT_REJECTION,-1.76834911563908,0.00010897988164343,CCND2
D1,Primary,ALLOGRAFT_REJECTION,-1.76834911563908,0.00010897988164343,ITK
D1,Primary,ALLOGRAFT_REJECTION,-1.76834911563908,0.00010897988164343,IL2RB
D1,Primary,ALLOGRAFT_REJECTION,-1.76834911563908,0.00010897988164343,APBB1
D1,Primary,ALLOGRAFT_REJECTION,-1.76834911563908,0.00010897988164343,CRTAM
D1,Primary,ALLOGRAFT_REJECTION,-1.76834911563908,0.00010897988164343,RIPK2
D1,Primary,ALLOGRAFT_REJECTION,-1.76834911563908,0.00010897988164343,PSMB10
D1,Primary,ALLOGRAFT_REJECTION,-1.76834911563908,0.00010897988164343,RPS19
D1,Primary,ALLOGRAFT_REJECTION,-1.76834911563908,0.00010897988164343,TLR6
D1,Primary,ANDROGEN_RESPONSE,1.29966924397529,0.123194281767126,NDRG1
D1,Primary,ANDROGEN_RESPONSE,1.29966924397529,0.123194281767126,CAMKK2
D1,Primary,ANDROGEN_RESPONSE,1.29966924397529,0.123194281767126,CCND3
D1,Primary,ANDROGEN_RESPONSE,1.29966924397529,0.123194281767126,FKBP5
D1,Primary,ANDROGEN_RESPONSE,1.29966924397529,0.123194281767126,ACTN1
D1,Primary,ANDROGEN_RESPONSE,1.29966924397529,0.123194281767126,CDC14B
D1,Primary,ANDROGEN_RESPONSE,1.29966924397529,0.123194281767126,ANKH
D1,Primary,ANDROGEN_RESPONSE,1.29966924397529,0.123194281767126,SCD
D1,Primary,ANDROGEN_RESPONSE,1.29966924397529,0.123194281767126,H1-0
D1,Primary,ANDROGEN_RESPONSE,1.29966924397529,0.123194281767126,ABCC4
D1,Primary,ANDROGEN_RESPONSE,1.29966924397529,0.123194281767126,GSR
D1,Primary,ANDROGEN_RESPONSE,1.29966924397529,0.123194281767126,DHCR24
D1,Primary,ANDROGEN_RESPONSE,1.29966924397529,0.123194281767126,B4GALT1
D1,Primary,ANDROGEN_RESPONSE,1.29966924397529,0.123194281767126,CENPN
D1,Primary,ANDROGEN_RESPONSE,1.29966924397529,0.123194281767126,DNAJB9
D1,Primary,ANDROGEN_RESPONSE,1.29966924397529,0.123194281767126,ELL2
D1,Primary,ANDROGEN_RESPONSE,1.29966924397529,0.123194281767126,PTK2B
D1,Primary,ANDROGEN_RESPONSE,1.29966924397529,0.123194281767126,ARID5B
D1,Primary,ANDROGEN_RESPONSE,1.29966924397529,0.123194281767126,SLC38A2
D1,Primary,ANDROGEN_RESPONSE,1.29966924397529,0.123194281767126,PA2G4
D1,Primary,ANDROGEN_RESPONSE,1.29966924397529,0.123194281767126,SRF
D1,Primary,ANDROGEN_RESPONSE,1.29966924397529,0.123194281767126,MERTK
D1,Primary,ANDROGEN_RESPONSE,1.29966924397529,0.123194281767126,TSC22D1
D1,Primary,ANDROGEN_RESPONSE,1.29966924397529,0.123194281767126,FADS1
D1,Primary,ANGIOGENESIS,1.72199327790482,0.0118560285904478,VEGFA
D1,Primary,ANGIOGENESIS,1.72199327790482,0.0118560285904478,FGFR1
D1,Primary,ANGIOGENESIS,1.72199327790482,0.0118560285904478,PF4
D1,Primary,ANGIOGENESIS,1.72199327790482,0.0118560285904478,FSTL1
D1,Primary,ANGIOGENESIS,1.72199327790482,0.0118560285904478,PDGFA
D1,Primary,ANGIOGENESIS,1.72199327790482,0.0118560285904478,PGLYRP1
D1,Primary,ANGIOGENESIS,1.72199327790482,0.0118560285904478,APP
D1,Primary,ANGIOGENESIS,1.72199327790482,0.0118560285904478,LRPAP1
D1,Primary,ANGIOGENESIS,1.72199327790482,0.0118560285904478,TIMP1
D1,Primary,ANGIOGENESIS,1.72199327790482,0.0118560285904478,PTK2
D1,Primary,ANGIOGENESIS,1.72199327790482,0.0118560285904478,OLR1
D1,Primary,APICAL_JUNCTION,1.96860528766253,8.57753611105146e-06,MYL9
D1,Primary,APICAL_JUNCTION,1.96860528766253,8.57753611105146e-06,TUBG1
D1,Primary,APICAL_JUNCTION,1.96860528766253,8.57753611105146e-06,ALOX15B
D1,Primary,APICAL_JUNCTION,1.96860528766253,8.57753611105146e-06,VWF
D1,Primary,APICAL_JUNCTION,1.96860528766253,8.57753611105146e-06,KCNH2
D1,Primary,APICAL_JUNCTION,1.96860528766253,8.57753611105146e-06,COL17A1
D1,Primary,APICAL_JUNCTION,1.96860528766253,8.57753611105146e-06,YWHAH
D1,Primary,APICAL_JUNCTION,1.96860528766253,8.57753611105146e-06,NF1
D1,Primary,APICAL_JUNCTION,1.96860528766253,8.57753611105146e-06,VCL
D1,Primary,APICAL_JUNCTION,1.96860528766253,8.57753611105146e-06,ACTN1
D1,Primary,APICAL_JUNCTION,1.96860528766253,8.57753611105146e-06,ADAM9
D1,Primary,APICAL_JUNCTION,1.96860528766253,8.57753611105146e-06,INPPL1
D1,Primary,APICAL_JUNCTION,1.96860528766253,8.57753611105146e-06,PBX2
D1,Primary,APICAL_JUNCTION,1.96860528766253,8.57753611105146e-06,CLDN15
D1,Primary,APICAL_JUNCTION,1.96860528766253,8.57753611105146e-06,MADCAM1
D1,Primary,APICAL_JUNCTION,1.96860528766253,8.57753611105146e-06,MMP9
D1,Primary,APICAL_JUNCTION,1.96860528766253,8.57753611105146e-06,SYK
D1,Primary,APICAL_JUNCTION,1.96860528766253,8.57753611105146e-06,PIK3CB
D1,Primary,APICAL_JUNCTION,1.96860528766253,8.57753611105146e-06,IKBKG
D1,Primary,APICAL_JUNCTION,1.96860528766253,8.57753611105146e-06,MVD
D1,Primary,APICAL_JUNCTION,1.96860528766253,8.57753611105146e-06,RAC2
D1,Primary,APICAL_JUNCTION,1.96860528766253,8.57753611105146e-06,MAPK13
D1,Primary,APICAL_JUNCTION,1.96860528766253,8.57753611105146e-06,CDH1
D1,Primary,APICAL_JUNCTION,1.96860528766253,8.57753611105146e-06,SHC1
D1,Primary,APICAL_JUNCTION,1.96860528766253,8.57753611105146e-06,CLDN5
D1,Primary,APICAL_JUNCTION,1.96860528766253,8.57753611105146e-06,MAP4K2
D1,Primary,APICAL_JUNCTION,1.96860528766253,8.57753611105146e-06,RSU1
D1,Primary,APICAL_JUNCTION,1.96860528766253,8.57753611105146e-06,ZYX
D1,Primary,APICAL_JUNCTION,1.96860528766253,8.57753611105146e-06,ACTB
D1,Primary,APICAL_JUNCTION,1.96860528766253,8.57753611105146e-06,B4GALT1
D1,Primary,APICAL_JUNCTION,1.96860528766253,8.57753611105146e-06,CNN2
D1,Primary,APICAL_JUNCTION,1.96860528766253,8.57753611105146e-06,THBS3
D1,Primary,APICAL_JUNCTION,1.96860528766253,8.57753611105146e-06,SIRPA
D1,Primary,APICAL_JUNCTION,1.96860528766253,8.57753611105146e-06,ACTG1
D1,Primary,APICAL_JUNCTION,1.96860528766253,8.57753611105146e-06,MAPK14
D1,Primary,APICAL_JUNCTION,1.96860528766253,8.57753611105146e-06,JAM3
D1,Primary,APICAL_JUNCTION,1.96860528766253,8.57753611105146e-06,PCDH1
D1,Primary,APICAL_JUNCTION,1.96860528766253,8.57753611105146e-06,ARPC2
D1,Primary,APICAL_JUNCTION,1.96860528766253,8.57753611105146e-06,MYH9
D1,Primary,APICAL_JUNCTION,1.96860528766253,8.57753611105146e-06,FBN1
D1,Primary,APICAL_JUNCTION,1.96860528766253,8.57753611105146e-06,STX4
D1,Primary,APICAL_JUNCTION,1.96860528766253,8.57753611105146e-06,VASP
D1,Primary,APICAL_JUNCTION,1.96860528766253,8.57753611105146e-06,LDLRAP1
D1,Primary,APICAL_JUNCTION,1.96860528766253,8.57753611105146e-06,CD99
D1,Primary,APICAL_JUNCTION,1.96860528766253,8.57753611105146e-06,AKT2
D1,Primary,APICAL_JUNCTION,1.96860528766253,8.57753611105146e-06,GNAI2
D1,Primary,APICAL_JUNCTION,1.96860528766253,8.57753611105146e-06,PTK2
D1,Primary,APICAL_JUNCTION,1.96860528766253,8.57753611105146e-06,CAP1
D1,Primary,APICAL_JUNCTION,1.96860528766253,8.57753611105146e-06,CLDN9
D1,Primary,APICAL_JUNCTION,1.96860528766253,8.57753611105146e-06,MYH10
D1,Primary,APICAL_JUNCTION,1.96860528766253,8.57753611105146e-06,SKAP2
D1,Primary,APICAL_JUNCTION,1.96860528766253,8.57753611105146e-06,CRAT
D1,Primary,APICAL_JUNCTION,1.96860528766253,8.57753611105146e-06,CERCAM
D1,Primary,APICAL_JUNCTION,1.96860528766253,8.57753611105146e-06,ADAM15
D1,Primary,APICAL_JUNCTION,1.96860528766253,8.57753611105146e-06,PFN1
D1,Primary,APICAL_JUNCTION,1.96860528766253,8.57753611105146e-06,LAMB3
D1,Primary,APICAL_SURFACE,1.2148349760734,0.275420663626356,PCSK9
D1,Primary,APICAL_SURFACE,1.2148349760734,0.275420663626356,SLC2A4
D1,Primary,APICAL_SURFACE,1.2148349760734,0.275420663626356,ADIPOR2
D1,Primary,APICAL_SURFACE,1.2148349760734,0.275420663626356,APP
D1,Primary,APICAL_SURFACE,1.2148349760734,0.275420663626356,B4GALT1
D1,Primary,APICAL_SURFACE,1.2148349760734,0.275420663626356,AFAP1L2
D1,Primary,APICAL_SURFACE,1.2148349760734,0.275420663626356,GSTM3
D1,Primary,APICAL_SURFACE,1.2148349760734,0.275420663626356,FLOT2
D1,Primary,APOPTOSIS,1.56749862006043,0.00428106592450078,EREG
D1,Primary,APOPTOSIS,1.56749862006043,0.00428106592450078,DDIT3
D1,Primary,APOPTOSIS,1.56749862006043,0.00428106592450078,DAP
D1,Primary,APOPTOSIS,1.56749862006043,0.00428106592450078,TIMP3
D1,Primary,APOPTOSIS,1.56749862006043,0.00428106592450078,IER3
D1,Primary,APOPTOSIS,1.56749862006043,0.00428106592450078,ADD1
D1,Primary,APOPTOSIS,1.56749862006043,0.00428106592450078,LMNA
D1,Primary,APOPTOSIS,1.56749862006043,0.00428106592450078,CLU
D1,Primary,APOPTOSIS,1.56749862006043,0.00428106592450078,ANKH
D1,Primary,APOPTOSIS,1.56749862006043,0.00428106592450078,AVPR1A
D1,Primary,APOPTOSIS,1.56749862006043,0.00428106592450078,GADD45B
D1,Primary,APOPTOSIS,1.56749862006043,0.00428106592450078,F2R
D1,Primary,APOPTOSIS,1.56749862006043,0.00428106592450078,CTH
D1,Primary,APOPTOSIS,1.56749862006043,0.00428106592450078,HMGB2
D1,Primary,APOPTOSIS,1.56749862006043,0.00428106592450078,H1-0
D1,Primary,APOPTOSIS,1.56749862006043,0.00428106592450078,APP
D1,Primary,APOPTOSIS,1.56749862006043,0.00428106592450078,GSN
D1,Primary,APOPTOSIS,1.56749862006043,0.00428106592450078,GADD45A
D1,Primary,APOPTOSIS,1.56749862006043,0.00428106592450078,CREBBP
D1,Primary,APOPTOSIS,1.56749862006043,0.00428106592450078,GSR
D1,Primary,APOPTOSIS,1.56749862006043,0.00428106592450078,PPP2R5B
D1,Primary,APOPTOSIS,1.56749862006043,0.00428106592450078,PSEN1
D1,Primary,APOPTOSIS,1.56749862006043,0.00428106592450078,ETF1
D1,Primary,APOPTOSIS,1.56749862006043,0.00428106592450078,TOP2A
D1,Primary,APOPTOSIS,1.56749862006043,0.00428106592450078,IGF2R
D1,Primary,APOPTOSIS,1.56749862006043,0.00428106592450078,TNFRSF12A
D1,Primary,APOPTOSIS,1.56749862006043,0.00428106592450078,CFLAR
D1,Primary,APOPTOSIS,1.56749862006043,0.00428106592450078,SQSTM1
D1,Primary,APOPTOSIS,1.56749862006043,0.00428106592450078,RELA
D1,Primary,APOPTOSIS,1.56749862006043,0.00428106592450078,TIMP1
D1,Primary,APOPTOSIS,1.56749862006043,0.00428106592450078,GPX4
D1,Primary,APOPTOSIS,1.56749862006043,0.00428106592450078,WEE1
D1,Primary,APOPTOSIS,1.56749862006043,0.00428106592450078,CCNA1
D1,Primary,APOPTOSIS,1.56749862006043,0.00428106592450078,TIMP2
D1,Primary,APOPTOSIS,1.56749862006043,0.00428106592450078,BCL2L1
D1,Primary,APOPTOSIS,1.56749862006043,0.00428106592450078,PTK2
D1,Primary,APOPTOSIS,1.56749862006043,0.00428106592450078,GPX3
D1,Primary,APOPTOSIS,1.56749862006043,0.00428106592450078,IL18
D1,Primary,APOPTOSIS,1.56749862006043,0.00428106592450078,BCAP31
D1,Primary,APOPTOSIS,1.56749862006043,0.00428106592450078,CDKN1B
D1,Primary,APOPTOSIS,1.56749862006043,0.00428106592450078,BCL2L2
D1,Primary,APOPTOSIS,1.56749862006043,0.00428106592450078,EMP1
D1,Primary,APOPTOSIS,1.56749862006043,0.00428106592450078,JUN
D1,Primary,APOPTOSIS,1.56749862006043,0.00428106592450078,GPX1
D1,Primary,APOPTOSIS,1.56749862006043,0.00428106592450078,CDKN1A
D1,Primary,APOPTOSIS,1.56749862006043,0.00428106592450078,IFITM3
D1,Primary,APOPTOSIS,1.56749862006043,0.00428106592450078,GSTM1
D1,Primary,APOPTOSIS,1.56749862006043,0.00428106592450078,RHOT2
D1,Primary,APOPTOSIS,1.56749862006043,0.00428106592450078,RARA
D1,Primary,APOPTOSIS,1.56749862006043,0.00428106592450078,CAV1
D1,Primary,APOPTOSIS,1.56749862006043,0.00428106592450078,GNA15
D1,Primary,APOPTOSIS,1.56749862006043,0.00428106592450078,CDK2
D1,Primary,APOPTOSIS,1.56749862006043,0.00428106592450078,HGF
D1,Primary,APOPTOSIS,1.56749862006043,0.00428106592450078,BTG3
D1,Primary,APOPTOSIS,1.56749862006043,0.00428106592450078,SAT1
D1,Primary,APOPTOSIS,1.56749862006043,0.00428106592450078,BIK
D1,Primary,APOPTOSIS,1.56749862006043,0.00428106592450078,SC5D
D1,Primary,BILE_ACID_METABOLISM,0.871438737619582,0.729292848997013,BMP6
D1,Primary,BILE_ACID_METABOLISM,0.871438737619582,0.729292848997013,PECR
D1,Primary,BILE_ACID_METABOLISM,0.871438737619582,0.729292848997013,PFKM
D1,Primary,BILE_ACID_METABOLISM,0.871438737619582,0.729292848997013,ACSL1
D1,Primary,BILE_ACID_METABOLISM,0.871438737619582,0.729292848997013,GCLM
D1,Primary,BILE_ACID_METABOLISM,0.871438737619582,0.729292848997013,KLF1
D1,Primary,BILE_ACID_METABOLISM,0.871438737619582,0.729292848997013,ABCA6
D1,Primary,BILE_ACID_METABOLISM,0.871438737619582,0.729292848997013,ABCA5
D1,Primary,BILE_ACID_METABOLISM,0.871438737619582,0.729292848997013,TFCP2L1
D1,Primary,BILE_ACID_METABOLISM,0.871438737619582,0.729292848997013,DHCR24
D1,Primary,BILE_ACID_METABOLISM,0.871438737619582,0.729292848997013,PRDX5
D1,Primary,BILE_ACID_METABOLISM,0.871438737619582,0.729292848997013,RXRA
D1,Primary,BILE_ACID_METABOLISM,0.871438737619582,0.729292848997013,LONP2
D1,Primary,BILE_ACID_METABOLISM,0.871438737619582,0.729292848997013,ABCA3
D1,Primary,BILE_ACID_METABOLISM,0.871438737619582,0.729292848997013,FADS1
D1,Primary,BILE_ACID_METABOLISM,0.871438737619582,0.729292848997013,ATXN1
D1,Primary,BILE_ACID_METABOLISM,0.871438737619582,0.729292848997013,ABCA2
D1,Primary,BILE_ACID_METABOLISM,0.871438737619582,0.729292848997013,NEDD4
D1,Primary,BILE_ACID_METABOLISM,0.871438737619582,0.729292848997013,PIPOX
D1,Primary,BILE_ACID_METABOLISM,0.871438737619582,0.729292848997013,SLC27A2
D1,Primary,BILE_ACID_METABOLISM,0.871438737619582,0.729292848997013,PHYH
D1,Primary,CHOLESTEROL_HOMEOSTASIS,2.30710345829649,1.95880633802997e-07,LDLR
D1,Primary,CHOLESTEROL_HOMEOSTASIS,2.30710345829649,1.95880633802997e-07,STX5
D1,Primary,CHOLESTEROL_HOMEOSTASIS,2.30710345829649,1.95880633802997e-07,PNRC1
D1,Primary,CHOLESTEROL_HOMEOSTASIS,2.30710345829649,1.95880633802997e-07,NFIL3
D1,Primary,CHOLESTEROL_HOMEOSTASIS,2.30710345829649,1.95880633802997e-07,DHCR7
D1,Primary,CHOLESTEROL_HOMEOSTASIS,2.30710345829649,1.95880633802997e-07,CLU
D1,Primary,CHOLESTEROL_HOMEOSTASIS,2.30710345829649,1.95880633802997e-07,CHKA
D1,Primary,CHOLESTEROL_HOMEOSTASIS,2.30710345829649,1.95880633802997e-07,FABP5
D1,Primary,CHOLESTEROL_HOMEOSTASIS,2.30710345829649,1.95880633802997e-07,TM7SF2
D1,Primary,CHOLESTEROL_HOMEOSTASIS,2.30710345829649,1.95880633802997e-07,CD9
D1,Primary,CHOLESTEROL_HOMEOSTASIS,2.30710345829649,1.95880633802997e-07,AVPR1A
D1,Primary,CHOLESTEROL_HOMEOSTASIS,2.30710345829649,1.95880633802997e-07,SREBF2
D1,Primary,CHOLESTEROL_HOMEOSTASIS,2.30710345829649,1.95880633802997e-07,SCD
D1,Primary,CHOLESTEROL_HOMEOSTASIS,2.30710345829649,1.95880633802997e-07,MVD
D1,Primary,CHOLESTEROL_HOMEOSTASIS,2.30710345829649,1.95880633802997e-07,ALCAM
D1,Primary,CHOLESTEROL_HOMEOSTASIS,2.30710345829649,1.95880633802997e-07,ATF5
D1,Primary,CHOLESTEROL_HOMEOSTASIS,2.30710345829649,1.95880633802997e-07,LGMN
D1,Primary,CHOLESTEROL_HOMEOSTASIS,2.30710345829649,1.95880633802997e-07,GSTM2
D1,Primary,CHOLESTEROL_HOMEOSTASIS,2.30710345829649,1.95880633802997e-07,CYP51A1
D1,Primary,CHOLESTEROL_HOMEOSTASIS,2.30710345829649,1.95880633802997e-07,ALDOC
D1,Primary,CHOLESTEROL_HOMEOSTASIS,2.30710345829649,1.95880633802997e-07,PPARG
D1,Primary,CHOLESTEROL_HOMEOSTASIS,2.30710345829649,1.95880633802997e-07,TNFRSF12A
D1,Primary,CHOLESTEROL_HOMEOSTASIS,2.30710345829649,1.95880633802997e-07,SQLE
D1,Primary,CHOLESTEROL_HOMEOSTASIS,2.30710345829649,1.95880633802997e-07,ACTG1
D1,Primary,CHOLESTEROL_HOMEOSTASIS,2.30710345829649,1.95880633802997e-07,GLDC
D1,Primary,CHOLESTEROL_HOMEOSTASIS,2.30710345829649,1.95880633802997e-07,FDFT1
D1,Primary,CHOLESTEROL_HOMEOSTASIS,2.30710345829649,1.95880633802997e-07,ACAT2
D1,Primary,CHOLESTEROL_HOMEOSTASIS,2.30710345829649,1.95880633802997e-07,MVK
D1,Primary,CHOLESTEROL_HOMEOSTASIS,2.30710345829649,1.95880633802997e-07,LSS
D1,Primary,CHOLESTEROL_HOMEOSTASIS,2.30710345829649,1.95880633802997e-07,FBXO6
D1,Primary,CHOLESTEROL_HOMEOSTASIS,2.30710345829649,1.95880633802997e-07,PLSCR1
D1,Primary,CHOLESTEROL_HOMEOSTASIS,2.30710345829649,1.95880633802997e-07,ABCA2
D1,Primary,CHOLESTEROL_HOMEOSTASIS,2.30710345829649,1.95880633802997e-07,S100A11
D1,Primary,CHOLESTEROL_HOMEOSTASIS,2.30710345829649,1.95880633802997e-07,CPEB2
D1,Primary,CHOLESTEROL_HOMEOSTASIS,2.30710345829649,1.95880633802997e-07,TRIB3
D1,Primary,CHOLESTEROL_HOMEOSTASIS,2.30710345829649,1.95880633802997e-07,TP53INP1
D1,Primary,CHOLESTEROL_HOMEOSTASIS,2.30710345829649,1.95880633802997e-07,FADS2
D1,Primary,CHOLESTEROL_HOMEOSTASIS,2.30710345829649,1.95880633802997e-07,ACSS2
D1,Primary,CHOLESTEROL_HOMEOSTASIS,2.30710345829649,1.95880633802997e-07,SC5D
D1,Primary,CHOLESTEROL_HOMEOSTASIS,2.30710345829649,1.95880633802997e-07,IDI1
D1,Primary,CHOLESTEROL_HOMEOSTASIS,2.30710345829649,1.95880633802997e-07,STARD4
D1,Primary,CHOLESTEROL_HOMEOSTASIS,2.30710345829649,1.95880633802997e-07,JAG1
D1,Primary,COAGULATION,1.91605637474588,0.000120658432740832,THBS1
D1,Primary,COAGULATION,1.91605637474588,0.000120658432740832,TIMP3
D1,Primary,COAGULATION,1.91605637474588,0.000120658432740832,MMP1
D1,Primary,COAGULATION,1.91605637474588,0.000120658432740832,MAFF
D1,Primary,COAGULATION,1.91605637474588,0.000120658432740832,FURIN
D1,Primary,COAGULATION,1.91605637474588,0.000120658432740832,VWF
D1,Primary,COAGULATION,1.91605637474588,0.000120658432740832,GP9
D1,Primary,COAGULATION,1.91605637474588,0.000120658432740832,ITGB3
D1,Primary,COAGULATION,1.91605637474588,0.000120658432740832,PF4
D1,Primary,COAGULATION,1.91605637474588,0.000120658432740832,SPARC
D1,Primary,COAGULATION,1.91605637474588,0.000120658432740832,PLAU
D1,Primary,COAGULATION,1.91605637474588,0.000120658432740832,CLU
D1,Primary,COAGULATION,1.91605637474588,0.000120658432740832,P2RY1
D1,Primary,COAGULATION,1.91605637474588,0.000120658432740832,ADAM9
D1,Primary,COAGULATION,1.91605637474588,0.000120658432740832,WDR1
D1,Primary,COAGULATION,1.91605637474588,0.000120658432740832,CD9
D1,Primary,COAGULATION,1.91605637474588,0.000120658432740832,MMP8
D1,Primary,COAGULATION,1.91605637474588,0.000120658432740832,GP1BA
D1,Primary,COAGULATION,1.91605637474588,0.000120658432740832,SERPINE1
D1,Primary,COAGULATION,1.91605637474588,0.000120658432740832,MMP9
D1,Primary,COAGULATION,1.91605637474588,0.000120658432740832,KLF7
D1,Primary,COAGULATION,1.91605637474588,0.000120658432740832,GSN
D1,Primary,COAGULATION,1.91605637474588,0.000120658432740832,LGMN
D1,Primary,COAGULATION,1.91605637474588,0.000120658432740832,PROS1
D1,Primary,COAGULATION,1.91605637474588,0.000120658432740832,FN1
D1,Primary,COAGULATION,1.91605637474588,0.000120658432740832,TIMP1
D1,Primary,COAGULATION,1.91605637474588,0.000120658432740832,GNB2
D1,Primary,COAGULATION,1.91605637474588,0.000120658432740832,FBN1
D1,Primary,COAGULATION,1.91605637474588,0.000120658432740832,PEF1
D1,Primary,COAGULATION,1.91605637474588,0.000120658432740832,CAPN5
D1,Primary,COAGULATION,1.91605637474588,0.000120658432740832,F12
D1,Primary,COAGULATION,1.91605637474588,0.000120658432740832,SIRT2
D1,Primary,COAGULATION,1.91605637474588,0.000120658432740832,SERPINB2
D1,Primary,COAGULATION,1.91605637474588,0.000120658432740832,CTSK
D1,Primary,COAGULATION,1.91605637474588,0.000120658432740832,OLR1
D1,Primary,COAGULATION,1.91605637474588,0.000120658432740832,PDGFB
D1,Primary,COMPLEMENT,1.01743790624149,0.48756808385876,DGKH
D1,Primary,COMPLEMENT,1.01743790624149,0.48756808385876,PCSK9
D1,Primary,COMPLEMENT,1.01743790624149,0.48756808385876,MAFF
D1,Primary,COMPLEMENT,1.01743790624149,0.48756808385876,CDK5R1
D1,Primary,COMPLEMENT,1.01743790624149,0.48756808385876,GP9
D1,Primary,COMPLEMENT,1.01743790624149,0.48756808385876,CA2
D1,Primary,COMPLEMENT,1.01743790624149,0.48756808385876,CLU
D1,Primary,COMPLEMENT,1.01743790624149,0.48756808385876,HSPA1A
D1,Primary,COMPLEMENT,1.01743790624149,0.48756808385876,ADAM9
D1,Primary,COMPLEMENT,1.01743790624149,0.48756808385876,PIM1
D1,Primary,COMPLEMENT,1.01743790624149,0.48756808385876,MMP8
D1,Primary,COMPLEMENT,1.01743790624149,0.48756808385876,GP1BA
D1,Primary,COMPLEMENT,1.01743790624149,0.48756808385876,SERPINE1
D1,Primary,COMPLEMENT,1.01743790624149,0.48756808385876,TNFAIP3
D1,Primary,COMPLEMENT,1.01743790624149,0.48756808385876,COL4A2
D1,Primary,COMPLEMENT,1.01743790624149,0.48756808385876,ITGAM
D1,Primary,COMPLEMENT,1.01743790624149,0.48756808385876,LCP2
D1,Primary,COMPLEMENT,1.01743790624149,0.48756808385876,PIK3R5
D1,Primary,COMPLEMENT,1.01743790624149,0.48756808385876,LGMN
D1,Primary,COMPLEMENT,1.01743790624149,0.48756808385876,BRPF3
D1,Primary,COMPLEMENT,1.01743790624149,0.48756808385876,CDA
D1,Primary,COMPLEMENT,1.01743790624149,0.48756808385876,PSEN1
D1,Primary,COMPLEMENT,1.01743790624149,0.48756808385876,CTSD
D1,Primary,COMPLEMENT,1.01743790624149,0.48756808385876,PRKCD
D1,Primary,COMPLEMENT,1.01743790624149,0.48756808385876,CD55
D1,Primary,COMPLEMENT,1.01743790624149,0.48756808385876,EHD1
D1,Primary,COMPLEMENT,1.01743790624149,0.48756808385876,S100A9
D1,Primary,COMPLEMENT,1.01743790624149,0.48756808385876,RHOG
D1,Primary,COMPLEMENT,1.01743790624149,0.48756808385876,FN1
D1,Primary,COMPLEMENT,1.01743790624149,0.48756808385876,TIMP1
D1,Primary,COMPLEMENT,1.01743790624149,0.48756808385876,GNB2
D1,Primary,COMPLEMENT,1.01743790624149,0.48756808385876,STX4
D1,Primary,COMPLEMENT,1.01743790624149,0.48756808385876,TIMP2
D1,Primary,COMPLEMENT,1.01743790624149,0.48756808385876,GRB2
D1,Primary,COMPLEMENT,1.01743790624149,0.48756808385876,GNAI2
D1,Primary,COMPLEMENT,1.01743790624149,0.48756808385876,LTF
D1,Primary,COMPLEMENT,1.01743790624149,0.48756808385876,SERPINB2
D1,Primary,COMPLEMENT,1.01743790624149,0.48756808385876,RBSN
D1,Primary,COMPLEMENT,1.01743790624149,0.48756808385876,OLR1
D1,Primary,COMPLEMENT,1.01743790624149,0.48756808385876,RAF1
D1,Primary,COMPLEMENT,1.01743790624149,0.48756808385876,CR1
D1,Primary,COMPLEMENT,1.01743790624149,0.48756808385876,PDGFB
D1,Primary,COMPLEMENT,1.01743790624149,0.48756808385876,PLSCR1
D1,Primary,COMPLEMENT,1.01743790624149,0.48756808385876,XPNPEP1
D1,Primary,COMPLEMENT,1.01743790624149,0.48756808385876,S100A12
D1,Primary,COMPLEMENT,1.01743790624149,0.48756808385876,PFN1
D1,Primary,DNA_REPAIR,-0.883161486997475,0.802202770952771,NCBP2
D1,Primary,DNA_REPAIR,-0.883161486997475,0.802202770952771,ERCC5
D1,Primary,DNA_REPAIR,-0.883161486997475,0.802202770952771,RNMT
D1,Primary,DNA_REPAIR,-0.883161486997475,0.802202770952771,POLD3
D1,Primary,DNA_REPAIR,-0.883161486997475,0.802202770952771,ERCC8
D1,Primary,DNA_REPAIR,-0.883161486997475,0.802202770952771,NUDT21
D1,Primary,DNA_REPAIR,-0.883161486997475,0.802202770952771,GTF2H3
D1,Primary,DNA_REPAIR,-0.883161486997475,0.802202770952771,RAE1
D1,Primary,DNA_REPAIR,-0.883161486997475,0.802202770952771,POLR2C
D1,Primary,DNA_REPAIR,-0.883161486997475,0.802202770952771,NFX1
D1,Primary,DNA_REPAIR,-0.883161486997475,0.802202770952771,GTF2H1
D1,Primary,DNA_REPAIR,-0.883161486997475,0.802202770952771,NELFCD
D1,Primary,DNA_REPAIR,-0.883161486997475,0.802202770952771,POLR3C
D1,Primary,DNA_REPAIR,-0.883161486997475,0.802202770952771,ADA
D1,Primary,DNA_REPAIR,-0.883161486997475,0.802202770952771,GTF2H5
D1,Primary,DNA_REPAIR,-0.883161486997475,0.802202770952771,POLB
D1,Primary,DNA_REPAIR,-0.883161486997475,0.802202770952771,SNAPC5
D1,Primary,DNA_REPAIR,-0.883161486997475,0.802202770952771,UMPS
D1,Primary,DNA_REPAIR,-0.883161486997475,0.802202770952771,RALA
D1,Primary,DNA_REPAIR,-0.883161486997475,0.802202770952771,APRT
D1,Primary,DNA_REPAIR,-0.883161486997475,0.802202770952771,GSDME
D1,Primary,DNA_REPAIR,-0.883161486997475,0.802202770952771,ERCC3
D1,Primary,DNA_REPAIR,-0.883161486997475,0.802202770952771,REV3L
D1,Primary,DNA_REPAIR,-0.883161486997475,0.802202770952771,RPA3
D1,Primary,DNA_REPAIR,-0.883161486997475,0.802202770952771,POLR1H
D1,Primary,DNA_REPAIR,-0.883161486997475,0.802202770952771,LIG1
D1,Primary,DNA_REPAIR,-0.883161486997475,0.802202770952771,NT5C
D1,Primary,DNA_REPAIR,-0.883161486997475,0.802202770952771,CSTF3
D1,Primary,DNA_REPAIR,-0.883161486997475,0.802202770952771,CLP1
D1,Primary,DNA_REPAIR,-0.883161486997475,0.802202770952771,POLE4
D1,Primary,DNA_REPAIR,-0.883161486997475,0.802202770952771,ITPA
D1,Primary,DNA_REPAIR,-0.883161486997475,0.802202770952771,DDB2
D1,Primary,DNA_REPAIR,-0.883161486997475,0.802202770952771,POLR2D
D1,Primary,DNA_REPAIR,-0.883161486997475,0.802202770952771,SURF1
D1,Primary,DNA_REPAIR,-0.883161486997475,0.802202770952771,ELOA
D1,Primary,DNA_REPAIR,-0.883161486997475,0.802202770952771,DUT
D1,Primary,E2F_TARGETS,1.4247806616449,0.01443545837677,SPAG5
D1,Primary,E2F_TARGETS,1.4247806616449,0.01443545837677,TUBG1
D1,Primary,E2F_TARGETS,1.4247806616449,0.01443545837677,DIAPH3
D1,Primary,E2F_TARGETS,1.4247806616449,0.01443545837677,MKI67
D1,Primary,E2F_TARGETS,1.4247806616449,0.01443545837677,ESPL1
D1,Primary,E2F_TARGETS,1.4247806616449,0.01443545837677,AURKB
D1,Primary,E2F_TARGETS,1.4247806616449,0.01443545837677,CDCA3
D1,Primary,E2F_TARGETS,1.4247806616449,0.01443545837677,TRIP13
D1,Primary,E2F_TARGETS,1.4247806616449,0.01443545837677,GINS4
D1,Primary,E2F_TARGETS,1.4247806616449,0.01443545837677,MYBL2
D1,Primary,E2F_TARGETS,1.4247806616449,0.01443545837677,CIT
D1,Primary,E2F_TARGETS,1.4247806616449,0.01443545837677,CKS2
D1,Primary,E2F_TARGETS,1.4247806616449,0.01443545837677,MCM6
D1,Primary,E2F_TARGETS,1.4247806616449,0.01443545837677,MXD3
D1,Primary,E2F_TARGETS,1.4247806616449,0.01443545837677,KIF4A
D1,Primary,E2F_TARGETS,1.4247806616449,0.01443545837677,HMGB3
D1,Primary,E2F_TARGETS,1.4247806616449,0.01443545837677,RRM2
D1,Primary,E2F_TARGETS,1.4247806616449,0.01443545837677,KIF2C
D1,Primary,E2F_TARGETS,1.4247806616449,0.01443545837677,TFRC
D1,Primary,E2F_TARGETS,1.4247806616449,0.01443545837677,HMGB2
D1,Primary,E2F_TARGETS,1.4247806616449,0.01443545837677,BARD1
D1,Primary,E2F_TARGETS,1.4247806616449,0.01443545837677,BIRC5
D1,Primary,E2F_TARGETS,1.4247806616449,0.01443545837677,PTTG1
D1,Primary,E2F_TARGETS,1.4247806616449,0.01443545837677,CCNE1
D1,Primary,E2F_TARGETS,1.4247806616449,0.01443545837677,PSMC3IP
D1,Primary,E2F_TARGETS,1.4247806616449,0.01443545837677,DEPDC1
D1,Primary,E2F_TARGETS,1.4247806616449,0.01443545837677,NUP153
D1,Primary,E2F_TARGETS,1.4247806616449,0.01443545837677,CDC20
D1,Primary,E2F_TARGETS,1.4247806616449,0.01443545837677,PLK1
D1,Primary,E2F_TARGETS,1.4247806616449,0.01443545837677,TOP2A
D1,Primary,E2F_TARGETS,1.4247806616449,0.01443545837677,SUV39H1
D1,Primary,E2F_TARGETS,1.4247806616449,0.01443545837677,HMGA1
D1,Primary,E2F_TARGETS,1.4247806616449,0.01443545837677,CDCA8
D1,Primary,E2F_TARGETS,1.4247806616449,0.01443545837677,TCF19
D1,Primary,E2F_TARGETS,1.4247806616449,0.01443545837677,NCAPD2
D1,Primary,E2F_TARGETS,1.4247806616449,0.01443545837677,MAD2L1
D1,Primary,E2F_TARGETS,1.4247806616449,0.01443545837677,KPNA2
D1,Primary,E2F_TARGETS,1.4247806616449,0.01443545837677,E2F8
D1,Primary,E2F_TARGETS,1.4247806616449,0.01443545837677,RAD51AP1
D1,Primary,E2F_TARGETS,1.4247806616449,0.01443545837677,SPC24
D1,Primary,E2F_TARGETS,1.4247806616449,0.01443545837677,ORC6
D1,Primary,E2F_TARGETS,1.4247806616449,0.01443545837677,DCLRE1B
D1,Primary,E2F_TARGETS,1.4247806616449,0.01443545837677,WEE1
D1,Primary,E2F_TARGETS,1.4247806616449,0.01443545837677,CCNB2
D1,Primary,E2F_TARGETS,1.4247806616449,0.01443545837677,CKS1B
D1,Primary,E2F_TARGETS,1.4247806616449,0.01443545837677,PA2G4
D1,Primary,E2F_TARGETS,1.4247806616449,0.01443545837677,MCM2
D1,Primary,E2F_TARGETS,1.4247806616449,0.01443545837677,GINS3
D1,Primary,E2F_TARGETS,1.4247806616449,0.01443545837677,DONSON
D1,Primary,E2F_TARGETS,1.4247806616449,0.01443545837677,CDK1
D1,Primary,E2F_TARGETS,1.4247806616449,0.01443545837677,PLK4
D1,Primary,E2F_TARGETS,1.4247806616449,0.01443545837677,JPT1
D1,Primary,E2F_TARGETS,1.4247806616449,0.01443545837677,CDC25A
D1,Primary,E2F_TARGETS,1.4247806616449,0.01443545837677,UBE2S
D1,Primary,E2F_TARGETS,1.4247806616449,0.01443545837677,CDKN1B
D1,Primary,E2F_TARGETS,1.4247806616449,0.01443545837677,RACGAP1
D1,Primary,E2F_TARGETS,1.4247806616449,0.01443545837677,BUB1B
D1,Primary,E2F_TARGETS,1.4247806616449,0.01443545837677,GSPT1
D1,Primary,E2F_TARGETS,1.4247806616449,0.01443545837677,UBE2T
D1,Primary,E2F_TARGETS,1.4247806616449,0.01443545837677,STMN1
D1,Primary,E2F_TARGETS,1.4247806616449,0.01443545837677,CENPE
D1,Primary,E2F_TARGETS,1.4247806616449,0.01443545837677,RNASEH2A
D1,Primary,E2F_TARGETS,1.4247806616449,0.01443545837677,CDKN2C
D1,Primary,E2F_TARGETS,1.4247806616449,0.01443545837677,TK1
D1,Primary,E2F_TARGETS,1.4247806616449,0.01443545837677,CDKN3
D1,Primary,E2F_TARGETS,1.4247806616449,0.01443545837677,NAA38
D1,Primary,E2F_TARGETS,1.4247806616449,0.01443545837677,GINS1
D1,Primary,E2F_TARGETS,1.4247806616449,0.01443545837677,CDKN1A
D1,Primary,E2F_TARGETS,1.4247806616449,0.01443545837677,MELK
D1,Primary,EPITHELIAL_MESENCHYMAL_TRANSITION,2.03158575723909,5.17633018259502e-06,VEGFA
D1,Primary,EPITHELIAL_MESENCHYMAL_TRANSITION,2.03158575723909,5.17633018259502e-06,AREG
D1,Primary,EPITHELIAL_MESENCHYMAL_TRANSITION,2.03158575723909,5.17633018259502e-06,EFEMP2
D1,Primary,EPITHELIAL_MESENCHYMAL_TRANSITION,2.03158575723909,5.17633018259502e-06,MYL9
D1,Primary,EPITHELIAL_MESENCHYMAL_TRANSITION,2.03158575723909,5.17633018259502e-06,THBS1
D1,Primary,EPITHELIAL_MESENCHYMAL_TRANSITION,2.03158575723909,5.17633018259502e-06,COL6A3
D1,Primary,EPITHELIAL_MESENCHYMAL_TRANSITION,2.03158575723909,5.17633018259502e-06,TIMP3
D1,Primary,EPITHELIAL_MESENCHYMAL_TRANSITION,2.03158575723909,5.17633018259502e-06,MMP1
D1,Primary,EPITHELIAL_MESENCHYMAL_TRANSITION,2.03158575723909,5.17633018259502e-06,TPM4
D1,Primary,EPITHELIAL_MESENCHYMAL_TRANSITION,2.03158575723909,5.17633018259502e-06,SDC4
D1,Primary,EPITHELIAL_MESENCHYMAL_TRANSITION,2.03158575723909,5.17633018259502e-06,ITGB3
D1,Primary,EPITHELIAL_MESENCHYMAL_TRANSITION,2.03158575723909,5.17633018259502e-06,ITGB5
D1,Primary,EPITHELIAL_MESENCHYMAL_TRANSITION,2.03158575723909,5.17633018259502e-06,FSTL1
D1,Primary,EPITHELIAL_MESENCHYMAL_TRANSITION,2.03158575723909,5.17633018259502e-06,SPARC
D1,Primary,EPITHELIAL_MESENCHYMAL_TRANSITION,2.03158575723909,5.17633018259502e-06,TGM2
D1,Primary,EPITHELIAL_MESENCHYMAL_TRANSITION,2.03158575723909,5.17633018259502e-06,PTX3
D1,Primary,EPITHELIAL_MESENCHYMAL_TRANSITION,2.03158575723909,5.17633018259502e-06,MYLK
D1,Primary,EPITHELIAL_MESENCHYMAL_TRANSITION,2.03158575723909,5.17633018259502e-06,TPM1
D1,Primary,EPITHELIAL_MESENCHYMAL_TRANSITION,2.03158575723909,5.17633018259502e-06,SLC6A8
D1,Primary,EPITHELIAL_MESENCHYMAL_TRANSITION,2.03158575723909,5.17633018259502e-06,QSOX1
D1,Primary,EPITHELIAL_MESENCHYMAL_TRANSITION,2.03158575723909,5.17633018259502e-06,SDC1
D1,Primary,EPITHELIAL_MESENCHYMAL_TRANSITION,2.03158575723909,5.17633018259502e-06,GADD45B
D1,Primary,EPITHELIAL_MESENCHYMAL_TRANSITION,2.03158575723909,5.17633018259502e-06,SERPINE1
D1,Primary,EPITHELIAL_MESENCHYMAL_TRANSITION,2.03158575723909,5.17633018259502e-06,TNFAIP3
D1,Primary,EPITHELIAL_MESENCHYMAL_TRANSITION,2.03158575723909,5.17633018259502e-06,COL4A2
D1,Primary,EPITHELIAL_MESENCHYMAL_TRANSITION,2.03158575723909,5.17633018259502e-06,INHBA
D1,Primary,EPITHELIAL_MESENCHYMAL_TRANSITION,2.03158575723909,5.17633018259502e-06,LOXL1
D1,Primary,EPITHELIAL_MESENCHYMAL_TRANSITION,2.03158575723909,5.17633018259502e-06,GADD45A
D1,Primary,EPITHELIAL_MESENCHYMAL_TRANSITION,2.03158575723909,5.17633018259502e-06,PLOD1
D1,Primary,EPITHELIAL_MESENCHYMAL_TRANSITION,2.03158575723909,5.17633018259502e-06,TNFRSF12A
D1,Primary,EPITHELIAL_MESENCHYMAL_TRANSITION,2.03158575723909,5.17633018259502e-06,BASP1
D1,Primary,EPITHELIAL_MESENCHYMAL_TRANSITION,2.03158575723909,5.17633018259502e-06,TGFB1
D1,Primary,EPITHELIAL_MESENCHYMAL_TRANSITION,2.03158575723909,5.17633018259502e-06,FN1
D1,Primary,EPITHELIAL_MESENCHYMAL_TRANSITION,2.03158575723909,5.17633018259502e-06,TIMP1
D1,Primary,EPITHELIAL_MESENCHYMAL_TRANSITION,2.03158575723909,5.17633018259502e-06,FBN1
D1,Primary,EPITHELIAL_MESENCHYMAL_TRANSITION,2.03158575723909,5.17633018259502e-06,PLOD2
D1,Primary,EPITHELIAL_MESENCHYMAL_TRANSITION,2.03158575723909,5.17633018259502e-06,CADM1
D1,Primary,EPITHELIAL_MESENCHYMAL_TRANSITION,2.03158575723909,5.17633018259502e-06,ANPEP
D1,Primary,EPITHELIAL_MESENCHYMAL_TRANSITION,2.03158575723909,5.17633018259502e-06,FLNA
D1,Primary,EPITHELIAL_MESENCHYMAL_TRANSITION,2.03158575723909,5.17633018259502e-06,ID2
D1,Primary,ESTROGEN_RESPONSE_EARLY,1.64510120587975,0.00168689090090685,KAZN
D1,Primary,ESTROGEN_RESPONSE_EARLY,1.64510120587975,0.00168689090090685,SLC2A1
D1,Primary,ESTROGEN_RESPONSE_EARLY,1.64510120587975,0.00168689090090685,AREG
D1,Primary,ESTROGEN_RESPONSE_EARLY,1.64510120587975,0.00168689090090685,FOXC1
D1,Primary,ESTROGEN_RESPONSE_EARLY,1.64510120587975,0.00168689090090685,SLC7A5
D1,Primary,ESTROGEN_RESPONSE_EARLY,1.64510120587975,0.00168689090090685,IGF1R
D1,Primary,ESTROGEN_RESPONSE_EARLY,1.64510120587975,0.00168689090090685,TTC39A
D1,Primary,ESTROGEN_RESPONSE_EARLY,1.64510120587975,0.00168689090090685,FKBP5
D1,Primary,ESTROGEN_RESPONSE_EARLY,1.64510120587975,0.00168689090090685,TUBB2B
D1,Primary,ESTROGEN_RESPONSE_EARLY,1.64510120587975,0.00168689090090685,AMFR
D1,Primary,ESTROGEN_RESPONSE_EARLY,1.64510120587975,0.00168689090090685,FHL2
D1,Primary,ESTROGEN_RESPONSE_EARLY,1.64510120587975,0.00168689090090685,INHBB
D1,Primary,ESTROGEN_RESPONSE_EARLY,1.64510120587975,0.00168689090090685,TGM2
D1,Primary,ESTROGEN_RESPONSE_EARLY,1.64510120587975,0.00168689090090685,ENDOD1
D1,Primary,ESTROGEN_RESPONSE_EARLY,1.64510120587975,0.00168689090090685,DHCR7
D1,Primary,ESTROGEN_RESPONSE_EARLY,1.64510120587975,0.00168689090090685,SIAH2
D1,Primary,ESTROGEN_RESPONSE_EARLY,1.64510120587975,0.00168689090090685,KCNK5
D1,Primary,ESTROGEN_RESPONSE_EARLY,1.64510120587975,0.00168689090090685,SLC24A3
D1,Primary,ESTROGEN_RESPONSE_EARLY,1.64510120587975,0.00168689090090685,KDM4B
D1,Primary,ESTROGEN_RESPONSE_EARLY,1.64510120587975,0.00168689090090685,SLC16A1
D1,Primary,ESTROGEN_RESPONSE_EARLY,1.64510120587975,0.00168689090090685,SEC14L2
D1,Primary,ESTROGEN_RESPONSE_EARLY,1.64510120587975,0.00168689090090685,UGCG
D1,Primary,ESTROGEN_RESPONSE_EARLY,1.64510120587975,0.00168689090090685,IL17RB
D1,Primary,ESTROGEN_RESPONSE_EARLY,1.64510120587975,0.00168689090090685,MREG
D1,Primary,ESTROGEN_RESPONSE_EARLY,1.64510120587975,0.00168689090090685,TOB1
D1,Primary,ESTROGEN_RESPONSE_EARLY,1.64510120587975,0.00168689090090685,RET
D1,Primary,ESTROGEN_RESPONSE_EARLY,1.64510120587975,0.00168689090090685,ZNF185
D1,Primary,ESTROGEN_RESPONSE_EARLY,1.64510120587975,0.00168689090090685,B4GALT1
D1,Primary,ESTROGEN_RESPONSE_EARLY,1.64510120587975,0.00168689090090685,FLNB
D1,Primary,ESTROGEN_RESPONSE_EARLY,1.64510120587975,0.00168689090090685,RAB31
D1,Primary,ESTROGEN_RESPONSE_EARLY,1.64510120587975,0.00168689090090685,FDFT1
D1,Primary,ESTROGEN_RESPONSE_EARLY,1.64510120587975,0.00168689090090685,RAPGEFL1
D1,Primary,ESTROGEN_RESPONSE_EARLY,1.64510120587975,0.00168689090090685,SVIL
D1,Primary,ESTROGEN_RESPONSE_EARLY,1.64510120587975,0.00168689090090685,ELF3
D1,Primary,ESTROGEN_RESPONSE_EARLY,1.64510120587975,0.00168689090090685,ANXA9
D1,Primary,ESTROGEN_RESPONSE_EARLY,1.64510120587975,0.00168689090090685,MAST4
D1,Primary,ESTROGEN_RESPONSE_EARLY,1.64510120587975,0.00168689090090685,MINDY1
D1,Primary,ESTROGEN_RESPONSE_EARLY,1.64510120587975,0.00168689090090685,ABCA3
D1,Primary,ESTROGEN_RESPONSE_EARLY,1.64510120587975,0.00168689090090685,NHERF1
D1,Primary,ESTROGEN_RESPONSE_EARLY,1.64510120587975,0.00168689090090685,BAG1
D1,Primary,ESTROGEN_RESPONSE_EARLY,1.64510120587975,0.00168689090090685,SH3BP5
D1,Primary,ESTROGEN_RESPONSE_EARLY,1.64510120587975,0.00168689090090685,GAB2
D1,Primary,ESTROGEN_RESPONSE_EARLY,1.64510120587975,0.00168689090090685,AFF1
D1,Primary,ESTROGEN_RESPONSE_EARLY,1.64510120587975,0.00168689090090685,CHPT1
D1,Primary,ESTROGEN_RESPONSE_EARLY,1.64510120587975,0.00168689090090685,NADSYN1
D1,Primary,ESTROGEN_RESPONSE_EARLY,1.64510120587975,0.00168689090090685,CANT1
D1,Primary,ESTROGEN_RESPONSE_EARLY,1.64510120587975,0.00168689090090685,MED13L
D1,Primary,ESTROGEN_RESPONSE_LATE,1.59813491066229,0.00312349612270903,AREG
D1,Primary,ESTROGEN_RESPONSE_LATE,1.59813491066229,0.00312349612270903,FOXC1
D1,Primary,ESTROGEN_RESPONSE_LATE,1.59813491066229,0.00312349612270903,SLC7A5
D1,Primary,ESTROGEN_RESPONSE_LATE,1.59813491066229,0.00312349612270903,FKBP5
D1,Primary,ESTROGEN_RESPONSE_LATE,1.59813491066229,0.00312349612270903,CA2
D1,Primary,ESTROGEN_RESPONSE_LATE,1.59813491066229,0.00312349612270903,AMFR
D1,Primary,ESTROGEN_RESPONSE_LATE,1.59813491066229,0.00312349612270903,DHCR7
D1,Primary,ESTROGEN_RESPONSE_LATE,1.59813491066229,0.00312349612270903,CKB
D1,Primary,ESTROGEN_RESPONSE_LATE,1.59813491066229,0.00312349612270903,SIAH2
D1,Primary,ESTROGEN_RESPONSE_LATE,1.59813491066229,0.00312349612270903,FABP5
D1,Primary,ESTROGEN_RESPONSE_LATE,1.59813491066229,0.00312349612270903,UNC13B
D1,Primary,ESTROGEN_RESPONSE_LATE,1.59813491066229,0.00312349612270903,KCNK5
D1,Primary,ESTROGEN_RESPONSE_LATE,1.59813491066229,0.00312349612270903,CD9
D1,Primary,ESTROGEN_RESPONSE_LATE,1.59813491066229,0.00312349612270903,SLC24A3
D1,Primary,ESTROGEN_RESPONSE_LATE,1.59813491066229,0.00312349612270903,SLC16A1
D1,Primary,ESTROGEN_RESPONSE_LATE,1.59813491066229,0.00312349612270903,IL17RB
D1,Primary,ESTROGEN_RESPONSE_LATE,1.59813491066229,0.00312349612270903,MAPK13
D1,Primary,ESTROGEN_RESPONSE_LATE,1.59813491066229,0.00312349612270903,CDH1
D1,Primary,ESTROGEN_RESPONSE_LATE,1.59813491066229,0.00312349612270903,TOB1
D1,Primary,ESTROGEN_RESPONSE_LATE,1.59813491066229,0.00312349612270903,XRCC3
D1,Primary,ESTROGEN_RESPONSE_LATE,1.59813491066229,0.00312349612270903,RET
D1,Primary,ESTROGEN_RESPONSE_LATE,1.59813491066229,0.00312349612270903,FLNB
D1,Primary,ESTROGEN_RESPONSE_LATE,1.59813491066229,0.00312349612270903,CDC20
D1,Primary,ESTROGEN_RESPONSE_LATE,1.59813491066229,0.00312349612270903,TOP2A
D1,Primary,ESTROGEN_RESPONSE_LATE,1.59813491066229,0.00312349612270903,RAB31
D1,Primary,ESTROGEN_RESPONSE_LATE,1.59813491066229,0.00312349612270903,GFUS
D1,Primary,ESTROGEN_RESPONSE_LATE,1.59813491066229,0.00312349612270903,S100A9
D1,Primary,ESTROGEN_RESPONSE_LATE,1.59813491066229,0.00312349612270903,FDFT1
D1,Primary,ESTROGEN_RESPONSE_LATE,1.59813491066229,0.00312349612270903,RAPGEFL1
D1,Primary,ESTROGEN_RESPONSE_LATE,1.59813491066229,0.00312349612270903,PLXNB1
D1,Primary,ESTROGEN_RESPONSE_LATE,1.59813491066229,0.00312349612270903,PRKAR2B
D1,Primary,ESTROGEN_RESPONSE_LATE,1.59813491066229,0.00312349612270903,ANXA9
D1,Primary,ESTROGEN_RESPONSE_LATE,1.59813491066229,0.00312349612270903,CCNA1
D1,Primary,ESTROGEN_RESPONSE_LATE,1.59813491066229,0.00312349612270903,ST6GALNAC2
D1,Primary,ESTROGEN_RESPONSE_LATE,1.59813491066229,0.00312349612270903,ABCA3
D1,Primary,ESTROGEN_RESPONSE_LATE,1.59813491066229,0.00312349612270903,CDC6
D1,Primary,ESTROGEN_RESPONSE_LATE,1.59813491066229,0.00312349612270903,STIL
D1,Primary,ESTROGEN_RESPONSE_LATE,1.59813491066229,0.00312349612270903,NHERF1
D1,Primary,ESTROGEN_RESPONSE_LATE,1.59813491066229,0.00312349612270903,LTF
D1,Primary,ESTROGEN_RESPONSE_LATE,1.59813491066229,0.00312349612270903,BAG1
D1,Primary,ESTROGEN_RESPONSE_LATE,1.59813491066229,0.00312349612270903,ID2
D1,Primary,ESTROGEN_RESPONSE_LATE,1.59813491066229,0.00312349612270903,PLK4
D1,Primary,ESTROGEN_RESPONSE_LATE,1.59813491066229,0.00312349612270903,BATF
D1,Primary,ESTROGEN_RESPONSE_LATE,1.59813491066229,0.00312349612270903,AFF1
D1,Primary,ESTROGEN_RESPONSE_LATE,1.59813491066229,0.00312349612270903,CHPT1
D1,Primary,ESTROGEN_RESPONSE_LATE,1.59813491066229,0.00312349612270903,RNASEH2A
D1,Primary,ESTROGEN_RESPONSE_LATE,1.59813491066229,0.00312349612270903,TFF3
D1,Primary,ESTROGEN_RESPONSE_LATE,1.59813491066229,0.00312349612270903,DUSP2
D1,Primary,ESTROGEN_RESPONSE_LATE,1.59813491066229,0.00312349612270903,GALE
D1,Primary,ESTROGEN_RESPONSE_LATE,1.59813491066229,0.00312349612270903,SLC27A2
D1,Primary,ESTROGEN_RESPONSE_LATE,1.59813491066229,0.00312349612270903,MYB
D1,Primary,ESTROGEN_RESPONSE_LATE,1.59813491066229,0.00312349612270903,ADD3
D1,Primary,FATTY_ACID_METABOLISM,0.933535013177016,0.673976251721994,GABARAPL1
D1,Primary,FATTY_ACID_METABOLISM,0.933535013177016,0.673976251721994,MAOA
D1,Primary,FATTY_ACID_METABOLISM,0.933535013177016,0.673976251721994,D2HGDH
D1,Primary,FATTY_ACID_METABOLISM,0.933535013177016,0.673976251721994,CA4
D1,Primary,FATTY_ACID_METABOLISM,0.933535013177016,0.673976251721994,CA2
D1,Primary,FATTY_ACID_METABOLISM,0.933535013177016,0.673976251721994,YWHAH
D1,Primary,FATTY_ACID_METABOLISM,0.933535013177016,0.673976251721994,KMT5A
D1,Primary,FATTY_ACID_METABOLISM,0.933535013177016,0.673976251721994,ADIPOR2
D1,Primary,FATTY_ACID_METABOLISM,0.933535013177016,0.673976251721994,ACSL1
D1,Primary,FATTY_ACID_METABOLISM,0.933535013177016,0.673976251721994,DLST
D1,Primary,FATTY_ACID_METABOLISM,0.933535013177016,0.673976251721994,ALDOA
D1,Primary,FATTY_ACID_METABOLISM,0.933535013177016,0.673976251721994,GLUL
D1,Primary,FATTY_ACID_METABOLISM,0.933535013177016,0.673976251721994,VNN1
D1,Primary,FATTY_ACID_METABOLISM,0.933535013177016,0.673976251721994,MGLL
D1,Primary,FATTY_ACID_METABOLISM,0.933535013177016,0.673976251721994,DHCR24
D1,Primary,FATTY_ACID_METABOLISM,0.933535013177016,0.673976251721994,ACADVL
D1,Primary,FATTY_ACID_METABOLISM,0.933535013177016,0.673976251721994,TP53INP2
D1,Primary,FATTY_ACID_METABOLISM,0.933535013177016,0.673976251721994,ACAT2
D1,Primary,FATTY_ACID_METABOLISM,0.933535013177016,0.673976251721994,PPARA
D1,Primary,FATTY_ACID_METABOLISM,0.933535013177016,0.673976251721994,LDHA
D1,Primary,FATTY_ACID_METABOLISM,0.933535013177016,0.673976251721994,ENO3
D1,Primary,FATTY_ACID_METABOLISM,0.933535013177016,0.673976251721994,G0S2
D1,Primary,G2M_CHECKPOINT,2.04455033068174,1.28809027784063e-07,E2F1
D1,Primary,G2M_CHECKPOINT,2.04455033068174,1.28809027784063e-07,SLC7A5
D1,Primary,G2M_CHECKPOINT,2.04455033068174,1.28809027784063e-07,MKI67
D1,Primary,G2M_CHECKPOINT,2.04455033068174,1.28809027784063e-07,ESPL1
D1,Primary,G2M_CHECKPOINT,2.04455033068174,1.28809027784063e-07,UBE2C
D1,Primary,G2M_CHECKPOINT,2.04455033068174,1.28809027784063e-07,AURKB
D1,Primary,G2M_CHECKPOINT,2.04455033068174,1.28809027784063e-07,CENPA
D1,Primary,G2M_CHECKPOINT,2.04455033068174,1.28809027784063e-07,KMT5A
D1,Primary,G2M_CHECKPOINT,2.04455033068174,1.28809027784063e-07,POLQ
D1,Primary,G2M_CHECKPOINT,2.04455033068174,1.28809027784063e-07,PRC1
D1,Primary,G2M_CHECKPOINT,2.04455033068174,1.28809027784063e-07,CHAF1A
D1,Primary,G2M_CHECKPOINT,2.04455033068174,1.28809027784063e-07,MYBL2
D1,Primary,G2M_CHECKPOINT,2.04455033068174,1.28809027784063e-07,CKS2
D1,Primary,G2M_CHECKPOINT,2.04455033068174,1.28809027784063e-07,MCM6
D1,Primary,G2M_CHECKPOINT,2.04455033068174,1.28809027784063e-07,KIF4A
D1,Primary,G2M_CHECKPOINT,2.04455033068174,1.28809027784063e-07,SLC7A1
D1,Primary,G2M_CHECKPOINT,2.04455033068174,1.28809027784063e-07,CCNF
D1,Primary,G2M_CHECKPOINT,2.04455033068174,1.28809027784063e-07,E2F3
D1,Primary,G2M_CHECKPOINT,2.04455033068174,1.28809027784063e-07,HMGB3
D1,Primary,G2M_CHECKPOINT,2.04455033068174,1.28809027784063e-07,SAP30
D1,Primary,G2M_CHECKPOINT,2.04455033068174,1.28809027784063e-07,HIF1A
D1,Primary,G2M_CHECKPOINT,2.04455033068174,1.28809027784063e-07,KIF2C
D1,Primary,G2M_CHECKPOINT,2.04455033068174,1.28809027784063e-07,CDC45
D1,Primary,G2M_CHECKPOINT,2.04455033068174,1.28809027784063e-07,TPX2
D1,Primary,G2M_CHECKPOINT,2.04455033068174,1.28809027784063e-07,HIRA
D1,Primary,G2M_CHECKPOINT,2.04455033068174,1.28809027784063e-07,BUB1
D1,Primary,G2M_CHECKPOINT,2.04455033068174,1.28809027784063e-07,NUSAP1
D1,Primary,G2M_CHECKPOINT,2.04455033068174,1.28809027784063e-07,TFDP1
D1,Primary,G2M_CHECKPOINT,2.04455033068174,1.28809027784063e-07,BARD1
D1,Primary,G2M_CHECKPOINT,2.04455033068174,1.28809027784063e-07,EGF
D1,Primary,G2M_CHECKPOINT,2.04455033068174,1.28809027784063e-07,BIRC5
D1,Primary,G2M_CHECKPOINT,2.04455033068174,1.28809027784063e-07,PTTG1
D1,Primary,G2M_CHECKPOINT,2.04455033068174,1.28809027784063e-07,NSD2
D1,Primary,G2M_CHECKPOINT,2.04455033068174,1.28809027784063e-07,MARCKS
D1,Primary,G2M_CHECKPOINT,2.04455033068174,1.28809027784063e-07,TNPO2
D1,Primary,G2M_CHECKPOINT,2.04455033068174,1.28809027784063e-07,ATF5
D1,Primary,G2M_CHECKPOINT,2.04455033068174,1.28809027784063e-07,KIF11
D1,Primary,G2M_CHECKPOINT,2.04455033068174,1.28809027784063e-07,CCNA2
D1,Primary,G2M_CHECKPOINT,2.04455033068174,1.28809027784063e-07,NUP98
D1,Primary,G2M_CHECKPOINT,2.04455033068174,1.28809027784063e-07,KNL1
D1,Primary,G2M_CHECKPOINT,2.04455033068174,1.28809027784063e-07,PRMT5
D1,Primary,G2M_CHECKPOINT,2.04455033068174,1.28809027784063e-07,CDC20
D1,Primary,G2M_CHECKPOINT,2.04455033068174,1.28809027784063e-07,PLK1
D1,Primary,G2M_CHECKPOINT,2.04455033068174,1.28809027784063e-07,TOP2A
D1,Primary,G2M_CHECKPOINT,2.04455033068174,1.28809027784063e-07,SUV39H1
D1,Primary,G2M_CHECKPOINT,2.04455033068174,1.28809027784063e-07,HMGA1
D1,Primary,G2M_CHECKPOINT,2.04455033068174,1.28809027784063e-07,RAD54L
D1,Primary,G2M_CHECKPOINT,2.04455033068174,1.28809027784063e-07,BCL3
D1,Primary,G2M_CHECKPOINT,2.04455033068174,1.28809027784063e-07,EXO1
D1,Primary,G2M_CHECKPOINT,2.04455033068174,1.28809027784063e-07,RAD23B
D1,Primary,G2M_CHECKPOINT,2.04455033068174,1.28809027784063e-07,SQLE
D1,Primary,G2M_CHECKPOINT,2.04455033068174,1.28809027784063e-07,MAPK14
D1,Primary,G2M_CHECKPOINT,2.04455033068174,1.28809027784063e-07,MAD2L1
D1,Primary,G2M_CHECKPOINT,2.04455033068174,1.28809027784063e-07,KPNA2
D1,Primary,G2M_CHECKPOINT,2.04455033068174,1.28809027784063e-07,E2F2
D1,Primary,G2M_CHECKPOINT,2.04455033068174,1.28809027784063e-07,TLE3
D1,Primary,G2M_CHECKPOINT,2.04455033068174,1.28809027784063e-07,TGFB1
D1,Primary,G2M_CHECKPOINT,2.04455033068174,1.28809027784063e-07,ORC6
D1,Primary,G2M_CHECKPOINT,2.04455033068174,1.28809027784063e-07,CCNB2
D1,Primary,G2M_CHECKPOINT,2.04455033068174,1.28809027784063e-07,CKS1B
D1,Primary,G2M_CHECKPOINT,2.04455033068174,1.28809027784063e-07,MEIS1
D1,Primary,G2M_CHECKPOINT,2.04455033068174,1.28809027784063e-07,MCM2
D1,Primary,G2M_CHECKPOINT,2.04455033068174,1.28809027784063e-07,PAFAH1B1
D1,Primary,G2M_CHECKPOINT,2.04455033068174,1.28809027784063e-07,MT2A
D1,Primary,G2M_CHECKPOINT,2.04455033068174,1.28809027784063e-07,CDC6
D1,Primary,G2M_CHECKPOINT,2.04455033068174,1.28809027784063e-07,STIL
D1,Primary,G2M_CHECKPOINT,2.04455033068174,1.28809027784063e-07,CDK1
D1,Primary,G2M_CHECKPOINT,2.04455033068174,1.28809027784063e-07,H2BC12
D1,Primary,G2M_CHECKPOINT,2.04455033068174,1.28809027784063e-07,PLK4
D1,Primary,G2M_CHECKPOINT,2.04455033068174,1.28809027784063e-07,LIG3
D1,Primary,G2M_CHECKPOINT,2.04455033068174,1.28809027784063e-07,NDC80
D1,Primary,G2M_CHECKPOINT,2.04455033068174,1.28809027784063e-07,JPT1
D1,Primary,G2M_CHECKPOINT,2.04455033068174,1.28809027784063e-07,CDC25A
D1,Primary,G2M_CHECKPOINT,2.04455033068174,1.28809027784063e-07,UBE2S
D1,Primary,G2M_CHECKPOINT,2.04455033068174,1.28809027784063e-07,CDKN1B
D1,Primary,G2M_CHECKPOINT,2.04455033068174,1.28809027784063e-07,RACGAP1
D1,Primary,G2M_CHECKPOINT,2.04455033068174,1.28809027784063e-07,GSPT1
D1,Primary,G2M_CHECKPOINT,2.04455033068174,1.28809027784063e-07,STMN1
D1,Primary,G2M_CHECKPOINT,2.04455033068174,1.28809027784063e-07,TROAP
D1,Primary,G2M_CHECKPOINT,2.04455033068174,1.28809027784063e-07,CENPE
D1,Primary,G2M_CHECKPOINT,2.04455033068174,1.28809027784063e-07,TOP1
D1,Primary,G2M_CHECKPOINT,2.04455033068174,1.28809027784063e-07,H2AZ2
D1,Primary,G2M_CHECKPOINT,2.04455033068174,1.28809027784063e-07,CDKN2C
D1,Primary,G2M_CHECKPOINT,2.04455033068174,1.28809027784063e-07,CDKN3
D1,Primary,GLYCOLYSIS,1.6113128219595,0.00257088861118883,VEGFA
D1,Primary,GLYCOLYSIS,1.6113128219595,0.00257088861118883,ABCB6
D1,Primary,GLYCOLYSIS,1.6113128219595,0.00257088861118883,IRS2
D1,Primary,GLYCOLYSIS,1.6113128219595,0.00257088861118883,DDIT4
D1,Primary,GLYCOLYSIS,1.6113128219595,0.00257088861118883,SPAG4
D1,Primary,GLYCOLYSIS,1.6113128219595,0.00257088861118883,IER3
D1,Primary,GLYCOLYSIS,1.6113128219595,0.00257088861118883,TPST1
D1,Primary,GLYCOLYSIS,1.6113128219595,0.00257088861118883,HK2
D1,Primary,GLYCOLYSIS,1.6113128219595,0.00257088861118883,VLDLR
D1,Primary,GLYCOLYSIS,1.6113128219595,0.00257088861118883,PKM
D1,Primary,GLYCOLYSIS,1.6113128219595,0.00257088861118883,CENPA
D1,Primary,GLYCOLYSIS,1.6113128219595,0.00257088861118883,RRAGD
D1,Primary,GLYCOLYSIS,1.6113128219595,0.00257088861118883,B4GALT2
D1,Primary,GLYCOLYSIS,1.6113128219595,0.00257088861118883,SAP30
D1,Primary,GLYCOLYSIS,1.6113128219595,0.00257088861118883,QSOX1
D1,Primary,GLYCOLYSIS,1.6113128219595,0.00257088861118883,ALDOA
D1,Primary,GLYCOLYSIS,1.6113128219595,0.00257088861118883,SDC1
D1,Primary,GLYCOLYSIS,1.6113128219595,0.00257088861118883,CTH
D1,Primary,GLYCOLYSIS,1.6113128219595,0.00257088861118883,G6PD
D1,Primary,GLYCOLYSIS,1.6113128219595,0.00257088861118883,PAM
D1,Primary,GLYCOLYSIS,1.6113128219595,0.00257088861118883,ANKZF1
D1,Primary,GLYCOLYSIS,1.6113128219595,0.00257088861118883,SLC16A3
D1,Primary,GLYCOLYSIS,1.6113128219595,0.00257088861118883,B4GALT1
D1,Primary,GLYCOLYSIS,1.6113128219595,0.00257088861118883,GYS1
D1,Primary,GLYCOLYSIS,1.6113128219595,0.00257088861118883,B4GALT4
D1,Primary,GLYCOLYSIS,1.6113128219595,0.00257088861118883,PLOD1
D1,Primary,GLYCOLYSIS,1.6113128219595,0.00257088861118883,DEPDC1
D1,Primary,GLYCOLYSIS,1.6113128219595,0.00257088861118883,EXT1
D1,Primary,GLYCOLYSIS,1.6113128219595,0.00257088861118883,GFUS
D1,Primary,GLYCOLYSIS,1.6113128219595,0.00257088861118883,CHPF
D1,Primary,GLYCOLYSIS,1.6113128219595,0.00257088861118883,ENO1
D1,Primary,GLYCOLYSIS,1.6113128219595,0.00257088861118883,ELF3
D1,Primary,GLYCOLYSIS,1.6113128219595,0.00257088861118883,PFKP
D1,Primary,GLYCOLYSIS,1.6113128219595,0.00257088861118883,SLC25A10
D1,Primary,GLYCOLYSIS,1.6113128219595,0.00257088861118883,LDHA
D1,Primary,GLYCOLYSIS,1.6113128219595,0.00257088861118883,PYGL
D1,Primary,GLYCOLYSIS,1.6113128219595,0.00257088861118883,CXCR4
D1,Primary,GLYCOLYSIS,1.6113128219595,0.00257088861118883,TPI1
D1,Primary,GLYCOLYSIS,1.6113128219595,0.00257088861118883,PLOD2
D1,Primary,GLYCOLYSIS,1.6113128219595,0.00257088861118883,HDLBP
D1,Primary,GLYCOLYSIS,1.6113128219595,0.00257088861118883,CDK1
D1,Primary,GLYCOLYSIS,1.6113128219595,0.00257088861118883,CAPN5
D1,Primary,GLYCOLYSIS,1.6113128219595,0.00257088861118883,PHKA2
D1,Primary,GLYCOLYSIS,1.6113128219595,0.00257088861118883,CITED2
D1,Primary,GLYCOLYSIS,1.6113128219595,0.00257088861118883,GOT1
D1,Primary,GLYCOLYSIS,1.6113128219595,0.00257088861118883,P4HA2
D1,Primary,GLYCOLYSIS,1.6113128219595,0.00257088861118883,CLDN9
D1,Primary,GLYCOLYSIS,1.6113128219595,0.00257088861118883,PYGB
D1,Primary,GLYCOLYSIS,1.6113128219595,0.00257088861118883,MERTK
D1,Primary,GLYCOLYSIS,1.6113128219595,0.00257088861118883,STMN1
D1,Primary,GLYCOLYSIS,1.6113128219595,0.00257088861118883,CHST2
D1,Primary,GLYCOLYSIS,1.6113128219595,0.00257088861118883,GCLC
D1,Primary,GLYCOLYSIS,1.6113128219595,0.00257088861118883,TFF3
D1,Primary,GLYCOLYSIS,1.6113128219595,0.00257088861118883,CYB5A
D1,Primary,GLYCOLYSIS,1.6113128219595,0.00257088861118883,GALE
D1,Primary,GLYCOLYSIS,1.6113128219595,0.00257088861118883,AK4
D1,Primary,GLYCOLYSIS,1.6113128219595,0.00257088861118883,NOL3
D1,Primary,GLYCOLYSIS,1.6113128219595,0.00257088861118883,KIF20A
D1,Primary,GLYCOLYSIS,1.6113128219595,0.00257088861118883,AURKA
D1,Primary,GLYCOLYSIS,1.6113128219595,0.00257088861118883,TALDO1
D1,Primary,GLYCOLYSIS,1.6113128219595,0.00257088861118883,UGP2
D1,Primary,GLYCOLYSIS,1.6113128219595,0.00257088861118883,RBCK1
D1,Primary,HEDGEHOG_SIGNALING,1.68251493647152,0.0155941473903937,VEGFA
D1,Primary,HEDGEHOG_SIGNALING,1.68251493647152,0.0155941473903937,ETS2
D1,Primary,HEDGEHOG_SIGNALING,1.68251493647152,0.0155941473903937,VLDLR
D1,Primary,HEDGEHOG_SIGNALING,1.68251493647152,0.0155941473903937,CDK5R1
D1,Primary,HEDGEHOG_SIGNALING,1.68251493647152,0.0155941473903937,ACHE
D1,Primary,HEDGEHOG_SIGNALING,1.68251493647152,0.0155941473903937,TLE1
D1,Primary,HEDGEHOG_SIGNALING,1.68251493647152,0.0155941473903937,NF1
D1,Primary,HEME_METABOLISM,2.69219704949971,2.94867102507752e-20,ABCB6
D1,Primary,HEME_METABOLISM,2.69219704949971,2.94867102507752e-20,TMCC2
D1,Primary,HEME_METABOLISM,2.69219704949971,2.94867102507752e-20,SLC2A1
D1,Primary,HEME_METABOLISM,2.69219704949971,2.94867102507752e-20,SMOX
D1,Primary,HEME_METABOLISM,2.69219704949971,2.94867102507752e-20,SLC7A11
D1,Primary,HEME_METABOLISM,2.69219704949971,2.94867102507752e-20,RHAG
D1,Primary,HEME_METABOLISM,2.69219704949971,2.94867102507752e-20,RHD
D1,Primary,HEME_METABOLISM,2.69219704949971,2.94867102507752e-20,ANK1
D1,Primary,HEME_METABOLISM,2.69219704949971,2.94867102507752e-20,TAL1
D1,Primary,HEME_METABOLISM,2.69219704949971,2.94867102507752e-20,ARHGEF12
D1,Primary,HEME_METABOLISM,2.69219704949971,2.94867102507752e-20,NARF
D1,Primary,HEME_METABOLISM,2.69219704949971,2.94867102507752e-20,SPTB
D1,Primary,HEME_METABOLISM,2.69219704949971,2.94867102507752e-20,CCND3
D1,Primary,HEME_METABOLISM,2.69219704949971,2.94867102507752e-20,SLC6A9
D1,Primary,HEME_METABOLISM,2.69219704949971,2.94867102507752e-20,RAP1GAP
D1,Primary,HEME_METABOLISM,2.69219704949971,2.94867102507752e-20,KHNYN
D1,Primary,HEME_METABOLISM,2.69219704949971,2.94867102507752e-20,ADD1
D1,Primary,HEME_METABOLISM,2.69219704949971,2.94867102507752e-20,RANBP10
D1,Primary,HEME_METABOLISM,2.69219704949971,2.94867102507752e-20,DMTN
D1,Primary,HEME_METABOLISM,2.69219704949971,2.94867102507752e-20,CA2
D1,Primary,HEME_METABOLISM,2.69219704949971,2.94867102507752e-20,OSBP2
D1,Primary,HEME_METABOLISM,2.69219704949971,2.94867102507752e-20,EZH1
D1,Primary,HEME_METABOLISM,2.69219704949971,2.94867102507752e-20,MPP1
D1,Primary,HEME_METABOLISM,2.69219704949971,2.94867102507752e-20,DCAF11
D1,Primary,HEME_METABOLISM,2.69219704949971,2.94867102507752e-20,SPTA1
D1,Primary,HEME_METABOLISM,2.69219704949971,2.94867102507752e-20,MAP2K3
D1,Primary,HEME_METABOLISM,2.69219704949971,2.94867102507752e-20,ENDOD1
D1,Primary,HEME_METABOLISM,2.69219704949971,2.94867102507752e-20,HMBS
D1,Primary,HEME_METABOLISM,2.69219704949971,2.94867102507752e-20,SLC25A37
D1,Primary,HEME_METABOLISM,2.69219704949971,2.94867102507752e-20,FOXO3
D1,Primary,HEME_METABOLISM,2.69219704949971,2.94867102507752e-20,KEL
D1,Primary,HEME_METABOLISM,2.69219704949971,2.94867102507752e-20,CDR2
D1,Primary,HEME_METABOLISM,2.69219704949971,2.94867102507752e-20,PRDX2
D1,Primary,HEME_METABOLISM,2.69219704949971,2.94867102507752e-20,SLC66A2
D1,Primary,HEME_METABOLISM,2.69219704949971,2.94867102507752e-20,UBAC1
D1,Primary,HEME_METABOLISM,2.69219704949971,2.94867102507752e-20,SLC6A8
D1,Primary,HEME_METABOLISM,2.69219704949971,2.94867102507752e-20,EPB42
D1,Primary,HEME_METABOLISM,2.69219704949971,2.94867102507752e-20,GCLM
D1,Primary,HEME_METABOLISM,2.69219704949971,2.94867102507752e-20,EIF2AK1
D1,Primary,HEME_METABOLISM,2.69219704949971,2.94867102507752e-20,RHCE
D1,Primary,HEME_METABOLISM,2.69219704949971,2.94867102507752e-20,MARCHF8
D1,Primary,HEME_METABOLISM,2.69219704949971,2.94867102507752e-20,HDGF
D1,Primary,HEME_METABOLISM,2.69219704949971,2.94867102507752e-20,PSMD9
D1,Primary,HEME_METABOLISM,2.69219704949971,2.94867102507752e-20,KLF1
D1,Primary,HEME_METABOLISM,2.69219704949971,2.94867102507752e-20,TFRC
D1,Primary,HEME_METABOLISM,2.69219704949971,2.94867102507752e-20,LRP10
D1,Primary,HEME_METABOLISM,2.69219704949971,2.94867102507752e-20,GATA1
D1,Primary,HEME_METABOLISM,2.69219704949971,2.94867102507752e-20,CA1
D1,Primary,HEME_METABOLISM,2.69219704949971,2.94867102507752e-20,MARCHF2
D1,Primary,HEME_METABOLISM,2.69219704949971,2.94867102507752e-20,H1-0
D1,Primary,HEME_METABOLISM,2.69219704949971,2.94867102507752e-20,XPO7
D1,Primary,HEME_METABOLISM,2.69219704949971,2.94867102507752e-20,MFHAS1
D1,Primary,HEME_METABOLISM,2.69219704949971,2.94867102507752e-20,FOXJ2
D1,Primary,HEME_METABOLISM,2.69219704949971,2.94867102507752e-20,YPEL5
D1,Primary,HEME_METABOLISM,2.69219704949971,2.94867102507752e-20,ACKR1
D1,Primary,HEME_METABOLISM,2.69219704949971,2.94867102507752e-20,MARK3
D1,Primary,HEME_METABOLISM,2.69219704949971,2.94867102507752e-20,PPP2R5B
D1,Primary,HEME_METABOLISM,2.69219704949971,2.94867102507752e-20,NFE2
D1,Primary,HEME_METABOLISM,2.69219704949971,2.94867102507752e-20,ATP6V0A1
D1,Primary,HEME_METABOLISM,2.69219704949971,2.94867102507752e-20,ELL2
D1,Primary,HEME_METABOLISM,2.69219704949971,2.94867102507752e-20,ASNS
D1,Primary,HEME_METABOLISM,2.69219704949971,2.94867102507752e-20,ACSL6
D1,Primary,HEME_METABOLISM,2.69219704949971,2.94867102507752e-20,FN3K
D1,Primary,HEME_METABOLISM,2.69219704949971,2.94867102507752e-20,RBM38
D1,Primary,HEME_METABOLISM,2.69219704949971,2.94867102507752e-20,RNF123
D1,Primary,HEME_METABOLISM,2.69219704949971,2.94867102507752e-20,XK
D1,Primary,HEME_METABOLISM,2.69219704949971,2.94867102507752e-20,BCAM
D1,Primary,HEME_METABOLISM,2.69219704949971,2.94867102507752e-20,E2F2
D1,Primary,HEME_METABOLISM,2.69219704949971,2.94867102507752e-20,TRIM58
D1,Primary,HEME_METABOLISM,2.69219704949971,2.94867102507752e-20,LPIN2
D1,Primary,HEME_METABOLISM,2.69219704949971,2.94867102507752e-20,GYPC
D1,Primary,HEME_METABOLISM,2.69219704949971,2.94867102507752e-20,TNS1
D1,Primary,HEME_METABOLISM,2.69219704949971,2.94867102507752e-20,FBXO34
D1,Primary,HEME_METABOLISM,2.69219704949971,2.94867102507752e-20,PDZK1IP1
D1,Primary,HEME_METABOLISM,2.69219704949971,2.94867102507752e-20,RAD23A
D1,Primary,HEME_METABOLISM,2.69219704949971,2.94867102507752e-20,MBOAT2
D1,Primary,HEME_METABOLISM,2.69219704949971,2.94867102507752e-20,SEC14L1
D1,Primary,HEME_METABOLISM,2.69219704949971,2.94867102507752e-20,H4C3
D1,Primary,HEME_METABOLISM,2.69219704949971,2.94867102507752e-20,NUDT4
D1,Primary,HEME_METABOLISM,2.69219704949971,2.94867102507752e-20,SLC4A1
D1,Primary,HEME_METABOLISM,2.69219704949971,2.94867102507752e-20,ADIPOR1
D1,Primary,HEME_METABOLISM,2.69219704949971,2.94867102507752e-20,CTNS
D1,Primary,HEME_METABOLISM,2.69219704949971,2.94867102507752e-20,ALAD
D1,Primary,HEME_METABOLISM,2.69219704949971,2.94867102507752e-20,CCDC28A
D1,Primary,HEME_METABOLISM,2.69219704949971,2.94867102507752e-20,P4HA2
D1,Primary,HEME_METABOLISM,2.69219704949971,2.94867102507752e-20,BSG
D1,Primary,HEME_METABOLISM,2.69219704949971,2.94867102507752e-20,DCAF10
D1,Primary,HEME_METABOLISM,2.69219704949971,2.94867102507752e-20,TSPO2
D1,Primary,HEME_METABOLISM,2.69219704949971,2.94867102507752e-20,SELENBP1
D1,Primary,HEME_METABOLISM,2.69219704949971,2.94867102507752e-20,KLF3
D1,Primary,HEME_METABOLISM,2.69219704949971,2.94867102507752e-20,ERMAP
D1,Primary,HEME_METABOLISM,2.69219704949971,2.94867102507752e-20,SLC22A4
D1,Primary,HEME_METABOLISM,2.69219704949971,2.94867102507752e-20,TOP1
D1,Primary,HEME_METABOLISM,2.69219704949971,2.94867102507752e-20,PIGQ
D1,Primary,HEME_METABOLISM,2.69219704949971,2.94867102507752e-20,GYPE
D1,Primary,HEME_METABOLISM,2.69219704949971,2.94867102507752e-20,SLC10A3
D1,Primary,HEME_METABOLISM,2.69219704949971,2.94867102507752e-20,GAPVD1
D1,Primary,HEME_METABOLISM,2.69219704949971,2.94867102507752e-20,GCLC
D1,Primary,HEME_METABOLISM,2.69219704949971,2.94867102507752e-20,FBXO9
D1,Primary,HEME_METABOLISM,2.69219704949971,2.94867102507752e-20,NR3C1
D1,Primary,HEME_METABOLISM,2.69219704949971,2.94867102507752e-20,GLRX5
D1,Primary,HEME_METABOLISM,2.69219704949971,2.94867102507752e-20,HTRA2
D1,Primary,HEME_METABOLISM,2.69219704949971,2.94867102507752e-20,UROD
D1,Primary,HEME_METABOLISM,2.69219704949971,2.94867102507752e-20,FBXO7
D1,Primary,HEME_METABOLISM,2.69219704949971,2.94867102507752e-20,MYL4
D1,Primary,HEME_METABOLISM,2.69219704949971,2.94867102507752e-20,GDE1
D1,Primary,HEME_METABOLISM,2.69219704949971,2.94867102507752e-20,TRIM10
D1,Primary,HEME_METABOLISM,2.69219704949971,2.94867102507752e-20,TFDP2
D1,Primary,HEME_METABOLISM,2.69219704949971,2.94867102507752e-20,KDM7A
D1,Primary,HEME_METABOLISM,2.69219704949971,2.94867102507752e-20,RCL1
D1,Primary,HEME_METABOLISM,2.69219704949971,2.94867102507752e-20,CPOX
D1,Primary,HEME_METABOLISM,2.69219704949971,2.94867102507752e-20,TENT5C
D1,Primary,HEME_METABOLISM,2.69219704949971,2.94867102507752e-20,PC
D1,Primary,HEME_METABOLISM,2.69219704949971,2.94867102507752e-20,GYPB
D1,Primary,HEME_METABOLISM,2.69219704949971,2.94867102507752e-20,ABCG2
D1,Primary,HEME_METABOLISM,2.69219704949971,2.94867102507752e-20,HAGH
D1,Primary,HEME_METABOLISM,2.69219704949971,2.94867102507752e-20,USP15
D1,Primary,HEME_METABOLISM,2.69219704949971,2.94867102507752e-20,RBM5
D1,Primary,HEME_METABOLISM,2.69219704949971,2.94867102507752e-20,RIOK3
D1,Primary,HEME_METABOLISM,2.69219704949971,2.94867102507752e-20,MXI1
D1,Primary,HEME_METABOLISM,2.69219704949971,2.94867102507752e-20,CLIC2
D1,Primary,HEME_METABOLISM,2.69219704949971,2.94867102507752e-20,RNF19A
D1,Primary,HYPOXIA,2.42919445372891,1.80315812213284e-12,VEGFA
D1,Primary,HYPOXIA,2.42919445372891,1.80315812213284e-12,NDRG1
D1,Primary,HYPOXIA,2.42919445372891,1.80315812213284e-12,IRS2
D1,Primary,HYPOXIA,2.42919445372891,1.80315812213284e-12,DDIT3
D1,Primary,HYPOXIA,2.42919445372891,1.80315812213284e-12,SLC2A1
D1,Primary,HYPOXIA,2.42919445372891,1.80315812213284e-12,JMJD6
D1,Primary,HYPOXIA,2.42919445372891,1.80315812213284e-12,DDIT4
D1,Primary,HYPOXIA,2.42919445372891,1.80315812213284e-12,NEDD4L
D1,Primary,HYPOXIA,2.42919445372891,1.80315812213284e-12,MAFF
D1,Primary,HYPOXIA,2.42919445372891,1.80315812213284e-12,IER3
D1,Primary,HYPOXIA,2.42919445372891,1.80315812213284e-12,HK2
D1,Primary,HYPOXIA,2.42919445372891,1.80315812213284e-12,VLDLR
D1,Primary,HYPOXIA,2.42919445372891,1.80315812213284e-12,PGM1
D1,Primary,HYPOXIA,2.42919445372891,1.80315812213284e-12,HK1
D1,Primary,HYPOXIA,2.42919445372891,1.80315812213284e-12,PFKFB3
D1,Primary,HYPOXIA,2.42919445372891,1.80315812213284e-12,PNRC1
D1,Primary,HYPOXIA,2.42919445372891,1.80315812213284e-12,SDC4
D1,Primary,HYPOXIA,2.42919445372891,1.80315812213284e-12,RRAGD
D1,Primary,HYPOXIA,2.42919445372891,1.80315812213284e-12,NFIL3
D1,Primary,HYPOXIA,2.42919445372891,1.80315812213284e-12,TGM2
D1,Primary,HYPOXIA,2.42919445372891,1.80315812213284e-12,CAVIN1
D1,Primary,HYPOXIA,2.42919445372891,1.80315812213284e-12,FOXO3
D1,Primary,HYPOXIA,2.42919445372891,1.80315812213284e-12,SIAH2
D1,Primary,HYPOXIA,2.42919445372891,1.80315812213284e-12,KLF6
D1,Primary,HYPOXIA,2.42919445372891,1.80315812213284e-12,NDST1
D1,Primary,HYPOXIA,2.42919445372891,1.80315812213284e-12,MT1E
D1,Primary,HYPOXIA,2.42919445372891,1.80315812213284e-12,NOCT
D1,Primary,HYPOXIA,2.42919445372891,1.80315812213284e-12,PIM1
D1,Primary,HYPOXIA,2.42919445372891,1.80315812213284e-12,SAP30
D1,Primary,HYPOXIA,2.42919445372891,1.80315812213284e-12,ALDOA
D1,Primary,HYPOXIA,2.42919445372891,1.80315812213284e-12,SLC2A3
D1,Primary,HYPOXIA,2.42919445372891,1.80315812213284e-12,PRKCA
D1,Primary,HYPOXIA,2.42919445372891,1.80315812213284e-12,PPP1R15A
D1,Primary,HYPOXIA,2.42919445372891,1.80315812213284e-12,SERPINE1
D1,Primary,HYPOXIA,2.42919445372891,1.80315812213284e-12,TNFAIP3
D1,Primary,HYPOXIA,2.42919445372891,1.80315812213284e-12,SLC6A6
D1,Primary,HYPOXIA,2.42919445372891,1.80315812213284e-12,KLF7
D1,Primary,HYPOXIA,2.42919445372891,1.80315812213284e-12,FOSL2
D1,Primary,HYPOXIA,2.42919445372891,1.80315812213284e-12,PAM
D1,Primary,HYPOXIA,2.42919445372891,1.80315812213284e-12,ANKZF1
D1,Primary,HYPOXIA,2.42919445372891,1.80315812213284e-12,GYS1
D1,Primary,HYPOXIA,2.42919445372891,1.80315812213284e-12,ALDOC
D1,Primary,HYPOXIA,2.42919445372891,1.80315812213284e-12,NDST2
D1,Primary,HYPOXIA,2.42919445372891,1.80315812213284e-12,PHKG1
D1,Primary,HYPOXIA,2.42919445372891,1.80315812213284e-12,GAPDH
D1,Primary,HYPOXIA,2.42919445372891,1.80315812213284e-12,EXT1
D1,Primary,HYPOXIA,2.42919445372891,1.80315812213284e-12,VHL
D1,Primary,HYPOXIA,2.42919445372891,1.80315812213284e-12,EFNA1
D1,Primary,HYPOXIA,2.42919445372891,1.80315812213284e-12,PLIN2
D1,Primary,HYPOXIA,2.42919445372891,1.80315812213284e-12,GBE1
D1,Primary,HYPOXIA,2.42919445372891,1.80315812213284e-12,PRDX5
D1,Primary,HYPOXIA,2.42919445372891,1.80315812213284e-12,ENO1
D1,Primary,HYPOXIA,2.42919445372891,1.80315812213284e-12,PFKP
D1,Primary,HYPOXIA,2.42919445372891,1.80315812213284e-12,LDHA
D1,Primary,HYPOXIA,2.42919445372891,1.80315812213284e-12,GPI
D1,Primary,HYPOXIA,2.42919445372891,1.80315812213284e-12,MYH9
D1,Primary,HYPOXIA,2.42919445372891,1.80315812213284e-12,CXCR4
D1,Primary,HYPOXIA,2.42919445372891,1.80315812213284e-12,ENO3
D1,Primary,HYPOXIA,2.42919445372891,1.80315812213284e-12,TPI1
D1,Primary,HYPOXIA,2.42919445372891,1.80315812213284e-12,HDLBP
D1,Primary,HYPOXIA,2.42919445372891,1.80315812213284e-12,MT2A
D1,Primary,HYPOXIA,2.42919445372891,1.80315812213284e-12,TMEM45A
D1,Primary,HYPOXIA,2.42919445372891,1.80315812213284e-12,CITED2
D1,Primary,HYPOXIA,2.42919445372891,1.80315812213284e-12,P4HA2
D1,Primary,HYPOXIA,2.42919445372891,1.80315812213284e-12,SELENBP1
D1,Primary,HYPOXIA,2.42919445372891,1.80315812213284e-12,CDKN1B
D1,Primary,HYPOXIA,2.42919445372891,1.80315812213284e-12,TPST2
D1,Primary,HYPOXIA,2.42919445372891,1.80315812213284e-12,PDK1
D1,Primary,HYPOXIA,2.42919445372891,1.80315812213284e-12,BTG1
D1,Primary,HYPOXIA,2.42919445372891,1.80315812213284e-12,PDGFB
D1,Primary,HYPOXIA,2.42919445372891,1.80315812213284e-12,CHST2
D1,Primary,HYPOXIA,2.42919445372891,1.80315812213284e-12,JUN
D1,Primary,HYPOXIA,2.42919445372891,1.80315812213284e-12,XPNPEP1
D1,Primary,HYPOXIA,2.42919445372891,1.80315812213284e-12,NR3C1
D1,Primary,HYPOXIA,2.42919445372891,1.80315812213284e-12,CSRP2
D1,Primary,IL2_STAT5_SIGNALING,1.56733001349085,0.00307991651711781,NDRG1
D1,Primary,IL2_STAT5_SIGNALING,1.56733001349085,0.00307991651711781,GABARAPL1
D1,Primary,IL2_STAT5_SIGNALING,1.56733001349085,0.00307991651711781,IL1R2
D1,Primary,IL2_STAT5_SIGNALING,1.56733001349085,0.00307991651711781,SPRED2
D1,Primary,IL2_STAT5_SIGNALING,1.56733001349085,0.00307991651711781,MAPKAPK2
D1,Primary,IL2_STAT5_SIGNALING,1.56733001349085,0.00307991651711781,IL1RL1
D1,Primary,IL2_STAT5_SIGNALING,1.56733001349085,0.00307991651711781,HIPK2
D1,Primary,IL2_STAT5_SIGNALING,1.56733001349085,0.00307991651711781,COCH
D1,Primary,IL2_STAT5_SIGNALING,1.56733001349085,0.00307991651711781,IL18R1
D1,Primary,IL2_STAT5_SIGNALING,1.56733001349085,0.00307991651711781,MAFF
D1,Primary,IL2_STAT5_SIGNALING,1.56733001349085,0.00307991651711781,FURIN
D1,Primary,IL2_STAT5_SIGNALING,1.56733001349085,0.00307991651711781,ADAM19
D1,Primary,IL2_STAT5_SIGNALING,1.56733001349085,0.00307991651711781,HK2
D1,Primary,IL2_STAT5_SIGNALING,1.56733001349085,0.00307991651711781,CCND3
D1,Primary,IL2_STAT5_SIGNALING,1.56733001349085,0.00307991651711781,IGF1R
D1,Primary,IL2_STAT5_SIGNALING,1.56733001349085,0.00307991651711781,CST7
D1,Primary,IL2_STAT5_SIGNALING,1.56733001349085,0.00307991651711781,CA2
D1,Primary,IL2_STAT5_SIGNALING,1.56733001349085,0.00307991651711781,SELP
D1,Primary,IL2_STAT5_SIGNALING,1.56733001349085,0.00307991651711781,IL4R
D1,Primary,IL2_STAT5_SIGNALING,1.56733001349085,0.00307991651711781,RRAGD
D1,Primary,IL2_STAT5_SIGNALING,1.56733001349085,0.00307991651711781,NFIL3
D1,Primary,IL2_STAT5_SIGNALING,1.56733001349085,0.00307991651711781,TGM2
D1,Primary,IL2_STAT5_SIGNALING,1.56733001349085,0.00307991651711781,RGS16
D1,Primary,IL2_STAT5_SIGNALING,1.56733001349085,0.00307991651711781,PHLDA1
D1,Primary,IL2_STAT5_SIGNALING,1.56733001349085,0.00307991651711781,KLF6
D1,Primary,IL2_STAT5_SIGNALING,1.56733001349085,0.00307991651711781,CKAP4
D1,Primary,IL2_STAT5_SIGNALING,1.56733001349085,0.00307991651711781,PIM1
D1,Primary,IL2_STAT5_SIGNALING,1.56733001349085,0.00307991651711781,DENND5A
D1,Primary,IL2_STAT5_SIGNALING,1.56733001349085,0.00307991651711781,PNP
D1,Primary,IL2_STAT5_SIGNALING,1.56733001349085,0.00307991651711781,SLC2A3
D1,Primary,IL2_STAT5_SIGNALING,1.56733001349085,0.00307991651711781,GADD45B
D1,Primary,IL2_STAT5_SIGNALING,1.56733001349085,0.00307991651711781,CSF1
D1,Primary,IL2_STAT5_SIGNALING,1.56733001349085,0.00307991651711781,AGER
D1,Primary,IL2_STAT5_SIGNALING,1.56733001349085,0.00307991651711781,GATA1
D1,Primary,IL2_STAT5_SIGNALING,1.56733001349085,0.00307991651711781,ALCAM
D1,Primary,IL2_STAT5_SIGNALING,1.56733001349085,0.00307991651711781,PLEC
D1,Primary,IL2_STAT5_SIGNALING,1.56733001349085,0.00307991651711781,SLC1A5
D1,Primary,IL2_STAT5_SIGNALING,1.56733001349085,0.00307991651711781,CCNE1
D1,Primary,IL2_STAT5_SIGNALING,1.56733001349085,0.00307991651711781,FAH
D1,Primary,IL2_STAT5_SIGNALING,1.56733001349085,0.00307991651711781,MXD1
D1,Primary,IL2_STAT5_SIGNALING,1.56733001349085,0.00307991651711781,IGF2R
D1,Primary,IL2_STAT5_SIGNALING,1.56733001349085,0.00307991651711781,WLS
D1,Primary,IL2_STAT5_SIGNALING,1.56733001349085,0.00307991651711781,PLIN2
D1,Primary,IL2_STAT5_SIGNALING,1.56733001349085,0.00307991651711781,SH3BGRL2
D1,Primary,IL2_STAT5_SIGNALING,1.56733001349085,0.00307991651711781,GPX4
D1,Primary,IL2_STAT5_SIGNALING,1.56733001349085,0.00307991651711781,MAP3K8
D1,Primary,IL2_STAT5_SIGNALING,1.56733001349085,0.00307991651711781,ENO3
D1,Primary,IL2_STAT5_SIGNALING,1.56733001349085,0.00307991651711781,DCPS
D1,Primary,IL2_STAT5_SIGNALING,1.56733001349085,0.00307991651711781,CDC6
D1,Primary,IL2_STAT5_SIGNALING,1.56733001349085,0.00307991651711781,ST3GAL4
D1,Primary,IL2_STAT5_SIGNALING,1.56733001349085,0.00307991651711781,BCL2L1
D1,Primary,IL2_STAT5_SIGNALING,1.56733001349085,0.00307991651711781,SMPDL3A
D1,Primary,IL6_JAK_STAT3_SIGNALING,1.40715872966855,0.0620957485465116,IL1R2
D1,Primary,IL6_JAK_STAT3_SIGNALING,1.40715872966855,0.0620957485465116,IL18R1
D1,Primary,IL6_JAK_STAT3_SIGNALING,1.40715872966855,0.0620957485465116,ITGB3
D1,Primary,IL6_JAK_STAT3_SIGNALING,1.40715872966855,0.0620957485465116,IL4R
D1,Primary,IL6_JAK_STAT3_SIGNALING,1.40715872966855,0.0620957485465116,PF4
D1,Primary,IL6_JAK_STAT3_SIGNALING,1.40715872966855,0.0620957485465116,ACVR1B
D1,Primary,IL6_JAK_STAT3_SIGNALING,1.40715872966855,0.0620957485465116,STAT3
D1,Primary,IL6_JAK_STAT3_SIGNALING,1.40715872966855,0.0620957485465116,PIM1
D1,Primary,IL6_JAK_STAT3_SIGNALING,1.40715872966855,0.0620957485465116,CD9
D1,Primary,IL6_JAK_STAT3_SIGNALING,1.40715872966855,0.0620957485465116,IL17RA
D1,Primary,IL6_JAK_STAT3_SIGNALING,1.40715872966855,0.0620957485465116,CSF1
D1,Primary,IL6_JAK_STAT3_SIGNALING,1.40715872966855,0.0620957485465116,IL17RB
D1,Primary,IL6_JAK_STAT3_SIGNALING,1.40715872966855,0.0620957485465116,IRF9
D1,Primary,IL6_JAK_STAT3_SIGNALING,1.40715872966855,0.0620957485465116,PIK3R5
D1,Primary,IL6_JAK_STAT3_SIGNALING,1.40715872966855,0.0620957485465116,IL10RB
D1,Primary,IL6_JAK_STAT3_SIGNALING,1.40715872966855,0.0620957485465116,TNFRSF12A
D1,Primary,IL6_JAK_STAT3_SIGNALING,1.40715872966855,0.0620957485465116,TGFB1
D1,Primary,IL6_JAK_STAT3_SIGNALING,1.40715872966855,0.0620957485465116,CSF3R
D1,Primary,IL6_JAK_STAT3_SIGNALING,1.40715872966855,0.0620957485465116,MAP3K8
D1,Primary,IL6_JAK_STAT3_SIGNALING,1.40715872966855,0.0620957485465116,IL1R1
D1,Primary,IL6_JAK_STAT3_SIGNALING,1.40715872966855,0.0620957485465116,TYK2
D1,Primary,IL6_JAK_STAT3_SIGNALING,1.40715872966855,0.0620957485465116,GRB2
D1,Primary,IL6_JAK_STAT3_SIGNALING,1.40715872966855,0.0620957485465116,IFNGR2
D1,Primary,IL6_JAK_STAT3_SIGNALING,1.40715872966855,0.0620957485465116,CSF2RA
D1,Primary,INFLAMMATORY_RESPONSE,1.43927200728457,0.0195802631267938,EREG
D1,Primary,INFLAMMATORY_RESPONSE,1.43927200728457,0.0195802631267938,IL18R1
D1,Primary,INFLAMMATORY_RESPONSE,1.43927200728457,0.0195802631267938,LDLR
D1,Primary,INFLAMMATORY_RESPONSE,1.43927200728457,0.0195802631267938,KIF1B
D1,Primary,INFLAMMATORY_RESPONSE,1.43927200728457,0.0195802631267938,NFKBIA
D1,Primary,INFLAMMATORY_RESPONSE,1.43927200728457,0.0195802631267938,ITGB3
D1,Primary,INFLAMMATORY_RESPONSE,1.43927200728457,0.0195802631267938,RNF144B
D1,Primary,INFLAMMATORY_RESPONSE,1.43927200728457,0.0195802631267938,IL4R
D1,Primary,INFLAMMATORY_RESPONSE,1.43927200728457,0.0195802631267938,IL18RAP
D1,Primary,INFLAMMATORY_RESPONSE,1.43927200728457,0.0195802631267938,RGS16
D1,Primary,INFLAMMATORY_RESPONSE,1.43927200728457,0.0195802631267938,ACVR1B
D1,Primary,INFLAMMATORY_RESPONSE,1.43927200728457,0.0195802631267938,EIF2AK2
D1,Primary,INFLAMMATORY_RESPONSE,1.43927200728457,0.0195802631267938,HBEGF
D1,Primary,INFLAMMATORY_RESPONSE,1.43927200728457,0.0195802631267938,KLF6
D1,Primary,INFLAMMATORY_RESPONSE,1.43927200728457,0.0195802631267938,SLC7A1
D1,Primary,INFLAMMATORY_RESPONSE,1.43927200728457,0.0195802631267938,HIF1A
D1,Primary,INFLAMMATORY_RESPONSE,1.43927200728457,0.0195802631267938,GP1BA
D1,Primary,INFLAMMATORY_RESPONSE,1.43927200728457,0.0195802631267938,CSF1
D1,Primary,INFLAMMATORY_RESPONSE,1.43927200728457,0.0195802631267938,SERPINE1
D1,Primary,INFLAMMATORY_RESPONSE,1.43927200728457,0.0195802631267938,INHBA
D1,Primary,INFLAMMATORY_RESPONSE,1.43927200728457,0.0195802631267938,CD82
D1,Primary,INFLAMMATORY_RESPONSE,1.43927200728457,0.0195802631267938,LCP2
D1,Primary,INFLAMMATORY_RESPONSE,1.43927200728457,0.0195802631267938,GABBR1
D1,Primary,INFLAMMATORY_RESPONSE,1.43927200728457,0.0195802631267938,PIK3R5
D1,Primary,INFLAMMATORY_RESPONSE,1.43927200728457,0.0195802631267938,MXD1
D1,Primary,INFLAMMATORY_RESPONSE,1.43927200728457,0.0195802631267938,C3AR1
D1,Primary,INFLAMMATORY_RESPONSE,1.43927200728457,0.0195802631267938,OSM
D1,Primary,INFLAMMATORY_RESPONSE,1.43927200728457,0.0195802631267938,PSEN1
D1,Primary,INFLAMMATORY_RESPONSE,1.43927200728457,0.0195802631267938,CD55
D1,Primary,INFLAMMATORY_RESPONSE,1.43927200728457,0.0195802631267938,MEFV
D1,Primary,INFLAMMATORY_RESPONSE,1.43927200728457,0.0195802631267938,SRI
D1,Primary,INFLAMMATORY_RESPONSE,1.43927200728457,0.0195802631267938,RGS1
D1,Primary,INFLAMMATORY_RESPONSE,1.43927200728457,0.0195802631267938,RHOG
D1,Primary,INFLAMMATORY_RESPONSE,1.43927200728457,0.0195802631267938,RELA
D1,Primary,INFLAMMATORY_RESPONSE,1.43927200728457,0.0195802631267938,TIMP1
D1,Primary,INFLAMMATORY_RESPONSE,1.43927200728457,0.0195802631267938,FZD5
D1,Primary,INFLAMMATORY_RESPONSE,1.43927200728457,0.0195802631267938,CSF3R
D1,Primary,INFLAMMATORY_RESPONSE,1.43927200728457,0.0195802631267938,PTPRE
D1,Primary,INFLAMMATORY_RESPONSE,1.43927200728457,0.0195802631267938,PTGIR
D1,Primary,INFLAMMATORY_RESPONSE,1.43927200728457,0.0195802631267938,IL1R1
D1,Primary,INFLAMMATORY_RESPONSE,1.43927200728457,0.0195802631267938,GPR132
D1,Primary,INFLAMMATORY_RESPONSE,1.43927200728457,0.0195802631267938,IFNGR2
D1,Primary,INFLAMMATORY_RESPONSE,1.43927200728457,0.0195802631267938,IFITM1
D1,Primary,INFLAMMATORY_RESPONSE,1.43927200728457,0.0195802631267938,NLRP3
D1,Primary,INFLAMMATORY_RESPONSE,1.43927200728457,0.0195802631267938,IL18
D1,Primary,INFLAMMATORY_RESPONSE,1.43927200728457,0.0195802631267938,IL10
D1,Primary,INFLAMMATORY_RESPONSE,1.43927200728457,0.0195802631267938,OLR1
D1,Primary,INFLAMMATORY_RESPONSE,1.43927200728457,0.0195802631267938,RAF1
D1,Primary,INFLAMMATORY_RESPONSE,1.43927200728457,0.0195802631267938,CLEC5A
D1,Primary,INFLAMMATORY_RESPONSE,1.43927200728457,0.0195802631267938,CHST2
D1,Primary,INFLAMMATORY_RESPONSE,1.43927200728457,0.0195802631267938,C5AR1
D1,Primary,INFLAMMATORY_RESPONSE,1.43927200728457,0.0195802631267938,IRAK2
D1,Primary,INFLAMMATORY_RESPONSE,1.43927200728457,0.0195802631267938,TAPBP
D1,Primary,INFLAMMATORY_RESPONSE,1.43927200728457,0.0195802631267938,CDKN1A
D1,Primary,INFLAMMATORY_RESPONSE,1.43927200728457,0.0195802631267938,NFKB1
D1,Primary,INFLAMMATORY_RESPONSE,1.43927200728457,0.0195802631267938,SEMA4D
D1,Primary,INTERFERON_ALPHA_RESPONSE,0.706478988183397,0.95772289660946,GMPR
D1,Primary,INTERFERON_ALPHA_RESPONSE,0.706478988183397,0.95772289660946,IL4R
D1,Primary,INTERFERON_ALPHA_RESPONSE,0.706478988183397,0.95772289660946,EIF2AK2
D1,Primary,INTERFERON_ALPHA_RESPONSE,0.706478988183397,0.95772289660946,CSF1
D1,Primary,INTERFERON_ALPHA_RESPONSE,0.706478988183397,0.95772289660946,ADAR
D1,Primary,INTERFERON_ALPHA_RESPONSE,0.706478988183397,0.95772289660946,IRF9
D1,Primary,INTERFERON_ALPHA_RESPONSE,0.706478988183397,0.95772289660946,TMEM140
D1,Primary,INTERFERON_ALPHA_RESPONSE,0.706478988183397,0.95772289660946,TRIM25
D1,Primary,INTERFERON_ALPHA_RESPONSE,0.706478988183397,0.95772289660946,HELZ2
D1,Primary,INTERFERON_ALPHA_RESPONSE,0.706478988183397,0.95772289660946,CMPK2
D1,Primary,INTERFERON_ALPHA_RESPONSE,0.706478988183397,0.95772289660946,IFI27
D1,Primary,INTERFERON_ALPHA_RESPONSE,0.706478988183397,0.95772289660946,IFITM1
D1,Primary,INTERFERON_ALPHA_RESPONSE,0.706478988183397,0.95772289660946,SLC25A28
D1,Primary,INTERFERON_ALPHA_RESPONSE,0.706478988183397,0.95772289660946,RNF31
D1,Primary,INTERFERON_ALPHA_RESPONSE,0.706478988183397,0.95772289660946,PLSCR1
D1,Primary,INTERFERON_ALPHA_RESPONSE,0.706478988183397,0.95772289660946,IFITM3
D1,Primary,INTERFERON_ALPHA_RESPONSE,0.706478988183397,0.95772289660946,PARP9
D1,Primary,INTERFERON_ALPHA_RESPONSE,0.706478988183397,0.95772289660946,IFITM2
D1,Primary,INTERFERON_GAMMA_RESPONSE,-1.04906164042861,0.389562206282464,FGL2
D1,Primary,INTERFERON_GAMMA_RESPONSE,-1.04906164042861,0.389562206282464,HLA-DRB1
D1,Primary,INTERFERON_GAMMA_RESPONSE,-1.04906164042861,0.389562206282464,HLA-DMA
D1,Primary,INTERFERON_GAMMA_RESPONSE,-1.04906164042861,0.389562206282464,IDO1
D1,Primary,INTERFERON_GAMMA_RESPONSE,-1.04906164042861,0.389562206282464,CD86
D1,Primary,INTERFERON_GAMMA_RESPONSE,-1.04906164042861,0.389562206282464,CXCL10
D1,Primary,INTERFERON_GAMMA_RESPONSE,-1.04906164042861,0.389562206282464,ST3GAL5
D1,Primary,INTERFERON_GAMMA_RESPONSE,-1.04906164042861,0.389562206282464,MARCHF1
D1,Primary,INTERFERON_GAMMA_RESPONSE,-1.04906164042861,0.389562206282464,SAMHD1
D1,Primary,INTERFERON_GAMMA_RESPONSE,-1.04906164042861,0.389562206282464,GZMA
D1,Primary,INTERFERON_GAMMA_RESPONSE,-1.04906164042861,0.389562206282464,P2RY14
D1,Primary,INTERFERON_GAMMA_RESPONSE,-1.04906164042861,0.389562206282464,LYSMD2
D1,Primary,INTERFERON_GAMMA_RESPONSE,-1.04906164042861,0.389562206282464,IRF8
D1,Primary,INTERFERON_GAMMA_RESPONSE,-1.04906164042861,0.389562206282464,AUTS2
D1,Primary,INTERFERON_GAMMA_RESPONSE,-1.04906164042861,0.389562206282464,CD74
D1,Primary,INTERFERON_GAMMA_RESPONSE,-1.04906164042861,0.389562206282464,PSMA2
D1,Primary,INTERFERON_GAMMA_RESPONSE,-1.04906164042861,0.389562206282464,CIITA
D1,Primary,INTERFERON_GAMMA_RESPONSE,-1.04906164042861,0.389562206282464,SLAMF7
D1,Primary,INTERFERON_GAMMA_RESPONSE,-1.04906164042861,0.389562206282464,GPR18
D1,Primary,INTERFERON_GAMMA_RESPONSE,-1.04906164042861,0.389562206282464,BANK1
D1,Primary,INTERFERON_GAMMA_RESPONSE,-1.04906164042861,0.389562206282464,GBP4
D1,Primary,INTERFERON_GAMMA_RESPONSE,-1.04906164042861,0.389562206282464,NUP93
D1,Primary,INTERFERON_GAMMA_RESPONSE,-1.04906164042861,0.389562206282464,CMKLR1
D1,Primary,INTERFERON_GAMMA_RESPONSE,-1.04906164042861,0.389562206282464,IL7
D1,Primary,INTERFERON_GAMMA_RESPONSE,-1.04906164042861,0.389562206282464,CD40
D1,Primary,INTERFERON_GAMMA_RESPONSE,-1.04906164042861,0.389562206282464,FCGR1A
D1,Primary,INTERFERON_GAMMA_RESPONSE,-1.04906164042861,0.389562206282464,HLA-DQA1
D1,Primary,INTERFERON_GAMMA_RESPONSE,-1.04906164042861,0.389562206282464,CASP8
D1,Primary,INTERFERON_GAMMA_RESPONSE,-1.04906164042861,0.389562206282464,IFI30
D1,Primary,INTERFERON_GAMMA_RESPONSE,-1.04906164042861,0.389562206282464,PTPN2
D1,Primary,INTERFERON_GAMMA_RESPONSE,-1.04906164042861,0.389562206282464,ITGB7
D1,Primary,INTERFERON_GAMMA_RESPONSE,-1.04906164042861,0.389562206282464,NOD1
D1,Primary,INTERFERON_GAMMA_RESPONSE,-1.04906164042861,0.389562206282464,PSME2
D1,Primary,INTERFERON_GAMMA_RESPONSE,-1.04906164042861,0.389562206282464,GBP6
D1,Primary,INTERFERON_GAMMA_RESPONSE,-1.04906164042861,0.389562206282464,VAMP5
D1,Primary,INTERFERON_GAMMA_RESPONSE,-1.04906164042861,0.389562206282464,CD38
D1,Primary,INTERFERON_GAMMA_RESPONSE,-1.04906164042861,0.389562206282464,IL15
D1,Primary,INTERFERON_GAMMA_RESPONSE,-1.04906164042861,0.389562206282464,PSMB2
D1,Primary,INTERFERON_GAMMA_RESPONSE,-1.04906164042861,0.389562206282464,IL2RB
D1,Primary,INTERFERON_GAMMA_RESPONSE,-1.04906164042861,0.389562206282464,TNFSF10
D1,Primary,INTERFERON_GAMMA_RESPONSE,-1.04906164042861,0.389562206282464,CFB
D1,Primary,INTERFERON_GAMMA_RESPONSE,-1.04906164042861,0.389562206282464,IL15RA
D1,Primary,INTERFERON_GAMMA_RESPONSE,-1.04906164042861,0.389562206282464,RIPK2
D1,Primary,INTERFERON_GAMMA_RESPONSE,-1.04906164042861,0.389562206282464,PSMB10
D1,Primary,INTERFERON_GAMMA_RESPONSE,-1.04906164042861,0.389562206282464,PSMA3
D1,Primary,INTERFERON_GAMMA_RESPONSE,-1.04906164042861,0.389562206282464,VAMP8
D1,Primary,INTERFERON_GAMMA_RESPONSE,-1.04906164042861,0.389562206282464,OAS2
D1,Primary,KRAS_SIGNALING_DN,1.05936849443096,0.428775169813145,KLHDC8A
D1,Primary,KRAS_SIGNALING_DN,1.05936849443096,0.428775169813145,ZBTB16
D1,Primary,KRAS_SIGNALING_DN,1.05936849443096,0.428775169813145,PTGFR
D1,Primary,KRAS_SIGNALING_DN,1.05936849443096,0.428775169813145,STAG3
D1,Primary,KRAS_SIGNALING_DN,1.05936849443096,0.428775169813145,GTF3C5
D1,Primary,KRAS_SIGNALING_DN,1.05936849443096,0.428775169813145,GP1BA
D1,Primary,KRAS_SIGNALING_DN,1.05936849443096,0.428775169813145,BARD1
D1,Primary,KRAS_SIGNALING_DN,1.05936849443096,0.428775169813145,EGF
D1,Primary,KRAS_SIGNALING_DN,1.05936849443096,0.428775169813145,TFCP2L1
D1,Primary,KRAS_SIGNALING_DN,1.05936849443096,0.428775169813145,MAST3
D1,Primary,KRAS_SIGNALING_DN,1.05936849443096,0.428775169813145,MEFV
D1,Primary,KRAS_SIGNALING_DN,1.05936849443096,0.428775169813145,KMT2D
D1,Primary,KRAS_SIGNALING_DN,1.05936849443096,0.428775169813145,NR6A1
D1,Primary,KRAS_SIGNALING_DN,1.05936849443096,0.428775169813145,CCNA1
D1,Primary,KRAS_SIGNALING_DN,1.05936849443096,0.428775169813145,SKIL
D1,Primary,KRAS_SIGNALING_DN,1.05936849443096,0.428775169813145,HSD11B2
D1,Primary,KRAS_SIGNALING_DN,1.05936849443096,0.428775169813145,ASB7
D1,Primary,KRAS_SIGNALING_DN,1.05936849443096,0.428775169813145,SLC25A23
D1,Primary,KRAS_SIGNALING_DN,1.05936849443096,0.428775169813145,SERPINB2
D1,Primary,KRAS_SIGNALING_DN,1.05936849443096,0.428775169813145,CHST2
D1,Primary,KRAS_SIGNALING_DN,1.05936849443096,0.428775169813145,SNN
D1,Primary,KRAS_SIGNALING_DN,1.05936849443096,0.428775169813145,TCF7L1
D1,Primary,KRAS_SIGNALING_DN,1.05936849443096,0.428775169813145,KCND1
D1,Primary,KRAS_SIGNALING_DN,1.05936849443096,0.428775169813145,KRT1
D1,Primary,KRAS_SIGNALING_UP,1.02993776658778,0.464350319876462,EREG
D1,Primary,KRAS_SIGNALING_UP,1.02993776658778,0.464350319876462,TRIB1
D1,Primary,KRAS_SIGNALING_UP,1.02993776658778,0.464350319876462,GADD45G
D1,Primary,KRAS_SIGNALING_UP,1.02993776658778,0.464350319876462,CA2
D1,Primary,KRAS_SIGNALING_UP,1.02993776658778,0.464350319876462,ARG1
D1,Primary,KRAS_SIGNALING_UP,1.02993776658778,0.464350319876462,TFPI
D1,Primary,KRAS_SIGNALING_UP,1.02993776658778,0.464350319876462,TOR1AIP2
D1,Primary,KRAS_SIGNALING_UP,1.02993776658778,0.464350319876462,RGS16
D1,Primary,KRAS_SIGNALING_UP,1.02993776658778,0.464350319876462,PLAU
D1,Primary,KRAS_SIGNALING_UP,1.02993776658778,0.464350319876462,HBEGF
D1,Primary,KRAS_SIGNALING_UP,1.02993776658778,0.464350319876462,PCSK1N
D1,Primary,KRAS_SIGNALING_UP,1.02993776658778,0.464350319876462,H2BC3
D1,Primary,KRAS_SIGNALING_UP,1.02993776658778,0.464350319876462,ANKH
D1,Primary,KRAS_SIGNALING_UP,1.02993776658778,0.464350319876462,PPP1R15A
D1,Primary,KRAS_SIGNALING_UP,1.02993776658778,0.464350319876462,TNFAIP3
D1,Primary,KRAS_SIGNALING_UP,1.02993776658778,0.464350319876462,INHBA
D1,Primary,KRAS_SIGNALING_UP,1.02993776658778,0.464350319876462,MMP9
D1,Primary,KRAS_SIGNALING_UP,1.02993776658778,0.464350319876462,TMEM158
D1,Primary,KRAS_SIGNALING_UP,1.02993776658778,0.464350319876462,CDADC1
D1,Primary,KRAS_SIGNALING_UP,1.02993776658778,0.464350319876462,ADAM8
D1,Primary,KRAS_SIGNALING_UP,1.02993776658778,0.464350319876462,C3AR1
D1,Primary,KRAS_SIGNALING_UP,1.02993776658778,0.464350319876462,PLEK2
D1,Primary,KRAS_SIGNALING_UP,1.02993776658778,0.464350319876462,MMD
D1,Primary,KRAS_SIGNALING_UP,1.02993776658778,0.464350319876462,GNG11
D1,Primary,KRAS_SIGNALING_UP,1.02993776658778,0.464350319876462,GYPC
D1,Primary,KRAS_SIGNALING_UP,1.02993776658778,0.464350319876462,PTBP2
D1,Primary,KRAS_SIGNALING_UP,1.02993776658778,0.464350319876462,CXCR4
D1,Primary,KRAS_SIGNALING_UP,1.02993776658778,0.464350319876462,LAT2
D1,Primary,KRAS_SIGNALING_UP,1.02993776658778,0.464350319876462,G0S2
D1,Primary,KRAS_SIGNALING_UP,1.02993776658778,0.464350319876462,AKT2
D1,Primary,KRAS_SIGNALING_UP,1.02993776658778,0.464350319876462,RETN
D1,Primary,KRAS_SIGNALING_UP,1.02993776658778,0.464350319876462,ID2
D1,Primary,KRAS_SIGNALING_UP,1.02993776658778,0.464350319876462,CSF2RA
D1,Primary,KRAS_SIGNALING_UP,1.02993776658778,0.464350319876462,NIN
D1,Primary,MITOTIC_SPINDLE,1.9272094929931,1.99911759845198e-06,CNTROB
D1,Primary,MITOTIC_SPINDLE,1.9272094929931,1.99911759845198e-06,ARHGEF12
D1,Primary,MITOTIC_SPINDLE,1.9272094929931,1.99911759845198e-06,KIF1B
D1,Primary,MITOTIC_SPINDLE,1.9272094929931,1.99911759845198e-06,KIF3C
D1,Primary,MITOTIC_SPINDLE,1.9272094929931,1.99911759845198e-06,NCK2
D1,Primary,MITOTIC_SPINDLE,1.9272094929931,1.99911759845198e-06,TUBA4A
D1,Primary,MITOTIC_SPINDLE,1.9272094929931,1.99911759845198e-06,ESPL1
D1,Primary,MITOTIC_SPINDLE,1.9272094929931,1.99911759845198e-06,TLK1
D1,Primary,MITOTIC_SPINDLE,1.9272094929931,1.99911759845198e-06,CLASP1
D1,Primary,MITOTIC_SPINDLE,1.9272094929931,1.99911759845198e-06,PRC1
D1,Primary,MITOTIC_SPINDLE,1.9272094929931,1.99911759845198e-06,NF1
D1,Primary,MITOTIC_SPINDLE,1.9272094929931,1.99911759845198e-06,CTTN
D1,Primary,MITOTIC_SPINDLE,1.9272094929931,1.99911759845198e-06,CDC42EP1
D1,Primary,MITOTIC_SPINDLE,1.9272094929931,1.99911759845198e-06,RANBP9
D1,Primary,MITOTIC_SPINDLE,1.9272094929931,1.99911759845198e-06,SPTBN1
D1,Primary,MITOTIC_SPINDLE,1.9272094929931,1.99911759845198e-06,VCL
D1,Primary,MITOTIC_SPINDLE,1.9272094929931,1.99911759845198e-06,CSNK1D
D1,Primary,MITOTIC_SPINDLE,1.9272094929931,1.99911759845198e-06,KLC1
D1,Primary,MITOTIC_SPINDLE,1.9272094929931,1.99911759845198e-06,NET1
D1,Primary,MITOTIC_SPINDLE,1.9272094929931,1.99911759845198e-06,KIF4A
D1,Primary,MITOTIC_SPINDLE,1.9272094929931,1.99911759845198e-06,CLIP2
D1,Primary,MITOTIC_SPINDLE,1.9272094929931,1.99911759845198e-06,CDK5RAP2
D1,Primary,MITOTIC_SPINDLE,1.9272094929931,1.99911759845198e-06,PPP4R2
D1,Primary,MITOTIC_SPINDLE,1.9272094929931,1.99911759845198e-06,ARL8A
D1,Primary,MITOTIC_SPINDLE,1.9272094929931,1.99911759845198e-06,ANLN
D1,Primary,MITOTIC_SPINDLE,1.9272094929931,1.99911759845198e-06,KIF2C
D1,Primary,MITOTIC_SPINDLE,1.9272094929931,1.99911759845198e-06,CDC42BPA
D1,Primary,MITOTIC_SPINDLE,1.9272094929931,1.99911759845198e-06,PIF1
D1,Primary,MITOTIC_SPINDLE,1.9272094929931,1.99911759845198e-06,TPX2
D1,Primary,MITOTIC_SPINDLE,1.9272094929931,1.99911759845198e-06,BUB1
D1,Primary,MITOTIC_SPINDLE,1.9272094929931,1.99911759845198e-06,NUSAP1
D1,Primary,MITOTIC_SPINDLE,1.9272094929931,1.99911759845198e-06,PLEKHG2
D1,Primary,MITOTIC_SPINDLE,1.9272094929931,1.99911759845198e-06,BCR
D1,Primary,MITOTIC_SPINDLE,1.9272094929931,1.99911759845198e-06,CDC42EP4
D1,Primary,MITOTIC_SPINDLE,1.9272094929931,1.99911759845198e-06,BIRC5
D1,Primary,MITOTIC_SPINDLE,1.9272094929931,1.99911759845198e-06,PREX1
D1,Primary,MITOTIC_SPINDLE,1.9272094929931,1.99911759845198e-06,MARCKS
D1,Primary,MITOTIC_SPINDLE,1.9272094929931,1.99911759845198e-06,GSN
D1,Primary,MITOTIC_SPINDLE,1.9272094929931,1.99911759845198e-06,KIF11
D1,Primary,MITOTIC_SPINDLE,1.9272094929931,1.99911759845198e-06,WASF2
D1,Primary,MITOTIC_SPINDLE,1.9272094929931,1.99911759845198e-06,FLNB
D1,Primary,MITOTIC_SPINDLE,1.9272094929931,1.99911759845198e-06,CLIP1
D1,Primary,MITOTIC_SPINDLE,1.9272094929931,1.99911759845198e-06,FGD4
D1,Primary,MITOTIC_SPINDLE,1.9272094929931,1.99911759845198e-06,PLK1
D1,Primary,MITOTIC_SPINDLE,1.9272094929931,1.99911759845198e-06,TOP2A
D1,Primary,MITOTIC_SPINDLE,1.9272094929931,1.99911759845198e-06,PCNT
D1,Primary,MITOTIC_SPINDLE,1.9272094929931,1.99911759845198e-06,ITSN1
D1,Primary,MITOTIC_SPINDLE,1.9272094929931,1.99911759845198e-06,ARHGEF2
D1,Primary,MITOTIC_SPINDLE,1.9272094929931,1.99911759845198e-06,MYH9
D1,Primary,MITOTIC_SPINDLE,1.9272094929931,1.99911759845198e-06,MARK4
D1,Primary,MITOTIC_SPINDLE,1.9272094929931,1.99911759845198e-06,CCNB2
D1,Primary,MITOTIC_SPINDLE,1.9272094929931,1.99911759845198e-06,SSH2
D1,Primary,MITOTIC_SPINDLE,1.9272094929931,1.99911759845198e-06,PAFAH1B1
D1,Primary,MITOTIC_SPINDLE,1.9272094929931,1.99911759845198e-06,STAU1
D1,Primary,MITOTIC_SPINDLE,1.9272094929931,1.99911759845198e-06,MYO9B
D1,Primary,MITOTIC_SPINDLE,1.9272094929931,1.99911759845198e-06,RALBP1
D1,Primary,MITOTIC_SPINDLE,1.9272094929931,1.99911759845198e-06,CDK1
D1,Primary,MITOTIC_SPINDLE,1.9272094929931,1.99911759845198e-06,FLNA
D1,Primary,MITOTIC_SPINDLE,1.9272094929931,1.99911759845198e-06,PXN
D1,Primary,MITOTIC_SPINDLE,1.9272094929931,1.99911759845198e-06,MAP1S
D1,Primary,MITOTIC_SPINDLE,1.9272094929931,1.99911759845198e-06,RASA2
D1,Primary,MITOTIC_SPINDLE,1.9272094929931,1.99911759845198e-06,NIN
D1,Primary,MITOTIC_SPINDLE,1.9272094929931,1.99911759845198e-06,DYNLL2
D1,Primary,MITOTIC_SPINDLE,1.9272094929931,1.99911759845198e-06,OPHN1
D1,Primary,MITOTIC_SPINDLE,1.9272094929931,1.99911759845198e-06,NDC80
D1,Primary,MITOTIC_SPINDLE,1.9272094929931,1.99911759845198e-06,MYH10
D1,Primary,MITOTIC_SPINDLE,1.9272094929931,1.99911759845198e-06,MAP3K11
D1,Primary,MITOTIC_SPINDLE,1.9272094929931,1.99911759845198e-06,ARHGDIA
D1,Primary,MITOTIC_SPINDLE,1.9272094929931,1.99911759845198e-06,RACGAP1
D1,Primary,MITOTIC_SPINDLE,1.9272094929931,1.99911759845198e-06,HDAC6
D1,Primary,MITOTIC_SPINDLE,1.9272094929931,1.99911759845198e-06,CENPE
D1,Primary,MITOTIC_SPINDLE,1.9272094929931,1.99911759845198e-06,KIFAP3
D1,Primary,MITOTIC_SPINDLE,1.9272094929931,1.99911759845198e-06,CAPZB
D1,Primary,MITOTIC_SPINDLE,1.9272094929931,1.99911759845198e-06,EZR
D1,Primary,MITOTIC_SPINDLE,1.9272094929931,1.99911759845198e-06,KPTN
D1,Primary,MITOTIC_SPINDLE,1.9272094929931,1.99911759845198e-06,ACTN4
D1,Primary,MITOTIC_SPINDLE,1.9272094929931,1.99911759845198e-06,FBXO5
D1,Primary,MITOTIC_SPINDLE,1.9272094929931,1.99911759845198e-06,ABI1
D1,Primary,MITOTIC_SPINDLE,1.9272094929931,1.99911759845198e-06,AURKA
D1,Primary,MITOTIC_SPINDLE,1.9272094929931,1.99911759845198e-06,ARHGEF11
D1,Primary,MITOTIC_SPINDLE,1.9272094929931,1.99911759845198e-06,RHOT2
D1,Primary,MITOTIC_SPINDLE,1.9272094929931,1.99911759845198e-06,ARHGAP4
D1,Primary,MITOTIC_SPINDLE,1.9272094929931,1.99911759845198e-06,TUBD1
D1,Primary,MITOTIC_SPINDLE,1.9272094929931,1.99911759845198e-06,DLGAP5
D1,Primary,MITOTIC_SPINDLE,1.9272094929931,1.99911759845198e-06,SYNPO
D1,Primary,MITOTIC_SPINDLE,1.9272094929931,1.99911759845198e-06,RHOF
D1,Primary,MITOTIC_SPINDLE,1.9272094929931,1.99911759845198e-06,TTK
D1,Primary,MITOTIC_SPINDLE,1.9272094929931,1.99911759845198e-06,NEK2
D1,Primary,MITOTIC_SPINDLE,1.9272094929931,1.99911759845198e-06,TUBGCP2
D1,Primary,MITOTIC_SPINDLE,1.9272094929931,1.99911759845198e-06,ATG4B
D1,Primary,MITOTIC_SPINDLE,1.9272094929931,1.99911759845198e-06,ARAP3
D1,Primary,MITOTIC_SPINDLE,1.9272094929931,1.99911759845198e-06,PCGF5
D1,Primary,MITOTIC_SPINDLE,1.9272094929931,1.99911759845198e-06,KIF23
D1,Primary,MITOTIC_SPINDLE,1.9272094929931,1.99911759845198e-06,CDC42
D1,Primary,MTORC1_SIGNALING,1.67681466463131,0.000317396846146904,DDIT3
D1,Primary,MTORC1_SIGNALING,1.67681466463131,0.000317396846146904,SLC2A1
D1,Primary,MTORC1_SIGNALING,1.67681466463131,0.000317396846146904,SLC7A11
D1,Primary,MTORC1_SIGNALING,1.67681466463131,0.000317396846146904,DDIT4
D1,Primary,MTORC1_SIGNALING,1.67681466463131,0.000317396846146904,LDLR
D1,Primary,MTORC1_SIGNALING,1.67681466463131,0.000317396846146904,HK2
D1,Primary,MTORC1_SIGNALING,1.67681466463131,0.000317396846146904,SLC7A5
D1,Primary,MTORC1_SIGNALING,1.67681466463131,0.000317396846146904,VLDLR
D1,Primary,MTORC1_SIGNALING,1.67681466463131,0.000317396846146904,TUBG1
D1,Primary,MTORC1_SIGNALING,1.67681466463131,0.000317396846146904,PGM1
D1,Primary,MTORC1_SIGNALING,1.67681466463131,0.000317396846146904,TUBA4A
D1,Primary,MTORC1_SIGNALING,1.67681466463131,0.000317396846146904,PHGDH
D1,Primary,MTORC1_SIGNALING,1.67681466463131,0.000317396846146904,MAP2K3
D1,Primary,MTORC1_SIGNALING,1.67681466463131,0.000317396846146904,NFIL3
D1,Primary,MTORC1_SIGNALING,1.67681466463131,0.000317396846146904,DHCR7
D1,Primary,MTORC1_SIGNALING,1.67681466463131,0.000317396846146904,HMBS
D1,Primary,MTORC1_SIGNALING,1.67681466463131,0.000317396846146904,ADIPOR2
D1,Primary,MTORC1_SIGNALING,1.67681466463131,0.000317396846146904,CCNF
D1,Primary,MTORC1_SIGNALING,1.67681466463131,0.000317396846146904,RRM2
D1,Primary,MTORC1_SIGNALING,1.67681466463131,0.000317396846146904,TM7SF2
D1,Primary,MTORC1_SIGNALING,1.67681466463131,0.000317396846146904,CD9
D1,Primary,MTORC1_SIGNALING,1.67681466463131,0.000317396846146904,ALDOA
D1,Primary,MTORC1_SIGNALING,1.67681466463131,0.000317396846146904,PNP
D1,Primary,MTORC1_SIGNALING,1.67681466463131,0.000317396846146904,SLC2A3
D1,Primary,MTORC1_SIGNALING,1.67681466463131,0.000317396846146904,PPP1R15A
D1,Primary,MTORC1_SIGNALING,1.67681466463131,0.000317396846146904,IFRD1
D1,Primary,MTORC1_SIGNALING,1.67681466463131,0.000317396846146904,SCD
D1,Primary,MTORC1_SIGNALING,1.67681466463131,0.000317396846146904,SLC6A6
D1,Primary,MTORC1_SIGNALING,1.67681466463131,0.000317396846146904,TFRC
D1,Primary,MTORC1_SIGNALING,1.67681466463131,0.000317396846146904,CTH
D1,Primary,MTORC1_SIGNALING,1.67681466463131,0.000317396846146904,BUB1
D1,Primary,MTORC1_SIGNALING,1.67681466463131,0.000317396846146904,PSAT1
D1,Primary,MTORC1_SIGNALING,1.67681466463131,0.000317396846146904,SLC1A5
D1,Primary,MTORC1_SIGNALING,1.67681466463131,0.000317396846146904,G6PD
D1,Primary,MTORC1_SIGNALING,1.67681466463131,0.000317396846146904,GSR
D1,Primary,MTORC1_SIGNALING,1.67681466463131,0.000317396846146904,LGMN
D1,Primary,MTORC1_SIGNALING,1.67681466463131,0.000317396846146904,CYP51A1
D1,Primary,MTORC1_SIGNALING,1.67681466463131,0.000317396846146904,DHCR24
D1,Primary,MTORC1_SIGNALING,1.67681466463131,0.000317396846146904,GAPDH
D1,Primary,MTORC1_SIGNALING,1.67681466463131,0.000317396846146904,PLK1
D1,Primary,MTORC1_SIGNALING,1.67681466463131,0.000317396846146904,ASNS
D1,Primary,MTORC1_SIGNALING,1.67681466463131,0.000317396846146904,ETF1
D1,Primary,MTORC1_SIGNALING,1.67681466463131,0.000317396846146904,GBE1
D1,Primary,MTORC1_SIGNALING,1.67681466463131,0.000317396846146904,SQLE
D1,Primary,MTORC1_SIGNALING,1.67681466463131,0.000317396846146904,SQSTM1
D1,Primary,MTORC1_SIGNALING,1.67681466463131,0.000317396846146904,ENO1
D1,Primary,MTORC1_SIGNALING,1.67681466463131,0.000317396846146904,LDHA
D1,Primary,MTORC1_SIGNALING,1.67681466463131,0.000317396846146904,GPI
D1,Primary,MTORC1_SIGNALING,1.67681466463131,0.000317396846146904,CXCR4
D1,Primary,MTORC1_SIGNALING,1.67681466463131,0.000317396846146904,ELOVL6
D1,Primary,MTORC1_SIGNALING,1.67681466463131,0.000317396846146904,TPI1
D1,Primary,MTORC1_SIGNALING,1.67681466463131,0.000317396846146904,PLOD2
D1,Primary,MTORC1_SIGNALING,1.67681466463131,0.000317396846146904,MCM2
D1,Primary,MTORC1_SIGNALING,1.67681466463131,0.000317396846146904,NHERF1
D1,Primary,MTORC1_SIGNALING,1.67681466463131,0.000317396846146904,PDAP1
D1,Primary,MTORC1_SIGNALING,1.67681466463131,0.000317396846146904,SLA
D1,Primary,MTORC1_SIGNALING,1.67681466463131,0.000317396846146904,GOT1
D1,Primary,MTORC1_SIGNALING,1.67681466463131,0.000317396846146904,CDC25A
D1,Primary,MTORC1_SIGNALING,1.67681466463131,0.000317396846146904,CORO1A
D1,Primary,MTORC1_SIGNALING,1.67681466463131,0.000317396846146904,SKAP2
D1,Primary,MTORC1_SIGNALING,1.67681466463131,0.000317396846146904,FKBP2
D1,Primary,MTORC1_SIGNALING,1.67681466463131,0.000317396846146904,FADS1
D1,Primary,MTORC1_SIGNALING,1.67681466463131,0.000317396846146904,PDK1
D1,Primary,MTORC1_SIGNALING,1.67681466463131,0.000317396846146904,YKT6
D1,Primary,MYC_TARGETS_V1,-1.65291187067864,0.000293099385836624,G3BP1
D1,Primary,MYC_TARGETS_V1,-1.65291187067864,0.000293099385836624,NCBP1
D1,Primary,MYC_TARGETS_V1,-1.65291187067864,0.000293099385836624,DDX18
D1,Primary,MYC_TARGETS_V1,-1.65291187067864,0.000293099385836624,NCBP2
D1,Primary,MYC_TARGETS_V1,-1.65291187067864,0.000293099385836624,CLNS1A
D1,Primary,MYC_TARGETS_V1,-1.65291187067864,0.000293099385836624,DHX15
D1,Primary,MYC_TARGETS_V1,-1.65291187067864,0.000293099385836624,HDDC2
D1,Primary,MYC_TARGETS_V1,-1.65291187067864,0.000293099385836624,CCT4
D1,Primary,MYC_TARGETS_V1,-1.65291187067864,0.000293099385836624,HNRNPR
D1,Primary,MYC_TARGETS_V1,-1.65291187067864,0.000293099385836624,RSL1D1
D1,Primary,MYC_TARGETS_V1,-1.65291187067864,0.000293099385836624,RPL34
D1,Primary,MYC_TARGETS_V1,-1.65291187067864,0.000293099385836624,SRSF1
D1,Primary,MYC_TARGETS_V1,-1.65291187067864,0.000293099385836624,SRSF7
D1,Primary,MYC_TARGETS_V1,-1.65291187067864,0.000293099385836624,CUL1
D1,Primary,MYC_TARGETS_V1,-1.65291187067864,0.000293099385836624,PSMA4
D1,Primary,MYC_TARGETS_V1,-1.65291187067864,0.000293099385836624,STARD7
D1,Primary,MYC_TARGETS_V1,-1.65291187067864,0.000293099385836624,SYNCRIP
D1,Primary,MYC_TARGETS_V1,-1.65291187067864,0.000293099385836624,PSMA2
D1,Primary,MYC_TARGETS_V1,-1.65291187067864,0.000293099385836624,EIF3D
D1,Primary,MYC_TARGETS_V1,-1.65291187067864,0.000293099385836624,BUB3
D1,Primary,MYC_TARGETS_V1,-1.65291187067864,0.000293099385836624,HDAC2
D1,Primary,MYC_TARGETS_V1,-1.65291187067864,0.000293099385836624,NOP56
D1,Primary,MYC_TARGETS_V1,-1.65291187067864,0.000293099385836624,SSBP1
D1,Primary,MYC_TARGETS_V1,-1.65291187067864,0.000293099385836624,PWP1
D1,Primary,MYC_TARGETS_V1,-1.65291187067864,0.000293099385836624,NOP16
D1,Primary,MYC_TARGETS_V1,-1.65291187067864,0.000293099385836624,XRCC6
D1,Primary,MYC_TARGETS_V1,-1.65291187067864,0.000293099385836624,CCT7
D1,Primary,MYC_TARGETS_V1,-1.65291187067864,0.000293099385836624,HNRNPD
D1,Primary,MYC_TARGETS_V1,-1.65291187067864,0.000293099385836624,TUFM
D1,Primary,MYC_TARGETS_V1,-1.65291187067864,0.000293099385836624,RPL18
D1,Primary,MYC_TARGETS_V1,-1.65291187067864,0.000293099385836624,RPL22
D1,Primary,MYC_TARGETS_V1,-1.65291187067864,0.000293099385836624,PSMC6
D1,Primary,MYC_TARGETS_V1,-1.65291187067864,0.000293099385836624,SLC25A3
D1,Primary,MYC_TARGETS_V1,-1.65291187067864,0.000293099385836624,RPS10
D1,Primary,MYC_TARGETS_V1,-1.65291187067864,0.000293099385836624,PSMD14
D1,Primary,MYC_TARGETS_V1,-1.65291187067864,0.000293099385836624,ABCE1
D1,Primary,MYC_TARGETS_V1,-1.65291187067864,0.000293099385836624,RPS2
D1,Primary,MYC_TARGETS_V1,-1.65291187067864,0.000293099385836624,SET
D1,Primary,MYC_TARGETS_V1,-1.65291187067864,0.000293099385836624,COPS5
D1,Primary,MYC_TARGETS_V1,-1.65291187067864,0.000293099385836624,YWHAQ
D1,Primary,MYC_TARGETS_V1,-1.65291187067864,0.000293099385836624,ILF2
D1,Primary,MYC_TARGETS_V1,-1.65291187067864,0.000293099385836624,AIMP2
D1,Primary,MYC_TARGETS_V1,-1.65291187067864,0.000293099385836624,PSMB2
D1,Primary,MYC_TARGETS_V1,-1.65291187067864,0.000293099385836624,XPO1
D1,Primary,MYC_TARGETS_V1,-1.65291187067864,0.000293099385836624,MRPL9
D1,Primary,MYC_TARGETS_V1,-1.65291187067864,0.000293099385836624,PRDX3
D1,Primary,MYC_TARGETS_V1,-1.65291187067864,0.000293099385836624,CNBP
D1,Primary,MYC_TARGETS_V1,-1.65291187067864,0.000293099385836624,SNRPB2
D1,Primary,MYC_TARGETS_V1,-1.65291187067864,0.000293099385836624,EPRS1
D1,Primary,MYC_TARGETS_V1,-1.65291187067864,0.000293099385836624,RPL6
D1,Primary,MYC_TARGETS_V1,-1.65291187067864,0.000293099385836624,NDUFAB1
D1,Primary,MYC_TARGETS_V1,-1.65291187067864,0.000293099385836624,DEK
D1,Primary,MYC_TARGETS_V1,-1.65291187067864,0.000293099385836624,ACP1
D1,Primary,MYC_TARGETS_V1,-1.65291187067864,0.000293099385836624,EEF1B2
D1,Primary,MYC_TARGETS_V1,-1.65291187067864,0.000293099385836624,RPS3
D1,Primary,MYC_TARGETS_V1,-1.65291187067864,0.000293099385836624,CCT3
D1,Primary,MYC_TARGETS_V1,-1.65291187067864,0.000293099385836624,RPS5
D1,Primary,MYC_TARGETS_V1,-1.65291187067864,0.000293099385836624,EIF2S1
D1,Primary,MYC_TARGETS_V1,-1.65291187067864,0.000293099385836624,DUT
D1,Primary,MYC_TARGETS_V1,-1.65291187067864,0.000293099385836624,CSTF2
D1,Primary,MYC_TARGETS_V1,-1.65291187067864,0.000293099385836624,PHB1
D1,Primary,MYC_TARGETS_V1,-1.65291187067864,0.000293099385836624,TOMM70
D1,Primary,MYC_TARGETS_V1,-1.65291187067864,0.000293099385836624,TARDBP
D1,Primary,MYC_TARGETS_V1,-1.65291187067864,0.000293099385836624,SNRPA1
D1,Primary,MYC_TARGETS_V1,-1.65291187067864,0.000293099385836624,USP1
D1,Primary,MYC_TARGETS_V2,-1.39033805981555,0.0609200960553833,DDX18
D1,Primary,MYC_TARGETS_V2,-1.39033805981555,0.0609200960553833,PES1
D1,Primary,MYC_TARGETS_V2,-1.39033805981555,0.0609200960553833,UTP20
D1,Primary,MYC_TARGETS_V2,-1.39033805981555,0.0609200960553833,PRMT3
D1,Primary,MYC_TARGETS_V2,-1.39033805981555,0.0609200960553833,NOP56
D1,Primary,MYC_TARGETS_V2,-1.39033805981555,0.0609200960553833,TFB2M
D1,Primary,MYC_TARGETS_V2,-1.39033805981555,0.0609200960553833,NOP16
D1,Primary,MYC_TARGETS_V2,-1.39033805981555,0.0609200960553833,TBRG4
D1,Primary,MYC_TARGETS_V2,-1.39033805981555,0.0609200960553833,PPAN
D1,Primary,MYC_TARGETS_V2,-1.39033805981555,0.0609200960553833,WDR43
D1,Primary,MYC_TARGETS_V2,-1.39033805981555,0.0609200960553833,MPHOSPH10
D1,Primary,MYC_TARGETS_V2,-1.39033805981555,0.0609200960553833,TCOF1
D1,Primary,MYC_TARGETS_V2,-1.39033805981555,0.0609200960553833,AIMP2
D1,Primary,MYC_TARGETS_V2,-1.39033805981555,0.0609200960553833,NIP7
D1,Primary,MYC_TARGETS_V2,-1.39033805981555,0.0609200960553833,EXOSC5
D1,Primary,MYC_TARGETS_V2,-1.39033805981555,0.0609200960553833,NDUFAF4
D1,Primary,MYC_TARGETS_V2,-1.39033805981555,0.0609200960553833,PHB1
D1,Primary,MYC_TARGETS_V2,-1.39033805981555,0.0609200960553833,PUS1
D1,Primary,MYC_TARGETS_V2,-1.39033805981555,0.0609200960553833,NPM1
D1,Primary,MYC_TARGETS_V2,-1.39033805981555,0.0609200960553833,GRWD1
D1,Primary,MYC_TARGETS_V2,-1.39033805981555,0.0609200960553833,DCTPP1
D1,Primary,MYC_TARGETS_V2,-1.39033805981555,0.0609200960553833,RRP12
D1,Primary,MYC_TARGETS_V2,-1.39033805981555,0.0609200960553833,MYC
D1,Primary,MYC_TARGETS_V2,-1.39033805981555,0.0609200960553833,UNG
D1,Primary,MYC_TARGETS_V2,-1.39033805981555,0.0609200960553833,RABEPK
D1,Primary,MYC_TARGETS_V2,-1.39033805981555,0.0609200960553833,SORD
D1,Primary,MYC_TARGETS_V2,-1.39033805981555,0.0609200960553833,MAP3K6
D1,Primary,MYC_TARGETS_V2,-1.39033805981555,0.0609200960553833,LAS1L
D1,Primary,MYC_TARGETS_V2,-1.39033805981555,0.0609200960553833,IMP4
D1,Primary,MYC_TARGETS_V2,-1.39033805981555,0.0609200960553833,PPRC1
D1,Primary,MYC_TARGETS_V2,-1.39033805981555,0.0609200960553833,GNL3
D1,Primary,MYC_TARGETS_V2,-1.39033805981555,0.0609200960553833,NOP2
D1,Primary,MYC_TARGETS_V2,-1.39033805981555,0.0609200960553833,HSPD1
D1,Primary,MYC_TARGETS_V2,-1.39033805981555,0.0609200960553833,WDR74
D1,Primary,MYOGENESIS,1.88175113813162,0.00010897988164343,COL6A3
D1,Primary,MYOGENESIS,1.88175113813162,0.00010897988164343,ITGA7
D1,Primary,MYOGENESIS,1.88175113813162,0.00010897988164343,KCNH2
D1,Primary,MYOGENESIS,1.88175113813162,0.00010897988164343,ITGB5
D1,Primary,MYOGENESIS,1.88175113813162,0.00010897988164343,ACHE
D1,Primary,MYOGENESIS,1.88175113813162,0.00010897988164343,FOXO4
D1,Primary,MYOGENESIS,1.88175113813162,0.00010897988164343,SPARC
D1,Primary,MYOGENESIS,1.88175113813162,0.00010897988164343,CLU
D1,Primary,MYOGENESIS,1.88175113813162,0.00010897988164343,HBEGF
D1,Primary,MYOGENESIS,1.88175113813162,0.00010897988164343,FHL1
D1,Primary,MYOGENESIS,1.88175113813162,0.00010897988164343,CKB
D1,Primary,MYOGENESIS,1.88175113813162,0.00010897988164343,MYLK
D1,Primary,MYOGENESIS,1.88175113813162,0.00010897988164343,KLF5
D1,Primary,MYOGENESIS,1.88175113813162,0.00010897988164343,PFKM
D1,Primary,MYOGENESIS,1.88175113813162,0.00010897988164343,SORBS1
D1,Primary,MYOGENESIS,1.88175113813162,0.00010897988164343,ACSL1
D1,Primary,MYOGENESIS,1.88175113813162,0.00010897988164343,SLC6A8
D1,Primary,MYOGENESIS,1.88175113813162,0.00010897988164343,GADD45B
D1,Primary,MYOGENESIS,1.88175113813162,0.00010897988164343,IFRD1
D1,Primary,MYOGENESIS,1.88175113813162,0.00010897988164343,COL4A2
D1,Primary,MYOGENESIS,1.88175113813162,0.00010897988164343,SCD
D1,Primary,MYOGENESIS,1.88175113813162,0.00010897988164343,APP
D1,Primary,MYOGENESIS,1.88175113813162,0.00010897988164343,PDLIM7
D1,Primary,MYOGENESIS,1.88175113813162,0.00010897988164343,GSN
D1,Primary,MYOGENESIS,1.88175113813162,0.00010897988164343,ATP6AP1
D1,Primary,MYOGENESIS,1.88175113813162,0.00010897988164343,HDAC5
D1,Primary,MYOGENESIS,1.88175113813162,0.00010897988164343,SMTN
D1,Primary,MYOGENESIS,1.88175113813162,0.00010897988164343,NQO1
D1,Primary,MYOGENESIS,1.88175113813162,0.00010897988164343,MEF2D
D1,Primary,MYOGENESIS,1.88175113813162,0.00010897988164343,TGFB1
D1,Primary,MYOGENESIS,1.88175113813162,0.00010897988164343,SVIL
D1,Primary,MYOGENESIS,1.88175113813162,0.00010897988164343,KIFC3
D1,Primary,MYOGENESIS,1.88175113813162,0.00010897988164343,MYH9
D1,Primary,MYOGENESIS,1.88175113813162,0.00010897988164343,ENO3
D1,Primary,MYOGENESIS,1.88175113813162,0.00010897988164343,AKT2
D1,Primary,MYOGENESIS,1.88175113813162,0.00010897988164343,MEF2A
D1,Primary,MYOGENESIS,1.88175113813162,0.00010897988164343,BAG1
D1,Primary,MYOGENESIS,1.88175113813162,0.00010897988164343,SIRT2
D1,Primary,MYOGENESIS,1.88175113813162,0.00010897988164343,FKBP1B
D1,Primary,MYOGENESIS,1.88175113813162,0.00010897988164343,GPX3
D1,Primary,MYOGENESIS,1.88175113813162,0.00010897988164343,MYH11
D1,Primary,MYOGENESIS,1.88175113813162,0.00010897988164343,PTP4A3
D1,Primary,MYOGENESIS,1.88175113813162,0.00010897988164343,CRAT
D1,Primary,MYOGENESIS,1.88175113813162,0.00010897988164343,AK1
D1,Primary,MYOGENESIS,1.88175113813162,0.00010897988164343,GABARAPL2
D1,Primary,MYOGENESIS,1.88175113813162,0.00010897988164343,FLII
D1,Primary,MYOGENESIS,1.88175113813162,0.00010897988164343,MYH3
D1,Primary,MYOGENESIS,1.88175113813162,0.00010897988164343,MYO1C
D1,Primary,MYOGENESIS,1.88175113813162,0.00010897988164343,CDKN1A
D1,Primary,MYOGENESIS,1.88175113813162,0.00010897988164343,TPM3
D1,Primary,MYOGENESIS,1.88175113813162,0.00010897988164343,MYL4
D1,Primary,MYOGENESIS,1.88175113813162,0.00010897988164343,FGF2
D1,Primary,MYOGENESIS,1.88175113813162,0.00010897988164343,MYL6B
D1,Primary,MYOGENESIS,1.88175113813162,0.00010897988164343,GNAO1
D1,Primary,MYOGENESIS,1.88175113813162,0.00010897988164343,NOTCH1
D1,Primary,MYOGENESIS,1.88175113813162,0.00010897988164343,TNNI2
D1,Primary,MYOGENESIS,1.88175113813162,0.00010897988164343,RIT1
D1,Primary,MYOGENESIS,1.88175113813162,0.00010897988164343,PC
D1,Primary,NOTCH_SIGNALING,-1.10402876638846,0.377584523287245,LFNG
D1,Primary,NOTCH_SIGNALING,-1.10402876638846,0.377584523287245,CUL1
D1,Primary,NOTCH_SIGNALING,-1.10402876638846,0.377584523287245,DTX1
D1,Primary,NOTCH_SIGNALING,-1.10402876638846,0.377584523287245,PSEN2
D1,Primary,NOTCH_SIGNALING,-1.10402876638846,0.377584523287245,ST3GAL6
D1,Primary,NOTCH_SIGNALING,-1.10402876638846,0.377584523287245,DTX4
D1,Primary,NOTCH_SIGNALING,-1.10402876638846,0.377584523287245,MAML2
D1,Primary,NOTCH_SIGNALING,-1.10402876638846,0.377584523287245,PPARD
D1,Primary,NOTCH_SIGNALING,-1.10402876638846,0.377584523287245,KAT2A
D1,Primary,NOTCH_SIGNALING,-1.10402876638846,0.377584523287245,ARRB1
D1,Primary,NOTCH_SIGNALING,-1.10402876638846,0.377584523287245,FZD1
D1,Primary,OXIDATIVE_PHOSPHORYLATION,-1.69225185401553,0.00011475989138866,OXA1L
D1,Primary,OXIDATIVE_PHOSPHORYLATION,-1.69225185401553,0.00011475989138866,PDP1
D1,Primary,OXIDATIVE_PHOSPHORYLATION,-1.69225185401553,0.00011475989138866,NDUFB5
D1,Primary,OXIDATIVE_PHOSPHORYLATION,-1.69225185401553,0.00011475989138866,GLUD1
D1,Primary,OXIDATIVE_PHOSPHORYLATION,-1.69225185401553,0.00011475989138866,NDUFA9
D1,Primary,OXIDATIVE_PHOSPHORYLATION,-1.69225185401553,0.00011475989138866,LRPPRC
D1,Primary,OXIDATIVE_PHOSPHORYLATION,-1.69225185401553,0.00011475989138866,ATP5F1A
D1,Primary,OXIDATIVE_PHOSPHORYLATION,-1.69225185401553,0.00011475989138866,MRPS22
D1,Primary,OXIDATIVE_PHOSPHORYLATION,-1.69225185401553,0.00011475989138866,NDUFA5
D1,Primary,OXIDATIVE_PHOSPHORYLATION,-1.69225185401553,0.00011475989138866,PDK4
D1,Primary,OXIDATIVE_PHOSPHORYLATION,-1.69225185401553,0.00011475989138866,MDH1
D1,Primary,OXIDATIVE_PHOSPHORYLATION,-1.69225185401553,0.00011475989138866,MRPS30
D1,Primary,OXIDATIVE_PHOSPHORYLATION,-1.69225185401553,0.00011475989138866,OPA1
D1,Primary,OXIDATIVE_PHOSPHORYLATION,-1.69225185401553,0.00011475989138866,VDAC2
D1,Primary,OXIDATIVE_PHOSPHORYLATION,-1.69225185401553,0.00011475989138866,MRPL35
D1,Primary,OXIDATIVE_PHOSPHORYLATION,-1.69225185401553,0.00011475989138866,UQCRB
D1,Primary,OXIDATIVE_PHOSPHORYLATION,-1.69225185401553,0.00011475989138866,NNT
D1,Primary,OXIDATIVE_PHOSPHORYLATION,-1.69225185401553,0.00011475989138866,SLC25A20
D1,Primary,OXIDATIVE_PHOSPHORYLATION,-1.69225185401553,0.00011475989138866,TIMM9
D1,Primary,OXIDATIVE_PHOSPHORYLATION,-1.69225185401553,0.00011475989138866,ATP6V1G1
D1,Primary,OXIDATIVE_PHOSPHORYLATION,-1.69225185401553,0.00011475989138866,ATP5MC3
D1,Primary,OXIDATIVE_PHOSPHORYLATION,-1.69225185401553,0.00011475989138866,COX11
D1,Primary,OXIDATIVE_PHOSPHORYLATION,-1.69225185401553,0.00011475989138866,ACADSB
D1,Primary,OXIDATIVE_PHOSPHORYLATION,-1.69225185401553,0.00011475989138866,FH
D1,Primary,OXIDATIVE_PHOSPHORYLATION,-1.69225185401553,0.00011475989138866,DECR1
D1,Primary,OXIDATIVE_PHOSPHORYLATION,-1.69225185401553,0.00011475989138866,HCCS
D1,Primary,OXIDATIVE_PHOSPHORYLATION,-1.69225185401553,0.00011475989138866,ECHS1
D1,Primary,OXIDATIVE_PHOSPHORYLATION,-1.69225185401553,0.00011475989138866,ATP1B1
D1,Primary,OXIDATIVE_PHOSPHORYLATION,-1.69225185401553,0.00011475989138866,SDHD
D1,Primary,OXIDATIVE_PHOSPHORYLATION,-1.69225185401553,0.00011475989138866,UQCRC2
D1,Primary,OXIDATIVE_PHOSPHORYLATION,-1.69225185401553,0.00011475989138866,ATP5MC2
D1,Primary,OXIDATIVE_PHOSPHORYLATION,-1.69225185401553,0.00011475989138866,FDX1
D1,Primary,OXIDATIVE_PHOSPHORYLATION,-1.69225185401553,0.00011475989138866,SUCLA2
D1,Primary,OXIDATIVE_PHOSPHORYLATION,-1.69225185401553,0.00011475989138866,ATP5PO
D1,Primary,OXIDATIVE_PHOSPHORYLATION,-1.69225185401553,0.00011475989138866,SLC25A3
D1,Primary,OXIDATIVE_PHOSPHORYLATION,-1.69225185401553,0.00011475989138866,COX7C
D1,Primary,OXIDATIVE_PHOSPHORYLATION,-1.69225185401553,0.00011475989138866,NDUFS1
D1,Primary,OXIDATIVE_PHOSPHORYLATION,-1.69225185401553,0.00011475989138866,IDH1
D1,Primary,OXIDATIVE_PHOSPHORYLATION,-1.69225185401553,0.00011475989138866,NDUFS3
D1,Primary,OXIDATIVE_PHOSPHORYLATION,-1.69225185401553,0.00011475989138866,ATP5MG
D1,Primary,OXIDATIVE_PHOSPHORYLATION,-1.69225185401553,0.00011475989138866,ATP5PB
D1,Primary,OXIDATIVE_PHOSPHORYLATION,-1.69225185401553,0.00011475989138866,NDUFB4
D1,Primary,OXIDATIVE_PHOSPHORYLATION,-1.69225185401553,0.00011475989138866,MGST3
D1,Primary,OXIDATIVE_PHOSPHORYLATION,-1.69225185401553,0.00011475989138866,SLC25A5
D1,Primary,OXIDATIVE_PHOSPHORYLATION,-1.69225185401553,0.00011475989138866,NDUFB6
D1,Primary,OXIDATIVE_PHOSPHORYLATION,-1.69225185401553,0.00011475989138866,UQCRFS1
D1,Primary,OXIDATIVE_PHOSPHORYLATION,-1.69225185401553,0.00011475989138866,COX10
D1,Primary,OXIDATIVE_PHOSPHORYLATION,-1.69225185401553,0.00011475989138866,ACADM
D1,Primary,OXIDATIVE_PHOSPHORYLATION,-1.69225185401553,0.00011475989138866,ACAA2
D1,Primary,OXIDATIVE_PHOSPHORYLATION,-1.69225185401553,0.00011475989138866,PRDX3
D1,Primary,OXIDATIVE_PHOSPHORYLATION,-1.69225185401553,0.00011475989138866,ATP5PF
D1,Primary,OXIDATIVE_PHOSPHORYLATION,-1.69225185401553,0.00011475989138866,NDUFA8
D1,Primary,OXIDATIVE_PHOSPHORYLATION,-1.69225185401553,0.00011475989138866,IMMT
D1,Primary,OXIDATIVE_PHOSPHORYLATION,-1.69225185401553,0.00011475989138866,MRPL34
D1,Primary,OXIDATIVE_PHOSPHORYLATION,-1.69225185401553,0.00011475989138866,NDUFA4
D1,Primary,OXIDATIVE_PHOSPHORYLATION,-1.69225185401553,0.00011475989138866,NDUFAB1
D1,Primary,OXIDATIVE_PHOSPHORYLATION,-1.69225185401553,0.00011475989138866,ABCB7
D1,Primary,OXIDATIVE_PHOSPHORYLATION,-1.69225185401553,0.00011475989138866,SLC25A6
D1,Primary,OXIDATIVE_PHOSPHORYLATION,-1.69225185401553,0.00011475989138866,TOMM22
D1,Primary,OXIDATIVE_PHOSPHORYLATION,-1.69225185401553,0.00011475989138866,SURF1
D1,Primary,OXIDATIVE_PHOSPHORYLATION,-1.69225185401553,0.00011475989138866,NDUFB2
D1,Primary,OXIDATIVE_PHOSPHORYLATION,-1.69225185401553,0.00011475989138866,TOMM70
D1,Primary,OXIDATIVE_PHOSPHORYLATION,-1.69225185401553,0.00011475989138866,MTRR
D1,Primary,OXIDATIVE_PHOSPHORYLATION,-1.69225185401553,0.00011475989138866,TIMM8B
D1,Primary,OXIDATIVE_PHOSPHORYLATION,-1.69225185401553,0.00011475989138866,MRPL15
D1,Primary,OXIDATIVE_PHOSPHORYLATION,-1.69225185401553,0.00011475989138866,AIFM1
D1,Primary,OXIDATIVE_PHOSPHORYLATION,-1.69225185401553,0.00011475989138866,NDUFC2
D1,Primary,OXIDATIVE_PHOSPHORYLATION,-1.69225185401553,0.00011475989138866,IDH3B
D1,Primary,OXIDATIVE_PHOSPHORYLATION,-1.69225185401553,0.00011475989138866,SUCLG1
D1,Primary,OXIDATIVE_PHOSPHORYLATION,-1.69225185401553,0.00011475989138866,COX5B
D1,Primary,OXIDATIVE_PHOSPHORYLATION,-1.69225185401553,0.00011475989138866,HSD17B10
D1,Primary,OXIDATIVE_PHOSPHORYLATION,-1.69225185401553,0.00011475989138866,PDHX
D1,Primary,P53_PATHWAY,1.46483150944111,0.0127913380926784,NDRG1
D1,Primary,P53_PATHWAY,1.46483150944111,0.0127913380926784,DDIT3
D1,Primary,P53_PATHWAY,1.46483150944111,0.0127913380926784,SLC7A11
D1,Primary,P53_PATHWAY,1.46483150944111,0.0127913380926784,ABHD4
D1,Primary,P53_PATHWAY,1.46483150944111,0.0127913380926784,HEXIM1
D1,Primary,P53_PATHWAY,1.46483150944111,0.0127913380926784,DDIT4
D1,Primary,P53_PATHWAY,1.46483150944111,0.0127913380926784,IER3
D1,Primary,P53_PATHWAY,1.46483150944111,0.0127913380926784,CCND3
D1,Primary,P53_PATHWAY,1.46483150944111,0.0127913380926784,ALOX15B
D1,Primary,P53_PATHWAY,1.46483150944111,0.0127913380926784,CDK5R1
D1,Primary,P53_PATHWAY,1.46483150944111,0.0127913380926784,ZBTB16
D1,Primary,P53_PATHWAY,1.46483150944111,0.0127913380926784,UPP1
D1,Primary,P53_PATHWAY,1.46483150944111,0.0127913380926784,INHBB
D1,Primary,P53_PATHWAY,1.46483150944111,0.0127913380926784,RGS16
D1,Primary,P53_PATHWAY,1.46483150944111,0.0127913380926784,ACVR1B
D1,Primary,P53_PATHWAY,1.46483150944111,0.0127913380926784,HBEGF
D1,Primary,P53_PATHWAY,1.46483150944111,0.0127913380926784,PDGFA
D1,Primary,P53_PATHWAY,1.46483150944111,0.0127913380926784,FOXO3
D1,Primary,P53_PATHWAY,1.46483150944111,0.0127913380926784,RALGDS
D1,Primary,P53_PATHWAY,1.46483150944111,0.0127913380926784,GPX2
D1,Primary,P53_PATHWAY,1.46483150944111,0.0127913380926784,SDC1
D1,Primary,P53_PATHWAY,1.46483150944111,0.0127913380926784,PPP1R15A
D1,Primary,P53_PATHWAY,1.46483150944111,0.0127913380926784,F2R
D1,Primary,P53_PATHWAY,1.46483150944111,0.0127913380926784,APP
D1,Primary,P53_PATHWAY,1.46483150944111,0.0127913380926784,CD82
D1,Primary,P53_PATHWAY,1.46483150944111,0.0127913380926784,STOM
D1,Primary,P53_PATHWAY,1.46483150944111,0.0127913380926784,TOB1
D1,Primary,P53_PATHWAY,1.46483150944111,0.0127913380926784,GADD45A
D1,Primary,P53_PATHWAY,1.46483150944111,0.0127913380926784,PLK3
D1,Primary,P53_PATHWAY,1.46483150944111,0.0127913380926784,MXD1
D1,Primary,P53_PATHWAY,1.46483150944111,0.0127913380926784,ABCC5
D1,Primary,P53_PATHWAY,1.46483150944111,0.0127913380926784,CTSD
D1,Primary,P53_PATHWAY,1.46483150944111,0.0127913380926784,MKNK2
D1,Primary,P53_PATHWAY,1.46483150944111,0.0127913380926784,TGFB1
D1,Primary,P53_PATHWAY,1.46483150944111,0.0127913380926784,RXRA
D1,Primary,P53_PATHWAY,1.46483150944111,0.0127913380926784,CEBPA
D1,Primary,P53_PATHWAY,1.46483150944111,0.0127913380926784,PTPRE
D1,Primary,P53_PATHWAY,1.46483150944111,0.0127913380926784,TSPYL2
D1,Primary,P53_PATHWAY,1.46483150944111,0.0127913380926784,SLC3A2
D1,Primary,P53_PATHWAY,1.46483150944111,0.0127913380926784,EPHX1
D1,Primary,P53_PATHWAY,1.46483150944111,0.0127913380926784,TSC22D1
D1,Primary,P53_PATHWAY,1.46483150944111,0.0127913380926784,NINJ1
D1,Primary,P53_PATHWAY,1.46483150944111,0.0127913380926784,PRMT2
D1,Primary,P53_PATHWAY,1.46483150944111,0.0127913380926784,BTG1
D1,Primary,P53_PATHWAY,1.46483150944111,0.0127913380926784,AK1
D1,Primary,P53_PATHWAY,1.46483150944111,0.0127913380926784,JUN
D1,Primary,P53_PATHWAY,1.46483150944111,0.0127913380926784,CYFIP2
D1,Primary,P53_PATHWAY,1.46483150944111,0.0127913380926784,CDKN1A
D1,Primary,P53_PATHWAY,1.46483150944111,0.0127913380926784,NUPR1
D1,Primary,P53_PATHWAY,1.46483150944111,0.0127913380926784,RHBDF2
D1,Primary,P53_PATHWAY,1.46483150944111,0.0127913380926784,H2AJ
D1,Primary,P53_PATHWAY,1.46483150944111,0.0127913380926784,TRIB3
D1,Primary,P53_PATHWAY,1.46483150944111,0.0127913380926784,VDR
D1,Primary,P53_PATHWAY,1.46483150944111,0.0127913380926784,TAX1BP3
D1,Primary,P53_PATHWAY,1.46483150944111,0.0127913380926784,POLH
D1,Primary,P53_PATHWAY,1.46483150944111,0.0127913380926784,RAB40C
D1,Primary,P53_PATHWAY,1.46483150944111,0.0127913380926784,NOTCH1
D1,Primary,P53_PATHWAY,1.46483150944111,0.0127913380926784,CSRNP2
D1,Primary,P53_PATHWAY,1.46483150944111,0.0127913380926784,IRAK1
D1,Primary,P53_PATHWAY,1.46483150944111,0.0127913380926784,SAT1
D1,Primary,P53_PATHWAY,1.46483150944111,0.0127913380926784,HSPA4L
D1,Primary,P53_PATHWAY,1.46483150944111,0.0127913380926784,GM2A
D1,Primary,P53_PATHWAY,1.46483150944111,0.0127913380926784,SERTAD3
D1,Primary,P53_PATHWAY,1.46483150944111,0.0127913380926784,KIF13B
D1,Primary,P53_PATHWAY,1.46483150944111,0.0127913380926784,H1-2
D1,Primary,P53_PATHWAY,1.46483150944111,0.0127913380926784,SPHK1
D1,Primary,P53_PATHWAY,1.46483150944111,0.0127913380926784,RNF19B
D1,Primary,P53_PATHWAY,1.46483150944111,0.0127913380926784,PIDD1
D1,Primary,P53_PATHWAY,1.46483150944111,0.0127913380926784,ISCU
D1,Primary,P53_PATHWAY,1.46483150944111,0.0127913380926784,HDAC3
D1,Primary,P53_PATHWAY,1.46483150944111,0.0127913380926784,BMP2
D1,Primary,P53_PATHWAY,1.46483150944111,0.0127913380926784,BTG2
D1,Primary,P53_PATHWAY,1.46483150944111,0.0127913380926784,PLK2
D1,Primary,P53_PATHWAY,1.46483150944111,0.0127913380926784,FAS
D1,Primary,P53_PATHWAY,1.46483150944111,0.0127913380926784,CDKN2B
D1,Primary,P53_PATHWAY,1.46483150944111,0.0127913380926784,FOS
D1,Primary,P53_PATHWAY,1.46483150944111,0.0127913380926784,APAF1
D1,Primary,P53_PATHWAY,1.46483150944111,0.0127913380926784,SLC19A2
D1,Primary,P53_PATHWAY,1.46483150944111,0.0127913380926784,SP1
D1,Primary,P53_PATHWAY,1.46483150944111,0.0127913380926784,MXD4
D1,Primary,P53_PATHWAY,1.46483150944111,0.0127913380926784,DGKA
D1,Primary,P53_PATHWAY,1.46483150944111,0.0127913380926784,RAD51C
D1,Primary,PEROXISOME,0.90184891170298,0.708864662482105,ABCB9
D1,Primary,PEROXISOME,0.90184891170298,0.708864662482105,YWHAH
D1,Primary,PEROXISOME,0.90184891170298,0.708864662482105,ACSL1
D1,Primary,PEROXISOME,0.90184891170298,0.708864662482105,CLN8
D1,Primary,PEROXISOME,0.90184891170298,0.708864662482105,DHCR24
D1,Primary,PEROXISOME,0.90184891170298,0.708864662482105,FIS1
D1,Primary,PEROXISOME,0.90184891170298,0.708864662482105,ABCC5
D1,Primary,PEROXISOME,0.90184891170298,0.708864662482105,TOP2A
D1,Primary,PEROXISOME,0.90184891170298,0.708864662482105,PRDX5
D1,Primary,PEROXISOME,0.90184891170298,0.708864662482105,CTBP1
D1,Primary,PEROXISOME,0.90184891170298,0.708864662482105,LONP2
D1,Primary,PEROXISOME,0.90184891170298,0.708864662482105,SIAH1
D1,Primary,PEROXISOME,0.90184891170298,0.708864662482105,CADM1
D1,Primary,PEROXISOME,0.90184891170298,0.708864662482105,HSD11B2
D1,Primary,PEROXISOME,0.90184891170298,0.708864662482105,STS
D1,Primary,PEROXISOME,0.90184891170298,0.708864662482105,ACAA1
D1,Primary,PEROXISOME,0.90184891170298,0.708864662482105,CRAT
D1,Primary,PEROXISOME,0.90184891170298,0.708864662482105,FADS1
D1,Primary,PEROXISOME,0.90184891170298,0.708864662482105,ATXN1
D1,Primary,PEROXISOME,0.90184891170298,0.708864662482105,MVP
D1,Primary,PI3K_AKT_MTOR_SIGNALING,1.50421203848169,0.0184888530224001,DDIT3
D1,Primary,PI3K_AKT_MTOR_SIGNALING,1.50421203848169,0.0184888530224001,SLC2A1
D1,Primary,PI3K_AKT_MTOR_SIGNALING,1.50421203848169,0.0184888530224001,E2F1
D1,Primary,PI3K_AKT_MTOR_SIGNALING,1.50421203848169,0.0184888530224001,MAP2K3
D1,Primary,PI3K_AKT_MTOR_SIGNALING,1.50421203848169,0.0184888530224001,RALB
D1,Primary,PI3K_AKT_MTOR_SIGNALING,1.50421203848169,0.0184888530224001,MKNK1
D1,Primary,PI3K_AKT_MTOR_SIGNALING,1.50421203848169,0.0184888530224001,ARF1
D1,Primary,PI3K_AKT_MTOR_SIGNALING,1.50421203848169,0.0184888530224001,AKT1S1
D1,Primary,PI3K_AKT_MTOR_SIGNALING,1.50421203848169,0.0184888530224001,AP2M1
D1,Primary,PI3K_AKT_MTOR_SIGNALING,1.50421203848169,0.0184888530224001,PLA2G12A
D1,Primary,PI3K_AKT_MTOR_SIGNALING,1.50421203848169,0.0184888530224001,CFL1
D1,Primary,PI3K_AKT_MTOR_SIGNALING,1.50421203848169,0.0184888530224001,MKNK2
D1,Primary,PI3K_AKT_MTOR_SIGNALING,1.50421203848169,0.0184888530224001,SQSTM1
D1,Primary,PI3K_AKT_MTOR_SIGNALING,1.50421203848169,0.0184888530224001,CXCR4
D1,Primary,PI3K_AKT_MTOR_SIGNALING,1.50421203848169,0.0184888530224001,MAP2K6
D1,Primary,PI3K_AKT_MTOR_SIGNALING,1.50421203848169,0.0184888530224001,RPS6KA1
D1,Primary,PI3K_AKT_MTOR_SIGNALING,1.50421203848169,0.0184888530224001,CAB39
D1,Primary,PI3K_AKT_MTOR_SIGNALING,1.50421203848169,0.0184888530224001,GRB2
D1,Primary,PI3K_AKT_MTOR_SIGNALING,1.50421203848169,0.0184888530224001,CDK1
D1,Primary,PI3K_AKT_MTOR_SIGNALING,1.50421203848169,0.0184888530224001,SLA
D1,Primary,PI3K_AKT_MTOR_SIGNALING,1.50421203848169,0.0184888530224001,CDKN1B
D1,Primary,PI3K_AKT_MTOR_SIGNALING,1.50421203848169,0.0184888530224001,ARHGDIA
D1,Primary,PI3K_AKT_MTOR_SIGNALING,1.50421203848169,0.0184888530224001,RAF1
D1,Primary,PI3K_AKT_MTOR_SIGNALING,1.50421203848169,0.0184888530224001,PDK1
D1,Primary,PI3K_AKT_MTOR_SIGNALING,1.50421203848169,0.0184888530224001,GRK2
D1,Primary,PI3K_AKT_MTOR_SIGNALING,1.50421203848169,0.0184888530224001,PTPN11
D1,Primary,PI3K_AKT_MTOR_SIGNALING,1.50421203848169,0.0184888530224001,UBE2D3
D1,Primary,PI3K_AKT_MTOR_SIGNALING,1.50421203848169,0.0184888530224001,PFN1
D1,Primary,PI3K_AKT_MTOR_SIGNALING,1.50421203848169,0.0184888530224001,CDKN1A
D1,Primary,PI3K_AKT_MTOR_SIGNALING,1.50421203848169,0.0184888530224001,PRKCB
D1,Primary,PI3K_AKT_MTOR_SIGNALING,1.50421203848169,0.0184888530224001,PRKAR2A
D1,Primary,PI3K_AKT_MTOR_SIGNALING,1.50421203848169,0.0184888530224001,TRIB3
D1,Primary,PI3K_AKT_MTOR_SIGNALING,1.50421203848169,0.0184888530224001,MAPK1
D1,Primary,PI3K_AKT_MTOR_SIGNALING,1.50421203848169,0.0184888530224001,NFKBIB
D1,Primary,PI3K_AKT_MTOR_SIGNALING,1.50421203848169,0.0184888530224001,CDK2
D1,Primary,PI3K_AKT_MTOR_SIGNALING,1.50421203848169,0.0184888530224001,CSNK2B
D1,Primary,PI3K_AKT_MTOR_SIGNALING,1.50421203848169,0.0184888530224001,RIT1
D1,Primary,PI3K_AKT_MTOR_SIGNALING,1.50421203848169,0.0184888530224001,PTEN
D1,Primary,PROTEIN_SECRETION,-1.23209873589155,0.150905974046684,SNX2
D1,Primary,PROTEIN_SECRETION,-1.23209873589155,0.150905974046684,M6PR
D1,Primary,PROTEIN_SECRETION,-1.23209873589155,0.150905974046684,CTSC
D1,Primary,PROTEIN_SECRETION,-1.23209873589155,0.150905974046684,DOP1A
D1,Primary,PROTEIN_SECRETION,-1.23209873589155,0.150905974046684,VPS45
D1,Primary,PROTEIN_SECRETION,-1.23209873589155,0.150905974046684,COG2
D1,Primary,PROTEIN_SECRETION,-1.23209873589155,0.150905974046684,ZW10
D1,Primary,PROTEIN_SECRETION,-1.23209873589155,0.150905974046684,BET1
D1,Primary,PROTEIN_SECRETION,-1.23209873589155,0.150905974046684,RAB22A
D1,Primary,PROTEIN_SECRETION,-1.23209873589155,0.150905974046684,COPB2
D1,Primary,PROTEIN_SECRETION,-1.23209873589155,0.150905974046684,SCAMP1
D1,Primary,PROTEIN_SECRETION,-1.23209873589155,0.150905974046684,TMX1
D1,Primary,PROTEIN_SECRETION,-1.23209873589155,0.150905974046684,USO1
D1,Primary,PROTEIN_SECRETION,-1.23209873589155,0.150905974046684,AP3B1
D1,Primary,PROTEIN_SECRETION,-1.23209873589155,0.150905974046684,SCAMP3
D1,Primary,PROTEIN_SECRETION,-1.23209873589155,0.150905974046684,ARFIP1
D1,Primary,PROTEIN_SECRETION,-1.23209873589155,0.150905974046684,SEC24D
D1,Primary,PROTEIN_SECRETION,-1.23209873589155,0.150905974046684,MON2
D1,Primary,PROTEIN_SECRETION,-1.23209873589155,0.150905974046684,ARFGEF2
D1,Primary,PROTEIN_SECRETION,-1.23209873589155,0.150905974046684,PPT1
D1,Primary,PROTEIN_SECRETION,-1.23209873589155,0.150905974046684,GOSR2
D1,Primary,PROTEIN_SECRETION,-1.23209873589155,0.150905974046684,TMED10
D1,Primary,PROTEIN_SECRETION,-1.23209873589155,0.150905974046684,ADAM10
D1,Primary,PROTEIN_SECRETION,-1.23209873589155,0.150905974046684,ABCA1
D1,Primary,PROTEIN_SECRETION,-1.23209873589155,0.150905974046684,SEC31A
D1,Primary,PROTEIN_SECRETION,-1.23209873589155,0.150905974046684,SCRN1
D1,Primary,PROTEIN_SECRETION,-1.23209873589155,0.150905974046684,STX12
D1,Primary,REACTIVE_OXYGEN_SPECIES_PATHWAY,1.96501149954453,0.000298779414260625,PRDX2
D1,Primary,REACTIVE_OXYGEN_SPECIES_PATHWAY,1.96501149954453,0.000298779414260625,CDKN2D
D1,Primary,REACTIVE_OXYGEN_SPECIES_PATHWAY,1.96501149954453,0.000298779414260625,PDLIM1
D1,Primary,REACTIVE_OXYGEN_SPECIES_PATHWAY,1.96501149954453,0.000298779414260625,GCLM
D1,Primary,REACTIVE_OXYGEN_SPECIES_PATHWAY,1.96501149954453,0.000298779414260625,OXSR1
D1,Primary,REACTIVE_OXYGEN_SPECIES_PATHWAY,1.96501149954453,0.000298779414260625,MPO
D1,Primary,REACTIVE_OXYGEN_SPECIES_PATHWAY,1.96501149954453,0.000298779414260625,G6PD
D1,Primary,REACTIVE_OXYGEN_SPECIES_PATHWAY,1.96501149954453,0.000298779414260625,GSR
D1,Primary,REACTIVE_OXYGEN_SPECIES_PATHWAY,1.96501149954453,0.000298779414260625,SBNO2
D1,Primary,REACTIVE_OXYGEN_SPECIES_PATHWAY,1.96501149954453,0.000298779414260625,NQO1
D1,Primary,REACTIVE_OXYGEN_SPECIES_PATHWAY,1.96501149954453,0.000298779414260625,MSRA
D1,Primary,REACTIVE_OXYGEN_SPECIES_PATHWAY,1.96501149954453,0.000298779414260625,PFKP
D1,Primary,REACTIVE_OXYGEN_SPECIES_PATHWAY,1.96501149954453,0.000298779414260625,LAMTOR5
D1,Primary,REACTIVE_OXYGEN_SPECIES_PATHWAY,1.96501149954453,0.000298779414260625,GPX4
D1,Primary,REACTIVE_OXYGEN_SPECIES_PATHWAY,1.96501149954453,0.000298779414260625,EGLN2
D1,Primary,REACTIVE_OXYGEN_SPECIES_PATHWAY,1.96501149954453,0.000298779414260625,JUNB
D1,Primary,REACTIVE_OXYGEN_SPECIES_PATHWAY,1.96501149954453,0.000298779414260625,SRXN1
D1,Primary,REACTIVE_OXYGEN_SPECIES_PATHWAY,1.96501149954453,0.000298779414260625,FTL
D1,Primary,REACTIVE_OXYGEN_SPECIES_PATHWAY,1.96501149954453,0.000298779414260625,GPX3
D1,Primary,REACTIVE_OXYGEN_SPECIES_PATHWAY,1.96501149954453,0.000298779414260625,FES
D1,Primary,SPERMATOGENESIS,1.1527654709282,0.305854328165375,HSPA1L
D1,Primary,SPERMATOGENESIS,1.1527654709282,0.305854328165375,BRAF
D1,Primary,SPERMATOGENESIS,1.1527654709282,0.305854328165375,PCSK1N
D1,Primary,SPERMATOGENESIS,1.1527654709282,0.305854328165375,KIF2C
D1,Primary,SPERMATOGENESIS,1.1527654709282,0.305854328165375,PGS1
D1,Primary,SPERMATOGENESIS,1.1527654709282,0.305854328165375,CLVS1
D1,Primary,SPERMATOGENESIS,1.1527654709282,0.305854328165375,BUB1
D1,Primary,SPERMATOGENESIS,1.1527654709282,0.305854328165375,GFI1
D1,Primary,SPERMATOGENESIS,1.1527654709282,0.305854328165375,MAST2
D1,Primary,SPERMATOGENESIS,1.1527654709282,0.305854328165375,PIAS2
D1,Primary,SPERMATOGENESIS,1.1527654709282,0.305854328165375,AGFG1
D1,Primary,SPERMATOGENESIS,1.1527654709282,0.305854328165375,JAM3
D1,Primary,SPERMATOGENESIS,1.1527654709282,0.305854328165375,NCAPH
D1,Primary,SPERMATOGENESIS,1.1527654709282,0.305854328165375,GSTM3
D1,Primary,SPERMATOGENESIS,1.1527654709282,0.305854328165375,IP6K1
D1,Primary,SPERMATOGENESIS,1.1527654709282,0.305854328165375,CCNB2
D1,Primary,SPERMATOGENESIS,1.1527654709282,0.305854328165375,CCNA1
D1,Primary,SPERMATOGENESIS,1.1527654709282,0.305854328165375,CSNK2A2
D1,Primary,SPERMATOGENESIS,1.1527654709282,0.305854328165375,CDK1
D1,Primary,SPERMATOGENESIS,1.1527654709282,0.305854328165375,ACRBP
D1,Primary,SPERMATOGENESIS,1.1527654709282,0.305854328165375,CHFR
D1,Primary,SPERMATOGENESIS,1.1527654709282,0.305854328165375,CDKN3
D1,Primary,SPERMATOGENESIS,1.1527654709282,0.305854328165375,PRKAR2A
D1,Primary,SPERMATOGENESIS,1.1527654709282,0.305854328165375,AURKA
D1,Primary,SPERMATOGENESIS,1.1527654709282,0.305854328165375,SHE
D1,Primary,SPERMATOGENESIS,1.1527654709282,0.305854328165375,TALDO1
D1,Primary,SPERMATOGENESIS,1.1527654709282,0.305854328165375,TTK
D1,Primary,SPERMATOGENESIS,1.1527654709282,0.305854328165375,NEK2
D1,Primary,SPERMATOGENESIS,1.1527654709282,0.305854328165375,HSPA4L
D1,Primary,SPERMATOGENESIS,1.1527654709282,0.305854328165375,SLC2A5
D1,Primary,TGF_BETA_SIGNALING,1.53857561295416,0.0259649626897009,HIPK2
D1,Primary,TGF_BETA_SIGNALING,1.53857561295416,0.0259649626897009,THBS1
D1,Primary,TGF_BETA_SIGNALING,1.53857561295416,0.0259649626897009,FURIN
D1,Primary,TGF_BETA_SIGNALING,1.53857561295416,0.0259649626897009,TGIF1
D1,Primary,TGF_BETA_SIGNALING,1.53857561295416,0.0259649626897009,SPTBN1
D1,Primary,TGF_BETA_SIGNALING,1.53857561295416,0.0259649626897009,PPP1R15A
D1,Primary,TGF_BETA_SIGNALING,1.53857561295416,0.0259649626897009,SERPINE1
D1,Primary,TGF_BETA_SIGNALING,1.53857561295416,0.0259649626897009,CDH1
D1,Primary,TGF_BETA_SIGNALING,1.53857561295416,0.0259649626897009,SKI
D1,Primary,TGF_BETA_SIGNALING,1.53857561295416,0.0259649626897009,RAB31
D1,Primary,TGF_BETA_SIGNALING,1.53857561295416,0.0259649626897009,ID1
D1,Primary,TGF_BETA_SIGNALING,1.53857561295416,0.0259649626897009,TGFB1
D1,Primary,TGF_BETA_SIGNALING,1.53857561295416,0.0259649626897009,JUNB
D1,Primary,TGF_BETA_SIGNALING,1.53857561295416,0.0259649626897009,SKIL
D1,Primary,TGF_BETA_SIGNALING,1.53857561295416,0.0259649626897009,ID2
D1,Primary,TGF_BETA_SIGNALING,1.53857561295416,0.0259649626897009,IFNGR2
D1,Primary,TGF_BETA_SIGNALING,1.53857561295416,0.0259649626897009,PPM1A
D1,Primary,TGF_BETA_SIGNALING,1.53857561295416,0.0259649626897009,SMAD1
D1,Primary,TGF_BETA_SIGNALING,1.53857561295416,0.0259649626897009,UBE2D3
D1,Primary,TNFA_SIGNALING_VIA_NFKB,2.06317725724089,1.40025395566932e-07,VEGFA
D1,Primary,TNFA_SIGNALING_VIA_NFKB,2.06317725724089,1.40025395566932e-07,BCL6
D1,Primary,TNFA_SIGNALING_VIA_NFKB,2.06317725724089,1.40025395566932e-07,ZC3H12A
D1,Primary,TNFA_SIGNALING_VIA_NFKB,2.06317725724089,1.40025395566932e-07,KLF9
D1,Primary,TNFA_SIGNALING_VIA_NFKB,2.06317725724089,1.40025395566932e-07,PER1
D1,Primary,TNFA_SIGNALING_VIA_NFKB,2.06317725724089,1.40025395566932e-07,IRS2
D1,Primary,TNFA_SIGNALING_VIA_NFKB,2.06317725724089,1.40025395566932e-07,AREG
D1,Primary,TNFA_SIGNALING_VIA_NFKB,2.06317725724089,1.40025395566932e-07,MAFF
D1,Primary,TNFA_SIGNALING_VIA_NFKB,2.06317725724089,1.40025395566932e-07,IER3
D1,Primary,TNFA_SIGNALING_VIA_NFKB,2.06317725724089,1.40025395566932e-07,LDLR
D1,Primary,TNFA_SIGNALING_VIA_NFKB,2.06317725724089,1.40025395566932e-07,ETS2
D1,Primary,TNFA_SIGNALING_VIA_NFKB,2.06317725724089,1.40025395566932e-07,PLPP3
D1,Primary,TNFA_SIGNALING_VIA_NFKB,2.06317725724089,1.40025395566932e-07,TRIB1
D1,Primary,TNFA_SIGNALING_VIA_NFKB,2.06317725724089,1.40025395566932e-07,NFKBIA
D1,Primary,TNFA_SIGNALING_VIA_NFKB,2.06317725724089,1.40025395566932e-07,TGIF1
D1,Primary,TNFA_SIGNALING_VIA_NFKB,2.06317725724089,1.40025395566932e-07,PFKFB3
D1,Primary,TNFA_SIGNALING_VIA_NFKB,2.06317725724089,1.40025395566932e-07,TNIP1
D1,Primary,TNFA_SIGNALING_VIA_NFKB,2.06317725724089,1.40025395566932e-07,PNRC1
D1,Primary,TNFA_SIGNALING_VIA_NFKB,2.06317725724089,1.40025395566932e-07,SDC4
D1,Primary,TNFA_SIGNALING_VIA_NFKB,2.06317725724089,1.40025395566932e-07,MAP2K3
D1,Primary,TNFA_SIGNALING_VIA_NFKB,2.06317725724089,1.40025395566932e-07,NFIL3
D1,Primary,TNFA_SIGNALING_VIA_NFKB,2.06317725724089,1.40025395566932e-07,PLAU
D1,Primary,TNFA_SIGNALING_VIA_NFKB,2.06317725724089,1.40025395566932e-07,HBEGF
D1,Primary,TNFA_SIGNALING_VIA_NFKB,2.06317725724089,1.40025395566932e-07,PHLDA1
D1,Primary,TNFA_SIGNALING_VIA_NFKB,2.06317725724089,1.40025395566932e-07,PTX3
D1,Primary,TNFA_SIGNALING_VIA_NFKB,2.06317725724089,1.40025395566932e-07,KLF6
D1,Primary,TNFA_SIGNALING_VIA_NFKB,2.06317725724089,1.40025395566932e-07,B4GALT5
D1,Primary,TNFA_SIGNALING_VIA_NFKB,2.06317725724089,1.40025395566932e-07,DENND5A
D1,Primary,TNFA_SIGNALING_VIA_NFKB,2.06317725724089,1.40025395566932e-07,TUBB2A
D1,Primary,TNFA_SIGNALING_VIA_NFKB,2.06317725724089,1.40025395566932e-07,SLC2A3
D1,Primary,TNFA_SIGNALING_VIA_NFKB,2.06317725724089,1.40025395566932e-07,PPP1R15A
D1,Primary,TNFA_SIGNALING_VIA_NFKB,2.06317725724089,1.40025395566932e-07,GADD45B
D1,Primary,TNFA_SIGNALING_VIA_NFKB,2.06317725724089,1.40025395566932e-07,CSF1
D1,Primary,TNFA_SIGNALING_VIA_NFKB,2.06317725724089,1.40025395566932e-07,SERPINE1
D1,Primary,TNFA_SIGNALING_VIA_NFKB,2.06317725724089,1.40025395566932e-07,TNFAIP3
D1,Primary,TNFA_SIGNALING_VIA_NFKB,2.06317725724089,1.40025395566932e-07,INHBA
D1,Primary,TNFA_SIGNALING_VIA_NFKB,2.06317725724089,1.40025395566932e-07,MARCKS
D1,Primary,TNFA_SIGNALING_VIA_NFKB,2.06317725724089,1.40025395566932e-07,FOSL2
D1,Primary,TNFA_SIGNALING_VIA_NFKB,2.06317725724089,1.40025395566932e-07,GADD45A
D1,Primary,TNFA_SIGNALING_VIA_NFKB,2.06317725724089,1.40025395566932e-07,B4GALT1
D1,Primary,TNFA_SIGNALING_VIA_NFKB,2.06317725724089,1.40025395566932e-07,MXD1
D1,Primary,TNFA_SIGNALING_VIA_NFKB,2.06317725724089,1.40025395566932e-07,RCAN1
D1,Primary,TNFA_SIGNALING_VIA_NFKB,2.06317725724089,1.40025395566932e-07,RELB
D1,Primary,TNFA_SIGNALING_VIA_NFKB,2.06317725724089,1.40025395566932e-07,EFNA1
D1,Primary,TNFA_SIGNALING_VIA_NFKB,2.06317725724089,1.40025395566932e-07,EHD1
D1,Primary,TNFA_SIGNALING_VIA_NFKB,2.06317725724089,1.40025395566932e-07,BCL3
D1,Primary,TNFA_SIGNALING_VIA_NFKB,2.06317725724089,1.40025395566932e-07,NFKB2
D1,Primary,TNFA_SIGNALING_VIA_NFKB,2.06317725724089,1.40025395566932e-07,CFLAR
D1,Primary,TNFA_SIGNALING_VIA_NFKB,2.06317725724089,1.40025395566932e-07,KDM6B
D1,Primary,TNFA_SIGNALING_VIA_NFKB,2.06317725724089,1.40025395566932e-07,SQSTM1
D1,Primary,TNFA_SIGNALING_VIA_NFKB,2.06317725724089,1.40025395566932e-07,RELA
D1,Primary,TNFA_SIGNALING_VIA_NFKB,2.06317725724089,1.40025395566932e-07,BCL2A1
D1,Primary,TNFA_SIGNALING_VIA_NFKB,2.06317725724089,1.40025395566932e-07,MAP3K8
D1,Primary,TNFA_SIGNALING_VIA_NFKB,2.06317725724089,1.40025395566932e-07,PTPRE
D1,Primary,TNFA_SIGNALING_VIA_NFKB,2.06317725724089,1.40025395566932e-07,G0S2
D1,Primary,TNFA_SIGNALING_VIA_NFKB,2.06317725724089,1.40025395566932e-07,JUNB
D1,Primary,TNFA_SIGNALING_VIA_NFKB,2.06317725724089,1.40025395566932e-07,NFAT5
D1,Primary,TNFA_SIGNALING_VIA_NFKB,2.06317725724089,1.40025395566932e-07,ID2
D1,Primary,TNFA_SIGNALING_VIA_NFKB,2.06317725724089,1.40025395566932e-07,IFNGR2
D1,Primary,TNFA_SIGNALING_VIA_NFKB,2.06317725724089,1.40025395566932e-07,FOSB
D1,Primary,TNFA_SIGNALING_VIA_NFKB,2.06317725724089,1.40025395566932e-07,IL18
D1,Primary,TNFA_SIGNALING_VIA_NFKB,2.06317725724089,1.40025395566932e-07,SERPINB2
D1,Primary,TNFA_SIGNALING_VIA_NFKB,2.06317725724089,1.40025395566932e-07,TSC22D1
D1,Primary,TNFA_SIGNALING_VIA_NFKB,2.06317725724089,1.40025395566932e-07,NINJ1
D1,Primary,TNFA_SIGNALING_VIA_NFKB,2.06317725724089,1.40025395566932e-07,CCNL1
D1,Primary,TNFA_SIGNALING_VIA_NFKB,2.06317725724089,1.40025395566932e-07,OLR1
D1,Primary,TNFA_SIGNALING_VIA_NFKB,2.06317725724089,1.40025395566932e-07,SPSB1
D1,Primary,TNFA_SIGNALING_VIA_NFKB,2.06317725724089,1.40025395566932e-07,BTG1
D1,Primary,TNFA_SIGNALING_VIA_NFKB,2.06317725724089,1.40025395566932e-07,SNN
D1,Primary,TNFA_SIGNALING_VIA_NFKB,2.06317725724089,1.40025395566932e-07,JUN
D1,Primary,TNFA_SIGNALING_VIA_NFKB,2.06317725724089,1.40025395566932e-07,DUSP2
D1,Primary,TNFA_SIGNALING_VIA_NFKB,2.06317725724089,1.40025395566932e-07,LAMB3
D1,Primary,TNFA_SIGNALING_VIA_NFKB,2.06317725724089,1.40025395566932e-07,CDKN1A
D1,Primary,TNFA_SIGNALING_VIA_NFKB,2.06317725724089,1.40025395566932e-07,NFKB1
D1,Primary,TNFA_SIGNALING_VIA_NFKB,2.06317725724089,1.40025395566932e-07,EGR1
D1,Primary,TNFA_SIGNALING_VIA_NFKB,2.06317725724089,1.40025395566932e-07,CEBPD
D1,Primary,TNFA_SIGNALING_VIA_NFKB,2.06317725724089,1.40025395566932e-07,SOCS3
D1,Primary,TNFA_SIGNALING_VIA_NFKB,2.06317725724089,1.40025395566932e-07,TIPARP
D1,Primary,TNFA_SIGNALING_VIA_NFKB,2.06317725724089,1.40025395566932e-07,ZFP36
D1,Primary,TNFA_SIGNALING_VIA_NFKB,2.06317725724089,1.40025395566932e-07,DUSP1
D1,Primary,TNFA_SIGNALING_VIA_NFKB,2.06317725724089,1.40025395566932e-07,EIF1
D1,Primary,TNFA_SIGNALING_VIA_NFKB,2.06317725724089,1.40025395566932e-07,CEBPB
D1,Primary,TNFA_SIGNALING_VIA_NFKB,2.06317725724089,1.40025395566932e-07,STAT5A
D1,Primary,TNFA_SIGNALING_VIA_NFKB,2.06317725724089,1.40025395566932e-07,PANX1
D1,Primary,TNFA_SIGNALING_VIA_NFKB,2.06317725724089,1.40025395566932e-07,BTG3
D1,Primary,TNFA_SIGNALING_VIA_NFKB,2.06317725724089,1.40025395566932e-07,DNAJB4
D1,Primary,UNFOLDED_PROTEIN_RESPONSE,0.89876793939978,0.717895685600363,VEGFA
D1,Primary,UNFOLDED_PROTEIN_RESPONSE,0.89876793939978,0.717895685600363,ERN1
D1,Primary,UNFOLDED_PROTEIN_RESPONSE,0.89876793939978,0.717895685600363,DDIT4
D1,Primary,UNFOLDED_PROTEIN_RESPONSE,0.89876793939978,0.717895685600363,ATF4
D1,Primary,UNFOLDED_PROTEIN_RESPONSE,0.89876793939978,0.717895685600363,SLC7A5
D1,Primary,UNFOLDED_PROTEIN_RESPONSE,0.89876793939978,0.717895685600363,WIPI1
D1,Primary,UNFOLDED_PROTEIN_RESPONSE,0.89876793939978,0.717895685600363,TUBB2A
D1,Primary,UNFOLDED_PROTEIN_RESPONSE,0.89876793939978,0.717895685600363,EXOSC4
D1,Primary,UNFOLDED_PROTEIN_RESPONSE,0.89876793939978,0.717895685600363,PSAT1
D1,Primary,UNFOLDED_PROTEIN_RESPONSE,0.89876793939978,0.717895685600363,SHC1
D1,Primary,UNFOLDED_PROTEIN_RESPONSE,0.89876793939978,0.717895685600363,PDIA5
D1,Primary,UNFOLDED_PROTEIN_RESPONSE,0.89876793939978,0.717895685600363,DNAJB9
D1,Primary,UNFOLDED_PROTEIN_RESPONSE,0.89876793939978,0.717895685600363,ASNS
D1,Primary,UV_RESPONSE_DN,1.55039591502803,0.0104978123477487,LDLR
D1,Primary,UV_RESPONSE_DN,1.55039591502803,0.0104978123477487,PLPP3
D1,Primary,UV_RESPONSE_DN,1.55039591502803,0.0104978123477487,VLDLR
D1,Primary,UV_RESPONSE_DN,1.55039591502803,0.0104978123477487,IGF1R
D1,Primary,UV_RESPONSE_DN,1.55039591502803,0.0104978123477487,TFPI
D1,Primary,UV_RESPONSE_DN,1.55039591502803,0.0104978123477487,ITGB3
D1,Primary,UV_RESPONSE_DN,1.55039591502803,0.0104978123477487,FHL2
D1,Primary,UV_RESPONSE_DN,1.55039591502803,0.0104978123477487,LTBP1
D1,Primary,UV_RESPONSE_DN,1.55039591502803,0.0104978123477487,PIAS3
D1,Primary,UV_RESPONSE_DN,1.55039591502803,0.0104978123477487,PTGFR
D1,Primary,UV_RESPONSE_DN,1.55039591502803,0.0104978123477487,MAP1B
D1,Primary,UV_RESPONSE_DN,1.55039591502803,0.0104978123477487,SYNE1
D1,Primary,UV_RESPONSE_DN,1.55039591502803,0.0104978123477487,GCNT1
D1,Primary,UV_RESPONSE_DN,1.55039591502803,0.0104978123477487,MT1E
D1,Primary,UV_RESPONSE_DN,1.55039591502803,0.0104978123477487,SLC7A1
D1,Primary,UV_RESPONSE_DN,1.55039591502803,0.0104978123477487,KIT
D1,Primary,UV_RESPONSE_DN,1.55039591502803,0.0104978123477487,CDC42BPA
D1,Primary,UV_RESPONSE_DN,1.55039591502803,0.0104978123477487,PRKCA
D1,Primary,UV_RESPONSE_DN,1.55039591502803,0.0104978123477487,SERPINE1
D1,Primary,UV_RESPONSE_DN,1.55039591502803,0.0104978123477487,NFIB
D1,Primary,UV_RESPONSE_DN,1.55039591502803,0.0104978123477487,APBB2
D1,Primary,UV_RESPONSE_DN,1.55039591502803,0.0104978123477487,MGLL
D1,Primary,UV_RESPONSE_DN,1.55039591502803,0.0104978123477487,PPARG
D1,Primary,UV_RESPONSE_DN,1.55039591502803,0.0104978123477487,PRKCE
D1,Primary,UV_RESPONSE_DN,1.55039591502803,0.0104978123477487,MAPK14
D1,Primary,UV_RESPONSE_DN,1.55039591502803,0.0104978123477487,SRI
D1,Primary,UV_RESPONSE_DN,1.55039591502803,0.0104978123477487,ID1
D1,Primary,UV_RESPONSE_DN,1.55039591502803,0.0104978123477487,RXRA
D1,Primary,UV_RESPONSE_DN,1.55039591502803,0.0104978123477487,PRKAR2B
D1,Primary,UV_RESPONSE_DN,1.55039591502803,0.0104978123477487,ICA1
D1,Primary,UV_RESPONSE_DN,1.55039591502803,0.0104978123477487,SCN8A
D1,Primary,UV_RESPONSE_UP,1.61682753167734,0.00368661358510196,MAOA
D1,Primary,UV_RESPONSE_UP,1.61682753167734,0.00368661358510196,FURIN
D1,Primary,UV_RESPONSE_UP,1.61682753167734,0.00368661358510196,ALAS1
D1,Primary,UV_RESPONSE_UP,1.61682753167734,0.00368661358510196,CCND3
D1,Primary,UV_RESPONSE_UP,1.61682753167734,0.00368661358510196,NFKBIA
D1,Primary,UV_RESPONSE_UP,1.61682753167734,0.00368661358510196,TUBA4A
D1,Primary,UV_RESPONSE_UP,1.61682753167734,0.00368661358510196,CA2
D1,Primary,UV_RESPONSE_UP,1.61682753167734,0.00368661358510196,KCNH2
D1,Primary,UV_RESPONSE_UP,1.61682753167734,0.00368661358510196,CHKA
D1,Primary,UV_RESPONSE_UP,1.61682753167734,0.00368661358510196,ARRB2
D1,Primary,UV_RESPONSE_UP,1.61682753167734,0.00368661358510196,SLC6A8
D1,Primary,UV_RESPONSE_UP,1.61682753167734,0.00368661358510196,ALDOA
D1,Primary,UV_RESPONSE_UP,1.61682753167734,0.00368661358510196,TFRC
D1,Primary,UV_RESPONSE_UP,1.61682753167734,0.00368661358510196,APOM
D1,Primary,UV_RESPONSE_UP,1.61682753167734,0.00368661358510196,CCNE1
D1,Primary,UV_RESPONSE_UP,1.61682753167734,0.00368661358510196,RET
D1,Primary,UV_RESPONSE_UP,1.61682753167734,0.00368661358510196,CDC34
D1,Primary,UV_RESPONSE_UP,1.61682753167734,0.00368661358510196,GRINA
D1,Primary,UV_RESPONSE_UP,1.61682753167734,0.00368661358510196,ASNS
D1,Primary,UV_RESPONSE_UP,1.61682753167734,0.00368661358510196,AGO2
D1,Primary,UV_RESPONSE_UP,1.61682753167734,0.00368661358510196,PRKCD
D1,Primary,UV_RESPONSE_UP,1.61682753167734,0.00368661358510196,SQSTM1
D1,Primary,UV_RESPONSE_UP,1.61682753167734,0.00368661358510196,GGH
D1,Primary,UV_RESPONSE_UP,1.61682753167734,0.00368661358510196,JUNB
D1,Primary,UV_RESPONSE_UP,1.61682753167734,0.00368661358510196,FEN1
D1,Primary,UV_RESPONSE_UP,1.61682753167734,0.00368661358510196,GRPEL1
D1,Primary,UV_RESPONSE_UP,1.61682753167734,0.00368661358510196,PDAP1
D1,Primary,UV_RESPONSE_UP,1.61682753167734,0.00368661358510196,GPX3
D1,Primary,UV_RESPONSE_UP,1.61682753167734,0.00368661358510196,FOSB
D1,Primary,UV_RESPONSE_UP,1.61682753167734,0.00368661358510196,EPHX1
D1,Primary,UV_RESPONSE_UP,1.61682753167734,0.00368661358510196,HSPA13
D1,Primary,UV_RESPONSE_UP,1.61682753167734,0.00368661358510196,BSG
D1,Primary,UV_RESPONSE_UP,1.61682753167734,0.00368661358510196,WIZ
D1,Primary,UV_RESPONSE_UP,1.61682753167734,0.00368661358510196,ACAA1
D1,Primary,UV_RESPONSE_UP,1.61682753167734,0.00368661358510196,YKT6
D1,Primary,UV_RESPONSE_UP,1.61682753167734,0.00368661358510196,BTG1
D1,Primary,UV_RESPONSE_UP,1.61682753167734,0.00368661358510196,RXRB
D1,Primary,UV_RESPONSE_UP,1.61682753167734,0.00368661358510196,AP2S1
D1,Primary,UV_RESPONSE_UP,1.61682753167734,0.00368661358510196,UROD
D1,Primary,UV_RESPONSE_UP,1.61682753167734,0.00368661358510196,DLG4
D1,Primary,UV_RESPONSE_UP,1.61682753167734,0.00368661358510196,MARK2
D1,Primary,UV_RESPONSE_UP,1.61682753167734,0.00368661358510196,ATP6V1C1
D1,Primary,UV_RESPONSE_UP,1.61682753167734,0.00368661358510196,STARD3
D1,Primary,UV_RESPONSE_UP,1.61682753167734,0.00368661358510196,NXF1
D1,Primary,UV_RESPONSE_UP,1.61682753167734,0.00368661358510196,CDK2
D1,Primary,UV_RESPONSE_UP,1.61682753167734,0.00368661358510196,BTG3
D1,Primary,UV_RESPONSE_UP,1.61682753167734,0.00368661358510196,RAB27A
D1,Primary,UV_RESPONSE_UP,1.61682753167734,0.00368661358510196,PRPF3
D1,Primary,UV_RESPONSE_UP,1.61682753167734,0.00368661358510196,CYB5R1
D1,Primary,UV_RESPONSE_UP,1.61682753167734,0.00368661358510196,ICAM1
D1,Primary,UV_RESPONSE_UP,1.61682753167734,0.00368661358510196,DNAJA1
D1,Primary,UV_RESPONSE_UP,1.61682753167734,0.00368661358510196,IL6ST
D1,Primary,UV_RESPONSE_UP,1.61682753167734,0.00368661358510196,BMP2
D1,Primary,UV_RESPONSE_UP,1.61682753167734,0.00368661358510196,BTG2
D1,Primary,UV_RESPONSE_UP,1.61682753167734,0.00368661358510196,ATP6V1F
D1,Primary,UV_RESPONSE_UP,1.61682753167734,0.00368661358510196,CLTB
D1,Primary,UV_RESPONSE_UP,1.61682753167734,0.00368661358510196,PPIF
D1,Primary,UV_RESPONSE_UP,1.61682753167734,0.00368661358510196,IRF1
D1,Primary,UV_RESPONSE_UP,1.61682753167734,0.00368661358510196,CDKN2B
D1,Primary,UV_RESPONSE_UP,1.61682753167734,0.00368661358510196,FOS
D1,Primary,UV_RESPONSE_UP,1.61682753167734,0.00368661358510196,DNAJB1
D1,Primary,UV_RESPONSE_UP,1.61682753167734,0.00368661358510196,PRKACA
D1,Primary,UV_RESPONSE_UP,1.61682753167734,0.00368661358510196,H2AX
D1,Primary,UV_RESPONSE_UP,1.61682753167734,0.00368661358510196,SULT1A1
D1,Primary,UV_RESPONSE_UP,1.61682753167734,0.00368661358510196,CREG1
D1,Primary,UV_RESPONSE_UP,1.61682753167734,0.00368661358510196,CLCN2
D1,Primary,UV_RESPONSE_UP,1.61682753167734,0.00368661358510196,LYN
D1,Primary,UV_RESPONSE_UP,1.61682753167734,0.00368661358510196,MGAT1
D1,Primary,WNT_BETA_CATENIN_SIGNALING,-1.0839052513637,0.397028803131991,SKP2
D1,Primary,WNT_BETA_CATENIN_SIGNALING,-1.0839052513637,0.397028803131991,LEF1
D1,Primary,WNT_BETA_CATENIN_SIGNALING,-1.0839052513637,0.397028803131991,CUL1
D1,Primary,WNT_BETA_CATENIN_SIGNALING,-1.0839052513637,0.397028803131991,HDAC2
D1,Primary,WNT_BETA_CATENIN_SIGNALING,-1.0839052513637,0.397028803131991,PSEN2
D1,Primary,WNT_BETA_CATENIN_SIGNALING,-1.0839052513637,0.397028803131991,AXIN2
D1,Primary,WNT_BETA_CATENIN_SIGNALING,-1.0839052513637,0.397028803131991,CCND2
D1,Primary,WNT_BETA_CATENIN_SIGNALING,-1.0839052513637,0.397028803131991,PPARD
D1,Primary,WNT_BETA_CATENIN_SIGNALING,-1.0839052513637,0.397028803131991,KAT2A
D1,Primary,WNT_BETA_CATENIN_SIGNALING,-1.0839052513637,0.397028803131991,FZD1
D1,Primary,WNT_BETA_CATENIN_SIGNALING,-1.0839052513637,0.397028803131991,PTCH1
D1,Primary,WNT_BETA_CATENIN_SIGNALING,-1.0839052513637,0.397028803131991,MYC
D1,Primary,WNT_BETA_CATENIN_SIGNALING,-1.0839052513637,0.397028803131991,NOTCH4
D1,Primary,WNT_BETA_CATENIN_SIGNALING,-1.0839052513637,0.397028803131991,TP53
D1,Primary,XENOBIOTIC_METABOLISM,1.41988837580449,0.0259649626897009,GABARAPL1
D1,Primary,XENOBIOTIC_METABOLISM,1.41988837580449,0.0259649626897009,SMOX
D1,Primary,XENOBIOTIC_METABOLISM,1.41988837580449,0.0259649626897009,MAOA
D1,Primary,XENOBIOTIC_METABOLISM,1.41988837580449,0.0259649626897009,TPST1
D1,Primary,XENOBIOTIC_METABOLISM,1.41988837580449,0.0259649626897009,ALAS1
D1,Primary,XENOBIOTIC_METABOLISM,1.41988837580449,0.0259649626897009,ETS2
D1,Primary,XENOBIOTIC_METABOLISM,1.41988837580449,0.0259649626897009,RAP1GAP
D1,Primary,XENOBIOTIC_METABOLISM,1.41988837580449,0.0259649626897009,CA2
D1,Primary,XENOBIOTIC_METABOLISM,1.41988837580449,0.0259649626897009,ARG1
D1,Primary,XENOBIOTIC_METABOLISM,1.41988837580449,0.0259649626897009,HES6
D1,Primary,XENOBIOTIC_METABOLISM,1.41988837580449,0.0259649626897009,UPP1
D1,Primary,XENOBIOTIC_METABOLISM,1.41988837580449,0.0259649626897009,DDAH2
D1,Primary,XENOBIOTIC_METABOLISM,1.41988837580449,0.0259649626897009,ARG2
D1,Primary,XENOBIOTIC_METABOLISM,1.41988837580449,0.0259649626897009,PINK1
D1,Primary,XENOBIOTIC_METABOLISM,1.41988837580449,0.0259649626897009,PGD
D1,Primary,XENOBIOTIC_METABOLISM,1.41988837580449,0.0259649626897009,SERPINE1
D1,Primary,XENOBIOTIC_METABOLISM,1.41988837580449,0.0259649626897009,SLC6A6
D1,Primary,XENOBIOTIC_METABOLISM,1.41988837580449,0.0259649626897009,MARCHF6
D1,Primary,XENOBIOTIC_METABOLISM,1.41988837580449,0.0259649626897009,SLC1A5
D1,Primary,XENOBIOTIC_METABOLISM,1.41988837580449,0.0259649626897009,VNN1
D1,Primary,XENOBIOTIC_METABOLISM,1.41988837580449,0.0259649626897009,ABCC3
D1,Primary,XENOBIOTIC_METABOLISM,1.41988837580449,0.0259649626897009,GSR
D1,Primary,XENOBIOTIC_METABOLISM,1.41988837580449,0.0259649626897009,FAH
D1,Primary,XENOBIOTIC_METABOLISM,1.41988837580449,0.0259649626897009,CDA
D1,Primary,XENOBIOTIC_METABOLISM,1.41988837580449,0.0259649626897009,SLC22A1
D1,Primary,XENOBIOTIC_METABOLISM,1.41988837580449,0.0259649626897009,NQO1
D1,Primary,XENOBIOTIC_METABOLISM,1.41988837580449,0.0259649626897009,PROS1
D1,Primary,XENOBIOTIC_METABOLISM,1.41988837580449,0.0259649626897009,LPIN2
D1,Primary,XENOBIOTIC_METABOLISM,1.41988837580449,0.0259649626897009,ESR1
D1,Primary,XENOBIOTIC_METABOLISM,1.41988837580449,0.0259649626897009,PTGR1
D1,Primary,XENOBIOTIC_METABOLISM,1.41988837580449,0.0259649626897009,MT2A
D1,Primary,XENOBIOTIC_METABOLISM,1.41988837580449,0.0259649626897009,IL1R1
D1,Primary,XENOBIOTIC_METABOLISM,1.41988837580449,0.0259649626897009,CES1
D1,Primary,XENOBIOTIC_METABOLISM,1.41988837580449,0.0259649626897009,ID2
D1,Primary,XENOBIOTIC_METABOLISM,1.41988837580449,0.0259649626897009,POR
D1,Primary,XENOBIOTIC_METABOLISM,1.41988837580449,0.0259649626897009,ENTPD5
D1,Primary,XENOBIOTIC_METABOLISM,1.41988837580449,0.0259649626897009,EPHX1
D1,Primary,XENOBIOTIC_METABOLISM,1.41988837580449,0.0259649626897009,ASL
D1,Primary,XENOBIOTIC_METABOLISM,1.41988837580449,0.0259649626897009,NINJ1
D1,Primary,XENOBIOTIC_METABOLISM,1.41988837580449,0.0259649626897009,CSAD
D1,PH_pass,ADIPOGENESIS,1.1298720768249,0.306433823529412,BCL6
D1,PH_pass,ADIPOGENESIS,1.1298720768249,0.306433823529412,ITGA7
D1,PH_pass,ADIPOGENESIS,1.1298720768249,0.306433823529412,GPAT4
D1,PH_pass,ADIPOGENESIS,1.1298720768249,0.306433823529412,PGM1
D1,PH_pass,ADIPOGENESIS,1.1298720768249,0.306433823529412,PFKFB3
D1,PH_pass,ADIPOGENESIS,1.1298720768249,0.306433823529412,DHCR7
D1,PH_pass,ADIPOGENESIS,1.1298720768249,0.306433823529412,CAVIN1
D1,PH_pass,ADIPOGENESIS,1.1298720768249,0.306433823529412,MYLK
D1,PH_pass,ADIPOGENESIS,1.1298720768249,0.306433823529412,SORBS1
D1,PH_pass,ADIPOGENESIS,1.1298720768249,0.306433823529412,ADIPOR2
D1,PH_pass,ADIPOGENESIS,1.1298720768249,0.306433823529412,ALDOA
D1,PH_pass,ADIPOGENESIS,1.1298720768249,0.306433823529412,ORM1
D1,PH_pass,ADIPOGENESIS,1.1298720768249,0.306433823529412,STOM
D1,PH_pass,ADIPOGENESIS,1.1298720768249,0.306433823529412,ADCY6
D1,PH_pass,ADIPOGENESIS,1.1298720768249,0.306433823529412,TOB1
D1,PH_pass,ADIPOGENESIS,1.1298720768249,0.306433823529412,SLC1A5
D1,PH_pass,ADIPOGENESIS,1.1298720768249,0.306433823529412,GADD45A
D1,PH_pass,ADIPOGENESIS,1.1298720768249,0.306433823529412,MGLL
D1,PH_pass,ADIPOGENESIS,1.1298720768249,0.306433823529412,FAH
D1,PH_pass,ADIPOGENESIS,1.1298720768249,0.306433823529412,PPARG
D1,PH_pass,ADIPOGENESIS,1.1298720768249,0.306433823529412,DNAJB9
D1,PH_pass,ADIPOGENESIS,1.1298720768249,0.306433823529412,CD151
D1,PH_pass,ADIPOGENESIS,1.1298720768249,0.306433823529412,PLIN2
D1,PH_pass,ADIPOGENESIS,1.1298720768249,0.306433823529412,GBE1
D1,PH_pass,ADIPOGENESIS,1.1298720768249,0.306433823529412,ITSN1
D1,PH_pass,ADIPOGENESIS,1.1298720768249,0.306433823529412,PIM3
D1,PH_pass,ADIPOGENESIS,1.1298720768249,0.306433823529412,BAZ2A
D1,PH_pass,ADIPOGENESIS,1.1298720768249,0.306433823529412,SLC25A10
D1,PH_pass,ADIPOGENESIS,1.1298720768249,0.306433823529412,GPX4
D1,PH_pass,ADIPOGENESIS,1.1298720768249,0.306433823529412,ELOVL6
D1,PH_pass,ADIPOGENESIS,1.1298720768249,0.306433823529412,MIGA2
D1,PH_pass,ADIPOGENESIS,1.1298720768249,0.306433823529412,GRPEL1
D1,PH_pass,ADIPOGENESIS,1.1298720768249,0.306433823529412,RETN
D1,PH_pass,ADIPOGENESIS,1.1298720768249,0.306433823529412,POR
D1,PH_pass,ADIPOGENESIS,1.1298720768249,0.306433823529412,GPX3
D1,PH_pass,ADIPOGENESIS,1.1298720768249,0.306433823529412,PPP1R15B
D1,PH_pass,ADIPOGENESIS,1.1298720768249,0.306433823529412,CAVIN2
D1,PH_pass,ADIPOGENESIS,1.1298720768249,0.306433823529412,CRAT
D1,PH_pass,ADIPOGENESIS,1.1298720768249,0.306433823529412,UCK1
D1,PH_pass,ADIPOGENESIS,1.1298720768249,0.306433823529412,RTN3
D1,PH_pass,ADIPOGENESIS,1.1298720768249,0.306433823529412,BCKDHA
D1,PH_pass,ADIPOGENESIS,1.1298720768249,0.306433823529412,SQOR
D1,PH_pass,ADIPOGENESIS,1.1298720768249,0.306433823529412,CDKN2C
D1,PH_pass,ADIPOGENESIS,1.1298720768249,0.306433823529412,TKT
D1,PH_pass,ALLOGRAFT_REJECTION,-1.78476052213601,9.93875061733043e-05,HLA-DMB
D1,PH_pass,ALLOGRAFT_REJECTION,-1.78476052213601,9.93875061733043e-05,HLA-DRA
D1,PH_pass,ALLOGRAFT_REJECTION,-1.78476052213601,9.93875061733043e-05,HLA-DMA
D1,PH_pass,ALLOGRAFT_REJECTION,-1.78476052213601,9.93875061733043e-05,HLA-DOA
D1,PH_pass,ALLOGRAFT_REJECTION,-1.78476052213601,9.93875061733043e-05,CD4
D1,PH_pass,ALLOGRAFT_REJECTION,-1.78476052213601,9.93875061733043e-05,HDAC9
D1,PH_pass,ALLOGRAFT_REJECTION,-1.78476052213601,9.93875061733043e-05,CTSS
D1,PH_pass,ALLOGRAFT_REJECTION,-1.78476052213601,9.93875061733043e-05,LY86
D1,PH_pass,ALLOGRAFT_REJECTION,-1.78476052213601,9.93875061733043e-05,CD86
D1,PH_pass,ALLOGRAFT_REJECTION,-1.78476052213601,9.93875061733043e-05,TRAT1
D1,PH_pass,ALLOGRAFT_REJECTION,-1.78476052213601,9.93875061733043e-05,EIF3A
D1,PH_pass,ALLOGRAFT_REJECTION,-1.78476052213601,9.93875061733043e-05,CCR2
D1,PH_pass,ALLOGRAFT_REJECTION,-1.78476052213601,9.93875061733043e-05,CD28
D1,PH_pass,ALLOGRAFT_REJECTION,-1.78476052213601,9.93875061733043e-05,LTB
D1,PH_pass,ALLOGRAFT_REJECTION,-1.78476052213601,9.93875061733043e-05,FCGR2B
D1,PH_pass,ALLOGRAFT_REJECTION,-1.78476052213601,9.93875061733043e-05,GZMA
D1,PH_pass,ALLOGRAFT_REJECTION,-1.78476052213601,9.93875061733043e-05,MRPL3
D1,PH_pass,ALLOGRAFT_REJECTION,-1.78476052213601,9.93875061733043e-05,SIT1
D1,PH_pass,ALLOGRAFT_REJECTION,-1.78476052213601,9.93875061733043e-05,CD40LG
D1,PH_pass,ALLOGRAFT_REJECTION,-1.78476052213601,9.93875061733043e-05,LY75
D1,PH_pass,ALLOGRAFT_REJECTION,-1.78476052213601,9.93875061733043e-05,CD1D
D1,PH_pass,ALLOGRAFT_REJECTION,-1.78476052213601,9.93875061733043e-05,TNF
D1,PH_pass,ALLOGRAFT_REJECTION,-1.78476052213601,9.93875061733043e-05,ACVR2A
D1,PH_pass,ALLOGRAFT_REJECTION,-1.78476052213601,9.93875061733043e-05,IRF8
D1,PH_pass,ALLOGRAFT_REJECTION,-1.78476052213601,9.93875061733043e-05,CD3G
D1,PH_pass,ALLOGRAFT_REJECTION,-1.78476052213601,9.93875061733043e-05,RPS3A
D1,PH_pass,ALLOGRAFT_REJECTION,-1.78476052213601,9.93875061733043e-05,CCR5
D1,PH_pass,ALLOGRAFT_REJECTION,-1.78476052213601,9.93875061733043e-05,CD74
D1,PH_pass,ALLOGRAFT_REJECTION,-1.78476052213601,9.93875061733043e-05,CD8B
D1,PH_pass,ALLOGRAFT_REJECTION,-1.78476052213601,9.93875061733043e-05,FASLG
D1,PH_pass,ALLOGRAFT_REJECTION,-1.78476052213601,9.93875061733043e-05,CD47
D1,PH_pass,ALLOGRAFT_REJECTION,-1.78476052213601,9.93875061733043e-05,EIF3D
D1,PH_pass,ALLOGRAFT_REJECTION,-1.78476052213601,9.93875061733043e-05,CD3E
D1,PH_pass,ALLOGRAFT_REJECTION,-1.78476052213601,9.93875061733043e-05,GPR65
D1,PH_pass,ALLOGRAFT_REJECTION,-1.78476052213601,9.93875061733043e-05,CD79A
D1,PH_pass,ALLOGRAFT_REJECTION,-1.78476052213601,9.93875061733043e-05,CCR1
D1,PH_pass,ALLOGRAFT_REJECTION,-1.78476052213601,9.93875061733043e-05,LCK
D1,PH_pass,ALLOGRAFT_REJECTION,-1.78476052213601,9.93875061733043e-05,C2
D1,PH_pass,ALLOGRAFT_REJECTION,-1.78476052213601,9.93875061733043e-05,IL7
D1,PH_pass,ALLOGRAFT_REJECTION,-1.78476052213601,9.93875061733043e-05,CCL4
D1,PH_pass,ALLOGRAFT_REJECTION,-1.78476052213601,9.93875061733043e-05,CD40
D1,PH_pass,ALLOGRAFT_REJECTION,-1.78476052213601,9.93875061733043e-05,CD2
D1,PH_pass,ALLOGRAFT_REJECTION,-1.78476052213601,9.93875061733043e-05,HLA-DQA1
D1,PH_pass,ALLOGRAFT_REJECTION,-1.78476052213601,9.93875061733043e-05,IL27RA
D1,PH_pass,ALLOGRAFT_REJECTION,-1.78476052213601,9.93875061733043e-05,CD8A
D1,PH_pass,ALLOGRAFT_REJECTION,-1.78476052213601,9.93875061733043e-05,KLRD1
D1,PH_pass,ALLOGRAFT_REJECTION,-1.78476052213601,9.93875061733043e-05,CD3D
D1,PH_pass,ALLOGRAFT_REJECTION,-1.78476052213601,9.93875061733043e-05,HLA-DOB
D1,PH_pass,ALLOGRAFT_REJECTION,-1.78476052213601,9.93875061733043e-05,IL1B
D1,PH_pass,ALLOGRAFT_REJECTION,-1.78476052213601,9.93875061733043e-05,IL2RA
D1,PH_pass,ALLOGRAFT_REJECTION,-1.78476052213601,9.93875061733043e-05,TAP2
D1,PH_pass,ALLOGRAFT_REJECTION,-1.78476052213601,9.93875061733043e-05,ABCE1
D1,PH_pass,ALLOGRAFT_REJECTION,-1.78476052213601,9.93875061733043e-05,RPL39
D1,PH_pass,ALLOGRAFT_REJECTION,-1.78476052213601,9.93875061733043e-05,MAP3K7
D1,PH_pass,ALLOGRAFT_REJECTION,-1.78476052213601,9.93875061733043e-05,CD247
D1,PH_pass,ALLOGRAFT_REJECTION,-1.78476052213601,9.93875061733043e-05,CXCR3
D1,PH_pass,ALLOGRAFT_REJECTION,-1.78476052213601,9.93875061733043e-05,MTIF2
D1,PH_pass,ALLOGRAFT_REJECTION,-1.78476052213601,9.93875061733043e-05,IL15
D1,PH_pass,ALLOGRAFT_REJECTION,-1.78476052213601,9.93875061733043e-05,ITK
D1,PH_pass,ALLOGRAFT_REJECTION,-1.78476052213601,9.93875061733043e-05,IL2RB
D1,PH_pass,ALLOGRAFT_REJECTION,-1.78476052213601,9.93875061733043e-05,APBB1
D1,PH_pass,ALLOGRAFT_REJECTION,-1.78476052213601,9.93875061733043e-05,CRTAM
D1,PH_pass,ALLOGRAFT_REJECTION,-1.78476052213601,9.93875061733043e-05,RIPK2
D1,PH_pass,ALLOGRAFT_REJECTION,-1.78476052213601,9.93875061733043e-05,PSMB10
D1,PH_pass,ALLOGRAFT_REJECTION,-1.78476052213601,9.93875061733043e-05,RPS19
D1,PH_pass,ALLOGRAFT_REJECTION,-1.78476052213601,9.93875061733043e-05,TLR6
D1,PH_pass,ANDROGEN_RESPONSE,1.35374841695735,0.0831075019623967,NDRG1
D1,PH_pass,ANDROGEN_RESPONSE,1.35374841695735,0.0831075019623967,CAMKK2
D1,PH_pass,ANDROGEN_RESPONSE,1.35374841695735,0.0831075019623967,CCND3
D1,PH_pass,ANDROGEN_RESPONSE,1.35374841695735,0.0831075019623967,FKBP5
D1,PH_pass,ANDROGEN_RESPONSE,1.35374841695735,0.0831075019623967,ACTN1
D1,PH_pass,ANDROGEN_RESPONSE,1.35374841695735,0.0831075019623967,CDC14B
D1,PH_pass,ANDROGEN_RESPONSE,1.35374841695735,0.0831075019623967,ANKH
D1,PH_pass,ANDROGEN_RESPONSE,1.35374841695735,0.0831075019623967,SCD
D1,PH_pass,ANDROGEN_RESPONSE,1.35374841695735,0.0831075019623967,H1-0
D1,PH_pass,ANDROGEN_RESPONSE,1.35374841695735,0.0831075019623967,ABCC4
D1,PH_pass,ANDROGEN_RESPONSE,1.35374841695735,0.0831075019623967,GSR
D1,PH_pass,ANDROGEN_RESPONSE,1.35374841695735,0.0831075019623967,DHCR24
D1,PH_pass,ANDROGEN_RESPONSE,1.35374841695735,0.0831075019623967,B4GALT1
D1,PH_pass,ANDROGEN_RESPONSE,1.35374841695735,0.0831075019623967,CENPN
D1,PH_pass,ANDROGEN_RESPONSE,1.35374841695735,0.0831075019623967,DNAJB9
D1,PH_pass,ANDROGEN_RESPONSE,1.35374841695735,0.0831075019623967,ELL2
D1,PH_pass,ANDROGEN_RESPONSE,1.35374841695735,0.0831075019623967,PTK2B
D1,PH_pass,ANDROGEN_RESPONSE,1.35374841695735,0.0831075019623967,ARID5B
D1,PH_pass,ANDROGEN_RESPONSE,1.35374841695735,0.0831075019623967,SLC38A2
D1,PH_pass,ANDROGEN_RESPONSE,1.35374841695735,0.0831075019623967,PA2G4
D1,PH_pass,ANDROGEN_RESPONSE,1.35374841695735,0.0831075019623967,SRF
D1,PH_pass,ANDROGEN_RESPONSE,1.35374841695735,0.0831075019623967,MERTK
D1,PH_pass,ANDROGEN_RESPONSE,1.35374841695735,0.0831075019623967,TSC22D1
D1,PH_pass,ANDROGEN_RESPONSE,1.35374841695735,0.0831075019623967,FADS1
D1,PH_pass,ANGIOGENESIS,1.84411087857495,0.00481502873988977,VEGFA
D1,PH_pass,ANGIOGENESIS,1.84411087857495,0.00481502873988977,FGFR1
D1,PH_pass,ANGIOGENESIS,1.84411087857495,0.00481502873988977,PF4
D1,PH_pass,ANGIOGENESIS,1.84411087857495,0.00481502873988977,FSTL1
D1,PH_pass,ANGIOGENESIS,1.84411087857495,0.00481502873988977,PDGFA
D1,PH_pass,ANGIOGENESIS,1.84411087857495,0.00481502873988977,PGLYRP1
D1,PH_pass,ANGIOGENESIS,1.84411087857495,0.00481502873988977,APP
D1,PH_pass,ANGIOGENESIS,1.84411087857495,0.00481502873988977,LRPAP1
D1,PH_pass,ANGIOGENESIS,1.84411087857495,0.00481502873988977,TIMP1
D1,PH_pass,ANGIOGENESIS,1.84411087857495,0.00481502873988977,PTK2
D1,PH_pass,ANGIOGENESIS,1.84411087857495,0.00481502873988977,OLR1
D1,PH_pass,APICAL_JUNCTION,1.92399023659438,2.83447772221089e-05,MYL9
D1,PH_pass,APICAL_JUNCTION,1.92399023659438,2.83447772221089e-05,TUBG1
D1,PH_pass,APICAL_JUNCTION,1.92399023659438,2.83447772221089e-05,ALOX15B
D1,PH_pass,APICAL_JUNCTION,1.92399023659438,2.83447772221089e-05,VWF
D1,PH_pass,APICAL_JUNCTION,1.92399023659438,2.83447772221089e-05,KCNH2
D1,PH_pass,APICAL_JUNCTION,1.92399023659438,2.83447772221089e-05,COL17A1
D1,PH_pass,APICAL_JUNCTION,1.92399023659438,2.83447772221089e-05,YWHAH
D1,PH_pass,APICAL_JUNCTION,1.92399023659438,2.83447772221089e-05,NF1
D1,PH_pass,APICAL_JUNCTION,1.92399023659438,2.83447772221089e-05,VCL
D1,PH_pass,APICAL_JUNCTION,1.92399023659438,2.83447772221089e-05,ACTN1
D1,PH_pass,APICAL_JUNCTION,1.92399023659438,2.83447772221089e-05,ADAM9
D1,PH_pass,APICAL_JUNCTION,1.92399023659438,2.83447772221089e-05,INPPL1
D1,PH_pass,APICAL_JUNCTION,1.92399023659438,2.83447772221089e-05,MADCAM1
D1,PH_pass,APICAL_JUNCTION,1.92399023659438,2.83447772221089e-05,MMP9
D1,PH_pass,APICAL_JUNCTION,1.92399023659438,2.83447772221089e-05,SYK
D1,PH_pass,APICAL_JUNCTION,1.92399023659438,2.83447772221089e-05,PIK3CB
D1,PH_pass,APICAL_JUNCTION,1.92399023659438,2.83447772221089e-05,IKBKG
D1,PH_pass,APICAL_JUNCTION,1.92399023659438,2.83447772221089e-05,MVD
D1,PH_pass,APICAL_JUNCTION,1.92399023659438,2.83447772221089e-05,RAC2
D1,PH_pass,APICAL_JUNCTION,1.92399023659438,2.83447772221089e-05,CDH1
D1,PH_pass,APICAL_JUNCTION,1.92399023659438,2.83447772221089e-05,SHC1
D1,PH_pass,APICAL_JUNCTION,1.92399023659438,2.83447772221089e-05,CLDN5
D1,PH_pass,APICAL_JUNCTION,1.92399023659438,2.83447772221089e-05,MAP4K2
D1,PH_pass,APICAL_JUNCTION,1.92399023659438,2.83447772221089e-05,RSU1
D1,PH_pass,APICAL_JUNCTION,1.92399023659438,2.83447772221089e-05,ZYX
D1,PH_pass,APICAL_JUNCTION,1.92399023659438,2.83447772221089e-05,ACTB
D1,PH_pass,APICAL_JUNCTION,1.92399023659438,2.83447772221089e-05,B4GALT1
D1,PH_pass,APICAL_JUNCTION,1.92399023659438,2.83447772221089e-05,CNN2
D1,PH_pass,APICAL_JUNCTION,1.92399023659438,2.83447772221089e-05,THBS3
D1,PH_pass,APICAL_JUNCTION,1.92399023659438,2.83447772221089e-05,SIRPA
D1,PH_pass,APICAL_JUNCTION,1.92399023659438,2.83447772221089e-05,ACTG1
D1,PH_pass,APICAL_JUNCTION,1.92399023659438,2.83447772221089e-05,MAPK14
D1,PH_pass,APICAL_JUNCTION,1.92399023659438,2.83447772221089e-05,JAM3
D1,PH_pass,APICAL_JUNCTION,1.92399023659438,2.83447772221089e-05,PCDH1
D1,PH_pass,APICAL_JUNCTION,1.92399023659438,2.83447772221089e-05,ARPC2
D1,PH_pass,APICAL_JUNCTION,1.92399023659438,2.83447772221089e-05,MYH9
D1,PH_pass,APICAL_JUNCTION,1.92399023659438,2.83447772221089e-05,FBN1
D1,PH_pass,APICAL_JUNCTION,1.92399023659438,2.83447772221089e-05,STX4
D1,PH_pass,APICAL_JUNCTION,1.92399023659438,2.83447772221089e-05,VASP
D1,PH_pass,APICAL_JUNCTION,1.92399023659438,2.83447772221089e-05,LDLRAP1
D1,PH_pass,APICAL_JUNCTION,1.92399023659438,2.83447772221089e-05,CD99
D1,PH_pass,APICAL_JUNCTION,1.92399023659438,2.83447772221089e-05,AKT2
D1,PH_pass,APICAL_JUNCTION,1.92399023659438,2.83447772221089e-05,GNAI2
D1,PH_pass,APICAL_JUNCTION,1.92399023659438,2.83447772221089e-05,PTK2
D1,PH_pass,APICAL_JUNCTION,1.92399023659438,2.83447772221089e-05,CAP1
D1,PH_pass,APICAL_JUNCTION,1.92399023659438,2.83447772221089e-05,CLDN9
D1,PH_pass,APICAL_JUNCTION,1.92399023659438,2.83447772221089e-05,MYH10
D1,PH_pass,APICAL_JUNCTION,1.92399023659438,2.83447772221089e-05,SKAP2
D1,PH_pass,APICAL_JUNCTION,1.92399023659438,2.83447772221089e-05,CRAT
D1,PH_pass,APICAL_JUNCTION,1.92399023659438,2.83447772221089e-05,CERCAM
D1,PH_pass,APICAL_JUNCTION,1.92399023659438,2.83447772221089e-05,ADAM15
D1,PH_pass,APICAL_JUNCTION,1.92399023659438,2.83447772221089e-05,PFN1
D1,PH_pass,APICAL_JUNCTION,1.92399023659438,2.83447772221089e-05,LAMB3
D1,PH_pass,APICAL_SURFACE,1.123732026065,0.388985991407145,PCSK9
D1,PH_pass,APICAL_SURFACE,1.123732026065,0.388985991407145,SLC2A4
D1,PH_pass,APICAL_SURFACE,1.123732026065,0.388985991407145,ADIPOR2
D1,PH_pass,APICAL_SURFACE,1.123732026065,0.388985991407145,APP
D1,PH_pass,APICAL_SURFACE,1.123732026065,0.388985991407145,B4GALT1
D1,PH_pass,APICAL_SURFACE,1.123732026065,0.388985991407145,GSTM3
D1,PH_pass,APICAL_SURFACE,1.123732026065,0.388985991407145,FLOT2
D1,PH_pass,APOPTOSIS,1.61783265681897,0.00325541734953384,EREG
D1,PH_pass,APOPTOSIS,1.61783265681897,0.00325541734953384,DDIT3
D1,PH_pass,APOPTOSIS,1.61783265681897,0.00325541734953384,DAP
D1,PH_pass,APOPTOSIS,1.61783265681897,0.00325541734953384,TIMP3
D1,PH_pass,APOPTOSIS,1.61783265681897,0.00325541734953384,IER3
D1,PH_pass,APOPTOSIS,1.61783265681897,0.00325541734953384,ADD1
D1,PH_pass,APOPTOSIS,1.61783265681897,0.00325541734953384,LMNA
D1,PH_pass,APOPTOSIS,1.61783265681897,0.00325541734953384,CLU
D1,PH_pass,APOPTOSIS,1.61783265681897,0.00325541734953384,ANKH
D1,PH_pass,APOPTOSIS,1.61783265681897,0.00325541734953384,AVPR1A
D1,PH_pass,APOPTOSIS,1.61783265681897,0.00325541734953384,GADD45B
D1,PH_pass,APOPTOSIS,1.61783265681897,0.00325541734953384,F2R
D1,PH_pass,APOPTOSIS,1.61783265681897,0.00325541734953384,CTH
D1,PH_pass,APOPTOSIS,1.61783265681897,0.00325541734953384,HMGB2
D1,PH_pass,APOPTOSIS,1.61783265681897,0.00325541734953384,H1-0
D1,PH_pass,APOPTOSIS,1.61783265681897,0.00325541734953384,APP
D1,PH_pass,APOPTOSIS,1.61783265681897,0.00325541734953384,GSN
D1,PH_pass,APOPTOSIS,1.61783265681897,0.00325541734953384,GADD45A
D1,PH_pass,APOPTOSIS,1.61783265681897,0.00325541734953384,CREBBP
D1,PH_pass,APOPTOSIS,1.61783265681897,0.00325541734953384,GSR
D1,PH_pass,APOPTOSIS,1.61783265681897,0.00325541734953384,PPP2R5B
D1,PH_pass,APOPTOSIS,1.61783265681897,0.00325541734953384,PSEN1
D1,PH_pass,APOPTOSIS,1.61783265681897,0.00325541734953384,ETF1
D1,PH_pass,APOPTOSIS,1.61783265681897,0.00325541734953384,TOP2A
D1,PH_pass,APOPTOSIS,1.61783265681897,0.00325541734953384,IGF2R
D1,PH_pass,APOPTOSIS,1.61783265681897,0.00325541734953384,TNFRSF12A
D1,PH_pass,APOPTOSIS,1.61783265681897,0.00325541734953384,CFLAR
D1,PH_pass,APOPTOSIS,1.61783265681897,0.00325541734953384,SQSTM1
D1,PH_pass,APOPTOSIS,1.61783265681897,0.00325541734953384,RELA
D1,PH_pass,APOPTOSIS,1.61783265681897,0.00325541734953384,TIMP1
D1,PH_pass,APOPTOSIS,1.61783265681897,0.00325541734953384,GPX4
D1,PH_pass,APOPTOSIS,1.61783265681897,0.00325541734953384,WEE1
D1,PH_pass,APOPTOSIS,1.61783265681897,0.00325541734953384,CCNA1
D1,PH_pass,APOPTOSIS,1.61783265681897,0.00325541734953384,TIMP2
D1,PH_pass,APOPTOSIS,1.61783265681897,0.00325541734953384,BCL2L1
D1,PH_pass,APOPTOSIS,1.61783265681897,0.00325541734953384,PTK2
D1,PH_pass,APOPTOSIS,1.61783265681897,0.00325541734953384,GPX3
D1,PH_pass,APOPTOSIS,1.61783265681897,0.00325541734953384,BCAP31
D1,PH_pass,APOPTOSIS,1.61783265681897,0.00325541734953384,CDKN1B
D1,PH_pass,APOPTOSIS,1.61783265681897,0.00325541734953384,BCL2L2
D1,PH_pass,APOPTOSIS,1.61783265681897,0.00325541734953384,EMP1
D1,PH_pass,APOPTOSIS,1.61783265681897,0.00325541734953384,JUN
D1,PH_pass,APOPTOSIS,1.61783265681897,0.00325541734953384,GPX1
D1,PH_pass,APOPTOSIS,1.61783265681897,0.00325541734953384,CDKN1A
D1,PH_pass,APOPTOSIS,1.61783265681897,0.00325541734953384,IFITM3
D1,PH_pass,APOPTOSIS,1.61783265681897,0.00325541734953384,GSTM1
D1,PH_pass,APOPTOSIS,1.61783265681897,0.00325541734953384,RHOT2
D1,PH_pass,APOPTOSIS,1.61783265681897,0.00325541734953384,RARA
D1,PH_pass,APOPTOSIS,1.61783265681897,0.00325541734953384,CAV1
D1,PH_pass,APOPTOSIS,1.61783265681897,0.00325541734953384,GNA15
D1,PH_pass,APOPTOSIS,1.61783265681897,0.00325541734953384,CDK2
D1,PH_pass,APOPTOSIS,1.61783265681897,0.00325541734953384,HGF
D1,PH_pass,APOPTOSIS,1.61783265681897,0.00325541734953384,BTG3
D1,PH_pass,APOPTOSIS,1.61783265681897,0.00325541734953384,SAT1
D1,PH_pass,APOPTOSIS,1.61783265681897,0.00325541734953384,BIK
D1,PH_pass,APOPTOSIS,1.61783265681897,0.00325541734953384,SC5D
D1,PH_pass,BILE_ACID_METABOLISM,0.931720587068066,0.601226993865031,BMP6
D1,PH_pass,BILE_ACID_METABOLISM,0.931720587068066,0.601226993865031,PECR
D1,PH_pass,BILE_ACID_METABOLISM,0.931720587068066,0.601226993865031,PFKM
D1,PH_pass,BILE_ACID_METABOLISM,0.931720587068066,0.601226993865031,ACSL1
D1,PH_pass,BILE_ACID_METABOLISM,0.931720587068066,0.601226993865031,GCLM
D1,PH_pass,BILE_ACID_METABOLISM,0.931720587068066,0.601226993865031,KLF1
D1,PH_pass,BILE_ACID_METABOLISM,0.931720587068066,0.601226993865031,ABCA6
D1,PH_pass,BILE_ACID_METABOLISM,0.931720587068066,0.601226993865031,ABCA5
D1,PH_pass,BILE_ACID_METABOLISM,0.931720587068066,0.601226993865031,TFCP2L1
D1,PH_pass,BILE_ACID_METABOLISM,0.931720587068066,0.601226993865031,DHCR24
D1,PH_pass,BILE_ACID_METABOLISM,0.931720587068066,0.601226993865031,PRDX5
D1,PH_pass,BILE_ACID_METABOLISM,0.931720587068066,0.601226993865031,RXRA
D1,PH_pass,BILE_ACID_METABOLISM,0.931720587068066,0.601226993865031,LONP2
D1,PH_pass,BILE_ACID_METABOLISM,0.931720587068066,0.601226993865031,ABCA3
D1,PH_pass,BILE_ACID_METABOLISM,0.931720587068066,0.601226993865031,FADS1
D1,PH_pass,BILE_ACID_METABOLISM,0.931720587068066,0.601226993865031,ATXN1
D1,PH_pass,BILE_ACID_METABOLISM,0.931720587068066,0.601226993865031,NEDD4
D1,PH_pass,BILE_ACID_METABOLISM,0.931720587068066,0.601226993865031,PIPOX
D1,PH_pass,BILE_ACID_METABOLISM,0.931720587068066,0.601226993865031,SLC27A2
D1,PH_pass,BILE_ACID_METABOLISM,0.931720587068066,0.601226993865031,PHYH
D1,PH_pass,CHOLESTEROL_HOMEOSTASIS,2.29543967612367,6.82266508803355e-07,LDLR
D1,PH_pass,CHOLESTEROL_HOMEOSTASIS,2.29543967612367,6.82266508803355e-07,STX5
D1,PH_pass,CHOLESTEROL_HOMEOSTASIS,2.29543967612367,6.82266508803355e-07,PNRC1
D1,PH_pass,CHOLESTEROL_HOMEOSTASIS,2.29543967612367,6.82266508803355e-07,NFIL3
D1,PH_pass,CHOLESTEROL_HOMEOSTASIS,2.29543967612367,6.82266508803355e-07,DHCR7
D1,PH_pass,CHOLESTEROL_HOMEOSTASIS,2.29543967612367,6.82266508803355e-07,CLU
D1,PH_pass,CHOLESTEROL_HOMEOSTASIS,2.29543967612367,6.82266508803355e-07,CHKA
D1,PH_pass,CHOLESTEROL_HOMEOSTASIS,2.29543967612367,6.82266508803355e-07,FABP5
D1,PH_pass,CHOLESTEROL_HOMEOSTASIS,2.29543967612367,6.82266508803355e-07,TM7SF2
D1,PH_pass,CHOLESTEROL_HOMEOSTASIS,2.29543967612367,6.82266508803355e-07,CD9
D1,PH_pass,CHOLESTEROL_HOMEOSTASIS,2.29543967612367,6.82266508803355e-07,AVPR1A
D1,PH_pass,CHOLESTEROL_HOMEOSTASIS,2.29543967612367,6.82266508803355e-07,SREBF2
D1,PH_pass,CHOLESTEROL_HOMEOSTASIS,2.29543967612367,6.82266508803355e-07,SCD
D1,PH_pass,CHOLESTEROL_HOMEOSTASIS,2.29543967612367,6.82266508803355e-07,MVD
D1,PH_pass,CHOLESTEROL_HOMEOSTASIS,2.29543967612367,6.82266508803355e-07,ATF5
D1,PH_pass,CHOLESTEROL_HOMEOSTASIS,2.29543967612367,6.82266508803355e-07,LGMN
D1,PH_pass,CHOLESTEROL_HOMEOSTASIS,2.29543967612367,6.82266508803355e-07,GSTM2
D1,PH_pass,CHOLESTEROL_HOMEOSTASIS,2.29543967612367,6.82266508803355e-07,CYP51A1
D1,PH_pass,CHOLESTEROL_HOMEOSTASIS,2.29543967612367,6.82266508803355e-07,ALDOC
D1,PH_pass,CHOLESTEROL_HOMEOSTASIS,2.29543967612367,6.82266508803355e-07,PPARG
D1,PH_pass,CHOLESTEROL_HOMEOSTASIS,2.29543967612367,6.82266508803355e-07,TNFRSF12A
D1,PH_pass,CHOLESTEROL_HOMEOSTASIS,2.29543967612367,6.82266508803355e-07,SQLE
D1,PH_pass,CHOLESTEROL_HOMEOSTASIS,2.29543967612367,6.82266508803355e-07,ACTG1
D1,PH_pass,CHOLESTEROL_HOMEOSTASIS,2.29543967612367,6.82266508803355e-07,FDFT1
D1,PH_pass,CHOLESTEROL_HOMEOSTASIS,2.29543967612367,6.82266508803355e-07,ACAT2
D1,PH_pass,COAGULATION,1.94887891378162,9.93875061733043e-05,THBS1
D1,PH_pass,COAGULATION,1.94887891378162,9.93875061733043e-05,TIMP3
D1,PH_pass,COAGULATION,1.94887891378162,9.93875061733043e-05,MMP1
D1,PH_pass,COAGULATION,1.94887891378162,9.93875061733043e-05,MAFF
D1,PH_pass,COAGULATION,1.94887891378162,9.93875061733043e-05,FURIN
D1,PH_pass,COAGULATION,1.94887891378162,9.93875061733043e-05,VWF
D1,PH_pass,COAGULATION,1.94887891378162,9.93875061733043e-05,GP9
D1,PH_pass,COAGULATION,1.94887891378162,9.93875061733043e-05,ITGB3
D1,PH_pass,COAGULATION,1.94887891378162,9.93875061733043e-05,PF4
D1,PH_pass,COAGULATION,1.94887891378162,9.93875061733043e-05,SPARC
D1,PH_pass,COAGULATION,1.94887891378162,9.93875061733043e-05,PLAU
D1,PH_pass,COAGULATION,1.94887891378162,9.93875061733043e-05,CLU
D1,PH_pass,COAGULATION,1.94887891378162,9.93875061733043e-05,P2RY1
D1,PH_pass,COAGULATION,1.94887891378162,9.93875061733043e-05,ADAM9
D1,PH_pass,COAGULATION,1.94887891378162,9.93875061733043e-05,WDR1
D1,PH_pass,COAGULATION,1.94887891378162,9.93875061733043e-05,CD9
D1,PH_pass,COAGULATION,1.94887891378162,9.93875061733043e-05,MMP8
D1,PH_pass,COAGULATION,1.94887891378162,9.93875061733043e-05,GP1BA
D1,PH_pass,COAGULATION,1.94887891378162,9.93875061733043e-05,SERPINE1
D1,PH_pass,COAGULATION,1.94887891378162,9.93875061733043e-05,MMP9
D1,PH_pass,COAGULATION,1.94887891378162,9.93875061733043e-05,KLF7
D1,PH_pass,COAGULATION,1.94887891378162,9.93875061733043e-05,GSN
D1,PH_pass,COAGULATION,1.94887891378162,9.93875061733043e-05,LGMN
D1,PH_pass,COAGULATION,1.94887891378162,9.93875061733043e-05,PROS1
D1,PH_pass,COAGULATION,1.94887891378162,9.93875061733043e-05,FN1
D1,PH_pass,COAGULATION,1.94887891378162,9.93875061733043e-05,TIMP1
D1,PH_pass,COAGULATION,1.94887891378162,9.93875061733043e-05,GNB2
D1,PH_pass,COAGULATION,1.94887891378162,9.93875061733043e-05,FBN1
D1,PH_pass,COAGULATION,1.94887891378162,9.93875061733043e-05,PEF1
D1,PH_pass,COAGULATION,1.94887891378162,9.93875061733043e-05,CAPN5
D1,PH_pass,COAGULATION,1.94887891378162,9.93875061733043e-05,F12
D1,PH_pass,COAGULATION,1.94887891378162,9.93875061733043e-05,SIRT2
D1,PH_pass,COAGULATION,1.94887891378162,9.93875061733043e-05,SERPINB2
D1,PH_pass,COAGULATION,1.94887891378162,9.93875061733043e-05,CTSK
D1,PH_pass,COAGULATION,1.94887891378162,9.93875061733043e-05,OLR1
D1,PH_pass,COAGULATION,1.94887891378162,9.93875061733043e-05,PDGFB
D1,PH_pass,COMPLEMENT,1.00785742022589,0.495309624890257,DGKH
D1,PH_pass,COMPLEMENT,1.00785742022589,0.495309624890257,PCSK9
D1,PH_pass,COMPLEMENT,1.00785742022589,0.495309624890257,MAFF
D1,PH_pass,COMPLEMENT,1.00785742022589,0.495309624890257,CDK5R1
D1,PH_pass,COMPLEMENT,1.00785742022589,0.495309624890257,GP9
D1,PH_pass,COMPLEMENT,1.00785742022589,0.495309624890257,CA2
D1,PH_pass,COMPLEMENT,1.00785742022589,0.495309624890257,CLU
D1,PH_pass,COMPLEMENT,1.00785742022589,0.495309624890257,HSPA1A
D1,PH_pass,COMPLEMENT,1.00785742022589,0.495309624890257,ADAM9
D1,PH_pass,COMPLEMENT,1.00785742022589,0.495309624890257,PIM1
D1,PH_pass,COMPLEMENT,1.00785742022589,0.495309624890257,MMP8
D1,PH_pass,COMPLEMENT,1.00785742022589,0.495309624890257,GP1BA
D1,PH_pass,COMPLEMENT,1.00785742022589,0.495309624890257,SERPINE1
D1,PH_pass,COMPLEMENT,1.00785742022589,0.495309624890257,TNFAIP3
D1,PH_pass,COMPLEMENT,1.00785742022589,0.495309624890257,COL4A2
D1,PH_pass,COMPLEMENT,1.00785742022589,0.495309624890257,ITGAM
D1,PH_pass,COMPLEMENT,1.00785742022589,0.495309624890257,LCP2
D1,PH_pass,COMPLEMENT,1.00785742022589,0.495309624890257,PIK3R5
D1,PH_pass,COMPLEMENT,1.00785742022589,0.495309624890257,LGMN
D1,PH_pass,COMPLEMENT,1.00785742022589,0.495309624890257,CDA
D1,PH_pass,COMPLEMENT,1.00785742022589,0.495309624890257,PSEN1
D1,PH_pass,COMPLEMENT,1.00785742022589,0.495309624890257,CTSD
D1,PH_pass,COMPLEMENT,1.00785742022589,0.495309624890257,PRKCD
D1,PH_pass,COMPLEMENT,1.00785742022589,0.495309624890257,CD55
D1,PH_pass,COMPLEMENT,1.00785742022589,0.495309624890257,EHD1
D1,PH_pass,COMPLEMENT,1.00785742022589,0.495309624890257,RHOG
D1,PH_pass,COMPLEMENT,1.00785742022589,0.495309624890257,FN1
D1,PH_pass,COMPLEMENT,1.00785742022589,0.495309624890257,TIMP1
D1,PH_pass,COMPLEMENT,1.00785742022589,0.495309624890257,GNB2
D1,PH_pass,COMPLEMENT,1.00785742022589,0.495309624890257,STX4
D1,PH_pass,COMPLEMENT,1.00785742022589,0.495309624890257,TIMP2
D1,PH_pass,COMPLEMENT,1.00785742022589,0.495309624890257,GRB2
D1,PH_pass,COMPLEMENT,1.00785742022589,0.495309624890257,GNAI2
D1,PH_pass,COMPLEMENT,1.00785742022589,0.495309624890257,LTF
D1,PH_pass,COMPLEMENT,1.00785742022589,0.495309624890257,SERPINB2
D1,PH_pass,COMPLEMENT,1.00785742022589,0.495309624890257,RBSN
D1,PH_pass,COMPLEMENT,1.00785742022589,0.495309624890257,OLR1
D1,PH_pass,COMPLEMENT,1.00785742022589,0.495309624890257,RAF1
D1,PH_pass,COMPLEMENT,1.00785742022589,0.495309624890257,CR1
D1,PH_pass,COMPLEMENT,1.00785742022589,0.495309624890257,PDGFB
D1,PH_pass,COMPLEMENT,1.00785742022589,0.495309624890257,PLSCR1
D1,PH_pass,COMPLEMENT,1.00785742022589,0.495309624890257,XPNPEP1
D1,PH_pass,COMPLEMENT,1.00785742022589,0.495309624890257,S100A12
D1,PH_pass,COMPLEMENT,1.00785742022589,0.495309624890257,PFN1
D1,PH_pass,DNA_REPAIR,-0.95220959990298,0.601226993865031,NCBP2
D1,PH_pass,DNA_REPAIR,-0.95220959990298,0.601226993865031,ERCC5
D1,PH_pass,DNA_REPAIR,-0.95220959990298,0.601226993865031,RNMT
D1,PH_pass,DNA_REPAIR,-0.95220959990298,0.601226993865031,POLD3
D1,PH_pass,DNA_REPAIR,-0.95220959990298,0.601226993865031,ERCC8
D1,PH_pass,DNA_REPAIR,-0.95220959990298,0.601226993865031,NUDT21
D1,PH_pass,DNA_REPAIR,-0.95220959990298,0.601226993865031,GTF2H3
D1,PH_pass,DNA_REPAIR,-0.95220959990298,0.601226993865031,RAE1
D1,PH_pass,DNA_REPAIR,-0.95220959990298,0.601226993865031,POLR2C
D1,PH_pass,DNA_REPAIR,-0.95220959990298,0.601226993865031,NFX1
D1,PH_pass,DNA_REPAIR,-0.95220959990298,0.601226993865031,GTF2H1
D1,PH_pass,DNA_REPAIR,-0.95220959990298,0.601226993865031,NELFCD
D1,PH_pass,DNA_REPAIR,-0.95220959990298,0.601226993865031,POLR3C
D1,PH_pass,DNA_REPAIR,-0.95220959990298,0.601226993865031,ADA
D1,PH_pass,DNA_REPAIR,-0.95220959990298,0.601226993865031,GTF2H5
D1,PH_pass,DNA_REPAIR,-0.95220959990298,0.601226993865031,POLB
D1,PH_pass,DNA_REPAIR,-0.95220959990298,0.601226993865031,SNAPC5
D1,PH_pass,DNA_REPAIR,-0.95220959990298,0.601226993865031,UMPS
D1,PH_pass,DNA_REPAIR,-0.95220959990298,0.601226993865031,RALA
D1,PH_pass,DNA_REPAIR,-0.95220959990298,0.601226993865031,APRT
D1,PH_pass,DNA_REPAIR,-0.95220959990298,0.601226993865031,GSDME
D1,PH_pass,DNA_REPAIR,-0.95220959990298,0.601226993865031,ERCC3
D1,PH_pass,DNA_REPAIR,-0.95220959990298,0.601226993865031,REV3L
D1,PH_pass,DNA_REPAIR,-0.95220959990298,0.601226993865031,RPA3
D1,PH_pass,DNA_REPAIR,-0.95220959990298,0.601226993865031,POLR1H
D1,PH_pass,DNA_REPAIR,-0.95220959990298,0.601226993865031,LIG1
D1,PH_pass,DNA_REPAIR,-0.95220959990298,0.601226993865031,NT5C
D1,PH_pass,DNA_REPAIR,-0.95220959990298,0.601226993865031,CSTF3
D1,PH_pass,DNA_REPAIR,-0.95220959990298,0.601226993865031,CLP1
D1,PH_pass,DNA_REPAIR,-0.95220959990298,0.601226993865031,POLE4
D1,PH_pass,DNA_REPAIR,-0.95220959990298,0.601226993865031,ITPA
D1,PH_pass,DNA_REPAIR,-0.95220959990298,0.601226993865031,DDB2
D1,PH_pass,DNA_REPAIR,-0.95220959990298,0.601226993865031,POLR2D
D1,PH_pass,DNA_REPAIR,-0.95220959990298,0.601226993865031,SURF1
D1,PH_pass,DNA_REPAIR,-0.95220959990298,0.601226993865031,DUT
D1,PH_pass,E2F_TARGETS,1.39524896751028,0.0244840165153249,SPAG5
D1,PH_pass,E2F_TARGETS,1.39524896751028,0.0244840165153249,TUBG1
D1,PH_pass,E2F_TARGETS,1.39524896751028,0.0244840165153249,DIAPH3
D1,PH_pass,E2F_TARGETS,1.39524896751028,0.0244840165153249,ESPL1
D1,PH_pass,E2F_TARGETS,1.39524896751028,0.0244840165153249,AURKB
D1,PH_pass,E2F_TARGETS,1.39524896751028,0.0244840165153249,CDCA3
D1,PH_pass,E2F_TARGETS,1.39524896751028,0.0244840165153249,TRIP13
D1,PH_pass,E2F_TARGETS,1.39524896751028,0.0244840165153249,GINS4
D1,PH_pass,E2F_TARGETS,1.39524896751028,0.0244840165153249,MYBL2
D1,PH_pass,E2F_TARGETS,1.39524896751028,0.0244840165153249,CIT
D1,PH_pass,E2F_TARGETS,1.39524896751028,0.0244840165153249,CKS2
D1,PH_pass,E2F_TARGETS,1.39524896751028,0.0244840165153249,MCM6
D1,PH_pass,E2F_TARGETS,1.39524896751028,0.0244840165153249,MXD3
D1,PH_pass,E2F_TARGETS,1.39524896751028,0.0244840165153249,KIF4A
D1,PH_pass,E2F_TARGETS,1.39524896751028,0.0244840165153249,HMGB3
D1,PH_pass,E2F_TARGETS,1.39524896751028,0.0244840165153249,RRM2
D1,PH_pass,E2F_TARGETS,1.39524896751028,0.0244840165153249,KIF2C
D1,PH_pass,E2F_TARGETS,1.39524896751028,0.0244840165153249,TFRC
D1,PH_pass,E2F_TARGETS,1.39524896751028,0.0244840165153249,HMGB2
D1,PH_pass,E2F_TARGETS,1.39524896751028,0.0244840165153249,BARD1
D1,PH_pass,E2F_TARGETS,1.39524896751028,0.0244840165153249,BIRC5
D1,PH_pass,E2F_TARGETS,1.39524896751028,0.0244840165153249,PTTG1
D1,PH_pass,E2F_TARGETS,1.39524896751028,0.0244840165153249,CCNE1
D1,PH_pass,E2F_TARGETS,1.39524896751028,0.0244840165153249,PSMC3IP
D1,PH_pass,E2F_TARGETS,1.39524896751028,0.0244840165153249,DEPDC1
D1,PH_pass,E2F_TARGETS,1.39524896751028,0.0244840165153249,NUP153
D1,PH_pass,E2F_TARGETS,1.39524896751028,0.0244840165153249,CDC20
D1,PH_pass,E2F_TARGETS,1.39524896751028,0.0244840165153249,PLK1
D1,PH_pass,E2F_TARGETS,1.39524896751028,0.0244840165153249,TOP2A
D1,PH_pass,E2F_TARGETS,1.39524896751028,0.0244840165153249,SUV39H1
D1,PH_pass,E2F_TARGETS,1.39524896751028,0.0244840165153249,HMGA1
D1,PH_pass,E2F_TARGETS,1.39524896751028,0.0244840165153249,CDCA8
D1,PH_pass,E2F_TARGETS,1.39524896751028,0.0244840165153249,TCF19
D1,PH_pass,E2F_TARGETS,1.39524896751028,0.0244840165153249,NCAPD2
D1,PH_pass,E2F_TARGETS,1.39524896751028,0.0244840165153249,MAD2L1
D1,PH_pass,E2F_TARGETS,1.39524896751028,0.0244840165153249,KPNA2
D1,PH_pass,E2F_TARGETS,1.39524896751028,0.0244840165153249,E2F8
D1,PH_pass,E2F_TARGETS,1.39524896751028,0.0244840165153249,RAD51AP1
D1,PH_pass,E2F_TARGETS,1.39524896751028,0.0244840165153249,SPC24
D1,PH_pass,E2F_TARGETS,1.39524896751028,0.0244840165153249,ORC6
D1,PH_pass,E2F_TARGETS,1.39524896751028,0.0244840165153249,DCLRE1B
D1,PH_pass,E2F_TARGETS,1.39524896751028,0.0244840165153249,WEE1
D1,PH_pass,E2F_TARGETS,1.39524896751028,0.0244840165153249,CCNB2
D1,PH_pass,E2F_TARGETS,1.39524896751028,0.0244840165153249,CKS1B
D1,PH_pass,E2F_TARGETS,1.39524896751028,0.0244840165153249,PA2G4
D1,PH_pass,E2F_TARGETS,1.39524896751028,0.0244840165153249,MCM2
D1,PH_pass,E2F_TARGETS,1.39524896751028,0.0244840165153249,GINS3
D1,PH_pass,E2F_TARGETS,1.39524896751028,0.0244840165153249,DONSON
D1,PH_pass,E2F_TARGETS,1.39524896751028,0.0244840165153249,CDK1
D1,PH_pass,E2F_TARGETS,1.39524896751028,0.0244840165153249,PLK4
D1,PH_pass,E2F_TARGETS,1.39524896751028,0.0244840165153249,JPT1
D1,PH_pass,E2F_TARGETS,1.39524896751028,0.0244840165153249,CDC25A
D1,PH_pass,E2F_TARGETS,1.39524896751028,0.0244840165153249,UBE2S
D1,PH_pass,E2F_TARGETS,1.39524896751028,0.0244840165153249,CDKN1B
D1,PH_pass,E2F_TARGETS,1.39524896751028,0.0244840165153249,RACGAP1
D1,PH_pass,E2F_TARGETS,1.39524896751028,0.0244840165153249,BUB1B
D1,PH_pass,E2F_TARGETS,1.39524896751028,0.0244840165153249,GSPT1
D1,PH_pass,E2F_TARGETS,1.39524896751028,0.0244840165153249,UBE2T
D1,PH_pass,E2F_TARGETS,1.39524896751028,0.0244840165153249,STMN1
D1,PH_pass,E2F_TARGETS,1.39524896751028,0.0244840165153249,CENPE
D1,PH_pass,E2F_TARGETS,1.39524896751028,0.0244840165153249,RNASEH2A
D1,PH_pass,E2F_TARGETS,1.39524896751028,0.0244840165153249,CDKN2C
D1,PH_pass,E2F_TARGETS,1.39524896751028,0.0244840165153249,TK1
D1,PH_pass,E2F_TARGETS,1.39524896751028,0.0244840165153249,NAA38
D1,PH_pass,E2F_TARGETS,1.39524896751028,0.0244840165153249,GINS1
D1,PH_pass,E2F_TARGETS,1.39524896751028,0.0244840165153249,CDKN1A
D1,PH_pass,E2F_TARGETS,1.39524896751028,0.0244840165153249,MELK
D1,PH_pass,EPITHELIAL_MESENCHYMAL_TRANSITION,2.05373905213924,3.47599631436845e-06,VEGFA
D1,PH_pass,EPITHELIAL_MESENCHYMAL_TRANSITION,2.05373905213924,3.47599631436845e-06,AREG
D1,PH_pass,EPITHELIAL_MESENCHYMAL_TRANSITION,2.05373905213924,3.47599631436845e-06,EFEMP2
D1,PH_pass,EPITHELIAL_MESENCHYMAL_TRANSITION,2.05373905213924,3.47599631436845e-06,MYL9
D1,PH_pass,EPITHELIAL_MESENCHYMAL_TRANSITION,2.05373905213924,3.47599631436845e-06,THBS1
D1,PH_pass,EPITHELIAL_MESENCHYMAL_TRANSITION,2.05373905213924,3.47599631436845e-06,COL6A3
D1,PH_pass,EPITHELIAL_MESENCHYMAL_TRANSITION,2.05373905213924,3.47599631436845e-06,TIMP3
D1,PH_pass,EPITHELIAL_MESENCHYMAL_TRANSITION,2.05373905213924,3.47599631436845e-06,MMP1
D1,PH_pass,EPITHELIAL_MESENCHYMAL_TRANSITION,2.05373905213924,3.47599631436845e-06,TPM4
D1,PH_pass,EPITHELIAL_MESENCHYMAL_TRANSITION,2.05373905213924,3.47599631436845e-06,SDC4
D1,PH_pass,EPITHELIAL_MESENCHYMAL_TRANSITION,2.05373905213924,3.47599631436845e-06,ITGB3
D1,PH_pass,EPITHELIAL_MESENCHYMAL_TRANSITION,2.05373905213924,3.47599631436845e-06,ITGB5
D1,PH_pass,EPITHELIAL_MESENCHYMAL_TRANSITION,2.05373905213924,3.47599631436845e-06,FSTL1
D1,PH_pass,EPITHELIAL_MESENCHYMAL_TRANSITION,2.05373905213924,3.47599631436845e-06,SPARC
D1,PH_pass,EPITHELIAL_MESENCHYMAL_TRANSITION,2.05373905213924,3.47599631436845e-06,TGM2
D1,PH_pass,EPITHELIAL_MESENCHYMAL_TRANSITION,2.05373905213924,3.47599631436845e-06,PTX3
D1,PH_pass,EPITHELIAL_MESENCHYMAL_TRANSITION,2.05373905213924,3.47599631436845e-06,MYLK
D1,PH_pass,EPITHELIAL_MESENCHYMAL_TRANSITION,2.05373905213924,3.47599631436845e-06,TPM1
D1,PH_pass,EPITHELIAL_MESENCHYMAL_TRANSITION,2.05373905213924,3.47599631436845e-06,SLC6A8
D1,PH_pass,EPITHELIAL_MESENCHYMAL_TRANSITION,2.05373905213924,3.47599631436845e-06,QSOX1
D1,PH_pass,EPITHELIAL_MESENCHYMAL_TRANSITION,2.05373905213924,3.47599631436845e-06,SDC1
D1,PH_pass,EPITHELIAL_MESENCHYMAL_TRANSITION,2.05373905213924,3.47599631436845e-06,GADD45B
D1,PH_pass,EPITHELIAL_MESENCHYMAL_TRANSITION,2.05373905213924,3.47599631436845e-06,SERPINE1
D1,PH_pass,EPITHELIAL_MESENCHYMAL_TRANSITION,2.05373905213924,3.47599631436845e-06,TNFAIP3
D1,PH_pass,EPITHELIAL_MESENCHYMAL_TRANSITION,2.05373905213924,3.47599631436845e-06,COL4A2
D1,PH_pass,EPITHELIAL_MESENCHYMAL_TRANSITION,2.05373905213924,3.47599631436845e-06,INHBA
D1,PH_pass,EPITHELIAL_MESENCHYMAL_TRANSITION,2.05373905213924,3.47599631436845e-06,LOXL1
D1,PH_pass,EPITHELIAL_MESENCHYMAL_TRANSITION,2.05373905213924,3.47599631436845e-06,GADD45A
D1,PH_pass,EPITHELIAL_MESENCHYMAL_TRANSITION,2.05373905213924,3.47599631436845e-06,PLOD1
D1,PH_pass,EPITHELIAL_MESENCHYMAL_TRANSITION,2.05373905213924,3.47599631436845e-06,TNFRSF12A
D1,PH_pass,EPITHELIAL_MESENCHYMAL_TRANSITION,2.05373905213924,3.47599631436845e-06,BASP1
D1,PH_pass,EPITHELIAL_MESENCHYMAL_TRANSITION,2.05373905213924,3.47599631436845e-06,TGFB1
D1,PH_pass,EPITHELIAL_MESENCHYMAL_TRANSITION,2.05373905213924,3.47599631436845e-06,FN1
D1,PH_pass,EPITHELIAL_MESENCHYMAL_TRANSITION,2.05373905213924,3.47599631436845e-06,TIMP1
D1,PH_pass,EPITHELIAL_MESENCHYMAL_TRANSITION,2.05373905213924,3.47599631436845e-06,FBN1
D1,PH_pass,EPITHELIAL_MESENCHYMAL_TRANSITION,2.05373905213924,3.47599631436845e-06,PLOD2
D1,PH_pass,EPITHELIAL_MESENCHYMAL_TRANSITION,2.05373905213924,3.47599631436845e-06,CADM1
D1,PH_pass,EPITHELIAL_MESENCHYMAL_TRANSITION,2.05373905213924,3.47599631436845e-06,ANPEP
D1,PH_pass,EPITHELIAL_MESENCHYMAL_TRANSITION,2.05373905213924,3.47599631436845e-06,FLNA
D1,PH_pass,EPITHELIAL_MESENCHYMAL_TRANSITION,2.05373905213924,3.47599631436845e-06,ID2
D1,PH_pass,ESTROGEN_RESPONSE_EARLY,1.50982743402076,0.0133391863580392,SLC2A1
D1,PH_pass,ESTROGEN_RESPONSE_EARLY,1.50982743402076,0.0133391863580392,AREG
D1,PH_pass,ESTROGEN_RESPONSE_EARLY,1.50982743402076,0.0133391863580392,FOXC1
D1,PH_pass,ESTROGEN_RESPONSE_EARLY,1.50982743402076,0.0133391863580392,SLC7A5
D1,PH_pass,ESTROGEN_RESPONSE_EARLY,1.50982743402076,0.0133391863580392,IGF1R
D1,PH_pass,ESTROGEN_RESPONSE_EARLY,1.50982743402076,0.0133391863580392,TTC39A
D1,PH_pass,ESTROGEN_RESPONSE_EARLY,1.50982743402076,0.0133391863580392,FKBP5
D1,PH_pass,ESTROGEN_RESPONSE_EARLY,1.50982743402076,0.0133391863580392,TUBB2B
D1,PH_pass,ESTROGEN_RESPONSE_EARLY,1.50982743402076,0.0133391863580392,AMFR
D1,PH_pass,ESTROGEN_RESPONSE_EARLY,1.50982743402076,0.0133391863580392,FHL2
D1,PH_pass,ESTROGEN_RESPONSE_EARLY,1.50982743402076,0.0133391863580392,TGM2
D1,PH_pass,ESTROGEN_RESPONSE_EARLY,1.50982743402076,0.0133391863580392,ENDOD1
D1,PH_pass,ESTROGEN_RESPONSE_EARLY,1.50982743402076,0.0133391863580392,DHCR7
D1,PH_pass,ESTROGEN_RESPONSE_EARLY,1.50982743402076,0.0133391863580392,SIAH2
D1,PH_pass,ESTROGEN_RESPONSE_EARLY,1.50982743402076,0.0133391863580392,KCNK5
D1,PH_pass,ESTROGEN_RESPONSE_EARLY,1.50982743402076,0.0133391863580392,SLC24A3
D1,PH_pass,ESTROGEN_RESPONSE_EARLY,1.50982743402076,0.0133391863580392,KDM4B
D1,PH_pass,ESTROGEN_RESPONSE_EARLY,1.50982743402076,0.0133391863580392,SLC16A1
D1,PH_pass,ESTROGEN_RESPONSE_EARLY,1.50982743402076,0.0133391863580392,SEC14L2
D1,PH_pass,ESTROGEN_RESPONSE_EARLY,1.50982743402076,0.0133391863580392,UGCG
D1,PH_pass,ESTROGEN_RESPONSE_EARLY,1.50982743402076,0.0133391863580392,MREG
D1,PH_pass,ESTROGEN_RESPONSE_EARLY,1.50982743402076,0.0133391863580392,TOB1
D1,PH_pass,ESTROGEN_RESPONSE_EARLY,1.50982743402076,0.0133391863580392,RET
D1,PH_pass,ESTROGEN_RESPONSE_EARLY,1.50982743402076,0.0133391863580392,B4GALT1
D1,PH_pass,ESTROGEN_RESPONSE_EARLY,1.50982743402076,0.0133391863580392,FLNB
D1,PH_pass,ESTROGEN_RESPONSE_EARLY,1.50982743402076,0.0133391863580392,RAB31
D1,PH_pass,ESTROGEN_RESPONSE_EARLY,1.50982743402076,0.0133391863580392,FDFT1
D1,PH_pass,ESTROGEN_RESPONSE_EARLY,1.50982743402076,0.0133391863580392,RAPGEFL1
D1,PH_pass,ESTROGEN_RESPONSE_EARLY,1.50982743402076,0.0133391863580392,SVIL
D1,PH_pass,ESTROGEN_RESPONSE_EARLY,1.50982743402076,0.0133391863580392,ELF3
D1,PH_pass,ESTROGEN_RESPONSE_EARLY,1.50982743402076,0.0133391863580392,ANXA9
D1,PH_pass,ESTROGEN_RESPONSE_EARLY,1.50982743402076,0.0133391863580392,MAST4
D1,PH_pass,ESTROGEN_RESPONSE_EARLY,1.50982743402076,0.0133391863580392,MINDY1
D1,PH_pass,ESTROGEN_RESPONSE_EARLY,1.50982743402076,0.0133391863580392,ABCA3
D1,PH_pass,ESTROGEN_RESPONSE_EARLY,1.50982743402076,0.0133391863580392,NHERF1
D1,PH_pass,ESTROGEN_RESPONSE_EARLY,1.50982743402076,0.0133391863580392,BAG1
D1,PH_pass,ESTROGEN_RESPONSE_EARLY,1.50982743402076,0.0133391863580392,SH3BP5
D1,PH_pass,ESTROGEN_RESPONSE_EARLY,1.50982743402076,0.0133391863580392,AFF1
D1,PH_pass,ESTROGEN_RESPONSE_EARLY,1.50982743402076,0.0133391863580392,CHPT1
D1,PH_pass,ESTROGEN_RESPONSE_EARLY,1.50982743402076,0.0133391863580392,NADSYN1
D1,PH_pass,ESTROGEN_RESPONSE_LATE,1.53306930445445,0.0100753279982102,AREG
D1,PH_pass,ESTROGEN_RESPONSE_LATE,1.53306930445445,0.0100753279982102,FOXC1
D1,PH_pass,ESTROGEN_RESPONSE_LATE,1.53306930445445,0.0100753279982102,SLC7A5
D1,PH_pass,ESTROGEN_RESPONSE_LATE,1.53306930445445,0.0100753279982102,FKBP5
D1,PH_pass,ESTROGEN_RESPONSE_LATE,1.53306930445445,0.0100753279982102,CA2
D1,PH_pass,ESTROGEN_RESPONSE_LATE,1.53306930445445,0.0100753279982102,AMFR
D1,PH_pass,ESTROGEN_RESPONSE_LATE,1.53306930445445,0.0100753279982102,DHCR7
D1,PH_pass,ESTROGEN_RESPONSE_LATE,1.53306930445445,0.0100753279982102,CKB
D1,PH_pass,ESTROGEN_RESPONSE_LATE,1.53306930445445,0.0100753279982102,SIAH2
D1,PH_pass,ESTROGEN_RESPONSE_LATE,1.53306930445445,0.0100753279982102,FABP5
D1,PH_pass,ESTROGEN_RESPONSE_LATE,1.53306930445445,0.0100753279982102,UNC13B
D1,PH_pass,ESTROGEN_RESPONSE_LATE,1.53306930445445,0.0100753279982102,KCNK5
D1,PH_pass,ESTROGEN_RESPONSE_LATE,1.53306930445445,0.0100753279982102,CD9
D1,PH_pass,ESTROGEN_RESPONSE_LATE,1.53306930445445,0.0100753279982102,SLC24A3
D1,PH_pass,ESTROGEN_RESPONSE_LATE,1.53306930445445,0.0100753279982102,SLC16A1
D1,PH_pass,ESTROGEN_RESPONSE_LATE,1.53306930445445,0.0100753279982102,CDH1
D1,PH_pass,ESTROGEN_RESPONSE_LATE,1.53306930445445,0.0100753279982102,TOB1
D1,PH_pass,ESTROGEN_RESPONSE_LATE,1.53306930445445,0.0100753279982102,XRCC3
D1,PH_pass,ESTROGEN_RESPONSE_LATE,1.53306930445445,0.0100753279982102,RET
D1,PH_pass,ESTROGEN_RESPONSE_LATE,1.53306930445445,0.0100753279982102,FLNB
D1,PH_pass,ESTROGEN_RESPONSE_LATE,1.53306930445445,0.0100753279982102,CDC20
D1,PH_pass,ESTROGEN_RESPONSE_LATE,1.53306930445445,0.0100753279982102,TOP2A
D1,PH_pass,ESTROGEN_RESPONSE_LATE,1.53306930445445,0.0100753279982102,RAB31
D1,PH_pass,ESTROGEN_RESPONSE_LATE,1.53306930445445,0.0100753279982102,GFUS
D1,PH_pass,ESTROGEN_RESPONSE_LATE,1.53306930445445,0.0100753279982102,FDFT1
D1,PH_pass,ESTROGEN_RESPONSE_LATE,1.53306930445445,0.0100753279982102,RAPGEFL1
D1,PH_pass,ESTROGEN_RESPONSE_LATE,1.53306930445445,0.0100753279982102,PLXNB1
D1,PH_pass,ESTROGEN_RESPONSE_LATE,1.53306930445445,0.0100753279982102,PRKAR2B
D1,PH_pass,ESTROGEN_RESPONSE_LATE,1.53306930445445,0.0100753279982102,ANXA9
D1,PH_pass,ESTROGEN_RESPONSE_LATE,1.53306930445445,0.0100753279982102,CCNA1
D1,PH_pass,ESTROGEN_RESPONSE_LATE,1.53306930445445,0.0100753279982102,ST6GALNAC2
D1,PH_pass,ESTROGEN_RESPONSE_LATE,1.53306930445445,0.0100753279982102,ABCA3
D1,PH_pass,ESTROGEN_RESPONSE_LATE,1.53306930445445,0.0100753279982102,CDC6
D1,PH_pass,ESTROGEN_RESPONSE_LATE,1.53306930445445,0.0100753279982102,STIL
D1,PH_pass,ESTROGEN_RESPONSE_LATE,1.53306930445445,0.0100753279982102,NHERF1
D1,PH_pass,ESTROGEN_RESPONSE_LATE,1.53306930445445,0.0100753279982102,LTF
D1,PH_pass,ESTROGEN_RESPONSE_LATE,1.53306930445445,0.0100753279982102,BAG1
D1,PH_pass,ESTROGEN_RESPONSE_LATE,1.53306930445445,0.0100753279982102,ID2
D1,PH_pass,ESTROGEN_RESPONSE_LATE,1.53306930445445,0.0100753279982102,PLK4
D1,PH_pass,ESTROGEN_RESPONSE_LATE,1.53306930445445,0.0100753279982102,AFF1
D1,PH_pass,ESTROGEN_RESPONSE_LATE,1.53306930445445,0.0100753279982102,CHPT1
D1,PH_pass,ESTROGEN_RESPONSE_LATE,1.53306930445445,0.0100753279982102,RNASEH2A
D1,PH_pass,ESTROGEN_RESPONSE_LATE,1.53306930445445,0.0100753279982102,TFF3
D1,PH_pass,ESTROGEN_RESPONSE_LATE,1.53306930445445,0.0100753279982102,DUSP2
D1,PH_pass,ESTROGEN_RESPONSE_LATE,1.53306930445445,0.0100753279982102,GALE
D1,PH_pass,ESTROGEN_RESPONSE_LATE,1.53306930445445,0.0100753279982102,SLC27A2
D1,PH_pass,ESTROGEN_RESPONSE_LATE,1.53306930445445,0.0100753279982102,MYB
D1,PH_pass,ESTROGEN_RESPONSE_LATE,1.53306930445445,0.0100753279982102,ADD3
D1,PH_pass,ESTROGEN_RESPONSE_LATE,1.53306930445445,0.0100753279982102,KIF20A
D1,PH_pass,ESTROGEN_RESPONSE_LATE,1.53306930445445,0.0100753279982102,XBP1
D1,PH_pass,FATTY_ACID_METABOLISM,0.999367304302072,0.498599645325017,GABARAPL1
D1,PH_pass,FATTY_ACID_METABOLISM,0.999367304302072,0.498599645325017,MAOA
D1,PH_pass,FATTY_ACID_METABOLISM,0.999367304302072,0.498599645325017,D2HGDH
D1,PH_pass,FATTY_ACID_METABOLISM,0.999367304302072,0.498599645325017,CA4
D1,PH_pass,FATTY_ACID_METABOLISM,0.999367304302072,0.498599645325017,CA2
D1,PH_pass,FATTY_ACID_METABOLISM,0.999367304302072,0.498599645325017,YWHAH
D1,PH_pass,FATTY_ACID_METABOLISM,0.999367304302072,0.498599645325017,KMT5A
D1,PH_pass,FATTY_ACID_METABOLISM,0.999367304302072,0.498599645325017,ADIPOR2
D1,PH_pass,FATTY_ACID_METABOLISM,0.999367304302072,0.498599645325017,ACSL1
D1,PH_pass,FATTY_ACID_METABOLISM,0.999367304302072,0.498599645325017,DLST
D1,PH_pass,FATTY_ACID_METABOLISM,0.999367304302072,0.498599645325017,ALDOA
D1,PH_pass,FATTY_ACID_METABOLISM,0.999367304302072,0.498599645325017,GLUL
D1,PH_pass,FATTY_ACID_METABOLISM,0.999367304302072,0.498599645325017,VNN1
D1,PH_pass,FATTY_ACID_METABOLISM,0.999367304302072,0.498599645325017,MGLL
D1,PH_pass,FATTY_ACID_METABOLISM,0.999367304302072,0.498599645325017,DHCR24
D1,PH_pass,FATTY_ACID_METABOLISM,0.999367304302072,0.498599645325017,ACADVL
D1,PH_pass,FATTY_ACID_METABOLISM,0.999367304302072,0.498599645325017,TP53INP2
D1,PH_pass,FATTY_ACID_METABOLISM,0.999367304302072,0.498599645325017,ACAT2
D1,PH_pass,FATTY_ACID_METABOLISM,0.999367304302072,0.498599645325017,PPARA
D1,PH_pass,FATTY_ACID_METABOLISM,0.999367304302072,0.498599645325017,LDHA
D1,PH_pass,FATTY_ACID_METABOLISM,0.999367304302072,0.498599645325017,ENO3
D1,PH_pass,FATTY_ACID_METABOLISM,0.999367304302072,0.498599645325017,G0S2
D1,PH_pass,G2M_CHECKPOINT,1.99221467292069,7.18394986116104e-07,E2F1
D1,PH_pass,G2M_CHECKPOINT,1.99221467292069,7.18394986116104e-07,SLC7A5
D1,PH_pass,G2M_CHECKPOINT,1.99221467292069,7.18394986116104e-07,ESPL1
D1,PH_pass,G2M_CHECKPOINT,1.99221467292069,7.18394986116104e-07,UBE2C
D1,PH_pass,G2M_CHECKPOINT,1.99221467292069,7.18394986116104e-07,AURKB
D1,PH_pass,G2M_CHECKPOINT,1.99221467292069,7.18394986116104e-07,CENPA
D1,PH_pass,G2M_CHECKPOINT,1.99221467292069,7.18394986116104e-07,KMT5A
D1,PH_pass,G2M_CHECKPOINT,1.99221467292069,7.18394986116104e-07,POLQ
D1,PH_pass,G2M_CHECKPOINT,1.99221467292069,7.18394986116104e-07,PRC1
D1,PH_pass,G2M_CHECKPOINT,1.99221467292069,7.18394986116104e-07,CHAF1A
D1,PH_pass,G2M_CHECKPOINT,1.99221467292069,7.18394986116104e-07,MYBL2
D1,PH_pass,G2M_CHECKPOINT,1.99221467292069,7.18394986116104e-07,CKS2
D1,PH_pass,G2M_CHECKPOINT,1.99221467292069,7.18394986116104e-07,MCM6
D1,PH_pass,G2M_CHECKPOINT,1.99221467292069,7.18394986116104e-07,KIF4A
D1,PH_pass,G2M_CHECKPOINT,1.99221467292069,7.18394986116104e-07,SLC7A1
D1,PH_pass,G2M_CHECKPOINT,1.99221467292069,7.18394986116104e-07,CCNF
D1,PH_pass,G2M_CHECKPOINT,1.99221467292069,7.18394986116104e-07,E2F3
D1,PH_pass,G2M_CHECKPOINT,1.99221467292069,7.18394986116104e-07,HMGB3
D1,PH_pass,G2M_CHECKPOINT,1.99221467292069,7.18394986116104e-07,SAP30
D1,PH_pass,G2M_CHECKPOINT,1.99221467292069,7.18394986116104e-07,HIF1A
D1,PH_pass,G2M_CHECKPOINT,1.99221467292069,7.18394986116104e-07,KIF2C
D1,PH_pass,G2M_CHECKPOINT,1.99221467292069,7.18394986116104e-07,CDC45
D1,PH_pass,G2M_CHECKPOINT,1.99221467292069,7.18394986116104e-07,TPX2
D1,PH_pass,G2M_CHECKPOINT,1.99221467292069,7.18394986116104e-07,BUB1
D1,PH_pass,G2M_CHECKPOINT,1.99221467292069,7.18394986116104e-07,NUSAP1
D1,PH_pass,G2M_CHECKPOINT,1.99221467292069,7.18394986116104e-07,TFDP1
D1,PH_pass,G2M_CHECKPOINT,1.99221467292069,7.18394986116104e-07,BARD1
D1,PH_pass,G2M_CHECKPOINT,1.99221467292069,7.18394986116104e-07,EGF
D1,PH_pass,G2M_CHECKPOINT,1.99221467292069,7.18394986116104e-07,BIRC5
D1,PH_pass,G2M_CHECKPOINT,1.99221467292069,7.18394986116104e-07,PTTG1
D1,PH_pass,G2M_CHECKPOINT,1.99221467292069,7.18394986116104e-07,NSD2
D1,PH_pass,G2M_CHECKPOINT,1.99221467292069,7.18394986116104e-07,MARCKS
D1,PH_pass,G2M_CHECKPOINT,1.99221467292069,7.18394986116104e-07,TNPO2
D1,PH_pass,G2M_CHECKPOINT,1.99221467292069,7.18394986116104e-07,ATF5
D1,PH_pass,G2M_CHECKPOINT,1.99221467292069,7.18394986116104e-07,KIF11
D1,PH_pass,G2M_CHECKPOINT,1.99221467292069,7.18394986116104e-07,CCNA2
D1,PH_pass,G2M_CHECKPOINT,1.99221467292069,7.18394986116104e-07,NUP98
D1,PH_pass,G2M_CHECKPOINT,1.99221467292069,7.18394986116104e-07,KNL1
D1,PH_pass,G2M_CHECKPOINT,1.99221467292069,7.18394986116104e-07,CDC20
D1,PH_pass,G2M_CHECKPOINT,1.99221467292069,7.18394986116104e-07,PLK1
D1,PH_pass,G2M_CHECKPOINT,1.99221467292069,7.18394986116104e-07,TOP2A
D1,PH_pass,G2M_CHECKPOINT,1.99221467292069,7.18394986116104e-07,SUV39H1
D1,PH_pass,G2M_CHECKPOINT,1.99221467292069,7.18394986116104e-07,HMGA1
D1,PH_pass,G2M_CHECKPOINT,1.99221467292069,7.18394986116104e-07,RAD54L
D1,PH_pass,G2M_CHECKPOINT,1.99221467292069,7.18394986116104e-07,BCL3
D1,PH_pass,G2M_CHECKPOINT,1.99221467292069,7.18394986116104e-07,EXO1
D1,PH_pass,G2M_CHECKPOINT,1.99221467292069,7.18394986116104e-07,RAD23B
D1,PH_pass,G2M_CHECKPOINT,1.99221467292069,7.18394986116104e-07,SQLE
D1,PH_pass,G2M_CHECKPOINT,1.99221467292069,7.18394986116104e-07,MAPK14
D1,PH_pass,G2M_CHECKPOINT,1.99221467292069,7.18394986116104e-07,MAD2L1
D1,PH_pass,G2M_CHECKPOINT,1.99221467292069,7.18394986116104e-07,KPNA2
D1,PH_pass,G2M_CHECKPOINT,1.99221467292069,7.18394986116104e-07,E2F2
D1,PH_pass,G2M_CHECKPOINT,1.99221467292069,7.18394986116104e-07,TLE3
D1,PH_pass,G2M_CHECKPOINT,1.99221467292069,7.18394986116104e-07,TGFB1
D1,PH_pass,G2M_CHECKPOINT,1.99221467292069,7.18394986116104e-07,ORC6
D1,PH_pass,G2M_CHECKPOINT,1.99221467292069,7.18394986116104e-07,CCNB2
D1,PH_pass,G2M_CHECKPOINT,1.99221467292069,7.18394986116104e-07,CKS1B
D1,PH_pass,G2M_CHECKPOINT,1.99221467292069,7.18394986116104e-07,MEIS1
D1,PH_pass,G2M_CHECKPOINT,1.99221467292069,7.18394986116104e-07,MCM2
D1,PH_pass,G2M_CHECKPOINT,1.99221467292069,7.18394986116104e-07,PAFAH1B1
D1,PH_pass,G2M_CHECKPOINT,1.99221467292069,7.18394986116104e-07,CDC6
D1,PH_pass,G2M_CHECKPOINT,1.99221467292069,7.18394986116104e-07,STIL
D1,PH_pass,G2M_CHECKPOINT,1.99221467292069,7.18394986116104e-07,CDK1
D1,PH_pass,G2M_CHECKPOINT,1.99221467292069,7.18394986116104e-07,H2BC12
D1,PH_pass,G2M_CHECKPOINT,1.99221467292069,7.18394986116104e-07,PLK4
D1,PH_pass,G2M_CHECKPOINT,1.99221467292069,7.18394986116104e-07,LIG3
D1,PH_pass,G2M_CHECKPOINT,1.99221467292069,7.18394986116104e-07,NDC80
D1,PH_pass,G2M_CHECKPOINT,1.99221467292069,7.18394986116104e-07,JPT1
D1,PH_pass,G2M_CHECKPOINT,1.99221467292069,7.18394986116104e-07,CDC25A
D1,PH_pass,G2M_CHECKPOINT,1.99221467292069,7.18394986116104e-07,UBE2S
D1,PH_pass,G2M_CHECKPOINT,1.99221467292069,7.18394986116104e-07,CDKN1B
D1,PH_pass,G2M_CHECKPOINT,1.99221467292069,7.18394986116104e-07,RACGAP1
D1,PH_pass,G2M_CHECKPOINT,1.99221467292069,7.18394986116104e-07,GSPT1
D1,PH_pass,G2M_CHECKPOINT,1.99221467292069,7.18394986116104e-07,STMN1
D1,PH_pass,G2M_CHECKPOINT,1.99221467292069,7.18394986116104e-07,TROAP
D1,PH_pass,G2M_CHECKPOINT,1.99221467292069,7.18394986116104e-07,CENPE
D1,PH_pass,G2M_CHECKPOINT,1.99221467292069,7.18394986116104e-07,TOP1
D1,PH_pass,G2M_CHECKPOINT,1.99221467292069,7.18394986116104e-07,H2AZ2
D1,PH_pass,G2M_CHECKPOINT,1.99221467292069,7.18394986116104e-07,CDKN2C
D1,PH_pass,GLYCOLYSIS,1.62124827939309,0.00276457159896468,VEGFA
D1,PH_pass,GLYCOLYSIS,1.62124827939309,0.00276457159896468,ABCB6
D1,PH_pass,GLYCOLYSIS,1.62124827939309,0.00276457159896468,IRS2
D1,PH_pass,GLYCOLYSIS,1.62124827939309,0.00276457159896468,DDIT4
D1,PH_pass,GLYCOLYSIS,1.62124827939309,0.00276457159896468,SPAG4
D1,PH_pass,GLYCOLYSIS,1.62124827939309,0.00276457159896468,IER3
D1,PH_pass,GLYCOLYSIS,1.62124827939309,0.00276457159896468,TPST1
D1,PH_pass,GLYCOLYSIS,1.62124827939309,0.00276457159896468,HK2
D1,PH_pass,GLYCOLYSIS,1.62124827939309,0.00276457159896468,VLDLR
D1,PH_pass,GLYCOLYSIS,1.62124827939309,0.00276457159896468,PKM
D1,PH_pass,GLYCOLYSIS,1.62124827939309,0.00276457159896468,CENPA
D1,PH_pass,GLYCOLYSIS,1.62124827939309,0.00276457159896468,RRAGD
D1,PH_pass,GLYCOLYSIS,1.62124827939309,0.00276457159896468,B4GALT2
D1,PH_pass,GLYCOLYSIS,1.62124827939309,0.00276457159896468,SAP30
D1,PH_pass,GLYCOLYSIS,1.62124827939309,0.00276457159896468,QSOX1
D1,PH_pass,GLYCOLYSIS,1.62124827939309,0.00276457159896468,ALDOA
D1,PH_pass,GLYCOLYSIS,1.62124827939309,0.00276457159896468,SDC1
D1,PH_pass,GLYCOLYSIS,1.62124827939309,0.00276457159896468,CTH
D1,PH_pass,GLYCOLYSIS,1.62124827939309,0.00276457159896468,G6PD
D1,PH_pass,GLYCOLYSIS,1.62124827939309,0.00276457159896468,PAM
D1,PH_pass,GLYCOLYSIS,1.62124827939309,0.00276457159896468,ANKZF1
D1,PH_pass,GLYCOLYSIS,1.62124827939309,0.00276457159896468,SLC16A3
D1,PH_pass,GLYCOLYSIS,1.62124827939309,0.00276457159896468,B4GALT1
D1,PH_pass,GLYCOLYSIS,1.62124827939309,0.00276457159896468,GYS1
D1,PH_pass,GLYCOLYSIS,1.62124827939309,0.00276457159896468,B4GALT4
D1,PH_pass,GLYCOLYSIS,1.62124827939309,0.00276457159896468,PLOD1
D1,PH_pass,GLYCOLYSIS,1.62124827939309,0.00276457159896468,DEPDC1
D1,PH_pass,GLYCOLYSIS,1.62124827939309,0.00276457159896468,EXT1
D1,PH_pass,GLYCOLYSIS,1.62124827939309,0.00276457159896468,GFUS
D1,PH_pass,GLYCOLYSIS,1.62124827939309,0.00276457159896468,CHPF
D1,PH_pass,GLYCOLYSIS,1.62124827939309,0.00276457159896468,ENO1
D1,PH_pass,GLYCOLYSIS,1.62124827939309,0.00276457159896468,ELF3
D1,PH_pass,GLYCOLYSIS,1.62124827939309,0.00276457159896468,PFKP
D1,PH_pass,GLYCOLYSIS,1.62124827939309,0.00276457159896468,SLC25A10
D1,PH_pass,GLYCOLYSIS,1.62124827939309,0.00276457159896468,LDHA
D1,PH_pass,GLYCOLYSIS,1.62124827939309,0.00276457159896468,PYGL
D1,PH_pass,GLYCOLYSIS,1.62124827939309,0.00276457159896468,CXCR4
D1,PH_pass,GLYCOLYSIS,1.62124827939309,0.00276457159896468,PLOD2
D1,PH_pass,GLYCOLYSIS,1.62124827939309,0.00276457159896468,HDLBP
D1,PH_pass,GLYCOLYSIS,1.62124827939309,0.00276457159896468,CDK1
D1,PH_pass,GLYCOLYSIS,1.62124827939309,0.00276457159896468,CAPN5
D1,PH_pass,GLYCOLYSIS,1.62124827939309,0.00276457159896468,PHKA2
D1,PH_pass,GLYCOLYSIS,1.62124827939309,0.00276457159896468,CITED2
D1,PH_pass,GLYCOLYSIS,1.62124827939309,0.00276457159896468,GOT1
D1,PH_pass,GLYCOLYSIS,1.62124827939309,0.00276457159896468,CLDN9
D1,PH_pass,GLYCOLYSIS,1.62124827939309,0.00276457159896468,MERTK
D1,PH_pass,GLYCOLYSIS,1.62124827939309,0.00276457159896468,STMN1
D1,PH_pass,GLYCOLYSIS,1.62124827939309,0.00276457159896468,CHST2
D1,PH_pass,GLYCOLYSIS,1.62124827939309,0.00276457159896468,GCLC
D1,PH_pass,GLYCOLYSIS,1.62124827939309,0.00276457159896468,TFF3
D1,PH_pass,GLYCOLYSIS,1.62124827939309,0.00276457159896468,CYB5A
D1,PH_pass,GLYCOLYSIS,1.62124827939309,0.00276457159896468,GALE
D1,PH_pass,GLYCOLYSIS,1.62124827939309,0.00276457159896468,AK4
D1,PH_pass,GLYCOLYSIS,1.62124827939309,0.00276457159896468,NOL3
D1,PH_pass,GLYCOLYSIS,1.62124827939309,0.00276457159896468,KIF20A
D1,PH_pass,GLYCOLYSIS,1.62124827939309,0.00276457159896468,AURKA
D1,PH_pass,GLYCOLYSIS,1.62124827939309,0.00276457159896468,TALDO1
D1,PH_pass,GLYCOLYSIS,1.62124827939309,0.00276457159896468,UGP2
D1,PH_pass,GLYCOLYSIS,1.62124827939309,0.00276457159896468,RBCK1
D1,PH_pass,HEDGEHOG_SIGNALING,1.68272979182854,0.0198100668179418,VEGFA
D1,PH_pass,HEDGEHOG_SIGNALING,1.68272979182854,0.0198100668179418,ETS2
D1,PH_pass,HEDGEHOG_SIGNALING,1.68272979182854,0.0198100668179418,VLDLR
D1,PH_pass,HEDGEHOG_SIGNALING,1.68272979182854,0.0198100668179418,CDK5R1
D1,PH_pass,HEDGEHOG_SIGNALING,1.68272979182854,0.0198100668179418,ACHE
D1,PH_pass,HEDGEHOG_SIGNALING,1.68272979182854,0.0198100668179418,TLE1
D1,PH_pass,HEDGEHOG_SIGNALING,1.68272979182854,0.0198100668179418,NF1
D1,PH_pass,HEME_METABOLISM,2.68034838246823,2.88123657057952e-19,ABCB6
D1,PH_pass,HEME_METABOLISM,2.68034838246823,2.88123657057952e-19,TMCC2
D1,PH_pass,HEME_METABOLISM,2.68034838246823,2.88123657057952e-19,SLC2A1
D1,PH_pass,HEME_METABOLISM,2.68034838246823,2.88123657057952e-19,SMOX
D1,PH_pass,HEME_METABOLISM,2.68034838246823,2.88123657057952e-19,SLC7A11
D1,PH_pass,HEME_METABOLISM,2.68034838246823,2.88123657057952e-19,RHAG
D1,PH_pass,HEME_METABOLISM,2.68034838246823,2.88123657057952e-19,RHD
D1,PH_pass,HEME_METABOLISM,2.68034838246823,2.88123657057952e-19,ANK1
D1,PH_pass,HEME_METABOLISM,2.68034838246823,2.88123657057952e-19,TAL1
D1,PH_pass,HEME_METABOLISM,2.68034838246823,2.88123657057952e-19,ARHGEF12
D1,PH_pass,HEME_METABOLISM,2.68034838246823,2.88123657057952e-19,NARF
D1,PH_pass,HEME_METABOLISM,2.68034838246823,2.88123657057952e-19,SPTB
D1,PH_pass,HEME_METABOLISM,2.68034838246823,2.88123657057952e-19,CCND3
D1,PH_pass,HEME_METABOLISM,2.68034838246823,2.88123657057952e-19,SLC6A9
D1,PH_pass,HEME_METABOLISM,2.68034838246823,2.88123657057952e-19,RAP1GAP
D1,PH_pass,HEME_METABOLISM,2.68034838246823,2.88123657057952e-19,ADD1
D1,PH_pass,HEME_METABOLISM,2.68034838246823,2.88123657057952e-19,RANBP10
D1,PH_pass,HEME_METABOLISM,2.68034838246823,2.88123657057952e-19,DMTN
D1,PH_pass,HEME_METABOLISM,2.68034838246823,2.88123657057952e-19,CA2
D1,PH_pass,HEME_METABOLISM,2.68034838246823,2.88123657057952e-19,OSBP2
D1,PH_pass,HEME_METABOLISM,2.68034838246823,2.88123657057952e-19,EZH1
D1,PH_pass,HEME_METABOLISM,2.68034838246823,2.88123657057952e-19,MPP1
D1,PH_pass,HEME_METABOLISM,2.68034838246823,2.88123657057952e-19,DCAF11
D1,PH_pass,HEME_METABOLISM,2.68034838246823,2.88123657057952e-19,SPTA1
D1,PH_pass,HEME_METABOLISM,2.68034838246823,2.88123657057952e-19,MAP2K3
D1,PH_pass,HEME_METABOLISM,2.68034838246823,2.88123657057952e-19,ENDOD1
D1,PH_pass,HEME_METABOLISM,2.68034838246823,2.88123657057952e-19,HMBS
D1,PH_pass,HEME_METABOLISM,2.68034838246823,2.88123657057952e-19,SLC25A37
D1,PH_pass,HEME_METABOLISM,2.68034838246823,2.88123657057952e-19,FOXO3
D1,PH_pass,HEME_METABOLISM,2.68034838246823,2.88123657057952e-19,KEL
D1,PH_pass,HEME_METABOLISM,2.68034838246823,2.88123657057952e-19,CDR2
D1,PH_pass,HEME_METABOLISM,2.68034838246823,2.88123657057952e-19,PRDX2
D1,PH_pass,HEME_METABOLISM,2.68034838246823,2.88123657057952e-19,SLC66A2
D1,PH_pass,HEME_METABOLISM,2.68034838246823,2.88123657057952e-19,UBAC1
D1,PH_pass,HEME_METABOLISM,2.68034838246823,2.88123657057952e-19,SLC6A8
D1,PH_pass,HEME_METABOLISM,2.68034838246823,2.88123657057952e-19,EPB42
D1,PH_pass,HEME_METABOLISM,2.68034838246823,2.88123657057952e-19,GCLM
D1,PH_pass,HEME_METABOLISM,2.68034838246823,2.88123657057952e-19,EIF2AK1
D1,PH_pass,HEME_METABOLISM,2.68034838246823,2.88123657057952e-19,RHCE
D1,PH_pass,HEME_METABOLISM,2.68034838246823,2.88123657057952e-19,MARCHF8
D1,PH_pass,HEME_METABOLISM,2.68034838246823,2.88123657057952e-19,HDGF
D1,PH_pass,HEME_METABOLISM,2.68034838246823,2.88123657057952e-19,PSMD9
D1,PH_pass,HEME_METABOLISM,2.68034838246823,2.88123657057952e-19,KLF1
D1,PH_pass,HEME_METABOLISM,2.68034838246823,2.88123657057952e-19,TFRC
D1,PH_pass,HEME_METABOLISM,2.68034838246823,2.88123657057952e-19,GATA1
D1,PH_pass,HEME_METABOLISM,2.68034838246823,2.88123657057952e-19,CA1
D1,PH_pass,HEME_METABOLISM,2.68034838246823,2.88123657057952e-19,MARCHF2
D1,PH_pass,HEME_METABOLISM,2.68034838246823,2.88123657057952e-19,H1-0
D1,PH_pass,HEME_METABOLISM,2.68034838246823,2.88123657057952e-19,XPO7
D1,PH_pass,HEME_METABOLISM,2.68034838246823,2.88123657057952e-19,MFHAS1
D1,PH_pass,HEME_METABOLISM,2.68034838246823,2.88123657057952e-19,YPEL5
D1,PH_pass,HEME_METABOLISM,2.68034838246823,2.88123657057952e-19,ACKR1
D1,PH_pass,HEME_METABOLISM,2.68034838246823,2.88123657057952e-19,MARK3
D1,PH_pass,HEME_METABOLISM,2.68034838246823,2.88123657057952e-19,PPP2R5B
D1,PH_pass,HEME_METABOLISM,2.68034838246823,2.88123657057952e-19,NFE2
D1,PH_pass,HEME_METABOLISM,2.68034838246823,2.88123657057952e-19,ATP6V0A1
D1,PH_pass,HEME_METABOLISM,2.68034838246823,2.88123657057952e-19,ELL2
D1,PH_pass,HEME_METABOLISM,2.68034838246823,2.88123657057952e-19,ASNS
D1,PH_pass,HEME_METABOLISM,2.68034838246823,2.88123657057952e-19,ACSL6
D1,PH_pass,HEME_METABOLISM,2.68034838246823,2.88123657057952e-19,FN3K
D1,PH_pass,HEME_METABOLISM,2.68034838246823,2.88123657057952e-19,RBM38
D1,PH_pass,HEME_METABOLISM,2.68034838246823,2.88123657057952e-19,RNF123
D1,PH_pass,HEME_METABOLISM,2.68034838246823,2.88123657057952e-19,XK
D1,PH_pass,HEME_METABOLISM,2.68034838246823,2.88123657057952e-19,BCAM
D1,PH_pass,HEME_METABOLISM,2.68034838246823,2.88123657057952e-19,E2F2
D1,PH_pass,HEME_METABOLISM,2.68034838246823,2.88123657057952e-19,TRIM58
D1,PH_pass,HEME_METABOLISM,2.68034838246823,2.88123657057952e-19,LPIN2
D1,PH_pass,HEME_METABOLISM,2.68034838246823,2.88123657057952e-19,GYPC
D1,PH_pass,HEME_METABOLISM,2.68034838246823,2.88123657057952e-19,TNS1
D1,PH_pass,HEME_METABOLISM,2.68034838246823,2.88123657057952e-19,FBXO34
D1,PH_pass,HEME_METABOLISM,2.68034838246823,2.88123657057952e-19,PDZK1IP1
D1,PH_pass,HEME_METABOLISM,2.68034838246823,2.88123657057952e-19,RAD23A
D1,PH_pass,HEME_METABOLISM,2.68034838246823,2.88123657057952e-19,MBOAT2
D1,PH_pass,HEME_METABOLISM,2.68034838246823,2.88123657057952e-19,H4C3
D1,PH_pass,HEME_METABOLISM,2.68034838246823,2.88123657057952e-19,NUDT4
D1,PH_pass,HEME_METABOLISM,2.68034838246823,2.88123657057952e-19,SLC4A1
D1,PH_pass,HEME_METABOLISM,2.68034838246823,2.88123657057952e-19,ADIPOR1
D1,PH_pass,HEME_METABOLISM,2.68034838246823,2.88123657057952e-19,CTNS
D1,PH_pass,HEME_METABOLISM,2.68034838246823,2.88123657057952e-19,ALAD
D1,PH_pass,HEME_METABOLISM,2.68034838246823,2.88123657057952e-19,CCDC28A
D1,PH_pass,HEME_METABOLISM,2.68034838246823,2.88123657057952e-19,BSG
D1,PH_pass,HEME_METABOLISM,2.68034838246823,2.88123657057952e-19,DCAF10
D1,PH_pass,HEME_METABOLISM,2.68034838246823,2.88123657057952e-19,TSPO2
D1,PH_pass,HEME_METABOLISM,2.68034838246823,2.88123657057952e-19,SELENBP1
D1,PH_pass,HEME_METABOLISM,2.68034838246823,2.88123657057952e-19,ERMAP
D1,PH_pass,HEME_METABOLISM,2.68034838246823,2.88123657057952e-19,SLC22A4
D1,PH_pass,HEME_METABOLISM,2.68034838246823,2.88123657057952e-19,TOP1
D1,PH_pass,HEME_METABOLISM,2.68034838246823,2.88123657057952e-19,PIGQ
D1,PH_pass,HEME_METABOLISM,2.68034838246823,2.88123657057952e-19,GYPE
D1,PH_pass,HEME_METABOLISM,2.68034838246823,2.88123657057952e-19,SLC10A3
D1,PH_pass,HEME_METABOLISM,2.68034838246823,2.88123657057952e-19,GAPVD1
D1,PH_pass,HEME_METABOLISM,2.68034838246823,2.88123657057952e-19,GCLC
D1,PH_pass,HEME_METABOLISM,2.68034838246823,2.88123657057952e-19,FBXO9
D1,PH_pass,HEME_METABOLISM,2.68034838246823,2.88123657057952e-19,NR3C1
D1,PH_pass,HEME_METABOLISM,2.68034838246823,2.88123657057952e-19,GLRX5
D1,PH_pass,HEME_METABOLISM,2.68034838246823,2.88123657057952e-19,HTRA2
D1,PH_pass,HEME_METABOLISM,2.68034838246823,2.88123657057952e-19,UROD
D1,PH_pass,HEME_METABOLISM,2.68034838246823,2.88123657057952e-19,FBXO7
D1,PH_pass,HEME_METABOLISM,2.68034838246823,2.88123657057952e-19,MYL4
D1,PH_pass,HEME_METABOLISM,2.68034838246823,2.88123657057952e-19,GDE1
D1,PH_pass,HEME_METABOLISM,2.68034838246823,2.88123657057952e-19,TRIM10
D1,PH_pass,HEME_METABOLISM,2.68034838246823,2.88123657057952e-19,TFDP2
D1,PH_pass,HEME_METABOLISM,2.68034838246823,2.88123657057952e-19,KDM7A
D1,PH_pass,HEME_METABOLISM,2.68034838246823,2.88123657057952e-19,RCL1
D1,PH_pass,HEME_METABOLISM,2.68034838246823,2.88123657057952e-19,CPOX
D1,PH_pass,HEME_METABOLISM,2.68034838246823,2.88123657057952e-19,TENT5C
D1,PH_pass,HEME_METABOLISM,2.68034838246823,2.88123657057952e-19,PC
D1,PH_pass,HEME_METABOLISM,2.68034838246823,2.88123657057952e-19,GYPB
D1,PH_pass,HEME_METABOLISM,2.68034838246823,2.88123657057952e-19,ABCG2
D1,PH_pass,HEME_METABOLISM,2.68034838246823,2.88123657057952e-19,HAGH
D1,PH_pass,HEME_METABOLISM,2.68034838246823,2.88123657057952e-19,USP15
D1,PH_pass,HEME_METABOLISM,2.68034838246823,2.88123657057952e-19,RBM5
D1,PH_pass,HEME_METABOLISM,2.68034838246823,2.88123657057952e-19,RIOK3
D1,PH_pass,HEME_METABOLISM,2.68034838246823,2.88123657057952e-19,MXI1
D1,PH_pass,HEME_METABOLISM,2.68034838246823,2.88123657057952e-19,CLIC2
D1,PH_pass,HEME_METABOLISM,2.68034838246823,2.88123657057952e-19,RNF19A
D1,PH_pass,HYPOXIA,2.40742474465416,6.30544495444554e-12,VEGFA
D1,PH_pass,HYPOXIA,2.40742474465416,6.30544495444554e-12,NDRG1
D1,PH_pass,HYPOXIA,2.40742474465416,6.30544495444554e-12,IRS2
D1,PH_pass,HYPOXIA,2.40742474465416,6.30544495444554e-12,DDIT3
D1,PH_pass,HYPOXIA,2.40742474465416,6.30544495444554e-12,SLC2A1
D1,PH_pass,HYPOXIA,2.40742474465416,6.30544495444554e-12,JMJD6
D1,PH_pass,HYPOXIA,2.40742474465416,6.30544495444554e-12,DDIT4
D1,PH_pass,HYPOXIA,2.40742474465416,6.30544495444554e-12,NEDD4L
D1,PH_pass,HYPOXIA,2.40742474465416,6.30544495444554e-12,MAFF
D1,PH_pass,HYPOXIA,2.40742474465416,6.30544495444554e-12,IER3
D1,PH_pass,HYPOXIA,2.40742474465416,6.30544495444554e-12,HK2
D1,PH_pass,HYPOXIA,2.40742474465416,6.30544495444554e-12,VLDLR
D1,PH_pass,HYPOXIA,2.40742474465416,6.30544495444554e-12,PGM1
D1,PH_pass,HYPOXIA,2.40742474465416,6.30544495444554e-12,HK1
D1,PH_pass,HYPOXIA,2.40742474465416,6.30544495444554e-12,PFKFB3
D1,PH_pass,HYPOXIA,2.40742474465416,6.30544495444554e-12,PNRC1
D1,PH_pass,HYPOXIA,2.40742474465416,6.30544495444554e-12,SDC4
D1,PH_pass,HYPOXIA,2.40742474465416,6.30544495444554e-12,RRAGD
D1,PH_pass,HYPOXIA,2.40742474465416,6.30544495444554e-12,NFIL3
D1,PH_pass,HYPOXIA,2.40742474465416,6.30544495444554e-12,TGM2
D1,PH_pass,HYPOXIA,2.40742474465416,6.30544495444554e-12,CAVIN1
D1,PH_pass,HYPOXIA,2.40742474465416,6.30544495444554e-12,FOXO3
D1,PH_pass,HYPOXIA,2.40742474465416,6.30544495444554e-12,SIAH2
D1,PH_pass,HYPOXIA,2.40742474465416,6.30544495444554e-12,KLF6
D1,PH_pass,HYPOXIA,2.40742474465416,6.30544495444554e-12,NDST1
D1,PH_pass,HYPOXIA,2.40742474465416,6.30544495444554e-12,MT1E
D1,PH_pass,HYPOXIA,2.40742474465416,6.30544495444554e-12,NOCT
D1,PH_pass,HYPOXIA,2.40742474465416,6.30544495444554e-12,PIM1
D1,PH_pass,HYPOXIA,2.40742474465416,6.30544495444554e-12,SAP30
D1,PH_pass,HYPOXIA,2.40742474465416,6.30544495444554e-12,ALDOA
D1,PH_pass,HYPOXIA,2.40742474465416,6.30544495444554e-12,SLC2A3
D1,PH_pass,HYPOXIA,2.40742474465416,6.30544495444554e-12,PRKCA
D1,PH_pass,HYPOXIA,2.40742474465416,6.30544495444554e-12,PPP1R15A
D1,PH_pass,HYPOXIA,2.40742474465416,6.30544495444554e-12,SERPINE1
D1,PH_pass,HYPOXIA,2.40742474465416,6.30544495444554e-12,TNFAIP3
D1,PH_pass,HYPOXIA,2.40742474465416,6.30544495444554e-12,SLC6A6
D1,PH_pass,HYPOXIA,2.40742474465416,6.30544495444554e-12,KLF7
D1,PH_pass,HYPOXIA,2.40742474465416,6.30544495444554e-12,FOSL2
D1,PH_pass,HYPOXIA,2.40742474465416,6.30544495444554e-12,PAM
D1,PH_pass,HYPOXIA,2.40742474465416,6.30544495444554e-12,ANKZF1
D1,PH_pass,HYPOXIA,2.40742474465416,6.30544495444554e-12,GYS1
D1,PH_pass,HYPOXIA,2.40742474465416,6.30544495444554e-12,ALDOC
D1,PH_pass,HYPOXIA,2.40742474465416,6.30544495444554e-12,NDST2
D1,PH_pass,HYPOXIA,2.40742474465416,6.30544495444554e-12,PHKG1
D1,PH_pass,HYPOXIA,2.40742474465416,6.30544495444554e-12,GAPDH
D1,PH_pass,HYPOXIA,2.40742474465416,6.30544495444554e-12,EXT1
D1,PH_pass,HYPOXIA,2.40742474465416,6.30544495444554e-12,VHL
D1,PH_pass,HYPOXIA,2.40742474465416,6.30544495444554e-12,EFNA1
D1,PH_pass,HYPOXIA,2.40742474465416,6.30544495444554e-12,PLIN2
D1,PH_pass,HYPOXIA,2.40742474465416,6.30544495444554e-12,GBE1
D1,PH_pass,HYPOXIA,2.40742474465416,6.30544495444554e-12,PRDX5
D1,PH_pass,HYPOXIA,2.40742474465416,6.30544495444554e-12,ENO1
D1,PH_pass,HYPOXIA,2.40742474465416,6.30544495444554e-12,PFKP
D1,PH_pass,HYPOXIA,2.40742474465416,6.30544495444554e-12,LDHA
D1,PH_pass,HYPOXIA,2.40742474465416,6.30544495444554e-12,GPI
D1,PH_pass,HYPOXIA,2.40742474465416,6.30544495444554e-12,MYH9
D1,PH_pass,HYPOXIA,2.40742474465416,6.30544495444554e-12,CXCR4
D1,PH_pass,HYPOXIA,2.40742474465416,6.30544495444554e-12,ENO3
D1,PH_pass,HYPOXIA,2.40742474465416,6.30544495444554e-12,HDLBP
D1,PH_pass,HYPOXIA,2.40742474465416,6.30544495444554e-12,TMEM45A
D1,PH_pass,HYPOXIA,2.40742474465416,6.30544495444554e-12,CITED2
D1,PH_pass,HYPOXIA,2.40742474465416,6.30544495444554e-12,SELENBP1
D1,PH_pass,HYPOXIA,2.40742474465416,6.30544495444554e-12,CDKN1B
D1,PH_pass,HYPOXIA,2.40742474465416,6.30544495444554e-12,TPST2
D1,PH_pass,HYPOXIA,2.40742474465416,6.30544495444554e-12,PDK1
D1,PH_pass,HYPOXIA,2.40742474465416,6.30544495444554e-12,BTG1
D1,PH_pass,HYPOXIA,2.40742474465416,6.30544495444554e-12,PDGFB
D1,PH_pass,HYPOXIA,2.40742474465416,6.30544495444554e-12,CHST2
D1,PH_pass,HYPOXIA,2.40742474465416,6.30544495444554e-12,JUN
D1,PH_pass,HYPOXIA,2.40742474465416,6.30544495444554e-12,XPNPEP1
D1,PH_pass,HYPOXIA,2.40742474465416,6.30544495444554e-12,NR3C1
D1,PH_pass,HYPOXIA,2.40742474465416,6.30544495444554e-12,CSRP2
D1,PH_pass,IL2_STAT5_SIGNALING,1.54806203943962,0.00481502873988977,NDRG1
D1,PH_pass,IL2_STAT5_SIGNALING,1.54806203943962,0.00481502873988977,GABARAPL1
D1,PH_pass,IL2_STAT5_SIGNALING,1.54806203943962,0.00481502873988977,IL1R2
D1,PH_pass,IL2_STAT5_SIGNALING,1.54806203943962,0.00481502873988977,SPRED2
D1,PH_pass,IL2_STAT5_SIGNALING,1.54806203943962,0.00481502873988977,MAPKAPK2
D1,PH_pass,IL2_STAT5_SIGNALING,1.54806203943962,0.00481502873988977,IL1RL1
D1,PH_pass,IL2_STAT5_SIGNALING,1.54806203943962,0.00481502873988977,HIPK2
D1,PH_pass,IL2_STAT5_SIGNALING,1.54806203943962,0.00481502873988977,IL18R1
D1,PH_pass,IL2_STAT5_SIGNALING,1.54806203943962,0.00481502873988977,MAFF
D1,PH_pass,IL2_STAT5_SIGNALING,1.54806203943962,0.00481502873988977,FURIN
D1,PH_pass,IL2_STAT5_SIGNALING,1.54806203943962,0.00481502873988977,ADAM19
D1,PH_pass,IL2_STAT5_SIGNALING,1.54806203943962,0.00481502873988977,HK2
D1,PH_pass,IL2_STAT5_SIGNALING,1.54806203943962,0.00481502873988977,CCND3
D1,PH_pass,IL2_STAT5_SIGNALING,1.54806203943962,0.00481502873988977,IGF1R
D1,PH_pass,IL2_STAT5_SIGNALING,1.54806203943962,0.00481502873988977,CST7
D1,PH_pass,IL2_STAT5_SIGNALING,1.54806203943962,0.00481502873988977,CA2
D1,PH_pass,IL2_STAT5_SIGNALING,1.54806203943962,0.00481502873988977,SELP
D1,PH_pass,IL2_STAT5_SIGNALING,1.54806203943962,0.00481502873988977,IL4R
D1,PH_pass,IL2_STAT5_SIGNALING,1.54806203943962,0.00481502873988977,RRAGD
D1,PH_pass,IL2_STAT5_SIGNALING,1.54806203943962,0.00481502873988977,NFIL3
D1,PH_pass,IL2_STAT5_SIGNALING,1.54806203943962,0.00481502873988977,TGM2
D1,PH_pass,IL2_STAT5_SIGNALING,1.54806203943962,0.00481502873988977,RGS16
D1,PH_pass,IL2_STAT5_SIGNALING,1.54806203943962,0.00481502873988977,PHLDA1
D1,PH_pass,IL2_STAT5_SIGNALING,1.54806203943962,0.00481502873988977,KLF6
D1,PH_pass,IL2_STAT5_SIGNALING,1.54806203943962,0.00481502873988977,CKAP4
D1,PH_pass,IL2_STAT5_SIGNALING,1.54806203943962,0.00481502873988977,PIM1
D1,PH_pass,IL2_STAT5_SIGNALING,1.54806203943962,0.00481502873988977,DENND5A
D1,PH_pass,IL2_STAT5_SIGNALING,1.54806203943962,0.00481502873988977,PNP
D1,PH_pass,IL2_STAT5_SIGNALING,1.54806203943962,0.00481502873988977,SLC2A3
D1,PH_pass,IL2_STAT5_SIGNALING,1.54806203943962,0.00481502873988977,GADD45B
D1,PH_pass,IL2_STAT5_SIGNALING,1.54806203943962,0.00481502873988977,CSF1
D1,PH_pass,IL2_STAT5_SIGNALING,1.54806203943962,0.00481502873988977,AGER
D1,PH_pass,IL2_STAT5_SIGNALING,1.54806203943962,0.00481502873988977,GATA1
D1,PH_pass,IL2_STAT5_SIGNALING,1.54806203943962,0.00481502873988977,PLEC
D1,PH_pass,IL2_STAT5_SIGNALING,1.54806203943962,0.00481502873988977,SLC1A5
D1,PH_pass,IL2_STAT5_SIGNALING,1.54806203943962,0.00481502873988977,CCNE1
D1,PH_pass,IL2_STAT5_SIGNALING,1.54806203943962,0.00481502873988977,FAH
D1,PH_pass,IL2_STAT5_SIGNALING,1.54806203943962,0.00481502873988977,MXD1
D1,PH_pass,IL6_JAK_STAT3_SIGNALING,1.36336647811113,0.0912771620814874,IL1R2
D1,PH_pass,IL6_JAK_STAT3_SIGNALING,1.36336647811113,0.0912771620814874,IL18R1
D1,PH_pass,IL6_JAK_STAT3_SIGNALING,1.36336647811113,0.0912771620814874,ITGB3
D1,PH_pass,IL6_JAK_STAT3_SIGNALING,1.36336647811113,0.0912771620814874,IL4R
D1,PH_pass,IL6_JAK_STAT3_SIGNALING,1.36336647811113,0.0912771620814874,PF4
D1,PH_pass,IL6_JAK_STAT3_SIGNALING,1.36336647811113,0.0912771620814874,ACVR1B
D1,PH_pass,IL6_JAK_STAT3_SIGNALING,1.36336647811113,0.0912771620814874,STAT3
D1,PH_pass,IL6_JAK_STAT3_SIGNALING,1.36336647811113,0.0912771620814874,PIM1
D1,PH_pass,IL6_JAK_STAT3_SIGNALING,1.36336647811113,0.0912771620814874,CD9
D1,PH_pass,IL6_JAK_STAT3_SIGNALING,1.36336647811113,0.0912771620814874,IL17RA
D1,PH_pass,IL6_JAK_STAT3_SIGNALING,1.36336647811113,0.0912771620814874,CSF1
D1,PH_pass,IL6_JAK_STAT3_SIGNALING,1.36336647811113,0.0912771620814874,IRF9
D1,PH_pass,IL6_JAK_STAT3_SIGNALING,1.36336647811113,0.0912771620814874,PIK3R5
D1,PH_pass,IL6_JAK_STAT3_SIGNALING,1.36336647811113,0.0912771620814874,IL10RB
D1,PH_pass,IL6_JAK_STAT3_SIGNALING,1.36336647811113,0.0912771620814874,TNFRSF12A
D1,PH_pass,IL6_JAK_STAT3_SIGNALING,1.36336647811113,0.0912771620814874,TGFB1
D1,PH_pass,IL6_JAK_STAT3_SIGNALING,1.36336647811113,0.0912771620814874,CSF3R
D1,PH_pass,IL6_JAK_STAT3_SIGNALING,1.36336647811113,0.0912771620814874,IL1R1
D1,PH_pass,IL6_JAK_STAT3_SIGNALING,1.36336647811113,0.0912771620814874,TYK2
D1,PH_pass,IL6_JAK_STAT3_SIGNALING,1.36336647811113,0.0912771620814874,GRB2
D1,PH_pass,IL6_JAK_STAT3_SIGNALING,1.36336647811113,0.0912771620814874,IFNGR2
D1,PH_pass,IL6_JAK_STAT3_SIGNALING,1.36336647811113,0.0912771620814874,CSF2RA
D1,PH_pass,IL6_JAK_STAT3_SIGNALING,1.36336647811113,0.0912771620814874,PTPN11
D1,PH_pass,IL6_JAK_STAT3_SIGNALING,1.36336647811113,0.0912771620814874,JUN
D1,PH_pass,IL6_JAK_STAT3_SIGNALING,1.36336647811113,0.0912771620814874,PTPN1
D1,PH_pass,IL6_JAK_STAT3_SIGNALING,1.36336647811113,0.0912771620814874,IL3RA
D1,PH_pass,IL6_JAK_STAT3_SIGNALING,1.36336647811113,0.0912771620814874,SOCS3
D1,PH_pass,IL6_JAK_STAT3_SIGNALING,1.36336647811113,0.0912771620814874,ACVRL1
D1,PH_pass,IL6_JAK_STAT3_SIGNALING,1.36336647811113,0.0912771620814874,CBL
D1,PH_pass,INFLAMMATORY_RESPONSE,1.45186088545647,0.0211631945577338,EREG
D1,PH_pass,INFLAMMATORY_RESPONSE,1.45186088545647,0.0211631945577338,IL18R1
D1,PH_pass,INFLAMMATORY_RESPONSE,1.45186088545647,0.0211631945577338,LDLR
D1,PH_pass,INFLAMMATORY_RESPONSE,1.45186088545647,0.0211631945577338,KIF1B
D1,PH_pass,INFLAMMATORY_RESPONSE,1.45186088545647,0.0211631945577338,NFKBIA
D1,PH_pass,INFLAMMATORY_RESPONSE,1.45186088545647,0.0211631945577338,ITGB3
D1,PH_pass,INFLAMMATORY_RESPONSE,1.45186088545647,0.0211631945577338,RNF144B
D1,PH_pass,INFLAMMATORY_RESPONSE,1.45186088545647,0.0211631945577338,IL4R
D1,PH_pass,INFLAMMATORY_RESPONSE,1.45186088545647,0.0211631945577338,IL18RAP
D1,PH_pass,INFLAMMATORY_RESPONSE,1.45186088545647,0.0211631945577338,RGS16
D1,PH_pass,INFLAMMATORY_RESPONSE,1.45186088545647,0.0211631945577338,ACVR1B
D1,PH_pass,INFLAMMATORY_RESPONSE,1.45186088545647,0.0211631945577338,EIF2AK2
D1,PH_pass,INFLAMMATORY_RESPONSE,1.45186088545647,0.0211631945577338,HBEGF
D1,PH_pass,INFLAMMATORY_RESPONSE,1.45186088545647,0.0211631945577338,KLF6
D1,PH_pass,INFLAMMATORY_RESPONSE,1.45186088545647,0.0211631945577338,SLC7A1
D1,PH_pass,INFLAMMATORY_RESPONSE,1.45186088545647,0.0211631945577338,HIF1A
D1,PH_pass,INFLAMMATORY_RESPONSE,1.45186088545647,0.0211631945577338,GP1BA
D1,PH_pass,INFLAMMATORY_RESPONSE,1.45186088545647,0.0211631945577338,CSF1
D1,PH_pass,INFLAMMATORY_RESPONSE,1.45186088545647,0.0211631945577338,SERPINE1
D1,PH_pass,INFLAMMATORY_RESPONSE,1.45186088545647,0.0211631945577338,INHBA
D1,PH_pass,INFLAMMATORY_RESPONSE,1.45186088545647,0.0211631945577338,CD82
D1,PH_pass,INFLAMMATORY_RESPONSE,1.45186088545647,0.0211631945577338,LCP2
D1,PH_pass,INFLAMMATORY_RESPONSE,1.45186088545647,0.0211631945577338,GABBR1
D1,PH_pass,INFLAMMATORY_RESPONSE,1.45186088545647,0.0211631945577338,PIK3R5
D1,PH_pass,INFLAMMATORY_RESPONSE,1.45186088545647,0.0211631945577338,MXD1
D1,PH_pass,INFLAMMATORY_RESPONSE,1.45186088545647,0.0211631945577338,C3AR1
D1,PH_pass,INFLAMMATORY_RESPONSE,1.45186088545647,0.0211631945577338,OSM
D1,PH_pass,INFLAMMATORY_RESPONSE,1.45186088545647,0.0211631945577338,PSEN1
D1,PH_pass,INFLAMMATORY_RESPONSE,1.45186088545647,0.0211631945577338,CD55
D1,PH_pass,INFLAMMATORY_RESPONSE,1.45186088545647,0.0211631945577338,MEFV
D1,PH_pass,INFLAMMATORY_RESPONSE,1.45186088545647,0.0211631945577338,SRI
D1,PH_pass,INFLAMMATORY_RESPONSE,1.45186088545647,0.0211631945577338,RGS1
D1,PH_pass,INFLAMMATORY_RESPONSE,1.45186088545647,0.0211631945577338,RHOG
D1,PH_pass,INFLAMMATORY_RESPONSE,1.45186088545647,0.0211631945577338,RELA
D1,PH_pass,INFLAMMATORY_RESPONSE,1.45186088545647,0.0211631945577338,TIMP1
D1,PH_pass,INFLAMMATORY_RESPONSE,1.45186088545647,0.0211631945577338,FZD5
D1,PH_pass,INFLAMMATORY_RESPONSE,1.45186088545647,0.0211631945577338,CSF3R
D1,PH_pass,INFLAMMATORY_RESPONSE,1.45186088545647,0.0211631945577338,PTPRE
D1,PH_pass,INFLAMMATORY_RESPONSE,1.45186088545647,0.0211631945577338,PTGIR
D1,PH_pass,INFLAMMATORY_RESPONSE,1.45186088545647,0.0211631945577338,IL1R1
D1,PH_pass,INFLAMMATORY_RESPONSE,1.45186088545647,0.0211631945577338,GPR132
D1,PH_pass,INFLAMMATORY_RESPONSE,1.45186088545647,0.0211631945577338,IFNGR2
D1,PH_pass,INFLAMMATORY_RESPONSE,1.45186088545647,0.0211631945577338,NLRP3
D1,PH_pass,INFLAMMATORY_RESPONSE,1.45186088545647,0.0211631945577338,IL10
D1,PH_pass,INFLAMMATORY_RESPONSE,1.45186088545647,0.0211631945577338,OLR1
D1,PH_pass,INFLAMMATORY_RESPONSE,1.45186088545647,0.0211631945577338,RAF1
D1,PH_pass,INFLAMMATORY_RESPONSE,1.45186088545647,0.0211631945577338,CLEC5A
D1,PH_pass,INFLAMMATORY_RESPONSE,1.45186088545647,0.0211631945577338,CHST2
D1,PH_pass,INFLAMMATORY_RESPONSE,1.45186088545647,0.0211631945577338,C5AR1
D1,PH_pass,INFLAMMATORY_RESPONSE,1.45186088545647,0.0211631945577338,IRAK2
D1,PH_pass,INFLAMMATORY_RESPONSE,1.45186088545647,0.0211631945577338,TAPBP
D1,PH_pass,INFLAMMATORY_RESPONSE,1.45186088545647,0.0211631945577338,CDKN1A
D1,PH_pass,INFLAMMATORY_RESPONSE,1.45186088545647,0.0211631945577338,NFKB1
D1,PH_pass,INFLAMMATORY_RESPONSE,1.45186088545647,0.0211631945577338,SEMA4D
D1,PH_pass,INTERFERON_ALPHA_RESPONSE,0.714576397758637,0.95237414187643,GMPR
D1,PH_pass,INTERFERON_ALPHA_RESPONSE,0.714576397758637,0.95237414187643,IL4R
D1,PH_pass,INTERFERON_ALPHA_RESPONSE,0.714576397758637,0.95237414187643,EIF2AK2
D1,PH_pass,INTERFERON_ALPHA_RESPONSE,0.714576397758637,0.95237414187643,CSF1
D1,PH_pass,INTERFERON_ALPHA_RESPONSE,0.714576397758637,0.95237414187643,ADAR
D1,PH_pass,INTERFERON_ALPHA_RESPONSE,0.714576397758637,0.95237414187643,IRF9
D1,PH_pass,INTERFERON_ALPHA_RESPONSE,0.714576397758637,0.95237414187643,TMEM140
D1,PH_pass,INTERFERON_ALPHA_RESPONSE,0.714576397758637,0.95237414187643,TRIM25
D1,PH_pass,INTERFERON_ALPHA_RESPONSE,0.714576397758637,0.95237414187643,HELZ2
D1,PH_pass,INTERFERON_ALPHA_RESPONSE,0.714576397758637,0.95237414187643,CMPK2
D1,PH_pass,INTERFERON_ALPHA_RESPONSE,0.714576397758637,0.95237414187643,IFI27
D1,PH_pass,INTERFERON_GAMMA_RESPONSE,-1.03656135582228,0.415355562864024,FGL2
D1,PH_pass,INTERFERON_GAMMA_RESPONSE,-1.03656135582228,0.415355562864024,HLA-DRB1
D1,PH_pass,INTERFERON_GAMMA_RESPONSE,-1.03656135582228,0.415355562864024,HLA-DMA
D1,PH_pass,INTERFERON_GAMMA_RESPONSE,-1.03656135582228,0.415355562864024,IDO1
D1,PH_pass,INTERFERON_GAMMA_RESPONSE,-1.03656135582228,0.415355562864024,CD86
D1,PH_pass,INTERFERON_GAMMA_RESPONSE,-1.03656135582228,0.415355562864024,CXCL10
D1,PH_pass,INTERFERON_GAMMA_RESPONSE,-1.03656135582228,0.415355562864024,ST3GAL5
D1,PH_pass,INTERFERON_GAMMA_RESPONSE,-1.03656135582228,0.415355562864024,MARCHF1
D1,PH_pass,INTERFERON_GAMMA_RESPONSE,-1.03656135582228,0.415355562864024,SAMHD1
D1,PH_pass,INTERFERON_GAMMA_RESPONSE,-1.03656135582228,0.415355562864024,GZMA
D1,PH_pass,INTERFERON_GAMMA_RESPONSE,-1.03656135582228,0.415355562864024,P2RY14
D1,PH_pass,INTERFERON_GAMMA_RESPONSE,-1.03656135582228,0.415355562864024,LYSMD2
D1,PH_pass,INTERFERON_GAMMA_RESPONSE,-1.03656135582228,0.415355562864024,IRF8
D1,PH_pass,INTERFERON_GAMMA_RESPONSE,-1.03656135582228,0.415355562864024,AUTS2
D1,PH_pass,INTERFERON_GAMMA_RESPONSE,-1.03656135582228,0.415355562864024,CD74
D1,PH_pass,INTERFERON_GAMMA_RESPONSE,-1.03656135582228,0.415355562864024,PSMA2
D1,PH_pass,INTERFERON_GAMMA_RESPONSE,-1.03656135582228,0.415355562864024,CIITA
D1,PH_pass,INTERFERON_GAMMA_RESPONSE,-1.03656135582228,0.415355562864024,SLAMF7
D1,PH_pass,INTERFERON_GAMMA_RESPONSE,-1.03656135582228,0.415355562864024,GPR18
D1,PH_pass,INTERFERON_GAMMA_RESPONSE,-1.03656135582228,0.415355562864024,BANK1
D1,PH_pass,INTERFERON_GAMMA_RESPONSE,-1.03656135582228,0.415355562864024,GBP4
D1,PH_pass,INTERFERON_GAMMA_RESPONSE,-1.03656135582228,0.415355562864024,NUP93
D1,PH_pass,INTERFERON_GAMMA_RESPONSE,-1.03656135582228,0.415355562864024,CMKLR1
D1,PH_pass,INTERFERON_GAMMA_RESPONSE,-1.03656135582228,0.415355562864024,IL7
D1,PH_pass,INTERFERON_GAMMA_RESPONSE,-1.03656135582228,0.415355562864024,CD40
D1,PH_pass,INTERFERON_GAMMA_RESPONSE,-1.03656135582228,0.415355562864024,FCGR1A
D1,PH_pass,INTERFERON_GAMMA_RESPONSE,-1.03656135582228,0.415355562864024,HLA-DQA1
D1,PH_pass,INTERFERON_GAMMA_RESPONSE,-1.03656135582228,0.415355562864024,CASP8
D1,PH_pass,INTERFERON_GAMMA_RESPONSE,-1.03656135582228,0.415355562864024,PTPN2
D1,PH_pass,INTERFERON_GAMMA_RESPONSE,-1.03656135582228,0.415355562864024,ITGB7
D1,PH_pass,INTERFERON_GAMMA_RESPONSE,-1.03656135582228,0.415355562864024,NOD1
D1,PH_pass,INTERFERON_GAMMA_RESPONSE,-1.03656135582228,0.415355562864024,PSME2
D1,PH_pass,INTERFERON_GAMMA_RESPONSE,-1.03656135582228,0.415355562864024,GBP6
D1,PH_pass,INTERFERON_GAMMA_RESPONSE,-1.03656135582228,0.415355562864024,VAMP5
D1,PH_pass,INTERFERON_GAMMA_RESPONSE,-1.03656135582228,0.415355562864024,CD38
D1,PH_pass,INTERFERON_GAMMA_RESPONSE,-1.03656135582228,0.415355562864024,IL15
D1,PH_pass,INTERFERON_GAMMA_RESPONSE,-1.03656135582228,0.415355562864024,PSMB2
D1,PH_pass,INTERFERON_GAMMA_RESPONSE,-1.03656135582228,0.415355562864024,IL2RB
D1,PH_pass,INTERFERON_GAMMA_RESPONSE,-1.03656135582228,0.415355562864024,TNFSF10
D1,PH_pass,INTERFERON_GAMMA_RESPONSE,-1.03656135582228,0.415355562864024,CFB
D1,PH_pass,INTERFERON_GAMMA_RESPONSE,-1.03656135582228,0.415355562864024,IL15RA
D1,PH_pass,INTERFERON_GAMMA_RESPONSE,-1.03656135582228,0.415355562864024,RIPK2
D1,PH_pass,INTERFERON_GAMMA_RESPONSE,-1.03656135582228,0.415355562864024,PSMB10
D1,PH_pass,INTERFERON_GAMMA_RESPONSE,-1.03656135582228,0.415355562864024,PSMA3
D1,PH_pass,INTERFERON_GAMMA_RESPONSE,-1.03656135582228,0.415355562864024,VAMP8
D1,PH_pass,INTERFERON_GAMMA_RESPONSE,-1.03656135582228,0.415355562864024,OAS2
D1,PH_pass,KRAS_SIGNALING_DN,1.08048860484428,0.407019039181162,KLHDC8A
D1,PH_pass,KRAS_SIGNALING_DN,1.08048860484428,0.407019039181162,ZBTB16
D1,PH_pass,KRAS_SIGNALING_DN,1.08048860484428,0.407019039181162,PTGFR
D1,PH_pass,KRAS_SIGNALING_DN,1.08048860484428,0.407019039181162,STAG3
D1,PH_pass,KRAS_SIGNALING_DN,1.08048860484428,0.407019039181162,GTF3C5
D1,PH_pass,KRAS_SIGNALING_DN,1.08048860484428,0.407019039181162,GP1BA
D1,PH_pass,KRAS_SIGNALING_DN,1.08048860484428,0.407019039181162,BARD1
D1,PH_pass,KRAS_SIGNALING_DN,1.08048860484428,0.407019039181162,EGF
D1,PH_pass,KRAS_SIGNALING_DN,1.08048860484428,0.407019039181162,TFCP2L1
D1,PH_pass,KRAS_SIGNALING_DN,1.08048860484428,0.407019039181162,MAST3
D1,PH_pass,KRAS_SIGNALING_DN,1.08048860484428,0.407019039181162,MEFV
D1,PH_pass,KRAS_SIGNALING_DN,1.08048860484428,0.407019039181162,KMT2D
D1,PH_pass,KRAS_SIGNALING_DN,1.08048860484428,0.407019039181162,NR6A1
D1,PH_pass,KRAS_SIGNALING_DN,1.08048860484428,0.407019039181162,CCNA1
D1,PH_pass,KRAS_SIGNALING_DN,1.08048860484428,0.407019039181162,SKIL
D1,PH_pass,KRAS_SIGNALING_DN,1.08048860484428,0.407019039181162,HSD11B2
D1,PH_pass,KRAS_SIGNALING_DN,1.08048860484428,0.407019039181162,ASB7
D1,PH_pass,KRAS_SIGNALING_DN,1.08048860484428,0.407019039181162,SLC25A23
D1,PH_pass,KRAS_SIGNALING_DN,1.08048860484428,0.407019039181162,SERPINB2
D1,PH_pass,KRAS_SIGNALING_DN,1.08048860484428,0.407019039181162,CHST2
D1,PH_pass,KRAS_SIGNALING_DN,1.08048860484428,0.407019039181162,TCF7L1
D1,PH_pass,KRAS_SIGNALING_DN,1.08048860484428,0.407019039181162,KCND1
D1,PH_pass,KRAS_SIGNALING_DN,1.08048860484428,0.407019039181162,KRT1
D1,PH_pass,KRAS_SIGNALING_UP,1.06380684041455,0.408885582905058,EREG
D1,PH_pass,KRAS_SIGNALING_UP,1.06380684041455,0.408885582905058,TRIB1
D1,PH_pass,KRAS_SIGNALING_UP,1.06380684041455,0.408885582905058,GADD45G
D1,PH_pass,KRAS_SIGNALING_UP,1.06380684041455,0.408885582905058,CA2
D1,PH_pass,KRAS_SIGNALING_UP,1.06380684041455,0.408885582905058,ARG1
D1,PH_pass,KRAS_SIGNALING_UP,1.06380684041455,0.408885582905058,TFPI
D1,PH_pass,KRAS_SIGNALING_UP,1.06380684041455,0.408885582905058,TOR1AIP2
D1,PH_pass,KRAS_SIGNALING_UP,1.06380684041455,0.408885582905058,RGS16
D1,PH_pass,KRAS_SIGNALING_UP,1.06380684041455,0.408885582905058,PLAU
D1,PH_pass,KRAS_SIGNALING_UP,1.06380684041455,0.408885582905058,HBEGF
D1,PH_pass,KRAS_SIGNALING_UP,1.06380684041455,0.408885582905058,PCSK1N
D1,PH_pass,KRAS_SIGNALING_UP,1.06380684041455,0.408885582905058,H2BC3
D1,PH_pass,KRAS_SIGNALING_UP,1.06380684041455,0.408885582905058,ANKH
D1,PH_pass,KRAS_SIGNALING_UP,1.06380684041455,0.408885582905058,PPP1R15A
D1,PH_pass,KRAS_SIGNALING_UP,1.06380684041455,0.408885582905058,TNFAIP3
D1,PH_pass,KRAS_SIGNALING_UP,1.06380684041455,0.408885582905058,INHBA
D1,PH_pass,KRAS_SIGNALING_UP,1.06380684041455,0.408885582905058,MMP9
D1,PH_pass,KRAS_SIGNALING_UP,1.06380684041455,0.408885582905058,TMEM158
D1,PH_pass,KRAS_SIGNALING_UP,1.06380684041455,0.408885582905058,CDADC1
D1,PH_pass,KRAS_SIGNALING_UP,1.06380684041455,0.408885582905058,ADAM8
D1,PH_pass,KRAS_SIGNALING_UP,1.06380684041455,0.408885582905058,C3AR1
D1,PH_pass,KRAS_SIGNALING_UP,1.06380684041455,0.408885582905058,PLEK2
D1,PH_pass,KRAS_SIGNALING_UP,1.06380684041455,0.408885582905058,MMD
D1,PH_pass,KRAS_SIGNALING_UP,1.06380684041455,0.408885582905058,GNG11
D1,PH_pass,KRAS_SIGNALING_UP,1.06380684041455,0.408885582905058,GYPC
D1,PH_pass,KRAS_SIGNALING_UP,1.06380684041455,0.408885582905058,PTBP2
D1,PH_pass,KRAS_SIGNALING_UP,1.06380684041455,0.408885582905058,CXCR4
D1,PH_pass,KRAS_SIGNALING_UP,1.06380684041455,0.408885582905058,LAT2
D1,PH_pass,KRAS_SIGNALING_UP,1.06380684041455,0.408885582905058,G0S2
D1,PH_pass,KRAS_SIGNALING_UP,1.06380684041455,0.408885582905058,AKT2
D1,PH_pass,KRAS_SIGNALING_UP,1.06380684041455,0.408885582905058,RETN
D1,PH_pass,KRAS_SIGNALING_UP,1.06380684041455,0.408885582905058,ID2
D1,PH_pass,KRAS_SIGNALING_UP,1.06380684041455,0.408885582905058,CSF2RA
D1,PH_pass,KRAS_SIGNALING_UP,1.06380684041455,0.408885582905058,NIN
D1,PH_pass,KRAS_SIGNALING_UP,1.06380684041455,0.408885582905058,SPRY2
D1,PH_pass,KRAS_SIGNALING_UP,1.06380684041455,0.408885582905058,EMP1
D1,PH_pass,KRAS_SIGNALING_UP,1.06380684041455,0.408885582905058,GPNMB
D1,PH_pass,KRAS_SIGNALING_UP,1.06380684041455,0.408885582905058,ALDH1A2
D1,PH_pass,KRAS_SIGNALING_UP,1.06380684041455,0.408885582905058,F13A1
D1,PH_pass,KRAS_SIGNALING_UP,1.06380684041455,0.408885582905058,PPBP
D1,PH_pass,MITOTIC_SPINDLE,1.96223835556256,1.03400471387752e-06,CNTROB
D1,PH_pass,MITOTIC_SPINDLE,1.96223835556256,1.03400471387752e-06,ARHGEF12
D1,PH_pass,MITOTIC_SPINDLE,1.96223835556256,1.03400471387752e-06,KIF1B
D1,PH_pass,MITOTIC_SPINDLE,1.96223835556256,1.03400471387752e-06,KIF3C
D1,PH_pass,MITOTIC_SPINDLE,1.96223835556256,1.03400471387752e-06,NCK2
D1,PH_pass,MITOTIC_SPINDLE,1.96223835556256,1.03400471387752e-06,TUBA4A
D1,PH_pass,MITOTIC_SPINDLE,1.96223835556256,1.03400471387752e-06,ESPL1
D1,PH_pass,MITOTIC_SPINDLE,1.96223835556256,1.03400471387752e-06,TLK1
D1,PH_pass,MITOTIC_SPINDLE,1.96223835556256,1.03400471387752e-06,CLASP1
D1,PH_pass,MITOTIC_SPINDLE,1.96223835556256,1.03400471387752e-06,PRC1
D1,PH_pass,MITOTIC_SPINDLE,1.96223835556256,1.03400471387752e-06,NF1
D1,PH_pass,MITOTIC_SPINDLE,1.96223835556256,1.03400471387752e-06,CTTN
D1,PH_pass,MITOTIC_SPINDLE,1.96223835556256,1.03400471387752e-06,CDC42EP1
D1,PH_pass,MITOTIC_SPINDLE,1.96223835556256,1.03400471387752e-06,RANBP9
D1,PH_pass,MITOTIC_SPINDLE,1.96223835556256,1.03400471387752e-06,SPTBN1
D1,PH_pass,MITOTIC_SPINDLE,1.96223835556256,1.03400471387752e-06,VCL
D1,PH_pass,MITOTIC_SPINDLE,1.96223835556256,1.03400471387752e-06,CSNK1D
D1,PH_pass,MITOTIC_SPINDLE,1.96223835556256,1.03400471387752e-06,NET1
D1,PH_pass,MITOTIC_SPINDLE,1.96223835556256,1.03400471387752e-06,KIF4A
D1,PH_pass,MITOTIC_SPINDLE,1.96223835556256,1.03400471387752e-06,CLIP2
D1,PH_pass,MITOTIC_SPINDLE,1.96223835556256,1.03400471387752e-06,CDK5RAP2
D1,PH_pass,MITOTIC_SPINDLE,1.96223835556256,1.03400471387752e-06,PPP4R2
D1,PH_pass,MITOTIC_SPINDLE,1.96223835556256,1.03400471387752e-06,ARL8A
D1,PH_pass,MITOTIC_SPINDLE,1.96223835556256,1.03400471387752e-06,ANLN
D1,PH_pass,MITOTIC_SPINDLE,1.96223835556256,1.03400471387752e-06,KIF2C
D1,PH_pass,MITOTIC_SPINDLE,1.96223835556256,1.03400471387752e-06,CDC42BPA
D1,PH_pass,MITOTIC_SPINDLE,1.96223835556256,1.03400471387752e-06,PIF1
D1,PH_pass,MITOTIC_SPINDLE,1.96223835556256,1.03400471387752e-06,TPX2
D1,PH_pass,MITOTIC_SPINDLE,1.96223835556256,1.03400471387752e-06,BUB1
D1,PH_pass,MITOTIC_SPINDLE,1.96223835556256,1.03400471387752e-06,NUSAP1
D1,PH_pass,MITOTIC_SPINDLE,1.96223835556256,1.03400471387752e-06,PLEKHG2
D1,PH_pass,MITOTIC_SPINDLE,1.96223835556256,1.03400471387752e-06,BCR
D1,PH_pass,MITOTIC_SPINDLE,1.96223835556256,1.03400471387752e-06,CDC42EP4
D1,PH_pass,MITOTIC_SPINDLE,1.96223835556256,1.03400471387752e-06,BIRC5
D1,PH_pass,MITOTIC_SPINDLE,1.96223835556256,1.03400471387752e-06,PREX1
D1,PH_pass,MITOTIC_SPINDLE,1.96223835556256,1.03400471387752e-06,MARCKS
D1,PH_pass,MITOTIC_SPINDLE,1.96223835556256,1.03400471387752e-06,GSN
D1,PH_pass,MITOTIC_SPINDLE,1.96223835556256,1.03400471387752e-06,KIF11
D1,PH_pass,MITOTIC_SPINDLE,1.96223835556256,1.03400471387752e-06,WASF2
D1,PH_pass,MITOTIC_SPINDLE,1.96223835556256,1.03400471387752e-06,FLNB
D1,PH_pass,MITOTIC_SPINDLE,1.96223835556256,1.03400471387752e-06,CLIP1
D1,PH_pass,MITOTIC_SPINDLE,1.96223835556256,1.03400471387752e-06,FGD4
D1,PH_pass,MITOTIC_SPINDLE,1.96223835556256,1.03400471387752e-06,PLK1
D1,PH_pass,MITOTIC_SPINDLE,1.96223835556256,1.03400471387752e-06,TOP2A
D1,PH_pass,MITOTIC_SPINDLE,1.96223835556256,1.03400471387752e-06,PCNT
D1,PH_pass,MITOTIC_SPINDLE,1.96223835556256,1.03400471387752e-06,ITSN1
D1,PH_pass,MITOTIC_SPINDLE,1.96223835556256,1.03400471387752e-06,ARHGEF2
D1,PH_pass,MITOTIC_SPINDLE,1.96223835556256,1.03400471387752e-06,MYH9
D1,PH_pass,MITOTIC_SPINDLE,1.96223835556256,1.03400471387752e-06,MARK4
D1,PH_pass,MITOTIC_SPINDLE,1.96223835556256,1.03400471387752e-06,CCNB2
D1,PH_pass,MITOTIC_SPINDLE,1.96223835556256,1.03400471387752e-06,SSH2
D1,PH_pass,MITOTIC_SPINDLE,1.96223835556256,1.03400471387752e-06,PAFAH1B1
D1,PH_pass,MITOTIC_SPINDLE,1.96223835556256,1.03400471387752e-06,STAU1
D1,PH_pass,MITOTIC_SPINDLE,1.96223835556256,1.03400471387752e-06,MYO9B
D1,PH_pass,MITOTIC_SPINDLE,1.96223835556256,1.03400471387752e-06,RALBP1
D1,PH_pass,MITOTIC_SPINDLE,1.96223835556256,1.03400471387752e-06,CDK1
D1,PH_pass,MITOTIC_SPINDLE,1.96223835556256,1.03400471387752e-06,FLNA
D1,PH_pass,MITOTIC_SPINDLE,1.96223835556256,1.03400471387752e-06,PXN
D1,PH_pass,MITOTIC_SPINDLE,1.96223835556256,1.03400471387752e-06,MAP1S
D1,PH_pass,MITOTIC_SPINDLE,1.96223835556256,1.03400471387752e-06,RASA2
D1,PH_pass,MITOTIC_SPINDLE,1.96223835556256,1.03400471387752e-06,NIN
D1,PH_pass,MITOTIC_SPINDLE,1.96223835556256,1.03400471387752e-06,DYNLL2
D1,PH_pass,MITOTIC_SPINDLE,1.96223835556256,1.03400471387752e-06,OPHN1
D1,PH_pass,MITOTIC_SPINDLE,1.96223835556256,1.03400471387752e-06,NDC80
D1,PH_pass,MITOTIC_SPINDLE,1.96223835556256,1.03400471387752e-06,MYH10
D1,PH_pass,MITOTIC_SPINDLE,1.96223835556256,1.03400471387752e-06,MAP3K11
D1,PH_pass,MITOTIC_SPINDLE,1.96223835556256,1.03400471387752e-06,ARHGDIA
D1,PH_pass,MITOTIC_SPINDLE,1.96223835556256,1.03400471387752e-06,RACGAP1
D1,PH_pass,MITOTIC_SPINDLE,1.96223835556256,1.03400471387752e-06,HDAC6
D1,PH_pass,MITOTIC_SPINDLE,1.96223835556256,1.03400471387752e-06,CENPE
D1,PH_pass,MITOTIC_SPINDLE,1.96223835556256,1.03400471387752e-06,KIFAP3
D1,PH_pass,MITOTIC_SPINDLE,1.96223835556256,1.03400471387752e-06,CAPZB
D1,PH_pass,MITOTIC_SPINDLE,1.96223835556256,1.03400471387752e-06,EZR
D1,PH_pass,MITOTIC_SPINDLE,1.96223835556256,1.03400471387752e-06,KPTN
D1,PH_pass,MITOTIC_SPINDLE,1.96223835556256,1.03400471387752e-06,ACTN4
D1,PH_pass,MITOTIC_SPINDLE,1.96223835556256,1.03400471387752e-06,FBXO5
D1,PH_pass,MITOTIC_SPINDLE,1.96223835556256,1.03400471387752e-06,ABI1
D1,PH_pass,MITOTIC_SPINDLE,1.96223835556256,1.03400471387752e-06,AURKA
D1,PH_pass,MITOTIC_SPINDLE,1.96223835556256,1.03400471387752e-06,ARHGEF11
D1,PH_pass,MITOTIC_SPINDLE,1.96223835556256,1.03400471387752e-06,RHOT2
D1,PH_pass,MITOTIC_SPINDLE,1.96223835556256,1.03400471387752e-06,ARHGAP4
D1,PH_pass,MITOTIC_SPINDLE,1.96223835556256,1.03400471387752e-06,TUBD1
D1,PH_pass,MITOTIC_SPINDLE,1.96223835556256,1.03400471387752e-06,DLGAP5
D1,PH_pass,MITOTIC_SPINDLE,1.96223835556256,1.03400471387752e-06,SYNPO
D1,PH_pass,MITOTIC_SPINDLE,1.96223835556256,1.03400471387752e-06,RHOF
D1,PH_pass,MITOTIC_SPINDLE,1.96223835556256,1.03400471387752e-06,TTK
D1,PH_pass,MITOTIC_SPINDLE,1.96223835556256,1.03400471387752e-06,NEK2
D1,PH_pass,MITOTIC_SPINDLE,1.96223835556256,1.03400471387752e-06,TUBGCP2
D1,PH_pass,MITOTIC_SPINDLE,1.96223835556256,1.03400471387752e-06,ATG4B
D1,PH_pass,MITOTIC_SPINDLE,1.96223835556256,1.03400471387752e-06,ARAP3
D1,PH_pass,MITOTIC_SPINDLE,1.96223835556256,1.03400471387752e-06,PCGF5
D1,PH_pass,MITOTIC_SPINDLE,1.96223835556256,1.03400471387752e-06,KIF23
D1,PH_pass,MITOTIC_SPINDLE,1.96223835556256,1.03400471387752e-06,CDC42
D1,PH_pass,MTORC1_SIGNALING,1.7020151060519,0.000321951270075628,DDIT3
D1,PH_pass,MTORC1_SIGNALING,1.7020151060519,0.000321951270075628,SLC2A1
D1,PH_pass,MTORC1_SIGNALING,1.7020151060519,0.000321951270075628,SLC7A11
D1,PH_pass,MTORC1_SIGNALING,1.7020151060519,0.000321951270075628,DDIT4
D1,PH_pass,MTORC1_SIGNALING,1.7020151060519,0.000321951270075628,LDLR
D1,PH_pass,MTORC1_SIGNALING,1.7020151060519,0.000321951270075628,HK2
D1,PH_pass,MTORC1_SIGNALING,1.7020151060519,0.000321951270075628,SLC7A5
D1,PH_pass,MTORC1_SIGNALING,1.7020151060519,0.000321951270075628,VLDLR
D1,PH_pass,MTORC1_SIGNALING,1.7020151060519,0.000321951270075628,TUBG1
D1,PH_pass,MTORC1_SIGNALING,1.7020151060519,0.000321951270075628,PGM1
D1,PH_pass,MTORC1_SIGNALING,1.7020151060519,0.000321951270075628,TUBA4A
D1,PH_pass,MTORC1_SIGNALING,1.7020151060519,0.000321951270075628,PHGDH
D1,PH_pass,MTORC1_SIGNALING,1.7020151060519,0.000321951270075628,MAP2K3
D1,PH_pass,MTORC1_SIGNALING,1.7020151060519,0.000321951270075628,NFIL3
D1,PH_pass,MTORC1_SIGNALING,1.7020151060519,0.000321951270075628,DHCR7
D1,PH_pass,MTORC1_SIGNALING,1.7020151060519,0.000321951270075628,HMBS
D1,PH_pass,MTORC1_SIGNALING,1.7020151060519,0.000321951270075628,ADIPOR2
D1,PH_pass,MTORC1_SIGNALING,1.7020151060519,0.000321951270075628,CCNF
D1,PH_pass,MTORC1_SIGNALING,1.7020151060519,0.000321951270075628,RRM2
D1,PH_pass,MTORC1_SIGNALING,1.7020151060519,0.000321951270075628,TM7SF2
D1,PH_pass,MTORC1_SIGNALING,1.7020151060519,0.000321951270075628,CD9
D1,PH_pass,MTORC1_SIGNALING,1.7020151060519,0.000321951270075628,ALDOA
D1,PH_pass,MTORC1_SIGNALING,1.7020151060519,0.000321951270075628,PNP
D1,PH_pass,MTORC1_SIGNALING,1.7020151060519,0.000321951270075628,SLC2A3
D1,PH_pass,MTORC1_SIGNALING,1.7020151060519,0.000321951270075628,PPP1R15A
D1,PH_pass,MTORC1_SIGNALING,1.7020151060519,0.000321951270075628,IFRD1
D1,PH_pass,MTORC1_SIGNALING,1.7020151060519,0.000321951270075628,SCD
D1,PH_pass,MTORC1_SIGNALING,1.7020151060519,0.000321951270075628,SLC6A6
D1,PH_pass,MTORC1_SIGNALING,1.7020151060519,0.000321951270075628,TFRC
D1,PH_pass,MTORC1_SIGNALING,1.7020151060519,0.000321951270075628,CTH
D1,PH_pass,MTORC1_SIGNALING,1.7020151060519,0.000321951270075628,BUB1
D1,PH_pass,MTORC1_SIGNALING,1.7020151060519,0.000321951270075628,PSAT1
D1,PH_pass,MTORC1_SIGNALING,1.7020151060519,0.000321951270075628,SLC1A5
D1,PH_pass,MTORC1_SIGNALING,1.7020151060519,0.000321951270075628,G6PD
D1,PH_pass,MTORC1_SIGNALING,1.7020151060519,0.000321951270075628,GSR
D1,PH_pass,MTORC1_SIGNALING,1.7020151060519,0.000321951270075628,LGMN
D1,PH_pass,MTORC1_SIGNALING,1.7020151060519,0.000321951270075628,CYP51A1
D1,PH_pass,MTORC1_SIGNALING,1.7020151060519,0.000321951270075628,DHCR24
D1,PH_pass,MTORC1_SIGNALING,1.7020151060519,0.000321951270075628,GAPDH
D1,PH_pass,MTORC1_SIGNALING,1.7020151060519,0.000321951270075628,PLK1
D1,PH_pass,MTORC1_SIGNALING,1.7020151060519,0.000321951270075628,ASNS
D1,PH_pass,MTORC1_SIGNALING,1.7020151060519,0.000321951270075628,ETF1
D1,PH_pass,MTORC1_SIGNALING,1.7020151060519,0.000321951270075628,GBE1
D1,PH_pass,MTORC1_SIGNALING,1.7020151060519,0.000321951270075628,SQLE
D1,PH_pass,MTORC1_SIGNALING,1.7020151060519,0.000321951270075628,SQSTM1
D1,PH_pass,MTORC1_SIGNALING,1.7020151060519,0.000321951270075628,ENO1
D1,PH_pass,MTORC1_SIGNALING,1.7020151060519,0.000321951270075628,LDHA
D1,PH_pass,MTORC1_SIGNALING,1.7020151060519,0.000321951270075628,GPI
D1,PH_pass,MTORC1_SIGNALING,1.7020151060519,0.000321951270075628,CXCR4
D1,PH_pass,MTORC1_SIGNALING,1.7020151060519,0.000321951270075628,ELOVL6
D1,PH_pass,MTORC1_SIGNALING,1.7020151060519,0.000321951270075628,PLOD2
D1,PH_pass,MTORC1_SIGNALING,1.7020151060519,0.000321951270075628,MCM2
D1,PH_pass,MTORC1_SIGNALING,1.7020151060519,0.000321951270075628,NHERF1
D1,PH_pass,MTORC1_SIGNALING,1.7020151060519,0.000321951270075628,PDAP1
D1,PH_pass,MTORC1_SIGNALING,1.7020151060519,0.000321951270075628,SLA
D1,PH_pass,MTORC1_SIGNALING,1.7020151060519,0.000321951270075628,GOT1
D1,PH_pass,MTORC1_SIGNALING,1.7020151060519,0.000321951270075628,CDC25A
D1,PH_pass,MTORC1_SIGNALING,1.7020151060519,0.000321951270075628,CORO1A
D1,PH_pass,MTORC1_SIGNALING,1.7020151060519,0.000321951270075628,SKAP2
D1,PH_pass,MTORC1_SIGNALING,1.7020151060519,0.000321951270075628,FADS1
D1,PH_pass,MTORC1_SIGNALING,1.7020151060519,0.000321951270075628,PDK1
D1,PH_pass,MTORC1_SIGNALING,1.7020151060519,0.000321951270075628,YKT6
D1,PH_pass,MYC_TARGETS_V1,-1.63026726403317,0.000558894644613803,G3BP1
D1,PH_pass,MYC_TARGETS_V1,-1.63026726403317,0.000558894644613803,NCBP1
D1,PH_pass,MYC_TARGETS_V1,-1.63026726403317,0.000558894644613803,DDX18
D1,PH_pass,MYC_TARGETS_V1,-1.63026726403317,0.000558894644613803,NCBP2
D1,PH_pass,MYC_TARGETS_V1,-1.63026726403317,0.000558894644613803,CLNS1A
D1,PH_pass,MYC_TARGETS_V1,-1.63026726403317,0.000558894644613803,DHX15
D1,PH_pass,MYC_TARGETS_V1,-1.63026726403317,0.000558894644613803,HDDC2
D1,PH_pass,MYC_TARGETS_V1,-1.63026726403317,0.000558894644613803,CCT4
D1,PH_pass,MYC_TARGETS_V1,-1.63026726403317,0.000558894644613803,HNRNPR
D1,PH_pass,MYC_TARGETS_V1,-1.63026726403317,0.000558894644613803,RSL1D1
D1,PH_pass,MYC_TARGETS_V1,-1.63026726403317,0.000558894644613803,RPL34
D1,PH_pass,MYC_TARGETS_V1,-1.63026726403317,0.000558894644613803,SRSF1
D1,PH_pass,MYC_TARGETS_V1,-1.63026726403317,0.000558894644613803,SRSF7
D1,PH_pass,MYC_TARGETS_V1,-1.63026726403317,0.000558894644613803,CUL1
D1,PH_pass,MYC_TARGETS_V1,-1.63026726403317,0.000558894644613803,PSMA4
D1,PH_pass,MYC_TARGETS_V1,-1.63026726403317,0.000558894644613803,STARD7
D1,PH_pass,MYC_TARGETS_V1,-1.63026726403317,0.000558894644613803,SYNCRIP
D1,PH_pass,MYC_TARGETS_V1,-1.63026726403317,0.000558894644613803,PSMA2
D1,PH_pass,MYC_TARGETS_V1,-1.63026726403317,0.000558894644613803,EIF3D
D1,PH_pass,MYC_TARGETS_V1,-1.63026726403317,0.000558894644613803,BUB3
D1,PH_pass,MYC_TARGETS_V1,-1.63026726403317,0.000558894644613803,HDAC2
D1,PH_pass,MYC_TARGETS_V1,-1.63026726403317,0.000558894644613803,NOP56
D1,PH_pass,MYC_TARGETS_V1,-1.63026726403317,0.000558894644613803,PWP1
D1,PH_pass,MYC_TARGETS_V1,-1.63026726403317,0.000558894644613803,NOP16
D1,PH_pass,MYC_TARGETS_V1,-1.63026726403317,0.000558894644613803,XRCC6
D1,PH_pass,MYC_TARGETS_V1,-1.63026726403317,0.000558894644613803,CCT7
D1,PH_pass,MYC_TARGETS_V1,-1.63026726403317,0.000558894644613803,HNRNPD
D1,PH_pass,MYC_TARGETS_V1,-1.63026726403317,0.000558894644613803,TUFM
D1,PH_pass,MYC_TARGETS_V1,-1.63026726403317,0.000558894644613803,RPL18
D1,PH_pass,MYC_TARGETS_V1,-1.63026726403317,0.000558894644613803,RPL22
D1,PH_pass,MYC_TARGETS_V1,-1.63026726403317,0.000558894644613803,PSMC6
D1,PH_pass,MYC_TARGETS_V1,-1.63026726403317,0.000558894644613803,SLC25A3
D1,PH_pass,MYC_TARGETS_V1,-1.63026726403317,0.000558894644613803,RPS10
D1,PH_pass,MYC_TARGETS_V1,-1.63026726403317,0.000558894644613803,PSMD14
D1,PH_pass,MYC_TARGETS_V1,-1.63026726403317,0.000558894644613803,ABCE1
D1,PH_pass,MYC_TARGETS_V1,-1.63026726403317,0.000558894644613803,RPS2
D1,PH_pass,MYC_TARGETS_V1,-1.63026726403317,0.000558894644613803,SET
D1,PH_pass,MYC_TARGETS_V1,-1.63026726403317,0.000558894644613803,COPS5
D1,PH_pass,MYC_TARGETS_V1,-1.63026726403317,0.000558894644613803,YWHAQ
D1,PH_pass,MYC_TARGETS_V1,-1.63026726403317,0.000558894644613803,ILF2
D1,PH_pass,MYC_TARGETS_V1,-1.63026726403317,0.000558894644613803,AIMP2
D1,PH_pass,MYC_TARGETS_V1,-1.63026726403317,0.000558894644613803,PSMB2
D1,PH_pass,MYC_TARGETS_V1,-1.63026726403317,0.000558894644613803,XPO1
D1,PH_pass,MYC_TARGETS_V1,-1.63026726403317,0.000558894644613803,MRPL9
D1,PH_pass,MYC_TARGETS_V1,-1.63026726403317,0.000558894644613803,PRDX3
D1,PH_pass,MYC_TARGETS_V1,-1.63026726403317,0.000558894644613803,CNBP
D1,PH_pass,MYC_TARGETS_V1,-1.63026726403317,0.000558894644613803,SNRPB2
D1,PH_pass,MYC_TARGETS_V1,-1.63026726403317,0.000558894644613803,EPRS1
D1,PH_pass,MYC_TARGETS_V1,-1.63026726403317,0.000558894644613803,NDUFAB1
D1,PH_pass,MYC_TARGETS_V1,-1.63026726403317,0.000558894644613803,DEK
D1,PH_pass,MYC_TARGETS_V1,-1.63026726403317,0.000558894644613803,ACP1
D1,PH_pass,MYC_TARGETS_V1,-1.63026726403317,0.000558894644613803,EEF1B2
D1,PH_pass,MYC_TARGETS_V1,-1.63026726403317,0.000558894644613803,RPS3
D1,PH_pass,MYC_TARGETS_V1,-1.63026726403317,0.000558894644613803,CCT3
D1,PH_pass,MYC_TARGETS_V1,-1.63026726403317,0.000558894644613803,RPS5
D1,PH_pass,MYC_TARGETS_V1,-1.63026726403317,0.000558894644613803,EIF2S1
D1,PH_pass,MYC_TARGETS_V1,-1.63026726403317,0.000558894644613803,DUT
D1,PH_pass,MYC_TARGETS_V1,-1.63026726403317,0.000558894644613803,CSTF2
D1,PH_pass,MYC_TARGETS_V1,-1.63026726403317,0.000558894644613803,PHB1
D1,PH_pass,MYC_TARGETS_V1,-1.63026726403317,0.000558894644613803,TOMM70
D1,PH_pass,MYC_TARGETS_V1,-1.63026726403317,0.000558894644613803,TARDBP
D1,PH_pass,MYC_TARGETS_V1,-1.63026726403317,0.000558894644613803,SNRPA1
D1,PH_pass,MYC_TARGETS_V1,-1.63026726403317,0.000558894644613803,USP1
D1,PH_pass,MYC_TARGETS_V2,-1.35877484190659,0.0903673635824437,DDX18
D1,PH_pass,MYC_TARGETS_V2,-1.35877484190659,0.0903673635824437,PES1
D1,PH_pass,MYC_TARGETS_V2,-1.35877484190659,0.0903673635824437,UTP20
D1,PH_pass,MYC_TARGETS_V2,-1.35877484190659,0.0903673635824437,PRMT3
D1,PH_pass,MYC_TARGETS_V2,-1.35877484190659,0.0903673635824437,NOP56
D1,PH_pass,MYC_TARGETS_V2,-1.35877484190659,0.0903673635824437,TFB2M
D1,PH_pass,MYC_TARGETS_V2,-1.35877484190659,0.0903673635824437,NOP16
D1,PH_pass,MYC_TARGETS_V2,-1.35877484190659,0.0903673635824437,TBRG4
D1,PH_pass,MYC_TARGETS_V2,-1.35877484190659,0.0903673635824437,PPAN
D1,PH_pass,MYC_TARGETS_V2,-1.35877484190659,0.0903673635824437,WDR43
D1,PH_pass,MYC_TARGETS_V2,-1.35877484190659,0.0903673635824437,MPHOSPH10
D1,PH_pass,MYC_TARGETS_V2,-1.35877484190659,0.0903673635824437,TCOF1
D1,PH_pass,MYC_TARGETS_V2,-1.35877484190659,0.0903673635824437,AIMP2
D1,PH_pass,MYC_TARGETS_V2,-1.35877484190659,0.0903673635824437,NIP7
D1,PH_pass,MYC_TARGETS_V2,-1.35877484190659,0.0903673635824437,EXOSC5
D1,PH_pass,MYC_TARGETS_V2,-1.35877484190659,0.0903673635824437,NDUFAF4
D1,PH_pass,MYC_TARGETS_V2,-1.35877484190659,0.0903673635824437,PHB1
D1,PH_pass,MYC_TARGETS_V2,-1.35877484190659,0.0903673635824437,PUS1
D1,PH_pass,MYC_TARGETS_V2,-1.35877484190659,0.0903673635824437,NPM1
D1,PH_pass,MYC_TARGETS_V2,-1.35877484190659,0.0903673635824437,GRWD1
D1,PH_pass,MYC_TARGETS_V2,-1.35877484190659,0.0903673635824437,DCTPP1
D1,PH_pass,MYC_TARGETS_V2,-1.35877484190659,0.0903673635824437,RRP12
D1,PH_pass,MYC_TARGETS_V2,-1.35877484190659,0.0903673635824437,MYC
D1,PH_pass,MYC_TARGETS_V2,-1.35877484190659,0.0903673635824437,UNG
D1,PH_pass,MYC_TARGETS_V2,-1.35877484190659,0.0903673635824437,RABEPK
D1,PH_pass,MYC_TARGETS_V2,-1.35877484190659,0.0903673635824437,MAP3K6
D1,PH_pass,MYC_TARGETS_V2,-1.35877484190659,0.0903673635824437,LAS1L
D1,PH_pass,MYC_TARGETS_V2,-1.35877484190659,0.0903673635824437,IMP4
D1,PH_pass,MYC_TARGETS_V2,-1.35877484190659,0.0903673635824437,PPRC1
D1,PH_pass,MYC_TARGETS_V2,-1.35877484190659,0.0903673635824437,GNL3
D1,PH_pass,MYC_TARGETS_V2,-1.35877484190659,0.0903673635824437,NOP2
D1,PH_pass,MYC_TARGETS_V2,-1.35877484190659,0.0903673635824437,HSPD1
D1,PH_pass,MYC_TARGETS_V2,-1.35877484190659,0.0903673635824437,WDR74
D1,PH_pass,MYOGENESIS,1.88285131319601,0.000109245392447314,COL6A3
D1,PH_pass,MYOGENESIS,1.88285131319601,0.000109245392447314,ITGA7
D1,PH_pass,MYOGENESIS,1.88285131319601,0.000109245392447314,KCNH2
D1,PH_pass,MYOGENESIS,1.88285131319601,0.000109245392447314,ITGB5
D1,PH_pass,MYOGENESIS,1.88285131319601,0.000109245392447314,ACHE
D1,PH_pass,MYOGENESIS,1.88285131319601,0.000109245392447314,FOXO4
D1,PH_pass,MYOGENESIS,1.88285131319601,0.000109245392447314,SPARC
D1,PH_pass,MYOGENESIS,1.88285131319601,0.000109245392447314,CLU
D1,PH_pass,MYOGENESIS,1.88285131319601,0.000109245392447314,HBEGF
D1,PH_pass,MYOGENESIS,1.88285131319601,0.000109245392447314,FHL1
D1,PH_pass,MYOGENESIS,1.88285131319601,0.000109245392447314,CKB
D1,PH_pass,MYOGENESIS,1.88285131319601,0.000109245392447314,MYLK
D1,PH_pass,MYOGENESIS,1.88285131319601,0.000109245392447314,KLF5
D1,PH_pass,MYOGENESIS,1.88285131319601,0.000109245392447314,PFKM
D1,PH_pass,MYOGENESIS,1.88285131319601,0.000109245392447314,SORBS1
D1,PH_pass,MYOGENESIS,1.88285131319601,0.000109245392447314,ACSL1
D1,PH_pass,MYOGENESIS,1.88285131319601,0.000109245392447314,SLC6A8
D1,PH_pass,MYOGENESIS,1.88285131319601,0.000109245392447314,GADD45B
D1,PH_pass,MYOGENESIS,1.88285131319601,0.000109245392447314,IFRD1
D1,PH_pass,MYOGENESIS,1.88285131319601,0.000109245392447314,COL4A2
D1,PH_pass,MYOGENESIS,1.88285131319601,0.000109245392447314,SCD
D1,PH_pass,MYOGENESIS,1.88285131319601,0.000109245392447314,APP
D1,PH_pass,MYOGENESIS,1.88285131319601,0.000109245392447314,PDLIM7
D1,PH_pass,MYOGENESIS,1.88285131319601,0.000109245392447314,GSN
D1,PH_pass,MYOGENESIS,1.88285131319601,0.000109245392447314,ATP6AP1
D1,PH_pass,MYOGENESIS,1.88285131319601,0.000109245392447314,SMTN
D1,PH_pass,MYOGENESIS,1.88285131319601,0.000109245392447314,NQO1
D1,PH_pass,MYOGENESIS,1.88285131319601,0.000109245392447314,MEF2D
D1,PH_pass,MYOGENESIS,1.88285131319601,0.000109245392447314,TGFB1
D1,PH_pass,MYOGENESIS,1.88285131319601,0.000109245392447314,SVIL
D1,PH_pass,MYOGENESIS,1.88285131319601,0.000109245392447314,KIFC3
D1,PH_pass,MYOGENESIS,1.88285131319601,0.000109245392447314,MYH9
D1,PH_pass,MYOGENESIS,1.88285131319601,0.000109245392447314,ENO3
D1,PH_pass,MYOGENESIS,1.88285131319601,0.000109245392447314,AKT2
D1,PH_pass,MYOGENESIS,1.88285131319601,0.000109245392447314,MEF2A
D1,PH_pass,MYOGENESIS,1.88285131319601,0.000109245392447314,BAG1
D1,PH_pass,MYOGENESIS,1.88285131319601,0.000109245392447314,SIRT2
D1,PH_pass,MYOGENESIS,1.88285131319601,0.000109245392447314,FKBP1B
D1,PH_pass,MYOGENESIS,1.88285131319601,0.000109245392447314,GPX3
D1,PH_pass,MYOGENESIS,1.88285131319601,0.000109245392447314,MYH11
D1,PH_pass,MYOGENESIS,1.88285131319601,0.000109245392447314,PTP4A3
D1,PH_pass,MYOGENESIS,1.88285131319601,0.000109245392447314,CRAT
D1,PH_pass,MYOGENESIS,1.88285131319601,0.000109245392447314,AK1
D1,PH_pass,MYOGENESIS,1.88285131319601,0.000109245392447314,GABARAPL2
D1,PH_pass,MYOGENESIS,1.88285131319601,0.000109245392447314,FLII
D1,PH_pass,MYOGENESIS,1.88285131319601,0.000109245392447314,MYH3
D1,PH_pass,MYOGENESIS,1.88285131319601,0.000109245392447314,MYO1C
D1,PH_pass,MYOGENESIS,1.88285131319601,0.000109245392447314,CDKN1A
D1,PH_pass,MYOGENESIS,1.88285131319601,0.000109245392447314,TPM3
D1,PH_pass,MYOGENESIS,1.88285131319601,0.000109245392447314,MYL4
D1,PH_pass,MYOGENESIS,1.88285131319601,0.000109245392447314,FGF2
D1,PH_pass,MYOGENESIS,1.88285131319601,0.000109245392447314,GNAO1
D1,PH_pass,MYOGENESIS,1.88285131319601,0.000109245392447314,NOTCH1
D1,PH_pass,MYOGENESIS,1.88285131319601,0.000109245392447314,TNNI2
D1,PH_pass,MYOGENESIS,1.88285131319601,0.000109245392447314,RIT1
D1,PH_pass,MYOGENESIS,1.88285131319601,0.000109245392447314,PC
D1,PH_pass,NOTCH_SIGNALING,-1.00265286804461,0.495309624890257,LFNG
D1,PH_pass,NOTCH_SIGNALING,-1.00265286804461,0.495309624890257,CUL1
D1,PH_pass,NOTCH_SIGNALING,-1.00265286804461,0.495309624890257,DTX1
D1,PH_pass,NOTCH_SIGNALING,-1.00265286804461,0.495309624890257,PSEN2
D1,PH_pass,NOTCH_SIGNALING,-1.00265286804461,0.495309624890257,ST3GAL6
D1,PH_pass,NOTCH_SIGNALING,-1.00265286804461,0.495309624890257,MAML2
D1,PH_pass,NOTCH_SIGNALING,-1.00265286804461,0.495309624890257,PPARD
D1,PH_pass,NOTCH_SIGNALING,-1.00265286804461,0.495309624890257,KAT2A
D1,PH_pass,NOTCH_SIGNALING,-1.00265286804461,0.495309624890257,ARRB1
D1,PH_pass,NOTCH_SIGNALING,-1.00265286804461,0.495309624890257,FZD1
D1,PH_pass,OXIDATIVE_PHOSPHORYLATION,-1.70641125077023,0.000159231983870696,OXA1L
D1,PH_pass,OXIDATIVE_PHOSPHORYLATION,-1.70641125077023,0.000159231983870696,PDP1
D1,PH_pass,OXIDATIVE_PHOSPHORYLATION,-1.70641125077023,0.000159231983870696,NDUFB5
D1,PH_pass,OXIDATIVE_PHOSPHORYLATION,-1.70641125077023,0.000159231983870696,GLUD1
D1,PH_pass,OXIDATIVE_PHOSPHORYLATION,-1.70641125077023,0.000159231983870696,NDUFA9
D1,PH_pass,OXIDATIVE_PHOSPHORYLATION,-1.70641125077023,0.000159231983870696,LRPPRC
D1,PH_pass,OXIDATIVE_PHOSPHORYLATION,-1.70641125077023,0.000159231983870696,ATP5F1A
D1,PH_pass,OXIDATIVE_PHOSPHORYLATION,-1.70641125077023,0.000159231983870696,MRPS22
D1,PH_pass,OXIDATIVE_PHOSPHORYLATION,-1.70641125077023,0.000159231983870696,NDUFA5
D1,PH_pass,OXIDATIVE_PHOSPHORYLATION,-1.70641125077023,0.000159231983870696,PDK4
D1,PH_pass,OXIDATIVE_PHOSPHORYLATION,-1.70641125077023,0.000159231983870696,MDH1
D1,PH_pass,OXIDATIVE_PHOSPHORYLATION,-1.70641125077023,0.000159231983870696,MRPS30
D1,PH_pass,OXIDATIVE_PHOSPHORYLATION,-1.70641125077023,0.000159231983870696,OPA1
D1,PH_pass,OXIDATIVE_PHOSPHORYLATION,-1.70641125077023,0.000159231983870696,VDAC2
D1,PH_pass,OXIDATIVE_PHOSPHORYLATION,-1.70641125077023,0.000159231983870696,MRPL35
D1,PH_pass,OXIDATIVE_PHOSPHORYLATION,-1.70641125077023,0.000159231983870696,UQCRB
D1,PH_pass,OXIDATIVE_PHOSPHORYLATION,-1.70641125077023,0.000159231983870696,NNT
D1,PH_pass,OXIDATIVE_PHOSPHORYLATION,-1.70641125077023,0.000159231983870696,SLC25A20
D1,PH_pass,OXIDATIVE_PHOSPHORYLATION,-1.70641125077023,0.000159231983870696,TIMM9
D1,PH_pass,OXIDATIVE_PHOSPHORYLATION,-1.70641125077023,0.000159231983870696,ATP6V1G1
D1,PH_pass,OXIDATIVE_PHOSPHORYLATION,-1.70641125077023,0.000159231983870696,ATP5MC3
D1,PH_pass,OXIDATIVE_PHOSPHORYLATION,-1.70641125077023,0.000159231983870696,COX11
D1,PH_pass,OXIDATIVE_PHOSPHORYLATION,-1.70641125077023,0.000159231983870696,ACADSB
D1,PH_pass,OXIDATIVE_PHOSPHORYLATION,-1.70641125077023,0.000159231983870696,FH
D1,PH_pass,OXIDATIVE_PHOSPHORYLATION,-1.70641125077023,0.000159231983870696,DECR1
D1,PH_pass,OXIDATIVE_PHOSPHORYLATION,-1.70641125077023,0.000159231983870696,HCCS
D1,PH_pass,OXIDATIVE_PHOSPHORYLATION,-1.70641125077023,0.000159231983870696,ECHS1
D1,PH_pass,OXIDATIVE_PHOSPHORYLATION,-1.70641125077023,0.000159231983870696,ATP1B1
D1,PH_pass,OXIDATIVE_PHOSPHORYLATION,-1.70641125077023,0.000159231983870696,SDHD
D1,PH_pass,OXIDATIVE_PHOSPHORYLATION,-1.70641125077023,0.000159231983870696,UQCRC2
D1,PH_pass,OXIDATIVE_PHOSPHORYLATION,-1.70641125077023,0.000159231983870696,ATP5MC2
D1,PH_pass,OXIDATIVE_PHOSPHORYLATION,-1.70641125077023,0.000159231983870696,FDX1
D1,PH_pass,OXIDATIVE_PHOSPHORYLATION,-1.70641125077023,0.000159231983870696,SUCLA2
D1,PH_pass,OXIDATIVE_PHOSPHORYLATION,-1.70641125077023,0.000159231983870696,ATP5PO
D1,PH_pass,OXIDATIVE_PHOSPHORYLATION,-1.70641125077023,0.000159231983870696,SLC25A3
D1,PH_pass,OXIDATIVE_PHOSPHORYLATION,-1.70641125077023,0.000159231983870696,COX7C
D1,PH_pass,OXIDATIVE_PHOSPHORYLATION,-1.70641125077023,0.000159231983870696,NDUFS1
D1,PH_pass,OXIDATIVE_PHOSPHORYLATION,-1.70641125077023,0.000159231983870696,IDH1
D1,PH_pass,OXIDATIVE_PHOSPHORYLATION,-1.70641125077023,0.000159231983870696,NDUFS3
D1,PH_pass,OXIDATIVE_PHOSPHORYLATION,-1.70641125077023,0.000159231983870696,ATP5PB
D1,PH_pass,OXIDATIVE_PHOSPHORYLATION,-1.70641125077023,0.000159231983870696,MGST3
D1,PH_pass,OXIDATIVE_PHOSPHORYLATION,-1.70641125077023,0.000159231983870696,SLC25A5
D1,PH_pass,OXIDATIVE_PHOSPHORYLATION,-1.70641125077023,0.000159231983870696,NDUFB6
D1,PH_pass,OXIDATIVE_PHOSPHORYLATION,-1.70641125077023,0.000159231983870696,UQCRFS1
D1,PH_pass,OXIDATIVE_PHOSPHORYLATION,-1.70641125077023,0.000159231983870696,COX10
D1,PH_pass,OXIDATIVE_PHOSPHORYLATION,-1.70641125077023,0.000159231983870696,ACADM
D1,PH_pass,OXIDATIVE_PHOSPHORYLATION,-1.70641125077023,0.000159231983870696,ACAA2
D1,PH_pass,OXIDATIVE_PHOSPHORYLATION,-1.70641125077023,0.000159231983870696,PRDX3
D1,PH_pass,OXIDATIVE_PHOSPHORYLATION,-1.70641125077023,0.000159231983870696,NDUFA8
D1,PH_pass,OXIDATIVE_PHOSPHORYLATION,-1.70641125077023,0.000159231983870696,IMMT
D1,PH_pass,OXIDATIVE_PHOSPHORYLATION,-1.70641125077023,0.000159231983870696,MRPL34
D1,PH_pass,OXIDATIVE_PHOSPHORYLATION,-1.70641125077023,0.000159231983870696,NDUFA4
D1,PH_pass,OXIDATIVE_PHOSPHORYLATION,-1.70641125077023,0.000159231983870696,NDUFAB1
D1,PH_pass,OXIDATIVE_PHOSPHORYLATION,-1.70641125077023,0.000159231983870696,ABCB7
D1,PH_pass,OXIDATIVE_PHOSPHORYLATION,-1.70641125077023,0.000159231983870696,SLC25A6
D1,PH_pass,OXIDATIVE_PHOSPHORYLATION,-1.70641125077023,0.000159231983870696,TOMM22
D1,PH_pass,OXIDATIVE_PHOSPHORYLATION,-1.70641125077023,0.000159231983870696,SURF1
D1,PH_pass,OXIDATIVE_PHOSPHORYLATION,-1.70641125077023,0.000159231983870696,NDUFB2
D1,PH_pass,OXIDATIVE_PHOSPHORYLATION,-1.70641125077023,0.000159231983870696,TOMM70
D1,PH_pass,OXIDATIVE_PHOSPHORYLATION,-1.70641125077023,0.000159231983870696,MTRR
D1,PH_pass,OXIDATIVE_PHOSPHORYLATION,-1.70641125077023,0.000159231983870696,TIMM8B
D1,PH_pass,OXIDATIVE_PHOSPHORYLATION,-1.70641125077023,0.000159231983870696,MRPL15
D1,PH_pass,OXIDATIVE_PHOSPHORYLATION,-1.70641125077023,0.000159231983870696,AIFM1
D1,PH_pass,OXIDATIVE_PHOSPHORYLATION,-1.70641125077023,0.000159231983870696,IDH3B
D1,PH_pass,OXIDATIVE_PHOSPHORYLATION,-1.70641125077023,0.000159231983870696,SUCLG1
D1,PH_pass,OXIDATIVE_PHOSPHORYLATION,-1.70641125077023,0.000159231983870696,COX5B
D1,PH_pass,OXIDATIVE_PHOSPHORYLATION,-1.70641125077023,0.000159231983870696,HSD17B10
D1,PH_pass,OXIDATIVE_PHOSPHORYLATION,-1.70641125077023,0.000159231983870696,PDHX
D1,PH_pass,P53_PATHWAY,1.50547525669146,0.00840996999066788,NDRG1
D1,PH_pass,P53_PATHWAY,1.50547525669146,0.00840996999066788,DDIT3
D1,PH_pass,P53_PATHWAY,1.50547525669146,0.00840996999066788,SLC7A11
D1,PH_pass,P53_PATHWAY,1.50547525669146,0.00840996999066788,ABHD4
D1,PH_pass,P53_PATHWAY,1.50547525669146,0.00840996999066788,HEXIM1
D1,PH_pass,P53_PATHWAY,1.50547525669146,0.00840996999066788,DDIT4
D1,PH_pass,P53_PATHWAY,1.50547525669146,0.00840996999066788,IER3
D1,PH_pass,P53_PATHWAY,1.50547525669146,0.00840996999066788,CCND3
D1,PH_pass,P53_PATHWAY,1.50547525669146,0.00840996999066788,ALOX15B
D1,PH_pass,P53_PATHWAY,1.50547525669146,0.00840996999066788,CDK5R1
D1,PH_pass,P53_PATHWAY,1.50547525669146,0.00840996999066788,ZBTB16
D1,PH_pass,P53_PATHWAY,1.50547525669146,0.00840996999066788,UPP1
D1,PH_pass,P53_PATHWAY,1.50547525669146,0.00840996999066788,RGS16
D1,PH_pass,P53_PATHWAY,1.50547525669146,0.00840996999066788,ACVR1B
D1,PH_pass,P53_PATHWAY,1.50547525669146,0.00840996999066788,HBEGF
D1,PH_pass,P53_PATHWAY,1.50547525669146,0.00840996999066788,PDGFA
D1,PH_pass,P53_PATHWAY,1.50547525669146,0.00840996999066788,FOXO3
D1,PH_pass,P53_PATHWAY,1.50547525669146,0.00840996999066788,RALGDS
D1,PH_pass,P53_PATHWAY,1.50547525669146,0.00840996999066788,GPX2
D1,PH_pass,P53_PATHWAY,1.50547525669146,0.00840996999066788,SDC1
D1,PH_pass,P53_PATHWAY,1.50547525669146,0.00840996999066788,PPP1R15A
D1,PH_pass,P53_PATHWAY,1.50547525669146,0.00840996999066788,F2R
D1,PH_pass,P53_PATHWAY,1.50547525669146,0.00840996999066788,APP
D1,PH_pass,P53_PATHWAY,1.50547525669146,0.00840996999066788,CD82
D1,PH_pass,P53_PATHWAY,1.50547525669146,0.00840996999066788,STOM
D1,PH_pass,P53_PATHWAY,1.50547525669146,0.00840996999066788,TOB1
D1,PH_pass,P53_PATHWAY,1.50547525669146,0.00840996999066788,GADD45A
D1,PH_pass,P53_PATHWAY,1.50547525669146,0.00840996999066788,PLK3
D1,PH_pass,P53_PATHWAY,1.50547525669146,0.00840996999066788,MXD1
D1,PH_pass,P53_PATHWAY,1.50547525669146,0.00840996999066788,ABCC5
D1,PH_pass,P53_PATHWAY,1.50547525669146,0.00840996999066788,CTSD
D1,PH_pass,P53_PATHWAY,1.50547525669146,0.00840996999066788,MKNK2
D1,PH_pass,P53_PATHWAY,1.50547525669146,0.00840996999066788,TGFB1
D1,PH_pass,P53_PATHWAY,1.50547525669146,0.00840996999066788,RXRA
D1,PH_pass,P53_PATHWAY,1.50547525669146,0.00840996999066788,CEBPA
D1,PH_pass,P53_PATHWAY,1.50547525669146,0.00840996999066788,PTPRE
D1,PH_pass,P53_PATHWAY,1.50547525669146,0.00840996999066788,TSPYL2
D1,PH_pass,P53_PATHWAY,1.50547525669146,0.00840996999066788,SLC3A2
D1,PH_pass,PEROXISOME,1.0133960339369,0.495309624890257,ABCB9
D1,PH_pass,PEROXISOME,1.0133960339369,0.495309624890257,YWHAH
D1,PH_pass,PEROXISOME,1.0133960339369,0.495309624890257,ACSL1
D1,PH_pass,PEROXISOME,1.0133960339369,0.495309624890257,CLN8
D1,PH_pass,PEROXISOME,1.0133960339369,0.495309624890257,DHCR24
D1,PH_pass,PEROXISOME,1.0133960339369,0.495309624890257,FIS1
D1,PH_pass,PEROXISOME,1.0133960339369,0.495309624890257,ABCC5
D1,PH_pass,PEROXISOME,1.0133960339369,0.495309624890257,TOP2A
D1,PH_pass,PEROXISOME,1.0133960339369,0.495309624890257,PRDX5
D1,PH_pass,PEROXISOME,1.0133960339369,0.495309624890257,CTBP1
D1,PH_pass,PEROXISOME,1.0133960339369,0.495309624890257,LONP2
D1,PH_pass,PEROXISOME,1.0133960339369,0.495309624890257,SIAH1
D1,PH_pass,PEROXISOME,1.0133960339369,0.495309624890257,CADM1
D1,PH_pass,PEROXISOME,1.0133960339369,0.495309624890257,HSD11B2
D1,PH_pass,PEROXISOME,1.0133960339369,0.495309624890257,STS
D1,PH_pass,PEROXISOME,1.0133960339369,0.495309624890257,ACAA1
D1,PH_pass,PEROXISOME,1.0133960339369,0.495309624890257,CRAT
D1,PH_pass,PEROXISOME,1.0133960339369,0.495309624890257,FADS1
D1,PH_pass,PEROXISOME,1.0133960339369,0.495309624890257,ATXN1
D1,PH_pass,PEROXISOME,1.0133960339369,0.495309624890257,MVP
D1,PH_pass,PI3K_AKT_MTOR_SIGNALING,1.4979962688043,0.0222835402808059,DDIT3
D1,PH_pass,PI3K_AKT_MTOR_SIGNALING,1.4979962688043,0.0222835402808059,SLC2A1
D1,PH_pass,PI3K_AKT_MTOR_SIGNALING,1.4979962688043,0.0222835402808059,E2F1
D1,PH_pass,PI3K_AKT_MTOR_SIGNALING,1.4979962688043,0.0222835402808059,MAP2K3
D1,PH_pass,PI3K_AKT_MTOR_SIGNALING,1.4979962688043,0.0222835402808059,RALB
D1,PH_pass,PI3K_AKT_MTOR_SIGNALING,1.4979962688043,0.0222835402808059,MKNK1
D1,PH_pass,PI3K_AKT_MTOR_SIGNALING,1.4979962688043,0.0222835402808059,ARF1
D1,PH_pass,PI3K_AKT_MTOR_SIGNALING,1.4979962688043,0.0222835402808059,AKT1S1
D1,PH_pass,PI3K_AKT_MTOR_SIGNALING,1.4979962688043,0.0222835402808059,AP2M1
D1,PH_pass,PI3K_AKT_MTOR_SIGNALING,1.4979962688043,0.0222835402808059,PLA2G12A
D1,PH_pass,PI3K_AKT_MTOR_SIGNALING,1.4979962688043,0.0222835402808059,CFL1
D1,PH_pass,PI3K_AKT_MTOR_SIGNALING,1.4979962688043,0.0222835402808059,MKNK2
D1,PH_pass,PI3K_AKT_MTOR_SIGNALING,1.4979962688043,0.0222835402808059,SQSTM1
D1,PH_pass,PI3K_AKT_MTOR_SIGNALING,1.4979962688043,0.0222835402808059,CXCR4
D1,PH_pass,PI3K_AKT_MTOR_SIGNALING,1.4979962688043,0.0222835402808059,MAP2K6
D1,PH_pass,PI3K_AKT_MTOR_SIGNALING,1.4979962688043,0.0222835402808059,RPS6KA1
D1,PH_pass,PI3K_AKT_MTOR_SIGNALING,1.4979962688043,0.0222835402808059,CAB39
D1,PH_pass,PI3K_AKT_MTOR_SIGNALING,1.4979962688043,0.0222835402808059,GRB2
D1,PH_pass,PI3K_AKT_MTOR_SIGNALING,1.4979962688043,0.0222835402808059,CDK1
D1,PH_pass,PI3K_AKT_MTOR_SIGNALING,1.4979962688043,0.0222835402808059,SLA
D1,PH_pass,PI3K_AKT_MTOR_SIGNALING,1.4979962688043,0.0222835402808059,CDKN1B
D1,PH_pass,PI3K_AKT_MTOR_SIGNALING,1.4979962688043,0.0222835402808059,ARHGDIA
D1,PH_pass,PI3K_AKT_MTOR_SIGNALING,1.4979962688043,0.0222835402808059,RAF1
D1,PH_pass,PI3K_AKT_MTOR_SIGNALING,1.4979962688043,0.0222835402808059,PDK1
D1,PH_pass,PI3K_AKT_MTOR_SIGNALING,1.4979962688043,0.0222835402808059,GRK2
D1,PH_pass,PI3K_AKT_MTOR_SIGNALING,1.4979962688043,0.0222835402808059,PTPN11
D1,PH_pass,PI3K_AKT_MTOR_SIGNALING,1.4979962688043,0.0222835402808059,UBE2D3
D1,PH_pass,PI3K_AKT_MTOR_SIGNALING,1.4979962688043,0.0222835402808059,PFN1
D1,PH_pass,PI3K_AKT_MTOR_SIGNALING,1.4979962688043,0.0222835402808059,CDKN1A
D1,PH_pass,PI3K_AKT_MTOR_SIGNALING,1.4979962688043,0.0222835402808059,PRKCB
D1,PH_pass,PI3K_AKT_MTOR_SIGNALING,1.4979962688043,0.0222835402808059,PRKAR2A
D1,PH_pass,PI3K_AKT_MTOR_SIGNALING,1.4979962688043,0.0222835402808059,TRIB3
D1,PH_pass,PI3K_AKT_MTOR_SIGNALING,1.4979962688043,0.0222835402808059,NFKBIB
D1,PH_pass,PI3K_AKT_MTOR_SIGNALING,1.4979962688043,0.0222835402808059,CDK2
D1,PH_pass,PI3K_AKT_MTOR_SIGNALING,1.4979962688043,0.0222835402808059,CSNK2B
D1,PH_pass,PI3K_AKT_MTOR_SIGNALING,1.4979962688043,0.0222835402808059,RIT1
D1,PH_pass,PI3K_AKT_MTOR_SIGNALING,1.4979962688043,0.0222835402808059,PTEN
D1,PH_pass,PROTEIN_SECRETION,-1.25223897521828,0.117849898580122,SNX2
D1,PH_pass,PROTEIN_SECRETION,-1.25223897521828,0.117849898580122,M6PR
D1,PH_pass,PROTEIN_SECRETION,-1.25223897521828,0.117849898580122,CTSC
D1,PH_pass,PROTEIN_SECRETION,-1.25223897521828,0.117849898580122,DOP1A
D1,PH_pass,PROTEIN_SECRETION,-1.25223897521828,0.117849898580122,VPS45
D1,PH_pass,PROTEIN_SECRETION,-1.25223897521828,0.117849898580122,COG2
D1,PH_pass,PROTEIN_SECRETION,-1.25223897521828,0.117849898580122,ZW10
D1,PH_pass,PROTEIN_SECRETION,-1.25223897521828,0.117849898580122,BET1
D1,PH_pass,PROTEIN_SECRETION,-1.25223897521828,0.117849898580122,RAB22A
D1,PH_pass,PROTEIN_SECRETION,-1.25223897521828,0.117849898580122,COPB2
D1,PH_pass,PROTEIN_SECRETION,-1.25223897521828,0.117849898580122,SCAMP1
D1,PH_pass,PROTEIN_SECRETION,-1.25223897521828,0.117849898580122,TMX1
D1,PH_pass,PROTEIN_SECRETION,-1.25223897521828,0.117849898580122,USO1
D1,PH_pass,PROTEIN_SECRETION,-1.25223897521828,0.117849898580122,AP3B1
D1,PH_pass,PROTEIN_SECRETION,-1.25223897521828,0.117849898580122,SCAMP3
D1,PH_pass,PROTEIN_SECRETION,-1.25223897521828,0.117849898580122,ARFIP1
D1,PH_pass,PROTEIN_SECRETION,-1.25223897521828,0.117849898580122,SEC24D
D1,PH_pass,PROTEIN_SECRETION,-1.25223897521828,0.117849898580122,MON2
D1,PH_pass,PROTEIN_SECRETION,-1.25223897521828,0.117849898580122,ARFGEF2
D1,PH_pass,PROTEIN_SECRETION,-1.25223897521828,0.117849898580122,PPT1
D1,PH_pass,PROTEIN_SECRETION,-1.25223897521828,0.117849898580122,GOSR2
D1,PH_pass,PROTEIN_SECRETION,-1.25223897521828,0.117849898580122,TMED10
D1,PH_pass,PROTEIN_SECRETION,-1.25223897521828,0.117849898580122,ADAM10
D1,PH_pass,PROTEIN_SECRETION,-1.25223897521828,0.117849898580122,ABCA1
D1,PH_pass,PROTEIN_SECRETION,-1.25223897521828,0.117849898580122,SEC31A
D1,PH_pass,PROTEIN_SECRETION,-1.25223897521828,0.117849898580122,SCRN1
D1,PH_pass,PROTEIN_SECRETION,-1.25223897521828,0.117849898580122,STX12
D1,PH_pass,REACTIVE_OXYGEN_SPECIES_PATHWAY,2.02290809417902,0.000146491793567126,PRDX2
D1,PH_pass,REACTIVE_OXYGEN_SPECIES_PATHWAY,2.02290809417902,0.000146491793567126,CDKN2D
D1,PH_pass,REACTIVE_OXYGEN_SPECIES_PATHWAY,2.02290809417902,0.000146491793567126,PDLIM1
D1,PH_pass,REACTIVE_OXYGEN_SPECIES_PATHWAY,2.02290809417902,0.000146491793567126,GCLM
D1,PH_pass,REACTIVE_OXYGEN_SPECIES_PATHWAY,2.02290809417902,0.000146491793567126,OXSR1
D1,PH_pass,REACTIVE_OXYGEN_SPECIES_PATHWAY,2.02290809417902,0.000146491793567126,MPO
D1,PH_pass,REACTIVE_OXYGEN_SPECIES_PATHWAY,2.02290809417902,0.000146491793567126,G6PD
D1,PH_pass,REACTIVE_OXYGEN_SPECIES_PATHWAY,2.02290809417902,0.000146491793567126,GSR
D1,PH_pass,REACTIVE_OXYGEN_SPECIES_PATHWAY,2.02290809417902,0.000146491793567126,SBNO2
D1,PH_pass,REACTIVE_OXYGEN_SPECIES_PATHWAY,2.02290809417902,0.000146491793567126,NQO1
D1,PH_pass,REACTIVE_OXYGEN_SPECIES_PATHWAY,2.02290809417902,0.000146491793567126,MSRA
D1,PH_pass,REACTIVE_OXYGEN_SPECIES_PATHWAY,2.02290809417902,0.000146491793567126,PFKP
D1,PH_pass,REACTIVE_OXYGEN_SPECIES_PATHWAY,2.02290809417902,0.000146491793567126,LAMTOR5
D1,PH_pass,REACTIVE_OXYGEN_SPECIES_PATHWAY,2.02290809417902,0.000146491793567126,GPX4
D1,PH_pass,REACTIVE_OXYGEN_SPECIES_PATHWAY,2.02290809417902,0.000146491793567126,EGLN2
D1,PH_pass,REACTIVE_OXYGEN_SPECIES_PATHWAY,2.02290809417902,0.000146491793567126,JUNB
D1,PH_pass,REACTIVE_OXYGEN_SPECIES_PATHWAY,2.02290809417902,0.000146491793567126,SRXN1
D1,PH_pass,REACTIVE_OXYGEN_SPECIES_PATHWAY,2.02290809417902,0.000146491793567126,FTL
D1,PH_pass,REACTIVE_OXYGEN_SPECIES_PATHWAY,2.02290809417902,0.000146491793567126,GPX3
D1,PH_pass,REACTIVE_OXYGEN_SPECIES_PATHWAY,2.02290809417902,0.000146491793567126,FES
D1,PH_pass,SPERMATOGENESIS,1.09573625552817,0.389947205137974,HSPA1L
D1,PH_pass,SPERMATOGENESIS,1.09573625552817,0.389947205137974,BRAF
D1,PH_pass,SPERMATOGENESIS,1.09573625552817,0.389947205137974,PCSK1N
D1,PH_pass,SPERMATOGENESIS,1.09573625552817,0.389947205137974,KIF2C
D1,PH_pass,SPERMATOGENESIS,1.09573625552817,0.389947205137974,PGS1
D1,PH_pass,SPERMATOGENESIS,1.09573625552817,0.389947205137974,CLVS1
D1,PH_pass,SPERMATOGENESIS,1.09573625552817,0.389947205137974,BUB1
D1,PH_pass,SPERMATOGENESIS,1.09573625552817,0.389947205137974,GFI1
D1,PH_pass,SPERMATOGENESIS,1.09573625552817,0.389947205137974,MAST2
D1,PH_pass,SPERMATOGENESIS,1.09573625552817,0.389947205137974,PIAS2
D1,PH_pass,SPERMATOGENESIS,1.09573625552817,0.389947205137974,AGFG1
D1,PH_pass,SPERMATOGENESIS,1.09573625552817,0.389947205137974,JAM3
D1,PH_pass,SPERMATOGENESIS,1.09573625552817,0.389947205137974,NCAPH
D1,PH_pass,SPERMATOGENESIS,1.09573625552817,0.389947205137974,GSTM3
D1,PH_pass,SPERMATOGENESIS,1.09573625552817,0.389947205137974,CCNB2
D1,PH_pass,SPERMATOGENESIS,1.09573625552817,0.389947205137974,CCNA1
D1,PH_pass,SPERMATOGENESIS,1.09573625552817,0.389947205137974,CSNK2A2
D1,PH_pass,SPERMATOGENESIS,1.09573625552817,0.389947205137974,CDK1
D1,PH_pass,SPERMATOGENESIS,1.09573625552817,0.389947205137974,ACRBP
D1,PH_pass,SPERMATOGENESIS,1.09573625552817,0.389947205137974,CHFR
D1,PH_pass,SPERMATOGENESIS,1.09573625552817,0.389947205137974,PRKAR2A
D1,PH_pass,SPERMATOGENESIS,1.09573625552817,0.389947205137974,AURKA
D1,PH_pass,SPERMATOGENESIS,1.09573625552817,0.389947205137974,SHE
D1,PH_pass,SPERMATOGENESIS,1.09573625552817,0.389947205137974,TALDO1
D1,PH_pass,SPERMATOGENESIS,1.09573625552817,0.389947205137974,TTK
D1,PH_pass,SPERMATOGENESIS,1.09573625552817,0.389947205137974,NEK2
D1,PH_pass,SPERMATOGENESIS,1.09573625552817,0.389947205137974,HSPA4L
D1,PH_pass,SPERMATOGENESIS,1.09573625552817,0.389947205137974,SLC2A5
D1,PH_pass,TGF_BETA_SIGNALING,1.56429378951465,0.0222835402808059,HIPK2
D1,PH_pass,TGF_BETA_SIGNALING,1.56429378951465,0.0222835402808059,THBS1
D1,PH_pass,TGF_BETA_SIGNALING,1.56429378951465,0.0222835402808059,FURIN
D1,PH_pass,TGF_BETA_SIGNALING,1.56429378951465,0.0222835402808059,TGIF1
D1,PH_pass,TGF_BETA_SIGNALING,1.56429378951465,0.0222835402808059,SPTBN1
D1,PH_pass,TGF_BETA_SIGNALING,1.56429378951465,0.0222835402808059,PPP1R15A
D1,PH_pass,TGF_BETA_SIGNALING,1.56429378951465,0.0222835402808059,SERPINE1
D1,PH_pass,TGF_BETA_SIGNALING,1.56429378951465,0.0222835402808059,CDH1
D1,PH_pass,TGF_BETA_SIGNALING,1.56429378951465,0.0222835402808059,SKI
D1,PH_pass,TGF_BETA_SIGNALING,1.56429378951465,0.0222835402808059,RAB31
D1,PH_pass,TGF_BETA_SIGNALING,1.56429378951465,0.0222835402808059,ID1
D1,PH_pass,TGF_BETA_SIGNALING,1.56429378951465,0.0222835402808059,TGFB1
D1,PH_pass,TGF_BETA_SIGNALING,1.56429378951465,0.0222835402808059,JUNB
D1,PH_pass,TGF_BETA_SIGNALING,1.56429378951465,0.0222835402808059,SKIL
D1,PH_pass,TGF_BETA_SIGNALING,1.56429378951465,0.0222835402808059,ID2
D1,PH_pass,TGF_BETA_SIGNALING,1.56429378951465,0.0222835402808059,IFNGR2
D1,PH_pass,TGF_BETA_SIGNALING,1.56429378951465,0.0222835402808059,PPM1A
D1,PH_pass,TGF_BETA_SIGNALING,1.56429378951465,0.0222835402808059,SMAD1
D1,PH_pass,TGF_BETA_SIGNALING,1.56429378951465,0.0222835402808059,UBE2D3
D1,PH_pass,TNFA_SIGNALING_VIA_NFKB,2.05703925505784,2.49834801514419e-07,VEGFA
D1,PH_pass,TNFA_SIGNALING_VIA_NFKB,2.05703925505784,2.49834801514419e-07,BCL6
D1,PH_pass,TNFA_SIGNALING_VIA_NFKB,2.05703925505784,2.49834801514419e-07,ZC3H12A
D1,PH_pass,TNFA_SIGNALING_VIA_NFKB,2.05703925505784,2.49834801514419e-07,KLF9
D1,PH_pass,TNFA_SIGNALING_VIA_NFKB,2.05703925505784,2.49834801514419e-07,PER1
D1,PH_pass,TNFA_SIGNALING_VIA_NFKB,2.05703925505784,2.49834801514419e-07,IRS2
D1,PH_pass,TNFA_SIGNALING_VIA_NFKB,2.05703925505784,2.49834801514419e-07,AREG
D1,PH_pass,TNFA_SIGNALING_VIA_NFKB,2.05703925505784,2.49834801514419e-07,MAFF
D1,PH_pass,TNFA_SIGNALING_VIA_NFKB,2.05703925505784,2.49834801514419e-07,IER3
D1,PH_pass,TNFA_SIGNALING_VIA_NFKB,2.05703925505784,2.49834801514419e-07,LDLR
D1,PH_pass,TNFA_SIGNALING_VIA_NFKB,2.05703925505784,2.49834801514419e-07,ETS2
D1,PH_pass,TNFA_SIGNALING_VIA_NFKB,2.05703925505784,2.49834801514419e-07,PLPP3
D1,PH_pass,TNFA_SIGNALING_VIA_NFKB,2.05703925505784,2.49834801514419e-07,TRIB1
D1,PH_pass,TNFA_SIGNALING_VIA_NFKB,2.05703925505784,2.49834801514419e-07,NFKBIA
D1,PH_pass,TNFA_SIGNALING_VIA_NFKB,2.05703925505784,2.49834801514419e-07,TGIF1
D1,PH_pass,TNFA_SIGNALING_VIA_NFKB,2.05703925505784,2.49834801514419e-07,PFKFB3
D1,PH_pass,TNFA_SIGNALING_VIA_NFKB,2.05703925505784,2.49834801514419e-07,TNIP1
D1,PH_pass,TNFA_SIGNALING_VIA_NFKB,2.05703925505784,2.49834801514419e-07,PNRC1
D1,PH_pass,TNFA_SIGNALING_VIA_NFKB,2.05703925505784,2.49834801514419e-07,SDC4
D1,PH_pass,TNFA_SIGNALING_VIA_NFKB,2.05703925505784,2.49834801514419e-07,MAP2K3
D1,PH_pass,TNFA_SIGNALING_VIA_NFKB,2.05703925505784,2.49834801514419e-07,NFIL3
D1,PH_pass,TNFA_SIGNALING_VIA_NFKB,2.05703925505784,2.49834801514419e-07,PLAU
D1,PH_pass,TNFA_SIGNALING_VIA_NFKB,2.05703925505784,2.49834801514419e-07,HBEGF
D1,PH_pass,TNFA_SIGNALING_VIA_NFKB,2.05703925505784,2.49834801514419e-07,PHLDA1
D1,PH_pass,TNFA_SIGNALING_VIA_NFKB,2.05703925505784,2.49834801514419e-07,PTX3
D1,PH_pass,TNFA_SIGNALING_VIA_NFKB,2.05703925505784,2.49834801514419e-07,KLF6
D1,PH_pass,TNFA_SIGNALING_VIA_NFKB,2.05703925505784,2.49834801514419e-07,B4GALT5
D1,PH_pass,TNFA_SIGNALING_VIA_NFKB,2.05703925505784,2.49834801514419e-07,DENND5A
D1,PH_pass,TNFA_SIGNALING_VIA_NFKB,2.05703925505784,2.49834801514419e-07,TUBB2A
D1,PH_pass,TNFA_SIGNALING_VIA_NFKB,2.05703925505784,2.49834801514419e-07,SLC2A3
D1,PH_pass,TNFA_SIGNALING_VIA_NFKB,2.05703925505784,2.49834801514419e-07,PPP1R15A
D1,PH_pass,TNFA_SIGNALING_VIA_NFKB,2.05703925505784,2.49834801514419e-07,GADD45B
D1,PH_pass,TNFA_SIGNALING_VIA_NFKB,2.05703925505784,2.49834801514419e-07,CSF1
D1,PH_pass,TNFA_SIGNALING_VIA_NFKB,2.05703925505784,2.49834801514419e-07,SERPINE1
D1,PH_pass,TNFA_SIGNALING_VIA_NFKB,2.05703925505784,2.49834801514419e-07,TNFAIP3
D1,PH_pass,TNFA_SIGNALING_VIA_NFKB,2.05703925505784,2.49834801514419e-07,INHBA
D1,PH_pass,TNFA_SIGNALING_VIA_NFKB,2.05703925505784,2.49834801514419e-07,MARCKS
D1,PH_pass,TNFA_SIGNALING_VIA_NFKB,2.05703925505784,2.49834801514419e-07,FOSL2
D1,PH_pass,TNFA_SIGNALING_VIA_NFKB,2.05703925505784,2.49834801514419e-07,GADD45A
D1,PH_pass,TNFA_SIGNALING_VIA_NFKB,2.05703925505784,2.49834801514419e-07,B4GALT1
D1,PH_pass,TNFA_SIGNALING_VIA_NFKB,2.05703925505784,2.49834801514419e-07,MXD1
D1,PH_pass,TNFA_SIGNALING_VIA_NFKB,2.05703925505784,2.49834801514419e-07,RCAN1
D1,PH_pass,TNFA_SIGNALING_VIA_NFKB,2.05703925505784,2.49834801514419e-07,RELB
D1,PH_pass,TNFA_SIGNALING_VIA_NFKB,2.05703925505784,2.49834801514419e-07,EFNA1
D1,PH_pass,TNFA_SIGNALING_VIA_NFKB,2.05703925505784,2.49834801514419e-07,EHD1
D1,PH_pass,TNFA_SIGNALING_VIA_NFKB,2.05703925505784,2.49834801514419e-07,BCL3
D1,PH_pass,TNFA_SIGNALING_VIA_NFKB,2.05703925505784,2.49834801514419e-07,NFKB2
D1,PH_pass,TNFA_SIGNALING_VIA_NFKB,2.05703925505784,2.49834801514419e-07,CFLAR
D1,PH_pass,TNFA_SIGNALING_VIA_NFKB,2.05703925505784,2.49834801514419e-07,KDM6B
D1,PH_pass,TNFA_SIGNALING_VIA_NFKB,2.05703925505784,2.49834801514419e-07,SQSTM1
D1,PH_pass,TNFA_SIGNALING_VIA_NFKB,2.05703925505784,2.49834801514419e-07,RELA
D1,PH_pass,TNFA_SIGNALING_VIA_NFKB,2.05703925505784,2.49834801514419e-07,BCL2A1
D1,PH_pass,TNFA_SIGNALING_VIA_NFKB,2.05703925505784,2.49834801514419e-07,PTPRE
D1,PH_pass,TNFA_SIGNALING_VIA_NFKB,2.05703925505784,2.49834801514419e-07,G0S2
D1,PH_pass,TNFA_SIGNALING_VIA_NFKB,2.05703925505784,2.49834801514419e-07,JUNB
D1,PH_pass,TNFA_SIGNALING_VIA_NFKB,2.05703925505784,2.49834801514419e-07,NFAT5
D1,PH_pass,TNFA_SIGNALING_VIA_NFKB,2.05703925505784,2.49834801514419e-07,ID2
D1,PH_pass,TNFA_SIGNALING_VIA_NFKB,2.05703925505784,2.49834801514419e-07,IFNGR2
D1,PH_pass,TNFA_SIGNALING_VIA_NFKB,2.05703925505784,2.49834801514419e-07,FOSB
D1,PH_pass,TNFA_SIGNALING_VIA_NFKB,2.05703925505784,2.49834801514419e-07,SERPINB2
D1,PH_pass,TNFA_SIGNALING_VIA_NFKB,2.05703925505784,2.49834801514419e-07,TSC22D1
D1,PH_pass,TNFA_SIGNALING_VIA_NFKB,2.05703925505784,2.49834801514419e-07,NINJ1
D1,PH_pass,TNFA_SIGNALING_VIA_NFKB,2.05703925505784,2.49834801514419e-07,CCNL1
D1,PH_pass,TNFA_SIGNALING_VIA_NFKB,2.05703925505784,2.49834801514419e-07,OLR1
D1,PH_pass,TNFA_SIGNALING_VIA_NFKB,2.05703925505784,2.49834801514419e-07,SPSB1
D1,PH_pass,TNFA_SIGNALING_VIA_NFKB,2.05703925505784,2.49834801514419e-07,BTG1
D1,PH_pass,TNFA_SIGNALING_VIA_NFKB,2.05703925505784,2.49834801514419e-07,JUN
D1,PH_pass,TNFA_SIGNALING_VIA_NFKB,2.05703925505784,2.49834801514419e-07,DUSP2
D1,PH_pass,TNFA_SIGNALING_VIA_NFKB,2.05703925505784,2.49834801514419e-07,LAMB3
D1,PH_pass,TNFA_SIGNALING_VIA_NFKB,2.05703925505784,2.49834801514419e-07,CDKN1A
D1,PH_pass,TNFA_SIGNALING_VIA_NFKB,2.05703925505784,2.49834801514419e-07,NFKB1
D1,PH_pass,TNFA_SIGNALING_VIA_NFKB,2.05703925505784,2.49834801514419e-07,EGR1
D1,PH_pass,TNFA_SIGNALING_VIA_NFKB,2.05703925505784,2.49834801514419e-07,CEBPD
D1,PH_pass,TNFA_SIGNALING_VIA_NFKB,2.05703925505784,2.49834801514419e-07,SOCS3
D1,PH_pass,TNFA_SIGNALING_VIA_NFKB,2.05703925505784,2.49834801514419e-07,TIPARP
D1,PH_pass,TNFA_SIGNALING_VIA_NFKB,2.05703925505784,2.49834801514419e-07,ZFP36
D1,PH_pass,TNFA_SIGNALING_VIA_NFKB,2.05703925505784,2.49834801514419e-07,DUSP1
D1,PH_pass,TNFA_SIGNALING_VIA_NFKB,2.05703925505784,2.49834801514419e-07,EIF1
D1,PH_pass,TNFA_SIGNALING_VIA_NFKB,2.05703925505784,2.49834801514419e-07,CEBPB
D1,PH_pass,TNFA_SIGNALING_VIA_NFKB,2.05703925505784,2.49834801514419e-07,STAT5A
D1,PH_pass,TNFA_SIGNALING_VIA_NFKB,2.05703925505784,2.49834801514419e-07,PANX1
D1,PH_pass,TNFA_SIGNALING_VIA_NFKB,2.05703925505784,2.49834801514419e-07,BTG3
D1,PH_pass,TNFA_SIGNALING_VIA_NFKB,2.05703925505784,2.49834801514419e-07,DNAJB4
D1,PH_pass,UNFOLDED_PROTEIN_RESPONSE,0.947551322607019,0.601226993865031,VEGFA
D1,PH_pass,UNFOLDED_PROTEIN_RESPONSE,0.947551322607019,0.601226993865031,ERN1
D1,PH_pass,UNFOLDED_PROTEIN_RESPONSE,0.947551322607019,0.601226993865031,DDIT4
D1,PH_pass,UNFOLDED_PROTEIN_RESPONSE,0.947551322607019,0.601226993865031,ATF4
D1,PH_pass,UNFOLDED_PROTEIN_RESPONSE,0.947551322607019,0.601226993865031,SLC7A5
D1,PH_pass,UNFOLDED_PROTEIN_RESPONSE,0.947551322607019,0.601226993865031,WIPI1
D1,PH_pass,UNFOLDED_PROTEIN_RESPONSE,0.947551322607019,0.601226993865031,TUBB2A
D1,PH_pass,UNFOLDED_PROTEIN_RESPONSE,0.947551322607019,0.601226993865031,EXOSC4
D1,PH_pass,UNFOLDED_PROTEIN_RESPONSE,0.947551322607019,0.601226993865031,PSAT1
D1,PH_pass,UNFOLDED_PROTEIN_RESPONSE,0.947551322607019,0.601226993865031,SHC1
D1,PH_pass,UNFOLDED_PROTEIN_RESPONSE,0.947551322607019,0.601226993865031,PDIA5
D1,PH_pass,UNFOLDED_PROTEIN_RESPONSE,0.947551322607019,0.601226993865031,DNAJB9
D1,PH_pass,UNFOLDED_PROTEIN_RESPONSE,0.947551322607019,0.601226993865031,ASNS
D1,PH_pass,UV_RESPONSE_DN,1.58673583991531,0.00689470476152234,LDLR
D1,PH_pass,UV_RESPONSE_DN,1.58673583991531,0.00689470476152234,PLPP3
D1,PH_pass,UV_RESPONSE_DN,1.58673583991531,0.00689470476152234,VLDLR
D1,PH_pass,UV_RESPONSE_DN,1.58673583991531,0.00689470476152234,IGF1R
D1,PH_pass,UV_RESPONSE_DN,1.58673583991531,0.00689470476152234,TFPI
D1,PH_pass,UV_RESPONSE_DN,1.58673583991531,0.00689470476152234,ITGB3
D1,PH_pass,UV_RESPONSE_DN,1.58673583991531,0.00689470476152234,FHL2
D1,PH_pass,UV_RESPONSE_DN,1.58673583991531,0.00689470476152234,LTBP1
D1,PH_pass,UV_RESPONSE_DN,1.58673583991531,0.00689470476152234,PIAS3
D1,PH_pass,UV_RESPONSE_DN,1.58673583991531,0.00689470476152234,PTGFR
D1,PH_pass,UV_RESPONSE_DN,1.58673583991531,0.00689470476152234,MAP1B
D1,PH_pass,UV_RESPONSE_DN,1.58673583991531,0.00689470476152234,SYNE1
D1,PH_pass,UV_RESPONSE_DN,1.58673583991531,0.00689470476152234,GCNT1
D1,PH_pass,UV_RESPONSE_DN,1.58673583991531,0.00689470476152234,MT1E
D1,PH_pass,UV_RESPONSE_DN,1.58673583991531,0.00689470476152234,SLC7A1
D1,PH_pass,UV_RESPONSE_DN,1.58673583991531,0.00689470476152234,KIT
D1,PH_pass,UV_RESPONSE_DN,1.58673583991531,0.00689470476152234,CDC42BPA
D1,PH_pass,UV_RESPONSE_DN,1.58673583991531,0.00689470476152234,PRKCA
D1,PH_pass,UV_RESPONSE_DN,1.58673583991531,0.00689470476152234,SERPINE1
D1,PH_pass,UV_RESPONSE_DN,1.58673583991531,0.00689470476152234,NFIB
D1,PH_pass,UV_RESPONSE_DN,1.58673583991531,0.00689470476152234,APBB2
D1,PH_pass,UV_RESPONSE_DN,1.58673583991531,0.00689470476152234,MGLL
D1,PH_pass,UV_RESPONSE_DN,1.58673583991531,0.00689470476152234,PPARG
D1,PH_pass,UV_RESPONSE_DN,1.58673583991531,0.00689470476152234,PRKCE
D1,PH_pass,UV_RESPONSE_DN,1.58673583991531,0.00689470476152234,MAPK14
D1,PH_pass,UV_RESPONSE_DN,1.58673583991531,0.00689470476152234,SRI
D1,PH_pass,UV_RESPONSE_DN,1.58673583991531,0.00689470476152234,ID1
D1,PH_pass,UV_RESPONSE_DN,1.58673583991531,0.00689470476152234,RXRA
D1,PH_pass,UV_RESPONSE_DN,1.58673583991531,0.00689470476152234,PRKAR2B
D1,PH_pass,UV_RESPONSE_DN,1.58673583991531,0.00689470476152234,ICA1
D1,PH_pass,UV_RESPONSE_DN,1.58673583991531,0.00689470476152234,SCN8A
D1,PH_pass,UV_RESPONSE_UP,1.63597466720957,0.00372394929030371,MAOA
D1,PH_pass,UV_RESPONSE_UP,1.63597466720957,0.00372394929030371,FURIN
D1,PH_pass,UV_RESPONSE_UP,1.63597466720957,0.00372394929030371,ALAS1
D1,PH_pass,UV_RESPONSE_UP,1.63597466720957,0.00372394929030371,CCND3
D1,PH_pass,UV_RESPONSE_UP,1.63597466720957,0.00372394929030371,NFKBIA
D1,PH_pass,UV_RESPONSE_UP,1.63597466720957,0.00372394929030371,TUBA4A
D1,PH_pass,UV_RESPONSE_UP,1.63597466720957,0.00372394929030371,CA2
D1,PH_pass,UV_RESPONSE_UP,1.63597466720957,0.00372394929030371,KCNH2
D1,PH_pass,UV_RESPONSE_UP,1.63597466720957,0.00372394929030371,CHKA
D1,PH_pass,UV_RESPONSE_UP,1.63597466720957,0.00372394929030371,ARRB2
D1,PH_pass,UV_RESPONSE_UP,1.63597466720957,0.00372394929030371,SLC6A8
D1,PH_pass,UV_RESPONSE_UP,1.63597466720957,0.00372394929030371,ALDOA
D1,PH_pass,UV_RESPONSE_UP,1.63597466720957,0.00372394929030371,TFRC
D1,PH_pass,UV_RESPONSE_UP,1.63597466720957,0.00372394929030371,APOM
D1,PH_pass,UV_RESPONSE_UP,1.63597466720957,0.00372394929030371,CCNE1
D1,PH_pass,UV_RESPONSE_UP,1.63597466720957,0.00372394929030371,RET
D1,PH_pass,UV_RESPONSE_UP,1.63597466720957,0.00372394929030371,CDC34
D1,PH_pass,UV_RESPONSE_UP,1.63597466720957,0.00372394929030371,GRINA
D1,PH_pass,UV_RESPONSE_UP,1.63597466720957,0.00372394929030371,ASNS
D1,PH_pass,UV_RESPONSE_UP,1.63597466720957,0.00372394929030371,AGO2
D1,PH_pass,UV_RESPONSE_UP,1.63597466720957,0.00372394929030371,PRKCD
D1,PH_pass,UV_RESPONSE_UP,1.63597466720957,0.00372394929030371,SQSTM1
D1,PH_pass,UV_RESPONSE_UP,1.63597466720957,0.00372394929030371,GGH
D1,PH_pass,UV_RESPONSE_UP,1.63597466720957,0.00372394929030371,JUNB
D1,PH_pass,UV_RESPONSE_UP,1.63597466720957,0.00372394929030371,FEN1
D1,PH_pass,UV_RESPONSE_UP,1.63597466720957,0.00372394929030371,GRPEL1
D1,PH_pass,UV_RESPONSE_UP,1.63597466720957,0.00372394929030371,PDAP1
D1,PH_pass,UV_RESPONSE_UP,1.63597466720957,0.00372394929030371,GPX3
D1,PH_pass,UV_RESPONSE_UP,1.63597466720957,0.00372394929030371,FOSB
D1,PH_pass,UV_RESPONSE_UP,1.63597466720957,0.00372394929030371,HSPA13
D1,PH_pass,UV_RESPONSE_UP,1.63597466720957,0.00372394929030371,BSG
D1,PH_pass,UV_RESPONSE_UP,1.63597466720957,0.00372394929030371,WIZ
D1,PH_pass,UV_RESPONSE_UP,1.63597466720957,0.00372394929030371,ACAA1
D1,PH_pass,UV_RESPONSE_UP,1.63597466720957,0.00372394929030371,YKT6
D1,PH_pass,UV_RESPONSE_UP,1.63597466720957,0.00372394929030371,BTG1
D1,PH_pass,UV_RESPONSE_UP,1.63597466720957,0.00372394929030371,RXRB
D1,PH_pass,UV_RESPONSE_UP,1.63597466720957,0.00372394929030371,AP2S1
D1,PH_pass,UV_RESPONSE_UP,1.63597466720957,0.00372394929030371,UROD
D1,PH_pass,UV_RESPONSE_UP,1.63597466720957,0.00372394929030371,DLG4
D1,PH_pass,UV_RESPONSE_UP,1.63597466720957,0.00372394929030371,MARK2
D1,PH_pass,UV_RESPONSE_UP,1.63597466720957,0.00372394929030371,ATP6V1C1
D1,PH_pass,UV_RESPONSE_UP,1.63597466720957,0.00372394929030371,STARD3
D1,PH_pass,UV_RESPONSE_UP,1.63597466720957,0.00372394929030371,NXF1
D1,PH_pass,UV_RESPONSE_UP,1.63597466720957,0.00372394929030371,CDK2
D1,PH_pass,UV_RESPONSE_UP,1.63597466720957,0.00372394929030371,BTG3
D1,PH_pass,UV_RESPONSE_UP,1.63597466720957,0.00372394929030371,RAB27A
D1,PH_pass,UV_RESPONSE_UP,1.63597466720957,0.00372394929030371,PRPF3
D1,PH_pass,UV_RESPONSE_UP,1.63597466720957,0.00372394929030371,CYB5R1
D1,PH_pass,UV_RESPONSE_UP,1.63597466720957,0.00372394929030371,ICAM1
D1,PH_pass,UV_RESPONSE_UP,1.63597466720957,0.00372394929030371,DNAJA1
D1,PH_pass,UV_RESPONSE_UP,1.63597466720957,0.00372394929030371,IL6ST
D1,PH_pass,UV_RESPONSE_UP,1.63597466720957,0.00372394929030371,BMP2
D1,PH_pass,UV_RESPONSE_UP,1.63597466720957,0.00372394929030371,ATP6V1F
D1,PH_pass,UV_RESPONSE_UP,1.63597466720957,0.00372394929030371,CLTB
D1,PH_pass,UV_RESPONSE_UP,1.63597466720957,0.00372394929030371,PPIF
D1,PH_pass,UV_RESPONSE_UP,1.63597466720957,0.00372394929030371,IRF1
D1,PH_pass,UV_RESPONSE_UP,1.63597466720957,0.00372394929030371,CDKN2B
D1,PH_pass,UV_RESPONSE_UP,1.63597466720957,0.00372394929030371,FOS
D1,PH_pass,UV_RESPONSE_UP,1.63597466720957,0.00372394929030371,DNAJB1
D1,PH_pass,UV_RESPONSE_UP,1.63597466720957,0.00372394929030371,PRKACA
D1,PH_pass,UV_RESPONSE_UP,1.63597466720957,0.00372394929030371,H2AX
D1,PH_pass,UV_RESPONSE_UP,1.63597466720957,0.00372394929030371,SULT1A1
D1,PH_pass,UV_RESPONSE_UP,1.63597466720957,0.00372394929030371,CREG1
D1,PH_pass,UV_RESPONSE_UP,1.63597466720957,0.00372394929030371,CLCN2
D1,PH_pass,UV_RESPONSE_UP,1.63597466720957,0.00372394929030371,LYN
D1,PH_pass,UV_RESPONSE_UP,1.63597466720957,0.00372394929030371,MGAT1
D1,PH_pass,WNT_BETA_CATENIN_SIGNALING,-1.12724767179889,0.371784979423868,SKP2
D1,PH_pass,WNT_BETA_CATENIN_SIGNALING,-1.12724767179889,0.371784979423868,LEF1
D1,PH_pass,WNT_BETA_CATENIN_SIGNALING,-1.12724767179889,0.371784979423868,CUL1
D1,PH_pass,WNT_BETA_CATENIN_SIGNALING,-1.12724767179889,0.371784979423868,HDAC2
D1,PH_pass,WNT_BETA_CATENIN_SIGNALING,-1.12724767179889,0.371784979423868,PSEN2
D1,PH_pass,WNT_BETA_CATENIN_SIGNALING,-1.12724767179889,0.371784979423868,AXIN2
D1,PH_pass,WNT_BETA_CATENIN_SIGNALING,-1.12724767179889,0.371784979423868,PPARD
D1,PH_pass,WNT_BETA_CATENIN_SIGNALING,-1.12724767179889,0.371784979423868,KAT2A
D1,PH_pass,WNT_BETA_CATENIN_SIGNALING,-1.12724767179889,0.371784979423868,FZD1
D1,PH_pass,WNT_BETA_CATENIN_SIGNALING,-1.12724767179889,0.371784979423868,PTCH1
D1,PH_pass,WNT_BETA_CATENIN_SIGNALING,-1.12724767179889,0.371784979423868,MYC
D1,PH_pass,WNT_BETA_CATENIN_SIGNALING,-1.12724767179889,0.371784979423868,NOTCH4
D1,PH_pass,WNT_BETA_CATENIN_SIGNALING,-1.12724767179889,0.371784979423868,TP53
D1,PH_pass,XENOBIOTIC_METABOLISM,1.43631945079474,0.0244840165153249,GABARAPL1
D1,PH_pass,XENOBIOTIC_METABOLISM,1.43631945079474,0.0244840165153249,SMOX
D1,PH_pass,XENOBIOTIC_METABOLISM,1.43631945079474,0.0244840165153249,MAOA
D1,PH_pass,XENOBIOTIC_METABOLISM,1.43631945079474,0.0244840165153249,TPST1
D1,PH_pass,XENOBIOTIC_METABOLISM,1.43631945079474,0.0244840165153249,ALAS1
D1,PH_pass,XENOBIOTIC_METABOLISM,1.43631945079474,0.0244840165153249,ETS2
D1,PH_pass,XENOBIOTIC_METABOLISM,1.43631945079474,0.0244840165153249,RAP1GAP
D1,PH_pass,XENOBIOTIC_METABOLISM,1.43631945079474,0.0244840165153249,CA2
D1,PH_pass,XENOBIOTIC_METABOLISM,1.43631945079474,0.0244840165153249,ARG1
D1,PH_pass,XENOBIOTIC_METABOLISM,1.43631945079474,0.0244840165153249,HES6
D1,PH_pass,XENOBIOTIC_METABOLISM,1.43631945079474,0.0244840165153249,UPP1
D1,PH_pass,XENOBIOTIC_METABOLISM,1.43631945079474,0.0244840165153249,DDAH2
D1,PH_pass,XENOBIOTIC_METABOLISM,1.43631945079474,0.0244840165153249,ARG2
D1,PH_pass,XENOBIOTIC_METABOLISM,1.43631945079474,0.0244840165153249,PINK1
D1,PH_pass,XENOBIOTIC_METABOLISM,1.43631945079474,0.0244840165153249,PGD
D1,PH_pass,XENOBIOTIC_METABOLISM,1.43631945079474,0.0244840165153249,SERPINE1
D1,PH_pass,XENOBIOTIC_METABOLISM,1.43631945079474,0.0244840165153249,SLC6A6
D1,PH_pass,XENOBIOTIC_METABOLISM,1.43631945079474,0.0244840165153249,MARCHF6
D1,PH_pass,XENOBIOTIC_METABOLISM,1.43631945079474,0.0244840165153249,SLC1A5
D1,PH_pass,XENOBIOTIC_METABOLISM,1.43631945079474,0.0244840165153249,VNN1
D1,PH_pass,XENOBIOTIC_METABOLISM,1.43631945079474,0.0244840165153249,ABCC3
D1,PH_pass,XENOBIOTIC_METABOLISM,1.43631945079474,0.0244840165153249,GSR
D1,PH_pass,XENOBIOTIC_METABOLISM,1.43631945079474,0.0244840165153249,FAH
D1,PH_pass,XENOBIOTIC_METABOLISM,1.43631945079474,0.0244840165153249,CDA
D1,PH_pass,XENOBIOTIC_METABOLISM,1.43631945079474,0.0244840165153249,SLC22A1
D1,PH_pass,XENOBIOTIC_METABOLISM,1.43631945079474,0.0244840165153249,NQO1
D1,PH_pass,XENOBIOTIC_METABOLISM,1.43631945079474,0.0244840165153249,PROS1
D1,PH_pass,XENOBIOTIC_METABOLISM,1.43631945079474,0.0244840165153249,LPIN2
D1,PH_pass,XENOBIOTIC_METABOLISM,1.43631945079474,0.0244840165153249,ESR1
D1,PH_pass,XENOBIOTIC_METABOLISM,1.43631945079474,0.0244840165153249,PTGR1
D1,PH_pass,XENOBIOTIC_METABOLISM,1.43631945079474,0.0244840165153249,IL1R1
D1,PH_pass,XENOBIOTIC_METABOLISM,1.43631945079474,0.0244840165153249,CES1
D1,PH_pass,XENOBIOTIC_METABOLISM,1.43631945079474,0.0244840165153249,ID2
D1,PH_pass,XENOBIOTIC_METABOLISM,1.43631945079474,0.0244840165153249,POR
D1,PH_pass,XENOBIOTIC_METABOLISM,1.43631945079474,0.0244840165153249,ENTPD5
D1,PH_pass,XENOBIOTIC_METABOLISM,1.43631945079474,0.0244840165153249,ASL
D1,PH_pass,XENOBIOTIC_METABOLISM,1.43631945079474,0.0244840165153249,NINJ1
D1,PH_pass,XENOBIOTIC_METABOLISM,1.43631945079474,0.0244840165153249,CSAD
D3,Primary,ADIPOGENESIS,1.6767252755465,0.000146916485242521,PFKFB3
D3,Primary,ADIPOGENESIS,1.6767252755465,0.000146916485242521,GADD45A
D3,Primary,ADIPOGENESIS,1.6767252755465,0.000146916485242521,STOM
D3,Primary,ADIPOGENESIS,1.6767252755465,0.000146916485242521,PGM1
D3,Primary,ADIPOGENESIS,1.6767252755465,0.000146916485242521,SQOR
D3,Primary,ADIPOGENESIS,1.6767252755465,0.000146916485242521,POR
D3,Primary,ADIPOGENESIS,1.6767252755465,0.000146916485242521,DHCR7
D3,Primary,ADIPOGENESIS,1.6767252755465,0.000146916485242521,PPARG
D3,Primary,ADIPOGENESIS,1.6767252755465,0.000146916485242521,BCL6
D3,Primary,ADIPOGENESIS,1.6767252755465,0.000146916485242521,RTN3
D3,Primary,ADIPOGENESIS,1.6767252755465,0.000146916485242521,LPCAT3
D3,Primary,ADIPOGENESIS,1.6767252755465,0.000146916485242521,ALDOA
D3,Primary,ADIPOGENESIS,1.6767252755465,0.000146916485242521,CAVIN1
D3,Primary,ADIPOGENESIS,1.6767252755465,0.000146916485242521,TKT
D3,Primary,ADIPOGENESIS,1.6767252755465,0.000146916485242521,DHRS7B
D3,Primary,ADIPOGENESIS,1.6767252755465,0.000146916485242521,ITGA7
D3,Primary,ADIPOGENESIS,1.6767252755465,0.000146916485242521,GBE1
D3,Primary,ADIPOGENESIS,1.6767252755465,0.000146916485242521,DHRS7
D3,Primary,ADIPOGENESIS,1.6767252755465,0.000146916485242521,SDHC
D3,Primary,ADIPOGENESIS,1.6767252755465,0.000146916485242521,TALDO1
D3,Primary,ADIPOGENESIS,1.6767252755465,0.000146916485242521,ARAF
D3,Primary,ADIPOGENESIS,1.6767252755465,0.000146916485242521,RETN
D3,Primary,ADIPOGENESIS,1.6767252755465,0.000146916485242521,IFNGR1
D3,Primary,ADIPOGENESIS,1.6767252755465,0.000146916485242521,GRPEL1
D3,Primary,ADIPOGENESIS,1.6767252755465,0.000146916485242521,SULT1A1
D3,Primary,ADIPOGENESIS,1.6767252755465,0.000146916485242521,PIM3
D3,Primary,ADIPOGENESIS,1.6767252755465,0.000146916485242521,TOB1
D3,Primary,ADIPOGENESIS,1.6767252755465,0.000146916485242521,ORM1
D3,Primary,ADIPOGENESIS,1.6767252755465,0.000146916485242521,ACOX1
D3,Primary,ADIPOGENESIS,1.6767252755465,0.000146916485242521,GPAT4
D3,Primary,ADIPOGENESIS,1.6767252755465,0.000146916485242521,FAH
D3,Primary,ADIPOGENESIS,1.6767252755465,0.000146916485242521,CAT
D3,Primary,ADIPOGENESIS,1.6767252755465,0.000146916485242521,CD151
D3,Primary,ADIPOGENESIS,1.6767252755465,0.000146916485242521,CCNG2
D3,Primary,ADIPOGENESIS,1.6767252755465,0.000146916485242521,SUCLG1
D3,Primary,ADIPOGENESIS,1.6767252755465,0.000146916485242521,CDKN2C
D3,Primary,ADIPOGENESIS,1.6767252755465,0.000146916485242521,GPD2
D3,Primary,ADIPOGENESIS,1.6767252755465,0.000146916485242521,PPM1B
D3,Primary,ADIPOGENESIS,1.6767252755465,0.000146916485242521,STAT5A
D3,Primary,ADIPOGENESIS,1.6767252755465,0.000146916485242521,PLIN2
D3,Primary,ADIPOGENESIS,1.6767252755465,0.000146916485242521,UBC
D3,Primary,ADIPOGENESIS,1.6767252755465,0.000146916485242521,UQCR10
D3,Primary,ADIPOGENESIS,1.6767252755465,0.000146916485242521,SLC1A5
D3,Primary,ADIPOGENESIS,1.6767252755465,0.000146916485242521,ADIPOR2
D3,Primary,ADIPOGENESIS,1.6767252755465,0.000146916485242521,PPP1R15B
D3,Primary,ADIPOGENESIS,1.6767252755465,0.000146916485242521,TST
D3,Primary,ADIPOGENESIS,1.6767252755465,0.000146916485242521,SOD1
D3,Primary,ADIPOGENESIS,1.6767252755465,0.000146916485242521,ARL4A
D3,Primary,ADIPOGENESIS,1.6767252755465,0.000146916485242521,DGAT1
D3,Primary,ADIPOGENESIS,1.6767252755465,0.000146916485242521,PRDX3
D3,Primary,ADIPOGENESIS,1.6767252755465,0.000146916485242521,NABP1
D3,Primary,ADIPOGENESIS,1.6767252755465,0.000146916485242521,UQCRC1
D3,Primary,ADIPOGENESIS,1.6767252755465,0.000146916485242521,DLD
D3,Primary,ADIPOGENESIS,1.6767252755465,0.000146916485242521,COX6A1
D3,Primary,ADIPOGENESIS,1.6767252755465,0.000146916485242521,GHITM
D3,Primary,ADIPOGENESIS,1.6767252755465,0.000146916485242521,MIGA2
D3,Primary,ADIPOGENESIS,1.6767252755465,0.000146916485242521,BCKDHA
D3,Primary,ADIPOGENESIS,1.6767252755465,0.000146916485242521,ELMOD3
D3,Primary,ADIPOGENESIS,1.6767252755465,0.000146916485242521,GPX4
D3,Primary,ADIPOGENESIS,1.6767252755465,0.000146916485242521,YWHAG
D3,Primary,ADIPOGENESIS,1.6767252755465,0.000146916485242521,BCL2L13
D3,Primary,ADIPOGENESIS,1.6767252755465,0.000146916485242521,UQCR11
D3,Primary,ADIPOGENESIS,1.6767252755465,0.000146916485242521,CHUK
D3,Primary,ADIPOGENESIS,1.6767252755465,0.000146916485242521,COX8A
D3,Primary,ADIPOGENESIS,1.6767252755465,0.000146916485242521,CYC1
D3,Primary,ADIPOGENESIS,1.6767252755465,0.000146916485242521,SLC25A10
D3,Primary,ADIPOGENESIS,1.6767252755465,0.000146916485242521,ITSN1
D3,Primary,ADIPOGENESIS,1.6767252755465,0.000146916485242521,ECH1
D3,Primary,ADIPOGENESIS,1.6767252755465,0.000146916485242521,UBQLN1
D3,Primary,ADIPOGENESIS,1.6767252755465,0.000146916485242521,RNF11
D3,Primary,ADIPOGENESIS,1.6767252755465,0.000146916485242521,PREB
D3,Primary,ADIPOGENESIS,1.6767252755465,0.000146916485242521,TANK
D3,Primary,ADIPOGENESIS,1.6767252755465,0.000146916485242521,SORBS1
D3,Primary,ADIPOGENESIS,1.6767252755465,0.000146916485242521,CMBL
D3,Primary,ADIPOGENESIS,1.6767252755465,0.000146916485242521,SLC19A1
D3,Primary,ADIPOGENESIS,1.6767252755465,0.000146916485242521,APLP2
D3,Primary,ADIPOGENESIS,1.6767252755465,0.000146916485242521,RIOK3
D3,Primary,ADIPOGENESIS,1.6767252755465,0.000146916485242521,COX7B
D3,Primary,ADIPOGENESIS,1.6767252755465,0.000146916485242521,DNAJB9
D3,Primary,ADIPOGENESIS,1.6767252755465,0.000146916485242521,NMT1
D3,Primary,ADIPOGENESIS,1.6767252755465,0.000146916485242521,MGST3
D3,Primary,ADIPOGENESIS,1.6767252755465,0.000146916485242521,CRAT
D3,Primary,ADIPOGENESIS,1.6767252755465,0.000146916485242521,ABCB8
D3,Primary,ADIPOGENESIS,1.6767252755465,0.000146916485242521,IDH3G
D3,Primary,ADIPOGENESIS,1.6767252755465,0.000146916485242521,SLC25A1
D3,Primary,ADIPOGENESIS,1.6767252755465,0.000146916485242521,UCK1
D3,Primary,ADIPOGENESIS,1.6767252755465,0.000146916485242521,ACO2
D3,Primary,ADIPOGENESIS,1.6767252755465,0.000146916485242521,ESRRA
D3,Primary,ADIPOGENESIS,1.6767252755465,0.000146916485242521,RETSAT
D3,Primary,ADIPOGENESIS,1.6767252755465,0.000146916485242521,SDHB
D3,Primary,ADIPOGENESIS,1.6767252755465,0.000146916485242521,NDUFAB1
D3,Primary,ADIPOGENESIS,1.6767252755465,0.000146916485242521,REEP5
D3,Primary,ADIPOGENESIS,1.6767252755465,0.000146916485242521,RAB34
D3,Primary,ALLOGRAFT_REJECTION,1.03547664157462,0.473854209166327,MMP9
D3,Primary,ALLOGRAFT_REJECTION,1.03547664157462,0.473854209166327,NCF4
D3,Primary,ALLOGRAFT_REJECTION,1.03547664157462,0.473854209166327,CCND3
D3,Primary,ALLOGRAFT_REJECTION,1.03547664157462,0.473854209166327,IL18RAP
D3,Primary,ALLOGRAFT_REJECTION,1.03547664157462,0.473854209166327,DEGS1
D3,Primary,ALLOGRAFT_REJECTION,1.03547664157462,0.473854209166327,IL4R
D3,Primary,ALLOGRAFT_REJECTION,1.03547664157462,0.473854209166327,FGR
D3,Primary,ALLOGRAFT_REJECTION,1.03547664157462,0.473854209166327,BCL3
D3,Primary,ALLOGRAFT_REJECTION,1.03547664157462,0.473854209166327,UBE2D1
D3,Primary,ALLOGRAFT_REJECTION,1.03547664157462,0.473854209166327,GCNT1
D3,Primary,ALLOGRAFT_REJECTION,1.03547664157462,0.473854209166327,SPI1
D3,Primary,ALLOGRAFT_REJECTION,1.03547664157462,0.473854209166327,IFNGR2
D3,Primary,ALLOGRAFT_REJECTION,1.03547664157462,0.473854209166327,HIF1A
D3,Primary,ALLOGRAFT_REJECTION,1.03547664157462,0.473854209166327,LCP2
D3,Primary,ALLOGRAFT_REJECTION,1.03547664157462,0.473854209166327,CAPG
D3,Primary,ALLOGRAFT_REJECTION,1.03547664157462,0.473854209166327,LYN
D3,Primary,ALLOGRAFT_REJECTION,1.03547664157462,0.473854209166327,CSF1
D3,Primary,ALLOGRAFT_REJECTION,1.03547664157462,0.473854209166327,IRF7
D3,Primary,ALLOGRAFT_REJECTION,1.03547664157462,0.473854209166327,ELF4
D3,Primary,ALLOGRAFT_REJECTION,1.03547664157462,0.473854209166327,IL10
D3,Primary,ALLOGRAFT_REJECTION,1.03547664157462,0.473854209166327,CCR1
D3,Primary,ALLOGRAFT_REJECTION,1.03547664157462,0.473854209166327,TIMP1
D3,Primary,ALLOGRAFT_REJECTION,1.03547664157462,0.473854209166327,TGFB1
D3,Primary,ALLOGRAFT_REJECTION,1.03547664157462,0.473854209166327,IFNGR1
D3,Primary,ALLOGRAFT_REJECTION,1.03547664157462,0.473854209166327,IL16
D3,Primary,ALLOGRAFT_REJECTION,1.03547664157462,0.473854209166327,SRGN
D3,Primary,ALLOGRAFT_REJECTION,1.03547664157462,0.473854209166327,PTPN6
D3,Primary,ALLOGRAFT_REJECTION,1.03547664157462,0.473854209166327,IL18
D3,Primary,ALLOGRAFT_REJECTION,1.03547664157462,0.473854209166327,WAS
D3,Primary,ALLOGRAFT_REJECTION,1.03547664157462,0.473854209166327,JAK2
D3,Primary,ALLOGRAFT_REJECTION,1.03547664157462,0.473854209166327,EIF4G3
D3,Primary,ALLOGRAFT_REJECTION,1.03547664157462,0.473854209166327,FYB1
D3,Primary,ALLOGRAFT_REJECTION,1.03547664157462,0.473854209166327,CSK
D3,Primary,ALLOGRAFT_REJECTION,1.03547664157462,0.473854209166327,TLR1
D3,Primary,ALLOGRAFT_REJECTION,1.03547664157462,0.473854209166327,NLRP3
D3,Primary,ALLOGRAFT_REJECTION,1.03547664157462,0.473854209166327,HCLS1
D3,Primary,ALLOGRAFT_REJECTION,1.03547664157462,0.473854209166327,CFP
D3,Primary,ALLOGRAFT_REJECTION,1.03547664157462,0.473854209166327,ACHE
D3,Primary,ALLOGRAFT_REJECTION,1.03547664157462,0.473854209166327,ABI1
D3,Primary,ANDROGEN_RESPONSE,1.35536556373208,0.0854234619277922,NDRG1
D3,Primary,ANDROGEN_RESPONSE,1.35536556373208,0.0854234619277922,CCND3
D3,Primary,ANDROGEN_RESPONSE,1.35536556373208,0.0854234619277922,SLC38A2
D3,Primary,ANDROGEN_RESPONSE,1.35536556373208,0.0854234619277922,IDI1
D3,Primary,ANDROGEN_RESPONSE,1.35536556373208,0.0854234619277922,GSR
D3,Primary,ANDROGEN_RESPONSE,1.35536556373208,0.0854234619277922,MYL12A
D3,Primary,ANDROGEN_RESPONSE,1.35536556373208,0.0854234619277922,UBE2J1
D3,Primary,ANDROGEN_RESPONSE,1.35536556373208,0.0854234619277922,ACTN1
D3,Primary,ANDROGEN_RESPONSE,1.35536556373208,0.0854234619277922,SRF
D3,Primary,ANDROGEN_RESPONSE,1.35536556373208,0.0854234619277922,SELENOP
D3,Primary,ANDROGEN_RESPONSE,1.35536556373208,0.0854234619277922,PTK2B
D3,Primary,ANDROGEN_RESPONSE,1.35536556373208,0.0854234619277922,SAT1
D3,Primary,ANDROGEN_RESPONSE,1.35536556373208,0.0854234619277922,CAMKK2
D3,Primary,ANDROGEN_RESPONSE,1.35536556373208,0.0854234619277922,FKBP5
D3,Primary,ANDROGEN_RESPONSE,1.35536556373208,0.0854234619277922,ACSL3
D3,Primary,ANDROGEN_RESPONSE,1.35536556373208,0.0854234619277922,VAPA
D3,Primary,ANDROGEN_RESPONSE,1.35536556373208,0.0854234619277922,PA2G4
D3,Primary,ANDROGEN_RESPONSE,1.35536556373208,0.0854234619277922,H1-0
D3,Primary,ANDROGEN_RESPONSE,1.35536556373208,0.0854234619277922,MERTK
D3,Primary,ANDROGEN_RESPONSE,1.35536556373208,0.0854234619277922,HPGD
D3,Primary,ANDROGEN_RESPONSE,1.35536556373208,0.0854234619277922,ELOVL5
D3,Primary,ANDROGEN_RESPONSE,1.35536556373208,0.0854234619277922,ADRM1
D3,Primary,ANDROGEN_RESPONSE,1.35536556373208,0.0854234619277922,PDLIM5
D3,Primary,ANDROGEN_RESPONSE,1.35536556373208,0.0854234619277922,ARID5B
D3,Primary,ANDROGEN_RESPONSE,1.35536556373208,0.0854234619277922,DHCR24
D3,Primary,ANDROGEN_RESPONSE,1.35536556373208,0.0854234619277922,SEC24D
D3,Primary,ANDROGEN_RESPONSE,1.35536556373208,0.0854234619277922,STEAP4
D3,Primary,ANDROGEN_RESPONSE,1.35536556373208,0.0854234619277922,ELL2
D3,Primary,ANDROGEN_RESPONSE,1.35536556373208,0.0854234619277922,ABCC4
D3,Primary,ANDROGEN_RESPONSE,1.35536556373208,0.0854234619277922,RRP12
D3,Primary,ANDROGEN_RESPONSE,1.35536556373208,0.0854234619277922,TMEM50A
D3,Primary,ANGIOGENESIS,1.15798748341859,0.345370313344693,PGLYRP1
D3,Primary,ANGIOGENESIS,1.15798748341859,0.345370313344693,LRPAP1
D3,Primary,ANGIOGENESIS,1.15798748341859,0.345370313344693,JAG1
D3,Primary,ANGIOGENESIS,1.15798748341859,0.345370313344693,VEGFA
D3,Primary,ANGIOGENESIS,1.15798748341859,0.345370313344693,TIMP1
D3,Primary,ANGIOGENESIS,1.15798748341859,0.345370313344693,SPP1
D3,Primary,ANGIOGENESIS,1.15798748341859,0.345370313344693,S100A4
D3,Primary,ANGIOGENESIS,1.15798748341859,0.345370313344693,PDGFA
D3,Primary,ANGIOGENESIS,1.15798748341859,0.345370313344693,FGFR1
D3,Primary,ANGIOGENESIS,1.15798748341859,0.345370313344693,APP
D3,Primary,ANGIOGENESIS,1.15798748341859,0.345370313344693,FSTL1
D3,Primary,ANGIOGENESIS,1.15798748341859,0.345370313344693,THBD
D3,Primary,APICAL_JUNCTION,1.53755789352425,0.00589763986940079,MMP9
D3,Primary,APICAL_JUNCTION,1.53755789352425,0.00589763986940079,MAPK14
D3,Primary,APICAL_JUNCTION,1.53755789352425,0.00589763986940079,CAP1
D3,Primary,APICAL_JUNCTION,1.53755789352425,0.00589763986940079,SKAP2
D3,Primary,APICAL_JUNCTION,1.53755789352425,0.00589763986940079,RAC2
D3,Primary,APICAL_JUNCTION,1.53755789352425,0.00589763986940079,SIRPA
D3,Primary,APICAL_JUNCTION,1.53755789352425,0.00589763986940079,ADAM9
D3,Primary,APICAL_JUNCTION,1.53755789352425,0.00589763986940079,VASP
D3,Primary,APICAL_JUNCTION,1.53755789352425,0.00589763986940079,ARPC2
D3,Primary,APICAL_JUNCTION,1.53755789352425,0.00589763986940079,COL17A1
D3,Primary,APICAL_JUNCTION,1.53755789352425,0.00589763986940079,LAMB3
D3,Primary,APICAL_JUNCTION,1.53755789352425,0.00589763986940079,ACTB
D3,Primary,APICAL_JUNCTION,1.53755789352425,0.00589763986940079,CNN2
D3,Primary,APICAL_JUNCTION,1.53755789352425,0.00589763986940079,PIK3CB
D3,Primary,APICAL_JUNCTION,1.53755789352425,0.00589763986940079,ACTG1
D3,Primary,APICAL_JUNCTION,1.53755789352425,0.00589763986940079,ACTN1
D3,Primary,APICAL_JUNCTION,1.53755789352425,0.00589763986940079,PFN1
D3,Primary,APICAL_JUNCTION,1.53755789352425,0.00589763986940079,TUBG1
D3,Primary,APICAL_JUNCTION,1.53755789352425,0.00589763986940079,PTEN
D3,Primary,APICAL_JUNCTION,1.53755789352425,0.00589763986940079,RSU1
D3,Primary,APICAL_JUNCTION,1.53755789352425,0.00589763986940079,ZYX
D3,Primary,APICAL_JUNCTION,1.53755789352425,0.00589763986940079,MADCAM1
D3,Primary,APICAL_JUNCTION,1.53755789352425,0.00589763986940079,MAP3K20
D3,Primary,APICAL_JUNCTION,1.53755789352425,0.00589763986940079,ADAM15
D3,Primary,APICAL_JUNCTION,1.53755789352425,0.00589763986940079,ALOX15B
D3,Primary,APICAL_JUNCTION,1.53755789352425,0.00589763986940079,GNAI2
D3,Primary,APICAL_JUNCTION,1.53755789352425,0.00589763986940079,FYB1
D3,Primary,APICAL_JUNCTION,1.53755789352425,0.00589763986940079,KCNH2
D3,Primary,APICAL_JUNCTION,1.53755789352425,0.00589763986940079,YWHAH
D3,Primary,APICAL_JUNCTION,1.53755789352425,0.00589763986940079,MYL12B
D3,Primary,APICAL_JUNCTION,1.53755789352425,0.00589763986940079,MPZL2
D3,Primary,APICAL_JUNCTION,1.53755789352425,0.00589763986940079,CDH1
D3,Primary,APICAL_JUNCTION,1.53755789352425,0.00589763986940079,NECTIN2
D3,Primary,APICAL_JUNCTION,1.53755789352425,0.00589763986940079,IKBKG
D3,Primary,APICAL_JUNCTION,1.53755789352425,0.00589763986940079,ICAM5
D3,Primary,APICAL_JUNCTION,1.53755789352425,0.00589763986940079,THBS3
D3,Primary,APICAL_JUNCTION,1.53755789352425,0.00589763986940079,MAPK13
D3,Primary,APICAL_JUNCTION,1.53755789352425,0.00589763986940079,PBX2
D3,Primary,APICAL_JUNCTION,1.53755789352425,0.00589763986940079,SHC1
D3,Primary,APICAL_JUNCTION,1.53755789352425,0.00589763986940079,CLDN15
D3,Primary,APICAL_JUNCTION,1.53755789352425,0.00589763986940079,AKT2
D3,Primary,APICAL_JUNCTION,1.53755789352425,0.00589763986940079,NF1
D3,Primary,APICAL_JUNCTION,1.53755789352425,0.00589763986940079,ITGA9
D3,Primary,APICAL_JUNCTION,1.53755789352425,0.00589763986940079,GTF2F1
D3,Primary,APICAL_JUNCTION,1.53755789352425,0.00589763986940079,NECTIN1
D3,Primary,APICAL_JUNCTION,1.53755789352425,0.00589763986940079,STX4
D3,Primary,APICAL_JUNCTION,1.53755789352425,0.00589763986940079,INPPL1
D3,Primary,APICAL_JUNCTION,1.53755789352425,0.00589763986940079,SYK
D3,Primary,APICAL_JUNCTION,1.53755789352425,0.00589763986940079,MYH10
D3,Primary,APICAL_JUNCTION,1.53755789352425,0.00589763986940079,FBN1
D3,Primary,APICAL_SURFACE,0.961700309341919,0.574936697995794,FLOT2
D3,Primary,APICAL_SURFACE,0.961700309341919,0.574936697995794,LYN
D3,Primary,APICAL_SURFACE,0.961700309341919,0.574936697995794,PCSK9
D3,Primary,APICAL_SURFACE,0.961700309341919,0.574936697995794,EPHB4
D3,Primary,APICAL_SURFACE,0.961700309341919,0.574936697995794,ADIPOR2
D3,Primary,APICAL_SURFACE,0.961700309341919,0.574936697995794,SLC2A4
D3,Primary,APICAL_SURFACE,0.961700309341919,0.574936697995794,GSTM3
D3,Primary,APICAL_SURFACE,0.961700309341919,0.574936697995794,APP
D3,Primary,APICAL_SURFACE,0.961700309341919,0.574936697995794,PLAUR
D3,Primary,APICAL_SURFACE,0.961700309341919,0.574936697995794,B4GALT1
D3,Primary,APICAL_SURFACE,0.961700309341919,0.574936697995794,CRYBG1
D3,Primary,APOPTOSIS,1.59235433803805,0.00219698263338767,GADD45A
D3,Primary,APOPTOSIS,1.59235433803805,0.00219698263338767,GADD45B
D3,Primary,APOPTOSIS,1.59235433803805,0.00219698263338767,CDKN1B
D3,Primary,APOPTOSIS,1.59235433803805,0.00219698263338767,GSR
D3,Primary,APOPTOSIS,1.59235433803805,0.00219698263338767,IER3
D3,Primary,APOPTOSIS,1.59235433803805,0.00219698263338767,IFITM3
D3,Primary,APOPTOSIS,1.59235433803805,0.00219698263338767,PPP2R5B
D3,Primary,APOPTOSIS,1.59235433803805,0.00219698263338767,RNASEL
D3,Primary,APOPTOSIS,1.59235433803805,0.00219698263338767,HMGB2
D3,Primary,APOPTOSIS,1.59235433803805,0.00219698263338767,GSN
D3,Primary,APOPTOSIS,1.59235433803805,0.00219698263338767,HGF
D3,Primary,APOPTOSIS,1.59235433803805,0.00219698263338767,BMP2
D3,Primary,APOPTOSIS,1.59235433803805,0.00219698263338767,CCNA1
D3,Primary,APOPTOSIS,1.59235433803805,0.00219698263338767,CD44
D3,Primary,APOPTOSIS,1.59235433803805,0.00219698263338767,TIMP2
D3,Primary,APOPTOSIS,1.59235433803805,0.00219698263338767,BIK
D3,Primary,APOPTOSIS,1.59235433803805,0.00219698263338767,DAP
D3,Primary,APOPTOSIS,1.59235433803805,0.00219698263338767,RARA
D3,Primary,APOPTOSIS,1.59235433803805,0.00219698263338767,TIMP1
D3,Primary,APOPTOSIS,1.59235433803805,0.00219698263338767,IFNGR1
D3,Primary,APOPTOSIS,1.59235433803805,0.00219698263338767,CLU
D3,Primary,APOPTOSIS,1.59235433803805,0.00219698263338767,SAT1
D3,Primary,APOPTOSIS,1.59235433803805,0.00219698263338767,CASP4
D3,Primary,APOPTOSIS,1.59235433803805,0.00219698263338767,DDIT3
D3,Primary,APOPTOSIS,1.59235433803805,0.00219698263338767,ANXA1
D3,Primary,APOPTOSIS,1.59235433803805,0.00219698263338767,BCAP31
D3,Primary,APOPTOSIS,1.59235433803805,0.00219698263338767,TSPO
D3,Primary,APOPTOSIS,1.59235433803805,0.00219698263338767,IL18
D3,Primary,APOPTOSIS,1.59235433803805,0.00219698263338767,BTG2
D3,Primary,APOPTOSIS,1.59235433803805,0.00219698263338767,RHOB
D3,Primary,APOPTOSIS,1.59235433803805,0.00219698263338767,H1-0
D3,Primary,APOPTOSIS,1.59235433803805,0.00219698263338767,CTNNB1
D3,Primary,APOPTOSIS,1.59235433803805,0.00219698263338767,TNFRSF12A
D3,Primary,APOPTOSIS,1.59235433803805,0.00219698263338767,EMP1
D3,Primary,APOPTOSIS,1.59235433803805,0.00219698263338767,BCL2L1
D3,Primary,APOPTOSIS,1.59235433803805,0.00219698263338767,DPYD
D3,Primary,APOPTOSIS,1.59235433803805,0.00219698263338767,ADD1
D3,Primary,APOPTOSIS,1.59235433803805,0.00219698263338767,PSEN1
D3,Primary,APOPTOSIS,1.59235433803805,0.00219698263338767,GPX1
D3,Primary,APOPTOSIS,1.59235433803805,0.00219698263338767,SOD1
D3,Primary,APOPTOSIS,1.59235433803805,0.00219698263338767,IGF2R
D3,Primary,APOPTOSIS,1.59235433803805,0.00219698263338767,TNFSF10
D3,Primary,APOPTOSIS,1.59235433803805,0.00219698263338767,LGALS3
D3,Primary,APOPTOSIS,1.59235433803805,0.00219698263338767,RELA
D3,Primary,APOPTOSIS,1.59235433803805,0.00219698263338767,IRF1
D3,Primary,APOPTOSIS,1.59235433803805,0.00219698263338767,CFLAR
D3,Primary,APOPTOSIS,1.59235433803805,0.00219698263338767,GNA15
D3,Primary,APOPTOSIS,1.59235433803805,0.00219698263338767,NEDD9
D3,Primary,APOPTOSIS,1.59235433803805,0.00219698263338767,HMOX1
D3,Primary,APOPTOSIS,1.59235433803805,0.00219698263338767,CASP9
D3,Primary,APOPTOSIS,1.59235433803805,0.00219698263338767,ETF1
D3,Primary,APOPTOSIS,1.59235433803805,0.00219698263338767,SQSTM1
D3,Primary,APOPTOSIS,1.59235433803805,0.00219698263338767,CTH
D3,Primary,APOPTOSIS,1.59235433803805,0.00219698263338767,GPX4
D3,Primary,APOPTOSIS,1.59235433803805,0.00219698263338767,DNAJC3
D3,Primary,APOPTOSIS,1.59235433803805,0.00219698263338767,ROCK1
D3,Primary,APOPTOSIS,1.59235433803805,0.00219698263338767,CREBBP
D3,Primary,APOPTOSIS,1.59235433803805,0.00219698263338767,BAX
D3,Primary,APOPTOSIS,1.59235433803805,0.00219698263338767,APP
D3,Primary,APOPTOSIS,1.59235433803805,0.00219698263338767,BCL10
D3,Primary,APOPTOSIS,1.59235433803805,0.00219698263338767,CAV1
D3,Primary,APOPTOSIS,1.59235433803805,0.00219698263338767,DNAJA1
D3,Primary,APOPTOSIS,1.59235433803805,0.00219698263338767,CASP1
D3,Primary,APOPTOSIS,1.59235433803805,0.00219698263338767,PPT1
D3,Primary,APOPTOSIS,1.59235433803805,0.00219698263338767,TAP1
D3,Primary,APOPTOSIS,1.59235433803805,0.00219698263338767,ATF3
D3,Primary,APOPTOSIS,1.59235433803805,0.00219698263338767,TOP2A
D3,Primary,APOPTOSIS,1.59235433803805,0.00219698263338767,LMNA
D3,Primary,APOPTOSIS,1.59235433803805,0.00219698263338767,BCL2L2
D3,Primary,BILE_ACID_METABOLISM,1.20251785211713,0.247390092487014,ACSL1
D3,Primary,BILE_ACID_METABOLISM,1.20251785211713,0.247390092487014,GCLM
D3,Primary,BILE_ACID_METABOLISM,1.20251785211713,0.247390092487014,PECR
D3,Primary,BILE_ACID_METABOLISM,1.20251785211713,0.247390092487014,IDI1
D3,Primary,BILE_ACID_METABOLISM,1.20251785211713,0.247390092487014,AQP9
D3,Primary,BILE_ACID_METABOLISM,1.20251785211713,0.247390092487014,HSD3B7
D3,Primary,BILE_ACID_METABOLISM,1.20251785211713,0.247390092487014,ATXN1
D3,Primary,BILE_ACID_METABOLISM,1.20251785211713,0.247390092487014,NEDD4
D3,Primary,BILE_ACID_METABOLISM,1.20251785211713,0.247390092487014,KLF1
D3,Primary,BILE_ACID_METABOLISM,1.20251785211713,0.247390092487014,PEX19
D3,Primary,BILE_ACID_METABOLISM,1.20251785211713,0.247390092487014,CAT
D3,Primary,BILE_ACID_METABOLISM,1.20251785211713,0.247390092487014,PRDX5
D3,Primary,BILE_ACID_METABOLISM,1.20251785211713,0.247390092487014,ABCA2
D3,Primary,BILE_ACID_METABOLISM,1.20251785211713,0.247390092487014,RXRA
D3,Primary,BILE_ACID_METABOLISM,1.20251785211713,0.247390092487014,SULT1B1
D3,Primary,BILE_ACID_METABOLISM,1.20251785211713,0.247390092487014,SOD1
D3,Primary,BILE_ACID_METABOLISM,1.20251785211713,0.247390092487014,FADS2
D3,Primary,CHOLESTEROL_HOMEOSTASIS,1.88552068960104,0.000154162042977678,PLSCR1
D3,Primary,CHOLESTEROL_HOMEOSTASIS,1.88552068960104,0.000154162042977678,STX5
D3,Primary,CHOLESTEROL_HOMEOSTASIS,1.88552068960104,0.000154162042977678,NFIL3
D3,Primary,CHOLESTEROL_HOMEOSTASIS,1.88552068960104,0.000154162042977678,DHCR7
D3,Primary,CHOLESTEROL_HOMEOSTASIS,1.88552068960104,0.000154162042977678,PPARG
D3,Primary,CHOLESTEROL_HOMEOSTASIS,1.88552068960104,0.000154162042977678,IDI1
D3,Primary,CHOLESTEROL_HOMEOSTASIS,1.88552068960104,0.000154162042977678,PNRC1
D3,Primary,CHOLESTEROL_HOMEOSTASIS,1.88552068960104,0.000154162042977678,S100A11
D3,Primary,CHOLESTEROL_HOMEOSTASIS,1.88552068960104,0.000154162042977678,ACTG1
D3,Primary,CHOLESTEROL_HOMEOSTASIS,1.88552068960104,0.000154162042977678,JAG1
D3,Primary,CHOLESTEROL_HOMEOSTASIS,1.88552068960104,0.000154162042977678,FBXO6
D3,Primary,CHOLESTEROL_HOMEOSTASIS,1.88552068960104,0.000154162042977678,CLU
D3,Primary,CHOLESTEROL_HOMEOSTASIS,1.88552068960104,0.000154162042977678,FDFT1
D3,Primary,CHOLESTEROL_HOMEOSTASIS,1.88552068960104,0.000154162042977678,TM7SF2
D3,Primary,CHOLESTEROL_HOMEOSTASIS,1.88552068960104,0.000154162042977678,LDLR
D3,Primary,CHOLESTEROL_HOMEOSTASIS,1.88552068960104,0.000154162042977678,ABCA2
D3,Primary,CHOLESTEROL_HOMEOSTASIS,1.88552068960104,0.000154162042977678,ATF5
D3,Primary,CHOLESTEROL_HOMEOSTASIS,1.88552068960104,0.000154162042977678,CTNNB1
D3,Primary,CHOLESTEROL_HOMEOSTASIS,1.88552068960104,0.000154162042977678,NIBAN1
D3,Primary,CHOLESTEROL_HOMEOSTASIS,1.88552068960104,0.000154162042977678,TNFRSF12A
D3,Primary,CHOLESTEROL_HOMEOSTASIS,1.88552068960104,0.000154162042977678,ACSS2
D3,Primary,CHOLESTEROL_HOMEOSTASIS,1.88552068960104,0.000154162042977678,ETHE1
D3,Primary,CHOLESTEROL_HOMEOSTASIS,1.88552068960104,0.000154162042977678,MVK
D3,Primary,CHOLESTEROL_HOMEOSTASIS,1.88552068960104,0.000154162042977678,FADS2
D3,Primary,CHOLESTEROL_HOMEOSTASIS,1.88552068960104,0.000154162042977678,LGALS3
D3,Primary,CHOLESTEROL_HOMEOSTASIS,1.88552068960104,0.000154162042977678,PDK3
D3,Primary,CHOLESTEROL_HOMEOSTASIS,1.88552068960104,0.000154162042977678,TP53INP1
D3,Primary,CHOLESTEROL_HOMEOSTASIS,1.88552068960104,0.000154162042977678,PLAUR
D3,Primary,CHOLESTEROL_HOMEOSTASIS,1.88552068960104,0.000154162042977678,ECH1
D3,Primary,CHOLESTEROL_HOMEOSTASIS,1.88552068960104,0.000154162042977678,CYP51A1
D3,Primary,CHOLESTEROL_HOMEOSTASIS,1.88552068960104,0.000154162042977678,CPEB2
D3,Primary,CHOLESTEROL_HOMEOSTASIS,1.88552068960104,0.000154162042977678,ALCAM
D3,Primary,CHOLESTEROL_HOMEOSTASIS,1.88552068960104,0.000154162042977678,ATF3
D3,Primary,CHOLESTEROL_HOMEOSTASIS,1.88552068960104,0.000154162042977678,TRIB3
D3,Primary,CHOLESTEROL_HOMEOSTASIS,1.88552068960104,0.000154162042977678,SQLE
D3,Primary,CHOLESTEROL_HOMEOSTASIS,1.88552068960104,0.000154162042977678,PCYT2
D3,Primary,CHOLESTEROL_HOMEOSTASIS,1.88552068960104,0.000154162042977678,CD9
D3,Primary,CHOLESTEROL_HOMEOSTASIS,1.88552068960104,0.000154162042977678,FABP5
D3,Primary,CHOLESTEROL_HOMEOSTASIS,1.88552068960104,0.000154162042977678,LSS
D3,Primary,CHOLESTEROL_HOMEOSTASIS,1.88552068960104,0.000154162042977678,FDPS
D3,Primary,CHOLESTEROL_HOMEOSTASIS,1.88552068960104,0.000154162042977678,GUSB
D3,Primary,CHOLESTEROL_HOMEOSTASIS,1.88552068960104,0.000154162042977678,SCD
D3,Primary,CHOLESTEROL_HOMEOSTASIS,1.88552068960104,0.000154162042977678,ACAT2
D3,Primary,CHOLESTEROL_HOMEOSTASIS,1.88552068960104,0.000154162042977678,ANXA5
D3,Primary,CHOLESTEROL_HOMEOSTASIS,1.88552068960104,0.000154162042977678,CHKA
D3,Primary,CHOLESTEROL_HOMEOSTASIS,1.88552068960104,0.000154162042977678,LPL
D3,Primary,CHOLESTEROL_HOMEOSTASIS,1.88552068960104,0.000154162042977678,ANTXR2
D3,Primary,CHOLESTEROL_HOMEOSTASIS,1.88552068960104,0.000154162042977678,HMGCR
D3,Primary,CHOLESTEROL_HOMEOSTASIS,1.88552068960104,0.000154162042977678,NSDHL
D3,Primary,CHOLESTEROL_HOMEOSTASIS,1.88552068960104,0.000154162042977678,TMEM97
D3,Primary,CHOLESTEROL_HOMEOSTASIS,1.88552068960104,0.000154162042977678,SREBF2
D3,Primary,COAGULATION,1.54882048481349,0.0102257567588876,MMP9
D3,Primary,COAGULATION,1.54882048481349,0.0102257567588876,MMP8
D3,Primary,COAGULATION,1.54882048481349,0.0102257567588876,FURIN
D3,Primary,COAGULATION,1.54882048481349,0.0102257567588876,MSRB2
D3,Primary,COAGULATION,1.54882048481349,0.0102257567588876,RABIF
D3,Primary,COAGULATION,1.54882048481349,0.0102257567588876,PEF1
D3,Primary,COAGULATION,1.54882048481349,0.0102257567588876,ADAM9
D3,Primary,COAGULATION,1.54882048481349,0.0102257567588876,GNB2
D3,Primary,COAGULATION,1.54882048481349,0.0102257567588876,WDR1
D3,Primary,COAGULATION,1.54882048481349,0.0102257567588876,ARF4
D3,Primary,COAGULATION,1.54882048481349,0.0102257567588876,GSN
D3,Primary,COAGULATION,1.54882048481349,0.0102257567588876,SERPINB2
D3,Primary,COAGULATION,1.54882048481349,0.0102257567588876,PLAU
D3,Primary,COAGULATION,1.54882048481349,0.0102257567588876,SERPINA1
D3,Primary,COAGULATION,1.54882048481349,0.0102257567588876,F12
D3,Primary,COAGULATION,1.54882048481349,0.0102257567588876,KLF7
D3,Primary,COAGULATION,1.54882048481349,0.0102257567588876,TIMP1
D3,Primary,COAGULATION,1.54882048481349,0.0102257567588876,CLU
D3,Primary,COAGULATION,1.54882048481349,0.0102257567588876,ANXA1
D3,Primary,COAGULATION,1.54882048481349,0.0102257567588876,MAFF
D3,Primary,COAGULATION,1.54882048481349,0.0102257567588876,F8
D3,Primary,COAGULATION,1.54882048481349,0.0102257567588876,CTSB
D3,Primary,COAGULATION,1.54882048481349,0.0102257567588876,PLEK
D3,Primary,COAGULATION,1.54882048481349,0.0102257567588876,P2RY1
D3,Primary,COAGULATION,1.54882048481349,0.0102257567588876,THBS1
D3,Primary,COAGULATION,1.54882048481349,0.0102257567588876,SIRT2
D3,Primary,COAGULATION,1.54882048481349,0.0102257567588876,MST1
D3,Primary,COAGULATION,1.54882048481349,0.0102257567588876,LAMP2
D3,Primary,COAGULATION,1.54882048481349,0.0102257567588876,C1R
D3,Primary,COAGULATION,1.54882048481349,0.0102257567588876,CASP9
D3,Primary,COAGULATION,1.54882048481349,0.0102257567588876,FBN1
D3,Primary,COAGULATION,1.54882048481349,0.0102257567588876,ISCU
D3,Primary,COAGULATION,1.54882048481349,0.0102257567588876,GP9
D3,Primary,COAGULATION,1.54882048481349,0.0102257567588876,GP1BA
D3,Primary,COAGULATION,1.54882048481349,0.0102257567588876,SERPINE1
D3,Primary,COAGULATION,1.54882048481349,0.0102257567588876,CAPN5
D3,Primary,COAGULATION,1.54882048481349,0.0102257567588876,RAC1
D3,Primary,COAGULATION,1.54882048481349,0.0102257567588876,SPARC
D3,Primary,COAGULATION,1.54882048481349,0.0102257567588876,SH2B2
D3,Primary,COAGULATION,1.54882048481349,0.0102257567588876,THBD
D3,Primary,COMPLEMENT,1.77384349442115,4.68888248944695e-05,PLSCR1
D3,Primary,COMPLEMENT,1.77384349442115,4.68888248944695e-05,S100A9
D3,Primary,COMPLEMENT,1.77384349442115,4.68888248944695e-05,S100A12
D3,Primary,COMPLEMENT,1.77384349442115,4.68888248944695e-05,HSPA1A
D3,Primary,COMPLEMENT,1.77384349442115,4.68888248944695e-05,PIM1
D3,Primary,COMPLEMENT,1.77384349442115,4.68888248944695e-05,ITGAM
D3,Primary,COMPLEMENT,1.77384349442115,4.68888248944695e-05,RHOG
D3,Primary,COMPLEMENT,1.77384349442115,4.68888248944695e-05,CDK5R1
D3,Primary,COMPLEMENT,1.77384349442115,4.68888248944695e-05,PIK3CG
D3,Primary,COMPLEMENT,1.77384349442115,4.68888248944695e-05,CDA
D3,Primary,COMPLEMENT,1.77384349442115,4.68888248944695e-05,MSRB1
D3,Primary,COMPLEMENT,1.77384349442115,4.68888248944695e-05,F5
D3,Primary,COMPLEMENT,1.77384349442115,4.68888248944695e-05,MMP8
D3,Primary,COMPLEMENT,1.77384349442115,4.68888248944695e-05,CR1
D3,Primary,COMPLEMENT,1.77384349442115,4.68888248944695e-05,CD55
D3,Primary,COMPLEMENT,1.77384349442115,4.68888248944695e-05,GCA
D3,Primary,COMPLEMENT,1.77384349442115,4.68888248944695e-05,CXCL1
D3,Primary,COMPLEMENT,1.77384349442115,4.68888248944695e-05,RABIF
D3,Primary,COMPLEMENT,1.77384349442115,4.68888248944695e-05,ADAM9
D3,Primary,COMPLEMENT,1.77384349442115,4.68888248944695e-05,CTSD
D3,Primary,COMPLEMENT,1.77384349442115,4.68888248944695e-05,GNB2
D3,Primary,COMPLEMENT,1.77384349442115,4.68888248944695e-05,CA2
D3,Primary,COMPLEMENT,1.77384349442115,4.68888248944695e-05,CD59
D3,Primary,COMPLEMENT,1.77384349442115,4.68888248944695e-05,CEBPB
D3,Primary,COMPLEMENT,1.77384349442115,4.68888248944695e-05,LCP2
D3,Primary,COMPLEMENT,1.77384349442115,4.68888248944695e-05,LYN
D3,Primary,COMPLEMENT,1.77384349442115,4.68888248944695e-05,PCSK9
D3,Primary,COMPLEMENT,1.77384349442115,4.68888248944695e-05,PFN1
D3,Primary,COMPLEMENT,1.77384349442115,4.68888248944695e-05,TIMP2
D3,Primary,COMPLEMENT,1.77384349442115,4.68888248944695e-05,SERPINB2
D3,Primary,COMPLEMENT,1.77384349442115,4.68888248944695e-05,IRF7
D3,Primary,COMPLEMENT,1.77384349442115,4.68888248944695e-05,IRF2
D3,Primary,COMPLEMENT,1.77384349442115,4.68888248944695e-05,SERPINA1
D3,Primary,COMPLEMENT,1.77384349442115,4.68888248944695e-05,PRKCD
D3,Primary,COMPLEMENT,1.77384349442115,4.68888248944695e-05,TIMP1
D3,Primary,COMPLEMENT,1.77384349442115,4.68888248944695e-05,CLU
D3,Primary,COMPLEMENT,1.77384349442115,4.68888248944695e-05,CASP4
D3,Primary,COMPLEMENT,1.77384349442115,4.68888248944695e-05,EHD1
D3,Primary,COMPLEMENT,1.77384349442115,4.68888248944695e-05,COL4A2
D3,Primary,COMPLEMENT,1.77384349442115,4.68888248944695e-05,VCPIP1
D3,Primary,COMPLEMENT,1.77384349442115,4.68888248944695e-05,GNAI2
D3,Primary,COMPLEMENT,1.77384349442115,4.68888248944695e-05,GNG2
D3,Primary,COMPLEMENT,1.77384349442115,4.68888248944695e-05,MAFF
D3,Primary,COMPLEMENT,1.77384349442115,4.68888248944695e-05,F8
D3,Primary,COMPLEMENT,1.77384349442115,4.68888248944695e-05,CTSB
D3,Primary,COMPLEMENT,1.77384349442115,4.68888248944695e-05,GPD2
D3,Primary,COMPLEMENT,1.77384349442115,4.68888248944695e-05,WAS
D3,Primary,COMPLEMENT,1.77384349442115,4.68888248944695e-05,JAK2
D3,Primary,COMPLEMENT,1.77384349442115,4.68888248944695e-05,PRSS36
D3,Primary,COMPLEMENT,1.77384349442115,4.68888248944695e-05,FCER1G
D3,Primary,COMPLEMENT,1.77384349442115,4.68888248944695e-05,PLEK
D3,Primary,COMPLEMENT,1.77384349442115,4.68888248944695e-05,RAF1
D3,Primary,COMPLEMENT,1.77384349442115,4.68888248944695e-05,PSEN1
D3,Primary,COMPLEMENT,1.77384349442115,4.68888248944695e-05,LTF
D3,Primary,COMPLEMENT,1.77384349442115,4.68888248944695e-05,PPP4C
D3,Primary,COMPLEMENT,1.77384349442115,4.68888248944695e-05,PLA2G4A
D3,Primary,COMPLEMENT,1.77384349442115,4.68888248944695e-05,LAMP2
D3,Primary,COMPLEMENT,1.77384349442115,4.68888248944695e-05,C1R
D3,Primary,COMPLEMENT,1.77384349442115,4.68888248944695e-05,LGALS3
D3,Primary,COMPLEMENT,1.77384349442115,4.68888248944695e-05,IRF1
D3,Primary,COMPLEMENT,1.77384349442115,4.68888248944695e-05,STX4
D3,Primary,COMPLEMENT,1.77384349442115,4.68888248944695e-05,USP15
D3,Primary,COMPLEMENT,1.77384349442115,4.68888248944695e-05,GMFB
D3,Primary,COMPLEMENT,1.77384349442115,4.68888248944695e-05,CALM1
D3,Primary,COMPLEMENT,1.77384349442115,4.68888248944695e-05,GRB2
D3,Primary,COMPLEMENT,1.77384349442115,4.68888248944695e-05,CASP9
D3,Primary,DNA_REPAIR,1.1248904631748,0.319118394521803,CDA
D3,Primary,DNA_REPAIR,1.1248904631748,0.319118394521803,STX3
D3,Primary,DNA_REPAIR,1.1248904631748,0.319118394521803,SUPT4H1
D3,Primary,DNA_REPAIR,1.1248904631748,0.319118394521803,PNP
D3,Primary,DNA_REPAIR,1.1248904631748,0.319118394521803,GMPR2
D3,Primary,DNA_REPAIR,1.1248904631748,0.319118394521803,GTF2B
D3,Primary,DNA_REPAIR,1.1248904631748,0.319118394521803,DCTN4
D3,Primary,DNA_REPAIR,1.1248904631748,0.319118394521803,SDCBP
D3,Primary,DNA_REPAIR,1.1248904631748,0.319118394521803,CANT1
D3,Primary,DNA_REPAIR,1.1248904631748,0.319118394521803,GTF3C5
D3,Primary,DNA_REPAIR,1.1248904631748,0.319118394521803,VPS37B
D3,Primary,DNA_REPAIR,1.1248904631748,0.319118394521803,NT5C3A
D3,Primary,DNA_REPAIR,1.1248904631748,0.319118394521803,TSG101
D3,Primary,DNA_REPAIR,1.1248904631748,0.319118394521803,NME4
D3,Primary,DNA_REPAIR,1.1248904631748,0.319118394521803,POLR2J
D3,Primary,DNA_REPAIR,1.1248904631748,0.319118394521803,BCAM
D3,Primary,DNA_REPAIR,1.1248904631748,0.319118394521803,BCAP31
D3,Primary,DNA_REPAIR,1.1248904631748,0.319118394521803,EIF1B
D3,Primary,DNA_REPAIR,1.1248904631748,0.319118394521803,TAF10
D3,Primary,DNA_REPAIR,1.1248904631748,0.319118394521803,AGO4
D3,Primary,DNA_REPAIR,1.1248904631748,0.319118394521803,TK2
D3,Primary,DNA_REPAIR,1.1248904631748,0.319118394521803,POLD4
D3,Primary,DNA_REPAIR,1.1248904631748,0.319118394521803,RBX1
D3,Primary,DNA_REPAIR,1.1248904631748,0.319118394521803,ELL
D3,Primary,DNA_REPAIR,1.1248904631748,0.319118394521803,VPS28
D3,Primary,DNA_REPAIR,1.1248904631748,0.319118394521803,HCLS1
D3,Primary,DNA_REPAIR,1.1248904631748,0.319118394521803,CMPK2
D3,Primary,DNA_REPAIR,1.1248904631748,0.319118394521803,POLL
D3,Primary,DNA_REPAIR,1.1248904631748,0.319118394521803,CETN2
D3,Primary,DNA_REPAIR,1.1248904631748,0.319118394521803,TAF13
D3,Primary,DNA_REPAIR,1.1248904631748,0.319118394521803,DAD1
D3,Primary,DNA_REPAIR,1.1248904631748,0.319118394521803,MPC2
D3,Primary,DNA_REPAIR,1.1248904631748,0.319118394521803,ADRM1
D3,Primary,DNA_REPAIR,1.1248904631748,0.319118394521803,GTF2F1
D3,Primary,DNA_REPAIR,1.1248904631748,0.319118394521803,RFC2
D3,Primary,DNA_REPAIR,1.1248904631748,0.319118394521803,AK1
D3,Primary,DNA_REPAIR,1.1248904631748,0.319118394521803,BRF2
D3,Primary,DNA_REPAIR,1.1248904631748,0.319118394521803,TYMS
D3,Primary,DNA_REPAIR,1.1248904631748,0.319118394521803,TAF12
D3,Primary,DNA_REPAIR,1.1248904631748,0.319118394521803,GPX4
D3,Primary,DNA_REPAIR,1.1248904631748,0.319118394521803,ARL6IP1
D3,Primary,DNA_REPAIR,1.1248904631748,0.319118394521803,GUK1
D3,Primary,DNA_REPAIR,1.1248904631748,0.319118394521803,POLR2G
D3,Primary,DNA_REPAIR,1.1248904631748,0.319118394521803,DGUOK
D3,Primary,E2F_TARGETS,-0.802426409097604,0.984520123839009,RAD1
D3,Primary,E2F_TARGETS,-0.802426409097604,0.984520123839009,SYNCRIP
D3,Primary,E2F_TARGETS,-0.802426409097604,0.984520123839009,RBBP7
D3,Primary,E2F_TARGETS,-0.802426409097604,0.984520123839009,PSIP1
D3,Primary,E2F_TARGETS,-0.802426409097604,0.984520123839009,MRE11
D3,Primary,E2F_TARGETS,-0.802426409097604,0.984520123839009,PMS2
D3,Primary,E2F_TARGETS,-0.802426409097604,0.984520123839009,NOP56
D3,Primary,E2F_TARGETS,-0.802426409097604,0.984520123839009,SMC1A
D3,Primary,E2F_TARGETS,-0.802426409097604,0.984520123839009,MLH1
D3,Primary,E2F_TARGETS,-0.802426409097604,0.984520123839009,NASP
D3,Primary,E2F_TARGETS,-0.802426409097604,0.984520123839009,TMPO
D3,Primary,E2F_TARGETS,-0.802426409097604,0.984520123839009,RFC1
D3,Primary,E2F_TARGETS,-0.802426409097604,0.984520123839009,LIG1
D3,Primary,E2F_TARGETS,-0.802426409097604,0.984520123839009,POLE
D3,Primary,E2F_TARGETS,-0.802426409097604,0.984520123839009,LUC7L3
D3,Primary,E2F_TARGETS,-0.802426409097604,0.984520123839009,CBX5
D3,Primary,EPITHELIAL_MESENCHYMAL_TRANSITION,1.43016531254376,0.0308139097121346,GADD45A
D3,Primary,EPITHELIAL_MESENCHYMAL_TRANSITION,1.43016531254376,0.0308139097121346,GADD45B
D3,Primary,EPITHELIAL_MESENCHYMAL_TRANSITION,1.43016531254376,0.0308139097121346,BASP1
D3,Primary,EPITHELIAL_MESENCHYMAL_TRANSITION,1.43016531254376,0.0308139097121346,LOXL1
D3,Primary,EPITHELIAL_MESENCHYMAL_TRANSITION,1.43016531254376,0.0308139097121346,CXCL1
D3,Primary,EPITHELIAL_MESENCHYMAL_TRANSITION,1.43016531254376,0.0308139097121346,LGALS1
D3,Primary,EPITHELIAL_MESENCHYMAL_TRANSITION,1.43016531254376,0.0308139097121346,CD59
D3,Primary,EPITHELIAL_MESENCHYMAL_TRANSITION,1.43016531254376,0.0308139097121346,TGM2
D3,Primary,EPITHELIAL_MESENCHYMAL_TRANSITION,1.43016531254376,0.0308139097121346,QSOX1
D3,Primary,EPITHELIAL_MESENCHYMAL_TRANSITION,1.43016531254376,0.0308139097121346,CAPG
D3,Primary,EPITHELIAL_MESENCHYMAL_TRANSITION,1.43016531254376,0.0308139097121346,VIM
D3,Primary,EPITHELIAL_MESENCHYMAL_TRANSITION,1.43016531254376,0.0308139097121346,CD44
D3,Primary,EPITHELIAL_MESENCHYMAL_TRANSITION,1.43016531254376,0.0308139097121346,VEGFA
D3,Primary,EPITHELIAL_MESENCHYMAL_TRANSITION,1.43016531254376,0.0308139097121346,TIMP1
D3,Primary,EPITHELIAL_MESENCHYMAL_TRANSITION,1.43016531254376,0.0308139097121346,TGFB1
D3,Primary,EPITHELIAL_MESENCHYMAL_TRANSITION,1.43016531254376,0.0308139097121346,SAT1
D3,Primary,EPITHELIAL_MESENCHYMAL_TRANSITION,1.43016531254376,0.0308139097121346,TPM1
D3,Primary,EPITHELIAL_MESENCHYMAL_TRANSITION,1.43016531254376,0.0308139097121346,COL4A2
D3,Primary,EPITHELIAL_MESENCHYMAL_TRANSITION,1.43016531254376,0.0308139097121346,PLOD1
D3,Primary,EPITHELIAL_MESENCHYMAL_TRANSITION,1.43016531254376,0.0308139097121346,SERPINE2
D3,Primary,EPITHELIAL_MESENCHYMAL_TRANSITION,1.43016531254376,0.0308139097121346,SLC6A8
D3,Primary,EPITHELIAL_MESENCHYMAL_TRANSITION,1.43016531254376,0.0308139097121346,RHOB
D3,Primary,EPITHELIAL_MESENCHYMAL_TRANSITION,1.43016531254376,0.0308139097121346,SPP1
D3,Primary,EPITHELIAL_MESENCHYMAL_TRANSITION,1.43016531254376,0.0308139097121346,PCOLCE2
D3,Primary,EPITHELIAL_MESENCHYMAL_TRANSITION,1.43016531254376,0.0308139097121346,PTX3
D3,Primary,EPITHELIAL_MESENCHYMAL_TRANSITION,1.43016531254376,0.0308139097121346,TNFRSF12A
D3,Primary,EPITHELIAL_MESENCHYMAL_TRANSITION,1.43016531254376,0.0308139097121346,ANPEP
D3,Primary,EPITHELIAL_MESENCHYMAL_TRANSITION,1.43016531254376,0.0308139097121346,THBS1
D3,Primary,EPITHELIAL_MESENCHYMAL_TRANSITION,1.43016531254376,0.0308139097121346,AREG
D3,Primary,EPITHELIAL_MESENCHYMAL_TRANSITION,1.43016531254376,0.0308139097121346,TPM4
D3,Primary,EPITHELIAL_MESENCHYMAL_TRANSITION,1.43016531254376,0.0308139097121346,COLGALT1
D3,Primary,EPITHELIAL_MESENCHYMAL_TRANSITION,1.43016531254376,0.0308139097121346,SDC4
D3,Primary,EPITHELIAL_MESENCHYMAL_TRANSITION,1.43016531254376,0.0308139097121346,FBN2
D3,Primary,EPITHELIAL_MESENCHYMAL_TRANSITION,1.43016531254376,0.0308139097121346,ACTA2
D3,Primary,EPITHELIAL_MESENCHYMAL_TRANSITION,1.43016531254376,0.0308139097121346,COPA
D3,Primary,EPITHELIAL_MESENCHYMAL_TRANSITION,1.43016531254376,0.0308139097121346,INHBA
D3,Primary,EPITHELIAL_MESENCHYMAL_TRANSITION,1.43016531254376,0.0308139097121346,FBN1
D3,Primary,EPITHELIAL_MESENCHYMAL_TRANSITION,1.43016531254376,0.0308139097121346,CXCL8
D3,Primary,EPITHELIAL_MESENCHYMAL_TRANSITION,1.43016531254376,0.0308139097121346,EFEMP2
D3,Primary,EPITHELIAL_MESENCHYMAL_TRANSITION,1.43016531254376,0.0308139097121346,SERPINE1
D3,Primary,EPITHELIAL_MESENCHYMAL_TRANSITION,1.43016531254376,0.0308139097121346,COL7A1
D3,Primary,EPITHELIAL_MESENCHYMAL_TRANSITION,1.43016531254376,0.0308139097121346,ITGB5
D3,Primary,EPITHELIAL_MESENCHYMAL_TRANSITION,1.43016531254376,0.0308139097121346,PLAUR
D3,Primary,EPITHELIAL_MESENCHYMAL_TRANSITION,1.43016531254376,0.0308139097121346,FSTL1
D3,Primary,EPITHELIAL_MESENCHYMAL_TRANSITION,1.43016531254376,0.0308139097121346,SPARC
D3,Primary,EPITHELIAL_MESENCHYMAL_TRANSITION,1.43016531254376,0.0308139097121346,ID2
D3,Primary,EPITHELIAL_MESENCHYMAL_TRANSITION,1.43016531254376,0.0308139097121346,SDC1
D3,Primary,EPITHELIAL_MESENCHYMAL_TRANSITION,1.43016531254376,0.0308139097121346,SFRP4
D3,Primary,EPITHELIAL_MESENCHYMAL_TRANSITION,1.43016531254376,0.0308139097121346,PFN2
D3,Primary,ESTROGEN_RESPONSE_EARLY,1.51810455877095,0.0062940332308262,SLC2A1
D3,Primary,ESTROGEN_RESPONSE_EARLY,1.51810455877095,0.0062940332308262,UGCG
D3,Primary,ESTROGEN_RESPONSE_EARLY,1.51810455877095,0.0062940332308262,FOXC1
D3,Primary,ESTROGEN_RESPONSE_EARLY,1.51810455877095,0.0062940332308262,DHCR7
D3,Primary,ESTROGEN_RESPONSE_EARLY,1.51810455877095,0.0062940332308262,DLC1
D3,Primary,ESTROGEN_RESPONSE_EARLY,1.51810455877095,0.0062940332308262,RAB31
D3,Primary,ESTROGEN_RESPONSE_EARLY,1.51810455877095,0.0062940332308262,KAZN
D3,Primary,ESTROGEN_RESPONSE_EARLY,1.51810455877095,0.0062940332308262,AFF1
D3,Primary,ESTROGEN_RESPONSE_EARLY,1.51810455877095,0.0062940332308262,TGM2
D3,Primary,ESTROGEN_RESPONSE_EARLY,1.51810455877095,0.0062940332308262,TTC39A
D3,Primary,ESTROGEN_RESPONSE_EARLY,1.51810455877095,0.0062940332308262,TIPARP
D3,Primary,ESTROGEN_RESPONSE_EARLY,1.51810455877095,0.0062940332308262,CANT1
D3,Primary,ESTROGEN_RESPONSE_EARLY,1.51810455877095,0.0062940332308262,SLC7A5
D3,Primary,ESTROGEN_RESPONSE_EARLY,1.51810455877095,0.0062940332308262,CD44
D3,Primary,ESTROGEN_RESPONSE_EARLY,1.51810455877095,0.0062940332308262,RARA
D3,Primary,ESTROGEN_RESPONSE_EARLY,1.51810455877095,0.0062940332308262,SLC24A3
D3,Primary,ESTROGEN_RESPONSE_EARLY,1.51810455877095,0.0062940332308262,SH3BP5
D3,Primary,ESTROGEN_RESPONSE_EARLY,1.51810455877095,0.0062940332308262,AMFR
D3,Primary,ESTROGEN_RESPONSE_EARLY,1.51810455877095,0.0062940332308262,CHPT1
D3,Primary,ESTROGEN_RESPONSE_EARLY,1.51810455877095,0.0062940332308262,IGF1R
D3,Primary,ESTROGEN_RESPONSE_EARLY,1.51810455877095,0.0062940332308262,ADD3
D3,Primary,ESTROGEN_RESPONSE_EARLY,1.51810455877095,0.0062940332308262,FDFT1
D3,Primary,ESTROGEN_RESPONSE_EARLY,1.51810455877095,0.0062940332308262,FOS
D3,Primary,ESTROGEN_RESPONSE_EARLY,1.51810455877095,0.0062940332308262,TOB1
D3,Primary,ESTROGEN_RESPONSE_EARLY,1.51810455877095,0.0062940332308262,MINDY1
D3,Primary,ESTROGEN_RESPONSE_EARLY,1.51810455877095,0.0062940332308262,FKBP5
D3,Primary,ESTROGEN_RESPONSE_EARLY,1.51810455877095,0.0062940332308262,TFF3
D3,Primary,ESTROGEN_RESPONSE_EARLY,1.51810455877095,0.0062940332308262,JAK2
D3,Primary,ESTROGEN_RESPONSE_EARLY,1.51810455877095,0.0062940332308262,BLVRB
D3,Primary,ESTROGEN_RESPONSE_EARLY,1.51810455877095,0.0062940332308262,ELF3
D3,Primary,ESTROGEN_RESPONSE_EARLY,1.51810455877095,0.0062940332308262,ALDH3B1
D3,Primary,ESTROGEN_RESPONSE_EARLY,1.51810455877095,0.0062940332308262,BAG1
D3,Primary,ESTROGEN_RESPONSE_EARLY,1.51810455877095,0.0062940332308262,NHERF1
D3,Primary,ESTROGEN_RESPONSE_EARLY,1.51810455877095,0.0062940332308262,FHL2
D3,Primary,ESTROGEN_RESPONSE_EARLY,1.51810455877095,0.0062940332308262,FLNB
D3,Primary,ESTROGEN_RESPONSE_EARLY,1.51810455877095,0.0062940332308262,SIAH2
D3,Primary,ESTROGEN_RESPONSE_EARLY,1.51810455877095,0.0062940332308262,NADSYN1
D3,Primary,ESTROGEN_RESPONSE_EARLY,1.51810455877095,0.0062940332308262,KDM4B
D3,Primary,ESTROGEN_RESPONSE_EARLY,1.51810455877095,0.0062940332308262,GAB2
D3,Primary,ESTROGEN_RESPONSE_EARLY,1.51810455877095,0.0062940332308262,GLA
D3,Primary,ESTROGEN_RESPONSE_EARLY,1.51810455877095,0.0062940332308262,AREG
D3,Primary,ESTROGEN_RESPONSE_EARLY,1.51810455877095,0.0062940332308262,CISH
D3,Primary,ESTROGEN_RESPONSE_EARLY,1.51810455877095,0.0062940332308262,TUBB2B
D3,Primary,ESTROGEN_RESPONSE_EARLY,1.51810455877095,0.0062940332308262,SVIL
D3,Primary,ESTROGEN_RESPONSE_EARLY,1.51810455877095,0.0062940332308262,ELOVL5
D3,Primary,ESTROGEN_RESPONSE_EARLY,1.51810455877095,0.0062940332308262,MAST4
D3,Primary,ESTROGEN_RESPONSE_EARLY,1.51810455877095,0.0062940332308262,INHBB
D3,Primary,ESTROGEN_RESPONSE_EARLY,1.51810455877095,0.0062940332308262,MICB
D3,Primary,ESTROGEN_RESPONSE_LATE,1.52165886838863,0.0062940332308262,S100A9
D3,Primary,ESTROGEN_RESPONSE_LATE,1.52165886838863,0.0062940332308262,FOXC1
D3,Primary,ESTROGEN_RESPONSE_LATE,1.52165886838863,0.0062940332308262,DHCR7
D3,Primary,ESTROGEN_RESPONSE_LATE,1.52165886838863,0.0062940332308262,RAB31
D3,Primary,ESTROGEN_RESPONSE_LATE,1.52165886838863,0.0062940332308262,ATP2B4
D3,Primary,ESTROGEN_RESPONSE_LATE,1.52165886838863,0.0062940332308262,AFF1
D3,Primary,ESTROGEN_RESPONSE_LATE,1.52165886838863,0.0062940332308262,CA2
D3,Primary,ESTROGEN_RESPONSE_LATE,1.52165886838863,0.0062940332308262,CCNA1
D3,Primary,ESTROGEN_RESPONSE_LATE,1.52165886838863,0.0062940332308262,ST6GALNAC2
D3,Primary,ESTROGEN_RESPONSE_LATE,1.52165886838863,0.0062940332308262,ZFP36
D3,Primary,ESTROGEN_RESPONSE_LATE,1.52165886838863,0.0062940332308262,SLC7A5
D3,Primary,ESTROGEN_RESPONSE_LATE,1.52165886838863,0.0062940332308262,CD44
D3,Primary,ESTROGEN_RESPONSE_LATE,1.52165886838863,0.0062940332308262,IMPA2
D3,Primary,ESTROGEN_RESPONSE_LATE,1.52165886838863,0.0062940332308262,SERPINA1
D3,Primary,ESTROGEN_RESPONSE_LATE,1.52165886838863,0.0062940332308262,SLC24A3
D3,Primary,ESTROGEN_RESPONSE_LATE,1.52165886838863,0.0062940332308262,GFUS
D3,Primary,ESTROGEN_RESPONSE_LATE,1.52165886838863,0.0062940332308262,AMFR
D3,Primary,ESTROGEN_RESPONSE_LATE,1.52165886838863,0.0062940332308262,CHPT1
D3,Primary,ESTROGEN_RESPONSE_LATE,1.52165886838863,0.0062940332308262,ADD3
D3,Primary,ESTROGEN_RESPONSE_LATE,1.52165886838863,0.0062940332308262,FDFT1
D3,Primary,ESTROGEN_RESPONSE_LATE,1.52165886838863,0.0062940332308262,FOS
D3,Primary,ESTROGEN_RESPONSE_LATE,1.52165886838863,0.0062940332308262,TOB1
D3,Primary,ESTROGEN_RESPONSE_LATE,1.52165886838863,0.0062940332308262,STIL
D3,Primary,ESTROGEN_RESPONSE_LATE,1.52165886838863,0.0062940332308262,FKBP5
D3,Primary,ESTROGEN_RESPONSE_LATE,1.52165886838863,0.0062940332308262,TFF3
D3,Primary,ESTROGEN_RESPONSE_LATE,1.52165886838863,0.0062940332308262,PTPN6
D3,Primary,ESTROGEN_RESPONSE_LATE,1.52165886838863,0.0062940332308262,SNX10
D3,Primary,ESTROGEN_RESPONSE_LATE,1.52165886838863,0.0062940332308262,JAK2
D3,Primary,ESTROGEN_RESPONSE_LATE,1.52165886838863,0.0062940332308262,BLVRB
D3,Primary,ESTROGEN_RESPONSE_LATE,1.52165886838863,0.0062940332308262,ALDH3B1
D3,Primary,ESTROGEN_RESPONSE_LATE,1.52165886838863,0.0062940332308262,BAG1
D3,Primary,ESTROGEN_RESPONSE_LATE,1.52165886838863,0.0062940332308262,NHERF1
D3,Primary,ESTROGEN_RESPONSE_LATE,1.52165886838863,0.0062940332308262,CKB
D3,Primary,ESTROGEN_RESPONSE_LATE,1.52165886838863,0.0062940332308262,FLNB
D3,Primary,ESTROGEN_RESPONSE_LATE,1.52165886838863,0.0062940332308262,CDH1
D3,Primary,ESTROGEN_RESPONSE_LATE,1.52165886838863,0.0062940332308262,SIAH2
D3,Primary,ESTROGEN_RESPONSE_LATE,1.52165886838863,0.0062940332308262,GLA
D3,Primary,ESTROGEN_RESPONSE_LATE,1.52165886838863,0.0062940332308262,BATF
D3,Primary,ESTROGEN_RESPONSE_LATE,1.52165886838863,0.0062940332308262,LTF
D3,Primary,ESTROGEN_RESPONSE_LATE,1.52165886838863,0.0062940332308262,AREG
D3,Primary,ESTROGEN_RESPONSE_LATE,1.52165886838863,0.0062940332308262,TST
D3,Primary,ESTROGEN_RESPONSE_LATE,1.52165886838863,0.0062940332308262,CISH
D3,Primary,FATTY_ACID_METABOLISM,1.40775059951087,0.0308139097121346,ACSL1
D3,Primary,FATTY_ACID_METABOLISM,1.40775059951087,0.0308139097121346,CA4
D3,Primary,FATTY_ACID_METABOLISM,1.40775059951087,0.0308139097121346,IDI1
D3,Primary,FATTY_ACID_METABOLISM,1.40775059951087,0.0308139097121346,LDHA
D3,Primary,FATTY_ACID_METABOLISM,1.40775059951087,0.0308139097121346,LGALS1
D3,Primary,FATTY_ACID_METABOLISM,1.40775059951087,0.0308139097121346,ALDOA
D3,Primary,FATTY_ACID_METABOLISM,1.40775059951087,0.0308139097121346,GLUL
D3,Primary,FATTY_ACID_METABOLISM,1.40775059951087,0.0308139097121346,GABARAPL1
D3,Primary,FATTY_ACID_METABOLISM,1.40775059951087,0.0308139097121346,CA2
D3,Primary,FATTY_ACID_METABOLISM,1.40775059951087,0.0308139097121346,UROD
D3,Primary,FATTY_ACID_METABOLISM,1.40775059951087,0.0308139097121346,ACSL4
D3,Primary,FATTY_ACID_METABOLISM,1.40775059951087,0.0308139097121346,HSDL2
D3,Primary,FATTY_ACID_METABOLISM,1.40775059951087,0.0308139097121346,SDHC
D3,Primary,FATTY_ACID_METABOLISM,1.40775059951087,0.0308139097121346,KMT5A
D3,Primary,FATTY_ACID_METABOLISM,1.40775059951087,0.0308139097121346,ACAA1
D3,Primary,FATTY_ACID_METABOLISM,1.40775059951087,0.0308139097121346,VNN1
D3,Primary,FATTY_ACID_METABOLISM,1.40775059951087,0.0308139097121346,ACOX1
D3,Primary,FATTY_ACID_METABOLISM,1.40775059951087,0.0308139097121346,ALAD
D3,Primary,FATTY_ACID_METABOLISM,1.40775059951087,0.0308139097121346,SUCLG1
D3,Primary,FATTY_ACID_METABOLISM,1.40775059951087,0.0308139097121346,GPD2
D3,Primary,FATTY_ACID_METABOLISM,1.40775059951087,0.0308139097121346,EHHADH
D3,Primary,FATTY_ACID_METABOLISM,1.40775059951087,0.0308139097121346,MAOA
D3,Primary,FATTY_ACID_METABOLISM,1.40775059951087,0.0308139097121346,YWHAH
D3,Primary,FATTY_ACID_METABOLISM,1.40775059951087,0.0308139097121346,PRDX6
D3,Primary,FATTY_ACID_METABOLISM,1.40775059951087,0.0308139097121346,ACOT8
D3,Primary,FATTY_ACID_METABOLISM,1.40775059951087,0.0308139097121346,ADIPOR2
D3,Primary,FATTY_ACID_METABOLISM,1.40775059951087,0.0308139097121346,GCDH
D3,Primary,FATTY_ACID_METABOLISM,1.40775059951087,0.0308139097121346,G0S2
D3,Primary,FATTY_ACID_METABOLISM,1.40775059951087,0.0308139097121346,HPGD
D3,Primary,FATTY_ACID_METABOLISM,1.40775059951087,0.0308139097121346,HADHB
D3,Primary,FATTY_ACID_METABOLISM,1.40775059951087,0.0308139097121346,ACADVL
D3,Primary,FATTY_ACID_METABOLISM,1.40775059951087,0.0308139097121346,ELOVL5
D3,Primary,FATTY_ACID_METABOLISM,1.40775059951087,0.0308139097121346,DLD
D3,Primary,FATTY_ACID_METABOLISM,1.40775059951087,0.0308139097121346,CPOX
D3,Primary,FATTY_ACID_METABOLISM,1.40775059951087,0.0308139097121346,H2AZ1
D3,Primary,FATTY_ACID_METABOLISM,1.40775059951087,0.0308139097121346,DHCR24
D3,Primary,G2M_CHECKPOINT,1.20086831184125,0.171739448735312,MAPK14
D3,Primary,G2M_CHECKPOINT,1.20086831184125,0.171739448735312,PRMT5
D3,Primary,G2M_CHECKPOINT,1.20086831184125,0.171739448735312,JPT1
D3,Primary,G2M_CHECKPOINT,1.20086831184125,0.171739448735312,CDKN1B
D3,Primary,G2M_CHECKPOINT,1.20086831184125,0.171739448735312,MARCKS
D3,Primary,G2M_CHECKPOINT,1.20086831184125,0.171739448735312,E2F3
D3,Primary,G2M_CHECKPOINT,1.20086831184125,0.171739448735312,BCL3
D3,Primary,G2M_CHECKPOINT,1.20086831184125,0.171739448735312,RAD23B
D3,Primary,G2M_CHECKPOINT,1.20086831184125,0.171739448735312,LBR
D3,Primary,G2M_CHECKPOINT,1.20086831184125,0.171739448735312,E2F2
D3,Primary,G2M_CHECKPOINT,1.20086831184125,0.171739448735312,TFDP1
D3,Primary,G2M_CHECKPOINT,1.20086831184125,0.171739448735312,LMNB1
D3,Primary,G2M_CHECKPOINT,1.20086831184125,0.171739448735312,HIF1A
D3,Primary,G2M_CHECKPOINT,1.20086831184125,0.171739448735312,PRC1
D3,Primary,G2M_CHECKPOINT,1.20086831184125,0.171739448735312,DR1
D3,Primary,G2M_CHECKPOINT,1.20086831184125,0.171739448735312,SLC7A5
D3,Primary,G2M_CHECKPOINT,1.20086831184125,0.171739448735312,E2F4
D3,Primary,G2M_CHECKPOINT,1.20086831184125,0.171739448735312,KMT5A
D3,Primary,G2M_CHECKPOINT,1.20086831184125,0.171739448735312,BIRC5
D3,Primary,G2M_CHECKPOINT,1.20086831184125,0.171739448735312,TPX2
D3,Primary,G2M_CHECKPOINT,1.20086831184125,0.171739448735312,BARD1
D3,Primary,G2M_CHECKPOINT,1.20086831184125,0.171739448735312,TGFB1
D3,Primary,G2M_CHECKPOINT,1.20086831184125,0.171739448735312,KPNB1
D3,Primary,G2M_CHECKPOINT,1.20086831184125,0.171739448735312,TLE3
D3,Primary,G2M_CHECKPOINT,1.20086831184125,0.171739448735312,AURKA
D3,Primary,G2M_CHECKPOINT,1.20086831184125,0.171739448735312,MAP3K20
D3,Primary,G2M_CHECKPOINT,1.20086831184125,0.171739448735312,UBE2C
D3,Primary,G2M_CHECKPOINT,1.20086831184125,0.171739448735312,STIL
D3,Primary,G2M_CHECKPOINT,1.20086831184125,0.171739448735312,TROAP
D3,Primary,G2M_CHECKPOINT,1.20086831184125,0.171739448735312,HIRA
D3,Primary,G2M_CHECKPOINT,1.20086831184125,0.171739448735312,CDKN2C
D3,Primary,G2M_CHECKPOINT,1.20086831184125,0.171739448735312,SAP30
D3,Primary,G2M_CHECKPOINT,1.20086831184125,0.171739448735312,ATF5
D3,Primary,G2M_CHECKPOINT,1.20086831184125,0.171739448735312,UBE2S
D3,Primary,G2M_CHECKPOINT,1.20086831184125,0.171739448735312,H2BC12
D3,Primary,G2M_CHECKPOINT,1.20086831184125,0.171739448735312,CDKN3
D3,Primary,G2M_CHECKPOINT,1.20086831184125,0.171739448735312,KIF15
D3,Primary,G2M_CHECKPOINT,1.20086831184125,0.171739448735312,CHMP1A
D3,Primary,G2M_CHECKPOINT,1.20086831184125,0.171739448735312,TACC3
D3,Primary,G2M_CHECKPOINT,1.20086831184125,0.171739448735312,AURKB
D3,Primary,G2M_CHECKPOINT,1.20086831184125,0.171739448735312,POLQ
D3,Primary,G2M_CHECKPOINT,1.20086831184125,0.171739448735312,MKI67
D3,Primary,G2M_CHECKPOINT,1.20086831184125,0.171739448735312,PTTG1
D3,Primary,G2M_CHECKPOINT,1.20086831184125,0.171739448735312,CKS2
D3,Primary,G2M_CHECKPOINT,1.20086831184125,0.171739448735312,CBX1
D3,Primary,G2M_CHECKPOINT,1.20086831184125,0.171739448735312,CENPA
D3,Primary,G2M_CHECKPOINT,1.20086831184125,0.171739448735312,CCNA2
D3,Primary,G2M_CHECKPOINT,1.20086831184125,0.171739448735312,SUV39H1
D3,Primary,G2M_CHECKPOINT,1.20086831184125,0.171739448735312,KIF4A
D3,Primary,G2M_CHECKPOINT,1.20086831184125,0.171739448735312,H2AZ1
D3,Primary,G2M_CHECKPOINT,1.20086831184125,0.171739448735312,NEK2
D3,Primary,G2M_CHECKPOINT,1.20086831184125,0.171739448735312,HMGB3
D3,Primary,G2M_CHECKPOINT,1.20086831184125,0.171739448735312,MEIS1
D3,Primary,G2M_CHECKPOINT,1.20086831184125,0.171739448735312,CDC25A
D3,Primary,G2M_CHECKPOINT,1.20086831184125,0.171739448735312,CDC20
D3,Primary,G2M_CHECKPOINT,1.20086831184125,0.171739448735312,PML
D3,Primary,G2M_CHECKPOINT,1.20086831184125,0.171739448735312,KIF2C
D3,Primary,G2M_CHECKPOINT,1.20086831184125,0.171739448735312,KIF11
D3,Primary,G2M_CHECKPOINT,1.20086831184125,0.171739448735312,RAD21
D3,Primary,G2M_CHECKPOINT,1.20086831184125,0.171739448735312,CDC45
D3,Primary,G2M_CHECKPOINT,1.20086831184125,0.171739448735312,CDK1
D3,Primary,G2M_CHECKPOINT,1.20086831184125,0.171739448735312,HMGA1
D3,Primary,G2M_CHECKPOINT,1.20086831184125,0.171739448735312,NUP50
D3,Primary,G2M_CHECKPOINT,1.20086831184125,0.171739448735312,RACGAP1
D3,Primary,G2M_CHECKPOINT,1.20086831184125,0.171739448735312,CUL3
D3,Primary,G2M_CHECKPOINT,1.20086831184125,0.171739448735312,TOP1
D3,Primary,G2M_CHECKPOINT,1.20086831184125,0.171739448735312,H2AX
D3,Primary,G2M_CHECKPOINT,1.20086831184125,0.171739448735312,EXO1
D3,Primary,G2M_CHECKPOINT,1.20086831184125,0.171739448735312,E2F1
D3,Primary,G2M_CHECKPOINT,1.20086831184125,0.171739448735312,NUP98
D3,Primary,GLYCOLYSIS,1.49070933343625,0.00589763986940079,PYGL
D3,Primary,GLYCOLYSIS,1.49070933343625,0.00589763986940079,TGFA
D3,Primary,GLYCOLYSIS,1.49070933343625,0.00589763986940079,RRAGD
D3,Primary,GLYCOLYSIS,1.49070933343625,0.00589763986940079,EXT1
D3,Primary,GLYCOLYSIS,1.49070933343625,0.00589763986940079,LDHA
D3,Primary,GLYCOLYSIS,1.49070933343625,0.00589763986940079,G6PD
D3,Primary,GLYCOLYSIS,1.49070933343625,0.00589763986940079,IER3
D3,Primary,GLYCOLYSIS,1.49070933343625,0.00589763986940079,PKM
D3,Primary,GLYCOLYSIS,1.49070933343625,0.00589763986940079,ALDOA
D3,Primary,GLYCOLYSIS,1.49070933343625,0.00589763986940079,HK2
D3,Primary,GLYCOLYSIS,1.49070933343625,0.00589763986940079,ABCB6
D3,Primary,GLYCOLYSIS,1.49070933343625,0.00589763986940079,NOL3
D3,Primary,GLYCOLYSIS,1.49070933343625,0.00589763986940079,TXN
D3,Primary,GLYCOLYSIS,1.49070933343625,0.00589763986940079,NDST3
D3,Primary,GLYCOLYSIS,1.49070933343625,0.00589763986940079,CITED2
D3,Primary,GLYCOLYSIS,1.49070933343625,0.00589763986940079,TPST1
D3,Primary,GLYCOLYSIS,1.49070933343625,0.00589763986940079,QSOX1
D3,Primary,GLYCOLYSIS,1.49070933343625,0.00589763986940079,IRS2
D3,Primary,GLYCOLYSIS,1.49070933343625,0.00589763986940079,CD44
D3,Primary,GLYCOLYSIS,1.49070933343625,0.00589763986940079,SLC16A3
D3,Primary,GLYCOLYSIS,1.49070933343625,0.00589763986940079,BIK
D3,Primary,GLYCOLYSIS,1.49070933343625,0.00589763986940079,SDHC
D3,Primary,GLYCOLYSIS,1.49070933343625,0.00589763986940079,VEGFA
D3,Primary,GLYCOLYSIS,1.49070933343625,0.00589763986940079,CHST2
D3,Primary,GLYCOLYSIS,1.49070933343625,0.00589763986940079,TALDO1
D3,Primary,GLYCOLYSIS,1.49070933343625,0.00589763986940079,VLDLR
D3,Primary,GLYCOLYSIS,1.49070933343625,0.00589763986940079,GFUS
D3,Primary,GLYCOLYSIS,1.49070933343625,0.00589763986940079,PGK1
D3,Primary,GLYCOLYSIS,1.49070933343625,0.00589763986940079,AURKA
D3,Primary,GLYCOLYSIS,1.49070933343625,0.00589763986940079,ENO1
D3,Primary,GLYCOLYSIS,1.49070933343625,0.00589763986940079,PHKA2
D3,Primary,GLYCOLYSIS,1.49070933343625,0.00589763986940079,PGM2
D3,Primary,GLYCOLYSIS,1.49070933343625,0.00589763986940079,PAM
D3,Primary,GLYCOLYSIS,1.49070933343625,0.00589763986940079,UGP2
D3,Primary,GLYCOLYSIS,1.49070933343625,0.00589763986940079,TFF3
D3,Primary,GLYCOLYSIS,1.49070933343625,0.00589763986940079,PLOD1
D3,Primary,GLYCOLYSIS,1.49070933343625,0.00589763986940079,PKP2
D3,Primary,GLYCOLYSIS,1.49070933343625,0.00589763986940079,GLRX
D3,Primary,GLYCOLYSIS,1.49070933343625,0.00589763986940079,B4GALT4
D3,Primary,GLYCOLYSIS,1.49070933343625,0.00589763986940079,ELF3
D3,Primary,GLYCOLYSIS,1.49070933343625,0.00589763986940079,SAP30
D3,Primary,GLYCOLYSIS,1.49070933343625,0.00589763986940079,MERTK
D3,Primary,GLYCOLYSIS,1.49070933343625,0.00589763986940079,SOD1
D3,Primary,GLYCOLYSIS,1.49070933343625,0.00589763986940079,RBCK1
D3,Primary,GLYCOLYSIS,1.49070933343625,0.00589763986940079,PGAM1
D3,Primary,GLYCOLYSIS,1.49070933343625,0.00589763986940079,B4GALT2
D3,Primary,GLYCOLYSIS,1.49070933343625,0.00589763986940079,CENPA
D3,Primary,GLYCOLYSIS,1.49070933343625,0.00589763986940079,CHPF2
D3,Primary,GLYCOLYSIS,1.49070933343625,0.00589763986940079,DLD
D3,Primary,GLYCOLYSIS,1.49070933343625,0.00589763986940079,PDK3
D3,Primary,GLYCOLYSIS,1.49070933343625,0.00589763986940079,KIF20A
D3,Primary,GLYCOLYSIS,1.49070933343625,0.00589763986940079,PFKP
D3,Primary,GLYCOLYSIS,1.49070933343625,0.00589763986940079,AK4
D3,Primary,GLYCOLYSIS,1.49070933343625,0.00589763986940079,DSC2
D3,Primary,GLYCOLYSIS,1.49070933343625,0.00589763986940079,CTH
D3,Primary,GLYCOLYSIS,1.49070933343625,0.00589763986940079,GALK1
D3,Primary,GLYCOLYSIS,1.49070933343625,0.00589763986940079,IL13RA1
D3,Primary,GLYCOLYSIS,1.49070933343625,0.00589763986940079,CDK1
D3,Primary,GLYCOLYSIS,1.49070933343625,0.00589763986940079,ADORA2B
D3,Primary,GLYCOLYSIS,1.49070933343625,0.00589763986940079,GYS1
D3,Primary,GLYCOLYSIS,1.49070933343625,0.00589763986940079,SLC25A10
D3,Primary,GLYCOLYSIS,1.49070933343625,0.00589763986940079,CAPN5
D3,Primary,GLYCOLYSIS,1.49070933343625,0.00589763986940079,ME2
D3,Primary,GLYCOLYSIS,1.49070933343625,0.00589763986940079,B4GALT1
D3,Primary,HEDGEHOG_SIGNALING,0.899505666304102,0.654341756126325,CDK5R1
D3,Primary,HEDGEHOG_SIGNALING,0.899505666304102,0.654341756126325,ETS2
D3,Primary,HEDGEHOG_SIGNALING,0.899505666304102,0.654341756126325,VEGFA
D3,Primary,HEDGEHOG_SIGNALING,0.899505666304102,0.654341756126325,VLDLR
D3,Primary,HEDGEHOG_SIGNALING,0.899505666304102,0.654341756126325,TLE3
D3,Primary,HEDGEHOG_SIGNALING,0.899505666304102,0.654341756126325,ACHE
D3,Primary,HEDGEHOG_SIGNALING,0.899505666304102,0.654341756126325,NF1
D3,Primary,HEDGEHOG_SIGNALING,0.899505666304102,0.654341756126325,PML
D3,Primary,HEDGEHOG_SIGNALING,0.899505666304102,0.654341756126325,LDB1
D3,Primary,HEDGEHOG_SIGNALING,0.899505666304102,0.654341756126325,TLE1
D3,Primary,HEDGEHOG_SIGNALING,0.899505666304102,0.654341756126325,MYH9
D3,Primary,HEME_METABOLISM,2.39455785289557,6.77758319760532e-19,NFE2
D3,Primary,HEME_METABOLISM,2.39455785289557,6.77758319760532e-19,SLC2A1
D3,Primary,HEME_METABOLISM,2.39455785289557,6.77758319760532e-19,GCLM
D3,Primary,HEME_METABOLISM,2.39455785289557,6.77758319760532e-19,CCND3
D3,Primary,HEME_METABOLISM,2.39455785289557,6.77758319760532e-19,ERMAP
D3,Primary,HEME_METABOLISM,2.39455785289557,6.77758319760532e-19,PSMD9
D3,Primary,HEME_METABOLISM,2.39455785289557,6.77758319760532e-19,FBXO9
D3,Primary,HEME_METABOLISM,2.39455785289557,6.77758319760532e-19,NARF
D3,Primary,HEME_METABOLISM,2.39455785289557,6.77758319760532e-19,DCAF11
D3,Primary,HEME_METABOLISM,2.39455785289557,6.77758319760532e-19,MPP1
D3,Primary,HEME_METABOLISM,2.39455785289557,6.77758319760532e-19,SLC22A4
D3,Primary,HEME_METABOLISM,2.39455785289557,6.77758319760532e-19,ATP6V0A1
D3,Primary,HEME_METABOLISM,2.39455785289557,6.77758319760532e-19,MAP2K3
D3,Primary,HEME_METABOLISM,2.39455785289557,6.77758319760532e-19,SLC7A11
D3,Primary,HEME_METABOLISM,2.39455785289557,6.77758319760532e-19,TMCC2
D3,Primary,HEME_METABOLISM,2.39455785289557,6.77758319760532e-19,HTATIP2
D3,Primary,HEME_METABOLISM,2.39455785289557,6.77758319760532e-19,SMOX
D3,Primary,HEME_METABOLISM,2.39455785289557,6.77758319760532e-19,MBOAT2
D3,Primary,HEME_METABOLISM,2.39455785289557,6.77758319760532e-19,PPP2R5B
D3,Primary,HEME_METABOLISM,2.39455785289557,6.77758319760532e-19,E2F2
D3,Primary,HEME_METABOLISM,2.39455785289557,6.77758319760532e-19,ABCB6
D3,Primary,HEME_METABOLISM,2.39455785289557,6.77758319760532e-19,LRP10
D3,Primary,HEME_METABOLISM,2.39455785289557,6.77758319760532e-19,KEL
D3,Primary,HEME_METABOLISM,2.39455785289557,6.77758319760532e-19,CA2
D3,Primary,HEME_METABOLISM,2.39455785289557,6.77758319760532e-19,UROD
D3,Primary,HEME_METABOLISM,2.39455785289557,6.77758319760532e-19,RAP1GAP
D3,Primary,HEME_METABOLISM,2.39455785289557,6.77758319760532e-19,GDE1
D3,Primary,HEME_METABOLISM,2.39455785289557,6.77758319760532e-19,SDCBP
D3,Primary,HEME_METABOLISM,2.39455785289557,6.77758319760532e-19,SLC25A37
D3,Primary,HEME_METABOLISM,2.39455785289557,6.77758319760532e-19,FBXO34
D3,Primary,HEME_METABOLISM,2.39455785289557,6.77758319760532e-19,RCL1
D3,Primary,HEME_METABOLISM,2.39455785289557,6.77758319760532e-19,HDGF
D3,Primary,HEME_METABOLISM,2.39455785289557,6.77758319760532e-19,HMBS
D3,Primary,HEME_METABOLISM,2.39455785289557,6.77758319760532e-19,EPOR
D3,Primary,HEME_METABOLISM,2.39455785289557,6.77758319760532e-19,RAD23A
D3,Primary,HEME_METABOLISM,2.39455785289557,6.77758319760532e-19,BSG
D3,Primary,HEME_METABOLISM,2.39455785289557,6.77758319760532e-19,CLIC2
D3,Primary,HEME_METABOLISM,2.39455785289557,6.77758319760532e-19,GAPVD1
D3,Primary,HEME_METABOLISM,2.39455785289557,6.77758319760532e-19,ADIPOR1
D3,Primary,HEME_METABOLISM,2.39455785289557,6.77758319760532e-19,TFRC
D3,Primary,HEME_METABOLISM,2.39455785289557,6.77758319760532e-19,DCAF10
D3,Primary,HEME_METABOLISM,2.39455785289557,6.77758319760532e-19,RHCE
D3,Primary,HEME_METABOLISM,2.39455785289557,6.77758319760532e-19,MARCHF2
D3,Primary,HEME_METABOLISM,2.39455785289557,6.77758319760532e-19,RHAG
D3,Primary,HEME_METABOLISM,2.39455785289557,6.77758319760532e-19,KLF1
D3,Primary,HEME_METABOLISM,2.39455785289557,6.77758319760532e-19,UBAC1
D3,Primary,HEME_METABOLISM,2.39455785289557,6.77758319760532e-19,YPEL5
D3,Primary,HEME_METABOLISM,2.39455785289557,6.77758319760532e-19,TSPO2
D3,Primary,HEME_METABOLISM,2.39455785289557,6.77758319760532e-19,BCAM
D3,Primary,HEME_METABOLISM,2.39455785289557,6.77758319760532e-19,ANK1
D3,Primary,HEME_METABOLISM,2.39455785289557,6.77758319760532e-19,PRDX2
D3,Primary,HEME_METABOLISM,2.39455785289557,6.77758319760532e-19,ALAD
D3,Primary,HEME_METABOLISM,2.39455785289557,6.77758319760532e-19,OSBP2
D3,Primary,HEME_METABOLISM,2.39455785289557,6.77758319760532e-19,CAT
D3,Primary,HEME_METABOLISM,2.39455785289557,6.77758319760532e-19,DMTN
D3,Primary,HEME_METABOLISM,2.39455785289557,6.77758319760532e-19,HAGH
D3,Primary,HEME_METABOLISM,2.39455785289557,6.77758319760532e-19,SLC66A2
D3,Primary,HEME_METABOLISM,2.39455785289557,6.77758319760532e-19,EIF2AK1
D3,Primary,HEME_METABOLISM,2.39455785289557,6.77758319760532e-19,XPO7
D3,Primary,HEME_METABOLISM,2.39455785289557,6.77758319760532e-19,RBM38
D3,Primary,HEME_METABOLISM,2.39455785289557,6.77758319760532e-19,RANBP10
D3,Primary,HEME_METABOLISM,2.39455785289557,6.77758319760532e-19,EZH1
D3,Primary,HEME_METABOLISM,2.39455785289557,6.77758319760532e-19,NR3C1
D3,Primary,HEME_METABOLISM,2.39455785289557,6.77758319760532e-19,CTSB
D3,Primary,HEME_METABOLISM,2.39455785289557,6.77758319760532e-19,CCDC28A
D3,Primary,HEME_METABOLISM,2.39455785289557,6.77758319760532e-19,TAL1
D3,Primary,HEME_METABOLISM,2.39455785289557,6.77758319760532e-19,SLC6A9
D3,Primary,HEME_METABOLISM,2.39455785289557,6.77758319760532e-19,BTG2
D3,Primary,HEME_METABOLISM,2.39455785289557,6.77758319760532e-19,SLC6A8
D3,Primary,HEME_METABOLISM,2.39455785289557,6.77758319760532e-19,PICALM
D3,Primary,HEME_METABOLISM,2.39455785289557,6.77758319760532e-19,H1-0
D3,Primary,HEME_METABOLISM,2.39455785289557,6.77758319760532e-19,BLVRB
D3,Primary,HEME_METABOLISM,2.39455785289557,6.77758319760532e-19,GLRX5
D3,Primary,HEME_METABOLISM,2.39455785289557,6.77758319760532e-19,GATA1
D3,Primary,HEME_METABOLISM,2.39455785289557,6.77758319760532e-19,RHD
D3,Primary,HEME_METABOLISM,2.39455785289557,6.77758319760532e-19,GYPE
D3,Primary,HEME_METABOLISM,2.39455785289557,6.77758319760532e-19,ATG4A
D3,Primary,HEME_METABOLISM,2.39455785289557,6.77758319760532e-19,KHNYN
D3,Primary,HEME_METABOLISM,2.39455785289557,6.77758319760532e-19,SPTB
D3,Primary,HEME_METABOLISM,2.39455785289557,6.77758319760532e-19,ADD1
D3,Primary,HEME_METABOLISM,2.39455785289557,6.77758319760532e-19,HTRA2
D3,Primary,HEME_METABOLISM,2.39455785289557,6.77758319760532e-19,TRIM10
D3,Primary,HEME_METABOLISM,2.39455785289557,6.77758319760532e-19,EPB42
D3,Primary,HEME_METABOLISM,2.39455785289557,6.77758319760532e-19,RNF123
D3,Primary,HEME_METABOLISM,2.39455785289557,6.77758319760532e-19,NUDT4
D3,Primary,HEME_METABOLISM,2.39455785289557,6.77758319760532e-19,CDR2
D3,Primary,HEME_METABOLISM,2.39455785289557,6.77758319760532e-19,SLC10A3
D3,Primary,HEME_METABOLISM,2.39455785289557,6.77758319760532e-19,LMO2
D3,Primary,HEME_METABOLISM,2.39455785289557,6.77758319760532e-19,SPTA1
D3,Primary,HEME_METABOLISM,2.39455785289557,6.77758319760532e-19,FBXO7
D3,Primary,HEME_METABOLISM,2.39455785289557,6.77758319760532e-19,LAMP2
D3,Primary,HEME_METABOLISM,2.39455785289557,6.77758319760532e-19,GYPC
D3,Primary,HEME_METABOLISM,2.39455785289557,6.77758319760532e-19,H4C3
D3,Primary,HEME_METABOLISM,2.39455785289557,6.77758319760532e-19,ARHGEF12
D3,Primary,HEME_METABOLISM,2.39455785289557,6.77758319760532e-19,ACKR1
D3,Primary,HEME_METABOLISM,2.39455785289557,6.77758319760532e-19,PIGQ
D3,Primary,HEME_METABOLISM,2.39455785289557,6.77758319760532e-19,MARCHF8
D3,Primary,HEME_METABOLISM,2.39455785289557,6.77758319760532e-19,PDZK1IP1
D3,Primary,HEME_METABOLISM,2.39455785289557,6.77758319760532e-19,LPIN2
D3,Primary,HEME_METABOLISM,2.39455785289557,6.77758319760532e-19,CA1
D3,Primary,HEME_METABOLISM,2.39455785289557,6.77758319760532e-19,USP15
D3,Primary,HEME_METABOLISM,2.39455785289557,6.77758319760532e-19,CPOX
D3,Primary,HYPOXIA,2.10325873307046,1.04606680315369e-09,SLC2A1
D3,Primary,HYPOXIA,2.10325873307046,1.04606680315369e-09,NDRG1
D3,Primary,HYPOXIA,2.10325873307046,1.04606680315369e-09,PFKFB3
D3,Primary,HYPOXIA,2.10325873307046,1.04606680315369e-09,PGM1
D3,Primary,HYPOXIA,2.10325873307046,1.04606680315369e-09,PIM1
D3,Primary,HYPOXIA,2.10325873307046,1.04606680315369e-09,SLC2A3
D3,Primary,HYPOXIA,2.10325873307046,1.04606680315369e-09,RRAGD
D3,Primary,HYPOXIA,2.10325873307046,1.04606680315369e-09,JMJD6
D3,Primary,HYPOXIA,2.10325873307046,1.04606680315369e-09,NFIL3
D3,Primary,HYPOXIA,2.10325873307046,1.04606680315369e-09,KLF6
D3,Primary,HYPOXIA,2.10325873307046,1.04606680315369e-09,CDKN1B
D3,Primary,HYPOXIA,2.10325873307046,1.04606680315369e-09,GAPDH
D3,Primary,HYPOXIA,2.10325873307046,1.04606680315369e-09,EXT1
D3,Primary,HYPOXIA,2.10325873307046,1.04606680315369e-09,LDHA
D3,Primary,HYPOXIA,2.10325873307046,1.04606680315369e-09,IER3
D3,Primary,HYPOXIA,2.10325873307046,1.04606680315369e-09,FOSL2
D3,Primary,HYPOXIA,2.10325873307046,1.04606680315369e-09,NDST2
D3,Primary,HYPOXIA,2.10325873307046,1.04606680315369e-09,TPST2
D3,Primary,HYPOXIA,2.10325873307046,1.04606680315369e-09,PLAC8
D3,Primary,HYPOXIA,2.10325873307046,1.04606680315369e-09,PNRC1
D3,Primary,HYPOXIA,2.10325873307046,1.04606680315369e-09,ALDOA
D3,Primary,HYPOXIA,2.10325873307046,1.04606680315369e-09,HK2
D3,Primary,HYPOXIA,2.10325873307046,1.04606680315369e-09,CAVIN1
D3,Primary,HYPOXIA,2.10325873307046,1.04606680315369e-09,ADM
D3,Primary,HYPOXIA,2.10325873307046,1.04606680315369e-09,CITED2
D3,Primary,HYPOXIA,2.10325873307046,1.04606680315369e-09,TGM2
D3,Primary,HYPOXIA,2.10325873307046,1.04606680315369e-09,PPP1R15A
D3,Primary,HYPOXIA,2.10325873307046,1.04606680315369e-09,IRS2
D3,Primary,HYPOXIA,2.10325873307046,1.04606680315369e-09,HK1
D3,Primary,HYPOXIA,2.10325873307046,1.04606680315369e-09,TIPARP
D3,Primary,HYPOXIA,2.10325873307046,1.04606680315369e-09,DUSP1
D3,Primary,HYPOXIA,2.10325873307046,1.04606680315369e-09,ZFP36
D3,Primary,HYPOXIA,2.10325873307046,1.04606680315369e-09,GBE1
D3,Primary,HYPOXIA,2.10325873307046,1.04606680315369e-09,RBPJ
D3,Primary,HYPOXIA,2.10325873307046,1.04606680315369e-09,WSB1
D3,Primary,HYPOXIA,2.10325873307046,1.04606680315369e-09,VEGFA
D3,Primary,HYPOXIA,2.10325873307046,1.04606680315369e-09,CHST2
D3,Primary,HYPOXIA,2.10325873307046,1.04606680315369e-09,VLDLR
D3,Primary,HYPOXIA,2.10325873307046,1.04606680315369e-09,KLF7
D3,Primary,HYPOXIA,2.10325873307046,1.04606680315369e-09,PGK1
D3,Primary,HYPOXIA,2.10325873307046,1.04606680315369e-09,NDST1
D3,Primary,HYPOXIA,2.10325873307046,1.04606680315369e-09,FOS
D3,Primary,HYPOXIA,2.10325873307046,1.04606680315369e-09,EFNA1
D3,Primary,HYPOXIA,2.10325873307046,1.04606680315369e-09,DDIT3
D3,Primary,HYPOXIA,2.10325873307046,1.04606680315369e-09,ENO1
D3,Primary,HYPOXIA,2.10325873307046,1.04606680315369e-09,SLC6A6
D3,Primary,HYPOXIA,2.10325873307046,1.04606680315369e-09,PGM2
D3,Primary,HYPOXIA,2.10325873307046,1.04606680315369e-09,PAM
D3,Primary,HYPOXIA,2.10325873307046,1.04606680315369e-09,UGP2
D3,Primary,HYPOXIA,2.10325873307046,1.04606680315369e-09,STBD1
D3,Primary,HYPOXIA,2.10325873307046,1.04606680315369e-09,PRDX5
D3,Primary,HYPOXIA,2.10325873307046,1.04606680315369e-09,CCNG2
D3,Primary,HYPOXIA,2.10325873307046,1.04606680315369e-09,NR3C1
D3,Primary,HYPOXIA,2.10325873307046,1.04606680315369e-09,MAFF
D3,Primary,HYPOXIA,2.10325873307046,1.04606680315369e-09,GLRX
D3,Primary,HYPOXIA,2.10325873307046,1.04606680315369e-09,IDS
D3,Primary,HYPOXIA,2.10325873307046,1.04606680315369e-09,SAP30
D3,Primary,HYPOXIA,2.10325873307046,1.04606680315369e-09,PLIN2
D3,Primary,HYPOXIA,2.10325873307046,1.04606680315369e-09,AMPD3
D3,Primary,HYPOXIA,2.10325873307046,1.04606680315369e-09,GCNT2
D3,Primary,HYPOXIA,2.10325873307046,1.04606680315369e-09,SIAH2
D3,Primary,HYPOXIA,2.10325873307046,1.04606680315369e-09,S100A4
D3,Primary,IL2_STAT5_SIGNALING,1.72572026909424,7.91258475971852e-05,CST7
D3,Primary,IL2_STAT5_SIGNALING,1.72572026909424,7.91258475971852e-05,PLSCR1
D3,Primary,IL2_STAT5_SIGNALING,1.72572026909424,7.91258475971852e-05,NDRG1
D3,Primary,IL2_STAT5_SIGNALING,1.72572026909424,7.91258475971852e-05,GADD45B
D3,Primary,IL2_STAT5_SIGNALING,1.72572026909424,7.91258475971852e-05,PIM1
D3,Primary,IL2_STAT5_SIGNALING,1.72572026909424,7.91258475971852e-05,SLC2A3
D3,Primary,IL2_STAT5_SIGNALING,1.72572026909424,7.91258475971852e-05,DRC1
D3,Primary,IL2_STAT5_SIGNALING,1.72572026909424,7.91258475971852e-05,RRAGD
D3,Primary,IL2_STAT5_SIGNALING,1.72572026909424,7.91258475971852e-05,CCND3
D3,Primary,IL2_STAT5_SIGNALING,1.72572026909424,7.91258475971852e-05,IL1R2
D3,Primary,IL2_STAT5_SIGNALING,1.72572026909424,7.91258475971852e-05,CKAP4
D3,Primary,IL2_STAT5_SIGNALING,1.72572026909424,7.91258475971852e-05,NFIL3
D3,Primary,IL2_STAT5_SIGNALING,1.72572026909424,7.91258475971852e-05,IL4R
D3,Primary,IL2_STAT5_SIGNALING,1.72572026909424,7.91258475971852e-05,KLF6
D3,Primary,IL2_STAT5_SIGNALING,1.72572026909424,7.91258475971852e-05,MAPKAPK2
D3,Primary,IL2_STAT5_SIGNALING,1.72572026909424,7.91258475971852e-05,ST3GAL4
D3,Primary,IL2_STAT5_SIGNALING,1.72572026909424,7.91258475971852e-05,FURIN
D3,Primary,IL2_STAT5_SIGNALING,1.72572026909424,7.91258475971852e-05,GLIPR2
D3,Primary,IL2_STAT5_SIGNALING,1.72572026909424,7.91258475971852e-05,IFITM3
D3,Primary,IL2_STAT5_SIGNALING,1.72572026909424,7.91258475971852e-05,SELL
D3,Primary,IL2_STAT5_SIGNALING,1.72572026909424,7.91258475971852e-05,HK2
D3,Primary,IL2_STAT5_SIGNALING,1.72572026909424,7.91258475971852e-05,MXD1
D3,Primary,IL2_STAT5_SIGNALING,1.72572026909424,7.91258475971852e-05,SPRED2
D3,Primary,IL2_STAT5_SIGNALING,1.72572026909424,7.91258475971852e-05,IL18R1
D3,Primary,IL2_STAT5_SIGNALING,1.72572026909424,7.91258475971852e-05,GABARAPL1
D3,Primary,IL2_STAT5_SIGNALING,1.72572026909424,7.91258475971852e-05,PNP
D3,Primary,IL2_STAT5_SIGNALING,1.72572026909424,7.91258475971852e-05,CA2
D3,Primary,IL2_STAT5_SIGNALING,1.72572026909424,7.91258475971852e-05,TGM2
D3,Primary,IL2_STAT5_SIGNALING,1.72572026909424,7.91258475971852e-05,CAPG
D3,Primary,IL2_STAT5_SIGNALING,1.72572026909424,7.91258475971852e-05,SMPDL3A
D3,Primary,IL2_STAT5_SIGNALING,1.72572026909424,7.91258475971852e-05,BMP2
D3,Primary,IL2_STAT5_SIGNALING,1.72572026909424,7.91258475971852e-05,SCN9A
D3,Primary,IL2_STAT5_SIGNALING,1.72572026909424,7.91258475971852e-05,CSF1
D3,Primary,IL2_STAT5_SIGNALING,1.72572026909424,7.91258475971852e-05,ADAM19
D3,Primary,IL2_STAT5_SIGNALING,1.72572026909424,7.91258475971852e-05,CD44
D3,Primary,IL2_STAT5_SIGNALING,1.72572026909424,7.91258475971852e-05,IL10
D3,Primary,IL2_STAT5_SIGNALING,1.72572026909424,7.91258475971852e-05,IFNGR1
D3,Primary,IL2_STAT5_SIGNALING,1.72572026909424,7.91258475971852e-05,IGF1R
D3,Primary,IL2_STAT5_SIGNALING,1.72572026909424,7.91258475971852e-05,RGS16
D3,Primary,IL2_STAT5_SIGNALING,1.72572026909424,7.91258475971852e-05,PHLDA1
D3,Primary,IL2_STAT5_SIGNALING,1.72572026909424,7.91258475971852e-05,HIPK2
D3,Primary,IL2_STAT5_SIGNALING,1.72572026909424,7.91258475971852e-05,FAH
D3,Primary,IL2_STAT5_SIGNALING,1.72572026909424,7.91258475971852e-05,GALM
D3,Primary,IL2_STAT5_SIGNALING,1.72572026909424,7.91258475971852e-05,MAP3K8
D3,Primary,IL2_STAT5_SIGNALING,1.72572026909424,7.91258475971852e-05,DENND5A
D3,Primary,IL2_STAT5_SIGNALING,1.72572026909424,7.91258475971852e-05,MAFF
D3,Primary,IL2_STAT5_SIGNALING,1.72572026909424,7.91258475971852e-05,RHOB
D3,Primary,IL2_STAT5_SIGNALING,1.72572026909424,7.91258475971852e-05,SPP1
D3,Primary,IL2_STAT5_SIGNALING,1.72572026909424,7.91258475971852e-05,GSTO1
D3,Primary,IL2_STAT5_SIGNALING,1.72572026909424,7.91258475971852e-05,GATA1
D3,Primary,IL2_STAT5_SIGNALING,1.72572026909424,7.91258475971852e-05,PLIN2
D3,Primary,IL2_STAT5_SIGNALING,1.72572026909424,7.91258475971852e-05,EMP1
D3,Primary,IL2_STAT5_SIGNALING,1.72572026909424,7.91258475971852e-05,IL1RL1
D3,Primary,IL2_STAT5_SIGNALING,1.72572026909424,7.91258475971852e-05,BCL2L1
D3,Primary,IL2_STAT5_SIGNALING,1.72572026909424,7.91258475971852e-05,SLC1A5
D3,Primary,IL2_STAT5_SIGNALING,1.72572026909424,7.91258475971852e-05,NFKBIZ
D3,Primary,IL2_STAT5_SIGNALING,1.72572026909424,7.91258475971852e-05,DCPS
D3,Primary,IL2_STAT5_SIGNALING,1.72572026909424,7.91258475971852e-05,BATF
D3,Primary,IL2_STAT5_SIGNALING,1.72572026909424,7.91258475971852e-05,PLEC
D3,Primary,IL2_STAT5_SIGNALING,1.72572026909424,7.91258475971852e-05,CISH
D3,Primary,IL2_STAT5_SIGNALING,1.72572026909424,7.91258475971852e-05,ARL4A
D3,Primary,IL2_STAT5_SIGNALING,1.72572026909424,7.91258475971852e-05,IGF2R
D3,Primary,IL2_STAT5_SIGNALING,1.72572026909424,7.91258475971852e-05,TNFSF10
D3,Primary,IL6_JAK_STAT3_SIGNALING,1.90829997661839,9.49793218686376e-05,PIM1
D3,Primary,IL6_JAK_STAT3_SIGNALING,1.90829997661839,9.49793218686376e-05,SOCS3
D3,Primary,IL6_JAK_STAT3_SIGNALING,1.90829997661839,9.49793218686376e-05,IL1R2
D3,Primary,IL6_JAK_STAT3_SIGNALING,1.90829997661839,9.49793218686376e-05,IL4R
D3,Primary,IL6_JAK_STAT3_SIGNALING,1.90829997661839,9.49793218686376e-05,TNFRSF1A
D3,Primary,IL6_JAK_STAT3_SIGNALING,1.90829997661839,9.49793218686376e-05,CXCL1
D3,Primary,IL6_JAK_STAT3_SIGNALING,1.90829997661839,9.49793218686376e-05,IFNGR2
D3,Primary,IL6_JAK_STAT3_SIGNALING,1.90829997661839,9.49793218686376e-05,ACVR1B
D3,Primary,IL6_JAK_STAT3_SIGNALING,1.90829997661839,9.49793218686376e-05,IL18R1
D3,Primary,IL6_JAK_STAT3_SIGNALING,1.90829997661839,9.49793218686376e-05,MYD88
D3,Primary,IL6_JAK_STAT3_SIGNALING,1.90829997661839,9.49793218686376e-05,CSF2RB
D3,Primary,IL6_JAK_STAT3_SIGNALING,1.90829997661839,9.49793218686376e-05,IFNAR1
D3,Primary,IL6_JAK_STAT3_SIGNALING,1.90829997661839,9.49793218686376e-05,CSF1
D3,Primary,IL6_JAK_STAT3_SIGNALING,1.90829997661839,9.49793218686376e-05,IL10RB
D3,Primary,IL6_JAK_STAT3_SIGNALING,1.90829997661839,9.49793218686376e-05,CD44
D3,Primary,IL6_JAK_STAT3_SIGNALING,1.90829997661839,9.49793218686376e-05,CCR1
D3,Primary,IL6_JAK_STAT3_SIGNALING,1.90829997661839,9.49793218686376e-05,CSF2RA
D3,Primary,IL6_JAK_STAT3_SIGNALING,1.90829997661839,9.49793218686376e-05,TGFB1
D3,Primary,IL6_JAK_STAT3_SIGNALING,1.90829997661839,9.49793218686376e-05,IFNGR1
D3,Primary,IL6_JAK_STAT3_SIGNALING,1.90829997661839,9.49793218686376e-05,IRF9
D3,Primary,IL6_JAK_STAT3_SIGNALING,1.90829997661839,9.49793218686376e-05,IL17RA
D3,Primary,IL6_JAK_STAT3_SIGNALING,1.90829997661839,9.49793218686376e-05,PTPN1
D3,Primary,IL6_JAK_STAT3_SIGNALING,1.90829997661839,9.49793218686376e-05,STAT3
D3,Primary,IL6_JAK_STAT3_SIGNALING,1.90829997661839,9.49793218686376e-05,CSF3R
D3,Primary,IL6_JAK_STAT3_SIGNALING,1.90829997661839,9.49793218686376e-05,MAP3K8
D3,Primary,IL6_JAK_STAT3_SIGNALING,1.90829997661839,9.49793218686376e-05,TNFRSF12A
D3,Primary,IL6_JAK_STAT3_SIGNALING,1.90829997661839,9.49793218686376e-05,PDGFC
D3,Primary,IL6_JAK_STAT3_SIGNALING,1.90829997661839,9.49793218686376e-05,LTBR
D3,Primary,IL6_JAK_STAT3_SIGNALING,1.90829997661839,9.49793218686376e-05,TLR2
D3,Primary,IL6_JAK_STAT3_SIGNALING,1.90829997661839,9.49793218686376e-05,IRF1
D3,Primary,IL6_JAK_STAT3_SIGNALING,1.90829997661839,9.49793218686376e-05,HMOX1
D3,Primary,IL6_JAK_STAT3_SIGNALING,1.90829997661839,9.49793218686376e-05,GRB2
D3,Primary,IL6_JAK_STAT3_SIGNALING,1.90829997661839,9.49793218686376e-05,IL1R1
D3,Primary,INFLAMMATORY_RESPONSE,1.75623612749587,6.4045688800664e-05,OSM
D3,Primary,INFLAMMATORY_RESPONSE,1.75623612749587,6.4045688800664e-05,RHOG
D3,Primary,INFLAMMATORY_RESPONSE,1.75623612749587,6.4045688800664e-05,IL18RAP
D3,Primary,INFLAMMATORY_RESPONSE,1.75623612749587,6.4045688800664e-05,KIF1B
D3,Primary,INFLAMMATORY_RESPONSE,1.75623612749587,6.4045688800664e-05,PROK2
D3,Primary,INFLAMMATORY_RESPONSE,1.75623612749587,6.4045688800664e-05,IL4R
D3,Primary,INFLAMMATORY_RESPONSE,1.75623612749587,6.4045688800664e-05,KLF6
D3,Primary,INFLAMMATORY_RESPONSE,1.75623612749587,6.4045688800664e-05,IFITM1
D3,Primary,INFLAMMATORY_RESPONSE,1.75623612749587,6.4045688800664e-05,CD55
D3,Primary,INFLAMMATORY_RESPONSE,1.75623612749587,6.4045688800664e-05,SELL
D3,Primary,INFLAMMATORY_RESPONSE,1.75623612749587,6.4045688800664e-05,IFNGR2
D3,Primary,INFLAMMATORY_RESPONSE,1.75623612749587,6.4045688800664e-05,ACVR1B
D3,Primary,INFLAMMATORY_RESPONSE,1.75623612749587,6.4045688800664e-05,MXD1
D3,Primary,INFLAMMATORY_RESPONSE,1.75623612749587,6.4045688800664e-05,GPR132
D3,Primary,INFLAMMATORY_RESPONSE,1.75623612749587,6.4045688800664e-05,AQP9
D3,Primary,INFLAMMATORY_RESPONSE,1.75623612749587,6.4045688800664e-05,IL18R1
D3,Primary,INFLAMMATORY_RESPONSE,1.75623612749587,6.4045688800664e-05,ADM
D3,Primary,INFLAMMATORY_RESPONSE,1.75623612749587,6.4045688800664e-05,FPR1
D3,Primary,INFLAMMATORY_RESPONSE,1.75623612749587,6.4045688800664e-05,HIF1A
D3,Primary,INFLAMMATORY_RESPONSE,1.75623612749587,6.4045688800664e-05,IFNAR1
D3,Primary,INFLAMMATORY_RESPONSE,1.75623612749587,6.4045688800664e-05,CD82
D3,Primary,INFLAMMATORY_RESPONSE,1.75623612749587,6.4045688800664e-05,NFKBIA
D3,Primary,INFLAMMATORY_RESPONSE,1.75623612749587,6.4045688800664e-05,LCP2
D3,Primary,INFLAMMATORY_RESPONSE,1.75623612749587,6.4045688800664e-05,CLEC5A
D3,Primary,INFLAMMATORY_RESPONSE,1.75623612749587,6.4045688800664e-05,LYN
D3,Primary,INFLAMMATORY_RESPONSE,1.75623612749587,6.4045688800664e-05,CSF1
D3,Primary,INFLAMMATORY_RESPONSE,1.75623612749587,6.4045688800664e-05,IRF7
D3,Primary,INFLAMMATORY_RESPONSE,1.75623612749587,6.4045688800664e-05,IL10
D3,Primary,INFLAMMATORY_RESPONSE,1.75623612749587,6.4045688800664e-05,CHST2
D3,Primary,INFLAMMATORY_RESPONSE,1.75623612749587,6.4045688800664e-05,FZD5
D3,Primary,INFLAMMATORY_RESPONSE,1.75623612749587,6.4045688800664e-05,TIMP1
D3,Primary,INFLAMMATORY_RESPONSE,1.75623612749587,6.4045688800664e-05,SRI
D3,Primary,INFLAMMATORY_RESPONSE,1.75623612749587,6.4045688800664e-05,C5AR1
D3,Primary,INFLAMMATORY_RESPONSE,1.75623612749587,6.4045688800664e-05,RGS16
D3,Primary,INFLAMMATORY_RESPONSE,1.75623612749587,6.4045688800664e-05,PTPRE
D3,Primary,INFLAMMATORY_RESPONSE,1.75623612749587,6.4045688800664e-05,EIF2AK2
D3,Primary,INFLAMMATORY_RESPONSE,1.75623612749587,6.4045688800664e-05,BEST1
D3,Primary,INFLAMMATORY_RESPONSE,1.75623612749587,6.4045688800664e-05,CSF3R
D3,Primary,INFLAMMATORY_RESPONSE,1.75623612749587,6.4045688800664e-05,IL18
D3,Primary,INFLAMMATORY_RESPONSE,1.75623612749587,6.4045688800664e-05,NAMPT
D3,Primary,INFLAMMATORY_RESPONSE,1.75623612749587,6.4045688800664e-05,MEFV
D3,Primary,INFLAMMATORY_RESPONSE,1.75623612749587,6.4045688800664e-05,BTG2
D3,Primary,INFLAMMATORY_RESPONSE,1.75623612749587,6.4045688800664e-05,C3AR1
D3,Primary,INFLAMMATORY_RESPONSE,1.75623612749587,6.4045688800664e-05,LDLR
D3,Primary,INFLAMMATORY_RESPONSE,1.75623612749587,6.4045688800664e-05,FFAR2
D3,Primary,INFLAMMATORY_RESPONSE,1.75623612749587,6.4045688800664e-05,TLR1
D3,Primary,INFLAMMATORY_RESPONSE,1.75623612749587,6.4045688800664e-05,NLRP3
D3,Primary,INFLAMMATORY_RESPONSE,1.75623612749587,6.4045688800664e-05,ABI1
D3,Primary,INFLAMMATORY_RESPONSE,1.75623612749587,6.4045688800664e-05,RAF1
D3,Primary,INFLAMMATORY_RESPONSE,1.75623612749587,6.4045688800664e-05,ADGRE1
D3,Primary,INFLAMMATORY_RESPONSE,1.75623612749587,6.4045688800664e-05,NOD2
D3,Primary,INFLAMMATORY_RESPONSE,1.75623612749587,6.4045688800664e-05,PSEN1
D3,Primary,INFLAMMATORY_RESPONSE,1.75623612749587,6.4045688800664e-05,TNFAIP6
D3,Primary,INFLAMMATORY_RESPONSE,1.75623612749587,6.4045688800664e-05,TNFSF10
D3,Primary,INFLAMMATORY_RESPONSE,1.75623612749587,6.4045688800664e-05,RNF144B
D3,Primary,INFLAMMATORY_RESPONSE,1.75623612749587,6.4045688800664e-05,PTAFR
D3,Primary,INFLAMMATORY_RESPONSE,1.75623612749587,6.4045688800664e-05,TLR2
D3,Primary,INFLAMMATORY_RESPONSE,1.75623612749587,6.4045688800664e-05,RELA
D3,Primary,INFLAMMATORY_RESPONSE,1.75623612749587,6.4045688800664e-05,NMI
D3,Primary,INFLAMMATORY_RESPONSE,1.75623612749587,6.4045688800664e-05,ADRM1
D3,Primary,INFLAMMATORY_RESPONSE,1.75623612749587,6.4045688800664e-05,IRF1
D3,Primary,INFLAMMATORY_RESPONSE,1.75623612749587,6.4045688800664e-05,GNA15
D3,Primary,INFLAMMATORY_RESPONSE,1.75623612749587,6.4045688800664e-05,TAPBP
D3,Primary,INFLAMMATORY_RESPONSE,1.75623612749587,6.4045688800664e-05,IL1R1
D3,Primary,INFLAMMATORY_RESPONSE,1.75623612749587,6.4045688800664e-05,INHBA
D3,Primary,INFLAMMATORY_RESPONSE,1.75623612749587,6.4045688800664e-05,CXCL8
D3,Primary,INFLAMMATORY_RESPONSE,1.75623612749587,6.4045688800664e-05,NFKB1
D3,Primary,INFLAMMATORY_RESPONSE,1.75623612749587,6.4045688800664e-05,CCRL2
D3,Primary,INFLAMMATORY_RESPONSE,1.75623612749587,6.4045688800664e-05,KCNJ2
D3,Primary,INFLAMMATORY_RESPONSE,1.75623612749587,6.4045688800664e-05,HBEGF
D3,Primary,INFLAMMATORY_RESPONSE,1.75623612749587,6.4045688800664e-05,GP1BA
D3,Primary,INFLAMMATORY_RESPONSE,1.75623612749587,6.4045688800664e-05,LY6E
D3,Primary,INFLAMMATORY_RESPONSE,1.75623612749587,6.4045688800664e-05,SERPINE1
D3,Primary,INFLAMMATORY_RESPONSE,1.75623612749587,6.4045688800664e-05,ADORA2B
D3,Primary,INFLAMMATORY_RESPONSE,1.75623612749587,6.4045688800664e-05,ICAM1
D3,Primary,INFLAMMATORY_RESPONSE,1.75623612749587,6.4045688800664e-05,SGMS2
D3,Primary,INFLAMMATORY_RESPONSE,1.75623612749587,6.4045688800664e-05,PLAUR
D3,Primary,INFLAMMATORY_RESPONSE,1.75623612749587,6.4045688800664e-05,ICAM4
D3,Primary,INFLAMMATORY_RESPONSE,1.75623612749587,6.4045688800664e-05,CD48
D3,Primary,INFLAMMATORY_RESPONSE,1.75623612749587,6.4045688800664e-05,PIK3R5
D3,Primary,INFLAMMATORY_RESPONSE,1.75623612749587,6.4045688800664e-05,IL15RA
D3,Primary,INTERFERON_ALPHA_RESPONSE,1.61857411708593,0.00478190683761567,PLSCR1
D3,Primary,INTERFERON_ALPHA_RESPONSE,1.61857411708593,0.00478190683761567,TRIM25
D3,Primary,INTERFERON_ALPHA_RESPONSE,1.61857411708593,0.00478190683761567,IL4R
D3,Primary,INTERFERON_ALPHA_RESPONSE,1.61857411708593,0.00478190683761567,IFITM1
D3,Primary,INTERFERON_ALPHA_RESPONSE,1.61857411708593,0.00478190683761567,SLC25A28
D3,Primary,INTERFERON_ALPHA_RESPONSE,1.61857411708593,0.00478190683761567,IFITM3
D3,Primary,INTERFERON_ALPHA_RESPONSE,1.61857411708593,0.00478190683761567,SELL
D3,Primary,INTERFERON_ALPHA_RESPONSE,1.61857411708593,0.00478190683761567,IFITM2
D3,Primary,INTERFERON_ALPHA_RESPONSE,1.61857411708593,0.00478190683761567,TRIM21
D3,Primary,INTERFERON_ALPHA_RESPONSE,1.61857411708593,0.00478190683761567,CSF1
D3,Primary,INTERFERON_ALPHA_RESPONSE,1.61857411708593,0.00478190683761567,GMPR
D3,Primary,INTERFERON_ALPHA_RESPONSE,1.61857411708593,0.00478190683761567,IRF7
D3,Primary,INTERFERON_ALPHA_RESPONSE,1.61857411708593,0.00478190683761567,IRF2
D3,Primary,INTERFERON_ALPHA_RESPONSE,1.61857411708593,0.00478190683761567,BATF2
D3,Primary,INTERFERON_ALPHA_RESPONSE,1.61857411708593,0.00478190683761567,IRF9
D3,Primary,INTERFERON_ALPHA_RESPONSE,1.61857411708593,0.00478190683761567,TRAFD1
D3,Primary,INTERFERON_ALPHA_RESPONSE,1.61857411708593,0.00478190683761567,TMEM140
D3,Primary,INTERFERON_ALPHA_RESPONSE,1.61857411708593,0.00478190683761567,EIF2AK2
D3,Primary,INTERFERON_ALPHA_RESPONSE,1.61857411708593,0.00478190683761567,ADAR
D3,Primary,INTERFERON_ALPHA_RESPONSE,1.61857411708593,0.00478190683761567,IFI35
D3,Primary,INTERFERON_ALPHA_RESPONSE,1.61857411708593,0.00478190683761567,TDRD7
D3,Primary,INTERFERON_ALPHA_RESPONSE,1.61857411708593,0.00478190683761567,PARP9
D3,Primary,INTERFERON_ALPHA_RESPONSE,1.61857411708593,0.00478190683761567,OGFR
D3,Primary,INTERFERON_ALPHA_RESPONSE,1.61857411708593,0.00478190683761567,CMPK2
D3,Primary,INTERFERON_ALPHA_RESPONSE,1.61857411708593,0.00478190683761567,NCOA7
D3,Primary,INTERFERON_ALPHA_RESPONSE,1.61857411708593,0.00478190683761567,IFI27
D3,Primary,INTERFERON_ALPHA_RESPONSE,1.61857411708593,0.00478190683761567,TRIM5
D3,Primary,INTERFERON_ALPHA_RESPONSE,1.61857411708593,0.00478190683761567,HELZ2
D3,Primary,INTERFERON_ALPHA_RESPONSE,1.61857411708593,0.00478190683761567,NMI
D3,Primary,INTERFERON_ALPHA_RESPONSE,1.61857411708593,0.00478190683761567,IRF1
D3,Primary,INTERFERON_ALPHA_RESPONSE,1.61857411708593,0.00478190683761567,OASL
D3,Primary,INTERFERON_ALPHA_RESPONSE,1.61857411708593,0.00478190683761567,MX1
D3,Primary,INTERFERON_ALPHA_RESPONSE,1.61857411708593,0.00478190683761567,CCRL2
D3,Primary,INTERFERON_ALPHA_RESPONSE,1.61857411708593,0.00478190683761567,RSAD2
D3,Primary,INTERFERON_ALPHA_RESPONSE,1.61857411708593,0.00478190683761567,PSMB8
D3,Primary,INTERFERON_ALPHA_RESPONSE,1.61857411708593,0.00478190683761567,LY6E
D3,Primary,INTERFERON_ALPHA_RESPONSE,1.61857411708593,0.00478190683761567,TRIM14
D3,Primary,INTERFERON_ALPHA_RESPONSE,1.61857411708593,0.00478190683761567,CMTR1
D3,Primary,INTERFERON_ALPHA_RESPONSE,1.61857411708593,0.00478190683761567,SP110
D3,Primary,INTERFERON_ALPHA_RESPONSE,1.61857411708593,0.00478190683761567,IFI44
D3,Primary,INTERFERON_ALPHA_RESPONSE,1.61857411708593,0.00478190683761567,CASP1
D3,Primary,INTERFERON_ALPHA_RESPONSE,1.61857411708593,0.00478190683761567,TAP1
D3,Primary,INTERFERON_ALPHA_RESPONSE,1.61857411708593,0.00478190683761567,MVB12A
D3,Primary,INTERFERON_ALPHA_RESPONSE,1.61857411708593,0.00478190683761567,RNF31
D3,Primary,INTERFERON_ALPHA_RESPONSE,1.61857411708593,0.00478190683761567,UBE2L6
D3,Primary,INTERFERON_ALPHA_RESPONSE,1.61857411708593,0.00478190683761567,SAMD9L
D3,Primary,INTERFERON_ALPHA_RESPONSE,1.61857411708593,0.00478190683761567,GBP2
D3,Primary,INTERFERON_GAMMA_RESPONSE,1.45388948566264,0.00708459918747836,PLSCR1
D3,Primary,INTERFERON_GAMMA_RESPONSE,1.45388948566264,0.00708459918747836,UPP1
D3,Primary,INTERFERON_GAMMA_RESPONSE,1.45388948566264,0.00708459918747836,PIM1
D3,Primary,INTERFERON_GAMMA_RESPONSE,1.45388948566264,0.00708459918747836,SOCS3
D3,Primary,INTERFERON_GAMMA_RESPONSE,1.45388948566264,0.00708459918747836,EIF4E3
D3,Primary,INTERFERON_GAMMA_RESPONSE,1.45388948566264,0.00708459918747836,TRIM25
D3,Primary,INTERFERON_GAMMA_RESPONSE,1.45388948566264,0.00708459918747836,IL4R
D3,Primary,INTERFERON_GAMMA_RESPONSE,1.45388948566264,0.00708459918747836,SLC25A28
D3,Primary,INTERFERON_GAMMA_RESPONSE,1.45388948566264,0.00708459918747836,IFITM3
D3,Primary,INTERFERON_GAMMA_RESPONSE,1.45388948566264,0.00708459918747836,MVP
D3,Primary,INTERFERON_GAMMA_RESPONSE,1.45388948566264,0.00708459918747836,MYD88
D3,Primary,INTERFERON_GAMMA_RESPONSE,1.45388948566264,0.00708459918747836,PNP
D3,Primary,INTERFERON_GAMMA_RESPONSE,1.45388948566264,0.00708459918747836,IFITM2
D3,Primary,INTERFERON_GAMMA_RESPONSE,1.45388948566264,0.00708459918747836,FPR1
D3,Primary,INTERFERON_GAMMA_RESPONSE,1.45388948566264,0.00708459918747836,HIF1A
D3,Primary,INTERFERON_GAMMA_RESPONSE,1.45388948566264,0.00708459918747836,TMT1B
D3,Primary,INTERFERON_GAMMA_RESPONSE,1.45388948566264,0.00708459918747836,CSF2RB
D3,Primary,INTERFERON_GAMMA_RESPONSE,1.45388948566264,0.00708459918747836,NFKBIA
D3,Primary,INTERFERON_GAMMA_RESPONSE,1.45388948566264,0.00708459918747836,LCP2
D3,Primary,INTERFERON_GAMMA_RESPONSE,1.45388948566264,0.00708459918747836,TRIM21
D3,Primary,INTERFERON_GAMMA_RESPONSE,1.45388948566264,0.00708459918747836,IRF7
D3,Primary,INTERFERON_GAMMA_RESPONSE,1.45388948566264,0.00708459918747836,IRF2
D3,Primary,INTERFERON_GAMMA_RESPONSE,1.45388948566264,0.00708459918747836,SRI
D3,Primary,INTERFERON_GAMMA_RESPONSE,1.45388948566264,0.00708459918747836,BATF2
D3,Primary,INTERFERON_GAMMA_RESPONSE,1.45388948566264,0.00708459918747836,IRF9
D3,Primary,INTERFERON_GAMMA_RESPONSE,1.45388948566264,0.00708459918747836,FCGR1A
D3,Primary,INTERFERON_GAMMA_RESPONSE,1.45388948566264,0.00708459918747836,CASP4
D3,Primary,INTERFERON_GAMMA_RESPONSE,1.45388948566264,0.00708459918747836,TOR1B
D3,Primary,INTERFERON_GAMMA_RESPONSE,1.45388948566264,0.00708459918747836,TRAFD1
D3,Primary,INTERFERON_GAMMA_RESPONSE,1.45388948566264,0.00708459918747836,PTPN1
D3,Primary,INTERFERON_GAMMA_RESPONSE,1.45388948566264,0.00708459918747836,EIF2AK2
D3,Primary,INTERFERON_GAMMA_RESPONSE,1.45388948566264,0.00708459918747836,STAT3
D3,Primary,INTERFERON_GAMMA_RESPONSE,1.45388948566264,0.00708459918747836,ADAR
D3,Primary,INTERFERON_GAMMA_RESPONSE,1.45388948566264,0.00708459918747836,IFI35
D3,Primary,INTERFERON_GAMMA_RESPONSE,1.45388948566264,0.00708459918747836,PTPN6
D3,Primary,INTERFERON_GAMMA_RESPONSE,1.45388948566264,0.00708459918747836,NAMPT
D3,Primary,INTERFERON_GAMMA_RESPONSE,1.45388948566264,0.00708459918747836,JAK2
D3,Primary,INTERFERON_GAMMA_RESPONSE,1.45388948566264,0.00708459918747836,TDRD7
D3,Primary,INTERFERON_GAMMA_RESPONSE,1.45388948566264,0.00708459918747836,SECTM1
D3,Primary,INTERFERON_GAMMA_RESPONSE,1.45388948566264,0.00708459918747836,OGFR
D3,Primary,INTERFERON_GAMMA_RESPONSE,1.45388948566264,0.00708459918747836,NLRC5
D3,Primary,INTERFERON_GAMMA_RESPONSE,1.45388948566264,0.00708459918747836,CMPK2
D3,Primary,INTERFERON_GAMMA_RESPONSE,1.45388948566264,0.00708459918747836,PLA2G4A
D3,Primary,INTERFERON_GAMMA_RESPONSE,1.45388948566264,0.00708459918747836,IFI27
D3,Primary,INTERFERON_GAMMA_RESPONSE,1.45388948566264,0.00708459918747836,LATS2
D3,Primary,INTERFERON_GAMMA_RESPONSE,1.45388948566264,0.00708459918747836,PELI1
D3,Primary,INTERFERON_GAMMA_RESPONSE,1.45388948566264,0.00708459918747836,TNFAIP6
D3,Primary,INTERFERON_GAMMA_RESPONSE,1.45388948566264,0.00708459918747836,ARL4A
D3,Primary,INTERFERON_GAMMA_RESPONSE,1.45388948566264,0.00708459918747836,RBCK1
D3,Primary,INTERFERON_GAMMA_RESPONSE,1.45388948566264,0.00708459918747836,TNFSF10
D3,Primary,INTERFERON_GAMMA_RESPONSE,1.45388948566264,0.00708459918747836,MX2
D3,Primary,INTERFERON_GAMMA_RESPONSE,1.45388948566264,0.00708459918747836,C1R
D3,Primary,INTERFERON_GAMMA_RESPONSE,1.45388948566264,0.00708459918747836,HELZ2
D3,Primary,INTERFERON_GAMMA_RESPONSE,1.45388948566264,0.00708459918747836,NMI
D3,Primary,INTERFERON_GAMMA_RESPONSE,1.45388948566264,0.00708459918747836,MTHFD2
D3,Primary,INTERFERON_GAMMA_RESPONSE,1.45388948566264,0.00708459918747836,IRF1
D3,Primary,INTERFERON_GAMMA_RESPONSE,1.45388948566264,0.00708459918747836,ARID5B
D3,Primary,INTERFERON_GAMMA_RESPONSE,1.45388948566264,0.00708459918747836,TAPBP
D3,Primary,INTERFERON_GAMMA_RESPONSE,1.45388948566264,0.00708459918747836,ZNFX1
D3,Primary,INTERFERON_GAMMA_RESPONSE,1.45388948566264,0.00708459918747836,PFKP
D3,Primary,INTERFERON_GAMMA_RESPONSE,1.45388948566264,0.00708459918747836,OASL
D3,Primary,INTERFERON_GAMMA_RESPONSE,1.45388948566264,0.00708459918747836,MX1
D3,Primary,INTERFERON_GAMMA_RESPONSE,1.45388948566264,0.00708459918747836,NFKB1
D3,Primary,INTERFERON_GAMMA_RESPONSE,1.45388948566264,0.00708459918747836,ZBP1
D3,Primary,INTERFERON_GAMMA_RESPONSE,1.45388948566264,0.00708459918747836,SELP
D3,Primary,INTERFERON_GAMMA_RESPONSE,1.45388948566264,0.00708459918747836,PTGS2
D3,Primary,INTERFERON_GAMMA_RESPONSE,1.45388948566264,0.00708459918747836,VAMP5
D3,Primary,INTERFERON_GAMMA_RESPONSE,1.45388948566264,0.00708459918747836,RSAD2
D3,Primary,INTERFERON_GAMMA_RESPONSE,1.45388948566264,0.00708459918747836,PSMB8
D3,Primary,INTERFERON_GAMMA_RESPONSE,1.45388948566264,0.00708459918747836,PML
D3,Primary,KRAS_SIGNALING_DN,1.02599574993822,0.483834103749358,PTGFR
D3,Primary,KRAS_SIGNALING_DN,1.02599574993822,0.483834103749358,ASB7
D3,Primary,KRAS_SIGNALING_DN,1.02599574993822,0.483834103749358,MAGIX
D3,Primary,KRAS_SIGNALING_DN,1.02599574993822,0.483834103749358,KLHDC8A
D3,Primary,KRAS_SIGNALING_DN,1.02599574993822,0.483834103749358,ENTPD7
D3,Primary,KRAS_SIGNALING_DN,1.02599574993822,0.483834103749358,CCNA1
D3,Primary,KRAS_SIGNALING_DN,1.02599574993822,0.483834103749358,SERPINB2
D3,Primary,KRAS_SIGNALING_DN,1.02599574993822,0.483834103749358,CHST2
D3,Primary,KRAS_SIGNALING_DN,1.02599574993822,0.483834103749358,GTF3C5
D3,Primary,KRAS_SIGNALING_DN,1.02599574993822,0.483834103749358,SKIL
D3,Primary,KRAS_SIGNALING_DN,1.02599574993822,0.483834103749358,SELENOP
D3,Primary,KRAS_SIGNALING_DN,1.02599574993822,0.483834103749358,BARD1
D3,Primary,KRAS_SIGNALING_DN,1.02599574993822,0.483834103749358,ZBTB16
D3,Primary,KRAS_SIGNALING_DN,1.02599574993822,0.483834103749358,SHOX2
D3,Primary,KRAS_SIGNALING_DN,1.02599574993822,0.483834103749358,MEFV
D3,Primary,KRAS_SIGNALING_DN,1.02599574993822,0.483834103749358,BTG2
D3,Primary,KRAS_SIGNALING_UP,1.25379798684678,0.131582849774339,MMP9
D3,Primary,KRAS_SIGNALING_UP,1.25379798684678,0.131582849774339,SPRY2
D3,Primary,KRAS_SIGNALING_UP,1.25379798684678,0.131582849774339,TRIB1
D3,Primary,KRAS_SIGNALING_UP,1.25379798684678,0.131582849774339,ARG1
D3,Primary,KRAS_SIGNALING_UP,1.25379798684678,0.131582849774339,CDADC1
D3,Primary,KRAS_SIGNALING_UP,1.25379798684678,0.131582849774339,GADD45G
D3,Primary,KRAS_SIGNALING_UP,1.25379798684678,0.131582849774339,LAT2
D3,Primary,KRAS_SIGNALING_UP,1.25379798684678,0.131582849774339,CA2
D3,Primary,KRAS_SIGNALING_UP,1.25379798684678,0.131582849774339,PPP1R15A
D3,Primary,KRAS_SIGNALING_UP,1.25379798684678,0.131582849774339,BMP2
D3,Primary,KRAS_SIGNALING_UP,1.25379798684678,0.131582849774339,GALNT3
D3,Primary,KRAS_SIGNALING_UP,1.25379798684678,0.131582849774339,LY96
D3,Primary,KRAS_SIGNALING_UP,1.25379798684678,0.131582849774339,PLAU
D3,Primary,KRAS_SIGNALING_UP,1.25379798684678,0.131582849774339,RETN
D3,Primary,KRAS_SIGNALING_UP,1.25379798684678,0.131582849774339,CSF2RA
D3,Primary,KRAS_SIGNALING_UP,1.25379798684678,0.131582849774339,TLR8
D3,Primary,KRAS_SIGNALING_UP,1.25379798684678,0.131582849774339,RGS16
D3,Primary,KRAS_SIGNALING_UP,1.25379798684678,0.131582849774339,LCP1
D3,Primary,KRAS_SIGNALING_UP,1.25379798684678,0.131582849774339,F2RL1
D3,Primary,KRAS_SIGNALING_UP,1.25379798684678,0.131582849774339,ALDH1A2
D3,Primary,KRAS_SIGNALING_UP,1.25379798684678,0.131582849774339,GLRX
D3,Primary,KRAS_SIGNALING_UP,1.25379798684678,0.131582849774339,PLEK2
D3,Primary,KRAS_SIGNALING_UP,1.25379798684678,0.131582849774339,CD37
D3,Primary,KRAS_SIGNALING_UP,1.25379798684678,0.131582849774339,ADAM8
D3,Primary,KRAS_SIGNALING_UP,1.25379798684678,0.131582849774339,C3AR1
D3,Primary,KRAS_SIGNALING_UP,1.25379798684678,0.131582849774339,SPP1
D3,Primary,KRAS_SIGNALING_UP,1.25379798684678,0.131582849774339,RBM4
D3,Primary,KRAS_SIGNALING_UP,1.25379798684678,0.131582849774339,FCER1G
D3,Primary,KRAS_SIGNALING_UP,1.25379798684678,0.131582849774339,EMP1
D3,Primary,KRAS_SIGNALING_UP,1.25379798684678,0.131582849774339,MPZL2
D3,Primary,KRAS_SIGNALING_UP,1.25379798684678,0.131582849774339,G0S2
D3,Primary,KRAS_SIGNALING_UP,1.25379798684678,0.131582849774339,BTBD3
D3,Primary,KRAS_SIGNALING_UP,1.25379798684678,0.131582849774339,LAPTM5
D3,Primary,KRAS_SIGNALING_UP,1.25379798684678,0.131582849774339,NIN
D3,Primary,KRAS_SIGNALING_UP,1.25379798684678,0.131582849774339,TOR1AIP2
D3,Primary,KRAS_SIGNALING_UP,1.25379798684678,0.131582849774339,AKT2
D3,Primary,KRAS_SIGNALING_UP,1.25379798684678,0.131582849774339,GYPC
D3,Primary,KRAS_SIGNALING_UP,1.25379798684678,0.131582849774339,MTMR10
D3,Primary,KRAS_SIGNALING_UP,1.25379798684678,0.131582849774339,ITGB2
D3,Primary,KRAS_SIGNALING_UP,1.25379798684678,0.131582849774339,VWA5A
D3,Primary,KRAS_SIGNALING_UP,1.25379798684678,0.131582849774339,INHBA
D3,Primary,KRAS_SIGNALING_UP,1.25379798684678,0.131582849774339,H2BC3
D3,Primary,KRAS_SIGNALING_UP,1.25379798684678,0.131582849774339,TMEM158
D3,Primary,KRAS_SIGNALING_UP,1.25379798684678,0.131582849774339,TFPI
D3,Primary,KRAS_SIGNALING_UP,1.25379798684678,0.131582849774339,PTGS2
D3,Primary,KRAS_SIGNALING_UP,1.25379798684678,0.131582849774339,YRDC
D3,Primary,KRAS_SIGNALING_UP,1.25379798684678,0.131582849774339,GPNMB
D3,Primary,KRAS_SIGNALING_UP,1.25379798684678,0.131582849774339,PSMB8
D3,Primary,KRAS_SIGNALING_UP,1.25379798684678,0.131582849774339,HBEGF
D3,Primary,MITOTIC_SPINDLE,1.35318902695998,0.0370523907678017,TUBA4A
D3,Primary,MITOTIC_SPINDLE,1.35318902695998,0.0370523907678017,CDK5RAP2
D3,Primary,MITOTIC_SPINDLE,1.35318902695998,0.0370523907678017,KIF1B
D3,Primary,MITOTIC_SPINDLE,1.35318902695998,0.0370523907678017,RANBP9
D3,Primary,MITOTIC_SPINDLE,1.35318902695998,0.0370523907678017,KIF3C
D3,Primary,MITOTIC_SPINDLE,1.35318902695998,0.0370523907678017,CDC42EP1
D3,Primary,MITOTIC_SPINDLE,1.35318902695998,0.0370523907678017,PPP4R2
D3,Primary,MITOTIC_SPINDLE,1.35318902695998,0.0370523907678017,MARCKS
D3,Primary,MITOTIC_SPINDLE,1.35318902695998,0.0370523907678017,ARL8A
D3,Primary,MITOTIC_SPINDLE,1.35318902695998,0.0370523907678017,LMNB1
D3,Primary,MITOTIC_SPINDLE,1.35318902695998,0.0370523907678017,FGD4
D3,Primary,MITOTIC_SPINDLE,1.35318902695998,0.0370523907678017,PRC1
D3,Primary,MITOTIC_SPINDLE,1.35318902695998,0.0370523907678017,GSN
D3,Primary,MITOTIC_SPINDLE,1.35318902695998,0.0370523907678017,RASA2
D3,Primary,MITOTIC_SPINDLE,1.35318902695998,0.0370523907678017,CDC42EP4
D3,Primary,MITOTIC_SPINDLE,1.35318902695998,0.0370523907678017,CDC42
D3,Primary,MITOTIC_SPINDLE,1.35318902695998,0.0370523907678017,BIRC5
D3,Primary,MITOTIC_SPINDLE,1.35318902695998,0.0370523907678017,SPTBN1
D3,Primary,MITOTIC_SPINDLE,1.35318902695998,0.0370523907678017,TPX2
D3,Primary,MITOTIC_SPINDLE,1.35318902695998,0.0370523907678017,ARHGEF11
D3,Primary,MITOTIC_SPINDLE,1.35318902695998,0.0370523907678017,AURKA
D3,Primary,MITOTIC_SPINDLE,1.35318902695998,0.0370523907678017,CLASP1
D3,Primary,MITOTIC_SPINDLE,1.35318902695998,0.0370523907678017,NCK2
D3,Primary,MITOTIC_SPINDLE,1.35318902695998,0.0370523907678017,PXN
D3,Primary,MITOTIC_SPINDLE,1.35318902695998,0.0370523907678017,MARK4
D3,Primary,MITOTIC_SPINDLE,1.35318902695998,0.0370523907678017,CNTROB
D3,Primary,MITOTIC_SPINDLE,1.35318902695998,0.0370523907678017,CSNK1D
D3,Primary,MITOTIC_SPINDLE,1.35318902695998,0.0370523907678017,STAU1
D3,Primary,MITOTIC_SPINDLE,1.35318902695998,0.0370523907678017,CAPZB
D3,Primary,MITOTIC_SPINDLE,1.35318902695998,0.0370523907678017,PREX1
D3,Primary,MITOTIC_SPINDLE,1.35318902695998,0.0370523907678017,FLNB
D3,Primary,MITOTIC_SPINDLE,1.35318902695998,0.0370523907678017,WASF2
D3,Primary,MITOTIC_SPINDLE,1.35318902695998,0.0370523907678017,ABI1
D3,Primary,MITOTIC_SPINDLE,1.35318902695998,0.0370523907678017,KIF15
D3,Primary,MITOTIC_SPINDLE,1.35318902695998,0.0370523907678017,ARHGEF2
D3,Primary,MITOTIC_SPINDLE,1.35318902695998,0.0370523907678017,WASF1
D3,Primary,MITOTIC_SPINDLE,1.35318902695998,0.0370523907678017,KATNB1
D3,Primary,MITOTIC_SPINDLE,1.35318902695998,0.0370523907678017,MAP3K11
D3,Primary,MITOTIC_SPINDLE,1.35318902695998,0.0370523907678017,NIN
D3,Primary,MITOTIC_SPINDLE,1.35318902695998,0.0370523907678017,ANLN
D3,Primary,MITOTIC_SPINDLE,1.35318902695998,0.0370523907678017,ECT2
D3,Primary,MITOTIC_SPINDLE,1.35318902695998,0.0370523907678017,ARHGDIA
D3,Primary,MITOTIC_SPINDLE,1.35318902695998,0.0370523907678017,ARHGAP27
D3,Primary,MITOTIC_SPINDLE,1.35318902695998,0.0370523907678017,NF1
D3,Primary,MITOTIC_SPINDLE,1.35318902695998,0.0370523907678017,ARHGEF12
D3,Primary,MITOTIC_SPINDLE,1.35318902695998,0.0370523907678017,EZR
D3,Primary,MITOTIC_SPINDLE,1.35318902695998,0.0370523907678017,PDLIM5
D3,Primary,MITOTIC_SPINDLE,1.35318902695998,0.0370523907678017,RALBP1
D3,Primary,MITOTIC_SPINDLE,1.35318902695998,0.0370523907678017,KIF4A
D3,Primary,MITOTIC_SPINDLE,1.35318902695998,0.0370523907678017,NEDD9
D3,Primary,MITOTIC_SPINDLE,1.35318902695998,0.0370523907678017,MAP1S
D3,Primary,MITOTIC_SPINDLE,1.35318902695998,0.0370523907678017,ARHGAP4
D3,Primary,MITOTIC_SPINDLE,1.35318902695998,0.0370523907678017,NET1
D3,Primary,MITOTIC_SPINDLE,1.35318902695998,0.0370523907678017,CLIP1
D3,Primary,MITOTIC_SPINDLE,1.35318902695998,0.0370523907678017,PIF1
D3,Primary,MITOTIC_SPINDLE,1.35318902695998,0.0370523907678017,MYH10
D3,Primary,MITOTIC_SPINDLE,1.35318902695998,0.0370523907678017,NEK2
D3,Primary,MITOTIC_SPINDLE,1.35318902695998,0.0370523907678017,TLK1
D3,Primary,MITOTIC_SPINDLE,1.35318902695998,0.0370523907678017,KPTN
D3,Primary,MITOTIC_SPINDLE,1.35318902695998,0.0370523907678017,CDC42BPA
D3,Primary,MITOTIC_SPINDLE,1.35318902695998,0.0370523907678017,MAPRE1
D3,Primary,MITOTIC_SPINDLE,1.35318902695998,0.0370523907678017,KIF2C
D3,Primary,MITOTIC_SPINDLE,1.35318902695998,0.0370523907678017,CDC42EP2
D3,Primary,MITOTIC_SPINDLE,1.35318902695998,0.0370523907678017,KIF11
D3,Primary,MITOTIC_SPINDLE,1.35318902695998,0.0370523907678017,ROCK1
D3,Primary,MITOTIC_SPINDLE,1.35318902695998,0.0370523907678017,CDK1
D3,Primary,MITOTIC_SPINDLE,1.35318902695998,0.0370523907678017,ARAP3
D3,Primary,MITOTIC_SPINDLE,1.35318902695998,0.0370523907678017,ITSN1
D3,Primary,MITOTIC_SPINDLE,1.35318902695998,0.0370523907678017,ACTN4
D3,Primary,MITOTIC_SPINDLE,1.35318902695998,0.0370523907678017,MYH9
D3,Primary,MITOTIC_SPINDLE,1.35318902695998,0.0370523907678017,RACGAP1
D3,Primary,MITOTIC_SPINDLE,1.35318902695998,0.0370523907678017,CYTH2
D3,Primary,MITOTIC_SPINDLE,1.35318902695998,0.0370523907678017,AKAP13
D3,Primary,MTORC1_SIGNALING,1.67826405817294,9.49793218686376e-05,SLC2A1
D3,Primary,MTORC1_SIGNALING,1.67826405817294,9.49793218686376e-05,TUBA4A
D3,Primary,MTORC1_SIGNALING,1.67826405817294,9.49793218686376e-05,PGM1
D3,Primary,MTORC1_SIGNALING,1.67826405817294,9.49793218686376e-05,SLC2A3
D3,Primary,MTORC1_SIGNALING,1.67826405817294,9.49793218686376e-05,SLA
D3,Primary,MTORC1_SIGNALING,1.67826405817294,9.49793218686376e-05,SKAP2
D3,Primary,MTORC1_SIGNALING,1.67826405817294,9.49793218686376e-05,NFIL3
D3,Primary,MTORC1_SIGNALING,1.67826405817294,9.49793218686376e-05,DHCR7
D3,Primary,MTORC1_SIGNALING,1.67826405817294,9.49793218686376e-05,MAP2K3
D3,Primary,MTORC1_SIGNALING,1.67826405817294,9.49793218686376e-05,IDI1
D3,Primary,MTORC1_SIGNALING,1.67826405817294,9.49793218686376e-05,GAPDH
D3,Primary,MTORC1_SIGNALING,1.67826405817294,9.49793218686376e-05,GSR
D3,Primary,MTORC1_SIGNALING,1.67826405817294,9.49793218686376e-05,SLC7A11
D3,Primary,MTORC1_SIGNALING,1.67826405817294,9.49793218686376e-05,LDHA
D3,Primary,MTORC1_SIGNALING,1.67826405817294,9.49793218686376e-05,G6PD
D3,Primary,MTORC1_SIGNALING,1.67826405817294,9.49793218686376e-05,ALDOA
D3,Primary,MTORC1_SIGNALING,1.67826405817294,9.49793218686376e-05,HK2
D3,Primary,MTORC1_SIGNALING,1.67826405817294,9.49793218686376e-05,UBE2D3
D3,Primary,MTORC1_SIGNALING,1.67826405817294,9.49793218686376e-05,PNP
D3,Primary,MTORC1_SIGNALING,1.67826405817294,9.49793218686376e-05,RAB1A
D3,Primary,MTORC1_SIGNALING,1.67826405817294,9.49793218686376e-05,PPP1R15A
D3,Primary,MTORC1_SIGNALING,1.67826405817294,9.49793218686376e-05,HMBS
D3,Primary,MTORC1_SIGNALING,1.67826405817294,9.49793218686376e-05,SLC7A5
D3,Primary,MTORC1_SIGNALING,1.67826405817294,9.49793218686376e-05,IFRD1
D3,Primary,MTORC1_SIGNALING,1.67826405817294,9.49793218686376e-05,GBE1
D3,Primary,MTORC1_SIGNALING,1.67826405817294,9.49793218686376e-05,TUBG1
D3,Primary,MTORC1_SIGNALING,1.67826405817294,9.49793218686376e-05,CORO1A
D3,Primary,MTORC1_SIGNALING,1.67826405817294,9.49793218686376e-05,RIT1
D3,Primary,MTORC1_SIGNALING,1.67826405817294,9.49793218686376e-05,VLDLR
D3,Primary,MTORC1_SIGNALING,1.67826405817294,9.49793218686376e-05,TFRC
D3,Primary,MTORC1_SIGNALING,1.67826405817294,9.49793218686376e-05,PGK1
D3,Primary,MTORC1_SIGNALING,1.67826405817294,9.49793218686376e-05,ADD3
D3,Primary,MTORC1_SIGNALING,1.67826405817294,9.49793218686376e-05,DDIT3
D3,Primary,MTORC1_SIGNALING,1.67826405817294,9.49793218686376e-05,AURKA
D3,Primary,MTORC1_SIGNALING,1.67826405817294,9.49793218686376e-05,TXNRD1
D3,Primary,MTORC1_SIGNALING,1.67826405817294,9.49793218686376e-05,ENO1
D3,Primary,MTORC1_SIGNALING,1.67826405817294,9.49793218686376e-05,SLC6A6
D3,Primary,MTORC1_SIGNALING,1.67826405817294,9.49793218686376e-05,ACSL3
D3,Primary,MTORC1_SIGNALING,1.67826405817294,9.49793218686376e-05,NAMPT
D3,Primary,MTORC1_SIGNALING,1.67826405817294,9.49793218686376e-05,GLRX
D3,Primary,MTORC1_SIGNALING,1.67826405817294,9.49793218686376e-05,TM7SF2
D3,Primary,MTORC1_SIGNALING,1.67826405817294,9.49793218686376e-05,BTG2
D3,Primary,MTORC1_SIGNALING,1.67826405817294,9.49793218686376e-05,ACTR2
D3,Primary,MTORC1_SIGNALING,1.67826405817294,9.49793218686376e-05,LDLR
D3,Primary,MTORC1_SIGNALING,1.67826405817294,9.49793218686376e-05,PDAP1
D3,Primary,MTORC1_SIGNALING,1.67826405817294,9.49793218686376e-05,NIBAN1
D3,Primary,MTORC1_SIGNALING,1.67826405817294,9.49793218686376e-05,NHERF1
D3,Primary,MTORC1_SIGNALING,1.67826405817294,9.49793218686376e-05,PSPH
D3,Primary,MTORC1_SIGNALING,1.67826405817294,9.49793218686376e-05,SLC1A5
D3,Primary,MTORC1_SIGNALING,1.67826405817294,9.49793218686376e-05,CFP
D3,Primary,MTORC1_SIGNALING,1.67826405817294,9.49793218686376e-05,ADIPOR2
D3,Primary,MTORC1_SIGNALING,1.67826405817294,9.49793218686376e-05,GLA
D3,Primary,MTORC1_SIGNALING,1.67826405817294,9.49793218686376e-05,TES
D3,Primary,MTORC1_SIGNALING,1.67826405817294,9.49793218686376e-05,FADS2
D3,Primary,MTORC1_SIGNALING,1.67826405817294,9.49793218686376e-05,PSMB5
D3,Primary,MTORC1_SIGNALING,1.67826405817294,9.49793218686376e-05,ELOVL5
D3,Primary,MTORC1_SIGNALING,1.67826405817294,9.49793218686376e-05,ACTR3
D3,Primary,MTORC1_SIGNALING,1.67826405817294,9.49793218686376e-05,MTHFD2
D3,Primary,MTORC1_SIGNALING,1.67826405817294,9.49793218686376e-05,ATP6V1D
D3,Primary,MTORC1_SIGNALING,1.67826405817294,9.49793218686376e-05,ITGB2
D3,Primary,MTORC1_SIGNALING,1.67826405817294,9.49793218686376e-05,SERP1
D3,Primary,MTORC1_SIGNALING,1.67826405817294,9.49793218686376e-05,ETF1
D3,Primary,MTORC1_SIGNALING,1.67826405817294,9.49793218686376e-05,DHCR24
D3,Primary,MTORC1_SIGNALING,1.67826405817294,9.49793218686376e-05,AK4
D3,Primary,MTORC1_SIGNALING,1.67826405817294,9.49793218686376e-05,GPI
D3,Primary,MTORC1_SIGNALING,1.67826405817294,9.49793218686376e-05,SQSTM1
D3,Primary,MTORC1_SIGNALING,1.67826405817294,9.49793218686376e-05,NFYC
D3,Primary,MTORC1_SIGNALING,1.67826405817294,9.49793218686376e-05,CTH
D3,Primary,MTORC1_SIGNALING,1.67826405817294,9.49793218686376e-05,CDC25A
D3,Primary,MYC_TARGETS_V1,-0.908637531471605,0.826687116564417,G3BP1
D3,Primary,MYC_TARGETS_V1,-0.908637531471605,0.826687116564417,SYNCRIP
D3,Primary,MYC_TARGETS_V1,-0.908637531471605,0.826687116564417,NOP56
D3,Primary,MYC_TARGETS_V1,-0.908637531471605,0.826687116564417,HNRNPR
D3,Primary,MYC_TARGETS_V1,-0.908637531471605,0.826687116564417,SET
D3,Primary,MYC_TARGETS_V1,-0.908637531471605,0.826687116564417,SNRPA1
D3,Primary,MYC_TARGETS_V1,-0.908637531471605,0.826687116564417,RSL1D1
D3,Primary,MYC_TARGETS_V1,-0.908637531471605,0.826687116564417,CUL1
D3,Primary,MYC_TARGETS_V1,-0.908637531471605,0.826687116564417,IARS1
D3,Primary,MYC_TARGETS_V1,-0.908637531471605,0.826687116564417,DHX15
D3,Primary,MYC_TARGETS_V1,-0.908637531471605,0.826687116564417,IMPDH2
D3,Primary,MYC_TARGETS_V1,-0.908637531471605,0.826687116564417,STARD7
D3,Primary,MYC_TARGETS_V1,-0.908637531471605,0.826687116564417,PWP1
D3,Primary,MYC_TARGETS_V1,-0.908637531471605,0.826687116564417,DDX18
D3,Primary,MYC_TARGETS_V1,-0.908637531471605,0.826687116564417,DDX21
D3,Primary,MYC_TARGETS_V1,-0.908637531471605,0.826687116564417,HNRNPA3
D3,Primary,MYC_TARGETS_V1,-0.908637531471605,0.826687116564417,NPM1
D3,Primary,MYC_TARGETS_V1,-0.908637531471605,0.826687116564417,ABCE1
D3,Primary,MYC_TARGETS_V1,-0.908637531471605,0.826687116564417,HNRNPU
D3,Primary,MYC_TARGETS_V1,-0.908637531471605,0.826687116564417,RANBP1
D3,Primary,MYC_TARGETS_V1,-0.908637531471605,0.826687116564417,YWHAQ
D3,Primary,MYC_TARGETS_V1,-0.908637531471605,0.826687116564417,XRCC6
D3,Primary,MYC_TARGETS_V1,-0.908637531471605,0.826687116564417,CANX
D3,Primary,MYC_TARGETS_V1,-0.908637531471605,0.826687116564417,RPL34
D3,Primary,MYC_TARGETS_V1,-0.908637531471605,0.826687116564417,HNRNPD
D3,Primary,MYC_TARGETS_V1,-0.908637531471605,0.826687116564417,RPS6
D3,Primary,MYC_TARGETS_V1,-0.908637531471605,0.826687116564417,PPIA
D3,Primary,MYC_TARGETS_V1,-0.908637531471605,0.826687116564417,SERBP1
D3,Primary,MYC_TARGETS_V1,-0.908637531471605,0.826687116564417,NCBP1
D3,Primary,MYC_TARGETS_V1,-0.908637531471605,0.826687116564417,CSTF2
D3,Primary,MYC_TARGETS_V1,-0.908637531471605,0.826687116564417,EPRS1
D3,Primary,MYC_TARGETS_V1,-0.908637531471605,0.826687116564417,XPOT
D3,Primary,MYC_TARGETS_V1,-0.908637531471605,0.826687116564417,NAP1L1
D3,Primary,MYC_TARGETS_V1,-0.908637531471605,0.826687116564417,RPL22
D3,Primary,MYC_TARGETS_V1,-0.908637531471605,0.826687116564417,RPL6
D3,Primary,MYC_TARGETS_V1,-0.908637531471605,0.826687116564417,RPL14
D3,Primary,MYC_TARGETS_V1,-0.908637531471605,0.826687116564417,NCBP2
D3,Primary,MYC_TARGETS_V1,-0.908637531471605,0.826687116564417,RPL18
D3,Primary,MYC_TARGETS_V1,-0.908637531471605,0.826687116564417,SLC25A3
D3,Primary,MYC_TARGETS_V1,-0.908637531471605,0.826687116564417,ILF2
D3,Primary,MYC_TARGETS_V1,-0.908637531471605,0.826687116564417,GNL3
D3,Primary,MYC_TARGETS_V1,-0.908637531471605,0.826687116564417,SRSF1
D3,Primary,MYC_TARGETS_V1,-0.908637531471605,0.826687116564417,HSPD1
D3,Primary,MYC_TARGETS_V1,-0.908637531471605,0.826687116564417,CCT7
D3,Primary,MYC_TARGETS_V1,-0.908637531471605,0.826687116564417,RRP9
D3,Primary,MYC_TARGETS_V1,-0.908637531471605,0.826687116564417,HSPE1
D3,Primary,MYC_TARGETS_V1,-0.908637531471605,0.826687116564417,TARDBP
D3,Primary,MYC_TARGETS_V1,-0.908637531471605,0.826687116564417,PABPC4
D3,Primary,MYC_TARGETS_V1,-0.908637531471605,0.826687116564417,PCNA
D3,Primary,MYC_TARGETS_V1,-0.908637531471605,0.826687116564417,NME1
D3,Primary,MYC_TARGETS_V1,-0.908637531471605,0.826687116564417,HNRNPA2B1
D3,Primary,MYC_TARGETS_V1,-0.908637531471605,0.826687116564417,CLNS1A
D3,Primary,MYC_TARGETS_V1,-0.908637531471605,0.826687116564417,RPS3
D3,Primary,MYC_TARGETS_V1,-0.908637531471605,0.826687116564417,DEK
D3,Primary,MYC_TARGETS_V1,-0.908637531471605,0.826687116564417,SRSF7
D3,Primary,MYC_TARGETS_V1,-0.908637531471605,0.826687116564417,EIF3D
D3,Primary,MYC_TARGETS_V1,-0.908637531471605,0.826687116564417,RPS5
D3,Primary,MYC_TARGETS_V1,-0.908637531471605,0.826687116564417,SNRPD1
D3,Primary,MYC_TARGETS_V1,-0.908637531471605,0.826687116564417,TUFM
D3,Primary,MYC_TARGETS_V1,-0.908637531471605,0.826687116564417,SSB
D3,Primary,MYC_TARGETS_V1,-0.908637531471605,0.826687116564417,CAD
D3,Primary,MYC_TARGETS_V1,-0.908637531471605,0.826687116564417,HDAC2
D3,Primary,MYC_TARGETS_V1,-0.908637531471605,0.826687116564417,GLO1
D3,Primary,MYC_TARGETS_V1,-0.908637531471605,0.826687116564417,APEX1
D3,Primary,MYC_TARGETS_V1,-0.908637531471605,0.826687116564417,BUB3
D3,Primary,MYC_TARGETS_V1,-0.908637531471605,0.826687116564417,ORC2
D3,Primary,MYC_TARGETS_V1,-0.908637531471605,0.826687116564417,HDDC2
D3,Primary,MYC_TARGETS_V1,-0.908637531471605,0.826687116564417,HNRNPA1
D3,Primary,MYC_TARGETS_V2,-1.0622438806684,0.406732026143791,NOP56
D3,Primary,MYC_TARGETS_V2,-1.0622438806684,0.406732026143791,UTP20
D3,Primary,MYC_TARGETS_V2,-1.0622438806684,0.406732026143791,DDX18
D3,Primary,MYC_TARGETS_V2,-1.0622438806684,0.406732026143791,PUS1
D3,Primary,MYC_TARGETS_V2,-1.0622438806684,0.406732026143791,NPM1
D3,Primary,MYC_TARGETS_V2,-1.0622438806684,0.406732026143791,MPHOSPH10
D3,Primary,MYC_TARGETS_V2,-1.0622438806684,0.406732026143791,PRMT3
D3,Primary,MYC_TARGETS_V2,-1.0622438806684,0.406732026143791,TCOF1
D3,Primary,MYC_TARGETS_V2,-1.0622438806684,0.406732026143791,NIP7
D3,Primary,MYC_TARGETS_V2,-1.0622438806684,0.406732026143791,MRTO4
D3,Primary,MYC_TARGETS_V2,-1.0622438806684,0.406732026143791,LAS1L
D3,Primary,MYC_TARGETS_V2,-1.0622438806684,0.406732026143791,UNG
D3,Primary,MYC_TARGETS_V2,-1.0622438806684,0.406732026143791,PPAN
D3,Primary,MYC_TARGETS_V2,-1.0622438806684,0.406732026143791,GNL3
D3,Primary,MYC_TARGETS_V2,-1.0622438806684,0.406732026143791,HSPD1
D3,Primary,MYC_TARGETS_V2,-1.0622438806684,0.406732026143791,WDR43
D3,Primary,MYC_TARGETS_V2,-1.0622438806684,0.406732026143791,RRP9
D3,Primary,MYC_TARGETS_V2,-1.0622438806684,0.406732026143791,HSPE1
D3,Primary,MYC_TARGETS_V2,-1.0622438806684,0.406732026143791,EXOSC5
D3,Primary,MYC_TARGETS_V2,-1.0622438806684,0.406732026143791,IMP4
D3,Primary,MYC_TARGETS_V2,-1.0622438806684,0.406732026143791,DUSP2
D3,Primary,MYC_TARGETS_V2,-1.0622438806684,0.406732026143791,TFB2M
D3,Primary,MYC_TARGETS_V2,-1.0622438806684,0.406732026143791,PPRC1
D3,Primary,MYC_TARGETS_V2,-1.0622438806684,0.406732026143791,GRWD1
D3,Primary,MYOGENESIS,1.36689719043959,0.0551034407787953,ACSL1
D3,Primary,MYOGENESIS,1.36689719043959,0.0551034407787953,GADD45B
D3,Primary,MYOGENESIS,1.36689719043959,0.0551034407787953,MYL6B
D3,Primary,MYOGENESIS,1.36689719043959,0.0551034407787953,FOXO4
D3,Primary,MYOGENESIS,1.36689719043959,0.0551034407787953,ITGA7
D3,Primary,MYOGENESIS,1.36689719043959,0.0551034407787953,MEF2A
D3,Primary,MYOGENESIS,1.36689719043959,0.0551034407787953,GSN
D3,Primary,MYOGENESIS,1.36689719043959,0.0551034407787953,PDLIM7
D3,Primary,MYOGENESIS,1.36689719043959,0.0551034407787953,IFRD1
D3,Primary,MYOGENESIS,1.36689719043959,0.0551034407787953,RIT1
D3,Primary,MYOGENESIS,1.36689719043959,0.0551034407787953,LSP1
D3,Primary,MYOGENESIS,1.36689719043959,0.0551034407787953,TGFB1
D3,Primary,MYOGENESIS,1.36689719043959,0.0551034407787953,CLU
D3,Primary,MYOGENESIS,1.36689719043959,0.0551034407787953,KLF5
D3,Primary,MYOGENESIS,1.36689719043959,0.0551034407787953,GABARAPL2
D3,Primary,MYOGENESIS,1.36689719043959,0.0551034407787953,COL4A2
D3,Primary,MYOGENESIS,1.36689719043959,0.0551034407787953,TNNI2
D3,Primary,MYOGENESIS,1.36689719043959,0.0551034407787953,ATP6AP1
D3,Primary,MYOGENESIS,1.36689719043959,0.0551034407787953,SLC6A8
D3,Primary,MYOGENESIS,1.36689719043959,0.0551034407787953,HDAC5
D3,Primary,MYOGENESIS,1.36689719043959,0.0551034407787953,TPM3
D3,Primary,MYOGENESIS,1.36689719043959,0.0551034407787953,KCNH2
D3,Primary,MYOGENESIS,1.36689719043959,0.0551034407787953,BAG1
D3,Primary,MYOGENESIS,1.36689719043959,0.0551034407787953,CKB
D3,Primary,MYOGENESIS,1.36689719043959,0.0551034407787953,ACHE
D3,Primary,MYOGENESIS,1.36689719043959,0.0551034407787953,SIRT2
D3,Primary,MYOGENESIS,1.36689719043959,0.0551034407787953,SVIL
D3,Primary,MYOGENESIS,1.36689719043959,0.0551034407787953,AKT2
D3,Primary,MYOGENESIS,1.36689719043959,0.0551034407787953,PRNP
D3,Primary,MYOGENESIS,1.36689719043959,0.0551034407787953,DAPK2
D3,Primary,MYOGENESIS,1.36689719043959,0.0551034407787953,FLII
D3,Primary,MYOGENESIS,1.36689719043959,0.0551034407787953,FKBP1B
D3,Primary,MYOGENESIS,1.36689719043959,0.0551034407787953,AK1
D3,Primary,MYOGENESIS,1.36689719043959,0.0551034407787953,ENO3
D3,Primary,MYOGENESIS,1.36689719043959,0.0551034407787953,MYOM1
D3,Primary,MYOGENESIS,1.36689719043959,0.0551034407787953,HBEGF
D3,Primary,MYOGENESIS,1.36689719043959,0.0551034407787953,MYBPC3
D3,Primary,MYOGENESIS,1.36689719043959,0.0551034407787953,SYNGR2
D3,Primary,MYOGENESIS,1.36689719043959,0.0551034407787953,NOTCH1
D3,Primary,MYOGENESIS,1.36689719043959,0.0551034407787953,APP
D3,Primary,MYOGENESIS,1.36689719043959,0.0551034407787953,SMTN
D3,Primary,MYOGENESIS,1.36689719043959,0.0551034407787953,ITGB5
D3,Primary,MYOGENESIS,1.36689719043959,0.0551034407787953,MYH9
D3,Primary,MYOGENESIS,1.36689719043959,0.0551034407787953,SPARC
D3,Primary,MYOGENESIS,1.36689719043959,0.0551034407787953,MYO1C
D3,Primary,MYOGENESIS,1.36689719043959,0.0551034407787953,IGFBP7
D3,Primary,MYOGENESIS,1.36689719043959,0.0551034407787953,AGL
D3,Primary,MYOGENESIS,1.36689719043959,0.0551034407787953,SORBS1
D3,Primary,NOTCH_SIGNALING,-1.06126365785478,0.411377288847072,MAML2
D3,Primary,NOTCH_SIGNALING,-1.06126365785478,0.411377288847072,DTX4
D3,Primary,NOTCH_SIGNALING,-1.06126365785478,0.411377288847072,ARRB1
D3,Primary,NOTCH_SIGNALING,-1.06126365785478,0.411377288847072,CUL1
D3,Primary,NOTCH_SIGNALING,-1.06126365785478,0.411377288847072,PSEN2
D3,Primary,NOTCH_SIGNALING,-1.06126365785478,0.411377288847072,TCF7L2
D3,Primary,NOTCH_SIGNALING,-1.06126365785478,0.411377288847072,LFNG
D3,Primary,NOTCH_SIGNALING,-1.06126365785478,0.411377288847072,DTX1
D3,Primary,NOTCH_SIGNALING,-1.06126365785478,0.411377288847072,PPARD
D3,Primary,OXIDATIVE_PHOSPHORYLATION,1.15384411036822,0.247390092487014,NQO2
D3,Primary,OXIDATIVE_PHOSPHORYLATION,1.15384411036822,0.247390092487014,ATP6V1C1
D3,Primary,OXIDATIVE_PHOSPHORYLATION,1.15384411036822,0.247390092487014,POR
D3,Primary,OXIDATIVE_PHOSPHORYLATION,1.15384411036822,0.247390092487014,ATP6V0C
D3,Primary,OXIDATIVE_PHOSPHORYLATION,1.15384411036822,0.247390092487014,LDHA
D3,Primary,OXIDATIVE_PHOSPHORYLATION,1.15384411036822,0.247390092487014,ALAS1
D3,Primary,OXIDATIVE_PHOSPHORYLATION,1.15384411036822,0.247390092487014,OAT
D3,Primary,OXIDATIVE_PHOSPHORYLATION,1.15384411036822,0.247390092487014,NDUFB3
D3,Primary,OXIDATIVE_PHOSPHORYLATION,1.15384411036822,0.247390092487014,COX7A2L
D3,Primary,OXIDATIVE_PHOSPHORYLATION,1.15384411036822,0.247390092487014,MFN2
D3,Primary,OXIDATIVE_PHOSPHORYLATION,1.15384411036822,0.247390092487014,CYB5R3
D3,Primary,OXIDATIVE_PHOSPHORYLATION,1.15384411036822,0.247390092487014,SDHC
D3,Primary,OXIDATIVE_PHOSPHORYLATION,1.15384411036822,0.247390092487014,RHOT1
D3,Primary,OXIDATIVE_PHOSPHORYLATION,1.15384411036822,0.247390092487014,GRPEL1
D3,Primary,OXIDATIVE_PHOSPHORYLATION,1.15384411036822,0.247390092487014,ACAA1
D3,Primary,OXIDATIVE_PHOSPHORYLATION,1.15384411036822,0.247390092487014,ATP6V0B
D3,Primary,OXIDATIVE_PHOSPHORYLATION,1.15384411036822,0.247390092487014,COX6B1
D3,Primary,OXIDATIVE_PHOSPHORYLATION,1.15384411036822,0.247390092487014,SUCLG1
D3,Primary,OXIDATIVE_PHOSPHORYLATION,1.15384411036822,0.247390092487014,ATP6AP1
D3,Primary,OXIDATIVE_PHOSPHORYLATION,1.15384411036822,0.247390092487014,UQCR10
D3,Primary,OXIDATIVE_PHOSPHORYLATION,1.15384411036822,0.247390092487014,ATP6V0E1
D3,Primary,OXIDATIVE_PHOSPHORYLATION,1.15384411036822,0.247390092487014,NDUFA2
D3,Primary,OXIDATIVE_PHOSPHORYLATION,1.15384411036822,0.247390092487014,HTRA2
D3,Primary,OXIDATIVE_PHOSPHORYLATION,1.15384411036822,0.247390092487014,ATP6V1H
D3,Primary,OXIDATIVE_PHOSPHORYLATION,1.15384411036822,0.247390092487014,PRDX3
D3,Primary,OXIDATIVE_PHOSPHORYLATION,1.15384411036822,0.247390092487014,HADHB
D3,Primary,OXIDATIVE_PHOSPHORYLATION,1.15384411036822,0.247390092487014,NDUFA8
D3,Primary,OXIDATIVE_PHOSPHORYLATION,1.15384411036822,0.247390092487014,ACADVL
D3,Primary,OXIDATIVE_PHOSPHORYLATION,1.15384411036822,0.247390092487014,UQCRC1
D3,Primary,OXIDATIVE_PHOSPHORYLATION,1.15384411036822,0.247390092487014,ATP6V1D
D3,Primary,OXIDATIVE_PHOSPHORYLATION,1.15384411036822,0.247390092487014,TIMM8B
D3,Primary,OXIDATIVE_PHOSPHORYLATION,1.15384411036822,0.247390092487014,DLD
D3,Primary,OXIDATIVE_PHOSPHORYLATION,1.15384411036822,0.247390092487014,NDUFA4
D3,Primary,OXIDATIVE_PHOSPHORYLATION,1.15384411036822,0.247390092487014,NDUFS4
D3,Primary,OXIDATIVE_PHOSPHORYLATION,1.15384411036822,0.247390092487014,GPI
D3,Primary,OXIDATIVE_PHOSPHORYLATION,1.15384411036822,0.247390092487014,ATP5MF
D3,Primary,OXIDATIVE_PHOSPHORYLATION,1.15384411036822,0.247390092487014,NDUFC2
D3,Primary,OXIDATIVE_PHOSPHORYLATION,1.15384411036822,0.247390092487014,TCIRG1
D3,Primary,OXIDATIVE_PHOSPHORYLATION,1.15384411036822,0.247390092487014,COX5B
D3,Primary,OXIDATIVE_PHOSPHORYLATION,1.15384411036822,0.247390092487014,ISCU
D3,Primary,OXIDATIVE_PHOSPHORYLATION,1.15384411036822,0.247390092487014,COX6A1
D3,Primary,OXIDATIVE_PHOSPHORYLATION,1.15384411036822,0.247390092487014,SLC25A20
D3,Primary,OXIDATIVE_PHOSPHORYLATION,1.15384411036822,0.247390092487014,ATP5PF
D3,Primary,OXIDATIVE_PHOSPHORYLATION,1.15384411036822,0.247390092487014,BCKDHA
D3,Primary,OXIDATIVE_PHOSPHORYLATION,1.15384411036822,0.247390092487014,SLC25A11
D3,Primary,OXIDATIVE_PHOSPHORYLATION,1.15384411036822,0.247390092487014,GPX4
D3,Primary,OXIDATIVE_PHOSPHORYLATION,1.15384411036822,0.247390092487014,TIMM10
D3,Primary,OXIDATIVE_PHOSPHORYLATION,1.15384411036822,0.247390092487014,ATP5F1B
D3,Primary,OXIDATIVE_PHOSPHORYLATION,1.15384411036822,0.247390092487014,ATP6V1E1
D3,Primary,OXIDATIVE_PHOSPHORYLATION,1.15384411036822,0.247390092487014,ATP6V1F
D3,Primary,OXIDATIVE_PHOSPHORYLATION,1.15384411036822,0.247390092487014,SDHA
D3,Primary,OXIDATIVE_PHOSPHORYLATION,1.15384411036822,0.247390092487014,NDUFA3
D3,Primary,OXIDATIVE_PHOSPHORYLATION,1.15384411036822,0.247390092487014,BAX
D3,Primary,OXIDATIVE_PHOSPHORYLATION,1.15384411036822,0.247390092487014,HADHA
D3,Primary,OXIDATIVE_PHOSPHORYLATION,1.15384411036822,0.247390092487014,UQCR11
D3,Primary,OXIDATIVE_PHOSPHORYLATION,1.15384411036822,0.247390092487014,COX8A
D3,Primary,OXIDATIVE_PHOSPHORYLATION,1.15384411036822,0.247390092487014,CYC1
D3,Primary,OXIDATIVE_PHOSPHORYLATION,1.15384411036822,0.247390092487014,MTRR
D3,Primary,OXIDATIVE_PHOSPHORYLATION,1.15384411036822,0.247390092487014,ECH1
D3,Primary,OXIDATIVE_PHOSPHORYLATION,1.15384411036822,0.247390092487014,NDUFB4
D3,Primary,OXIDATIVE_PHOSPHORYLATION,1.15384411036822,0.247390092487014,TIMM9
D3,Primary,OXIDATIVE_PHOSPHORYLATION,1.15384411036822,0.247390092487014,MTRF1
D3,Primary,OXIDATIVE_PHOSPHORYLATION,1.15384411036822,0.247390092487014,OGDH
D3,Primary,OXIDATIVE_PHOSPHORYLATION,1.15384411036822,0.247390092487014,TIMM13
D3,Primary,OXIDATIVE_PHOSPHORYLATION,1.15384411036822,0.247390092487014,MTX2
D3,Primary,OXIDATIVE_PHOSPHORYLATION,1.15384411036822,0.247390092487014,COX7A2
D3,Primary,OXIDATIVE_PHOSPHORYLATION,1.15384411036822,0.247390092487014,COX5A
D3,Primary,OXIDATIVE_PHOSPHORYLATION,1.15384411036822,0.247390092487014,COX7B
D3,Primary,OXIDATIVE_PHOSPHORYLATION,1.15384411036822,0.247390092487014,PHB2
D3,Primary,OXIDATIVE_PHOSPHORYLATION,1.15384411036822,0.247390092487014,POLR2F
D3,Primary,OXIDATIVE_PHOSPHORYLATION,1.15384411036822,0.247390092487014,HCCS
D3,Primary,OXIDATIVE_PHOSPHORYLATION,1.15384411036822,0.247390092487014,NDUFS2
D3,Primary,OXIDATIVE_PHOSPHORYLATION,1.15384411036822,0.247390092487014,MGST3
D3,Primary,OXIDATIVE_PHOSPHORYLATION,1.15384411036822,0.247390092487014,IDH3G
D3,Primary,OXIDATIVE_PHOSPHORYLATION,1.15384411036822,0.247390092487014,ATP5PD
D3,Primary,OXIDATIVE_PHOSPHORYLATION,1.15384411036822,0.247390092487014,COX15
D3,Primary,OXIDATIVE_PHOSPHORYLATION,1.15384411036822,0.247390092487014,ATP5PB
D3,Primary,OXIDATIVE_PHOSPHORYLATION,1.15384411036822,0.247390092487014,ACO2
D3,Primary,OXIDATIVE_PHOSPHORYLATION,1.15384411036822,0.247390092487014,RETSAT
D3,Primary,OXIDATIVE_PHOSPHORYLATION,1.15384411036822,0.247390092487014,NDUFA7
D3,Primary,OXIDATIVE_PHOSPHORYLATION,1.15384411036822,0.247390092487014,SDHB
D3,Primary,OXIDATIVE_PHOSPHORYLATION,1.15384411036822,0.247390092487014,NDUFAB1
D3,Primary,OXIDATIVE_PHOSPHORYLATION,1.15384411036822,0.247390092487014,ATP6V1G1
D3,Primary,OXIDATIVE_PHOSPHORYLATION,1.15384411036822,0.247390092487014,UQCRFS1
D3,Primary,OXIDATIVE_PHOSPHORYLATION,1.15384411036822,0.247390092487014,MAOB
D3,Primary,OXIDATIVE_PHOSPHORYLATION,1.15384411036822,0.247390092487014,PDHB
D3,Primary,OXIDATIVE_PHOSPHORYLATION,1.15384411036822,0.247390092487014,ATP5F1C
D3,Primary,OXIDATIVE_PHOSPHORYLATION,1.15384411036822,0.247390092487014,ATP5F1E
D3,Primary,P53_PATHWAY,1.62545984520608,0.000362684388422074,NDRG1
D3,Primary,P53_PATHWAY,1.62545984520608,0.000362684388422074,GADD45A
D3,Primary,P53_PATHWAY,1.62545984520608,0.000362684388422074,UPP1
D3,Primary,P53_PATHWAY,1.62545984520608,0.000362684388422074,STOM
D3,Primary,P53_PATHWAY,1.62545984520608,0.000362684388422074,TGFA
D3,Primary,P53_PATHWAY,1.62545984520608,0.000362684388422074,CEBPA
D3,Primary,P53_PATHWAY,1.62545984520608,0.000362684388422074,CCND3
D3,Primary,P53_PATHWAY,1.62545984520608,0.000362684388422074,CDK5R1
D3,Primary,P53_PATHWAY,1.62545984520608,0.000362684388422074,SLC7A11
D3,Primary,P53_PATHWAY,1.62545984520608,0.000362684388422074,SERTAD3
D3,Primary,P53_PATHWAY,1.62545984520608,0.000362684388422074,IER3
D3,Primary,P53_PATHWAY,1.62545984520608,0.000362684388422074,ABHD4
D3,Primary,P53_PATHWAY,1.62545984520608,0.000362684388422074,CTSD
D3,Primary,P53_PATHWAY,1.62545984520608,0.000362684388422074,ACVR1B
D3,Primary,P53_PATHWAY,1.62545984520608,0.000362684388422074,MXD1
D3,Primary,P53_PATHWAY,1.62545984520608,0.000362684388422074,H2AJ
D3,Primary,P53_PATHWAY,1.62545984520608,0.000362684388422074,PPP1R15A
D3,Primary,P53_PATHWAY,1.62545984520608,0.000362684388422074,CD82
D3,Primary,P53_PATHWAY,1.62545984520608,0.000362684388422074,DRAM1
D3,Primary,P53_PATHWAY,1.62545984520608,0.000362684388422074,PRMT2
D3,Primary,P53_PATHWAY,1.62545984520608,0.000362684388422074,BMP2
D3,Primary,P53_PATHWAY,1.62545984520608,0.000362684388422074,TGFB1
D3,Primary,P53_PATHWAY,1.62545984520608,0.000362684388422074,SAT1
D3,Primary,P53_PATHWAY,1.62545984520608,0.000362684388422074,FOS
D3,Primary,P53_PATHWAY,1.62545984520608,0.000362684388422074,ZBTB16
D3,Primary,P53_PATHWAY,1.62545984520608,0.000362684388422074,TOB1
D3,Primary,P53_PATHWAY,1.62545984520608,0.000362684388422074,RGS16
D3,Primary,P53_PATHWAY,1.62545984520608,0.000362684388422074,DDIT3
D3,Primary,P53_PATHWAY,1.62545984520608,0.000362684388422074,TRAFD1
D3,Primary,P53_PATHWAY,1.62545984520608,0.000362684388422074,PTPRE
D3,Primary,P53_PATHWAY,1.62545984520608,0.000362684388422074,SLC3A2
D3,Primary,P53_PATHWAY,1.62545984520608,0.000362684388422074,MKNK2
D3,Primary,P53_PATHWAY,1.62545984520608,0.000362684388422074,NINJ1
D3,Primary,P53_PATHWAY,1.62545984520608,0.000362684388422074,ALOX15B
D3,Primary,P53_PATHWAY,1.62545984520608,0.000362684388422074,HEXIM1
D3,Primary,P53_PATHWAY,1.62545984520608,0.000362684388422074,FGF13
D3,Primary,P53_PATHWAY,1.62545984520608,0.000362684388422074,BTG2
D3,Primary,P53_PATHWAY,1.62545984520608,0.000362684388422074,RXRA
D3,Primary,P53_PATHWAY,1.62545984520608,0.000362684388422074,STEAP3
D3,Primary,P53_PATHWAY,1.62545984520608,0.000362684388422074,RHBDF2
D3,Primary,P53_PATHWAY,1.62545984520608,0.000362684388422074,RAB40C
D3,Primary,P53_PATHWAY,1.62545984520608,0.000362684388422074,SP1
D3,Primary,P53_PATHWAY,1.62545984520608,0.000362684388422074,S100A4
D3,Primary,P53_PATHWAY,1.62545984520608,0.000362684388422074,CYFIP2
D3,Primary,P53_PATHWAY,1.62545984520608,0.000362684388422074,CGRRF1
D3,Primary,P53_PATHWAY,1.62545984520608,0.000362684388422074,APAF1
D3,Primary,P53_PATHWAY,1.62545984520608,0.000362684388422074,OSGIN1
D3,Primary,P53_PATHWAY,1.62545984520608,0.000362684388422074,PPM1D
D3,Primary,P53_PATHWAY,1.62545984520608,0.000362684388422074,PRKAB1
D3,Primary,P53_PATHWAY,1.62545984520608,0.000362684388422074,PLK3
D3,Primary,P53_PATHWAY,1.62545984520608,0.000362684388422074,GM2A
D3,Primary,P53_PATHWAY,1.62545984520608,0.000362684388422074,INHBB
D3,Primary,P53_PATHWAY,1.62545984520608,0.000362684388422074,ZFP36L1
D3,Primary,P53_PATHWAY,1.62545984520608,0.000362684388422074,H2AC25
D3,Primary,P53_PATHWAY,1.62545984520608,0.000362684388422074,PDGFA
D3,Primary,P53_PATHWAY,1.62545984520608,0.000362684388422074,VWA5A
D3,Primary,P53_PATHWAY,1.62545984520608,0.000362684388422074,HMOX1
D3,Primary,P53_PATHWAY,1.62545984520608,0.000362684388422074,RCHY1
D3,Primary,P53_PATHWAY,1.62545984520608,0.000362684388422074,AK1
D3,Primary,P53_PATHWAY,1.62545984520608,0.000362684388422074,IRAK1
D3,Primary,P53_PATHWAY,1.62545984520608,0.000362684388422074,ISCU
D3,Primary,P53_PATHWAY,1.62545984520608,0.000362684388422074,RNF19B
D3,Primary,P53_PATHWAY,1.62545984520608,0.000362684388422074,BAIAP2
D3,Primary,P53_PATHWAY,1.62545984520608,0.000362684388422074,CCNK
D3,Primary,P53_PATHWAY,1.62545984520608,0.000362684388422074,PMM1
D3,Primary,P53_PATHWAY,1.62545984520608,0.000362684388422074,DEF6
D3,Primary,P53_PATHWAY,1.62545984520608,0.000362684388422074,VDR
D3,Primary,P53_PATHWAY,1.62545984520608,0.000362684388422074,HBEGF
D3,Primary,P53_PATHWAY,1.62545984520608,0.000362684388422074,RALGDS
D3,Primary,P53_PATHWAY,1.62545984520608,0.000362684388422074,BAX
D3,Primary,P53_PATHWAY,1.62545984520608,0.000362684388422074,NOTCH1
D3,Primary,P53_PATHWAY,1.62545984520608,0.000362684388422074,APP
D3,Primary,P53_PATHWAY,1.62545984520608,0.000362684388422074,FOXO3
D3,Primary,P53_PATHWAY,1.62545984520608,0.000362684388422074,PLK2
D3,Primary,P53_PATHWAY,1.62545984520608,0.000362684388422074,MXD4
D3,Primary,P53_PATHWAY,1.62545984520608,0.000362684388422074,SDC1
D3,Primary,P53_PATHWAY,1.62545984520608,0.000362684388422074,TAX1BP3
D3,Primary,P53_PATHWAY,1.62545984520608,0.000362684388422074,BTG1
D3,Primary,P53_PATHWAY,1.62545984520608,0.000362684388422074,CASP1
D3,Primary,P53_PATHWAY,1.62545984520608,0.000362684388422074,TAP1
D3,Primary,P53_PATHWAY,1.62545984520608,0.000362684388422074,ATF3
D3,Primary,P53_PATHWAY,1.62545984520608,0.000362684388422074,TRIB3
D3,Primary,P53_PATHWAY,1.62545984520608,0.000362684388422074,RAD51C
D3,Primary,P53_PATHWAY,1.62545984520608,0.000362684388422074,ST14
D3,Primary,P53_PATHWAY,1.62545984520608,0.000362684388422074,ABCC5
D3,Primary,PEROXISOME,1.16817576971283,0.280325990144908,ACSL1
D3,Primary,PEROXISOME,1.16817576971283,0.280325990144908,IDI1
D3,Primary,PEROXISOME,1.16817576971283,0.280325990144908,MVP
D3,Primary,PEROXISOME,1.16817576971283,0.280325990144908,HSD3B7
D3,Primary,PEROXISOME,1.16817576971283,0.280325990144908,ACSL4
D3,Primary,PEROXISOME,1.16817576971283,0.280325990144908,ATXN1
D3,Primary,PEROXISOME,1.16817576971283,0.280325990144908,FIS1
D3,Primary,PEROXISOME,1.16817576971283,0.280325990144908,ACAA1
D3,Primary,PEROXISOME,1.16817576971283,0.280325990144908,ACOX1
D3,Primary,PEROXISOME,1.16817576971283,0.280325990144908,CAT
D3,Primary,PEROXISOME,1.16817576971283,0.280325990144908,PRDX5
D3,Primary,PEROXISOME,1.16817576971283,0.280325990144908,TSPO
D3,Primary,PEROXISOME,1.16817576971283,0.280325990144908,EHHADH
D3,Primary,PEROXISOME,1.16817576971283,0.280325990144908,YWHAH
D3,Primary,PEROXISOME,1.16817576971283,0.280325990144908,ACOT8
D3,Primary,PEROXISOME,1.16817576971283,0.280325990144908,STS
D3,Primary,PEROXISOME,1.16817576971283,0.280325990144908,SOD1
D3,Primary,PEROXISOME,1.16817576971283,0.280325990144908,ELOVL5
D3,Primary,PEROXISOME,1.16817576971283,0.280325990144908,DHCR24
D3,Primary,PEROXISOME,1.16817576971283,0.280325990144908,CTBP1
D3,Primary,PEROXISOME,1.16817576971283,0.280325990144908,SIAH1
D3,Primary,PEROXISOME,1.16817576971283,0.280325990144908,ABCD1
D3,Primary,PEROXISOME,1.16817576971283,0.280325990144908,BCL10
D3,Primary,PEROXISOME,1.16817576971283,0.280325990144908,ECH1
D3,Primary,PEROXISOME,1.16817576971283,0.280325990144908,GSTK1
D3,Primary,PEROXISOME,1.16817576971283,0.280325990144908,HSD11B2
D3,Primary,PEROXISOME,1.16817576971283,0.280325990144908,NUDT19
D3,Primary,PEROXISOME,1.16817576971283,0.280325990144908,HSD17B11
D3,Primary,PEROXISOME,1.16817576971283,0.280325990144908,ABCC5
D3,Primary,PEROXISOME,1.16817576971283,0.280325990144908,TOP2A
D3,Primary,PEROXISOME,1.16817576971283,0.280325990144908,CDK7
D3,Primary,PEROXISOME,1.16817576971283,0.280325990144908,CRAT
D3,Primary,PEROXISOME,1.16817576971283,0.280325990144908,SLC27A2
D3,Primary,PEROXISOME,1.16817576971283,0.280325990144908,PEX2
D3,Primary,PEROXISOME,1.16817576971283,0.280325990144908,RDH11
D3,Primary,PEROXISOME,1.16817576971283,0.280325990144908,RETSAT
D3,Primary,PEROXISOME,1.16817576971283,0.280325990144908,FDPS
D3,Primary,PI3K_AKT_MTOR_SIGNALING,1.8218701005924,0.000171423487780149,SLC2A1
D3,Primary,PI3K_AKT_MTOR_SIGNALING,1.8218701005924,0.000171423487780149,RALB
D3,Primary,PI3K_AKT_MTOR_SIGNALING,1.8218701005924,0.000171423487780149,SLA
D3,Primary,PI3K_AKT_MTOR_SIGNALING,1.8218701005924,0.000171423487780149,MAP2K6
D3,Primary,PI3K_AKT_MTOR_SIGNALING,1.8218701005924,0.000171423487780149,DUSP3
D3,Primary,PI3K_AKT_MTOR_SIGNALING,1.8218701005924,0.000171423487780149,MAP2K3
D3,Primary,PI3K_AKT_MTOR_SIGNALING,1.8218701005924,0.000171423487780149,CDKN1B
D3,Primary,PI3K_AKT_MTOR_SIGNALING,1.8218701005924,0.000171423487780149,TNFRSF1A
D3,Primary,PI3K_AKT_MTOR_SIGNALING,1.8218701005924,0.000171423487780149,CAB39
D3,Primary,PI3K_AKT_MTOR_SIGNALING,1.8218701005924,0.000171423487780149,CFL1
D3,Primary,PI3K_AKT_MTOR_SIGNALING,1.8218701005924,0.000171423487780149,UBE2D3
D3,Primary,PI3K_AKT_MTOR_SIGNALING,1.8218701005924,0.000171423487780149,MYD88
D3,Primary,PI3K_AKT_MTOR_SIGNALING,1.8218701005924,0.000171423487780149,ARF1
D3,Primary,PI3K_AKT_MTOR_SIGNALING,1.8218701005924,0.000171423487780149,RPS6KA1
D3,Primary,PI3K_AKT_MTOR_SIGNALING,1.8218701005924,0.000171423487780149,MKNK1
D3,Primary,PI3K_AKT_MTOR_SIGNALING,1.8218701005924,0.000171423487780149,PFN1
D3,Primary,PI3K_AKT_MTOR_SIGNALING,1.8218701005924,0.000171423487780149,PTEN
D3,Primary,PI3K_AKT_MTOR_SIGNALING,1.8218701005924,0.000171423487780149,AP2M1
D3,Primary,PI3K_AKT_MTOR_SIGNALING,1.8218701005924,0.000171423487780149,RIT1
D3,Primary,PI3K_AKT_MTOR_SIGNALING,1.8218701005924,0.000171423487780149,AKT1S1
D3,Primary,PI3K_AKT_MTOR_SIGNALING,1.8218701005924,0.000171423487780149,MAPK1
D3,Primary,PI3K_AKT_MTOR_SIGNALING,1.8218701005924,0.000171423487780149,YWHAB
D3,Primary,PI3K_AKT_MTOR_SIGNALING,1.8218701005924,0.000171423487780149,DDIT3
D3,Primary,PI3K_AKT_MTOR_SIGNALING,1.8218701005924,0.000171423487780149,MKNK2
D3,Primary,PI3K_AKT_MTOR_SIGNALING,1.8218701005924,0.000171423487780149,PRKAR2A
D3,Primary,PI3K_AKT_MTOR_SIGNALING,1.8218701005924,0.000171423487780149,ARPC3
D3,Primary,PI3K_AKT_MTOR_SIGNALING,1.8218701005924,0.000171423487780149,VAV3
D3,Primary,PI3K_AKT_MTOR_SIGNALING,1.8218701005924,0.000171423487780149,ACTR2
D3,Primary,PI3K_AKT_MTOR_SIGNALING,1.8218701005924,0.000171423487780149,GRK2
D3,Primary,PI3K_AKT_MTOR_SIGNALING,1.8218701005924,0.000171423487780149,ECSIT
D3,Primary,PI3K_AKT_MTOR_SIGNALING,1.8218701005924,0.000171423487780149,PRKAG1
D3,Primary,PI3K_AKT_MTOR_SIGNALING,1.8218701005924,0.000171423487780149,RAF1
D3,Primary,PROTEIN_SECRETION,1.42353154948127,0.0461194863204914,KIF1B
D3,Primary,PROTEIN_SECRETION,1.42353154948127,0.0461194863204914,CD63
D3,Primary,PROTEIN_SECRETION,1.42353154948127,0.0461194863204914,ARF1
D3,Primary,PROTEIN_SECRETION,1.42353154948127,0.0461194863204914,VAMP3
D3,Primary,PROTEIN_SECRETION,1.42353154948127,0.0461194863204914,NAPA
D3,Primary,PROTEIN_SECRETION,1.42353154948127,0.0461194863204914,GNAS
D3,Primary,PROTEIN_SECRETION,1.42353154948127,0.0461194863204914,AP2M1
D3,Primary,PROTEIN_SECRETION,1.42353154948127,0.0461194863204914,MAPK1
D3,Primary,PROTEIN_SECRETION,1.42353154948127,0.0461194863204914,AP2B1
D3,Primary,PROTEIN_SECRETION,1.42353154948127,0.0461194863204914,TSG101
D3,Primary,PROTEIN_SECRETION,1.42353154948127,0.0461194863204914,RAB5A
D3,Primary,PROTEIN_SECRETION,1.42353154948127,0.0461194863204914,AP3S1
D3,Primary,PROTEIN_SECRETION,1.42353154948127,0.0461194863204914,PAM
D3,Primary,PROTEIN_SECRETION,1.42353154948127,0.0461194863204914,AP2S1
D3,Primary,PROTEIN_SECRETION,1.42353154948127,0.0461194863204914,STX16
D3,Primary,PROTEIN_SECRETION,1.42353154948127,0.0461194863204914,SGMS1
D3,Primary,PROTEIN_SECRETION,1.42353154948127,0.0461194863204914,GLA
D3,Primary,PROTEIN_SECRETION,1.42353154948127,0.0461194863204914,SOD1
D3,Primary,PROTEIN_SECRETION,1.42353154948127,0.0461194863204914,STAM
D3,Primary,PROTEIN_SECRETION,1.42353154948127,0.0461194863204914,IGF2R
D3,Primary,PROTEIN_SECRETION,1.42353154948127,0.0461194863204914,SEC22B
D3,Primary,PROTEIN_SECRETION,1.42353154948127,0.0461194863204914,ATP6V1H
D3,Primary,PROTEIN_SECRETION,1.42353154948127,0.0461194863204914,COPE
D3,Primary,PROTEIN_SECRETION,1.42353154948127,0.0461194863204914,LAMP2
D3,Primary,PROTEIN_SECRETION,1.42353154948127,0.0461194863204914,RAB2A
D3,Primary,PROTEIN_SECRETION,1.42353154948127,0.0461194863204914,SNAP23
D3,Primary,PROTEIN_SECRETION,1.42353154948127,0.0461194863204914,AP1G1
D3,Primary,PROTEIN_SECRETION,1.42353154948127,0.0461194863204914,RER1
D3,Primary,PROTEIN_SECRETION,1.42353154948127,0.0461194863204914,SEC24D
D3,Primary,PROTEIN_SECRETION,1.42353154948127,0.0461194863204914,ARFGAP3
D3,Primary,PROTEIN_SECRETION,1.42353154948127,0.0461194863204914,YKT6
D3,Primary,PROTEIN_SECRETION,1.42353154948127,0.0461194863204914,ICA1
D3,Primary,PROTEIN_SECRETION,1.42353154948127,0.0461194863204914,COPB1
D3,Primary,PROTEIN_SECRETION,1.42353154948127,0.0461194863204914,CAV2
D3,Primary,PROTEIN_SECRETION,1.42353154948127,0.0461194863204914,ERGIC3
D3,Primary,PROTEIN_SECRETION,1.42353154948127,0.0461194863204914,RAB14
D3,Primary,PROTEIN_SECRETION,1.42353154948127,0.0461194863204914,VAMP7
D3,Primary,PROTEIN_SECRETION,1.42353154948127,0.0461194863204914,PPT1
D3,Primary,PROTEIN_SECRETION,1.42353154948127,0.0461194863204914,YIPF6
D3,Primary,REACTIVE_OXYGEN_SPECIES_PATHWAY,2.08804295318379,1.84234793154179e-05,GCLM
D3,Primary,REACTIVE_OXYGEN_SPECIES_PATHWAY,2.08804295318379,1.84234793154179e-05,HHEX
D3,Primary,REACTIVE_OXYGEN_SPECIES_PATHWAY,2.08804295318379,1.84234793154179e-05,MSRA
D3,Primary,REACTIVE_OXYGEN_SPECIES_PATHWAY,2.08804295318379,1.84234793154179e-05,LAMTOR5
D3,Primary,REACTIVE_OXYGEN_SPECIES_PATHWAY,2.08804295318379,1.84234793154179e-05,CDKN2D
D3,Primary,REACTIVE_OXYGEN_SPECIES_PATHWAY,2.08804295318379,1.84234793154179e-05,GSR
D3,Primary,REACTIVE_OXYGEN_SPECIES_PATHWAY,2.08804295318379,1.84234793154179e-05,G6PD
D3,Primary,REACTIVE_OXYGEN_SPECIES_PATHWAY,2.08804295318379,1.84234793154179e-05,TXN
D3,Primary,REACTIVE_OXYGEN_SPECIES_PATHWAY,2.08804295318379,1.84234793154179e-05,SBNO2
D3,Primary,REACTIVE_OXYGEN_SPECIES_PATHWAY,2.08804295318379,1.84234793154179e-05,JUNB
D3,Primary,REACTIVE_OXYGEN_SPECIES_PATHWAY,2.08804295318379,1.84234793154179e-05,FES
D3,Primary,REACTIVE_OXYGEN_SPECIES_PATHWAY,2.08804295318379,1.84234793154179e-05,LSP1
D3,Primary,REACTIVE_OXYGEN_SPECIES_PATHWAY,2.08804295318379,1.84234793154179e-05,FTL
D3,Primary,REACTIVE_OXYGEN_SPECIES_PATHWAY,2.08804295318379,1.84234793154179e-05,TXNRD1
D3,Primary,REACTIVE_OXYGEN_SPECIES_PATHWAY,2.08804295318379,1.84234793154179e-05,PRDX2
D3,Primary,REACTIVE_OXYGEN_SPECIES_PATHWAY,2.08804295318379,1.84234793154179e-05,CAT
D3,Primary,REACTIVE_OXYGEN_SPECIES_PATHWAY,2.08804295318379,1.84234793154179e-05,SRXN1
D3,Primary,REACTIVE_OXYGEN_SPECIES_PATHWAY,2.08804295318379,1.84234793154179e-05,GLRX
D3,Primary,REACTIVE_OXYGEN_SPECIES_PATHWAY,2.08804295318379,1.84234793154179e-05,EGLN2
D3,Primary,REACTIVE_OXYGEN_SPECIES_PATHWAY,2.08804295318379,1.84234793154179e-05,PRDX6
D3,Primary,REACTIVE_OXYGEN_SPECIES_PATHWAY,2.08804295318379,1.84234793154179e-05,SOD1
D3,Primary,REACTIVE_OXYGEN_SPECIES_PATHWAY,2.08804295318379,1.84234793154179e-05,MPO
D3,Primary,REACTIVE_OXYGEN_SPECIES_PATHWAY,2.08804295318379,1.84234793154179e-05,MGST1
D3,Primary,REACTIVE_OXYGEN_SPECIES_PATHWAY,2.08804295318379,1.84234793154179e-05,PRNP
D3,Primary,SPERMATOGENESIS,1.04744016994338,0.46426116838488,PGS1
D3,Primary,SPERMATOGENESIS,1.04744016994338,0.46426116838488,AGFG1
D3,Primary,SPERMATOGENESIS,1.04744016994338,0.46426116838488,TLE4
D3,Primary,SPERMATOGENESIS,1.04744016994338,0.46426116838488,CCNA1
D3,Primary,SPERMATOGENESIS,1.04744016994338,0.46426116838488,TALDO1
D3,Primary,SPERMATOGENESIS,1.04744016994338,0.46426116838488,DMC1
D3,Primary,SPERMATOGENESIS,1.04744016994338,0.46426116838488,HSPA1L
D3,Primary,SPERMATOGENESIS,1.04744016994338,0.46426116838488,AURKA
D3,Primary,SPERMATOGENESIS,1.04744016994338,0.46426116838488,PRKAR2A
D3,Primary,SPERMATOGENESIS,1.04744016994338,0.46426116838488,H1-6
D3,Primary,SPERMATOGENESIS,1.04744016994338,0.46426116838488,IP6K1
D3,Primary,SPERMATOGENESIS,1.04744016994338,0.46426116838488,CDKN3
D3,Primary,SPERMATOGENESIS,1.04744016994338,0.46426116838488,BRAF
D3,Primary,SPERMATOGENESIS,1.04744016994338,0.46426116838488,ARL4A
D3,Primary,SPERMATOGENESIS,1.04744016994338,0.46426116838488,CLVS1
D3,Primary,SPERMATOGENESIS,1.04744016994338,0.46426116838488,MAST2
D3,Primary,SPERMATOGENESIS,1.04744016994338,0.46426116838488,GSTM3
D3,Primary,SPERMATOGENESIS,1.04744016994338,0.46426116838488,NCAPH
D3,Primary,TGF_BETA_SIGNALING,1.79970691468057,0.00154292878438729,FKBP1A
D3,Primary,TGF_BETA_SIGNALING,1.79970691468057,0.00154292878438729,RAB31
D3,Primary,TGF_BETA_SIGNALING,1.79970691468057,0.00154292878438729,FURIN
D3,Primary,TGF_BETA_SIGNALING,1.79970691468057,0.00154292878438729,IFNGR2
D3,Primary,TGF_BETA_SIGNALING,1.79970691468057,0.00154292878438729,ID1
D3,Primary,TGF_BETA_SIGNALING,1.79970691468057,0.00154292878438729,UBE2D3
D3,Primary,TGF_BETA_SIGNALING,1.79970691468057,0.00154292878438729,TGFBR1
D3,Primary,TGF_BETA_SIGNALING,1.79970691468057,0.00154292878438729,JUNB
D3,Primary,TGF_BETA_SIGNALING,1.79970691468057,0.00154292878438729,PPP1R15A
D3,Primary,TGF_BETA_SIGNALING,1.79970691468057,0.00154292878438729,BMP2
D3,Primary,TGF_BETA_SIGNALING,1.79970691468057,0.00154292878438729,SPTBN1
D3,Primary,TGF_BETA_SIGNALING,1.79970691468057,0.00154292878438729,SKIL
D3,Primary,TGF_BETA_SIGNALING,1.79970691468057,0.00154292878438729,TGFB1
D3,Primary,TGF_BETA_SIGNALING,1.79970691468057,0.00154292878438729,RHOA
D3,Primary,TGF_BETA_SIGNALING,1.79970691468057,0.00154292878438729,HIPK2
D3,Primary,TGF_BETA_SIGNALING,1.79970691468057,0.00154292878438729,SMAD1
D3,Primary,TGF_BETA_SIGNALING,1.79970691468057,0.00154292878438729,CTNNB1
D3,Primary,TGF_BETA_SIGNALING,1.79970691468057,0.00154292878438729,TGIF1
D3,Primary,TGF_BETA_SIGNALING,1.79970691468057,0.00154292878438729,CDH1
D3,Primary,TGF_BETA_SIGNALING,1.79970691468057,0.00154292878438729,THBS1
D3,Primary,TGF_BETA_SIGNALING,1.79970691468057,0.00154292878438729,PPM1A
D3,Primary,TGF_BETA_SIGNALING,1.79970691468057,0.00154292878438729,PPP1CA
D3,Primary,TNFA_SIGNALING_VIA_NFKB,2.11407447618638,8.91387968854582e-11,PFKFB3
D3,Primary,TNFA_SIGNALING_VIA_NFKB,2.11407447618638,8.91387968854582e-11,LITAF
D3,Primary,TNFA_SIGNALING_VIA_NFKB,2.11407447618638,8.91387968854582e-11,GADD45A
D3,Primary,TNFA_SIGNALING_VIA_NFKB,2.11407447618638,8.91387968854582e-11,GADD45B
D3,Primary,TNFA_SIGNALING_VIA_NFKB,2.11407447618638,8.91387968854582e-11,BCL2A1
D3,Primary,TNFA_SIGNALING_VIA_NFKB,2.11407447618638,8.91387968854582e-11,SLC2A3
D3,Primary,TNFA_SIGNALING_VIA_NFKB,2.11407447618638,8.91387968854582e-11,SOCS3
D3,Primary,TNFA_SIGNALING_VIA_NFKB,2.11407447618638,8.91387968854582e-11,TRIB1
D3,Primary,TNFA_SIGNALING_VIA_NFKB,2.11407447618638,8.91387968854582e-11,NFIL3
D3,Primary,TNFA_SIGNALING_VIA_NFKB,2.11407447618638,8.91387968854582e-11,KLF6
D3,Primary,TNFA_SIGNALING_VIA_NFKB,2.11407447618638,8.91387968854582e-11,B4GALT5
D3,Primary,TNFA_SIGNALING_VIA_NFKB,2.11407447618638,8.91387968854582e-11,MAP2K3
D3,Primary,TNFA_SIGNALING_VIA_NFKB,2.11407447618638,8.91387968854582e-11,MARCKS
D3,Primary,TNFA_SIGNALING_VIA_NFKB,2.11407447618638,8.91387968854582e-11,IER3
D3,Primary,TNFA_SIGNALING_VIA_NFKB,2.11407447618638,8.91387968854582e-11,FOSL2
D3,Primary,TNFA_SIGNALING_VIA_NFKB,2.11407447618638,8.91387968854582e-11,BCL6
D3,Primary,TNFA_SIGNALING_VIA_NFKB,2.11407447618638,8.91387968854582e-11,BCL3
D3,Primary,TNFA_SIGNALING_VIA_NFKB,2.11407447618638,8.91387968854582e-11,CXCL1
D3,Primary,TNFA_SIGNALING_VIA_NFKB,2.11407447618638,8.91387968854582e-11,PNRC1
D3,Primary,TNFA_SIGNALING_VIA_NFKB,2.11407447618638,8.91387968854582e-11,PLPP3
D3,Primary,TNFA_SIGNALING_VIA_NFKB,2.11407447618638,8.91387968854582e-11,IFNGR2
D3,Primary,TNFA_SIGNALING_VIA_NFKB,2.11407447618638,8.91387968854582e-11,MXD1
D3,Primary,TNFA_SIGNALING_VIA_NFKB,2.11407447618638,8.91387968854582e-11,ZC3H12A
D3,Primary,TNFA_SIGNALING_VIA_NFKB,2.11407447618638,8.91387968854582e-11,ETS2
D3,Primary,TNFA_SIGNALING_VIA_NFKB,2.11407447618638,8.91387968854582e-11,JUNB
D3,Primary,TNFA_SIGNALING_VIA_NFKB,2.11407447618638,8.91387968854582e-11,CEBPB
D3,Primary,TNFA_SIGNALING_VIA_NFKB,2.11407447618638,8.91387968854582e-11,LAMB3
D3,Primary,TNFA_SIGNALING_VIA_NFKB,2.11407447618638,8.91387968854582e-11,PPP1R15A
D3,Primary,TNFA_SIGNALING_VIA_NFKB,2.11407447618638,8.91387968854582e-11,NFKBIA
D3,Primary,TNFA_SIGNALING_VIA_NFKB,2.11407447618638,8.91387968854582e-11,IRS2
D3,Primary,TNFA_SIGNALING_VIA_NFKB,2.11407447618638,8.91387968854582e-11,DRAM1
D3,Primary,TNFA_SIGNALING_VIA_NFKB,2.11407447618638,8.91387968854582e-11,TIPARP
D3,Primary,TNFA_SIGNALING_VIA_NFKB,2.11407447618638,8.91387968854582e-11,DUSP1
D3,Primary,TNFA_SIGNALING_VIA_NFKB,2.11407447618638,8.91387968854582e-11,JAG1
D3,Primary,TNFA_SIGNALING_VIA_NFKB,2.11407447618638,8.91387968854582e-11,TNIP1
D3,Primary,TNFA_SIGNALING_VIA_NFKB,2.11407447618638,8.91387968854582e-11,BMP2
D3,Primary,TNFA_SIGNALING_VIA_NFKB,2.11407447618638,8.91387968854582e-11,CSF1
D3,Primary,TNFA_SIGNALING_VIA_NFKB,2.11407447618638,8.91387968854582e-11,ZFP36
D3,Primary,TNFA_SIGNALING_VIA_NFKB,2.11407447618638,8.91387968854582e-11,CD44
D3,Primary,TNFA_SIGNALING_VIA_NFKB,2.11407447618638,8.91387968854582e-11,SERPINB2
D3,Primary,TNFA_SIGNALING_VIA_NFKB,2.11407447618638,8.91387968854582e-11,CEBPD
D3,Primary,TNFA_SIGNALING_VIA_NFKB,2.11407447618638,8.91387968854582e-11,PLAU
D3,Primary,TNFA_SIGNALING_VIA_NFKB,2.11407447618638,8.91387968854582e-11,VEGFA
D3,Primary,TNFA_SIGNALING_VIA_NFKB,2.11407447618638,8.91387968854582e-11,SAT1
D3,Primary,TNFA_SIGNALING_VIA_NFKB,2.11407447618638,8.91387968854582e-11,FOS
D3,Primary,TNFA_SIGNALING_VIA_NFKB,2.11407447618638,8.91387968854582e-11,EFNA1
D3,Primary,TNFA_SIGNALING_VIA_NFKB,2.11407447618638,8.91387968854582e-11,PHLDA1
D3,Primary,TNFA_SIGNALING_VIA_NFKB,2.11407447618638,8.91387968854582e-11,EHD1
D3,Primary,TNFA_SIGNALING_VIA_NFKB,2.11407447618638,8.91387968854582e-11,PTPRE
D3,Primary,TNFA_SIGNALING_VIA_NFKB,2.11407447618638,8.91387968854582e-11,PER1
D3,Primary,TNFA_SIGNALING_VIA_NFKB,2.11407447618638,8.91387968854582e-11,NINJ1
D3,Primary,TNFA_SIGNALING_VIA_NFKB,2.11407447618638,8.91387968854582e-11,F2RL1
D3,Primary,TNFA_SIGNALING_VIA_NFKB,2.11407447618638,8.91387968854582e-11,MAP3K8
D3,Primary,TNFA_SIGNALING_VIA_NFKB,2.11407447618638,8.91387968854582e-11,IER2
D3,Primary,TNFA_SIGNALING_VIA_NFKB,2.11407447618638,8.91387968854582e-11,IL18
D3,Primary,TNFA_SIGNALING_VIA_NFKB,2.11407447618638,8.91387968854582e-11,DENND5A
D3,Primary,TNFA_SIGNALING_VIA_NFKB,2.11407447618638,8.91387968854582e-11,MAFF
D3,Primary,TNFA_SIGNALING_VIA_NFKB,2.11407447618638,8.91387968854582e-11,NAMPT
D3,Primary,TNFA_SIGNALING_VIA_NFKB,2.11407447618638,8.91387968854582e-11,BTG2
D3,Primary,TNFA_SIGNALING_VIA_NFKB,2.11407447618638,8.91387968854582e-11,RHOB
D3,Primary,TNFA_SIGNALING_VIA_NFKB,2.11407447618638,8.91387968854582e-11,LDLR
D3,Primary,TNFA_SIGNALING_VIA_NFKB,2.11407447618638,8.91387968854582e-11,STAT5A
D3,Primary,TNFA_SIGNALING_VIA_NFKB,2.11407447618638,8.91387968854582e-11,PTX3
D3,Primary,TNFA_SIGNALING_VIA_NFKB,2.11407447618638,8.91387968854582e-11,TGIF1
D3,Primary,TNFA_SIGNALING_VIA_NFKB,2.11407447618638,8.91387968854582e-11,EGR1
D3,Primary,TNFA_SIGNALING_VIA_NFKB,2.11407447618638,8.91387968854582e-11,PLEK
D3,Primary,TNFA_SIGNALING_VIA_NFKB,2.11407447618638,8.91387968854582e-11,G0S2
D3,Primary,TNFA_SIGNALING_VIA_NFKB,2.11407447618638,8.91387968854582e-11,RCAN1
D3,Primary,TNFA_SIGNALING_VIA_NFKB,2.11407447618638,8.91387968854582e-11,CCNL1
D3,Primary,TNFA_SIGNALING_VIA_NFKB,2.11407447618638,8.91387968854582e-11,AREG
D3,Primary,TNFA_SIGNALING_VIA_NFKB,2.11407447618638,8.91387968854582e-11,TNFAIP6
D3,Primary,TNFA_SIGNALING_VIA_NFKB,2.11407447618638,8.91387968854582e-11,KDM6B
D3,Primary,TNFA_SIGNALING_VIA_NFKB,2.11407447618638,8.91387968854582e-11,KLF9
D3,Primary,TNFA_SIGNALING_VIA_NFKB,2.11407447618638,8.91387968854582e-11,TLR2
D3,Primary,TNFA_SIGNALING_VIA_NFKB,2.11407447618638,8.91387968854582e-11,SDC4
D3,Primary,TNFA_SIGNALING_VIA_NFKB,2.11407447618638,8.91387968854582e-11,TNIP2
D3,Primary,TNFA_SIGNALING_VIA_NFKB,2.11407447618638,8.91387968854582e-11,TUBB2A
D3,Primary,TNFA_SIGNALING_VIA_NFKB,2.11407447618638,8.91387968854582e-11,SERPINB8
D3,Primary,TNFA_SIGNALING_VIA_NFKB,2.11407447618638,8.91387968854582e-11,RELA
D3,Primary,TNFA_SIGNALING_VIA_NFKB,2.11407447618638,8.91387968854582e-11,IRF1
D3,Primary,TNFA_SIGNALING_VIA_NFKB,2.11407447618638,8.91387968854582e-11,CFLAR
D3,Primary,TNFA_SIGNALING_VIA_NFKB,2.11407447618638,8.91387968854582e-11,PDLIM5
D3,Primary,TNFA_SIGNALING_VIA_NFKB,2.11407447618638,8.91387968854582e-11,INHBA
D3,Primary,TNFA_SIGNALING_VIA_NFKB,2.11407447618638,8.91387968854582e-11,RELB
D3,Primary,TNFA_SIGNALING_VIA_NFKB,2.11407447618638,8.91387968854582e-11,EIF1
D3,Primary,TNFA_SIGNALING_VIA_NFKB,2.11407447618638,8.91387968854582e-11,SQSTM1
D3,Primary,TNFA_SIGNALING_VIA_NFKB,2.11407447618638,8.91387968854582e-11,NFKB1
D3,Primary,TNFA_SIGNALING_VIA_NFKB,2.11407447618638,8.91387968854582e-11,CCRL2
D3,Primary,TNFA_SIGNALING_VIA_NFKB,2.11407447618638,8.91387968854582e-11,RNF19B
D3,Primary,TNFA_SIGNALING_VIA_NFKB,2.11407447618638,8.91387968854582e-11,PTGS2
D3,Primary,TNFA_SIGNALING_VIA_NFKB,2.11407447618638,8.91387968854582e-11,YRDC
D3,Primary,UNFOLDED_PROTEIN_RESPONSE,-0.876703942296488,0.826687116564417,FUS
D3,Primary,UNFOLDED_PROTEIN_RESPONSE,-0.876703942296488,0.826687116564417,NOP56
D3,Primary,UNFOLDED_PROTEIN_RESPONSE,-0.876703942296488,0.826687116564417,NOP14
D3,Primary,UNFOLDED_PROTEIN_RESPONSE,-0.876703942296488,0.826687116564417,EXOSC10
D3,Primary,UNFOLDED_PROTEIN_RESPONSE,-0.876703942296488,0.826687116564417,HSPA9
D3,Primary,UNFOLDED_PROTEIN_RESPONSE,-0.876703942296488,0.826687116564417,IARS1
D3,Primary,UNFOLDED_PROTEIN_RESPONSE,-0.876703942296488,0.826687116564417,PARN
D3,Primary,UNFOLDED_PROTEIN_RESPONSE,-0.876703942296488,0.826687116564417,SKIC3
D3,Primary,UNFOLDED_PROTEIN_RESPONSE,-0.876703942296488,0.826687116564417,DKC1
D3,Primary,UNFOLDED_PROTEIN_RESPONSE,-0.876703942296488,0.826687116564417,CNOT2
D3,Primary,UNFOLDED_PROTEIN_RESPONSE,-0.876703942296488,0.826687116564417,NPM1
D3,Primary,UNFOLDED_PROTEIN_RESPONSE,-0.876703942296488,0.826687116564417,EIF2AK3
D3,Primary,UNFOLDED_PROTEIN_RESPONSE,-0.876703942296488,0.826687116564417,IMP3
D3,Primary,UNFOLDED_PROTEIN_RESPONSE,-0.876703942296488,0.826687116564417,SDAD1
D3,Primary,UNFOLDED_PROTEIN_RESPONSE,-0.876703942296488,0.826687116564417,EXOSC2
D3,Primary,UNFOLDED_PROTEIN_RESPONSE,-0.876703942296488,0.826687116564417,EXOSC9
D3,Primary,UNFOLDED_PROTEIN_RESPONSE,-0.876703942296488,0.826687116564417,WFS1
D3,Primary,UNFOLDED_PROTEIN_RESPONSE,-0.876703942296488,0.826687116564417,HSP90B1
D3,Primary,UNFOLDED_PROTEIN_RESPONSE,-0.876703942296488,0.826687116564417,DDX10
D3,Primary,UNFOLDED_PROTEIN_RESPONSE,-0.876703942296488,0.826687116564417,TSPYL2
D3,Primary,UNFOLDED_PROTEIN_RESPONSE,-0.876703942296488,0.826687116564417,EDEM1
D3,Primary,UNFOLDED_PROTEIN_RESPONSE,-0.876703942296488,0.826687116564417,SLC1A4
D3,Primary,UNFOLDED_PROTEIN_RESPONSE,-0.876703942296488,0.826687116564417,XPOT
D3,Primary,UNFOLDED_PROTEIN_RESPONSE,-0.876703942296488,0.826687116564417,LSM4
D3,Primary,UNFOLDED_PROTEIN_RESPONSE,-0.876703942296488,0.826687116564417,ALDH18A1
D3,Primary,UNFOLDED_PROTEIN_RESPONSE,-0.876703942296488,0.826687116564417,MTREX
D3,Primary,UNFOLDED_PROTEIN_RESPONSE,-0.876703942296488,0.826687116564417,GEMIN4
D3,Primary,UNFOLDED_PROTEIN_RESPONSE,-0.876703942296488,0.826687116564417,SEC31A
D3,Primary,UV_RESPONSE_DN,1.28039414914819,0.127340607674747,MAPK14
D3,Primary,UV_RESPONSE_DN,1.28039414914819,0.127340607674747,PTGFR
D3,Primary,UV_RESPONSE_DN,1.28039414914819,0.127340607674747,PPARG
D3,Primary,UV_RESPONSE_DN,1.28039414914819,0.127340607674747,DLC1
D3,Primary,UV_RESPONSE_DN,1.28039414914819,0.127340607674747,CDKN1B
D3,Primary,UV_RESPONSE_DN,1.28039414914819,0.127340607674747,GCNT1
D3,Primary,UV_RESPONSE_DN,1.28039414914819,0.127340607674747,ATP2B4
D3,Primary,UV_RESPONSE_DN,1.28039414914819,0.127340607674747,PLPP3
D3,Primary,UV_RESPONSE_DN,1.28039414914819,0.127340607674747,ID1
D3,Primary,UV_RESPONSE_DN,1.28039414914819,0.127340607674747,CITED2
D3,Primary,UV_RESPONSE_DN,1.28039414914819,0.127340607674747,DUSP1
D3,Primary,UV_RESPONSE_DN,1.28039414914819,0.127340607674747,RASA2
D3,Primary,UV_RESPONSE_DN,1.28039414914819,0.127340607674747,PTEN
D3,Primary,UV_RESPONSE_DN,1.28039414914819,0.127340607674747,ATXN1
D3,Primary,UV_RESPONSE_DN,1.28039414914819,0.127340607674747,VLDLR
D3,Primary,UV_RESPONSE_DN,1.28039414914819,0.127340607674747,SRI
D3,Primary,UV_RESPONSE_DN,1.28039414914819,0.127340607674747,IGF1R
D3,Primary,UV_RESPONSE_DN,1.28039414914819,0.127340607674747,ADD3
D3,Primary,UV_RESPONSE_DN,1.28039414914819,0.127340607674747,SCN8A
D3,Primary,UV_RESPONSE_DN,1.28039414914819,0.127340607674747,APBB2
D3,Primary,UV_RESPONSE_DN,1.28039414914819,0.127340607674747,NR3C1
D3,Primary,UV_RESPONSE_DN,1.28039414914819,0.127340607674747,PIK3CD
D3,Primary,UV_RESPONSE_DN,1.28039414914819,0.127340607674747,LDLR
D3,Primary,UV_RESPONSE_DN,1.28039414914819,0.127340607674747,RXRA
D3,Primary,UV_RESPONSE_DN,1.28039414914819,0.127340607674747,SYNE1
D3,Primary,UV_RESPONSE_DN,1.28039414914819,0.127340607674747,WDR37
D3,Primary,UV_RESPONSE_DN,1.28039414914819,0.127340607674747,FHL2
D3,Primary,UV_RESPONSE_DN,1.28039414914819,0.127340607674747,NFIB
D3,Primary,UV_RESPONSE_UP,1.75070421473473,0.000146916485242521,TUBA4A
D3,Primary,UV_RESPONSE_UP,1.75070421473473,0.000146916485242521,CCND3
D3,Primary,UV_RESPONSE_UP,1.75070421473473,0.000146916485242521,ARRB2
D3,Primary,UV_RESPONSE_UP,1.75070421473473,0.000146916485242521,ATP6V1C1
D3,Primary,UV_RESPONSE_UP,1.75070421473473,0.000146916485242521,GRINA
D3,Primary,UV_RESPONSE_UP,1.75070421473473,0.000146916485242521,ALAS1
D3,Primary,UV_RESPONSE_UP,1.75070421473473,0.000146916485242521,FURIN
D3,Primary,UV_RESPONSE_UP,1.75070421473473,0.000146916485242521,ALDOA
D3,Primary,UV_RESPONSE_UP,1.75070421473473,0.000146916485242521,CA2
D3,Primary,UV_RESPONSE_UP,1.75070421473473,0.000146916485242521,UROD
D3,Primary,UV_RESPONSE_UP,1.75070421473473,0.000146916485242521,JUNB
D3,Primary,UV_RESPONSE_UP,1.75070421473473,0.000146916485242521,NFKBIA
D3,Primary,UV_RESPONSE_UP,1.75070421473473,0.000146916485242521,CYB5R1
D3,Primary,UV_RESPONSE_UP,1.75070421473473,0.000146916485242521,CDC34
D3,Primary,UV_RESPONSE_UP,1.75070421473473,0.000146916485242521,LYN
D3,Primary,UV_RESPONSE_UP,1.75070421473473,0.000146916485242521,BMP2
D3,Primary,UV_RESPONSE_UP,1.75070421473473,0.000146916485242521,RAB27A
D3,Primary,UV_RESPONSE_UP,1.75070421473473,0.000146916485242521,BSG
D3,Primary,UV_RESPONSE_UP,1.75070421473473,0.000146916485242521,PRKCD
D3,Primary,UV_RESPONSE_UP,1.75070421473473,0.000146916485242521,TFRC
D3,Primary,UV_RESPONSE_UP,1.75070421473473,0.000146916485242521,GGH
D3,Primary,UV_RESPONSE_UP,1.75070421473473,0.000146916485242521,GRPEL1
D3,Primary,UV_RESPONSE_UP,1.75070421473473,0.000146916485242521,SULT1A1
D3,Primary,UV_RESPONSE_UP,1.75070421473473,0.000146916485242521,ACAA1
D3,Primary,UV_RESPONSE_UP,1.75070421473473,0.000146916485242521,FOS
D3,Primary,UV_RESPONSE_UP,1.75070421473473,0.000146916485242521,SHOX2
D3,Primary,UV_RESPONSE_UP,1.75070421473473,0.000146916485242521,BTG2
D3,Primary,UV_RESPONSE_UP,1.75070421473473,0.000146916485242521,MAOA
D3,Primary,UV_RESPONSE_UP,1.75070421473473,0.000146916485242521,AP2S1
D3,Primary,UV_RESPONSE_UP,1.75070421473473,0.000146916485242521,SLC6A8
D3,Primary,UV_RESPONSE_UP,1.75070421473473,0.000146916485242521,RHOB
D3,Primary,UV_RESPONSE_UP,1.75070421473473,0.000146916485242521,KCNH2
D3,Primary,UV_RESPONSE_UP,1.75070421473473,0.000146916485242521,PDAP1
D3,Primary,UV_RESPONSE_UP,1.75070421473473,0.000146916485242521,STARD3
D3,Primary,UV_RESPONSE_UP,1.75070421473473,0.000146916485242521,WIZ
D3,Primary,UV_RESPONSE_UP,1.75070421473473,0.000146916485242521,PRKACA
D3,Primary,UV_RESPONSE_UP,1.75070421473473,0.000146916485242521,NUP58
D3,Primary,UV_RESPONSE_UP,1.75070421473473,0.000146916485242521,TST
D3,Primary,UV_RESPONSE_UP,1.75070421473473,0.000146916485242521,RXRB
D3,Primary,UV_RESPONSE_UP,1.75070421473473,0.000146916485242521,DGAT1
D3,Primary,UV_RESPONSE_UP,1.75070421473473,0.000146916485242521,KLHDC3
D3,Primary,UV_RESPONSE_UP,1.75070421473473,0.000146916485242521,TMBIM6
D3,Primary,UV_RESPONSE_UP,1.75070421473473,0.000146916485242521,HYAL2
D3,Primary,UV_RESPONSE_UP,1.75070421473473,0.000146916485242521,IRF1
D3,Primary,UV_RESPONSE_UP,1.75070421473473,0.000146916485242521,HMOX1
D3,Primary,UV_RESPONSE_UP,1.75070421473473,0.000146916485242521,MARK2
D3,Primary,UV_RESPONSE_UP,1.75070421473473,0.000146916485242521,APOM
D3,Primary,UV_RESPONSE_UP,1.75070421473473,0.000146916485242521,CREG1
D3,Primary,UV_RESPONSE_UP,1.75070421473473,0.000146916485242521,SQSTM1
D3,Primary,UV_RESPONSE_UP,1.75070421473473,0.000146916485242521,TARS1
D3,Primary,UV_RESPONSE_UP,1.75070421473473,0.000146916485242521,NAT1
D3,Primary,UV_RESPONSE_UP,1.75070421473473,0.000146916485242521,YKT6
D3,Primary,UV_RESPONSE_UP,1.75070421473473,0.000146916485242521,ATP6V1F
D3,Primary,UV_RESPONSE_UP,1.75070421473473,0.000146916485242521,MGAT1
D3,Primary,UV_RESPONSE_UP,1.75070421473473,0.000146916485242521,ICAM1
D3,Primary,UV_RESPONSE_UP,1.75070421473473,0.000146916485242521,DNAJA1
D3,Primary,UV_RESPONSE_UP,1.75070421473473,0.000146916485242521,H2AX
D3,Primary,UV_RESPONSE_UP,1.75070421473473,0.000146916485242521,BTG1
D3,Primary,UV_RESPONSE_UP,1.75070421473473,0.000146916485242521,PPT1
D3,Primary,UV_RESPONSE_UP,1.75070421473473,0.000146916485242521,TAP1
D3,Primary,UV_RESPONSE_UP,1.75070421473473,0.000146916485242521,CLCN2
D3,Primary,UV_RESPONSE_UP,1.75070421473473,0.000146916485242521,DNAJB1
D3,Primary,UV_RESPONSE_UP,1.75070421473473,0.000146916485242521,ATF3
D3,Primary,UV_RESPONSE_UP,1.75070421473473,0.000146916485242521,STK25
D3,Primary,UV_RESPONSE_UP,1.75070421473473,0.000146916485242521,CLTB
D3,Primary,WNT_BETA_CATENIN_SIGNALING,-1.38585221560631,0.0941236210811024,SKP2
D3,Primary,WNT_BETA_CATENIN_SIGNALING,-1.38585221560631,0.0941236210811024,LEF1
D3,Primary,WNT_BETA_CATENIN_SIGNALING,-1.38585221560631,0.0941236210811024,TCF7
D3,Primary,WNT_BETA_CATENIN_SIGNALING,-1.38585221560631,0.0941236210811024,CCND2
D3,Primary,WNT_BETA_CATENIN_SIGNALING,-1.38585221560631,0.0941236210811024,PTCH1
D3,Primary,WNT_BETA_CATENIN_SIGNALING,-1.38585221560631,0.0941236210811024,CUL1
D3,Primary,WNT_BETA_CATENIN_SIGNALING,-1.38585221560631,0.0941236210811024,PSEN2
D3,Primary,XENOBIOTIC_METABOLISM,1.60869187903379,0.0017641417018107,PGD
D3,Primary,XENOBIOTIC_METABOLISM,1.60869187903379,0.0017641417018107,UPP1
D3,Primary,XENOBIOTIC_METABOLISM,1.60869187903379,0.0017641417018107,DDAH2
D3,Primary,XENOBIOTIC_METABOLISM,1.60869187903379,0.0017641417018107,POR
D3,Primary,XENOBIOTIC_METABOLISM,1.60869187903379,0.0017641417018107,PINK1
D3,Primary,XENOBIOTIC_METABOLISM,1.60869187903379,0.0017641417018107,GSR
D3,Primary,XENOBIOTIC_METABOLISM,1.60869187903379,0.0017641417018107,CDA
D3,Primary,XENOBIOTIC_METABOLISM,1.60869187903379,0.0017641417018107,TNFRSF1A
D3,Primary,XENOBIOTIC_METABOLISM,1.60869187903379,0.0017641417018107,ARG1
D3,Primary,XENOBIOTIC_METABOLISM,1.60869187903379,0.0017641417018107,ALAS1
D3,Primary,XENOBIOTIC_METABOLISM,1.60869187903379,0.0017641417018107,SMOX
D3,Primary,XENOBIOTIC_METABOLISM,1.60869187903379,0.0017641417018107,AQP9
D3,Primary,XENOBIOTIC_METABOLISM,1.60869187903379,0.0017641417018107,ETS2
D3,Primary,XENOBIOTIC_METABOLISM,1.60869187903379,0.0017641417018107,GABARAPL1
D3,Primary,XENOBIOTIC_METABOLISM,1.60869187903379,0.0017641417018107,CA2
D3,Primary,XENOBIOTIC_METABOLISM,1.60869187903379,0.0017641417018107,RAP1GAP
D3,Primary,XENOBIOTIC_METABOLISM,1.60869187903379,0.0017641417018107,TPST1
D3,Primary,XENOBIOTIC_METABOLISM,1.60869187903379,0.0017641417018107,PTGR1
D3,Primary,XENOBIOTIC_METABOLISM,1.60869187903379,0.0017641417018107,ARG2
D3,Primary,XENOBIOTIC_METABOLISM,1.60869187903379,0.0017641417018107,DHRS7
D3,Primary,XENOBIOTIC_METABOLISM,1.60869187903379,0.0017641417018107,VNN1
D3,Primary,XENOBIOTIC_METABOLISM,1.60869187903379,0.0017641417018107,ACOX1
D3,Primary,XENOBIOTIC_METABOLISM,1.60869187903379,0.0017641417018107,MARCHF6
D3,Primary,XENOBIOTIC_METABOLISM,1.60869187903379,0.0017641417018107,SLC6A6
D3,Primary,XENOBIOTIC_METABOLISM,1.60869187903379,0.0017641417018107,FAH
D3,Primary,XENOBIOTIC_METABOLISM,1.60869187903379,0.0017641417018107,CAT
D3,Primary,XENOBIOTIC_METABOLISM,1.60869187903379,0.0017641417018107,NINJ1
D3,Primary,XENOBIOTIC_METABOLISM,1.60869187903379,0.0017641417018107,HES6
D3,Primary,XENOBIOTIC_METABOLISM,1.60869187903379,0.0017641417018107,PYCR1
D3,Primary,XENOBIOTIC_METABOLISM,1.60869187903379,0.0017641417018107,MAOA
D3,Primary,XENOBIOTIC_METABOLISM,1.60869187903379,0.0017641417018107,UPB1
D3,Primary,XENOBIOTIC_METABOLISM,1.60869187903379,0.0017641417018107,GSTO1
D3,Primary,XENOBIOTIC_METABOLISM,1.60869187903379,0.0017641417018107,CES1
D3,Primary,XENOBIOTIC_METABOLISM,1.60869187903379,0.0017641417018107,BLVRB
D3,Primary,XENOBIOTIC_METABOLISM,1.60869187903379,0.0017641417018107,SLC1A5
D3,Primary,XENOBIOTIC_METABOLISM,1.60869187903379,0.0017641417018107,GCNT2
D3,Primary,XENOBIOTIC_METABOLISM,1.60869187903379,0.0017641417018107,CYFIP2
D3,Primary,XENOBIOTIC_METABOLISM,1.60869187903379,0.0017641417018107,ELOVL5
D3,Primary,XENOBIOTIC_METABOLISM,1.60869187903379,0.0017641417018107,TMBIM6
D3,Primary,XENOBIOTIC_METABOLISM,1.60869187903379,0.0017641417018107,LPIN2
D3,Primary,XENOBIOTIC_METABOLISM,1.60869187903379,0.0017641417018107,PDLIM5
D3,Primary,XENOBIOTIC_METABOLISM,1.60869187903379,0.0017641417018107,HMOX1
D3,Primary,XENOBIOTIC_METABOLISM,1.60869187903379,0.0017641417018107,IL1R1
D3,Primary,XENOBIOTIC_METABOLISM,1.60869187903379,0.0017641417018107,SERTAD1
D3,PH_pass,ADIPOGENESIS,1.64411807321181,0.000349628614432909,PFKFB3
D3,PH_pass,ADIPOGENESIS,1.64411807321181,0.000349628614432909,GADD45A
D3,PH_pass,ADIPOGENESIS,1.64411807321181,0.000349628614432909,STOM
D3,PH_pass,ADIPOGENESIS,1.64411807321181,0.000349628614432909,PGM1
D3,PH_pass,ADIPOGENESIS,1.64411807321181,0.000349628614432909,SQOR
D3,PH_pass,ADIPOGENESIS,1.64411807321181,0.000349628614432909,POR
D3,PH_pass,ADIPOGENESIS,1.64411807321181,0.000349628614432909,DHCR7
D3,PH_pass,ADIPOGENESIS,1.64411807321181,0.000349628614432909,PPARG
D3,PH_pass,ADIPOGENESIS,1.64411807321181,0.000349628614432909,BCL6
D3,PH_pass,ADIPOGENESIS,1.64411807321181,0.000349628614432909,RTN3
D3,PH_pass,ADIPOGENESIS,1.64411807321181,0.000349628614432909,LPCAT3
D3,PH_pass,ADIPOGENESIS,1.64411807321181,0.000349628614432909,ALDOA
D3,PH_pass,ADIPOGENESIS,1.64411807321181,0.000349628614432909,TKT
D3,PH_pass,ADIPOGENESIS,1.64411807321181,0.000349628614432909,DHRS7B
D3,PH_pass,ADIPOGENESIS,1.64411807321181,0.000349628614432909,ITGA7
D3,PH_pass,ADIPOGENESIS,1.64411807321181,0.000349628614432909,GBE1
D3,PH_pass,ADIPOGENESIS,1.64411807321181,0.000349628614432909,DHRS7
D3,PH_pass,ADIPOGENESIS,1.64411807321181,0.000349628614432909,SDHC
D3,PH_pass,ADIPOGENESIS,1.64411807321181,0.000349628614432909,TALDO1
D3,PH_pass,ADIPOGENESIS,1.64411807321181,0.000349628614432909,ARAF
D3,PH_pass,ADIPOGENESIS,1.64411807321181,0.000349628614432909,RETN
D3,PH_pass,ADIPOGENESIS,1.64411807321181,0.000349628614432909,IFNGR1
D3,PH_pass,ADIPOGENESIS,1.64411807321181,0.000349628614432909,GRPEL1
D3,PH_pass,ADIPOGENESIS,1.64411807321181,0.000349628614432909,SULT1A1
D3,PH_pass,ADIPOGENESIS,1.64411807321181,0.000349628614432909,PIM3
D3,PH_pass,ADIPOGENESIS,1.64411807321181,0.000349628614432909,TOB1
D3,PH_pass,ADIPOGENESIS,1.64411807321181,0.000349628614432909,ORM1
D3,PH_pass,ADIPOGENESIS,1.64411807321181,0.000349628614432909,ACOX1
D3,PH_pass,ADIPOGENESIS,1.64411807321181,0.000349628614432909,GPAT4
D3,PH_pass,ADIPOGENESIS,1.64411807321181,0.000349628614432909,FAH
D3,PH_pass,ADIPOGENESIS,1.64411807321181,0.000349628614432909,CD151
D3,PH_pass,ADIPOGENESIS,1.64411807321181,0.000349628614432909,CCNG2
D3,PH_pass,ADIPOGENESIS,1.64411807321181,0.000349628614432909,SUCLG1
D3,PH_pass,ADIPOGENESIS,1.64411807321181,0.000349628614432909,CDKN2C
D3,PH_pass,ADIPOGENESIS,1.64411807321181,0.000349628614432909,GPD2
D3,PH_pass,ADIPOGENESIS,1.64411807321181,0.000349628614432909,PPM1B
D3,PH_pass,ADIPOGENESIS,1.64411807321181,0.000349628614432909,STAT5A
D3,PH_pass,ADIPOGENESIS,1.64411807321181,0.000349628614432909,UBC
D3,PH_pass,ADIPOGENESIS,1.64411807321181,0.000349628614432909,UQCR10
D3,PH_pass,ADIPOGENESIS,1.64411807321181,0.000349628614432909,SLC1A5
D3,PH_pass,ADIPOGENESIS,1.64411807321181,0.000349628614432909,ADIPOR2
D3,PH_pass,ADIPOGENESIS,1.64411807321181,0.000349628614432909,PPP1R15B
D3,PH_pass,ADIPOGENESIS,1.64411807321181,0.000349628614432909,TST
D3,PH_pass,ADIPOGENESIS,1.64411807321181,0.000349628614432909,SOD1
D3,PH_pass,ADIPOGENESIS,1.64411807321181,0.000349628614432909,ARL4A
D3,PH_pass,ADIPOGENESIS,1.64411807321181,0.000349628614432909,DGAT1
D3,PH_pass,ADIPOGENESIS,1.64411807321181,0.000349628614432909,PRDX3
D3,PH_pass,ADIPOGENESIS,1.64411807321181,0.000349628614432909,NABP1
D3,PH_pass,ADIPOGENESIS,1.64411807321181,0.000349628614432909,UQCRC1
D3,PH_pass,ADIPOGENESIS,1.64411807321181,0.000349628614432909,DLD
D3,PH_pass,ADIPOGENESIS,1.64411807321181,0.000349628614432909,COX6A1
D3,PH_pass,ADIPOGENESIS,1.64411807321181,0.000349628614432909,GHITM
D3,PH_pass,ADIPOGENESIS,1.64411807321181,0.000349628614432909,MIGA2
D3,PH_pass,ADIPOGENESIS,1.64411807321181,0.000349628614432909,BCKDHA
D3,PH_pass,ADIPOGENESIS,1.64411807321181,0.000349628614432909,ELMOD3
D3,PH_pass,ADIPOGENESIS,1.64411807321181,0.000349628614432909,GPX4
D3,PH_pass,ADIPOGENESIS,1.64411807321181,0.000349628614432909,YWHAG
D3,PH_pass,ADIPOGENESIS,1.64411807321181,0.000349628614432909,BCL2L13
D3,PH_pass,ADIPOGENESIS,1.64411807321181,0.000349628614432909,UQCR11
D3,PH_pass,ADIPOGENESIS,1.64411807321181,0.000349628614432909,CHUK
D3,PH_pass,ADIPOGENESIS,1.64411807321181,0.000349628614432909,COX8A
D3,PH_pass,ADIPOGENESIS,1.64411807321181,0.000349628614432909,CYC1
D3,PH_pass,ADIPOGENESIS,1.64411807321181,0.000349628614432909,SLC25A10
D3,PH_pass,ADIPOGENESIS,1.64411807321181,0.000349628614432909,ITSN1
D3,PH_pass,ADIPOGENESIS,1.64411807321181,0.000349628614432909,ECH1
D3,PH_pass,ADIPOGENESIS,1.64411807321181,0.000349628614432909,UBQLN1
D3,PH_pass,ADIPOGENESIS,1.64411807321181,0.000349628614432909,RNF11
D3,PH_pass,ADIPOGENESIS,1.64411807321181,0.000349628614432909,PREB
D3,PH_pass,ADIPOGENESIS,1.64411807321181,0.000349628614432909,TANK
D3,PH_pass,ADIPOGENESIS,1.64411807321181,0.000349628614432909,CMBL
D3,PH_pass,ADIPOGENESIS,1.64411807321181,0.000349628614432909,SLC19A1
D3,PH_pass,ADIPOGENESIS,1.64411807321181,0.000349628614432909,APLP2
D3,PH_pass,ADIPOGENESIS,1.64411807321181,0.000349628614432909,RIOK3
D3,PH_pass,ADIPOGENESIS,1.64411807321181,0.000349628614432909,COX7B
D3,PH_pass,ADIPOGENESIS,1.64411807321181,0.000349628614432909,DNAJB9
D3,PH_pass,ADIPOGENESIS,1.64411807321181,0.000349628614432909,NMT1
D3,PH_pass,ADIPOGENESIS,1.64411807321181,0.000349628614432909,MGST3
D3,PH_pass,ADIPOGENESIS,1.64411807321181,0.000349628614432909,CRAT
D3,PH_pass,ADIPOGENESIS,1.64411807321181,0.000349628614432909,ABCB8
D3,PH_pass,ADIPOGENESIS,1.64411807321181,0.000349628614432909,IDH3G
D3,PH_pass,ADIPOGENESIS,1.64411807321181,0.000349628614432909,SLC25A1
D3,PH_pass,ADIPOGENESIS,1.64411807321181,0.000349628614432909,UCK1
D3,PH_pass,ADIPOGENESIS,1.64411807321181,0.000349628614432909,ACO2
D3,PH_pass,ADIPOGENESIS,1.64411807321181,0.000349628614432909,ESRRA
D3,PH_pass,ADIPOGENESIS,1.64411807321181,0.000349628614432909,RETSAT
D3,PH_pass,ADIPOGENESIS,1.64411807321181,0.000349628614432909,SDHB
D3,PH_pass,ADIPOGENESIS,1.64411807321181,0.000349628614432909,NDUFAB1
D3,PH_pass,ADIPOGENESIS,1.64411807321181,0.000349628614432909,REEP5
D3,PH_pass,ADIPOGENESIS,1.64411807321181,0.000349628614432909,RAB34
D3,PH_pass,ALLOGRAFT_REJECTION,1.03720975777038,0.489918784185228,MMP9
D3,PH_pass,ALLOGRAFT_REJECTION,1.03720975777038,0.489918784185228,NCF4
D3,PH_pass,ALLOGRAFT_REJECTION,1.03720975777038,0.489918784185228,CCND3
D3,PH_pass,ALLOGRAFT_REJECTION,1.03720975777038,0.489918784185228,IL18RAP
D3,PH_pass,ALLOGRAFT_REJECTION,1.03720975777038,0.489918784185228,DEGS1
D3,PH_pass,ALLOGRAFT_REJECTION,1.03720975777038,0.489918784185228,IL4R
D3,PH_pass,ALLOGRAFT_REJECTION,1.03720975777038,0.489918784185228,FGR
D3,PH_pass,ALLOGRAFT_REJECTION,1.03720975777038,0.489918784185228,BCL3
D3,PH_pass,ALLOGRAFT_REJECTION,1.03720975777038,0.489918784185228,UBE2D1
D3,PH_pass,ALLOGRAFT_REJECTION,1.03720975777038,0.489918784185228,GCNT1
D3,PH_pass,ALLOGRAFT_REJECTION,1.03720975777038,0.489918784185228,SPI1
D3,PH_pass,ALLOGRAFT_REJECTION,1.03720975777038,0.489918784185228,IFNGR2
D3,PH_pass,ALLOGRAFT_REJECTION,1.03720975777038,0.489918784185228,HIF1A
D3,PH_pass,ALLOGRAFT_REJECTION,1.03720975777038,0.489918784185228,LCP2
D3,PH_pass,ALLOGRAFT_REJECTION,1.03720975777038,0.489918784185228,CAPG
D3,PH_pass,ALLOGRAFT_REJECTION,1.03720975777038,0.489918784185228,LYN
D3,PH_pass,ALLOGRAFT_REJECTION,1.03720975777038,0.489918784185228,CSF1
D3,PH_pass,ALLOGRAFT_REJECTION,1.03720975777038,0.489918784185228,IRF7
D3,PH_pass,ALLOGRAFT_REJECTION,1.03720975777038,0.489918784185228,ELF4
D3,PH_pass,ALLOGRAFT_REJECTION,1.03720975777038,0.489918784185228,IL10
D3,PH_pass,ALLOGRAFT_REJECTION,1.03720975777038,0.489918784185228,CCR1
D3,PH_pass,ALLOGRAFT_REJECTION,1.03720975777038,0.489918784185228,TIMP1
D3,PH_pass,ALLOGRAFT_REJECTION,1.03720975777038,0.489918784185228,TGFB1
D3,PH_pass,ALLOGRAFT_REJECTION,1.03720975777038,0.489918784185228,IFNGR1
D3,PH_pass,ALLOGRAFT_REJECTION,1.03720975777038,0.489918784185228,IL16
D3,PH_pass,ALLOGRAFT_REJECTION,1.03720975777038,0.489918784185228,SRGN
D3,PH_pass,ALLOGRAFT_REJECTION,1.03720975777038,0.489918784185228,PTPN6
D3,PH_pass,ALLOGRAFT_REJECTION,1.03720975777038,0.489918784185228,IL18
D3,PH_pass,ALLOGRAFT_REJECTION,1.03720975777038,0.489918784185228,WAS
D3,PH_pass,ALLOGRAFT_REJECTION,1.03720975777038,0.489918784185228,EIF4G3
D3,PH_pass,ALLOGRAFT_REJECTION,1.03720975777038,0.489918784185228,FYB1
D3,PH_pass,ALLOGRAFT_REJECTION,1.03720975777038,0.489918784185228,CSK
D3,PH_pass,ALLOGRAFT_REJECTION,1.03720975777038,0.489918784185228,TLR1
D3,PH_pass,ALLOGRAFT_REJECTION,1.03720975777038,0.489918784185228,NLRP3
D3,PH_pass,ALLOGRAFT_REJECTION,1.03720975777038,0.489918784185228,HCLS1
D3,PH_pass,ALLOGRAFT_REJECTION,1.03720975777038,0.489918784185228,CFP
D3,PH_pass,ALLOGRAFT_REJECTION,1.03720975777038,0.489918784185228,ACHE
D3,PH_pass,ALLOGRAFT_REJECTION,1.03720975777038,0.489918784185228,ABI1
D3,PH_pass,ANDROGEN_RESPONSE,1.37490576632852,0.0684775190215331,NDRG1
D3,PH_pass,ANDROGEN_RESPONSE,1.37490576632852,0.0684775190215331,CCND3
D3,PH_pass,ANDROGEN_RESPONSE,1.37490576632852,0.0684775190215331,SLC38A2
D3,PH_pass,ANDROGEN_RESPONSE,1.37490576632852,0.0684775190215331,IDI1
D3,PH_pass,ANDROGEN_RESPONSE,1.37490576632852,0.0684775190215331,GSR
D3,PH_pass,ANDROGEN_RESPONSE,1.37490576632852,0.0684775190215331,MYL12A
D3,PH_pass,ANDROGEN_RESPONSE,1.37490576632852,0.0684775190215331,UBE2J1
D3,PH_pass,ANDROGEN_RESPONSE,1.37490576632852,0.0684775190215331,ACTN1
D3,PH_pass,ANDROGEN_RESPONSE,1.37490576632852,0.0684775190215331,SRF
D3,PH_pass,ANDROGEN_RESPONSE,1.37490576632852,0.0684775190215331,SELENOP
D3,PH_pass,ANDROGEN_RESPONSE,1.37490576632852,0.0684775190215331,PTK2B
D3,PH_pass,ANDROGEN_RESPONSE,1.37490576632852,0.0684775190215331,SAT1
D3,PH_pass,ANDROGEN_RESPONSE,1.37490576632852,0.0684775190215331,CAMKK2
D3,PH_pass,ANDROGEN_RESPONSE,1.37490576632852,0.0684775190215331,FKBP5
D3,PH_pass,ANDROGEN_RESPONSE,1.37490576632852,0.0684775190215331,ACSL3
D3,PH_pass,ANDROGEN_RESPONSE,1.37490576632852,0.0684775190215331,VAPA
D3,PH_pass,ANDROGEN_RESPONSE,1.37490576632852,0.0684775190215331,PA2G4
D3,PH_pass,ANDROGEN_RESPONSE,1.37490576632852,0.0684775190215331,H1-0
D3,PH_pass,ANDROGEN_RESPONSE,1.37490576632852,0.0684775190215331,MERTK
D3,PH_pass,ANDROGEN_RESPONSE,1.37490576632852,0.0684775190215331,HPGD
D3,PH_pass,ANDROGEN_RESPONSE,1.37490576632852,0.0684775190215331,ELOVL5
D3,PH_pass,ANDROGEN_RESPONSE,1.37490576632852,0.0684775190215331,ADRM1
D3,PH_pass,ANDROGEN_RESPONSE,1.37490576632852,0.0684775190215331,PDLIM5
D3,PH_pass,ANDROGEN_RESPONSE,1.37490576632852,0.0684775190215331,ARID5B
D3,PH_pass,ANDROGEN_RESPONSE,1.37490576632852,0.0684775190215331,DHCR24
D3,PH_pass,ANDROGEN_RESPONSE,1.37490576632852,0.0684775190215331,SEC24D
D3,PH_pass,ANDROGEN_RESPONSE,1.37490576632852,0.0684775190215331,STEAP4
D3,PH_pass,ANDROGEN_RESPONSE,1.37490576632852,0.0684775190215331,ELL2
D3,PH_pass,ANDROGEN_RESPONSE,1.37490576632852,0.0684775190215331,ABCC4
D3,PH_pass,ANDROGEN_RESPONSE,1.37490576632852,0.0684775190215331,RRP12
D3,PH_pass,ANDROGEN_RESPONSE,1.37490576632852,0.0684775190215331,TMEM50A
D3,PH_pass,ANGIOGENESIS,1.30171027056208,0.197651454496931,PGLYRP1
D3,PH_pass,ANGIOGENESIS,1.30171027056208,0.197651454496931,LRPAP1
D3,PH_pass,ANGIOGENESIS,1.30171027056208,0.197651454496931,JAG1
D3,PH_pass,ANGIOGENESIS,1.30171027056208,0.197651454496931,VEGFA
D3,PH_pass,ANGIOGENESIS,1.30171027056208,0.197651454496931,TIMP1
D3,PH_pass,ANGIOGENESIS,1.30171027056208,0.197651454496931,SPP1
D3,PH_pass,ANGIOGENESIS,1.30171027056208,0.197651454496931,S100A4
D3,PH_pass,ANGIOGENESIS,1.30171027056208,0.197651454496931,PDGFA
D3,PH_pass,ANGIOGENESIS,1.30171027056208,0.197651454496931,FGFR1
D3,PH_pass,ANGIOGENESIS,1.30171027056208,0.197651454496931,APP
D3,PH_pass,ANGIOGENESIS,1.30171027056208,0.197651454496931,FSTL1
D3,PH_pass,ANGIOGENESIS,1.30171027056208,0.197651454496931,THBD
D3,PH_pass,APICAL_JUNCTION,1.58653246385478,0.00310764665921515,MMP9
D3,PH_pass,APICAL_JUNCTION,1.58653246385478,0.00310764665921515,MAPK14
D3,PH_pass,APICAL_JUNCTION,1.58653246385478,0.00310764665921515,CAP1
D3,PH_pass,APICAL_JUNCTION,1.58653246385478,0.00310764665921515,SKAP2
D3,PH_pass,APICAL_JUNCTION,1.58653246385478,0.00310764665921515,RAC2
D3,PH_pass,APICAL_JUNCTION,1.58653246385478,0.00310764665921515,SIRPA
D3,PH_pass,APICAL_JUNCTION,1.58653246385478,0.00310764665921515,ADAM9
D3,PH_pass,APICAL_JUNCTION,1.58653246385478,0.00310764665921515,VASP
D3,PH_pass,APICAL_JUNCTION,1.58653246385478,0.00310764665921515,ARPC2
D3,PH_pass,APICAL_JUNCTION,1.58653246385478,0.00310764665921515,COL17A1
D3,PH_pass,APICAL_JUNCTION,1.58653246385478,0.00310764665921515,LAMB3
D3,PH_pass,APICAL_JUNCTION,1.58653246385478,0.00310764665921515,ACTB
D3,PH_pass,APICAL_JUNCTION,1.58653246385478,0.00310764665921515,CNN2
D3,PH_pass,APICAL_JUNCTION,1.58653246385478,0.00310764665921515,PIK3CB
D3,PH_pass,APICAL_JUNCTION,1.58653246385478,0.00310764665921515,ACTG1
D3,PH_pass,APICAL_JUNCTION,1.58653246385478,0.00310764665921515,ACTN1
D3,PH_pass,APICAL_JUNCTION,1.58653246385478,0.00310764665921515,PFN1
D3,PH_pass,APICAL_JUNCTION,1.58653246385478,0.00310764665921515,TUBG1
D3,PH_pass,APICAL_JUNCTION,1.58653246385478,0.00310764665921515,PTEN
D3,PH_pass,APICAL_JUNCTION,1.58653246385478,0.00310764665921515,RSU1
D3,PH_pass,APICAL_JUNCTION,1.58653246385478,0.00310764665921515,ZYX
D3,PH_pass,APICAL_JUNCTION,1.58653246385478,0.00310764665921515,MADCAM1
D3,PH_pass,APICAL_JUNCTION,1.58653246385478,0.00310764665921515,MAP3K20
D3,PH_pass,APICAL_JUNCTION,1.58653246385478,0.00310764665921515,ADAM15
D3,PH_pass,APICAL_JUNCTION,1.58653246385478,0.00310764665921515,ALOX15B
D3,PH_pass,APICAL_JUNCTION,1.58653246385478,0.00310764665921515,GNAI2
D3,PH_pass,APICAL_JUNCTION,1.58653246385478,0.00310764665921515,FYB1
D3,PH_pass,APICAL_JUNCTION,1.58653246385478,0.00310764665921515,KCNH2
D3,PH_pass,APICAL_JUNCTION,1.58653246385478,0.00310764665921515,YWHAH
D3,PH_pass,APICAL_JUNCTION,1.58653246385478,0.00310764665921515,MYL12B
D3,PH_pass,APICAL_JUNCTION,1.58653246385478,0.00310764665921515,MPZL2
D3,PH_pass,APICAL_JUNCTION,1.58653246385478,0.00310764665921515,CDH1
D3,PH_pass,APICAL_JUNCTION,1.58653246385478,0.00310764665921515,NECTIN2
D3,PH_pass,APICAL_JUNCTION,1.58653246385478,0.00310764665921515,IKBKG
D3,PH_pass,APICAL_JUNCTION,1.58653246385478,0.00310764665921515,ICAM5
D3,PH_pass,APICAL_JUNCTION,1.58653246385478,0.00310764665921515,THBS3
D3,PH_pass,APICAL_JUNCTION,1.58653246385478,0.00310764665921515,MAPK13
D3,PH_pass,APICAL_JUNCTION,1.58653246385478,0.00310764665921515,PBX2
D3,PH_pass,APICAL_JUNCTION,1.58653246385478,0.00310764665921515,SHC1
D3,PH_pass,APICAL_JUNCTION,1.58653246385478,0.00310764665921515,CLDN15
D3,PH_pass,APICAL_JUNCTION,1.58653246385478,0.00310764665921515,AKT2
D3,PH_pass,APICAL_JUNCTION,1.58653246385478,0.00310764665921515,NF1
D3,PH_pass,APICAL_JUNCTION,1.58653246385478,0.00310764665921515,ITGA9
D3,PH_pass,APICAL_JUNCTION,1.58653246385478,0.00310764665921515,GTF2F1
D3,PH_pass,APICAL_JUNCTION,1.58653246385478,0.00310764665921515,NECTIN1
D3,PH_pass,APICAL_JUNCTION,1.58653246385478,0.00310764665921515,STX4
D3,PH_pass,APICAL_JUNCTION,1.58653246385478,0.00310764665921515,INPPL1
D3,PH_pass,APICAL_JUNCTION,1.58653246385478,0.00310764665921515,SYK
D3,PH_pass,APICAL_JUNCTION,1.58653246385478,0.00310764665921515,MYH10
D3,PH_pass,APICAL_JUNCTION,1.58653246385478,0.00310764665921515,FBN1
D3,PH_pass,APICAL_SURFACE,0.907702357253007,0.64210929232432,FLOT2
D3,PH_pass,APICAL_SURFACE,0.907702357253007,0.64210929232432,LYN
D3,PH_pass,APICAL_SURFACE,0.907702357253007,0.64210929232432,PCSK9
D3,PH_pass,APICAL_SURFACE,0.907702357253007,0.64210929232432,EPHB4
D3,PH_pass,APICAL_SURFACE,0.907702357253007,0.64210929232432,ADIPOR2
D3,PH_pass,APICAL_SURFACE,0.907702357253007,0.64210929232432,SLC2A4
D3,PH_pass,APICAL_SURFACE,0.907702357253007,0.64210929232432,APP
D3,PH_pass,APICAL_SURFACE,0.907702357253007,0.64210929232432,PLAUR
D3,PH_pass,APICAL_SURFACE,0.907702357253007,0.64210929232432,B4GALT1
D3,PH_pass,APICAL_SURFACE,0.907702357253007,0.64210929232432,CRYBG1
D3,PH_pass,APICAL_SURFACE,0.907702357253007,0.64210929232432,HSPB1
D3,PH_pass,APOPTOSIS,1.65690224507958,0.000768912259651617,GADD45A
D3,PH_pass,APOPTOSIS,1.65690224507958,0.000768912259651617,GADD45B
D3,PH_pass,APOPTOSIS,1.65690224507958,0.000768912259651617,CDKN1B
D3,PH_pass,APOPTOSIS,1.65690224507958,0.000768912259651617,GSR
D3,PH_pass,APOPTOSIS,1.65690224507958,0.000768912259651617,IER3
D3,PH_pass,APOPTOSIS,1.65690224507958,0.000768912259651617,IFITM3
D3,PH_pass,APOPTOSIS,1.65690224507958,0.000768912259651617,PPP2R5B
D3,PH_pass,APOPTOSIS,1.65690224507958,0.000768912259651617,RNASEL
D3,PH_pass,APOPTOSIS,1.65690224507958,0.000768912259651617,HMGB2
D3,PH_pass,APOPTOSIS,1.65690224507958,0.000768912259651617,GSN
D3,PH_pass,APOPTOSIS,1.65690224507958,0.000768912259651617,HGF
D3,PH_pass,APOPTOSIS,1.65690224507958,0.000768912259651617,BMP2
D3,PH_pass,APOPTOSIS,1.65690224507958,0.000768912259651617,CCNA1
D3,PH_pass,APOPTOSIS,1.65690224507958,0.000768912259651617,CD44
D3,PH_pass,APOPTOSIS,1.65690224507958,0.000768912259651617,TIMP2
D3,PH_pass,APOPTOSIS,1.65690224507958,0.000768912259651617,BIK
D3,PH_pass,APOPTOSIS,1.65690224507958,0.000768912259651617,DAP
D3,PH_pass,APOPTOSIS,1.65690224507958,0.000768912259651617,RARA
D3,PH_pass,APOPTOSIS,1.65690224507958,0.000768912259651617,TIMP1
D3,PH_pass,APOPTOSIS,1.65690224507958,0.000768912259651617,IFNGR1
D3,PH_pass,APOPTOSIS,1.65690224507958,0.000768912259651617,CLU
D3,PH_pass,APOPTOSIS,1.65690224507958,0.000768912259651617,SAT1
D3,PH_pass,APOPTOSIS,1.65690224507958,0.000768912259651617,CASP4
D3,PH_pass,APOPTOSIS,1.65690224507958,0.000768912259651617,DDIT3
D3,PH_pass,APOPTOSIS,1.65690224507958,0.000768912259651617,ANXA1
D3,PH_pass,APOPTOSIS,1.65690224507958,0.000768912259651617,BCAP31
D3,PH_pass,APOPTOSIS,1.65690224507958,0.000768912259651617,TSPO
D3,PH_pass,APOPTOSIS,1.65690224507958,0.000768912259651617,IL18
D3,PH_pass,APOPTOSIS,1.65690224507958,0.000768912259651617,BTG2
D3,PH_pass,APOPTOSIS,1.65690224507958,0.000768912259651617,RHOB
D3,PH_pass,APOPTOSIS,1.65690224507958,0.000768912259651617,H1-0
D3,PH_pass,APOPTOSIS,1.65690224507958,0.000768912259651617,CTNNB1
D3,PH_pass,APOPTOSIS,1.65690224507958,0.000768912259651617,TNFRSF12A
D3,PH_pass,APOPTOSIS,1.65690224507958,0.000768912259651617,BCL2L1
D3,PH_pass,APOPTOSIS,1.65690224507958,0.000768912259651617,DPYD
D3,PH_pass,APOPTOSIS,1.65690224507958,0.000768912259651617,ADD1
D3,PH_pass,APOPTOSIS,1.65690224507958,0.000768912259651617,PSEN1
D3,PH_pass,APOPTOSIS,1.65690224507958,0.000768912259651617,GPX1
D3,PH_pass,APOPTOSIS,1.65690224507958,0.000768912259651617,SOD1
D3,PH_pass,APOPTOSIS,1.65690224507958,0.000768912259651617,IGF2R
D3,PH_pass,APOPTOSIS,1.65690224507958,0.000768912259651617,TNFSF10
D3,PH_pass,APOPTOSIS,1.65690224507958,0.000768912259651617,LGALS3
D3,PH_pass,APOPTOSIS,1.65690224507958,0.000768912259651617,RELA
D3,PH_pass,APOPTOSIS,1.65690224507958,0.000768912259651617,IRF1
D3,PH_pass,APOPTOSIS,1.65690224507958,0.000768912259651617,CFLAR
D3,PH_pass,APOPTOSIS,1.65690224507958,0.000768912259651617,GNA15
D3,PH_pass,APOPTOSIS,1.65690224507958,0.000768912259651617,NEDD9
D3,PH_pass,APOPTOSIS,1.65690224507958,0.000768912259651617,HMOX1
D3,PH_pass,APOPTOSIS,1.65690224507958,0.000768912259651617,CASP9
D3,PH_pass,APOPTOSIS,1.65690224507958,0.000768912259651617,ETF1
D3,PH_pass,APOPTOSIS,1.65690224507958,0.000768912259651617,SQSTM1
D3,PH_pass,APOPTOSIS,1.65690224507958,0.000768912259651617,CTH
D3,PH_pass,APOPTOSIS,1.65690224507958,0.000768912259651617,GPX4
D3,PH_pass,APOPTOSIS,1.65690224507958,0.000768912259651617,DNAJC3
D3,PH_pass,APOPTOSIS,1.65690224507958,0.000768912259651617,ROCK1
D3,PH_pass,APOPTOSIS,1.65690224507958,0.000768912259651617,CREBBP
D3,PH_pass,APOPTOSIS,1.65690224507958,0.000768912259651617,BAX
D3,PH_pass,APOPTOSIS,1.65690224507958,0.000768912259651617,APP
D3,PH_pass,APOPTOSIS,1.65690224507958,0.000768912259651617,BCL10
D3,PH_pass,APOPTOSIS,1.65690224507958,0.000768912259651617,CAV1
D3,PH_pass,APOPTOSIS,1.65690224507958,0.000768912259651617,DNAJA1
D3,PH_pass,APOPTOSIS,1.65690224507958,0.000768912259651617,CASP1
D3,PH_pass,APOPTOSIS,1.65690224507958,0.000768912259651617,PPT1
D3,PH_pass,APOPTOSIS,1.65690224507958,0.000768912259651617,TAP1
D3,PH_pass,APOPTOSIS,1.65690224507958,0.000768912259651617,ATF3
D3,PH_pass,APOPTOSIS,1.65690224507958,0.000768912259651617,TOP2A
D3,PH_pass,APOPTOSIS,1.65690224507958,0.000768912259651617,LMNA
D3,PH_pass,APOPTOSIS,1.65690224507958,0.000768912259651617,BCL2L2
D3,PH_pass,BILE_ACID_METABOLISM,1.15805824474633,0.302369469490459,ACSL1
D3,PH_pass,BILE_ACID_METABOLISM,1.15805824474633,0.302369469490459,GCLM
D3,PH_pass,BILE_ACID_METABOLISM,1.15805824474633,0.302369469490459,PECR
D3,PH_pass,BILE_ACID_METABOLISM,1.15805824474633,0.302369469490459,IDI1
D3,PH_pass,BILE_ACID_METABOLISM,1.15805824474633,0.302369469490459,AQP9
D3,PH_pass,BILE_ACID_METABOLISM,1.15805824474633,0.302369469490459,HSD3B7
D3,PH_pass,BILE_ACID_METABOLISM,1.15805824474633,0.302369469490459,ATXN1
D3,PH_pass,BILE_ACID_METABOLISM,1.15805824474633,0.302369469490459,NEDD4
D3,PH_pass,BILE_ACID_METABOLISM,1.15805824474633,0.302369469490459,KLF1
D3,PH_pass,BILE_ACID_METABOLISM,1.15805824474633,0.302369469490459,PEX19
D3,PH_pass,BILE_ACID_METABOLISM,1.15805824474633,0.302369469490459,PRDX5
D3,PH_pass,BILE_ACID_METABOLISM,1.15805824474633,0.302369469490459,ABCA2
D3,PH_pass,BILE_ACID_METABOLISM,1.15805824474633,0.302369469490459,RXRA
D3,PH_pass,BILE_ACID_METABOLISM,1.15805824474633,0.302369469490459,SULT1B1
D3,PH_pass,BILE_ACID_METABOLISM,1.15805824474633,0.302369469490459,SOD1
D3,PH_pass,BILE_ACID_METABOLISM,1.15805824474633,0.302369469490459,FADS2
D3,PH_pass,BILE_ACID_METABOLISM,1.15805824474633,0.302369469490459,PIPOX
D3,PH_pass,BILE_ACID_METABOLISM,1.15805824474633,0.302369469490459,DHCR24
D3,PH_pass,BILE_ACID_METABOLISM,1.15805824474633,0.302369469490459,ABCD1
D3,PH_pass,BILE_ACID_METABOLISM,1.15805824474633,0.302369469490459,PEX12
D3,PH_pass,CHOLESTEROL_HOMEOSTASIS,1.87956230396702,0.000213791769399391,PLSCR1
D3,PH_pass,CHOLESTEROL_HOMEOSTASIS,1.87956230396702,0.000213791769399391,STX5
D3,PH_pass,CHOLESTEROL_HOMEOSTASIS,1.87956230396702,0.000213791769399391,NFIL3
D3,PH_pass,CHOLESTEROL_HOMEOSTASIS,1.87956230396702,0.000213791769399391,DHCR7
D3,PH_pass,CHOLESTEROL_HOMEOSTASIS,1.87956230396702,0.000213791769399391,PPARG
D3,PH_pass,CHOLESTEROL_HOMEOSTASIS,1.87956230396702,0.000213791769399391,IDI1
D3,PH_pass,CHOLESTEROL_HOMEOSTASIS,1.87956230396702,0.000213791769399391,PNRC1
D3,PH_pass,CHOLESTEROL_HOMEOSTASIS,1.87956230396702,0.000213791769399391,S100A11
D3,PH_pass,CHOLESTEROL_HOMEOSTASIS,1.87956230396702,0.000213791769399391,ACTG1
D3,PH_pass,CHOLESTEROL_HOMEOSTASIS,1.87956230396702,0.000213791769399391,JAG1
D3,PH_pass,CHOLESTEROL_HOMEOSTASIS,1.87956230396702,0.000213791769399391,FBXO6
D3,PH_pass,CHOLESTEROL_HOMEOSTASIS,1.87956230396702,0.000213791769399391,CLU
D3,PH_pass,CHOLESTEROL_HOMEOSTASIS,1.87956230396702,0.000213791769399391,TM7SF2
D3,PH_pass,CHOLESTEROL_HOMEOSTASIS,1.87956230396702,0.000213791769399391,LDLR
D3,PH_pass,CHOLESTEROL_HOMEOSTASIS,1.87956230396702,0.000213791769399391,ABCA2
D3,PH_pass,CHOLESTEROL_HOMEOSTASIS,1.87956230396702,0.000213791769399391,ATF5
D3,PH_pass,CHOLESTEROL_HOMEOSTASIS,1.87956230396702,0.000213791769399391,CTNNB1
D3,PH_pass,CHOLESTEROL_HOMEOSTASIS,1.87956230396702,0.000213791769399391,NIBAN1
D3,PH_pass,CHOLESTEROL_HOMEOSTASIS,1.87956230396702,0.000213791769399391,TNFRSF12A
D3,PH_pass,CHOLESTEROL_HOMEOSTASIS,1.87956230396702,0.000213791769399391,ACSS2
D3,PH_pass,CHOLESTEROL_HOMEOSTASIS,1.87956230396702,0.000213791769399391,ETHE1
D3,PH_pass,CHOLESTEROL_HOMEOSTASIS,1.87956230396702,0.000213791769399391,MVK
D3,PH_pass,CHOLESTEROL_HOMEOSTASIS,1.87956230396702,0.000213791769399391,FADS2
D3,PH_pass,CHOLESTEROL_HOMEOSTASIS,1.87956230396702,0.000213791769399391,LGALS3
D3,PH_pass,CHOLESTEROL_HOMEOSTASIS,1.87956230396702,0.000213791769399391,PDK3
D3,PH_pass,CHOLESTEROL_HOMEOSTASIS,1.87956230396702,0.000213791769399391,TP53INP1
D3,PH_pass,CHOLESTEROL_HOMEOSTASIS,1.87956230396702,0.000213791769399391,PLAUR
D3,PH_pass,CHOLESTEROL_HOMEOSTASIS,1.87956230396702,0.000213791769399391,ECH1
D3,PH_pass,CHOLESTEROL_HOMEOSTASIS,1.87956230396702,0.000213791769399391,CYP51A1
D3,PH_pass,CHOLESTEROL_HOMEOSTASIS,1.87956230396702,0.000213791769399391,CPEB2
D3,PH_pass,CHOLESTEROL_HOMEOSTASIS,1.87956230396702,0.000213791769399391,ALCAM
D3,PH_pass,CHOLESTEROL_HOMEOSTASIS,1.87956230396702,0.000213791769399391,ATF3
D3,PH_pass,CHOLESTEROL_HOMEOSTASIS,1.87956230396702,0.000213791769399391,TRIB3
D3,PH_pass,CHOLESTEROL_HOMEOSTASIS,1.87956230396702,0.000213791769399391,PCYT2
D3,PH_pass,CHOLESTEROL_HOMEOSTASIS,1.87956230396702,0.000213791769399391,CD9
D3,PH_pass,CHOLESTEROL_HOMEOSTASIS,1.87956230396702,0.000213791769399391,FABP5
D3,PH_pass,CHOLESTEROL_HOMEOSTASIS,1.87956230396702,0.000213791769399391,LSS
D3,PH_pass,CHOLESTEROL_HOMEOSTASIS,1.87956230396702,0.000213791769399391,FDPS
D3,PH_pass,CHOLESTEROL_HOMEOSTASIS,1.87956230396702,0.000213791769399391,GUSB
D3,PH_pass,CHOLESTEROL_HOMEOSTASIS,1.87956230396702,0.000213791769399391,SCD
D3,PH_pass,CHOLESTEROL_HOMEOSTASIS,1.87956230396702,0.000213791769399391,ACAT2
D3,PH_pass,CHOLESTEROL_HOMEOSTASIS,1.87956230396702,0.000213791769399391,ANXA5
D3,PH_pass,CHOLESTEROL_HOMEOSTASIS,1.87956230396702,0.000213791769399391,CHKA
D3,PH_pass,CHOLESTEROL_HOMEOSTASIS,1.87956230396702,0.000213791769399391,LPL
D3,PH_pass,CHOLESTEROL_HOMEOSTASIS,1.87956230396702,0.000213791769399391,ANTXR2
D3,PH_pass,CHOLESTEROL_HOMEOSTASIS,1.87956230396702,0.000213791769399391,HMGCR
D3,PH_pass,CHOLESTEROL_HOMEOSTASIS,1.87956230396702,0.000213791769399391,NSDHL
D3,PH_pass,CHOLESTEROL_HOMEOSTASIS,1.87956230396702,0.000213791769399391,TMEM97
D3,PH_pass,CHOLESTEROL_HOMEOSTASIS,1.87956230396702,0.000213791769399391,SREBF2
D3,PH_pass,COAGULATION,1.56781679659871,0.00804260363220697,MMP9
D3,PH_pass,COAGULATION,1.56781679659871,0.00804260363220697,MMP8
D3,PH_pass,COAGULATION,1.56781679659871,0.00804260363220697,FURIN
D3,PH_pass,COAGULATION,1.56781679659871,0.00804260363220697,MSRB2
D3,PH_pass,COAGULATION,1.56781679659871,0.00804260363220697,RABIF
D3,PH_pass,COAGULATION,1.56781679659871,0.00804260363220697,PEF1
D3,PH_pass,COAGULATION,1.56781679659871,0.00804260363220697,ADAM9
D3,PH_pass,COAGULATION,1.56781679659871,0.00804260363220697,GNB2
D3,PH_pass,COAGULATION,1.56781679659871,0.00804260363220697,WDR1
D3,PH_pass,COAGULATION,1.56781679659871,0.00804260363220697,ARF4
D3,PH_pass,COAGULATION,1.56781679659871,0.00804260363220697,GSN
D3,PH_pass,COAGULATION,1.56781679659871,0.00804260363220697,SERPINB2
D3,PH_pass,COAGULATION,1.56781679659871,0.00804260363220697,PLAU
D3,PH_pass,COAGULATION,1.56781679659871,0.00804260363220697,SERPINA1
D3,PH_pass,COAGULATION,1.56781679659871,0.00804260363220697,F12
D3,PH_pass,COAGULATION,1.56781679659871,0.00804260363220697,KLF7
D3,PH_pass,COAGULATION,1.56781679659871,0.00804260363220697,TIMP1
D3,PH_pass,COAGULATION,1.56781679659871,0.00804260363220697,CLU
D3,PH_pass,COAGULATION,1.56781679659871,0.00804260363220697,ANXA1
D3,PH_pass,COAGULATION,1.56781679659871,0.00804260363220697,MAFF
D3,PH_pass,COAGULATION,1.56781679659871,0.00804260363220697,F8
D3,PH_pass,COAGULATION,1.56781679659871,0.00804260363220697,CTSB
D3,PH_pass,COAGULATION,1.56781679659871,0.00804260363220697,PLEK
D3,PH_pass,COAGULATION,1.56781679659871,0.00804260363220697,P2RY1
D3,PH_pass,COAGULATION,1.56781679659871,0.00804260363220697,THBS1
D3,PH_pass,COAGULATION,1.56781679659871,0.00804260363220697,SIRT2
D3,PH_pass,COAGULATION,1.56781679659871,0.00804260363220697,MST1
D3,PH_pass,COAGULATION,1.56781679659871,0.00804260363220697,LAMP2
D3,PH_pass,COAGULATION,1.56781679659871,0.00804260363220697,C1R
D3,PH_pass,COAGULATION,1.56781679659871,0.00804260363220697,CASP9
D3,PH_pass,COAGULATION,1.56781679659871,0.00804260363220697,FBN1
D3,PH_pass,COAGULATION,1.56781679659871,0.00804260363220697,ISCU
D3,PH_pass,COAGULATION,1.56781679659871,0.00804260363220697,GP9
D3,PH_pass,COAGULATION,1.56781679659871,0.00804260363220697,GP1BA
D3,PH_pass,COAGULATION,1.56781679659871,0.00804260363220697,SERPINE1
D3,PH_pass,COAGULATION,1.56781679659871,0.00804260363220697,CAPN5
D3,PH_pass,COAGULATION,1.56781679659871,0.00804260363220697,RAC1
D3,PH_pass,COAGULATION,1.56781679659871,0.00804260363220697,SPARC
D3,PH_pass,COAGULATION,1.56781679659871,0.00804260363220697,SH2B2
D3,PH_pass,COAGULATION,1.56781679659871,0.00804260363220697,THBD
D3,PH_pass,COMPLEMENT,1.76611430022135,5.17070833510602e-05,PLSCR1
D3,PH_pass,COMPLEMENT,1.76611430022135,5.17070833510602e-05,S100A9
D3,PH_pass,COMPLEMENT,1.76611430022135,5.17070833510602e-05,S100A12
D3,PH_pass,COMPLEMENT,1.76611430022135,5.17070833510602e-05,HSPA1A
D3,PH_pass,COMPLEMENT,1.76611430022135,5.17070833510602e-05,PIM1
D3,PH_pass,COMPLEMENT,1.76611430022135,5.17070833510602e-05,ITGAM
D3,PH_pass,COMPLEMENT,1.76611430022135,5.17070833510602e-05,RHOG
D3,PH_pass,COMPLEMENT,1.76611430022135,5.17070833510602e-05,CDK5R1
D3,PH_pass,COMPLEMENT,1.76611430022135,5.17070833510602e-05,PIK3CG
D3,PH_pass,COMPLEMENT,1.76611430022135,5.17070833510602e-05,CDA
D3,PH_pass,COMPLEMENT,1.76611430022135,5.17070833510602e-05,MSRB1
D3,PH_pass,COMPLEMENT,1.76611430022135,5.17070833510602e-05,F5
D3,PH_pass,COMPLEMENT,1.76611430022135,5.17070833510602e-05,MMP8
D3,PH_pass,COMPLEMENT,1.76611430022135,5.17070833510602e-05,CR1
D3,PH_pass,COMPLEMENT,1.76611430022135,5.17070833510602e-05,CD55
D3,PH_pass,COMPLEMENT,1.76611430022135,5.17070833510602e-05,GCA
D3,PH_pass,COMPLEMENT,1.76611430022135,5.17070833510602e-05,CXCL1
D3,PH_pass,COMPLEMENT,1.76611430022135,5.17070833510602e-05,RABIF
D3,PH_pass,COMPLEMENT,1.76611430022135,5.17070833510602e-05,ADAM9
D3,PH_pass,COMPLEMENT,1.76611430022135,5.17070833510602e-05,CTSD
D3,PH_pass,COMPLEMENT,1.76611430022135,5.17070833510602e-05,GNB2
D3,PH_pass,COMPLEMENT,1.76611430022135,5.17070833510602e-05,CA2
D3,PH_pass,COMPLEMENT,1.76611430022135,5.17070833510602e-05,CD59
D3,PH_pass,COMPLEMENT,1.76611430022135,5.17070833510602e-05,CEBPB
D3,PH_pass,COMPLEMENT,1.76611430022135,5.17070833510602e-05,LCP2
D3,PH_pass,COMPLEMENT,1.76611430022135,5.17070833510602e-05,LYN
D3,PH_pass,COMPLEMENT,1.76611430022135,5.17070833510602e-05,PCSK9
D3,PH_pass,COMPLEMENT,1.76611430022135,5.17070833510602e-05,PFN1
D3,PH_pass,COMPLEMENT,1.76611430022135,5.17070833510602e-05,TIMP2
D3,PH_pass,COMPLEMENT,1.76611430022135,5.17070833510602e-05,SERPINB2
D3,PH_pass,COMPLEMENT,1.76611430022135,5.17070833510602e-05,IRF7
D3,PH_pass,COMPLEMENT,1.76611430022135,5.17070833510602e-05,IRF2
D3,PH_pass,COMPLEMENT,1.76611430022135,5.17070833510602e-05,SERPINA1
D3,PH_pass,COMPLEMENT,1.76611430022135,5.17070833510602e-05,PRKCD
D3,PH_pass,COMPLEMENT,1.76611430022135,5.17070833510602e-05,TIMP1
D3,PH_pass,COMPLEMENT,1.76611430022135,5.17070833510602e-05,CLU
D3,PH_pass,COMPLEMENT,1.76611430022135,5.17070833510602e-05,CASP4
D3,PH_pass,COMPLEMENT,1.76611430022135,5.17070833510602e-05,EHD1
D3,PH_pass,COMPLEMENT,1.76611430022135,5.17070833510602e-05,COL4A2
D3,PH_pass,COMPLEMENT,1.76611430022135,5.17070833510602e-05,VCPIP1
D3,PH_pass,COMPLEMENT,1.76611430022135,5.17070833510602e-05,GNAI2
D3,PH_pass,COMPLEMENT,1.76611430022135,5.17070833510602e-05,GNG2
D3,PH_pass,COMPLEMENT,1.76611430022135,5.17070833510602e-05,MAFF
D3,PH_pass,COMPLEMENT,1.76611430022135,5.17070833510602e-05,F8
D3,PH_pass,COMPLEMENT,1.76611430022135,5.17070833510602e-05,CTSB
D3,PH_pass,COMPLEMENT,1.76611430022135,5.17070833510602e-05,GPD2
D3,PH_pass,COMPLEMENT,1.76611430022135,5.17070833510602e-05,WAS
D3,PH_pass,COMPLEMENT,1.76611430022135,5.17070833510602e-05,PRSS36
D3,PH_pass,COMPLEMENT,1.76611430022135,5.17070833510602e-05,FCER1G
D3,PH_pass,COMPLEMENT,1.76611430022135,5.17070833510602e-05,PLEK
D3,PH_pass,COMPLEMENT,1.76611430022135,5.17070833510602e-05,RAF1
D3,PH_pass,COMPLEMENT,1.76611430022135,5.17070833510602e-05,PSEN1
D3,PH_pass,COMPLEMENT,1.76611430022135,5.17070833510602e-05,LTF
D3,PH_pass,COMPLEMENT,1.76611430022135,5.17070833510602e-05,PPP4C
D3,PH_pass,COMPLEMENT,1.76611430022135,5.17070833510602e-05,PLA2G4A
D3,PH_pass,COMPLEMENT,1.76611430022135,5.17070833510602e-05,LAMP2
D3,PH_pass,COMPLEMENT,1.76611430022135,5.17070833510602e-05,C1R
D3,PH_pass,COMPLEMENT,1.76611430022135,5.17070833510602e-05,LGALS3
D3,PH_pass,COMPLEMENT,1.76611430022135,5.17070833510602e-05,IRF1
D3,PH_pass,COMPLEMENT,1.76611430022135,5.17070833510602e-05,STX4
D3,PH_pass,COMPLEMENT,1.76611430022135,5.17070833510602e-05,USP15
D3,PH_pass,COMPLEMENT,1.76611430022135,5.17070833510602e-05,GMFB
D3,PH_pass,COMPLEMENT,1.76611430022135,5.17070833510602e-05,CALM1
D3,PH_pass,COMPLEMENT,1.76611430022135,5.17070833510602e-05,GRB2
D3,PH_pass,COMPLEMENT,1.76611430022135,5.17070833510602e-05,CASP9
D3,PH_pass,DNA_REPAIR,1.14016786312038,0.293733199357604,CDA
D3,PH_pass,DNA_REPAIR,1.14016786312038,0.293733199357604,STX3
D3,PH_pass,DNA_REPAIR,1.14016786312038,0.293733199357604,SUPT4H1
D3,PH_pass,DNA_REPAIR,1.14016786312038,0.293733199357604,PNP
D3,PH_pass,DNA_REPAIR,1.14016786312038,0.293733199357604,GMPR2
D3,PH_pass,DNA_REPAIR,1.14016786312038,0.293733199357604,GTF2B
D3,PH_pass,DNA_REPAIR,1.14016786312038,0.293733199357604,DCTN4
D3,PH_pass,DNA_REPAIR,1.14016786312038,0.293733199357604,SDCBP
D3,PH_pass,DNA_REPAIR,1.14016786312038,0.293733199357604,CANT1
D3,PH_pass,DNA_REPAIR,1.14016786312038,0.293733199357604,GTF3C5
D3,PH_pass,DNA_REPAIR,1.14016786312038,0.293733199357604,VPS37B
D3,PH_pass,DNA_REPAIR,1.14016786312038,0.293733199357604,NT5C3A
D3,PH_pass,DNA_REPAIR,1.14016786312038,0.293733199357604,TSG101
D3,PH_pass,DNA_REPAIR,1.14016786312038,0.293733199357604,NME4
D3,PH_pass,DNA_REPAIR,1.14016786312038,0.293733199357604,POLR2J
D3,PH_pass,DNA_REPAIR,1.14016786312038,0.293733199357604,BCAM
D3,PH_pass,DNA_REPAIR,1.14016786312038,0.293733199357604,BCAP31
D3,PH_pass,DNA_REPAIR,1.14016786312038,0.293733199357604,EIF1B
D3,PH_pass,DNA_REPAIR,1.14016786312038,0.293733199357604,TAF10
D3,PH_pass,DNA_REPAIR,1.14016786312038,0.293733199357604,AGO4
D3,PH_pass,DNA_REPAIR,1.14016786312038,0.293733199357604,TK2
D3,PH_pass,DNA_REPAIR,1.14016786312038,0.293733199357604,POLD4
D3,PH_pass,DNA_REPAIR,1.14016786312038,0.293733199357604,RBX1
D3,PH_pass,DNA_REPAIR,1.14016786312038,0.293733199357604,ELL
D3,PH_pass,DNA_REPAIR,1.14016786312038,0.293733199357604,VPS28
D3,PH_pass,DNA_REPAIR,1.14016786312038,0.293733199357604,HCLS1
D3,PH_pass,DNA_REPAIR,1.14016786312038,0.293733199357604,CMPK2
D3,PH_pass,DNA_REPAIR,1.14016786312038,0.293733199357604,POLL
D3,PH_pass,DNA_REPAIR,1.14016786312038,0.293733199357604,CETN2
D3,PH_pass,DNA_REPAIR,1.14016786312038,0.293733199357604,TAF13
D3,PH_pass,DNA_REPAIR,1.14016786312038,0.293733199357604,DAD1
D3,PH_pass,DNA_REPAIR,1.14016786312038,0.293733199357604,MPC2
D3,PH_pass,DNA_REPAIR,1.14016786312038,0.293733199357604,ADRM1
D3,PH_pass,DNA_REPAIR,1.14016786312038,0.293733199357604,GTF2F1
D3,PH_pass,DNA_REPAIR,1.14016786312038,0.293733199357604,RFC2
D3,PH_pass,DNA_REPAIR,1.14016786312038,0.293733199357604,AK1
D3,PH_pass,DNA_REPAIR,1.14016786312038,0.293733199357604,BRF2
D3,PH_pass,DNA_REPAIR,1.14016786312038,0.293733199357604,TYMS
D3,PH_pass,DNA_REPAIR,1.14016786312038,0.293733199357604,TAF12
D3,PH_pass,DNA_REPAIR,1.14016786312038,0.293733199357604,GPX4
D3,PH_pass,DNA_REPAIR,1.14016786312038,0.293733199357604,ARL6IP1
D3,PH_pass,DNA_REPAIR,1.14016786312038,0.293733199357604,GUK1
D3,PH_pass,DNA_REPAIR,1.14016786312038,0.293733199357604,POLR2G
D3,PH_pass,DNA_REPAIR,1.14016786312038,0.293733199357604,DGUOK
D3,PH_pass,E2F_TARGETS,-0.813831461597764,0.981012658227848,RAD1
D3,PH_pass,E2F_TARGETS,-0.813831461597764,0.981012658227848,SYNCRIP
D3,PH_pass,E2F_TARGETS,-0.813831461597764,0.981012658227848,RBBP7
D3,PH_pass,E2F_TARGETS,-0.813831461597764,0.981012658227848,PSIP1
D3,PH_pass,E2F_TARGETS,-0.813831461597764,0.981012658227848,MRE11
D3,PH_pass,E2F_TARGETS,-0.813831461597764,0.981012658227848,PMS2
D3,PH_pass,E2F_TARGETS,-0.813831461597764,0.981012658227848,NOP56
D3,PH_pass,E2F_TARGETS,-0.813831461597764,0.981012658227848,SMC1A
D3,PH_pass,E2F_TARGETS,-0.813831461597764,0.981012658227848,MLH1
D3,PH_pass,E2F_TARGETS,-0.813831461597764,0.981012658227848,NASP
D3,PH_pass,E2F_TARGETS,-0.813831461597764,0.981012658227848,TMPO
D3,PH_pass,E2F_TARGETS,-0.813831461597764,0.981012658227848,RFC1
D3,PH_pass,E2F_TARGETS,-0.813831461597764,0.981012658227848,LIG1
D3,PH_pass,E2F_TARGETS,-0.813831461597764,0.981012658227848,POLE
D3,PH_pass,E2F_TARGETS,-0.813831461597764,0.981012658227848,LUC7L3
D3,PH_pass,E2F_TARGETS,-0.813831461597764,0.981012658227848,CBX5
D3,PH_pass,EPITHELIAL_MESENCHYMAL_TRANSITION,1.44757412298285,0.0260381745460444,GADD45A
D3,PH_pass,EPITHELIAL_MESENCHYMAL_TRANSITION,1.44757412298285,0.0260381745460444,GADD45B
D3,PH_pass,EPITHELIAL_MESENCHYMAL_TRANSITION,1.44757412298285,0.0260381745460444,BASP1
D3,PH_pass,EPITHELIAL_MESENCHYMAL_TRANSITION,1.44757412298285,0.0260381745460444,LOXL1
D3,PH_pass,EPITHELIAL_MESENCHYMAL_TRANSITION,1.44757412298285,0.0260381745460444,CXCL1
D3,PH_pass,EPITHELIAL_MESENCHYMAL_TRANSITION,1.44757412298285,0.0260381745460444,LGALS1
D3,PH_pass,EPITHELIAL_MESENCHYMAL_TRANSITION,1.44757412298285,0.0260381745460444,CD59
D3,PH_pass,EPITHELIAL_MESENCHYMAL_TRANSITION,1.44757412298285,0.0260381745460444,TGM2
D3,PH_pass,EPITHELIAL_MESENCHYMAL_TRANSITION,1.44757412298285,0.0260381745460444,QSOX1
D3,PH_pass,EPITHELIAL_MESENCHYMAL_TRANSITION,1.44757412298285,0.0260381745460444,CAPG
D3,PH_pass,EPITHELIAL_MESENCHYMAL_TRANSITION,1.44757412298285,0.0260381745460444,VIM
D3,PH_pass,EPITHELIAL_MESENCHYMAL_TRANSITION,1.44757412298285,0.0260381745460444,CD44
D3,PH_pass,EPITHELIAL_MESENCHYMAL_TRANSITION,1.44757412298285,0.0260381745460444,VEGFA
D3,PH_pass,EPITHELIAL_MESENCHYMAL_TRANSITION,1.44757412298285,0.0260381745460444,TIMP1
D3,PH_pass,EPITHELIAL_MESENCHYMAL_TRANSITION,1.44757412298285,0.0260381745460444,TGFB1
D3,PH_pass,EPITHELIAL_MESENCHYMAL_TRANSITION,1.44757412298285,0.0260381745460444,SAT1
D3,PH_pass,EPITHELIAL_MESENCHYMAL_TRANSITION,1.44757412298285,0.0260381745460444,TPM1
D3,PH_pass,EPITHELIAL_MESENCHYMAL_TRANSITION,1.44757412298285,0.0260381745460444,COL4A2
D3,PH_pass,EPITHELIAL_MESENCHYMAL_TRANSITION,1.44757412298285,0.0260381745460444,PLOD1
D3,PH_pass,EPITHELIAL_MESENCHYMAL_TRANSITION,1.44757412298285,0.0260381745460444,SERPINE2
D3,PH_pass,EPITHELIAL_MESENCHYMAL_TRANSITION,1.44757412298285,0.0260381745460444,SLC6A8
D3,PH_pass,EPITHELIAL_MESENCHYMAL_TRANSITION,1.44757412298285,0.0260381745460444,RHOB
D3,PH_pass,EPITHELIAL_MESENCHYMAL_TRANSITION,1.44757412298285,0.0260381745460444,SPP1
D3,PH_pass,EPITHELIAL_MESENCHYMAL_TRANSITION,1.44757412298285,0.0260381745460444,PCOLCE2
D3,PH_pass,EPITHELIAL_MESENCHYMAL_TRANSITION,1.44757412298285,0.0260381745460444,PTX3
D3,PH_pass,EPITHELIAL_MESENCHYMAL_TRANSITION,1.44757412298285,0.0260381745460444,TNFRSF12A
D3,PH_pass,EPITHELIAL_MESENCHYMAL_TRANSITION,1.44757412298285,0.0260381745460444,ANPEP
D3,PH_pass,EPITHELIAL_MESENCHYMAL_TRANSITION,1.44757412298285,0.0260381745460444,THBS1
D3,PH_pass,EPITHELIAL_MESENCHYMAL_TRANSITION,1.44757412298285,0.0260381745460444,AREG
D3,PH_pass,EPITHELIAL_MESENCHYMAL_TRANSITION,1.44757412298285,0.0260381745460444,TPM4
D3,PH_pass,EPITHELIAL_MESENCHYMAL_TRANSITION,1.44757412298285,0.0260381745460444,COLGALT1
D3,PH_pass,EPITHELIAL_MESENCHYMAL_TRANSITION,1.44757412298285,0.0260381745460444,SDC4
D3,PH_pass,EPITHELIAL_MESENCHYMAL_TRANSITION,1.44757412298285,0.0260381745460444,FBN2
D3,PH_pass,EPITHELIAL_MESENCHYMAL_TRANSITION,1.44757412298285,0.0260381745460444,ACTA2
D3,PH_pass,EPITHELIAL_MESENCHYMAL_TRANSITION,1.44757412298285,0.0260381745460444,COPA
D3,PH_pass,EPITHELIAL_MESENCHYMAL_TRANSITION,1.44757412298285,0.0260381745460444,INHBA
D3,PH_pass,EPITHELIAL_MESENCHYMAL_TRANSITION,1.44757412298285,0.0260381745460444,FBN1
D3,PH_pass,EPITHELIAL_MESENCHYMAL_TRANSITION,1.44757412298285,0.0260381745460444,CXCL8
D3,PH_pass,EPITHELIAL_MESENCHYMAL_TRANSITION,1.44757412298285,0.0260381745460444,EFEMP2
D3,PH_pass,EPITHELIAL_MESENCHYMAL_TRANSITION,1.44757412298285,0.0260381745460444,SERPINE1
D3,PH_pass,EPITHELIAL_MESENCHYMAL_TRANSITION,1.44757412298285,0.0260381745460444,COL7A1
D3,PH_pass,EPITHELIAL_MESENCHYMAL_TRANSITION,1.44757412298285,0.0260381745460444,ITGB5
D3,PH_pass,EPITHELIAL_MESENCHYMAL_TRANSITION,1.44757412298285,0.0260381745460444,PLAUR
D3,PH_pass,EPITHELIAL_MESENCHYMAL_TRANSITION,1.44757412298285,0.0260381745460444,FSTL1
D3,PH_pass,EPITHELIAL_MESENCHYMAL_TRANSITION,1.44757412298285,0.0260381745460444,SPARC
D3,PH_pass,EPITHELIAL_MESENCHYMAL_TRANSITION,1.44757412298285,0.0260381745460444,ID2
D3,PH_pass,EPITHELIAL_MESENCHYMAL_TRANSITION,1.44757412298285,0.0260381745460444,SDC1
D3,PH_pass,EPITHELIAL_MESENCHYMAL_TRANSITION,1.44757412298285,0.0260381745460444,SFRP4
D3,PH_pass,EPITHELIAL_MESENCHYMAL_TRANSITION,1.44757412298285,0.0260381745460444,PFN2
D3,PH_pass,ESTROGEN_RESPONSE_EARLY,1.50538889059725,0.00804449355689656,SLC2A1
D3,PH_pass,ESTROGEN_RESPONSE_EARLY,1.50538889059725,0.00804449355689656,UGCG
D3,PH_pass,ESTROGEN_RESPONSE_EARLY,1.50538889059725,0.00804449355689656,FOXC1
D3,PH_pass,ESTROGEN_RESPONSE_EARLY,1.50538889059725,0.00804449355689656,DHCR7
D3,PH_pass,ESTROGEN_RESPONSE_EARLY,1.50538889059725,0.00804449355689656,DLC1
D3,PH_pass,ESTROGEN_RESPONSE_EARLY,1.50538889059725,0.00804449355689656,RAB31
D3,PH_pass,ESTROGEN_RESPONSE_EARLY,1.50538889059725,0.00804449355689656,KAZN
D3,PH_pass,ESTROGEN_RESPONSE_EARLY,1.50538889059725,0.00804449355689656,AFF1
D3,PH_pass,ESTROGEN_RESPONSE_EARLY,1.50538889059725,0.00804449355689656,TGM2
D3,PH_pass,ESTROGEN_RESPONSE_EARLY,1.50538889059725,0.00804449355689656,TTC39A
D3,PH_pass,ESTROGEN_RESPONSE_EARLY,1.50538889059725,0.00804449355689656,TIPARP
D3,PH_pass,ESTROGEN_RESPONSE_EARLY,1.50538889059725,0.00804449355689656,CANT1
D3,PH_pass,ESTROGEN_RESPONSE_EARLY,1.50538889059725,0.00804449355689656,SLC7A5
D3,PH_pass,ESTROGEN_RESPONSE_EARLY,1.50538889059725,0.00804449355689656,CD44
D3,PH_pass,ESTROGEN_RESPONSE_EARLY,1.50538889059725,0.00804449355689656,RARA
D3,PH_pass,ESTROGEN_RESPONSE_EARLY,1.50538889059725,0.00804449355689656,SLC24A3
D3,PH_pass,ESTROGEN_RESPONSE_EARLY,1.50538889059725,0.00804449355689656,SH3BP5
D3,PH_pass,ESTROGEN_RESPONSE_EARLY,1.50538889059725,0.00804449355689656,AMFR
D3,PH_pass,ESTROGEN_RESPONSE_EARLY,1.50538889059725,0.00804449355689656,CHPT1
D3,PH_pass,ESTROGEN_RESPONSE_EARLY,1.50538889059725,0.00804449355689656,IGF1R
D3,PH_pass,ESTROGEN_RESPONSE_EARLY,1.50538889059725,0.00804449355689656,ADD3
D3,PH_pass,ESTROGEN_RESPONSE_EARLY,1.50538889059725,0.00804449355689656,FOS
D3,PH_pass,ESTROGEN_RESPONSE_EARLY,1.50538889059725,0.00804449355689656,TOB1
D3,PH_pass,ESTROGEN_RESPONSE_EARLY,1.50538889059725,0.00804449355689656,MINDY1
D3,PH_pass,ESTROGEN_RESPONSE_EARLY,1.50538889059725,0.00804449355689656,FKBP5
D3,PH_pass,ESTROGEN_RESPONSE_EARLY,1.50538889059725,0.00804449355689656,TFF3
D3,PH_pass,ESTROGEN_RESPONSE_EARLY,1.50538889059725,0.00804449355689656,BLVRB
D3,PH_pass,ESTROGEN_RESPONSE_EARLY,1.50538889059725,0.00804449355689656,ELF3
D3,PH_pass,ESTROGEN_RESPONSE_EARLY,1.50538889059725,0.00804449355689656,ALDH3B1
D3,PH_pass,ESTROGEN_RESPONSE_EARLY,1.50538889059725,0.00804449355689656,BAG1
D3,PH_pass,ESTROGEN_RESPONSE_EARLY,1.50538889059725,0.00804449355689656,NHERF1
D3,PH_pass,ESTROGEN_RESPONSE_EARLY,1.50538889059725,0.00804449355689656,FHL2
D3,PH_pass,ESTROGEN_RESPONSE_EARLY,1.50538889059725,0.00804449355689656,FLNB
D3,PH_pass,ESTROGEN_RESPONSE_EARLY,1.50538889059725,0.00804449355689656,NADSYN1
D3,PH_pass,ESTROGEN_RESPONSE_EARLY,1.50538889059725,0.00804449355689656,KDM4B
D3,PH_pass,ESTROGEN_RESPONSE_EARLY,1.50538889059725,0.00804449355689656,GAB2
D3,PH_pass,ESTROGEN_RESPONSE_EARLY,1.50538889059725,0.00804449355689656,GLA
D3,PH_pass,ESTROGEN_RESPONSE_EARLY,1.50538889059725,0.00804449355689656,AREG
D3,PH_pass,ESTROGEN_RESPONSE_EARLY,1.50538889059725,0.00804449355689656,CISH
D3,PH_pass,ESTROGEN_RESPONSE_EARLY,1.50538889059725,0.00804449355689656,TUBB2B
D3,PH_pass,ESTROGEN_RESPONSE_EARLY,1.50538889059725,0.00804449355689656,SVIL
D3,PH_pass,ESTROGEN_RESPONSE_LATE,1.47677391438711,0.0117371216090125,S100A9
D3,PH_pass,ESTROGEN_RESPONSE_LATE,1.47677391438711,0.0117371216090125,FOXC1
D3,PH_pass,ESTROGEN_RESPONSE_LATE,1.47677391438711,0.0117371216090125,DHCR7
D3,PH_pass,ESTROGEN_RESPONSE_LATE,1.47677391438711,0.0117371216090125,RAB31
D3,PH_pass,ESTROGEN_RESPONSE_LATE,1.47677391438711,0.0117371216090125,ATP2B4
D3,PH_pass,ESTROGEN_RESPONSE_LATE,1.47677391438711,0.0117371216090125,AFF1
D3,PH_pass,ESTROGEN_RESPONSE_LATE,1.47677391438711,0.0117371216090125,CA2
D3,PH_pass,ESTROGEN_RESPONSE_LATE,1.47677391438711,0.0117371216090125,CCNA1
D3,PH_pass,ESTROGEN_RESPONSE_LATE,1.47677391438711,0.0117371216090125,ST6GALNAC2
D3,PH_pass,ESTROGEN_RESPONSE_LATE,1.47677391438711,0.0117371216090125,ZFP36
D3,PH_pass,ESTROGEN_RESPONSE_LATE,1.47677391438711,0.0117371216090125,SLC7A5
D3,PH_pass,ESTROGEN_RESPONSE_LATE,1.47677391438711,0.0117371216090125,CD44
D3,PH_pass,ESTROGEN_RESPONSE_LATE,1.47677391438711,0.0117371216090125,IMPA2
D3,PH_pass,ESTROGEN_RESPONSE_LATE,1.47677391438711,0.0117371216090125,SERPINA1
D3,PH_pass,ESTROGEN_RESPONSE_LATE,1.47677391438711,0.0117371216090125,SLC24A3
D3,PH_pass,ESTROGEN_RESPONSE_LATE,1.47677391438711,0.0117371216090125,GFUS
D3,PH_pass,ESTROGEN_RESPONSE_LATE,1.47677391438711,0.0117371216090125,AMFR
D3,PH_pass,ESTROGEN_RESPONSE_LATE,1.47677391438711,0.0117371216090125,CHPT1
D3,PH_pass,ESTROGEN_RESPONSE_LATE,1.47677391438711,0.0117371216090125,ADD3
D3,PH_pass,ESTROGEN_RESPONSE_LATE,1.47677391438711,0.0117371216090125,FOS
D3,PH_pass,ESTROGEN_RESPONSE_LATE,1.47677391438711,0.0117371216090125,TOB1
D3,PH_pass,ESTROGEN_RESPONSE_LATE,1.47677391438711,0.0117371216090125,STIL
D3,PH_pass,ESTROGEN_RESPONSE_LATE,1.47677391438711,0.0117371216090125,FKBP5
D3,PH_pass,ESTROGEN_RESPONSE_LATE,1.47677391438711,0.0117371216090125,TFF3
D3,PH_pass,ESTROGEN_RESPONSE_LATE,1.47677391438711,0.0117371216090125,PTPN6
D3,PH_pass,ESTROGEN_RESPONSE_LATE,1.47677391438711,0.0117371216090125,SNX10
D3,PH_pass,ESTROGEN_RESPONSE_LATE,1.47677391438711,0.0117371216090125,BLVRB
D3,PH_pass,ESTROGEN_RESPONSE_LATE,1.47677391438711,0.0117371216090125,ALDH3B1
D3,PH_pass,ESTROGEN_RESPONSE_LATE,1.47677391438711,0.0117371216090125,BAG1
D3,PH_pass,ESTROGEN_RESPONSE_LATE,1.47677391438711,0.0117371216090125,NHERF1
D3,PH_pass,ESTROGEN_RESPONSE_LATE,1.47677391438711,0.0117371216090125,CKB
D3,PH_pass,ESTROGEN_RESPONSE_LATE,1.47677391438711,0.0117371216090125,FLNB
D3,PH_pass,ESTROGEN_RESPONSE_LATE,1.47677391438711,0.0117371216090125,CDH1
D3,PH_pass,ESTROGEN_RESPONSE_LATE,1.47677391438711,0.0117371216090125,GLA
D3,PH_pass,ESTROGEN_RESPONSE_LATE,1.47677391438711,0.0117371216090125,BATF
D3,PH_pass,ESTROGEN_RESPONSE_LATE,1.47677391438711,0.0117371216090125,LTF
D3,PH_pass,ESTROGEN_RESPONSE_LATE,1.47677391438711,0.0117371216090125,AREG
D3,PH_pass,ESTROGEN_RESPONSE_LATE,1.47677391438711,0.0117371216090125,TST
D3,PH_pass,ESTROGEN_RESPONSE_LATE,1.47677391438711,0.0117371216090125,CISH
D3,PH_pass,FATTY_ACID_METABOLISM,1.46124670671532,0.0193454065586817,ACSL1
D3,PH_pass,FATTY_ACID_METABOLISM,1.46124670671532,0.0193454065586817,CA4
D3,PH_pass,FATTY_ACID_METABOLISM,1.46124670671532,0.0193454065586817,IDI1
D3,PH_pass,FATTY_ACID_METABOLISM,1.46124670671532,0.0193454065586817,LDHA
D3,PH_pass,FATTY_ACID_METABOLISM,1.46124670671532,0.0193454065586817,LGALS1
D3,PH_pass,FATTY_ACID_METABOLISM,1.46124670671532,0.0193454065586817,ALDOA
D3,PH_pass,FATTY_ACID_METABOLISM,1.46124670671532,0.0193454065586817,GLUL
D3,PH_pass,FATTY_ACID_METABOLISM,1.46124670671532,0.0193454065586817,GABARAPL1
D3,PH_pass,FATTY_ACID_METABOLISM,1.46124670671532,0.0193454065586817,CA2
D3,PH_pass,FATTY_ACID_METABOLISM,1.46124670671532,0.0193454065586817,UROD
D3,PH_pass,FATTY_ACID_METABOLISM,1.46124670671532,0.0193454065586817,ACSL4
D3,PH_pass,FATTY_ACID_METABOLISM,1.46124670671532,0.0193454065586817,HSDL2
D3,PH_pass,FATTY_ACID_METABOLISM,1.46124670671532,0.0193454065586817,SDHC
D3,PH_pass,FATTY_ACID_METABOLISM,1.46124670671532,0.0193454065586817,KMT5A
D3,PH_pass,FATTY_ACID_METABOLISM,1.46124670671532,0.0193454065586817,ACAA1
D3,PH_pass,FATTY_ACID_METABOLISM,1.46124670671532,0.0193454065586817,VNN1
D3,PH_pass,FATTY_ACID_METABOLISM,1.46124670671532,0.0193454065586817,ACOX1
D3,PH_pass,FATTY_ACID_METABOLISM,1.46124670671532,0.0193454065586817,ALAD
D3,PH_pass,FATTY_ACID_METABOLISM,1.46124670671532,0.0193454065586817,SUCLG1
D3,PH_pass,FATTY_ACID_METABOLISM,1.46124670671532,0.0193454065586817,GPD2
D3,PH_pass,FATTY_ACID_METABOLISM,1.46124670671532,0.0193454065586817,EHHADH
D3,PH_pass,FATTY_ACID_METABOLISM,1.46124670671532,0.0193454065586817,MAOA
D3,PH_pass,FATTY_ACID_METABOLISM,1.46124670671532,0.0193454065586817,YWHAH
D3,PH_pass,FATTY_ACID_METABOLISM,1.46124670671532,0.0193454065586817,PRDX6
D3,PH_pass,FATTY_ACID_METABOLISM,1.46124670671532,0.0193454065586817,ACOT8
D3,PH_pass,FATTY_ACID_METABOLISM,1.46124670671532,0.0193454065586817,ADIPOR2
D3,PH_pass,FATTY_ACID_METABOLISM,1.46124670671532,0.0193454065586817,GCDH
D3,PH_pass,FATTY_ACID_METABOLISM,1.46124670671532,0.0193454065586817,G0S2
D3,PH_pass,FATTY_ACID_METABOLISM,1.46124670671532,0.0193454065586817,HPGD
D3,PH_pass,FATTY_ACID_METABOLISM,1.46124670671532,0.0193454065586817,HADHB
D3,PH_pass,FATTY_ACID_METABOLISM,1.46124670671532,0.0193454065586817,ACADVL
D3,PH_pass,FATTY_ACID_METABOLISM,1.46124670671532,0.0193454065586817,ELOVL5
D3,PH_pass,FATTY_ACID_METABOLISM,1.46124670671532,0.0193454065586817,DLD
D3,PH_pass,FATTY_ACID_METABOLISM,1.46124670671532,0.0193454065586817,CPOX
D3,PH_pass,FATTY_ACID_METABOLISM,1.46124670671532,0.0193454065586817,H2AZ1
D3,PH_pass,FATTY_ACID_METABOLISM,1.46124670671532,0.0193454065586817,DHCR24
D3,PH_pass,G2M_CHECKPOINT,1.21162679810228,0.158876478627645,MAPK14
D3,PH_pass,G2M_CHECKPOINT,1.21162679810228,0.158876478627645,PRMT5
D3,PH_pass,G2M_CHECKPOINT,1.21162679810228,0.158876478627645,JPT1
D3,PH_pass,G2M_CHECKPOINT,1.21162679810228,0.158876478627645,CDKN1B
D3,PH_pass,G2M_CHECKPOINT,1.21162679810228,0.158876478627645,MARCKS
D3,PH_pass,G2M_CHECKPOINT,1.21162679810228,0.158876478627645,E2F3
D3,PH_pass,G2M_CHECKPOINT,1.21162679810228,0.158876478627645,BCL3
D3,PH_pass,G2M_CHECKPOINT,1.21162679810228,0.158876478627645,RAD23B
D3,PH_pass,G2M_CHECKPOINT,1.21162679810228,0.158876478627645,LBR
D3,PH_pass,G2M_CHECKPOINT,1.21162679810228,0.158876478627645,E2F2
D3,PH_pass,G2M_CHECKPOINT,1.21162679810228,0.158876478627645,TFDP1
D3,PH_pass,G2M_CHECKPOINT,1.21162679810228,0.158876478627645,LMNB1
D3,PH_pass,G2M_CHECKPOINT,1.21162679810228,0.158876478627645,HIF1A
D3,PH_pass,G2M_CHECKPOINT,1.21162679810228,0.158876478627645,PRC1
D3,PH_pass,G2M_CHECKPOINT,1.21162679810228,0.158876478627645,DR1
D3,PH_pass,G2M_CHECKPOINT,1.21162679810228,0.158876478627645,SLC7A5
D3,PH_pass,G2M_CHECKPOINT,1.21162679810228,0.158876478627645,E2F4
D3,PH_pass,G2M_CHECKPOINT,1.21162679810228,0.158876478627645,KMT5A
D3,PH_pass,G2M_CHECKPOINT,1.21162679810228,0.158876478627645,BIRC5
D3,PH_pass,G2M_CHECKPOINT,1.21162679810228,0.158876478627645,TPX2
D3,PH_pass,G2M_CHECKPOINT,1.21162679810228,0.158876478627645,BARD1
D3,PH_pass,G2M_CHECKPOINT,1.21162679810228,0.158876478627645,TGFB1
D3,PH_pass,G2M_CHECKPOINT,1.21162679810228,0.158876478627645,KPNB1
D3,PH_pass,G2M_CHECKPOINT,1.21162679810228,0.158876478627645,TLE3
D3,PH_pass,G2M_CHECKPOINT,1.21162679810228,0.158876478627645,AURKA
D3,PH_pass,G2M_CHECKPOINT,1.21162679810228,0.158876478627645,MAP3K20
D3,PH_pass,G2M_CHECKPOINT,1.21162679810228,0.158876478627645,UBE2C
D3,PH_pass,G2M_CHECKPOINT,1.21162679810228,0.158876478627645,STIL
D3,PH_pass,G2M_CHECKPOINT,1.21162679810228,0.158876478627645,TROAP
D3,PH_pass,G2M_CHECKPOINT,1.21162679810228,0.158876478627645,HIRA
D3,PH_pass,G2M_CHECKPOINT,1.21162679810228,0.158876478627645,CDKN2C
D3,PH_pass,G2M_CHECKPOINT,1.21162679810228,0.158876478627645,SAP30
D3,PH_pass,G2M_CHECKPOINT,1.21162679810228,0.158876478627645,ATF5
D3,PH_pass,G2M_CHECKPOINT,1.21162679810228,0.158876478627645,UBE2S
D3,PH_pass,G2M_CHECKPOINT,1.21162679810228,0.158876478627645,H2BC12
D3,PH_pass,G2M_CHECKPOINT,1.21162679810228,0.158876478627645,CDKN3
D3,PH_pass,G2M_CHECKPOINT,1.21162679810228,0.158876478627645,KIF15
D3,PH_pass,G2M_CHECKPOINT,1.21162679810228,0.158876478627645,CHMP1A
D3,PH_pass,G2M_CHECKPOINT,1.21162679810228,0.158876478627645,TACC3
D3,PH_pass,G2M_CHECKPOINT,1.21162679810228,0.158876478627645,AURKB
D3,PH_pass,G2M_CHECKPOINT,1.21162679810228,0.158876478627645,POLQ
D3,PH_pass,G2M_CHECKPOINT,1.21162679810228,0.158876478627645,MKI67
D3,PH_pass,G2M_CHECKPOINT,1.21162679810228,0.158876478627645,PTTG1
D3,PH_pass,G2M_CHECKPOINT,1.21162679810228,0.158876478627645,CKS2
D3,PH_pass,G2M_CHECKPOINT,1.21162679810228,0.158876478627645,CBX1
D3,PH_pass,G2M_CHECKPOINT,1.21162679810228,0.158876478627645,CENPA
D3,PH_pass,G2M_CHECKPOINT,1.21162679810228,0.158876478627645,CCNA2
D3,PH_pass,G2M_CHECKPOINT,1.21162679810228,0.158876478627645,SUV39H1
D3,PH_pass,G2M_CHECKPOINT,1.21162679810228,0.158876478627645,KIF4A
D3,PH_pass,G2M_CHECKPOINT,1.21162679810228,0.158876478627645,H2AZ1
D3,PH_pass,G2M_CHECKPOINT,1.21162679810228,0.158876478627645,NEK2
D3,PH_pass,G2M_CHECKPOINT,1.21162679810228,0.158876478627645,HMGB3
D3,PH_pass,G2M_CHECKPOINT,1.21162679810228,0.158876478627645,MEIS1
D3,PH_pass,G2M_CHECKPOINT,1.21162679810228,0.158876478627645,CDC25A
D3,PH_pass,G2M_CHECKPOINT,1.21162679810228,0.158876478627645,CDC20
D3,PH_pass,G2M_CHECKPOINT,1.21162679810228,0.158876478627645,PML
D3,PH_pass,G2M_CHECKPOINT,1.21162679810228,0.158876478627645,KIF2C
D3,PH_pass,G2M_CHECKPOINT,1.21162679810228,0.158876478627645,KIF11
D3,PH_pass,G2M_CHECKPOINT,1.21162679810228,0.158876478627645,CDC45
D3,PH_pass,G2M_CHECKPOINT,1.21162679810228,0.158876478627645,CDK1
D3,PH_pass,G2M_CHECKPOINT,1.21162679810228,0.158876478627645,HMGA1
D3,PH_pass,G2M_CHECKPOINT,1.21162679810228,0.158876478627645,NUP50
D3,PH_pass,GLYCOLYSIS,1.51293429314988,0.00479486581944465,PYGL
D3,PH_pass,GLYCOLYSIS,1.51293429314988,0.00479486581944465,TGFA
D3,PH_pass,GLYCOLYSIS,1.51293429314988,0.00479486581944465,RRAGD
D3,PH_pass,GLYCOLYSIS,1.51293429314988,0.00479486581944465,EXT1
D3,PH_pass,GLYCOLYSIS,1.51293429314988,0.00479486581944465,LDHA
D3,PH_pass,GLYCOLYSIS,1.51293429314988,0.00479486581944465,G6PD
D3,PH_pass,GLYCOLYSIS,1.51293429314988,0.00479486581944465,IER3
D3,PH_pass,GLYCOLYSIS,1.51293429314988,0.00479486581944465,PKM
D3,PH_pass,GLYCOLYSIS,1.51293429314988,0.00479486581944465,ALDOA
D3,PH_pass,GLYCOLYSIS,1.51293429314988,0.00479486581944465,HK2
D3,PH_pass,GLYCOLYSIS,1.51293429314988,0.00479486581944465,ABCB6
D3,PH_pass,GLYCOLYSIS,1.51293429314988,0.00479486581944465,NOL3
D3,PH_pass,GLYCOLYSIS,1.51293429314988,0.00479486581944465,TXN
D3,PH_pass,GLYCOLYSIS,1.51293429314988,0.00479486581944465,NDST3
D3,PH_pass,GLYCOLYSIS,1.51293429314988,0.00479486581944465,CITED2
D3,PH_pass,GLYCOLYSIS,1.51293429314988,0.00479486581944465,TPST1
D3,PH_pass,GLYCOLYSIS,1.51293429314988,0.00479486581944465,QSOX1
D3,PH_pass,GLYCOLYSIS,1.51293429314988,0.00479486581944465,IRS2
D3,PH_pass,GLYCOLYSIS,1.51293429314988,0.00479486581944465,CD44
D3,PH_pass,GLYCOLYSIS,1.51293429314988,0.00479486581944465,SLC16A3
D3,PH_pass,GLYCOLYSIS,1.51293429314988,0.00479486581944465,BIK
D3,PH_pass,GLYCOLYSIS,1.51293429314988,0.00479486581944465,SDHC
D3,PH_pass,GLYCOLYSIS,1.51293429314988,0.00479486581944465,VEGFA
D3,PH_pass,GLYCOLYSIS,1.51293429314988,0.00479486581944465,CHST2
D3,PH_pass,GLYCOLYSIS,1.51293429314988,0.00479486581944465,TALDO1
D3,PH_pass,GLYCOLYSIS,1.51293429314988,0.00479486581944465,VLDLR
D3,PH_pass,GLYCOLYSIS,1.51293429314988,0.00479486581944465,GFUS
D3,PH_pass,GLYCOLYSIS,1.51293429314988,0.00479486581944465,PGK1
D3,PH_pass,GLYCOLYSIS,1.51293429314988,0.00479486581944465,AURKA
D3,PH_pass,GLYCOLYSIS,1.51293429314988,0.00479486581944465,ENO1
D3,PH_pass,GLYCOLYSIS,1.51293429314988,0.00479486581944465,PHKA2
D3,PH_pass,GLYCOLYSIS,1.51293429314988,0.00479486581944465,PGM2
D3,PH_pass,GLYCOLYSIS,1.51293429314988,0.00479486581944465,PAM
D3,PH_pass,GLYCOLYSIS,1.51293429314988,0.00479486581944465,UGP2
D3,PH_pass,GLYCOLYSIS,1.51293429314988,0.00479486581944465,TFF3
D3,PH_pass,GLYCOLYSIS,1.51293429314988,0.00479486581944465,PLOD1
D3,PH_pass,GLYCOLYSIS,1.51293429314988,0.00479486581944465,PKP2
D3,PH_pass,GLYCOLYSIS,1.51293429314988,0.00479486581944465,GLRX
D3,PH_pass,GLYCOLYSIS,1.51293429314988,0.00479486581944465,B4GALT4
D3,PH_pass,GLYCOLYSIS,1.51293429314988,0.00479486581944465,ELF3
D3,PH_pass,GLYCOLYSIS,1.51293429314988,0.00479486581944465,SAP30
D3,PH_pass,GLYCOLYSIS,1.51293429314988,0.00479486581944465,MERTK
D3,PH_pass,GLYCOLYSIS,1.51293429314988,0.00479486581944465,SOD1
D3,PH_pass,GLYCOLYSIS,1.51293429314988,0.00479486581944465,RBCK1
D3,PH_pass,GLYCOLYSIS,1.51293429314988,0.00479486581944465,PGAM1
D3,PH_pass,GLYCOLYSIS,1.51293429314988,0.00479486581944465,B4GALT2
D3,PH_pass,GLYCOLYSIS,1.51293429314988,0.00479486581944465,CENPA
D3,PH_pass,GLYCOLYSIS,1.51293429314988,0.00479486581944465,CHPF2
D3,PH_pass,GLYCOLYSIS,1.51293429314988,0.00479486581944465,DLD
D3,PH_pass,GLYCOLYSIS,1.51293429314988,0.00479486581944465,PDK3
D3,PH_pass,GLYCOLYSIS,1.51293429314988,0.00479486581944465,KIF20A
D3,PH_pass,GLYCOLYSIS,1.51293429314988,0.00479486581944465,PFKP
D3,PH_pass,GLYCOLYSIS,1.51293429314988,0.00479486581944465,DSC2
D3,PH_pass,GLYCOLYSIS,1.51293429314988,0.00479486581944465,CTH
D3,PH_pass,GLYCOLYSIS,1.51293429314988,0.00479486581944465,GALK1
D3,PH_pass,GLYCOLYSIS,1.51293429314988,0.00479486581944465,IL13RA1
D3,PH_pass,GLYCOLYSIS,1.51293429314988,0.00479486581944465,CDK1
D3,PH_pass,GLYCOLYSIS,1.51293429314988,0.00479486581944465,ADORA2B
D3,PH_pass,GLYCOLYSIS,1.51293429314988,0.00479486581944465,GYS1
D3,PH_pass,GLYCOLYSIS,1.51293429314988,0.00479486581944465,SLC25A10
D3,PH_pass,GLYCOLYSIS,1.51293429314988,0.00479486581944465,CAPN5
D3,PH_pass,GLYCOLYSIS,1.51293429314988,0.00479486581944465,ME2
D3,PH_pass,GLYCOLYSIS,1.51293429314988,0.00479486581944465,B4GALT1
D3,PH_pass,HEDGEHOG_SIGNALING,0.906995293556067,0.64210929232432,CDK5R1
D3,PH_pass,HEDGEHOG_SIGNALING,0.906995293556067,0.64210929232432,ETS2
D3,PH_pass,HEDGEHOG_SIGNALING,0.906995293556067,0.64210929232432,VEGFA
D3,PH_pass,HEDGEHOG_SIGNALING,0.906995293556067,0.64210929232432,VLDLR
D3,PH_pass,HEDGEHOG_SIGNALING,0.906995293556067,0.64210929232432,TLE3
D3,PH_pass,HEDGEHOG_SIGNALING,0.906995293556067,0.64210929232432,ACHE
D3,PH_pass,HEDGEHOG_SIGNALING,0.906995293556067,0.64210929232432,NF1
D3,PH_pass,HEDGEHOG_SIGNALING,0.906995293556067,0.64210929232432,PML
D3,PH_pass,HEDGEHOG_SIGNALING,0.906995293556067,0.64210929232432,LDB1
D3,PH_pass,HEDGEHOG_SIGNALING,0.906995293556067,0.64210929232432,TLE1
D3,PH_pass,HEDGEHOG_SIGNALING,0.906995293556067,0.64210929232432,MYH9
D3,PH_pass,HEME_METABOLISM,2.39586377058995,3.29838800988972e-18,NFE2
D3,PH_pass,HEME_METABOLISM,2.39586377058995,3.29838800988972e-18,SLC2A1
D3,PH_pass,HEME_METABOLISM,2.39586377058995,3.29838800988972e-18,GCLM
D3,PH_pass,HEME_METABOLISM,2.39586377058995,3.29838800988972e-18,CCND3
D3,PH_pass,HEME_METABOLISM,2.39586377058995,3.29838800988972e-18,ERMAP
D3,PH_pass,HEME_METABOLISM,2.39586377058995,3.29838800988972e-18,PSMD9
D3,PH_pass,HEME_METABOLISM,2.39586377058995,3.29838800988972e-18,FBXO9
D3,PH_pass,HEME_METABOLISM,2.39586377058995,3.29838800988972e-18,NARF
D3,PH_pass,HEME_METABOLISM,2.39586377058995,3.29838800988972e-18,DCAF11
D3,PH_pass,HEME_METABOLISM,2.39586377058995,3.29838800988972e-18,MPP1
D3,PH_pass,HEME_METABOLISM,2.39586377058995,3.29838800988972e-18,SLC22A4
D3,PH_pass,HEME_METABOLISM,2.39586377058995,3.29838800988972e-18,ATP6V0A1
D3,PH_pass,HEME_METABOLISM,2.39586377058995,3.29838800988972e-18,MAP2K3
D3,PH_pass,HEME_METABOLISM,2.39586377058995,3.29838800988972e-18,SLC7A11
D3,PH_pass,HEME_METABOLISM,2.39586377058995,3.29838800988972e-18,TMCC2
D3,PH_pass,HEME_METABOLISM,2.39586377058995,3.29838800988972e-18,HTATIP2
D3,PH_pass,HEME_METABOLISM,2.39586377058995,3.29838800988972e-18,SMOX
D3,PH_pass,HEME_METABOLISM,2.39586377058995,3.29838800988972e-18,MBOAT2
D3,PH_pass,HEME_METABOLISM,2.39586377058995,3.29838800988972e-18,PPP2R5B
D3,PH_pass,HEME_METABOLISM,2.39586377058995,3.29838800988972e-18,E2F2
D3,PH_pass,HEME_METABOLISM,2.39586377058995,3.29838800988972e-18,ABCB6
D3,PH_pass,HEME_METABOLISM,2.39586377058995,3.29838800988972e-18,LRP10
D3,PH_pass,HEME_METABOLISM,2.39586377058995,3.29838800988972e-18,KEL
D3,PH_pass,HEME_METABOLISM,2.39586377058995,3.29838800988972e-18,CA2
D3,PH_pass,HEME_METABOLISM,2.39586377058995,3.29838800988972e-18,UROD
D3,PH_pass,HEME_METABOLISM,2.39586377058995,3.29838800988972e-18,RAP1GAP
D3,PH_pass,HEME_METABOLISM,2.39586377058995,3.29838800988972e-18,GDE1
D3,PH_pass,HEME_METABOLISM,2.39586377058995,3.29838800988972e-18,SDCBP
D3,PH_pass,HEME_METABOLISM,2.39586377058995,3.29838800988972e-18,SLC25A37
D3,PH_pass,HEME_METABOLISM,2.39586377058995,3.29838800988972e-18,FBXO34
D3,PH_pass,HEME_METABOLISM,2.39586377058995,3.29838800988972e-18,RCL1
D3,PH_pass,HEME_METABOLISM,2.39586377058995,3.29838800988972e-18,HDGF
D3,PH_pass,HEME_METABOLISM,2.39586377058995,3.29838800988972e-18,HMBS
D3,PH_pass,HEME_METABOLISM,2.39586377058995,3.29838800988972e-18,EPOR
D3,PH_pass,HEME_METABOLISM,2.39586377058995,3.29838800988972e-18,RAD23A
D3,PH_pass,HEME_METABOLISM,2.39586377058995,3.29838800988972e-18,BSG
D3,PH_pass,HEME_METABOLISM,2.39586377058995,3.29838800988972e-18,CLIC2
D3,PH_pass,HEME_METABOLISM,2.39586377058995,3.29838800988972e-18,GAPVD1
D3,PH_pass,HEME_METABOLISM,2.39586377058995,3.29838800988972e-18,ADIPOR1
D3,PH_pass,HEME_METABOLISM,2.39586377058995,3.29838800988972e-18,TFRC
D3,PH_pass,HEME_METABOLISM,2.39586377058995,3.29838800988972e-18,DCAF10
D3,PH_pass,HEME_METABOLISM,2.39586377058995,3.29838800988972e-18,RHCE
D3,PH_pass,HEME_METABOLISM,2.39586377058995,3.29838800988972e-18,MARCHF2
D3,PH_pass,HEME_METABOLISM,2.39586377058995,3.29838800988972e-18,KLF1
D3,PH_pass,HEME_METABOLISM,2.39586377058995,3.29838800988972e-18,UBAC1
D3,PH_pass,HEME_METABOLISM,2.39586377058995,3.29838800988972e-18,YPEL5
D3,PH_pass,HEME_METABOLISM,2.39586377058995,3.29838800988972e-18,TSPO2
D3,PH_pass,HEME_METABOLISM,2.39586377058995,3.29838800988972e-18,BCAM
D3,PH_pass,HEME_METABOLISM,2.39586377058995,3.29838800988972e-18,ANK1
D3,PH_pass,HEME_METABOLISM,2.39586377058995,3.29838800988972e-18,PRDX2
D3,PH_pass,HEME_METABOLISM,2.39586377058995,3.29838800988972e-18,ALAD
D3,PH_pass,HEME_METABOLISM,2.39586377058995,3.29838800988972e-18,OSBP2
D3,PH_pass,HEME_METABOLISM,2.39586377058995,3.29838800988972e-18,DMTN
D3,PH_pass,HEME_METABOLISM,2.39586377058995,3.29838800988972e-18,HAGH
D3,PH_pass,HEME_METABOLISM,2.39586377058995,3.29838800988972e-18,SLC66A2
D3,PH_pass,HEME_METABOLISM,2.39586377058995,3.29838800988972e-18,EIF2AK1
D3,PH_pass,HEME_METABOLISM,2.39586377058995,3.29838800988972e-18,XPO7
D3,PH_pass,HEME_METABOLISM,2.39586377058995,3.29838800988972e-18,RBM38
D3,PH_pass,HEME_METABOLISM,2.39586377058995,3.29838800988972e-18,RANBP10
D3,PH_pass,HEME_METABOLISM,2.39586377058995,3.29838800988972e-18,EZH1
D3,PH_pass,HEME_METABOLISM,2.39586377058995,3.29838800988972e-18,NR3C1
D3,PH_pass,HEME_METABOLISM,2.39586377058995,3.29838800988972e-18,CTSB
D3,PH_pass,HEME_METABOLISM,2.39586377058995,3.29838800988972e-18,CCDC28A
D3,PH_pass,HEME_METABOLISM,2.39586377058995,3.29838800988972e-18,TAL1
D3,PH_pass,HEME_METABOLISM,2.39586377058995,3.29838800988972e-18,SLC6A9
D3,PH_pass,HEME_METABOLISM,2.39586377058995,3.29838800988972e-18,BTG2
D3,PH_pass,HEME_METABOLISM,2.39586377058995,3.29838800988972e-18,SLC6A8
D3,PH_pass,HEME_METABOLISM,2.39586377058995,3.29838800988972e-18,PICALM
D3,PH_pass,HEME_METABOLISM,2.39586377058995,3.29838800988972e-18,H1-0
D3,PH_pass,HEME_METABOLISM,2.39586377058995,3.29838800988972e-18,BLVRB
D3,PH_pass,HEME_METABOLISM,2.39586377058995,3.29838800988972e-18,GLRX5
D3,PH_pass,HEME_METABOLISM,2.39586377058995,3.29838800988972e-18,GATA1
D3,PH_pass,HEME_METABOLISM,2.39586377058995,3.29838800988972e-18,RHD
D3,PH_pass,HEME_METABOLISM,2.39586377058995,3.29838800988972e-18,GYPE
D3,PH_pass,HEME_METABOLISM,2.39586377058995,3.29838800988972e-18,ATG4A
D3,PH_pass,HEME_METABOLISM,2.39586377058995,3.29838800988972e-18,KHNYN
D3,PH_pass,HEME_METABOLISM,2.39586377058995,3.29838800988972e-18,SPTB
D3,PH_pass,HEME_METABOLISM,2.39586377058995,3.29838800988972e-18,ADD1
D3,PH_pass,HEME_METABOLISM,2.39586377058995,3.29838800988972e-18,HTRA2
D3,PH_pass,HEME_METABOLISM,2.39586377058995,3.29838800988972e-18,TRIM10
D3,PH_pass,HEME_METABOLISM,2.39586377058995,3.29838800988972e-18,EPB42
D3,PH_pass,HEME_METABOLISM,2.39586377058995,3.29838800988972e-18,RNF123
D3,PH_pass,HEME_METABOLISM,2.39586377058995,3.29838800988972e-18,NUDT4
D3,PH_pass,HEME_METABOLISM,2.39586377058995,3.29838800988972e-18,CDR2
D3,PH_pass,HEME_METABOLISM,2.39586377058995,3.29838800988972e-18,SLC10A3
D3,PH_pass,HEME_METABOLISM,2.39586377058995,3.29838800988972e-18,LMO2
D3,PH_pass,HEME_METABOLISM,2.39586377058995,3.29838800988972e-18,SPTA1
D3,PH_pass,HEME_METABOLISM,2.39586377058995,3.29838800988972e-18,LAMP2
D3,PH_pass,HEME_METABOLISM,2.39586377058995,3.29838800988972e-18,GYPC
D3,PH_pass,HEME_METABOLISM,2.39586377058995,3.29838800988972e-18,H4C3
D3,PH_pass,HEME_METABOLISM,2.39586377058995,3.29838800988972e-18,ARHGEF12
D3,PH_pass,HEME_METABOLISM,2.39586377058995,3.29838800988972e-18,ACKR1
D3,PH_pass,HEME_METABOLISM,2.39586377058995,3.29838800988972e-18,PIGQ
D3,PH_pass,HEME_METABOLISM,2.39586377058995,3.29838800988972e-18,MARCHF8
D3,PH_pass,HEME_METABOLISM,2.39586377058995,3.29838800988972e-18,LPIN2
D3,PH_pass,HEME_METABOLISM,2.39586377058995,3.29838800988972e-18,CA1
D3,PH_pass,HEME_METABOLISM,2.39586377058995,3.29838800988972e-18,USP15
D3,PH_pass,HEME_METABOLISM,2.39586377058995,3.29838800988972e-18,CPOX
D3,PH_pass,HYPOXIA,2.1473830340789,2.52462342958183e-10,SLC2A1
D3,PH_pass,HYPOXIA,2.1473830340789,2.52462342958183e-10,NDRG1
D3,PH_pass,HYPOXIA,2.1473830340789,2.52462342958183e-10,PFKFB3
D3,PH_pass,HYPOXIA,2.1473830340789,2.52462342958183e-10,PGM1
D3,PH_pass,HYPOXIA,2.1473830340789,2.52462342958183e-10,PIM1
D3,PH_pass,HYPOXIA,2.1473830340789,2.52462342958183e-10,SLC2A3
D3,PH_pass,HYPOXIA,2.1473830340789,2.52462342958183e-10,RRAGD
D3,PH_pass,HYPOXIA,2.1473830340789,2.52462342958183e-10,JMJD6
D3,PH_pass,HYPOXIA,2.1473830340789,2.52462342958183e-10,NFIL3
D3,PH_pass,HYPOXIA,2.1473830340789,2.52462342958183e-10,KLF6
D3,PH_pass,HYPOXIA,2.1473830340789,2.52462342958183e-10,CDKN1B
D3,PH_pass,HYPOXIA,2.1473830340789,2.52462342958183e-10,GAPDH
D3,PH_pass,HYPOXIA,2.1473830340789,2.52462342958183e-10,EXT1
D3,PH_pass,HYPOXIA,2.1473830340789,2.52462342958183e-10,LDHA
D3,PH_pass,HYPOXIA,2.1473830340789,2.52462342958183e-10,IER3
D3,PH_pass,HYPOXIA,2.1473830340789,2.52462342958183e-10,FOSL2
D3,PH_pass,HYPOXIA,2.1473830340789,2.52462342958183e-10,NDST2
D3,PH_pass,HYPOXIA,2.1473830340789,2.52462342958183e-10,TPST2
D3,PH_pass,HYPOXIA,2.1473830340789,2.52462342958183e-10,PLAC8
D3,PH_pass,HYPOXIA,2.1473830340789,2.52462342958183e-10,PNRC1
D3,PH_pass,HYPOXIA,2.1473830340789,2.52462342958183e-10,ALDOA
D3,PH_pass,HYPOXIA,2.1473830340789,2.52462342958183e-10,HK2
D3,PH_pass,HYPOXIA,2.1473830340789,2.52462342958183e-10,ADM
D3,PH_pass,HYPOXIA,2.1473830340789,2.52462342958183e-10,CITED2
D3,PH_pass,HYPOXIA,2.1473830340789,2.52462342958183e-10,TGM2
D3,PH_pass,HYPOXIA,2.1473830340789,2.52462342958183e-10,PPP1R15A
D3,PH_pass,HYPOXIA,2.1473830340789,2.52462342958183e-10,IRS2
D3,PH_pass,HYPOXIA,2.1473830340789,2.52462342958183e-10,HK1
D3,PH_pass,HYPOXIA,2.1473830340789,2.52462342958183e-10,TIPARP
D3,PH_pass,HYPOXIA,2.1473830340789,2.52462342958183e-10,DUSP1
D3,PH_pass,HYPOXIA,2.1473830340789,2.52462342958183e-10,ZFP36
D3,PH_pass,HYPOXIA,2.1473830340789,2.52462342958183e-10,GBE1
D3,PH_pass,HYPOXIA,2.1473830340789,2.52462342958183e-10,RBPJ
D3,PH_pass,HYPOXIA,2.1473830340789,2.52462342958183e-10,WSB1
D3,PH_pass,HYPOXIA,2.1473830340789,2.52462342958183e-10,VEGFA
D3,PH_pass,HYPOXIA,2.1473830340789,2.52462342958183e-10,CHST2
D3,PH_pass,HYPOXIA,2.1473830340789,2.52462342958183e-10,VLDLR
D3,PH_pass,HYPOXIA,2.1473830340789,2.52462342958183e-10,KLF7
D3,PH_pass,HYPOXIA,2.1473830340789,2.52462342958183e-10,PGK1
D3,PH_pass,HYPOXIA,2.1473830340789,2.52462342958183e-10,NDST1
D3,PH_pass,HYPOXIA,2.1473830340789,2.52462342958183e-10,FOS
D3,PH_pass,HYPOXIA,2.1473830340789,2.52462342958183e-10,EFNA1
D3,PH_pass,HYPOXIA,2.1473830340789,2.52462342958183e-10,DDIT3
D3,PH_pass,HYPOXIA,2.1473830340789,2.52462342958183e-10,ENO1
D3,PH_pass,HYPOXIA,2.1473830340789,2.52462342958183e-10,SLC6A6
D3,PH_pass,HYPOXIA,2.1473830340789,2.52462342958183e-10,PGM2
D3,PH_pass,HYPOXIA,2.1473830340789,2.52462342958183e-10,PAM
D3,PH_pass,HYPOXIA,2.1473830340789,2.52462342958183e-10,UGP2
D3,PH_pass,HYPOXIA,2.1473830340789,2.52462342958183e-10,STBD1
D3,PH_pass,HYPOXIA,2.1473830340789,2.52462342958183e-10,PRDX5
D3,PH_pass,HYPOXIA,2.1473830340789,2.52462342958183e-10,CCNG2
D3,PH_pass,HYPOXIA,2.1473830340789,2.52462342958183e-10,NR3C1
D3,PH_pass,HYPOXIA,2.1473830340789,2.52462342958183e-10,MAFF
D3,PH_pass,HYPOXIA,2.1473830340789,2.52462342958183e-10,GLRX
D3,PH_pass,HYPOXIA,2.1473830340789,2.52462342958183e-10,IDS
D3,PH_pass,HYPOXIA,2.1473830340789,2.52462342958183e-10,SAP30
D3,PH_pass,IL2_STAT5_SIGNALING,1.73085139694049,6.19929014641152e-05,CST7
D3,PH_pass,IL2_STAT5_SIGNALING,1.73085139694049,6.19929014641152e-05,PLSCR1
D3,PH_pass,IL2_STAT5_SIGNALING,1.73085139694049,6.19929014641152e-05,NDRG1
D3,PH_pass,IL2_STAT5_SIGNALING,1.73085139694049,6.19929014641152e-05,GADD45B
D3,PH_pass,IL2_STAT5_SIGNALING,1.73085139694049,6.19929014641152e-05,PIM1
D3,PH_pass,IL2_STAT5_SIGNALING,1.73085139694049,6.19929014641152e-05,SLC2A3
D3,PH_pass,IL2_STAT5_SIGNALING,1.73085139694049,6.19929014641152e-05,DRC1
D3,PH_pass,IL2_STAT5_SIGNALING,1.73085139694049,6.19929014641152e-05,RRAGD
D3,PH_pass,IL2_STAT5_SIGNALING,1.73085139694049,6.19929014641152e-05,CCND3
D3,PH_pass,IL2_STAT5_SIGNALING,1.73085139694049,6.19929014641152e-05,IL1R2
D3,PH_pass,IL2_STAT5_SIGNALING,1.73085139694049,6.19929014641152e-05,CKAP4
D3,PH_pass,IL2_STAT5_SIGNALING,1.73085139694049,6.19929014641152e-05,NFIL3
D3,PH_pass,IL2_STAT5_SIGNALING,1.73085139694049,6.19929014641152e-05,IL4R
D3,PH_pass,IL2_STAT5_SIGNALING,1.73085139694049,6.19929014641152e-05,KLF6
D3,PH_pass,IL2_STAT5_SIGNALING,1.73085139694049,6.19929014641152e-05,MAPKAPK2
D3,PH_pass,IL2_STAT5_SIGNALING,1.73085139694049,6.19929014641152e-05,ST3GAL4
D3,PH_pass,IL2_STAT5_SIGNALING,1.73085139694049,6.19929014641152e-05,FURIN
D3,PH_pass,IL2_STAT5_SIGNALING,1.73085139694049,6.19929014641152e-05,GLIPR2
D3,PH_pass,IL2_STAT5_SIGNALING,1.73085139694049,6.19929014641152e-05,IFITM3
D3,PH_pass,IL2_STAT5_SIGNALING,1.73085139694049,6.19929014641152e-05,SELL
D3,PH_pass,IL2_STAT5_SIGNALING,1.73085139694049,6.19929014641152e-05,HK2
D3,PH_pass,IL2_STAT5_SIGNALING,1.73085139694049,6.19929014641152e-05,MXD1
D3,PH_pass,IL2_STAT5_SIGNALING,1.73085139694049,6.19929014641152e-05,SPRED2
D3,PH_pass,IL2_STAT5_SIGNALING,1.73085139694049,6.19929014641152e-05,IL18R1
D3,PH_pass,IL2_STAT5_SIGNALING,1.73085139694049,6.19929014641152e-05,GABARAPL1
D3,PH_pass,IL2_STAT5_SIGNALING,1.73085139694049,6.19929014641152e-05,PNP
D3,PH_pass,IL2_STAT5_SIGNALING,1.73085139694049,6.19929014641152e-05,CA2
D3,PH_pass,IL2_STAT5_SIGNALING,1.73085139694049,6.19929014641152e-05,TGM2
D3,PH_pass,IL2_STAT5_SIGNALING,1.73085139694049,6.19929014641152e-05,CAPG
D3,PH_pass,IL2_STAT5_SIGNALING,1.73085139694049,6.19929014641152e-05,SMPDL3A
D3,PH_pass,IL2_STAT5_SIGNALING,1.73085139694049,6.19929014641152e-05,BMP2
D3,PH_pass,IL2_STAT5_SIGNALING,1.73085139694049,6.19929014641152e-05,SCN9A
D3,PH_pass,IL2_STAT5_SIGNALING,1.73085139694049,6.19929014641152e-05,CSF1
D3,PH_pass,IL2_STAT5_SIGNALING,1.73085139694049,6.19929014641152e-05,ADAM19
D3,PH_pass,IL2_STAT5_SIGNALING,1.73085139694049,6.19929014641152e-05,CD44
D3,PH_pass,IL2_STAT5_SIGNALING,1.73085139694049,6.19929014641152e-05,IL10
D3,PH_pass,IL2_STAT5_SIGNALING,1.73085139694049,6.19929014641152e-05,IFNGR1
D3,PH_pass,IL2_STAT5_SIGNALING,1.73085139694049,6.19929014641152e-05,IGF1R
D3,PH_pass,IL2_STAT5_SIGNALING,1.73085139694049,6.19929014641152e-05,RGS16
D3,PH_pass,IL2_STAT5_SIGNALING,1.73085139694049,6.19929014641152e-05,PHLDA1
D3,PH_pass,IL2_STAT5_SIGNALING,1.73085139694049,6.19929014641152e-05,HIPK2
D3,PH_pass,IL2_STAT5_SIGNALING,1.73085139694049,6.19929014641152e-05,FAH
D3,PH_pass,IL2_STAT5_SIGNALING,1.73085139694049,6.19929014641152e-05,GALM
D3,PH_pass,IL2_STAT5_SIGNALING,1.73085139694049,6.19929014641152e-05,MAP3K8
D3,PH_pass,IL2_STAT5_SIGNALING,1.73085139694049,6.19929014641152e-05,DENND5A
D3,PH_pass,IL2_STAT5_SIGNALING,1.73085139694049,6.19929014641152e-05,MAFF
D3,PH_pass,IL2_STAT5_SIGNALING,1.73085139694049,6.19929014641152e-05,RHOB
D3,PH_pass,IL2_STAT5_SIGNALING,1.73085139694049,6.19929014641152e-05,SPP1
D3,PH_pass,IL2_STAT5_SIGNALING,1.73085139694049,6.19929014641152e-05,GSTO1
D3,PH_pass,IL2_STAT5_SIGNALING,1.73085139694049,6.19929014641152e-05,GATA1
D3,PH_pass,IL2_STAT5_SIGNALING,1.73085139694049,6.19929014641152e-05,IL1RL1
D3,PH_pass,IL2_STAT5_SIGNALING,1.73085139694049,6.19929014641152e-05,BCL2L1
D3,PH_pass,IL2_STAT5_SIGNALING,1.73085139694049,6.19929014641152e-05,SLC1A5
D3,PH_pass,IL2_STAT5_SIGNALING,1.73085139694049,6.19929014641152e-05,NFKBIZ
D3,PH_pass,IL2_STAT5_SIGNALING,1.73085139694049,6.19929014641152e-05,DCPS
D3,PH_pass,IL2_STAT5_SIGNALING,1.73085139694049,6.19929014641152e-05,BATF
D3,PH_pass,IL2_STAT5_SIGNALING,1.73085139694049,6.19929014641152e-05,PLEC
D3,PH_pass,IL2_STAT5_SIGNALING,1.73085139694049,6.19929014641152e-05,CISH
D3,PH_pass,IL2_STAT5_SIGNALING,1.73085139694049,6.19929014641152e-05,ARL4A
D3,PH_pass,IL2_STAT5_SIGNALING,1.73085139694049,6.19929014641152e-05,IGF2R
D3,PH_pass,IL2_STAT5_SIGNALING,1.73085139694049,6.19929014641152e-05,TNFSF10
D3,PH_pass,IL6_JAK_STAT3_SIGNALING,1.92228810465899,6.19929014641152e-05,PIM1
D3,PH_pass,IL6_JAK_STAT3_SIGNALING,1.92228810465899,6.19929014641152e-05,SOCS3
D3,PH_pass,IL6_JAK_STAT3_SIGNALING,1.92228810465899,6.19929014641152e-05,IL1R2
D3,PH_pass,IL6_JAK_STAT3_SIGNALING,1.92228810465899,6.19929014641152e-05,IL4R
D3,PH_pass,IL6_JAK_STAT3_SIGNALING,1.92228810465899,6.19929014641152e-05,TNFRSF1A
D3,PH_pass,IL6_JAK_STAT3_SIGNALING,1.92228810465899,6.19929014641152e-05,CXCL1
D3,PH_pass,IL6_JAK_STAT3_SIGNALING,1.92228810465899,6.19929014641152e-05,IFNGR2
D3,PH_pass,IL6_JAK_STAT3_SIGNALING,1.92228810465899,6.19929014641152e-05,ACVR1B
D3,PH_pass,IL6_JAK_STAT3_SIGNALING,1.92228810465899,6.19929014641152e-05,IL18R1
D3,PH_pass,IL6_JAK_STAT3_SIGNALING,1.92228810465899,6.19929014641152e-05,MYD88
D3,PH_pass,IL6_JAK_STAT3_SIGNALING,1.92228810465899,6.19929014641152e-05,CSF2RB
D3,PH_pass,IL6_JAK_STAT3_SIGNALING,1.92228810465899,6.19929014641152e-05,IFNAR1
D3,PH_pass,IL6_JAK_STAT3_SIGNALING,1.92228810465899,6.19929014641152e-05,CSF1
D3,PH_pass,IL6_JAK_STAT3_SIGNALING,1.92228810465899,6.19929014641152e-05,IL10RB
D3,PH_pass,IL6_JAK_STAT3_SIGNALING,1.92228810465899,6.19929014641152e-05,CD44
D3,PH_pass,IL6_JAK_STAT3_SIGNALING,1.92228810465899,6.19929014641152e-05,CCR1
D3,PH_pass,IL6_JAK_STAT3_SIGNALING,1.92228810465899,6.19929014641152e-05,CSF2RA
D3,PH_pass,IL6_JAK_STAT3_SIGNALING,1.92228810465899,6.19929014641152e-05,TGFB1
D3,PH_pass,IL6_JAK_STAT3_SIGNALING,1.92228810465899,6.19929014641152e-05,IFNGR1
D3,PH_pass,IL6_JAK_STAT3_SIGNALING,1.92228810465899,6.19929014641152e-05,IRF9
D3,PH_pass,IL6_JAK_STAT3_SIGNALING,1.92228810465899,6.19929014641152e-05,IL17RA
D3,PH_pass,IL6_JAK_STAT3_SIGNALING,1.92228810465899,6.19929014641152e-05,PTPN1
D3,PH_pass,IL6_JAK_STAT3_SIGNALING,1.92228810465899,6.19929014641152e-05,STAT3
D3,PH_pass,IL6_JAK_STAT3_SIGNALING,1.92228810465899,6.19929014641152e-05,CSF3R
D3,PH_pass,IL6_JAK_STAT3_SIGNALING,1.92228810465899,6.19929014641152e-05,MAP3K8
D3,PH_pass,IL6_JAK_STAT3_SIGNALING,1.92228810465899,6.19929014641152e-05,TNFRSF12A
D3,PH_pass,IL6_JAK_STAT3_SIGNALING,1.92228810465899,6.19929014641152e-05,PDGFC
D3,PH_pass,IL6_JAK_STAT3_SIGNALING,1.92228810465899,6.19929014641152e-05,LTBR
D3,PH_pass,IL6_JAK_STAT3_SIGNALING,1.92228810465899,6.19929014641152e-05,TLR2
D3,PH_pass,IL6_JAK_STAT3_SIGNALING,1.92228810465899,6.19929014641152e-05,IRF1
D3,PH_pass,IL6_JAK_STAT3_SIGNALING,1.92228810465899,6.19929014641152e-05,HMOX1
D3,PH_pass,IL6_JAK_STAT3_SIGNALING,1.92228810465899,6.19929014641152e-05,GRB2
D3,PH_pass,IL6_JAK_STAT3_SIGNALING,1.92228810465899,6.19929014641152e-05,IL1R1
D3,PH_pass,INFLAMMATORY_RESPONSE,1.76480641532238,5.5497777305748e-05,OSM
D3,PH_pass,INFLAMMATORY_RESPONSE,1.76480641532238,5.5497777305748e-05,RHOG
D3,PH_pass,INFLAMMATORY_RESPONSE,1.76480641532238,5.5497777305748e-05,IL18RAP
D3,PH_pass,INFLAMMATORY_RESPONSE,1.76480641532238,5.5497777305748e-05,KIF1B
D3,PH_pass,INFLAMMATORY_RESPONSE,1.76480641532238,5.5497777305748e-05,PROK2
D3,PH_pass,INFLAMMATORY_RESPONSE,1.76480641532238,5.5497777305748e-05,IL4R
D3,PH_pass,INFLAMMATORY_RESPONSE,1.76480641532238,5.5497777305748e-05,KLF6
D3,PH_pass,INFLAMMATORY_RESPONSE,1.76480641532238,5.5497777305748e-05,IFITM1
D3,PH_pass,INFLAMMATORY_RESPONSE,1.76480641532238,5.5497777305748e-05,CD55
D3,PH_pass,INFLAMMATORY_RESPONSE,1.76480641532238,5.5497777305748e-05,SELL
D3,PH_pass,INFLAMMATORY_RESPONSE,1.76480641532238,5.5497777305748e-05,IFNGR2
D3,PH_pass,INFLAMMATORY_RESPONSE,1.76480641532238,5.5497777305748e-05,ACVR1B
D3,PH_pass,INFLAMMATORY_RESPONSE,1.76480641532238,5.5497777305748e-05,MXD1
D3,PH_pass,INFLAMMATORY_RESPONSE,1.76480641532238,5.5497777305748e-05,GPR132
D3,PH_pass,INFLAMMATORY_RESPONSE,1.76480641532238,5.5497777305748e-05,AQP9
D3,PH_pass,INFLAMMATORY_RESPONSE,1.76480641532238,5.5497777305748e-05,IL18R1
D3,PH_pass,INFLAMMATORY_RESPONSE,1.76480641532238,5.5497777305748e-05,ADM
D3,PH_pass,INFLAMMATORY_RESPONSE,1.76480641532238,5.5497777305748e-05,FPR1
D3,PH_pass,INFLAMMATORY_RESPONSE,1.76480641532238,5.5497777305748e-05,HIF1A
D3,PH_pass,INFLAMMATORY_RESPONSE,1.76480641532238,5.5497777305748e-05,IFNAR1
D3,PH_pass,INFLAMMATORY_RESPONSE,1.76480641532238,5.5497777305748e-05,CD82
D3,PH_pass,INFLAMMATORY_RESPONSE,1.76480641532238,5.5497777305748e-05,NFKBIA
D3,PH_pass,INFLAMMATORY_RESPONSE,1.76480641532238,5.5497777305748e-05,LCP2
D3,PH_pass,INFLAMMATORY_RESPONSE,1.76480641532238,5.5497777305748e-05,CLEC5A
D3,PH_pass,INFLAMMATORY_RESPONSE,1.76480641532238,5.5497777305748e-05,LYN
D3,PH_pass,INFLAMMATORY_RESPONSE,1.76480641532238,5.5497777305748e-05,CSF1
D3,PH_pass,INFLAMMATORY_RESPONSE,1.76480641532238,5.5497777305748e-05,IRF7
D3,PH_pass,INFLAMMATORY_RESPONSE,1.76480641532238,5.5497777305748e-05,IL10
D3,PH_pass,INFLAMMATORY_RESPONSE,1.76480641532238,5.5497777305748e-05,CHST2
D3,PH_pass,INFLAMMATORY_RESPONSE,1.76480641532238,5.5497777305748e-05,FZD5
D3,PH_pass,INFLAMMATORY_RESPONSE,1.76480641532238,5.5497777305748e-05,TIMP1
D3,PH_pass,INFLAMMATORY_RESPONSE,1.76480641532238,5.5497777305748e-05,SRI
D3,PH_pass,INFLAMMATORY_RESPONSE,1.76480641532238,5.5497777305748e-05,C5AR1
D3,PH_pass,INFLAMMATORY_RESPONSE,1.76480641532238,5.5497777305748e-05,RGS16
D3,PH_pass,INFLAMMATORY_RESPONSE,1.76480641532238,5.5497777305748e-05,PTPRE
D3,PH_pass,INFLAMMATORY_RESPONSE,1.76480641532238,5.5497777305748e-05,EIF2AK2
D3,PH_pass,INFLAMMATORY_RESPONSE,1.76480641532238,5.5497777305748e-05,BEST1
D3,PH_pass,INFLAMMATORY_RESPONSE,1.76480641532238,5.5497777305748e-05,CSF3R
D3,PH_pass,INFLAMMATORY_RESPONSE,1.76480641532238,5.5497777305748e-05,IL18
D3,PH_pass,INFLAMMATORY_RESPONSE,1.76480641532238,5.5497777305748e-05,NAMPT
D3,PH_pass,INFLAMMATORY_RESPONSE,1.76480641532238,5.5497777305748e-05,MEFV
D3,PH_pass,INFLAMMATORY_RESPONSE,1.76480641532238,5.5497777305748e-05,BTG2
D3,PH_pass,INFLAMMATORY_RESPONSE,1.76480641532238,5.5497777305748e-05,C3AR1
D3,PH_pass,INFLAMMATORY_RESPONSE,1.76480641532238,5.5497777305748e-05,LDLR
D3,PH_pass,INFLAMMATORY_RESPONSE,1.76480641532238,5.5497777305748e-05,FFAR2
D3,PH_pass,INFLAMMATORY_RESPONSE,1.76480641532238,5.5497777305748e-05,TLR1
D3,PH_pass,INFLAMMATORY_RESPONSE,1.76480641532238,5.5497777305748e-05,NLRP3
D3,PH_pass,INFLAMMATORY_RESPONSE,1.76480641532238,5.5497777305748e-05,ABI1
D3,PH_pass,INFLAMMATORY_RESPONSE,1.76480641532238,5.5497777305748e-05,RAF1
D3,PH_pass,INFLAMMATORY_RESPONSE,1.76480641532238,5.5497777305748e-05,ADGRE1
D3,PH_pass,INFLAMMATORY_RESPONSE,1.76480641532238,5.5497777305748e-05,NOD2
D3,PH_pass,INFLAMMATORY_RESPONSE,1.76480641532238,5.5497777305748e-05,PSEN1
D3,PH_pass,INFLAMMATORY_RESPONSE,1.76480641532238,5.5497777305748e-05,TNFAIP6
D3,PH_pass,INFLAMMATORY_RESPONSE,1.76480641532238,5.5497777305748e-05,TNFSF10
D3,PH_pass,INFLAMMATORY_RESPONSE,1.76480641532238,5.5497777305748e-05,RNF144B
D3,PH_pass,INFLAMMATORY_RESPONSE,1.76480641532238,5.5497777305748e-05,PTAFR
D3,PH_pass,INFLAMMATORY_RESPONSE,1.76480641532238,5.5497777305748e-05,TLR2
D3,PH_pass,INFLAMMATORY_RESPONSE,1.76480641532238,5.5497777305748e-05,RELA
D3,PH_pass,INFLAMMATORY_RESPONSE,1.76480641532238,5.5497777305748e-05,NMI
D3,PH_pass,INFLAMMATORY_RESPONSE,1.76480641532238,5.5497777305748e-05,ADRM1
D3,PH_pass,INFLAMMATORY_RESPONSE,1.76480641532238,5.5497777305748e-05,IRF1
D3,PH_pass,INFLAMMATORY_RESPONSE,1.76480641532238,5.5497777305748e-05,GNA15
D3,PH_pass,INFLAMMATORY_RESPONSE,1.76480641532238,5.5497777305748e-05,TAPBP
D3,PH_pass,INFLAMMATORY_RESPONSE,1.76480641532238,5.5497777305748e-05,IL1R1
D3,PH_pass,INFLAMMATORY_RESPONSE,1.76480641532238,5.5497777305748e-05,INHBA
D3,PH_pass,INFLAMMATORY_RESPONSE,1.76480641532238,5.5497777305748e-05,CXCL8
D3,PH_pass,INFLAMMATORY_RESPONSE,1.76480641532238,5.5497777305748e-05,NFKB1
D3,PH_pass,INFLAMMATORY_RESPONSE,1.76480641532238,5.5497777305748e-05,CCRL2
D3,PH_pass,INFLAMMATORY_RESPONSE,1.76480641532238,5.5497777305748e-05,KCNJ2
D3,PH_pass,INFLAMMATORY_RESPONSE,1.76480641532238,5.5497777305748e-05,HBEGF
D3,PH_pass,INFLAMMATORY_RESPONSE,1.76480641532238,5.5497777305748e-05,GP1BA
D3,PH_pass,INFLAMMATORY_RESPONSE,1.76480641532238,5.5497777305748e-05,LY6E
D3,PH_pass,INFLAMMATORY_RESPONSE,1.76480641532238,5.5497777305748e-05,SERPINE1
D3,PH_pass,INFLAMMATORY_RESPONSE,1.76480641532238,5.5497777305748e-05,ADORA2B
D3,PH_pass,INFLAMMATORY_RESPONSE,1.76480641532238,5.5497777305748e-05,ICAM1
D3,PH_pass,INFLAMMATORY_RESPONSE,1.76480641532238,5.5497777305748e-05,SGMS2
D3,PH_pass,INFLAMMATORY_RESPONSE,1.76480641532238,5.5497777305748e-05,PLAUR
D3,PH_pass,INTERFERON_ALPHA_RESPONSE,1.64471187496519,0.00310764665921515,PLSCR1
D3,PH_pass,INTERFERON_ALPHA_RESPONSE,1.64471187496519,0.00310764665921515,TRIM25
D3,PH_pass,INTERFERON_ALPHA_RESPONSE,1.64471187496519,0.00310764665921515,IL4R
D3,PH_pass,INTERFERON_ALPHA_RESPONSE,1.64471187496519,0.00310764665921515,IFITM1
D3,PH_pass,INTERFERON_ALPHA_RESPONSE,1.64471187496519,0.00310764665921515,SLC25A28
D3,PH_pass,INTERFERON_ALPHA_RESPONSE,1.64471187496519,0.00310764665921515,IFITM3
D3,PH_pass,INTERFERON_ALPHA_RESPONSE,1.64471187496519,0.00310764665921515,SELL
D3,PH_pass,INTERFERON_ALPHA_RESPONSE,1.64471187496519,0.00310764665921515,IFITM2
D3,PH_pass,INTERFERON_ALPHA_RESPONSE,1.64471187496519,0.00310764665921515,TRIM21
D3,PH_pass,INTERFERON_ALPHA_RESPONSE,1.64471187496519,0.00310764665921515,CSF1
D3,PH_pass,INTERFERON_ALPHA_RESPONSE,1.64471187496519,0.00310764665921515,GMPR
D3,PH_pass,INTERFERON_ALPHA_RESPONSE,1.64471187496519,0.00310764665921515,IRF7
D3,PH_pass,INTERFERON_ALPHA_RESPONSE,1.64471187496519,0.00310764665921515,IRF2
D3,PH_pass,INTERFERON_ALPHA_RESPONSE,1.64471187496519,0.00310764665921515,IRF9
D3,PH_pass,INTERFERON_ALPHA_RESPONSE,1.64471187496519,0.00310764665921515,TRAFD1
D3,PH_pass,INTERFERON_ALPHA_RESPONSE,1.64471187496519,0.00310764665921515,TMEM140
D3,PH_pass,INTERFERON_ALPHA_RESPONSE,1.64471187496519,0.00310764665921515,EIF2AK2
D3,PH_pass,INTERFERON_ALPHA_RESPONSE,1.64471187496519,0.00310764665921515,ADAR
D3,PH_pass,INTERFERON_ALPHA_RESPONSE,1.64471187496519,0.00310764665921515,IFI35
D3,PH_pass,INTERFERON_ALPHA_RESPONSE,1.64471187496519,0.00310764665921515,TDRD7
D3,PH_pass,INTERFERON_ALPHA_RESPONSE,1.64471187496519,0.00310764665921515,PARP9
D3,PH_pass,INTERFERON_ALPHA_RESPONSE,1.64471187496519,0.00310764665921515,OGFR
D3,PH_pass,INTERFERON_ALPHA_RESPONSE,1.64471187496519,0.00310764665921515,CMPK2
D3,PH_pass,INTERFERON_ALPHA_RESPONSE,1.64471187496519,0.00310764665921515,NCOA7
D3,PH_pass,INTERFERON_ALPHA_RESPONSE,1.64471187496519,0.00310764665921515,IFI27
D3,PH_pass,INTERFERON_ALPHA_RESPONSE,1.64471187496519,0.00310764665921515,TRIM5
D3,PH_pass,INTERFERON_ALPHA_RESPONSE,1.64471187496519,0.00310764665921515,HELZ2
D3,PH_pass,INTERFERON_ALPHA_RESPONSE,1.64471187496519,0.00310764665921515,NMI
D3,PH_pass,INTERFERON_ALPHA_RESPONSE,1.64471187496519,0.00310764665921515,IRF1
D3,PH_pass,INTERFERON_ALPHA_RESPONSE,1.64471187496519,0.00310764665921515,OASL
D3,PH_pass,INTERFERON_ALPHA_RESPONSE,1.64471187496519,0.00310764665921515,MX1
D3,PH_pass,INTERFERON_ALPHA_RESPONSE,1.64471187496519,0.00310764665921515,CCRL2
D3,PH_pass,INTERFERON_ALPHA_RESPONSE,1.64471187496519,0.00310764665921515,RSAD2
D3,PH_pass,INTERFERON_ALPHA_RESPONSE,1.64471187496519,0.00310764665921515,PSMB8
D3,PH_pass,INTERFERON_ALPHA_RESPONSE,1.64471187496519,0.00310764665921515,LY6E
D3,PH_pass,INTERFERON_ALPHA_RESPONSE,1.64471187496519,0.00310764665921515,TRIM14
D3,PH_pass,INTERFERON_ALPHA_RESPONSE,1.64471187496519,0.00310764665921515,CMTR1
D3,PH_pass,INTERFERON_ALPHA_RESPONSE,1.64471187496519,0.00310764665921515,SP110
D3,PH_pass,INTERFERON_ALPHA_RESPONSE,1.64471187496519,0.00310764665921515,IFI44
D3,PH_pass,INTERFERON_ALPHA_RESPONSE,1.64471187496519,0.00310764665921515,CASP1
D3,PH_pass,INTERFERON_ALPHA_RESPONSE,1.64471187496519,0.00310764665921515,TAP1
D3,PH_pass,INTERFERON_ALPHA_RESPONSE,1.64471187496519,0.00310764665921515,MVB12A
D3,PH_pass,INTERFERON_ALPHA_RESPONSE,1.64471187496519,0.00310764665921515,RNF31
D3,PH_pass,INTERFERON_ALPHA_RESPONSE,1.64471187496519,0.00310764665921515,UBE2L6
D3,PH_pass,INTERFERON_ALPHA_RESPONSE,1.64471187496519,0.00310764665921515,GBP2
D3,PH_pass,INTERFERON_GAMMA_RESPONSE,1.44740997462877,0.00861820982723813,PLSCR1
D3,PH_pass,INTERFERON_GAMMA_RESPONSE,1.44740997462877,0.00861820982723813,UPP1
D3,PH_pass,INTERFERON_GAMMA_RESPONSE,1.44740997462877,0.00861820982723813,PIM1
D3,PH_pass,INTERFERON_GAMMA_RESPONSE,1.44740997462877,0.00861820982723813,SOCS3
D3,PH_pass,INTERFERON_GAMMA_RESPONSE,1.44740997462877,0.00861820982723813,EIF4E3
D3,PH_pass,INTERFERON_GAMMA_RESPONSE,1.44740997462877,0.00861820982723813,TRIM25
D3,PH_pass,INTERFERON_GAMMA_RESPONSE,1.44740997462877,0.00861820982723813,IL4R
D3,PH_pass,INTERFERON_GAMMA_RESPONSE,1.44740997462877,0.00861820982723813,SLC25A28
D3,PH_pass,INTERFERON_GAMMA_RESPONSE,1.44740997462877,0.00861820982723813,IFITM3
D3,PH_pass,INTERFERON_GAMMA_RESPONSE,1.44740997462877,0.00861820982723813,MVP
D3,PH_pass,INTERFERON_GAMMA_RESPONSE,1.44740997462877,0.00861820982723813,MYD88
D3,PH_pass,INTERFERON_GAMMA_RESPONSE,1.44740997462877,0.00861820982723813,PNP
D3,PH_pass,INTERFERON_GAMMA_RESPONSE,1.44740997462877,0.00861820982723813,IFITM2
D3,PH_pass,INTERFERON_GAMMA_RESPONSE,1.44740997462877,0.00861820982723813,FPR1
D3,PH_pass,INTERFERON_GAMMA_RESPONSE,1.44740997462877,0.00861820982723813,HIF1A
D3,PH_pass,INTERFERON_GAMMA_RESPONSE,1.44740997462877,0.00861820982723813,TMT1B
D3,PH_pass,INTERFERON_GAMMA_RESPONSE,1.44740997462877,0.00861820982723813,CSF2RB
D3,PH_pass,INTERFERON_GAMMA_RESPONSE,1.44740997462877,0.00861820982723813,NFKBIA
D3,PH_pass,INTERFERON_GAMMA_RESPONSE,1.44740997462877,0.00861820982723813,LCP2
D3,PH_pass,INTERFERON_GAMMA_RESPONSE,1.44740997462877,0.00861820982723813,TRIM21
D3,PH_pass,INTERFERON_GAMMA_RESPONSE,1.44740997462877,0.00861820982723813,IRF7
D3,PH_pass,INTERFERON_GAMMA_RESPONSE,1.44740997462877,0.00861820982723813,IRF2
D3,PH_pass,INTERFERON_GAMMA_RESPONSE,1.44740997462877,0.00861820982723813,SRI
D3,PH_pass,INTERFERON_GAMMA_RESPONSE,1.44740997462877,0.00861820982723813,IRF9
D3,PH_pass,INTERFERON_GAMMA_RESPONSE,1.44740997462877,0.00861820982723813,FCGR1A
D3,PH_pass,INTERFERON_GAMMA_RESPONSE,1.44740997462877,0.00861820982723813,CASP4
D3,PH_pass,INTERFERON_GAMMA_RESPONSE,1.44740997462877,0.00861820982723813,TOR1B
D3,PH_pass,INTERFERON_GAMMA_RESPONSE,1.44740997462877,0.00861820982723813,TRAFD1
D3,PH_pass,INTERFERON_GAMMA_RESPONSE,1.44740997462877,0.00861820982723813,PTPN1
D3,PH_pass,INTERFERON_GAMMA_RESPONSE,1.44740997462877,0.00861820982723813,EIF2AK2
D3,PH_pass,INTERFERON_GAMMA_RESPONSE,1.44740997462877,0.00861820982723813,STAT3
D3,PH_pass,INTERFERON_GAMMA_RESPONSE,1.44740997462877,0.00861820982723813,ADAR
D3,PH_pass,INTERFERON_GAMMA_RESPONSE,1.44740997462877,0.00861820982723813,IFI35
D3,PH_pass,INTERFERON_GAMMA_RESPONSE,1.44740997462877,0.00861820982723813,PTPN6
D3,PH_pass,INTERFERON_GAMMA_RESPONSE,1.44740997462877,0.00861820982723813,NAMPT
D3,PH_pass,INTERFERON_GAMMA_RESPONSE,1.44740997462877,0.00861820982723813,TDRD7
D3,PH_pass,INTERFERON_GAMMA_RESPONSE,1.44740997462877,0.00861820982723813,SECTM1
D3,PH_pass,INTERFERON_GAMMA_RESPONSE,1.44740997462877,0.00861820982723813,OGFR
D3,PH_pass,INTERFERON_GAMMA_RESPONSE,1.44740997462877,0.00861820982723813,NLRC5
D3,PH_pass,INTERFERON_GAMMA_RESPONSE,1.44740997462877,0.00861820982723813,CMPK2
D3,PH_pass,INTERFERON_GAMMA_RESPONSE,1.44740997462877,0.00861820982723813,PLA2G4A
D3,PH_pass,INTERFERON_GAMMA_RESPONSE,1.44740997462877,0.00861820982723813,IFI27
D3,PH_pass,INTERFERON_GAMMA_RESPONSE,1.44740997462877,0.00861820982723813,LATS2
D3,PH_pass,INTERFERON_GAMMA_RESPONSE,1.44740997462877,0.00861820982723813,PELI1
D3,PH_pass,INTERFERON_GAMMA_RESPONSE,1.44740997462877,0.00861820982723813,TNFAIP6
D3,PH_pass,INTERFERON_GAMMA_RESPONSE,1.44740997462877,0.00861820982723813,ARL4A
D3,PH_pass,INTERFERON_GAMMA_RESPONSE,1.44740997462877,0.00861820982723813,RBCK1
D3,PH_pass,INTERFERON_GAMMA_RESPONSE,1.44740997462877,0.00861820982723813,TNFSF10
D3,PH_pass,INTERFERON_GAMMA_RESPONSE,1.44740997462877,0.00861820982723813,MX2
D3,PH_pass,INTERFERON_GAMMA_RESPONSE,1.44740997462877,0.00861820982723813,C1R
D3,PH_pass,INTERFERON_GAMMA_RESPONSE,1.44740997462877,0.00861820982723813,HELZ2
D3,PH_pass,INTERFERON_GAMMA_RESPONSE,1.44740997462877,0.00861820982723813,NMI
D3,PH_pass,INTERFERON_GAMMA_RESPONSE,1.44740997462877,0.00861820982723813,MTHFD2
D3,PH_pass,INTERFERON_GAMMA_RESPONSE,1.44740997462877,0.00861820982723813,IRF1
D3,PH_pass,INTERFERON_GAMMA_RESPONSE,1.44740997462877,0.00861820982723813,ARID5B
D3,PH_pass,INTERFERON_GAMMA_RESPONSE,1.44740997462877,0.00861820982723813,TAPBP
D3,PH_pass,INTERFERON_GAMMA_RESPONSE,1.44740997462877,0.00861820982723813,ZNFX1
D3,PH_pass,INTERFERON_GAMMA_RESPONSE,1.44740997462877,0.00861820982723813,PFKP
D3,PH_pass,INTERFERON_GAMMA_RESPONSE,1.44740997462877,0.00861820982723813,OASL
D3,PH_pass,INTERFERON_GAMMA_RESPONSE,1.44740997462877,0.00861820982723813,MX1
D3,PH_pass,INTERFERON_GAMMA_RESPONSE,1.44740997462877,0.00861820982723813,NFKB1
D3,PH_pass,INTERFERON_GAMMA_RESPONSE,1.44740997462877,0.00861820982723813,ZBP1
D3,PH_pass,INTERFERON_GAMMA_RESPONSE,1.44740997462877,0.00861820982723813,SELP
D3,PH_pass,INTERFERON_GAMMA_RESPONSE,1.44740997462877,0.00861820982723813,PTGS2
D3,PH_pass,INTERFERON_GAMMA_RESPONSE,1.44740997462877,0.00861820982723813,VAMP5
D3,PH_pass,INTERFERON_GAMMA_RESPONSE,1.44740997462877,0.00861820982723813,RSAD2
D3,PH_pass,INTERFERON_GAMMA_RESPONSE,1.44740997462877,0.00861820982723813,PSMB8
D3,PH_pass,INTERFERON_GAMMA_RESPONSE,1.44740997462877,0.00861820982723813,PML
D3,PH_pass,KRAS_SIGNALING_DN,0.968559482461356,0.625759963972079,PTGFR
D3,PH_pass,KRAS_SIGNALING_DN,0.968559482461356,0.625759963972079,ASB7
D3,PH_pass,KRAS_SIGNALING_DN,0.968559482461356,0.625759963972079,MAGIX
D3,PH_pass,KRAS_SIGNALING_DN,0.968559482461356,0.625759963972079,ENTPD7
D3,PH_pass,KRAS_SIGNALING_DN,0.968559482461356,0.625759963972079,CCNA1
D3,PH_pass,KRAS_SIGNALING_DN,0.968559482461356,0.625759963972079,SERPINB2
D3,PH_pass,KRAS_SIGNALING_DN,0.968559482461356,0.625759963972079,CHST2
D3,PH_pass,KRAS_SIGNALING_DN,0.968559482461356,0.625759963972079,GTF3C5
D3,PH_pass,KRAS_SIGNALING_DN,0.968559482461356,0.625759963972079,SKIL
D3,PH_pass,KRAS_SIGNALING_DN,0.968559482461356,0.625759963972079,SELENOP
D3,PH_pass,KRAS_SIGNALING_DN,0.968559482461356,0.625759963972079,BARD1
D3,PH_pass,KRAS_SIGNALING_DN,0.968559482461356,0.625759963972079,ZBTB16
D3,PH_pass,KRAS_SIGNALING_DN,0.968559482461356,0.625759963972079,SHOX2
D3,PH_pass,KRAS_SIGNALING_DN,0.968559482461356,0.625759963972079,MEFV
D3,PH_pass,KRAS_SIGNALING_DN,0.968559482461356,0.625759963972079,BTG2
D3,PH_pass,KRAS_SIGNALING_UP,1.25413958208356,0.136060355849137,MMP9
D3,PH_pass,KRAS_SIGNALING_UP,1.25413958208356,0.136060355849137,SPRY2
D3,PH_pass,KRAS_SIGNALING_UP,1.25413958208356,0.136060355849137,TRIB1
D3,PH_pass,KRAS_SIGNALING_UP,1.25413958208356,0.136060355849137,ARG1
D3,PH_pass,KRAS_SIGNALING_UP,1.25413958208356,0.136060355849137,CDADC1
D3,PH_pass,KRAS_SIGNALING_UP,1.25413958208356,0.136060355849137,GADD45G
D3,PH_pass,KRAS_SIGNALING_UP,1.25413958208356,0.136060355849137,LAT2
D3,PH_pass,KRAS_SIGNALING_UP,1.25413958208356,0.136060355849137,CA2
D3,PH_pass,KRAS_SIGNALING_UP,1.25413958208356,0.136060355849137,PPP1R15A
D3,PH_pass,KRAS_SIGNALING_UP,1.25413958208356,0.136060355849137,BMP2
D3,PH_pass,KRAS_SIGNALING_UP,1.25413958208356,0.136060355849137,GALNT3
D3,PH_pass,KRAS_SIGNALING_UP,1.25413958208356,0.136060355849137,PLAU
D3,PH_pass,KRAS_SIGNALING_UP,1.25413958208356,0.136060355849137,RETN
D3,PH_pass,KRAS_SIGNALING_UP,1.25413958208356,0.136060355849137,CSF2RA
D3,PH_pass,KRAS_SIGNALING_UP,1.25413958208356,0.136060355849137,TLR8
D3,PH_pass,KRAS_SIGNALING_UP,1.25413958208356,0.136060355849137,RGS16
D3,PH_pass,KRAS_SIGNALING_UP,1.25413958208356,0.136060355849137,LCP1
D3,PH_pass,KRAS_SIGNALING_UP,1.25413958208356,0.136060355849137,F2RL1
D3,PH_pass,KRAS_SIGNALING_UP,1.25413958208356,0.136060355849137,ALDH1A2
D3,PH_pass,KRAS_SIGNALING_UP,1.25413958208356,0.136060355849137,GLRX
D3,PH_pass,KRAS_SIGNALING_UP,1.25413958208356,0.136060355849137,PLEK2
D3,PH_pass,KRAS_SIGNALING_UP,1.25413958208356,0.136060355849137,CD37
D3,PH_pass,KRAS_SIGNALING_UP,1.25413958208356,0.136060355849137,ADAM8
D3,PH_pass,KRAS_SIGNALING_UP,1.25413958208356,0.136060355849137,C3AR1
D3,PH_pass,KRAS_SIGNALING_UP,1.25413958208356,0.136060355849137,SPP1
D3,PH_pass,KRAS_SIGNALING_UP,1.25413958208356,0.136060355849137,RBM4
D3,PH_pass,KRAS_SIGNALING_UP,1.25413958208356,0.136060355849137,FCER1G
D3,PH_pass,KRAS_SIGNALING_UP,1.25413958208356,0.136060355849137,MPZL2
D3,PH_pass,KRAS_SIGNALING_UP,1.25413958208356,0.136060355849137,G0S2
D3,PH_pass,KRAS_SIGNALING_UP,1.25413958208356,0.136060355849137,BTBD3
D3,PH_pass,KRAS_SIGNALING_UP,1.25413958208356,0.136060355849137,LAPTM5
D3,PH_pass,KRAS_SIGNALING_UP,1.25413958208356,0.136060355849137,NIN
D3,PH_pass,KRAS_SIGNALING_UP,1.25413958208356,0.136060355849137,TOR1AIP2
D3,PH_pass,KRAS_SIGNALING_UP,1.25413958208356,0.136060355849137,AKT2
D3,PH_pass,KRAS_SIGNALING_UP,1.25413958208356,0.136060355849137,GYPC
D3,PH_pass,KRAS_SIGNALING_UP,1.25413958208356,0.136060355849137,MTMR10
D3,PH_pass,KRAS_SIGNALING_UP,1.25413958208356,0.136060355849137,ITGB2
D3,PH_pass,KRAS_SIGNALING_UP,1.25413958208356,0.136060355849137,VWA5A
D3,PH_pass,KRAS_SIGNALING_UP,1.25413958208356,0.136060355849137,INHBA
D3,PH_pass,KRAS_SIGNALING_UP,1.25413958208356,0.136060355849137,H2BC3
D3,PH_pass,KRAS_SIGNALING_UP,1.25413958208356,0.136060355849137,TMEM158
D3,PH_pass,KRAS_SIGNALING_UP,1.25413958208356,0.136060355849137,TFPI
D3,PH_pass,KRAS_SIGNALING_UP,1.25413958208356,0.136060355849137,PTGS2
D3,PH_pass,KRAS_SIGNALING_UP,1.25413958208356,0.136060355849137,YRDC
D3,PH_pass,KRAS_SIGNALING_UP,1.25413958208356,0.136060355849137,GPNMB
D3,PH_pass,KRAS_SIGNALING_UP,1.25413958208356,0.136060355849137,PSMB8
D3,PH_pass,KRAS_SIGNALING_UP,1.25413958208356,0.136060355849137,HBEGF
D3,PH_pass,MITOTIC_SPINDLE,1.38269444609493,0.0223078337824241,TUBA4A
D3,PH_pass,MITOTIC_SPINDLE,1.38269444609493,0.0223078337824241,CDK5RAP2
D3,PH_pass,MITOTIC_SPINDLE,1.38269444609493,0.0223078337824241,KIF1B
D3,PH_pass,MITOTIC_SPINDLE,1.38269444609493,0.0223078337824241,RANBP9
D3,PH_pass,MITOTIC_SPINDLE,1.38269444609493,0.0223078337824241,KIF3C
D3,PH_pass,MITOTIC_SPINDLE,1.38269444609493,0.0223078337824241,CDC42EP1
D3,PH_pass,MITOTIC_SPINDLE,1.38269444609493,0.0223078337824241,PPP4R2
D3,PH_pass,MITOTIC_SPINDLE,1.38269444609493,0.0223078337824241,MARCKS
D3,PH_pass,MITOTIC_SPINDLE,1.38269444609493,0.0223078337824241,ARL8A
D3,PH_pass,MITOTIC_SPINDLE,1.38269444609493,0.0223078337824241,LMNB1
D3,PH_pass,MITOTIC_SPINDLE,1.38269444609493,0.0223078337824241,FGD4
D3,PH_pass,MITOTIC_SPINDLE,1.38269444609493,0.0223078337824241,PRC1
D3,PH_pass,MITOTIC_SPINDLE,1.38269444609493,0.0223078337824241,GSN
D3,PH_pass,MITOTIC_SPINDLE,1.38269444609493,0.0223078337824241,RASA2
D3,PH_pass,MITOTIC_SPINDLE,1.38269444609493,0.0223078337824241,CDC42EP4
D3,PH_pass,MITOTIC_SPINDLE,1.38269444609493,0.0223078337824241,CDC42
D3,PH_pass,MITOTIC_SPINDLE,1.38269444609493,0.0223078337824241,BIRC5
D3,PH_pass,MITOTIC_SPINDLE,1.38269444609493,0.0223078337824241,SPTBN1
D3,PH_pass,MITOTIC_SPINDLE,1.38269444609493,0.0223078337824241,TPX2
D3,PH_pass,MITOTIC_SPINDLE,1.38269444609493,0.0223078337824241,ARHGEF11
D3,PH_pass,MITOTIC_SPINDLE,1.38269444609493,0.0223078337824241,AURKA
D3,PH_pass,MITOTIC_SPINDLE,1.38269444609493,0.0223078337824241,CLASP1
D3,PH_pass,MITOTIC_SPINDLE,1.38269444609493,0.0223078337824241,NCK2
D3,PH_pass,MITOTIC_SPINDLE,1.38269444609493,0.0223078337824241,PXN
D3,PH_pass,MITOTIC_SPINDLE,1.38269444609493,0.0223078337824241,MARK4
D3,PH_pass,MITOTIC_SPINDLE,1.38269444609493,0.0223078337824241,CNTROB
D3,PH_pass,MITOTIC_SPINDLE,1.38269444609493,0.0223078337824241,CSNK1D
D3,PH_pass,MITOTIC_SPINDLE,1.38269444609493,0.0223078337824241,STAU1
D3,PH_pass,MITOTIC_SPINDLE,1.38269444609493,0.0223078337824241,CAPZB
D3,PH_pass,MITOTIC_SPINDLE,1.38269444609493,0.0223078337824241,PREX1
D3,PH_pass,MITOTIC_SPINDLE,1.38269444609493,0.0223078337824241,FLNB
D3,PH_pass,MITOTIC_SPINDLE,1.38269444609493,0.0223078337824241,WASF2
D3,PH_pass,MITOTIC_SPINDLE,1.38269444609493,0.0223078337824241,ABI1
D3,PH_pass,MITOTIC_SPINDLE,1.38269444609493,0.0223078337824241,KIF15
D3,PH_pass,MITOTIC_SPINDLE,1.38269444609493,0.0223078337824241,ARHGEF2
D3,PH_pass,MITOTIC_SPINDLE,1.38269444609493,0.0223078337824241,WASF1
D3,PH_pass,MITOTIC_SPINDLE,1.38269444609493,0.0223078337824241,KATNB1
D3,PH_pass,MITOTIC_SPINDLE,1.38269444609493,0.0223078337824241,MAP3K11
D3,PH_pass,MITOTIC_SPINDLE,1.38269444609493,0.0223078337824241,NIN
D3,PH_pass,MITOTIC_SPINDLE,1.38269444609493,0.0223078337824241,ANLN
D3,PH_pass,MITOTIC_SPINDLE,1.38269444609493,0.0223078337824241,ECT2
D3,PH_pass,MITOTIC_SPINDLE,1.38269444609493,0.0223078337824241,ARHGDIA
D3,PH_pass,MITOTIC_SPINDLE,1.38269444609493,0.0223078337824241,ARHGAP27
D3,PH_pass,MITOTIC_SPINDLE,1.38269444609493,0.0223078337824241,NF1
D3,PH_pass,MITOTIC_SPINDLE,1.38269444609493,0.0223078337824241,ARHGEF12
D3,PH_pass,MITOTIC_SPINDLE,1.38269444609493,0.0223078337824241,EZR
D3,PH_pass,MITOTIC_SPINDLE,1.38269444609493,0.0223078337824241,PDLIM5
D3,PH_pass,MITOTIC_SPINDLE,1.38269444609493,0.0223078337824241,RALBP1
D3,PH_pass,MITOTIC_SPINDLE,1.38269444609493,0.0223078337824241,KIF4A
D3,PH_pass,MITOTIC_SPINDLE,1.38269444609493,0.0223078337824241,NEDD9
D3,PH_pass,MITOTIC_SPINDLE,1.38269444609493,0.0223078337824241,MAP1S
D3,PH_pass,MITOTIC_SPINDLE,1.38269444609493,0.0223078337824241,ARHGAP4
D3,PH_pass,MITOTIC_SPINDLE,1.38269444609493,0.0223078337824241,CLIP1
D3,PH_pass,MITOTIC_SPINDLE,1.38269444609493,0.0223078337824241,PIF1
D3,PH_pass,MITOTIC_SPINDLE,1.38269444609493,0.0223078337824241,MYH10
D3,PH_pass,MITOTIC_SPINDLE,1.38269444609493,0.0223078337824241,NEK2
D3,PH_pass,MITOTIC_SPINDLE,1.38269444609493,0.0223078337824241,TLK1
D3,PH_pass,MITOTIC_SPINDLE,1.38269444609493,0.0223078337824241,KPTN
D3,PH_pass,MITOTIC_SPINDLE,1.38269444609493,0.0223078337824241,MAPRE1
D3,PH_pass,MITOTIC_SPINDLE,1.38269444609493,0.0223078337824241,KIF2C
D3,PH_pass,MITOTIC_SPINDLE,1.38269444609493,0.0223078337824241,CDC42EP2
D3,PH_pass,MITOTIC_SPINDLE,1.38269444609493,0.0223078337824241,KIF11
D3,PH_pass,MITOTIC_SPINDLE,1.38269444609493,0.0223078337824241,ROCK1
D3,PH_pass,MITOTIC_SPINDLE,1.38269444609493,0.0223078337824241,CDK1
D3,PH_pass,MITOTIC_SPINDLE,1.38269444609493,0.0223078337824241,ARAP3
D3,PH_pass,MITOTIC_SPINDLE,1.38269444609493,0.0223078337824241,ITSN1
D3,PH_pass,MITOTIC_SPINDLE,1.38269444609493,0.0223078337824241,ACTN4
D3,PH_pass,MITOTIC_SPINDLE,1.38269444609493,0.0223078337824241,MYH9
D3,PH_pass,MITOTIC_SPINDLE,1.38269444609493,0.0223078337824241,RACGAP1
D3,PH_pass,MITOTIC_SPINDLE,1.38269444609493,0.0223078337824241,CYTH2
D3,PH_pass,MITOTIC_SPINDLE,1.38269444609493,0.0223078337824241,AKAP13
D3,PH_pass,MTORC1_SIGNALING,1.71054153144492,6.19929014641152e-05,SLC2A1
D3,PH_pass,MTORC1_SIGNALING,1.71054153144492,6.19929014641152e-05,TUBA4A
D3,PH_pass,MTORC1_SIGNALING,1.71054153144492,6.19929014641152e-05,PGM1
D3,PH_pass,MTORC1_SIGNALING,1.71054153144492,6.19929014641152e-05,SLC2A3
D3,PH_pass,MTORC1_SIGNALING,1.71054153144492,6.19929014641152e-05,SLA
D3,PH_pass,MTORC1_SIGNALING,1.71054153144492,6.19929014641152e-05,SKAP2
D3,PH_pass,MTORC1_SIGNALING,1.71054153144492,6.19929014641152e-05,NFIL3
D3,PH_pass,MTORC1_SIGNALING,1.71054153144492,6.19929014641152e-05,DHCR7
D3,PH_pass,MTORC1_SIGNALING,1.71054153144492,6.19929014641152e-05,MAP2K3
D3,PH_pass,MTORC1_SIGNALING,1.71054153144492,6.19929014641152e-05,IDI1
D3,PH_pass,MTORC1_SIGNALING,1.71054153144492,6.19929014641152e-05,GAPDH
D3,PH_pass,MTORC1_SIGNALING,1.71054153144492,6.19929014641152e-05,GSR
D3,PH_pass,MTORC1_SIGNALING,1.71054153144492,6.19929014641152e-05,SLC7A11
D3,PH_pass,MTORC1_SIGNALING,1.71054153144492,6.19929014641152e-05,LDHA
D3,PH_pass,MTORC1_SIGNALING,1.71054153144492,6.19929014641152e-05,G6PD
D3,PH_pass,MTORC1_SIGNALING,1.71054153144492,6.19929014641152e-05,ALDOA
D3,PH_pass,MTORC1_SIGNALING,1.71054153144492,6.19929014641152e-05,HK2
D3,PH_pass,MTORC1_SIGNALING,1.71054153144492,6.19929014641152e-05,UBE2D3
D3,PH_pass,MTORC1_SIGNALING,1.71054153144492,6.19929014641152e-05,PNP
D3,PH_pass,MTORC1_SIGNALING,1.71054153144492,6.19929014641152e-05,RAB1A
D3,PH_pass,MTORC1_SIGNALING,1.71054153144492,6.19929014641152e-05,PPP1R15A
D3,PH_pass,MTORC1_SIGNALING,1.71054153144492,6.19929014641152e-05,HMBS
D3,PH_pass,MTORC1_SIGNALING,1.71054153144492,6.19929014641152e-05,SLC7A5
D3,PH_pass,MTORC1_SIGNALING,1.71054153144492,6.19929014641152e-05,IFRD1
D3,PH_pass,MTORC1_SIGNALING,1.71054153144492,6.19929014641152e-05,GBE1
D3,PH_pass,MTORC1_SIGNALING,1.71054153144492,6.19929014641152e-05,TUBG1
D3,PH_pass,MTORC1_SIGNALING,1.71054153144492,6.19929014641152e-05,CORO1A
D3,PH_pass,MTORC1_SIGNALING,1.71054153144492,6.19929014641152e-05,RIT1
D3,PH_pass,MTORC1_SIGNALING,1.71054153144492,6.19929014641152e-05,VLDLR
D3,PH_pass,MTORC1_SIGNALING,1.71054153144492,6.19929014641152e-05,TFRC
D3,PH_pass,MTORC1_SIGNALING,1.71054153144492,6.19929014641152e-05,PGK1
D3,PH_pass,MTORC1_SIGNALING,1.71054153144492,6.19929014641152e-05,ADD3
D3,PH_pass,MTORC1_SIGNALING,1.71054153144492,6.19929014641152e-05,DDIT3
D3,PH_pass,MTORC1_SIGNALING,1.71054153144492,6.19929014641152e-05,AURKA
D3,PH_pass,MTORC1_SIGNALING,1.71054153144492,6.19929014641152e-05,TXNRD1
D3,PH_pass,MTORC1_SIGNALING,1.71054153144492,6.19929014641152e-05,ENO1
D3,PH_pass,MTORC1_SIGNALING,1.71054153144492,6.19929014641152e-05,SLC6A6
D3,PH_pass,MTORC1_SIGNALING,1.71054153144492,6.19929014641152e-05,ACSL3
D3,PH_pass,MTORC1_SIGNALING,1.71054153144492,6.19929014641152e-05,NAMPT
D3,PH_pass,MTORC1_SIGNALING,1.71054153144492,6.19929014641152e-05,GLRX
D3,PH_pass,MTORC1_SIGNALING,1.71054153144492,6.19929014641152e-05,TM7SF2
D3,PH_pass,MTORC1_SIGNALING,1.71054153144492,6.19929014641152e-05,BTG2
D3,PH_pass,MTORC1_SIGNALING,1.71054153144492,6.19929014641152e-05,ACTR2
D3,PH_pass,MTORC1_SIGNALING,1.71054153144492,6.19929014641152e-05,LDLR
D3,PH_pass,MTORC1_SIGNALING,1.71054153144492,6.19929014641152e-05,PDAP1
D3,PH_pass,MTORC1_SIGNALING,1.71054153144492,6.19929014641152e-05,NIBAN1
D3,PH_pass,MTORC1_SIGNALING,1.71054153144492,6.19929014641152e-05,NHERF1
D3,PH_pass,MTORC1_SIGNALING,1.71054153144492,6.19929014641152e-05,PSPH
D3,PH_pass,MTORC1_SIGNALING,1.71054153144492,6.19929014641152e-05,SLC1A5
D3,PH_pass,MTORC1_SIGNALING,1.71054153144492,6.19929014641152e-05,CFP
D3,PH_pass,MTORC1_SIGNALING,1.71054153144492,6.19929014641152e-05,ADIPOR2
D3,PH_pass,MTORC1_SIGNALING,1.71054153144492,6.19929014641152e-05,GLA
D3,PH_pass,MTORC1_SIGNALING,1.71054153144492,6.19929014641152e-05,TES
D3,PH_pass,MTORC1_SIGNALING,1.71054153144492,6.19929014641152e-05,FADS2
D3,PH_pass,MTORC1_SIGNALING,1.71054153144492,6.19929014641152e-05,PSMB5
D3,PH_pass,MTORC1_SIGNALING,1.71054153144492,6.19929014641152e-05,ELOVL5
D3,PH_pass,MTORC1_SIGNALING,1.71054153144492,6.19929014641152e-05,ACTR3
D3,PH_pass,MTORC1_SIGNALING,1.71054153144492,6.19929014641152e-05,MTHFD2
D3,PH_pass,MTORC1_SIGNALING,1.71054153144492,6.19929014641152e-05,ATP6V1D
D3,PH_pass,MTORC1_SIGNALING,1.71054153144492,6.19929014641152e-05,ITGB2
D3,PH_pass,MTORC1_SIGNALING,1.71054153144492,6.19929014641152e-05,SERP1
D3,PH_pass,MTORC1_SIGNALING,1.71054153144492,6.19929014641152e-05,ETF1
D3,PH_pass,MTORC1_SIGNALING,1.71054153144492,6.19929014641152e-05,DHCR24
D3,PH_pass,MTORC1_SIGNALING,1.71054153144492,6.19929014641152e-05,GPI
D3,PH_pass,MTORC1_SIGNALING,1.71054153144492,6.19929014641152e-05,SQSTM1
D3,PH_pass,MTORC1_SIGNALING,1.71054153144492,6.19929014641152e-05,NFYC
D3,PH_pass,MTORC1_SIGNALING,1.71054153144492,6.19929014641152e-05,CTH
D3,PH_pass,MTORC1_SIGNALING,1.71054153144492,6.19929014641152e-05,CDC25A
D3,PH_pass,MYC_TARGETS_V1,-0.924230051345847,0.7771178697298,G3BP1
D3,PH_pass,MYC_TARGETS_V1,-0.924230051345847,0.7771178697298,SYNCRIP
D3,PH_pass,MYC_TARGETS_V1,-0.924230051345847,0.7771178697298,NOP56
D3,PH_pass,MYC_TARGETS_V1,-0.924230051345847,0.7771178697298,HNRNPR
D3,PH_pass,MYC_TARGETS_V1,-0.924230051345847,0.7771178697298,SET
D3,PH_pass,MYC_TARGETS_V1,-0.924230051345847,0.7771178697298,SNRPA1
D3,PH_pass,MYC_TARGETS_V1,-0.924230051345847,0.7771178697298,RSL1D1
D3,PH_pass,MYC_TARGETS_V1,-0.924230051345847,0.7771178697298,CUL1
D3,PH_pass,MYC_TARGETS_V1,-0.924230051345847,0.7771178697298,IARS1
D3,PH_pass,MYC_TARGETS_V1,-0.924230051345847,0.7771178697298,DHX15
D3,PH_pass,MYC_TARGETS_V1,-0.924230051345847,0.7771178697298,IMPDH2
D3,PH_pass,MYC_TARGETS_V1,-0.924230051345847,0.7771178697298,STARD7
D3,PH_pass,MYC_TARGETS_V1,-0.924230051345847,0.7771178697298,PWP1
D3,PH_pass,MYC_TARGETS_V1,-0.924230051345847,0.7771178697298,DDX18
D3,PH_pass,MYC_TARGETS_V1,-0.924230051345847,0.7771178697298,DDX21
D3,PH_pass,MYC_TARGETS_V1,-0.924230051345847,0.7771178697298,HNRNPA3
D3,PH_pass,MYC_TARGETS_V1,-0.924230051345847,0.7771178697298,NPM1
D3,PH_pass,MYC_TARGETS_V1,-0.924230051345847,0.7771178697298,ABCE1
D3,PH_pass,MYC_TARGETS_V1,-0.924230051345847,0.7771178697298,HNRNPU
D3,PH_pass,MYC_TARGETS_V1,-0.924230051345847,0.7771178697298,RANBP1
D3,PH_pass,MYC_TARGETS_V1,-0.924230051345847,0.7771178697298,YWHAQ
D3,PH_pass,MYC_TARGETS_V1,-0.924230051345847,0.7771178697298,XRCC6
D3,PH_pass,MYC_TARGETS_V1,-0.924230051345847,0.7771178697298,CANX
D3,PH_pass,MYC_TARGETS_V1,-0.924230051345847,0.7771178697298,RPL34
D3,PH_pass,MYC_TARGETS_V1,-0.924230051345847,0.7771178697298,HNRNPD
D3,PH_pass,MYC_TARGETS_V1,-0.924230051345847,0.7771178697298,RPS6
D3,PH_pass,MYC_TARGETS_V1,-0.924230051345847,0.7771178697298,PPIA
D3,PH_pass,MYC_TARGETS_V1,-0.924230051345847,0.7771178697298,SERBP1
D3,PH_pass,MYC_TARGETS_V1,-0.924230051345847,0.7771178697298,NCBP1
D3,PH_pass,MYC_TARGETS_V1,-0.924230051345847,0.7771178697298,CSTF2
D3,PH_pass,MYC_TARGETS_V1,-0.924230051345847,0.7771178697298,EPRS1
D3,PH_pass,MYC_TARGETS_V1,-0.924230051345847,0.7771178697298,XPOT
D3,PH_pass,MYC_TARGETS_V1,-0.924230051345847,0.7771178697298,NAP1L1
D3,PH_pass,MYC_TARGETS_V1,-0.924230051345847,0.7771178697298,RPL22
D3,PH_pass,MYC_TARGETS_V1,-0.924230051345847,0.7771178697298,RPL6
D3,PH_pass,MYC_TARGETS_V1,-0.924230051345847,0.7771178697298,RPL14
D3,PH_pass,MYC_TARGETS_V1,-0.924230051345847,0.7771178697298,NCBP2
D3,PH_pass,MYC_TARGETS_V1,-0.924230051345847,0.7771178697298,RPL18
D3,PH_pass,MYC_TARGETS_V1,-0.924230051345847,0.7771178697298,SLC25A3
D3,PH_pass,MYC_TARGETS_V1,-0.924230051345847,0.7771178697298,ILF2
D3,PH_pass,MYC_TARGETS_V1,-0.924230051345847,0.7771178697298,GNL3
D3,PH_pass,MYC_TARGETS_V1,-0.924230051345847,0.7771178697298,SRSF1
D3,PH_pass,MYC_TARGETS_V1,-0.924230051345847,0.7771178697298,HSPD1
D3,PH_pass,MYC_TARGETS_V1,-0.924230051345847,0.7771178697298,CCT7
D3,PH_pass,MYC_TARGETS_V1,-0.924230051345847,0.7771178697298,RRP9
D3,PH_pass,MYC_TARGETS_V1,-0.924230051345847,0.7771178697298,HSPE1
D3,PH_pass,MYC_TARGETS_V1,-0.924230051345847,0.7771178697298,TARDBP
D3,PH_pass,MYC_TARGETS_V1,-0.924230051345847,0.7771178697298,PABPC4
D3,PH_pass,MYC_TARGETS_V1,-0.924230051345847,0.7771178697298,PCNA
D3,PH_pass,MYC_TARGETS_V1,-0.924230051345847,0.7771178697298,NME1
D3,PH_pass,MYC_TARGETS_V1,-0.924230051345847,0.7771178697298,HNRNPA2B1
D3,PH_pass,MYC_TARGETS_V1,-0.924230051345847,0.7771178697298,CLNS1A
D3,PH_pass,MYC_TARGETS_V1,-0.924230051345847,0.7771178697298,RPS3
D3,PH_pass,MYC_TARGETS_V1,-0.924230051345847,0.7771178697298,DEK
D3,PH_pass,MYC_TARGETS_V1,-0.924230051345847,0.7771178697298,SRSF7
D3,PH_pass,MYC_TARGETS_V1,-0.924230051345847,0.7771178697298,EIF3D
D3,PH_pass,MYC_TARGETS_V1,-0.924230051345847,0.7771178697298,RPS5
D3,PH_pass,MYC_TARGETS_V1,-0.924230051345847,0.7771178697298,SNRPD1
D3,PH_pass,MYC_TARGETS_V1,-0.924230051345847,0.7771178697298,TUFM
D3,PH_pass,MYC_TARGETS_V1,-0.924230051345847,0.7771178697298,SSB
D3,PH_pass,MYC_TARGETS_V1,-0.924230051345847,0.7771178697298,CAD
D3,PH_pass,MYC_TARGETS_V1,-0.924230051345847,0.7771178697298,HDAC2
D3,PH_pass,MYC_TARGETS_V1,-0.924230051345847,0.7771178697298,GLO1
D3,PH_pass,MYC_TARGETS_V1,-0.924230051345847,0.7771178697298,APEX1
D3,PH_pass,MYC_TARGETS_V1,-0.924230051345847,0.7771178697298,BUB3
D3,PH_pass,MYC_TARGETS_V1,-0.924230051345847,0.7771178697298,ORC2
D3,PH_pass,MYC_TARGETS_V1,-0.924230051345847,0.7771178697298,HDDC2
D3,PH_pass,MYC_TARGETS_V1,-0.924230051345847,0.7771178697298,HNRNPA1
D3,PH_pass,MYC_TARGETS_V2,-1.0706578385704,0.388913881748072,NOP56
D3,PH_pass,MYC_TARGETS_V2,-1.0706578385704,0.388913881748072,UTP20
D3,PH_pass,MYC_TARGETS_V2,-1.0706578385704,0.388913881748072,DDX18
D3,PH_pass,MYC_TARGETS_V2,-1.0706578385704,0.388913881748072,PUS1
D3,PH_pass,MYC_TARGETS_V2,-1.0706578385704,0.388913881748072,NPM1
D3,PH_pass,MYC_TARGETS_V2,-1.0706578385704,0.388913881748072,MPHOSPH10
D3,PH_pass,MYC_TARGETS_V2,-1.0706578385704,0.388913881748072,PRMT3
D3,PH_pass,MYC_TARGETS_V2,-1.0706578385704,0.388913881748072,TCOF1
D3,PH_pass,MYC_TARGETS_V2,-1.0706578385704,0.388913881748072,NIP7
D3,PH_pass,MYC_TARGETS_V2,-1.0706578385704,0.388913881748072,MRTO4
D3,PH_pass,MYC_TARGETS_V2,-1.0706578385704,0.388913881748072,LAS1L
D3,PH_pass,MYC_TARGETS_V2,-1.0706578385704,0.388913881748072,UNG
D3,PH_pass,MYC_TARGETS_V2,-1.0706578385704,0.388913881748072,PPAN
D3,PH_pass,MYC_TARGETS_V2,-1.0706578385704,0.388913881748072,GNL3
D3,PH_pass,MYC_TARGETS_V2,-1.0706578385704,0.388913881748072,HSPD1
D3,PH_pass,MYC_TARGETS_V2,-1.0706578385704,0.388913881748072,WDR43
D3,PH_pass,MYC_TARGETS_V2,-1.0706578385704,0.388913881748072,RRP9
D3,PH_pass,MYC_TARGETS_V2,-1.0706578385704,0.388913881748072,HSPE1
D3,PH_pass,MYC_TARGETS_V2,-1.0706578385704,0.388913881748072,EXOSC5
D3,PH_pass,MYC_TARGETS_V2,-1.0706578385704,0.388913881748072,IMP4
D3,PH_pass,MYC_TARGETS_V2,-1.0706578385704,0.388913881748072,DUSP2
D3,PH_pass,MYC_TARGETS_V2,-1.0706578385704,0.388913881748072,TFB2M
D3,PH_pass,MYC_TARGETS_V2,-1.0706578385704,0.388913881748072,PPRC1
D3,PH_pass,MYC_TARGETS_V2,-1.0706578385704,0.388913881748072,GRWD1
D3,PH_pass,MYOGENESIS,1.38727336705061,0.0463324652777778,ACSL1
D3,PH_pass,MYOGENESIS,1.38727336705061,0.0463324652777778,GADD45B
D3,PH_pass,MYOGENESIS,1.38727336705061,0.0463324652777778,MYL6B
D3,PH_pass,MYOGENESIS,1.38727336705061,0.0463324652777778,FOXO4
D3,PH_pass,MYOGENESIS,1.38727336705061,0.0463324652777778,ITGA7
D3,PH_pass,MYOGENESIS,1.38727336705061,0.0463324652777778,MEF2A
D3,PH_pass,MYOGENESIS,1.38727336705061,0.0463324652777778,GSN
D3,PH_pass,MYOGENESIS,1.38727336705061,0.0463324652777778,PDLIM7
D3,PH_pass,MYOGENESIS,1.38727336705061,0.0463324652777778,IFRD1
D3,PH_pass,MYOGENESIS,1.38727336705061,0.0463324652777778,RIT1
D3,PH_pass,MYOGENESIS,1.38727336705061,0.0463324652777778,LSP1
D3,PH_pass,MYOGENESIS,1.38727336705061,0.0463324652777778,TGFB1
D3,PH_pass,MYOGENESIS,1.38727336705061,0.0463324652777778,CLU
D3,PH_pass,MYOGENESIS,1.38727336705061,0.0463324652777778,KLF5
D3,PH_pass,MYOGENESIS,1.38727336705061,0.0463324652777778,GABARAPL2
D3,PH_pass,MYOGENESIS,1.38727336705061,0.0463324652777778,COL4A2
D3,PH_pass,MYOGENESIS,1.38727336705061,0.0463324652777778,TNNI2
D3,PH_pass,MYOGENESIS,1.38727336705061,0.0463324652777778,ATP6AP1
D3,PH_pass,MYOGENESIS,1.38727336705061,0.0463324652777778,SLC6A8
D3,PH_pass,MYOGENESIS,1.38727336705061,0.0463324652777778,HDAC5
D3,PH_pass,MYOGENESIS,1.38727336705061,0.0463324652777778,TPM3
D3,PH_pass,MYOGENESIS,1.38727336705061,0.0463324652777778,KCNH2
D3,PH_pass,MYOGENESIS,1.38727336705061,0.0463324652777778,BAG1
D3,PH_pass,MYOGENESIS,1.38727336705061,0.0463324652777778,CKB
D3,PH_pass,MYOGENESIS,1.38727336705061,0.0463324652777778,ACHE
D3,PH_pass,MYOGENESIS,1.38727336705061,0.0463324652777778,SIRT2
D3,PH_pass,MYOGENESIS,1.38727336705061,0.0463324652777778,SVIL
D3,PH_pass,MYOGENESIS,1.38727336705061,0.0463324652777778,AKT2
D3,PH_pass,MYOGENESIS,1.38727336705061,0.0463324652777778,PRNP
D3,PH_pass,MYOGENESIS,1.38727336705061,0.0463324652777778,DAPK2
D3,PH_pass,MYOGENESIS,1.38727336705061,0.0463324652777778,FLII
D3,PH_pass,MYOGENESIS,1.38727336705061,0.0463324652777778,FKBP1B
D3,PH_pass,MYOGENESIS,1.38727336705061,0.0463324652777778,AK1
D3,PH_pass,MYOGENESIS,1.38727336705061,0.0463324652777778,ENO3
D3,PH_pass,MYOGENESIS,1.38727336705061,0.0463324652777778,MYOM1
D3,PH_pass,MYOGENESIS,1.38727336705061,0.0463324652777778,HBEGF
D3,PH_pass,MYOGENESIS,1.38727336705061,0.0463324652777778,MYBPC3
D3,PH_pass,MYOGENESIS,1.38727336705061,0.0463324652777778,SYNGR2
D3,PH_pass,MYOGENESIS,1.38727336705061,0.0463324652777778,NOTCH1
D3,PH_pass,MYOGENESIS,1.38727336705061,0.0463324652777778,APP
D3,PH_pass,MYOGENESIS,1.38727336705061,0.0463324652777778,SMTN
D3,PH_pass,MYOGENESIS,1.38727336705061,0.0463324652777778,ITGB5
D3,PH_pass,MYOGENESIS,1.38727336705061,0.0463324652777778,MYH9
D3,PH_pass,MYOGENESIS,1.38727336705061,0.0463324652777778,SPARC
D3,PH_pass,MYOGENESIS,1.38727336705061,0.0463324652777778,MYO1C
D3,PH_pass,MYOGENESIS,1.38727336705061,0.0463324652777778,IGFBP7
D3,PH_pass,MYOGENESIS,1.38727336705061,0.0463324652777778,AGL
D3,PH_pass,NOTCH_SIGNALING,-0.912499998197147,0.64210929232432,MAML2
D3,PH_pass,NOTCH_SIGNALING,-0.912499998197147,0.64210929232432,ARRB1
D3,PH_pass,NOTCH_SIGNALING,-0.912499998197147,0.64210929232432,CUL1
D3,PH_pass,NOTCH_SIGNALING,-0.912499998197147,0.64210929232432,PSEN2
D3,PH_pass,NOTCH_SIGNALING,-0.912499998197147,0.64210929232432,TCF7L2
D3,PH_pass,NOTCH_SIGNALING,-0.912499998197147,0.64210929232432,LFNG
D3,PH_pass,NOTCH_SIGNALING,-0.912499998197147,0.64210929232432,DTX1
D3,PH_pass,NOTCH_SIGNALING,-0.912499998197147,0.64210929232432,PPARD
D3,PH_pass,OXIDATIVE_PHOSPHORYLATION,1.16481168159232,0.218654644733522,NQO2
D3,PH_pass,OXIDATIVE_PHOSPHORYLATION,1.16481168159232,0.218654644733522,ATP6V1C1
D3,PH_pass,OXIDATIVE_PHOSPHORYLATION,1.16481168159232,0.218654644733522,POR
D3,PH_pass,OXIDATIVE_PHOSPHORYLATION,1.16481168159232,0.218654644733522,ATP6V0C
D3,PH_pass,OXIDATIVE_PHOSPHORYLATION,1.16481168159232,0.218654644733522,LDHA
D3,PH_pass,OXIDATIVE_PHOSPHORYLATION,1.16481168159232,0.218654644733522,ALAS1
D3,PH_pass,OXIDATIVE_PHOSPHORYLATION,1.16481168159232,0.218654644733522,OAT
D3,PH_pass,OXIDATIVE_PHOSPHORYLATION,1.16481168159232,0.218654644733522,NDUFB3
D3,PH_pass,OXIDATIVE_PHOSPHORYLATION,1.16481168159232,0.218654644733522,COX7A2L
D3,PH_pass,OXIDATIVE_PHOSPHORYLATION,1.16481168159232,0.218654644733522,MFN2
D3,PH_pass,OXIDATIVE_PHOSPHORYLATION,1.16481168159232,0.218654644733522,CYB5R3
D3,PH_pass,OXIDATIVE_PHOSPHORYLATION,1.16481168159232,0.218654644733522,SDHC
D3,PH_pass,OXIDATIVE_PHOSPHORYLATION,1.16481168159232,0.218654644733522,RHOT1
D3,PH_pass,OXIDATIVE_PHOSPHORYLATION,1.16481168159232,0.218654644733522,GRPEL1
D3,PH_pass,OXIDATIVE_PHOSPHORYLATION,1.16481168159232,0.218654644733522,ACAA1
D3,PH_pass,OXIDATIVE_PHOSPHORYLATION,1.16481168159232,0.218654644733522,ATP6V0B
D3,PH_pass,OXIDATIVE_PHOSPHORYLATION,1.16481168159232,0.218654644733522,COX6B1
D3,PH_pass,OXIDATIVE_PHOSPHORYLATION,1.16481168159232,0.218654644733522,SUCLG1
D3,PH_pass,OXIDATIVE_PHOSPHORYLATION,1.16481168159232,0.218654644733522,ATP6AP1
D3,PH_pass,OXIDATIVE_PHOSPHORYLATION,1.16481168159232,0.218654644733522,UQCR10
D3,PH_pass,OXIDATIVE_PHOSPHORYLATION,1.16481168159232,0.218654644733522,ATP6V0E1
D3,PH_pass,OXIDATIVE_PHOSPHORYLATION,1.16481168159232,0.218654644733522,NDUFA2
D3,PH_pass,OXIDATIVE_PHOSPHORYLATION,1.16481168159232,0.218654644733522,HTRA2
D3,PH_pass,OXIDATIVE_PHOSPHORYLATION,1.16481168159232,0.218654644733522,ATP6V1H
D3,PH_pass,OXIDATIVE_PHOSPHORYLATION,1.16481168159232,0.218654644733522,PRDX3
D3,PH_pass,OXIDATIVE_PHOSPHORYLATION,1.16481168159232,0.218654644733522,HADHB
D3,PH_pass,OXIDATIVE_PHOSPHORYLATION,1.16481168159232,0.218654644733522,NDUFA8
D3,PH_pass,OXIDATIVE_PHOSPHORYLATION,1.16481168159232,0.218654644733522,ACADVL
D3,PH_pass,OXIDATIVE_PHOSPHORYLATION,1.16481168159232,0.218654644733522,UQCRC1
D3,PH_pass,OXIDATIVE_PHOSPHORYLATION,1.16481168159232,0.218654644733522,ATP6V1D
D3,PH_pass,OXIDATIVE_PHOSPHORYLATION,1.16481168159232,0.218654644733522,TIMM8B
D3,PH_pass,OXIDATIVE_PHOSPHORYLATION,1.16481168159232,0.218654644733522,DLD
D3,PH_pass,OXIDATIVE_PHOSPHORYLATION,1.16481168159232,0.218654644733522,NDUFA4
D3,PH_pass,OXIDATIVE_PHOSPHORYLATION,1.16481168159232,0.218654644733522,NDUFS4
D3,PH_pass,OXIDATIVE_PHOSPHORYLATION,1.16481168159232,0.218654644733522,GPI
D3,PH_pass,OXIDATIVE_PHOSPHORYLATION,1.16481168159232,0.218654644733522,ATP5MF
D3,PH_pass,OXIDATIVE_PHOSPHORYLATION,1.16481168159232,0.218654644733522,NDUFC2
D3,PH_pass,OXIDATIVE_PHOSPHORYLATION,1.16481168159232,0.218654644733522,TCIRG1
D3,PH_pass,OXIDATIVE_PHOSPHORYLATION,1.16481168159232,0.218654644733522,COX5B
D3,PH_pass,OXIDATIVE_PHOSPHORYLATION,1.16481168159232,0.218654644733522,ISCU
D3,PH_pass,OXIDATIVE_PHOSPHORYLATION,1.16481168159232,0.218654644733522,COX6A1
D3,PH_pass,OXIDATIVE_PHOSPHORYLATION,1.16481168159232,0.218654644733522,SLC25A20
D3,PH_pass,OXIDATIVE_PHOSPHORYLATION,1.16481168159232,0.218654644733522,ATP5PF
D3,PH_pass,OXIDATIVE_PHOSPHORYLATION,1.16481168159232,0.218654644733522,BCKDHA
D3,PH_pass,OXIDATIVE_PHOSPHORYLATION,1.16481168159232,0.218654644733522,SLC25A11
D3,PH_pass,OXIDATIVE_PHOSPHORYLATION,1.16481168159232,0.218654644733522,GPX4
D3,PH_pass,OXIDATIVE_PHOSPHORYLATION,1.16481168159232,0.218654644733522,TIMM10
D3,PH_pass,OXIDATIVE_PHOSPHORYLATION,1.16481168159232,0.218654644733522,ATP5F1B
D3,PH_pass,OXIDATIVE_PHOSPHORYLATION,1.16481168159232,0.218654644733522,ATP6V1E1
D3,PH_pass,OXIDATIVE_PHOSPHORYLATION,1.16481168159232,0.218654644733522,ATP6V1F
D3,PH_pass,OXIDATIVE_PHOSPHORYLATION,1.16481168159232,0.218654644733522,SDHA
D3,PH_pass,OXIDATIVE_PHOSPHORYLATION,1.16481168159232,0.218654644733522,NDUFA3
D3,PH_pass,OXIDATIVE_PHOSPHORYLATION,1.16481168159232,0.218654644733522,BAX
D3,PH_pass,OXIDATIVE_PHOSPHORYLATION,1.16481168159232,0.218654644733522,HADHA
D3,PH_pass,OXIDATIVE_PHOSPHORYLATION,1.16481168159232,0.218654644733522,UQCR11
D3,PH_pass,OXIDATIVE_PHOSPHORYLATION,1.16481168159232,0.218654644733522,COX8A
D3,PH_pass,OXIDATIVE_PHOSPHORYLATION,1.16481168159232,0.218654644733522,CYC1
D3,PH_pass,OXIDATIVE_PHOSPHORYLATION,1.16481168159232,0.218654644733522,MTRR
D3,PH_pass,OXIDATIVE_PHOSPHORYLATION,1.16481168159232,0.218654644733522,ECH1
D3,PH_pass,OXIDATIVE_PHOSPHORYLATION,1.16481168159232,0.218654644733522,NDUFB4
D3,PH_pass,OXIDATIVE_PHOSPHORYLATION,1.16481168159232,0.218654644733522,TIMM9
D3,PH_pass,OXIDATIVE_PHOSPHORYLATION,1.16481168159232,0.218654644733522,MTRF1
D3,PH_pass,OXIDATIVE_PHOSPHORYLATION,1.16481168159232,0.218654644733522,OGDH
D3,PH_pass,OXIDATIVE_PHOSPHORYLATION,1.16481168159232,0.218654644733522,TIMM13
D3,PH_pass,OXIDATIVE_PHOSPHORYLATION,1.16481168159232,0.218654644733522,MTX2
D3,PH_pass,OXIDATIVE_PHOSPHORYLATION,1.16481168159232,0.218654644733522,COX7A2
D3,PH_pass,OXIDATIVE_PHOSPHORYLATION,1.16481168159232,0.218654644733522,COX5A
D3,PH_pass,OXIDATIVE_PHOSPHORYLATION,1.16481168159232,0.218654644733522,COX7B
D3,PH_pass,OXIDATIVE_PHOSPHORYLATION,1.16481168159232,0.218654644733522,PHB2
D3,PH_pass,OXIDATIVE_PHOSPHORYLATION,1.16481168159232,0.218654644733522,POLR2F
D3,PH_pass,OXIDATIVE_PHOSPHORYLATION,1.16481168159232,0.218654644733522,HCCS
D3,PH_pass,OXIDATIVE_PHOSPHORYLATION,1.16481168159232,0.218654644733522,NDUFS2
D3,PH_pass,OXIDATIVE_PHOSPHORYLATION,1.16481168159232,0.218654644733522,MGST3
D3,PH_pass,OXIDATIVE_PHOSPHORYLATION,1.16481168159232,0.218654644733522,IDH3G
D3,PH_pass,OXIDATIVE_PHOSPHORYLATION,1.16481168159232,0.218654644733522,ATP5PD
D3,PH_pass,OXIDATIVE_PHOSPHORYLATION,1.16481168159232,0.218654644733522,COX15
D3,PH_pass,OXIDATIVE_PHOSPHORYLATION,1.16481168159232,0.218654644733522,ATP5PB
D3,PH_pass,OXIDATIVE_PHOSPHORYLATION,1.16481168159232,0.218654644733522,ACO2
D3,PH_pass,OXIDATIVE_PHOSPHORYLATION,1.16481168159232,0.218654644733522,RETSAT
D3,PH_pass,OXIDATIVE_PHOSPHORYLATION,1.16481168159232,0.218654644733522,NDUFA7
D3,PH_pass,OXIDATIVE_PHOSPHORYLATION,1.16481168159232,0.218654644733522,SDHB
D3,PH_pass,OXIDATIVE_PHOSPHORYLATION,1.16481168159232,0.218654644733522,NDUFAB1
D3,PH_pass,OXIDATIVE_PHOSPHORYLATION,1.16481168159232,0.218654644733522,ATP6V1G1
D3,PH_pass,OXIDATIVE_PHOSPHORYLATION,1.16481168159232,0.218654644733522,UQCRFS1
D3,PH_pass,OXIDATIVE_PHOSPHORYLATION,1.16481168159232,0.218654644733522,MAOB
D3,PH_pass,OXIDATIVE_PHOSPHORYLATION,1.16481168159232,0.218654644733522,PDHB
D3,PH_pass,OXIDATIVE_PHOSPHORYLATION,1.16481168159232,0.218654644733522,ATP5F1C
D3,PH_pass,OXIDATIVE_PHOSPHORYLATION,1.16481168159232,0.218654644733522,ATP5F1E
D3,PH_pass,P53_PATHWAY,1.6539553199252,0.000294520962117184,NDRG1
D3,PH_pass,P53_PATHWAY,1.6539553199252,0.000294520962117184,GADD45A
D3,PH_pass,P53_PATHWAY,1.6539553199252,0.000294520962117184,UPP1
D3,PH_pass,P53_PATHWAY,1.6539553199252,0.000294520962117184,STOM
D3,PH_pass,P53_PATHWAY,1.6539553199252,0.000294520962117184,TGFA
D3,PH_pass,P53_PATHWAY,1.6539553199252,0.000294520962117184,CEBPA
D3,PH_pass,P53_PATHWAY,1.6539553199252,0.000294520962117184,CCND3
D3,PH_pass,P53_PATHWAY,1.6539553199252,0.000294520962117184,CDK5R1
D3,PH_pass,P53_PATHWAY,1.6539553199252,0.000294520962117184,SLC7A11
D3,PH_pass,P53_PATHWAY,1.6539553199252,0.000294520962117184,SERTAD3
D3,PH_pass,P53_PATHWAY,1.6539553199252,0.000294520962117184,IER3
D3,PH_pass,P53_PATHWAY,1.6539553199252,0.000294520962117184,ABHD4
D3,PH_pass,P53_PATHWAY,1.6539553199252,0.000294520962117184,CTSD
D3,PH_pass,P53_PATHWAY,1.6539553199252,0.000294520962117184,ACVR1B
D3,PH_pass,P53_PATHWAY,1.6539553199252,0.000294520962117184,MXD1
D3,PH_pass,P53_PATHWAY,1.6539553199252,0.000294520962117184,PPP1R15A
D3,PH_pass,P53_PATHWAY,1.6539553199252,0.000294520962117184,CD82
D3,PH_pass,P53_PATHWAY,1.6539553199252,0.000294520962117184,DRAM1
D3,PH_pass,P53_PATHWAY,1.6539553199252,0.000294520962117184,PRMT2
D3,PH_pass,P53_PATHWAY,1.6539553199252,0.000294520962117184,BMP2
D3,PH_pass,P53_PATHWAY,1.6539553199252,0.000294520962117184,TGFB1
D3,PH_pass,P53_PATHWAY,1.6539553199252,0.000294520962117184,SAT1
D3,PH_pass,P53_PATHWAY,1.6539553199252,0.000294520962117184,FOS
D3,PH_pass,P53_PATHWAY,1.6539553199252,0.000294520962117184,ZBTB16
D3,PH_pass,P53_PATHWAY,1.6539553199252,0.000294520962117184,TOB1
D3,PH_pass,P53_PATHWAY,1.6539553199252,0.000294520962117184,RGS16
D3,PH_pass,P53_PATHWAY,1.6539553199252,0.000294520962117184,DDIT3
D3,PH_pass,P53_PATHWAY,1.6539553199252,0.000294520962117184,TRAFD1
D3,PH_pass,P53_PATHWAY,1.6539553199252,0.000294520962117184,PTPRE
D3,PH_pass,P53_PATHWAY,1.6539553199252,0.000294520962117184,SLC3A2
D3,PH_pass,P53_PATHWAY,1.6539553199252,0.000294520962117184,MKNK2
D3,PH_pass,P53_PATHWAY,1.6539553199252,0.000294520962117184,NINJ1
D3,PH_pass,P53_PATHWAY,1.6539553199252,0.000294520962117184,ALOX15B
D3,PH_pass,P53_PATHWAY,1.6539553199252,0.000294520962117184,HEXIM1
D3,PH_pass,P53_PATHWAY,1.6539553199252,0.000294520962117184,FGF13
D3,PH_pass,P53_PATHWAY,1.6539553199252,0.000294520962117184,BTG2
D3,PH_pass,P53_PATHWAY,1.6539553199252,0.000294520962117184,RXRA
D3,PH_pass,P53_PATHWAY,1.6539553199252,0.000294520962117184,STEAP3
D3,PH_pass,P53_PATHWAY,1.6539553199252,0.000294520962117184,RHBDF2
D3,PH_pass,P53_PATHWAY,1.6539553199252,0.000294520962117184,RAB40C
D3,PH_pass,P53_PATHWAY,1.6539553199252,0.000294520962117184,SP1
D3,PH_pass,P53_PATHWAY,1.6539553199252,0.000294520962117184,S100A4
D3,PH_pass,P53_PATHWAY,1.6539553199252,0.000294520962117184,CYFIP2
D3,PH_pass,P53_PATHWAY,1.6539553199252,0.000294520962117184,CGRRF1
D3,PH_pass,P53_PATHWAY,1.6539553199252,0.000294520962117184,APAF1
D3,PH_pass,P53_PATHWAY,1.6539553199252,0.000294520962117184,OSGIN1
D3,PH_pass,P53_PATHWAY,1.6539553199252,0.000294520962117184,PPM1D
D3,PH_pass,P53_PATHWAY,1.6539553199252,0.000294520962117184,PRKAB1
D3,PH_pass,P53_PATHWAY,1.6539553199252,0.000294520962117184,PLK3
D3,PH_pass,P53_PATHWAY,1.6539553199252,0.000294520962117184,GM2A
D3,PH_pass,P53_PATHWAY,1.6539553199252,0.000294520962117184,INHBB
D3,PH_pass,P53_PATHWAY,1.6539553199252,0.000294520962117184,ZFP36L1
D3,PH_pass,P53_PATHWAY,1.6539553199252,0.000294520962117184,PDGFA
D3,PH_pass,P53_PATHWAY,1.6539553199252,0.000294520962117184,VWA5A
D3,PH_pass,P53_PATHWAY,1.6539553199252,0.000294520962117184,HMOX1
D3,PH_pass,P53_PATHWAY,1.6539553199252,0.000294520962117184,RCHY1
D3,PH_pass,P53_PATHWAY,1.6539553199252,0.000294520962117184,AK1
D3,PH_pass,P53_PATHWAY,1.6539553199252,0.000294520962117184,IRAK1
D3,PH_pass,P53_PATHWAY,1.6539553199252,0.000294520962117184,ISCU
D3,PH_pass,P53_PATHWAY,1.6539553199252,0.000294520962117184,RNF19B
D3,PH_pass,P53_PATHWAY,1.6539553199252,0.000294520962117184,BAIAP2
D3,PH_pass,P53_PATHWAY,1.6539553199252,0.000294520962117184,CCNK
D3,PH_pass,P53_PATHWAY,1.6539553199252,0.000294520962117184,PMM1
D3,PH_pass,P53_PATHWAY,1.6539553199252,0.000294520962117184,DEF6
D3,PH_pass,P53_PATHWAY,1.6539553199252,0.000294520962117184,VDR
D3,PH_pass,P53_PATHWAY,1.6539553199252,0.000294520962117184,HBEGF
D3,PH_pass,P53_PATHWAY,1.6539553199252,0.000294520962117184,RALGDS
D3,PH_pass,P53_PATHWAY,1.6539553199252,0.000294520962117184,BAX
D3,PH_pass,P53_PATHWAY,1.6539553199252,0.000294520962117184,NOTCH1
D3,PH_pass,P53_PATHWAY,1.6539553199252,0.000294520962117184,APP
D3,PH_pass,P53_PATHWAY,1.6539553199252,0.000294520962117184,FOXO3
D3,PH_pass,P53_PATHWAY,1.6539553199252,0.000294520962117184,PLK2
D3,PH_pass,P53_PATHWAY,1.6539553199252,0.000294520962117184,MXD4
D3,PH_pass,P53_PATHWAY,1.6539553199252,0.000294520962117184,SDC1
D3,PH_pass,P53_PATHWAY,1.6539553199252,0.000294520962117184,TAX1BP3
D3,PH_pass,P53_PATHWAY,1.6539553199252,0.000294520962117184,BTG1
D3,PH_pass,P53_PATHWAY,1.6539553199252,0.000294520962117184,CASP1
D3,PH_pass,P53_PATHWAY,1.6539553199252,0.000294520962117184,TAP1
D3,PH_pass,P53_PATHWAY,1.6539553199252,0.000294520962117184,ATF3
D3,PH_pass,P53_PATHWAY,1.6539553199252,0.000294520962117184,TRIB3
D3,PH_pass,P53_PATHWAY,1.6539553199252,0.000294520962117184,RAD51C
D3,PH_pass,P53_PATHWAY,1.6539553199252,0.000294520962117184,ST14
D3,PH_pass,P53_PATHWAY,1.6539553199252,0.000294520962117184,ABCC5
D3,PH_pass,PEROXISOME,1.14446727756675,0.307853698884383,ACSL1
D3,PH_pass,PEROXISOME,1.14446727756675,0.307853698884383,IDI1
D3,PH_pass,PEROXISOME,1.14446727756675,0.307853698884383,MVP
D3,PH_pass,PEROXISOME,1.14446727756675,0.307853698884383,HSD3B7
D3,PH_pass,PEROXISOME,1.14446727756675,0.307853698884383,ACSL4
D3,PH_pass,PEROXISOME,1.14446727756675,0.307853698884383,ATXN1
D3,PH_pass,PEROXISOME,1.14446727756675,0.307853698884383,FIS1
D3,PH_pass,PEROXISOME,1.14446727756675,0.307853698884383,ACAA1
D3,PH_pass,PEROXISOME,1.14446727756675,0.307853698884383,ACOX1
D3,PH_pass,PEROXISOME,1.14446727756675,0.307853698884383,PRDX5
D3,PH_pass,PEROXISOME,1.14446727756675,0.307853698884383,TSPO
D3,PH_pass,PEROXISOME,1.14446727756675,0.307853698884383,EHHADH
D3,PH_pass,PEROXISOME,1.14446727756675,0.307853698884383,YWHAH
D3,PH_pass,PEROXISOME,1.14446727756675,0.307853698884383,ACOT8
D3,PH_pass,PEROXISOME,1.14446727756675,0.307853698884383,STS
D3,PH_pass,PEROXISOME,1.14446727756675,0.307853698884383,SOD1
D3,PH_pass,PEROXISOME,1.14446727756675,0.307853698884383,ELOVL5
D3,PH_pass,PEROXISOME,1.14446727756675,0.307853698884383,DHCR24
D3,PH_pass,PEROXISOME,1.14446727756675,0.307853698884383,CTBP1
D3,PH_pass,PEROXISOME,1.14446727756675,0.307853698884383,SIAH1
D3,PH_pass,PEROXISOME,1.14446727756675,0.307853698884383,ABCD1
D3,PH_pass,PEROXISOME,1.14446727756675,0.307853698884383,BCL10
D3,PH_pass,PEROXISOME,1.14446727756675,0.307853698884383,ECH1
D3,PH_pass,PEROXISOME,1.14446727756675,0.307853698884383,GSTK1
D3,PH_pass,PEROXISOME,1.14446727756675,0.307853698884383,HSD11B2
D3,PH_pass,PEROXISOME,1.14446727756675,0.307853698884383,NUDT19
D3,PH_pass,PEROXISOME,1.14446727756675,0.307853698884383,HSD17B11
D3,PH_pass,PEROXISOME,1.14446727756675,0.307853698884383,ABCC5
D3,PH_pass,PEROXISOME,1.14446727756675,0.307853698884383,TOP2A
D3,PH_pass,PEROXISOME,1.14446727756675,0.307853698884383,CDK7
D3,PH_pass,PEROXISOME,1.14446727756675,0.307853698884383,CRAT
D3,PH_pass,PEROXISOME,1.14446727756675,0.307853698884383,SLC27A2
D3,PH_pass,PEROXISOME,1.14446727756675,0.307853698884383,PEX2
D3,PH_pass,PEROXISOME,1.14446727756675,0.307853698884383,RDH11
D3,PH_pass,PEROXISOME,1.14446727756675,0.307853698884383,RETSAT
D3,PH_pass,PEROXISOME,1.14446727756675,0.307853698884383,FDPS
D3,PH_pass,PI3K_AKT_MTOR_SIGNALING,1.79159044995324,0.000285943647402059,SLC2A1
D3,PH_pass,PI3K_AKT_MTOR_SIGNALING,1.79159044995324,0.000285943647402059,RALB
D3,PH_pass,PI3K_AKT_MTOR_SIGNALING,1.79159044995324,0.000285943647402059,SLA
D3,PH_pass,PI3K_AKT_MTOR_SIGNALING,1.79159044995324,0.000285943647402059,MAP2K6
D3,PH_pass,PI3K_AKT_MTOR_SIGNALING,1.79159044995324,0.000285943647402059,MAP2K3
D3,PH_pass,PI3K_AKT_MTOR_SIGNALING,1.79159044995324,0.000285943647402059,CDKN1B
D3,PH_pass,PI3K_AKT_MTOR_SIGNALING,1.79159044995324,0.000285943647402059,TNFRSF1A
D3,PH_pass,PI3K_AKT_MTOR_SIGNALING,1.79159044995324,0.000285943647402059,CAB39
D3,PH_pass,PI3K_AKT_MTOR_SIGNALING,1.79159044995324,0.000285943647402059,CFL1
D3,PH_pass,PI3K_AKT_MTOR_SIGNALING,1.79159044995324,0.000285943647402059,UBE2D3
D3,PH_pass,PI3K_AKT_MTOR_SIGNALING,1.79159044995324,0.000285943647402059,MYD88
D3,PH_pass,PI3K_AKT_MTOR_SIGNALING,1.79159044995324,0.000285943647402059,ARF1
D3,PH_pass,PI3K_AKT_MTOR_SIGNALING,1.79159044995324,0.000285943647402059,RPS6KA1
D3,PH_pass,PI3K_AKT_MTOR_SIGNALING,1.79159044995324,0.000285943647402059,MKNK1
D3,PH_pass,PI3K_AKT_MTOR_SIGNALING,1.79159044995324,0.000285943647402059,PFN1
D3,PH_pass,PI3K_AKT_MTOR_SIGNALING,1.79159044995324,0.000285943647402059,PTEN
D3,PH_pass,PI3K_AKT_MTOR_SIGNALING,1.79159044995324,0.000285943647402059,AP2M1
D3,PH_pass,PI3K_AKT_MTOR_SIGNALING,1.79159044995324,0.000285943647402059,RIT1
D3,PH_pass,PI3K_AKT_MTOR_SIGNALING,1.79159044995324,0.000285943647402059,AKT1S1
D3,PH_pass,PI3K_AKT_MTOR_SIGNALING,1.79159044995324,0.000285943647402059,MAPK1
D3,PH_pass,PI3K_AKT_MTOR_SIGNALING,1.79159044995324,0.000285943647402059,YWHAB
D3,PH_pass,PI3K_AKT_MTOR_SIGNALING,1.79159044995324,0.000285943647402059,DDIT3
D3,PH_pass,PI3K_AKT_MTOR_SIGNALING,1.79159044995324,0.000285943647402059,MKNK2
D3,PH_pass,PI3K_AKT_MTOR_SIGNALING,1.79159044995324,0.000285943647402059,PRKAR2A
D3,PH_pass,PI3K_AKT_MTOR_SIGNALING,1.79159044995324,0.000285943647402059,ARPC3
D3,PH_pass,PI3K_AKT_MTOR_SIGNALING,1.79159044995324,0.000285943647402059,VAV3
D3,PH_pass,PI3K_AKT_MTOR_SIGNALING,1.79159044995324,0.000285943647402059,ACTR2
D3,PH_pass,PI3K_AKT_MTOR_SIGNALING,1.79159044995324,0.000285943647402059,GRK2
D3,PH_pass,PI3K_AKT_MTOR_SIGNALING,1.79159044995324,0.000285943647402059,ECSIT
D3,PH_pass,PI3K_AKT_MTOR_SIGNALING,1.79159044995324,0.000285943647402059,PRKAG1
D3,PH_pass,PI3K_AKT_MTOR_SIGNALING,1.79159044995324,0.000285943647402059,RAF1
D3,PH_pass,PROTEIN_SECRETION,1.37073239070768,0.0684775190215331,KIF1B
D3,PH_pass,PROTEIN_SECRETION,1.37073239070768,0.0684775190215331,CD63
D3,PH_pass,PROTEIN_SECRETION,1.37073239070768,0.0684775190215331,ARF1
D3,PH_pass,PROTEIN_SECRETION,1.37073239070768,0.0684775190215331,VAMP3
D3,PH_pass,PROTEIN_SECRETION,1.37073239070768,0.0684775190215331,NAPA
D3,PH_pass,PROTEIN_SECRETION,1.37073239070768,0.0684775190215331,GNAS
D3,PH_pass,PROTEIN_SECRETION,1.37073239070768,0.0684775190215331,AP2M1
D3,PH_pass,PROTEIN_SECRETION,1.37073239070768,0.0684775190215331,MAPK1
D3,PH_pass,PROTEIN_SECRETION,1.37073239070768,0.0684775190215331,AP2B1
D3,PH_pass,PROTEIN_SECRETION,1.37073239070768,0.0684775190215331,TSG101
D3,PH_pass,PROTEIN_SECRETION,1.37073239070768,0.0684775190215331,RAB5A
D3,PH_pass,PROTEIN_SECRETION,1.37073239070768,0.0684775190215331,AP3S1
D3,PH_pass,PROTEIN_SECRETION,1.37073239070768,0.0684775190215331,PAM
D3,PH_pass,PROTEIN_SECRETION,1.37073239070768,0.0684775190215331,AP2S1
D3,PH_pass,PROTEIN_SECRETION,1.37073239070768,0.0684775190215331,STX16
D3,PH_pass,PROTEIN_SECRETION,1.37073239070768,0.0684775190215331,GLA
D3,PH_pass,PROTEIN_SECRETION,1.37073239070768,0.0684775190215331,SOD1
D3,PH_pass,PROTEIN_SECRETION,1.37073239070768,0.0684775190215331,STAM
D3,PH_pass,PROTEIN_SECRETION,1.37073239070768,0.0684775190215331,IGF2R
D3,PH_pass,PROTEIN_SECRETION,1.37073239070768,0.0684775190215331,SEC22B
D3,PH_pass,PROTEIN_SECRETION,1.37073239070768,0.0684775190215331,ATP6V1H
D3,PH_pass,PROTEIN_SECRETION,1.37073239070768,0.0684775190215331,COPE
D3,PH_pass,PROTEIN_SECRETION,1.37073239070768,0.0684775190215331,LAMP2
D3,PH_pass,PROTEIN_SECRETION,1.37073239070768,0.0684775190215331,RAB2A
D3,PH_pass,PROTEIN_SECRETION,1.37073239070768,0.0684775190215331,SNAP23
D3,PH_pass,PROTEIN_SECRETION,1.37073239070768,0.0684775190215331,AP1G1
D3,PH_pass,PROTEIN_SECRETION,1.37073239070768,0.0684775190215331,RER1
D3,PH_pass,PROTEIN_SECRETION,1.37073239070768,0.0684775190215331,SEC24D
D3,PH_pass,PROTEIN_SECRETION,1.37073239070768,0.0684775190215331,ARFGAP3
D3,PH_pass,PROTEIN_SECRETION,1.37073239070768,0.0684775190215331,ICA1
D3,PH_pass,PROTEIN_SECRETION,1.37073239070768,0.0684775190215331,COPB1
D3,PH_pass,PROTEIN_SECRETION,1.37073239070768,0.0684775190215331,ERGIC3
D3,PH_pass,PROTEIN_SECRETION,1.37073239070768,0.0684775190215331,RAB14
D3,PH_pass,PROTEIN_SECRETION,1.37073239070768,0.0684775190215331,VAMP7
D3,PH_pass,PROTEIN_SECRETION,1.37073239070768,0.0684775190215331,PPT1
D3,PH_pass,PROTEIN_SECRETION,1.37073239070768,0.0684775190215331,YIPF6
D3,PH_pass,REACTIVE_OXYGEN_SPECIES_PATHWAY,2.0491202516253,5.5497777305748e-05,GCLM
D3,PH_pass,REACTIVE_OXYGEN_SPECIES_PATHWAY,2.0491202516253,5.5497777305748e-05,HHEX
D3,PH_pass,REACTIVE_OXYGEN_SPECIES_PATHWAY,2.0491202516253,5.5497777305748e-05,MSRA
D3,PH_pass,REACTIVE_OXYGEN_SPECIES_PATHWAY,2.0491202516253,5.5497777305748e-05,LAMTOR5
D3,PH_pass,REACTIVE_OXYGEN_SPECIES_PATHWAY,2.0491202516253,5.5497777305748e-05,CDKN2D
D3,PH_pass,REACTIVE_OXYGEN_SPECIES_PATHWAY,2.0491202516253,5.5497777305748e-05,GSR
D3,PH_pass,REACTIVE_OXYGEN_SPECIES_PATHWAY,2.0491202516253,5.5497777305748e-05,G6PD
D3,PH_pass,REACTIVE_OXYGEN_SPECIES_PATHWAY,2.0491202516253,5.5497777305748e-05,TXN
D3,PH_pass,REACTIVE_OXYGEN_SPECIES_PATHWAY,2.0491202516253,5.5497777305748e-05,SBNO2
D3,PH_pass,REACTIVE_OXYGEN_SPECIES_PATHWAY,2.0491202516253,5.5497777305748e-05,JUNB
D3,PH_pass,REACTIVE_OXYGEN_SPECIES_PATHWAY,2.0491202516253,5.5497777305748e-05,FES
D3,PH_pass,REACTIVE_OXYGEN_SPECIES_PATHWAY,2.0491202516253,5.5497777305748e-05,LSP1
D3,PH_pass,REACTIVE_OXYGEN_SPECIES_PATHWAY,2.0491202516253,5.5497777305748e-05,TXNRD1
D3,PH_pass,REACTIVE_OXYGEN_SPECIES_PATHWAY,2.0491202516253,5.5497777305748e-05,PRDX2
D3,PH_pass,REACTIVE_OXYGEN_SPECIES_PATHWAY,2.0491202516253,5.5497777305748e-05,SRXN1
D3,PH_pass,REACTIVE_OXYGEN_SPECIES_PATHWAY,2.0491202516253,5.5497777305748e-05,GLRX
D3,PH_pass,REACTIVE_OXYGEN_SPECIES_PATHWAY,2.0491202516253,5.5497777305748e-05,EGLN2
D3,PH_pass,REACTIVE_OXYGEN_SPECIES_PATHWAY,2.0491202516253,5.5497777305748e-05,PRDX6
D3,PH_pass,REACTIVE_OXYGEN_SPECIES_PATHWAY,2.0491202516253,5.5497777305748e-05,SOD1
D3,PH_pass,REACTIVE_OXYGEN_SPECIES_PATHWAY,2.0491202516253,5.5497777305748e-05,MPO
D3,PH_pass,REACTIVE_OXYGEN_SPECIES_PATHWAY,2.0491202516253,5.5497777305748e-05,MGST1
D3,PH_pass,REACTIVE_OXYGEN_SPECIES_PATHWAY,2.0491202516253,5.5497777305748e-05,PRNP
D3,PH_pass,REACTIVE_OXYGEN_SPECIES_PATHWAY,2.0491202516253,5.5497777305748e-05,PFKP
D3,PH_pass,REACTIVE_OXYGEN_SPECIES_PATHWAY,2.0491202516253,5.5497777305748e-05,GPX4
D3,PH_pass,REACTIVE_OXYGEN_SPECIES_PATHWAY,2.0491202516253,5.5497777305748e-05,NDUFB4
D3,PH_pass,REACTIVE_OXYGEN_SPECIES_PATHWAY,2.0491202516253,5.5497777305748e-05,PTPA
D3,PH_pass,REACTIVE_OXYGEN_SPECIES_PATHWAY,2.0491202516253,5.5497777305748e-05,PDLIM1
D3,PH_pass,REACTIVE_OXYGEN_SPECIES_PATHWAY,2.0491202516253,5.5497777305748e-05,STK25
D3,PH_pass,REACTIVE_OXYGEN_SPECIES_PATHWAY,2.0491202516253,5.5497777305748e-05,OXSR1
D3,PH_pass,REACTIVE_OXYGEN_SPECIES_PATHWAY,2.0491202516253,5.5497777305748e-05,NDUFS2
D3,PH_pass,REACTIVE_OXYGEN_SPECIES_PATHWAY,2.0491202516253,5.5497777305748e-05,MBP
D3,PH_pass,SPERMATOGENESIS,0.945741935475095,0.64210929232432,PGS1
D3,PH_pass,SPERMATOGENESIS,0.945741935475095,0.64210929232432,AGFG1
D3,PH_pass,SPERMATOGENESIS,0.945741935475095,0.64210929232432,TLE4
D3,PH_pass,SPERMATOGENESIS,0.945741935475095,0.64210929232432,CCNA1
D3,PH_pass,SPERMATOGENESIS,0.945741935475095,0.64210929232432,TALDO1
D3,PH_pass,SPERMATOGENESIS,0.945741935475095,0.64210929232432,DMC1
D3,PH_pass,SPERMATOGENESIS,0.945741935475095,0.64210929232432,AURKA
D3,PH_pass,SPERMATOGENESIS,0.945741935475095,0.64210929232432,PRKAR2A
D3,PH_pass,SPERMATOGENESIS,0.945741935475095,0.64210929232432,H1-6
D3,PH_pass,SPERMATOGENESIS,0.945741935475095,0.64210929232432,IP6K1
D3,PH_pass,SPERMATOGENESIS,0.945741935475095,0.64210929232432,CDKN3
D3,PH_pass,SPERMATOGENESIS,0.945741935475095,0.64210929232432,BRAF
D3,PH_pass,SPERMATOGENESIS,0.945741935475095,0.64210929232432,ARL4A
D3,PH_pass,SPERMATOGENESIS,0.945741935475095,0.64210929232432,CLVS1
D3,PH_pass,TGF_BETA_SIGNALING,1.83190375997912,0.000994990853956781,FKBP1A
D3,PH_pass,TGF_BETA_SIGNALING,1.83190375997912,0.000994990853956781,RAB31
D3,PH_pass,TGF_BETA_SIGNALING,1.83190375997912,0.000994990853956781,FURIN
D3,PH_pass,TGF_BETA_SIGNALING,1.83190375997912,0.000994990853956781,IFNGR2
D3,PH_pass,TGF_BETA_SIGNALING,1.83190375997912,0.000994990853956781,ID1
D3,PH_pass,TGF_BETA_SIGNALING,1.83190375997912,0.000994990853956781,UBE2D3
D3,PH_pass,TGF_BETA_SIGNALING,1.83190375997912,0.000994990853956781,TGFBR1
D3,PH_pass,TGF_BETA_SIGNALING,1.83190375997912,0.000994990853956781,JUNB
D3,PH_pass,TGF_BETA_SIGNALING,1.83190375997912,0.000994990853956781,PPP1R15A
D3,PH_pass,TGF_BETA_SIGNALING,1.83190375997912,0.000994990853956781,BMP2
D3,PH_pass,TGF_BETA_SIGNALING,1.83190375997912,0.000994990853956781,SPTBN1
D3,PH_pass,TGF_BETA_SIGNALING,1.83190375997912,0.000994990853956781,SKIL
D3,PH_pass,TGF_BETA_SIGNALING,1.83190375997912,0.000994990853956781,TGFB1
D3,PH_pass,TGF_BETA_SIGNALING,1.83190375997912,0.000994990853956781,RHOA
D3,PH_pass,TGF_BETA_SIGNALING,1.83190375997912,0.000994990853956781,HIPK2
D3,PH_pass,TGF_BETA_SIGNALING,1.83190375997912,0.000994990853956781,SMAD1
D3,PH_pass,TGF_BETA_SIGNALING,1.83190375997912,0.000994990853956781,CTNNB1
D3,PH_pass,TGF_BETA_SIGNALING,1.83190375997912,0.000994990853956781,TGIF1
D3,PH_pass,TGF_BETA_SIGNALING,1.83190375997912,0.000994990853956781,CDH1
D3,PH_pass,TGF_BETA_SIGNALING,1.83190375997912,0.000994990853956781,THBS1
D3,PH_pass,TGF_BETA_SIGNALING,1.83190375997912,0.000994990853956781,PPM1A
D3,PH_pass,TGF_BETA_SIGNALING,1.83190375997912,0.000994990853956781,PPP1CA
D3,PH_pass,TNFA_SIGNALING_VIA_NFKB,2.13656739986016,5.58250917142467e-11,PFKFB3
D3,PH_pass,TNFA_SIGNALING_VIA_NFKB,2.13656739986016,5.58250917142467e-11,LITAF
D3,PH_pass,TNFA_SIGNALING_VIA_NFKB,2.13656739986016,5.58250917142467e-11,GADD45A
D3,PH_pass,TNFA_SIGNALING_VIA_NFKB,2.13656739986016,5.58250917142467e-11,GADD45B
D3,PH_pass,TNFA_SIGNALING_VIA_NFKB,2.13656739986016,5.58250917142467e-11,BCL2A1
D3,PH_pass,TNFA_SIGNALING_VIA_NFKB,2.13656739986016,5.58250917142467e-11,SLC2A3
D3,PH_pass,TNFA_SIGNALING_VIA_NFKB,2.13656739986016,5.58250917142467e-11,SOCS3
D3,PH_pass,TNFA_SIGNALING_VIA_NFKB,2.13656739986016,5.58250917142467e-11,TRIB1
D3,PH_pass,TNFA_SIGNALING_VIA_NFKB,2.13656739986016,5.58250917142467e-11,NFIL3
D3,PH_pass,TNFA_SIGNALING_VIA_NFKB,2.13656739986016,5.58250917142467e-11,KLF6
D3,PH_pass,TNFA_SIGNALING_VIA_NFKB,2.13656739986016,5.58250917142467e-11,B4GALT5
D3,PH_pass,TNFA_SIGNALING_VIA_NFKB,2.13656739986016,5.58250917142467e-11,MAP2K3
D3,PH_pass,TNFA_SIGNALING_VIA_NFKB,2.13656739986016,5.58250917142467e-11,MARCKS
D3,PH_pass,TNFA_SIGNALING_VIA_NFKB,2.13656739986016,5.58250917142467e-11,IER3
D3,PH_pass,TNFA_SIGNALING_VIA_NFKB,2.13656739986016,5.58250917142467e-11,FOSL2
D3,PH_pass,TNFA_SIGNALING_VIA_NFKB,2.13656739986016,5.58250917142467e-11,BCL6
D3,PH_pass,TNFA_SIGNALING_VIA_NFKB,2.13656739986016,5.58250917142467e-11,BCL3
D3,PH_pass,TNFA_SIGNALING_VIA_NFKB,2.13656739986016,5.58250917142467e-11,CXCL1
D3,PH_pass,TNFA_SIGNALING_VIA_NFKB,2.13656739986016,5.58250917142467e-11,PNRC1
D3,PH_pass,TNFA_SIGNALING_VIA_NFKB,2.13656739986016,5.58250917142467e-11,PLPP3
D3,PH_pass,TNFA_SIGNALING_VIA_NFKB,2.13656739986016,5.58250917142467e-11,IFNGR2
D3,PH_pass,TNFA_SIGNALING_VIA_NFKB,2.13656739986016,5.58250917142467e-11,MXD1
D3,PH_pass,TNFA_SIGNALING_VIA_NFKB,2.13656739986016,5.58250917142467e-11,ZC3H12A
D3,PH_pass,TNFA_SIGNALING_VIA_NFKB,2.13656739986016,5.58250917142467e-11,ETS2
D3,PH_pass,TNFA_SIGNALING_VIA_NFKB,2.13656739986016,5.58250917142467e-11,JUNB
D3,PH_pass,TNFA_SIGNALING_VIA_NFKB,2.13656739986016,5.58250917142467e-11,CEBPB
D3,PH_pass,TNFA_SIGNALING_VIA_NFKB,2.13656739986016,5.58250917142467e-11,LAMB3
D3,PH_pass,TNFA_SIGNALING_VIA_NFKB,2.13656739986016,5.58250917142467e-11,PPP1R15A
D3,PH_pass,TNFA_SIGNALING_VIA_NFKB,2.13656739986016,5.58250917142467e-11,NFKBIA
D3,PH_pass,TNFA_SIGNALING_VIA_NFKB,2.13656739986016,5.58250917142467e-11,IRS2
D3,PH_pass,TNFA_SIGNALING_VIA_NFKB,2.13656739986016,5.58250917142467e-11,DRAM1
D3,PH_pass,TNFA_SIGNALING_VIA_NFKB,2.13656739986016,5.58250917142467e-11,TIPARP
D3,PH_pass,TNFA_SIGNALING_VIA_NFKB,2.13656739986016,5.58250917142467e-11,DUSP1
D3,PH_pass,TNFA_SIGNALING_VIA_NFKB,2.13656739986016,5.58250917142467e-11,JAG1
D3,PH_pass,TNFA_SIGNALING_VIA_NFKB,2.13656739986016,5.58250917142467e-11,TNIP1
D3,PH_pass,TNFA_SIGNALING_VIA_NFKB,2.13656739986016,5.58250917142467e-11,BMP2
D3,PH_pass,TNFA_SIGNALING_VIA_NFKB,2.13656739986016,5.58250917142467e-11,CSF1
D3,PH_pass,TNFA_SIGNALING_VIA_NFKB,2.13656739986016,5.58250917142467e-11,ZFP36
D3,PH_pass,TNFA_SIGNALING_VIA_NFKB,2.13656739986016,5.58250917142467e-11,CD44
D3,PH_pass,TNFA_SIGNALING_VIA_NFKB,2.13656739986016,5.58250917142467e-11,SERPINB2
D3,PH_pass,TNFA_SIGNALING_VIA_NFKB,2.13656739986016,5.58250917142467e-11,CEBPD
D3,PH_pass,TNFA_SIGNALING_VIA_NFKB,2.13656739986016,5.58250917142467e-11,PLAU
D3,PH_pass,TNFA_SIGNALING_VIA_NFKB,2.13656739986016,5.58250917142467e-11,VEGFA
D3,PH_pass,TNFA_SIGNALING_VIA_NFKB,2.13656739986016,5.58250917142467e-11,SAT1
D3,PH_pass,TNFA_SIGNALING_VIA_NFKB,2.13656739986016,5.58250917142467e-11,FOS
D3,PH_pass,TNFA_SIGNALING_VIA_NFKB,2.13656739986016,5.58250917142467e-11,EFNA1
D3,PH_pass,TNFA_SIGNALING_VIA_NFKB,2.13656739986016,5.58250917142467e-11,PHLDA1
D3,PH_pass,TNFA_SIGNALING_VIA_NFKB,2.13656739986016,5.58250917142467e-11,EHD1
D3,PH_pass,TNFA_SIGNALING_VIA_NFKB,2.13656739986016,5.58250917142467e-11,PTPRE
D3,PH_pass,TNFA_SIGNALING_VIA_NFKB,2.13656739986016,5.58250917142467e-11,PER1
D3,PH_pass,TNFA_SIGNALING_VIA_NFKB,2.13656739986016,5.58250917142467e-11,NINJ1
D3,PH_pass,TNFA_SIGNALING_VIA_NFKB,2.13656739986016,5.58250917142467e-11,F2RL1
D3,PH_pass,TNFA_SIGNALING_VIA_NFKB,2.13656739986016,5.58250917142467e-11,MAP3K8
D3,PH_pass,TNFA_SIGNALING_VIA_NFKB,2.13656739986016,5.58250917142467e-11,IER2
D3,PH_pass,TNFA_SIGNALING_VIA_NFKB,2.13656739986016,5.58250917142467e-11,IL18
D3,PH_pass,TNFA_SIGNALING_VIA_NFKB,2.13656739986016,5.58250917142467e-11,DENND5A
D3,PH_pass,TNFA_SIGNALING_VIA_NFKB,2.13656739986016,5.58250917142467e-11,MAFF
D3,PH_pass,TNFA_SIGNALING_VIA_NFKB,2.13656739986016,5.58250917142467e-11,NAMPT
D3,PH_pass,TNFA_SIGNALING_VIA_NFKB,2.13656739986016,5.58250917142467e-11,BTG2
D3,PH_pass,TNFA_SIGNALING_VIA_NFKB,2.13656739986016,5.58250917142467e-11,RHOB
D3,PH_pass,TNFA_SIGNALING_VIA_NFKB,2.13656739986016,5.58250917142467e-11,LDLR
D3,PH_pass,TNFA_SIGNALING_VIA_NFKB,2.13656739986016,5.58250917142467e-11,STAT5A
D3,PH_pass,TNFA_SIGNALING_VIA_NFKB,2.13656739986016,5.58250917142467e-11,PTX3
D3,PH_pass,TNFA_SIGNALING_VIA_NFKB,2.13656739986016,5.58250917142467e-11,TGIF1
D3,PH_pass,TNFA_SIGNALING_VIA_NFKB,2.13656739986016,5.58250917142467e-11,EGR1
D3,PH_pass,TNFA_SIGNALING_VIA_NFKB,2.13656739986016,5.58250917142467e-11,PLEK
D3,PH_pass,TNFA_SIGNALING_VIA_NFKB,2.13656739986016,5.58250917142467e-11,G0S2
D3,PH_pass,TNFA_SIGNALING_VIA_NFKB,2.13656739986016,5.58250917142467e-11,RCAN1
D3,PH_pass,TNFA_SIGNALING_VIA_NFKB,2.13656739986016,5.58250917142467e-11,CCNL1
D3,PH_pass,TNFA_SIGNALING_VIA_NFKB,2.13656739986016,5.58250917142467e-11,AREG
D3,PH_pass,TNFA_SIGNALING_VIA_NFKB,2.13656739986016,5.58250917142467e-11,TNFAIP6
D3,PH_pass,TNFA_SIGNALING_VIA_NFKB,2.13656739986016,5.58250917142467e-11,KDM6B
D3,PH_pass,TNFA_SIGNALING_VIA_NFKB,2.13656739986016,5.58250917142467e-11,KLF9
D3,PH_pass,TNFA_SIGNALING_VIA_NFKB,2.13656739986016,5.58250917142467e-11,TLR2
D3,PH_pass,TNFA_SIGNALING_VIA_NFKB,2.13656739986016,5.58250917142467e-11,SDC4
D3,PH_pass,TNFA_SIGNALING_VIA_NFKB,2.13656739986016,5.58250917142467e-11,TNIP2
D3,PH_pass,TNFA_SIGNALING_VIA_NFKB,2.13656739986016,5.58250917142467e-11,TUBB2A
D3,PH_pass,TNFA_SIGNALING_VIA_NFKB,2.13656739986016,5.58250917142467e-11,SERPINB8
D3,PH_pass,TNFA_SIGNALING_VIA_NFKB,2.13656739986016,5.58250917142467e-11,RELA
D3,PH_pass,TNFA_SIGNALING_VIA_NFKB,2.13656739986016,5.58250917142467e-11,IRF1
D3,PH_pass,TNFA_SIGNALING_VIA_NFKB,2.13656739986016,5.58250917142467e-11,CFLAR
D3,PH_pass,TNFA_SIGNALING_VIA_NFKB,2.13656739986016,5.58250917142467e-11,PDLIM5
D3,PH_pass,TNFA_SIGNALING_VIA_NFKB,2.13656739986016,5.58250917142467e-11,INHBA
D3,PH_pass,TNFA_SIGNALING_VIA_NFKB,2.13656739986016,5.58250917142467e-11,RELB
D3,PH_pass,TNFA_SIGNALING_VIA_NFKB,2.13656739986016,5.58250917142467e-11,EIF1
D3,PH_pass,TNFA_SIGNALING_VIA_NFKB,2.13656739986016,5.58250917142467e-11,SQSTM1
D3,PH_pass,TNFA_SIGNALING_VIA_NFKB,2.13656739986016,5.58250917142467e-11,NFKB1
D3,PH_pass,TNFA_SIGNALING_VIA_NFKB,2.13656739986016,5.58250917142467e-11,CCRL2
D3,PH_pass,TNFA_SIGNALING_VIA_NFKB,2.13656739986016,5.58250917142467e-11,RNF19B
D3,PH_pass,TNFA_SIGNALING_VIA_NFKB,2.13656739986016,5.58250917142467e-11,PTGS2
D3,PH_pass,TNFA_SIGNALING_VIA_NFKB,2.13656739986016,5.58250917142467e-11,YRDC
D3,PH_pass,UNFOLDED_PROTEIN_RESPONSE,-0.868977922957798,0.846363636363636,FUS
D3,PH_pass,UNFOLDED_PROTEIN_RESPONSE,-0.868977922957798,0.846363636363636,NOP56
D3,PH_pass,UNFOLDED_PROTEIN_RESPONSE,-0.868977922957798,0.846363636363636,NOP14
D3,PH_pass,UNFOLDED_PROTEIN_RESPONSE,-0.868977922957798,0.846363636363636,EXOSC10
D3,PH_pass,UNFOLDED_PROTEIN_RESPONSE,-0.868977922957798,0.846363636363636,HSPA9
D3,PH_pass,UNFOLDED_PROTEIN_RESPONSE,-0.868977922957798,0.846363636363636,IARS1
D3,PH_pass,UNFOLDED_PROTEIN_RESPONSE,-0.868977922957798,0.846363636363636,PARN
D3,PH_pass,UNFOLDED_PROTEIN_RESPONSE,-0.868977922957798,0.846363636363636,SKIC3
D3,PH_pass,UNFOLDED_PROTEIN_RESPONSE,-0.868977922957798,0.846363636363636,DKC1
D3,PH_pass,UNFOLDED_PROTEIN_RESPONSE,-0.868977922957798,0.846363636363636,CNOT2
D3,PH_pass,UNFOLDED_PROTEIN_RESPONSE,-0.868977922957798,0.846363636363636,NPM1
D3,PH_pass,UNFOLDED_PROTEIN_RESPONSE,-0.868977922957798,0.846363636363636,EIF2AK3
D3,PH_pass,UNFOLDED_PROTEIN_RESPONSE,-0.868977922957798,0.846363636363636,IMP3
D3,PH_pass,UNFOLDED_PROTEIN_RESPONSE,-0.868977922957798,0.846363636363636,SDAD1
D3,PH_pass,UNFOLDED_PROTEIN_RESPONSE,-0.868977922957798,0.846363636363636,EXOSC2
D3,PH_pass,UNFOLDED_PROTEIN_RESPONSE,-0.868977922957798,0.846363636363636,EXOSC9
D3,PH_pass,UNFOLDED_PROTEIN_RESPONSE,-0.868977922957798,0.846363636363636,HSP90B1
D3,PH_pass,UNFOLDED_PROTEIN_RESPONSE,-0.868977922957798,0.846363636363636,DDX10
D3,PH_pass,UNFOLDED_PROTEIN_RESPONSE,-0.868977922957798,0.846363636363636,TSPYL2
D3,PH_pass,UNFOLDED_PROTEIN_RESPONSE,-0.868977922957798,0.846363636363636,EDEM1
D3,PH_pass,UNFOLDED_PROTEIN_RESPONSE,-0.868977922957798,0.846363636363636,SLC1A4
D3,PH_pass,UNFOLDED_PROTEIN_RESPONSE,-0.868977922957798,0.846363636363636,XPOT
D3,PH_pass,UNFOLDED_PROTEIN_RESPONSE,-0.868977922957798,0.846363636363636,LSM4
D3,PH_pass,UNFOLDED_PROTEIN_RESPONSE,-0.868977922957798,0.846363636363636,ALDH18A1
D3,PH_pass,UNFOLDED_PROTEIN_RESPONSE,-0.868977922957798,0.846363636363636,MTREX
D3,PH_pass,UNFOLDED_PROTEIN_RESPONSE,-0.868977922957798,0.846363636363636,GEMIN4
D3,PH_pass,UNFOLDED_PROTEIN_RESPONSE,-0.868977922957798,0.846363636363636,SEC31A
D3,PH_pass,UV_RESPONSE_DN,1.34948046710972,0.0666172290198987,MAPK14
D3,PH_pass,UV_RESPONSE_DN,1.34948046710972,0.0666172290198987,PTGFR
D3,PH_pass,UV_RESPONSE_DN,1.34948046710972,0.0666172290198987,PPARG
D3,PH_pass,UV_RESPONSE_DN,1.34948046710972,0.0666172290198987,DLC1
D3,PH_pass,UV_RESPONSE_DN,1.34948046710972,0.0666172290198987,CDKN1B
D3,PH_pass,UV_RESPONSE_DN,1.34948046710972,0.0666172290198987,GCNT1
D3,PH_pass,UV_RESPONSE_DN,1.34948046710972,0.0666172290198987,ATP2B4
D3,PH_pass,UV_RESPONSE_DN,1.34948046710972,0.0666172290198987,PLPP3
D3,PH_pass,UV_RESPONSE_DN,1.34948046710972,0.0666172290198987,ID1
D3,PH_pass,UV_RESPONSE_DN,1.34948046710972,0.0666172290198987,CITED2
D3,PH_pass,UV_RESPONSE_DN,1.34948046710972,0.0666172290198987,DUSP1
D3,PH_pass,UV_RESPONSE_DN,1.34948046710972,0.0666172290198987,RASA2
D3,PH_pass,UV_RESPONSE_DN,1.34948046710972,0.0666172290198987,PTEN
D3,PH_pass,UV_RESPONSE_DN,1.34948046710972,0.0666172290198987,ATXN1
D3,PH_pass,UV_RESPONSE_DN,1.34948046710972,0.0666172290198987,VLDLR
D3,PH_pass,UV_RESPONSE_DN,1.34948046710972,0.0666172290198987,SRI
D3,PH_pass,UV_RESPONSE_DN,1.34948046710972,0.0666172290198987,IGF1R
D3,PH_pass,UV_RESPONSE_DN,1.34948046710972,0.0666172290198987,ADD3
D3,PH_pass,UV_RESPONSE_DN,1.34948046710972,0.0666172290198987,SCN8A
D3,PH_pass,UV_RESPONSE_DN,1.34948046710972,0.0666172290198987,APBB2
D3,PH_pass,UV_RESPONSE_DN,1.34948046710972,0.0666172290198987,NR3C1
D3,PH_pass,UV_RESPONSE_DN,1.34948046710972,0.0666172290198987,PIK3CD
D3,PH_pass,UV_RESPONSE_DN,1.34948046710972,0.0666172290198987,LDLR
D3,PH_pass,UV_RESPONSE_DN,1.34948046710972,0.0666172290198987,RXRA
D3,PH_pass,UV_RESPONSE_DN,1.34948046710972,0.0666172290198987,SYNE1
D3,PH_pass,UV_RESPONSE_DN,1.34948046710972,0.0666172290198987,WDR37
D3,PH_pass,UV_RESPONSE_DN,1.34948046710972,0.0666172290198987,FHL2
D3,PH_pass,UV_RESPONSE_DN,1.34948046710972,0.0666172290198987,NFIB
D3,PH_pass,UV_RESPONSE_UP,1.75064738227381,0.000213791769399391,TUBA4A
D3,PH_pass,UV_RESPONSE_UP,1.75064738227381,0.000213791769399391,CCND3
D3,PH_pass,UV_RESPONSE_UP,1.75064738227381,0.000213791769399391,ARRB2
D3,PH_pass,UV_RESPONSE_UP,1.75064738227381,0.000213791769399391,ATP6V1C1
D3,PH_pass,UV_RESPONSE_UP,1.75064738227381,0.000213791769399391,GRINA
D3,PH_pass,UV_RESPONSE_UP,1.75064738227381,0.000213791769399391,ALAS1
D3,PH_pass,UV_RESPONSE_UP,1.75064738227381,0.000213791769399391,FURIN
D3,PH_pass,UV_RESPONSE_UP,1.75064738227381,0.000213791769399391,ALDOA
D3,PH_pass,UV_RESPONSE_UP,1.75064738227381,0.000213791769399391,CA2
D3,PH_pass,UV_RESPONSE_UP,1.75064738227381,0.000213791769399391,UROD
D3,PH_pass,UV_RESPONSE_UP,1.75064738227381,0.000213791769399391,JUNB
D3,PH_pass,UV_RESPONSE_UP,1.75064738227381,0.000213791769399391,NFKBIA
D3,PH_pass,UV_RESPONSE_UP,1.75064738227381,0.000213791769399391,CYB5R1
D3,PH_pass,UV_RESPONSE_UP,1.75064738227381,0.000213791769399391,CDC34
D3,PH_pass,UV_RESPONSE_UP,1.75064738227381,0.000213791769399391,LYN
D3,PH_pass,UV_RESPONSE_UP,1.75064738227381,0.000213791769399391,BMP2
D3,PH_pass,UV_RESPONSE_UP,1.75064738227381,0.000213791769399391,RAB27A
D3,PH_pass,UV_RESPONSE_UP,1.75064738227381,0.000213791769399391,BSG
D3,PH_pass,UV_RESPONSE_UP,1.75064738227381,0.000213791769399391,PRKCD
D3,PH_pass,UV_RESPONSE_UP,1.75064738227381,0.000213791769399391,TFRC
D3,PH_pass,UV_RESPONSE_UP,1.75064738227381,0.000213791769399391,GGH
D3,PH_pass,UV_RESPONSE_UP,1.75064738227381,0.000213791769399391,GRPEL1
D3,PH_pass,UV_RESPONSE_UP,1.75064738227381,0.000213791769399391,SULT1A1
D3,PH_pass,UV_RESPONSE_UP,1.75064738227381,0.000213791769399391,ACAA1
D3,PH_pass,UV_RESPONSE_UP,1.75064738227381,0.000213791769399391,FOS
D3,PH_pass,UV_RESPONSE_UP,1.75064738227381,0.000213791769399391,SHOX2
D3,PH_pass,UV_RESPONSE_UP,1.75064738227381,0.000213791769399391,BTG2
D3,PH_pass,UV_RESPONSE_UP,1.75064738227381,0.000213791769399391,MAOA
D3,PH_pass,UV_RESPONSE_UP,1.75064738227381,0.000213791769399391,AP2S1
D3,PH_pass,UV_RESPONSE_UP,1.75064738227381,0.000213791769399391,SLC6A8
D3,PH_pass,UV_RESPONSE_UP,1.75064738227381,0.000213791769399391,RHOB
D3,PH_pass,UV_RESPONSE_UP,1.75064738227381,0.000213791769399391,KCNH2
D3,PH_pass,UV_RESPONSE_UP,1.75064738227381,0.000213791769399391,PDAP1
D3,PH_pass,UV_RESPONSE_UP,1.75064738227381,0.000213791769399391,STARD3
D3,PH_pass,UV_RESPONSE_UP,1.75064738227381,0.000213791769399391,WIZ
D3,PH_pass,UV_RESPONSE_UP,1.75064738227381,0.000213791769399391,PRKACA
D3,PH_pass,UV_RESPONSE_UP,1.75064738227381,0.000213791769399391,NUP58
D3,PH_pass,UV_RESPONSE_UP,1.75064738227381,0.000213791769399391,TST
D3,PH_pass,UV_RESPONSE_UP,1.75064738227381,0.000213791769399391,RXRB
D3,PH_pass,UV_RESPONSE_UP,1.75064738227381,0.000213791769399391,DGAT1
D3,PH_pass,UV_RESPONSE_UP,1.75064738227381,0.000213791769399391,KLHDC3
D3,PH_pass,UV_RESPONSE_UP,1.75064738227381,0.000213791769399391,TMBIM6
D3,PH_pass,UV_RESPONSE_UP,1.75064738227381,0.000213791769399391,HYAL2
D3,PH_pass,UV_RESPONSE_UP,1.75064738227381,0.000213791769399391,IRF1
D3,PH_pass,UV_RESPONSE_UP,1.75064738227381,0.000213791769399391,HMOX1
D3,PH_pass,UV_RESPONSE_UP,1.75064738227381,0.000213791769399391,MARK2
D3,PH_pass,UV_RESPONSE_UP,1.75064738227381,0.000213791769399391,APOM
D3,PH_pass,UV_RESPONSE_UP,1.75064738227381,0.000213791769399391,SQSTM1
D3,PH_pass,UV_RESPONSE_UP,1.75064738227381,0.000213791769399391,TARS1
D3,PH_pass,UV_RESPONSE_UP,1.75064738227381,0.000213791769399391,NAT1
D3,PH_pass,UV_RESPONSE_UP,1.75064738227381,0.000213791769399391,ATP6V1F
D3,PH_pass,UV_RESPONSE_UP,1.75064738227381,0.000213791769399391,MGAT1
D3,PH_pass,UV_RESPONSE_UP,1.75064738227381,0.000213791769399391,ICAM1
D3,PH_pass,UV_RESPONSE_UP,1.75064738227381,0.000213791769399391,DNAJA1
D3,PH_pass,UV_RESPONSE_UP,1.75064738227381,0.000213791769399391,H2AX
D3,PH_pass,UV_RESPONSE_UP,1.75064738227381,0.000213791769399391,BTG1
D3,PH_pass,UV_RESPONSE_UP,1.75064738227381,0.000213791769399391,PPT1
D3,PH_pass,UV_RESPONSE_UP,1.75064738227381,0.000213791769399391,TAP1
D3,PH_pass,UV_RESPONSE_UP,1.75064738227381,0.000213791769399391,CLCN2
D3,PH_pass,UV_RESPONSE_UP,1.75064738227381,0.000213791769399391,DNAJB1
D3,PH_pass,UV_RESPONSE_UP,1.75064738227381,0.000213791769399391,ATF3
D3,PH_pass,UV_RESPONSE_UP,1.75064738227381,0.000213791769399391,STK25
D3,PH_pass,UV_RESPONSE_UP,1.75064738227381,0.000213791769399391,CLTB
D3,PH_pass,WNT_BETA_CATENIN_SIGNALING,-1.24716653873046,0.196343766864544,SKP2
D3,PH_pass,WNT_BETA_CATENIN_SIGNALING,-1.24716653873046,0.196343766864544,LEF1
D3,PH_pass,WNT_BETA_CATENIN_SIGNALING,-1.24716653873046,0.196343766864544,TCF7
D3,PH_pass,WNT_BETA_CATENIN_SIGNALING,-1.24716653873046,0.196343766864544,PTCH1
D3,PH_pass,WNT_BETA_CATENIN_SIGNALING,-1.24716653873046,0.196343766864544,CUL1
D3,PH_pass,WNT_BETA_CATENIN_SIGNALING,-1.24716653873046,0.196343766864544,PSEN2
D3,PH_pass,XENOBIOTIC_METABOLISM,1.58727258622609,0.00238847828750811,PGD
D3,PH_pass,XENOBIOTIC_METABOLISM,1.58727258622609,0.00238847828750811,UPP1
D3,PH_pass,XENOBIOTIC_METABOLISM,1.58727258622609,0.00238847828750811,DDAH2
D3,PH_pass,XENOBIOTIC_METABOLISM,1.58727258622609,0.00238847828750811,POR
D3,PH_pass,XENOBIOTIC_METABOLISM,1.58727258622609,0.00238847828750811,PINK1
D3,PH_pass,XENOBIOTIC_METABOLISM,1.58727258622609,0.00238847828750811,GSR
D3,PH_pass,XENOBIOTIC_METABOLISM,1.58727258622609,0.00238847828750811,CDA
D3,PH_pass,XENOBIOTIC_METABOLISM,1.58727258622609,0.00238847828750811,TNFRSF1A
D3,PH_pass,XENOBIOTIC_METABOLISM,1.58727258622609,0.00238847828750811,ARG1
D3,PH_pass,XENOBIOTIC_METABOLISM,1.58727258622609,0.00238847828750811,ALAS1
D3,PH_pass,XENOBIOTIC_METABOLISM,1.58727258622609,0.00238847828750811,SMOX
D3,PH_pass,XENOBIOTIC_METABOLISM,1.58727258622609,0.00238847828750811,AQP9
D3,PH_pass,XENOBIOTIC_METABOLISM,1.58727258622609,0.00238847828750811,ETS2
D3,PH_pass,XENOBIOTIC_METABOLISM,1.58727258622609,0.00238847828750811,GABARAPL1
D3,PH_pass,XENOBIOTIC_METABOLISM,1.58727258622609,0.00238847828750811,CA2
D3,PH_pass,XENOBIOTIC_METABOLISM,1.58727258622609,0.00238847828750811,RAP1GAP
D3,PH_pass,XENOBIOTIC_METABOLISM,1.58727258622609,0.00238847828750811,TPST1
D3,PH_pass,XENOBIOTIC_METABOLISM,1.58727258622609,0.00238847828750811,PTGR1
D3,PH_pass,XENOBIOTIC_METABOLISM,1.58727258622609,0.00238847828750811,ARG2
D3,PH_pass,XENOBIOTIC_METABOLISM,1.58727258622609,0.00238847828750811,DHRS7
D3,PH_pass,XENOBIOTIC_METABOLISM,1.58727258622609,0.00238847828750811,VNN1
D3,PH_pass,XENOBIOTIC_METABOLISM,1.58727258622609,0.00238847828750811,ACOX1
D3,PH_pass,XENOBIOTIC_METABOLISM,1.58727258622609,0.00238847828750811,MARCHF6
D3,PH_pass,XENOBIOTIC_METABOLISM,1.58727258622609,0.00238847828750811,SLC6A6
D3,PH_pass,XENOBIOTIC_METABOLISM,1.58727258622609,0.00238847828750811,FAH
D3,PH_pass,XENOBIOTIC_METABOLISM,1.58727258622609,0.00238847828750811,NINJ1
D3,PH_pass,XENOBIOTIC_METABOLISM,1.58727258622609,0.00238847828750811,PYCR1
D3,PH_pass,XENOBIOTIC_METABOLISM,1.58727258622609,0.00238847828750811,MAOA
D3,PH_pass,XENOBIOTIC_METABOLISM,1.58727258622609,0.00238847828750811,UPB1
D3,PH_pass,XENOBIOTIC_METABOLISM,1.58727258622609,0.00238847828750811,GSTO1
D3,PH_pass,XENOBIOTIC_METABOLISM,1.58727258622609,0.00238847828750811,CES1
D3,PH_pass,XENOBIOTIC_METABOLISM,1.58727258622609,0.00238847828750811,BLVRB
D3,PH_pass,XENOBIOTIC_METABOLISM,1.58727258622609,0.00238847828750811,SLC1A5
D3,PH_pass,XENOBIOTIC_METABOLISM,1.58727258622609,0.00238847828750811,GCNT2
D3,PH_pass,XENOBIOTIC_METABOLISM,1.58727258622609,0.00238847828750811,CYFIP2
D3,PH_pass,XENOBIOTIC_METABOLISM,1.58727258622609,0.00238847828750811,ELOVL5
D3,PH_pass,XENOBIOTIC_METABOLISM,1.58727258622609,0.00238847828750811,TMBIM6
D3,PH_pass,XENOBIOTIC_METABOLISM,1.58727258622609,0.00238847828750811,LPIN2
D3,PH_pass,XENOBIOTIC_METABOLISM,1.58727258622609,0.00238847828750811,PDLIM5
D3,PH_pass,XENOBIOTIC_METABOLISM,1.58727258622609,0.00238847828750811,HMOX1
D3,PH_pass,XENOBIOTIC_METABOLISM,1.58727258622609,0.00238847828750811,IL1R1
D3,PH_pass,XENOBIOTIC_METABOLISM,1.58727258622609,0.00238847828750811,SERTAD1
D5,Primary,ADIPOGENESIS,-0.842850732348807,0.924298752933932,NDUFAB1
D5,Primary,ADIPOGENESIS,-0.842850732348807,0.924298752933932,MRPL15
D5,Primary,ADIPOGENESIS,-0.842850732348807,0.924298752933932,ATP5PO
D5,Primary,ADIPOGENESIS,-0.842850732348807,0.924298752933932,DLAT
D5,Primary,ADIPOGENESIS,-0.842850732348807,0.924298752933932,ECHS1
D5,Primary,ADIPOGENESIS,-0.842850732348807,0.924298752933932,AK2
D5,Primary,ADIPOGENESIS,-0.842850732348807,0.924298752933932,NDUFS3
D5,Primary,ADIPOGENESIS,-0.842850732348807,0.924298752933932,SLC66A3
D5,Primary,ADIPOGENESIS,-0.842850732348807,0.924298752933932,ACAA2
D5,Primary,ADIPOGENESIS,-0.842850732348807,0.924298752933932,DBT
D5,Primary,ADIPOGENESIS,-0.842850732348807,0.924298752933932,DNAJB9
D5,Primary,ADIPOGENESIS,-0.842850732348807,0.924298752933932,HADH
D5,Primary,ADIPOGENESIS,-0.842850732348807,0.924298752933932,ATP1B3
D5,Primary,ADIPOGENESIS,-0.842850732348807,0.924298752933932,MAP4K3
D5,Primary,ADIPOGENESIS,-0.842850732348807,0.924298752933932,ENPP2
D5,Primary,ADIPOGENESIS,-0.842850732348807,0.924298752933932,PDCD4
D5,Primary,ADIPOGENESIS,-0.842850732348807,0.924298752933932,IMMT
D5,Primary,ADIPOGENESIS,-0.842850732348807,0.924298752933932,SCP2
D5,Primary,ADIPOGENESIS,-0.842850732348807,0.924298752933932,PHYH
D5,Primary,ADIPOGENESIS,-0.842850732348807,0.924298752933932,EPHX2
D5,Primary,ADIPOGENESIS,-0.842850732348807,0.924298752933932,ANGPT1
D5,Primary,ADIPOGENESIS,-0.842850732348807,0.924298752933932,JAGN1
D5,Primary,ADIPOGENESIS,-0.842850732348807,0.924298752933932,ESYT1
D5,Primary,ADIPOGENESIS,-0.842850732348807,0.924298752933932,PTCD3
D5,Primary,ADIPOGENESIS,-0.842850732348807,0.924298752933932,DNAJC15
D5,Primary,ADIPOGENESIS,-0.842850732348807,0.924298752933932,ACADM
D5,Primary,ADIPOGENESIS,-0.842850732348807,0.924298752933932,SLC25A10
D5,Primary,ADIPOGENESIS,-0.842850732348807,0.924298752933932,NDUFA5
D5,Primary,ADIPOGENESIS,-0.842850732348807,0.924298752933932,REEP5
D5,Primary,ADIPOGENESIS,-0.842850732348807,0.924298752933932,SSPN
D5,Primary,ALLOGRAFT_REJECTION,-1.48616253396557,0.00941629553128753,HLA-DRA
D5,Primary,ALLOGRAFT_REJECTION,-1.48616253396557,0.00941629553128753,NPM1
D5,Primary,ALLOGRAFT_REJECTION,-1.48616253396557,0.00941629553128753,ABCE1
D5,Primary,ALLOGRAFT_REJECTION,-1.48616253396557,0.00941629553128753,RPS3A
D5,Primary,ALLOGRAFT_REJECTION,-1.48616253396557,0.00941629553128753,LY75
D5,Primary,ALLOGRAFT_REJECTION,-1.48616253396557,0.00941629553128753,HLA-DMB
D5,Primary,ALLOGRAFT_REJECTION,-1.48616253396557,0.00941629553128753,HLA-DMA
D5,Primary,ALLOGRAFT_REJECTION,-1.48616253396557,0.00941629553128753,ITK
D5,Primary,ALLOGRAFT_REJECTION,-1.48616253396557,0.00941629553128753,CD3D
D5,Primary,ALLOGRAFT_REJECTION,-1.48616253396557,0.00941629553128753,SIT1
D5,Primary,ALLOGRAFT_REJECTION,-1.48616253396557,0.00941629553128753,TRAT1
D5,Primary,ALLOGRAFT_REJECTION,-1.48616253396557,0.00941629553128753,CD3G
D5,Primary,ALLOGRAFT_REJECTION,-1.48616253396557,0.00941629553128753,EIF3A
D5,Primary,ALLOGRAFT_REJECTION,-1.48616253396557,0.00941629553128753,CD86
D5,Primary,ALLOGRAFT_REJECTION,-1.48616253396557,0.00941629553128753,DARS1
D5,Primary,ALLOGRAFT_REJECTION,-1.48616253396557,0.00941629553128753,RPL9
D5,Primary,ALLOGRAFT_REJECTION,-1.48616253396557,0.00941629553128753,CTSS
D5,Primary,ALLOGRAFT_REJECTION,-1.48616253396557,0.00941629553128753,CD28
D5,Primary,ALLOGRAFT_REJECTION,-1.48616253396557,0.00941629553128753,UBE2N
D5,Primary,ALLOGRAFT_REJECTION,-1.48616253396557,0.00941629553128753,RPL39
D5,Primary,ALLOGRAFT_REJECTION,-1.48616253396557,0.00941629553128753,CCND2
D5,Primary,ALLOGRAFT_REJECTION,-1.48616253396557,0.00941629553128753,CD4
D5,Primary,ALLOGRAFT_REJECTION,-1.48616253396557,0.00941629553128753,IL7
D5,Primary,ALLOGRAFT_REJECTION,-1.48616253396557,0.00941629553128753,ETS1
D5,Primary,ALLOGRAFT_REJECTION,-1.48616253396557,0.00941629553128753,HLA-DOA
D5,Primary,ALLOGRAFT_REJECTION,-1.48616253396557,0.00941629553128753,LY86
D5,Primary,ALLOGRAFT_REJECTION,-1.48616253396557,0.00941629553128753,CD40LG
D5,Primary,ALLOGRAFT_REJECTION,-1.48616253396557,0.00941629553128753,RPS19
D5,Primary,ALLOGRAFT_REJECTION,-1.48616253396557,0.00941629553128753,EIF3D
D5,Primary,ALLOGRAFT_REJECTION,-1.48616253396557,0.00941629553128753,HDAC9
D5,Primary,ALLOGRAFT_REJECTION,-1.48616253396557,0.00941629553128753,CD8B
D5,Primary,ALLOGRAFT_REJECTION,-1.48616253396557,0.00941629553128753,TNF
D5,Primary,ALLOGRAFT_REJECTION,-1.48616253396557,0.00941629553128753,LCK
D5,Primary,ALLOGRAFT_REJECTION,-1.48616253396557,0.00941629553128753,IRF8
D5,Primary,ALLOGRAFT_REJECTION,-1.48616253396557,0.00941629553128753,IRF4
D5,Primary,ALLOGRAFT_REJECTION,-1.48616253396557,0.00941629553128753,CD74
D5,Primary,ALLOGRAFT_REJECTION,-1.48616253396557,0.00941629553128753,RIPK2
D5,Primary,ALLOGRAFT_REJECTION,-1.48616253396557,0.00941629553128753,HLA-DQA1
D5,Primary,ALLOGRAFT_REJECTION,-1.48616253396557,0.00941629553128753,CCR2
D5,Primary,ALLOGRAFT_REJECTION,-1.48616253396557,0.00941629553128753,FCGR2B
D5,Primary,ALLOGRAFT_REJECTION,-1.48616253396557,0.00941629553128753,MRPL3
D5,Primary,ALLOGRAFT_REJECTION,-1.48616253396557,0.00941629553128753,CD2
D5,Primary,ALLOGRAFT_REJECTION,-1.48616253396557,0.00941629553128753,STAT4
D5,Primary,ALLOGRAFT_REJECTION,-1.48616253396557,0.00941629553128753,ZAP70
D5,Primary,ALLOGRAFT_REJECTION,-1.48616253396557,0.00941629553128753,CD8A
D5,Primary,ALLOGRAFT_REJECTION,-1.48616253396557,0.00941629553128753,NME1
D5,Primary,ALLOGRAFT_REJECTION,-1.48616253396557,0.00941629553128753,CD3E
D5,Primary,ALLOGRAFT_REJECTION,-1.48616253396557,0.00941629553128753,CD79A
D5,Primary,ALLOGRAFT_REJECTION,-1.48616253396557,0.00941629553128753,IL15
D5,Primary,ANDROGEN_RESPONSE,1.35359925996968,0.102575207983686,FKBP5
D5,Primary,ANDROGEN_RESPONSE,1.35359925996968,0.102575207983686,NDRG1
D5,Primary,ANDROGEN_RESPONSE,1.35359925996968,0.102575207983686,CAMKK2
D5,Primary,ANDROGEN_RESPONSE,1.35359925996968,0.102575207983686,GSR
D5,Primary,ANDROGEN_RESPONSE,1.35359925996968,0.102575207983686,CCND3
D5,Primary,ANDROGEN_RESPONSE,1.35359925996968,0.102575207983686,HPGD
D5,Primary,ANDROGEN_RESPONSE,1.35359925996968,0.102575207983686,PTK2B
D5,Primary,ANDROGEN_RESPONSE,1.35359925996968,0.102575207983686,SLC38A2
D5,Primary,ANDROGEN_RESPONSE,1.35359925996968,0.102575207983686,HERC3
D5,Primary,ANDROGEN_RESPONSE,1.35359925996968,0.102575207983686,ACTN1
D5,Primary,ANDROGEN_RESPONSE,1.35359925996968,0.102575207983686,MAK
D5,Primary,ANDROGEN_RESPONSE,1.35359925996968,0.102575207983686,RPS6KA3
D5,Primary,ANDROGEN_RESPONSE,1.35359925996968,0.102575207983686,IQGAP2
D5,Primary,ANDROGEN_RESPONSE,1.35359925996968,0.102575207983686,ACSL3
D5,Primary,ANDROGEN_RESPONSE,1.35359925996968,0.102575207983686,IDI1
D5,Primary,ANDROGEN_RESPONSE,1.35359925996968,0.102575207983686,MERTK
D5,Primary,ANDROGEN_RESPONSE,1.35359925996968,0.102575207983686,MYL12A
D5,Primary,ANDROGEN_RESPONSE,1.35359925996968,0.102575207983686,ARID5B
D5,Primary,ANGIOGENESIS,0.587533439159886,0.969400462551148,LRPAP1
D5,Primary,ANGIOGENESIS,0.587533439159886,0.969400462551148,JAG1
D5,Primary,ANGIOGENESIS,0.587533439159886,0.969400462551148,FGFR1
D5,Primary,ANGIOGENESIS,0.587533439159886,0.969400462551148,PGLYRP1
D5,Primary,ANGIOGENESIS,0.587533439159886,0.969400462551148,APP
D5,Primary,ANGIOGENESIS,0.587533439159886,0.969400462551148,S100A4
D5,Primary,ANGIOGENESIS,0.587533439159886,0.969400462551148,TIMP1
D5,Primary,ANGIOGENESIS,0.587533439159886,0.969400462551148,FSTL1
D5,Primary,ANGIOGENESIS,0.587533439159886,0.969400462551148,VEGFA
D5,Primary,ANGIOGENESIS,0.587533439159886,0.969400462551148,PF4
D5,Primary,APICAL_JUNCTION,1.56856372937783,0.00941629553128753,MAPK14
D5,Primary,APICAL_JUNCTION,1.56856372937783,0.00941629553128753,SIRPA
D5,Primary,APICAL_JUNCTION,1.56856372937783,0.00941629553128753,ADAM9
D5,Primary,APICAL_JUNCTION,1.56856372937783,0.00941629553128753,PIK3CB
D5,Primary,APICAL_JUNCTION,1.56856372937783,0.00941629553128753,SKAP2
D5,Primary,APICAL_JUNCTION,1.56856372937783,0.00941629553128753,MMP9
D5,Primary,APICAL_JUNCTION,1.56856372937783,0.00941629553128753,CAP1
D5,Primary,APICAL_JUNCTION,1.56856372937783,0.00941629553128753,ALOX15B
D5,Primary,APICAL_JUNCTION,1.56856372937783,0.00941629553128753,ACTN1
D5,Primary,APICAL_JUNCTION,1.56856372937783,0.00941629553128753,MAPK13
D5,Primary,APICAL_JUNCTION,1.56856372937783,0.00941629553128753,PTEN
D5,Primary,APICAL_JUNCTION,1.56856372937783,0.00941629553128753,NF1
D5,Primary,APICAL_JUNCTION,1.56856372937783,0.00941629553128753,ITGA10
D5,Primary,APICAL_JUNCTION,1.56856372937783,0.00941629553128753,THBS3
D5,Primary,APICAL_JUNCTION,1.56856372937783,0.00941629553128753,RAC2
D5,Primary,APICAL_JUNCTION,1.56856372937783,0.00941629553128753,VASP
D5,Primary,APICAL_JUNCTION,1.56856372937783,0.00941629553128753,SYK
D5,Primary,APICAL_JUNCTION,1.56856372937783,0.00941629553128753,CD274
D5,Primary,APICAL_JUNCTION,1.56856372937783,0.00941629553128753,MAP3K20
D5,Primary,APICAL_JUNCTION,1.56856372937783,0.00941629553128753,IKBKG
D5,Primary,APICAL_JUNCTION,1.56856372937783,0.00941629553128753,ZYX
D5,Primary,APICAL_JUNCTION,1.56856372937783,0.00941629553128753,PTPRC
D5,Primary,APICAL_JUNCTION,1.56856372937783,0.00941629553128753,ACTB
D5,Primary,APICAL_JUNCTION,1.56856372937783,0.00941629553128753,CNN2
D5,Primary,APICAL_JUNCTION,1.56856372937783,0.00941629553128753,PCDH1
D5,Primary,APICAL_JUNCTION,1.56856372937783,0.00941629553128753,B4GALT1
D5,Primary,APICAL_JUNCTION,1.56856372937783,0.00941629553128753,COL17A1
D5,Primary,APICAL_JUNCTION,1.56856372937783,0.00941629553128753,MYH9
D5,Primary,APICAL_JUNCTION,1.56856372937783,0.00941629553128753,FYB1
D5,Primary,APICAL_JUNCTION,1.56856372937783,0.00941629553128753,RASA1
D5,Primary,APICAL_JUNCTION,1.56856372937783,0.00941629553128753,ICAM5
D5,Primary,APICAL_JUNCTION,1.56856372937783,0.00941629553128753,PBX2
D5,Primary,APICAL_JUNCTION,1.56856372937783,0.00941629553128753,INPPL1
D5,Primary,APICAL_JUNCTION,1.56856372937783,0.00941629553128753,ARPC2
D5,Primary,APICAL_JUNCTION,1.56856372937783,0.00941629553128753,CTNNA1
D5,Primary,APICAL_JUNCTION,1.56856372937783,0.00941629553128753,STX4
D5,Primary,APICAL_JUNCTION,1.56856372937783,0.00941629553128753,CLDN15
D5,Primary,APICAL_JUNCTION,1.56856372937783,0.00941629553128753,NECTIN2
D5,Primary,APICAL_JUNCTION,1.56856372937783,0.00941629553128753,CLDN9
D5,Primary,APICAL_JUNCTION,1.56856372937783,0.00941629553128753,ACTN4
D5,Primary,APICAL_JUNCTION,1.56856372937783,0.00941629553128753,MSN
D5,Primary,APICAL_JUNCTION,1.56856372937783,0.00941629553128753,GNAI2
D5,Primary,APICAL_JUNCTION,1.56856372937783,0.00941629553128753,SHC1
D5,Primary,APICAL_JUNCTION,1.56856372937783,0.00941629553128753,ICAM1
D5,Primary,APICAL_JUNCTION,1.56856372937783,0.00941629553128753,YWHAH
D5,Primary,APICAL_JUNCTION,1.56856372937783,0.00941629553128753,TUBG1
D5,Primary,APICAL_JUNCTION,1.56856372937783,0.00941629553128753,TAOK2
D5,Primary,APICAL_JUNCTION,1.56856372937783,0.00941629553128753,VCL
D5,Primary,APICAL_JUNCTION,1.56856372937783,0.00941629553128753,MPZL1
D5,Primary,APICAL_JUNCTION,1.56856372937783,0.00941629553128753,KCNH2
D5,Primary,APICAL_JUNCTION,1.56856372937783,0.00941629553128753,MYH10
D5,Primary,APICAL_JUNCTION,1.56856372937783,0.00941629553128753,PARD6G
D5,Primary,APICAL_JUNCTION,1.56856372937783,0.00941629553128753,BAIAP2
D5,Primary,APICAL_SURFACE,1.09325902396773,0.443269155742821,FLOT2
D5,Primary,APICAL_SURFACE,1.09325902396773,0.443269155742821,LYN
D5,Primary,APICAL_SURFACE,1.09325902396773,0.443269155742821,PCSK9
D5,Primary,APICAL_SURFACE,1.09325902396773,0.443269155742821,CRYBG1
D5,Primary,APICAL_SURFACE,1.09325902396773,0.443269155742821,NCOA6
D5,Primary,APICAL_SURFACE,1.09325902396773,0.443269155742821,B4GALT1
D5,Primary,APICAL_SURFACE,1.09325902396773,0.443269155742821,DCBLD2
D5,Primary,APICAL_SURFACE,1.09325902396773,0.443269155742821,SLC2A4
D5,Primary,APICAL_SURFACE,1.09325902396773,0.443269155742821,BRCA1
D5,Primary,APICAL_SURFACE,1.09325902396773,0.443269155742821,ADIPOR2
D5,Primary,APICAL_SURFACE,1.09325902396773,0.443269155742821,APP
D5,Primary,APICAL_SURFACE,1.09325902396773,0.443269155742821,HSPB1
D5,Primary,APICAL_SURFACE,1.09325902396773,0.443269155742821,IL2RG
D5,Primary,APOPTOSIS,1.13350390309143,0.312393095941533,GADD45A
D5,Primary,APOPTOSIS,1.13350390309143,0.312393095941533,CFLAR
D5,Primary,APOPTOSIS,1.13350390309143,0.312393095941533,GSR
D5,Primary,APOPTOSIS,1.13350390309143,0.312393095941533,RNASEL
D5,Primary,APOPTOSIS,1.13350390309143,0.312393095941533,HGF
D5,Primary,APOPTOSIS,1.13350390309143,0.312393095941533,IGF2R
D5,Primary,APOPTOSIS,1.13350390309143,0.312393095941533,ADD1
D5,Primary,APOPTOSIS,1.13350390309143,0.312393095941533,TIMP2
D5,Primary,APOPTOSIS,1.13350390309143,0.312393095941533,GSN
D5,Primary,APOPTOSIS,1.13350390309143,0.312393095941533,RARA
D5,Primary,APOPTOSIS,1.13350390309143,0.312393095941533,PSEN1
D5,Primary,APOPTOSIS,1.13350390309143,0.312393095941533,CREBBP
D5,Primary,APOPTOSIS,1.13350390309143,0.312393095941533,FAS
D5,Primary,APOPTOSIS,1.13350390309143,0.312393095941533,ROCK1
D5,Primary,APOPTOSIS,1.13350390309143,0.312393095941533,CCNA1
D5,Primary,APOPTOSIS,1.13350390309143,0.312393095941533,IFITM3
D5,Primary,APOPTOSIS,1.13350390309143,0.312393095941533,EMP1
D5,Primary,APOPTOSIS,1.13350390309143,0.312393095941533,CD44
D5,Primary,APOPTOSIS,1.13350390309143,0.312393095941533,HMGB2
D5,Primary,APOPTOSIS,1.13350390309143,0.312393095941533,CASP4
D5,Primary,APOPTOSIS,1.13350390309143,0.312393095941533,NEDD9
D5,Primary,APOPTOSIS,1.13350390309143,0.312393095941533,DPYD
D5,Primary,APOPTOSIS,1.13350390309143,0.312393095941533,IFNGR1
D5,Primary,APOPTOSIS,1.13350390309143,0.312393095941533,PPP2R5B
D5,Primary,APOPTOSIS,1.13350390309143,0.312393095941533,CTNNB1
D5,Primary,APOPTOSIS,1.13350390309143,0.312393095941533,CLU
D5,Primary,APOPTOSIS,1.13350390309143,0.312393095941533,CDKN1B
D5,Primary,APOPTOSIS,1.13350390309143,0.312393095941533,XIAP
D5,Primary,APOPTOSIS,1.13350390309143,0.312393095941533,CASP2
D5,Primary,APOPTOSIS,1.13350390309143,0.312393095941533,TSPO
D5,Primary,APOPTOSIS,1.13350390309143,0.312393095941533,DNAJC3
D5,Primary,APOPTOSIS,1.13350390309143,0.312393095941533,GADD45B
D5,Primary,APOPTOSIS,1.13350390309143,0.312393095941533,TNFSF10
D5,Primary,APOPTOSIS,1.13350390309143,0.312393095941533,IER3
D5,Primary,APOPTOSIS,1.13350390309143,0.312393095941533,TXNIP
D5,Primary,APOPTOSIS,1.13350390309143,0.312393095941533,BCAP31
D5,Primary,APOPTOSIS,1.13350390309143,0.312393095941533,PPP3R1
D5,Primary,APOPTOSIS,1.13350390309143,0.312393095941533,IRF1
D5,Primary,APOPTOSIS,1.13350390309143,0.312393095941533,ANXA1
D5,Primary,APOPTOSIS,1.13350390309143,0.312393095941533,TAP1
D5,Primary,APOPTOSIS,1.13350390309143,0.312393095941533,GNA15
D5,Primary,APOPTOSIS,1.13350390309143,0.312393095941533,BRCA1
D5,Primary,APOPTOSIS,1.13350390309143,0.312393095941533,GPX3
D5,Primary,APOPTOSIS,1.13350390309143,0.312393095941533,F2R
D5,Primary,APOPTOSIS,1.13350390309143,0.312393095941533,APP
D5,Primary,APOPTOSIS,1.13350390309143,0.312393095941533,BCL2L1
D5,Primary,APOPTOSIS,1.13350390309143,0.312393095941533,CASP8
D5,Primary,APOPTOSIS,1.13350390309143,0.312393095941533,DNAJA1
D5,Primary,APOPTOSIS,1.13350390309143,0.312393095941533,CTH
D5,Primary,APOPTOSIS,1.13350390309143,0.312393095941533,TIMP1
D5,Primary,APOPTOSIS,1.13350390309143,0.312393095941533,CASP9
D5,Primary,APOPTOSIS,1.13350390309143,0.312393095941533,CASP1
D5,Primary,APOPTOSIS,1.13350390309143,0.312393095941533,PLCB2
D5,Primary,APOPTOSIS,1.13350390309143,0.312393095941533,HSPB1
D5,Primary,BILE_ACID_METABOLISM,-1.08165512420141,0.43187874998139,ABCD2
D5,Primary,BILE_ACID_METABOLISM,-1.08165512420141,0.43187874998139,CYP27A1
D5,Primary,BILE_ACID_METABOLISM,-1.08165512420141,0.43187874998139,NR3C2
D5,Primary,BILE_ACID_METABOLISM,-1.08165512420141,0.43187874998139,HACL1
D5,Primary,BILE_ACID_METABOLISM,-1.08165512420141,0.43187874998139,PAOX
D5,Primary,BILE_ACID_METABOLISM,-1.08165512420141,0.43187874998139,SLC23A2
D5,Primary,BILE_ACID_METABOLISM,-1.08165512420141,0.43187874998139,PEX12
D5,Primary,BILE_ACID_METABOLISM,-1.08165512420141,0.43187874998139,EFHC1
D5,Primary,BILE_ACID_METABOLISM,-1.08165512420141,0.43187874998139,LCK
D5,Primary,BILE_ACID_METABOLISM,-1.08165512420141,0.43187874998139,SCP2
D5,Primary,BILE_ACID_METABOLISM,-1.08165512420141,0.43187874998139,SLC35B2
D5,Primary,BILE_ACID_METABOLISM,-1.08165512420141,0.43187874998139,PHYH
D5,Primary,BILE_ACID_METABOLISM,-1.08165512420141,0.43187874998139,EPHX2
D5,Primary,BILE_ACID_METABOLISM,-1.08165512420141,0.43187874998139,IDH2
D5,Primary,BILE_ACID_METABOLISM,-1.08165512420141,0.43187874998139,HSD17B4
D5,Primary,BILE_ACID_METABOLISM,-1.08165512420141,0.43187874998139,PEX7
D5,Primary,BILE_ACID_METABOLISM,-1.08165512420141,0.43187874998139,ACSL5
D5,Primary,BILE_ACID_METABOLISM,-1.08165512420141,0.43187874998139,SOD1
D5,Primary,BILE_ACID_METABOLISM,-1.08165512420141,0.43187874998139,SLC29A1
D5,Primary,BILE_ACID_METABOLISM,-1.08165512420141,0.43187874998139,TFCP2L1
D5,Primary,BILE_ACID_METABOLISM,-1.08165512420141,0.43187874998139,ABCD3
D5,Primary,BILE_ACID_METABOLISM,-1.08165512420141,0.43187874998139,PXMP2
D5,Primary,BILE_ACID_METABOLISM,-1.08165512420141,0.43187874998139,AMACR
D5,Primary,CHOLESTEROL_HOMEOSTASIS,1.57291832423411,0.0233813743764083,PLSCR1
D5,Primary,CHOLESTEROL_HOMEOSTASIS,1.57291832423411,0.0233813743764083,ABCA2
D5,Primary,CHOLESTEROL_HOMEOSTASIS,1.57291832423411,0.0233813743764083,NFIL3
D5,Primary,CHOLESTEROL_HOMEOSTASIS,1.57291832423411,0.0233813743764083,NIBAN1
D5,Primary,CHOLESTEROL_HOMEOSTASIS,1.57291832423411,0.0233813743764083,PDK3
D5,Primary,CHOLESTEROL_HOMEOSTASIS,1.57291832423411,0.0233813743764083,ALCAM
D5,Primary,CHOLESTEROL_HOMEOSTASIS,1.57291832423411,0.0233813743764083,LDLR
D5,Primary,CHOLESTEROL_HOMEOSTASIS,1.57291832423411,0.0233813743764083,IDI1
D5,Primary,CHOLESTEROL_HOMEOSTASIS,1.57291832423411,0.0233813743764083,ANTXR2
D5,Primary,CHOLESTEROL_HOMEOSTASIS,1.57291832423411,0.0233813743764083,PPARG
D5,Primary,CHOLESTEROL_HOMEOSTASIS,1.57291832423411,0.0233813743764083,S100A11
D5,Primary,CHOLESTEROL_HOMEOSTASIS,1.57291832423411,0.0233813743764083,PNRC1
D5,Primary,CHOLESTEROL_HOMEOSTASIS,1.57291832423411,0.0233813743764083,CHKA
D5,Primary,CHOLESTEROL_HOMEOSTASIS,1.57291832423411,0.0233813743764083,ACSS2
D5,Primary,CHOLESTEROL_HOMEOSTASIS,1.57291832423411,0.0233813743764083,DHCR7
D5,Primary,CHOLESTEROL_HOMEOSTASIS,1.57291832423411,0.0233813743764083,CTNNB1
D5,Primary,CHOLESTEROL_HOMEOSTASIS,1.57291832423411,0.0233813743764083,CLU
D5,Primary,CHOLESTEROL_HOMEOSTASIS,1.57291832423411,0.0233813743764083,JAG1
D5,Primary,CHOLESTEROL_HOMEOSTASIS,1.57291832423411,0.0233813743764083,FBXO6
D5,Primary,COAGULATION,1.27021708704192,0.159524045923193,ADAM9
D5,Primary,COAGULATION,1.27021708704192,0.159524045923193,MMP9
D5,Primary,COAGULATION,1.27021708704192,0.159524045923193,KLF7
D5,Primary,COAGULATION,1.27021708704192,0.159524045923193,FURIN
D5,Primary,COAGULATION,1.27021708704192,0.159524045923193,RAC1
D5,Primary,COAGULATION,1.27021708704192,0.159524045923193,GSN
D5,Primary,COAGULATION,1.27021708704192,0.159524045923193,SERPINA1
D5,Primary,COAGULATION,1.27021708704192,0.159524045923193,RABIF
D5,Primary,COAGULATION,1.27021708704192,0.159524045923193,CTSK
D5,Primary,COAGULATION,1.27021708704192,0.159524045923193,WDR1
D5,Primary,COAGULATION,1.27021708704192,0.159524045923193,HPN
D5,Primary,COAGULATION,1.27021708704192,0.159524045923193,F2RL2
D5,Primary,COAGULATION,1.27021708704192,0.159524045923193,SERPINE1
D5,Primary,COAGULATION,1.27021708704192,0.159524045923193,F12
D5,Primary,COAGULATION,1.27021708704192,0.159524045923193,C1R
D5,Primary,COAGULATION,1.27021708704192,0.159524045923193,CLU
D5,Primary,COAGULATION,1.27021708704192,0.159524045923193,LAMP2
D5,Primary,COAGULATION,1.27021708704192,0.159524045923193,MMP8
D5,Primary,COAGULATION,1.27021708704192,0.159524045923193,GNB2
D5,Primary,COAGULATION,1.27021708704192,0.159524045923193,THBS1
D5,Primary,COAGULATION,1.27021708704192,0.159524045923193,ANXA1
D5,Primary,COAGULATION,1.27021708704192,0.159524045923193,F8
D5,Primary,COAGULATION,1.27021708704192,0.159524045923193,FN1
D5,Primary,COAGULATION,1.27021708704192,0.159524045923193,PLAU
D5,Primary,COAGULATION,1.27021708704192,0.159524045923193,GP1BA
D5,Primary,COAGULATION,1.27021708704192,0.159524045923193,ITGB3
D5,Primary,COAGULATION,1.27021708704192,0.159524045923193,TIMP1
D5,Primary,COAGULATION,1.27021708704192,0.159524045923193,CASP9
D5,Primary,COAGULATION,1.27021708704192,0.159524045923193,P2RY1
D5,Primary,COAGULATION,1.27021708704192,0.159524045923193,CTSB
D5,Primary,COAGULATION,1.27021708704192,0.159524045923193,CFB
D5,Primary,COAGULATION,1.27021708704192,0.159524045923193,PEF1
D5,Primary,COAGULATION,1.27021708704192,0.159524045923193,SERPINB2
D5,Primary,COAGULATION,1.27021708704192,0.159524045923193,PLEK
D5,Primary,COAGULATION,1.27021708704192,0.159524045923193,CPQ
D5,Primary,COAGULATION,1.27021708704192,0.159524045923193,ISCU
D5,Primary,COAGULATION,1.27021708704192,0.159524045923193,SPARC
D5,Primary,COAGULATION,1.27021708704192,0.159524045923193,VWF
D5,Primary,COAGULATION,1.27021708704192,0.159524045923193,MST1
D5,Primary,COAGULATION,1.27021708704192,0.159524045923193,PF4
D5,Primary,COMPLEMENT,1.56024599719434,0.00582955878127514,ITGAM
D5,Primary,COMPLEMENT,1.56024599719434,0.00582955878127514,CR1
D5,Primary,COMPLEMENT,1.56024599719434,0.00582955878127514,ADAM9
D5,Primary,COMPLEMENT,1.56024599719434,0.00582955878127514,PLSCR1
D5,Primary,COMPLEMENT,1.56024599719434,0.00582955878127514,PIK3CG
D5,Primary,COMPLEMENT,1.56024599719434,0.00582955878127514,LCP2
D5,Primary,COMPLEMENT,1.56024599719434,0.00582955878127514,HSPA1A
D5,Primary,COMPLEMENT,1.56024599719434,0.00582955878127514,PRKCD
D5,Primary,COMPLEMENT,1.56024599719434,0.00582955878127514,DGKH
D5,Primary,COMPLEMENT,1.56024599719434,0.00582955878127514,LYN
D5,Primary,COMPLEMENT,1.56024599719434,0.00582955878127514,PCSK9
D5,Primary,COMPLEMENT,1.56024599719434,0.00582955878127514,IRF2
D5,Primary,COMPLEMENT,1.56024599719434,0.00582955878127514,TIMP2
D5,Primary,COMPLEMENT,1.56024599719434,0.00582955878127514,COL4A2
D5,Primary,COMPLEMENT,1.56024599719434,0.00582955878127514,CD55
D5,Primary,COMPLEMENT,1.56024599719434,0.00582955878127514,S100A12
D5,Primary,COMPLEMENT,1.56024599719434,0.00582955878127514,PSEN1
D5,Primary,COMPLEMENT,1.56024599719434,0.00582955878127514,RHOG
D5,Primary,COMPLEMENT,1.56024599719434,0.00582955878127514,SERPINA1
D5,Primary,COMPLEMENT,1.56024599719434,0.00582955878127514,PIM1
D5,Primary,COMPLEMENT,1.56024599719434,0.00582955878127514,CDK5R1
D5,Primary,COMPLEMENT,1.56024599719434,0.00582955878127514,GCA
D5,Primary,COMPLEMENT,1.56024599719434,0.00582955878127514,JAK2
D5,Primary,COMPLEMENT,1.56024599719434,0.00582955878127514,RAF1
D5,Primary,COMPLEMENT,1.56024599719434,0.00582955878127514,RABIF
D5,Primary,COMPLEMENT,1.56024599719434,0.00582955878127514,F5
D5,Primary,COMPLEMENT,1.56024599719434,0.00582955878127514,EHD1
D5,Primary,COMPLEMENT,1.56024599719434,0.00582955878127514,CD59
D5,Primary,COMPLEMENT,1.56024599719434,0.00582955878127514,USP15
D5,Primary,COMPLEMENT,1.56024599719434,0.00582955878127514,S100A9
D5,Primary,COMPLEMENT,1.56024599719434,0.00582955878127514,GRB2
D5,Primary,COMPLEMENT,1.56024599719434,0.00582955878127514,PIK3R5
D5,Primary,COMPLEMENT,1.56024599719434,0.00582955878127514,CA2
D5,Primary,COMPLEMENT,1.56024599719434,0.00582955878127514,CEBPB
D5,Primary,COMPLEMENT,1.56024599719434,0.00582955878127514,CASP4
D5,Primary,COMPLEMENT,1.56024599719434,0.00582955878127514,CDA
D5,Primary,COMPLEMENT,1.56024599719434,0.00582955878127514,VCPIP1
D5,Primary,COMPLEMENT,1.56024599719434,0.00582955878127514,MSRB1
D5,Primary,COMPLEMENT,1.56024599719434,0.00582955878127514,PIK3CA
D5,Primary,COMPLEMENT,1.56024599719434,0.00582955878127514,SERPINE1
D5,Primary,COMPLEMENT,1.56024599719434,0.00582955878127514,PRSS36
D5,Primary,COMPLEMENT,1.56024599719434,0.00582955878127514,C1R
D5,Primary,COMPLEMENT,1.56024599719434,0.00582955878127514,CLU
D5,Primary,COMPLEMENT,1.56024599719434,0.00582955878127514,BRPF3
D5,Primary,COMPLEMENT,1.56024599719434,0.00582955878127514,TNFAIP3
D5,Primary,COMPLEMENT,1.56024599719434,0.00582955878127514,AKAP10
D5,Primary,COMPLEMENT,1.56024599719434,0.00582955878127514,WAS
D5,Primary,COMPLEMENT,1.56024599719434,0.00582955878127514,LAMP2
D5,Primary,COMPLEMENT,1.56024599719434,0.00582955878127514,CPM
D5,Primary,COMPLEMENT,1.56024599719434,0.00582955878127514,GNAI3
D5,Primary,COMPLEMENT,1.56024599719434,0.00582955878127514,MMP8
D5,Primary,COMPLEMENT,1.56024599719434,0.00582955878127514,GNB2
D5,Primary,COMPLEMENT,1.56024599719434,0.00582955878127514,CTSD
D5,Primary,DNA_REPAIR,-1.623592292962,0.00292295890245397,RNMT
D5,Primary,DNA_REPAIR,-1.623592292962,0.00292295890245397,GTF2H1
D5,Primary,DNA_REPAIR,-1.623592292962,0.00292295890245397,GTF2H3
D5,Primary,DNA_REPAIR,-1.623592292962,0.00292295890245397,NUDT21
D5,Primary,DNA_REPAIR,-1.623592292962,0.00292295890245397,ERCC8
D5,Primary,DNA_REPAIR,-1.623592292962,0.00292295890245397,NELFCD
D5,Primary,DNA_REPAIR,-1.623592292962,0.00292295890245397,SRSF6
D5,Primary,DNA_REPAIR,-1.623592292962,0.00292295890245397,ADA
D5,Primary,DNA_REPAIR,-1.623592292962,0.00292295890245397,APRT
D5,Primary,DNA_REPAIR,-1.623592292962,0.00292295890245397,NCBP2
D5,Primary,DNA_REPAIR,-1.623592292962,0.00292295890245397,POLR2D
D5,Primary,DNA_REPAIR,-1.623592292962,0.00292295890245397,IMPDH2
D5,Primary,DNA_REPAIR,-1.623592292962,0.00292295890245397,DUT
D5,Primary,DNA_REPAIR,-1.623592292962,0.00292295890245397,POLR1H
D5,Primary,DNA_REPAIR,-1.623592292962,0.00292295890245397,ERCC4
D5,Primary,DNA_REPAIR,-1.623592292962,0.00292295890245397,LIG1
D5,Primary,DNA_REPAIR,-1.623592292962,0.00292295890245397,PCNA
D5,Primary,DNA_REPAIR,-1.623592292962,0.00292295890245397,SF3A3
D5,Primary,DNA_REPAIR,-1.623592292962,0.00292295890245397,ITPA
D5,Primary,DNA_REPAIR,-1.623592292962,0.00292295890245397,MRPL40
D5,Primary,DNA_REPAIR,-1.623592292962,0.00292295890245397,POLR2K
D5,Primary,DNA_REPAIR,-1.623592292962,0.00292295890245397,RFC3
D5,Primary,DNA_REPAIR,-1.623592292962,0.00292295890245397,POLR1C
D5,Primary,DNA_REPAIR,-1.623592292962,0.00292295890245397,POLR2C
D5,Primary,DNA_REPAIR,-1.623592292962,0.00292295890245397,RPA3
D5,Primary,DNA_REPAIR,-1.623592292962,0.00292295890245397,NFX1
D5,Primary,DNA_REPAIR,-1.623592292962,0.00292295890245397,UMPS
D5,Primary,DNA_REPAIR,-1.623592292962,0.00292295890245397,NME3
D5,Primary,DNA_REPAIR,-1.623592292962,0.00292295890245397,SEC61A1
D5,Primary,DNA_REPAIR,-1.623592292962,0.00292295890245397,ERCC3
D5,Primary,DNA_REPAIR,-1.623592292962,0.00292295890245397,AK3
D5,Primary,DNA_REPAIR,-1.623592292962,0.00292295890245397,EDF1
D5,Primary,DNA_REPAIR,-1.623592292962,0.00292295890245397,NME1
D5,Primary,DNA_REPAIR,-1.623592292962,0.00292295890245397,TMED2
D5,Primary,DNA_REPAIR,-1.623592292962,0.00292295890245397,PDE4B
D5,Primary,DNA_REPAIR,-1.623592292962,0.00292295890245397,GTF2A2
D5,Primary,DNA_REPAIR,-1.623592292962,0.00292295890245397,TP53
D5,Primary,DNA_REPAIR,-1.623592292962,0.00292295890245397,RFC4
D5,Primary,DNA_REPAIR,-1.623592292962,0.00292295890245397,TAF9
D5,Primary,DNA_REPAIR,-1.623592292962,0.00292295890245397,ERCC5
D5,Primary,E2F_TARGETS,-1.88748337101442,1.38080356824587e-05,SYNCRIP
D5,Primary,E2F_TARGETS,-1.88748337101442,1.38080356824587e-05,NOP56
D5,Primary,E2F_TARGETS,-1.88748337101442,1.38080356824587e-05,EED
D5,Primary,E2F_TARGETS,-1.88748337101442,1.38080356824587e-05,NUDT21
D5,Primary,E2F_TARGETS,-1.88748337101442,1.38080356824587e-05,MAD2L1
D5,Primary,E2F_TARGETS,-1.88748337101442,1.38080356824587e-05,RAN
D5,Primary,E2F_TARGETS,-1.88748337101442,1.38080356824587e-05,PPP1R8
D5,Primary,E2F_TARGETS,-1.88748337101442,1.38080356824587e-05,CNOT9
D5,Primary,E2F_TARGETS,-1.88748337101442,1.38080356824587e-05,MYC
D5,Primary,E2F_TARGETS,-1.88748337101442,1.38080356824587e-05,EIF2S1
D5,Primary,E2F_TARGETS,-1.88748337101442,1.38080356824587e-05,AK2
D5,Primary,E2F_TARGETS,-1.88748337101442,1.38080356824587e-05,PAICS
D5,Primary,E2F_TARGETS,-1.88748337101442,1.38080356824587e-05,KIF22
D5,Primary,E2F_TARGETS,-1.88748337101442,1.38080356824587e-05,SLBP
D5,Primary,E2F_TARGETS,-1.88748337101442,1.38080356824587e-05,STMN1
D5,Primary,E2F_TARGETS,-1.88748337101442,1.38080356824587e-05,SRSF2
D5,Primary,E2F_TARGETS,-1.88748337101442,1.38080356824587e-05,ASF1A
D5,Primary,E2F_TARGETS,-1.88748337101442,1.38080356824587e-05,PMS2
D5,Primary,E2F_TARGETS,-1.88748337101442,1.38080356824587e-05,TMPO
D5,Primary,E2F_TARGETS,-1.88748337101442,1.38080356824587e-05,DCTPP1
D5,Primary,E2F_TARGETS,-1.88748337101442,1.38080356824587e-05,DUT
D5,Primary,E2F_TARGETS,-1.88748337101442,1.38080356824587e-05,RAD50
D5,Primary,E2F_TARGETS,-1.88748337101442,1.38080356824587e-05,WDR90
D5,Primary,E2F_TARGETS,-1.88748337101442,1.38080356824587e-05,PHF5A
D5,Primary,E2F_TARGETS,-1.88748337101442,1.38080356824587e-05,LIG1
D5,Primary,E2F_TARGETS,-1.88748337101442,1.38080356824587e-05,PCNA
D5,Primary,E2F_TARGETS,-1.88748337101442,1.38080356824587e-05,PRDX4
D5,Primary,E2F_TARGETS,-1.88748337101442,1.38080356824587e-05,IPO7
D5,Primary,E2F_TARGETS,-1.88748337101442,1.38080356824587e-05,RFC3
D5,Primary,E2F_TARGETS,-1.88748337101442,1.38080356824587e-05,MLH1
D5,Primary,E2F_TARGETS,-1.88748337101442,1.38080356824587e-05,HNRNPD
D5,Primary,E2F_TARGETS,-1.88748337101442,1.38080356824587e-05,CSE1L
D5,Primary,E2F_TARGETS,-1.88748337101442,1.38080356824587e-05,RAD1
D5,Primary,E2F_TARGETS,-1.88748337101442,1.38080356824587e-05,RPA3
D5,Primary,E2F_TARGETS,-1.88748337101442,1.38080356824587e-05,CDC25B
D5,Primary,E2F_TARGETS,-1.88748337101442,1.38080356824587e-05,NUP205
D5,Primary,E2F_TARGETS,-1.88748337101442,1.38080356824587e-05,RBBP7
D5,Primary,E2F_TARGETS,-1.88748337101442,1.38080356824587e-05,CDK4
D5,Primary,E2F_TARGETS,-1.88748337101442,1.38080356824587e-05,NUP107
D5,Primary,E2F_TARGETS,-1.88748337101442,1.38080356824587e-05,DNMT1
D5,Primary,E2F_TARGETS,-1.88748337101442,1.38080356824587e-05,NME1
D5,Primary,E2F_TARGETS,-1.88748337101442,1.38080356824587e-05,TBRG4
D5,Primary,E2F_TARGETS,-1.88748337101442,1.38080356824587e-05,SMC3
D5,Primary,E2F_TARGETS,-1.88748337101442,1.38080356824587e-05,TP53
D5,Primary,E2F_TARGETS,-1.88748337101442,1.38080356824587e-05,RPA1
D5,Primary,E2F_TARGETS,-1.88748337101442,1.38080356824587e-05,ILF3
D5,Primary,E2F_TARGETS,-1.88748337101442,1.38080356824587e-05,MCM3
D5,Primary,E2F_TARGETS,-1.88748337101442,1.38080356824587e-05,CENPM
D5,Primary,E2F_TARGETS,-1.88748337101442,1.38080356824587e-05,NAP1L1
D5,Primary,E2F_TARGETS,-1.88748337101442,1.38080356824587e-05,PAN2
D5,Primary,E2F_TARGETS,-1.88748337101442,1.38080356824587e-05,XRCC6
D5,Primary,E2F_TARGETS,-1.88748337101442,1.38080356824587e-05,MRE11
D5,Primary,E2F_TARGETS,-1.88748337101442,1.38080356824587e-05,CTPS1
D5,Primary,E2F_TARGETS,-1.88748337101442,1.38080356824587e-05,SSRP1
D5,Primary,E2F_TARGETS,-1.88748337101442,1.38080356824587e-05,SMC1A
D5,Primary,E2F_TARGETS,-1.88748337101442,1.38080356824587e-05,RFC1
D5,Primary,E2F_TARGETS,-1.88748337101442,1.38080356824587e-05,TRA2B
D5,Primary,E2F_TARGETS,-1.88748337101442,1.38080356824587e-05,RANBP1
D5,Primary,E2F_TARGETS,-1.88748337101442,1.38080356824587e-05,CDK1
D5,Primary,E2F_TARGETS,-1.88748337101442,1.38080356824587e-05,MSH2
D5,Primary,E2F_TARGETS,-1.88748337101442,1.38080356824587e-05,SNRPB
D5,Primary,E2F_TARGETS,-1.88748337101442,1.38080356824587e-05,MCM5
D5,Primary,E2F_TARGETS,-1.88748337101442,1.38080356824587e-05,POLE
D5,Primary,E2F_TARGETS,-1.88748337101442,1.38080356824587e-05,SMC4
D5,Primary,E2F_TARGETS,-1.88748337101442,1.38080356824587e-05,ZW10
D5,Primary,E2F_TARGETS,-1.88748337101442,1.38080356824587e-05,RNASEH2A
D5,Primary,E2F_TARGETS,-1.88748337101442,1.38080356824587e-05,CKS1B
D5,Primary,E2F_TARGETS,-1.88748337101442,1.38080356824587e-05,CBX5
D5,Primary,E2F_TARGETS,-1.88748337101442,1.38080356824587e-05,SRSF1
D5,Primary,E2F_TARGETS,-1.88748337101442,1.38080356824587e-05,MTHFD2
D5,Primary,E2F_TARGETS,-1.88748337101442,1.38080356824587e-05,NOLC1
D5,Primary,E2F_TARGETS,-1.88748337101442,1.38080356824587e-05,POLD1
D5,Primary,E2F_TARGETS,-1.88748337101442,1.38080356824587e-05,DSCC1
D5,Primary,E2F_TARGETS,-1.88748337101442,1.38080356824587e-05,UBR7
D5,Primary,E2F_TARGETS,-1.88748337101442,1.38080356824587e-05,RRM2
D5,Primary,E2F_TARGETS,-1.88748337101442,1.38080356824587e-05,MCM7
D5,Primary,EPITHELIAL_MESENCHYMAL_TRANSITION,1.05349506756673,0.458508738496062,GADD45A
D5,Primary,EPITHELIAL_MESENCHYMAL_TRANSITION,1.05349506756673,0.458508738496062,BASP1
D5,Primary,EPITHELIAL_MESENCHYMAL_TRANSITION,1.05349506756673,0.458508738496062,COL4A2
D5,Primary,EPITHELIAL_MESENCHYMAL_TRANSITION,1.05349506756673,0.458508738496062,FBN2
D5,Primary,EPITHELIAL_MESENCHYMAL_TRANSITION,1.05349506756673,0.458508738496062,FAS
D5,Primary,EPITHELIAL_MESENCHYMAL_TRANSITION,1.05349506756673,0.458508738496062,PCOLCE2
D5,Primary,EPITHELIAL_MESENCHYMAL_TRANSITION,1.05349506756673,0.458508738496062,EFEMP2
D5,Primary,EPITHELIAL_MESENCHYMAL_TRANSITION,1.05349506756673,0.458508738496062,QSOX1
D5,Primary,EPITHELIAL_MESENCHYMAL_TRANSITION,1.05349506756673,0.458508738496062,CAPG
D5,Primary,EPITHELIAL_MESENCHYMAL_TRANSITION,1.05349506756673,0.458508738496062,CD59
D5,Primary,EPITHELIAL_MESENCHYMAL_TRANSITION,1.05349506756673,0.458508738496062,CD44
D5,Primary,EPITHELIAL_MESENCHYMAL_TRANSITION,1.05349506756673,0.458508738496062,NOTCH2
D5,Primary,EPITHELIAL_MESENCHYMAL_TRANSITION,1.05349506756673,0.458508738496062,COL7A1
D5,Primary,EPITHELIAL_MESENCHYMAL_TRANSITION,1.05349506756673,0.458508738496062,PFN2
D5,Primary,EPITHELIAL_MESENCHYMAL_TRANSITION,1.05349506756673,0.458508738496062,TGFB1
D5,Primary,EPITHELIAL_MESENCHYMAL_TRANSITION,1.05349506756673,0.458508738496062,SERPINE1
D5,Primary,EPITHELIAL_MESENCHYMAL_TRANSITION,1.05349506756673,0.458508738496062,AREG
D5,Primary,EPITHELIAL_MESENCHYMAL_TRANSITION,1.05349506756673,0.458508738496062,WIPF1
D5,Primary,EPITHELIAL_MESENCHYMAL_TRANSITION,1.05349506756673,0.458508738496062,COLGALT1
D5,Primary,EPITHELIAL_MESENCHYMAL_TRANSITION,1.05349506756673,0.458508738496062,TNFAIP3
D5,Primary,EPITHELIAL_MESENCHYMAL_TRANSITION,1.05349506756673,0.458508738496062,PDLIM4
D5,Primary,EPITHELIAL_MESENCHYMAL_TRANSITION,1.05349506756673,0.458508738496062,TPM1
D5,Primary,EPITHELIAL_MESENCHYMAL_TRANSITION,1.05349506756673,0.458508738496062,PLOD1
D5,Primary,EPITHELIAL_MESENCHYMAL_TRANSITION,1.05349506756673,0.458508738496062,COPA
D5,Primary,EPITHELIAL_MESENCHYMAL_TRANSITION,1.05349506756673,0.458508738496062,GADD45B
D5,Primary,EPITHELIAL_MESENCHYMAL_TRANSITION,1.05349506756673,0.458508738496062,COL6A3
D5,Primary,EPITHELIAL_MESENCHYMAL_TRANSITION,1.05349506756673,0.458508738496062,LOXL1
D5,Primary,EPITHELIAL_MESENCHYMAL_TRANSITION,1.05349506756673,0.458508738496062,THBS1
D5,Primary,EPITHELIAL_MESENCHYMAL_TRANSITION,1.05349506756673,0.458508738496062,ACTA2
D5,Primary,EPITHELIAL_MESENCHYMAL_TRANSITION,1.05349506756673,0.458508738496062,ANPEP
D5,Primary,EPITHELIAL_MESENCHYMAL_TRANSITION,1.05349506756673,0.458508738496062,ITGA5
D5,Primary,EPITHELIAL_MESENCHYMAL_TRANSITION,1.05349506756673,0.458508738496062,VIM
D5,Primary,ESTROGEN_RESPONSE_EARLY,1.37502066992804,0.0572057678165915,FKBP5
D5,Primary,ESTROGEN_RESPONSE_EARLY,1.37502066992804,0.0572057678165915,AFF1
D5,Primary,ESTROGEN_RESPONSE_EARLY,1.37502066992804,0.0572057678165915,IGF1R
D5,Primary,ESTROGEN_RESPONSE_EARLY,1.37502066992804,0.0572057678165915,SVIL
D5,Primary,ESTROGEN_RESPONSE_EARLY,1.37502066992804,0.0572057678165915,MREG
D5,Primary,ESTROGEN_RESPONSE_EARLY,1.37502066992804,0.0572057678165915,KAZN
D5,Primary,ESTROGEN_RESPONSE_EARLY,1.37502066992804,0.0572057678165915,MED13L
D5,Primary,ESTROGEN_RESPONSE_EARLY,1.37502066992804,0.0572057678165915,OLFML3
D5,Primary,ESTROGEN_RESPONSE_EARLY,1.37502066992804,0.0572057678165915,CA12
D5,Primary,ESTROGEN_RESPONSE_EARLY,1.37502066992804,0.0572057678165915,RARA
D5,Primary,ESTROGEN_RESPONSE_EARLY,1.37502066992804,0.0572057678165915,TTC39A
D5,Primary,ESTROGEN_RESPONSE_EARLY,1.37502066992804,0.0572057678165915,KDM4B
D5,Primary,ESTROGEN_RESPONSE_EARLY,1.37502066992804,0.0572057678165915,RAB31
D5,Primary,ESTROGEN_RESPONSE_EARLY,1.37502066992804,0.0572057678165915,SLC2A1
D5,Primary,ESTROGEN_RESPONSE_EARLY,1.37502066992804,0.0572057678165915,TIPARP
D5,Primary,ESTROGEN_RESPONSE_EARLY,1.37502066992804,0.0572057678165915,JAK2
D5,Primary,ESTROGEN_RESPONSE_EARLY,1.37502066992804,0.0572057678165915,SIAH2
D5,Primary,ESTROGEN_RESPONSE_EARLY,1.37502066992804,0.0572057678165915,GAB2
D5,Primary,ESTROGEN_RESPONSE_EARLY,1.37502066992804,0.0572057678165915,CHPT1
D5,Primary,ESTROGEN_RESPONSE_EARLY,1.37502066992804,0.0572057678165915,MINDY1
D5,Primary,ESTROGEN_RESPONSE_EARLY,1.37502066992804,0.0572057678165915,INHBB
D5,Primary,ESTROGEN_RESPONSE_EARLY,1.37502066992804,0.0572057678165915,FOXC1
D5,Primary,ESTROGEN_RESPONSE_EARLY,1.37502066992804,0.0572057678165915,RHOBTB3
D5,Primary,ESTROGEN_RESPONSE_EARLY,1.37502066992804,0.0572057678165915,TOB1
D5,Primary,ESTROGEN_RESPONSE_EARLY,1.37502066992804,0.0572057678165915,UGCG
D5,Primary,ESTROGEN_RESPONSE_EARLY,1.37502066992804,0.0572057678165915,CD44
D5,Primary,ESTROGEN_RESPONSE_EARLY,1.37502066992804,0.0572057678165915,ANXA9
D5,Primary,ESTROGEN_RESPONSE_EARLY,1.37502066992804,0.0572057678165915,FHL2
D5,Primary,ESTROGEN_RESPONSE_EARLY,1.37502066992804,0.0572057678165915,GLA
D5,Primary,ESTROGEN_RESPONSE_EARLY,1.37502066992804,0.0572057678165915,CANT1
D5,Primary,ESTROGEN_RESPONSE_EARLY,1.37502066992804,0.0572057678165915,AREG
D5,Primary,ESTROGEN_RESPONSE_EARLY,1.37502066992804,0.0572057678165915,TUBB2B
D5,Primary,ESTROGEN_RESPONSE_EARLY,1.37502066992804,0.0572057678165915,DHCR7
D5,Primary,ESTROGEN_RESPONSE_EARLY,1.37502066992804,0.0572057678165915,NADSYN1
D5,Primary,ESTROGEN_RESPONSE_EARLY,1.37502066992804,0.0572057678165915,B4GALT1
D5,Primary,ESTROGEN_RESPONSE_EARLY,1.37502066992804,0.0572057678165915,SH3BP5
D5,Primary,ESTROGEN_RESPONSE_EARLY,1.37502066992804,0.0572057678165915,FLNB
D5,Primary,ESTROGEN_RESPONSE_EARLY,1.37502066992804,0.0572057678165915,CISH
D5,Primary,ESTROGEN_RESPONSE_EARLY,1.37502066992804,0.0572057678165915,AMFR
D5,Primary,ESTROGEN_RESPONSE_EARLY,1.37502066992804,0.0572057678165915,DLC1
D5,Primary,ESTROGEN_RESPONSE_EARLY,1.37502066992804,0.0572057678165915,RAPGEFL1
D5,Primary,ESTROGEN_RESPONSE_EARLY,1.37502066992804,0.0572057678165915,BAG1
D5,Primary,ESTROGEN_RESPONSE_EARLY,1.37502066992804,0.0572057678165915,SLC7A5
D5,Primary,ESTROGEN_RESPONSE_EARLY,1.37502066992804,0.0572057678165915,TMEM164
D5,Primary,ESTROGEN_RESPONSE_EARLY,1.37502066992804,0.0572057678165915,KCNK5
D5,Primary,ESTROGEN_RESPONSE_EARLY,1.37502066992804,0.0572057678165915,MAST4
D5,Primary,ESTROGEN_RESPONSE_EARLY,1.37502066992804,0.0572057678165915,IL17RB
D5,Primary,ESTROGEN_RESPONSE_EARLY,1.37502066992804,0.0572057678165915,ALDH3B1
D5,Primary,ESTROGEN_RESPONSE_EARLY,1.37502066992804,0.0572057678165915,IL6ST
D5,Primary,ESTROGEN_RESPONSE_EARLY,1.37502066992804,0.0572057678165915,ABHD2
D5,Primary,ESTROGEN_RESPONSE_EARLY,1.37502066992804,0.0572057678165915,PODXL
D5,Primary,ESTROGEN_RESPONSE_EARLY,1.37502066992804,0.0572057678165915,SEMA3B
D5,Primary,ESTROGEN_RESPONSE_EARLY,1.37502066992804,0.0572057678165915,ELF3
D5,Primary,ESTROGEN_RESPONSE_EARLY,1.37502066992804,0.0572057678165915,ADD3
D5,Primary,ESTROGEN_RESPONSE_EARLY,1.37502066992804,0.0572057678165915,ITPK1
D5,Primary,ESTROGEN_RESPONSE_EARLY,1.37502066992804,0.0572057678165915,TGM2
D5,Primary,ESTROGEN_RESPONSE_EARLY,1.37502066992804,0.0572057678165915,SLC24A3
D5,Primary,ESTROGEN_RESPONSE_EARLY,1.37502066992804,0.0572057678165915,ELF1
D5,Primary,ESTROGEN_RESPONSE_EARLY,1.37502066992804,0.0572057678165915,MAPT
D5,Primary,ESTROGEN_RESPONSE_EARLY,1.37502066992804,0.0572057678165915,ARL3
D5,Primary,ESTROGEN_RESPONSE_EARLY,1.37502066992804,0.0572057678165915,ABAT
D5,Primary,ESTROGEN_RESPONSE_LATE,1.06854169632649,0.441051158451252,ATP2B4
D5,Primary,ESTROGEN_RESPONSE_LATE,1.06854169632649,0.441051158451252,FKBP5
D5,Primary,ESTROGEN_RESPONSE_LATE,1.06854169632649,0.441051158451252,AFF1
D5,Primary,ESTROGEN_RESPONSE_LATE,1.06854169632649,0.441051158451252,MAPK13
D5,Primary,ESTROGEN_RESPONSE_LATE,1.06854169632649,0.441051158451252,CA12
D5,Primary,ESTROGEN_RESPONSE_LATE,1.06854169632649,0.441051158451252,RAB31
D5,Primary,ESTROGEN_RESPONSE_LATE,1.06854169632649,0.441051158451252,SERPINA1
D5,Primary,ESTROGEN_RESPONSE_LATE,1.06854169632649,0.441051158451252,JAK2
D5,Primary,ESTROGEN_RESPONSE_LATE,1.06854169632649,0.441051158451252,CCNA1
D5,Primary,ESTROGEN_RESPONSE_LATE,1.06854169632649,0.441051158451252,SIAH2
D5,Primary,ESTROGEN_RESPONSE_LATE,1.06854169632649,0.441051158451252,IMPA2
D5,Primary,ESTROGEN_RESPONSE_LATE,1.06854169632649,0.441051158451252,CHPT1
D5,Primary,ESTROGEN_RESPONSE_LATE,1.06854169632649,0.441051158451252,FOXC1
D5,Primary,ESTROGEN_RESPONSE_LATE,1.06854169632649,0.441051158451252,TOB1
D5,Primary,ESTROGEN_RESPONSE_LATE,1.06854169632649,0.441051158451252,BATF
D5,Primary,ESTROGEN_RESPONSE_LATE,1.06854169632649,0.441051158451252,S100A9
D5,Primary,ESTROGEN_RESPONSE_LATE,1.06854169632649,0.441051158451252,CD44
D5,Primary,ESTROGEN_RESPONSE_LATE,1.06854169632649,0.441051158451252,ANXA9
D5,Primary,ESTROGEN_RESPONSE_LATE,1.06854169632649,0.441051158451252,SNX10
D5,Primary,ESTROGEN_RESPONSE_LATE,1.06854169632649,0.441051158451252,CA2
D5,Primary,ESTROGEN_RESPONSE_LATE,1.06854169632649,0.441051158451252,GLA
D5,Primary,ESTROGEN_RESPONSE_LATE,1.06854169632649,0.441051158451252,JAK1
D5,Primary,ESTROGEN_RESPONSE_LATE,1.06854169632649,0.441051158451252,AREG
D5,Primary,ESTROGEN_RESPONSE_LATE,1.06854169632649,0.441051158451252,DHCR7
D5,Primary,ESTROGEN_RESPONSE_LATE,1.06854169632649,0.441051158451252,PTPN6
D5,Primary,ESTROGEN_RESPONSE_LATE,1.06854169632649,0.441051158451252,ST6GALNAC2
D5,Primary,ESTROGEN_RESPONSE_LATE,1.06854169632649,0.441051158451252,FLNB
D5,Primary,ESTROGEN_RESPONSE_LATE,1.06854169632649,0.441051158451252,CISH
D5,Primary,ESTROGEN_RESPONSE_LATE,1.06854169632649,0.441051158451252,CKB
D5,Primary,ESTROGEN_RESPONSE_LATE,1.06854169632649,0.441051158451252,AMFR
D5,Primary,ESTROGEN_RESPONSE_LATE,1.06854169632649,0.441051158451252,XRCC3
D5,Primary,ESTROGEN_RESPONSE_LATE,1.06854169632649,0.441051158451252,RAPGEFL1
D5,Primary,ESTROGEN_RESPONSE_LATE,1.06854169632649,0.441051158451252,BAG1
D5,Primary,ESTROGEN_RESPONSE_LATE,1.06854169632649,0.441051158451252,SLC7A5
D5,Primary,ESTROGEN_RESPONSE_LATE,1.06854169632649,0.441051158451252,HSPA4L
D5,Primary,ESTROGEN_RESPONSE_LATE,1.06854169632649,0.441051158451252,ZFP36
D5,Primary,ESTROGEN_RESPONSE_LATE,1.06854169632649,0.441051158451252,KCNK5
D5,Primary,FATTY_ACID_METABOLISM,-1.33413893267166,0.0698921337225046,OSTC
D5,Primary,FATTY_ACID_METABOLISM,-1.33413893267166,0.0698921337225046,MDH1
D5,Primary,FATTY_ACID_METABOLISM,-1.33413893267166,0.0698921337225046,METAP1
D5,Primary,FATTY_ACID_METABOLISM,-1.33413893267166,0.0698921337225046,APEX1
D5,Primary,FATTY_ACID_METABOLISM,-1.33413893267166,0.0698921337225046,ECHS1
D5,Primary,FATTY_ACID_METABOLISM,-1.33413893267166,0.0698921337225046,ACSS1
D5,Primary,FATTY_ACID_METABOLISM,-1.33413893267166,0.0698921337225046,ACAA2
D5,Primary,FATTY_ACID_METABOLISM,-1.33413893267166,0.0698921337225046,ACAT2
D5,Primary,FATTY_ACID_METABOLISM,-1.33413893267166,0.0698921337225046,ECI1
D5,Primary,FATTY_ACID_METABOLISM,-1.33413893267166,0.0698921337225046,HADH
D5,Primary,FATTY_ACID_METABOLISM,-1.33413893267166,0.0698921337225046,SUCLG2
D5,Primary,FATTY_ACID_METABOLISM,-1.33413893267166,0.0698921337225046,HSD17B10
D5,Primary,FATTY_ACID_METABOLISM,-1.33413893267166,0.0698921337225046,MCEE
D5,Primary,FATTY_ACID_METABOLISM,-1.33413893267166,0.0698921337225046,CBR1
D5,Primary,FATTY_ACID_METABOLISM,-1.33413893267166,0.0698921337225046,ADSL
D5,Primary,FATTY_ACID_METABOLISM,-1.33413893267166,0.0698921337225046,ACADM
D5,Primary,FATTY_ACID_METABOLISM,-1.33413893267166,0.0698921337225046,PSME1
D5,Primary,FATTY_ACID_METABOLISM,-1.33413893267166,0.0698921337225046,HSPH1
D5,Primary,FATTY_ACID_METABOLISM,-1.33413893267166,0.0698921337225046,SDHD
D5,Primary,FATTY_ACID_METABOLISM,-1.33413893267166,0.0698921337225046,ALDH3A2
D5,Primary,FATTY_ACID_METABOLISM,-1.33413893267166,0.0698921337225046,BCKDHB
D5,Primary,FATTY_ACID_METABOLISM,-1.33413893267166,0.0698921337225046,HSD17B4
D5,Primary,FATTY_ACID_METABOLISM,-1.33413893267166,0.0698921337225046,ACOT2
D5,Primary,FATTY_ACID_METABOLISM,-1.33413893267166,0.0698921337225046,BPHL
D5,Primary,FATTY_ACID_METABOLISM,-1.33413893267166,0.0698921337225046,ACSL5
D5,Primary,FATTY_ACID_METABOLISM,-1.33413893267166,0.0698921337225046,PCBD1
D5,Primary,FATTY_ACID_METABOLISM,-1.33413893267166,0.0698921337225046,HMGCS1
D5,Primary,FATTY_ACID_METABOLISM,-1.33413893267166,0.0698921337225046,HSP90AA1
D5,Primary,FATTY_ACID_METABOLISM,-1.33413893267166,0.0698921337225046,PDHA1
D5,Primary,FATTY_ACID_METABOLISM,-1.33413893267166,0.0698921337225046,UGDH
D5,Primary,FATTY_ACID_METABOLISM,-1.33413893267166,0.0698921337225046,ODC1
D5,Primary,FATTY_ACID_METABOLISM,-1.33413893267166,0.0698921337225046,ECI2
D5,Primary,FATTY_ACID_METABOLISM,-1.33413893267166,0.0698921337225046,CPT2
D5,Primary,FATTY_ACID_METABOLISM,-1.33413893267166,0.0698921337225046,SUCLA2
D5,Primary,FATTY_ACID_METABOLISM,-1.33413893267166,0.0698921337225046,GCDH
D5,Primary,FATTY_ACID_METABOLISM,-1.33413893267166,0.0698921337225046,RAP1GDS1
D5,Primary,FATTY_ACID_METABOLISM,-1.33413893267166,0.0698921337225046,PTS
D5,Primary,FATTY_ACID_METABOLISM,-1.33413893267166,0.0698921337225046,XIST
D5,Primary,FATTY_ACID_METABOLISM,-1.33413893267166,0.0698921337225046,CD36
D5,Primary,FATTY_ACID_METABOLISM,-1.33413893267166,0.0698921337225046,MIF
D5,Primary,FATTY_ACID_METABOLISM,-1.33413893267166,0.0698921337225046,ENO2
D5,Primary,FATTY_ACID_METABOLISM,-1.33413893267166,0.0698921337225046,BLVRA
D5,Primary,FATTY_ACID_METABOLISM,-1.33413893267166,0.0698921337225046,MIX23
D5,Primary,FATTY_ACID_METABOLISM,-1.33413893267166,0.0698921337225046,EHHADH
D5,Primary,FATTY_ACID_METABOLISM,-1.33413893267166,0.0698921337225046,NTHL1
D5,Primary,FATTY_ACID_METABOLISM,-1.33413893267166,0.0698921337225046,ALDH9A1
D5,Primary,FATTY_ACID_METABOLISM,-1.33413893267166,0.0698921337225046,ACO2
D5,Primary,FATTY_ACID_METABOLISM,-1.33413893267166,0.0698921337225046,HSD17B7
D5,Primary,FATTY_ACID_METABOLISM,-1.33413893267166,0.0698921337225046,SMS
D5,Primary,FATTY_ACID_METABOLISM,-1.33413893267166,0.0698921337225046,IDH3B
D5,Primary,FATTY_ACID_METABOLISM,-1.33413893267166,0.0698921337225046,MDH2
D5,Primary,FATTY_ACID_METABOLISM,-1.33413893267166,0.0698921337225046,FH
D5,Primary,FATTY_ACID_METABOLISM,-1.33413893267166,0.0698921337225046,CPOX
D5,Primary,FATTY_ACID_METABOLISM,-1.33413893267166,0.0698921337225046,RDH11
D5,Primary,FATTY_ACID_METABOLISM,-1.33413893267166,0.0698921337225046,ECH1
D5,Primary,FATTY_ACID_METABOLISM,-1.33413893267166,0.0698921337225046,MLYCD
D5,Primary,FATTY_ACID_METABOLISM,-1.33413893267166,0.0698921337225046,TP53INP2
D5,Primary,FATTY_ACID_METABOLISM,-1.33413893267166,0.0698921337225046,S100A10
D5,Primary,FATTY_ACID_METABOLISM,-1.33413893267166,0.0698921337225046,ALDH1A1
D5,Primary,FATTY_ACID_METABOLISM,-1.33413893267166,0.0698921337225046,DLST
D5,Primary,FATTY_ACID_METABOLISM,-1.33413893267166,0.0698921337225046,H2AZ1
D5,Primary,FATTY_ACID_METABOLISM,-1.33413893267166,0.0698921337225046,IDH3G
D5,Primary,G2M_CHECKPOINT,-1.00025304536745,0.537539295392954,SYNCRIP
D5,Primary,G2M_CHECKPOINT,-1.00025304536745,0.537539295392954,BUB3
D5,Primary,G2M_CHECKPOINT,-1.00025304536745,0.537539295392954,SLC38A1
D5,Primary,G2M_CHECKPOINT,-1.00025304536745,0.537539295392954,G3BP1
D5,Primary,G2M_CHECKPOINT,-1.00025304536745,0.537539295392954,SRSF10
D5,Primary,G2M_CHECKPOINT,-1.00025304536745,0.537539295392954,MAD2L1
D5,Primary,G2M_CHECKPOINT,-1.00025304536745,0.537539295392954,PURA
D5,Primary,G2M_CHECKPOINT,-1.00025304536745,0.537539295392954,MYC
D5,Primary,G2M_CHECKPOINT,-1.00025304536745,0.537539295392954,SLC12A2
D5,Primary,G2M_CHECKPOINT,-1.00025304536745,0.537539295392954,NCL
D5,Primary,G2M_CHECKPOINT,-1.00025304536745,0.537539295392954,KIF22
D5,Primary,G2M_CHECKPOINT,-1.00025304536745,0.537539295392954,STMN1
D5,Primary,G2M_CHECKPOINT,-1.00025304536745,0.537539295392954,SRSF2
D5,Primary,G2M_CHECKPOINT,-1.00025304536745,0.537539295392954,CUL5
D5,Primary,G2M_CHECKPOINT,-1.00025304536745,0.537539295392954,HSPA8
D5,Primary,G2M_CHECKPOINT,-1.00025304536745,0.537539295392954,H2AZ2
D5,Primary,G2M_CHECKPOINT,-1.00025304536745,0.537539295392954,TMPO
D5,Primary,G2M_CHECKPOINT,-1.00025304536745,0.537539295392954,ORC5
D5,Primary,G2M_CHECKPOINT,-1.00025304536745,0.537539295392954,HNRNPD
D5,Primary,G2M_CHECKPOINT,-1.00025304536745,0.537539295392954,RPS6KA5
D5,Primary,G2M_CHECKPOINT,-1.00025304536745,0.537539295392954,TENT4A
D5,Primary,G2M_CHECKPOINT,-1.00025304536745,0.537539295392954,CDC25B
D5,Primary,G2M_CHECKPOINT,-1.00025304536745,0.537539295392954,MTF2
D5,Primary,G2M_CHECKPOINT,-1.00025304536745,0.537539295392954,CDK4
D5,Primary,G2M_CHECKPOINT,-1.00025304536745,0.537539295392954,HMGN2
D5,Primary,G2M_CHECKPOINT,-1.00025304536745,0.537539295392954,PRP4K
D5,Primary,G2M_CHECKPOINT,-1.00025304536745,0.537539295392954,ILF3
D5,Primary,G2M_CHECKPOINT,-1.00025304536745,0.537539295392954,MCM3
D5,Primary,G2M_CHECKPOINT,-1.00025304536745,0.537539295392954,CUL1
D5,Primary,G2M_CHECKPOINT,-1.00025304536745,0.537539295392954,UCK2
D5,Primary,G2M_CHECKPOINT,-1.00025304536745,0.537539295392954,SNRPD1
D5,Primary,G2M_CHECKPOINT,-1.00025304536745,0.537539295392954,ODC1
D5,Primary,G2M_CHECKPOINT,-1.00025304536745,0.537539295392954,SMC1A
D5,Primary,G2M_CHECKPOINT,-1.00025304536745,0.537539295392954,SS18
D5,Primary,G2M_CHECKPOINT,-1.00025304536745,0.537539295392954,DTYMK
D5,Primary,G2M_CHECKPOINT,-1.00025304536745,0.537539295392954,ABL1
D5,Primary,G2M_CHECKPOINT,-1.00025304536745,0.537539295392954,TRA2B
D5,Primary,G2M_CHECKPOINT,-1.00025304536745,0.537539295392954,SMC2
D5,Primary,G2M_CHECKPOINT,-1.00025304536745,0.537539295392954,CDK1
D5,Primary,G2M_CHECKPOINT,-1.00025304536745,0.537539295392954,FBXO5
D5,Primary,G2M_CHECKPOINT,-1.00025304536745,0.537539295392954,MCM5
D5,Primary,G2M_CHECKPOINT,-1.00025304536745,0.537539295392954,POLE
D5,Primary,G2M_CHECKPOINT,-1.00025304536745,0.537539295392954,SMC4
D5,Primary,G2M_CHECKPOINT,-1.00025304536745,0.537539295392954,NDC80
D5,Primary,G2M_CHECKPOINT,-1.00025304536745,0.537539295392954,CKS1B
D5,Primary,G2M_CHECKPOINT,-1.00025304536745,0.537539295392954,SRSF1
D5,Primary,G2M_CHECKPOINT,-1.00025304536745,0.537539295392954,SMARCC1
D5,Primary,G2M_CHECKPOINT,-1.00025304536745,0.537539295392954,CCNT1
D5,Primary,G2M_CHECKPOINT,-1.00025304536745,0.537539295392954,NOLC1
D5,Primary,G2M_CHECKPOINT,-1.00025304536745,0.537539295392954,SMAD3
D5,Primary,GLYCOLYSIS,1.02165845669308,0.516894612960487,TGFA
D5,Primary,GLYCOLYSIS,1.02165845669308,0.516894612960487,PYGL
D5,Primary,GLYCOLYSIS,1.02165845669308,0.516894612960487,PHKA2
D5,Primary,GLYCOLYSIS,1.02165845669308,0.516894612960487,TPST1
D5,Primary,GLYCOLYSIS,1.02165845669308,0.516894612960487,IRS2
D5,Primary,GLYCOLYSIS,1.02165845669308,0.516894612960487,ABCB6
D5,Primary,GLYCOLYSIS,1.02165845669308,0.516894612960487,HK2
D5,Primary,GLYCOLYSIS,1.02165845669308,0.516894612960487,B4GALT4
D5,Primary,GLYCOLYSIS,1.02165845669308,0.516894612960487,PDK3
D5,Primary,GLYCOLYSIS,1.02165845669308,0.516894612960487,PKM
D5,Primary,GLYCOLYSIS,1.02165845669308,0.516894612960487,EXT1
D5,Primary,GLYCOLYSIS,1.02165845669308,0.516894612960487,DSC2
D5,Primary,GLYCOLYSIS,1.02165845669308,0.516894612960487,P4HA2
D5,Primary,GLYCOLYSIS,1.02165845669308,0.516894612960487,LCT
D5,Primary,GLYCOLYSIS,1.02165845669308,0.516894612960487,QSOX1
D5,Primary,GLYCOLYSIS,1.02165845669308,0.516894612960487,ANKZF1
D5,Primary,GLYCOLYSIS,1.02165845669308,0.516894612960487,SAP30
D5,Primary,GLYCOLYSIS,1.02165845669308,0.516894612960487,MERTK
D5,Primary,GLYCOLYSIS,1.02165845669308,0.516894612960487,PKP2
D5,Primary,GLYCOLYSIS,1.02165845669308,0.516894612960487,CD44
D5,Primary,GLYCOLYSIS,1.02165845669308,0.516894612960487,SPAG4
D5,Primary,GLYCOLYSIS,1.02165845669308,0.516894612960487,RRAGD
D5,Primary,GLYCOLYSIS,1.02165845669308,0.516894612960487,IL13RA1
D5,Primary,GLYCOLYSIS,1.02165845669308,0.516894612960487,LDHA
D5,Primary,GLYCOLYSIS,1.02165845669308,0.516894612960487,G6PD
D5,Primary,GLYCOLYSIS,1.02165845669308,0.516894612960487,DEPDC1
D5,Primary,GLYCOLYSIS,1.02165845669308,0.516894612960487,PGM2
D5,Primary,GLYCOLYSIS,1.02165845669308,0.516894612960487,SLC16A3
D5,Primary,GLYCOLYSIS,1.02165845669308,0.516894612960487,B4GALT1
D5,Primary,GLYCOLYSIS,1.02165845669308,0.516894612960487,TALDO1
D5,Primary,GLYCOLYSIS,1.02165845669308,0.516894612960487,PAM
D5,Primary,GLYCOLYSIS,1.02165845669308,0.516894612960487,ALDOA
D5,Primary,GLYCOLYSIS,1.02165845669308,0.516894612960487,PGK1
D5,Primary,GLYCOLYSIS,1.02165845669308,0.516894612960487,PLOD1
D5,Primary,GLYCOLYSIS,1.02165845669308,0.516894612960487,ZNF292
D5,Primary,GLYCOLYSIS,1.02165845669308,0.516894612960487,ME2
D5,Primary,GLYCOLYSIS,1.02165845669308,0.516894612960487,IER3
D5,Primary,GLYCOLYSIS,1.02165845669308,0.516894612960487,RBCK1
D5,Primary,HEDGEHOG_SIGNALING,1.44153558930456,0.108086397715102,ETS2
D5,Primary,HEDGEHOG_SIGNALING,1.44153558930456,0.108086397715102,SLIT1
D5,Primary,HEDGEHOG_SIGNALING,1.44153558930456,0.108086397715102,CDK5R1
D5,Primary,HEDGEHOG_SIGNALING,1.44153558930456,0.108086397715102,NF1
D5,Primary,HEDGEHOG_SIGNALING,1.44153558930456,0.108086397715102,GLI1
D5,Primary,HEDGEHOG_SIGNALING,1.44153558930456,0.108086397715102,TLE3
D5,Primary,HEDGEHOG_SIGNALING,1.44153558930456,0.108086397715102,TLE1
D5,Primary,HEDGEHOG_SIGNALING,1.44153558930456,0.108086397715102,MYH9
D5,Primary,HEDGEHOG_SIGNALING,1.44153558930456,0.108086397715102,RASA1
D5,Primary,HEDGEHOG_SIGNALING,1.44153558930456,0.108086397715102,ACHE
D5,Primary,HEDGEHOG_SIGNALING,1.44153558930456,0.108086397715102,PML
D5,Primary,HEME_METABOLISM,2.30859510794709,6.60754938033427e-11,NFE2
D5,Primary,HEME_METABOLISM,2.30859510794709,6.60754938033427e-11,SLC22A4
D5,Primary,HEME_METABOLISM,2.30859510794709,6.60754938033427e-11,CCND3
D5,Primary,HEME_METABOLISM,2.30859510794709,6.60754938033427e-11,ATP6V0A1
D5,Primary,HEME_METABOLISM,2.30859510794709,6.60754938033427e-11,GCLM
D5,Primary,HEME_METABOLISM,2.30859510794709,6.60754938033427e-11,EZH1
D5,Primary,HEME_METABOLISM,2.30859510794709,6.60754938033427e-11,LPIN2
D5,Primary,HEME_METABOLISM,2.30859510794709,6.60754938033427e-11,ABCB6
D5,Primary,HEME_METABOLISM,2.30859510794709,6.60754938033427e-11,SLC25A37
D5,Primary,HEME_METABOLISM,2.30859510794709,6.60754938033427e-11,ADD1
D5,Primary,HEME_METABOLISM,2.30859510794709,6.60754938033427e-11,MBOAT2
D5,Primary,HEME_METABOLISM,2.30859510794709,6.60754938033427e-11,NARF
D5,Primary,HEME_METABOLISM,2.30859510794709,6.60754938033427e-11,LRP10
D5,Primary,HEME_METABOLISM,2.30859510794709,6.60754938033427e-11,MARK3
D5,Primary,HEME_METABOLISM,2.30859510794709,6.60754938033427e-11,FBXO34
D5,Primary,HEME_METABOLISM,2.30859510794709,6.60754938033427e-11,CAST
D5,Primary,HEME_METABOLISM,2.30859510794709,6.60754938033427e-11,ERMAP
D5,Primary,HEME_METABOLISM,2.30859510794709,6.60754938033427e-11,GAPVD1
D5,Primary,HEME_METABOLISM,2.30859510794709,6.60754938033427e-11,MAP2K3
D5,Primary,HEME_METABOLISM,2.30859510794709,6.60754938033427e-11,SLC2A1
D5,Primary,HEME_METABOLISM,2.30859510794709,6.60754938033427e-11,P4HA2
D5,Primary,HEME_METABOLISM,2.30859510794709,6.60754938033427e-11,FOXO3
D5,Primary,HEME_METABOLISM,2.30859510794709,6.60754938033427e-11,KHNYN
D5,Primary,HEME_METABOLISM,2.30859510794709,6.60754938033427e-11,MPP1
D5,Primary,HEME_METABOLISM,2.30859510794709,6.60754938033427e-11,FBXO9
D5,Primary,HEME_METABOLISM,2.30859510794709,6.60754938033427e-11,PSMD9
D5,Primary,HEME_METABOLISM,2.30859510794709,6.60754938033427e-11,RCL1
D5,Primary,HEME_METABOLISM,2.30859510794709,6.60754938033427e-11,USP15
D5,Primary,HEME_METABOLISM,2.30859510794709,6.60754938033427e-11,HTATIP2
D5,Primary,HEME_METABOLISM,2.30859510794709,6.60754938033427e-11,CA2
D5,Primary,HEME_METABOLISM,2.30859510794709,6.60754938033427e-11,NR3C1
D5,Primary,HEME_METABOLISM,2.30859510794709,6.60754938033427e-11,NUDT4
D5,Primary,HEME_METABOLISM,2.30859510794709,6.60754938033427e-11,SMOX
D5,Primary,HEME_METABOLISM,2.30859510794709,6.60754938033427e-11,RHAG
D5,Primary,HEME_METABOLISM,2.30859510794709,6.60754938033427e-11,ALAD
D5,Primary,HEME_METABOLISM,2.30859510794709,6.60754938033427e-11,TNRC6B
D5,Primary,HEME_METABOLISM,2.30859510794709,6.60754938033427e-11,SPTB
D5,Primary,HEME_METABOLISM,2.30859510794709,6.60754938033427e-11,ADIPOR1
D5,Primary,HEME_METABOLISM,2.30859510794709,6.60754938033427e-11,PICALM
D5,Primary,HEME_METABOLISM,2.30859510794709,6.60754938033427e-11,PPP2R5B
D5,Primary,HEME_METABOLISM,2.30859510794709,6.60754938033427e-11,KDM7A
D5,Primary,HEME_METABOLISM,2.30859510794709,6.60754938033427e-11,BCAM
D5,Primary,HEME_METABOLISM,2.30859510794709,6.60754938033427e-11,GDE1
D5,Primary,HEME_METABOLISM,2.30859510794709,6.60754938033427e-11,TMCC2
D5,Primary,HEME_METABOLISM,2.30859510794709,6.60754938033427e-11,DCAF10
D5,Primary,HEME_METABOLISM,2.30859510794709,6.60754938033427e-11,SDCBP
D5,Primary,HEME_METABOLISM,2.30859510794709,6.60754938033427e-11,EIF2AK1
D5,Primary,HEME_METABOLISM,2.30859510794709,6.60754938033427e-11,HDGF
D5,Primary,HEME_METABOLISM,2.30859510794709,6.60754938033427e-11,RAP1GAP
D5,Primary,HEME_METABOLISM,2.30859510794709,6.60754938033427e-11,LAMP2
D5,Primary,HEME_METABOLISM,2.30859510794709,6.60754938033427e-11,FOXJ2
D5,Primary,HEME_METABOLISM,2.30859510794709,6.60754938033427e-11,RBM5
D5,Primary,HEME_METABOLISM,2.30859510794709,6.60754938033427e-11,TAL1
D5,Primary,HEME_METABOLISM,2.30859510794709,6.60754938033427e-11,RANBP10
D5,Primary,HEME_METABOLISM,2.30859510794709,6.60754938033427e-11,KEL
D5,Primary,HEME_METABOLISM,2.30859510794709,6.60754938033427e-11,ARHGEF12
D5,Primary,HEME_METABOLISM,2.30859510794709,6.60754938033427e-11,DMTN
D5,Primary,HEME_METABOLISM,2.30859510794709,6.60754938033427e-11,ANK1
D5,Primary,HEME_METABOLISM,2.30859510794709,6.60754938033427e-11,MARCHF8
D5,Primary,HEME_METABOLISM,2.30859510794709,6.60754938033427e-11,SEC14L1
D5,Primary,HEME_METABOLISM,2.30859510794709,6.60754938033427e-11,SYNJ1
D5,Primary,HEME_METABOLISM,2.30859510794709,6.60754938033427e-11,MARCHF2
D5,Primary,HEME_METABOLISM,2.30859510794709,6.60754938033427e-11,SLC66A2
D5,Primary,HEME_METABOLISM,2.30859510794709,6.60754938033427e-11,LMO2
D5,Primary,HEME_METABOLISM,2.30859510794709,6.60754938033427e-11,RHD
D5,Primary,HEME_METABOLISM,2.30859510794709,6.60754938033427e-11,RNF19A
D5,Primary,HEME_METABOLISM,2.30859510794709,6.60754938033427e-11,KLF3
D5,Primary,HEME_METABOLISM,2.30859510794709,6.60754938033427e-11,NEK7
D5,Primary,HEME_METABOLISM,2.30859510794709,6.60754938033427e-11,AGPAT4
D5,Primary,HEME_METABOLISM,2.30859510794709,6.60754938033427e-11,CTNS
D5,Primary,HEME_METABOLISM,2.30859510794709,6.60754938033427e-11,FBXO7
D5,Primary,HEME_METABOLISM,2.30859510794709,6.60754938033427e-11,GATA1
D5,Primary,HEME_METABOLISM,2.30859510794709,6.60754938033427e-11,RBM38
D5,Primary,HEME_METABOLISM,2.30859510794709,6.60754938033427e-11,FN3K
D5,Primary,HEME_METABOLISM,2.30859510794709,6.60754938033427e-11,TOP1
D5,Primary,HEME_METABOLISM,2.30859510794709,6.60754938033427e-11,XPO7
D5,Primary,HEME_METABOLISM,2.30859510794709,6.60754938033427e-11,E2F2
D5,Primary,HEME_METABOLISM,2.30859510794709,6.60754938033427e-11,BTRC
D5,Primary,HEME_METABOLISM,2.30859510794709,6.60754938033427e-11,DAAM1
D5,Primary,HEME_METABOLISM,2.30859510794709,6.60754938033427e-11,UBAC1
D5,Primary,HEME_METABOLISM,2.30859510794709,6.60754938033427e-11,DCAF11
D5,Primary,HEME_METABOLISM,2.30859510794709,6.60754938033427e-11,HAGH
D5,Primary,HEME_METABOLISM,2.30859510794709,6.60754938033427e-11,SPTA1
D5,Primary,HEME_METABOLISM,2.30859510794709,6.60754938033427e-11,RHCE
D5,Primary,HEME_METABOLISM,2.30859510794709,6.60754938033427e-11,KAT2B
D5,Primary,HEME_METABOLISM,2.30859510794709,6.60754938033427e-11,KLF1
D5,Primary,HEME_METABOLISM,2.30859510794709,6.60754938033427e-11,MXI1
D5,Primary,HEME_METABOLISM,2.30859510794709,6.60754938033427e-11,CLIC2
D5,Primary,HEME_METABOLISM,2.30859510794709,6.60754938033427e-11,HTRA2
D5,Primary,HEME_METABOLISM,2.30859510794709,6.60754938033427e-11,SLC6A8
D5,Primary,HEME_METABOLISM,2.30859510794709,6.60754938033427e-11,SLC6A9
D5,Primary,HEME_METABOLISM,2.30859510794709,6.60754938033427e-11,GYPC
D5,Primary,HEME_METABOLISM,2.30859510794709,6.60754938033427e-11,CTSB
D5,Primary,HEME_METABOLISM,2.30859510794709,6.60754938033427e-11,PDZK1IP1
D5,Primary,HEME_METABOLISM,2.30859510794709,6.60754938033427e-11,EPOR
D5,Primary,HEME_METABOLISM,2.30859510794709,6.60754938033427e-11,TRIM58
D5,Primary,HEME_METABOLISM,2.30859510794709,6.60754938033427e-11,NFE2L1
D5,Primary,HYPOXIA,1.94438984481066,1.62107066849125e-05,PFKFB3
D5,Primary,HYPOXIA,1.94438984481066,1.62107066849125e-05,NDRG1
D5,Primary,HYPOXIA,1.94438984481066,1.62107066849125e-05,FOSL2
D5,Primary,HYPOXIA,1.94438984481066,1.62107066849125e-05,SLC2A3
D5,Primary,HYPOXIA,1.94438984481066,1.62107066849125e-05,IRS2
D5,Primary,HYPOXIA,1.94438984481066,1.62107066849125e-05,SLC6A6
D5,Primary,HYPOXIA,1.94438984481066,1.62107066849125e-05,KLF7
D5,Primary,HYPOXIA,1.94438984481066,1.62107066849125e-05,TPST2
D5,Primary,HYPOXIA,1.94438984481066,1.62107066849125e-05,NFIL3
D5,Primary,HYPOXIA,1.94438984481066,1.62107066849125e-05,HK2
D5,Primary,HYPOXIA,1.94438984481066,1.62107066849125e-05,AMPD3
D5,Primary,HYPOXIA,1.94438984481066,1.62107066849125e-05,PDK3
D5,Primary,HYPOXIA,1.94438984481066,1.62107066849125e-05,RBPJ
D5,Primary,HYPOXIA,1.94438984481066,1.62107066849125e-05,PGM1
D5,Primary,HYPOXIA,1.94438984481066,1.62107066849125e-05,CA12
D5,Primary,HYPOXIA,1.94438984481066,1.62107066849125e-05,EXT1
D5,Primary,HYPOXIA,1.94438984481066,1.62107066849125e-05,NDST2
D5,Primary,HYPOXIA,1.94438984481066,1.62107066849125e-05,KLF6
D5,Primary,HYPOXIA,1.94438984481066,1.62107066849125e-05,PIM1
D5,Primary,HYPOXIA,1.94438984481066,1.62107066849125e-05,JMJD6
D5,Primary,HYPOXIA,1.94438984481066,1.62107066849125e-05,SLC2A1
D5,Primary,HYPOXIA,1.94438984481066,1.62107066849125e-05,TIPARP
D5,Primary,HYPOXIA,1.94438984481066,1.62107066849125e-05,P4HA2
D5,Primary,HYPOXIA,1.94438984481066,1.62107066849125e-05,WSB1
D5,Primary,HYPOXIA,1.94438984481066,1.62107066849125e-05,SIAH2
D5,Primary,HYPOXIA,1.94438984481066,1.62107066849125e-05,IDS
D5,Primary,HYPOXIA,1.94438984481066,1.62107066849125e-05,ANKZF1
D5,Primary,HYPOXIA,1.94438984481066,1.62107066849125e-05,SAP30
D5,Primary,HYPOXIA,1.94438984481066,1.62107066849125e-05,CCNG2
D5,Primary,HYPOXIA,1.94438984481066,1.62107066849125e-05,FOXO3
D5,Primary,HYPOXIA,1.94438984481066,1.62107066849125e-05,ADM
D5,Primary,HYPOXIA,1.94438984481066,1.62107066849125e-05,NEDD4L
D5,Primary,HYPOXIA,1.94438984481066,1.62107066849125e-05,PNRC1
D5,Primary,HYPOXIA,1.94438984481066,1.62107066849125e-05,RRAGD
D5,Primary,HYPOXIA,1.94438984481066,1.62107066849125e-05,LDHA
D5,Primary,HYPOXIA,1.94438984481066,1.62107066849125e-05,NR3C1
D5,Primary,HYPOXIA,1.94438984481066,1.62107066849125e-05,CSRP2
D5,Primary,HYPOXIA,1.94438984481066,1.62107066849125e-05,PYGM
D5,Primary,HYPOXIA,1.94438984481066,1.62107066849125e-05,SERPINE1
D5,Primary,HYPOXIA,1.94438984481066,1.62107066849125e-05,PGM2
D5,Primary,HYPOXIA,1.94438984481066,1.62107066849125e-05,PPP1R15A
D5,Primary,HYPOXIA,1.94438984481066,1.62107066849125e-05,HK1
D5,Primary,HYPOXIA,1.94438984481066,1.62107066849125e-05,NDST1
D5,Primary,HYPOXIA,1.94438984481066,1.62107066849125e-05,MAP3K1
D5,Primary,HYPOXIA,1.94438984481066,1.62107066849125e-05,CDKN1B
D5,Primary,HYPOXIA,1.94438984481066,1.62107066849125e-05,PAM
D5,Primary,HYPOXIA,1.94438984481066,1.62107066849125e-05,TNFAIP3
D5,Primary,HYPOXIA,1.94438984481066,1.62107066849125e-05,ALDOA
D5,Primary,HYPOXIA,1.94438984481066,1.62107066849125e-05,MYH9
D5,Primary,HYPOXIA,1.94438984481066,1.62107066849125e-05,TMEM45A
D5,Primary,HYPOXIA,1.94438984481066,1.62107066849125e-05,GAPDH
D5,Primary,HYPOXIA,1.94438984481066,1.62107066849125e-05,PGK1
D5,Primary,HYPOXIA,1.94438984481066,1.62107066849125e-05,PHKG1
D5,Primary,HYPOXIA,1.94438984481066,1.62107066849125e-05,ZNF292
D5,Primary,HYPOXIA,1.94438984481066,1.62107066849125e-05,IER3
D5,Primary,HYPOXIA,1.94438984481066,1.62107066849125e-05,ZFP36
D5,Primary,HYPOXIA,1.94438984481066,1.62107066849125e-05,KDM3A
D5,Primary,HYPOXIA,1.94438984481066,1.62107066849125e-05,CP
D5,Primary,HYPOXIA,1.94438984481066,1.62107066849125e-05,CITED2
D5,Primary,HYPOXIA,1.94438984481066,1.62107066849125e-05,GBE1
D5,Primary,HYPOXIA,1.94438984481066,1.62107066849125e-05,PLAC8
D5,Primary,HYPOXIA,1.94438984481066,1.62107066849125e-05,DUSP1
D5,Primary,HYPOXIA,1.94438984481066,1.62107066849125e-05,PDK1
D5,Primary,HYPOXIA,1.94438984481066,1.62107066849125e-05,ENO1
D5,Primary,HYPOXIA,1.94438984481066,1.62107066849125e-05,PRDX5
D5,Primary,HYPOXIA,1.94438984481066,1.62107066849125e-05,GYS1
D5,Primary,HYPOXIA,1.94438984481066,1.62107066849125e-05,NOCT
D5,Primary,HYPOXIA,1.94438984481066,1.62107066849125e-05,VLDLR
D5,Primary,HYPOXIA,1.94438984481066,1.62107066849125e-05,DDIT4
D5,Primary,HYPOXIA,1.94438984481066,1.62107066849125e-05,S100A4
D5,Primary,HYPOXIA,1.94438984481066,1.62107066849125e-05,UGP2
D5,Primary,HYPOXIA,1.94438984481066,1.62107066849125e-05,TGM2
D5,Primary,HYPOXIA,1.94438984481066,1.62107066849125e-05,GLRX
D5,Primary,HYPOXIA,1.94438984481066,1.62107066849125e-05,ATP7A
D5,Primary,HYPOXIA,1.94438984481066,1.62107066849125e-05,EFNA1
D5,Primary,HYPOXIA,1.94438984481066,1.62107066849125e-05,MXI1
D5,Primary,IL2_STAT5_SIGNALING,1.44042847223385,0.0233813743764083,IL1R2
D5,Primary,IL2_STAT5_SIGNALING,1.44042847223385,0.0233813743764083,CST7
D5,Primary,IL2_STAT5_SIGNALING,1.44042847223385,0.0233813743764083,NDRG1
D5,Primary,IL2_STAT5_SIGNALING,1.44042847223385,0.0233813743764083,MAPKAPK2
D5,Primary,IL2_STAT5_SIGNALING,1.44042847223385,0.0233813743764083,IGF1R
D5,Primary,IL2_STAT5_SIGNALING,1.44042847223385,0.0233813743764083,CCND3
D5,Primary,IL2_STAT5_SIGNALING,1.44042847223385,0.0233813743764083,PLSCR1
D5,Primary,IL2_STAT5_SIGNALING,1.44042847223385,0.0233813743764083,SLC2A3
D5,Primary,IL2_STAT5_SIGNALING,1.44042847223385,0.0233813743764083,CKAP4
D5,Primary,IL2_STAT5_SIGNALING,1.44042847223385,0.0233813743764083,IL18R1
D5,Primary,IL2_STAT5_SIGNALING,1.44042847223385,0.0233813743764083,SCN9A
D5,Primary,IL2_STAT5_SIGNALING,1.44042847223385,0.0233813743764083,IL4R
D5,Primary,IL2_STAT5_SIGNALING,1.44042847223385,0.0233813743764083,HYCC2
D5,Primary,IL2_STAT5_SIGNALING,1.44042847223385,0.0233813743764083,MXD1
D5,Primary,IL2_STAT5_SIGNALING,1.44042847223385,0.0233813743764083,NFIL3
D5,Primary,IL2_STAT5_SIGNALING,1.44042847223385,0.0233813743764083,IGF2R
D5,Primary,IL2_STAT5_SIGNALING,1.44042847223385,0.0233813743764083,HK2
D5,Primary,IL2_STAT5_SIGNALING,1.44042847223385,0.0233813743764083,FURIN
D5,Primary,IL2_STAT5_SIGNALING,1.44042847223385,0.0233813743764083,ADAM19
D5,Primary,IL2_STAT5_SIGNALING,1.44042847223385,0.0233813743764083,HIPK2
D5,Primary,IL2_STAT5_SIGNALING,1.44042847223385,0.0233813743764083,ALCAM
D5,Primary,IL2_STAT5_SIGNALING,1.44042847223385,0.0233813743764083,KLF6
D5,Primary,IL2_STAT5_SIGNALING,1.44042847223385,0.0233813743764083,PIM1
D5,Primary,IL2_STAT5_SIGNALING,1.44042847223385,0.0233813743764083,IL1RL1
D5,Primary,IL2_STAT5_SIGNALING,1.44042847223385,0.0233813743764083,DENND5A
D5,Primary,IL2_STAT5_SIGNALING,1.44042847223385,0.0233813743764083,SELL
D5,Primary,IL2_STAT5_SIGNALING,1.44042847223385,0.0233813743764083,PLEC
D5,Primary,IL2_STAT5_SIGNALING,1.44042847223385,0.0233813743764083,IFITM3
D5,Primary,IL2_STAT5_SIGNALING,1.44042847223385,0.0233813743764083,CAPG
D5,Primary,IL2_STAT5_SIGNALING,1.44042847223385,0.0233813743764083,BATF
D5,Primary,IL2_STAT5_SIGNALING,1.44042847223385,0.0233813743764083,DCPS
D5,Primary,IL2_STAT5_SIGNALING,1.44042847223385,0.0233813743764083,EMP1
D5,Primary,IL2_STAT5_SIGNALING,1.44042847223385,0.0233813743764083,MAP3K8
D5,Primary,IL2_STAT5_SIGNALING,1.44042847223385,0.0233813743764083,CD44
D5,Primary,IL2_STAT5_SIGNALING,1.44042847223385,0.0233813743764083,SMPDL3A
D5,Primary,IL2_STAT5_SIGNALING,1.44042847223385,0.0233813743764083,RRAGD
D5,Primary,IL2_STAT5_SIGNALING,1.44042847223385,0.0233813743764083,ETFBKMT
D5,Primary,IL2_STAT5_SIGNALING,1.44042847223385,0.0233813743764083,CA2
D5,Primary,IL2_STAT5_SIGNALING,1.44042847223385,0.0233813743764083,SHE
D5,Primary,IL2_STAT5_SIGNALING,1.44042847223385,0.0233813743764083,CSF1
D5,Primary,IL2_STAT5_SIGNALING,1.44042847223385,0.0233813743764083,CAPN3
D5,Primary,IL2_STAT5_SIGNALING,1.44042847223385,0.0233813743764083,ST3GAL4
D5,Primary,IL2_STAT5_SIGNALING,1.44042847223385,0.0233813743764083,F2RL2
D5,Primary,IL2_STAT5_SIGNALING,1.44042847223385,0.0233813743764083,GABARAPL1
D5,Primary,IL2_STAT5_SIGNALING,1.44042847223385,0.0233813743764083,SPRED2
D5,Primary,IL2_STAT5_SIGNALING,1.44042847223385,0.0233813743764083,IFNGR1
D5,Primary,IL2_STAT5_SIGNALING,1.44042847223385,0.0233813743764083,GLIPR2
D5,Primary,IL2_STAT5_SIGNALING,1.44042847223385,0.0233813743764083,SLC39A8
D5,Primary,IL6_JAK_STAT3_SIGNALING,2.04989865211459,6.63134285901046e-05,IL1R2
D5,Primary,IL6_JAK_STAT3_SIGNALING,2.04989865211459,6.63134285901046e-05,IL1R1
D5,Primary,IL6_JAK_STAT3_SIGNALING,2.04989865211459,6.63134285901046e-05,IL17RA
D5,Primary,IL6_JAK_STAT3_SIGNALING,2.04989865211459,6.63134285901046e-05,IL18R1
D5,Primary,IL6_JAK_STAT3_SIGNALING,2.04989865211459,6.63134285901046e-05,TLR2
D5,Primary,IL6_JAK_STAT3_SIGNALING,2.04989865211459,6.63134285901046e-05,STAT3
D5,Primary,IL6_JAK_STAT3_SIGNALING,2.04989865211459,6.63134285901046e-05,IL4R
D5,Primary,IL6_JAK_STAT3_SIGNALING,2.04989865211459,6.63134285901046e-05,IFNAR1
D5,Primary,IL6_JAK_STAT3_SIGNALING,2.04989865211459,6.63134285901046e-05,ACVR1B
D5,Primary,IL6_JAK_STAT3_SIGNALING,2.04989865211459,6.63134285901046e-05,IL10RB
D5,Primary,IL6_JAK_STAT3_SIGNALING,2.04989865211459,6.63134285901046e-05,TNFRSF1A
D5,Primary,IL6_JAK_STAT3_SIGNALING,2.04989865211459,6.63134285901046e-05,SOCS3
D5,Primary,IL6_JAK_STAT3_SIGNALING,2.04989865211459,6.63134285901046e-05,FAS
D5,Primary,IL6_JAK_STAT3_SIGNALING,2.04989865211459,6.63134285901046e-05,PIM1
D5,Primary,IL6_JAK_STAT3_SIGNALING,2.04989865211459,6.63134285901046e-05,CSF3R
D5,Primary,IL6_JAK_STAT3_SIGNALING,2.04989865211459,6.63134285901046e-05,CBL
D5,Primary,IL6_JAK_STAT3_SIGNALING,2.04989865211459,6.63134285901046e-05,PTPN1
D5,Primary,IL6_JAK_STAT3_SIGNALING,2.04989865211459,6.63134285901046e-05,IFNGR2
D5,Primary,IL6_JAK_STAT3_SIGNALING,2.04989865211459,6.63134285901046e-05,CSF2RA
D5,Primary,IL6_JAK_STAT3_SIGNALING,2.04989865211459,6.63134285901046e-05,PDGFC
D5,Primary,IL6_JAK_STAT3_SIGNALING,2.04989865211459,6.63134285901046e-05,MAP3K8
D5,Primary,IL6_JAK_STAT3_SIGNALING,2.04989865211459,6.63134285901046e-05,CD44
D5,Primary,IL6_JAK_STAT3_SIGNALING,2.04989865211459,6.63134285901046e-05,IL13RA1
D5,Primary,IL6_JAK_STAT3_SIGNALING,2.04989865211459,6.63134285901046e-05,GRB2
D5,Primary,IL6_JAK_STAT3_SIGNALING,2.04989865211459,6.63134285901046e-05,PIK3R5
D5,Primary,IL6_JAK_STAT3_SIGNALING,2.04989865211459,6.63134285901046e-05,CSF2RB
D5,Primary,IL6_JAK_STAT3_SIGNALING,2.04989865211459,6.63134285901046e-05,CSF1
D5,Primary,IL6_JAK_STAT3_SIGNALING,2.04989865211459,6.63134285901046e-05,TGFB1
D5,Primary,IL6_JAK_STAT3_SIGNALING,2.04989865211459,6.63134285901046e-05,IFNGR1
D5,Primary,IL6_JAK_STAT3_SIGNALING,2.04989865211459,6.63134285901046e-05,MYD88
D5,Primary,IL6_JAK_STAT3_SIGNALING,2.04989865211459,6.63134285901046e-05,IRF9
D5,Primary,IL6_JAK_STAT3_SIGNALING,2.04989865211459,6.63134285901046e-05,OSMR
D5,Primary,IL6_JAK_STAT3_SIGNALING,2.04989865211459,6.63134285901046e-05,SOCS1
D5,Primary,INFLAMMATORY_RESPONSE,1.77405278551066,0.000268882167566868,KIF1B
D5,Primary,INFLAMMATORY_RESPONSE,1.77405278551066,0.000268882167566868,IL1R1
D5,Primary,INFLAMMATORY_RESPONSE,1.77405278551066,0.000268882167566868,IL18RAP
D5,Primary,INFLAMMATORY_RESPONSE,1.77405278551066,0.000268882167566868,IL18R1
D5,Primary,INFLAMMATORY_RESPONSE,1.77405278551066,0.000268882167566868,LCP2
D5,Primary,INFLAMMATORY_RESPONSE,1.77405278551066,0.000268882167566868,TLR2
D5,Primary,INFLAMMATORY_RESPONSE,1.77405278551066,0.000268882167566868,IL4R
D5,Primary,INFLAMMATORY_RESPONSE,1.77405278551066,0.000268882167566868,IFNAR1
D5,Primary,INFLAMMATORY_RESPONSE,1.77405278551066,0.000268882167566868,PTPRE
D5,Primary,INFLAMMATORY_RESPONSE,1.77405278551066,0.000268882167566868,MXD1
D5,Primary,INFLAMMATORY_RESPONSE,1.77405278551066,0.000268882167566868,ACVR1B
D5,Primary,INFLAMMATORY_RESPONSE,1.77405278551066,0.000268882167566868,LYN
D5,Primary,INFLAMMATORY_RESPONSE,1.77405278551066,0.000268882167566868,IRAK2
D5,Primary,INFLAMMATORY_RESPONSE,1.77405278551066,0.000268882167566868,IFITM1
D5,Primary,INFLAMMATORY_RESPONSE,1.77405278551066,0.000268882167566868,NFKB1
D5,Primary,INFLAMMATORY_RESPONSE,1.77405278551066,0.000268882167566868,MEFV
D5,Primary,INFLAMMATORY_RESPONSE,1.77405278551066,0.000268882167566868,CD55
D5,Primary,INFLAMMATORY_RESPONSE,1.77405278551066,0.000268882167566868,C3AR1
D5,Primary,INFLAMMATORY_RESPONSE,1.77405278551066,0.000268882167566868,SEMA4D
D5,Primary,INFLAMMATORY_RESPONSE,1.77405278551066,0.000268882167566868,PSEN1
D5,Primary,INFLAMMATORY_RESPONSE,1.77405278551066,0.000268882167566868,RHOG
D5,Primary,INFLAMMATORY_RESPONSE,1.77405278551066,0.000268882167566868,RNF144B
D5,Primary,INFLAMMATORY_RESPONSE,1.77405278551066,0.000268882167566868,KLF6
D5,Primary,INFLAMMATORY_RESPONSE,1.77405278551066,0.000268882167566868,CSF3R
D5,Primary,INFLAMMATORY_RESPONSE,1.77405278551066,0.000268882167566868,AQP9
D5,Primary,INFLAMMATORY_RESPONSE,1.77405278551066,0.000268882167566868,IFNGR2
D5,Primary,INFLAMMATORY_RESPONSE,1.77405278551066,0.000268882167566868,CD82
D5,Primary,INFLAMMATORY_RESPONSE,1.77405278551066,0.000268882167566868,LDLR
D5,Primary,INFLAMMATORY_RESPONSE,1.77405278551066,0.000268882167566868,PROK2
D5,Primary,INFLAMMATORY_RESPONSE,1.77405278551066,0.000268882167566868,EIF2AK2
D5,Primary,INFLAMMATORY_RESPONSE,1.77405278551066,0.000268882167566868,RAF1
D5,Primary,INFLAMMATORY_RESPONSE,1.77405278551066,0.000268882167566868,NFKBIA
D5,Primary,INFLAMMATORY_RESPONSE,1.77405278551066,0.000268882167566868,SELL
D5,Primary,INFLAMMATORY_RESPONSE,1.77405278551066,0.000268882167566868,FPR1
D5,Primary,INFLAMMATORY_RESPONSE,1.77405278551066,0.000268882167566868,HIF1A
D5,Primary,INFLAMMATORY_RESPONSE,1.77405278551066,0.000268882167566868,ADM
D5,Primary,INFLAMMATORY_RESPONSE,1.77405278551066,0.000268882167566868,ADGRE1
D5,Primary,INFLAMMATORY_RESPONSE,1.77405278551066,0.000268882167566868,PTAFR
D5,Primary,INFLAMMATORY_RESPONSE,1.77405278551066,0.000268882167566868,HPN
D5,Primary,INFLAMMATORY_RESPONSE,1.77405278551066,0.000268882167566868,OSM
D5,Primary,INFLAMMATORY_RESPONSE,1.77405278551066,0.000268882167566868,PIK3R5
D5,Primary,INFLAMMATORY_RESPONSE,1.77405278551066,0.000268882167566868,TAPBP
D5,Primary,INFLAMMATORY_RESPONSE,1.77405278551066,0.000268882167566868,SGMS2
D5,Primary,INFLAMMATORY_RESPONSE,1.77405278551066,0.000268882167566868,CSF1
D5,Primary,INFLAMMATORY_RESPONSE,1.77405278551066,0.000268882167566868,FZD5
D5,Primary,INFLAMMATORY_RESPONSE,1.77405278551066,0.000268882167566868,SERPINE1
D5,Primary,INFLAMMATORY_RESPONSE,1.77405278551066,0.000268882167566868,NLRP3
D5,Primary,INFLAMMATORY_RESPONSE,1.77405278551066,0.000268882167566868,TLR1
D5,Primary,INFLAMMATORY_RESPONSE,1.77405278551066,0.000268882167566868,KCNJ2
D5,Primary,INFLAMMATORY_RESPONSE,1.77405278551066,0.000268882167566868,GPR132
D5,Primary,INFLAMMATORY_RESPONSE,1.77405278551066,0.000268882167566868,GNAI3
D5,Primary,INFLAMMATORY_RESPONSE,1.77405278551066,0.000268882167566868,NOD2
D5,Primary,INFLAMMATORY_RESPONSE,1.77405278551066,0.000268882167566868,OSMR
D5,Primary,INFLAMMATORY_RESPONSE,1.77405278551066,0.000268882167566868,DCBLD2
D5,Primary,INFLAMMATORY_RESPONSE,1.77405278551066,0.000268882167566868,NMI
D5,Primary,INFLAMMATORY_RESPONSE,1.77405278551066,0.000268882167566868,TNFSF10
D5,Primary,INFLAMMATORY_RESPONSE,1.77405278551066,0.000268882167566868,NAMPT
D5,Primary,INFLAMMATORY_RESPONSE,1.77405278551066,0.000268882167566868,CLEC5A
D5,Primary,INFLAMMATORY_RESPONSE,1.77405278551066,0.000268882167566868,SLC31A2
D5,Primary,INFLAMMATORY_RESPONSE,1.77405278551066,0.000268882167566868,IL10
D5,Primary,INFLAMMATORY_RESPONSE,1.77405278551066,0.000268882167566868,RGS16
D5,Primary,INFLAMMATORY_RESPONSE,1.77405278551066,0.000268882167566868,ITGA5
D5,Primary,INFLAMMATORY_RESPONSE,1.77405278551066,0.000268882167566868,IRF7
D5,Primary,INFLAMMATORY_RESPONSE,1.77405278551066,0.000268882167566868,FFAR2
D5,Primary,INFLAMMATORY_RESPONSE,1.77405278551066,0.000268882167566868,IRF1
D5,Primary,INFLAMMATORY_RESPONSE,1.77405278551066,0.000268882167566868,ICAM1
D5,Primary,INFLAMMATORY_RESPONSE,1.77405278551066,0.000268882167566868,TNFAIP6
D5,Primary,INFLAMMATORY_RESPONSE,1.77405278551066,0.000268882167566868,GNA15
D5,Primary,INFLAMMATORY_RESPONSE,1.77405278551066,0.000268882167566868,ABI1
D5,Primary,INTERFERON_ALPHA_RESPONSE,1.37786435330838,0.0815824459823814,TRIM25
D5,Primary,INTERFERON_ALPHA_RESPONSE,1.37786435330838,0.0815824459823814,PLSCR1
D5,Primary,INTERFERON_ALPHA_RESPONSE,1.37786435330838,0.0815824459823814,IL4R
D5,Primary,INTERFERON_ALPHA_RESPONSE,1.37786435330838,0.0815824459823814,ADAR
D5,Primary,INTERFERON_ALPHA_RESPONSE,1.37786435330838,0.0815824459823814,IRF2
D5,Primary,INTERFERON_ALPHA_RESPONSE,1.37786435330838,0.0815824459823814,IFITM1
D5,Primary,INTERFERON_ALPHA_RESPONSE,1.37786435330838,0.0815824459823814,IFITM2
D5,Primary,INTERFERON_ALPHA_RESPONSE,1.37786435330838,0.0815824459823814,TRAFD1
D5,Primary,INTERFERON_ALPHA_RESPONSE,1.37786435330838,0.0815824459823814,TRIM5
D5,Primary,INTERFERON_ALPHA_RESPONSE,1.37786435330838,0.0815824459823814,EIF2AK2
D5,Primary,INTERFERON_ALPHA_RESPONSE,1.37786435330838,0.0815824459823814,SELL
D5,Primary,INTERFERON_ALPHA_RESPONSE,1.37786435330838,0.0815824459823814,TMEM140
D5,Primary,INTERFERON_ALPHA_RESPONSE,1.37786435330838,0.0815824459823814,IFITM3
D5,Primary,INTERFERON_ALPHA_RESPONSE,1.37786435330838,0.0815824459823814,TRIM21
D5,Primary,INTERFERON_ALPHA_RESPONSE,1.37786435330838,0.0815824459823814,PARP9
D5,Primary,INTERFERON_ALPHA_RESPONSE,1.37786435330838,0.0815824459823814,SP110
D5,Primary,INTERFERON_ALPHA_RESPONSE,1.37786435330838,0.0815824459823814,TDRD7
D5,Primary,INTERFERON_ALPHA_RESPONSE,1.37786435330838,0.0815824459823814,CSF1
D5,Primary,INTERFERON_ALPHA_RESPONSE,1.37786435330838,0.0815824459823814,GBP2
D5,Primary,INTERFERON_ALPHA_RESPONSE,1.37786435330838,0.0815824459823814,GMPR
D5,Primary,INTERFERON_ALPHA_RESPONSE,1.37786435330838,0.0815824459823814,IRF9
D5,Primary,INTERFERON_ALPHA_RESPONSE,1.37786435330838,0.0815824459823814,NMI
D5,Primary,INTERFERON_ALPHA_RESPONSE,1.37786435330838,0.0815824459823814,HELZ2
D5,Primary,INTERFERON_ALPHA_RESPONSE,1.37786435330838,0.0815824459823814,BATF2
D5,Primary,INTERFERON_ALPHA_RESPONSE,1.37786435330838,0.0815824459823814,OGFR
D5,Primary,INTERFERON_ALPHA_RESPONSE,1.37786435330838,0.0815824459823814,IFI27
D5,Primary,INTERFERON_ALPHA_RESPONSE,1.37786435330838,0.0815824459823814,TXNIP
D5,Primary,INTERFERON_ALPHA_RESPONSE,1.37786435330838,0.0815824459823814,SLC25A28
D5,Primary,INTERFERON_ALPHA_RESPONSE,1.37786435330838,0.0815824459823814,IRF7
D5,Primary,INTERFERON_ALPHA_RESPONSE,1.37786435330838,0.0815824459823814,MOV10
D5,Primary,INTERFERON_ALPHA_RESPONSE,1.37786435330838,0.0815824459823814,IRF1
D5,Primary,INTERFERON_ALPHA_RESPONSE,1.37786435330838,0.0815824459823814,TAP1
D5,Primary,INTERFERON_ALPHA_RESPONSE,1.37786435330838,0.0815824459823814,RNF31
D5,Primary,INTERFERON_GAMMA_RESPONSE,1.36801146495122,0.0447075559174608,TRIM25
D5,Primary,INTERFERON_GAMMA_RESPONSE,1.36801146495122,0.0447075559174608,UPP1
D5,Primary,INTERFERON_GAMMA_RESPONSE,1.36801146495122,0.0447075559174608,EIF4E3
D5,Primary,INTERFERON_GAMMA_RESPONSE,1.36801146495122,0.0447075559174608,PLSCR1
D5,Primary,INTERFERON_GAMMA_RESPONSE,1.36801146495122,0.0447075559174608,NLRC5
D5,Primary,INTERFERON_GAMMA_RESPONSE,1.36801146495122,0.0447075559174608,LATS2
D5,Primary,INTERFERON_GAMMA_RESPONSE,1.36801146495122,0.0447075559174608,LCP2
D5,Primary,INTERFERON_GAMMA_RESPONSE,1.36801146495122,0.0447075559174608,STAT3
D5,Primary,INTERFERON_GAMMA_RESPONSE,1.36801146495122,0.0447075559174608,IL4R
D5,Primary,INTERFERON_GAMMA_RESPONSE,1.36801146495122,0.0447075559174608,ADAR
D5,Primary,INTERFERON_GAMMA_RESPONSE,1.36801146495122,0.0447075559174608,IRF2
D5,Primary,INTERFERON_GAMMA_RESPONSE,1.36801146495122,0.0447075559174608,NFKB1
D5,Primary,INTERFERON_GAMMA_RESPONSE,1.36801146495122,0.0447075559174608,SOCS3
D5,Primary,INTERFERON_GAMMA_RESPONSE,1.36801146495122,0.0447075559174608,IFITM2
D5,Primary,INTERFERON_GAMMA_RESPONSE,1.36801146495122,0.0447075559174608,FAS
D5,Primary,INTERFERON_GAMMA_RESPONSE,1.36801146495122,0.0447075559174608,PIM1
D5,Primary,INTERFERON_GAMMA_RESPONSE,1.36801146495122,0.0447075559174608,TRAFD1
D5,Primary,INTERFERON_GAMMA_RESPONSE,1.36801146495122,0.0447075559174608,PTPN1
D5,Primary,INTERFERON_GAMMA_RESPONSE,1.36801146495122,0.0447075559174608,JAK2
D5,Primary,INTERFERON_GAMMA_RESPONSE,1.36801146495122,0.0447075559174608,EIF2AK2
D5,Primary,INTERFERON_GAMMA_RESPONSE,1.36801146495122,0.0447075559174608,NFKBIA
D5,Primary,INTERFERON_GAMMA_RESPONSE,1.36801146495122,0.0447075559174608,ZNFX1
D5,Primary,INTERFERON_GAMMA_RESPONSE,1.36801146495122,0.0447075559174608,FPR1
D5,Primary,INTERFERON_GAMMA_RESPONSE,1.36801146495122,0.0447075559174608,IFITM3
D5,Primary,INTERFERON_GAMMA_RESPONSE,1.36801146495122,0.0447075559174608,TRIM21
D5,Primary,INTERFERON_GAMMA_RESPONSE,1.36801146495122,0.0447075559174608,RNF213
D5,Primary,INTERFERON_GAMMA_RESPONSE,1.36801146495122,0.0447075559174608,RIPK1
D5,Primary,INTERFERON_GAMMA_RESPONSE,1.36801146495122,0.0447075559174608,HIF1A
D5,Primary,INTERFERON_GAMMA_RESPONSE,1.36801146495122,0.0447075559174608,SP110
D5,Primary,INTERFERON_GAMMA_RESPONSE,1.36801146495122,0.0447075559174608,ARID5B
D5,Primary,INTERFERON_GAMMA_RESPONSE,1.36801146495122,0.0447075559174608,TDRD7
D5,Primary,INTERFERON_GAMMA_RESPONSE,1.36801146495122,0.0447075559174608,CD274
D5,Primary,INTERFERON_GAMMA_RESPONSE,1.36801146495122,0.0447075559174608,MVP
D5,Primary,INTERFERON_GAMMA_RESPONSE,1.36801146495122,0.0447075559174608,CSF2RB
D5,Primary,INTERFERON_GAMMA_RESPONSE,1.36801146495122,0.0447075559174608,CASP4
D5,Primary,INTERFERON_GAMMA_RESPONSE,1.36801146495122,0.0447075559174608,TAPBP
D5,Primary,INTERFERON_GAMMA_RESPONSE,1.36801146495122,0.0447075559174608,TMT1B
D5,Primary,INTERFERON_GAMMA_RESPONSE,1.36801146495122,0.0447075559174608,PELI1
D5,Primary,INTERFERON_GAMMA_RESPONSE,1.36801146495122,0.0447075559174608,C1R
D5,Primary,INTERFERON_GAMMA_RESPONSE,1.36801146495122,0.0447075559174608,MYD88
D5,Primary,INTERFERON_GAMMA_RESPONSE,1.36801146495122,0.0447075559174608,MX2
D5,Primary,INTERFERON_GAMMA_RESPONSE,1.36801146495122,0.0447075559174608,PTPN6
D5,Primary,INTERFERON_GAMMA_RESPONSE,1.36801146495122,0.0447075559174608,TNFAIP3
D5,Primary,INTERFERON_GAMMA_RESPONSE,1.36801146495122,0.0447075559174608,TOR1B
D5,Primary,INTERFERON_GAMMA_RESPONSE,1.36801146495122,0.0447075559174608,IRF9
D5,Primary,INTERFERON_GAMMA_RESPONSE,1.36801146495122,0.0447075559174608,IFNAR2
D5,Primary,INTERFERON_GAMMA_RESPONSE,1.36801146495122,0.0447075559174608,FCGR1A
D5,Primary,INTERFERON_GAMMA_RESPONSE,1.36801146495122,0.0447075559174608,SOCS1
D5,Primary,INTERFERON_GAMMA_RESPONSE,1.36801146495122,0.0447075559174608,NMI
D5,Primary,INTERFERON_GAMMA_RESPONSE,1.36801146495122,0.0447075559174608,TNFSF10
D5,Primary,INTERFERON_GAMMA_RESPONSE,1.36801146495122,0.0447075559174608,NAMPT
D5,Primary,INTERFERON_GAMMA_RESPONSE,1.36801146495122,0.0447075559174608,RBCK1
D5,Primary,INTERFERON_GAMMA_RESPONSE,1.36801146495122,0.0447075559174608,HELZ2
D5,Primary,INTERFERON_GAMMA_RESPONSE,1.36801146495122,0.0447075559174608,ST8SIA4
D5,Primary,INTERFERON_GAMMA_RESPONSE,1.36801146495122,0.0447075559174608,BATF2
D5,Primary,INTERFERON_GAMMA_RESPONSE,1.36801146495122,0.0447075559174608,OGFR
D5,Primary,INTERFERON_GAMMA_RESPONSE,1.36801146495122,0.0447075559174608,PML
D5,Primary,INTERFERON_GAMMA_RESPONSE,1.36801146495122,0.0447075559174608,IFI27
D5,Primary,INTERFERON_GAMMA_RESPONSE,1.36801146495122,0.0447075559174608,TXNIP
D5,Primary,INTERFERON_GAMMA_RESPONSE,1.36801146495122,0.0447075559174608,SLC25A28
D5,Primary,INTERFERON_GAMMA_RESPONSE,1.36801146495122,0.0447075559174608,IRF7
D5,Primary,INTERFERON_GAMMA_RESPONSE,1.36801146495122,0.0447075559174608,IRF1
D5,Primary,INTERFERON_GAMMA_RESPONSE,1.36801146495122,0.0447075559174608,RIGI
D5,Primary,INTERFERON_GAMMA_RESPONSE,1.36801146495122,0.0447075559174608,ICAM1
D5,Primary,INTERFERON_GAMMA_RESPONSE,1.36801146495122,0.0447075559174608,TNFAIP6
D5,Primary,INTERFERON_GAMMA_RESPONSE,1.36801146495122,0.0447075559174608,TAP1
D5,Primary,INTERFERON_GAMMA_RESPONSE,1.36801146495122,0.0447075559174608,RNF31
D5,Primary,KRAS_SIGNALING_DN,1.04316348552609,0.48758421310756,ZBTB16
D5,Primary,KRAS_SIGNALING_DN,1.04316348552609,0.48758421310756,PTPRJ
D5,Primary,KRAS_SIGNALING_DN,1.04316348552609,0.48758421310756,TG
D5,Primary,KRAS_SIGNALING_DN,1.04316348552609,0.48758421310756,ASB7
D5,Primary,KRAS_SIGNALING_DN,1.04316348552609,0.48758421310756,CPEB3
D5,Primary,KRAS_SIGNALING_DN,1.04316348552609,0.48758421310756,MEFV
D5,Primary,KRAS_SIGNALING_DN,1.04316348552609,0.48758421310756,STAG3
D5,Primary,KRAS_SIGNALING_DN,1.04316348552609,0.48758421310756,ENTPD7
D5,Primary,KRAS_SIGNALING_DN,1.04316348552609,0.48758421310756,CCNA1
D5,Primary,KRAS_SIGNALING_DN,1.04316348552609,0.48758421310756,KCND1
D5,Primary,KRAS_SIGNALING_DN,1.04316348552609,0.48758421310756,HSD11B2
D5,Primary,KRAS_SIGNALING_DN,1.04316348552609,0.48758421310756,PTGFR
D5,Primary,KRAS_SIGNALING_DN,1.04316348552609,0.48758421310756,MAST3
D5,Primary,KRAS_SIGNALING_UP,0.807155022223018,0.924298752933932,MMP9
D5,Primary,KRAS_SIGNALING_UP,0.807155022223018,0.924298752933932,ARG1
D5,Primary,KRAS_SIGNALING_UP,0.807155022223018,0.924298752933932,AVL9
D5,Primary,KRAS_SIGNALING_UP,0.807155022223018,0.924298752933932,GALNT3
D5,Primary,KRAS_SIGNALING_UP,0.807155022223018,0.924298752933932,DOCK2
D5,Primary,KRAS_SIGNALING_UP,0.807155022223018,0.924298752933932,TLR8
D5,Primary,KRAS_SIGNALING_UP,0.807155022223018,0.924298752933932,C3AR1
D5,Primary,KRAS_SIGNALING_UP,0.807155022223018,0.924298752933932,TOR1AIP2
D5,Primary,KRAS_SIGNALING_UP,0.807155022223018,0.924298752933932,CDADC1
D5,Primary,KRAS_SIGNALING_UP,0.807155022223018,0.924298752933932,LAT2
D5,Primary,KRAS_SIGNALING_UP,0.807155022223018,0.924298752933932,CBL
D5,Primary,KRAS_SIGNALING_UP,0.807155022223018,0.924298752933932,LCP1
D5,Primary,KRAS_SIGNALING_UP,0.807155022223018,0.924298752933932,ADAM17
D5,Primary,KRAS_SIGNALING_UP,0.807155022223018,0.924298752933932,PTBP2
D5,Primary,KRAS_SIGNALING_UP,0.807155022223018,0.924298752933932,CSF2RA
D5,Primary,KRAS_SIGNALING_UP,0.807155022223018,0.924298752933932,NIN
D5,Primary,KRAS_SIGNALING_UP,0.807155022223018,0.924298752933932,EMP1
D5,Primary,KRAS_SIGNALING_UP,0.807155022223018,0.924298752933932,GADD45G
D5,Primary,KRAS_SIGNALING_UP,0.807155022223018,0.924298752933932,F2RL1
D5,Primary,KRAS_SIGNALING_UP,0.807155022223018,0.924298752933932,CA2
D5,Primary,KRAS_SIGNALING_UP,0.807155022223018,0.924298752933932,LY96
D5,Primary,KRAS_SIGNALING_UP,0.807155022223018,0.924298752933932,PPP1R15A
D5,Primary,KRAS_SIGNALING_UP,0.807155022223018,0.924298752933932,MAP3K1
D5,Primary,KRAS_SIGNALING_UP,0.807155022223018,0.924298752933932,TNFAIP3
D5,Primary,KRAS_SIGNALING_UP,0.807155022223018,0.924298752933932,ALDH1A2
D5,Primary,KRAS_SIGNALING_UP,0.807155022223018,0.924298752933932,MTMR10
D5,Primary,KRAS_SIGNALING_UP,0.807155022223018,0.924298752933932,DCBLD2
D5,Primary,KRAS_SIGNALING_UP,0.807155022223018,0.924298752933932,SPRY2
D5,Primary,KRAS_SIGNALING_UP,0.807155022223018,0.924298752933932,ADAM8
D5,Primary,KRAS_SIGNALING_UP,0.807155022223018,0.924298752933932,IKZF1
D5,Primary,KRAS_SIGNALING_UP,0.807155022223018,0.924298752933932,TFPI
D5,Primary,KRAS_SIGNALING_UP,0.807155022223018,0.924298752933932,RGS16
D5,Primary,KRAS_SIGNALING_UP,0.807155022223018,0.924298752933932,FCER1G
D5,Primary,KRAS_SIGNALING_UP,0.807155022223018,0.924298752933932,ITGB2
D5,Primary,MITOTIC_SPINDLE,1.80033485981612,6.91220923075669e-05,CDK5RAP2
D5,Primary,MITOTIC_SPINDLE,1.80033485981612,6.91220923075669e-05,KIF1B
D5,Primary,MITOTIC_SPINDLE,1.80033485981612,6.91220923075669e-05,CLASP1
D5,Primary,MITOTIC_SPINDLE,1.80033485981612,6.91220923075669e-05,AKAP13
D5,Primary,MITOTIC_SPINDLE,1.80033485981612,6.91220923075669e-05,KLC1
D5,Primary,MITOTIC_SPINDLE,1.80033485981612,6.91220923075669e-05,RANBP9
D5,Primary,MITOTIC_SPINDLE,1.80033485981612,6.91220923075669e-05,FGD4
D5,Primary,MITOTIC_SPINDLE,1.80033485981612,6.91220923075669e-05,SSH2
D5,Primary,MITOTIC_SPINDLE,1.80033485981612,6.91220923075669e-05,PREX1
D5,Primary,MITOTIC_SPINDLE,1.80033485981612,6.91220923075669e-05,ARL8A
D5,Primary,MITOTIC_SPINDLE,1.80033485981612,6.91220923075669e-05,DOCK2
D5,Primary,MITOTIC_SPINDLE,1.80033485981612,6.91220923075669e-05,GSN
D5,Primary,MITOTIC_SPINDLE,1.80033485981612,6.91220923075669e-05,TUBA4A
D5,Primary,MITOTIC_SPINDLE,1.80033485981612,6.91220923075669e-05,CSNK1D
D5,Primary,MITOTIC_SPINDLE,1.80033485981612,6.91220923075669e-05,KIF3C
D5,Primary,MITOTIC_SPINDLE,1.80033485981612,6.91220923075669e-05,ROCK1
D5,Primary,MITOTIC_SPINDLE,1.80033485981612,6.91220923075669e-05,ARHGEF11
D5,Primary,MITOTIC_SPINDLE,1.80033485981612,6.91220923075669e-05,RASA2
D5,Primary,MITOTIC_SPINDLE,1.80033485981612,6.91220923075669e-05,SPTBN1
D5,Primary,MITOTIC_SPINDLE,1.80033485981612,6.91220923075669e-05,NF1
D5,Primary,MITOTIC_SPINDLE,1.80033485981612,6.91220923075669e-05,CLIP1
D5,Primary,MITOTIC_SPINDLE,1.80033485981612,6.91220923075669e-05,NIN
D5,Primary,MITOTIC_SPINDLE,1.80033485981612,6.91220923075669e-05,WASF2
D5,Primary,MITOTIC_SPINDLE,1.80033485981612,6.91220923075669e-05,LMNB1
D5,Primary,MITOTIC_SPINDLE,1.80033485981612,6.91220923075669e-05,PPP4R2
D5,Primary,MITOTIC_SPINDLE,1.80033485981612,6.91220923075669e-05,CDC42EP2
D5,Primary,MITOTIC_SPINDLE,1.80033485981612,6.91220923075669e-05,PXN
D5,Primary,MITOTIC_SPINDLE,1.80033485981612,6.91220923075669e-05,CDC42EP4
D5,Primary,MITOTIC_SPINDLE,1.80033485981612,6.91220923075669e-05,PAFAH1B1
D5,Primary,MITOTIC_SPINDLE,1.80033485981612,6.91220923075669e-05,NOTCH2
D5,Primary,MITOTIC_SPINDLE,1.80033485981612,6.91220923075669e-05,NEDD9
D5,Primary,MITOTIC_SPINDLE,1.80033485981612,6.91220923075669e-05,CDC42EP1
D5,Primary,MITOTIC_SPINDLE,1.80033485981612,6.91220923075669e-05,ARHGEF2
D5,Primary,MITOTIC_SPINDLE,1.80033485981612,6.91220923075669e-05,NCK2
D5,Primary,MITOTIC_SPINDLE,1.80033485981612,6.91220923075669e-05,PRC1
D5,Primary,MITOTIC_SPINDLE,1.80033485981612,6.91220923075669e-05,CNTROB
D5,Primary,MITOTIC_SPINDLE,1.80033485981612,6.91220923075669e-05,CDC42BPA
D5,Primary,MITOTIC_SPINDLE,1.80033485981612,6.91220923075669e-05,CAPZB
D5,Primary,MITOTIC_SPINDLE,1.80033485981612,6.91220923075669e-05,ARFGEF1
D5,Primary,MITOTIC_SPINDLE,1.80033485981612,6.91220923075669e-05,STAU1
D5,Primary,MITOTIC_SPINDLE,1.80033485981612,6.91220923075669e-05,MYH9
D5,Primary,MITOTIC_SPINDLE,1.80033485981612,6.91220923075669e-05,APC
D5,Primary,MITOTIC_SPINDLE,1.80033485981612,6.91220923075669e-05,RASA1
D5,Primary,MITOTIC_SPINDLE,1.80033485981612,6.91220923075669e-05,FLNB
D5,Primary,MITOTIC_SPINDLE,1.80033485981612,6.91220923075669e-05,MARK4
D5,Primary,MITOTIC_SPINDLE,1.80033485981612,6.91220923075669e-05,ECT2
D5,Primary,MITOTIC_SPINDLE,1.80033485981612,6.91220923075669e-05,ABR
D5,Primary,MITOTIC_SPINDLE,1.80033485981612,6.91220923075669e-05,KIF4A
D5,Primary,MITOTIC_SPINDLE,1.80033485981612,6.91220923075669e-05,TUBD1
D5,Primary,MITOTIC_SPINDLE,1.80033485981612,6.91220923075669e-05,ARHGEF12
D5,Primary,MITOTIC_SPINDLE,1.80033485981612,6.91220923075669e-05,ITSN1
D5,Primary,MITOTIC_SPINDLE,1.80033485981612,6.91220923075669e-05,ARHGAP27
D5,Primary,MITOTIC_SPINDLE,1.80033485981612,6.91220923075669e-05,CYTH2
D5,Primary,MITOTIC_SPINDLE,1.80033485981612,6.91220923075669e-05,RALBP1
D5,Primary,MITOTIC_SPINDLE,1.80033485981612,6.91220923075669e-05,CDC42
D5,Primary,MITOTIC_SPINDLE,1.80033485981612,6.91220923075669e-05,KPTN
D5,Primary,MITOTIC_SPINDLE,1.80033485981612,6.91220923075669e-05,ACTN4
D5,Primary,MITOTIC_SPINDLE,1.80033485981612,6.91220923075669e-05,ARAP3
D5,Primary,MITOTIC_SPINDLE,1.80033485981612,6.91220923075669e-05,TTK
D5,Primary,MITOTIC_SPINDLE,1.80033485981612,6.91220923075669e-05,KIF11
D5,Primary,MITOTIC_SPINDLE,1.80033485981612,6.91220923075669e-05,MYO9B
D5,Primary,MITOTIC_SPINDLE,1.80033485981612,6.91220923075669e-05,MARCKS
D5,Primary,MITOTIC_SPINDLE,1.80033485981612,6.91220923075669e-05,ABI1
D5,Primary,MITOTIC_SPINDLE,1.80033485981612,6.91220923075669e-05,HDAC6
D5,Primary,MITOTIC_SPINDLE,1.80033485981612,6.91220923075669e-05,TAOK2
D5,Primary,MITOTIC_SPINDLE,1.80033485981612,6.91220923075669e-05,VCL
D5,Primary,MITOTIC_SPINDLE,1.80033485981612,6.91220923075669e-05,MAP1S
D5,Primary,MITOTIC_SPINDLE,1.80033485981612,6.91220923075669e-05,MYH10
D5,Primary,MITOTIC_SPINDLE,1.80033485981612,6.91220923075669e-05,KIF5B
D5,Primary,MITOTIC_SPINDLE,1.80033485981612,6.91220923075669e-05,WASF1
D5,Primary,MITOTIC_SPINDLE,1.80033485981612,6.91220923075669e-05,TBCD
D5,Primary,MITOTIC_SPINDLE,1.80033485981612,6.91220923075669e-05,NUSAP1
D5,Primary,MITOTIC_SPINDLE,1.80033485981612,6.91220923075669e-05,TUBGCP2
D5,Primary,MITOTIC_SPINDLE,1.80033485981612,6.91220923075669e-05,CEP192
D5,Primary,MITOTIC_SPINDLE,1.80033485981612,6.91220923075669e-05,PCNT
D5,Primary,MITOTIC_SPINDLE,1.80033485981612,6.91220923075669e-05,SOS1
D5,Primary,MITOTIC_SPINDLE,1.80033485981612,6.91220923075669e-05,RABGAP1
D5,Primary,MITOTIC_SPINDLE,1.80033485981612,6.91220923075669e-05,MAP3K11
D5,Primary,MITOTIC_SPINDLE,1.80033485981612,6.91220923075669e-05,PDLIM5
D5,Primary,MITOTIC_SPINDLE,1.80033485981612,6.91220923075669e-05,KIF15
D5,Primary,MITOTIC_SPINDLE,1.80033485981612,6.91220923075669e-05,TLK1
D5,Primary,MITOTIC_SPINDLE,1.80033485981612,6.91220923075669e-05,DYNLL2
D5,Primary,MITOTIC_SPINDLE,1.80033485981612,6.91220923075669e-05,KIF23
D5,Primary,MTORC1_SIGNALING,-1.21967912332138,0.114830934047539,UFM1
D5,Primary,MTORC1_SIGNALING,-1.21967912332138,0.114830934047539,GTF2H1
D5,Primary,MTORC1_SIGNALING,-1.21967912332138,0.114830934047539,HSPD1
D5,Primary,MTORC1_SIGNALING,-1.21967912332138,0.114830934047539,FGL2
D5,Primary,MTORC1_SIGNALING,-1.21967912332138,0.114830934047539,EEF1E1
D5,Primary,MTORC1_SIGNALING,-1.21967912332138,0.114830934047539,ATP5MC1
D5,Primary,MTORC1_SIGNALING,-1.21967912332138,0.114830934047539,HSPA9
D5,Primary,MTORC1_SIGNALING,-1.21967912332138,0.114830934047539,M6PR
D5,Primary,MTORC1_SIGNALING,-1.21967912332138,0.114830934047539,GGA2
D5,Primary,MTORC1_SIGNALING,-1.21967912332138,0.114830934047539,PPIA
D5,Primary,MTORC1_SIGNALING,-1.21967912332138,0.114830934047539,CACYBP
D5,Primary,MTORC1_SIGNALING,-1.21967912332138,0.114830934047539,HSP90B1
D5,Primary,MTORC1_SIGNALING,-1.21967912332138,0.114830934047539,PSMD14
D5,Primary,MTORC1_SIGNALING,-1.21967912332138,0.114830934047539,PSMC2
D5,Primary,MTORC1_SIGNALING,-1.21967912332138,0.114830934047539,EPRS1
D5,Primary,MTORC1_SIGNALING,-1.21967912332138,0.114830934047539,SLC37A4
D5,Primary,MTORC1_SIGNALING,-1.21967912332138,0.114830934047539,USO1
D5,Primary,MTORC1_SIGNALING,-1.21967912332138,0.114830934047539,STARD4
D5,Primary,MTORC1_SIGNALING,-1.21967912332138,0.114830934047539,INSIG1
D5,Primary,MTORC1_SIGNALING,-1.21967912332138,0.114830934047539,MTHFD2L
D5,Primary,MTORC1_SIGNALING,-1.21967912332138,0.114830934047539,IMMT
D5,Primary,MTORC1_SIGNALING,-1.21967912332138,0.114830934047539,SHMT2
D5,Primary,MTORC1_SIGNALING,-1.21967912332138,0.114830934047539,PITPNB
D5,Primary,MTORC1_SIGNALING,-1.21967912332138,0.114830934047539,SC5D
D5,Primary,MTORC1_SIGNALING,-1.21967912332138,0.114830934047539,SEC11A
D5,Primary,MTORC1_SIGNALING,-1.21967912332138,0.114830934047539,TCEA1
D5,Primary,MTORC1_SIGNALING,-1.21967912332138,0.114830934047539,MLLT11
D5,Primary,MTORC1_SIGNALING,-1.21967912332138,0.114830934047539,PRDX1
D5,Primary,MTORC1_SIGNALING,-1.21967912332138,0.114830934047539,CANX
D5,Primary,MTORC1_SIGNALING,-1.21967912332138,0.114830934047539,SSR1
D5,Primary,MTORC1_SIGNALING,-1.21967912332138,0.114830934047539,HSPA4
D5,Primary,MTORC1_SIGNALING,-1.21967912332138,0.114830934047539,NUP205
D5,Primary,MTORC1_SIGNALING,-1.21967912332138,0.114830934047539,CYB5B
D5,Primary,MTORC1_SIGNALING,-1.21967912332138,0.114830934047539,RRP9
D5,Primary,MTORC1_SIGNALING,-1.21967912332138,0.114830934047539,CXCR4
D5,Primary,MTORC1_SIGNALING,-1.21967912332138,0.114830934047539,PPA1
D5,Primary,MTORC1_SIGNALING,-1.21967912332138,0.114830934047539,XBP1
D5,Primary,MTORC1_SIGNALING,-1.21967912332138,0.114830934047539,CCT6A
D5,Primary,MTORC1_SIGNALING,-1.21967912332138,0.114830934047539,UCHL5
D5,Primary,MTORC1_SIGNALING,-1.21967912332138,0.114830934047539,PHGDH
D5,Primary,MTORC1_SIGNALING,-1.21967912332138,0.114830934047539,HMGCS1
D5,Primary,MTORC1_SIGNALING,-1.21967912332138,0.114830934047539,RPA1
D5,Primary,MTORC1_SIGNALING,-1.21967912332138,0.114830934047539,ARPC5L
D5,Primary,MTORC1_SIGNALING,-1.21967912332138,0.114830934047539,TRIB3
D5,Primary,MTORC1_SIGNALING,-1.21967912332138,0.114830934047539,RPN1
D5,Primary,MTORC1_SIGNALING,-1.21967912332138,0.114830934047539,PSMA3
D5,Primary,MTORC1_SIGNALING,-1.21967912332138,0.114830934047539,EBP
D5,Primary,MTORC1_SIGNALING,-1.21967912332138,0.114830934047539,EDEM1
D5,Primary,MTORC1_SIGNALING,-1.21967912332138,0.114830934047539,HSPA5
D5,Primary,MTORC1_SIGNALING,-1.21967912332138,0.114830934047539,SERP1
D5,Primary,MTORC1_SIGNALING,-1.21967912332138,0.114830934047539,FKBP2
D5,Primary,MTORC1_SIGNALING,-1.21967912332138,0.114830934047539,PSMA4
D5,Primary,MTORC1_SIGNALING,-1.21967912332138,0.114830934047539,PSMC6
D5,Primary,MTORC1_SIGNALING,-1.21967912332138,0.114830934047539,CALR
D5,Primary,MTORC1_SIGNALING,-1.21967912332138,0.114830934047539,SYTL2
D5,Primary,MTORC1_SIGNALING,-1.21967912332138,0.114830934047539,SORD
D5,Primary,MTORC1_SIGNALING,-1.21967912332138,0.114830934047539,HPRT1
D5,Primary,MTORC1_SIGNALING,-1.21967912332138,0.114830934047539,EIF2S2
D5,Primary,MTORC1_SIGNALING,-1.21967912332138,0.114830934047539,POLR3G
D5,Primary,MYC_TARGETS_V1,-3.13061869681718,6.18934601350443e-27,SRSF7
D5,Primary,MYC_TARGETS_V1,-3.13061869681718,6.18934601350443e-27,DDX18
D5,Primary,MYC_TARGETS_V1,-3.13061869681718,6.18934601350443e-27,SYNCRIP
D5,Primary,MYC_TARGETS_V1,-3.13061869681718,6.18934601350443e-27,BUB3
D5,Primary,MYC_TARGETS_V1,-3.13061869681718,6.18934601350443e-27,NPM1
D5,Primary,MYC_TARGETS_V1,-3.13061869681718,6.18934601350443e-27,SNRPA1
D5,Primary,MYC_TARGETS_V1,-3.13061869681718,6.18934601350443e-27,HNRNPR
D5,Primary,MYC_TARGETS_V1,-3.13061869681718,6.18934601350443e-27,ABCE1
D5,Primary,MYC_TARGETS_V1,-3.13061869681718,6.18934601350443e-27,SET
D5,Primary,MYC_TARGETS_V1,-3.13061869681718,6.18934601350443e-27,EEF1B2
D5,Primary,MYC_TARGETS_V1,-3.13061869681718,6.18934601350443e-27,FBL
D5,Primary,MYC_TARGETS_V1,-3.13061869681718,6.18934601350443e-27,TOMM70
D5,Primary,MYC_TARGETS_V1,-3.13061869681718,6.18934601350443e-27,RPL34
D5,Primary,MYC_TARGETS_V1,-3.13061869681718,6.18934601350443e-27,HSPD1
D5,Primary,MYC_TARGETS_V1,-3.13061869681718,6.18934601350443e-27,G3BP1
D5,Primary,MYC_TARGETS_V1,-3.13061869681718,6.18934601350443e-27,NOP56
D5,Primary,MYC_TARGETS_V1,-3.13061869681718,6.18934601350443e-27,RPL22
D5,Primary,MYC_TARGETS_V1,-3.13061869681718,6.18934601350443e-27,MRPS18B
D5,Primary,MYC_TARGETS_V1,-3.13061869681718,6.18934601350443e-27,MAD2L1
D5,Primary,MYC_TARGETS_V1,-3.13061869681718,6.18934601350443e-27,STARD7
D5,Primary,MYC_TARGETS_V1,-3.13061869681718,6.18934601350443e-27,RAN
D5,Primary,MYC_TARGETS_V1,-3.13061869681718,6.18934601350443e-27,DDX21
D5,Primary,MYC_TARGETS_V1,-3.13061869681718,6.18934601350443e-27,NDUFAB1
D5,Primary,MYC_TARGETS_V1,-3.13061869681718,6.18934601350443e-27,CCT4
D5,Primary,MYC_TARGETS_V1,-3.13061869681718,6.18934601350443e-27,CLNS1A
D5,Primary,MYC_TARGETS_V1,-3.13061869681718,6.18934601350443e-27,ILF2
D5,Primary,MYC_TARGETS_V1,-3.13061869681718,6.18934601350443e-27,RPS2
D5,Primary,MYC_TARGETS_V1,-3.13061869681718,6.18934601350443e-27,RSL1D1
D5,Primary,MYC_TARGETS_V1,-3.13061869681718,6.18934601350443e-27,RPLP0
D5,Primary,MYC_TARGETS_V1,-3.13061869681718,6.18934601350443e-27,RPS5
D5,Primary,MYC_TARGETS_V1,-3.13061869681718,6.18934601350443e-27,PPIA
D5,Primary,MYC_TARGETS_V1,-3.13061869681718,6.18934601350443e-27,APEX1
D5,Primary,MYC_TARGETS_V1,-3.13061869681718,6.18934601350443e-27,GLO1
D5,Primary,MYC_TARGETS_V1,-3.13061869681718,6.18934601350443e-27,MYC
D5,Primary,MYC_TARGETS_V1,-3.13061869681718,6.18934601350443e-27,EIF2S1
D5,Primary,MYC_TARGETS_V1,-3.13061869681718,6.18934601350443e-27,POLE3
D5,Primary,MYC_TARGETS_V1,-3.13061869681718,6.18934601350443e-27,VDAC1
D5,Primary,MYC_TARGETS_V1,-3.13061869681718,6.18934601350443e-27,RPS3
D5,Primary,MYC_TARGETS_V1,-3.13061869681718,6.18934601350443e-27,RPL6
D5,Primary,MYC_TARGETS_V1,-3.13061869681718,6.18934601350443e-27,SNRPD2
D5,Primary,MYC_TARGETS_V1,-3.13061869681718,6.18934601350443e-27,RPS10
D5,Primary,MYC_TARGETS_V1,-3.13061869681718,6.18934601350443e-27,PSMD14
D5,Primary,MYC_TARGETS_V1,-3.13061869681718,6.18934601350443e-27,RPL18
D5,Primary,MYC_TARGETS_V1,-3.13061869681718,6.18934601350443e-27,SSBP1
D5,Primary,MYC_TARGETS_V1,-3.13061869681718,6.18934601350443e-27,CCT2
D5,Primary,MYC_TARGETS_V1,-3.13061869681718,6.18934601350443e-27,EPRS1
D5,Primary,MYC_TARGETS_V1,-3.13061869681718,6.18934601350443e-27,PHB1
D5,Primary,MYC_TARGETS_V1,-3.13061869681718,6.18934601350443e-27,SRSF2
D5,Primary,MYC_TARGETS_V1,-3.13061869681718,6.18934601350443e-27,RPS6
D5,Primary,MYC_TARGETS_V1,-3.13061869681718,6.18934601350443e-27,SRSF3
D5,Primary,MYC_TARGETS_V1,-3.13061869681718,6.18934601350443e-27,PSMD8
D5,Primary,MYC_TARGETS_V1,-3.13061869681718,6.18934601350443e-27,EIF3D
D5,Primary,MYC_TARGETS_V1,-3.13061869681718,6.18934601350443e-27,NCBP2
D5,Primary,MYC_TARGETS_V1,-3.13061869681718,6.18934601350443e-27,GNL3
D5,Primary,MYC_TARGETS_V1,-3.13061869681718,6.18934601350443e-27,IMPDH2
D5,Primary,MYC_TARGETS_V1,-3.13061869681718,6.18934601350443e-27,DHX15
D5,Primary,MYC_TARGETS_V1,-3.13061869681718,6.18934601350443e-27,IARS1
D5,Primary,MYC_TARGETS_V1,-3.13061869681718,6.18934601350443e-27,DUT
D5,Primary,MYC_TARGETS_V1,-3.13061869681718,6.18934601350443e-27,PSMA2
D5,Primary,MYC_TARGETS_V1,-3.13061869681718,6.18934601350443e-27,PCNA
D5,Primary,MYC_TARGETS_V1,-3.13061869681718,6.18934601350443e-27,PRDX4
D5,Primary,MYC_TARGETS_V1,-3.13061869681718,6.18934601350443e-27,ERH
D5,Primary,MYC_TARGETS_V1,-3.13061869681718,6.18934601350443e-27,KARS1
D5,Primary,MYC_TARGETS_V1,-3.13061869681718,6.18934601350443e-27,HNRNPD
D5,Primary,MYC_TARGETS_V1,-3.13061869681718,6.18934601350443e-27,HDAC2
D5,Primary,MYC_TARGETS_V1,-3.13061869681718,6.18934601350443e-27,C1QBP
D5,Primary,MYC_TARGETS_V1,-3.13061869681718,6.18934601350443e-27,CCT7
D5,Primary,MYC_TARGETS_V1,-3.13061869681718,6.18934601350443e-27,YWHAQ
D5,Primary,MYC_TARGETS_V1,-3.13061869681718,6.18934601350443e-27,PRPS2
D5,Primary,MYC_TARGETS_V1,-3.13061869681718,6.18934601350443e-27,RACK1
D5,Primary,MYC_TARGETS_V1,-3.13061869681718,6.18934601350443e-27,PABPC4
D5,Primary,MYC_TARGETS_V1,-3.13061869681718,6.18934601350443e-27,CANX
D5,Primary,MYC_TARGETS_V1,-3.13061869681718,6.18934601350443e-27,SLC25A3
D5,Primary,MYC_TARGETS_V1,-3.13061869681718,6.18934601350443e-27,TXNL4A
D5,Primary,MYC_TARGETS_V1,-3.13061869681718,6.18934601350443e-27,SERBP1
D5,Primary,MYC_TARGETS_V1,-3.13061869681718,6.18934601350443e-27,RRP9
D5,Primary,MYC_TARGETS_V1,-3.13061869681718,6.18934601350443e-27,CDK4
D5,Primary,MYC_TARGETS_V1,-3.13061869681718,6.18934601350443e-27,MRPL23
D5,Primary,MYC_TARGETS_V1,-3.13061869681718,6.18934601350443e-27,ACP1
D5,Primary,MYC_TARGETS_V1,-3.13061869681718,6.18934601350443e-27,PHB2
D5,Primary,MYC_TARGETS_V1,-3.13061869681718,6.18934601350443e-27,MRPL9
D5,Primary,MYC_TARGETS_V1,-3.13061869681718,6.18934601350443e-27,TUFM
D5,Primary,MYC_TARGETS_V1,-3.13061869681718,6.18934601350443e-27,NME1
D5,Primary,MYC_TARGETS_V1,-3.13061869681718,6.18934601350443e-27,UBE2E1
D5,Primary,MYC_TARGETS_V1,-3.13061869681718,6.18934601350443e-27,SNRPA
D5,Primary,MYC_TARGETS_V1,-3.13061869681718,6.18934601350443e-27,RFC4
D5,Primary,MYC_TARGETS_V1,-3.13061869681718,6.18934601350443e-27,HNRNPA3
D5,Primary,MYC_TARGETS_V1,-3.13061869681718,6.18934601350443e-27,CUL1
D5,Primary,MYC_TARGETS_V1,-3.13061869681718,6.18934601350443e-27,NAP1L1
D5,Primary,MYC_TARGETS_V1,-3.13061869681718,6.18934601350443e-27,HNRNPA1
D5,Primary,MYC_TARGETS_V1,-3.13061869681718,6.18934601350443e-27,HSP90AB1
D5,Primary,MYC_TARGETS_V1,-3.13061869681718,6.18934601350443e-27,XRCC6
D5,Primary,MYC_TARGETS_V1,-3.13061869681718,6.18934601350443e-27,PSMA1
D5,Primary,MYC_TARGETS_V1,-3.13061869681718,6.18934601350443e-27,SNRPD1
D5,Primary,MYC_TARGETS_V1,-3.13061869681718,6.18934601350443e-27,SNRPB2
D5,Primary,MYC_TARGETS_V1,-3.13061869681718,6.18934601350443e-27,CTPS1
D5,Primary,MYC_TARGETS_V1,-3.13061869681718,6.18934601350443e-27,ODC1
D5,Primary,MYC_TARGETS_V1,-3.13061869681718,6.18934601350443e-27,SRM
D5,Primary,MYC_TARGETS_V1,-3.13061869681718,6.18934601350443e-27,SNRPD3
D5,Primary,MYC_TARGETS_V1,-3.13061869681718,6.18934601350443e-27,VDAC3
D5,Primary,MYC_TARGETS_V1,-3.13061869681718,6.18934601350443e-27,UBA2
D5,Primary,MYC_TARGETS_V1,-3.13061869681718,6.18934601350443e-27,TRA2B
D5,Primary,MYC_TARGETS_V1,-3.13061869681718,6.18934601350443e-27,RANBP1
D5,Primary,MYC_TARGETS_V1,-3.13061869681718,6.18934601350443e-27,PSMA4
D5,Primary,MYC_TARGETS_V1,-3.13061869681718,6.18934601350443e-27,PSMC6
D5,Primary,MYC_TARGETS_V1,-3.13061869681718,6.18934601350443e-27,AIMP2
D5,Primary,MYC_TARGETS_V1,-3.13061869681718,6.18934601350443e-27,EIF4A1
D5,Primary,MYC_TARGETS_V1,-3.13061869681718,6.18934601350443e-27,RRM1
D5,Primary,MYC_TARGETS_V1,-3.13061869681718,6.18934601350443e-27,RPL14
D5,Primary,MYC_TARGETS_V1,-3.13061869681718,6.18934601350443e-27,EIF4E
D5,Primary,MYC_TARGETS_V1,-3.13061869681718,6.18934601350443e-27,HPRT1
D5,Primary,MYC_TARGETS_V1,-3.13061869681718,6.18934601350443e-27,EIF2S2
D5,Primary,MYC_TARGETS_V1,-3.13061869681718,6.18934601350443e-27,MCM5
D5,Primary,MYC_TARGETS_V1,-3.13061869681718,6.18934601350443e-27,COX5A
D5,Primary,MYC_TARGETS_V1,-3.13061869681718,6.18934601350443e-27,NCBP1
D5,Primary,MYC_TARGETS_V1,-3.13061869681718,6.18934601350443e-27,HSPE1
D5,Primary,MYC_TARGETS_V1,-3.13061869681718,6.18934601350443e-27,PRDX3
D5,Primary,MYC_TARGETS_V1,-3.13061869681718,6.18934601350443e-27,PSMB2
D5,Primary,MYC_TARGETS_V1,-3.13061869681718,6.18934601350443e-27,HDDC2
D5,Primary,MYC_TARGETS_V1,-3.13061869681718,6.18934601350443e-27,XPOT
D5,Primary,MYC_TARGETS_V1,-3.13061869681718,6.18934601350443e-27,CSTF2
D5,Primary,MYC_TARGETS_V1,-3.13061869681718,6.18934601350443e-27,SRSF1
D5,Primary,MYC_TARGETS_V1,-3.13061869681718,6.18934601350443e-27,SMARCC1
D5,Primary,MYC_TARGETS_V1,-3.13061869681718,6.18934601350443e-27,NOLC1
D5,Primary,MYC_TARGETS_V1,-3.13061869681718,6.18934601350443e-27,TCP1
D5,Primary,MYC_TARGETS_V1,-3.13061869681718,6.18934601350443e-27,CCT3
D5,Primary,MYC_TARGETS_V1,-3.13061869681718,6.18934601350443e-27,PWP1
D5,Primary,MYC_TARGETS_V1,-3.13061869681718,6.18934601350443e-27,MCM7
D5,Primary,MYC_TARGETS_V1,-3.13061869681718,6.18934601350443e-27,COPS5
D5,Primary,MYC_TARGETS_V1,-3.13061869681718,6.18934601350443e-27,SSB
D5,Primary,MYC_TARGETS_V1,-3.13061869681718,6.18934601350443e-27,PSMC4
D5,Primary,MYC_TARGETS_V1,-3.13061869681718,6.18934601350443e-27,CNBP
D5,Primary,MYC_TARGETS_V1,-3.13061869681718,6.18934601350443e-27,EIF3B
D5,Primary,MYC_TARGETS_V1,-3.13061869681718,6.18934601350443e-27,PPM1G
D5,Primary,MYC_TARGETS_V1,-3.13061869681718,6.18934601350443e-27,POLD2
D5,Primary,MYC_TARGETS_V1,-3.13061869681718,6.18934601350443e-27,GOT2
D5,Primary,MYC_TARGETS_V1,-3.13061869681718,6.18934601350443e-27,SF3B3
D5,Primary,MYC_TARGETS_V1,-3.13061869681718,6.18934601350443e-27,CCT5
D5,Primary,MYC_TARGETS_V1,-3.13061869681718,6.18934601350443e-27,PSMD7
D5,Primary,MYC_TARGETS_V1,-3.13061869681718,6.18934601350443e-27,LSM7
D5,Primary,MYC_TARGETS_V1,-3.13061869681718,6.18934601350443e-27,SNRPG
D5,Primary,MYC_TARGETS_V1,-3.13061869681718,6.18934601350443e-27,PSMA6
D5,Primary,MYC_TARGETS_V2,-2.22695119373384,1.65415489442643e-05,DDX18
D5,Primary,MYC_TARGETS_V2,-2.22695119373384,1.65415489442643e-05,WDR43
D5,Primary,MYC_TARGETS_V2,-2.22695119373384,1.65415489442643e-05,NPM1
D5,Primary,MYC_TARGETS_V2,-2.22695119373384,1.65415489442643e-05,HSPD1
D5,Primary,MYC_TARGETS_V2,-2.22695119373384,1.65415489442643e-05,NOP56
D5,Primary,MYC_TARGETS_V2,-2.22695119373384,1.65415489442643e-05,NDUFAF4
D5,Primary,MYC_TARGETS_V2,-2.22695119373384,1.65415489442643e-05,MYC
D5,Primary,MYC_TARGETS_V2,-2.22695119373384,1.65415489442643e-05,PPAN
D5,Primary,MYC_TARGETS_V2,-2.22695119373384,1.65415489442643e-05,PHB1
D5,Primary,MYC_TARGETS_V2,-2.22695119373384,1.65415489442643e-05,UTP20
D5,Primary,MYC_TARGETS_V2,-2.22695119373384,1.65415489442643e-05,PES1
D5,Primary,MYC_TARGETS_V2,-2.22695119373384,1.65415489442643e-05,GNL3
D5,Primary,MYC_TARGETS_V2,-2.22695119373384,1.65415489442643e-05,DCTPP1
D5,Primary,MYC_TARGETS_V2,-2.22695119373384,1.65415489442643e-05,MRTO4
D5,Primary,MYC_TARGETS_V2,-2.22695119373384,1.65415489442643e-05,PRMT3
D5,Primary,MYC_TARGETS_V2,-2.22695119373384,1.65415489442643e-05,RRP9
D5,Primary,MYC_TARGETS_V2,-2.22695119373384,1.65415489442643e-05,CDK4
D5,Primary,MYC_TARGETS_V2,-2.22695119373384,1.65415489442643e-05,PUS1
D5,Primary,MYC_TARGETS_V2,-2.22695119373384,1.65415489442643e-05,GRWD1
D5,Primary,MYC_TARGETS_V2,-2.22695119373384,1.65415489442643e-05,TFB2M
D5,Primary,MYC_TARGETS_V2,-2.22695119373384,1.65415489442643e-05,TBRG4
D5,Primary,MYC_TARGETS_V2,-2.22695119373384,1.65415489442643e-05,SRM
D5,Primary,MYC_TARGETS_V2,-2.22695119373384,1.65415489442643e-05,LAS1L
D5,Primary,MYC_TARGETS_V2,-2.22695119373384,1.65415489442643e-05,AIMP2
D5,Primary,MYC_TARGETS_V2,-2.22695119373384,1.65415489442643e-05,IMP4
D5,Primary,MYC_TARGETS_V2,-2.22695119373384,1.65415489442643e-05,MPHOSPH10
D5,Primary,MYC_TARGETS_V2,-2.22695119373384,1.65415489442643e-05,SORD
D5,Primary,MYC_TARGETS_V2,-2.22695119373384,1.65415489442643e-05,MCM5
D5,Primary,MYC_TARGETS_V2,-2.22695119373384,1.65415489442643e-05,HSPE1
D5,Primary,MYC_TARGETS_V2,-2.22695119373384,1.65415489442643e-05,NOLC1
D5,Primary,MYC_TARGETS_V2,-2.22695119373384,1.65415489442643e-05,DUSP2
D5,Primary,MYC_TARGETS_V2,-2.22695119373384,1.65415489442643e-05,IPO4
D5,Primary,MYC_TARGETS_V2,-2.22695119373384,1.65415489442643e-05,TMEM97
D5,Primary,MYC_TARGETS_V2,-2.22695119373384,1.65415489442643e-05,MYBBP1A
D5,Primary,MYC_TARGETS_V2,-2.22695119373384,1.65415489442643e-05,NIP7
D5,Primary,MYC_TARGETS_V2,-2.22695119373384,1.65415489442643e-05,FARSA
D5,Primary,MYOGENESIS,1.16519760832891,0.279356210443038,ACSL1
D5,Primary,MYOGENESIS,1.16519760832891,0.279356210443038,SVIL
D5,Primary,MYOGENESIS,1.16519760832891,0.279356210443038,MEF2A
D5,Primary,MYOGENESIS,1.16519760832891,0.279356210443038,COL4A2
D5,Primary,MYOGENESIS,1.16519760832891,0.279356210443038,ITGA7
D5,Primary,MYOGENESIS,1.16519760832891,0.279356210443038,GSN
D5,Primary,MYOGENESIS,1.16519760832891,0.279356210443038,MYBPC3
D5,Primary,MYOGENESIS,1.16519760832891,0.279356210443038,DAPK2
D5,Primary,MYOGENESIS,1.16519760832891,0.279356210443038,MYOM1
D5,Primary,MYOGENESIS,1.16519760832891,0.279356210443038,FOXO4
D5,Primary,MYOGENESIS,1.16519760832891,0.279356210443038,PDLIM7
D5,Primary,MYOGENESIS,1.16519760832891,0.279356210443038,KLF5
D5,Primary,MYOGENESIS,1.16519760832891,0.279356210443038,NQO1
D5,Primary,MYOGENESIS,1.16519760832891,0.279356210443038,TGFB1
D5,Primary,MYOGENESIS,1.16519760832891,0.279356210443038,PYGM
D5,Primary,MYOGENESIS,1.16519760832891,0.279356210443038,CLU
D5,Primary,MYOGENESIS,1.16519760832891,0.279356210443038,KIFC3
D5,Primary,MYOGENESIS,1.16519760832891,0.279356210443038,MYH9
D5,Primary,MYOGENESIS,1.16519760832891,0.279356210443038,TPM3
D5,Primary,MYOGENESIS,1.16519760832891,0.279356210443038,MYH11
D5,Primary,MYOGENESIS,1.16519760832891,0.279356210443038,NOTCH1
D5,Primary,MYOGENESIS,1.16519760832891,0.279356210443038,ACHE
D5,Primary,MYOGENESIS,1.16519760832891,0.279356210443038,RIT1
D5,Primary,MYOGENESIS,1.16519760832891,0.279356210443038,CKB
D5,Primary,MYOGENESIS,1.16519760832891,0.279356210443038,GADD45B
D5,Primary,MYOGENESIS,1.16519760832891,0.279356210443038,DMPK
D5,Primary,MYOGENESIS,1.16519760832891,0.279356210443038,COL6A3
D5,Primary,MYOGENESIS,1.16519760832891,0.279356210443038,MYL6B
D5,Primary,MYOGENESIS,1.16519760832891,0.279356210443038,BAG1
D5,Primary,MYOGENESIS,1.16519760832891,0.279356210443038,MAPRE3
D5,Primary,MYOGENESIS,1.16519760832891,0.279356210443038,IFRD1
D5,Primary,MYOGENESIS,1.16519760832891,0.279356210443038,LSP1
D5,Primary,MYOGENESIS,1.16519760832891,0.279356210443038,ATP6AP1
D5,Primary,MYOGENESIS,1.16519760832891,0.279356210443038,GPX3
D5,Primary,MYOGENESIS,1.16519760832891,0.279356210443038,SMTN
D5,Primary,MYOGENESIS,1.16519760832891,0.279356210443038,KCNH2
D5,Primary,MYOGENESIS,1.16519760832891,0.279356210443038,APP
D5,Primary,MYOGENESIS,1.16519760832891,0.279356210443038,TAGLN
D5,Primary,MYOGENESIS,1.16519760832891,0.279356210443038,NCAM1
D5,Primary,MYOGENESIS,1.16519760832891,0.279356210443038,AK1
D5,Primary,MYOGENESIS,1.16519760832891,0.279356210443038,HDAC5
D5,Primary,MYOGENESIS,1.16519760832891,0.279356210443038,MYLK
D5,Primary,MYOGENESIS,1.16519760832891,0.279356210443038,SLC6A8
D5,Primary,MYOGENESIS,1.16519760832891,0.279356210443038,FLII
D5,Primary,MYOGENESIS,1.16519760832891,0.279356210443038,MYO1C
D5,Primary,MYOGENESIS,1.16519760832891,0.279356210443038,CHRNG
D5,Primary,MYOGENESIS,1.16519760832891,0.279356210443038,GABARAPL2
D5,Primary,MYOGENESIS,1.16519760832891,0.279356210443038,AKT2
D5,Primary,MYOGENESIS,1.16519760832891,0.279356210443038,ITGB5
D5,Primary,MYOGENESIS,1.16519760832891,0.279356210443038,SPARC
D5,Primary,MYOGENESIS,1.16519760832891,0.279356210443038,PICK1
D5,Primary,MYOGENESIS,1.16519760832891,0.279356210443038,NAV2
D5,Primary,MYOGENESIS,1.16519760832891,0.279356210443038,IGFBP7
D5,Primary,MYOGENESIS,1.16519760832891,0.279356210443038,TSC2
D5,Primary,MYOGENESIS,1.16519760832891,0.279356210443038,SCD
D5,Primary,MYOGENESIS,1.16519760832891,0.279356210443038,MAPK12
D5,Primary,NOTCH_SIGNALING,-0.932405789863031,0.640825096232793,DTX4
D5,Primary,NOTCH_SIGNALING,-0.932405789863031,0.640825096232793,MAML2
D5,Primary,NOTCH_SIGNALING,-0.932405789863031,0.640825096232793,LFNG
D5,Primary,NOTCH_SIGNALING,-0.932405789863031,0.640825096232793,HES1
D5,Primary,NOTCH_SIGNALING,-0.932405789863031,0.640825096232793,PSEN2
D5,Primary,NOTCH_SIGNALING,-0.932405789863031,0.640825096232793,CUL1
D5,Primary,NOTCH_SIGNALING,-0.932405789863031,0.640825096232793,ARRB1
D5,Primary,NOTCH_SIGNALING,-0.932405789863031,0.640825096232793,FZD1
D5,Primary,NOTCH_SIGNALING,-0.932405789863031,0.640825096232793,SKP1
D5,Primary,OXIDATIVE_PHOSPHORYLATION,-2.43614140782535,1.77311184108886e-12,MRPS30
D5,Primary,OXIDATIVE_PHOSPHORYLATION,-2.43614140782535,1.77311184108886e-12,LRPPRC
D5,Primary,OXIDATIVE_PHOSPHORYLATION,-2.43614140782535,1.77311184108886e-12,PDP1
D5,Primary,OXIDATIVE_PHOSPHORYLATION,-2.43614140782535,1.77311184108886e-12,TIMM17A
D5,Primary,OXIDATIVE_PHOSPHORYLATION,-2.43614140782535,1.77311184108886e-12,CYCS
D5,Primary,OXIDATIVE_PHOSPHORYLATION,-2.43614140782535,1.77311184108886e-12,LDHB
D5,Primary,OXIDATIVE_PHOSPHORYLATION,-2.43614140782535,1.77311184108886e-12,TOMM70
D5,Primary,OXIDATIVE_PHOSPHORYLATION,-2.43614140782535,1.77311184108886e-12,ABCB7
D5,Primary,OXIDATIVE_PHOSPHORYLATION,-2.43614140782535,1.77311184108886e-12,MRPL35
D5,Primary,OXIDATIVE_PHOSPHORYLATION,-2.43614140782535,1.77311184108886e-12,ATP5MC1
D5,Primary,OXIDATIVE_PHOSPHORYLATION,-2.43614140782535,1.77311184108886e-12,HSPA9
D5,Primary,OXIDATIVE_PHOSPHORYLATION,-2.43614140782535,1.77311184108886e-12,NDUFAB1
D5,Primary,OXIDATIVE_PHOSPHORYLATION,-2.43614140782535,1.77311184108886e-12,COX10
D5,Primary,OXIDATIVE_PHOSPHORYLATION,-2.43614140782535,1.77311184108886e-12,NDUFB5
D5,Primary,OXIDATIVE_PHOSPHORYLATION,-2.43614140782535,1.77311184108886e-12,OXA1L
D5,Primary,OXIDATIVE_PHOSPHORYLATION,-2.43614140782535,1.77311184108886e-12,MDH1
D5,Primary,OXIDATIVE_PHOSPHORYLATION,-2.43614140782535,1.77311184108886e-12,MRPL15
D5,Primary,OXIDATIVE_PHOSPHORYLATION,-2.43614140782535,1.77311184108886e-12,ATP5PO
D5,Primary,OXIDATIVE_PHOSPHORYLATION,-2.43614140782535,1.77311184108886e-12,DLAT
D5,Primary,OXIDATIVE_PHOSPHORYLATION,-2.43614140782535,1.77311184108886e-12,ECHS1
D5,Primary,OXIDATIVE_PHOSPHORYLATION,-2.43614140782535,1.77311184108886e-12,TOMM22
D5,Primary,OXIDATIVE_PHOSPHORYLATION,-2.43614140782535,1.77311184108886e-12,VDAC1
D5,Primary,OXIDATIVE_PHOSPHORYLATION,-2.43614140782535,1.77311184108886e-12,COX7C
D5,Primary,OXIDATIVE_PHOSPHORYLATION,-2.43614140782535,1.77311184108886e-12,COX6C
D5,Primary,OXIDATIVE_PHOSPHORYLATION,-2.43614140782535,1.77311184108886e-12,ATP5F1A
D5,Primary,OXIDATIVE_PHOSPHORYLATION,-2.43614140782535,1.77311184108886e-12,NDUFS3
D5,Primary,OXIDATIVE_PHOSPHORYLATION,-2.43614140782535,1.77311184108886e-12,SLC25A4
D5,Primary,OXIDATIVE_PHOSPHORYLATION,-2.43614140782535,1.77311184108886e-12,ACAA2
D5,Primary,OXIDATIVE_PHOSPHORYLATION,-2.43614140782535,1.77311184108886e-12,UQCRC2
D5,Primary,OXIDATIVE_PHOSPHORYLATION,-2.43614140782535,1.77311184108886e-12,ATP5MC2
D5,Primary,OXIDATIVE_PHOSPHORYLATION,-2.43614140782535,1.77311184108886e-12,ECI1
D5,Primary,OXIDATIVE_PHOSPHORYLATION,-2.43614140782535,1.77311184108886e-12,NDUFB2
D5,Primary,OXIDATIVE_PHOSPHORYLATION,-2.43614140782535,1.77311184108886e-12,COX7A2
D5,Primary,OXIDATIVE_PHOSPHORYLATION,-2.43614140782535,1.77311184108886e-12,SLC25A5
D5,Primary,OXIDATIVE_PHOSPHORYLATION,-2.43614140782535,1.77311184108886e-12,BDH2
D5,Primary,OXIDATIVE_PHOSPHORYLATION,-2.43614140782535,1.77311184108886e-12,VDAC2
D5,Primary,OXIDATIVE_PHOSPHORYLATION,-2.43614140782535,1.77311184108886e-12,MRPL11
D5,Primary,OXIDATIVE_PHOSPHORYLATION,-2.43614140782535,1.77311184108886e-12,CASP7
D5,Primary,OXIDATIVE_PHOSPHORYLATION,-2.43614140782535,1.77311184108886e-12,NDUFA4
D5,Primary,OXIDATIVE_PHOSPHORYLATION,-2.43614140782535,1.77311184108886e-12,GLUD1
D5,Primary,OXIDATIVE_PHOSPHORYLATION,-2.43614140782535,1.77311184108886e-12,HSD17B10
D5,Primary,OXIDATIVE_PHOSPHORYLATION,-2.43614140782535,1.77311184108886e-12,IMMT
D5,Primary,OXIDATIVE_PHOSPHORYLATION,-2.43614140782535,1.77311184108886e-12,NDUFV1
D5,Primary,OXIDATIVE_PHOSPHORYLATION,-2.43614140782535,1.77311184108886e-12,ACADSB
D5,Primary,OXIDATIVE_PHOSPHORYLATION,-2.43614140782535,1.77311184108886e-12,TIMM13
D5,Primary,OXIDATIVE_PHOSPHORYLATION,-2.43614140782535,1.77311184108886e-12,PHYH
D5,Primary,OXIDATIVE_PHOSPHORYLATION,-2.43614140782535,1.77311184108886e-12,ATP5MC3
D5,Primary,OXIDATIVE_PHOSPHORYLATION,-2.43614140782535,1.77311184108886e-12,ATP5PB
D5,Primary,OXIDATIVE_PHOSPHORYLATION,-2.43614140782535,1.77311184108886e-12,SLC25A6
D5,Primary,OXIDATIVE_PHOSPHORYLATION,-2.43614140782535,1.77311184108886e-12,PMPCA
D5,Primary,OXIDATIVE_PHOSPHORYLATION,-2.43614140782535,1.77311184108886e-12,NDUFA8
D5,Primary,OXIDATIVE_PHOSPHORYLATION,-2.43614140782535,1.77311184108886e-12,NDUFB8
D5,Primary,OXIDATIVE_PHOSPHORYLATION,-2.43614140782535,1.77311184108886e-12,TIMM50
D5,Primary,OXIDATIVE_PHOSPHORYLATION,-2.43614140782535,1.77311184108886e-12,SLC25A3
D5,Primary,OXIDATIVE_PHOSPHORYLATION,-2.43614140782535,1.77311184108886e-12,FDX1
D5,Primary,OXIDATIVE_PHOSPHORYLATION,-2.43614140782535,1.77311184108886e-12,IDH2
D5,Primary,OXIDATIVE_PHOSPHORYLATION,-2.43614140782535,1.77311184108886e-12,ACADM
D5,Primary,OXIDATIVE_PHOSPHORYLATION,-2.43614140782535,1.77311184108886e-12,SDHD
D5,Primary,OXIDATIVE_PHOSPHORYLATION,-2.43614140782535,1.77311184108886e-12,TIMM10
D5,Primary,OXIDATIVE_PHOSPHORYLATION,-2.43614140782535,1.77311184108886e-12,NDUFA5
D5,Primary,OXIDATIVE_PHOSPHORYLATION,-2.43614140782535,1.77311184108886e-12,PDK4
D5,Primary,OXIDATIVE_PHOSPHORYLATION,-2.43614140782535,1.77311184108886e-12,PHB2
D5,Primary,OXIDATIVE_PHOSPHORYLATION,-2.43614140782535,1.77311184108886e-12,MRPS12
D5,Primary,OXIDATIVE_PHOSPHORYLATION,-2.43614140782535,1.77311184108886e-12,OPA1
D5,Primary,OXIDATIVE_PHOSPHORYLATION,-2.43614140782535,1.77311184108886e-12,TIMM9
D5,Primary,OXIDATIVE_PHOSPHORYLATION,-2.43614140782535,1.77311184108886e-12,NNT
D5,Primary,OXIDATIVE_PHOSPHORYLATION,-2.43614140782535,1.77311184108886e-12,PDHA1
D5,Primary,OXIDATIVE_PHOSPHORYLATION,-2.43614140782535,1.77311184108886e-12,COX4I1
D5,Primary,OXIDATIVE_PHOSPHORYLATION,-2.43614140782535,1.77311184108886e-12,SLC25A12
D5,Primary,OXIDATIVE_PHOSPHORYLATION,-2.43614140782535,1.77311184108886e-12,MGST3
D5,Primary,OXIDATIVE_PHOSPHORYLATION,-2.43614140782535,1.77311184108886e-12,ATP6V1F
D5,Primary,OXIDATIVE_PHOSPHORYLATION,-2.43614140782535,1.77311184108886e-12,SLC25A20
D5,Primary,OXIDATIVE_PHOSPHORYLATION,-2.43614140782535,1.77311184108886e-12,UQCRFS1
D5,Primary,OXIDATIVE_PHOSPHORYLATION,-2.43614140782535,1.77311184108886e-12,NDUFA6
D5,Primary,OXIDATIVE_PHOSPHORYLATION,-2.43614140782535,1.77311184108886e-12,UQCR10
D5,Primary,OXIDATIVE_PHOSPHORYLATION,-2.43614140782535,1.77311184108886e-12,VDAC3
D5,Primary,OXIDATIVE_PHOSPHORYLATION,-2.43614140782535,1.77311184108886e-12,ATP5F1C
D5,Primary,OXIDATIVE_PHOSPHORYLATION,-2.43614140782535,1.77311184108886e-12,SUCLA2
D5,Primary,OXIDATIVE_PHOSPHORYLATION,-2.43614140782535,1.77311184108886e-12,UQCRQ
D5,Primary,P53_PATHWAY,1.23988066689496,0.129716075578458,TGFA
D5,Primary,P53_PATHWAY,1.23988066689496,0.129716075578458,UPP1
D5,Primary,P53_PATHWAY,1.23988066689496,0.129716075578458,ZBTB16
D5,Primary,P53_PATHWAY,1.23988066689496,0.129716075578458,GADD45A
D5,Primary,P53_PATHWAY,1.23988066689496,0.129716075578458,NDRG1
D5,Primary,P53_PATHWAY,1.23988066689496,0.129716075578458,CCND3
D5,Primary,P53_PATHWAY,1.23988066689496,0.129716075578458,PTPRE
D5,Primary,P53_PATHWAY,1.23988066689496,0.129716075578458,NUPR1
D5,Primary,P53_PATHWAY,1.23988066689496,0.129716075578458,MXD1
D5,Primary,P53_PATHWAY,1.23988066689496,0.129716075578458,ALOX15B
D5,Primary,P53_PATHWAY,1.23988066689496,0.129716075578458,ACVR1B
D5,Primary,P53_PATHWAY,1.23988066689496,0.129716075578458,ABHD4
D5,Primary,P53_PATHWAY,1.23988066689496,0.129716075578458,APAF1
D5,Primary,P53_PATHWAY,1.23988066689496,0.129716075578458,SP1
D5,Primary,P53_PATHWAY,1.23988066689496,0.129716075578458,CEBPA
D5,Primary,P53_PATHWAY,1.23988066689496,0.129716075578458,HEXIM1
D5,Primary,P53_PATHWAY,1.23988066689496,0.129716075578458,FAS
D5,Primary,P53_PATHWAY,1.23988066689496,0.129716075578458,DRAM1
D5,Primary,P53_PATHWAY,1.23988066689496,0.129716075578458,CDK5R1
D5,Primary,P53_PATHWAY,1.23988066689496,0.129716075578458,TRAFD1
D5,Primary,P53_PATHWAY,1.23988066689496,0.129716075578458,CD82
D5,Primary,P53_PATHWAY,1.23988066689496,0.129716075578458,PRMT2
D5,Primary,P53_PATHWAY,1.23988066689496,0.129716075578458,STOM
D5,Primary,P53_PATHWAY,1.23988066689496,0.129716075578458,FOXO3
D5,Primary,P53_PATHWAY,1.23988066689496,0.129716075578458,INHBB
D5,Primary,P53_PATHWAY,1.23988066689496,0.129716075578458,TOB1
D5,Primary,P53_PATHWAY,1.23988066689496,0.129716075578458,RHBDF2
D5,Primary,P53_PATHWAY,1.23988066689496,0.129716075578458,RNF19B
D5,Primary,P53_PATHWAY,1.23988066689496,0.129716075578458,RXRA
D5,Primary,P53_PATHWAY,1.23988066689496,0.129716075578458,TGFB1
D5,Primary,P53_PATHWAY,1.23988066689496,0.129716075578458,GPX2
D5,Primary,P53_PATHWAY,1.23988066689496,0.129716075578458,PPM1D
D5,Primary,P53_PATHWAY,1.23988066689496,0.129716075578458,CCP110
D5,Primary,P53_PATHWAY,1.23988066689496,0.129716075578458,PPP1R15A
D5,Primary,P53_PATHWAY,1.23988066689496,0.129716075578458,PRKAB1
D5,Primary,P53_PATHWAY,1.23988066689496,0.129716075578458,FGF13
D5,Primary,P53_PATHWAY,1.23988066689496,0.129716075578458,CSRNP2
D5,Primary,P53_PATHWAY,1.23988066689496,0.129716075578458,NOTCH1
D5,Primary,P53_PATHWAY,1.23988066689496,0.129716075578458,SOCS1
D5,Primary,P53_PATHWAY,1.23988066689496,0.129716075578458,CTSD
D5,Primary,P53_PATHWAY,1.23988066689496,0.129716075578458,IP6K2
D5,Primary,P53_PATHWAY,1.23988066689496,0.129716075578458,IER3
D5,Primary,P53_PATHWAY,1.23988066689496,0.129716075578458,DEF6
D5,Primary,P53_PATHWAY,1.23988066689496,0.129716075578458,RGS16
D5,Primary,P53_PATHWAY,1.23988066689496,0.129716075578458,HSPA4L
D5,Primary,P53_PATHWAY,1.23988066689496,0.129716075578458,CYFIP2
D5,Primary,P53_PATHWAY,1.23988066689496,0.129716075578458,TXNIP
D5,Primary,P53_PATHWAY,1.23988066689496,0.129716075578458,MKNK2
D5,Primary,P53_PATHWAY,1.23988066689496,0.129716075578458,STEAP3
D5,Primary,P53_PATHWAY,1.23988066689496,0.129716075578458,SERTAD3
D5,Primary,P53_PATHWAY,1.23988066689496,0.129716075578458,PLK3
D5,Primary,P53_PATHWAY,1.23988066689496,0.129716075578458,ZFP36L1
D5,Primary,P53_PATHWAY,1.23988066689496,0.129716075578458,GM2A
D5,Primary,P53_PATHWAY,1.23988066689496,0.129716075578458,TAP1
D5,Primary,PEROXISOME,-1.01194998672524,0.522815344603381,ABCD2
D5,Primary,PEROXISOME,-1.01194998672524,0.522815344603381,CLN6
D5,Primary,PEROXISOME,-1.01194998672524,0.522815344603381,SLC25A4
D5,Primary,PEROXISOME,-1.01194998672524,0.522815344603381,SLC23A2
D5,Primary,PEROXISOME,-1.01194998672524,0.522815344603381,HRAS
D5,Primary,PEROXISOME,-1.01194998672524,0.522815344603381,SCP2
D5,Primary,PEROXISOME,-1.01194998672524,0.522815344603381,SLC35B2
D5,Primary,PEROXISOME,-1.01194998672524,0.522815344603381,SLC25A19
D5,Primary,PEROXISOME,-1.01194998672524,0.522815344603381,DHRS3
D5,Primary,PEROXISOME,-1.01194998672524,0.522815344603381,EPHX2
D5,Primary,PEROXISOME,-1.01194998672524,0.522815344603381,PRDX1
D5,Primary,PEROXISOME,-1.01194998672524,0.522815344603381,CADM1
D5,Primary,PEROXISOME,-1.01194998672524,0.522815344603381,IDH2
D5,Primary,PEROXISOME,-1.01194998672524,0.522815344603381,HSD17B4
D5,Primary,PEROXISOME,-1.01194998672524,0.522815344603381,ERCC3
D5,Primary,PEROXISOME,-1.01194998672524,0.522815344603381,ACSL5
D5,Primary,PEROXISOME,-1.01194998672524,0.522815344603381,SOD1
D5,Primary,PEROXISOME,-1.01194998672524,0.522815344603381,CTPS1
D5,Primary,PEROXISOME,-1.01194998672524,0.522815344603381,ECI2
D5,Primary,PEROXISOME,-1.01194998672524,0.522815344603381,ABCB4
D5,Primary,PEROXISOME,-1.01194998672524,0.522815344603381,ITGB1BP1
D5,Primary,PEROXISOME,-1.01194998672524,0.522815344603381,ABCD3
D5,Primary,PEROXISOME,-1.01194998672524,0.522815344603381,ABCB1
D5,Primary,PEROXISOME,-1.01194998672524,0.522815344603381,MSH2
D5,Primary,PEROXISOME,-1.01194998672524,0.522815344603381,PEX11B
D5,Primary,PEROXISOME,-1.01194998672524,0.522815344603381,EHHADH
D5,Primary,PEROXISOME,-1.01194998672524,0.522815344603381,SMARCC1
D5,Primary,PEROXISOME,-1.01194998672524,0.522815344603381,ALDH9A1
D5,Primary,PEROXISOME,-1.01194998672524,0.522815344603381,ISOC1
D5,Primary,PEROXISOME,-1.01194998672524,0.522815344603381,CNBP
D5,Primary,PEROXISOME,-1.01194998672524,0.522815344603381,IDE
D5,Primary,PEROXISOME,-1.01194998672524,0.522815344603381,SLC27A2
D5,Primary,PEROXISOME,-1.01194998672524,0.522815344603381,RDH11
D5,Primary,PEROXISOME,-1.01194998672524,0.522815344603381,ECH1
D5,Primary,PEROXISOME,-1.01194998672524,0.522815344603381,PEX2
D5,Primary,PEROXISOME,-1.01194998672524,0.522815344603381,MLYCD
D5,Primary,PI3K_AKT_MTOR_SIGNALING,1.84630269094626,0.000617557589554062,MKNK1
D5,Primary,PI3K_AKT_MTOR_SIGNALING,1.84630269094626,0.000617557589554062,MAP2K6
D5,Primary,PI3K_AKT_MTOR_SIGNALING,1.84630269094626,0.000617557589554062,PRKCB
D5,Primary,PI3K_AKT_MTOR_SIGNALING,1.84630269094626,0.000617557589554062,SLA
D5,Primary,PI3K_AKT_MTOR_SIGNALING,1.84630269094626,0.000617557589554062,MAPK1
D5,Primary,PI3K_AKT_MTOR_SIGNALING,1.84630269094626,0.000617557589554062,CAB39
D5,Primary,PI3K_AKT_MTOR_SIGNALING,1.84630269094626,0.000617557589554062,VAV3
D5,Primary,PI3K_AKT_MTOR_SIGNALING,1.84630269094626,0.000617557589554062,PRKAR2A
D5,Primary,PI3K_AKT_MTOR_SIGNALING,1.84630269094626,0.000617557589554062,DUSP3
D5,Primary,PI3K_AKT_MTOR_SIGNALING,1.84630269094626,0.000617557589554062,GSK3B
D5,Primary,PI3K_AKT_MTOR_SIGNALING,1.84630269094626,0.000617557589554062,RAC1
D5,Primary,PI3K_AKT_MTOR_SIGNALING,1.84630269094626,0.000617557589554062,RALB
D5,Primary,PI3K_AKT_MTOR_SIGNALING,1.84630269094626,0.000617557589554062,TNFRSF1A
D5,Primary,PI3K_AKT_MTOR_SIGNALING,1.84630269094626,0.000617557589554062,PTEN
D5,Primary,PI3K_AKT_MTOR_SIGNALING,1.84630269094626,0.000617557589554062,MAP2K3
D5,Primary,PI3K_AKT_MTOR_SIGNALING,1.84630269094626,0.000617557589554062,SLC2A1
D5,Primary,PI3K_AKT_MTOR_SIGNALING,1.84630269094626,0.000617557589554062,RPS6KA3
D5,Primary,PI3K_AKT_MTOR_SIGNALING,1.84630269094626,0.000617557589554062,RAF1
D5,Primary,PI3K_AKT_MTOR_SIGNALING,1.84630269094626,0.000617557589554062,RIPK1
D5,Primary,PI3K_AKT_MTOR_SIGNALING,1.84630269094626,0.000617557589554062,RPS6KA1
D5,Primary,PI3K_AKT_MTOR_SIGNALING,1.84630269094626,0.000617557589554062,GRB2
D5,Primary,PI3K_AKT_MTOR_SIGNALING,1.84630269094626,0.000617557589554062,PIKFYVE
D5,Primary,PI3K_AKT_MTOR_SIGNALING,1.84630269094626,0.000617557589554062,AKT1S1
D5,Primary,PI3K_AKT_MTOR_SIGNALING,1.84630269094626,0.000617557589554062,CFL1
D5,Primary,PI3K_AKT_MTOR_SIGNALING,1.84630269094626,0.000617557589554062,MYD88
D5,Primary,PI3K_AKT_MTOR_SIGNALING,1.84630269094626,0.000617557589554062,UBE2D3
D5,Primary,PI3K_AKT_MTOR_SIGNALING,1.84630269094626,0.000617557589554062,CDKN1B
D5,Primary,PI3K_AKT_MTOR_SIGNALING,1.84630269094626,0.000617557589554062,YWHAB
D5,Primary,PI3K_AKT_MTOR_SIGNALING,1.84630269094626,0.000617557589554062,IRAK4
D5,Primary,PI3K_AKT_MTOR_SIGNALING,1.84630269094626,0.000617557589554062,RIT1
D5,Primary,PI3K_AKT_MTOR_SIGNALING,1.84630269094626,0.000617557589554062,ACTR2
D5,Primary,PI3K_AKT_MTOR_SIGNALING,1.84630269094626,0.000617557589554062,ITPR2
D5,Primary,PI3K_AKT_MTOR_SIGNALING,1.84630269094626,0.000617557589554062,GRK2
D5,Primary,PI3K_AKT_MTOR_SIGNALING,1.84630269094626,0.000617557589554062,ACTR3
D5,Primary,PI3K_AKT_MTOR_SIGNALING,1.84630269094626,0.000617557589554062,MAPK10
D5,Primary,PI3K_AKT_MTOR_SIGNALING,1.84630269094626,0.000617557589554062,SMAD2
D5,Primary,PI3K_AKT_MTOR_SIGNALING,1.84630269094626,0.000617557589554062,CLTC
D5,Primary,PI3K_AKT_MTOR_SIGNALING,1.84630269094626,0.000617557589554062,TBK1
D5,Primary,PI3K_AKT_MTOR_SIGNALING,1.84630269094626,0.000617557589554062,E2F1
D5,Primary,PI3K_AKT_MTOR_SIGNALING,1.84630269094626,0.000617557589554062,MKNK2
D5,Primary,PI3K_AKT_MTOR_SIGNALING,1.84630269094626,0.000617557589554062,ARF1
D5,Primary,PROTEIN_SECRETION,0.735065447878963,0.954163273615635,KIF1B
D5,Primary,PROTEIN_SECRETION,0.735065447878963,0.954163273615635,MAPK1
D5,Primary,PROTEIN_SECRETION,0.735065447878963,0.954163273615635,IGF2R
D5,Primary,PROTEIN_SECRETION,0.735065447878963,0.954163273615635,STX16
D5,Primary,PROTEIN_SECRETION,0.735065447878963,0.954163273615635,RPS6KA3
D5,Primary,PROTEIN_SECRETION,0.735065447878963,0.954163273615635,GNAS
D5,Primary,PROTEIN_SECRETION,0.735065447878963,0.954163273615635,STX7
D5,Primary,PROTEIN_SECRETION,0.735065447878963,0.954163273615635,AP2B1
D5,Primary,PROTEIN_SECRETION,0.735065447878963,0.954163273615635,GLA
D5,Primary,PROTEIN_SECRETION,0.735065447878963,0.954163273615635,CD63
D5,Primary,PROTEIN_SECRETION,0.735065447878963,0.954163273615635,PAM
D5,Primary,PROTEIN_SECRETION,0.735065447878963,0.954163273615635,ARFGEF1
D5,Primary,PROTEIN_SECRETION,0.735065447878963,0.954163273615635,AP1G1
D5,Primary,PROTEIN_SECRETION,0.735065447878963,0.954163273615635,LAMP2
D5,Primary,PROTEIN_SECRETION,0.735065447878963,0.954163273615635,RAB5A
D5,Primary,PROTEIN_SECRETION,0.735065447878963,0.954163273615635,STAM
D5,Primary,PROTEIN_SECRETION,0.735065447878963,0.954163273615635,VAMP3
D5,Primary,PROTEIN_SECRETION,0.735065447878963,0.954163273615635,CLTC
D5,Primary,PROTEIN_SECRETION,0.735065447878963,0.954163273615635,SEC22B
D5,Primary,PROTEIN_SECRETION,0.735065447878963,0.954163273615635,ARF1
D5,Primary,PROTEIN_SECRETION,0.735065447878963,0.954163273615635,SGMS1
D5,Primary,PROTEIN_SECRETION,0.735065447878963,0.954163273615635,COPB1
D5,Primary,PROTEIN_SECRETION,0.735065447878963,0.954163273615635,ABCA1
D5,Primary,PROTEIN_SECRETION,0.735065447878963,0.954163273615635,CLN5
D5,Primary,PROTEIN_SECRETION,0.735065447878963,0.954163273615635,RAB2A
D5,Primary,PROTEIN_SECRETION,0.735065447878963,0.954163273615635,AP2S1
D5,Primary,PROTEIN_SECRETION,0.735065447878963,0.954163273615635,ATP7A
D5,Primary,REACTIVE_OXYGEN_SPECIES_PATHWAY,1.51860276642506,0.0457029665441079,GSR
D5,Primary,REACTIVE_OXYGEN_SPECIES_PATHWAY,1.51860276642506,0.0457029665441079,GCLM
D5,Primary,REACTIVE_OXYGEN_SPECIES_PATHWAY,1.51860276642506,0.0457029665441079,HHEX
D5,Primary,REACTIVE_OXYGEN_SPECIES_PATHWAY,1.51860276642506,0.0457029665441079,MBP
D5,Primary,REACTIVE_OXYGEN_SPECIES_PATHWAY,1.51860276642506,0.0457029665441079,FES
D5,Primary,REACTIVE_OXYGEN_SPECIES_PATHWAY,1.51860276642506,0.0457029665441079,MSRA
D5,Primary,REACTIVE_OXYGEN_SPECIES_PATHWAY,1.51860276642506,0.0457029665441079,SBNO2
D5,Primary,REACTIVE_OXYGEN_SPECIES_PATHWAY,1.51860276642506,0.0457029665441079,CDKN2D
D5,Primary,REACTIVE_OXYGEN_SPECIES_PATHWAY,1.51860276642506,0.0457029665441079,G6PD
D5,Primary,REACTIVE_OXYGEN_SPECIES_PATHWAY,1.51860276642506,0.0457029665441079,NQO1
D5,Primary,REACTIVE_OXYGEN_SPECIES_PATHWAY,1.51860276642506,0.0457029665441079,OXSR1
D5,Primary,REACTIVE_OXYGEN_SPECIES_PATHWAY,1.51860276642506,0.0457029665441079,FTL
D5,Primary,REACTIVE_OXYGEN_SPECIES_PATHWAY,1.51860276642506,0.0457029665441079,TXNRD1
D5,Primary,REACTIVE_OXYGEN_SPECIES_PATHWAY,1.51860276642506,0.0457029665441079,EGLN2
D5,Primary,REACTIVE_OXYGEN_SPECIES_PATHWAY,1.51860276642506,0.0457029665441079,SRXN1
D5,Primary,REACTIVE_OXYGEN_SPECIES_PATHWAY,1.51860276642506,0.0457029665441079,LSP1
D5,Primary,REACTIVE_OXYGEN_SPECIES_PATHWAY,1.51860276642506,0.0457029665441079,GPX3
D5,Primary,REACTIVE_OXYGEN_SPECIES_PATHWAY,1.51860276642506,0.0457029665441079,JUNB
D5,Primary,REACTIVE_OXYGEN_SPECIES_PATHWAY,1.51860276642506,0.0457029665441079,TXN
D5,Primary,REACTIVE_OXYGEN_SPECIES_PATHWAY,1.51860276642506,0.0457029665441079,GLRX
D5,Primary,REACTIVE_OXYGEN_SPECIES_PATHWAY,1.51860276642506,0.0457029665441079,PRDX6
D5,Primary,SPERMATOGENESIS,-0.822343119693517,0.902765819757463,CAMK4
D5,Primary,SPERMATOGENESIS,-0.822343119693517,0.902765819757463,ZC3H14
D5,Primary,SPERMATOGENESIS,-0.822343119693517,0.902765819757463,TSN
D5,Primary,SPERMATOGENESIS,-0.822343119693517,0.902765819757463,SLC12A2
D5,Primary,SPERMATOGENESIS,-0.822343119693517,0.902765819757463,LPIN1
D5,Primary,SPERMATOGENESIS,-0.822343119693517,0.902765819757463,ALOX15
D5,Primary,SPERMATOGENESIS,-0.822343119693517,0.902765819757463,PARP2
D5,Primary,SPERMATOGENESIS,-0.822343119693517,0.902765819757463,TKTL1
D5,Primary,SPERMATOGENESIS,-0.822343119693517,0.902765819757463,PEBP1
D5,Primary,SPERMATOGENESIS,-0.822343119693517,0.902765819757463,RAD17
D5,Primary,TGF_BETA_SIGNALING,1.6100034295709,0.0233813743764083,FURIN
D5,Primary,TGF_BETA_SIGNALING,1.6100034295709,0.0233813743764083,FKBP1A
D5,Primary,TGF_BETA_SIGNALING,1.6100034295709,0.0233813743764083,HIPK2
D5,Primary,TGF_BETA_SIGNALING,1.6100034295709,0.0233813743764083,TGFBR1
D5,Primary,TGF_BETA_SIGNALING,1.6100034295709,0.0233813743764083,RAB31
D5,Primary,TGF_BETA_SIGNALING,1.6100034295709,0.0233813743764083,IFNGR2
D5,Primary,TGF_BETA_SIGNALING,1.6100034295709,0.0233813743764083,SPTBN1
D5,Primary,TGF_BETA_SIGNALING,1.6100034295709,0.0233813743764083,SMAD1
D5,Primary,TGF_BETA_SIGNALING,1.6100034295709,0.0233813743764083,TGFB1
D5,Primary,TGF_BETA_SIGNALING,1.6100034295709,0.0233813743764083,SKI
D5,Primary,TGF_BETA_SIGNALING,1.6100034295709,0.0233813743764083,SERPINE1
D5,Primary,TGF_BETA_SIGNALING,1.6100034295709,0.0233813743764083,PPP1R15A
D5,Primary,TGF_BETA_SIGNALING,1.6100034295709,0.0233813743764083,UBE2D3
D5,Primary,TGF_BETA_SIGNALING,1.6100034295709,0.0233813743764083,CTNNB1
D5,Primary,TGF_BETA_SIGNALING,1.6100034295709,0.0233813743764083,XIAP
D5,Primary,TGF_BETA_SIGNALING,1.6100034295709,0.0233813743764083,APC
D5,Primary,TGF_BETA_SIGNALING,1.6100034295709,0.0233813743764083,SMURF1
D5,Primary,TGF_BETA_SIGNALING,1.6100034295709,0.0233813743764083,PPM1A
D5,Primary,TGF_BETA_SIGNALING,1.6100034295709,0.0233813743764083,BMPR2
D5,Primary,TGF_BETA_SIGNALING,1.6100034295709,0.0233813743764083,THBS1
D5,Primary,TNFA_SIGNALING_VIA_NFKB,1.66949429548444,0.00100177901981468,BCL6
D5,Primary,TNFA_SIGNALING_VIA_NFKB,1.66949429548444,0.00100177901981468,ETS2
D5,Primary,TNFA_SIGNALING_VIA_NFKB,1.66949429548444,0.00100177901981468,GADD45A
D5,Primary,TNFA_SIGNALING_VIA_NFKB,1.66949429548444,0.00100177901981468,CFLAR
D5,Primary,TNFA_SIGNALING_VIA_NFKB,1.66949429548444,0.00100177901981468,PFKFB3
D5,Primary,TNFA_SIGNALING_VIA_NFKB,1.66949429548444,0.00100177901981468,FOSL2
D5,Primary,TNFA_SIGNALING_VIA_NFKB,1.66949429548444,0.00100177901981468,SLC2A3
D5,Primary,TNFA_SIGNALING_VIA_NFKB,1.66949429548444,0.00100177901981468,B4GALT5
D5,Primary,TNFA_SIGNALING_VIA_NFKB,1.66949429548444,0.00100177901981468,IRS2
D5,Primary,TNFA_SIGNALING_VIA_NFKB,1.66949429548444,0.00100177901981468,TLR2
D5,Primary,TNFA_SIGNALING_VIA_NFKB,1.66949429548444,0.00100177901981468,PTPRE
D5,Primary,TNFA_SIGNALING_VIA_NFKB,1.66949429548444,0.00100177901981468,BCL2A1
D5,Primary,TNFA_SIGNALING_VIA_NFKB,1.66949429548444,0.00100177901981468,MXD1
D5,Primary,TNFA_SIGNALING_VIA_NFKB,1.66949429548444,0.00100177901981468,NFIL3
D5,Primary,TNFA_SIGNALING_VIA_NFKB,1.66949429548444,0.00100177901981468,RCAN1
D5,Primary,TNFA_SIGNALING_VIA_NFKB,1.66949429548444,0.00100177901981468,KLF9
D5,Primary,TNFA_SIGNALING_VIA_NFKB,1.66949429548444,0.00100177901981468,NFKB1
D5,Primary,TNFA_SIGNALING_VIA_NFKB,1.66949429548444,0.00100177901981468,SOCS3
D5,Primary,TNFA_SIGNALING_VIA_NFKB,1.66949429548444,0.00100177901981468,TNIP1
D5,Primary,TNFA_SIGNALING_VIA_NFKB,1.66949429548444,0.00100177901981468,LITAF
D5,Primary,TNFA_SIGNALING_VIA_NFKB,1.66949429548444,0.00100177901981468,DRAM1
D5,Primary,TNFA_SIGNALING_VIA_NFKB,1.66949429548444,0.00100177901981468,KLF6
D5,Primary,TNFA_SIGNALING_VIA_NFKB,1.66949429548444,0.00100177901981468,MAP2K3
D5,Primary,TNFA_SIGNALING_VIA_NFKB,1.66949429548444,0.00100177901981468,DENND5A
D5,Primary,TNFA_SIGNALING_VIA_NFKB,1.66949429548444,0.00100177901981468,TIPARP
D5,Primary,TNFA_SIGNALING_VIA_NFKB,1.66949429548444,0.00100177901981468,IFNGR2
D5,Primary,TNFA_SIGNALING_VIA_NFKB,1.66949429548444,0.00100177901981468,LDLR
D5,Primary,TNFA_SIGNALING_VIA_NFKB,1.66949429548444,0.00100177901981468,NFKBIA
D5,Primary,TNFA_SIGNALING_VIA_NFKB,1.66949429548444,0.00100177901981468,EHD1
D5,Primary,TNFA_SIGNALING_VIA_NFKB,1.66949429548444,0.00100177901981468,BCL3
D5,Primary,TNFA_SIGNALING_VIA_NFKB,1.66949429548444,0.00100177901981468,PER1
D5,Primary,TNFA_SIGNALING_VIA_NFKB,1.66949429548444,0.00100177901981468,RNF19B
D5,Primary,TNFA_SIGNALING_VIA_NFKB,1.66949429548444,0.00100177901981468,MAP3K8
D5,Primary,TNFA_SIGNALING_VIA_NFKB,1.66949429548444,0.00100177901981468,CD44
D5,Primary,TNFA_SIGNALING_VIA_NFKB,1.66949429548444,0.00100177901981468,F2RL1
D5,Primary,TNFA_SIGNALING_VIA_NFKB,1.66949429548444,0.00100177901981468,PNRC1
D5,Primary,TNFA_SIGNALING_VIA_NFKB,1.66949429548444,0.00100177901981468,CEBPB
D5,Primary,TNFA_SIGNALING_VIA_NFKB,1.66949429548444,0.00100177901981468,ZC3H12A
D5,Primary,TNFA_SIGNALING_VIA_NFKB,1.66949429548444,0.00100177901981468,KDM6B
D5,Primary,TNFA_SIGNALING_VIA_NFKB,1.66949429548444,0.00100177901981468,NFE2L2
D5,Primary,TNFA_SIGNALING_VIA_NFKB,1.66949429548444,0.00100177901981468,CSF1
D5,Primary,TNFA_SIGNALING_VIA_NFKB,1.66949429548444,0.00100177901981468,CEBPD
D5,Primary,TNFA_SIGNALING_VIA_NFKB,1.66949429548444,0.00100177901981468,SERPINE1
D5,Primary,TNFA_SIGNALING_VIA_NFKB,1.66949429548444,0.00100177901981468,PPP1R15A
D5,Primary,TNFA_SIGNALING_VIA_NFKB,1.66949429548444,0.00100177901981468,AREG
D5,Primary,TNFA_SIGNALING_VIA_NFKB,1.66949429548444,0.00100177901981468,NFAT5
D5,Primary,TNFA_SIGNALING_VIA_NFKB,1.66949429548444,0.00100177901981468,B4GALT1
D5,Primary,TNFA_SIGNALING_VIA_NFKB,1.66949429548444,0.00100177901981468,STAT5A
D5,Primary,TNFA_SIGNALING_VIA_NFKB,1.66949429548444,0.00100177901981468,TNFAIP3
D5,Primary,TNFA_SIGNALING_VIA_NFKB,1.66949429548444,0.00100177901981468,JAG1
D5,Primary,TNFA_SIGNALING_VIA_NFKB,1.66949429548444,0.00100177901981468,TUBB2A
D5,Primary,TNFA_SIGNALING_VIA_NFKB,1.66949429548444,0.00100177901981468,REL
D5,Primary,TNFA_SIGNALING_VIA_NFKB,1.66949429548444,0.00100177901981468,DNAJB4
D5,Primary,TNFA_SIGNALING_VIA_NFKB,1.66949429548444,0.00100177901981468,GADD45B
D5,Primary,TNFA_SIGNALING_VIA_NFKB,1.66949429548444,0.00100177901981468,NAMPT
D5,Primary,TNFA_SIGNALING_VIA_NFKB,1.66949429548444,0.00100177901981468,IER3
D5,Primary,TNFA_SIGNALING_VIA_NFKB,1.66949429548444,0.00100177901981468,TANK
D5,Primary,TNFA_SIGNALING_VIA_NFKB,1.66949429548444,0.00100177901981468,PHLDA1
D5,Primary,TNFA_SIGNALING_VIA_NFKB,1.66949429548444,0.00100177901981468,TNIP2
D5,Primary,TNFA_SIGNALING_VIA_NFKB,1.66949429548444,0.00100177901981468,ZFP36
D5,Primary,TNFA_SIGNALING_VIA_NFKB,1.66949429548444,0.00100177901981468,IRF1
D5,Primary,TNFA_SIGNALING_VIA_NFKB,1.66949429548444,0.00100177901981468,MARCKS
D5,Primary,TNFA_SIGNALING_VIA_NFKB,1.66949429548444,0.00100177901981468,RIGI
D5,Primary,TNFA_SIGNALING_VIA_NFKB,1.66949429548444,0.00100177901981468,DUSP1
D5,Primary,TNFA_SIGNALING_VIA_NFKB,1.66949429548444,0.00100177901981468,ICAM1
D5,Primary,TNFA_SIGNALING_VIA_NFKB,1.66949429548444,0.00100177901981468,TNFAIP6
D5,Primary,TNFA_SIGNALING_VIA_NFKB,1.66949429548444,0.00100177901981468,TAP1
D5,Primary,TNFA_SIGNALING_VIA_NFKB,1.66949429548444,0.00100177901981468,TRIB1
D5,Primary,UNFOLDED_PROTEIN_RESPONSE,-2.03624559061122,1.65415489442643e-05,NPM1
D5,Primary,UNFOLDED_PROTEIN_RESPONSE,-2.03624559061122,1.65415489442643e-05,IMP3
D5,Primary,UNFOLDED_PROTEIN_RESPONSE,-2.03624559061122,1.65415489442643e-05,NOP56
D5,Primary,UNFOLDED_PROTEIN_RESPONSE,-2.03624559061122,1.65415489442643e-05,EXOSC2
D5,Primary,UNFOLDED_PROTEIN_RESPONSE,-2.03624559061122,1.65415489442643e-05,EIF2AK3
D5,Primary,UNFOLDED_PROTEIN_RESPONSE,-2.03624559061122,1.65415489442643e-05,HSPA9
D5,Primary,UNFOLDED_PROTEIN_RESPONSE,-2.03624559061122,1.65415489442643e-05,EXOSC9
D5,Primary,UNFOLDED_PROTEIN_RESPONSE,-2.03624559061122,1.65415489442643e-05,EIF2S1
D5,Primary,UNFOLDED_PROTEIN_RESPONSE,-2.03624559061122,1.65415489442643e-05,HSP90B1
D5,Primary,UNFOLDED_PROTEIN_RESPONSE,-2.03624559061122,1.65415489442643e-05,RPS14
D5,Primary,UNFOLDED_PROTEIN_RESPONSE,-2.03624559061122,1.65415489442643e-05,PDIA6
D5,Primary,UNFOLDED_PROTEIN_RESPONSE,-2.03624559061122,1.65415489442643e-05,EIF4A2
D5,Primary,UNFOLDED_PROTEIN_RESPONSE,-2.03624559061122,1.65415489442643e-05,CEBPG
D5,Primary,UNFOLDED_PROTEIN_RESPONSE,-2.03624559061122,1.65415489442643e-05,DNAJB9
D5,Primary,UNFOLDED_PROTEIN_RESPONSE,-2.03624559061122,1.65415489442643e-05,SKIC3
D5,Primary,UNFOLDED_PROTEIN_RESPONSE,-2.03624559061122,1.65415489442643e-05,SLC30A5
D5,Primary,UNFOLDED_PROTEIN_RESPONSE,-2.03624559061122,1.65415489442643e-05,SRPRB
D5,Primary,UNFOLDED_PROTEIN_RESPONSE,-2.03624559061122,1.65415489442643e-05,IARS1
D5,Primary,UNFOLDED_PROTEIN_RESPONSE,-2.03624559061122,1.65415489442643e-05,SEC31A
D5,Primary,UNFOLDED_PROTEIN_RESPONSE,-2.03624559061122,1.65415489442643e-05,SPCS1
D5,Primary,UNFOLDED_PROTEIN_RESPONSE,-2.03624559061122,1.65415489442643e-05,LSM4
D5,Primary,UNFOLDED_PROTEIN_RESPONSE,-2.03624559061122,1.65415489442643e-05,SEC11A
D5,Primary,UNFOLDED_PROTEIN_RESPONSE,-2.03624559061122,1.65415489442643e-05,WFS1
D5,Primary,UNFOLDED_PROTEIN_RESPONSE,-2.03624559061122,1.65415489442643e-05,SSR1
D5,Primary,UNFOLDED_PROTEIN_RESPONSE,-2.03624559061122,1.65415489442643e-05,MTREX
D5,Primary,UNFOLDED_PROTEIN_RESPONSE,-2.03624559061122,1.65415489442643e-05,HERPUD1
D5,Primary,UNFOLDED_PROTEIN_RESPONSE,-2.03624559061122,1.65415489442643e-05,RRP9
D5,Primary,UNFOLDED_PROTEIN_RESPONSE,-2.03624559061122,1.65415489442643e-05,BANF1
D5,Primary,UNFOLDED_PROTEIN_RESPONSE,-2.03624559061122,1.65415489442643e-05,DDX10
D5,Primary,UNFOLDED_PROTEIN_RESPONSE,-2.03624559061122,1.65415489442643e-05,XBP1
D5,Primary,UNFOLDED_PROTEIN_RESPONSE,-2.03624559061122,1.65415489442643e-05,SPCS3
D5,Primary,UNFOLDED_PROTEIN_RESPONSE,-2.03624559061122,1.65415489442643e-05,EIF4EBP1
D5,Primary,UNFOLDED_PROTEIN_RESPONSE,-2.03624559061122,1.65415489442643e-05,EXOC2
D5,Primary,UNFOLDED_PROTEIN_RESPONSE,-2.03624559061122,1.65415489442643e-05,YIF1A
D5,Primary,UNFOLDED_PROTEIN_RESPONSE,-2.03624559061122,1.65415489442643e-05,EDEM1
D5,Primary,UNFOLDED_PROTEIN_RESPONSE,-2.03624559061122,1.65415489442643e-05,HSPA5
D5,Primary,UNFOLDED_PROTEIN_RESPONSE,-2.03624559061122,1.65415489442643e-05,SERP1
D5,Primary,UNFOLDED_PROTEIN_RESPONSE,-2.03624559061122,1.65415489442643e-05,ALDH18A1
D5,Primary,UNFOLDED_PROTEIN_RESPONSE,-2.03624559061122,1.65415489442643e-05,HYOU1
D5,Primary,UNFOLDED_PROTEIN_RESPONSE,-2.03624559061122,1.65415489442643e-05,CNOT2
D5,Primary,UNFOLDED_PROTEIN_RESPONSE,-2.03624559061122,1.65415489442643e-05,SDAD1
D5,Primary,UNFOLDED_PROTEIN_RESPONSE,-2.03624559061122,1.65415489442643e-05,EIF4A1
D5,Primary,UNFOLDED_PROTEIN_RESPONSE,-2.03624559061122,1.65415489442643e-05,EIF4E
D5,Primary,UNFOLDED_PROTEIN_RESPONSE,-2.03624559061122,1.65415489442643e-05,CALR
D5,Primary,UNFOLDED_PROTEIN_RESPONSE,-2.03624559061122,1.65415489442643e-05,PAIP1
D5,Primary,UNFOLDED_PROTEIN_RESPONSE,-2.03624559061122,1.65415489442643e-05,BAG3
D5,Primary,UNFOLDED_PROTEIN_RESPONSE,-2.03624559061122,1.65415489442643e-05,CKS1B
D5,Primary,UNFOLDED_PROTEIN_RESPONSE,-2.03624559061122,1.65415489442643e-05,XPOT
D5,Primary,UNFOLDED_PROTEIN_RESPONSE,-2.03624559061122,1.65415489442643e-05,MTHFD2
D5,Primary,UNFOLDED_PROTEIN_RESPONSE,-2.03624559061122,1.65415489442643e-05,NOLC1
D5,Primary,UNFOLDED_PROTEIN_RESPONSE,-2.03624559061122,1.65415489442643e-05,FUS
D5,Primary,UNFOLDED_PROTEIN_RESPONSE,-2.03624559061122,1.65415489442643e-05,GOSR2
D5,Primary,UNFOLDED_PROTEIN_RESPONSE,-2.03624559061122,1.65415489442643e-05,NOP14
D5,Primary,UNFOLDED_PROTEIN_RESPONSE,-2.03624559061122,1.65415489442643e-05,EEF2
D5,Primary,UV_RESPONSE_DN,1.35237489272935,0.0806329113924051,MAPK14
D5,Primary,UV_RESPONSE_DN,1.35237489272935,0.0806329113924051,SYNE1
D5,Primary,UV_RESPONSE_DN,1.35237489272935,0.0806329113924051,ATP2B4
D5,Primary,UV_RESPONSE_DN,1.35237489272935,0.0806329113924051,ATXN1
D5,Primary,UV_RESPONSE_DN,1.35237489272935,0.0806329113924051,IGF1R
D5,Primary,UV_RESPONSE_DN,1.35237489272935,0.0806329113924051,DYRK1A
D5,Primary,UV_RESPONSE_DN,1.35237489272935,0.0806329113924051,WDR37
D5,Primary,UV_RESPONSE_DN,1.35237489272935,0.0806329113924051,CELF2
D5,Primary,UV_RESPONSE_DN,1.35237489272935,0.0806329113924051,NFKB1
D5,Primary,UV_RESPONSE_DN,1.35237489272935,0.0806329113924051,APBB2
D5,Primary,UV_RESPONSE_DN,1.35237489272935,0.0806329113924051,PTEN
D5,Primary,UV_RESPONSE_DN,1.35237489272935,0.0806329113924051,GCNT1
D5,Primary,UV_RESPONSE_DN,1.35237489272935,0.0806329113924051,LDLR
D5,Primary,UV_RESPONSE_DN,1.35237489272935,0.0806329113924051,RASA2
D5,Primary,UV_RESPONSE_DN,1.35237489272935,0.0806329113924051,PRDM2
D5,Primary,UV_RESPONSE_DN,1.35237489272935,0.0806329113924051,SCN8A
D5,Primary,UV_RESPONSE_DN,1.35237489272935,0.0806329113924051,PPARG
D5,Primary,UV_RESPONSE_DN,1.35237489272935,0.0806329113924051,PTGFR
D5,Primary,UV_RESPONSE_DN,1.35237489272935,0.0806329113924051,PIK3CD
D5,Primary,UV_RESPONSE_DN,1.35237489272935,0.0806329113924051,RXRA
D5,Primary,UV_RESPONSE_DN,1.35237489272935,0.0806329113924051,SCAF8
D5,Primary,UV_RESPONSE_DN,1.35237489272935,0.0806329113924051,NR3C1
D5,Primary,UV_RESPONSE_DN,1.35237489272935,0.0806329113924051,FHL2
D5,Primary,UV_RESPONSE_DN,1.35237489272935,0.0806329113924051,NOTCH2
D5,Primary,UV_RESPONSE_DN,1.35237489272935,0.0806329113924051,NIPBL
D5,Primary,UV_RESPONSE_DN,1.35237489272935,0.0806329113924051,SERPINE1
D5,Primary,UV_RESPONSE_DN,1.35237489272935,0.0806329113924051,CDC42BPA
D5,Primary,UV_RESPONSE_DN,1.35237489272935,0.0806329113924051,TGFBR2
D5,Primary,UV_RESPONSE_DN,1.35237489272935,0.0806329113924051,CDKN1B
D5,Primary,UV_RESPONSE_DN,1.35237489272935,0.0806329113924051,CACNA1A
D5,Primary,UV_RESPONSE_DN,1.35237489272935,0.0806329113924051,RBPMS
D5,Primary,UV_RESPONSE_DN,1.35237489272935,0.0806329113924051,PRKCE
D5,Primary,UV_RESPONSE_UP,0.869110355021054,0.83951048951049,GRINA
D5,Primary,UV_RESPONSE_UP,0.869110355021054,0.83951048951049,ARRB2
D5,Primary,UV_RESPONSE_UP,0.869110355021054,0.83951048951049,CCND3
D5,Primary,UV_RESPONSE_UP,0.869110355021054,0.83951048951049,ATP6V1C1
D5,Primary,UV_RESPONSE_UP,0.869110355021054,0.83951048951049,ALAS1
D5,Primary,UV_RESPONSE_UP,0.869110355021054,0.83951048951049,PRKCD
D5,Primary,UV_RESPONSE_UP,0.869110355021054,0.83951048951049,LYN
D5,Primary,UV_RESPONSE_UP,0.869110355021054,0.83951048951049,FURIN
D5,Primary,UV_RESPONSE_UP,0.869110355021054,0.83951048951049,TUBA4A
D5,Primary,UV_RESPONSE_UP,0.869110355021054,0.83951048951049,MAOA
D5,Primary,UV_RESPONSE_UP,0.869110355021054,0.83951048951049,AGO2
D5,Primary,UV_RESPONSE_UP,0.869110355021054,0.83951048951049,MARK2
D5,Primary,UV_RESPONSE_UP,0.869110355021054,0.83951048951049,RAB27A
D5,Primary,UV_RESPONSE_UP,0.869110355021054,0.83951048951049,NFKBIA
D5,Primary,UV_RESPONSE_UP,0.869110355021054,0.83951048951049,CHKA
D5,Primary,UV_RESPONSE_UP,0.869110355021054,0.83951048951049,ACAA1
D5,Primary,UV_RESPONSE_UP,0.869110355021054,0.83951048951049,CA2
D5,Primary,UV_RESPONSE_UP,0.869110355021054,0.83951048951049,PDAP1
D5,Primary,UV_RESPONSE_UP,0.869110355021054,0.83951048951049,GRPEL1
D5,Primary,UV_RESPONSE_UP,0.869110355021054,0.83951048951049,APOM
D5,Primary,UV_RESPONSE_UP,0.869110355021054,0.83951048951049,ALDOA
D5,Primary,UV_RESPONSE_UP,0.869110355021054,0.83951048951049,NUP58
D5,Primary,UV_RESPONSE_UP,0.869110355021054,0.83951048951049,PRKACA
D5,Primary,WNT_BETA_CATENIN_SIGNALING,0.934097773587824,0.640825096232793,NUMB
D5,Primary,WNT_BETA_CATENIN_SIGNALING,0.934097773587824,0.640825096232793,RBPJ
D5,Primary,WNT_BETA_CATENIN_SIGNALING,0.934097773587824,0.640825096232793,ADAM17
D5,Primary,WNT_BETA_CATENIN_SIGNALING,0.934097773587824,0.640825096232793,MAML1
D5,Primary,WNT_BETA_CATENIN_SIGNALING,0.934097773587824,0.640825096232793,NKD1
D5,Primary,WNT_BETA_CATENIN_SIGNALING,0.934097773587824,0.640825096232793,CTNNB1
D5,Primary,WNT_BETA_CATENIN_SIGNALING,0.934097773587824,0.640825096232793,FRAT1
D5,Primary,WNT_BETA_CATENIN_SIGNALING,0.934097773587824,0.640825096232793,JAG1
D5,Primary,WNT_BETA_CATENIN_SIGNALING,0.934097773587824,0.640825096232793,NOTCH1
D5,Primary,WNT_BETA_CATENIN_SIGNALING,0.934097773587824,0.640825096232793,NCSTN
D5,Primary,XENOBIOTIC_METABOLISM,1.56001137939809,0.00842826325412055,UPP1
D5,Primary,XENOBIOTIC_METABOLISM,1.56001137939809,0.00842826325412055,IL1R1
D5,Primary,XENOBIOTIC_METABOLISM,1.56001137939809,0.00842826325412055,ETS2
D5,Primary,XENOBIOTIC_METABOLISM,1.56001137939809,0.00842826325412055,PGD
D5,Primary,XENOBIOTIC_METABOLISM,1.56001137939809,0.00842826325412055,GSR
D5,Primary,XENOBIOTIC_METABOLISM,1.56001137939809,0.00842826325412055,TPST1
D5,Primary,XENOBIOTIC_METABOLISM,1.56001137939809,0.00842826325412055,ALAS1
D5,Primary,XENOBIOTIC_METABOLISM,1.56001137939809,0.00842826325412055,POR
D5,Primary,XENOBIOTIC_METABOLISM,1.56001137939809,0.00842826325412055,LPIN2
D5,Primary,XENOBIOTIC_METABOLISM,1.56001137939809,0.00842826325412055,SLC6A6
D5,Primary,XENOBIOTIC_METABOLISM,1.56001137939809,0.00842826325412055,ACOX1
D5,Primary,XENOBIOTIC_METABOLISM,1.56001137939809,0.00842826325412055,DDAH2
D5,Primary,XENOBIOTIC_METABOLISM,1.56001137939809,0.00842826325412055,TNFRSF1A
D5,Primary,XENOBIOTIC_METABOLISM,1.56001137939809,0.00842826325412055,ARG1
D5,Primary,XENOBIOTIC_METABOLISM,1.56001137939809,0.00842826325412055,UPB1
D5,Primary,XENOBIOTIC_METABOLISM,1.56001137939809,0.00842826325412055,MAOA
D5,Primary,XENOBIOTIC_METABOLISM,1.56001137939809,0.00842826325412055,PINK1
D5,Primary,XENOBIOTIC_METABOLISM,1.56001137939809,0.00842826325412055,ESR1
D5,Primary,XENOBIOTIC_METABOLISM,1.56001137939809,0.00842826325412055,FAS
D5,Primary,XENOBIOTIC_METABOLISM,1.56001137939809,0.00842826325412055,AQP9
D5,Primary,XENOBIOTIC_METABOLISM,1.56001137939809,0.00842826325412055,VNN1
D5,Primary,XENOBIOTIC_METABOLISM,1.56001137939809,0.00842826325412055,SLC22A1
D5,Primary,XENOBIOTIC_METABOLISM,1.56001137939809,0.00842826325412055,SLC46A3
D5,Primary,XENOBIOTIC_METABOLISM,1.56001137939809,0.00842826325412055,CA2
D5,Primary,XENOBIOTIC_METABOLISM,1.56001137939809,0.00842826325412055,CDA
D5,Primary,XENOBIOTIC_METABOLISM,1.56001137939809,0.00842826325412055,SMOX
D5,Primary,XENOBIOTIC_METABOLISM,1.56001137939809,0.00842826325412055,ITIH4
D5,Primary,XENOBIOTIC_METABOLISM,1.56001137939809,0.00842826325412055,ABCC2
D5,Primary,XENOBIOTIC_METABOLISM,1.56001137939809,0.00842826325412055,NQO1
D5,Primary,XENOBIOTIC_METABOLISM,1.56001137939809,0.00842826325412055,HES6
D5,Primary,XENOBIOTIC_METABOLISM,1.56001137939809,0.00842826325412055,CSAD
D5,Primary,XENOBIOTIC_METABOLISM,1.56001137939809,0.00842826325412055,SERPINE1
D5,Primary,XENOBIOTIC_METABOLISM,1.56001137939809,0.00842826325412055,GABARAPL1
D5,Primary,XENOBIOTIC_METABOLISM,1.56001137939809,0.00842826325412055,MARCHF6
D5,PH_pass,ADIPOGENESIS,-0.907535363129486,0.79590395480226,NDUFAB1
D5,PH_pass,ADIPOGENESIS,-0.907535363129486,0.79590395480226,MRPL15
D5,PH_pass,ADIPOGENESIS,-0.907535363129486,0.79590395480226,ATP5PO
D5,PH_pass,ADIPOGENESIS,-0.907535363129486,0.79590395480226,DLAT
D5,PH_pass,ADIPOGENESIS,-0.907535363129486,0.79590395480226,ECHS1
D5,PH_pass,ADIPOGENESIS,-0.907535363129486,0.79590395480226,AK2
D5,PH_pass,ADIPOGENESIS,-0.907535363129486,0.79590395480226,NDUFS3
D5,PH_pass,ADIPOGENESIS,-0.907535363129486,0.79590395480226,SLC66A3
D5,PH_pass,ADIPOGENESIS,-0.907535363129486,0.79590395480226,ACAA2
D5,PH_pass,ADIPOGENESIS,-0.907535363129486,0.79590395480226,DBT
D5,PH_pass,ADIPOGENESIS,-0.907535363129486,0.79590395480226,DNAJB9
D5,PH_pass,ADIPOGENESIS,-0.907535363129486,0.79590395480226,HADH
D5,PH_pass,ADIPOGENESIS,-0.907535363129486,0.79590395480226,ATP1B3
D5,PH_pass,ADIPOGENESIS,-0.907535363129486,0.79590395480226,MAP4K3
D5,PH_pass,ADIPOGENESIS,-0.907535363129486,0.79590395480226,ENPP2
D5,PH_pass,ADIPOGENESIS,-0.907535363129486,0.79590395480226,PDCD4
D5,PH_pass,ADIPOGENESIS,-0.907535363129486,0.79590395480226,IMMT
D5,PH_pass,ADIPOGENESIS,-0.907535363129486,0.79590395480226,SCP2
D5,PH_pass,ADIPOGENESIS,-0.907535363129486,0.79590395480226,PHYH
D5,PH_pass,ADIPOGENESIS,-0.907535363129486,0.79590395480226,EPHX2
D5,PH_pass,ADIPOGENESIS,-0.907535363129486,0.79590395480226,ANGPT1
D5,PH_pass,ADIPOGENESIS,-0.907535363129486,0.79590395480226,JAGN1
D5,PH_pass,ADIPOGENESIS,-0.907535363129486,0.79590395480226,PTCD3
D5,PH_pass,ADIPOGENESIS,-0.907535363129486,0.79590395480226,DNAJC15
D5,PH_pass,ADIPOGENESIS,-0.907535363129486,0.79590395480226,ACADM
D5,PH_pass,ADIPOGENESIS,-0.907535363129486,0.79590395480226,SLC25A10
D5,PH_pass,ADIPOGENESIS,-0.907535363129486,0.79590395480226,NDUFA5
D5,PH_pass,ADIPOGENESIS,-0.907535363129486,0.79590395480226,REEP5
D5,PH_pass,ADIPOGENESIS,-0.907535363129486,0.79590395480226,SSPN
D5,PH_pass,ALLOGRAFT_REJECTION,-1.66664895044091,0.00168731902936938,HLA-DRA
D5,PH_pass,ALLOGRAFT_REJECTION,-1.66664895044091,0.00168731902936938,NPM1
D5,PH_pass,ALLOGRAFT_REJECTION,-1.66664895044091,0.00168731902936938,ABCE1
D5,PH_pass,ALLOGRAFT_REJECTION,-1.66664895044091,0.00168731902936938,RPS3A
D5,PH_pass,ALLOGRAFT_REJECTION,-1.66664895044091,0.00168731902936938,LY75
D5,PH_pass,ALLOGRAFT_REJECTION,-1.66664895044091,0.00168731902936938,HLA-DMB
D5,PH_pass,ALLOGRAFT_REJECTION,-1.66664895044091,0.00168731902936938,HLA-DMA
D5,PH_pass,ALLOGRAFT_REJECTION,-1.66664895044091,0.00168731902936938,ITK
D5,PH_pass,ALLOGRAFT_REJECTION,-1.66664895044091,0.00168731902936938,CD3D
D5,PH_pass,ALLOGRAFT_REJECTION,-1.66664895044091,0.00168731902936938,SIT1
D5,PH_pass,ALLOGRAFT_REJECTION,-1.66664895044091,0.00168731902936938,TRAT1
D5,PH_pass,ALLOGRAFT_REJECTION,-1.66664895044091,0.00168731902936938,CD3G
D5,PH_pass,ALLOGRAFT_REJECTION,-1.66664895044091,0.00168731902936938,EIF3A
D5,PH_pass,ALLOGRAFT_REJECTION,-1.66664895044091,0.00168731902936938,CD86
D5,PH_pass,ALLOGRAFT_REJECTION,-1.66664895044091,0.00168731902936938,DARS1
D5,PH_pass,ALLOGRAFT_REJECTION,-1.66664895044091,0.00168731902936938,RPL9
D5,PH_pass,ALLOGRAFT_REJECTION,-1.66664895044091,0.00168731902936938,CTSS
D5,PH_pass,ALLOGRAFT_REJECTION,-1.66664895044091,0.00168731902936938,CD28
D5,PH_pass,ALLOGRAFT_REJECTION,-1.66664895044091,0.00168731902936938,UBE2N
D5,PH_pass,ALLOGRAFT_REJECTION,-1.66664895044091,0.00168731902936938,RPL39
D5,PH_pass,ALLOGRAFT_REJECTION,-1.66664895044091,0.00168731902936938,IL7
D5,PH_pass,ALLOGRAFT_REJECTION,-1.66664895044091,0.00168731902936938,HLA-DOA
D5,PH_pass,ALLOGRAFT_REJECTION,-1.66664895044091,0.00168731902936938,LY86
D5,PH_pass,ALLOGRAFT_REJECTION,-1.66664895044091,0.00168731902936938,CD40LG
D5,PH_pass,ALLOGRAFT_REJECTION,-1.66664895044091,0.00168731902936938,RPS19
D5,PH_pass,ALLOGRAFT_REJECTION,-1.66664895044091,0.00168731902936938,EIF3D
D5,PH_pass,ALLOGRAFT_REJECTION,-1.66664895044091,0.00168731902936938,HDAC9
D5,PH_pass,ALLOGRAFT_REJECTION,-1.66664895044091,0.00168731902936938,CD8B
D5,PH_pass,ALLOGRAFT_REJECTION,-1.66664895044091,0.00168731902936938,TNF
D5,PH_pass,ALLOGRAFT_REJECTION,-1.66664895044091,0.00168731902936938,LCK
D5,PH_pass,ALLOGRAFT_REJECTION,-1.66664895044091,0.00168731902936938,IRF8
D5,PH_pass,ALLOGRAFT_REJECTION,-1.66664895044091,0.00168731902936938,IRF4
D5,PH_pass,ALLOGRAFT_REJECTION,-1.66664895044091,0.00168731902936938,CD74
D5,PH_pass,ALLOGRAFT_REJECTION,-1.66664895044091,0.00168731902936938,RIPK2
D5,PH_pass,ALLOGRAFT_REJECTION,-1.66664895044091,0.00168731902936938,HLA-DQA1
D5,PH_pass,ALLOGRAFT_REJECTION,-1.66664895044091,0.00168731902936938,CCR2
D5,PH_pass,ALLOGRAFT_REJECTION,-1.66664895044091,0.00168731902936938,FCGR2B
D5,PH_pass,ALLOGRAFT_REJECTION,-1.66664895044091,0.00168731902936938,MRPL3
D5,PH_pass,ALLOGRAFT_REJECTION,-1.66664895044091,0.00168731902936938,CD2
D5,PH_pass,ALLOGRAFT_REJECTION,-1.66664895044091,0.00168731902936938,STAT4
D5,PH_pass,ALLOGRAFT_REJECTION,-1.66664895044091,0.00168731902936938,ZAP70
D5,PH_pass,ALLOGRAFT_REJECTION,-1.66664895044091,0.00168731902936938,CD8A
D5,PH_pass,ALLOGRAFT_REJECTION,-1.66664895044091,0.00168731902936938,NME1
D5,PH_pass,ALLOGRAFT_REJECTION,-1.66664895044091,0.00168731902936938,CD3E
D5,PH_pass,ALLOGRAFT_REJECTION,-1.66664895044091,0.00168731902936938,CD79A
D5,PH_pass,ALLOGRAFT_REJECTION,-1.66664895044091,0.00168731902936938,IL15
D5,PH_pass,ANDROGEN_RESPONSE,1.3069395627854,0.142191676212295,FKBP5
D5,PH_pass,ANDROGEN_RESPONSE,1.3069395627854,0.142191676212295,CAMKK2
D5,PH_pass,ANDROGEN_RESPONSE,1.3069395627854,0.142191676212295,GSR
D5,PH_pass,ANDROGEN_RESPONSE,1.3069395627854,0.142191676212295,CCND3
D5,PH_pass,ANDROGEN_RESPONSE,1.3069395627854,0.142191676212295,HPGD
D5,PH_pass,ANDROGEN_RESPONSE,1.3069395627854,0.142191676212295,PTK2B
D5,PH_pass,ANDROGEN_RESPONSE,1.3069395627854,0.142191676212295,SLC38A2
D5,PH_pass,ANDROGEN_RESPONSE,1.3069395627854,0.142191676212295,HERC3
D5,PH_pass,ANDROGEN_RESPONSE,1.3069395627854,0.142191676212295,ACTN1
D5,PH_pass,ANDROGEN_RESPONSE,1.3069395627854,0.142191676212295,MAK
D5,PH_pass,ANDROGEN_RESPONSE,1.3069395627854,0.142191676212295,RPS6KA3
D5,PH_pass,ANDROGEN_RESPONSE,1.3069395627854,0.142191676212295,IQGAP2
D5,PH_pass,ANDROGEN_RESPONSE,1.3069395627854,0.142191676212295,ACSL3
D5,PH_pass,ANDROGEN_RESPONSE,1.3069395627854,0.142191676212295,MERTK
D5,PH_pass,ANDROGEN_RESPONSE,1.3069395627854,0.142191676212295,MYL12A
D5,PH_pass,ANDROGEN_RESPONSE,1.3069395627854,0.142191676212295,ARID5B
D5,PH_pass,ANGIOGENESIS,0.77712563406924,0.846916211729053,LRPAP1
D5,PH_pass,ANGIOGENESIS,0.77712563406924,0.846916211729053,JAG1
D5,PH_pass,ANGIOGENESIS,0.77712563406924,0.846916211729053,FGFR1
D5,PH_pass,ANGIOGENESIS,0.77712563406924,0.846916211729053,PGLYRP1
D5,PH_pass,ANGIOGENESIS,0.77712563406924,0.846916211729053,APP
D5,PH_pass,ANGIOGENESIS,0.77712563406924,0.846916211729053,S100A4
D5,PH_pass,ANGIOGENESIS,0.77712563406924,0.846916211729053,TIMP1
D5,PH_pass,ANGIOGENESIS,0.77712563406924,0.846916211729053,FSTL1
D5,PH_pass,ANGIOGENESIS,0.77712563406924,0.846916211729053,VEGFA
D5,PH_pass,ANGIOGENESIS,0.77712563406924,0.846916211729053,PF4
D5,PH_pass,APICAL_JUNCTION,1.57614561168762,0.0113702780265192,MAPK14
D5,PH_pass,APICAL_JUNCTION,1.57614561168762,0.0113702780265192,SIRPA
D5,PH_pass,APICAL_JUNCTION,1.57614561168762,0.0113702780265192,ADAM9
D5,PH_pass,APICAL_JUNCTION,1.57614561168762,0.0113702780265192,PIK3CB
D5,PH_pass,APICAL_JUNCTION,1.57614561168762,0.0113702780265192,SKAP2
D5,PH_pass,APICAL_JUNCTION,1.57614561168762,0.0113702780265192,MMP9
D5,PH_pass,APICAL_JUNCTION,1.57614561168762,0.0113702780265192,CAP1
D5,PH_pass,APICAL_JUNCTION,1.57614561168762,0.0113702780265192,ALOX15B
D5,PH_pass,APICAL_JUNCTION,1.57614561168762,0.0113702780265192,ACTN1
D5,PH_pass,APICAL_JUNCTION,1.57614561168762,0.0113702780265192,MAPK13
D5,PH_pass,APICAL_JUNCTION,1.57614561168762,0.0113702780265192,PTEN
D5,PH_pass,APICAL_JUNCTION,1.57614561168762,0.0113702780265192,NF1
D5,PH_pass,APICAL_JUNCTION,1.57614561168762,0.0113702780265192,ITGA10
D5,PH_pass,APICAL_JUNCTION,1.57614561168762,0.0113702780265192,THBS3
D5,PH_pass,APICAL_JUNCTION,1.57614561168762,0.0113702780265192,RAC2
D5,PH_pass,APICAL_JUNCTION,1.57614561168762,0.0113702780265192,VASP
D5,PH_pass,APICAL_JUNCTION,1.57614561168762,0.0113702780265192,MAP3K20
D5,PH_pass,APICAL_JUNCTION,1.57614561168762,0.0113702780265192,IKBKG
D5,PH_pass,APICAL_JUNCTION,1.57614561168762,0.0113702780265192,ZYX
D5,PH_pass,APICAL_JUNCTION,1.57614561168762,0.0113702780265192,ACTB
D5,PH_pass,APICAL_JUNCTION,1.57614561168762,0.0113702780265192,CNN2
D5,PH_pass,APICAL_JUNCTION,1.57614561168762,0.0113702780265192,PCDH1
D5,PH_pass,APICAL_JUNCTION,1.57614561168762,0.0113702780265192,COL17A1
D5,PH_pass,APICAL_JUNCTION,1.57614561168762,0.0113702780265192,FYB1
D5,PH_pass,APICAL_JUNCTION,1.57614561168762,0.0113702780265192,RASA1
D5,PH_pass,APICAL_JUNCTION,1.57614561168762,0.0113702780265192,ICAM5
D5,PH_pass,APICAL_JUNCTION,1.57614561168762,0.0113702780265192,PBX2
D5,PH_pass,APICAL_JUNCTION,1.57614561168762,0.0113702780265192,INPPL1
D5,PH_pass,APICAL_JUNCTION,1.57614561168762,0.0113702780265192,CTNNA1
D5,PH_pass,APICAL_JUNCTION,1.57614561168762,0.0113702780265192,STX4
D5,PH_pass,APICAL_JUNCTION,1.57614561168762,0.0113702780265192,CLDN15
D5,PH_pass,APICAL_JUNCTION,1.57614561168762,0.0113702780265192,NECTIN2
D5,PH_pass,APICAL_JUNCTION,1.57614561168762,0.0113702780265192,CLDN9
D5,PH_pass,APICAL_JUNCTION,1.57614561168762,0.0113702780265192,ACTN4
D5,PH_pass,APICAL_JUNCTION,1.57614561168762,0.0113702780265192,GNAI2
D5,PH_pass,APICAL_JUNCTION,1.57614561168762,0.0113702780265192,SHC1
D5,PH_pass,APICAL_JUNCTION,1.57614561168762,0.0113702780265192,ICAM1
D5,PH_pass,APICAL_JUNCTION,1.57614561168762,0.0113702780265192,YWHAH
D5,PH_pass,APICAL_JUNCTION,1.57614561168762,0.0113702780265192,TUBG1
D5,PH_pass,APICAL_JUNCTION,1.57614561168762,0.0113702780265192,TAOK2
D5,PH_pass,APICAL_JUNCTION,1.57614561168762,0.0113702780265192,VCL
D5,PH_pass,APICAL_JUNCTION,1.57614561168762,0.0113702780265192,MPZL1
D5,PH_pass,APICAL_JUNCTION,1.57614561168762,0.0113702780265192,MYH10
D5,PH_pass,APICAL_JUNCTION,1.57614561168762,0.0113702780265192,PARD6G
D5,PH_pass,APICAL_JUNCTION,1.57614561168762,0.0113702780265192,BAIAP2
D5,PH_pass,APICAL_SURFACE,1.20063217878123,0.331752630171184,FLOT2
D5,PH_pass,APICAL_SURFACE,1.20063217878123,0.331752630171184,LYN
D5,PH_pass,APICAL_SURFACE,1.20063217878123,0.331752630171184,PCSK9
D5,PH_pass,APICAL_SURFACE,1.20063217878123,0.331752630171184,CRYBG1
D5,PH_pass,APICAL_SURFACE,1.20063217878123,0.331752630171184,DCBLD2
D5,PH_pass,APICAL_SURFACE,1.20063217878123,0.331752630171184,SLC2A4
D5,PH_pass,APICAL_SURFACE,1.20063217878123,0.331752630171184,ADIPOR2
D5,PH_pass,APICAL_SURFACE,1.20063217878123,0.331752630171184,APP
D5,PH_pass,APICAL_SURFACE,1.20063217878123,0.331752630171184,HSPB1
D5,PH_pass,APICAL_SURFACE,1.20063217878123,0.331752630171184,IL2RG
D5,PH_pass,APOPTOSIS,0.906269217057637,0.765401184706516,GADD45A
D5,PH_pass,APOPTOSIS,0.906269217057637,0.765401184706516,CFLAR
D5,PH_pass,APOPTOSIS,0.906269217057637,0.765401184706516,GSR
D5,PH_pass,APOPTOSIS,0.906269217057637,0.765401184706516,HGF
D5,PH_pass,APOPTOSIS,0.906269217057637,0.765401184706516,IGF2R
D5,PH_pass,APOPTOSIS,0.906269217057637,0.765401184706516,ADD1
D5,PH_pass,APOPTOSIS,0.906269217057637,0.765401184706516,TIMP2
D5,PH_pass,APOPTOSIS,0.906269217057637,0.765401184706516,GSN
D5,PH_pass,APOPTOSIS,0.906269217057637,0.765401184706516,RARA
D5,PH_pass,APOPTOSIS,0.906269217057637,0.765401184706516,PSEN1
D5,PH_pass,APOPTOSIS,0.906269217057637,0.765401184706516,CREBBP
D5,PH_pass,APOPTOSIS,0.906269217057637,0.765401184706516,CCNA1
D5,PH_pass,APOPTOSIS,0.906269217057637,0.765401184706516,IFITM3
D5,PH_pass,APOPTOSIS,0.906269217057637,0.765401184706516,EMP1
D5,PH_pass,APOPTOSIS,0.906269217057637,0.765401184706516,CD44
D5,PH_pass,APOPTOSIS,0.906269217057637,0.765401184706516,NEDD9
D5,PH_pass,APOPTOSIS,0.906269217057637,0.765401184706516,PPP2R5B
D5,PH_pass,APOPTOSIS,0.906269217057637,0.765401184706516,CTNNB1
D5,PH_pass,APOPTOSIS,0.906269217057637,0.765401184706516,CLU
D5,PH_pass,APOPTOSIS,0.906269217057637,0.765401184706516,XIAP
D5,PH_pass,APOPTOSIS,0.906269217057637,0.765401184706516,TSPO
D5,PH_pass,APOPTOSIS,0.906269217057637,0.765401184706516,DNAJC3
D5,PH_pass,APOPTOSIS,0.906269217057637,0.765401184706516,IER3
D5,PH_pass,APOPTOSIS,0.906269217057637,0.765401184706516,TXNIP
D5,PH_pass,APOPTOSIS,0.906269217057637,0.765401184706516,BCAP31
D5,PH_pass,APOPTOSIS,0.906269217057637,0.765401184706516,PPP3R1
D5,PH_pass,APOPTOSIS,0.906269217057637,0.765401184706516,IRF1
D5,PH_pass,APOPTOSIS,0.906269217057637,0.765401184706516,TAP1
D5,PH_pass,APOPTOSIS,0.906269217057637,0.765401184706516,GNA15
D5,PH_pass,APOPTOSIS,0.906269217057637,0.765401184706516,GPX3
D5,PH_pass,APOPTOSIS,0.906269217057637,0.765401184706516,F2R
D5,PH_pass,APOPTOSIS,0.906269217057637,0.765401184706516,APP
D5,PH_pass,BILE_ACID_METABOLISM,-1.06985439056752,0.466901231465192,ABCD2
D5,PH_pass,BILE_ACID_METABOLISM,-1.06985439056752,0.466901231465192,CYP27A1
D5,PH_pass,BILE_ACID_METABOLISM,-1.06985439056752,0.466901231465192,NR3C2
D5,PH_pass,BILE_ACID_METABOLISM,-1.06985439056752,0.466901231465192,HACL1
D5,PH_pass,BILE_ACID_METABOLISM,-1.06985439056752,0.466901231465192,PAOX
D5,PH_pass,BILE_ACID_METABOLISM,-1.06985439056752,0.466901231465192,PEX12
D5,PH_pass,BILE_ACID_METABOLISM,-1.06985439056752,0.466901231465192,EFHC1
D5,PH_pass,BILE_ACID_METABOLISM,-1.06985439056752,0.466901231465192,LCK
D5,PH_pass,BILE_ACID_METABOLISM,-1.06985439056752,0.466901231465192,SCP2
D5,PH_pass,BILE_ACID_METABOLISM,-1.06985439056752,0.466901231465192,SLC35B2
D5,PH_pass,BILE_ACID_METABOLISM,-1.06985439056752,0.466901231465192,PHYH
D5,PH_pass,BILE_ACID_METABOLISM,-1.06985439056752,0.466901231465192,EPHX2
D5,PH_pass,BILE_ACID_METABOLISM,-1.06985439056752,0.466901231465192,IDH2
D5,PH_pass,BILE_ACID_METABOLISM,-1.06985439056752,0.466901231465192,HSD17B4
D5,PH_pass,BILE_ACID_METABOLISM,-1.06985439056752,0.466901231465192,PEX7
D5,PH_pass,BILE_ACID_METABOLISM,-1.06985439056752,0.466901231465192,ACSL5
D5,PH_pass,BILE_ACID_METABOLISM,-1.06985439056752,0.466901231465192,SOD1
D5,PH_pass,BILE_ACID_METABOLISM,-1.06985439056752,0.466901231465192,SLC29A1
D5,PH_pass,BILE_ACID_METABOLISM,-1.06985439056752,0.466901231465192,TFCP2L1
D5,PH_pass,BILE_ACID_METABOLISM,-1.06985439056752,0.466901231465192,ABCD3
D5,PH_pass,BILE_ACID_METABOLISM,-1.06985439056752,0.466901231465192,AMACR
D5,PH_pass,CHOLESTEROL_HOMEOSTASIS,1.3348080983779,0.141770637497864,PLSCR1
D5,PH_pass,CHOLESTEROL_HOMEOSTASIS,1.3348080983779,0.141770637497864,ABCA2
D5,PH_pass,CHOLESTEROL_HOMEOSTASIS,1.3348080983779,0.141770637497864,NIBAN1
D5,PH_pass,CHOLESTEROL_HOMEOSTASIS,1.3348080983779,0.141770637497864,PDK3
D5,PH_pass,CHOLESTEROL_HOMEOSTASIS,1.3348080983779,0.141770637497864,LDLR
D5,PH_pass,CHOLESTEROL_HOMEOSTASIS,1.3348080983779,0.141770637497864,PPARG
D5,PH_pass,CHOLESTEROL_HOMEOSTASIS,1.3348080983779,0.141770637497864,S100A11
D5,PH_pass,CHOLESTEROL_HOMEOSTASIS,1.3348080983779,0.141770637497864,PNRC1
D5,PH_pass,CHOLESTEROL_HOMEOSTASIS,1.3348080983779,0.141770637497864,CHKA
D5,PH_pass,CHOLESTEROL_HOMEOSTASIS,1.3348080983779,0.141770637497864,ACSS2
D5,PH_pass,CHOLESTEROL_HOMEOSTASIS,1.3348080983779,0.141770637497864,DHCR7
D5,PH_pass,CHOLESTEROL_HOMEOSTASIS,1.3348080983779,0.141770637497864,CTNNB1
D5,PH_pass,CHOLESTEROL_HOMEOSTASIS,1.3348080983779,0.141770637497864,CLU
D5,PH_pass,CHOLESTEROL_HOMEOSTASIS,1.3348080983779,0.141770637497864,JAG1
D5,PH_pass,COAGULATION,1.4488003079908,0.050707536820161,ADAM9
D5,PH_pass,COAGULATION,1.4488003079908,0.050707536820161,MMP9
D5,PH_pass,COAGULATION,1.4488003079908,0.050707536820161,KLF7
D5,PH_pass,COAGULATION,1.4488003079908,0.050707536820161,FURIN
D5,PH_pass,COAGULATION,1.4488003079908,0.050707536820161,RAC1
D5,PH_pass,COAGULATION,1.4488003079908,0.050707536820161,GSN
D5,PH_pass,COAGULATION,1.4488003079908,0.050707536820161,SERPINA1
D5,PH_pass,COAGULATION,1.4488003079908,0.050707536820161,RABIF
D5,PH_pass,COAGULATION,1.4488003079908,0.050707536820161,CTSK
D5,PH_pass,COAGULATION,1.4488003079908,0.050707536820161,WDR1
D5,PH_pass,COAGULATION,1.4488003079908,0.050707536820161,HPN
D5,PH_pass,COAGULATION,1.4488003079908,0.050707536820161,F2RL2
D5,PH_pass,COAGULATION,1.4488003079908,0.050707536820161,SERPINE1
D5,PH_pass,COAGULATION,1.4488003079908,0.050707536820161,F12
D5,PH_pass,COAGULATION,1.4488003079908,0.050707536820161,C1R
D5,PH_pass,COAGULATION,1.4488003079908,0.050707536820161,CLU
D5,PH_pass,COAGULATION,1.4488003079908,0.050707536820161,LAMP2
D5,PH_pass,COAGULATION,1.4488003079908,0.050707536820161,MMP8
D5,PH_pass,COAGULATION,1.4488003079908,0.050707536820161,GNB2
D5,PH_pass,COAGULATION,1.4488003079908,0.050707536820161,THBS1
D5,PH_pass,COAGULATION,1.4488003079908,0.050707536820161,F8
D5,PH_pass,COAGULATION,1.4488003079908,0.050707536820161,FN1
D5,PH_pass,COAGULATION,1.4488003079908,0.050707536820161,PLAU
D5,PH_pass,COAGULATION,1.4488003079908,0.050707536820161,GP1BA
D5,PH_pass,COAGULATION,1.4488003079908,0.050707536820161,ITGB3
D5,PH_pass,COAGULATION,1.4488003079908,0.050707536820161,TIMP1
D5,PH_pass,COAGULATION,1.4488003079908,0.050707536820161,CASP9
D5,PH_pass,COAGULATION,1.4488003079908,0.050707536820161,P2RY1
D5,PH_pass,COAGULATION,1.4488003079908,0.050707536820161,CTSB
D5,PH_pass,COAGULATION,1.4488003079908,0.050707536820161,CFB
D5,PH_pass,COAGULATION,1.4488003079908,0.050707536820161,PEF1
D5,PH_pass,COAGULATION,1.4488003079908,0.050707536820161,SERPINB2
D5,PH_pass,COAGULATION,1.4488003079908,0.050707536820161,CPQ
D5,PH_pass,COAGULATION,1.4488003079908,0.050707536820161,SPARC
D5,PH_pass,COAGULATION,1.4488003079908,0.050707536820161,MST1
D5,PH_pass,COAGULATION,1.4488003079908,0.050707536820161,PF4
D5,PH_pass,COMPLEMENT,1.58158988315115,0.00657120334065587,ITGAM
D5,PH_pass,COMPLEMENT,1.58158988315115,0.00657120334065587,CR1
D5,PH_pass,COMPLEMENT,1.58158988315115,0.00657120334065587,ADAM9
D5,PH_pass,COMPLEMENT,1.58158988315115,0.00657120334065587,PLSCR1
D5,PH_pass,COMPLEMENT,1.58158988315115,0.00657120334065587,PIK3CG
D5,PH_pass,COMPLEMENT,1.58158988315115,0.00657120334065587,LCP2
D5,PH_pass,COMPLEMENT,1.58158988315115,0.00657120334065587,HSPA1A
D5,PH_pass,COMPLEMENT,1.58158988315115,0.00657120334065587,PRKCD
D5,PH_pass,COMPLEMENT,1.58158988315115,0.00657120334065587,DGKH
D5,PH_pass,COMPLEMENT,1.58158988315115,0.00657120334065587,LYN
D5,PH_pass,COMPLEMENT,1.58158988315115,0.00657120334065587,PCSK9
D5,PH_pass,COMPLEMENT,1.58158988315115,0.00657120334065587,IRF2
D5,PH_pass,COMPLEMENT,1.58158988315115,0.00657120334065587,TIMP2
D5,PH_pass,COMPLEMENT,1.58158988315115,0.00657120334065587,COL4A2
D5,PH_pass,COMPLEMENT,1.58158988315115,0.00657120334065587,CD55
D5,PH_pass,COMPLEMENT,1.58158988315115,0.00657120334065587,S100A12
D5,PH_pass,COMPLEMENT,1.58158988315115,0.00657120334065587,PSEN1
D5,PH_pass,COMPLEMENT,1.58158988315115,0.00657120334065587,RHOG
D5,PH_pass,COMPLEMENT,1.58158988315115,0.00657120334065587,SERPINA1
D5,PH_pass,COMPLEMENT,1.58158988315115,0.00657120334065587,CDK5R1
D5,PH_pass,COMPLEMENT,1.58158988315115,0.00657120334065587,GCA
D5,PH_pass,COMPLEMENT,1.58158988315115,0.00657120334065587,RAF1
D5,PH_pass,COMPLEMENT,1.58158988315115,0.00657120334065587,RABIF
D5,PH_pass,COMPLEMENT,1.58158988315115,0.00657120334065587,F5
D5,PH_pass,COMPLEMENT,1.58158988315115,0.00657120334065587,EHD1
D5,PH_pass,COMPLEMENT,1.58158988315115,0.00657120334065587,CD59
D5,PH_pass,COMPLEMENT,1.58158988315115,0.00657120334065587,GRB2
D5,PH_pass,COMPLEMENT,1.58158988315115,0.00657120334065587,PIK3R5
D5,PH_pass,COMPLEMENT,1.58158988315115,0.00657120334065587,CA2
D5,PH_pass,COMPLEMENT,1.58158988315115,0.00657120334065587,CEBPB
D5,PH_pass,COMPLEMENT,1.58158988315115,0.00657120334065587,CDA
D5,PH_pass,COMPLEMENT,1.58158988315115,0.00657120334065587,MSRB1
D5,PH_pass,COMPLEMENT,1.58158988315115,0.00657120334065587,PIK3CA
D5,PH_pass,COMPLEMENT,1.58158988315115,0.00657120334065587,SERPINE1
D5,PH_pass,COMPLEMENT,1.58158988315115,0.00657120334065587,PRSS36
D5,PH_pass,COMPLEMENT,1.58158988315115,0.00657120334065587,C1R
D5,PH_pass,COMPLEMENT,1.58158988315115,0.00657120334065587,CLU
D5,PH_pass,COMPLEMENT,1.58158988315115,0.00657120334065587,BRPF3
D5,PH_pass,COMPLEMENT,1.58158988315115,0.00657120334065587,TNFAIP3
D5,PH_pass,COMPLEMENT,1.58158988315115,0.00657120334065587,AKAP10
D5,PH_pass,COMPLEMENT,1.58158988315115,0.00657120334065587,WAS
D5,PH_pass,COMPLEMENT,1.58158988315115,0.00657120334065587,LAMP2
D5,PH_pass,COMPLEMENT,1.58158988315115,0.00657120334065587,CPM
D5,PH_pass,COMPLEMENT,1.58158988315115,0.00657120334065587,GNAI3
D5,PH_pass,COMPLEMENT,1.58158988315115,0.00657120334065587,MMP8
D5,PH_pass,COMPLEMENT,1.58158988315115,0.00657120334065587,GNB2
D5,PH_pass,COMPLEMENT,1.58158988315115,0.00657120334065587,CTSD
D5,PH_pass,DNA_REPAIR,-1.52124155904278,0.0113702780265192,RNMT
D5,PH_pass,DNA_REPAIR,-1.52124155904278,0.0113702780265192,GTF2H1
D5,PH_pass,DNA_REPAIR,-1.52124155904278,0.0113702780265192,GTF2H3
D5,PH_pass,DNA_REPAIR,-1.52124155904278,0.0113702780265192,NUDT21
D5,PH_pass,DNA_REPAIR,-1.52124155904278,0.0113702780265192,ERCC8
D5,PH_pass,DNA_REPAIR,-1.52124155904278,0.0113702780265192,ADA
D5,PH_pass,DNA_REPAIR,-1.52124155904278,0.0113702780265192,APRT
D5,PH_pass,DNA_REPAIR,-1.52124155904278,0.0113702780265192,NCBP2
D5,PH_pass,DNA_REPAIR,-1.52124155904278,0.0113702780265192,POLR2D
D5,PH_pass,DNA_REPAIR,-1.52124155904278,0.0113702780265192,IMPDH2
D5,PH_pass,DNA_REPAIR,-1.52124155904278,0.0113702780265192,DUT
D5,PH_pass,DNA_REPAIR,-1.52124155904278,0.0113702780265192,ERCC4
D5,PH_pass,DNA_REPAIR,-1.52124155904278,0.0113702780265192,PCNA
D5,PH_pass,DNA_REPAIR,-1.52124155904278,0.0113702780265192,SF3A3
D5,PH_pass,DNA_REPAIR,-1.52124155904278,0.0113702780265192,ITPA
D5,PH_pass,DNA_REPAIR,-1.52124155904278,0.0113702780265192,MRPL40
D5,PH_pass,DNA_REPAIR,-1.52124155904278,0.0113702780265192,POLR2K
D5,PH_pass,DNA_REPAIR,-1.52124155904278,0.0113702780265192,RFC3
D5,PH_pass,DNA_REPAIR,-1.52124155904278,0.0113702780265192,POLR1C
D5,PH_pass,DNA_REPAIR,-1.52124155904278,0.0113702780265192,POLR2C
D5,PH_pass,DNA_REPAIR,-1.52124155904278,0.0113702780265192,RPA3
D5,PH_pass,DNA_REPAIR,-1.52124155904278,0.0113702780265192,NFX1
D5,PH_pass,DNA_REPAIR,-1.52124155904278,0.0113702780265192,UMPS
D5,PH_pass,DNA_REPAIR,-1.52124155904278,0.0113702780265192,NME3
D5,PH_pass,DNA_REPAIR,-1.52124155904278,0.0113702780265192,SEC61A1
D5,PH_pass,DNA_REPAIR,-1.52124155904278,0.0113702780265192,ERCC3
D5,PH_pass,DNA_REPAIR,-1.52124155904278,0.0113702780265192,AK3
D5,PH_pass,DNA_REPAIR,-1.52124155904278,0.0113702780265192,EDF1
D5,PH_pass,DNA_REPAIR,-1.52124155904278,0.0113702780265192,NME1
D5,PH_pass,DNA_REPAIR,-1.52124155904278,0.0113702780265192,TMED2
D5,PH_pass,DNA_REPAIR,-1.52124155904278,0.0113702780265192,PDE4B
D5,PH_pass,DNA_REPAIR,-1.52124155904278,0.0113702780265192,GTF2A2
D5,PH_pass,DNA_REPAIR,-1.52124155904278,0.0113702780265192,TP53
D5,PH_pass,DNA_REPAIR,-1.52124155904278,0.0113702780265192,RFC4
D5,PH_pass,DNA_REPAIR,-1.52124155904278,0.0113702780265192,TAF9
D5,PH_pass,E2F_TARGETS,-1.79990025127344,0.000105296124001445,SYNCRIP
D5,PH_pass,E2F_TARGETS,-1.79990025127344,0.000105296124001445,NOP56
D5,PH_pass,E2F_TARGETS,-1.79990025127344,0.000105296124001445,EED
D5,PH_pass,E2F_TARGETS,-1.79990025127344,0.000105296124001445,NUDT21
D5,PH_pass,E2F_TARGETS,-1.79990025127344,0.000105296124001445,MAD2L1
D5,PH_pass,E2F_TARGETS,-1.79990025127344,0.000105296124001445,RAN
D5,PH_pass,E2F_TARGETS,-1.79990025127344,0.000105296124001445,MYC
D5,PH_pass,E2F_TARGETS,-1.79990025127344,0.000105296124001445,EIF2S1
D5,PH_pass,E2F_TARGETS,-1.79990025127344,0.000105296124001445,AK2
D5,PH_pass,E2F_TARGETS,-1.79990025127344,0.000105296124001445,PAICS
D5,PH_pass,E2F_TARGETS,-1.79990025127344,0.000105296124001445,KIF22
D5,PH_pass,E2F_TARGETS,-1.79990025127344,0.000105296124001445,SLBP
D5,PH_pass,E2F_TARGETS,-1.79990025127344,0.000105296124001445,STMN1
D5,PH_pass,E2F_TARGETS,-1.79990025127344,0.000105296124001445,SRSF2
D5,PH_pass,E2F_TARGETS,-1.79990025127344,0.000105296124001445,TMPO
D5,PH_pass,E2F_TARGETS,-1.79990025127344,0.000105296124001445,DCTPP1
D5,PH_pass,E2F_TARGETS,-1.79990025127344,0.000105296124001445,DUT
D5,PH_pass,E2F_TARGETS,-1.79990025127344,0.000105296124001445,RAD50
D5,PH_pass,E2F_TARGETS,-1.79990025127344,0.000105296124001445,WDR90
D5,PH_pass,E2F_TARGETS,-1.79990025127344,0.000105296124001445,PHF5A
D5,PH_pass,E2F_TARGETS,-1.79990025127344,0.000105296124001445,PCNA
D5,PH_pass,E2F_TARGETS,-1.79990025127344,0.000105296124001445,PRDX4
D5,PH_pass,E2F_TARGETS,-1.79990025127344,0.000105296124001445,IPO7
D5,PH_pass,E2F_TARGETS,-1.79990025127344,0.000105296124001445,RFC3
D5,PH_pass,E2F_TARGETS,-1.79990025127344,0.000105296124001445,MLH1
D5,PH_pass,E2F_TARGETS,-1.79990025127344,0.000105296124001445,HNRNPD
D5,PH_pass,E2F_TARGETS,-1.79990025127344,0.000105296124001445,CSE1L
D5,PH_pass,E2F_TARGETS,-1.79990025127344,0.000105296124001445,RAD1
D5,PH_pass,E2F_TARGETS,-1.79990025127344,0.000105296124001445,RPA3
D5,PH_pass,E2F_TARGETS,-1.79990025127344,0.000105296124001445,RBBP7
D5,PH_pass,E2F_TARGETS,-1.79990025127344,0.000105296124001445,CDK4
D5,PH_pass,E2F_TARGETS,-1.79990025127344,0.000105296124001445,NUP107
D5,PH_pass,E2F_TARGETS,-1.79990025127344,0.000105296124001445,NME1
D5,PH_pass,E2F_TARGETS,-1.79990025127344,0.000105296124001445,TBRG4
D5,PH_pass,E2F_TARGETS,-1.79990025127344,0.000105296124001445,TP53
D5,PH_pass,E2F_TARGETS,-1.79990025127344,0.000105296124001445,RPA1
D5,PH_pass,E2F_TARGETS,-1.79990025127344,0.000105296124001445,CENPM
D5,PH_pass,E2F_TARGETS,-1.79990025127344,0.000105296124001445,NAP1L1
D5,PH_pass,E2F_TARGETS,-1.79990025127344,0.000105296124001445,XRCC6
D5,PH_pass,E2F_TARGETS,-1.79990025127344,0.000105296124001445,MRE11
D5,PH_pass,E2F_TARGETS,-1.79990025127344,0.000105296124001445,CTPS1
D5,PH_pass,E2F_TARGETS,-1.79990025127344,0.000105296124001445,SSRP1
D5,PH_pass,E2F_TARGETS,-1.79990025127344,0.000105296124001445,RFC1
D5,PH_pass,E2F_TARGETS,-1.79990025127344,0.000105296124001445,TRA2B
D5,PH_pass,E2F_TARGETS,-1.79990025127344,0.000105296124001445,RANBP1
D5,PH_pass,E2F_TARGETS,-1.79990025127344,0.000105296124001445,CDK1
D5,PH_pass,E2F_TARGETS,-1.79990025127344,0.000105296124001445,MSH2
D5,PH_pass,E2F_TARGETS,-1.79990025127344,0.000105296124001445,SNRPB
D5,PH_pass,E2F_TARGETS,-1.79990025127344,0.000105296124001445,MCM5
D5,PH_pass,E2F_TARGETS,-1.79990025127344,0.000105296124001445,SMC4
D5,PH_pass,E2F_TARGETS,-1.79990025127344,0.000105296124001445,ZW10
D5,PH_pass,E2F_TARGETS,-1.79990025127344,0.000105296124001445,RNASEH2A
D5,PH_pass,E2F_TARGETS,-1.79990025127344,0.000105296124001445,CKS1B
D5,PH_pass,E2F_TARGETS,-1.79990025127344,0.000105296124001445,SRSF1
D5,PH_pass,E2F_TARGETS,-1.79990025127344,0.000105296124001445,MTHFD2
D5,PH_pass,E2F_TARGETS,-1.79990025127344,0.000105296124001445,NOLC1
D5,PH_pass,E2F_TARGETS,-1.79990025127344,0.000105296124001445,POLD1
D5,PH_pass,E2F_TARGETS,-1.79990025127344,0.000105296124001445,DSCC1
D5,PH_pass,E2F_TARGETS,-1.79990025127344,0.000105296124001445,UBR7
D5,PH_pass,E2F_TARGETS,-1.79990025127344,0.000105296124001445,RRM2
D5,PH_pass,E2F_TARGETS,-1.79990025127344,0.000105296124001445,MCM7
D5,PH_pass,E2F_TARGETS,-1.79990025127344,0.000105296124001445,EXOSC8
D5,PH_pass,E2F_TARGETS,-1.79990025127344,0.000105296124001445,HELLS
D5,PH_pass,E2F_TARGETS,-1.79990025127344,0.000105296124001445,POLD2
D5,PH_pass,E2F_TARGETS,-1.79990025127344,0.000105296124001445,CCNE1
D5,PH_pass,EPITHELIAL_MESENCHYMAL_TRANSITION,0.960415339165157,0.654924676600622,GADD45A
D5,PH_pass,EPITHELIAL_MESENCHYMAL_TRANSITION,0.960415339165157,0.654924676600622,BASP1
D5,PH_pass,EPITHELIAL_MESENCHYMAL_TRANSITION,0.960415339165157,0.654924676600622,COL4A2
D5,PH_pass,EPITHELIAL_MESENCHYMAL_TRANSITION,0.960415339165157,0.654924676600622,FBN2
D5,PH_pass,EPITHELIAL_MESENCHYMAL_TRANSITION,0.960415339165157,0.654924676600622,PCOLCE2
D5,PH_pass,EPITHELIAL_MESENCHYMAL_TRANSITION,0.960415339165157,0.654924676600622,EFEMP2
D5,PH_pass,EPITHELIAL_MESENCHYMAL_TRANSITION,0.960415339165157,0.654924676600622,CAPG
D5,PH_pass,EPITHELIAL_MESENCHYMAL_TRANSITION,0.960415339165157,0.654924676600622,CD59
D5,PH_pass,EPITHELIAL_MESENCHYMAL_TRANSITION,0.960415339165157,0.654924676600622,CD44
D5,PH_pass,EPITHELIAL_MESENCHYMAL_TRANSITION,0.960415339165157,0.654924676600622,COL7A1
D5,PH_pass,EPITHELIAL_MESENCHYMAL_TRANSITION,0.960415339165157,0.654924676600622,TGFB1
D5,PH_pass,EPITHELIAL_MESENCHYMAL_TRANSITION,0.960415339165157,0.654924676600622,SERPINE1
D5,PH_pass,EPITHELIAL_MESENCHYMAL_TRANSITION,0.960415339165157,0.654924676600622,AREG
D5,PH_pass,EPITHELIAL_MESENCHYMAL_TRANSITION,0.960415339165157,0.654924676600622,WIPF1
D5,PH_pass,EPITHELIAL_MESENCHYMAL_TRANSITION,0.960415339165157,0.654924676600622,COLGALT1
D5,PH_pass,EPITHELIAL_MESENCHYMAL_TRANSITION,0.960415339165157,0.654924676600622,TNFAIP3
D5,PH_pass,EPITHELIAL_MESENCHYMAL_TRANSITION,0.960415339165157,0.654924676600622,TPM1
D5,PH_pass,EPITHELIAL_MESENCHYMAL_TRANSITION,0.960415339165157,0.654924676600622,PLOD1
D5,PH_pass,EPITHELIAL_MESENCHYMAL_TRANSITION,0.960415339165157,0.654924676600622,COPA
D5,PH_pass,EPITHELIAL_MESENCHYMAL_TRANSITION,0.960415339165157,0.654924676600622,COL6A3
D5,PH_pass,EPITHELIAL_MESENCHYMAL_TRANSITION,0.960415339165157,0.654924676600622,LOXL1
D5,PH_pass,EPITHELIAL_MESENCHYMAL_TRANSITION,0.960415339165157,0.654924676600622,THBS1
D5,PH_pass,EPITHELIAL_MESENCHYMAL_TRANSITION,0.960415339165157,0.654924676600622,ACTA2
D5,PH_pass,EPITHELIAL_MESENCHYMAL_TRANSITION,0.960415339165157,0.654924676600622,ITGA5
D5,PH_pass,EPITHELIAL_MESENCHYMAL_TRANSITION,0.960415339165157,0.654924676600622,VIM
D5,PH_pass,EPITHELIAL_MESENCHYMAL_TRANSITION,0.960415339165157,0.654924676600622,SFRP4
D5,PH_pass,EPITHELIAL_MESENCHYMAL_TRANSITION,0.960415339165157,0.654924676600622,FN1
D5,PH_pass,EPITHELIAL_MESENCHYMAL_TRANSITION,0.960415339165157,0.654924676600622,TAGLN
D5,PH_pass,EPITHELIAL_MESENCHYMAL_TRANSITION,0.960415339165157,0.654924676600622,TGM2
D5,PH_pass,EPITHELIAL_MESENCHYMAL_TRANSITION,0.960415339165157,0.654924676600622,ITGB3
D5,PH_pass,EPITHELIAL_MESENCHYMAL_TRANSITION,0.960415339165157,0.654924676600622,TIMP1
D5,PH_pass,EPITHELIAL_MESENCHYMAL_TRANSITION,0.960415339165157,0.654924676600622,MYLK
D5,PH_pass,EPITHELIAL_MESENCHYMAL_TRANSITION,0.960415339165157,0.654924676600622,SLC6A8
D5,PH_pass,EPITHELIAL_MESENCHYMAL_TRANSITION,0.960415339165157,0.654924676600622,CXCL1
D5,PH_pass,EPITHELIAL_MESENCHYMAL_TRANSITION,0.960415339165157,0.654924676600622,PTX3
D5,PH_pass,EPITHELIAL_MESENCHYMAL_TRANSITION,0.960415339165157,0.654924676600622,PDGFRB
D5,PH_pass,EPITHELIAL_MESENCHYMAL_TRANSITION,0.960415339165157,0.654924676600622,FSTL1
D5,PH_pass,EPITHELIAL_MESENCHYMAL_TRANSITION,0.960415339165157,0.654924676600622,ITGB5
D5,PH_pass,EPITHELIAL_MESENCHYMAL_TRANSITION,0.960415339165157,0.654924676600622,SNTB1
D5,PH_pass,EPITHELIAL_MESENCHYMAL_TRANSITION,0.960415339165157,0.654924676600622,SPARC
D5,PH_pass,EPITHELIAL_MESENCHYMAL_TRANSITION,0.960415339165157,0.654924676600622,LAMC1
D5,PH_pass,EPITHELIAL_MESENCHYMAL_TRANSITION,0.960415339165157,0.654924676600622,LGALS1
D5,PH_pass,EPITHELIAL_MESENCHYMAL_TRANSITION,0.960415339165157,0.654924676600622,VEGFA
D5,PH_pass,ESTROGEN_RESPONSE_EARLY,1.72560140005717,0.00195404076142664,FKBP5
D5,PH_pass,ESTROGEN_RESPONSE_EARLY,1.72560140005717,0.00195404076142664,AFF1
D5,PH_pass,ESTROGEN_RESPONSE_EARLY,1.72560140005717,0.00195404076142664,IGF1R
D5,PH_pass,ESTROGEN_RESPONSE_EARLY,1.72560140005717,0.00195404076142664,SVIL
D5,PH_pass,ESTROGEN_RESPONSE_EARLY,1.72560140005717,0.00195404076142664,MREG
D5,PH_pass,ESTROGEN_RESPONSE_EARLY,1.72560140005717,0.00195404076142664,KAZN
D5,PH_pass,ESTROGEN_RESPONSE_EARLY,1.72560140005717,0.00195404076142664,MED13L
D5,PH_pass,ESTROGEN_RESPONSE_EARLY,1.72560140005717,0.00195404076142664,OLFML3
D5,PH_pass,ESTROGEN_RESPONSE_EARLY,1.72560140005717,0.00195404076142664,CA12
D5,PH_pass,ESTROGEN_RESPONSE_EARLY,1.72560140005717,0.00195404076142664,RARA
D5,PH_pass,ESTROGEN_RESPONSE_EARLY,1.72560140005717,0.00195404076142664,TTC39A
D5,PH_pass,ESTROGEN_RESPONSE_EARLY,1.72560140005717,0.00195404076142664,KDM4B
D5,PH_pass,ESTROGEN_RESPONSE_EARLY,1.72560140005717,0.00195404076142664,RAB31
D5,PH_pass,ESTROGEN_RESPONSE_EARLY,1.72560140005717,0.00195404076142664,SLC2A1
D5,PH_pass,ESTROGEN_RESPONSE_EARLY,1.72560140005717,0.00195404076142664,TIPARP
D5,PH_pass,ESTROGEN_RESPONSE_EARLY,1.72560140005717,0.00195404076142664,SIAH2
D5,PH_pass,ESTROGEN_RESPONSE_EARLY,1.72560140005717,0.00195404076142664,GAB2
D5,PH_pass,ESTROGEN_RESPONSE_EARLY,1.72560140005717,0.00195404076142664,MINDY1
D5,PH_pass,ESTROGEN_RESPONSE_EARLY,1.72560140005717,0.00195404076142664,INHBB
D5,PH_pass,ESTROGEN_RESPONSE_EARLY,1.72560140005717,0.00195404076142664,FOXC1
D5,PH_pass,ESTROGEN_RESPONSE_EARLY,1.72560140005717,0.00195404076142664,RHOBTB3
D5,PH_pass,ESTROGEN_RESPONSE_EARLY,1.72560140005717,0.00195404076142664,TOB1
D5,PH_pass,ESTROGEN_RESPONSE_EARLY,1.72560140005717,0.00195404076142664,UGCG
D5,PH_pass,ESTROGEN_RESPONSE_EARLY,1.72560140005717,0.00195404076142664,CD44
D5,PH_pass,ESTROGEN_RESPONSE_EARLY,1.72560140005717,0.00195404076142664,ANXA9
D5,PH_pass,ESTROGEN_RESPONSE_EARLY,1.72560140005717,0.00195404076142664,FHL2
D5,PH_pass,ESTROGEN_RESPONSE_EARLY,1.72560140005717,0.00195404076142664,GLA
D5,PH_pass,ESTROGEN_RESPONSE_EARLY,1.72560140005717,0.00195404076142664,CANT1
D5,PH_pass,ESTROGEN_RESPONSE_EARLY,1.72560140005717,0.00195404076142664,AREG
D5,PH_pass,ESTROGEN_RESPONSE_EARLY,1.72560140005717,0.00195404076142664,TUBB2B
D5,PH_pass,ESTROGEN_RESPONSE_EARLY,1.72560140005717,0.00195404076142664,DHCR7
D5,PH_pass,ESTROGEN_RESPONSE_EARLY,1.72560140005717,0.00195404076142664,NADSYN1
D5,PH_pass,ESTROGEN_RESPONSE_EARLY,1.72560140005717,0.00195404076142664,SH3BP5
D5,PH_pass,ESTROGEN_RESPONSE_EARLY,1.72560140005717,0.00195404076142664,FLNB
D5,PH_pass,ESTROGEN_RESPONSE_EARLY,1.72560140005717,0.00195404076142664,CISH
D5,PH_pass,ESTROGEN_RESPONSE_EARLY,1.72560140005717,0.00195404076142664,AMFR
D5,PH_pass,ESTROGEN_RESPONSE_EARLY,1.72560140005717,0.00195404076142664,DLC1
D5,PH_pass,ESTROGEN_RESPONSE_EARLY,1.72560140005717,0.00195404076142664,RAPGEFL1
D5,PH_pass,ESTROGEN_RESPONSE_EARLY,1.72560140005717,0.00195404076142664,BAG1
D5,PH_pass,ESTROGEN_RESPONSE_EARLY,1.72560140005717,0.00195404076142664,SLC7A5
D5,PH_pass,ESTROGEN_RESPONSE_EARLY,1.72560140005717,0.00195404076142664,KCNK5
D5,PH_pass,ESTROGEN_RESPONSE_EARLY,1.72560140005717,0.00195404076142664,IL17RB
D5,PH_pass,ESTROGEN_RESPONSE_EARLY,1.72560140005717,0.00195404076142664,ALDH3B1
D5,PH_pass,ESTROGEN_RESPONSE_EARLY,1.72560140005717,0.00195404076142664,IL6ST
D5,PH_pass,ESTROGEN_RESPONSE_EARLY,1.72560140005717,0.00195404076142664,PODXL
D5,PH_pass,ESTROGEN_RESPONSE_EARLY,1.72560140005717,0.00195404076142664,SEMA3B
D5,PH_pass,ESTROGEN_RESPONSE_EARLY,1.72560140005717,0.00195404076142664,ELF3
D5,PH_pass,ESTROGEN_RESPONSE_EARLY,1.72560140005717,0.00195404076142664,ADD3
D5,PH_pass,ESTROGEN_RESPONSE_EARLY,1.72560140005717,0.00195404076142664,ITPK1
D5,PH_pass,ESTROGEN_RESPONSE_EARLY,1.72560140005717,0.00195404076142664,TGM2
D5,PH_pass,ESTROGEN_RESPONSE_EARLY,1.72560140005717,0.00195404076142664,SLC24A3
D5,PH_pass,ESTROGEN_RESPONSE_LATE,1.02698517189433,0.551424501424502,ATP2B4
D5,PH_pass,ESTROGEN_RESPONSE_LATE,1.02698517189433,0.551424501424502,FKBP5
D5,PH_pass,ESTROGEN_RESPONSE_LATE,1.02698517189433,0.551424501424502,AFF1
D5,PH_pass,ESTROGEN_RESPONSE_LATE,1.02698517189433,0.551424501424502,MAPK13
D5,PH_pass,ESTROGEN_RESPONSE_LATE,1.02698517189433,0.551424501424502,CA12
D5,PH_pass,ESTROGEN_RESPONSE_LATE,1.02698517189433,0.551424501424502,RAB31
D5,PH_pass,ESTROGEN_RESPONSE_LATE,1.02698517189433,0.551424501424502,SERPINA1
D5,PH_pass,ESTROGEN_RESPONSE_LATE,1.02698517189433,0.551424501424502,CCNA1
D5,PH_pass,ESTROGEN_RESPONSE_LATE,1.02698517189433,0.551424501424502,SIAH2
D5,PH_pass,ESTROGEN_RESPONSE_LATE,1.02698517189433,0.551424501424502,IMPA2
D5,PH_pass,ESTROGEN_RESPONSE_LATE,1.02698517189433,0.551424501424502,FOXC1
D5,PH_pass,ESTROGEN_RESPONSE_LATE,1.02698517189433,0.551424501424502,TOB1
D5,PH_pass,ESTROGEN_RESPONSE_LATE,1.02698517189433,0.551424501424502,CD44
D5,PH_pass,ESTROGEN_RESPONSE_LATE,1.02698517189433,0.551424501424502,ANXA9
D5,PH_pass,ESTROGEN_RESPONSE_LATE,1.02698517189433,0.551424501424502,CA2
D5,PH_pass,ESTROGEN_RESPONSE_LATE,1.02698517189433,0.551424501424502,GLA
D5,PH_pass,ESTROGEN_RESPONSE_LATE,1.02698517189433,0.551424501424502,JAK1
D5,PH_pass,ESTROGEN_RESPONSE_LATE,1.02698517189433,0.551424501424502,AREG
D5,PH_pass,ESTROGEN_RESPONSE_LATE,1.02698517189433,0.551424501424502,DHCR7
D5,PH_pass,ESTROGEN_RESPONSE_LATE,1.02698517189433,0.551424501424502,PTPN6
D5,PH_pass,ESTROGEN_RESPONSE_LATE,1.02698517189433,0.551424501424502,ST6GALNAC2
D5,PH_pass,ESTROGEN_RESPONSE_LATE,1.02698517189433,0.551424501424502,FLNB
D5,PH_pass,ESTROGEN_RESPONSE_LATE,1.02698517189433,0.551424501424502,CISH
D5,PH_pass,ESTROGEN_RESPONSE_LATE,1.02698517189433,0.551424501424502,CKB
D5,PH_pass,ESTROGEN_RESPONSE_LATE,1.02698517189433,0.551424501424502,AMFR
D5,PH_pass,ESTROGEN_RESPONSE_LATE,1.02698517189433,0.551424501424502,XRCC3
D5,PH_pass,ESTROGEN_RESPONSE_LATE,1.02698517189433,0.551424501424502,RAPGEFL1
D5,PH_pass,ESTROGEN_RESPONSE_LATE,1.02698517189433,0.551424501424502,BAG1
D5,PH_pass,ESTROGEN_RESPONSE_LATE,1.02698517189433,0.551424501424502,SLC7A5
D5,PH_pass,ESTROGEN_RESPONSE_LATE,1.02698517189433,0.551424501424502,HSPA4L
D5,PH_pass,ESTROGEN_RESPONSE_LATE,1.02698517189433,0.551424501424502,ZFP36
D5,PH_pass,ESTROGEN_RESPONSE_LATE,1.02698517189433,0.551424501424502,KCNK5
D5,PH_pass,FATTY_ACID_METABOLISM,-1.43708345608047,0.0321591419180102,OSTC
D5,PH_pass,FATTY_ACID_METABOLISM,-1.43708345608047,0.0321591419180102,MDH1
D5,PH_pass,FATTY_ACID_METABOLISM,-1.43708345608047,0.0321591419180102,METAP1
D5,PH_pass,FATTY_ACID_METABOLISM,-1.43708345608047,0.0321591419180102,APEX1
D5,PH_pass,FATTY_ACID_METABOLISM,-1.43708345608047,0.0321591419180102,ECHS1
D5,PH_pass,FATTY_ACID_METABOLISM,-1.43708345608047,0.0321591419180102,ACSS1
D5,PH_pass,FATTY_ACID_METABOLISM,-1.43708345608047,0.0321591419180102,ACAA2
D5,PH_pass,FATTY_ACID_METABOLISM,-1.43708345608047,0.0321591419180102,ACAT2
D5,PH_pass,FATTY_ACID_METABOLISM,-1.43708345608047,0.0321591419180102,ECI1
D5,PH_pass,FATTY_ACID_METABOLISM,-1.43708345608047,0.0321591419180102,HADH
D5,PH_pass,FATTY_ACID_METABOLISM,-1.43708345608047,0.0321591419180102,SUCLG2
D5,PH_pass,FATTY_ACID_METABOLISM,-1.43708345608047,0.0321591419180102,HSD17B10
D5,PH_pass,FATTY_ACID_METABOLISM,-1.43708345608047,0.0321591419180102,MCEE
D5,PH_pass,FATTY_ACID_METABOLISM,-1.43708345608047,0.0321591419180102,CBR1
D5,PH_pass,FATTY_ACID_METABOLISM,-1.43708345608047,0.0321591419180102,ADSL
D5,PH_pass,FATTY_ACID_METABOLISM,-1.43708345608047,0.0321591419180102,ACADM
D5,PH_pass,FATTY_ACID_METABOLISM,-1.43708345608047,0.0321591419180102,PSME1
D5,PH_pass,FATTY_ACID_METABOLISM,-1.43708345608047,0.0321591419180102,HSPH1
D5,PH_pass,FATTY_ACID_METABOLISM,-1.43708345608047,0.0321591419180102,SDHD
D5,PH_pass,FATTY_ACID_METABOLISM,-1.43708345608047,0.0321591419180102,ALDH3A2
D5,PH_pass,FATTY_ACID_METABOLISM,-1.43708345608047,0.0321591419180102,HSD17B4
D5,PH_pass,FATTY_ACID_METABOLISM,-1.43708345608047,0.0321591419180102,ACOT2
D5,PH_pass,FATTY_ACID_METABOLISM,-1.43708345608047,0.0321591419180102,BPHL
D5,PH_pass,FATTY_ACID_METABOLISM,-1.43708345608047,0.0321591419180102,ACSL5
D5,PH_pass,FATTY_ACID_METABOLISM,-1.43708345608047,0.0321591419180102,PCBD1
D5,PH_pass,FATTY_ACID_METABOLISM,-1.43708345608047,0.0321591419180102,HMGCS1
D5,PH_pass,FATTY_ACID_METABOLISM,-1.43708345608047,0.0321591419180102,PDHA1
D5,PH_pass,FATTY_ACID_METABOLISM,-1.43708345608047,0.0321591419180102,UGDH
D5,PH_pass,FATTY_ACID_METABOLISM,-1.43708345608047,0.0321591419180102,ODC1
D5,PH_pass,FATTY_ACID_METABOLISM,-1.43708345608047,0.0321591419180102,ECI2
D5,PH_pass,FATTY_ACID_METABOLISM,-1.43708345608047,0.0321591419180102,CPT2
D5,PH_pass,FATTY_ACID_METABOLISM,-1.43708345608047,0.0321591419180102,SUCLA2
D5,PH_pass,FATTY_ACID_METABOLISM,-1.43708345608047,0.0321591419180102,GCDH
D5,PH_pass,FATTY_ACID_METABOLISM,-1.43708345608047,0.0321591419180102,RAP1GDS1
D5,PH_pass,FATTY_ACID_METABOLISM,-1.43708345608047,0.0321591419180102,PTS
D5,PH_pass,FATTY_ACID_METABOLISM,-1.43708345608047,0.0321591419180102,XIST
D5,PH_pass,FATTY_ACID_METABOLISM,-1.43708345608047,0.0321591419180102,CD36
D5,PH_pass,FATTY_ACID_METABOLISM,-1.43708345608047,0.0321591419180102,MIF
D5,PH_pass,FATTY_ACID_METABOLISM,-1.43708345608047,0.0321591419180102,ENO2
D5,PH_pass,FATTY_ACID_METABOLISM,-1.43708345608047,0.0321591419180102,BLVRA
D5,PH_pass,FATTY_ACID_METABOLISM,-1.43708345608047,0.0321591419180102,MIX23
D5,PH_pass,FATTY_ACID_METABOLISM,-1.43708345608047,0.0321591419180102,EHHADH
D5,PH_pass,FATTY_ACID_METABOLISM,-1.43708345608047,0.0321591419180102,NTHL1
D5,PH_pass,FATTY_ACID_METABOLISM,-1.43708345608047,0.0321591419180102,ALDH9A1
D5,PH_pass,FATTY_ACID_METABOLISM,-1.43708345608047,0.0321591419180102,ACO2
D5,PH_pass,FATTY_ACID_METABOLISM,-1.43708345608047,0.0321591419180102,HSD17B7
D5,PH_pass,FATTY_ACID_METABOLISM,-1.43708345608047,0.0321591419180102,SMS
D5,PH_pass,FATTY_ACID_METABOLISM,-1.43708345608047,0.0321591419180102,IDH3B
D5,PH_pass,FATTY_ACID_METABOLISM,-1.43708345608047,0.0321591419180102,MDH2
D5,PH_pass,FATTY_ACID_METABOLISM,-1.43708345608047,0.0321591419180102,FH
D5,PH_pass,FATTY_ACID_METABOLISM,-1.43708345608047,0.0321591419180102,CPOX
D5,PH_pass,FATTY_ACID_METABOLISM,-1.43708345608047,0.0321591419180102,RDH11
D5,PH_pass,FATTY_ACID_METABOLISM,-1.43708345608047,0.0321591419180102,ECH1
D5,PH_pass,FATTY_ACID_METABOLISM,-1.43708345608047,0.0321591419180102,S100A10
D5,PH_pass,FATTY_ACID_METABOLISM,-1.43708345608047,0.0321591419180102,ALDH1A1
D5,PH_pass,FATTY_ACID_METABOLISM,-1.43708345608047,0.0321591419180102,DLST
D5,PH_pass,FATTY_ACID_METABOLISM,-1.43708345608047,0.0321591419180102,H2AZ1
D5,PH_pass,FATTY_ACID_METABOLISM,-1.43708345608047,0.0321591419180102,IDH3G
D5,PH_pass,G2M_CHECKPOINT,-0.915562574915276,0.787454805787474,SYNCRIP
D5,PH_pass,G2M_CHECKPOINT,-0.915562574915276,0.787454805787474,BUB3
D5,PH_pass,G2M_CHECKPOINT,-0.915562574915276,0.787454805787474,SLC38A1
D5,PH_pass,G2M_CHECKPOINT,-0.915562574915276,0.787454805787474,G3BP1
D5,PH_pass,G2M_CHECKPOINT,-0.915562574915276,0.787454805787474,SRSF10
D5,PH_pass,G2M_CHECKPOINT,-0.915562574915276,0.787454805787474,MAD2L1
D5,PH_pass,G2M_CHECKPOINT,-0.915562574915276,0.787454805787474,PURA
D5,PH_pass,G2M_CHECKPOINT,-0.915562574915276,0.787454805787474,MYC
D5,PH_pass,G2M_CHECKPOINT,-0.915562574915276,0.787454805787474,NCL
D5,PH_pass,G2M_CHECKPOINT,-0.915562574915276,0.787454805787474,KIF22
D5,PH_pass,G2M_CHECKPOINT,-0.915562574915276,0.787454805787474,STMN1
D5,PH_pass,G2M_CHECKPOINT,-0.915562574915276,0.787454805787474,SRSF2
D5,PH_pass,G2M_CHECKPOINT,-0.915562574915276,0.787454805787474,CUL5
D5,PH_pass,G2M_CHECKPOINT,-0.915562574915276,0.787454805787474,HSPA8
D5,PH_pass,G2M_CHECKPOINT,-0.915562574915276,0.787454805787474,TMPO
D5,PH_pass,G2M_CHECKPOINT,-0.915562574915276,0.787454805787474,ORC5
D5,PH_pass,GLYCOLYSIS,0.989325775791132,0.617043850127723,PYGL
D5,PH_pass,GLYCOLYSIS,0.989325775791132,0.617043850127723,PHKA2
D5,PH_pass,GLYCOLYSIS,0.989325775791132,0.617043850127723,TPST1
D5,PH_pass,GLYCOLYSIS,0.989325775791132,0.617043850127723,IRS2
D5,PH_pass,GLYCOLYSIS,0.989325775791132,0.617043850127723,ABCB6
D5,PH_pass,GLYCOLYSIS,0.989325775791132,0.617043850127723,HK2
D5,PH_pass,GLYCOLYSIS,0.989325775791132,0.617043850127723,B4GALT4
D5,PH_pass,GLYCOLYSIS,0.989325775791132,0.617043850127723,PDK3
D5,PH_pass,GLYCOLYSIS,0.989325775791132,0.617043850127723,PKM
D5,PH_pass,GLYCOLYSIS,0.989325775791132,0.617043850127723,EXT1
D5,PH_pass,GLYCOLYSIS,0.989325775791132,0.617043850127723,DSC2
D5,PH_pass,GLYCOLYSIS,0.989325775791132,0.617043850127723,P4HA2
D5,PH_pass,GLYCOLYSIS,0.989325775791132,0.617043850127723,LCT
D5,PH_pass,GLYCOLYSIS,0.989325775791132,0.617043850127723,ANKZF1
D5,PH_pass,GLYCOLYSIS,0.989325775791132,0.617043850127723,SAP30
D5,PH_pass,GLYCOLYSIS,0.989325775791132,0.617043850127723,MERTK
D5,PH_pass,GLYCOLYSIS,0.989325775791132,0.617043850127723,PKP2
D5,PH_pass,GLYCOLYSIS,0.989325775791132,0.617043850127723,CD44
D5,PH_pass,GLYCOLYSIS,0.989325775791132,0.617043850127723,SPAG4
D5,PH_pass,GLYCOLYSIS,0.989325775791132,0.617043850127723,RRAGD
D5,PH_pass,GLYCOLYSIS,0.989325775791132,0.617043850127723,IL13RA1
D5,PH_pass,GLYCOLYSIS,0.989325775791132,0.617043850127723,LDHA
D5,PH_pass,GLYCOLYSIS,0.989325775791132,0.617043850127723,G6PD
D5,PH_pass,GLYCOLYSIS,0.989325775791132,0.617043850127723,DEPDC1
D5,PH_pass,GLYCOLYSIS,0.989325775791132,0.617043850127723,PGM2
D5,PH_pass,GLYCOLYSIS,0.989325775791132,0.617043850127723,SLC16A3
D5,PH_pass,GLYCOLYSIS,0.989325775791132,0.617043850127723,TALDO1
D5,PH_pass,GLYCOLYSIS,0.989325775791132,0.617043850127723,PAM
D5,PH_pass,GLYCOLYSIS,0.989325775791132,0.617043850127723,ALDOA
D5,PH_pass,HEDGEHOG_SIGNALING,1.47792305681992,0.102105263157895,ETS2
D5,PH_pass,HEDGEHOG_SIGNALING,1.47792305681992,0.102105263157895,SLIT1
D5,PH_pass,HEDGEHOG_SIGNALING,1.47792305681992,0.102105263157895,CDK5R1
D5,PH_pass,HEDGEHOG_SIGNALING,1.47792305681992,0.102105263157895,NF1
D5,PH_pass,HEDGEHOG_SIGNALING,1.47792305681992,0.102105263157895,GLI1
D5,PH_pass,HEDGEHOG_SIGNALING,1.47792305681992,0.102105263157895,TLE3
D5,PH_pass,HEDGEHOG_SIGNALING,1.47792305681992,0.102105263157895,TLE1
D5,PH_pass,HEDGEHOG_SIGNALING,1.47792305681992,0.102105263157895,RASA1
D5,PH_pass,HEDGEHOG_SIGNALING,1.47792305681992,0.102105263157895,ACHE
D5,PH_pass,HEDGEHOG_SIGNALING,1.47792305681992,0.102105263157895,PML
D5,PH_pass,HEME_METABOLISM,2.30342665313859,3.42941977704084e-10,NFE2
D5,PH_pass,HEME_METABOLISM,2.30342665313859,3.42941977704084e-10,SLC22A4
D5,PH_pass,HEME_METABOLISM,2.30342665313859,3.42941977704084e-10,CCND3
D5,PH_pass,HEME_METABOLISM,2.30342665313859,3.42941977704084e-10,ATP6V0A1
D5,PH_pass,HEME_METABOLISM,2.30342665313859,3.42941977704084e-10,GCLM
D5,PH_pass,HEME_METABOLISM,2.30342665313859,3.42941977704084e-10,EZH1
D5,PH_pass,HEME_METABOLISM,2.30342665313859,3.42941977704084e-10,LPIN2
D5,PH_pass,HEME_METABOLISM,2.30342665313859,3.42941977704084e-10,ABCB6
D5,PH_pass,HEME_METABOLISM,2.30342665313859,3.42941977704084e-10,SLC25A37
D5,PH_pass,HEME_METABOLISM,2.30342665313859,3.42941977704084e-10,ADD1
D5,PH_pass,HEME_METABOLISM,2.30342665313859,3.42941977704084e-10,MBOAT2
D5,PH_pass,HEME_METABOLISM,2.30342665313859,3.42941977704084e-10,NARF
D5,PH_pass,HEME_METABOLISM,2.30342665313859,3.42941977704084e-10,LRP10
D5,PH_pass,HEME_METABOLISM,2.30342665313859,3.42941977704084e-10,MARK3
D5,PH_pass,HEME_METABOLISM,2.30342665313859,3.42941977704084e-10,FBXO34
D5,PH_pass,HEME_METABOLISM,2.30342665313859,3.42941977704084e-10,CAST
D5,PH_pass,HEME_METABOLISM,2.30342665313859,3.42941977704084e-10,ERMAP
D5,PH_pass,HEME_METABOLISM,2.30342665313859,3.42941977704084e-10,GAPVD1
D5,PH_pass,HEME_METABOLISM,2.30342665313859,3.42941977704084e-10,MAP2K3
D5,PH_pass,HEME_METABOLISM,2.30342665313859,3.42941977704084e-10,SLC2A1
D5,PH_pass,HEME_METABOLISM,2.30342665313859,3.42941977704084e-10,P4HA2
D5,PH_pass,HEME_METABOLISM,2.30342665313859,3.42941977704084e-10,FOXO3
D5,PH_pass,HEME_METABOLISM,2.30342665313859,3.42941977704084e-10,KHNYN
D5,PH_pass,HEME_METABOLISM,2.30342665313859,3.42941977704084e-10,MPP1
D5,PH_pass,HEME_METABOLISM,2.30342665313859,3.42941977704084e-10,FBXO9
D5,PH_pass,HEME_METABOLISM,2.30342665313859,3.42941977704084e-10,PSMD9
D5,PH_pass,HEME_METABOLISM,2.30342665313859,3.42941977704084e-10,RCL1
D5,PH_pass,HEME_METABOLISM,2.30342665313859,3.42941977704084e-10,CA2
D5,PH_pass,HEME_METABOLISM,2.30342665313859,3.42941977704084e-10,NR3C1
D5,PH_pass,HEME_METABOLISM,2.30342665313859,3.42941977704084e-10,NUDT4
D5,PH_pass,HEME_METABOLISM,2.30342665313859,3.42941977704084e-10,SMOX
D5,PH_pass,HEME_METABOLISM,2.30342665313859,3.42941977704084e-10,ALAD
D5,PH_pass,HEME_METABOLISM,2.30342665313859,3.42941977704084e-10,TNRC6B
D5,PH_pass,HEME_METABOLISM,2.30342665313859,3.42941977704084e-10,SPTB
D5,PH_pass,HEME_METABOLISM,2.30342665313859,3.42941977704084e-10,ADIPOR1
D5,PH_pass,HEME_METABOLISM,2.30342665313859,3.42941977704084e-10,PICALM
D5,PH_pass,HEME_METABOLISM,2.30342665313859,3.42941977704084e-10,PPP2R5B
D5,PH_pass,HEME_METABOLISM,2.30342665313859,3.42941977704084e-10,BCAM
D5,PH_pass,HEME_METABOLISM,2.30342665313859,3.42941977704084e-10,GDE1
D5,PH_pass,HEME_METABOLISM,2.30342665313859,3.42941977704084e-10,TMCC2
D5,PH_pass,HEME_METABOLISM,2.30342665313859,3.42941977704084e-10,DCAF10
D5,PH_pass,HEME_METABOLISM,2.30342665313859,3.42941977704084e-10,SDCBP
D5,PH_pass,HEME_METABOLISM,2.30342665313859,3.42941977704084e-10,EIF2AK1
D5,PH_pass,HEME_METABOLISM,2.30342665313859,3.42941977704084e-10,HDGF
D5,PH_pass,HEME_METABOLISM,2.30342665313859,3.42941977704084e-10,RAP1GAP
D5,PH_pass,HEME_METABOLISM,2.30342665313859,3.42941977704084e-10,LAMP2
D5,PH_pass,HEME_METABOLISM,2.30342665313859,3.42941977704084e-10,RBM5
D5,PH_pass,HEME_METABOLISM,2.30342665313859,3.42941977704084e-10,TAL1
D5,PH_pass,HEME_METABOLISM,2.30342665313859,3.42941977704084e-10,RANBP10
D5,PH_pass,HEME_METABOLISM,2.30342665313859,3.42941977704084e-10,KEL
D5,PH_pass,HEME_METABOLISM,2.30342665313859,3.42941977704084e-10,ARHGEF12
D5,PH_pass,HEME_METABOLISM,2.30342665313859,3.42941977704084e-10,DMTN
D5,PH_pass,HEME_METABOLISM,2.30342665313859,3.42941977704084e-10,ANK1
D5,PH_pass,HEME_METABOLISM,2.30342665313859,3.42941977704084e-10,MARCHF8
D5,PH_pass,HEME_METABOLISM,2.30342665313859,3.42941977704084e-10,SEC14L1
D5,PH_pass,HEME_METABOLISM,2.30342665313859,3.42941977704084e-10,SYNJ1
D5,PH_pass,HEME_METABOLISM,2.30342665313859,3.42941977704084e-10,MARCHF2
D5,PH_pass,HEME_METABOLISM,2.30342665313859,3.42941977704084e-10,SLC66A2
D5,PH_pass,HEME_METABOLISM,2.30342665313859,3.42941977704084e-10,LMO2
D5,PH_pass,HEME_METABOLISM,2.30342665313859,3.42941977704084e-10,RHD
D5,PH_pass,HEME_METABOLISM,2.30342665313859,3.42941977704084e-10,KLF3
D5,PH_pass,HEME_METABOLISM,2.30342665313859,3.42941977704084e-10,NEK7
D5,PH_pass,HEME_METABOLISM,2.30342665313859,3.42941977704084e-10,CTNS
D5,PH_pass,HEME_METABOLISM,2.30342665313859,3.42941977704084e-10,FBXO7
D5,PH_pass,HEME_METABOLISM,2.30342665313859,3.42941977704084e-10,GATA1
D5,PH_pass,HEME_METABOLISM,2.30342665313859,3.42941977704084e-10,RBM38
D5,PH_pass,HEME_METABOLISM,2.30342665313859,3.42941977704084e-10,FN3K
D5,PH_pass,HEME_METABOLISM,2.30342665313859,3.42941977704084e-10,XPO7
D5,PH_pass,HEME_METABOLISM,2.30342665313859,3.42941977704084e-10,E2F2
D5,PH_pass,HEME_METABOLISM,2.30342665313859,3.42941977704084e-10,BTRC
D5,PH_pass,HEME_METABOLISM,2.30342665313859,3.42941977704084e-10,DAAM1
D5,PH_pass,HEME_METABOLISM,2.30342665313859,3.42941977704084e-10,DCAF11
D5,PH_pass,HEME_METABOLISM,2.30342665313859,3.42941977704084e-10,HAGH
D5,PH_pass,HEME_METABOLISM,2.30342665313859,3.42941977704084e-10,SPTA1
D5,PH_pass,HEME_METABOLISM,2.30342665313859,3.42941977704084e-10,RHCE
D5,PH_pass,HEME_METABOLISM,2.30342665313859,3.42941977704084e-10,KAT2B
D5,PH_pass,HEME_METABOLISM,2.30342665313859,3.42941977704084e-10,KLF1
D5,PH_pass,HEME_METABOLISM,2.30342665313859,3.42941977704084e-10,MXI1
D5,PH_pass,HEME_METABOLISM,2.30342665313859,3.42941977704084e-10,CLIC2
D5,PH_pass,HEME_METABOLISM,2.30342665313859,3.42941977704084e-10,SLC6A8
D5,PH_pass,HEME_METABOLISM,2.30342665313859,3.42941977704084e-10,SLC6A9
D5,PH_pass,HEME_METABOLISM,2.30342665313859,3.42941977704084e-10,GYPC
D5,PH_pass,HEME_METABOLISM,2.30342665313859,3.42941977704084e-10,CTSB
D5,PH_pass,HEME_METABOLISM,2.30342665313859,3.42941977704084e-10,PDZK1IP1
D5,PH_pass,HEME_METABOLISM,2.30342665313859,3.42941977704084e-10,EPOR
D5,PH_pass,HEME_METABOLISM,2.30342665313859,3.42941977704084e-10,TRIM58
D5,PH_pass,HEME_METABOLISM,2.30342665313859,3.42941977704084e-10,NFE2L1
D5,PH_pass,HEME_METABOLISM,2.30342665313859,3.42941977704084e-10,VEZF1
D5,PH_pass,HEME_METABOLISM,2.30342665313859,3.42941977704084e-10,HMBS
D5,PH_pass,HYPOXIA,2.02000637431782,1.06800468634987e-05,PFKFB3
D5,PH_pass,HYPOXIA,2.02000637431782,1.06800468634987e-05,FOSL2
D5,PH_pass,HYPOXIA,2.02000637431782,1.06800468634987e-05,SLC2A3
D5,PH_pass,HYPOXIA,2.02000637431782,1.06800468634987e-05,IRS2
D5,PH_pass,HYPOXIA,2.02000637431782,1.06800468634987e-05,SLC6A6
D5,PH_pass,HYPOXIA,2.02000637431782,1.06800468634987e-05,KLF7
D5,PH_pass,HYPOXIA,2.02000637431782,1.06800468634987e-05,TPST2
D5,PH_pass,HYPOXIA,2.02000637431782,1.06800468634987e-05,HK2
D5,PH_pass,HYPOXIA,2.02000637431782,1.06800468634987e-05,AMPD3
D5,PH_pass,HYPOXIA,2.02000637431782,1.06800468634987e-05,PDK3
D5,PH_pass,HYPOXIA,2.02000637431782,1.06800468634987e-05,RBPJ
D5,PH_pass,HYPOXIA,2.02000637431782,1.06800468634987e-05,PGM1
D5,PH_pass,HYPOXIA,2.02000637431782,1.06800468634987e-05,CA12
D5,PH_pass,HYPOXIA,2.02000637431782,1.06800468634987e-05,EXT1
D5,PH_pass,HYPOXIA,2.02000637431782,1.06800468634987e-05,NDST2
D5,PH_pass,HYPOXIA,2.02000637431782,1.06800468634987e-05,KLF6
D5,PH_pass,HYPOXIA,2.02000637431782,1.06800468634987e-05,JMJD6
D5,PH_pass,HYPOXIA,2.02000637431782,1.06800468634987e-05,SLC2A1
D5,PH_pass,HYPOXIA,2.02000637431782,1.06800468634987e-05,TIPARP
D5,PH_pass,HYPOXIA,2.02000637431782,1.06800468634987e-05,P4HA2
D5,PH_pass,HYPOXIA,2.02000637431782,1.06800468634987e-05,WSB1
D5,PH_pass,HYPOXIA,2.02000637431782,1.06800468634987e-05,SIAH2
D5,PH_pass,HYPOXIA,2.02000637431782,1.06800468634987e-05,IDS
D5,PH_pass,HYPOXIA,2.02000637431782,1.06800468634987e-05,ANKZF1
D5,PH_pass,HYPOXIA,2.02000637431782,1.06800468634987e-05,SAP30
D5,PH_pass,HYPOXIA,2.02000637431782,1.06800468634987e-05,CCNG2
D5,PH_pass,HYPOXIA,2.02000637431782,1.06800468634987e-05,FOXO3
D5,PH_pass,HYPOXIA,2.02000637431782,1.06800468634987e-05,ADM
D5,PH_pass,HYPOXIA,2.02000637431782,1.06800468634987e-05,NEDD4L
D5,PH_pass,HYPOXIA,2.02000637431782,1.06800468634987e-05,PNRC1
D5,PH_pass,HYPOXIA,2.02000637431782,1.06800468634987e-05,RRAGD
D5,PH_pass,HYPOXIA,2.02000637431782,1.06800468634987e-05,LDHA
D5,PH_pass,HYPOXIA,2.02000637431782,1.06800468634987e-05,NR3C1
D5,PH_pass,HYPOXIA,2.02000637431782,1.06800468634987e-05,CSRP2
D5,PH_pass,HYPOXIA,2.02000637431782,1.06800468634987e-05,PYGM
D5,PH_pass,HYPOXIA,2.02000637431782,1.06800468634987e-05,SERPINE1
D5,PH_pass,HYPOXIA,2.02000637431782,1.06800468634987e-05,PGM2
D5,PH_pass,HYPOXIA,2.02000637431782,1.06800468634987e-05,PPP1R15A
D5,PH_pass,HYPOXIA,2.02000637431782,1.06800468634987e-05,HK1
D5,PH_pass,HYPOXIA,2.02000637431782,1.06800468634987e-05,NDST1
D5,PH_pass,HYPOXIA,2.02000637431782,1.06800468634987e-05,MAP3K1
D5,PH_pass,HYPOXIA,2.02000637431782,1.06800468634987e-05,PAM
D5,PH_pass,HYPOXIA,2.02000637431782,1.06800468634987e-05,TNFAIP3
D5,PH_pass,HYPOXIA,2.02000637431782,1.06800468634987e-05,ALDOA
D5,PH_pass,HYPOXIA,2.02000637431782,1.06800468634987e-05,TMEM45A
D5,PH_pass,HYPOXIA,2.02000637431782,1.06800468634987e-05,GAPDH
D5,PH_pass,HYPOXIA,2.02000637431782,1.06800468634987e-05,PGK1
D5,PH_pass,HYPOXIA,2.02000637431782,1.06800468634987e-05,IER3
D5,PH_pass,HYPOXIA,2.02000637431782,1.06800468634987e-05,ZFP36
D5,PH_pass,HYPOXIA,2.02000637431782,1.06800468634987e-05,KDM3A
D5,PH_pass,HYPOXIA,2.02000637431782,1.06800468634987e-05,CP
D5,PH_pass,HYPOXIA,2.02000637431782,1.06800468634987e-05,CITED2
D5,PH_pass,HYPOXIA,2.02000637431782,1.06800468634987e-05,GBE1
D5,PH_pass,HYPOXIA,2.02000637431782,1.06800468634987e-05,PLAC8
D5,PH_pass,HYPOXIA,2.02000637431782,1.06800468634987e-05,DUSP1
D5,PH_pass,HYPOXIA,2.02000637431782,1.06800468634987e-05,ENO1
D5,PH_pass,HYPOXIA,2.02000637431782,1.06800468634987e-05,PRDX5
D5,PH_pass,IL2_STAT5_SIGNALING,1.29091476198489,0.122916091553945,IL1R2
D5,PH_pass,IL2_STAT5_SIGNALING,1.29091476198489,0.122916091553945,CST7
D5,PH_pass,IL2_STAT5_SIGNALING,1.29091476198489,0.122916091553945,MAPKAPK2
D5,PH_pass,IL2_STAT5_SIGNALING,1.29091476198489,0.122916091553945,IGF1R
D5,PH_pass,IL2_STAT5_SIGNALING,1.29091476198489,0.122916091553945,CCND3
D5,PH_pass,IL2_STAT5_SIGNALING,1.29091476198489,0.122916091553945,PLSCR1
D5,PH_pass,IL2_STAT5_SIGNALING,1.29091476198489,0.122916091553945,SLC2A3
D5,PH_pass,IL2_STAT5_SIGNALING,1.29091476198489,0.122916091553945,CKAP4
D5,PH_pass,IL2_STAT5_SIGNALING,1.29091476198489,0.122916091553945,SCN9A
D5,PH_pass,IL2_STAT5_SIGNALING,1.29091476198489,0.122916091553945,IL4R
D5,PH_pass,IL2_STAT5_SIGNALING,1.29091476198489,0.122916091553945,HYCC2
D5,PH_pass,IL2_STAT5_SIGNALING,1.29091476198489,0.122916091553945,MXD1
D5,PH_pass,IL2_STAT5_SIGNALING,1.29091476198489,0.122916091553945,IGF2R
D5,PH_pass,IL2_STAT5_SIGNALING,1.29091476198489,0.122916091553945,HK2
D5,PH_pass,IL2_STAT5_SIGNALING,1.29091476198489,0.122916091553945,FURIN
D5,PH_pass,IL2_STAT5_SIGNALING,1.29091476198489,0.122916091553945,ADAM19
D5,PH_pass,IL2_STAT5_SIGNALING,1.29091476198489,0.122916091553945,HIPK2
D5,PH_pass,IL2_STAT5_SIGNALING,1.29091476198489,0.122916091553945,KLF6
D5,PH_pass,IL2_STAT5_SIGNALING,1.29091476198489,0.122916091553945,DENND5A
D5,PH_pass,IL2_STAT5_SIGNALING,1.29091476198489,0.122916091553945,PLEC
D5,PH_pass,IL2_STAT5_SIGNALING,1.29091476198489,0.122916091553945,IFITM3
D5,PH_pass,IL2_STAT5_SIGNALING,1.29091476198489,0.122916091553945,CAPG
D5,PH_pass,IL2_STAT5_SIGNALING,1.29091476198489,0.122916091553945,DCPS
D5,PH_pass,IL2_STAT5_SIGNALING,1.29091476198489,0.122916091553945,EMP1
D5,PH_pass,IL2_STAT5_SIGNALING,1.29091476198489,0.122916091553945,CD44
D5,PH_pass,IL2_STAT5_SIGNALING,1.29091476198489,0.122916091553945,SMPDL3A
D5,PH_pass,IL2_STAT5_SIGNALING,1.29091476198489,0.122916091553945,RRAGD
D5,PH_pass,IL2_STAT5_SIGNALING,1.29091476198489,0.122916091553945,ETFBKMT
D5,PH_pass,IL2_STAT5_SIGNALING,1.29091476198489,0.122916091553945,CA2
D5,PH_pass,IL2_STAT5_SIGNALING,1.29091476198489,0.122916091553945,SHE
D5,PH_pass,IL2_STAT5_SIGNALING,1.29091476198489,0.122916091553945,CSF1
D5,PH_pass,IL2_STAT5_SIGNALING,1.29091476198489,0.122916091553945,CAPN3
D5,PH_pass,IL2_STAT5_SIGNALING,1.29091476198489,0.122916091553945,ST3GAL4
D5,PH_pass,IL2_STAT5_SIGNALING,1.29091476198489,0.122916091553945,F2RL2
D5,PH_pass,IL2_STAT5_SIGNALING,1.29091476198489,0.122916091553945,SPRED2
D5,PH_pass,IL2_STAT5_SIGNALING,1.29091476198489,0.122916091553945,GLIPR2
D5,PH_pass,IL2_STAT5_SIGNALING,1.29091476198489,0.122916091553945,SLC39A8
D5,PH_pass,IL6_JAK_STAT3_SIGNALING,1.76077958073727,0.00500297849463235,IL1R2
D5,PH_pass,IL6_JAK_STAT3_SIGNALING,1.76077958073727,0.00500297849463235,IL1R1
D5,PH_pass,IL6_JAK_STAT3_SIGNALING,1.76077958073727,0.00500297849463235,IL17RA
D5,PH_pass,IL6_JAK_STAT3_SIGNALING,1.76077958073727,0.00500297849463235,STAT3
D5,PH_pass,IL6_JAK_STAT3_SIGNALING,1.76077958073727,0.00500297849463235,IL4R
D5,PH_pass,IL6_JAK_STAT3_SIGNALING,1.76077958073727,0.00500297849463235,IFNAR1
D5,PH_pass,IL6_JAK_STAT3_SIGNALING,1.76077958073727,0.00500297849463235,ACVR1B
D5,PH_pass,IL6_JAK_STAT3_SIGNALING,1.76077958073727,0.00500297849463235,IL10RB
D5,PH_pass,IL6_JAK_STAT3_SIGNALING,1.76077958073727,0.00500297849463235,TNFRSF1A
D5,PH_pass,IL6_JAK_STAT3_SIGNALING,1.76077958073727,0.00500297849463235,SOCS3
D5,PH_pass,IL6_JAK_STAT3_SIGNALING,1.76077958073727,0.00500297849463235,CSF3R
D5,PH_pass,IL6_JAK_STAT3_SIGNALING,1.76077958073727,0.00500297849463235,PTPN1
D5,PH_pass,IL6_JAK_STAT3_SIGNALING,1.76077958073727,0.00500297849463235,IFNGR2
D5,PH_pass,IL6_JAK_STAT3_SIGNALING,1.76077958073727,0.00500297849463235,CSF2RA
D5,PH_pass,IL6_JAK_STAT3_SIGNALING,1.76077958073727,0.00500297849463235,PDGFC
D5,PH_pass,IL6_JAK_STAT3_SIGNALING,1.76077958073727,0.00500297849463235,CD44
D5,PH_pass,IL6_JAK_STAT3_SIGNALING,1.76077958073727,0.00500297849463235,IL13RA1
D5,PH_pass,IL6_JAK_STAT3_SIGNALING,1.76077958073727,0.00500297849463235,GRB2
D5,PH_pass,IL6_JAK_STAT3_SIGNALING,1.76077958073727,0.00500297849463235,PIK3R5
D5,PH_pass,IL6_JAK_STAT3_SIGNALING,1.76077958073727,0.00500297849463235,CSF2RB
D5,PH_pass,IL6_JAK_STAT3_SIGNALING,1.76077958073727,0.00500297849463235,CSF1
D5,PH_pass,IL6_JAK_STAT3_SIGNALING,1.76077958073727,0.00500297849463235,TGFB1
D5,PH_pass,IL6_JAK_STAT3_SIGNALING,1.76077958073727,0.00500297849463235,MYD88
D5,PH_pass,IL6_JAK_STAT3_SIGNALING,1.76077958073727,0.00500297849463235,IRF9
D5,PH_pass,IL6_JAK_STAT3_SIGNALING,1.76077958073727,0.00500297849463235,OSMR
D5,PH_pass,IL6_JAK_STAT3_SIGNALING,1.76077958073727,0.00500297849463235,SOCS1
D5,PH_pass,INFLAMMATORY_RESPONSE,1.61562777581849,0.0057276427596813,KIF1B
D5,PH_pass,INFLAMMATORY_RESPONSE,1.61562777581849,0.0057276427596813,IL1R1
D5,PH_pass,INFLAMMATORY_RESPONSE,1.61562777581849,0.0057276427596813,LCP2
D5,PH_pass,INFLAMMATORY_RESPONSE,1.61562777581849,0.0057276427596813,IL4R
D5,PH_pass,INFLAMMATORY_RESPONSE,1.61562777581849,0.0057276427596813,IFNAR1
D5,PH_pass,INFLAMMATORY_RESPONSE,1.61562777581849,0.0057276427596813,PTPRE
D5,PH_pass,INFLAMMATORY_RESPONSE,1.61562777581849,0.0057276427596813,MXD1
D5,PH_pass,INFLAMMATORY_RESPONSE,1.61562777581849,0.0057276427596813,ACVR1B
D5,PH_pass,INFLAMMATORY_RESPONSE,1.61562777581849,0.0057276427596813,LYN
D5,PH_pass,INFLAMMATORY_RESPONSE,1.61562777581849,0.0057276427596813,IRAK2
D5,PH_pass,INFLAMMATORY_RESPONSE,1.61562777581849,0.0057276427596813,NFKB1
D5,PH_pass,INFLAMMATORY_RESPONSE,1.61562777581849,0.0057276427596813,MEFV
D5,PH_pass,INFLAMMATORY_RESPONSE,1.61562777581849,0.0057276427596813,CD55
D5,PH_pass,INFLAMMATORY_RESPONSE,1.61562777581849,0.0057276427596813,C3AR1
D5,PH_pass,INFLAMMATORY_RESPONSE,1.61562777581849,0.0057276427596813,SEMA4D
D5,PH_pass,INFLAMMATORY_RESPONSE,1.61562777581849,0.0057276427596813,PSEN1
D5,PH_pass,INFLAMMATORY_RESPONSE,1.61562777581849,0.0057276427596813,RHOG
D5,PH_pass,INFLAMMATORY_RESPONSE,1.61562777581849,0.0057276427596813,RNF144B
D5,PH_pass,INFLAMMATORY_RESPONSE,1.61562777581849,0.0057276427596813,KLF6
D5,PH_pass,INFLAMMATORY_RESPONSE,1.61562777581849,0.0057276427596813,CSF3R
D5,PH_pass,INFLAMMATORY_RESPONSE,1.61562777581849,0.0057276427596813,AQP9
D5,PH_pass,INFLAMMATORY_RESPONSE,1.61562777581849,0.0057276427596813,IFNGR2
D5,PH_pass,INFLAMMATORY_RESPONSE,1.61562777581849,0.0057276427596813,CD82
D5,PH_pass,INFLAMMATORY_RESPONSE,1.61562777581849,0.0057276427596813,LDLR
D5,PH_pass,INFLAMMATORY_RESPONSE,1.61562777581849,0.0057276427596813,PROK2
D5,PH_pass,INFLAMMATORY_RESPONSE,1.61562777581849,0.0057276427596813,EIF2AK2
D5,PH_pass,INFLAMMATORY_RESPONSE,1.61562777581849,0.0057276427596813,RAF1
D5,PH_pass,INFLAMMATORY_RESPONSE,1.61562777581849,0.0057276427596813,NFKBIA
D5,PH_pass,INFLAMMATORY_RESPONSE,1.61562777581849,0.0057276427596813,FPR1
D5,PH_pass,INFLAMMATORY_RESPONSE,1.61562777581849,0.0057276427596813,ADM
D5,PH_pass,INFLAMMATORY_RESPONSE,1.61562777581849,0.0057276427596813,ADGRE1
D5,PH_pass,INFLAMMATORY_RESPONSE,1.61562777581849,0.0057276427596813,PTAFR
D5,PH_pass,INFLAMMATORY_RESPONSE,1.61562777581849,0.0057276427596813,HPN
D5,PH_pass,INFLAMMATORY_RESPONSE,1.61562777581849,0.0057276427596813,OSM
D5,PH_pass,INFLAMMATORY_RESPONSE,1.61562777581849,0.0057276427596813,PIK3R5
D5,PH_pass,INFLAMMATORY_RESPONSE,1.61562777581849,0.0057276427596813,TAPBP
D5,PH_pass,INFLAMMATORY_RESPONSE,1.61562777581849,0.0057276427596813,SGMS2
D5,PH_pass,INFLAMMATORY_RESPONSE,1.61562777581849,0.0057276427596813,CSF1
D5,PH_pass,INFLAMMATORY_RESPONSE,1.61562777581849,0.0057276427596813,FZD5
D5,PH_pass,INFLAMMATORY_RESPONSE,1.61562777581849,0.0057276427596813,SERPINE1
D5,PH_pass,INFLAMMATORY_RESPONSE,1.61562777581849,0.0057276427596813,KCNJ2
D5,PH_pass,INFLAMMATORY_RESPONSE,1.61562777581849,0.0057276427596813,GPR132
D5,PH_pass,INFLAMMATORY_RESPONSE,1.61562777581849,0.0057276427596813,GNAI3
D5,PH_pass,INFLAMMATORY_RESPONSE,1.61562777581849,0.0057276427596813,NOD2
D5,PH_pass,INFLAMMATORY_RESPONSE,1.61562777581849,0.0057276427596813,OSMR
D5,PH_pass,INFLAMMATORY_RESPONSE,1.61562777581849,0.0057276427596813,DCBLD2
D5,PH_pass,INFLAMMATORY_RESPONSE,1.61562777581849,0.0057276427596813,CLEC5A
D5,PH_pass,INFLAMMATORY_RESPONSE,1.61562777581849,0.0057276427596813,SLC31A2
D5,PH_pass,INTERFERON_ALPHA_RESPONSE,1.07165701398296,0.466901231465192,TRIM25
D5,PH_pass,INTERFERON_ALPHA_RESPONSE,1.07165701398296,0.466901231465192,PLSCR1
D5,PH_pass,INTERFERON_ALPHA_RESPONSE,1.07165701398296,0.466901231465192,IL4R
D5,PH_pass,INTERFERON_ALPHA_RESPONSE,1.07165701398296,0.466901231465192,ADAR
D5,PH_pass,INTERFERON_ALPHA_RESPONSE,1.07165701398296,0.466901231465192,IRF2
D5,PH_pass,INTERFERON_ALPHA_RESPONSE,1.07165701398296,0.466901231465192,IFITM2
D5,PH_pass,INTERFERON_ALPHA_RESPONSE,1.07165701398296,0.466901231465192,TRIM5
D5,PH_pass,INTERFERON_ALPHA_RESPONSE,1.07165701398296,0.466901231465192,EIF2AK2
D5,PH_pass,INTERFERON_ALPHA_RESPONSE,1.07165701398296,0.466901231465192,IFITM3
D5,PH_pass,INTERFERON_ALPHA_RESPONSE,1.07165701398296,0.466901231465192,SP110
D5,PH_pass,INTERFERON_ALPHA_RESPONSE,1.07165701398296,0.466901231465192,CSF1
D5,PH_pass,INTERFERON_ALPHA_RESPONSE,1.07165701398296,0.466901231465192,GMPR
D5,PH_pass,INTERFERON_ALPHA_RESPONSE,1.07165701398296,0.466901231465192,IRF9
D5,PH_pass,INTERFERON_ALPHA_RESPONSE,1.07165701398296,0.466901231465192,HELZ2
D5,PH_pass,INTERFERON_ALPHA_RESPONSE,1.07165701398296,0.466901231465192,OGFR
D5,PH_pass,INTERFERON_ALPHA_RESPONSE,1.07165701398296,0.466901231465192,IFI27
D5,PH_pass,INTERFERON_ALPHA_RESPONSE,1.07165701398296,0.466901231465192,TXNIP
D5,PH_pass,INTERFERON_ALPHA_RESPONSE,1.07165701398296,0.466901231465192,SLC25A28
D5,PH_pass,INTERFERON_ALPHA_RESPONSE,1.07165701398296,0.466901231465192,MOV10
D5,PH_pass,INTERFERON_ALPHA_RESPONSE,1.07165701398296,0.466901231465192,IRF1
D5,PH_pass,INTERFERON_ALPHA_RESPONSE,1.07165701398296,0.466901231465192,TAP1
D5,PH_pass,INTERFERON_ALPHA_RESPONSE,1.07165701398296,0.466901231465192,RNF31
D5,PH_pass,INTERFERON_GAMMA_RESPONSE,1.19906140375456,0.20137791732496,TRIM25
D5,PH_pass,INTERFERON_GAMMA_RESPONSE,1.19906140375456,0.20137791732496,UPP1
D5,PH_pass,INTERFERON_GAMMA_RESPONSE,1.19906140375456,0.20137791732496,EIF4E3
D5,PH_pass,INTERFERON_GAMMA_RESPONSE,1.19906140375456,0.20137791732496,PLSCR1
D5,PH_pass,INTERFERON_GAMMA_RESPONSE,1.19906140375456,0.20137791732496,NLRC5
D5,PH_pass,INTERFERON_GAMMA_RESPONSE,1.19906140375456,0.20137791732496,LATS2
D5,PH_pass,INTERFERON_GAMMA_RESPONSE,1.19906140375456,0.20137791732496,LCP2
D5,PH_pass,INTERFERON_GAMMA_RESPONSE,1.19906140375456,0.20137791732496,STAT3
D5,PH_pass,INTERFERON_GAMMA_RESPONSE,1.19906140375456,0.20137791732496,IL4R
D5,PH_pass,INTERFERON_GAMMA_RESPONSE,1.19906140375456,0.20137791732496,ADAR
D5,PH_pass,INTERFERON_GAMMA_RESPONSE,1.19906140375456,0.20137791732496,IRF2
D5,PH_pass,INTERFERON_GAMMA_RESPONSE,1.19906140375456,0.20137791732496,NFKB1
D5,PH_pass,INTERFERON_GAMMA_RESPONSE,1.19906140375456,0.20137791732496,SOCS3
D5,PH_pass,INTERFERON_GAMMA_RESPONSE,1.19906140375456,0.20137791732496,IFITM2
D5,PH_pass,INTERFERON_GAMMA_RESPONSE,1.19906140375456,0.20137791732496,PTPN1
D5,PH_pass,INTERFERON_GAMMA_RESPONSE,1.19906140375456,0.20137791732496,EIF2AK2
D5,PH_pass,INTERFERON_GAMMA_RESPONSE,1.19906140375456,0.20137791732496,NFKBIA
D5,PH_pass,INTERFERON_GAMMA_RESPONSE,1.19906140375456,0.20137791732496,ZNFX1
D5,PH_pass,INTERFERON_GAMMA_RESPONSE,1.19906140375456,0.20137791732496,FPR1
D5,PH_pass,INTERFERON_GAMMA_RESPONSE,1.19906140375456,0.20137791732496,IFITM3
D5,PH_pass,INTERFERON_GAMMA_RESPONSE,1.19906140375456,0.20137791732496,RNF213
D5,PH_pass,INTERFERON_GAMMA_RESPONSE,1.19906140375456,0.20137791732496,RIPK1
D5,PH_pass,INTERFERON_GAMMA_RESPONSE,1.19906140375456,0.20137791732496,SP110
D5,PH_pass,INTERFERON_GAMMA_RESPONSE,1.19906140375456,0.20137791732496,ARID5B
D5,PH_pass,INTERFERON_GAMMA_RESPONSE,1.19906140375456,0.20137791732496,MVP
D5,PH_pass,INTERFERON_GAMMA_RESPONSE,1.19906140375456,0.20137791732496,CSF2RB
D5,PH_pass,INTERFERON_GAMMA_RESPONSE,1.19906140375456,0.20137791732496,TAPBP
D5,PH_pass,INTERFERON_GAMMA_RESPONSE,1.19906140375456,0.20137791732496,TMT1B
D5,PH_pass,INTERFERON_GAMMA_RESPONSE,1.19906140375456,0.20137791732496,C1R
D5,PH_pass,INTERFERON_GAMMA_RESPONSE,1.19906140375456,0.20137791732496,MYD88
D5,PH_pass,INTERFERON_GAMMA_RESPONSE,1.19906140375456,0.20137791732496,MX2
D5,PH_pass,INTERFERON_GAMMA_RESPONSE,1.19906140375456,0.20137791732496,PTPN6
D5,PH_pass,INTERFERON_GAMMA_RESPONSE,1.19906140375456,0.20137791732496,TNFAIP3
D5,PH_pass,INTERFERON_GAMMA_RESPONSE,1.19906140375456,0.20137791732496,TOR1B
D5,PH_pass,INTERFERON_GAMMA_RESPONSE,1.19906140375456,0.20137791732496,IRF9
D5,PH_pass,INTERFERON_GAMMA_RESPONSE,1.19906140375456,0.20137791732496,IFNAR2
D5,PH_pass,KRAS_SIGNALING_DN,0.974303828072149,0.625150987598599,ZBTB16
D5,PH_pass,KRAS_SIGNALING_DN,0.974303828072149,0.625150987598599,TG
D5,PH_pass,KRAS_SIGNALING_DN,0.974303828072149,0.625150987598599,ASB7
D5,PH_pass,KRAS_SIGNALING_DN,0.974303828072149,0.625150987598599,CPEB3
D5,PH_pass,KRAS_SIGNALING_DN,0.974303828072149,0.625150987598599,MEFV
D5,PH_pass,KRAS_SIGNALING_DN,0.974303828072149,0.625150987598599,STAG3
D5,PH_pass,KRAS_SIGNALING_DN,0.974303828072149,0.625150987598599,ENTPD7
D5,PH_pass,KRAS_SIGNALING_DN,0.974303828072149,0.625150987598599,CCNA1
D5,PH_pass,KRAS_SIGNALING_DN,0.974303828072149,0.625150987598599,KCND1
D5,PH_pass,KRAS_SIGNALING_DN,0.974303828072149,0.625150987598599,HSD11B2
D5,PH_pass,KRAS_SIGNALING_DN,0.974303828072149,0.625150987598599,PTGFR
D5,PH_pass,KRAS_SIGNALING_UP,0.744414006293251,0.949679487179487,MMP9
D5,PH_pass,KRAS_SIGNALING_UP,0.744414006293251,0.949679487179487,ARG1
D5,PH_pass,KRAS_SIGNALING_UP,0.744414006293251,0.949679487179487,AVL9
D5,PH_pass,KRAS_SIGNALING_UP,0.744414006293251,0.949679487179487,DOCK2
D5,PH_pass,KRAS_SIGNALING_UP,0.744414006293251,0.949679487179487,C3AR1
D5,PH_pass,KRAS_SIGNALING_UP,0.744414006293251,0.949679487179487,TOR1AIP2
D5,PH_pass,KRAS_SIGNALING_UP,0.744414006293251,0.949679487179487,CDADC1
D5,PH_pass,KRAS_SIGNALING_UP,0.744414006293251,0.949679487179487,LAT2
D5,PH_pass,KRAS_SIGNALING_UP,0.744414006293251,0.949679487179487,LCP1
D5,PH_pass,KRAS_SIGNALING_UP,0.744414006293251,0.949679487179487,ADAM17
D5,PH_pass,KRAS_SIGNALING_UP,0.744414006293251,0.949679487179487,PTBP2
D5,PH_pass,KRAS_SIGNALING_UP,0.744414006293251,0.949679487179487,CSF2RA
D5,PH_pass,KRAS_SIGNALING_UP,0.744414006293251,0.949679487179487,EMP1
D5,PH_pass,KRAS_SIGNALING_UP,0.744414006293251,0.949679487179487,GADD45G
D5,PH_pass,KRAS_SIGNALING_UP,0.744414006293251,0.949679487179487,F2RL1
D5,PH_pass,KRAS_SIGNALING_UP,0.744414006293251,0.949679487179487,CA2
D5,PH_pass,KRAS_SIGNALING_UP,0.744414006293251,0.949679487179487,PPP1R15A
D5,PH_pass,KRAS_SIGNALING_UP,0.744414006293251,0.949679487179487,MAP3K1
D5,PH_pass,KRAS_SIGNALING_UP,0.744414006293251,0.949679487179487,TNFAIP3
D5,PH_pass,KRAS_SIGNALING_UP,0.744414006293251,0.949679487179487,ALDH1A2
D5,PH_pass,KRAS_SIGNALING_UP,0.744414006293251,0.949679487179487,MTMR10
D5,PH_pass,KRAS_SIGNALING_UP,0.744414006293251,0.949679487179487,DCBLD2
D5,PH_pass,KRAS_SIGNALING_UP,0.744414006293251,0.949679487179487,SPRY2
D5,PH_pass,KRAS_SIGNALING_UP,0.744414006293251,0.949679487179487,ADAM8
D5,PH_pass,KRAS_SIGNALING_UP,0.744414006293251,0.949679487179487,TFPI
D5,PH_pass,KRAS_SIGNALING_UP,0.744414006293251,0.949679487179487,FCER1G
D5,PH_pass,KRAS_SIGNALING_UP,0.744414006293251,0.949679487179487,ITGB2
D5,PH_pass,MITOTIC_SPINDLE,1.73463836139214,0.00065063569722371,KIF1B
D5,PH_pass,MITOTIC_SPINDLE,1.73463836139214,0.00065063569722371,CLASP1
D5,PH_pass,MITOTIC_SPINDLE,1.73463836139214,0.00065063569722371,AKAP13
D5,PH_pass,MITOTIC_SPINDLE,1.73463836139214,0.00065063569722371,KLC1
D5,PH_pass,MITOTIC_SPINDLE,1.73463836139214,0.00065063569722371,RANBP9
D5,PH_pass,MITOTIC_SPINDLE,1.73463836139214,0.00065063569722371,FGD4
D5,PH_pass,MITOTIC_SPINDLE,1.73463836139214,0.00065063569722371,SSH2
D5,PH_pass,MITOTIC_SPINDLE,1.73463836139214,0.00065063569722371,PREX1
D5,PH_pass,MITOTIC_SPINDLE,1.73463836139214,0.00065063569722371,ARL8A
D5,PH_pass,MITOTIC_SPINDLE,1.73463836139214,0.00065063569722371,DOCK2
D5,PH_pass,MITOTIC_SPINDLE,1.73463836139214,0.00065063569722371,GSN
D5,PH_pass,MITOTIC_SPINDLE,1.73463836139214,0.00065063569722371,TUBA4A
D5,PH_pass,MITOTIC_SPINDLE,1.73463836139214,0.00065063569722371,CSNK1D
D5,PH_pass,MITOTIC_SPINDLE,1.73463836139214,0.00065063569722371,KIF3C
D5,PH_pass,MITOTIC_SPINDLE,1.73463836139214,0.00065063569722371,ARHGEF11
D5,PH_pass,MITOTIC_SPINDLE,1.73463836139214,0.00065063569722371,SPTBN1
D5,PH_pass,MITOTIC_SPINDLE,1.73463836139214,0.00065063569722371,NF1
D5,PH_pass,MITOTIC_SPINDLE,1.73463836139214,0.00065063569722371,CLIP1
D5,PH_pass,MITOTIC_SPINDLE,1.73463836139214,0.00065063569722371,WASF2
D5,PH_pass,MITOTIC_SPINDLE,1.73463836139214,0.00065063569722371,LMNB1
D5,PH_pass,MITOTIC_SPINDLE,1.73463836139214,0.00065063569722371,CDC42EP2
D5,PH_pass,MITOTIC_SPINDLE,1.73463836139214,0.00065063569722371,PXN
D5,PH_pass,MITOTIC_SPINDLE,1.73463836139214,0.00065063569722371,CDC42EP4
D5,PH_pass,MITOTIC_SPINDLE,1.73463836139214,0.00065063569722371,PAFAH1B1
D5,PH_pass,MITOTIC_SPINDLE,1.73463836139214,0.00065063569722371,NEDD9
D5,PH_pass,MITOTIC_SPINDLE,1.73463836139214,0.00065063569722371,CDC42EP1
D5,PH_pass,MITOTIC_SPINDLE,1.73463836139214,0.00065063569722371,ARHGEF2
D5,PH_pass,MITOTIC_SPINDLE,1.73463836139214,0.00065063569722371,NCK2
D5,PH_pass,MITOTIC_SPINDLE,1.73463836139214,0.00065063569722371,PRC1
D5,PH_pass,MITOTIC_SPINDLE,1.73463836139214,0.00065063569722371,CNTROB
D5,PH_pass,MITOTIC_SPINDLE,1.73463836139214,0.00065063569722371,CDC42BPA
D5,PH_pass,MITOTIC_SPINDLE,1.73463836139214,0.00065063569722371,ARFGEF1
D5,PH_pass,MITOTIC_SPINDLE,1.73463836139214,0.00065063569722371,STAU1
D5,PH_pass,MITOTIC_SPINDLE,1.73463836139214,0.00065063569722371,RASA1
D5,PH_pass,MITOTIC_SPINDLE,1.73463836139214,0.00065063569722371,FLNB
D5,PH_pass,MITOTIC_SPINDLE,1.73463836139214,0.00065063569722371,MARK4
D5,PH_pass,MITOTIC_SPINDLE,1.73463836139214,0.00065063569722371,ECT2
D5,PH_pass,MITOTIC_SPINDLE,1.73463836139214,0.00065063569722371,KIF4A
D5,PH_pass,MITOTIC_SPINDLE,1.73463836139214,0.00065063569722371,TUBD1
D5,PH_pass,MITOTIC_SPINDLE,1.73463836139214,0.00065063569722371,ARHGEF12
D5,PH_pass,MITOTIC_SPINDLE,1.73463836139214,0.00065063569722371,ITSN1
D5,PH_pass,MITOTIC_SPINDLE,1.73463836139214,0.00065063569722371,ARHGAP27
D5,PH_pass,MITOTIC_SPINDLE,1.73463836139214,0.00065063569722371,CYTH2
D5,PH_pass,MITOTIC_SPINDLE,1.73463836139214,0.00065063569722371,RALBP1
D5,PH_pass,MITOTIC_SPINDLE,1.73463836139214,0.00065063569722371,CDC42
D5,PH_pass,MITOTIC_SPINDLE,1.73463836139214,0.00065063569722371,KPTN
D5,PH_pass,MITOTIC_SPINDLE,1.73463836139214,0.00065063569722371,ACTN4
D5,PH_pass,MITOTIC_SPINDLE,1.73463836139214,0.00065063569722371,ARAP3
D5,PH_pass,MITOTIC_SPINDLE,1.73463836139214,0.00065063569722371,TTK
D5,PH_pass,MITOTIC_SPINDLE,1.73463836139214,0.00065063569722371,KIF11
D5,PH_pass,MITOTIC_SPINDLE,1.73463836139214,0.00065063569722371,MARCKS
D5,PH_pass,MITOTIC_SPINDLE,1.73463836139214,0.00065063569722371,ABI1
D5,PH_pass,MITOTIC_SPINDLE,1.73463836139214,0.00065063569722371,HDAC6
D5,PH_pass,MITOTIC_SPINDLE,1.73463836139214,0.00065063569722371,TAOK2
D5,PH_pass,MITOTIC_SPINDLE,1.73463836139214,0.00065063569722371,VCL
D5,PH_pass,MITOTIC_SPINDLE,1.73463836139214,0.00065063569722371,MAP1S
D5,PH_pass,MITOTIC_SPINDLE,1.73463836139214,0.00065063569722371,MYH10
D5,PH_pass,MITOTIC_SPINDLE,1.73463836139214,0.00065063569722371,NUSAP1
D5,PH_pass,MITOTIC_SPINDLE,1.73463836139214,0.00065063569722371,CEP192
D5,PH_pass,MITOTIC_SPINDLE,1.73463836139214,0.00065063569722371,PCNT
D5,PH_pass,MITOTIC_SPINDLE,1.73463836139214,0.00065063569722371,SOS1
D5,PH_pass,MITOTIC_SPINDLE,1.73463836139214,0.00065063569722371,RABGAP1
D5,PH_pass,MITOTIC_SPINDLE,1.73463836139214,0.00065063569722371,MAP3K11
D5,PH_pass,MITOTIC_SPINDLE,1.73463836139214,0.00065063569722371,PDLIM5
D5,PH_pass,MITOTIC_SPINDLE,1.73463836139214,0.00065063569722371,KIF15
D5,PH_pass,MITOTIC_SPINDLE,1.73463836139214,0.00065063569722371,TLK1
D5,PH_pass,MITOTIC_SPINDLE,1.73463836139214,0.00065063569722371,DYNLL2
D5,PH_pass,MITOTIC_SPINDLE,1.73463836139214,0.00065063569722371,KIF23
D5,PH_pass,MTORC1_SIGNALING,-1.31813774867659,0.0513182247007415,UFM1
D5,PH_pass,MTORC1_SIGNALING,-1.31813774867659,0.0513182247007415,GTF2H1
D5,PH_pass,MTORC1_SIGNALING,-1.31813774867659,0.0513182247007415,HSPD1
D5,PH_pass,MTORC1_SIGNALING,-1.31813774867659,0.0513182247007415,FGL2
D5,PH_pass,MTORC1_SIGNALING,-1.31813774867659,0.0513182247007415,EEF1E1
D5,PH_pass,MTORC1_SIGNALING,-1.31813774867659,0.0513182247007415,ATP5MC1
D5,PH_pass,MTORC1_SIGNALING,-1.31813774867659,0.0513182247007415,HSPA9
D5,PH_pass,MTORC1_SIGNALING,-1.31813774867659,0.0513182247007415,M6PR
D5,PH_pass,MTORC1_SIGNALING,-1.31813774867659,0.0513182247007415,PPIA
D5,PH_pass,MTORC1_SIGNALING,-1.31813774867659,0.0513182247007415,CACYBP
D5,PH_pass,MTORC1_SIGNALING,-1.31813774867659,0.0513182247007415,HSP90B1
D5,PH_pass,MTORC1_SIGNALING,-1.31813774867659,0.0513182247007415,PSMD14
D5,PH_pass,MTORC1_SIGNALING,-1.31813774867659,0.0513182247007415,PSMC2
D5,PH_pass,MTORC1_SIGNALING,-1.31813774867659,0.0513182247007415,EPRS1
D5,PH_pass,MTORC1_SIGNALING,-1.31813774867659,0.0513182247007415,SLC37A4
D5,PH_pass,MTORC1_SIGNALING,-1.31813774867659,0.0513182247007415,USO1
D5,PH_pass,MTORC1_SIGNALING,-1.31813774867659,0.0513182247007415,STARD4
D5,PH_pass,MTORC1_SIGNALING,-1.31813774867659,0.0513182247007415,INSIG1
D5,PH_pass,MTORC1_SIGNALING,-1.31813774867659,0.0513182247007415,MTHFD2L
D5,PH_pass,MTORC1_SIGNALING,-1.31813774867659,0.0513182247007415,IMMT
D5,PH_pass,MTORC1_SIGNALING,-1.31813774867659,0.0513182247007415,SHMT2
D5,PH_pass,MTORC1_SIGNALING,-1.31813774867659,0.0513182247007415,PITPNB
D5,PH_pass,MTORC1_SIGNALING,-1.31813774867659,0.0513182247007415,SC5D
D5,PH_pass,MTORC1_SIGNALING,-1.31813774867659,0.0513182247007415,SEC11A
D5,PH_pass,MTORC1_SIGNALING,-1.31813774867659,0.0513182247007415,TCEA1
D5,PH_pass,MTORC1_SIGNALING,-1.31813774867659,0.0513182247007415,MLLT11
D5,PH_pass,MTORC1_SIGNALING,-1.31813774867659,0.0513182247007415,PRDX1
D5,PH_pass,MTORC1_SIGNALING,-1.31813774867659,0.0513182247007415,CANX
D5,PH_pass,MTORC1_SIGNALING,-1.31813774867659,0.0513182247007415,SSR1
D5,PH_pass,MTORC1_SIGNALING,-1.31813774867659,0.0513182247007415,HSPA4
D5,PH_pass,MTORC1_SIGNALING,-1.31813774867659,0.0513182247007415,CYB5B
D5,PH_pass,MTORC1_SIGNALING,-1.31813774867659,0.0513182247007415,RRP9
D5,PH_pass,MTORC1_SIGNALING,-1.31813774867659,0.0513182247007415,CXCR4
D5,PH_pass,MTORC1_SIGNALING,-1.31813774867659,0.0513182247007415,PPA1
D5,PH_pass,MTORC1_SIGNALING,-1.31813774867659,0.0513182247007415,XBP1
D5,PH_pass,MTORC1_SIGNALING,-1.31813774867659,0.0513182247007415,CCT6A
D5,PH_pass,MTORC1_SIGNALING,-1.31813774867659,0.0513182247007415,UCHL5
D5,PH_pass,MTORC1_SIGNALING,-1.31813774867659,0.0513182247007415,PHGDH
D5,PH_pass,MTORC1_SIGNALING,-1.31813774867659,0.0513182247007415,HMGCS1
D5,PH_pass,MTORC1_SIGNALING,-1.31813774867659,0.0513182247007415,RPA1
D5,PH_pass,MTORC1_SIGNALING,-1.31813774867659,0.0513182247007415,ARPC5L
D5,PH_pass,MTORC1_SIGNALING,-1.31813774867659,0.0513182247007415,TRIB3
D5,PH_pass,MTORC1_SIGNALING,-1.31813774867659,0.0513182247007415,RPN1
D5,PH_pass,MTORC1_SIGNALING,-1.31813774867659,0.0513182247007415,PSMA3
D5,PH_pass,MTORC1_SIGNALING,-1.31813774867659,0.0513182247007415,EBP
D5,PH_pass,MTORC1_SIGNALING,-1.31813774867659,0.0513182247007415,EDEM1
D5,PH_pass,MTORC1_SIGNALING,-1.31813774867659,0.0513182247007415,HSPA5
D5,PH_pass,MTORC1_SIGNALING,-1.31813774867659,0.0513182247007415,SERP1
D5,PH_pass,MTORC1_SIGNALING,-1.31813774867659,0.0513182247007415,FKBP2
D5,PH_pass,MTORC1_SIGNALING,-1.31813774867659,0.0513182247007415,PSMA4
D5,PH_pass,MTORC1_SIGNALING,-1.31813774867659,0.0513182247007415,PSMC6
D5,PH_pass,MTORC1_SIGNALING,-1.31813774867659,0.0513182247007415,CALR
D5,PH_pass,MTORC1_SIGNALING,-1.31813774867659,0.0513182247007415,SYTL2
D5,PH_pass,MTORC1_SIGNALING,-1.31813774867659,0.0513182247007415,SORD
D5,PH_pass,MTORC1_SIGNALING,-1.31813774867659,0.0513182247007415,HPRT1
D5,PH_pass,MTORC1_SIGNALING,-1.31813774867659,0.0513182247007415,EIF2S2
D5,PH_pass,MTORC1_SIGNALING,-1.31813774867659,0.0513182247007415,POLR3G
D5,PH_pass,MYC_TARGETS_V1,-3.08229780193695,8.30701752508375e-25,SRSF7
D5,PH_pass,MYC_TARGETS_V1,-3.08229780193695,8.30701752508375e-25,DDX18
D5,PH_pass,MYC_TARGETS_V1,-3.08229780193695,8.30701752508375e-25,SYNCRIP
D5,PH_pass,MYC_TARGETS_V1,-3.08229780193695,8.30701752508375e-25,BUB3
D5,PH_pass,MYC_TARGETS_V1,-3.08229780193695,8.30701752508375e-25,NPM1
D5,PH_pass,MYC_TARGETS_V1,-3.08229780193695,8.30701752508375e-25,HNRNPR
D5,PH_pass,MYC_TARGETS_V1,-3.08229780193695,8.30701752508375e-25,ABCE1
D5,PH_pass,MYC_TARGETS_V1,-3.08229780193695,8.30701752508375e-25,SET
D5,PH_pass,MYC_TARGETS_V1,-3.08229780193695,8.30701752508375e-25,EEF1B2
D5,PH_pass,MYC_TARGETS_V1,-3.08229780193695,8.30701752508375e-25,FBL
D5,PH_pass,MYC_TARGETS_V1,-3.08229780193695,8.30701752508375e-25,TOMM70
D5,PH_pass,MYC_TARGETS_V1,-3.08229780193695,8.30701752508375e-25,RPL34
D5,PH_pass,MYC_TARGETS_V1,-3.08229780193695,8.30701752508375e-25,HSPD1
D5,PH_pass,MYC_TARGETS_V1,-3.08229780193695,8.30701752508375e-25,G3BP1
D5,PH_pass,MYC_TARGETS_V1,-3.08229780193695,8.30701752508375e-25,NOP56
D5,PH_pass,MYC_TARGETS_V1,-3.08229780193695,8.30701752508375e-25,RPL22
D5,PH_pass,MYC_TARGETS_V1,-3.08229780193695,8.30701752508375e-25,MRPS18B
D5,PH_pass,MYC_TARGETS_V1,-3.08229780193695,8.30701752508375e-25,MAD2L1
D5,PH_pass,MYC_TARGETS_V1,-3.08229780193695,8.30701752508375e-25,STARD7
D5,PH_pass,MYC_TARGETS_V1,-3.08229780193695,8.30701752508375e-25,RAN
D5,PH_pass,MYC_TARGETS_V1,-3.08229780193695,8.30701752508375e-25,DDX21
D5,PH_pass,MYC_TARGETS_V1,-3.08229780193695,8.30701752508375e-25,NDUFAB1
D5,PH_pass,MYC_TARGETS_V1,-3.08229780193695,8.30701752508375e-25,CCT4
D5,PH_pass,MYC_TARGETS_V1,-3.08229780193695,8.30701752508375e-25,CLNS1A
D5,PH_pass,MYC_TARGETS_V1,-3.08229780193695,8.30701752508375e-25,ILF2
D5,PH_pass,MYC_TARGETS_V1,-3.08229780193695,8.30701752508375e-25,RPS2
D5,PH_pass,MYC_TARGETS_V1,-3.08229780193695,8.30701752508375e-25,RSL1D1
D5,PH_pass,MYC_TARGETS_V1,-3.08229780193695,8.30701752508375e-25,RPLP0
D5,PH_pass,MYC_TARGETS_V1,-3.08229780193695,8.30701752508375e-25,RPS5
D5,PH_pass,MYC_TARGETS_V1,-3.08229780193695,8.30701752508375e-25,PPIA
D5,PH_pass,MYC_TARGETS_V1,-3.08229780193695,8.30701752508375e-25,APEX1
D5,PH_pass,MYC_TARGETS_V1,-3.08229780193695,8.30701752508375e-25,GLO1
D5,PH_pass,MYC_TARGETS_V1,-3.08229780193695,8.30701752508375e-25,MYC
D5,PH_pass,MYC_TARGETS_V1,-3.08229780193695,8.30701752508375e-25,EIF2S1
D5,PH_pass,MYC_TARGETS_V1,-3.08229780193695,8.30701752508375e-25,POLE3
D5,PH_pass,MYC_TARGETS_V1,-3.08229780193695,8.30701752508375e-25,VDAC1
D5,PH_pass,MYC_TARGETS_V1,-3.08229780193695,8.30701752508375e-25,RPS3
D5,PH_pass,MYC_TARGETS_V1,-3.08229780193695,8.30701752508375e-25,SNRPD2
D5,PH_pass,MYC_TARGETS_V1,-3.08229780193695,8.30701752508375e-25,RPS10
D5,PH_pass,MYC_TARGETS_V1,-3.08229780193695,8.30701752508375e-25,PSMD14
D5,PH_pass,MYC_TARGETS_V1,-3.08229780193695,8.30701752508375e-25,RPL18
D5,PH_pass,MYC_TARGETS_V1,-3.08229780193695,8.30701752508375e-25,SSBP1
D5,PH_pass,MYC_TARGETS_V1,-3.08229780193695,8.30701752508375e-25,CCT2
D5,PH_pass,MYC_TARGETS_V1,-3.08229780193695,8.30701752508375e-25,EPRS1
D5,PH_pass,MYC_TARGETS_V1,-3.08229780193695,8.30701752508375e-25,PHB1
D5,PH_pass,MYC_TARGETS_V1,-3.08229780193695,8.30701752508375e-25,SRSF2
D5,PH_pass,MYC_TARGETS_V1,-3.08229780193695,8.30701752508375e-25,RPS6
D5,PH_pass,MYC_TARGETS_V1,-3.08229780193695,8.30701752508375e-25,SRSF3
D5,PH_pass,MYC_TARGETS_V1,-3.08229780193695,8.30701752508375e-25,PSMD8
D5,PH_pass,MYC_TARGETS_V1,-3.08229780193695,8.30701752508375e-25,EIF3D
D5,PH_pass,MYC_TARGETS_V1,-3.08229780193695,8.30701752508375e-25,NCBP2
D5,PH_pass,MYC_TARGETS_V1,-3.08229780193695,8.30701752508375e-25,GNL3
D5,PH_pass,MYC_TARGETS_V1,-3.08229780193695,8.30701752508375e-25,IMPDH2
D5,PH_pass,MYC_TARGETS_V1,-3.08229780193695,8.30701752508375e-25,DHX15
D5,PH_pass,MYC_TARGETS_V1,-3.08229780193695,8.30701752508375e-25,IARS1
D5,PH_pass,MYC_TARGETS_V1,-3.08229780193695,8.30701752508375e-25,DUT
D5,PH_pass,MYC_TARGETS_V1,-3.08229780193695,8.30701752508375e-25,PCNA
D5,PH_pass,MYC_TARGETS_V1,-3.08229780193695,8.30701752508375e-25,PRDX4
D5,PH_pass,MYC_TARGETS_V1,-3.08229780193695,8.30701752508375e-25,KARS1
D5,PH_pass,MYC_TARGETS_V1,-3.08229780193695,8.30701752508375e-25,HNRNPD
D5,PH_pass,MYC_TARGETS_V1,-3.08229780193695,8.30701752508375e-25,C1QBP
D5,PH_pass,MYC_TARGETS_V1,-3.08229780193695,8.30701752508375e-25,CCT7
D5,PH_pass,MYC_TARGETS_V1,-3.08229780193695,8.30701752508375e-25,YWHAQ
D5,PH_pass,MYC_TARGETS_V1,-3.08229780193695,8.30701752508375e-25,PRPS2
D5,PH_pass,MYC_TARGETS_V1,-3.08229780193695,8.30701752508375e-25,RACK1
D5,PH_pass,MYC_TARGETS_V1,-3.08229780193695,8.30701752508375e-25,CANX
D5,PH_pass,MYC_TARGETS_V1,-3.08229780193695,8.30701752508375e-25,SLC25A3
D5,PH_pass,MYC_TARGETS_V1,-3.08229780193695,8.30701752508375e-25,TXNL4A
D5,PH_pass,MYC_TARGETS_V1,-3.08229780193695,8.30701752508375e-25,SERBP1
D5,PH_pass,MYC_TARGETS_V1,-3.08229780193695,8.30701752508375e-25,RRP9
D5,PH_pass,MYC_TARGETS_V1,-3.08229780193695,8.30701752508375e-25,CDK4
D5,PH_pass,MYC_TARGETS_V1,-3.08229780193695,8.30701752508375e-25,MRPL23
D5,PH_pass,MYC_TARGETS_V1,-3.08229780193695,8.30701752508375e-25,ACP1
D5,PH_pass,MYC_TARGETS_V1,-3.08229780193695,8.30701752508375e-25,PHB2
D5,PH_pass,MYC_TARGETS_V1,-3.08229780193695,8.30701752508375e-25,MRPL9
D5,PH_pass,MYC_TARGETS_V1,-3.08229780193695,8.30701752508375e-25,TUFM
D5,PH_pass,MYC_TARGETS_V1,-3.08229780193695,8.30701752508375e-25,NME1
D5,PH_pass,MYC_TARGETS_V1,-3.08229780193695,8.30701752508375e-25,UBE2E1
D5,PH_pass,MYC_TARGETS_V1,-3.08229780193695,8.30701752508375e-25,SNRPA
D5,PH_pass,MYC_TARGETS_V1,-3.08229780193695,8.30701752508375e-25,RFC4
D5,PH_pass,MYC_TARGETS_V1,-3.08229780193695,8.30701752508375e-25,HNRNPA3
D5,PH_pass,MYC_TARGETS_V1,-3.08229780193695,8.30701752508375e-25,CUL1
D5,PH_pass,MYC_TARGETS_V1,-3.08229780193695,8.30701752508375e-25,NAP1L1
D5,PH_pass,MYC_TARGETS_V1,-3.08229780193695,8.30701752508375e-25,HNRNPA1
D5,PH_pass,MYC_TARGETS_V1,-3.08229780193695,8.30701752508375e-25,HSP90AB1
D5,PH_pass,MYC_TARGETS_V1,-3.08229780193695,8.30701752508375e-25,XRCC6
D5,PH_pass,MYC_TARGETS_V1,-3.08229780193695,8.30701752508375e-25,PSMA1
D5,PH_pass,MYC_TARGETS_V1,-3.08229780193695,8.30701752508375e-25,SNRPD1
D5,PH_pass,MYC_TARGETS_V1,-3.08229780193695,8.30701752508375e-25,SNRPB2
D5,PH_pass,MYC_TARGETS_V1,-3.08229780193695,8.30701752508375e-25,CTPS1
D5,PH_pass,MYC_TARGETS_V1,-3.08229780193695,8.30701752508375e-25,ODC1
D5,PH_pass,MYC_TARGETS_V1,-3.08229780193695,8.30701752508375e-25,SRM
D5,PH_pass,MYC_TARGETS_V1,-3.08229780193695,8.30701752508375e-25,SNRPD3
D5,PH_pass,MYC_TARGETS_V1,-3.08229780193695,8.30701752508375e-25,VDAC3
D5,PH_pass,MYC_TARGETS_V1,-3.08229780193695,8.30701752508375e-25,UBA2
D5,PH_pass,MYC_TARGETS_V1,-3.08229780193695,8.30701752508375e-25,TRA2B
D5,PH_pass,MYC_TARGETS_V1,-3.08229780193695,8.30701752508375e-25,RANBP1
D5,PH_pass,MYC_TARGETS_V1,-3.08229780193695,8.30701752508375e-25,PSMA4
D5,PH_pass,MYC_TARGETS_V1,-3.08229780193695,8.30701752508375e-25,PSMC6
D5,PH_pass,MYC_TARGETS_V1,-3.08229780193695,8.30701752508375e-25,AIMP2
D5,PH_pass,MYC_TARGETS_V1,-3.08229780193695,8.30701752508375e-25,EIF4A1
D5,PH_pass,MYC_TARGETS_V1,-3.08229780193695,8.30701752508375e-25,RRM1
D5,PH_pass,MYC_TARGETS_V1,-3.08229780193695,8.30701752508375e-25,RPL14
D5,PH_pass,MYC_TARGETS_V1,-3.08229780193695,8.30701752508375e-25,HPRT1
D5,PH_pass,MYC_TARGETS_V1,-3.08229780193695,8.30701752508375e-25,EIF2S2
D5,PH_pass,MYC_TARGETS_V1,-3.08229780193695,8.30701752508375e-25,MCM5
D5,PH_pass,MYC_TARGETS_V1,-3.08229780193695,8.30701752508375e-25,COX5A
D5,PH_pass,MYC_TARGETS_V1,-3.08229780193695,8.30701752508375e-25,NCBP1
D5,PH_pass,MYC_TARGETS_V1,-3.08229780193695,8.30701752508375e-25,HSPE1
D5,PH_pass,MYC_TARGETS_V1,-3.08229780193695,8.30701752508375e-25,PRDX3
D5,PH_pass,MYC_TARGETS_V1,-3.08229780193695,8.30701752508375e-25,PSMB2
D5,PH_pass,MYC_TARGETS_V1,-3.08229780193695,8.30701752508375e-25,HDDC2
D5,PH_pass,MYC_TARGETS_V1,-3.08229780193695,8.30701752508375e-25,XPOT
D5,PH_pass,MYC_TARGETS_V1,-3.08229780193695,8.30701752508375e-25,CSTF2
D5,PH_pass,MYC_TARGETS_V1,-3.08229780193695,8.30701752508375e-25,SRSF1
D5,PH_pass,MYC_TARGETS_V1,-3.08229780193695,8.30701752508375e-25,NOLC1
D5,PH_pass,MYC_TARGETS_V2,-2.20113986023901,5.03417056350608e-05,DDX18
D5,PH_pass,MYC_TARGETS_V2,-2.20113986023901,5.03417056350608e-05,WDR43
D5,PH_pass,MYC_TARGETS_V2,-2.20113986023901,5.03417056350608e-05,NPM1
D5,PH_pass,MYC_TARGETS_V2,-2.20113986023901,5.03417056350608e-05,HSPD1
D5,PH_pass,MYC_TARGETS_V2,-2.20113986023901,5.03417056350608e-05,NOP56
D5,PH_pass,MYC_TARGETS_V2,-2.20113986023901,5.03417056350608e-05,NDUFAF4
D5,PH_pass,MYC_TARGETS_V2,-2.20113986023901,5.03417056350608e-05,MYC
D5,PH_pass,MYC_TARGETS_V2,-2.20113986023901,5.03417056350608e-05,PPAN
D5,PH_pass,MYC_TARGETS_V2,-2.20113986023901,5.03417056350608e-05,PHB1
D5,PH_pass,MYC_TARGETS_V2,-2.20113986023901,5.03417056350608e-05,UTP20
D5,PH_pass,MYC_TARGETS_V2,-2.20113986023901,5.03417056350608e-05,PES1
D5,PH_pass,MYC_TARGETS_V2,-2.20113986023901,5.03417056350608e-05,GNL3
D5,PH_pass,MYC_TARGETS_V2,-2.20113986023901,5.03417056350608e-05,DCTPP1
D5,PH_pass,MYC_TARGETS_V2,-2.20113986023901,5.03417056350608e-05,MRTO4
D5,PH_pass,MYC_TARGETS_V2,-2.20113986023901,5.03417056350608e-05,RRP9
D5,PH_pass,MYC_TARGETS_V2,-2.20113986023901,5.03417056350608e-05,CDK4
D5,PH_pass,MYC_TARGETS_V2,-2.20113986023901,5.03417056350608e-05,PUS1
D5,PH_pass,MYC_TARGETS_V2,-2.20113986023901,5.03417056350608e-05,GRWD1
D5,PH_pass,MYC_TARGETS_V2,-2.20113986023901,5.03417056350608e-05,TFB2M
D5,PH_pass,MYC_TARGETS_V2,-2.20113986023901,5.03417056350608e-05,TBRG4
D5,PH_pass,MYC_TARGETS_V2,-2.20113986023901,5.03417056350608e-05,SRM
D5,PH_pass,MYC_TARGETS_V2,-2.20113986023901,5.03417056350608e-05,LAS1L
D5,PH_pass,MYC_TARGETS_V2,-2.20113986023901,5.03417056350608e-05,AIMP2
D5,PH_pass,MYC_TARGETS_V2,-2.20113986023901,5.03417056350608e-05,IMP4
D5,PH_pass,MYC_TARGETS_V2,-2.20113986023901,5.03417056350608e-05,MPHOSPH10
D5,PH_pass,MYC_TARGETS_V2,-2.20113986023901,5.03417056350608e-05,SORD
D5,PH_pass,MYC_TARGETS_V2,-2.20113986023901,5.03417056350608e-05,MCM5
D5,PH_pass,MYC_TARGETS_V2,-2.20113986023901,5.03417056350608e-05,HSPE1
D5,PH_pass,MYC_TARGETS_V2,-2.20113986023901,5.03417056350608e-05,NOLC1
D5,PH_pass,MYC_TARGETS_V2,-2.20113986023901,5.03417056350608e-05,DUSP2
D5,PH_pass,MYC_TARGETS_V2,-2.20113986023901,5.03417056350608e-05,IPO4
D5,PH_pass,MYC_TARGETS_V2,-2.20113986023901,5.03417056350608e-05,TMEM97
D5,PH_pass,MYC_TARGETS_V2,-2.20113986023901,5.03417056350608e-05,MYBBP1A
D5,PH_pass,MYC_TARGETS_V2,-2.20113986023901,5.03417056350608e-05,NIP7
D5,PH_pass,MYC_TARGETS_V2,-2.20113986023901,5.03417056350608e-05,FARSA
D5,PH_pass,MYOGENESIS,1.28029642940733,0.142191676212295,ACSL1
D5,PH_pass,MYOGENESIS,1.28029642940733,0.142191676212295,SVIL
D5,PH_pass,MYOGENESIS,1.28029642940733,0.142191676212295,MEF2A
D5,PH_pass,MYOGENESIS,1.28029642940733,0.142191676212295,COL4A2
D5,PH_pass,MYOGENESIS,1.28029642940733,0.142191676212295,ITGA7
D5,PH_pass,MYOGENESIS,1.28029642940733,0.142191676212295,GSN
D5,PH_pass,MYOGENESIS,1.28029642940733,0.142191676212295,MYBPC3
D5,PH_pass,MYOGENESIS,1.28029642940733,0.142191676212295,DAPK2
D5,PH_pass,MYOGENESIS,1.28029642940733,0.142191676212295,MYOM1
D5,PH_pass,MYOGENESIS,1.28029642940733,0.142191676212295,FOXO4
D5,PH_pass,MYOGENESIS,1.28029642940733,0.142191676212295,PDLIM7
D5,PH_pass,MYOGENESIS,1.28029642940733,0.142191676212295,KLF5
D5,PH_pass,MYOGENESIS,1.28029642940733,0.142191676212295,NQO1
D5,PH_pass,MYOGENESIS,1.28029642940733,0.142191676212295,TGFB1
D5,PH_pass,MYOGENESIS,1.28029642940733,0.142191676212295,PYGM
D5,PH_pass,MYOGENESIS,1.28029642940733,0.142191676212295,CLU
D5,PH_pass,MYOGENESIS,1.28029642940733,0.142191676212295,TPM3
D5,PH_pass,MYOGENESIS,1.28029642940733,0.142191676212295,NOTCH1
D5,PH_pass,MYOGENESIS,1.28029642940733,0.142191676212295,ACHE
D5,PH_pass,MYOGENESIS,1.28029642940733,0.142191676212295,RIT1
D5,PH_pass,MYOGENESIS,1.28029642940733,0.142191676212295,CKB
D5,PH_pass,MYOGENESIS,1.28029642940733,0.142191676212295,DMPK
D5,PH_pass,MYOGENESIS,1.28029642940733,0.142191676212295,COL6A3
D5,PH_pass,MYOGENESIS,1.28029642940733,0.142191676212295,MYL6B
D5,PH_pass,MYOGENESIS,1.28029642940733,0.142191676212295,BAG1
D5,PH_pass,MYOGENESIS,1.28029642940733,0.142191676212295,MAPRE3
D5,PH_pass,MYOGENESIS,1.28029642940733,0.142191676212295,LSP1
D5,PH_pass,MYOGENESIS,1.28029642940733,0.142191676212295,ATP6AP1
D5,PH_pass,MYOGENESIS,1.28029642940733,0.142191676212295,GPX3
D5,PH_pass,MYOGENESIS,1.28029642940733,0.142191676212295,SMTN
D5,PH_pass,MYOGENESIS,1.28029642940733,0.142191676212295,APP
D5,PH_pass,MYOGENESIS,1.28029642940733,0.142191676212295,TAGLN
D5,PH_pass,MYOGENESIS,1.28029642940733,0.142191676212295,NCAM1
D5,PH_pass,MYOGENESIS,1.28029642940733,0.142191676212295,AK1
D5,PH_pass,MYOGENESIS,1.28029642940733,0.142191676212295,HDAC5
D5,PH_pass,MYOGENESIS,1.28029642940733,0.142191676212295,MYLK
D5,PH_pass,MYOGENESIS,1.28029642940733,0.142191676212295,SLC6A8
D5,PH_pass,MYOGENESIS,1.28029642940733,0.142191676212295,FLII
D5,PH_pass,MYOGENESIS,1.28029642940733,0.142191676212295,MYO1C
D5,PH_pass,MYOGENESIS,1.28029642940733,0.142191676212295,CHRNG
D5,PH_pass,MYOGENESIS,1.28029642940733,0.142191676212295,GABARAPL2
D5,PH_pass,MYOGENESIS,1.28029642940733,0.142191676212295,AKT2
D5,PH_pass,MYOGENESIS,1.28029642940733,0.142191676212295,ITGB5
D5,PH_pass,MYOGENESIS,1.28029642940733,0.142191676212295,SPARC
D5,PH_pass,MYOGENESIS,1.28029642940733,0.142191676212295,PICK1
D5,PH_pass,MYOGENESIS,1.28029642940733,0.142191676212295,NAV2
D5,PH_pass,MYOGENESIS,1.28029642940733,0.142191676212295,IGFBP7
D5,PH_pass,MYOGENESIS,1.28029642940733,0.142191676212295,SCD
D5,PH_pass,MYOGENESIS,1.28029642940733,0.142191676212295,MAPK12
D5,PH_pass,NOTCH_SIGNALING,-0.746921573792283,0.850126936476169,MAML2
D5,PH_pass,NOTCH_SIGNALING,-0.746921573792283,0.850126936476169,LFNG
D5,PH_pass,NOTCH_SIGNALING,-0.746921573792283,0.850126936476169,HES1
D5,PH_pass,NOTCH_SIGNALING,-0.746921573792283,0.850126936476169,PSEN2
D5,PH_pass,NOTCH_SIGNALING,-0.746921573792283,0.850126936476169,CUL1
D5,PH_pass,NOTCH_SIGNALING,-0.746921573792283,0.850126936476169,FZD1
D5,PH_pass,NOTCH_SIGNALING,-0.746921573792283,0.850126936476169,SKP1
D5,PH_pass,OXIDATIVE_PHOSPHORYLATION,-2.51152909889097,4.18520140182261e-13,MRPS30
D5,PH_pass,OXIDATIVE_PHOSPHORYLATION,-2.51152909889097,4.18520140182261e-13,LRPPRC
D5,PH_pass,OXIDATIVE_PHOSPHORYLATION,-2.51152909889097,4.18520140182261e-13,PDP1
D5,PH_pass,OXIDATIVE_PHOSPHORYLATION,-2.51152909889097,4.18520140182261e-13,TIMM17A
D5,PH_pass,OXIDATIVE_PHOSPHORYLATION,-2.51152909889097,4.18520140182261e-13,CYCS
D5,PH_pass,OXIDATIVE_PHOSPHORYLATION,-2.51152909889097,4.18520140182261e-13,LDHB
D5,PH_pass,OXIDATIVE_PHOSPHORYLATION,-2.51152909889097,4.18520140182261e-13,TOMM70
D5,PH_pass,OXIDATIVE_PHOSPHORYLATION,-2.51152909889097,4.18520140182261e-13,ABCB7
D5,PH_pass,OXIDATIVE_PHOSPHORYLATION,-2.51152909889097,4.18520140182261e-13,MRPL35
D5,PH_pass,OXIDATIVE_PHOSPHORYLATION,-2.51152909889097,4.18520140182261e-13,ATP5MC1
D5,PH_pass,OXIDATIVE_PHOSPHORYLATION,-2.51152909889097,4.18520140182261e-13,HSPA9
D5,PH_pass,OXIDATIVE_PHOSPHORYLATION,-2.51152909889097,4.18520140182261e-13,NDUFAB1
D5,PH_pass,OXIDATIVE_PHOSPHORYLATION,-2.51152909889097,4.18520140182261e-13,COX10
D5,PH_pass,OXIDATIVE_PHOSPHORYLATION,-2.51152909889097,4.18520140182261e-13,NDUFB5
D5,PH_pass,OXIDATIVE_PHOSPHORYLATION,-2.51152909889097,4.18520140182261e-13,OXA1L
D5,PH_pass,OXIDATIVE_PHOSPHORYLATION,-2.51152909889097,4.18520140182261e-13,MDH1
D5,PH_pass,OXIDATIVE_PHOSPHORYLATION,-2.51152909889097,4.18520140182261e-13,MRPL15
D5,PH_pass,OXIDATIVE_PHOSPHORYLATION,-2.51152909889097,4.18520140182261e-13,ATP5PO
D5,PH_pass,OXIDATIVE_PHOSPHORYLATION,-2.51152909889097,4.18520140182261e-13,DLAT
D5,PH_pass,OXIDATIVE_PHOSPHORYLATION,-2.51152909889097,4.18520140182261e-13,ECHS1
D5,PH_pass,OXIDATIVE_PHOSPHORYLATION,-2.51152909889097,4.18520140182261e-13,TOMM22
D5,PH_pass,OXIDATIVE_PHOSPHORYLATION,-2.51152909889097,4.18520140182261e-13,VDAC1
D5,PH_pass,OXIDATIVE_PHOSPHORYLATION,-2.51152909889097,4.18520140182261e-13,COX7C
D5,PH_pass,OXIDATIVE_PHOSPHORYLATION,-2.51152909889097,4.18520140182261e-13,COX6C
D5,PH_pass,OXIDATIVE_PHOSPHORYLATION,-2.51152909889097,4.18520140182261e-13,ATP5F1A
D5,PH_pass,OXIDATIVE_PHOSPHORYLATION,-2.51152909889097,4.18520140182261e-13,NDUFS3
D5,PH_pass,OXIDATIVE_PHOSPHORYLATION,-2.51152909889097,4.18520140182261e-13,SLC25A4
D5,PH_pass,OXIDATIVE_PHOSPHORYLATION,-2.51152909889097,4.18520140182261e-13,ACAA2
D5,PH_pass,OXIDATIVE_PHOSPHORYLATION,-2.51152909889097,4.18520140182261e-13,UQCRC2
D5,PH_pass,OXIDATIVE_PHOSPHORYLATION,-2.51152909889097,4.18520140182261e-13,ATP5MC2
D5,PH_pass,OXIDATIVE_PHOSPHORYLATION,-2.51152909889097,4.18520140182261e-13,ECI1
D5,PH_pass,OXIDATIVE_PHOSPHORYLATION,-2.51152909889097,4.18520140182261e-13,NDUFB2
D5,PH_pass,OXIDATIVE_PHOSPHORYLATION,-2.51152909889097,4.18520140182261e-13,COX7A2
D5,PH_pass,OXIDATIVE_PHOSPHORYLATION,-2.51152909889097,4.18520140182261e-13,SLC25A5
D5,PH_pass,OXIDATIVE_PHOSPHORYLATION,-2.51152909889097,4.18520140182261e-13,BDH2
D5,PH_pass,OXIDATIVE_PHOSPHORYLATION,-2.51152909889097,4.18520140182261e-13,VDAC2
D5,PH_pass,OXIDATIVE_PHOSPHORYLATION,-2.51152909889097,4.18520140182261e-13,MRPL11
D5,PH_pass,OXIDATIVE_PHOSPHORYLATION,-2.51152909889097,4.18520140182261e-13,CASP7
D5,PH_pass,OXIDATIVE_PHOSPHORYLATION,-2.51152909889097,4.18520140182261e-13,NDUFA4
D5,PH_pass,OXIDATIVE_PHOSPHORYLATION,-2.51152909889097,4.18520140182261e-13,GLUD1
D5,PH_pass,OXIDATIVE_PHOSPHORYLATION,-2.51152909889097,4.18520140182261e-13,HSD17B10
D5,PH_pass,OXIDATIVE_PHOSPHORYLATION,-2.51152909889097,4.18520140182261e-13,IMMT
D5,PH_pass,OXIDATIVE_PHOSPHORYLATION,-2.51152909889097,4.18520140182261e-13,NDUFV1
D5,PH_pass,OXIDATIVE_PHOSPHORYLATION,-2.51152909889097,4.18520140182261e-13,ACADSB
D5,PH_pass,OXIDATIVE_PHOSPHORYLATION,-2.51152909889097,4.18520140182261e-13,TIMM13
D5,PH_pass,OXIDATIVE_PHOSPHORYLATION,-2.51152909889097,4.18520140182261e-13,PHYH
D5,PH_pass,OXIDATIVE_PHOSPHORYLATION,-2.51152909889097,4.18520140182261e-13,ATP5MC3
D5,PH_pass,OXIDATIVE_PHOSPHORYLATION,-2.51152909889097,4.18520140182261e-13,ATP5PB
D5,PH_pass,OXIDATIVE_PHOSPHORYLATION,-2.51152909889097,4.18520140182261e-13,SLC25A6
D5,PH_pass,OXIDATIVE_PHOSPHORYLATION,-2.51152909889097,4.18520140182261e-13,NDUFA8
D5,PH_pass,OXIDATIVE_PHOSPHORYLATION,-2.51152909889097,4.18520140182261e-13,TIMM50
D5,PH_pass,OXIDATIVE_PHOSPHORYLATION,-2.51152909889097,4.18520140182261e-13,SLC25A3
D5,PH_pass,OXIDATIVE_PHOSPHORYLATION,-2.51152909889097,4.18520140182261e-13,FDX1
D5,PH_pass,OXIDATIVE_PHOSPHORYLATION,-2.51152909889097,4.18520140182261e-13,IDH2
D5,PH_pass,OXIDATIVE_PHOSPHORYLATION,-2.51152909889097,4.18520140182261e-13,ACADM
D5,PH_pass,OXIDATIVE_PHOSPHORYLATION,-2.51152909889097,4.18520140182261e-13,SDHD
D5,PH_pass,OXIDATIVE_PHOSPHORYLATION,-2.51152909889097,4.18520140182261e-13,NDUFA5
D5,PH_pass,OXIDATIVE_PHOSPHORYLATION,-2.51152909889097,4.18520140182261e-13,PDK4
D5,PH_pass,OXIDATIVE_PHOSPHORYLATION,-2.51152909889097,4.18520140182261e-13,PHB2
D5,PH_pass,OXIDATIVE_PHOSPHORYLATION,-2.51152909889097,4.18520140182261e-13,MRPS12
D5,PH_pass,OXIDATIVE_PHOSPHORYLATION,-2.51152909889097,4.18520140182261e-13,OPA1
D5,PH_pass,OXIDATIVE_PHOSPHORYLATION,-2.51152909889097,4.18520140182261e-13,TIMM9
D5,PH_pass,OXIDATIVE_PHOSPHORYLATION,-2.51152909889097,4.18520140182261e-13,NNT
D5,PH_pass,OXIDATIVE_PHOSPHORYLATION,-2.51152909889097,4.18520140182261e-13,PDHA1
D5,PH_pass,OXIDATIVE_PHOSPHORYLATION,-2.51152909889097,4.18520140182261e-13,COX4I1
D5,PH_pass,OXIDATIVE_PHOSPHORYLATION,-2.51152909889097,4.18520140182261e-13,SLC25A12
D5,PH_pass,OXIDATIVE_PHOSPHORYLATION,-2.51152909889097,4.18520140182261e-13,MGST3
D5,PH_pass,OXIDATIVE_PHOSPHORYLATION,-2.51152909889097,4.18520140182261e-13,ATP6V1F
D5,PH_pass,OXIDATIVE_PHOSPHORYLATION,-2.51152909889097,4.18520140182261e-13,SLC25A20
D5,PH_pass,OXIDATIVE_PHOSPHORYLATION,-2.51152909889097,4.18520140182261e-13,UQCRFS1
D5,PH_pass,OXIDATIVE_PHOSPHORYLATION,-2.51152909889097,4.18520140182261e-13,NDUFA6
D5,PH_pass,P53_PATHWAY,1.2732354053907,0.130151682041397,UPP1
D5,PH_pass,P53_PATHWAY,1.2732354053907,0.130151682041397,ZBTB16
D5,PH_pass,P53_PATHWAY,1.2732354053907,0.130151682041397,GADD45A
D5,PH_pass,P53_PATHWAY,1.2732354053907,0.130151682041397,CCND3
D5,PH_pass,P53_PATHWAY,1.2732354053907,0.130151682041397,PTPRE
D5,PH_pass,P53_PATHWAY,1.2732354053907,0.130151682041397,NUPR1
D5,PH_pass,P53_PATHWAY,1.2732354053907,0.130151682041397,MXD1
D5,PH_pass,P53_PATHWAY,1.2732354053907,0.130151682041397,ALOX15B
D5,PH_pass,P53_PATHWAY,1.2732354053907,0.130151682041397,ACVR1B
D5,PH_pass,P53_PATHWAY,1.2732354053907,0.130151682041397,ABHD4
D5,PH_pass,P53_PATHWAY,1.2732354053907,0.130151682041397,APAF1
D5,PH_pass,P53_PATHWAY,1.2732354053907,0.130151682041397,SP1
D5,PH_pass,P53_PATHWAY,1.2732354053907,0.130151682041397,CEBPA
D5,PH_pass,P53_PATHWAY,1.2732354053907,0.130151682041397,HEXIM1
D5,PH_pass,P53_PATHWAY,1.2732354053907,0.130151682041397,DRAM1
D5,PH_pass,P53_PATHWAY,1.2732354053907,0.130151682041397,CDK5R1
D5,PH_pass,P53_PATHWAY,1.2732354053907,0.130151682041397,CD82
D5,PH_pass,P53_PATHWAY,1.2732354053907,0.130151682041397,PRMT2
D5,PH_pass,P53_PATHWAY,1.2732354053907,0.130151682041397,STOM
D5,PH_pass,P53_PATHWAY,1.2732354053907,0.130151682041397,FOXO3
D5,PH_pass,P53_PATHWAY,1.2732354053907,0.130151682041397,INHBB
D5,PH_pass,P53_PATHWAY,1.2732354053907,0.130151682041397,TOB1
D5,PH_pass,P53_PATHWAY,1.2732354053907,0.130151682041397,RHBDF2
D5,PH_pass,P53_PATHWAY,1.2732354053907,0.130151682041397,RNF19B
D5,PH_pass,P53_PATHWAY,1.2732354053907,0.130151682041397,RXRA
D5,PH_pass,P53_PATHWAY,1.2732354053907,0.130151682041397,TGFB1
D5,PH_pass,P53_PATHWAY,1.2732354053907,0.130151682041397,GPX2
D5,PH_pass,P53_PATHWAY,1.2732354053907,0.130151682041397,PPM1D
D5,PH_pass,P53_PATHWAY,1.2732354053907,0.130151682041397,PPP1R15A
D5,PH_pass,P53_PATHWAY,1.2732354053907,0.130151682041397,PRKAB1
D5,PH_pass,P53_PATHWAY,1.2732354053907,0.130151682041397,FGF13
D5,PH_pass,P53_PATHWAY,1.2732354053907,0.130151682041397,CSRNP2
D5,PH_pass,P53_PATHWAY,1.2732354053907,0.130151682041397,NOTCH1
D5,PH_pass,P53_PATHWAY,1.2732354053907,0.130151682041397,SOCS1
D5,PH_pass,P53_PATHWAY,1.2732354053907,0.130151682041397,CTSD
D5,PH_pass,P53_PATHWAY,1.2732354053907,0.130151682041397,IER3
D5,PH_pass,P53_PATHWAY,1.2732354053907,0.130151682041397,DEF6
D5,PH_pass,P53_PATHWAY,1.2732354053907,0.130151682041397,HSPA4L
D5,PH_pass,P53_PATHWAY,1.2732354053907,0.130151682041397,CYFIP2
D5,PH_pass,P53_PATHWAY,1.2732354053907,0.130151682041397,TXNIP
D5,PH_pass,P53_PATHWAY,1.2732354053907,0.130151682041397,MKNK2
D5,PH_pass,P53_PATHWAY,1.2732354053907,0.130151682041397,STEAP3
D5,PH_pass,P53_PATHWAY,1.2732354053907,0.130151682041397,SERTAD3
D5,PH_pass,P53_PATHWAY,1.2732354053907,0.130151682041397,PLK3
D5,PH_pass,P53_PATHWAY,1.2732354053907,0.130151682041397,ZFP36L1
D5,PH_pass,P53_PATHWAY,1.2732354053907,0.130151682041397,GM2A
D5,PH_pass,P53_PATHWAY,1.2732354053907,0.130151682041397,TAP1
D5,PH_pass,PEROXISOME,-1.06164885792297,0.466901231465192,ABCD2
D5,PH_pass,PEROXISOME,-1.06164885792297,0.466901231465192,CLN6
D5,PH_pass,PEROXISOME,-1.06164885792297,0.466901231465192,SLC25A4
D5,PH_pass,PEROXISOME,-1.06164885792297,0.466901231465192,HRAS
D5,PH_pass,PEROXISOME,-1.06164885792297,0.466901231465192,SCP2
D5,PH_pass,PEROXISOME,-1.06164885792297,0.466901231465192,SLC35B2
D5,PH_pass,PEROXISOME,-1.06164885792297,0.466901231465192,SLC25A19
D5,PH_pass,PEROXISOME,-1.06164885792297,0.466901231465192,DHRS3
D5,PH_pass,PEROXISOME,-1.06164885792297,0.466901231465192,EPHX2
D5,PH_pass,PEROXISOME,-1.06164885792297,0.466901231465192,PRDX1
D5,PH_pass,PEROXISOME,-1.06164885792297,0.466901231465192,CADM1
D5,PH_pass,PEROXISOME,-1.06164885792297,0.466901231465192,IDH2
D5,PH_pass,PEROXISOME,-1.06164885792297,0.466901231465192,HSD17B4
D5,PH_pass,PEROXISOME,-1.06164885792297,0.466901231465192,ERCC3
D5,PH_pass,PEROXISOME,-1.06164885792297,0.466901231465192,ACSL5
D5,PH_pass,PEROXISOME,-1.06164885792297,0.466901231465192,SOD1
D5,PH_pass,PEROXISOME,-1.06164885792297,0.466901231465192,CTPS1
D5,PH_pass,PEROXISOME,-1.06164885792297,0.466901231465192,ECI2
D5,PH_pass,PEROXISOME,-1.06164885792297,0.466901231465192,ABCB4
D5,PH_pass,PEROXISOME,-1.06164885792297,0.466901231465192,ITGB1BP1
D5,PH_pass,PEROXISOME,-1.06164885792297,0.466901231465192,ABCD3
D5,PH_pass,PEROXISOME,-1.06164885792297,0.466901231465192,ABCB1
D5,PH_pass,PEROXISOME,-1.06164885792297,0.466901231465192,MSH2
D5,PH_pass,PEROXISOME,-1.06164885792297,0.466901231465192,PEX11B
D5,PH_pass,PEROXISOME,-1.06164885792297,0.466901231465192,EHHADH
D5,PH_pass,PEROXISOME,-1.06164885792297,0.466901231465192,ALDH9A1
D5,PH_pass,PEROXISOME,-1.06164885792297,0.466901231465192,ISOC1
D5,PH_pass,PEROXISOME,-1.06164885792297,0.466901231465192,CNBP
D5,PH_pass,PEROXISOME,-1.06164885792297,0.466901231465192,IDE
D5,PH_pass,PEROXISOME,-1.06164885792297,0.466901231465192,SLC27A2
D5,PH_pass,PEROXISOME,-1.06164885792297,0.466901231465192,RDH11
D5,PH_pass,PEROXISOME,-1.06164885792297,0.466901231465192,ECH1
D5,PH_pass,PEROXISOME,-1.06164885792297,0.466901231465192,PEX2
D5,PH_pass,PI3K_AKT_MTOR_SIGNALING,1.87044776231396,0.000885976336114302,MKNK1
D5,PH_pass,PI3K_AKT_MTOR_SIGNALING,1.87044776231396,0.000885976336114302,MAP2K6
D5,PH_pass,PI3K_AKT_MTOR_SIGNALING,1.87044776231396,0.000885976336114302,PRKCB
D5,PH_pass,PI3K_AKT_MTOR_SIGNALING,1.87044776231396,0.000885976336114302,SLA
D5,PH_pass,PI3K_AKT_MTOR_SIGNALING,1.87044776231396,0.000885976336114302,MAPK1
D5,PH_pass,PI3K_AKT_MTOR_SIGNALING,1.87044776231396,0.000885976336114302,CAB39
D5,PH_pass,PI3K_AKT_MTOR_SIGNALING,1.87044776231396,0.000885976336114302,PRKAR2A
D5,PH_pass,PI3K_AKT_MTOR_SIGNALING,1.87044776231396,0.000885976336114302,DUSP3
D5,PH_pass,PI3K_AKT_MTOR_SIGNALING,1.87044776231396,0.000885976336114302,GSK3B
D5,PH_pass,PI3K_AKT_MTOR_SIGNALING,1.87044776231396,0.000885976336114302,RAC1
D5,PH_pass,PI3K_AKT_MTOR_SIGNALING,1.87044776231396,0.000885976336114302,TNFRSF1A
D5,PH_pass,PI3K_AKT_MTOR_SIGNALING,1.87044776231396,0.000885976336114302,PTEN
D5,PH_pass,PI3K_AKT_MTOR_SIGNALING,1.87044776231396,0.000885976336114302,MAP2K3
D5,PH_pass,PI3K_AKT_MTOR_SIGNALING,1.87044776231396,0.000885976336114302,SLC2A1
D5,PH_pass,PI3K_AKT_MTOR_SIGNALING,1.87044776231396,0.000885976336114302,RPS6KA3
D5,PH_pass,PI3K_AKT_MTOR_SIGNALING,1.87044776231396,0.000885976336114302,RAF1
D5,PH_pass,PI3K_AKT_MTOR_SIGNALING,1.87044776231396,0.000885976336114302,RIPK1
D5,PH_pass,PI3K_AKT_MTOR_SIGNALING,1.87044776231396,0.000885976336114302,RPS6KA1
D5,PH_pass,PI3K_AKT_MTOR_SIGNALING,1.87044776231396,0.000885976336114302,GRB2
D5,PH_pass,PI3K_AKT_MTOR_SIGNALING,1.87044776231396,0.000885976336114302,PIKFYVE
D5,PH_pass,PI3K_AKT_MTOR_SIGNALING,1.87044776231396,0.000885976336114302,AKT1S1
D5,PH_pass,PI3K_AKT_MTOR_SIGNALING,1.87044776231396,0.000885976336114302,CFL1
D5,PH_pass,PI3K_AKT_MTOR_SIGNALING,1.87044776231396,0.000885976336114302,MYD88
D5,PH_pass,PI3K_AKT_MTOR_SIGNALING,1.87044776231396,0.000885976336114302,UBE2D3
D5,PH_pass,PI3K_AKT_MTOR_SIGNALING,1.87044776231396,0.000885976336114302,YWHAB
D5,PH_pass,PI3K_AKT_MTOR_SIGNALING,1.87044776231396,0.000885976336114302,IRAK4
D5,PH_pass,PI3K_AKT_MTOR_SIGNALING,1.87044776231396,0.000885976336114302,RIT1
D5,PH_pass,PI3K_AKT_MTOR_SIGNALING,1.87044776231396,0.000885976336114302,ACTR2
D5,PH_pass,PI3K_AKT_MTOR_SIGNALING,1.87044776231396,0.000885976336114302,GRK2
D5,PH_pass,PI3K_AKT_MTOR_SIGNALING,1.87044776231396,0.000885976336114302,ACTR3
D5,PH_pass,PI3K_AKT_MTOR_SIGNALING,1.87044776231396,0.000885976336114302,SMAD2
D5,PH_pass,PI3K_AKT_MTOR_SIGNALING,1.87044776231396,0.000885976336114302,CLTC
D5,PH_pass,PI3K_AKT_MTOR_SIGNALING,1.87044776231396,0.000885976336114302,E2F1
D5,PH_pass,PI3K_AKT_MTOR_SIGNALING,1.87044776231396,0.000885976336114302,MKNK2
D5,PH_pass,PI3K_AKT_MTOR_SIGNALING,1.87044776231396,0.000885976336114302,ARF1
D5,PH_pass,PROTEIN_SECRETION,0.822973134185282,0.846916211729053,KIF1B
D5,PH_pass,PROTEIN_SECRETION,0.822973134185282,0.846916211729053,MAPK1
D5,PH_pass,PROTEIN_SECRETION,0.822973134185282,0.846916211729053,IGF2R
D5,PH_pass,PROTEIN_SECRETION,0.822973134185282,0.846916211729053,STX16
D5,PH_pass,PROTEIN_SECRETION,0.822973134185282,0.846916211729053,RPS6KA3
D5,PH_pass,PROTEIN_SECRETION,0.822973134185282,0.846916211729053,GNAS
D5,PH_pass,PROTEIN_SECRETION,0.822973134185282,0.846916211729053,STX7
D5,PH_pass,PROTEIN_SECRETION,0.822973134185282,0.846916211729053,AP2B1
D5,PH_pass,PROTEIN_SECRETION,0.822973134185282,0.846916211729053,GLA
D5,PH_pass,PROTEIN_SECRETION,0.822973134185282,0.846916211729053,CD63
D5,PH_pass,PROTEIN_SECRETION,0.822973134185282,0.846916211729053,PAM
D5,PH_pass,PROTEIN_SECRETION,0.822973134185282,0.846916211729053,ARFGEF1
D5,PH_pass,PROTEIN_SECRETION,0.822973134185282,0.846916211729053,AP1G1
D5,PH_pass,PROTEIN_SECRETION,0.822973134185282,0.846916211729053,LAMP2
D5,PH_pass,PROTEIN_SECRETION,0.822973134185282,0.846916211729053,RAB5A
D5,PH_pass,PROTEIN_SECRETION,0.822973134185282,0.846916211729053,STAM
D5,PH_pass,PROTEIN_SECRETION,0.822973134185282,0.846916211729053,VAMP3
D5,PH_pass,PROTEIN_SECRETION,0.822973134185282,0.846916211729053,CLTC
D5,PH_pass,PROTEIN_SECRETION,0.822973134185282,0.846916211729053,SEC22B
D5,PH_pass,PROTEIN_SECRETION,0.822973134185282,0.846916211729053,ARF1
D5,PH_pass,REACTIVE_OXYGEN_SPECIES_PATHWAY,1.42671394683142,0.102105263157895,GSR
D5,PH_pass,REACTIVE_OXYGEN_SPECIES_PATHWAY,1.42671394683142,0.102105263157895,GCLM
D5,PH_pass,REACTIVE_OXYGEN_SPECIES_PATHWAY,1.42671394683142,0.102105263157895,MBP
D5,PH_pass,REACTIVE_OXYGEN_SPECIES_PATHWAY,1.42671394683142,0.102105263157895,FES
D5,PH_pass,REACTIVE_OXYGEN_SPECIES_PATHWAY,1.42671394683142,0.102105263157895,MSRA
D5,PH_pass,REACTIVE_OXYGEN_SPECIES_PATHWAY,1.42671394683142,0.102105263157895,SBNO2
D5,PH_pass,REACTIVE_OXYGEN_SPECIES_PATHWAY,1.42671394683142,0.102105263157895,CDKN2D
D5,PH_pass,REACTIVE_OXYGEN_SPECIES_PATHWAY,1.42671394683142,0.102105263157895,G6PD
D5,PH_pass,REACTIVE_OXYGEN_SPECIES_PATHWAY,1.42671394683142,0.102105263157895,NQO1
D5,PH_pass,REACTIVE_OXYGEN_SPECIES_PATHWAY,1.42671394683142,0.102105263157895,OXSR1
D5,PH_pass,REACTIVE_OXYGEN_SPECIES_PATHWAY,1.42671394683142,0.102105263157895,FTL
D5,PH_pass,REACTIVE_OXYGEN_SPECIES_PATHWAY,1.42671394683142,0.102105263157895,TXNRD1
D5,PH_pass,REACTIVE_OXYGEN_SPECIES_PATHWAY,1.42671394683142,0.102105263157895,EGLN2
D5,PH_pass,REACTIVE_OXYGEN_SPECIES_PATHWAY,1.42671394683142,0.102105263157895,SRXN1
D5,PH_pass,REACTIVE_OXYGEN_SPECIES_PATHWAY,1.42671394683142,0.102105263157895,LSP1
D5,PH_pass,REACTIVE_OXYGEN_SPECIES_PATHWAY,1.42671394683142,0.102105263157895,GPX3
D5,PH_pass,REACTIVE_OXYGEN_SPECIES_PATHWAY,1.42671394683142,0.102105263157895,JUNB
D5,PH_pass,SPERMATOGENESIS,0.894869766029752,0.765401184706516,PGS1
D5,PH_pass,SPERMATOGENESIS,0.894869766029752,0.765401184706516,AGFG1
D5,PH_pass,SPERMATOGENESIS,0.894869766029752,0.765401184706516,TLE4
D5,PH_pass,SPERMATOGENESIS,0.894869766029752,0.765401184706516,PRKAR2A
D5,PH_pass,SPERMATOGENESIS,0.894869766029752,0.765401184706516,CLVS1
D5,PH_pass,SPERMATOGENESIS,0.894869766029752,0.765401184706516,BRAF
D5,PH_pass,SPERMATOGENESIS,0.894869766029752,0.765401184706516,CCNA1
D5,PH_pass,SPERMATOGENESIS,0.894869766029752,0.765401184706516,SHE
D5,PH_pass,SPERMATOGENESIS,0.894869766029752,0.765401184706516,H1-6
D5,PH_pass,SPERMATOGENESIS,0.894869766029752,0.765401184706516,IP6K1
D5,PH_pass,SPERMATOGENESIS,0.894869766029752,0.765401184706516,TALDO1
D5,PH_pass,TGF_BETA_SIGNALING,1.55785546903058,0.0440278886768896,FURIN
D5,PH_pass,TGF_BETA_SIGNALING,1.55785546903058,0.0440278886768896,FKBP1A
D5,PH_pass,TGF_BETA_SIGNALING,1.55785546903058,0.0440278886768896,HIPK2
D5,PH_pass,TGF_BETA_SIGNALING,1.55785546903058,0.0440278886768896,RAB31
D5,PH_pass,TGF_BETA_SIGNALING,1.55785546903058,0.0440278886768896,IFNGR2
D5,PH_pass,TGF_BETA_SIGNALING,1.55785546903058,0.0440278886768896,SPTBN1
D5,PH_pass,TGF_BETA_SIGNALING,1.55785546903058,0.0440278886768896,SMAD1
D5,PH_pass,TGF_BETA_SIGNALING,1.55785546903058,0.0440278886768896,TGFB1
D5,PH_pass,TGF_BETA_SIGNALING,1.55785546903058,0.0440278886768896,SERPINE1
D5,PH_pass,TGF_BETA_SIGNALING,1.55785546903058,0.0440278886768896,PPP1R15A
D5,PH_pass,TGF_BETA_SIGNALING,1.55785546903058,0.0440278886768896,UBE2D3
D5,PH_pass,TGF_BETA_SIGNALING,1.55785546903058,0.0440278886768896,CTNNB1
D5,PH_pass,TGF_BETA_SIGNALING,1.55785546903058,0.0440278886768896,XIAP
D5,PH_pass,TGF_BETA_SIGNALING,1.55785546903058,0.0440278886768896,SMURF1
D5,PH_pass,TGF_BETA_SIGNALING,1.55785546903058,0.0440278886768896,PPM1A
D5,PH_pass,TGF_BETA_SIGNALING,1.55785546903058,0.0440278886768896,BMPR2
D5,PH_pass,TGF_BETA_SIGNALING,1.55785546903058,0.0440278886768896,THBS1
D5,PH_pass,TNFA_SIGNALING_VIA_NFKB,1.58192133688606,0.00575206168971256,BCL6
D5,PH_pass,TNFA_SIGNALING_VIA_NFKB,1.58192133688606,0.00575206168971256,ETS2
D5,PH_pass,TNFA_SIGNALING_VIA_NFKB,1.58192133688606,0.00575206168971256,GADD45A
D5,PH_pass,TNFA_SIGNALING_VIA_NFKB,1.58192133688606,0.00575206168971256,CFLAR
D5,PH_pass,TNFA_SIGNALING_VIA_NFKB,1.58192133688606,0.00575206168971256,PFKFB3
D5,PH_pass,TNFA_SIGNALING_VIA_NFKB,1.58192133688606,0.00575206168971256,FOSL2
D5,PH_pass,TNFA_SIGNALING_VIA_NFKB,1.58192133688606,0.00575206168971256,SLC2A3
D5,PH_pass,TNFA_SIGNALING_VIA_NFKB,1.58192133688606,0.00575206168971256,B4GALT5
D5,PH_pass,TNFA_SIGNALING_VIA_NFKB,1.58192133688606,0.00575206168971256,IRS2
D5,PH_pass,TNFA_SIGNALING_VIA_NFKB,1.58192133688606,0.00575206168971256,PTPRE
D5,PH_pass,TNFA_SIGNALING_VIA_NFKB,1.58192133688606,0.00575206168971256,MXD1
D5,PH_pass,TNFA_SIGNALING_VIA_NFKB,1.58192133688606,0.00575206168971256,RCAN1
D5,PH_pass,TNFA_SIGNALING_VIA_NFKB,1.58192133688606,0.00575206168971256,KLF9
D5,PH_pass,TNFA_SIGNALING_VIA_NFKB,1.58192133688606,0.00575206168971256,NFKB1
D5,PH_pass,TNFA_SIGNALING_VIA_NFKB,1.58192133688606,0.00575206168971256,SOCS3
D5,PH_pass,TNFA_SIGNALING_VIA_NFKB,1.58192133688606,0.00575206168971256,TNIP1
D5,PH_pass,TNFA_SIGNALING_VIA_NFKB,1.58192133688606,0.00575206168971256,LITAF
D5,PH_pass,TNFA_SIGNALING_VIA_NFKB,1.58192133688606,0.00575206168971256,DRAM1
D5,PH_pass,TNFA_SIGNALING_VIA_NFKB,1.58192133688606,0.00575206168971256,KLF6
D5,PH_pass,TNFA_SIGNALING_VIA_NFKB,1.58192133688606,0.00575206168971256,MAP2K3
D5,PH_pass,TNFA_SIGNALING_VIA_NFKB,1.58192133688606,0.00575206168971256,DENND5A
D5,PH_pass,TNFA_SIGNALING_VIA_NFKB,1.58192133688606,0.00575206168971256,TIPARP
D5,PH_pass,TNFA_SIGNALING_VIA_NFKB,1.58192133688606,0.00575206168971256,IFNGR2
D5,PH_pass,TNFA_SIGNALING_VIA_NFKB,1.58192133688606,0.00575206168971256,LDLR
D5,PH_pass,TNFA_SIGNALING_VIA_NFKB,1.58192133688606,0.00575206168971256,NFKBIA
D5,PH_pass,TNFA_SIGNALING_VIA_NFKB,1.58192133688606,0.00575206168971256,EHD1
D5,PH_pass,TNFA_SIGNALING_VIA_NFKB,1.58192133688606,0.00575206168971256,BCL3
D5,PH_pass,TNFA_SIGNALING_VIA_NFKB,1.58192133688606,0.00575206168971256,PER1
D5,PH_pass,TNFA_SIGNALING_VIA_NFKB,1.58192133688606,0.00575206168971256,RNF19B
D5,PH_pass,TNFA_SIGNALING_VIA_NFKB,1.58192133688606,0.00575206168971256,CD44
D5,PH_pass,TNFA_SIGNALING_VIA_NFKB,1.58192133688606,0.00575206168971256,F2RL1
D5,PH_pass,TNFA_SIGNALING_VIA_NFKB,1.58192133688606,0.00575206168971256,PNRC1
D5,PH_pass,TNFA_SIGNALING_VIA_NFKB,1.58192133688606,0.00575206168971256,CEBPB
D5,PH_pass,TNFA_SIGNALING_VIA_NFKB,1.58192133688606,0.00575206168971256,ZC3H12A
D5,PH_pass,TNFA_SIGNALING_VIA_NFKB,1.58192133688606,0.00575206168971256,KDM6B
D5,PH_pass,TNFA_SIGNALING_VIA_NFKB,1.58192133688606,0.00575206168971256,CSF1
D5,PH_pass,TNFA_SIGNALING_VIA_NFKB,1.58192133688606,0.00575206168971256,SERPINE1
D5,PH_pass,TNFA_SIGNALING_VIA_NFKB,1.58192133688606,0.00575206168971256,PPP1R15A
D5,PH_pass,TNFA_SIGNALING_VIA_NFKB,1.58192133688606,0.00575206168971256,AREG
D5,PH_pass,TNFA_SIGNALING_VIA_NFKB,1.58192133688606,0.00575206168971256,NFAT5
D5,PH_pass,TNFA_SIGNALING_VIA_NFKB,1.58192133688606,0.00575206168971256,TNFAIP3
D5,PH_pass,TNFA_SIGNALING_VIA_NFKB,1.58192133688606,0.00575206168971256,JAG1
D5,PH_pass,TNFA_SIGNALING_VIA_NFKB,1.58192133688606,0.00575206168971256,TUBB2A
D5,PH_pass,UNFOLDED_PROTEIN_RESPONSE,-2.0384538544222,5.12278395134215e-05,NPM1
D5,PH_pass,UNFOLDED_PROTEIN_RESPONSE,-2.0384538544222,5.12278395134215e-05,IMP3
D5,PH_pass,UNFOLDED_PROTEIN_RESPONSE,-2.0384538544222,5.12278395134215e-05,NOP56
D5,PH_pass,UNFOLDED_PROTEIN_RESPONSE,-2.0384538544222,5.12278395134215e-05,EXOSC2
D5,PH_pass,UNFOLDED_PROTEIN_RESPONSE,-2.0384538544222,5.12278395134215e-05,EIF2AK3
D5,PH_pass,UNFOLDED_PROTEIN_RESPONSE,-2.0384538544222,5.12278395134215e-05,HSPA9
D5,PH_pass,UNFOLDED_PROTEIN_RESPONSE,-2.0384538544222,5.12278395134215e-05,EXOSC9
D5,PH_pass,UNFOLDED_PROTEIN_RESPONSE,-2.0384538544222,5.12278395134215e-05,EIF2S1
D5,PH_pass,UNFOLDED_PROTEIN_RESPONSE,-2.0384538544222,5.12278395134215e-05,HSP90B1
D5,PH_pass,UNFOLDED_PROTEIN_RESPONSE,-2.0384538544222,5.12278395134215e-05,RPS14
D5,PH_pass,UNFOLDED_PROTEIN_RESPONSE,-2.0384538544222,5.12278395134215e-05,PDIA6
D5,PH_pass,UNFOLDED_PROTEIN_RESPONSE,-2.0384538544222,5.12278395134215e-05,CEBPG
D5,PH_pass,UNFOLDED_PROTEIN_RESPONSE,-2.0384538544222,5.12278395134215e-05,DNAJB9
D5,PH_pass,UNFOLDED_PROTEIN_RESPONSE,-2.0384538544222,5.12278395134215e-05,SKIC3
D5,PH_pass,UNFOLDED_PROTEIN_RESPONSE,-2.0384538544222,5.12278395134215e-05,SLC30A5
D5,PH_pass,UNFOLDED_PROTEIN_RESPONSE,-2.0384538544222,5.12278395134215e-05,SRPRB
D5,PH_pass,UNFOLDED_PROTEIN_RESPONSE,-2.0384538544222,5.12278395134215e-05,IARS1
D5,PH_pass,UNFOLDED_PROTEIN_RESPONSE,-2.0384538544222,5.12278395134215e-05,SEC31A
D5,PH_pass,UNFOLDED_PROTEIN_RESPONSE,-2.0384538544222,5.12278395134215e-05,SPCS1
D5,PH_pass,UNFOLDED_PROTEIN_RESPONSE,-2.0384538544222,5.12278395134215e-05,LSM4
D5,PH_pass,UNFOLDED_PROTEIN_RESPONSE,-2.0384538544222,5.12278395134215e-05,SEC11A
D5,PH_pass,UNFOLDED_PROTEIN_RESPONSE,-2.0384538544222,5.12278395134215e-05,SSR1
D5,PH_pass,UNFOLDED_PROTEIN_RESPONSE,-2.0384538544222,5.12278395134215e-05,MTREX
D5,PH_pass,UNFOLDED_PROTEIN_RESPONSE,-2.0384538544222,5.12278395134215e-05,RRP9
D5,PH_pass,UNFOLDED_PROTEIN_RESPONSE,-2.0384538544222,5.12278395134215e-05,BANF1
D5,PH_pass,UNFOLDED_PROTEIN_RESPONSE,-2.0384538544222,5.12278395134215e-05,DDX10
D5,PH_pass,UNFOLDED_PROTEIN_RESPONSE,-2.0384538544222,5.12278395134215e-05,XBP1
D5,PH_pass,UNFOLDED_PROTEIN_RESPONSE,-2.0384538544222,5.12278395134215e-05,SPCS3
D5,PH_pass,UNFOLDED_PROTEIN_RESPONSE,-2.0384538544222,5.12278395134215e-05,EIF4EBP1
D5,PH_pass,UNFOLDED_PROTEIN_RESPONSE,-2.0384538544222,5.12278395134215e-05,EXOC2
D5,PH_pass,UNFOLDED_PROTEIN_RESPONSE,-2.0384538544222,5.12278395134215e-05,YIF1A
D5,PH_pass,UNFOLDED_PROTEIN_RESPONSE,-2.0384538544222,5.12278395134215e-05,EDEM1
D5,PH_pass,UNFOLDED_PROTEIN_RESPONSE,-2.0384538544222,5.12278395134215e-05,HSPA5
D5,PH_pass,UNFOLDED_PROTEIN_RESPONSE,-2.0384538544222,5.12278395134215e-05,SERP1
D5,PH_pass,UNFOLDED_PROTEIN_RESPONSE,-2.0384538544222,5.12278395134215e-05,ALDH18A1
D5,PH_pass,UNFOLDED_PROTEIN_RESPONSE,-2.0384538544222,5.12278395134215e-05,HYOU1
D5,PH_pass,UNFOLDED_PROTEIN_RESPONSE,-2.0384538544222,5.12278395134215e-05,SDAD1
D5,PH_pass,UNFOLDED_PROTEIN_RESPONSE,-2.0384538544222,5.12278395134215e-05,EIF4A1
D5,PH_pass,UNFOLDED_PROTEIN_RESPONSE,-2.0384538544222,5.12278395134215e-05,CALR
D5,PH_pass,UNFOLDED_PROTEIN_RESPONSE,-2.0384538544222,5.12278395134215e-05,BAG3
D5,PH_pass,UNFOLDED_PROTEIN_RESPONSE,-2.0384538544222,5.12278395134215e-05,CKS1B
D5,PH_pass,UNFOLDED_PROTEIN_RESPONSE,-2.0384538544222,5.12278395134215e-05,XPOT
D5,PH_pass,UNFOLDED_PROTEIN_RESPONSE,-2.0384538544222,5.12278395134215e-05,MTHFD2
D5,PH_pass,UNFOLDED_PROTEIN_RESPONSE,-2.0384538544222,5.12278395134215e-05,NOLC1
D5,PH_pass,UNFOLDED_PROTEIN_RESPONSE,-2.0384538544222,5.12278395134215e-05,GOSR2
D5,PH_pass,UNFOLDED_PROTEIN_RESPONSE,-2.0384538544222,5.12278395134215e-05,EEF2
D5,PH_pass,UV_RESPONSE_DN,1.38302399316137,0.0899300022763488,MAPK14
D5,PH_pass,UV_RESPONSE_DN,1.38302399316137,0.0899300022763488,SYNE1
D5,PH_pass,UV_RESPONSE_DN,1.38302399316137,0.0899300022763488,ATP2B4
D5,PH_pass,UV_RESPONSE_DN,1.38302399316137,0.0899300022763488,ATXN1
D5,PH_pass,UV_RESPONSE_DN,1.38302399316137,0.0899300022763488,IGF1R
D5,PH_pass,UV_RESPONSE_DN,1.38302399316137,0.0899300022763488,DYRK1A
D5,PH_pass,UV_RESPONSE_DN,1.38302399316137,0.0899300022763488,WDR37
D5,PH_pass,UV_RESPONSE_DN,1.38302399316137,0.0899300022763488,CELF2
D5,PH_pass,UV_RESPONSE_DN,1.38302399316137,0.0899300022763488,NFKB1
D5,PH_pass,UV_RESPONSE_DN,1.38302399316137,0.0899300022763488,APBB2
D5,PH_pass,UV_RESPONSE_DN,1.38302399316137,0.0899300022763488,PTEN
D5,PH_pass,UV_RESPONSE_DN,1.38302399316137,0.0899300022763488,GCNT1
D5,PH_pass,UV_RESPONSE_DN,1.38302399316137,0.0899300022763488,LDLR
D5,PH_pass,UV_RESPONSE_DN,1.38302399316137,0.0899300022763488,PRDM2
D5,PH_pass,UV_RESPONSE_DN,1.38302399316137,0.0899300022763488,SCN8A
D5,PH_pass,UV_RESPONSE_DN,1.38302399316137,0.0899300022763488,PPARG
D5,PH_pass,UV_RESPONSE_DN,1.38302399316137,0.0899300022763488,PTGFR
D5,PH_pass,UV_RESPONSE_DN,1.38302399316137,0.0899300022763488,PIK3CD
D5,PH_pass,UV_RESPONSE_DN,1.38302399316137,0.0899300022763488,RXRA
D5,PH_pass,UV_RESPONSE_DN,1.38302399316137,0.0899300022763488,SCAF8
D5,PH_pass,UV_RESPONSE_DN,1.38302399316137,0.0899300022763488,NR3C1
D5,PH_pass,UV_RESPONSE_DN,1.38302399316137,0.0899300022763488,FHL2
D5,PH_pass,UV_RESPONSE_DN,1.38302399316137,0.0899300022763488,SERPINE1
D5,PH_pass,UV_RESPONSE_DN,1.38302399316137,0.0899300022763488,CDC42BPA
D5,PH_pass,UV_RESPONSE_DN,1.38302399316137,0.0899300022763488,TGFBR2
D5,PH_pass,UV_RESPONSE_DN,1.38302399316137,0.0899300022763488,CACNA1A
D5,PH_pass,UV_RESPONSE_DN,1.38302399316137,0.0899300022763488,RBPMS
D5,PH_pass,UV_RESPONSE_DN,1.38302399316137,0.0899300022763488,PRKCE
D5,PH_pass,UV_RESPONSE_UP,0.828840945867755,0.850126936476169,GRINA
D5,PH_pass,UV_RESPONSE_UP,0.828840945867755,0.850126936476169,ARRB2
D5,PH_pass,UV_RESPONSE_UP,0.828840945867755,0.850126936476169,CCND3
D5,PH_pass,UV_RESPONSE_UP,0.828840945867755,0.850126936476169,ATP6V1C1
D5,PH_pass,UV_RESPONSE_UP,0.828840945867755,0.850126936476169,ALAS1
D5,PH_pass,UV_RESPONSE_UP,0.828840945867755,0.850126936476169,PRKCD
D5,PH_pass,UV_RESPONSE_UP,0.828840945867755,0.850126936476169,LYN
D5,PH_pass,UV_RESPONSE_UP,0.828840945867755,0.850126936476169,FURIN
D5,PH_pass,UV_RESPONSE_UP,0.828840945867755,0.850126936476169,TUBA4A
D5,PH_pass,UV_RESPONSE_UP,0.828840945867755,0.850126936476169,MAOA
D5,PH_pass,UV_RESPONSE_UP,0.828840945867755,0.850126936476169,AGO2
D5,PH_pass,UV_RESPONSE_UP,0.828840945867755,0.850126936476169,RAB27A
D5,PH_pass,UV_RESPONSE_UP,0.828840945867755,0.850126936476169,NFKBIA
D5,PH_pass,UV_RESPONSE_UP,0.828840945867755,0.850126936476169,CHKA
D5,PH_pass,UV_RESPONSE_UP,0.828840945867755,0.850126936476169,ACAA1
D5,PH_pass,UV_RESPONSE_UP,0.828840945867755,0.850126936476169,CA2
D5,PH_pass,UV_RESPONSE_UP,0.828840945867755,0.850126936476169,GRPEL1
D5,PH_pass,UV_RESPONSE_UP,0.828840945867755,0.850126936476169,APOM
D5,PH_pass,UV_RESPONSE_UP,0.828840945867755,0.850126936476169,ALDOA
D5,PH_pass,UV_RESPONSE_UP,0.828840945867755,0.850126936476169,NUP58
D5,PH_pass,UV_RESPONSE_UP,0.828840945867755,0.850126936476169,PRKACA
D5,PH_pass,WNT_BETA_CATENIN_SIGNALING,0.984509689858422,0.617043850127723,NUMB
D5,PH_pass,WNT_BETA_CATENIN_SIGNALING,0.984509689858422,0.617043850127723,RBPJ
D5,PH_pass,WNT_BETA_CATENIN_SIGNALING,0.984509689858422,0.617043850127723,ADAM17
D5,PH_pass,WNT_BETA_CATENIN_SIGNALING,0.984509689858422,0.617043850127723,NKD1
D5,PH_pass,WNT_BETA_CATENIN_SIGNALING,0.984509689858422,0.617043850127723,CTNNB1
D5,PH_pass,WNT_BETA_CATENIN_SIGNALING,0.984509689858422,0.617043850127723,FRAT1
D5,PH_pass,WNT_BETA_CATENIN_SIGNALING,0.984509689858422,0.617043850127723,JAG1
D5,PH_pass,WNT_BETA_CATENIN_SIGNALING,0.984509689858422,0.617043850127723,NOTCH1
D5,PH_pass,WNT_BETA_CATENIN_SIGNALING,0.984509689858422,0.617043850127723,NCSTN
D5,PH_pass,XENOBIOTIC_METABOLISM,1.55149018468502,0.0113702780265192,UPP1
D5,PH_pass,XENOBIOTIC_METABOLISM,1.55149018468502,0.0113702780265192,IL1R1
D5,PH_pass,XENOBIOTIC_METABOLISM,1.55149018468502,0.0113702780265192,ETS2
D5,PH_pass,XENOBIOTIC_METABOLISM,1.55149018468502,0.0113702780265192,PGD
D5,PH_pass,XENOBIOTIC_METABOLISM,1.55149018468502,0.0113702780265192,GSR
D5,PH_pass,XENOBIOTIC_METABOLISM,1.55149018468502,0.0113702780265192,TPST1
D5,PH_pass,XENOBIOTIC_METABOLISM,1.55149018468502,0.0113702780265192,ALAS1
D5,PH_pass,XENOBIOTIC_METABOLISM,1.55149018468502,0.0113702780265192,POR
D5,PH_pass,XENOBIOTIC_METABOLISM,1.55149018468502,0.0113702780265192,LPIN2
D5,PH_pass,XENOBIOTIC_METABOLISM,1.55149018468502,0.0113702780265192,SLC6A6
D5,PH_pass,XENOBIOTIC_METABOLISM,1.55149018468502,0.0113702780265192,ACOX1
D5,PH_pass,XENOBIOTIC_METABOLISM,1.55149018468502,0.0113702780265192,DDAH2
D5,PH_pass,XENOBIOTIC_METABOLISM,1.55149018468502,0.0113702780265192,TNFRSF1A
D5,PH_pass,XENOBIOTIC_METABOLISM,1.55149018468502,0.0113702780265192,ARG1
D5,PH_pass,XENOBIOTIC_METABOLISM,1.55149018468502,0.0113702780265192,UPB1
D5,PH_pass,XENOBIOTIC_METABOLISM,1.55149018468502,0.0113702780265192,MAOA
D5,PH_pass,XENOBIOTIC_METABOLISM,1.55149018468502,0.0113702780265192,PINK1
D5,PH_pass,XENOBIOTIC_METABOLISM,1.55149018468502,0.0113702780265192,ESR1
D5,PH_pass,XENOBIOTIC_METABOLISM,1.55149018468502,0.0113702780265192,AQP9
D5,PH_pass,XENOBIOTIC_METABOLISM,1.55149018468502,0.0113702780265192,VNN1
D5,PH_pass,XENOBIOTIC_METABOLISM,1.55149018468502,0.0113702780265192,SLC22A1
D5,PH_pass,XENOBIOTIC_METABOLISM,1.55149018468502,0.0113702780265192,SLC46A3
D5,PH_pass,XENOBIOTIC_METABOLISM,1.55149018468502,0.0113702780265192,CA2
D5,PH_pass,XENOBIOTIC_METABOLISM,1.55149018468502,0.0113702780265192,CDA
D5,PH_pass,XENOBIOTIC_METABOLISM,1.55149018468502,0.0113702780265192,SMOX
D5,PH_pass,XENOBIOTIC_METABOLISM,1.55149018468502,0.0113702780265192,ITIH4
D5,PH_pass,XENOBIOTIC_METABOLISM,1.55149018468502,0.0113702780265192,ABCC2
D5,PH_pass,XENOBIOTIC_METABOLISM,1.55149018468502,0.0113702780265192,NQO1
D5,PH_pass,XENOBIOTIC_METABOLISM,1.55149018468502,0.0113702780265192,CSAD
D5,PH_pass,XENOBIOTIC_METABOLISM,1.55149018468502,0.0113702780265192,SERPINE1
D5,PH_pass,XENOBIOTIC_METABOLISM,1.55149018468502,0.0113702780265192,MARCHF6
