permutation	ES
1	0.256676538109468
2	0.250632365515244
3	0.216358826934664
4	0.224601591401821
5	0.217720570057875
6	0.224706393677601
7	0.199692452098727
8	0.27967367799028
9	0.277596967730251
10	0.219709191687324
11	0.202968067588357
12	0.19654958631199
13	0.212088250558673
14	0.19871862039337
15	0.232355205655866
16	0.339643827291497
17	0.246879646884314
18	0.222249462122528
19	0.319300949850368
20	0.216957417372561
21	0.163154057616739
22	0.167568393372568
23	0.226313108066194
24	0.173140348810325
25	0.226754469461807
26	0.276738066444828
27	0.231394090861028
28	0.232696883152987
29	0.253896087421732
30	0.224766054664984
31	0.173009353277952
32	0.230144667516868
33	0.229601684384202
34	0.210504249503319
35	0.24523574017248
36	0.330099265140276
37	0.256359229433341
38	0.302141536466644
39	0.187663749772598
40	0.173124256000029
41	0.250874208473492
42	0.144424532118193
43	0.242631226806739
44	0.223771127355933
45	0.334839362094233
46	0.231507930408331
47	0.152409473138077
48	0.304967346356999
49	0.19568464556517
50	0.233649902857815
51	0.189055173638724
52	0.1849635896061
53	0.264161578354677
54	0.190748907074106
55	0.221321320846041
56	0.224359969885123
57	0.281761794708121
58	0.246709414037132
59	0.264783121864724
60	0.215223880158117
61	0.230531463993826
62	0.243394040421097
63	0.156499986174656
64	0.19709734129345
65	0.195418475772568
66	0.215852967534669
67	0.199990799545756
68	0.278455918852398
69	0.24258643976168
70	0.26200901903355
71	0.216117866715203
72	0.214834141820753
73	0.254903148424102
74	0.215690592421277
75	0.182370333953359
76	0.181375435377878
77	0.241613525353629
78	0.209483168778362
79	0.251575158580033
80	0.259879665513826
81	0.336814711502214
82	0.229522077389148
83	0.205679437262436
84	0.214403732392456
85	0.238978500268227
86	0.194275648518242
87	0.253988686694347
88	0.244081923107539
89	0.186710828363973
90	0.205636979624569
91	0.213947977266509
92	0.16754562113845
93	0.280457595488971
94	0.276608230321842
95	0.244204419356816
96	0.184876675092914
97	0.2554943811599
98	0.16923183744687
99	0.210938390300598
100	0.255234181182275
101	0.368313086668118
102	0.245930615419405
103	0.226439968854999
104	0.157612338439252
105	0.256177473761537
106	0.236661056352322
107	0.182695400735671
108	0.227109306112796
109	0.25194818795476
110	0.148416049292538
111	0.183680964983045
112	0.272804709622154
113	0.215204815231882
114	0.245668418587814
115	0.168087223247366
116	0.187764395853543
117	0.224392286650461
118	0.219580849120286
119	0.242928447069066
120	0.235059291555246
121	0.214240091970514
122	0.193453603758651
123	0.338796986271179
124	0.255113260335592
125	0.195487715643204
126	0.282668052274081
127	0.240955376664247
128	0.285859281855725
129	0.282018146126671
130	0.208430865080937
131	0.202414422030803
132	0.227705195183455
133	0.271573436349668
134	0.266368158027052
135	0.207581951788099
136	0.192377217894751
137	0.179032263292284
138	0.205101833981151
139	0.220018236540162
140	0.184153264522808
141	0.257354986716059
142	0.275530020774448
143	0.192584484910875
144	0.232628275297126
145	0.283079517599298
146	0.269969509591694
147	0.190087346014209
148	0.238750270221255
149	0.286352765129691
150	0.246531213495653
151	0.251570841515889
152	0.208410884554636
153	0.227802552859541
154	0.232225214081705
155	0.231667978964875
156	0.23550243486042
157	0.262167230108817
158	0.20809481876363
159	0.239807518268534
160	0.166774240533232
161	0.162880548603478
162	0.16186320808809
163	0.204481919380582
164	0.230432274677181
165	0.206775988858107
166	0.216972530126802
167	0.228426116152281
168	0.228500525589473
169	0.207547901997863
170	0.272815132088735
171	0.260148940245264
172	0.174840652746781
173	0.191662794365683
174	0.194993068425244
175	0.200986085687428
176	0.231973158620472
177	0.217964099332034
178	0.259666965906821
179	0.187825550837526
180	0.299617746381286
181	0.194585540114299
182	0.189306114912618
183	0.235460265263124
184	0.213411376453131
185	0.248180940864476
186	0.267009220376745
187	0.253464588720688
188	0.156210384445379
189	0.256823526534158
190	0.238918613782101
191	0.239738016327026
192	0.277202393519091
193	0.222027879187074
194	0.20989911429339
195	0.342727732389211
196	0.156632723398177
197	0.193998060624488
198	0.248113767997535
199	0.19284996129421
200	0.207041695931529
201	0.191139327724253
202	0.25458591917209
203	0.274154181366177
204	0.274193962725284
205	0.321276599434929
206	0.25537491423815
207	0.270484979934818
208	0.214905164258141
209	0.235253307921687
210	0.238912318108987
211	0.175691429956445
212	0.254484302719493
213	0.240919637511877
214	0.220575805305709
215	0.281465316421792
216	0.246813834986424
217	0.234138682017432
218	0.22378310251186
219	0.220959840275385
220	0.270795659017554
221	0.272082059637643
222	0.25719569331101
223	0.218278600649469
224	0.234802849405644
225	0.248062140459265
226	0.237793019889195
227	0.212002660738482
228	0.159419529507765
229	0.173604277628551
230	0.194666370251218
231	0.246958510855705
232	0.224027288700041
233	0.172182232276985
234	0.181469687189265
235	0.25164370148575
236	0.19247378948842
237	0.234170469090459
238	0.197455567294068
239	0.22695775969351
240	0.223800800708133
241	0.258171983397634
242	0.309173330733369
243	0.228588698223758
244	0.149060150999467
245	0.19362091255256
246	0.222889641752565
247	0.25823733569225
248	0.132660957815239
249	0.135958712183766
250	0.234261029891999
251	0.295662965735013
252	0.264479889721099
253	0.224501205742003
254	0.215739761996112
255	0.251185828189668
256	0.236516740612919
257	0.222339055159974
258	0.235078083150234
259	0.275212867499405
260	0.216454412375606
261	0.266951859299502
262	0.187945019047813
263	0.232144486009984
264	0.259601907980196
265	0.221048010810546
266	0.19877647027356
267	0.203002316506566
268	0.263709361316537
269	0.221227553186276
270	0.228389891223416
271	0.252636163876283
272	0.197400900081802
273	0.282748768886374
274	0.24822708543781
275	0.261144218599367
276	0.21067546696933
277	0.187687987754047
278	0.196453398882412
279	0.217669152888671
280	0.210399937274605
281	0.268550378661761
282	0.30163305537996
283	0.242852599478891
284	0.230922252614145
285	0.22476545846336
286	0.160878723036028
287	0.224737638906747
288	0.241170852783195
289	0.179979464062773
290	0.223795696279937
291	0.322249001009822
292	0.214733017634819
293	0.183757721626899
294	0.286496055368757
295	0.277396722992618
296	0.211117378381106
297	0.258236149179816
298	0.260099311112091
299	0.357668970790752
300	0.186193525851994
301	0.21368485042197
302	0.245790896221961
303	0.295931353615389
304	0.187305643620607
305	0.206689781536553
306	0.221107305578208
307	0.215687909496682
308	0.162621193201216
309	0.266687264454769
310	0.245727552869212
311	0.28288600688695
312	0.285976371870627
313	0.214461372500963
314	0.245179143342816
315	0.265168871582466
316	0.269117272655457
317	0.221644725421302
318	0.284161569495002
319	0.26314349812057
320	0.219888511029145
321	0.218925447445196
322	0.223335952986741
323	0.184614073067363
324	0.258189585654038
325	0.290461922756728
326	0.279309871472037
327	0.194752674487981
328	0.249190649494252
329	0.296445669173777
330	0.246357473709742
331	0.168662575549776
332	0.239239498589132
333	0.182846705310783
334	0.132604470427186
335	0.226767435046812
336	0.180781950864126
337	0.271082622065616
338	0.200463504594323
339	0.255770278251477
340	0.216243381637858
341	0.258129229684124
342	0.143131425320264
343	0.253248470587074
344	0.204313594235083
345	0.226354137316502
346	0.255631608576072
347	0.198922095572531
348	0.182773163407369
349	0.208992256175574
350	0.222927254726803
351	0.212152594698247
352	0.236323161170037
353	0.242874190571037
354	0.251950601230702
355	0.195418016354511
356	0.140114186031821
357	0.255660492555131
358	0.267519247515676
359	0.172931528097511
360	0.215195277519969
361	0.194942458685365
362	0.198141192863388
363	0.236064069378355
364	0.255614068649766
365	0.201348654391345
366	0.23044492676361
367	0.203990230474614
368	0.238981306381323
369	0.254985141198531
370	0.201690128994013
371	0.221085297611513
372	0.273709498047807
373	0.229789849792293
374	0.213479663350125
375	0.217852588450243
376	0.233185354958115
377	0.267740502768004
378	0.254634453866088
379	0.230484148134703
380	0.271453490585138
381	0.283498384809673
382	0.183935357734947
383	0.256125179258135
384	0.214649435671284
385	0.158390485034818
386	0.187130782710072
387	0.241531053410998
388	0.222431245148061
389	0.298892022924987
390	0.240343302523914
391	0.203602634886733
392	0.178159617544151
393	0.224549580637411
394	0.268178620960149
395	0.237265452797546
396	0.247497115185086
397	0.27951758467552
398	0.294280361288029
399	0.216668925386454
400	0.226642320097654
401	0.245075078327221
402	0.159247167808011
403	0.244650243408966
404	0.211394714398204
405	0.229522148777589
406	0.305499980751769
407	0.246577389941533
408	0.278605280268991
409	0.232463607770097
410	0.280583290849602
411	0.344137152530587
412	0.245957426389725
413	0.15423576396333
414	0.188567751142583
415	0.254753172421316
416	0.257942215888217
417	0.25697081986021
418	0.258998646447251
419	0.216721930305953
420	0.258658643286319
421	0.266161034835931
422	0.202504550177014
423	0.249159361635994
424	0.213641517512222
425	0.287915962905534
426	0.280748602586997
427	0.250149194229102
428	0.178246458752176
429	0.250280884438135
430	0.287078109561929
431	0.233297216866359
432	0.206190222672667
433	0.252149816585424
434	0.290863635755895
435	0.229043739783492
436	0.250585442638489
437	0.290429905575004
438	0.260710610998771
439	0.232731110558867
440	0.25418271289903
441	0.206808133911593
442	0.328904605625823
443	0.268426441195149
444	0.238310931636739
445	0.266844114357195
446	0.215582058123176
447	0.238447042043949
448	0.224365744081854
449	0.207001373919401
450	0.202370071543442
451	0.224084222696376
452	0.206705832937484
453	0.242656251702006
454	0.191486310282953
455	0.199061070441728
456	0.213088985943297
457	0.300226764139303
458	0.210375988735971
459	0.217685867446443
460	0.242601892972575
461	0.213365864336979
462	0.232683967681207
463	0.289844819270809
464	0.208818449209429
465	0.304502762218531
466	0.225917561956785
467	0.176404393090225
468	0.193268766147956
469	0.234699751992172
470	0.226184470204788
471	0.279011843614673
472	0.205795940262731
473	0.200208062748564
474	0.218198011441453
475	0.213937345294455
476	0.239424939103285
477	0.240388794683881
478	0.274081555103035
479	0.144612541032133
480	0.231945889522337
481	0.294642464061368
482	0.176422664668189
483	0.198692065253779
484	0.201289056281617
485	0.192653674052328
486	0.308209210399632
487	0.198156959720743
488	0.291558772902593
489	0.267672561830359
490	0.284839325890959
491	0.208289868722479
492	0.227387584485383
493	0.342839656460178
494	0.197965624074697
495	0.222235446781764
496	0.236412654592225
497	0.221771059385592
498	0.210833251693314
499	0.30323740838832
500	0.268757933829991
501	0.317400517617531
502	0.176785733163931
503	0.195425650353955
504	0.281729810773599
505	0.148466851834453
506	0.169532359410101
507	0.246881926586838
508	0.191684573946627
509	0.257634746244983
510	0.239751059335866
511	0.191867145396681
512	0.330174919457616
513	0.290857994055167
514	0.213030706308994
515	0.236485304460098
516	0.254662765875012
517	0.226997603662252
518	0.283225267657122
519	0.201437865555045
520	0.204013537675911
521	0.197786322910452
522	0.235027009235545
523	0.256376875046578
524	0.286711872498816
525	0.280082649332663
526	0.253866755871515
527	0.274779474674293
528	0.29697918393453
529	0.202161440951485
530	0.219633906707742
531	0.194408934625313
532	0.212008548042128
533	0.220312765995179
534	0.249816135521027
535	0.281753271837435
536	0.207584088437874
537	0.228150973985236
538	0.284454217228017
539	0.163547249433149
540	0.267224030227487
541	0.248238094579496
542	0.1970195129351
543	0.207557488689222
544	0.25358871297558
545	0.224044084936851
546	0.312812489964909
547	0.298613635565461
548	0.195416042091209
549	0.147287189085832
550	0.225294533504712
551	0.192078650339101
552	0.278739527414676
553	0.249785654550991
554	0.244878106763854
555	0.219261507627203
556	0.28101526882645
557	0.286623515989687
558	0.297441777942244
559	0.157390494943304
560	0.242467635604143
561	0.220786839944062
562	0.220539092565815
563	0.143422443122568
564	0.234564662022942
565	0.292460033653638
566	0.191487405359197
567	0.232534865088115
568	0.245760645666885
569	0.204171875135597
570	0.255692488267297
571	0.256308631642586
572	0.203160593057843
573	0.196761061263438
574	0.215004775065039
575	0.233792775264191
576	0.225830059262859
577	0.209446142749627
578	0.237166687380377
579	0.181359951966933
580	0.234032530879315
581	0.288594426515008
582	0.252947142603527
583	0.167107371666311
584	0.297030257674459
585	0.211238623534539
586	0.298964794085408
587	0.328050457808641
588	0.228619787427511
589	0.34531495604724
590	0.219948733898427
591	0.248225839208659
592	0.25833263501736
593	0.196390907188159
594	0.230819149694848
595	0.33757872704116
596	0.206701956901878
597	0.244716637312757
598	0.182180839448879
599	0.269378834069376
600	0.16920648830905
601	0.22406344429565
602	0.309183066116149
603	0.230798555700106
604	0.21559140068765
605	0.253813827237569
606	0.167676970119319
607	0.173300705467974
608	0.203547912807969
609	0.16991561922892
610	0.210708365826437
611	0.20449753707959
612	0.261118056227359
613	0.219607536392529
614	0.246698764494218
615	0.169431144843636
616	0.153618655434396
617	0.237269787294195
618	0.180801733493559
619	0.220307817780491
620	0.311934770083625
621	0.273247522942893
622	0.188645162523923
623	0.354975638795289
624	0.282573214622295
625	0.30087196381192
626	0.268755428106536
627	0.270828448748281
628	0.262752763940568
629	0.172550854631611
630	0.207208045840351
631	0.241501072326023
632	0.317936806439928
633	0.179906819815061
634	0.206006938011718
635	0.180765819969915
636	0.219760987257725
637	0.239209132903263
638	0.275184168188906
639	0.22694210247231
640	0.22488673773811
641	0.307052608176078
642	0.283330593141167
643	0.247597804669297
644	0.231817523392575
645	0.210157847822583
646	0.231182178706996
647	0.210724268574411
648	0.237236055057313
649	0.209311268112591
650	0.288986100855404
651	0.223085712470972
652	0.148753145994454
653	0.307171288582119
654	0.232007075632249
655	0.244179482420633
656	0.1871693173105
657	0.288174664866376
658	0.234056420741743
659	0.196359334708079
660	0.241495611116515
661	0.253903163443529
662	0.217733142252937
663	0.264160757427577
664	0.235424888789805
665	0.307615691731097
666	0.231367442517113
667	0.287845401392665
668	0.25704797460092
669	0.208431564350629
670	0.262126668765279
671	0.188774631992386
672	0.196803754781293
673	0.271822565310466
674	0.304712216113573
675	0.214456814181823
676	0.285519779445844
677	0.258620963093579
678	0.17701314683534
679	0.245207146313695
680	0.322720813112775
681	0.233952554913441
682	0.251085669513689
683	0.285977321974815
684	0.190016260875432
685	0.25688575884811
686	0.247235099500635
687	0.311014848866783
688	0.214059797650779
689	0.236633371606885
690	0.302763965958592
691	0.250703665668727
692	0.226389329475979
693	0.1883504729026
694	0.321121657804554
695	0.282138778665388
696	0.170832126201031
697	0.166185599970489
698	0.160253500787593
699	0.122001252630335
700	0.211070756927982
701	0.24849730034658
702	0.28130666121276
703	0.241069698874769
704	0.209870054973408
705	0.13213442218439
706	0.270363090950366
707	0.243596809520742
708	0.255496115960913
709	0.211290589889621
710	0.286980792299076
711	0.279613811728384
712	0.336324336751359
713	0.189331287961165
714	0.236014281955623
715	0.14601458248317
716	0.145475532871534
717	0.283306281722619
718	0.204705692550378
719	0.200339090873443
720	0.220420516174584
721	0.227035471471091
722	0.159102820883955
723	0.264688407507574
724	0.233836532243533
725	0.237667861135186
726	0.220100205702818
727	0.224303763393313
728	0.258767251298903
729	0.123340384488429
730	0.231057426159187
731	0.284071968512701
732	0.287498395190958
733	0.256347743142143
734	0.215148700418885
735	0.214504849106086
736	0.283112873210454
737	0.239281868391965
738	0.148844274672692
739	0.206297992602199
740	0.226242609216197
741	0.233299562564766
742	0.208305049359348
743	0.202243380653283
744	0.256725326203407
745	0.174543635958125
746	0.248550502105338
747	0.258369242279486
748	0.222601905178899
749	0.297255997991438
750	0.262466587366783
751	0.294247225776891
752	0.378291562936291
753	0.264961368741062
754	0.200815816776076
755	0.259545881555193
756	0.214759565980409
757	0.275175067873886
758	0.221274492198144
759	0.177080005052761
760	0.26347906392502
761	0.255601077482088
762	0.185447119468334
763	0.272110845202753
764	0.312765309557732
765	0.138392587429897
766	0.21399560757332
767	0.273683204393409
768	0.188995775542832
769	0.230637385999434
770	0.187083433048191
771	0.252190427575901
772	0.223856899748466
773	0.203526333809117
774	0.305596982930859
775	0.253285873533721
776	0.30249504716363
777	0.291109135982717
778	0.257497559454826
779	0.30589638346518
780	0.215667409196537
781	0.219268703906928
782	0.239311174291919
783	0.200873598359726
784	0.202185363243846
785	0.23824736621555
786	0.168050133113101
787	0.268029254465266
788	0.145120015166962
789	0.153843427867937
790	0.263633599127321
791	0.21926911649051
792	0.247979675412241
793	0.239108297107603
794	0.255122300498806
795	0.210641933305593
796	0.204811370253447
797	0.199259926377092
798	0.205011369129828
799	0.147344067414347
800	0.298623218552632
801	0.299777281935984
802	0.290411518446578
803	0.209794420187797
804	0.23605672345034
805	0.258941189901968
806	0.193003040503148
807	0.303263723788666
808	0.207086583314921
809	0.275724329078026
810	0.237332556448858
811	0.344577782089261
812	0.256393536969601
813	0.243303103691977
814	0.215499057098407
815	0.313198049530862
816	0.20464668537546
817	0.229160158486764
818	0.269778730761882
819	0.221747212366157
820	0.293041213242445
821	0.236096802711011
822	0.162745947141684
823	0.194309078574465
824	0.17935318177891
825	0.217189150364295
826	0.226563762573705
827	0.262095415011574
828	0.200902979296671
829	0.25258399020796
830	0.223372405743779
831	0.244233259616278
832	0.294798176489837
833	0.192948606839851
834	0.240243243591183
835	0.21303992902971
836	0.234056046067827
837	0.215991016193041
838	0.277344181675711
839	0.227729903024455
840	0.245396928256446
841	0.218661387154988
842	0.256334670644809
843	0.254911615164447
844	0.215234073119716
845	0.228089286044493
846	0.274704394686846
847	0.221410531346478
848	0.227305157005614
849	0.255190068839385
850	0.257518951406188
851	0.195270522021516
852	0.222348320054933
853	0.238050469447559
854	0.219860752763111
855	0.255509210478239
856	0.313808469051676
857	0.266783292974376
858	0.236112534876013
859	0.176353413450105
860	0.262209273225773
861	0.251620628575665
862	0.318790514098971
863	0.210207609722299
864	0.233044627792385
865	0.255017515968583
866	0.212261469365051
867	0.227506480715978
868	0.266014622145811
869	0.298864850514273
870	0.301342517979559
871	0.232549237770558
872	0.260306342120321
873	0.182742518851986
874	0.208697017602704
875	0.215676051934161
876	0.221149257643841
877	0.275290632483519
878	0.27868913022897
879	0.236652008910783
880	0.214871556913313
881	0.161416719520808
882	0.159402324285968
883	0.193516993628593
884	0.267978002776846
885	0.178601548970251
886	0.242837991983745
887	0.290348074125922
888	0.219529430806927
889	0.220244282553155
890	0.206912412471125
891	0.258269706215773
892	0.271490303821511
893	0.241630157527993
894	0.208193385095485
895	0.258966504286758
896	0.194742819677888
897	0.213847190414503
898	0.240213513894661
899	0.217844911267757
900	0.220575092422193
901	0.215826736527619
902	0.16687807148043
903	0.208924082739919
904	0.245469911242443
905	0.21118888832866
906	0.23666778803706
907	0.246326457292443
908	0.13773076456012
909	0.143970446833585
910	0.134734911225925
911	0.193773318718146
912	0.259496906446631
913	0.181849073882301
914	0.200659734667025
915	0.235038585074339
916	0.233028327285316
917	0.190498554040368
918	0.286255965691427
919	0.201819792714719
920	0.249297837603018
921	0.158898584578753
922	0.200212150309321
923	0.216489862771249
924	0.289466171542393
925	0.227369256626995
926	0.267115884878709
927	0.299447859974152
928	0.218955741161127
929	0.214158269777392
930	0.267613641043489
931	0.237570454324649
932	0.253799146135406
933	0.183525434512189
934	0.238964319652786
935	0.175086647708433
936	0.156277559851143
937	0.237534195871401
938	0.211738964689499
939	0.196255879150599
940	0.267507710944611
941	0.268691725704284
942	0.307682729535769
943	0.247996669403257
944	0.308708432700207
945	0.25636771062923
946	0.240291272041773
947	0.182027936497523
948	0.202213427550728
949	0.224793716329448
950	0.248519066793902
951	0.198774486468377
952	0.23659840429892
953	0.201622615118099
954	0.266915785449217
955	0.227724186842231
956	0.271918997059563
957	0.211486595566343
958	0.214963701539868
959	0.187184142886074
960	0.248290118152053
961	0.22966927122771
962	0.215893289008475
963	0.211945160235713
964	0.215402749675998
965	0.232988680689034
966	0.217957424788019
967	0.258484091391881
968	0.207279994627523
969	0.172520639332212
970	0.218796320127092
971	0.2176514021043
972	0.209076778123144
973	0.206775613318674
974	0.236304384924291
975	0.223034987551102
976	0.253907121190895
977	0.216282342423382
978	0.267755910582149
979	0.194900975263961
980	0.222188288885755
981	0.299114948190967
982	0.246830313908359
983	0.209779951370597
984	0.24819722665251
985	0.224403224950525
986	0.265666445573527
987	0.24612123087356
988	0.220796082948142
989	0.266688399663863
990	0.225326662026446
991	0.22764541558026
992	0.32030694890601
993	0.250971331063009
994	0.154137035785667
995	0.288658592274292
996	0.278099670721696
997	0.244916768436211
998	0.256149401272909
999	0.134874463390488
1000	0.291982324570739
1001	0.346000243984885
1002	0.22430275850316
1003	0.286162932446754
1004	0.288890161813783
1005	0.162812767878386
1006	0.21540045228294
1007	0.284975278052569
1008	0.228763362810785
1009	0.200157474203878
1010	0.20851683444845
1011	0.182226235292554
1012	0.248043571343126
1013	0.259335244333575
1014	0.269348967847793
1015	0.25245878368348
1016	0.219006740940929
1017	0.201543338801476
1018	0.261461507230514
1019	0.252453762759816
1020	0.259317327439584
1021	0.236034057864778
1022	0.22525347414659
1023	0.19944857443818
1024	0.234567468462771
1025	0.176172392507192
1026	0.149601690714105
1027	0.197282277228596
1028	0.20354461183597
1029	0.166924613360658
1030	0.191650395857301
1031	0.299848072725749
1032	0.188691256842823
1033	0.152521420886787
1034	0.230297754167578
1035	0.209928624246344
1036	0.216745492074216
1037	0.230504519712669
1038	0.272945325878385
1039	0.230753717635856
1040	0.168876726811121
1041	0.170657491617364
1042	0.259374240918189
1043	0.172668452159147
1044	0.262414153969049
1045	0.239734828212464
1046	0.32791324133888
1047	0.214078710512102
1048	0.198900085634315
1049	0.284941277545658
1050	0.127252386242778
1051	0.24815256425079
1052	0.301600594647769
1053	0.2507185103656
1054	0.270733556524732
1055	0.242300885653486
1056	0.243132676714145
1057	0.225148217956081
1058	0.239139415983857
1059	0.225577343738611
1060	0.210706001887983
1061	0.185471923504342
1062	0.215694414096915
1063	0.197358075297265
1064	0.239011342297744
1065	0.247314966333836
1066	0.222368018318004
1067	0.237957397737678
1068	0.251595634710323
1069	0.227855359940451
1070	0.153925833428603
1071	0.247272960556696
1072	0.206858511704219
1073	0.208010930899817
1074	0.272725517737427
1075	0.289357636485716
1076	0.214257710260946
1077	0.18722040647701
1078	0.246432745998136
1079	0.240699306393834
1080	0.293837168779633
1081	0.221281528008773
1082	0.201397606696568
1083	0.270183630887998
1084	0.229643365943701
1085	0.273764921445481
1086	0.217831630436514
1087	0.294511759859281
1088	0.116945649713622
1089	0.27521066268042
1090	0.252691230708779
1091	0.153619001552701
1092	0.20693764023049
1093	0.198181459536474
1094	0.242839187832217
1095	0.194402406729679
1096	0.243537416680574
1097	0.266328110876751
1098	0.20567903779093
1099	0.190558992798702
1100	0.253980155212902
1101	0.298728271563213
1102	0.228054145350635
1103	0.149140069501863
1104	0.185532914099718
1105	0.202733572293548
1106	0.278503740436053
1107	0.337950776068399
1108	0.180134102817828
1109	0.243868929194262
1110	0.248959046531394
1111	0.255615856202535
1112	0.219285113643939
1113	0.198459604292048
1114	0.147269641395109
1115	0.266486383344173
1116	0.257442001190955
1117	0.137991376024871
1118	0.256150640410674
1119	0.234698786670657
1120	0.220372065035907
1121	0.201292422192372
1122	0.196960473660166
1123	0.232106647053089
1124	0.191253617173326
1125	0.200746853903844
1126	0.198307987949849
1127	0.295267470234289
1128	0.213725519750112
1129	0.234877771246116
1130	0.150868136402506
1131	0.232008625843829
1132	0.257393987708862
1133	0.215384784938721
1134	0.268408593941982
1135	0.209203814690273
1136	0.274982844672319
1137	0.218765208888898
1138	0.277337133627661
1139	0.204169971131083
1140	0.281918315437079
1141	0.212671345190163
1142	0.220335954233455
1143	0.198243239823055
1144	0.226365715952057
1145	0.193241494357837
1146	0.185468137311286
1147	0.275279567766886
1148	0.244689760337488
1149	0.276040501238284
1150	0.19207023121061
1151	0.248418725307867
1152	0.189403685212377
1153	0.245572141871824
1154	0.213373017012278
1155	0.264568015898555
1156	0.235560690033579
1157	0.206801553742724
1158	0.209601573122726
1159	0.224503661920637
1160	0.263467764540579
1161	0.220490163396059
1162	0.258508600126792
1163	0.279931128369552
1164	0.234260614409507
1165	0.236493443365902
1166	0.259376112780546
1167	0.247297325545415
1168	0.178942988144878
1169	0.280390985785735
1170	0.17111268767812
1171	0.269099088763626
1172	0.238077289514063
1173	0.244519615468662
1174	0.205740827250497
1175	0.320494567423598
1176	0.251312051614639
1177	0.220571474840121
1178	0.267594699418918
1179	0.232192144074571
1180	0.222117369888374
1181	0.238480243948679
1182	0.249326204516307
1183	0.194516329220848
1184	0.229302375518184
1185	0.210745541292601
1186	0.235962400778326
1187	0.166589354557351
1188	0.279873728626945
1189	0.179874330181352
1190	0.210253945552338
1191	0.298244036668312
1192	0.199834780935242
1193	0.239121015260128
1194	0.211547131150721
1195	0.262707255722621
1196	0.231138728404837
1197	0.178582344965268
1198	0.224569539658769
1199	0.22060596566761
1200	0.17562561235588
1201	0.326228588903767
1202	0.199930490532098
1203	0.268316000646766
1204	0.215001673761991
1205	0.191324547755613
1206	0.243987822752109
1207	0.280641399121635
1208	0.288241318000107
1209	0.160624632893861
1210	0.159648945360594
1211	0.255257005901693
1212	0.26625816506221
1213	0.19562502219719
1214	0.180525647672141
1215	0.251315085228032
1216	0.209520166047446
1217	0.256110866098716
1218	0.168551721498738
1219	0.175013419756126
1220	0.283095021244508
1221	0.245270142939868
1222	0.228990580993846
1223	0.265548480653951
1224	0.21984190213276
1225	0.219089577522751
1226	0.242902726345409
1227	0.287954813433921
1228	0.226592180916069
1229	0.214736273393401
1230	0.222969714547987
1231	0.155463870482499
1232	0.25503017337596
1233	0.214087491700605
1234	0.302637287243589
1235	0.232768144117806
1236	0.219011067868059
1237	0.20090566287847
1238	0.262771201893717
1239	0.137179441001699
1240	0.221637361488527
1241	0.23443097817551
1242	0.310279203979212
1243	0.341454968608817
1244	0.206418335113824
1245	0.218914280433872
1246	0.255317369571037
1247	0.259096624810949
1248	0.21512416079397
1249	0.329077058404163
1250	0.212291823872538
1251	0.22572410570302
1252	0.189223951978955
1253	0.267845798407313
1254	0.278116938105714
1255	0.227969455819168
1256	0.182149996639247
1257	0.274373741415163
1258	0.221816819613498
1259	0.256491109007939
1260	0.19262005628844
1261	0.211323476559085
1262	0.217560886804487
1263	0.288547708125329
1264	0.171863217421089
1265	0.244521173873238
1266	0.212480559958211
1267	0.232034930964414
1268	0.276149574937067
1269	0.259361724481064
1270	0.199016145712299
1271	0.229055423433243
1272	0.205104059850576
1273	0.282214022814347
1274	0.282547319567832
1275	0.243696545367401
1276	0.230331818290773
1277	0.268013600155105
1278	0.167330242524416
1279	0.249506736058044
1280	0.1746238892068
1281	0.18963984200476
1282	0.241948207569878
1283	0.227262790780733
1284	0.214772749399572
1285	0.292578329369636
1286	0.180073232302006
1287	0.253266929741235
1288	0.27050568625973
1289	0.231999166561092
1290	0.287329082248604
1291	0.388911057222564
1292	0.247104660990854
1293	0.196253200723641
1294	0.227192916229106
1295	0.245024001745319
1296	0.228895035343645
1297	0.198184085066216
1298	0.26120654868209
1299	0.232099764615668
1300	0.196911950759094
1301	0.22587957748809
1302	0.272450018967133
1303	0.200186988596294
1304	0.257143010538177
1305	0.253459369950869
1306	0.205217285255628
1307	0.292546339006944
1308	0.176996735437779
1309	0.244293244292145
1310	0.27557897964206
1311	0.271150986537478
1312	0.26174562114052
1313	0.306673701452395
1314	0.294317706438269
1315	0.178939304059068
1316	0.186381936584854
1317	0.217123680380192
1318	0.211164732362575
1319	0.317572252545789
1320	0.266308695106871
1321	0.257562587134233
1322	0.24820584217822
1323	0.226263962232084
1324	0.252565499556288
1325	0.259762154070431
1326	0.225863361763196
1327	0.224294996048328
1328	0.217309822437891
1329	0.188134578463474
1330	0.235783950579047
1331	0.220183950020981
1332	0.228493103450977
1333	0.2175181760034
1334	0.235996600749092
1335	0.226331700579176
1336	0.177355567261649
1337	0.221368495680752
1338	0.154163739146284
1339	0.215128006362074
1340	0.206662393829759
1341	0.285706780216597
1342	0.152751296249709
1343	0.237185849875858
1344	0.186039868455584
1345	0.169385612615891
1346	0.272339687208204
1347	0.173491331908821
1348	0.295227094092916
1349	0.226388675293721
1350	0.268483193227447
1351	0.262345188196207
1352	0.162976723793789
1353	0.271912688665967
1354	0.235174559805061
1355	0.134056564809408
1356	0.291637401097304
1357	0.265457285543666
1358	0.234333397954645
1359	0.235402767330478
1360	0.289460111647955
1361	0.258692811952966
1362	0.247159597430947
1363	0.209707120363762
1364	0.216661627467781
1365	0.202380712567902
1366	0.232512551544273
1367	0.254207044896323
1368	0.226608155753035
1369	0.238279204564481
1370	0.181728380671719
1371	0.188623856748785
1372	0.215725240802543
1373	0.251870093933483
1374	0.248075411460801
1375	0.264193929916517
1376	0.250205319538885
1377	0.210147537598915
1378	0.26875625774125
1379	0.24985901013342
1380	0.255155544925293
1381	0.159854989026165
1382	0.274150647725556
1383	0.273094597911772
1384	0.207389315800742
1385	0.252534359649984
1386	0.277150886274502
1387	0.292224395604719
1388	0.274025395348772
1389	0.181138272882484
1390	0.273885702031138
1391	0.242920585954762
1392	0.335931457340627
1393	0.218293954552537
1394	0.187591029964891
1395	0.257455157101123
1396	0.170808606052553
1397	0.164313706825995
1398	0.166006691264334
1399	0.215897116896919
1400	0.213303275355148
1401	0.218900741762761
1402	0.194333166659703
1403	0.227515309691562
1404	0.228024995802006
1405	0.157737390007197
1406	0.234823910796451
1407	0.231214265415107
1408	0.26794239397768
1409	0.240215838734971
1410	0.249835161988568
1411	0.156600248721532
1412	0.215720876406071
1413	0.245492505927444
1414	0.274407164260448
1415	0.218946790784096
1416	0.260337512535578
1417	0.187399917433203
1418	0.179509741428721
1419	0.214564566361467
1420	0.264034389033579
1421	0.181706437723093
1422	0.217190151758983
1423	0.246700497060886
1424	0.245052936247137
1425	0.265631837602506
1426	0.168131099282041
1427	0.196075993714919
1428	0.213561318456253
1429	0.211081787711315
1430	0.298101152375789
1431	0.228435111680066
1432	0.235891278120978
1433	0.201649367898883
1434	0.183225835730495
1435	0.294298085555109
1436	0.205313127828555
1437	0.202143218578232
1438	0.220382883851514
1439	0.15113504073202
1440	0.226728372264332
1441	0.22600492384948
1442	0.189999767955995
1443	0.239663945026572
1444	0.248742603640807
1445	0.208939488314236
1446	0.26819841992392
1447	0.230203102125367
1448	0.250464121722967
1449	0.242137972322871
1450	0.305417741859557
1451	0.217590716065129
1452	0.20445881494866
1453	0.229600291164264
1454	0.2202001155159
1455	0.248684204225994
1456	0.229009801416684
1457	0.209164902714855
1458	0.2488879173079
1459	0.217905068387498
1460	0.282516568821115
1461	0.217948881513311
1462	0.23084870737672
1463	0.161404907289563
1464	0.227875260518001
1465	0.186565095817143
1466	0.340221295440117
1467	0.227537465086423
1468	0.206574283986309
1469	0.230624778317908
1470	0.192951928588331
1471	0.23413146033942
1472	0.367495461170484
1473	0.217319388913434
1474	0.20736155738175
1475	0.234232849075308
1476	0.327105740898091
1477	0.276311699595177
1478	0.219363437200346
1479	0.290686165023829
1480	0.238106922313276
1481	0.22400816042348
1482	0.231443399465745
1483	0.233894473147294
1484	0.157150514864191
1485	0.216303013388148
1486	0.194112615095331
1487	0.197221236972616
1488	0.271072307372739
1489	0.191155255893078
1490	0.270741362215206
1491	0.166154701744525
1492	0.337532720795656
1493	0.252760104811443
1494	0.275280341384946
1495	0.192949034847188
1496	0.270543774781873
1497	0.242722323432293
1498	0.219763314127159
1499	0.201876470871944
1500	0.244278051662657
1501	0.232963766362668
1502	0.247246536145417
1503	0.281386024307922
1504	0.326784410649755
1505	0.206323163262199
1506	0.291165435223318
1507	0.16132837557488
1508	0.27168504237336
1509	0.207441266771202
1510	0.234721986047418
1511	0.221044046192928
1512	0.208947705393049
1513	0.233797048670671
1514	0.175267503464602
1515	0.199314951040319
1516	0.228186756081604
1517	0.229269327779038
1518	0.182459630696017
1519	0.205714136378716
1520	0.238538576253805
1521	0.223855592723318
1522	0.264583773765295
1523	0.212950759362554
1524	0.273497912231629
1525	0.257003583073922
1526	0.271010194259477
1527	0.184173827311973
1528	0.248193268096069
1529	0.160179592084036
1530	0.209083162330039
1531	0.1677944369448
1532	0.266304672818118
1533	0.258127058483489
1534	0.286210048181937
1535	0.293728569157361
1536	0.300268206453301
1537	0.224245203577873
1538	0.228853102561116
1539	0.228246081977219
1540	0.22751043494176
1541	0.209753930840692
1542	0.244915398485841
1543	0.300623458973833
1544	0.148368087178268
1545	0.190378761964622
1546	0.251747477705052
1547	0.202011320271774
1548	0.184095415759573
1549	0.26791276478524
1550	0.236623889615974
1551	0.203659854728093
1552	0.259351092329471
1553	0.197427828533104
1554	0.261496974515482
1555	0.253945749698193
1556	0.261380929648943
1557	0.188738853833568
1558	0.156085784992749
1559	0.224699577732439
1560	0.201332788215949
1561	0.167896645275797
1562	0.217181368881532
1563	0.210865844443039
1564	0.288733115223002
1565	0.231643546702789
1566	0.230222921098154
1567	0.273723639881765
1568	0.185640979543933
1569	0.187522567847595
1570	0.249007524463864
1571	0.227459631846425
1572	0.198750196316032
1573	0.227616536206694
1574	0.280234122233756
1575	0.263148681213044
1576	0.273717161805506
1577	0.244909880596275
1578	0.26379072493998
1579	0.223363634246366
1580	0.244392724182392
1581	0.219185910517175
1582	0.227445550545292
1583	0.207614449820679
1584	0.281299442975398
1585	0.225893700098829
1586	0.193745157378597
1587	0.201818809771771
1588	0.209030559157477
1589	0.254465788754528
1590	0.237835974855593
1591	0.259673775966142
1592	0.174076702226409
1593	0.304777483108677
1594	0.212901538377247
1595	0.230554049381191
1596	0.244483486095701
1597	0.233910686849116
1598	0.279281590733808
1599	0.275498784143453
1600	0.266507799899154
1601	0.20592628011141
1602	0.284938484751593
1603	0.255796289418116
1604	0.23608686854551
1605	0.22584153647887
1606	0.247348009537976
1607	0.23930181375527
1608	0.154806044458842
1609	0.264275178951562
1610	0.163052474560187
1611	0.219769328125257
1612	0.239041038633543
1613	0.185410745879978
1614	0.293897003680079
1615	0.256037813287626
1616	0.252117945210175
1617	0.277820880688616
1618	0.203034635344152
1619	0.210818409069568
1620	0.216966764675266
1621	0.235054121624309
1622	0.207427857889369
1623	0.215291233250406
1624	0.243186859765229
1625	0.253323065759089
1626	0.290099152326121
1627	0.199295146753809
1628	0.207137852949883
1629	0.22560587816061
1630	0.243037407790556
1631	0.230530334805159
1632	0.271252212841855
1633	0.260721893364921
1634	0.205201009118072
1635	0.223809376349595
1636	0.210048711320722
1637	0.228707484148326
1638	0.192263952922905
1639	0.264670659696081
1640	0.182887090046021
1641	0.217336923628832
1642	0.237809774827749
1643	0.263708518270083
1644	0.185656808417086
1645	0.192304081076495
1646	0.293690300374374
1647	0.301595700969429
1648	0.236920587567915
1649	0.266419233529997
1650	0.229328659396576
1651	0.283853810783544
1652	0.235604425779091
1653	0.228419229584398
1654	0.257362672704438
1655	0.195260408611921
1656	0.215183211508773
1657	0.267027164562819
1658	0.240386278977569
1659	0.232827466086655
1660	0.170555102826236
1661	0.224331252144355
1662	0.340352940483219
1663	0.214227623517536
1664	0.281460170890964
1665	0.187353181007759
1666	0.232948255995711
1667	0.232724753002621
1668	0.203368090157358
1669	0.221017831261686
1670	0.281671233923674
1671	0.206132519305605
1672	0.225411492963319
1673	0.24302602547588
1674	0.160743340946157
1675	0.299752325156177
1676	0.171922635719145
1677	0.264132370522193
1678	0.191465383135327
1679	0.248263286964847
1680	0.264719602254313
1681	0.253454634138852
1682	0.265859047968296
1683	0.229431438779763
1684	0.234092860798707
1685	0.20281399975338
1686	0.242890736125218
1687	0.227537809266531
1688	0.220677714843554
1689	0.242739889499914
1690	0.304588149947733
1691	0.259363443635286
1692	0.190012261783389
1693	0.23015874628623
1694	0.252089772857888
1695	0.178172907744732
1696	0.271135038396197
1697	0.297088087805912
1698	0.264819445066943
1699	0.276276635179961
1700	0.261801600660358
1701	0.248981705142975
1702	0.290295484328665
1703	0.276396184865952
1704	0.217986668617269
1705	0.315865434984418
1706	0.313996892715909
1707	0.216206933869789
1708	0.218184499156911
1709	0.273075950994119
1710	0.196326499107993
1711	0.231980188282608
1712	0.232959292926165
1713	0.22971516468061
1714	0.249684616592538
1715	0.213020163961253
1716	0.185899704963287
1717	0.28053158061263
1718	0.245740234613073
1719	0.235007495203728
1720	0.191818482511626
1721	0.274616347744213
1722	0.214146199693641
1723	0.218941944078904
1724	0.234082989071512
1725	0.218817911625299
1726	0.236381866716777
1727	0.232732318037638
1728	0.240858005949881
1729	0.289882245651549
1730	0.277433167257818
1731	0.19860938032886
1732	0.207896513370338
1733	0.253045501753342
1734	0.258384169146226
1735	0.307576625806903
1736	0.168066225272125
1737	0.253638084072598
1738	0.141998938548989
1739	0.210192156744018
1740	0.257252030937806
1741	0.25130974739721
1742	0.285823594174675
1743	0.271625541409182
1744	0.230727296127333
1745	0.218376027651545
1746	0.215243652735663
1747	0.176684491294319
1748	0.20238357376561
1749	0.254798428176592
1750	0.272592379805798
1751	0.116557891763948
1752	0.243814753825065
1753	0.22026205910867
1754	0.278876721385463
1755	0.279551915047974
1756	0.261920125878347
1757	0.262944600562995
1758	0.283133903638626
1759	0.234952018498545
1760	0.239829531123408
1761	0.226835829540699
1762	0.282022391009605
1763	0.162802668322119
1764	0.229791316605228
1765	0.316599732698406
1766	0.240203777006967
1767	0.163860649216875
1768	0.232615525269179
1769	0.234453361763624
1770	0.278176548663174
1771	0.250284536991901
1772	0.20490292092787
1773	0.211700855633714
1774	0.224278610121176
1775	0.241612468255166
1776	0.239661986508227
1777	0.221190711620959
1778	0.163287369936783
1779	0.169286255402819
1780	0.265081520887345
1781	0.257061505314546
1782	0.253366247245475
1783	0.291214143723334
1784	0.244742924605211
1785	0.220345916313163
1786	0.290368382748353
1787	0.26737886621194
1788	0.235565292742385
1789	0.273871765371489
1790	0.23050475817526
1791	0.201488151133207
1792	0.215539477389123
1793	0.2332035181498
1794	0.237068745720995
1795	0.233764826257942
1796	0.215798075608407
1797	0.27451802485666
1798	0.250218317650782
1799	0.242725633093091
1800	0.207742593393138
1801	0.223495980848326
1802	0.246541232198697
1803	0.220584447609926
1804	0.268600306831425
1805	0.193024184640183
1806	0.206543999173006
1807	0.196785717168579
1808	0.162140305075962
1809	0.12679696094818
1810	0.221432083589373
1811	0.252777522543558
1812	0.222556175166968
1813	0.229016723151635
1814	0.255709241995987
1815	0.274423935211392
1816	0.241251224131467
1817	0.20945942073099
1818	0.287740879431081
1819	0.186743484140544
1820	0.185069878460012
1821	0.195596824362108
1822	0.201074839329911
1823	0.281371401520982
1824	0.255293618543777
1825	0.254601671366012
1826	0.153659036762134
1827	0.171844044722104
1828	0.267584833516531
1829	0.16978407050904
1830	0.217948488005572
1831	0.210188813415656
1832	0.286607027899493
1833	0.226082477627939
1834	0.256028813361561
1835	0.220600584765156
1836	0.237611940667733
1837	0.221103964394601
1838	0.237224643677776
1839	0.146271415182075
1840	0.204505252905133
1841	0.149646024429276
1842	0.182246308966348
1843	0.189651196740288
1844	0.189009913816709
1845	0.224119482690466
1846	0.197410133435533
1847	0.25007812470854
1848	0.161248265416921
1849	0.251929645244785
1850	0.294216198539116
1851	0.234460321814814
1852	0.156846947131153
1853	0.242511052372465
1854	0.23663900971994
1855	0.265930108987654
1856	0.203051470436803
1857	0.316455282080561
1858	0.205552664722184
1859	0.247808902648139
1860	0.195664565723873
1861	0.249250184151485
1862	0.296443878478961
1863	0.207785725690485
1864	0.21602695670408
1865	0.138077117324087
1866	0.221911709739407
1867	0.308985679601929
1868	0.235333443522421
1869	0.205736625558725
1870	0.192237192924621
1871	0.244335234187214
1872	0.227754366718482
1873	0.203103978488309
1874	0.219558010990879
1875	0.238426234153405
1876	0.257442118712816
1877	0.169142265971088
1878	0.231971077416447
1879	0.294815236385946
1880	0.220413752689317
1881	0.152834746602725
1882	0.328843811577043
1883	0.194149724856873
1884	0.161210991458576
1885	0.270919968278989
1886	0.228830954309132
1887	0.230147646661787
1888	0.219864803230676
1889	0.259370250025114
1890	0.278493106575039
1891	0.198952953998366
1892	0.264017492888632
1893	0.2702942218946
1894	0.235926846620438
1895	0.222940302782623
1896	0.207624681506488
1897	0.201440243924959
1898	0.185019776107936
1899	0.247860118512186
1900	0.190359417550992
1901	0.0690756612034479
1902	0.313596657094627
1903	0.203705494461354
1904	0.256711688295151
1905	0.26761599344223
1906	0.21903900937579
1907	0.226085105994332
1908	0.2661037990677
1909	0.213137173314243
1910	0.258164378970562
1911	0.253874133263833
1912	0.290044187562091
1913	0.204598535019126
1914	0.265166028894108
1915	0.193503203164454
1916	0.254390900233818
1917	0.217855995226713
1918	0.20818854585474
1919	0.210542892163969
1920	0.228510824134947
1921	0.221663804758157
1922	0.187372352173312
1923	0.210831327233663
1924	0.210198704874255
1925	0.26294377506136
1926	0.230029784730874
1927	0.234882986683268
1928	0.191418938838803
1929	0.285339977675499
1930	0.242314313006344
1931	0.369683438891678
1932	0.225556168280278
1933	0.172902448589427
1934	0.229863133580559
1935	0.212075611397926
1936	0.241587052042455
1937	0.208144730759892
1938	0.23605029890503
1939	0.244826548884741
1940	0.293684942645026
1941	0.231066066219926
1942	0.23070447260454
1943	0.230369183784494
1944	0.186324852541169
1945	0.156346799838907
1946	0.25062567664727
1947	0.246750116407236
1948	0.256756107131962
1949	0.21319521606375
1950	0.234498982189183
1951	0.22119256499443
1952	0.21116954999382
1953	0.191117595792927
1954	0.247157526703106
1955	0.279754887645936
1956	0.252122862769661
1957	0.212565819284821
1958	0.198095096082354
1959	0.253482358052907
1960	0.275501700581804
1961	0.252776975255245
1962	0.300583091134773
1963	0.236367164000319
1964	0.173893618387162
1965	0.192779985194053
1966	0.253465824900556
1967	0.236120274870129
1968	0.199803282466228
1969	0.182300904719643
1970	0.268904584791262
1971	0.241171433846062
1972	0.332217371199967
1973	0.172699835876255
1974	0.2802419352969
1975	0.219345696146287
1976	0.208656068009002
1977	0.219587561046288
1978	0.260405306444546
1979	0.215052995331083
1980	0.211315636687753
1981	0.224358040147119
1982	0.266453951823454
1983	0.243856449418753
1984	0.297662121379563
1985	0.282667588865133
1986	0.169313924952591
1987	0.214780246208823
1988	0.212341579379923
1989	0.173544590637123
1990	0.107178720605348
1991	0.205061775097011
1992	0.205902411331566
1993	0.194816363592094
1994	0.153504802636704
1995	0.219959626811461
1996	0.256752388359474
1997	0.193271799811345
1998	0.2426617623444
1999	0.226015525499154
2000	0.188587815189573
2001	0.236732344586617
2002	0.165764207510953
2003	0.192763716663294
2004	0.194788502417865
2005	0.285684146018446
2006	0.219535586699924
2007	0.188950418878195
2008	0.273282652916825
2009	0.235784161140014
2010	0.281202108909826
2011	0.281672352875165
2012	0.208894265931642
2013	0.280245642457592
2014	0.277976691684714
2015	0.218923245396834
2016	0.236908411584914
2017	0.139013918229966
2018	0.268571416984404
2019	0.197144358469229
2020	0.241522293414249
2021	0.216417333436256
2022	0.135027210870166
2023	0.243814438146341
2024	0.276147138123122
2025	0.286441863547499
2026	0.203856853452487
2027	0.24207457811232
2028	0.338058033875882
2029	0.195137642807177
2030	0.297201990546688
2031	0.267930175837593
2032	0.230986626719804
2033	0.354250232508897
2034	0.248327081726912
2035	0.220098680799464
2036	0.18861620926985
2037	0.252682150354565
2038	0.220914744290824
2039	0.246429605685321
2040	0.173075275190011
2041	0.2165380866039
2042	0.240155177567114
2043	0.201373329787882
2044	0.279608870536816
2045	0.27333300643527
2046	0.218469763904899
2047	0.207510013759662
2048	0.217307955515128
2049	0.250740769108246
2050	0.24140291502105
2051	0.249426668535461
2052	0.269670858033869
2053	0.338931551838008
2054	0.200205946946293
2055	0.194076494496638
2056	0.312009618022223
2057	0.181543781326068
2058	0.238488804168725
2059	0.182501130483346
2060	0.280113134675834
2061	0.17398290493933
2062	0.28663539527368
2063	0.166267178673135
2064	0.268654871600791
2065	0.268598903915119
2066	0.139752549408859
2067	0.219851653043894
2068	0.292491067093747
2069	0.192418135088884
2070	0.286662553977673
2071	0.185649602299793
2072	0.212401528874854
2073	0.212154960667404
2074	0.228478732242355
2075	0.275565575638065
2076	0.289040756874253
2077	0.248837797255394
2078	0.243138593422841
2079	0.212347678606671
2080	0.271825368114165
2081	0.25275260721634
2082	0.197737443393304
2083	0.25389995513831
2084	0.283920562834971
2085	0.26388938981933
2086	0.242026496071165
2087	0.244213274442626
2088	0.174975275735861
2089	0.26547896384135
2090	0.253895394486797
2091	0.260170391837967
2092	0.3279096913468
2093	0.208631771155951
2094	0.221905361960754
2095	0.208014376932844
2096	0.243948624087382
2097	0.226163695399078
2098	0.258046303577857
2099	0.173587717832178
2100	0.221101771187553
2101	0.223206734852794
2102	0.173463696098302
2103	0.201980001995523
2104	0.223331505931179
2105	0.236667091683945
2106	0.203085647792975
2107	0.240263578302405
2108	0.245349452603641
2109	0.202641262807537
2110	0.275002874218777
2111	0.26759305563983
2112	0.253244400752059
2113	0.286337070758491
2114	0.192158876442216
2115	0.214966196993857
2116	0.185572126242777
2117	0.204864403893211
2118	0.239662909613848
2119	0.275423589795845
2120	0.232324498472551
2121	0.280455728978572
2122	0.255137101846177
2123	0.238048624110784
2124	0.305940026552556
2125	0.223083550674588
2126	0.289913510956151
2127	0.234591431174204
2128	0.182839994185996
2129	0.38277783812359
2130	0.2097713098266
2131	0.280243255930205
2132	0.246371278981323
2133	0.180818374591284
2134	0.21133639869739
2135	0.196025403691065
2136	0.23026601452831
2137	0.24828632761922
2138	0.212949147954475
2139	0.125929127232316
2140	0.22706857192888
2141	0.269344858597752
2142	0.216824918250317
2143	0.184793517584202
2144	0.24133165465964
2145	0.213155303743839
2146	0.302297160409014
2147	0.237935088412567
2148	0.238267228901077
2149	0.263690366185066
2150	0.308600810237087
2151	0.146268247269778
2152	0.223957699186863
2153	0.246347444186331
2154	0.241952340049811
2155	0.191650127280932
2156	0.256272123151024
2157	0.265980495012771
2158	0.228635798918219
2159	0.161657163485279
2160	0.228044468004879
2161	0.185171660931515
2162	0.319414242351883
2163	0.14600323082639
2164	0.191685378617156
2165	0.229120243036251
2166	0.226599476245785
2167	0.28099790394742
2168	0.199377891772842
2169	0.154764300048367
2170	0.260873701112788
2171	0.232137304159064
2172	0.293867546665774
2173	0.201320685312339
2174	0.315491563054829
2175	0.250519589133823
2176	0.241675582820956
2177	0.209392109370961
2178	0.264013618122889
2179	0.211915697251174
2180	0.235289287823041
2181	0.172115709878824
2182	0.235942077857117
2183	0.227884133593113
2184	0.255928087699239
2185	0.149198234709196
2186	0.224224842941802
2187	0.259545108330459
2188	0.265325983066556
2189	0.241244139496226
2190	0.321256126823606
2191	0.151502154217795
2192	0.215904887036665
2193	0.172115311134971
2194	0.256023073120643
2195	0.300421624724782
2196	0.1963208834844
2197	0.148287352476216
2198	0.186327965622481
2199	0.196831368787286
2200	0.165031126821073
2201	0.264259809589295
2202	0.210667064374518
2203	0.194247072447703
2204	0.239070701888592
2205	0.188158556483418
2206	0.27918397140532
2207	0.253114125803935
2208	0.227028375030035
2209	0.274436112572886
2210	0.220993689303276
2211	0.224328191064541
2212	0.297931264721544
2213	0.211206603438556
2214	0.220402299641265
2215	0.149654255455898
2216	0.214769727144769
2217	0.187979373077362
2218	0.190033503902778
2219	0.201250662720462
2220	0.279726280017006
2221	0.296572067495897
2222	0.295374101812452
2223	0.240209298251319
2224	0.326545608816037
2225	0.288122789202884
2226	0.149452143748795
2227	0.250488043320242
2228	0.153011913662942
2229	0.258001032538924
2230	0.214350081743612
2231	0.273109242989945
2232	0.249006624024271
2233	0.209356576952325
2234	0.290393865779632
2235	0.228737649177073
2236	0.286433956816247
2237	0.228682615617452
2238	0.314122446914425
2239	0.235519906743377
2240	0.226548673224332
2241	0.247470405580141
2242	0.277661307536786
2243	0.248196544488144
2244	0.267227252181524
2245	0.243289770080077
2246	0.200508977286174
2247	0.218389385384677
2248	0.169045648597281
2249	0.243623304291193
2250	0.199939142791112
2251	0.189233549094878
2252	0.259438228195993
2253	0.219363887340231
2254	0.18016905731029
2255	0.259209959305113
2256	0.253382215280599
2257	0.212872880139976
2258	0.301235826687497
2259	0.182982502442017
2260	0.289350433810175
2261	0.277096215769747
2262	0.200173931422631
2263	0.210926042938296
2264	0.24475855699948
2265	0.157934695512778
2266	0.22813158659326
2267	0.234634238268095
2268	0.237198901559534
2269	0.229649712244132
2270	0.285746574253042
2271	0.153967180215547
2272	0.221439992842638
2273	0.187445678178701
2274	0.236458010639739
2275	0.232443921853016
2276	0.202656649815991
2277	0.269736694237634
2278	0.220822381674637
2279	0.251621334877005
2280	0.251940701375245
2281	0.291083316630431
2282	0.232249053337915
2283	0.209936410739661
2284	0.257423238551102
2285	0.186634016879584
2286	0.273617803704482
2287	0.212567396496394
2288	0.251092423765635
2289	0.199038801767062
2290	0.237953572046231
2291	0.25064819578189
2292	0.187135706116493
2293	0.246972550740967
2294	0.231488171918212
2295	0.217496232931995
2296	0.259222007267051
2297	0.263727174258687
2298	0.251020193867067
2299	0.25235660534232
2300	0.263097046502591
2301	0.249154721183123
2302	0.167964459732005
2303	0.239159198159895
2304	0.209792170571529
2305	0.295251484014282
2306	0.229696282672758
2307	0.264570446682398
2308	0.212533428257322
2309	0.216471145153688
2310	0.222225355392497
2311	0.277352846407697
2312	0.200984327094081
2313	0.192605202045287
2314	0.233290194018491
2315	0.268084393720792
2316	0.292265563791361
2317	0.199924954462616
2318	0.184096271170479
2319	0.172743949325067
2320	0.27001272367673
2321	0.242575058721858
2322	0.307012684290637
2323	0.305352694764899
2324	0.235472972452164
2325	0.308986984841344
2326	0.157906662021291
2327	0.312850238062294
2328	0.257354245608967
2329	0.233683432648016
2330	0.276924804436556
2331	0.251676062770953
2332	0.217700949749899
2333	0.190588213369989
2334	0.230339640137768
2335	0.209424351247875
2336	0.259755086736683
2337	0.172672686233344
2338	0.247299202784803
2339	0.212131073665934
2340	0.186555920993412
2341	0.258478542318127
2342	0.258968050511082
2343	0.191258028468181
2344	0.123536848828947
2345	0.259587499302588
2346	0.259070749094696
2347	0.245663579319771
2348	0.252039891059408
2349	0.232335543760966
2350	0.238965928407274
2351	0.202426097665152
2352	0.221194990274144
2353	0.317058495762969
2354	0.203759666553227
2355	0.236961533793485
2356	0.28543744793398
2357	0.241783779217722
2358	0.208132772173959
2359	0.161913967246728
2360	0.213698987628421
2361	0.193045858318681
2362	0.215700667569936
2363	0.226606337531034
2364	0.393765413758212
2365	0.249689095967248
2366	0.237475437941294
2367	0.204259960903955
2368	0.210924380571146
2369	0.206738622739515
2370	0.221041177202214
2371	0.244314784930652
2372	0.189273436244516
2373	0.199841448656589
2374	0.209564626563163
2375	0.225974200279429
2376	0.207156295649403
2377	0.184046029068687
2378	0.131319835389645
2379	0.252147470736496
2380	0.26514402663932
2381	0.367665883647293
2382	0.204080715401449
2383	0.256308516078352
2384	0.247539775824233
2385	0.329448762358589
2386	0.202402069672286
2387	0.201022018103211
2388	0.166140413958674
2389	0.232596277226406
2390	0.250482553203694
2391	0.213541386083947
2392	0.196019878637967
2393	0.220294579687388
2394	0.270499153543011
2395	0.231952790084798
2396	0.27249527140214
2397	0.221188509878691
2398	0.256488697081631
2399	0.23778537074374
2400	0.283354172755947
2401	0.20899214110861
2402	0.20378279465871
2403	0.290785811904961
2404	0.203943402062356
2405	0.266706453779511
2406	0.272560588521166
2407	0.280827519915008
2408	0.280548059822484
2409	0.207217467937225
2410	0.220000214903472
2411	0.192219837357065
2412	0.230605877687242
2413	0.244900708892414
2414	0.250292092015512
2415	0.267342287280487
2416	0.205760620467422
2417	0.266230528703593
2418	0.207483035701806
2419	0.188274835943719
2420	0.242672218322622
2421	0.26736256534253
2422	0.275942872524463
2423	0.188372655096978
2424	0.293823796837869
2425	0.199636765752362
2426	0.31579289247013
2427	0.223385654754307
2428	0.22777759207541
2429	0.205389803320272
2430	0.193982854563484
2431	0.235599277434694
2432	0.221242317550041
2433	0.259840328953808
2434	0.210634541197254
2435	0.16651573866452
2436	0.247779399046616
2437	0.197941513615774
2438	0.254353144431569
2439	0.279296233434389
2440	0.244776575324017
2441	0.256215441361368
2442	0.255806237843919
2443	0.232628657976851
2444	0.269980688796279
2445	0.243963419699716
2446	0.294356152671743
2447	0.18491540347725
2448	0.276006213805021
2449	0.229729818876419
2450	0.262889178900771
2451	0.223880690822007
2452	0.219280904602782
2453	0.229033613085803
2454	0.324168599268108
2455	0.343966776202361
2456	0.278838584668159
2457	0.244220674172805
2458	0.200944833213343
2459	0.305525760529214
2460	0.23316354051874
2461	0.218525621703865
2462	0.197063724981471
2463	0.154715740683847
2464	0.219838659223548
2465	0.260852142454352
2466	0.23419649619026
2467	0.190432042477993
2468	0.26437398993125
2469	0.265373672517585
2470	0.269031489151146
2471	0.250264673231623
2472	0.247274668968386
2473	0.218965104810767
2474	0.215206382866674
2475	0.234279238623151
2476	0.187561590273767
2477	0.176294568622573
2478	0.257723628831378
2479	0.266967358286103
2480	0.243103851263891
2481	0.291307078757078
2482	0.19173892532696
2483	0.282095789237608
2484	0.128728982124404
2485	0.255069594607922
2486	0.219992059600915
2487	0.150304901530939
2488	0.216867912475032
2489	0.179841639258145
2490	0.210376294896162
2491	0.175883596660984
2492	0.274457311740402
2493	0.13116648707779
2494	0.241397948286595
2495	0.22985114316475
2496	0.182206094115424
2497	0.318301381675118
2498	0.224034497590853
2499	0.258652096654156
2500	0.30775042433493
2501	0.173945104490285
2502	0.238793951132088
2503	0.190634834944462
2504	0.238372013255211
2505	0.262064717045678
2506	0.275283522297902
2507	0.271524048543188
2508	0.260422492443744
2509	0.209306895981318
2510	0.236284652103564
2511	0.184585037254895
2512	0.268721125656288
2513	0.151551213979659
2514	0.242161894437602
2515	0.115227940624792
2516	0.257492990922465
2517	0.256474491988668
2518	0.299788515204864
2519	0.177990161743118
2520	0.203657931143334
2521	0.261492329176623
2522	0.246221819342645
2523	0.253370712416576
2524	0.234498875814744
2525	0.191499861787348
2526	0.249419188533309
2527	0.274461037576843
2528	0.250267425554243
2529	0.246268198272771
2530	0.280893856588872
2531	0.155987860038352
2532	0.260510851006303
2533	0.154071335121309
2534	0.206439452967399
2535	0.257481489242927
2536	0.12214992974483
2537	0.244166817624866
2538	0.216209357157126
2539	0.17142100379724
2540	0.25410006571435
2541	0.135058378173345
2542	0.201713312130353
2543	0.206110325437654
2544	0.250766539459609
2545	0.272319628018356
2546	0.1798903958906
2547	0.268596603856424
2548	0.210953355461211
2549	0.288037402153063
2550	0.216792316892978
2551	0.337428756769347
2552	0.271961921220359
2553	0.239250554263811
2554	0.284399039865634
2555	0.22429810883938
2556	0.221266591048198
2557	0.26267303397854
2558	0.279040823420848
2559	0.259824480904787
2560	0.198229582935619
2561	0.176167356730524
2562	0.179372686822678
2563	0.269963913635839
2564	0.18892577481495
2565	0.289193331856558
2566	0.244049038332314
2567	0.260201363692279
2568	0.205934685238537
2569	0.236457021774873
2570	0.260862466768577
2571	0.209663848438528
2572	0.249133317047906
2573	0.220418892198525
2574	0.234906132472266
2575	0.182188312639881
2576	0.22778537161545
2577	0.267613847236454
2578	0.207899674146378
2579	0.22625262191199
2580	0.230426460372957
2581	0.172858204793768
2582	0.337165293973987
2583	0.239506115204446
2584	0.161173913335836
2585	0.227148997273921
2586	0.170088523289565
2587	0.332780932112565
2588	0.202731423676251
2589	0.313340488234467
2590	0.233034416497083
2591	0.252478033328948
2592	0.184924790523813
2593	0.225934400118515
2594	0.255954625742552
2595	0.220839514604182
2596	0.262602136931166
2597	0.251062750541117
2598	0.211193810427959
2599	0.210388760023903
2600	0.237967522854996
2601	0.218585265415311
2602	0.228667921077749
2603	0.225009655490043
2604	0.203400557042347
2605	0.262624302426601
2606	0.269447824781074
2607	0.231831828893318
2608	0.214558061558798
2609	0.226527149316237
2610	0.147665586682156
2611	0.290972424804307
2612	0.230117464029003
2613	0.267984743698012
2614	0.280347304787363
2615	0.196061001159795
2616	0.333458202430225
2617	0.224002872215109
2618	0.233820171180399
2619	0.243756714492371
2620	0.128980727236093
2621	0.234639751918423
2622	0.284116590020434
2623	0.191106348557917
2624	0.197207762374059
2625	0.264214878625372
2626	0.184484772854619
2627	0.208913673255547
2628	0.213198655965552
2629	0.242985310785903
2630	0.268484984563245
2631	0.218244161898768
2632	0.22541624579233
2633	0.15795445626007
2634	0.244104880403892
2635	0.170640405997085
2636	0.197780830146749
2637	0.279403547644251
2638	0.246246878354793
2639	0.309712287788917
2640	0.215619914178226
2641	0.254895612253744
2642	0.200921487601127
2643	0.283912974908667
2644	0.210061892548784
2645	0.230662854257202
2646	0.178379755920452
2647	0.176306825763876
2648	0.209300870467899
2649	0.252317475827454
2650	0.236865966279323
2651	0.200050707187219
2652	0.269824157936326
2653	0.265067664652149
2654	0.213440096526971
2655	0.214215392399951
2656	0.24944773861487
2657	0.232995936338096
2658	0.308784508659879
2659	0.291814202419686
2660	0.146115782648877
2661	0.302079893999085
2662	0.284153126229465
2663	0.219498021364672
2664	0.301183951595972
2665	0.25685007007032
2666	0.208330717008964
2667	0.231492072853969
2668	0.179776351863837
2669	0.252699656976504
2670	0.185591135061805
2671	0.218849373568539
2672	0.259674941373611
2673	0.132520058016708
2674	0.222077671823507
2675	0.266478184522003
2676	0.220888562932635
2677	0.281449779162651
2678	0.222803064973629
2679	0.228444049244469
2680	0.239407750165238
2681	0.176350130018121
2682	0.225652548849739
2683	0.217889231514875
2684	0.211001336791077
2685	0.288360672523599
2686	0.208416738424771
2687	0.217732082000781
2688	0.255534771322157
2689	0.229829789736528
2690	0.197442479597692
2691	0.232620033946824
2692	0.257729373904078
2693	0.29297135007913
2694	0.231739262213948
2695	0.251543320441839
2696	0.296051378366167
2697	0.256901552810136
2698	0.256677279093716
2699	0.291008398123251
2700	0.229829441639238
2701	0.205457211559356
2702	0.199278985803187
2703	0.168298110558842
2704	0.274316477344523
2705	0.220373298083063
2706	0.259478062103372
2707	0.217648517990888
2708	0.21983441320312
2709	0.178058395317008
2710	0.220203791653903
2711	0.202459476245344
2712	0.231820506742964
2713	0.266042359336595
2714	0.213868766755487
2715	0.204178747091293
2716	0.193702823833622
2717	0.19446768574415
2718	0.275025962324379
2719	0.127776297774262
2720	0.210252504290856
2721	0.312446597437762
2722	0.286133072034461
2723	0.205924613236399
2724	0.217071147349836
2725	0.186714401359254
2726	0.238876231314258
2727	0.34957727240972
2728	0.211688098252279
2729	0.214693223659706
2730	0.211224143498011
2731	0.256280485061041
2732	0.273307691349503
2733	0.165309865248143
2734	0.333539942999806
2735	0.20418705908679
2736	0.256639147999755
2737	0.197187982408914
2738	0.196999798534581
2739	0.272401212610232
2740	0.263334824773219
2741	0.257174692151063
2742	0.296803785817557
2743	0.270868253794864
2744	0.219204748558421
2745	0.258354259686883
2746	0.231680484198355
2747	0.223468475054817
2748	0.252966725326139
2749	0.252817638313047
2750	0.177689999233067
2751	0.246878183918717
2752	0.224884831818945
2753	0.210670706224635
2754	0.284880397690823
2755	0.219994216421828
2756	0.215271267476677
2757	0.301998138038105
2758	0.182203628572006
2759	0.224680060050433
2760	0.192427342958402
2761	0.18298002043997
2762	0.254528984980252
2763	0.34694540484599
2764	0.281543987390657
2765	0.153554370568863
2766	0.215136613127473
2767	0.272548633766023
2768	0.211774423948741
2769	0.270390208383357
2770	0.181798574355531
2771	0.272186898733179
2772	0.230703856269171
2773	0.184393041234946
2774	0.2019394337408
2775	0.27324102771583
2776	0.272295710364383
2777	0.217409349515376
2778	0.246971413449363
2779	0.195023533718124
2780	0.17603578406371
2781	0.242627276602643
2782	0.273522610360281
2783	0.230776025322607
2784	0.171234928121335
2785	0.231091530239356
2786	0.203545549922455
2787	0.266669453661517
2788	0.245967057641018
2789	0.330172370317527
2790	0.226448158350497
2791	0.305981796316715
2792	0.246016182267684
2793	0.220399171705253
2794	0.214193565332903
2795	0.232192563965413
2796	0.368143472454629
2797	0.233431218194801
2798	0.279785223779822
2799	0.188451010661252
2800	0.172304770620471
2801	0.23430681733334
2802	0.248793595940286
2803	0.26676230787655
2804	0.218931241142704
2805	0.235830854985724
2806	0.182103227502668
2807	0.224967011155323
2808	0.239432105469648
2809	0.28941856730191
2810	0.275619636061926
2811	0.197866831369785
2812	0.356887381663502
2813	0.225099681101565
2814	0.197338084197716
2815	0.226545276396155
2816	0.254043957359054
2817	0.231500748465058
2818	0.224964361212045
2819	0.309069915902545
2820	0.23270489628773
2821	0.233192003292127
2822	0.21736287798808
2823	0.291439938947758
2824	0.274854401225433
2825	0.187465974183582
2826	0.0955686722632301
2827	0.289355084713329
2828	0.274800249620043
2829	0.237764386440247
2830	0.258642280211094
2831	0.20710721812437
2832	0.207601511724475
2833	0.290906598815742
2834	0.233396538268696
2835	0.224597145592467
2836	0.275069952030765
2837	0.196626369363815
2838	0.282026088914853
2839	0.235719896893704
2840	0.284788102066521
2841	0.266849893881162
2842	0.186256058046437
2843	0.356518560351921
2844	0.25087965167258
2845	0.246265339925659
2846	0.203706401206655
2847	0.271557359162119
2848	0.216285370120706
2849	0.210234834693526
2850	0.227346716372201
2851	0.287739658509001
2852	0.214947542733255
2853	0.24269955926295
2854	0.224522009662315
2855	0.247935489151932
2856	0.165787881072511
2857	0.239499224272545
2858	0.320731423542577
2859	0.259200567933207
2860	0.257439971628096
2861	0.30653352561071
2862	0.128057637274836
2863	0.189272313979186
2864	0.282410928910002
2865	0.163106109666522
2866	0.235831709902266
2867	0.192304436185457
2868	0.27152744175947
2869	0.191719723524373
2870	0.209667009563738
2871	0.2464050056074
2872	0.277020633861592
2873	0.220393498058609
2874	0.227878161868127
2875	0.283726105546105
2876	0.204237893703897
2877	0.270745112711772
2878	0.274546110361929
2879	0.313946958430571
2880	0.2553750342434
2881	0.169074068673148
2882	0.197931727650726
2883	0.234357467191618
2884	0.178615527522021
2885	0.246138657815413
2886	0.265592580918273
2887	0.222908658813839
2888	0.228897288162138
2889	0.229396399333709
2890	0.210435273573355
2891	0.153797913867701
2892	0.16198445992807
2893	0.273420472346988
2894	0.273416023739759
2895	0.210638962922845
2896	0.249655051067072
2897	0.230990049200187
2898	0.218339723358716
2899	0.190532112291093
2900	0.194975287104386
2901	0.211204316953793
2902	0.215092973717683
2903	0.249387255987889
2904	0.193286818914641
2905	0.31432701853924
2906	0.215903175734363
2907	0.232031199964478
2908	0.210717523803053
2909	0.26237571805412
2910	0.207038407165837
2911	0.228834085474009
2912	0.228084765619999
2913	0.207011550371025
2914	0.253512012113698
2915	0.242858479087863
2916	0.240698142089537
2917	0.195172298128941
2918	0.188995130055788
2919	0.267558291815642
2920	0.319110119750962
2921	0.253029198017965
2922	0.261046002198757
2923	0.220701361208968
2924	0.26211071481292
2925	0.252947767416467
2926	0.181073910259395
2927	0.228321553266802
2928	0.209154400781912
2929	0.211067712306332
2930	0.242261865600222
2931	0.211165141508468
2932	0.284143571850506
2933	0.257568699299929
2934	0.21575400919829
2935	0.264627560161401
2936	0.221886608976059
2937	0.292806947993556
2938	0.239615693656658
2939	0.201493632986104
2940	0.244665502293089
2941	0.185598472435407
2942	0.179156816356582
2943	0.1987993200914
2944	0.247480627261184
2945	0.216044531408596
2946	0.18626073688165
2947	0.264277261430743
2948	0.233908176051796
2949	0.200846863789378
2950	0.271948843128845
2951	0.207588534445871
2952	0.194051644668261
2953	0.262643878569506
2954	0.251199753885635
2955	0.215009653357432
2956	0.261967893517222
2957	0.184064844307506
2958	0.296681271664554
2959	0.213233473788712
2960	0.231838878063126
2961	0.309758593287866
2962	0.225785184016849
2963	0.260331704060236
2964	0.156214190775286
2965	0.228713193887481
2966	0.214301228069201
2967	0.243580899912785
2968	0.186642179466986
2969	0.218831772711902
2970	0.189759990691169
2971	0.249163492859763
2972	0.258502921612205
2973	0.182242567854238
2974	0.281857513326604
2975	0.244243001581052
2976	0.307689497354691
2977	0.191713826003429
2978	0.23027724659993
2979	0.306534067074925
2980	0.251794212510809
2981	0.175175562436559
2982	0.217010853907109
2983	0.0956747958744268
2984	0.231522766018947
2985	0.226221384039279
2986	0.228206474465605
2987	0.294581211272285
2988	0.244114114563883
2989	0.300060208709437
2990	0.269125078761287
2991	0.261724545369272
2992	0.279933354494239
2993	0.20874411417812
2994	0.151662173999924
2995	0.205987630011179
2996	0.245830669401576
2997	0.29175523292684
2998	0.144947235493503
2999	0.287598324169884
3000	0.193782886653182
3001	0.316516046996811
3002	0.233031834248228
3003	0.268675121916362
3004	0.272857679358354
3005	0.263779690416383
3006	0.239802652195524
3007	0.263009123998526
3008	0.215972352254861
3009	0.191794704545269
3010	0.229870514057298
3011	0.173123257135376
3012	0.246956135468148
3013	0.219353206310754
3014	0.253036097175735
3015	0.310361464397775
3016	0.226732058028651
3017	0.223833727855907
3018	0.204243791484797
3019	0.270716020293924
3020	0.269106364468795
3021	0.206864580696623
3022	0.267834049863375
3023	0.228718301805579
3024	0.178019316136983
3025	0.313592699678421
3026	0.268617038119535
3027	0.229483582015381
3028	0.250944177223745
3029	0.216503135276647
3030	0.21125978178018
3031	0.276166000192743
3032	0.304690016409077
3033	0.279721037439489
3034	0.308835623557509
3035	0.27006829167293
3036	0.237051212398225
3037	0.206052106967873
3038	0.196915344993855
3039	0.276284339522017
3040	0.182664545601214
3041	0.196338217323931
3042	0.240368887367692
3043	0.192321506383304
3044	0.280621294438172
3045	0.245619333789639
3046	0.265443833341589
3047	0.225561510398941
3048	0.211771306351016
3049	0.242742082379373
3050	0.181134819074166
3051	0.264129596616558
3052	0.249739064122354
3053	0.295976730328807
3054	0.270251976117054
3055	0.205314147169983
3056	0.231061194163568
3057	0.27970063719925
3058	0.21216967916321
3059	0.280610129409736
3060	0.297316024475605
3061	0.210053005273343
3062	0.196527299533993
3063	0.256158037534082
3064	0.268605826508032
3065	0.294473118349598
3066	0.220055241741167
3067	0.201579887332922
3068	0.270876762154228
3069	0.196492163220013
3070	0.17733585382478
3071	0.233028170487751
3072	0.22463319501167
3073	0.189958321938109
3074	0.26341438235044
3075	0.22945186963261
3076	0.191990986682139
3077	0.197615080626371
3078	0.292411974543588
3079	0.231359962199312
3080	0.226766572997676
3081	0.232840247966911
3082	0.202797082845903
3083	0.218303929820732
3084	0.277742072049264
3085	0.169774906163688
3086	0.288755113085936
3087	0.227443430707513
3088	0.199192262463166
3089	0.226403445121566
3090	0.239703062667537
3091	0.235024830075916
3092	0.250716638445392
3093	0.186038415548319
3094	0.197224915060214
3095	0.227398860497601
3096	0.211143998973947
3097	0.182500958403149
3098	0.119836592438742
3099	0.200091322791855
3100	0.218600834798225
3101	0.228965884762084
3102	0.222883095395992
3103	0.181627914721346
3104	0.260114671748677
3105	0.290556041551746
3106	0.25281630568069
3107	0.202331781651142
3108	0.248735982885796
3109	0.202790086693206
3110	0.233200965993876
3111	0.229506765782138
3112	0.281470548714478
3113	0.167490477454723
3114	0.237175282674871
3115	0.30263313374885
3116	0.189047572625051
3117	0.208378093758174
3118	0.198972350878242
3119	0.224091237595886
3120	0.241495841398129
3121	0.222599642711662
3122	0.237082552200374
3123	0.302629316481427
3124	0.193542084691036
3125	0.189138983939269
3126	0.238212517748699
3127	0.177361851257337
3128	0.287928141717593
3129	0.223594892423692
3130	0.252246517680061
3131	0.214946657915429
3132	0.194808707946181
3133	0.217746245748881
3134	0.199321552586371
3135	0.223545776821272
3136	0.220124196215977
3137	0.236268345847564
3138	0.20978218226289
3139	0.25113383023973
3140	0.142315634880817
3141	0.189527552203125
3142	0.21834326981398
3143	0.210655805757191
3144	0.304149165162966
3145	0.213989493991012
3146	0.215444733522328
3147	0.284095131930653
3148	0.210700978819429
3149	0.193205169614299
3150	0.235921868413136
3151	0.277833034254608
3152	0.217440598687353
3153	0.196782954376911
3154	0.297376520018781
3155	0.249530907759744
3156	0.349271395898142
3157	0.256686819164571
3158	0.246150331933527
3159	0.294382840336829
3160	0.205625478430411
3161	0.204636440701653
3162	0.256047184343324
3163	0.293457560028631
3164	0.306691798192869
3165	0.252052676586256
3166	0.251689202266822
3167	0.186564906862757
3168	0.250771060711959
3169	0.278730915270751
3170	0.161575623219316
3171	0.168661495366418
3172	0.186893553096587
3173	0.229969184178718
3174	0.245447732874113
3175	0.272401752073403
3176	0.179075456941056
3177	0.261540514923717
3178	0.192292980720435
3179	0.232916473783201
3180	0.324248635449185
3181	0.184107192426206
3182	0.261916731356716
3183	0.208674237983956
3184	0.251905638733928
3185	0.234058127205554
3186	0.21395436513472
3187	0.254267959433492
3188	0.291739473336011
3189	0.208155759147458
3190	0.278844717757631
3191	0.179624721113775
3192	0.288951985228313
3193	0.182022846157147
3194	0.271240386136248
3195	0.236397608086693
3196	0.307427363952403
3197	0.220903726792194
3198	0.221212536855036
3199	0.216919964120096
3200	0.197984203214696
3201	0.273794906910881
3202	0.286333216011161
3203	0.15405165303571
3204	0.197566923653556
3205	0.173528926032994
3206	0.19254128191104
3207	0.195049864028433
3208	0.216525317287777
3209	0.235143356838757
3210	0.265308991411164
3211	0.277458962514561
3212	0.241640675430162
3213	0.168923647640194
3214	0.252303008042122
3215	0.296265065511142
3216	0.206692113493777
3217	0.156980078007103
3218	0.232373357838486
3219	0.20704501592753
3220	0.237180989363843
3221	0.214390492010617
3222	0.235139195637439
3223	0.233456170313696
3224	0.259304739779183
3225	0.208798167569361
3226	0.210739455702761
3227	0.249093027316729
3228	0.247762294800749
3229	0.227507050544991
3230	0.269963705437531
3231	0.252627133013572
3232	0.266731043649942
3233	0.210277745628207
3234	0.203122679031308
3235	0.284690722725705
3236	0.198957331537689
3237	0.226472321646144
3238	0.186503206058438
3239	0.25490883826319
3240	0.224349846048442
3241	0.23231655714807
3242	0.151178371047811
3243	0.339766209653428
3244	0.217146249046382
3245	0.282678251581098
3246	0.243803110232707
3247	0.240288405572896
3248	0.263653040900198
3249	0.259940043780027
3250	0.172767878827774
3251	0.133329767356429
3252	0.265483260524535
3253	0.25436895537628
3254	0.24306249705039
3255	0.194201121117794
3256	0.227314632693322
3257	0.234504222051273
3258	0.240920950303849
3259	0.279927696358392
3260	0.260880204895645
3261	0.196000248061209
3262	0.272388645138313
3263	0.179479637038053
3264	0.294081835424512
3265	0.234673907358655
3266	0.267595291738655
3267	0.189084032358471
3268	0.215121170239277
3269	0.243699506880447
3270	0.253179799599663
3271	0.255970892037138
3272	0.193645422592027
3273	0.210986694513411
3274	0.307784466141376
3275	0.197465063968666
3276	0.271843584526247
3277	0.248768557758172
3278	0.252147833810153
3279	0.219662007466023
3280	0.248602055352043
3281	0.217163608592111
3282	0.219396174426051
3283	0.261996617430856
3284	0.233135250366334
3285	0.291587194659062
3286	0.236108046813638
3287	0.16199564346959
3288	0.240252510614199
3289	0.304639952247789
3290	0.189814113679227
3291	0.281071431381972
3292	0.276073538392948
3293	0.198151766477006
3294	0.21076673521667
3295	0.257175376926245
3296	0.186222073877558
3297	0.302674863040626
3298	0.188638528968133
3299	0.314616207746799
3300	0.248126487824145
3301	0.274706696503414
3302	0.299117770977071
3303	0.233881110083305
3304	0.267819403022129
3305	0.256595991581036
3306	0.26295804935466
3307	0.285792143322621
3308	0.252542770415811
3309	0.272162160830969
3310	0.262003808159503
3311	0.25085258044299
3312	0.266021081016257
3313	0.199692255719244
3314	0.191268716051571
3315	0.16480939944526
3316	0.173484384572863
3317	0.264211988889684
3318	0.248969471574375
3319	0.210404864848285
3320	0.206431673184632
3321	0.254471201642284
3322	0.239313328391864
3323	0.254601921878626
3324	0.231509908912217
3325	0.181327510732336
3326	0.336607485096429
3327	0.210069741978668
3328	0.249499832728451
3329	0.216655524259638
3330	0.207683078257079
3331	0.185988484041765
3332	0.300388510297419
3333	0.170252004669149
3334	0.255439486750851
3335	0.213292702041274
3336	0.248432434025233
3337	0.210776171854158
3338	0.267633596286877
3339	0.247828878201394
3340	0.23666498795692
3341	0.216080829564853
3342	0.208309272183829
3343	0.183042732020054
3344	0.20814097281133
3345	0.215906994417272
3346	0.284239585735325
3347	0.218116888528945
3348	0.200235663480074
3349	0.329788050528999
3350	0.314544837387287
3351	0.251701496017724
3352	0.266315435259095
3353	0.263183546530416
3354	0.25857349248197
3355	0.227327758484073
3356	0.195920368673174
3357	0.193576945338504
3358	0.265709454892867
3359	0.196081552375441
3360	0.323487441093018
3361	0.20684476131464
3362	0.213910598578074
3363	0.187971141745225
3364	0.177638664352669
3365	0.238825251906297
3366	0.206370010992493
3367	0.221598660094852
3368	0.241268307407756
3369	0.257180797162133
3370	0.23637158148764
3371	0.228364110027955
3372	0.189832403012312
3373	0.175096874947646
3374	0.207450018247394
3375	0.183326585366579
3376	0.279371851501507
3377	0.239014179996498
3378	0.251505258940834
3379	0.22850051445356
3380	0.156552218787376
3381	0.172373221020171
3382	0.210397366318563
3383	0.179528949457284
3384	0.286648679414878
3385	0.150806711571051
3386	0.272287068711968
3387	0.17804494579693
3388	0.195556075536194
3389	0.174100691568572
3390	0.28607989750984
3391	0.216773841637634
3392	0.263600205314104
3393	0.271819551535336
3394	0.3055333182111
3395	0.379547265180724
3396	0.224276240002409
3397	0.259032839448872
3398	0.27949843893297
3399	0.159592931832411
3400	0.206746206882511
3401	0.175075774955623
3402	0.181095230749123
3403	0.242085627472858
3404	0.224921134540034
3405	0.205386898952985
3406	0.245635291737116
3407	0.233153861273603
3408	0.162417479988566
3409	0.24445314763289
3410	0.28451268340531
3411	0.182106212324612
3412	0.234401518766472
3413	0.236820711355948
3414	0.271178804491901
3415	0.261599050646087
3416	0.246614148972071
3417	0.206361137014336
3418	0.322763198824956
3419	0.22194935274895
3420	0.222697598032105
3421	0.27637742201458
3422	0.229400301193315
3423	0.222605853169459
3424	0.230872384634773
3425	0.246225902944732
3426	0.24258888362262
3427	0.181277208415856
3428	0.255990689699775
3429	0.326670270144734
3430	0.226614058004632
3431	0.208720303805167
3432	0.234579777042743
3433	0.217785323062932
3434	0.134874816638557
3435	0.240447879698352
3436	0.25627494209245
3437	0.226606380103052
3438	0.22898014787458
3439	0.248064857614875
3440	0.150873378254926
3441	0.25846628366518
3442	0.232211693230355
3443	0.25430323910305
3444	0.187888698907356
3445	0.20819772938217
3446	0.225383887259699
3447	0.247181465742244
3448	0.224109339983263
3449	0.23705162772708
3450	0.254375048959663
3451	0.219844840776551
3452	0.167350544460572
3453	0.28297760829261
3454	0.273794767806697
3455	0.365865569566895
3456	0.263576159413972
3457	0.231710548606765
3458	0.192719872221748
3459	0.26512829165818
3460	0.225337034187092
3461	0.248766736849835
3462	0.210830105334208
3463	0.208691242372163
3464	0.202231339492286
3465	0.244443989265476
3466	0.199327132821015
3467	0.275986883951877
3468	0.201951099030706
3469	0.27079097869534
3470	0.202227480616062
3471	0.214014481491543
3472	0.122038247050312
3473	0.209646040689628
3474	0.269132570607661
3475	0.258350599950483
3476	0.260701598582864
3477	0.240854385686005
3478	0.269139324696162
3479	0.22126072931143
3480	0.130598575336899
3481	0.205394092544813
3482	0.255481668999814
3483	0.244853339582111
3484	0.191340148331779
3485	0.233459168235359
3486	0.188133884171772
3487	0.224338026485035
3488	0.257045132193924
3489	0.189316093575977
3490	0.288747728540513
3491	0.200967244504485
3492	0.276624100628355
3493	0.311522348982099
3494	0.148814748768258
3495	0.196938821867705
3496	0.137367756886983
3497	0.229574937708581
3498	0.257310409240633
3499	0.189968456897916
3500	0.141146824867466
3501	0.174389105917824
3502	0.241508745972745
3503	0.285875826644009
3504	0.266022659157696
3505	0.188401939203604
3506	0.31023551908554
3507	0.181053864633847
3508	0.205430188067705
3509	0.19374206311487
3510	0.21929864334829
3511	0.312327571800635
3512	0.290888335973618
3513	0.231769403374461
3514	0.204893876254208
3515	0.2669935117044
3516	0.181224126240637
3517	0.16146585533417
3518	0.174057087272778
3519	0.237287015123462
3520	0.17162375363445
3521	0.284213147048585
3522	0.243352117575525
3523	0.223593855083738
3524	0.202972042967287
3525	0.191977675254074
3526	0.19537437743553
3527	0.221736427634049
3528	0.1954106478697
3529	0.206491029379836
3530	0.315252014032104
3531	0.266165302113597
3532	0.271091930282684
3533	0.255919556899193
3534	0.169616762341934
3535	0.31817498387525
3536	0.303866638774856
3537	0.270759038061088
3538	0.303151526397621
3539	0.239597893326914
3540	0.216498670584468
3541	0.265910924705314
3542	0.190138369722746
3543	0.297497877717762
3544	0.219149459515565
3545	0.243236031635187
3546	0.273391628501237
3547	0.169190364729772
3548	0.277867011267384
3549	0.261930471969528
3550	0.214269188825852
3551	0.33689273546472
3552	0.187857043568001
3553	0.231978907922378
3554	0.241024917396674
3555	0.194533081311726
3556	0.231443667153081
3557	0.211317123830462
3558	0.228048273787178
3559	0.278144113159099
3560	0.185148085464167
3561	0.183344171563525
3562	0.254810661962251
3563	0.183655063597918
3564	0.197926885746598
3565	0.268587752367718
3566	0.249911887427356
3567	0.17612928090172
3568	0.145105209675123
3569	0.340773283555776
3570	0.225434019756237
3571	0.228933240928449
3572	0.226881327196486
3573	0.229347937598655
3574	0.248457959789415
3575	0.231720751365243
3576	0.229199195653764
3577	0.221441258583631
3578	0.181872820148267
3579	0.185746216892977
3580	0.235045428264144
3581	0.32439831834022
3582	0.130338170966625
3583	0.169535082460388
3584	0.258285798711597
3585	0.152833212878236
3586	0.163622013376667
3587	0.200447058551112
3588	0.204571026978962
3589	0.193879818338383
3590	0.230456072795231
3591	0.190389297449942
3592	0.253104881166887
3593	0.226255669660128
3594	0.263390826889825
3595	0.241025371461787
3596	0.262280715484419
3597	0.187547134550828
3598	0.227040182744231
3599	0.265769276726395
3600	0.260718804629261
3601	0.184911338935052
3602	0.214602348806806
3603	0.237301774173917
3604	0.231371000113087
3605	0.282486888738824
3606	0.239040201910413
3607	0.230025076694847
3608	0.208666099991656
3609	0.268349101023751
3610	0.216654458744867
3611	0.23435532531496
3612	0.258415791660665
3613	0.218437090646585
3614	0.217636411203309
3615	0.217262051412382
3616	0.304896244864161
3617	0.172245023873301
3618	0.257339777543651
3619	0.241959894131781
3620	0.235211012769743
3621	0.229359308596387
3622	0.318420501824076
3623	0.172126071419051
3624	0.237848806026564
3625	0.23030443768329
3626	0.258674325965893
3627	0.200620064825297
3628	0.337886565534005
3629	0.232052166813779
3630	0.174848528662971
3631	0.251799106658944
3632	0.229392412441892
3633	0.214304062106543
3634	0.238625390381954
3635	0.242364304284319
3636	0.252453737369642
3637	0.261932132149558
3638	0.220489736042298
3639	0.24021734816961
3640	0.219008883419903
3641	0.261095759725763
3642	0.251696321110389
3643	0.244974276580828
3644	0.254161840250716
3645	0.215010039983305
3646	0.199483827108658
3647	0.216675114087879
3648	0.273448406734338
3649	0.259723492639994
3650	0.250454419949493
3651	0.205268563411229
3652	0.175469012732672
3653	0.215458176966906
3654	0.18397936129361
3655	0.270608131608044
3656	0.280592973466412
3657	0.21456698044165
3658	0.198297133689007
3659	0.243230498840364
3660	0.207124929455061
3661	0.159998663724623
3662	0.180402401644182
3663	0.215259466967069
3664	0.191970271893601
3665	0.272947470071623
3666	0.202595347762886
3667	0.23339010468115
3668	0.216435666433406
3669	0.264611330538773
3670	0.171516823340028
3671	0.198062751645974
3672	0.21234694633451
3673	0.212029447474345
3674	0.254370537363823
3675	0.204045439702632
3676	0.296411133963376
3677	0.273953874890106
3678	0.276448015311709
3679	0.253548887973259
3680	0.206562262295951
3681	0.286586168996748
3682	0.279532641266155
3683	0.246641725396916
3684	0.195996112073926
3685	0.244223631099291
3686	0.264345361952172
3687	0.201545553267132
3688	0.224500202810794
3689	0.22914079596456
3690	0.137460915856617
3691	0.193829549696287
3692	0.353944539247156
3693	0.251193848400492
3694	0.241571700812643
3695	0.198149214008639
3696	0.172020262553361
3697	0.219825754615733
3698	0.212060977064104
3699	0.210550316665658
3700	0.2561154134789
3701	0.336412520254976
3702	0.200486080167021
3703	0.279449887109348
3704	0.275063525400094
3705	0.269724973611258
3706	0.245292790700685
3707	0.220139598936159
3708	0.239049189148262
3709	0.243961560750111
3710	0.257663455148015
3711	0.25141004481205
3712	0.209196380521069
3713	0.270803685348543
3714	0.304315151517617
3715	0.215956976840738
3716	0.278055882653581
3717	0.231005817072372
3718	0.220852952150202
3719	0.221935437382539
3720	0.183676153766597
3721	0.230255325914188
3722	0.241123333516939
3723	0.170924410859105
3724	0.257772039039066
3725	0.137557135058603
3726	0.229902359385324
3727	0.17567911286565
3728	0.217808249988496
3729	0.200174924663539
3730	0.290090822835005
3731	0.309711655396805
3732	0.226732665947803
3733	0.231384057705777
3734	0.248354990127385
3735	0.250052336247346
3736	0.240819333199261
3737	0.211274594706183
3738	0.19979113869004
3739	0.15836504863959
3740	0.271714408940559
3741	0.297050979320469
3742	0.278843925265508
3743	0.228021927636749
3744	0.231762451483324
3745	0.18332141864474
3746	0.188829905326435
3747	0.187201558463662
3748	0.168448951727504
3749	0.184651871075364
3750	0.269897563835904
3751	0.244681874229525
3752	0.214312578780854
3753	0.32317442914072
3754	0.229605997166451
3755	0.223537929959794
3756	0.14219151182907
3757	0.18705766257291
3758	0.221505205227118
3759	0.292399099358696
3760	0.261465685603791
3761	0.236944598963764
3762	0.272880575386083
3763	0.281981237826956
3764	0.150345760486326
3765	0.271084738329414
3766	0.232909649887361
3767	0.197010954178698
3768	0.150377345750563
3769	0.244949831660652
3770	0.256711213065327
3771	0.268003364525465
3772	0.278601017105098
3773	0.2405084063981
3774	0.195082627708163
3775	0.205734933034063
3776	0.258175511459888
3777	0.237718608993718
3778	0.207168365637404
3779	0.25374305989397
3780	0.230444824297653
3781	0.191967679579765
3782	0.269394532581598
3783	0.15049433664913
3784	0.182241821789284
3785	0.23376436859974
3786	0.242086320042234
3787	0.276900212170312
3788	0.198686279690015
3789	0.162576252180972
3790	0.15436520636858
3791	0.185389912728259
3792	0.191811995342451
3793	0.291522391675055
3794	0.274817315917101
3795	0.204769860891102
3796	0.246437205352867
3797	0.252343458249332
3798	0.209358435850704
3799	0.22581499951929
3800	0.1799887591328
3801	0.219339419039052
3802	0.188699874309564
3803	0.206247216774558
3804	0.22620433284544
3805	0.169708464242311
3806	0.174475967538345
3807	0.236429873201725
3808	0.303054067720481
3809	0.297839479846569
3810	0.196427591231093
3811	0.278535554423372
3812	0.18029638561205
3813	0.229729021071014
3814	0.332567682380181
3815	0.268737614022399
3816	0.20604875570825
3817	0.242806378966298
3818	0.221042588697764
3819	0.237336548734539
3820	0.17599077697754
3821	0.222868860787715
3822	0.198331031579124
3823	0.297631740295312
3824	0.149635982881484
3825	0.211244271407751
3826	0.179492410695418
3827	0.212899283210822
3828	0.21668485517744
3829	0.188788390409991
3830	0.237559676127666
3831	0.210738537104374
3832	0.24471520605608
3833	0.259375773971065
3834	0.203563061212879
3835	0.245813665001709
3836	0.177431524312378
3837	0.24553324847371
3838	0.213791674712067
3839	0.206879207662891
3840	0.185219443990692
3841	0.296380960873986
3842	0.246382921830629
3843	0.25576104911643
3844	0.195658912859968
3845	0.238059205048056
3846	0.227816556482069
3847	0.219468243923018
3848	0.23349764688393
3849	0.154694982650492
3850	0.199863712445483
3851	0.274095624410163
3852	0.244139425816088
3853	0.222471257043999
3854	0.294929525600407
3855	0.223097117088762
3856	0.263232580153381
3857	0.264965016492195
3858	0.220502514841518
3859	0.246639584025973
3860	0.27455920752802
3861	0.279894380086102
3862	0.211705192846423
3863	0.201931902079993
3864	0.20529440390146
3865	0.240370425370057
3866	0.156315746726884
3867	0.25112119250096
3868	0.205527470823961
3869	0.277225196702486
3870	0.324884301280652
3871	0.242185562404745
3872	0.195590965931902
3873	0.24890852738582
3874	0.17352474999258
3875	0.233972880139092
3876	0.228665987243473
3877	0.199860856430034
3878	0.262042648104122
3879	0.254450859201056
3880	0.216580436763724
3881	0.253656297003049
3882	0.253982066545531
3883	0.26203027350005
3884	0.230688324051802
3885	0.245510323733961
3886	0.216552523342823
3887	0.226601422913696
3888	0.160468532288032
3889	0.206109938480606
3890	0.235873934295294
3891	0.293825420660916
3892	0.218596137152848
3893	0.265242791976234
3894	0.200571210994203
3895	0.240544065498446
3896	0.245558529277509
3897	0.225671687540531
3898	0.178735380599913
3899	0.181144129068008
3900	0.323553212265177
3901	0.251394191933884
3902	0.295954450218729
3903	0.158595417058321
3904	0.220779699758983
3905	0.196188127235946
3906	0.194821873346432
3907	0.251232577610619
3908	0.30309245116614
3909	0.178054183164226
3910	0.24170998455272
3911	0.197535089523671
3912	0.18769605236428
3913	0.29920644292655
3914	0.196434680306946
3915	0.161428557232873
3916	0.206251744191384
3917	0.291312448226514
3918	0.249672496433139
3919	0.225660057521385
3920	0.214920890809461
3921	0.250201143774816
3922	0.266103874346799
3923	0.187436179665068
3924	0.252026113709875
3925	0.277490300580518
3926	0.249351813410968
3927	0.26753271643852
3928	0.211211434013894
3929	0.241858931218072
3930	0.247041322681604
3931	0.249850421574655
3932	0.244711071005947
3933	0.266197697517192
3934	0.128638846705059
3935	0.257944419245923
3936	0.180073734055322
3937	0.26651340814252
3938	0.269968188753328
3939	0.251317254202797
3940	0.2561877450103
3941	0.203217839748205
3942	0.292456667186035
3943	0.278099704241753
3944	0.327153114865059
3945	0.225082311969372
3946	0.26836095057101
3947	0.292380261698019
3948	0.213122767790644
3949	0.332183614050569
3950	0.217693504945663
3951	0.2127172234521
3952	0.267699080416792
3953	0.232809846295982
3954	0.236570257744525
3955	0.245453348629257
3956	0.216266048076661
3957	0.282247942965016
3958	0.232877107446459
3959	0.219947044765994
3960	0.219817419972751
3961	0.189299070515198
3962	0.253151304791289
3963	0.287647522644501
3964	0.27078674025692
3965	0.273731336968859
3966	0.246949365962473
3967	0.287004646388671
3968	0.233324375481655
3969	0.288208156889687
3970	0.224797093395043
3971	0.263273519409601
3972	0.148314654041459
3973	0.289544719213224
3974	0.234400804645401
3975	0.236378431153536
3976	0.269359687231471
3977	0.280914327625417
3978	0.28324351019601
3979	0.238040303243466
3980	0.245638517188918
3981	0.213492766848898
3982	0.260396118627222
3983	0.291455052589312
3984	0.23155182292511
3985	0.194128136626934
3986	0.253408769543174
3987	0.195285433431479
3988	0.24672158582276
3989	0.263399915242025
3990	0.180746604259703
3991	0.288132953374813
3992	0.213988669217749
3993	0.289785122298508
3994	0.225924151193263
3995	0.202660699214818
3996	0.21970340740535
3997	0.239567251570493
3998	0.310673291108733
3999	0.188130216256187
4000	0.261594469151243
4001	0.226846779966592
4002	0.204819670710392
4003	0.21354755931452
4004	0.229464072962978
4005	0.263365498884408
4006	0.263018727717511
4007	0.151403579487978
4008	0.270618149751578
4009	0.195614486230159
4010	0.21428037203086
4011	0.244540864880964
4012	0.267499941478108
4013	0.197293177286394
4014	0.194062855765396
4015	0.211232482840615
4016	0.217287696502615
4017	0.200474723951437
4018	0.213032924144994
4019	0.209362411733928
4020	0.233929616328754
4021	0.268573110589663
4022	0.239285819475201
4023	0.309582702332417
4024	0.227118822150222
4025	0.284027313269478
4026	0.310963966323354
4027	0.32052843775314
4028	0.204936488274894
4029	0.321719979274106
4030	0.204152103757181
4031	0.259732670982792
4032	0.251669780667148
4033	0.314008717146187
4034	0.210453378868492
4035	0.263444631583943
4036	0.287316920835187
4037	0.281071095309503
4038	0.234846514274206
4039	0.178944045372892
4040	0.214943980648622
4041	0.187552804370597
4042	0.159359708654803
4043	0.156032806815217
4044	0.272066301923578
4045	0.185936891537663
4046	0.254424545774503
4047	0.219377885153891
4048	0.209543926249876
4049	0.235762024803994
4050	0.262602421352147
4051	0.230413034326373
4052	0.191518267630045
4053	0.252420139917251
4054	0.227099702809362
4055	0.200199961901057
4056	0.224303650583285
4057	0.266338089109864
4058	0.239966402933534
4059	0.229930915036465
4060	0.227427244837233
4061	0.239420323615025
4062	0.293243135324783
4063	0.258658047216252
4064	0.244257859477886
4065	0.248947963380717
4066	0.245790630525621
4067	0.201106366087423
4068	0.214249195745239
4069	0.180930568474723
4070	0.271525214793891
4071	0.207516547385334
4072	0.251737449544157
4073	0.206675653734559
4074	0.243326223814277
4075	0.273727773833706
4076	0.322405343392893
4077	0.191532007353171
4078	0.243500159141683
4079	0.256295937547608
4080	0.226610652657917
4081	0.150792035118908
4082	0.183170348870125
4083	0.235051241231174
4084	0.265440219501301
4085	0.253181636349018
4086	0.220834360444324
4087	0.11562543806703
4088	0.257575768646411
4089	0.220689503928051
4090	0.251712188885968
4091	0.188165730710908
4092	0.274916419991782
4093	0.241852048400728
4094	0.291099515396659
4095	0.203785737275982
4096	0.227019238434893
4097	0.265206525205449
4098	0.20581388648573
4099	0.303741389510954
4100	0.312762164934394
4101	0.278628962161388
4102	0.267273342647255
4103	0.235238020606793
4104	0.284556468809366
4105	0.21513348492901
4106	0.189703201126094
4107	0.206249682772394
4108	0.256377047369628
4109	0.250590940174595
4110	0.258000449076249
4111	0.240618231957267
4112	0.20007690246103
4113	0.276592795889175
4114	0.306533978139831
4115	0.17701539624391
4116	0.248188359417938
4117	0.23495008254806
4118	0.211324056323244
4119	0.29112378021499
4120	0.291156665493285
4121	0.184592079816994
4122	0.162631187282862
4123	0.287764502117619
4124	0.210840921591195
4125	0.154716175547733
4126	0.240395347014455
4127	0.228398573136315
4128	0.238901765918798
4129	0.17161515377386
4130	0.155400564457307
4131	0.22777352877517
4132	0.298362248188388
4133	0.183500512314552
4134	0.203080441488337
4135	0.197495398555123
4136	0.222289564438308
4137	0.190029120023208
4138	0.250981952162311
4139	0.213140345935926
4140	0.223428703188663
4141	0.220940744650418
4142	0.261170663414189
4143	0.202687389125974
4144	0.247682843871279
4145	0.271068840080519
4146	0.253693892132733
4147	0.269232424694149
4148	0.226000646056433
4149	0.195580124335442
4150	0.196261054464937
4151	0.228707487290567
4152	0.260407315037808
4153	0.23102629376533
4154	0.212232479219934
4155	0.121078420495334
4156	0.206785270506012
4157	0.256304012858686
4158	0.240857956256014
4159	0.224305090504436
4160	0.283906444506142
4161	0.187583038110546
4162	0.265950774460285
4163	0.231219272009704
4164	0.280492350593394
4165	0.235653997119107
4166	0.25306544979382
4167	0.275045763872071
4168	0.266427003591663
4169	0.23255787488004
4170	0.218427655265242
4171	0.265023847007907
4172	0.138998882371192
4173	0.228522984551374
4174	0.241430766645094
4175	0.228484247416067
4176	0.208872194465055
4177	0.185893155761694
4178	0.238348598545688
4179	0.35890415520454
4180	0.187520176585261
4181	0.296039489584079
4182	0.27862712022674
4183	0.223549561800274
4184	0.194093235068546
4185	0.234456036164279
4186	0.187732232058673
4187	0.241279155496243
4188	0.244780658460025
4189	0.269238556084238
4190	0.219807185035072
4191	0.248413816907133
4192	0.307965000092947
4193	0.210206648964237
4194	0.266030529329263
4195	0.237503822485849
4196	0.152726399818808
4197	0.261302276846861
4198	0.320915155274029
4199	0.289714645019022
4200	0.23625636437614
4201	0.183255715787728
4202	0.264003684487942
4203	0.195011861916114
4204	0.253510662466848
4205	0.223041289782556
4206	0.22810307969294
4207	0.224672591539262
4208	0.266909532433263
4209	0.282260437661058
4210	0.295487183043027
4211	0.232853842588162
4212	0.234453988230069
4213	0.294438376677466
4214	0.254285647727256
4215	0.234897939725137
4216	0.253531773373949
4217	0.250954140604922
4218	0.269538989898266
4219	0.205457353316275
4220	0.178322648777294
4221	0.271957126661449
4222	0.302943120048889
4223	0.234573416962021
4224	0.270908863340643
4225	0.224866582522905
4226	0.220906112068563
4227	0.214495589955835
4228	0.252104378044412
4229	0.212479757489733
4230	0.222748135030768
4231	0.218499614946862
4232	0.192284879000652
4233	0.25586677230058
4234	0.204357211356335
4235	0.25500869489565
4236	0.270266949768459
4237	0.262214537527721
4238	0.276375722526077
4239	0.306632466486079
4240	0.246796493822318
4241	0.251988253292162
4242	0.196907951218694
4243	0.251393233364996
4244	0.228120549781774
4245	0.214637300502699
4246	0.191337593040427
4247	0.179293755287384
4248	0.19997440068807
4249	0.270847976140591
4250	0.277472012292345
4251	0.262331712189541
4252	0.239292090028208
4253	0.297257326984961
4254	0.174353941314967
4255	0.250185643245742
4256	0.236221590108394
4257	0.302551948529325
4258	0.270683741250136
4259	0.180008899893583
4260	0.251619442738809
4261	0.263489394316911
4262	0.168660981880279
4263	0.264435858679598
4264	0.218665046432657
4265	0.239963140211389
4266	0.228290473441775
4267	0.279156759335424
4268	0.168906894328279
4269	0.264637128900953
4270	0.207181315893619
4271	0.254549624137261
4272	0.16551332055453
4273	0.253148930061765
4274	0.219455083393519
4275	0.256242773011878
4276	0.299390890434864
4277	0.26761101476416
4278	0.197902463547183
4279	0.194897886135728
4280	0.212416685674706
4281	0.197845162451528
4282	0.322697290621027
4283	0.174621031332807
4284	0.298595832535324
4285	0.268830630837021
4286	0.174399248677015
4287	0.228250578859755
4288	0.159745463348221
4289	0.229725860413345
4290	0.248623921965836
4291	0.170413556452209
4292	0.200464005736749
4293	0.237827834287552
4294	0.223895571600614
4295	0.228971325135477
4296	0.209825145764352
4297	0.217438519631371
4298	0.26152638250073
4299	0.235273509506839
4300	0.220505004232932
4301	0.214168093053416
4302	0.25935975963535
4303	0.237861560276283
4304	0.225472682280649
4305	0.208099363504153
4306	0.128520847102923
4307	0.229189061890367
4308	0.298331646975929
4309	0.242644547190445
4310	0.28303814445873
4311	0.192633179310753
4312	0.245720407435669
4313	0.19672467583403
4314	0.267617316292974
4315	0.220234573546149
4316	0.268043331091857
4317	0.23520264614424
4318	0.234328014763899
4319	0.259083758273567
4320	0.307723310790127
4321	0.228184434819585
4322	0.218465946864116
4323	0.232420505687506
4324	0.261778997590596
4325	0.285939865461092
4326	0.154565498482104
4327	0.226087771401748
4328	0.211359971614225
4329	0.242248826549808
4330	0.233211654553923
4331	0.241596866747771
4332	0.161590034008614
4333	0.180415409288183
4334	0.239661006707513
4335	0.214863722838926
4336	0.109731606462997
4337	0.177370257529721
4338	0.262326100396405
4339	0.333073877882413
4340	0.141027387717461
4341	0.299667075284095
4342	0.17271655732907
4343	0.211397847993938
4344	0.192955285464029
4345	0.208326677706867
4346	0.237876772307275
4347	0.202149396894617
4348	0.279483779826591
4349	0.256161890662063
4350	0.281211159691463
4351	0.259790053991504
4352	0.199221466849815
4353	0.238620594911806
4354	0.22748917184588
4355	0.265726490761288
4356	0.264295128742094
4357	0.269167711334213
4358	0.245650687038905
4359	0.240345449619762
4360	0.261577837586176
4361	0.291410009739693
4362	0.24460020388976
4363	0.209686724266663
4364	0.236897970103468
4365	0.268385356689042
4366	0.313634113315766
4367	0.297368226336818
4368	0.197977433635934
4369	0.288323078099018
4370	0.225714241453693
4371	0.228307014646568
4372	0.30617103748462
4373	0.182516515052782
4374	0.265223922770335
4375	0.220312972459218
4376	0.25309848801791
4377	0.348739878823997
4378	0.210889980009915
4379	0.217247284773252
4380	0.254951994855876
4381	0.177980229275659
4382	0.165889767958183
4383	0.284938717403464
4384	0.313600840191702
4385	0.241605419641677
4386	0.167380490207592
4387	0.222190330727306
4388	0.228109213123802
4389	0.246227080112909
4390	0.207390215845365
4391	0.202707375847311
4392	0.239112677350827
4393	0.241966438944804
4394	0.171562176958354
4395	0.19547106644508
4396	0.279333934364059
4397	0.25513456665549
4398	0.265754909744879
4399	0.184491125541519
4400	0.164039659472769
4401	0.194596315966959
4402	0.229770370828887
4403	0.239041448369715
4404	0.248161136930598
4405	0.26617679842314
4406	0.279255652756646
4407	0.259427907800066
4408	0.24252048689126
4409	0.203198207050356
4410	0.277235282577415
4411	0.334379612261843
4412	0.245877977400376
4413	0.227210703873754
4414	0.263220186477415
4415	0.297466718557296
4416	0.248951285826917
4417	0.226178052848973
4418	0.23387359563123
4419	0.183040058088248
4420	0.276196067572974
4421	0.28925680204857
4422	0.233173352797766
4423	0.219889136511069
4424	0.228252863592262
4425	0.198439967221905
4426	0.210008528727308
4427	0.182504639892048
4428	0.240210015614991
4429	0.212499768579132
4430	0.280877216561805
4431	0.221298856155957
4432	0.260484003280014
4433	0.222527249512734
4434	0.24069733370923
4435	0.234558460492253
4436	0.151455871186909
4437	0.133932506205146
4438	0.247225050855577
4439	0.219226458301036
4440	0.328605708863364
4441	0.167346191625512
4442	0.19666155541807
4443	0.247641117544168
4444	0.230276034333335
4445	0.210655833673695
4446	0.261302652049602
4447	0.181977696272389
4448	0.254928002524777
4449	0.268989259723155
4450	0.216325003811337
4451	0.2579582773936
4452	0.225987825895106
4453	0.258127593647072
4454	0.236168580108295
4455	0.206447364050499
4456	0.279082915828139
4457	0.184347605018755
4458	0.193282655382759
4459	0.256398343542108
4460	0.225188864234632
4461	0.181502692786582
4462	0.210546833878654
4463	0.190047940196931
4464	0.21277292715256
4465	0.216781645252442
4466	0.2131428119724
4467	0.316821535578333
4468	0.279994669069411
4469	0.288150470331338
4470	0.252032302151623
4471	0.215060687979877
4472	0.290857519980526
4473	0.231608291099043
4474	0.248631101044865
4475	0.164828246060562
4476	0.173268169069748
4477	0.165492395014403
4478	0.218159610552753
4479	0.264958724039121
4480	0.226688067854923
4481	0.251486423274814
4482	0.233939858298098
4483	0.27761439105023
4484	0.187326729681532
4485	0.257028391607316
4486	0.260578487533527
4487	0.195977894621766
4488	0.253176025774561
4489	0.274121569727424
4490	0.215736559491039
4491	0.225041143896385
4492	0.313741241353097
4493	0.187605758256134
4494	0.16383220508869
4495	0.252588804917716
4496	0.208794575081017
4497	0.204567416763018
4498	0.288781065539743
4499	0.178449554833507
4500	0.272633170106329
4501	0.22346187962974
4502	0.18156830013091
4503	0.223701331174936
4504	0.250245513599899
4505	0.264387416144765
4506	0.269524776351537
4507	0.223984326313575
4508	0.298031132103889
4509	0.190655112779935
4510	0.246850338804151
4511	0.206918059033407
4512	0.179616091955796
4513	0.182905864723643
4514	0.229828838205199
4515	0.23609537830535
4516	0.269883970853939
4517	0.172130198873934
4518	0.220275881197684
4519	0.256418719884837
4520	0.225874009705466
4521	0.228842582861218
4522	0.229434079655877
4523	0.190749645027606
4524	0.172360287026424
4525	0.172391136925663
4526	0.289404560721026
4527	0.201827342487435
4528	0.286207186458905
4529	0.258030532967109
4530	0.243252884986748
4531	0.227788268639784
4532	0.196270831378092
4533	0.273505127925845
4534	0.201036176830282
4535	0.214758217079574
4536	0.25885243442538
4537	0.258630189900098
4538	0.272437451804297
4539	0.10183735070601
4540	0.174970753258048
4541	0.275832761726896
4542	0.21188746358478
4543	0.242707833676683
4544	0.235276359308857
4545	0.239197659637941
4546	0.22428363797772
4547	0.324737278657747
4548	0.223855700675844
4549	0.261526944298805
4550	0.286341460522812
4551	0.233023475965153
4552	0.276710204090884
4553	0.299534384933864
4554	0.262558633256363
4555	0.262900512137318
4556	0.227461473814586
4557	0.183733906109216
4558	0.240750404973754
4559	0.2728117964488
4560	0.194478136838177
4561	0.175284553185836
4562	0.286920753469062
4563	0.209088373086929
4564	0.230562918993151
4565	0.239144474601045
4566	0.280358667103965
4567	0.245853730727117
4568	0.172108420727329
4569	0.220097936119306
4570	0.273925916208772
4571	0.242535241745939
4572	0.20688375422115
4573	0.217950988614621
4574	0.219132824848995
4575	0.265496700798011
4576	0.268929308981501
4577	0.241119857787829
4578	0.231498861483898
4579	0.319093708442343
4580	0.281988480015709
4581	0.250240526513318
4582	0.244236861837661
4583	0.26024913573503
4584	0.278262635140974
4585	0.331913511230638
4586	0.242249953231996
4587	0.212381954934293
4588	0.128024693598533
4589	0.27982412824825
4590	0.268461088592193
4591	0.267013700733299
4592	0.203619288220569
4593	0.277836149117871
4594	0.186251322978089
4595	0.287853439656188
4596	0.181563270523302
4597	0.188984964577675
4598	0.233158777531867
4599	0.28442835817301
4600	0.270726866407897
4601	0.256387965409986
4602	0.162583905437054
4603	0.323099851156499
4604	0.103452839899997
4605	0.265389423963066
4606	0.246103743963621
4607	0.262059155313469
4608	0.24776798128793
4609	0.213054570414843
4610	0.147500826250998
4611	0.296598723474578
4612	0.18365017295178
4613	0.210367068927258
4614	0.185527824160166
4615	0.289382005650943
4616	0.256083227117864
4617	0.197372517846899
4618	0.171074422023701
4619	0.234959851578071
4620	0.160659716336631
4621	0.208084158980915
4622	0.178312965373215
4623	0.171116213926348
4624	0.188406580717367
4625	0.240537364993596
4626	0.213872780656675
4627	0.284041452541833
4628	0.265357120965903
4629	0.206471288680129
4630	0.160650985220028
4631	0.292884158429361
4632	0.258953674357313
4633	0.202807523319078
4634	0.215330644041667
4635	0.237425074302537
4636	0.285919937964526
4637	0.228128765461129
4638	0.291929440259766
4639	0.316225122715611
4640	0.186700236085714
4641	0.167630344321981
4642	0.222376492060783
4643	0.288551380220258
4644	0.332610155491913
4645	0.296691590434986
4646	0.209211036220716
4647	0.23209558023353
4648	0.199168789821485
4649	0.291106018418702
4650	0.220158949845197
4651	0.241391539971518
4652	0.152943220519331
4653	0.206240724705789
4654	0.221419713557698
4655	0.299866645881402
4656	0.239915252333474
4657	0.242612257213399
4658	0.171621065482835
4659	0.246271873830199
4660	0.179961685836724
4661	0.182201966399439
4662	0.231282829692318
4663	0.185418342801943
4664	0.179814584356044
4665	0.320497199583763
4666	0.26685190648444
4667	0.172917882522349
4668	0.229338447852807
4669	0.211369160857121
4670	0.220688769026363
4671	0.239956776406388
4672	0.228729641818392
4673	0.242473522061408
4674	0.181938762976934
4675	0.214440883413566
4676	0.171167047436534
4677	0.185500145124084
4678	0.279933977206713
4679	0.260557425461309
4680	0.198698642493363
4681	0.155913635669891
4682	0.230080666372061
4683	0.254181641433204
4684	0.264833923534162
4685	0.192037384490095
4686	0.249332693539813
4687	0.235334087805609
4688	0.179470530307027
4689	0.17418796905579
4690	0.230188032418299
4691	0.280141932738075
4692	0.177638600069007
4693	0.275922058951257
4694	0.201015217770319
4695	0.220584018775179
4696	0.222562182205991
4697	0.240397679903119
4698	0.181645444370317
4699	0.204999959080991
4700	0.214236943288031
4701	0.151964529098671
4702	0.176916525479221
4703	0.255579530987829
4704	0.186081904191006
4705	0.27677782032869
4706	0.230105088290198
4707	0.281714940009419
4708	0.221345360932298
4709	0.254386716613302
4710	0.287051584429771
4711	0.213083967231945
4712	0.264822139218194
4713	0.252385018035392
4714	0.220518388162752
4715	0.250831068828673
4716	0.254972172227465
4717	0.196971069559861
4718	0.223763390864178
4719	0.217371729456842
4720	0.217337153073972
4721	0.196560761025599
4722	0.28037089022799
4723	0.274326492343868
4724	0.214623084807956
4725	0.268387783995666
4726	0.285718551536179
4727	0.198296445412019
4728	0.283938572658756
4729	0.22271212244128
4730	0.255886655966825
4731	0.2475515667687
4732	0.216433928657569
4733	0.279614600355661
4734	0.205914812431493
4735	0.176859197022942
4736	0.257708565794197
4737	0.2711712684003
4738	0.197059493573097
4739	0.296090997018597
4740	0.247060562248915
4741	0.187063365709131
4742	0.25066453070575
4743	0.203998530602407
4744	0.242466210683285
4745	0.266308445848529
4746	0.263733290460576
4747	0.240429212220908
4748	0.180753105351418
4749	0.159396118292866
4750	0.285426008643417
4751	0.26006198061293
4752	0.221779833899819
4753	0.221532437299884
4754	0.303395419052359
4755	0.300283786454278
4756	0.225708484385391
4757	0.166061812315694
4758	0.21933111464302
4759	0.267110314062406
4760	0.239952298820335
4761	0.177650558620471
4762	0.206359991359672
4763	0.225873523624038
4764	0.158684819544567
4765	0.175390678143845
4766	0.200691404042988
4767	0.177227604007324
4768	0.207817479574127
4769	0.251931579062783
4770	0.275290618521102
4771	0.299013190144855
4772	0.269890329896559
4773	0.226870022579564
4774	0.240986590789977
4775	0.185520769774352
4776	0.239319467209144
4777	0.246080363167143
4778	0.272500899652588
4779	0.299949845102042
4780	0.27755463343691
4781	0.202355611783148
4782	0.119466544313149
4783	0.267380193622538
4784	0.288377565050334
4785	0.28131525748059
4786	0.199054001433856
4787	0.290031676787227
4788	0.226956148422601
4789	0.2731860958507
4790	0.202795857421962
4791	0.226285863289093
4792	0.213879015426308
4793	0.193064289366535
4794	0.210282448790935
4795	0.210499551078374
4796	0.250303590324922
4797	0.260167043348849
4798	0.212873429891227
4799	0.284006843228382
4800	0.246190614720072
4801	0.270531551602144
4802	0.234138484470361
4803	0.310460269512849
4804	0.193664783336425
4805	0.177556808441338
4806	0.222634643443991
4807	0.272295730480428
4808	0.225253483791268
4809	0.287955419467615
4810	0.235478599923537
4811	0.203476115155043
4812	0.205111627179389
4813	0.243136986193825
4814	0.242763179163714
4815	0.220306446116783
4816	0.169178581281524
4817	0.191553530942819
4818	0.214769605144231
4819	0.287142578621924
4820	0.205895109325178
4821	0.197371487696776
4822	0.281080896372043
4823	0.229948633362573
4824	0.163091376974986
4825	0.265641344049527
4826	0.216587146237554
4827	0.265735613985225
4828	0.218309244825659
4829	0.190290266798409
4830	0.228906855514735
4831	0.317887934205757
4832	0.230776519643461
4833	0.240692904284406
4834	0.268952585951011
4835	0.238032684916877
4836	0.274651636634876
4837	0.217344836338148
4838	0.351238567544781
4839	0.217308660676434
4840	0.219150697042974
4841	0.184865265443298
4842	0.233218944049826
4843	0.250465039021053
4844	0.266482577962765
4845	0.181955304403854
4846	0.219479207035556
4847	0.243937929624362
4848	0.17675418236701
4849	0.208272195222227
4850	0.204206294246895
4851	0.270210528321542
4852	0.301407408161005
4853	0.204677101366419
4854	0.175412019920876
4855	0.206770750204418
4856	0.184513329875918
4857	0.163347604583345
4858	0.232268158372631
4859	0.180769956358586
4860	0.216474847199895
4861	0.255128708531746
4862	0.183803096117753
4863	0.225012850805959
4864	0.153348782110161
4865	0.18712077072317
4866	0.270108880723845
4867	0.240928657774179
4868	0.227038165247976
4869	0.109097964462651
4870	0.171801010787196
4871	0.266966830088035
4872	0.232279515955475
4873	0.261221001114455
4874	0.189463641305375
4875	0.269327702412821
4876	0.17035549492578
4877	0.250958585814133
4878	0.182624422247767
4879	0.175287774235246
4880	0.229696149879241
4881	0.177506559742706
4882	0.260655876872539
4883	0.22459099506489
4884	0.211649510745291
4885	0.205140458784181
4886	0.197113389824644
4887	0.195042674486788
4888	0.294604091806479
4889	0.25849103500622
4890	0.302538361875602
4891	0.280334682699311
4892	0.207276046782594
4893	0.20393550967737
4894	0.196673523974252
4895	0.308948670159301
4896	0.253941209820791
4897	0.225452331305725
4898	0.245467715402777
4899	0.239245546374587
4900	0.253810204198596
4901	0.184208219054125
4902	0.193723249773439
4903	0.288033963949043
4904	0.212409758907619
4905	0.217202952127222
4906	0.252560706222661
4907	0.267334744555076
4908	0.224832666689852
4909	0.20755810313892
4910	0.228233369982578
4911	0.167479205948226
4912	0.245582479647621
4913	0.158486779150317
4914	0.212047727792315
4915	0.208770142626749
4916	0.256290764558058
4917	0.223570457216705
4918	0.231097943026843
4919	0.169221726556093
4920	0.202237192864684
4921	0.249188724672077
4922	0.231949550272855
4923	0.243886358282831
4924	0.305138589360825
4925	0.159122092528766
4926	0.231064942404597
4927	0.239019221406039
4928	0.156657714066378
4929	0.254264633270592
4930	0.240495250480838
4931	0.285998868981941
4932	0.289761286571408
4933	0.194240224028677
4934	0.18504479679862
4935	0.211363372661682
4936	0.202361101045702
4937	0.196469275204602
4938	0.258468550676173
4939	0.216757115141159
4940	0.233112976205296
4941	0.213876965604323
4942	0.222170616221701
4943	0.32678726586671
4944	0.236250569341973
4945	0.250573880894193
4946	0.264049336868754
4947	0.206639079621388
4948	0.239876146017719
4949	0.295849201439487
4950	0.170570534852508
4951	0.240188536868573
4952	0.257381917445909
4953	0.197432284474432
4954	0.128514538231918
4955	0.265346503874843
4956	0.262560654057788
4957	0.182184479415689
4958	0.189364312590206
4959	0.221204515393135
4960	0.236281655997154
4961	0.210075265200199
4962	0.19194371410798
4963	0.248260506997431
4964	0.193646837171859
4965	0.253397886090834
4966	0.181692375202797
4967	0.193461249090983
4968	0.293511073862618
4969	0.251443779669833
4970	0.242099970987979
4971	0.240868830173422
4972	0.138229404885018
4973	0.268442216958201
4974	0.253307023592088
4975	0.166813936910137
4976	0.158534341871652
4977	0.307281865502182
4978	0.189892168587925
4979	0.159391183429591
4980	0.324757399594938
4981	0.209827529179561
4982	0.216828453961651
4983	0.245551316672805
4984	0.17239889118605
4985	0.164236058769493
4986	0.257484991575019
4987	0.224320078569837
4988	0.234901414119556
4989	0.139644030557634
4990	0.201714916260574
4991	0.234959370700028
4992	0.230175439293456
4993	0.218162103248992
4994	0.25470183322349
4995	0.207602955338703
4996	0.241713392491088
4997	0.210530533572049
4998	0.189445807896749
4999	0.274365396431536
5000	0.239950267628765
5001	0.195620788294077
5002	0.255680314502819
5003	0.261452358637755
5004	0.245117330847602
5005	0.228123192579058
5006	0.271161573989465
5007	0.17723875909484
5008	0.232357862844283
5009	0.251014235574562
5010	0.29394703390372
5011	0.281937997509
5012	0.220098289647058
5013	0.268262962346207
5014	0.274918374338697
5015	0.230832820952262
5016	0.203270379160313
5017	0.197566905021955
5018	0.277958180672101
5019	0.189040771061382
5020	0.227818743224691
5021	0.168857986444385
5022	0.184316663749267
5023	0.239657222885043
5024	0.245231281763417
5025	0.211158458777402
5026	0.227720911291508
5027	0.221713290864634
5028	0.205058887830505
5029	0.234408707724283
5030	0.239408647794993
5031	0.259653722730477
5032	0.293374480358254
5033	0.260921991383381
5034	0.242616994602107
5035	0.177711565820762
5036	0.23321634294382
5037	0.224635131820878
5038	0.198778459068113
5039	0.25937560384411
5040	0.217082922125231
5041	0.245400080556318
5042	0.213513606781701
5043	0.235822749686214
5044	0.272010327100065
5045	0.169950821070083
5046	0.221455991870326
5047	0.190674445597014
5048	0.121630543212696
5049	0.215814080708034
5050	0.22332698964431
5051	0.283062944645675
5052	0.230145891635032
5053	0.293327189523721
5054	0.210299760489846
5055	0.250082550767483
5056	0.286696766845682
5057	0.231964984310078
5058	0.20355968641217
5059	0.309699176796611
5060	0.276661154778329
5061	0.256610568400353
5062	0.267625169872497
5063	0.247175839694724
5064	0.235229758383432
5065	0.302532607194999
5066	0.226719904456539
5067	0.289085022279462
5068	0.229719143826631
5069	0.222079592859522
5070	0.245539275653662
5071	0.214909983388859
5072	0.243625036209118
5073	0.292833066887282
5074	0.289959505966143
5075	0.165027152904774
5076	0.244060498141407
5077	0.184774492630189
5078	0.257618525316332
5079	0.221911177599188
5080	0.201870445693658
5081	0.185869471636596
5082	0.246513322435647
5083	0.2184291760391
5084	0.195338205665582
5085	0.211854221572565
5086	0.248765106707373
5087	0.176763003401468
5088	0.277487404150401
5089	0.153904622402522
5090	0.272260208650192
5091	0.273238457069814
5092	0.253740342844433
5093	0.206012854512642
5094	0.241681083056511
5095	0.288357326033311
5096	0.283424654307201
5097	0.315060112565316
5098	0.251443740277979
5099	0.257188343061747
5100	0.211108643226327
5101	0.300134831623026
5102	0.244511922730572
5103	0.183025480962057
5104	0.286042648233634
5105	0.328301483179128
5106	0.26552439665438
5107	0.200169761845474
5108	0.236326354520631
5109	0.224771592386839
5110	0.257389736000655
5111	0.231160761712494
5112	0.245702913402348
5113	0.312963710102935
5114	0.175071808309343
5115	0.245118326866117
5116	0.161945828840012
5117	0.149421730938227
5118	0.183558900211587
5119	0.189081895013588
5120	0.231731783952834
5121	0.217791951550585
5122	0.280429037407686
5123	0.177692606666643
5124	0.258195148882459
5125	0.189997401164369
5126	0.21107040888316
5127	0.212996428688843
5128	0.189894432385621
5129	0.325219192612092
5130	0.187399483711446
5131	0.250719560268013
5132	0.309167117013868
5133	0.208137499668032
5134	0.202206410402757
5135	0.231877401739758
5136	0.268028700346401
5137	0.231683115814378
5138	0.242880843338932
5139	0.271133332337874
5140	0.186644239145547
5141	0.288498060344676
5142	0.232106093195717
5143	0.219773380186046
5144	0.243590655513345
5145	0.182568531861293
5146	0.208538159140769
5147	0.189618852304464
5148	0.280085719173661
5149	0.183039217343341
5150	0.270361211510202
5151	0.137154031325341
5152	0.164772411584862
5153	0.166472927497578
5154	0.245260034905977
5155	0.185353425545569
5156	0.280677729096374
5157	0.324795937886589
5158	0.202938782270373
5159	0.255238923377706
5160	0.242520155841563
5161	0.22604147313644
5162	0.181149091920028
5163	0.200896874040832
5164	0.260400790025324
5165	0.285217309725652
5166	0.264250209175561
5167	0.27744862892441
5168	0.236784541755934
5169	0.17565698206303
5170	0.162466775220993
5171	0.254282002811577
5172	0.202373391681431
5173	0.221538084116352
5174	0.195443318597794
5175	0.271514747721703
5176	0.235784479431936
5177	0.208817735439811
5178	0.220241605566654
5179	0.269561178080699
5180	0.254400043860638
5181	0.169422884938114
5182	0.202210246758645
5183	0.214267260671245
5184	0.233567784154653
5185	0.266850141030936
5186	0.289945191376638
5187	0.178405534091228
5188	0.204095831367734
5189	0.277074557139231
5190	0.172758408323055
5191	0.263439624660961
5192	0.193428154492603
5193	0.212445849778433
5194	0.231546278619518
5195	0.253797390248832
5196	0.155305345354446
5197	0.153587879177789
5198	0.234758017351572
5199	0.279292696341538
5200	0.27118776708772
5201	0.232429248146485
5202	0.236863616692413
5203	0.212977682223826
5204	0.268381865718512
5205	0.229130941414023
5206	0.198232058076896
5207	0.224394706180809
5208	0.224252200508027
5209	0.253139642985678
5210	0.167047931078401
5211	0.185818388054568
5212	0.184199706037969
5213	0.232105611444887
5214	0.25102512569966
5215	0.137218195867648
5216	0.24273198036433
5217	0.27150156407471
5218	0.236707191857563
5219	0.249648549374786
5220	0.192728355849383
5221	0.249128797095847
5222	0.212962269029855
5223	0.216672146164137
5224	0.274772346217829
5225	0.213429320777815
5226	0.256092702420191
5227	0.245955033295092
5228	0.3248872804125
5229	0.22430109618809
5230	0.211903132559993
5231	0.19857597176037
5232	0.297462484335057
5233	0.2601395458244
5234	0.250433079101093
5235	0.218670332565782
5236	0.206623211431945
5237	0.213391573095022
5238	0.309589276807204
5239	0.182914095774969
5240	0.261410135076813
5241	0.209651116233503
5242	0.253757043259677
5243	0.200241503863084
5244	0.177202241664214
5245	0.236879388072537
5246	0.243719259441473
5247	0.328236104805134
5248	0.293829024087914
5249	0.199360084648184
5250	0.239754658162199
5251	0.169215430284152
5252	0.236408924791878
5253	0.221760420889072
5254	0.101302624408794
5255	0.241519997706384
5256	0.295560233792244
5257	0.21903205112328
5258	0.249995140172946
5259	0.225409676294174
5260	0.251389984225946
5261	0.25304473833436
5262	0.207909390488284
5263	0.218284635324958
5264	0.238496021889469
5265	0.375436745755465
5266	0.227311184783752
5267	0.22034405359502
5268	0.150349608325719
5269	0.324537831965527
5270	0.273723850128849
5271	0.165470552215735
5272	0.290598258531411
5273	0.27676651748043
5274	0.220211745991608
5275	0.250929195176155
5276	0.256682442228941
5277	0.199410552435128
5278	0.2572206132911
5279	0.215717362814905
5280	0.243289471833798
5281	0.216059366366903
5282	0.181601038493131
5283	0.165800336839928
5284	0.206503970129572
5285	0.360454795766065
5286	0.178208549876163
5287	0.18814989855498
5288	0.170498034309434
5289	0.215655584926307
5290	0.257835451780336
5291	0.220656226021664
5292	0.216140669160773
5293	0.215733204327735
5294	0.207303023857481
5295	0.213702370666866
5296	0.274887050009918
5297	0.186687924755501
5298	0.232129621670399
5299	0.301118236372754
5300	0.13891069022305
5301	0.276097904751546
5302	0.221788544666628
5303	0.254265155699486
5304	0.291619521479158
5305	0.246145034940639
5306	0.300963401586361
5307	0.198062648976326
5308	0.223785255900399
5309	0.231070851088648
5310	0.279232230747026
5311	0.257175275818664
5312	0.141154391523843
5313	0.244220717007953
5314	0.193404531755359
5315	0.24080063656921
5316	0.229162685934242
5317	0.276688933743764
5318	0.258734128714249
5319	0.201665069872181
5320	0.297482566380446
5321	0.162250266626641
5322	0.297295103378464
5323	0.24072445981586
5324	0.303464305747411
5325	0.171303439232959
5326	0.220001968140331
5327	0.192193673012561
5328	0.27597417934385
5329	0.191396612848006
5330	0.230448949902336
5331	0.276606721700106
5332	0.265293439211029
5333	0.271663671478884
5334	0.215056923158581
5335	0.256591229654432
5336	0.330271725591608
5337	0.262507791494142
5338	0.245237531022813
5339	0.227814969868775
5340	0.212219255146372
5341	0.188951167968346
5342	0.291308179748537
5343	0.294804930459712
5344	0.257092249159497
5345	0.203777155043243
5346	0.248415862764277
5347	0.191254630402951
5348	0.227411037573425
5349	0.211590382289124
5350	0.283460670848771
5351	0.200260710927504
5352	0.242705562320416
5353	0.216456445859961
5354	0.235108957540751
5355	0.169260938630221
5356	0.232814244435376
5357	0.296438170118884
5358	0.259715875277148
5359	0.313923336663933
5360	0.232153919359663
5361	0.224316560003816
5362	0.207773702713953
5363	0.210437994059667
5364	0.207546012553856
5365	0.202063975327451
5366	0.265953808196423
5367	0.160630239045727
5368	0.263116691193775
5369	0.232035788007135
5370	0.196371501591645
5371	0.312822273183544
5372	0.221672062511724
5373	0.271201707220512
5374	0.22159185070146
5375	0.225180621011347
5376	0.222016148488018
5377	0.221340485874576
5378	0.203993238374362
5379	0.302326425982219
5380	0.234526465903055
5381	0.202638356542992
5382	0.279236049848679
5383	0.141568814720695
5384	0.211133212344038
5385	0.239302175943791
5386	0.264596421886968
5387	0.259135489885216
5388	0.300055403808649
5389	0.271805340998213
5390	0.195727146337333
5391	0.250114069938938
5392	0.179849705619686
5393	0.303953380658811
5394	0.260294788266107
5395	0.282403144755181
5396	0.237249651186274
5397	0.26276574842183
5398	0.176576071487763
5399	0.182326231829475
5400	0.213895190174658
5401	0.24986296577726
5402	0.189632223109498
5403	0.267945294980578
5404	0.234357791418966
5405	0.244770571065024
5406	0.244181059629355
5407	0.191975012901703
5408	0.220360662243503
5409	0.223019966622627
5410	0.249272224847274
5411	0.232386077666171
5412	0.229114941965545
5413	0.233308301915066
5414	0.275637497223799
5415	0.316251164643066
5416	0.154245897132474
5417	0.246364481989791
5418	0.209485095061358
5419	0.296381823956046
5420	0.224099032360932
5421	0.219364686035575
5422	0.254464947851081
5423	0.242280936498046
5424	0.198532575382942
5425	0.23443208086808
5426	0.274953508398585
5427	0.204451298652967
5428	0.216317370169697
5429	0.221403335079353
5430	0.302021799408811
5431	0.281954107423936
5432	0.306885431648992
5433	0.257559067500234
5434	0.321726059599896
5435	0.202932172224902
5436	0.214338327891141
5437	0.18424023721554
5438	0.266408306026199
5439	0.253406725473444
5440	0.21363647010858
5441	0.257845143778436
5442	0.20965723042704
5443	0.203622447613495
5444	0.276213592526813
5445	0.219439695049883
5446	0.218413235589775
5447	0.244982320626911
5448	0.17088740267307
5449	0.183496012467228
5450	0.206189007644068
5451	0.227894231528727
5452	0.290631403315268
5453	0.302700867278301
5454	0.269465774652725
5455	0.296591490969738
5456	0.292152114340718
5457	0.243878284438988
5458	0.214497473707253
5459	0.331582854341056
5460	0.201713378535466
5461	0.237806356870948
5462	0.214204291500122
5463	0.167839126441945
5464	0.208996613445687
5465	0.201080410180779
5466	0.28976553960416
5467	0.175004896685931
5468	0.243124614101235
5469	0.228727091661756
5470	0.278728772709251
5471	0.293360316176967
5472	0.253509448473821
5473	0.198452778649334
5474	0.181963765956062
5475	0.267167991097222
5476	0.230966880188825
5477	0.201858601167409
5478	0.266507036563683
5479	0.261033247897841
5480	0.241400975209085
5481	0.244057062355264
5482	0.265384500203011
5483	0.276007522482971
5484	0.218409257738281
5485	0.273085496350881
5486	0.192938617304736
5487	0.221773503949346
5488	0.232010197819765
5489	0.238278827398648
5490	0.282343011058702
5491	0.287913095925983
5492	0.161812012584581
5493	0.215203708101038
5494	0.255504198836741
5495	0.204908647063679
5496	0.305917714732512
5497	0.19518229123619
5498	0.175398697655349
5499	0.187673392745646
5500	0.33964423733626
5501	0.238612980471419
5502	0.159073416184663
5503	0.170598231530468
5504	0.185088568508355
5505	0.269637463189509
5506	0.245397989678781
5507	0.177205044047834
5508	0.25735031632727
5509	0.247730442009428
5510	0.264995259982884
5511	0.218707807193893
5512	0.211950160316253
5513	0.170391587450592
5514	0.208179162405371
5515	0.320359227177942
5516	0.275700168860543
5517	0.185049041128081
5518	0.191905651513056
5519	0.238675955092912
5520	0.223942493870745
5521	0.159225380834175
5522	0.299500583099696
5523	0.248185593018672
5524	0.266435256700358
5525	0.274125164598439
5526	0.208783308499075
5527	0.296110365023942
5528	0.195919524100932
5529	0.245562670267734
5530	0.29831349692103
5531	0.255430100211304
5532	0.244525154556852
5533	0.20608616324585
5534	0.267803360052913
5535	0.234100095803255
5536	0.234953131400027
5537	0.211095052173019
5538	0.242112657154469
5539	0.223409553450581
5540	0.295435955214544
5541	0.225945834586488
5542	0.239564984691077
5543	0.212608302799588
5544	0.183442735473498
5545	0.227878266910327
5546	0.153783781862423
5547	0.203096709858645
5548	0.255765520928034
5549	0.243205744367762
5550	0.207346782050741
5551	0.186021938684052
5552	0.268392341046801
5553	0.134984625132908
5554	0.282432846296424
5555	0.232758475502394
5556	0.173187679178006
5557	0.188085671916048
5558	0.168406991614154
5559	0.313103098001235
5560	0.257052324330074
5561	0.176378949090931
5562	0.274081540204579
5563	0.195447643315272
5564	0.218261118728315
5565	0.241160151077794
5566	0.197000409540941
5567	0.191783580671422
5568	0.196747589293668
5569	0.274618723526055
5570	0.188122384707348
5571	0.233707941482094
5572	0.235078426345002
5573	0.231544291787572
5574	0.202965937213021
5575	0.181093524696404
5576	0.26402338690797
5577	0.200330764306375
5578	0.236540021300839
5579	0.213663245421369
5580	0.2735910342078
5581	0.19647525706893
5582	0.294070118638846
5583	0.161332197898095
5584	0.257153639787467
5585	0.192285530609782
5586	0.283175081372151
5587	0.246301410475967
5588	0.257728216168734
5589	0.195113119907856
5590	0.184846329326169
5591	0.209870303398256
5592	0.228537867073955
5593	0.183329870856834
5594	0.217542295641925
5595	0.279452030536086
5596	0.211628117143846
5597	0.209771187441917
5598	0.204596594336111
5599	0.195514806264103
5600	0.267443931245842
5601	0.246818111554826
5602	0.217136169672432
5603	0.281254370230455
5604	0.149932372958177
5605	0.195741672355446
5606	0.218337136105547
5607	0.197481124523329
5608	0.255374047302939
5609	0.250650979424501
5610	0.171722288309049
5611	0.270653091852697
5612	0.198244366912559
5613	0.287015584440359
5614	0.227785883001391
5615	0.18828138446723
5616	0.257734283402938
5617	0.176560653523252
5618	0.233937211700341
5619	0.217257104150051
5620	0.281313167159543
5621	0.304602226793153
5622	0.164724446802982
5623	0.289029534192868
5624	0.176232759578915
5625	0.223282200875545
5626	0.269914104867153
5627	0.17585616608583
5628	0.264219307620121
5629	0.299856512925759
5630	0.175923561263285
5631	0.184324906269533
5632	0.224805756873661
5633	0.182259739339834
5634	0.215267063282654
5635	0.261351206231775
5636	0.284564661886468
5637	0.228452778191477
5638	0.136091767574927
5639	0.227406508640463
5640	0.237482253504116
5641	0.221011599582939
5642	0.291354091308358
5643	0.263706507608519
5644	0.242901071463709
5645	0.219134162258568
5646	0.221978141241903
5647	0.223820381481921
5648	0.220568163680219
5649	0.234345763315367
5650	0.180721019907413
5651	0.225728727466341
5652	0.250794214143738
5653	0.265312879702166
5654	0.219620790327038
5655	0.219591564226407
5656	0.27839238861117
5657	0.214868293569913
5658	0.250000183837491
5659	0.160960016326362
5660	0.264663788863216
5661	0.192160264764774
5662	0.141191875116272
5663	0.203792163870049
5664	0.251762517569421
5665	0.298702878458796
5666	0.226040431628451
5667	0.259555767511768
5668	0.230119382900086
5669	0.261963098283757
5670	0.183409968337535
5671	0.279800108068894
5672	0.196277229619407
5673	0.230369919429828
5674	0.215958699540848
5675	0.198186414438655
5676	0.239585768090454
5677	0.22758782890852
5678	0.160234279238227
5679	0.180020061443839
5680	0.19355276306682
5681	0.218684691636881
5682	0.226969939979339
5683	0.22007444484108
5684	0.230313035439965
5685	0.109371532002318
5686	0.226268582885704
5687	0.217190905554479
5688	0.250339294859435
5689	0.287668660131507
5690	0.257353085390295
5691	0.326212004443569
5692	0.212628786402614
5693	0.193002001286724
5694	0.247008364125884
5695	0.173605428171483
5696	0.251267930616237
5697	0.236698572231242
5698	0.189245332329506
5699	0.247389618014846
5700	0.211112065616321
5701	0.24298937358332
5702	0.238560701349574
5703	0.307685151065027
5704	0.257104708156359
5705	0.241872798779149
5706	0.299949226995459
5707	0.252089145228715
5708	0.263776427681201
5709	0.204132492804816
5710	0.262108660663129
5711	0.247854170537234
5712	0.237664756770708
5713	0.249792426038433
5714	0.208961222387677
5715	0.197468589563222
5716	0.234395991791968
5717	0.315806186253679
5718	0.219010719813822
5719	0.205974064405986
5720	0.177021683767962
5721	0.249315120647271
5722	0.230208584106729
5723	0.278492212210747
5724	0.284608436245321
5725	0.201753289499639
5726	0.276235000664657
5727	0.248774876569484
5728	0.266213243786183
5729	0.295189100877901
5730	0.247316019256073
5731	0.190813300089371
5732	0.214906529827303
5733	0.216344693255627
5734	0.319388572177034
5735	0.218640236682223
5736	0.148492004377325
5737	0.178383095819847
5738	0.260354649143624
5739	0.229033929576592
5740	0.209205142980891
5741	0.227900322172058
5742	0.163469276057859
5743	0.247775777200521
5744	0.281835818170435
5745	0.239263438754095
5746	0.213198447067248
5747	0.208036176847017
5748	0.200668863168539
5749	0.189045833289352
5750	0.179017337591526
5751	0.266155747971734
5752	0.237987949914045
5753	0.16725682647245
5754	0.285511505903379
5755	0.294559124778442
5756	0.263971041730306
5757	0.2516350208208
5758	0.222634987770654
5759	0.268401677813111
5760	0.275492040141009
5761	0.244479515653371
5762	0.295635405552961
5763	0.236000606443279
5764	0.230074471273607
5765	0.234539254912814
5766	0.23973633446827
5767	0.24013027947738
5768	0.198202311844144
5769	0.185955550916597
5770	0.22572541516193
5771	0.285500512878901
5772	0.215479524036617
5773	0.227588285967794
5774	0.25364904315059
5775	0.202873779077553
5776	0.276882979431738
5777	0.320997368301296
5778	0.286547987175254
5779	0.244699982011052
5780	0.208334954571779
5781	0.158694589767184
5782	0.174768444765934
5783	0.239772786373736
5784	0.265156413475716
5785	0.193950349898365
5786	0.233996615349172
5787	0.189505209202029
5788	0.249645818619043
5789	0.290425631893948
5790	0.190762899902961
5791	0.176852275726786
5792	0.230865682056938
5793	0.181765008732528
5794	0.270224455762425
5795	0.243109042102822
5796	0.283820457168435
5797	0.286594950122187
5798	0.242337084061873
5799	0.220949775878833
5800	0.307563027455991
5801	0.256429621591927
5802	0.23898295414617
5803	0.269158199118852
5804	0.203949765838604
5805	0.176172496511245
5806	0.27977936812902
5807	0.193710417308553
5808	0.240058112017639
5809	0.282371372605108
5810	0.289682371673817
5811	0.228577665685326
5812	0.208141268026077
5813	0.178189361240146
5814	0.253157735104046
5815	0.311997175685499
5816	0.254850739388785
5817	0.200125761088459
5818	0.225153722771891
5819	0.278637050064377
5820	0.196937732357172
5821	0.23055809116768
5822	0.208059831071585
5823	0.198348430744226
5824	0.225893603021094
5825	0.285622059024028
5826	0.25660794719797
5827	0.235239219158221
5828	0.255530530739332
5829	0.168327990360152
5830	0.215790722097358
5831	0.237370965808292
5832	0.232227171635253
5833	0.241542677307759
5834	0.327033513341292
5835	0.255029643303693
5836	0.271655258124535
5837	0.261322441581599
5838	0.207306303907239
5839	0.25124482984867
5840	0.248914428105104
5841	0.170083167470366
5842	0.217062485452776
5843	0.257579679605041
5844	0.235086547099348
5845	0.186313562867555
5846	0.230021989834862
5847	0.233072669209999
5848	0.255512646969666
5849	0.223539750919185
5850	0.191526195688656
5851	0.210721627318487
5852	0.245285457987792
5853	0.196397761536882
5854	0.232710695325262
5855	0.209946736082324
5856	0.370191466915217
5857	0.323112987631743
5858	0.297390395568765
5859	0.217088879964462
5860	0.148200895665078
5861	0.266472451438309
5862	0.208988792526561
5863	0.281889717232424
5864	0.252839831359274
5865	0.257906913070422
5866	0.257960175162244
5867	0.256554568282614
5868	0.210761569157936
5869	0.242594173947112
5870	0.250021784434424
5871	0.259673215665776
5872	0.235430867950411
5873	0.248584485362784
5874	0.186132405222338
5875	0.12955410917658
5876	0.251353782018958
5877	0.230485764041643
5878	0.244370836085109
5879	0.217633403521362
5880	0.22304061097576
5881	0.296344660059965
5882	0.235411911727633
5883	0.222833046760356
5884	0.222001824095042
5885	0.202630736590487
5886	0.252517698377594
5887	0.175869955575648
5888	0.298413261324065
5889	0.232743674920329
5890	0.368770992571296
5891	0.296311486206441
5892	0.274413174593638
5893	0.285850589118791
5894	0.290267493685923
5895	0.284751442002666
5896	0.237734231685968
5897	0.245952822483273
5898	0.173649314038948
5899	0.215584250908584
5900	0.206395220028687
5901	0.292015509633484
5902	0.247198808296845
5903	0.302056600126093
5904	0.263023255160393
5905	0.170947601039019
5906	0.266342214178561
5907	0.311355134351504
5908	0.239909965974632
5909	0.296495194029648
5910	0.218471965015912
5911	0.211489730416478
5912	0.29866161794498
5913	0.228104033958521
5914	0.17492259242413
5915	0.191471406708198
5916	0.339936302711024
5917	0.201419043690656
5918	0.232382795391151
5919	0.222171957102297
5920	0.227749108656699
5921	0.219130072874991
5922	0.236115246149821
5923	0.222325442615537
5924	0.242865637657832
5925	0.21518012688679
5926	0.256935103239393
5927	0.244013349873035
5928	0.215716293727895
5929	0.164607129350122
5930	0.293050289247727
5931	0.302729376124434
5932	0.235213501209771
5933	0.241952143906131
5934	0.224550739487515
5935	0.291515076227702
5936	0.220592876465493
5937	0.239888223192743
5938	0.25134536044611
5939	0.233269337189175
5940	0.194288355848922
5941	0.21061032228597
5942	0.178634023889409
5943	0.20559931590857
5944	0.190151369170913
5945	0.232180124678238
5946	0.241032773208922
5947	0.287154236975898
5948	0.209359223697156
5949	0.251450874979229
5950	0.235307306867591
5951	0.288182468566904
5952	0.275564905645326
5953	0.218620845338075
5954	0.254285143499552
5955	0.168201578491239
5956	0.328901861419362
5957	0.262241474842021
5958	0.229220697067008
5959	0.168736286389531
5960	0.229075401562313
5961	0.27262596742365
5962	0.259069678896222
5963	0.1796668116412
5964	0.265175106242139
5965	0.301374773868303
5966	0.228516399610306
5967	0.276859809243338
5968	0.192432601953408
5969	0.217637624297079
5970	0.223688371104713
5971	0.202255862333824
5972	0.263490508758307
5973	0.237838310298497
5974	0.179020411359314
5975	0.230081499794905
5976	0.248279369381462
5977	0.283618735951926
5978	0.28095861582153
5979	0.287224873269987
5980	0.200208780300144
5981	0.267116323075325
5982	0.213119489400294
5983	0.21085222295312
5984	0.20687308200989
5985	0.191726831388492
5986	0.20133872506863
5987	0.188994814230077
5988	0.178282789760355
5989	0.204475310299286
5990	0.274679971473355
5991	0.190574350744898
5992	0.213675958958056
5993	0.317682984520112
5994	0.328968122291636
5995	0.174850440440178
5996	0.208972627598611
5997	0.278367673614979
5998	0.198072654878858
5999	0.25591198717678
6000	0.276628799651487
6001	0.25452821486099
6002	0.236214833382511
6003	0.180094150443643
6004	0.208602806671003
6005	0.266642832820903
6006	0.169980494098553
6007	0.19773092969411
6008	0.223100600448995
6009	0.208178838139333
6010	0.149938033355775
6011	0.236018544132035
6012	0.191456089064841
6013	0.232089879084452
6014	0.281877463810691
6015	0.246908255916079
6016	0.241011731498358
6017	0.219576908516388
6018	0.184125822059241
6019	0.200565688976614
6020	0.190446777045526
6021	0.173888515627331
6022	0.254800951251996
6023	0.225513095308504
6024	0.264429377176332
6025	0.162994941218568
6026	0.251235997061115
6027	0.224933371930843
6028	0.191828652977408
6029	0.227672147833853
6030	0.305480902169771
6031	0.2475779399211
6032	0.227807175303463
6033	0.288888134492382
6034	0.268167091715102
6035	0.156039872331442
6036	0.224847606572315
6037	0.221340546126387
6038	0.278939057091425
6039	0.194773349833679
6040	0.235742964553047
6041	0.341386256937159
6042	0.183187106204273
6043	0.213039275254241
6044	0.227534180686575
6045	0.310988983210213
6046	0.250013885416657
6047	0.294967189139243
6048	0.189659861513039
6049	0.194631547563479
6050	0.177000328025098
6051	0.19518694073153
6052	0.204413098396251
6053	0.239141077911622
6054	0.179094893479272
6055	0.214799603091529
6056	0.252036580229348
6057	0.271860390677559
6058	0.195367886499508
6059	0.238860896750115
6060	0.217024822886584
6061	0.199987117981423
6062	0.283627301214277
6063	0.269235706248999
6064	0.18935172590772
6065	0.253660046152629
6066	0.199510584929061
6067	0.246693704295507
6068	0.216846930694883
6069	0.235955438917906
6070	0.245500644702379
6071	0.286332889021461
6072	0.279388260917517
6073	0.310045987984908
6074	0.187279067714296
6075	0.253184428534412
6076	0.230394294168734
6077	0.240091485017628
6078	0.243862368967077
6079	0.226341271592038
6080	0.216544584161458
6081	0.236458293638925
6082	0.245260261784212
6083	0.190556953960876
6084	0.186235650515506
6085	0.248995106886366
6086	0.216505727050325
6087	0.259599927566746
6088	0.231754152244158
6089	0.227034357537665
6090	0.212094071465413
6091	0.27885279739485
6092	0.261076679988347
6093	0.224133585253456
6094	0.264107342678259
6095	0.146471940892795
6096	0.131904213666105
6097	0.263561012465664
6098	0.250615510174057
6099	0.195736666945318
6100	0.268022627126505
6101	0.266041199041144
6102	0.271978526943609
6103	0.24425195802702
6104	0.27033781322832
6105	0.237373502713548
6106	0.17602509255525
6107	0.305038438500333
6108	0.195253926882146
6109	0.287837262948374
6110	0.284895097639575
6111	0.291226318625009
6112	0.219820836462896
6113	0.246659744698309
6114	0.193058262316243
6115	0.216979041800335
6116	0.162288190564385
6117	0.212378053132678
6118	0.236833458547755
6119	0.269873682497584
6120	0.289965166555407
6121	0.203088075387967
6122	0.231303372710395
6123	0.300469967072807
6124	0.180658828020065
6125	0.29057426187792
6126	0.223825067396004
6127	0.241499611522226
6128	0.247659385409248
6129	0.203106314255473
6130	0.210256044981001
6131	0.254074522038869
6132	0.22816746348896
6133	0.243485888918463
6134	0.19682565932619
6135	0.305108490579972
6136	0.237681274647636
6137	0.240992933457347
6138	0.220877767458063
6139	0.226794305698803
6140	0.263958648711661
6141	0.272520813521176
6142	0.230002423835941
6143	0.214239946440183
6144	0.271504562525012
6145	0.197985274681601
6146	0.280385098626696
6147	0.248839164774469
6148	0.357738518180944
6149	0.261207408550088
6150	0.242413784105441
6151	0.18591681597943
6152	0.187968344427788
6153	0.195267654470482
6154	0.176824148186238
6155	0.284502668897256
6156	0.273349522147149
6157	0.241360500609595
6158	0.271421272519592
6159	0.211709175610958
6160	0.278727296258316
6161	0.219631122662869
6162	0.284266140199821
6163	0.188509635165355
6164	0.212367312744146
6165	0.185155360959663
6166	0.163673577292515
6167	0.260509027065841
6168	0.175835118042711
6169	0.268723543352678
6170	0.272919137094008
6171	0.214835391536701
6172	0.176112534570303
6173	0.172677544623737
6174	0.234500558304072
6175	0.170929520634241
6176	0.183749542899178
6177	0.223563414286042
6178	0.296776550052449
6179	0.246799101092966
6180	0.277674637384571
6181	0.24152942711772
6182	0.185769357440598
6183	0.218797213103857
6184	0.228287729903156
6185	0.235920287693994
6186	0.284047041900928
6187	0.291245159157304
6188	0.267924057680733
6189	0.24742681448742
6190	0.177949141396973
6191	0.222303608297848
6192	0.219091616249745
6193	0.252496205575541
6194	0.231916735447077
6195	0.284993838609472
6196	0.330033604276569
6197	0.22587512758008
6198	0.221992167008008
6199	0.222281796188032
6200	0.191712679465683
6201	0.236768702978038
6202	0.196945446080706
6203	0.268033938396042
6204	0.288923081302548
6205	0.245935663607402
6206	0.279985488754398
6207	0.244805101720146
6208	0.224538676066842
6209	0.236974853213227
6210	0.322561285255842
6211	0.161726542760715
6212	0.259402849620568
6213	0.242285632493146
6214	0.247095892871441
6215	0.24666771425676
6216	0.198417648633621
6217	0.226341084188072
6218	0.219607898535046
6219	0.166748430446943
6220	0.231091001797448
6221	0.286509519004736
6222	0.176568348618472
6223	0.221468800637355
6224	0.272602239551655
6225	0.280283468948243
6226	0.204435438310624
6227	0.274096026972596
6228	0.2807004881186
6229	0.215329404296559
6230	0.120978654289732
6231	0.195297496975887
6232	0.285793731105746
6233	0.20835659581426
6234	0.236269852710513
6235	0.322248206233892
6236	0.276141714146854
6237	0.187866117809369
6238	0.192828331906732
6239	0.204572926227035
6240	0.262096156188705
6241	0.274323776439786
6242	0.264956659871022
6243	0.243839901335327
6244	0.232387279927088
6245	0.207824970416035
6246	0.182118193099225
6247	0.171808456120967
6248	0.251151319886576
6249	0.302479299159631
6250	0.26175263741661
6251	0.140275908231554
6252	0.266239159119629
6253	0.227727957423362
6254	0.188301485546544
6255	0.144815967375591
6256	0.242207137563036
6257	0.28286496492842
6258	0.232955485558029
6259	0.225117907785022
6260	0.267094696528868
6261	0.240139652044145
6262	0.271967213208318
6263	0.267885147187171
6264	0.224896119531725
6265	0.249866512817587
6266	0.28978100059381
6267	0.302800118638064
6268	0.12463997306424
6269	0.231041827178879
6270	0.218876750594935
6271	0.204621225192163
6272	0.216204968655677
6273	0.294057882005008
6274	0.225944825655803
6275	0.179874018394382
6276	0.232838000646904
6277	0.230310069137444
6278	0.237809435184744
6279	0.249496211726503
6280	0.305681585341639
6281	0.28849554675793
6282	0.180975388728255
6283	0.267272391344075
6284	0.288979532075598
6285	0.247492876073961
6286	0.200042225725697
6287	0.197092374487417
6288	0.158673479030758
6289	0.242647894264096
6290	0.278407534959815
6291	0.224907027880371
6292	0.243261420482016
6293	0.255104257616359
6294	0.249394627699808
6295	0.283147200596651
6296	0.266628415936736
6297	0.261900019121868
6298	0.272080417401915
6299	0.327144408304502
6300	0.300360115689202
6301	0.33095616223008
6302	0.257148103729883
6303	0.191075955312385
6304	0.26014132435156
6305	0.26615036009295
6306	0.194508903958515
6307	0.27077745900816
6308	0.233643910762971
6309	0.279543541492969
6310	0.279918997795738
6311	0.283680807273172
6312	0.210510424876663
6313	0.282657298754789
6314	0.257358826676162
6315	0.185567540785919
6316	0.159413828171508
6317	0.184123810375851
6318	0.289805588941033
6319	0.243509154252939
6320	0.256249013510868
6321	0.21979223396497
6322	0.239916882008437
6323	0.225351675899694
6324	0.138872227848178
6325	0.211030015212162
6326	0.191376609663446
6327	0.27399708086848
6328	0.222982254551906
6329	0.263214167008531
6330	0.227366238579035
6331	0.1915962245718
6332	0.212461611175106
6333	0.158886276629616
6334	0.313518030594899
6335	0.227270337151754
6336	0.252591078749739
6337	0.226393963913857
6338	0.279456404338753
6339	0.249113970091298
6340	0.234107564764474
6341	0.276644567967305
6342	0.231662312656407
6343	0.356673000025864
6344	0.317149970694334
6345	0.252763317001964
6346	0.25337919093073
6347	0.250936989235027
6348	0.255286619936155
6349	0.137319203455423
6350	0.240106125543684
6351	0.31969836722999
6352	0.167686663126926
6353	0.205039301295176
6354	0.102846428640548
6355	0.204969204819058
6356	0.224988140183599
6357	0.204941925906235
6358	0.258824622403518
6359	0.172196937068697
6360	0.246510096706648
6361	0.180296181286486
6362	0.236688729306595
6363	0.26902207436317
6364	0.212918385651184
6365	0.158220299582749
6366	0.195570623670733
6367	0.24292876243475
6368	0.235555845722136
6369	0.285402858670144
6370	0.192662902867641
6371	0.201923406259088
6372	0.280138941373295
6373	0.306304189922388
6374	0.266494550863329
6375	0.270315867985119
6376	0.235956104828176
6377	0.165435138260934
6378	0.271543567661172
6379	0.277822065633028
6380	0.189704409763127
6381	0.196225375810659
6382	0.282739292504088
6383	0.230750828436176
6384	0.232810697132631
6385	0.219447477723566
6386	0.285409977041089
6387	0.298675406332627
6388	0.237263123300826
6389	0.23118775860225
6390	0.191030648202011
6391	0.136384282935385
6392	0.229483566253404
6393	0.197786690940571
6394	0.189892828030715
6395	0.191863486940316
6396	0.228652658105002
6397	0.221460017618398
6398	0.259586480802902
6399	0.221167540197587
6400	0.217102530443087
6401	0.221311465776766
6402	0.241945516777654
6403	0.243334150119661
6404	0.186606772521012
6405	0.264422579034617
6406	0.25722541860274
6407	0.181083742061117
6408	0.271815262145745
6409	0.172633764336328
6410	0.267166471774774
6411	0.270402719350839
6412	0.197770154138932
6413	0.233782712950989
6414	0.227130097563767
6415	0.209307518223365
6416	0.196697720320136
6417	0.249619164057284
6418	0.274037269062675
6419	0.230931629300747
6420	0.215688093808181
6421	0.214087660775345
6422	0.270958939969445
6423	0.236981963136654
6424	0.251509115613461
6425	0.258586805460153
6426	0.251702159658271
6427	0.277923400031388
6428	0.200158634600775
6429	0.158468741763723
6430	0.26829230897078
6431	0.22139625859138
6432	0.248572443235967
6433	0.248200338014202
6434	0.238248628289241
6435	0.173746657577483
6436	0.285710353262626
6437	0.245280526005033
6438	0.29548524177457
6439	0.250159365754368
6440	0.325841801932263
6441	0.276113400261338
6442	0.182167948808662
6443	0.245841175076289
6444	0.239263666539699
6445	0.217120514113933
6446	0.203631084280172
6447	0.212200199711456
6448	0.237549497812336
6449	0.263806758716297
6450	0.2434840627234
6451	0.242566547320546
6452	0.237294980503002
6453	0.227287754105087
6454	0.23901334429642
6455	0.235639145871273
6456	0.233842731955892
6457	0.266201522332459
6458	0.269151072818281
6459	0.259413487117853
6460	0.216252876809902
6461	0.204447107261843
6462	0.190596361556006
6463	0.318980637635515
6464	0.178781375112802
6465	0.22045331099304
6466	0.287207474346186
6467	0.253475403455606
6468	0.304386734811899
6469	0.21368412735863
6470	0.184786475815773
6471	0.299070406403974
6472	0.257418124176416
6473	0.231418267879758
6474	0.18607410147313
6475	0.227742882520363
6476	0.155730191948104
6477	0.214848444835404
6478	0.244936233748847
6479	0.296495932990621
6480	0.293905798312887
6481	0.254036959867118
6482	0.239806944262731
6483	0.191019191199764
6484	0.248031954207316
6485	0.204959287502005
6486	0.246525293500219
6487	0.213834887900815
6488	0.220124642441506
6489	0.202155403461367
6490	0.228034621888158
6491	0.276319302688221
6492	0.242978773231563
6493	0.277646965194275
6494	0.241313777177076
6495	0.260440256787948
6496	0.303465635304425
6497	0.210964084307273
6498	0.219967580225426
6499	0.169677701628796
6500	0.172669339635813
6501	0.200411362389537
6502	0.275178808590249
6503	0.229826930886155
6504	0.172116601533576
6505	0.220838701480686
6506	0.199214944249785
6507	0.204079125556806
6508	0.273880329066178
6509	0.295037275394358
6510	0.219562917141024
6511	0.224484431432223
6512	0.197893078094455
6513	0.281044886682382
6514	0.241431575453087
6515	0.215440923577838
6516	0.230465233002262
6517	0.19330201414281
6518	0.26800079153974
6519	0.259338049912468
6520	0.184955792229627
6521	0.228770149843759
6522	0.278062022521106
6523	0.27112530467388
6524	0.252758759000524
6525	0.220028037170206
6526	0.213609865339865
6527	0.215700880984898
6528	0.173760429274126
6529	0.273891395849057
6530	0.205295735782629
6531	0.283774926195636
6532	0.255867921362065
6533	0.231871395180455
6534	0.221418060564928
6535	0.226872901269558
6536	0.209273535661559
6537	0.258925175096345
6538	0.287727654954434
6539	0.246075949215132
6540	0.247456056899933
6541	0.226157427273383
6542	0.19442576529499
6543	0.20983805213723
6544	0.246441257953834
6545	0.203453675773025
6546	0.290451108947346
6547	0.226877487654539
6548	0.250387993093553
6549	0.270383033330966
6550	0.212461904001345
6551	0.170125570028134
6552	0.22692087791314
6553	0.246692506796685
6554	0.2674966872797
6555	0.245153774859957
6556	0.237804563941533
6557	0.303326607812434
6558	0.27209667565128
6559	0.280769508812299
6560	0.202916308660464
6561	0.21974359863109
6562	0.230333423793549
6563	0.171741513658806
6564	0.248174672635087
6565	0.119467280000755
6566	0.23028995304492
6567	0.275972356553034
6568	0.269827088453116
6569	0.208095766652761
6570	0.162800085583117
6571	0.207998331140664
6572	0.295524927059098
6573	0.257600847770741
6574	0.267847404878255
6575	0.23864948796627
6576	0.213715188956213
6577	0.194969191689104
6578	0.209240429635407
6579	0.211180619903191
6580	0.211682026027692
6581	0.203308066631036
6582	0.197084311103405
6583	0.206521054319879
6584	0.237039334928203
6585	0.232276849537505
6586	0.233287555794482
6587	0.219637038259999
6588	0.245711290864105
6589	0.21178368865362
6590	0.201359404513544
6591	0.138764438003314
6592	0.169084974653406
6593	0.15893819384335
6594	0.216893655178098
6595	0.189457861842957
6596	0.229436627196926
6597	0.277151552704822
6598	0.190600828777614
6599	0.256798385617721
6600	0.217478084265011
6601	0.235237935640227
6602	0.17020159640883
6603	0.227101541655364
6604	0.232702367085342
6605	0.21625864016362
6606	0.195578307544615
6607	0.282803647377265
6608	0.235702646364596
6609	0.20156039558257
6610	0.251890907894387
6611	0.234552013922966
6612	0.238472515929533
6613	0.223703953839852
6614	0.24278514788734
6615	0.193996623355678
6616	0.188031436876031
6617	0.257920665944819
6618	0.232989992259001
6619	0.218637206718828
6620	0.168640456742578
6621	0.269618213936608
6622	0.249089034050659
6623	0.284184823405619
6624	0.27148472962465
6625	0.275181093446161
6626	0.216216752499279
6627	0.277030901469589
6628	0.190895007689681
6629	0.21517013452843
6630	0.213469839458106
6631	0.28473194815902
6632	0.226933824857478
6633	0.307456438875549
6634	0.200360708381162
6635	0.234277372099834
6636	0.213168658514247
6637	0.222721967919291
6638	0.22283201364715
6639	0.281302426691429
6640	0.228652596677893
6641	0.293111093221617
6642	0.257653574739158
6643	0.222309010128423
6644	0.184813429205305
6645	0.21910569588306
6646	0.162196259888248
6647	0.172941955733561
6648	0.313684428143071
6649	0.189374325975649
6650	0.152865140611932
6651	0.234616572509201
6652	0.213164897167888
6653	0.173929919002673
6654	0.270024562371634
6655	0.284454195595181
6656	0.23658447893291
6657	0.235701640348842
6658	0.276216943624393
6659	0.199468054440865
6660	0.314218650622979
6661	0.208125704596928
6662	0.280890285880089
6663	0.226804524895512
6664	0.28597447542718
6665	0.252958393858162
6666	0.251129822353771
6667	0.198725565179078
6668	0.22264978255563
6669	0.283753849496455
6670	0.285873177269834
6671	0.211655274329391
6672	0.22047190314075
6673	0.187630455056565
6674	0.32332682244027
6675	0.217920521394665
6676	0.262737474618886
6677	0.190459046191865
6678	0.174289319622848
6679	0.229849264666216
6680	0.223679770433208
6681	0.199325408697999
6682	0.301634729274
6683	0.25512178355198
6684	0.266030344389488
6685	0.200624149390501
6686	0.212819802405114
6687	0.21685211108569
6688	0.261353322505672
6689	0.257864407196698
6690	0.136238964546708
6691	0.359326219225725
6692	0.235593014996508
6693	0.24233631455817
6694	0.274533593144137
6695	0.278228002488314
6696	0.178534772597603
6697	0.152330875724265
6698	0.220821994138493
6699	0.229149325989534
6700	0.279045177786514
6701	0.28057479801918
6702	0.239060194727355
6703	0.242433134863359
6704	0.17282433472221
6705	0.206538476210774
6706	0.19819951443634
6707	0.255229573383751
6708	0.272238361637476
6709	0.204220770440514
6710	0.190233848109318
6711	0.328096272791534
6712	0.182183450188244
6713	0.202993761729866
6714	0.253071440829371
6715	0.18677525348182
6716	0.236378401533815
6717	0.240430763493089
6718	0.240878065488627
6719	0.150750023452815
6720	0.160165842096482
6721	0.299919962413605
6722	0.201938139514667
6723	0.173151837718264
6724	0.240004545621713
6725	0.233868776549199
6726	0.233263465047646
6727	0.266065211659734
6728	0.204213978451924
6729	0.307028213477099
6730	0.239302875559059
6731	0.258047349394554
6732	0.330459860476866
6733	0.22854065153314
6734	0.247111701912785
6735	0.218230146186803
6736	0.251044369823014
6737	0.207640052713138
6738	0.21851514369671
6739	0.21568400864313
6740	0.258424817698423
6741	0.336607327763455
6742	0.233801804149805
6743	0.257154052603103
6744	0.286100922006091
6745	0.243747697251157
6746	0.241680702546296
6747	0.258092491035349
6748	0.277595845392817
6749	0.178925716250332
6750	0.150979552934797
6751	0.291967590256748
6752	0.167095314777312
6753	0.186141131306946
6754	0.273594976694139
6755	0.255834232279859
6756	0.188654074256748
6757	0.199972129622835
6758	0.245850728327928
6759	0.286289648008492
6760	0.235830403491415
6761	0.299852513150602
6762	0.237313608572792
6763	0.257416540387654
6764	0.183690338370345
6765	0.219449961434121
6766	0.224296887080367
6767	0.241667830440339
6768	0.214610801459793
6769	0.276641492588444
6770	0.20999147173988
6771	0.271345492925398
6772	0.24804594845771
6773	0.257805770011501
6774	0.258578130294222
6775	0.308417266686441
6776	0.282261511567959
6777	0.245554731355458
6778	0.177570906350748
6779	0.218737261151854
6780	0.222921311795152
6781	0.205307501753498
6782	0.274419734849362
6783	0.228843616048311
6784	0.241995853288439
6785	0.198878664165433
6786	0.329824193787591
6787	0.215763550215797
6788	0.235797962342956
6789	0.177834359105443
6790	0.25257508270856
6791	0.219207446950763
6792	0.248229549639259
6793	0.195172534452179
6794	0.220592502217397
6795	0.196568013971552
6796	0.265132569451002
6797	0.246573093785529
6798	0.164933506506861
6799	0.244406797284156
6800	0.239942372926894
6801	0.188958963945486
6802	0.234905519812036
6803	0.22703107653697
6804	0.243831289509679
6805	0.218541192700161
6806	0.233253658525844
6807	0.233963810646411
6808	0.185136294482482
6809	0.232640881281796
6810	0.21734788944893
6811	0.16443519609161
6812	0.231379267995652
6813	0.227940011581604
6814	0.229235671288043
6815	0.274159975595619
6816	0.223159046628954
6817	0.144777198796088
6818	0.185980759795881
6819	0.243640329702134
6820	0.177719087931177
6821	0.1742852473915
6822	0.245476787564238
6823	0.220500038526567
6824	0.222372025753805
6825	0.163665284082924
6826	0.241719592407367
6827	0.231855313027625
6828	0.178949888658564
6829	0.186197313813461
6830	0.21634371268511
6831	0.282263976297397
6832	0.242355057787075
6833	0.248813912059369
6834	0.136574110759929
6835	0.187913118407839
6836	0.19571678421965
6837	0.211285961006551
6838	0.20937900137768
6839	0.210196308124664
6840	0.224513196642002
6841	0.189017900209914
6842	0.197208352241084
6843	0.27934767137283
6844	0.177034622186307
6845	0.179881017510233
6846	0.16793460216082
6847	0.197191289518526
6848	0.192074380992802
6849	0.127293527271175
6850	0.235293040819822
6851	0.226707932113686
6852	0.196705625251795
6853	0.209612154793707
6854	0.224918082635918
6855	0.275345342773572
6856	0.248233110040407
6857	0.248087269342213
6858	0.163200443203503
6859	0.260202101470535
6860	0.256608595826851
6861	0.22926077683217
6862	0.227456465599144
6863	0.250198890787882
6864	0.270503589532941
6865	0.242259698999874
6866	0.26048821005893
6867	0.295392232449514
6868	0.21152462843525
6869	0.24899561610207
6870	0.23373450763593
6871	0.133949502376947
6872	0.260691509606091
6873	0.225584307520108
6874	0.249932596680399
6875	0.269242117506918
6876	0.197051797162931
6877	0.264155880918747
6878	0.310396613681079
6879	0.230676131215429
6880	0.260476154839936
6881	0.231597194991778
6882	0.288705535666798
6883	0.191175329735763
6884	0.210782760041005
6885	0.268735268312949
6886	0.244424541205245
6887	0.260779231895705
6888	0.217751030507379
6889	0.214051426579064
6890	0.255444629587121
6891	0.209541198384402
6892	0.276661527732345
6893	0.250724435390842
6894	0.19280775309796
6895	0.162626799265974
6896	0.266110782833213
6897	0.271598826017747
6898	0.152017514481863
6899	0.233102834063387
6900	0.206648489454652
6901	0.211706315918204
6902	0.201553291592438
6903	0.23778447754335
6904	0.216706917606094
6905	0.242328331810314
6906	0.219165616702608
6907	0.223277801708856
6908	0.204096988187377
6909	0.173277139721614
6910	0.184336119258889
6911	0.254140701857859
6912	0.216935641131577
6913	0.212415649534951
6914	0.206439850579416
6915	0.204492289109536
6916	0.1757043344561
6917	0.195967512817353
6918	0.268583701566086
6919	0.206231346880019
6920	0.224742581959156
6921	0.22982908391775
6922	0.266918317338671
6923	0.170351382602471
6924	0.30929094230489
6925	0.205901078852686
6926	0.162879989687081
6927	0.223074844528515
6928	0.180378599778859
6929	0.279413363577943
6930	0.210456750598592
6931	0.184310080783821
6932	0.2267426780538
6933	0.206747572511318
6934	0.189414763019389
6935	0.181424350044121
6936	0.250129334064641
6937	0.272905376321725
6938	0.303895069745909
6939	0.228859583023902
6940	0.22999175877405
6941	0.191630778236326
6942	0.330383230794039
6943	0.244074856204931
6944	0.259665700050752
6945	0.207264428055097
6946	0.206501343513178
6947	0.241324114759412
6948	0.18972038806205
6949	0.232700053773834
6950	0.263714900119972
6951	0.243657525909631
6952	0.280495770427748
6953	0.252088689501748
6954	0.251800367004423
6955	0.276501577004682
6956	0.222414184602837
6957	0.269305853060762
6958	0.284755080504737
6959	0.209653873968259
6960	0.22353049120142
6961	0.193671978085572
6962	0.225237979624064
6963	0.170218301199585
6964	0.29433288128548
6965	0.285925877234634
6966	0.194390687301088
6967	0.229241650634154
6968	0.275845889158489
6969	0.233083647174139
6970	0.201558570932788
6971	0.262692438707175
6972	0.251579548279025
6973	0.228494759007473
6974	0.233445292824546
6975	0.254769759543325
6976	0.234521898001104
6977	0.203076640235892
6978	0.224226889811922
6979	0.242068226475561
6980	0.311990110459567
6981	0.270964584579672
6982	0.241254522727493
6983	0.241302518900588
6984	0.238221025348203
6985	0.297462144403642
6986	0.208036506648259
6987	0.184223997848784
6988	0.175308083411452
6989	0.247884405112565
6990	0.214211768116079
6991	0.212061787375885
6992	0.254672539115471
6993	0.255494553799093
6994	0.264378214316786
6995	0.177664920281014
6996	0.15940817099931
6997	0.199764460025844
6998	0.325149739972837
6999	0.273126078327317
7000	0.204016987141025
7001	0.332010315518557
7002	0.238471779131738
7003	0.282712430553246
7004	0.203487181298298
7005	0.23525340876483
7006	0.207019993193911
7007	0.193120433547271
7008	0.245263481529865
7009	0.284293934847264
7010	0.275626511625815
7011	0.216131482751633
7012	0.266146066768045
7013	0.249862922212163
7014	0.330488291466164
7015	0.201200963682613
7016	0.214768235199928
7017	0.233458485281414
7018	0.227240041362451
7019	0.202670112100965
7020	0.231430587914373
7021	0.273361621373358
7022	0.205176347453845
7023	0.221550617951508
7024	0.281366976712107
7025	0.195803692945717
7026	0.210116311466937
7027	0.201943487336304
7028	0.190272622202977
7029	0.22354011614244
7030	0.215095197588863
7031	0.265004762347906
7032	0.19557573688541
7033	0.191349288376689
7034	0.197231573205996
7035	0.25859910953179
7036	0.220714570863384
7037	0.246342037562841
7038	0.26831546144818
7039	0.218093631995861
7040	0.242645375526876
7041	0.238177621529475
7042	0.256627061210688
7043	0.273291445152631
7044	0.190769936702354
7045	0.197958556827386
7046	0.24645307525802
7047	0.284120197417433
7048	0.166856649921788
7049	0.266185420828037
7050	0.274621264025431
7051	0.235981830453651
7052	0.259483968646061
7053	0.270155337080653
7054	0.282124775549195
7055	0.232839735209686
7056	0.186511260798174
7057	0.206548788726381
7058	0.237606382041337
7059	0.219512819270206
7060	0.179961260540852
7061	0.293208541058739
7062	0.254888582488644
7063	0.241927124769094
7064	0.204622722781305
7065	0.198223680646249
7066	0.261828554031176
7067	0.186169814140688
7068	0.225404158181007
7069	0.275194790194449
7070	0.260654521711922
7071	0.202143950628249
7072	0.285084366361649
7073	0.257174607493588
7074	0.253402914894415
7075	0.227702339718678
7076	0.264289394638568
7077	0.20696082686456
7078	0.280917663124265
7079	0.263970408561908
7080	0.218877625600001
7081	0.122617792197677
7082	0.264110001182283
7083	0.226874627742931
7084	0.267769447305331
7085	0.18819299340383
7086	0.243209236321253
7087	0.276708601041512
7088	0.240466947871714
7089	0.222357373119905
7090	0.189768624384867
7091	0.221446699017315
7092	0.228603305687733
7093	0.204523343500813
7094	0.172170225658479
7095	0.196284440520879
7096	0.281413565411112
7097	0.226157311684375
7098	0.320441966254542
7099	0.251218597755933
7100	0.260560097551629
7101	0.21604332473372
7102	0.31240275581941
7103	0.17491086450972
7104	0.236751059725026
7105	0.278453077138189
7106	0.243709140897194
7107	0.209199125071907
7108	0.174869384880881
7109	0.249796799322189
7110	0.289399519921539
7111	0.268701417610066
7112	0.2729119127086
7113	0.296519677312367
7114	0.26787537158254
7115	0.237748033789213
7116	0.246973986099966
7117	0.169818225625751
7118	0.150930111763431
7119	0.277681880122424
7120	0.256625205417594
7121	0.28705458874831
7122	0.224977299092901
7123	0.227832175807212
7124	0.203405057426684
7125	0.226416788674806
7126	0.220577460577921
7127	0.259340949588329
7128	0.235867155676455
7129	0.125243858531151
7130	0.251477227071335
7131	0.240547694896337
7132	0.320520169085263
7133	0.229242881883182
7134	0.231322577041656
7135	0.318700465968415
7136	0.304136687866943
7137	0.233787125334301
7138	0.154419008738877
7139	0.271403342234729
7140	0.260577761373717
7141	0.248569957149121
7142	0.253263149855996
7143	0.266159041457016
7144	0.245240735052655
7145	0.202875418913407
7146	0.287507815298819
7147	0.175457463698234
7148	0.260282976006021
7149	0.276875969228796
7150	0.269094455941173
7151	0.232913178078346
7152	0.222683417229555
7153	0.196457607178845
7154	0.277041675462075
7155	0.216262797940783
7156	0.214107313837657
7157	0.199704752055141
7158	0.196663133479652
7159	0.266129323212909
7160	0.254764347844214
7161	0.272455339244716
7162	0.283191147623803
7163	0.191804300009636
7164	0.135465956331099
7165	0.244413366766482
7166	0.222862962116917
7167	0.287968539262972
7168	0.192628449964903
7169	0.173955850349433
7170	0.230116043146584
7171	0.225994370314361
7172	0.230672011031159
7173	0.231854082666446
7174	0.208405097529564
7175	0.268792758465006
7176	0.212730211838694
7177	0.28435136994751
7178	0.298118826402549
7179	0.267888869265649
7180	0.26469894032445
7181	0.215937169118573
7182	0.185018252243883
7183	0.28116051409325
7184	0.143315561663966
7185	0.227548246168141
7186	0.324595113619842
7187	0.265889002536582
7188	0.258657990233444
7189	0.253935601945244
7190	0.221151084277587
7191	0.196282073180072
7192	0.201244561890281
7193	0.145571136298459
7194	0.24485688504316
7195	0.206366899382134
7196	0.218076670366254
7197	0.239664946505502
7198	0.226960808561073
7199	0.260723299562215
7200	0.203866481923649
7201	0.20876930815744
7202	0.206844870347442
7203	0.185765765840311
7204	0.288149248234302
7205	0.247503329803194
7206	0.231654848263507
7207	0.215606143401234
7208	0.24811075319172
7209	0.266287367350221
7210	0.254587810609576
7211	0.218561120857988
7212	0.181957181358752
7213	0.21923185689475
7214	0.196504638744848
7215	0.311423296976599
7216	0.237746321181664
7217	0.251011550984922
7218	0.291641868917521
7219	0.144588498891084
7220	0.232728473227985
7221	0.230486802448389
7222	0.233900704416621
7223	0.244559065529903
7224	0.341317243044266
7225	0.182208848854765
7226	0.218420025233148
7227	0.293217900180256
7228	0.261668538469783
7229	0.207162148950934
7230	0.131804794971666
7231	0.25514229203115
7232	0.166919160090462
7233	0.25450831373808
7234	0.302205725021447
7235	0.235385623300325
7236	0.182169067660446
7237	0.206360775619884
7238	0.248415115845038
7239	0.214551298921326
7240	0.180216353082352
7241	0.179822007985047
7242	0.271868888536521
7243	0.14707739401603
7244	0.26391748919364
7245	0.158110724866177
7246	0.186495683778482
7247	0.201026927423972
7248	0.262208448261273
7249	0.234270700541041
7250	0.185065231228026
7251	0.171606150733069
7252	0.205176971543435
7253	0.215723641383947
7254	0.312003204547301
7255	0.209211090413662
7256	0.239687083629875
7257	0.174770771358901
7258	0.233026907219393
7259	0.225278841992103
7260	0.249007916161997
7261	0.262137153033229
7262	0.239872521738437
7263	0.284319305573121
7264	0.257509792793455
7265	0.172053964375735
7266	0.177102324924125
7267	0.28509893567047
7268	0.299521590577423
7269	0.176606320552815
7270	0.192672924151148
7271	0.276708062332134
7272	0.19371420742902
7273	0.213356917349528
7274	0.224400856185888
7275	0.247324549143098
7276	0.310093766281508
7277	0.317487437807822
7278	0.203039752660546
7279	0.231219228344458
7280	0.271995145927366
7281	0.266452871471654
7282	0.237806112683653
7283	0.191130708344083
7284	0.223883927335198
7285	0.23980973792706
7286	0.230865554571637
7287	0.192073948445979
7288	0.176388081230729
7289	0.233478641926691
7290	0.274882004180813
7291	0.244574440200899
7292	0.159055972231005
7293	0.204120015941754
7294	0.214291925776732
7295	0.222675087562185
7296	0.268241717872462
7297	0.258216192354009
7298	0.21299700772756
7299	0.179920872905378
7300	0.2970335532002
7301	0.268591357412937
7302	0.239579641030545
7303	0.245806152809377
7304	0.24418280501724
7305	0.267453149575222
7306	0.192902223395319
7307	0.247616147652466
7308	0.175720033662301
7309	0.288352292349438
7310	0.270898325617747
7311	0.266217465164787
7312	0.274903854102429
7313	0.214562963628158
7314	0.263567591622719
7315	0.217583190532776
7316	0.219952352946559
7317	0.260250775110508
7318	0.242634681312989
7319	0.225700153757268
7320	0.178602576669245
7321	0.220043872372709
7322	0.210507246201295
7323	0.29248635990275
7324	0.200864111246723
7325	0.247731003996368
7326	0.240793127511846
7327	0.255032503471213
7328	0.213058132106291
7329	0.232779367644764
7330	0.188919319848843
7331	0.242206053024934
7332	0.216203011167369
7333	0.232687652389008
7334	0.341397533458558
7335	0.210988101566122
7336	0.266636012496059
7337	0.21332807018814
7338	0.280249370605597
7339	0.210716075257848
7340	0.279125736057361
7341	0.236740772774277
7342	0.251534274883958
7343	0.181036086953232
7344	0.193412607623517
7345	0.144414007056824
7346	0.199504121225241
7347	0.223485942488789
7348	0.183248968374631
7349	0.268506399377442
7350	0.152855612493586
7351	0.258780116510896
7352	0.159309832072895
7353	0.20726838985248
7354	0.244337782457869
7355	0.245472335938637
7356	0.223141646060522
7357	0.251929502080375
7358	0.203468897988176
7359	0.186841252941262
7360	0.181260909040446
7361	0.285108609657834
7362	0.230521592643986
7363	0.199086115892119
7364	0.253807339477124
7365	0.24346722991747
7366	0.240481347916517
7367	0.222063976947321
7368	0.219375148104992
7369	0.234779594861407
7370	0.248912548344593
7371	0.203120659680524
7372	0.223369211337301
7373	0.25890520502417
7374	0.249408308727674
7375	0.228805219452031
7376	0.229520690341264
7377	0.311763798027985
7378	0.283006892855876
7379	0.189931255673964
7380	0.251267349787636
7381	0.206929328898181
7382	0.253880632083117
7383	0.200946054577136
7384	0.217020106871387
7385	0.268121305297698
7386	0.221954680039813
7387	0.268783477746386
7388	0.222468851157844
7389	0.160297418242754
7390	0.216291688304908
7391	0.185466966300744
7392	0.209567052165979
7393	0.322530363499284
7394	0.222558643045592
7395	0.190901287953241
7396	0.310700045785244
7397	0.254606348103635
7398	0.262176861598044
7399	0.232328644194323
7400	0.263718499951327
7401	0.241429483364365
7402	0.163526360709302
7403	0.247727669231684
7404	0.247598957560734
7405	0.208327724159746
7406	0.219605186359745
7407	0.214873163352218
7408	0.223241344066541
7409	0.210691188891163
7410	0.226260308065867
7411	0.237097791639008
7412	0.246824408432042
7413	0.223519280625774
7414	0.213190514601083
7415	0.243036733746948
7416	0.298992140495939
7417	0.197675407638371
7418	0.275393239871756
7419	0.308123706394456
7420	0.239575272735419
7421	0.213529969308157
7422	0.276520763292709
7423	0.272535173856637
7424	0.240098417959175
7425	0.214704022761534
7426	0.246454702116786
7427	0.209104741132506
7428	0.209990855040551
7429	0.243645036974686
7430	0.275158253301807
7431	0.250342681658517
7432	0.176276085971773
7433	0.302335278245057
7434	0.246720479952004
7435	0.20333010751878
7436	0.175103757670159
7437	0.18732809479493
7438	0.16110101061962
7439	0.208224200927462
7440	0.0974249107942437
7441	0.163722509525484
7442	0.240962835125347
7443	0.320949166791763
7444	0.237126715320391
7445	0.174616402281491
7446	0.258872888647471
7447	0.259818913582492
7448	0.256250167096984
7449	0.24052686221949
7450	0.321074202205214
7451	0.251152604785195
7452	0.240566656388514
7453	0.194353846879485
7454	0.166034687381438
7455	0.211113639149878
7456	0.241531553334948
7457	0.2653254825264
7458	0.250030885642322
7459	0.205736258669138
7460	0.223484013259078
7461	0.223807029932629
7462	0.260608797837809
7463	0.178173009242354
7464	0.237617818969766
7465	0.181951660901145
7466	0.255385003420331
7467	0.22827690112244
7468	0.236785371190019
7469	0.16822130904409
7470	0.256824519781697
7471	0.296540684308302
7472	0.221754287685894
7473	0.25744798807051
7474	0.205174210478878
7475	0.130992205511581
7476	0.276259959387388
7477	0.234554334414748
7478	0.190406749966
7479	0.237782085818135
7480	0.229687694757849
7481	0.269322628694479
7482	0.30761405468134
7483	0.231860353372603
7484	0.21605808556498
7485	0.234374340509964
7486	0.216041767688658
7487	0.188414969687231
7488	0.268324847215433
7489	0.289959582497832
7490	0.185093316705751
7491	0.232358918083501
7492	0.306172615933065
7493	0.210788014746791
7494	0.23459752289139
7495	0.242365877495078
7496	0.235551725839902
7497	0.208943028955514
7498	0.223548658903026
7499	0.205266893323726
7500	0.208539939723894
7501	0.287368323697164
7502	0.327390526165231
7503	0.269777981914894
7504	0.210983452687666
7505	0.2014090696214
7506	0.232421636417877
7507	0.24161428547435
7508	0.229603154656165
7509	0.27526078731292
7510	0.203436117360832
7511	0.23890230280025
7512	0.245080010932095
7513	0.199473894750843
7514	0.215391271971818
7515	0.304901069335042
7516	0.228947286190544
7517	0.177737287254881
7518	0.251154324610511
7519	0.175423310938448
7520	0.267840228139298
7521	0.271270102504584
7522	0.141816274909596
7523	0.196527372197689
7524	0.22501133554809
7525	0.19686721288345
7526	0.225052012913383
7527	0.25328038489671
7528	0.204760844907831
7529	0.249066081715793
7530	0.237666961638301
7531	0.234718479758173
7532	0.23365584185538
7533	0.316620851843908
7534	0.231729891324103
7535	0.295187027586111
7536	0.237404968975873
7537	0.176715011307564
7538	0.191367422399889
7539	0.318919124698981
7540	0.287557418021414
7541	0.244258599045625
7542	0.19503717566872
7543	0.219380003998856
7544	0.260249710463736
7545	0.235579090389467
7546	0.25650995120284
7547	0.227555602539766
7548	0.205658341737869
7549	0.210279049938007
7550	0.316387331684328
7551	0.167745373739787
7552	0.248112262647942
7553	0.282921703160651
7554	0.208487905607605
7555	0.246835494037732
7556	0.139311279839415
7557	0.219310122632186
7558	0.242041985873462
7559	0.191073301911919
7560	0.219526308371773
7561	0.180710614259068
7562	0.254722274044254
7563	0.226534221620879
7564	0.20577419161907
7565	0.230772978802746
7566	0.220163295610268
7567	0.309448902819363
7568	0.207588835763171
7569	0.227837224352312
7570	0.260484596093114
7571	0.278972045029037
7572	0.140124111365723
7573	0.20288506027745
7574	0.19051402959739
7575	0.271469163623681
7576	0.254353196245136
7577	0.265996837528449
7578	0.201720604327954
7579	0.208779883030535
7580	0.233752585380229
7581	0.20497670424367
7582	0.257255804303275
7583	0.179658038177399
7584	0.216977234053796
7585	0.280401231204543
7586	0.255355462711541
7587	0.151923305960482
7588	0.206472157153415
7589	0.203531143525453
7590	0.259509791801733
7591	0.187058230087835
7592	0.189441786051753
7593	0.28124773200745
7594	0.268589609253156
7595	0.235003772655941
7596	0.30180197317741
7597	0.239054237090289
7598	0.218136062879923
7599	0.336602158478124
7600	0.253363414065167
7601	0.279683435764349
7602	0.192927919841512
7603	0.242172321599469
7604	0.216511701619262
7605	0.231826243882775
7606	0.247263342879521
7607	0.172525516923048
7608	0.229502316638918
7609	0.291447302514933
7610	0.179312029039879
7611	0.251329440854531
7612	0.200813934503738
7613	0.212183951605087
7614	0.213405262818559
7615	0.252331436089344
7616	0.271604729065775
7617	0.248221166288461
7618	0.159166517717152
7619	0.212629842673967
7620	0.210476600724003
7621	0.269146003456362
7622	0.105196902196437
7623	0.266170306845949
7624	0.287293244894712
7625	0.191056431210606
7626	0.255868096019232
7627	0.253240213103776
7628	0.210896814539146
7629	0.233129117803002
7630	0.220249693439255
7631	0.262424260023229
7632	0.197734691757478
7633	0.170262213660975
7634	0.282250980864405
7635	0.20713105930205
7636	0.25430473574527
7637	0.146550309652632
7638	0.161457272038176
7639	0.24011256998735
7640	0.187165952238871
7641	0.205669654088692
7642	0.201566916231668
7643	0.239869031038161
7644	0.230753537901428
7645	0.252467653110805
7646	0.160282716515862
7647	0.110289231902851
7648	0.210070438441488
7649	0.260971755312041
7650	0.221336570780195
7651	0.221912466438004
7652	0.280353398519485
7653	0.263619948042778
7654	0.19157528496256
7655	0.271893558735087
7656	0.246000934799896
7657	0.251164290223334
7658	0.136448616604803
7659	0.234859441890841
7660	0.247771996090244
7661	0.179019737565976
7662	0.222874259013276
7663	0.256102235258252
7664	0.253590800591775
7665	0.213357189419712
7666	0.237811398386057
7667	0.229974938289123
7668	0.293508642214732
7669	0.257323352053418
7670	0.238287827112359
7671	0.197454914278463
7672	0.235097014859743
7673	0.171047481468504
7674	0.205150414595376
7675	0.17681499728264
7676	0.310157861873228
7677	0.156393967772715
7678	0.276046649196337
7679	0.187191718999792
7680	0.21758138696734
7681	0.27591829244926
7682	0.231201249518821
7683	0.249097017509917
7684	0.317797524422576
7685	0.285365029507921
7686	0.24277197086831
7687	0.226631148535338
7688	0.268270015299385
7689	0.130480986620706
7690	0.166604317453432
7691	0.220783984073824
7692	0.29455508658344
7693	0.199026848516406
7694	0.265155097091952
7695	0.223586289438714
7696	0.240762996972084
7697	0.282751338762496
7698	0.148895773908266
7699	0.272160719268334
7700	0.169724234590674
7701	0.206617525224771
7702	0.235619343175281
7703	0.254944115067528
7704	0.223034698138193
7705	0.264116577034283
7706	0.249863860169662
7707	0.265483963737216
7708	0.143718874991419
7709	0.221963948000114
7710	0.205354692052276
7711	0.211109005590518
7712	0.253631330820869
7713	0.265918531086176
7714	0.271510830721557
7715	0.280037890331389
7716	0.219294532792258
7717	0.193469267700878
7718	0.252478493098265
7719	0.27180542052001
7720	0.18634221939547
7721	0.261907516654457
7722	0.21763454115261
7723	0.24467325998754
7724	0.253533686078216
7725	0.23831219427871
7726	0.301356826656704
7727	0.182387174299018
7728	0.230470462112856
7729	0.234720256119739
7730	0.193985140850236
7731	0.219788632866484
7732	0.195946530705836
7733	0.252986542375403
7734	0.240314518658533
7735	0.235254984614415
7736	0.161075626329559
7737	0.189005328847546
7738	0.274802322003282
7739	0.231063098406623
7740	0.216537256581944
7741	0.246053753503984
7742	0.284049914396051
7743	0.215593588976587
7744	0.258597983624767
7745	0.158253511136506
7746	0.204310611322004
7747	0.234113196457181
7748	0.305517879165276
7749	0.232212730715936
7750	0.199628453740842
7751	0.236017458167341
7752	0.218672203820017
7753	0.218400580106688
7754	0.276000555298443
7755	0.262596038106763
7756	0.282449717145439
7757	0.291394089526103
7758	0.195664545742185
7759	0.221446689500752
7760	0.162721653595098
7761	0.176074679068351
7762	0.21631055556996
7763	0.289109056828652
7764	0.218888114221753
7765	0.212822538927051
7766	0.261872405639855
7767	0.28192977992551
7768	0.199205561189247
7769	0.201344109749903
7770	0.252959289500324
7771	0.16875560285315
7772	0.291492296935031
7773	0.171130021598891
7774	0.24805764026561
7775	0.213712834941821
7776	0.208094052325784
7777	0.218526145482504
7778	0.202113087651456
7779	0.277447028471662
7780	0.196781859060369
7781	0.272466697822879
7782	0.20107313004148
7783	0.267662270256658
7784	0.27229456444984
7785	0.271155250974821
7786	0.208657571615779
7787	0.25154158975295
7788	0.255564629069294
7789	0.187759440311884
7790	0.215828535382596
7791	0.201777322426109
7792	0.211365712777556
7793	0.202028944614993
7794	0.182557064098546
7795	0.207852483137765
7796	0.216471788425754
7797	0.203422841109501
7798	0.204876454166608
7799	0.242629321805839
7800	0.24023804757576
7801	0.233123698174288
7802	0.199556144544478
7803	0.256512107975821
7804	0.294366372986539
7805	0.221934729347808
7806	0.246915757175464
7807	0.256739316890186
7808	0.211553089090768
7809	0.228709974846845
7810	0.235773754860416
7811	0.190536518375892
7812	0.183127830742639
7813	0.260814003116006
7814	0.214891458868255
7815	0.255430607601797
7816	0.215026005309195
7817	0.276937095808374
7818	0.185944552214634
7819	0.210855463377023
7820	0.227978657359531
7821	0.265137088938624
7822	0.198724475220183
7823	0.231678074994106
7824	0.23258145072562
7825	0.29237943191027
7826	0.255021991817173
7827	0.225734693512227
7828	0.218912390286177
7829	0.20245738447368
7830	0.218732885001005
7831	0.283593988355147
7832	0.291258470000903
7833	0.279736724595091
7834	0.170438395745756
7835	0.286747023038122
7836	0.208008552293717
7837	0.188736696150543
7838	0.263900774053098
7839	0.255574471018686
7840	0.184939950445945
7841	0.16374536625668
7842	0.202348034954994
7843	0.275165023951302
7844	0.259484674316851
7845	0.220479053644372
7846	0.178326607239521
7847	0.249103297065031
7848	0.194229008794574
7849	0.170439223977195
7850	0.227593027688092
7851	0.241741752084388
7852	0.245244970680569
7853	0.179798554512668
7854	0.214621951341729
7855	0.217190477273855
7856	0.218985353744884
7857	0.236645495434287
7858	0.224900338378971
7859	0.34507744934331
7860	0.259653454919783
7861	0.209827338274754
7862	0.224133093947785
7863	0.211172520692249
7864	0.216800432872815
7865	0.242416100043838
7866	0.20872819418821
7867	0.204206498858376
7868	0.232588798561683
7869	0.296422041777366
7870	0.185426386780369
7871	0.240730095598057
7872	0.235752838166771
7873	0.219200067459926
7874	0.235972697847027
7875	0.203895008392332
7876	0.200639347864208
7877	0.238975882981474
7878	0.256373317348124
7879	0.175213433230908
7880	0.223091637278382
7881	0.192767969717625
7882	0.202388285256806
7883	0.236350145310439
7884	0.215996513135533
7885	0.254814897501154
7886	0.167380024631987
7887	0.294603394598869
7888	0.192651012812789
7889	0.175180574274723
7890	0.1767258649379
7891	0.271752812008013
7892	0.250755870726403
7893	0.288857594449295
7894	0.203316561708977
7895	0.209858012753264
7896	0.260913864200144
7897	0.228163215954475
7898	0.219978919897874
7899	0.199385483992377
7900	0.246646276087164
7901	0.26053092652562
7902	0.293761423004603
7903	0.283295812081427
7904	0.274251449569902
7905	0.278039704090079
7906	0.218208194500726
7907	0.263040175511324
7908	0.144635827336567
7909	0.286450513923541
7910	0.225367750387994
7911	0.207942213350849
7912	0.202807377541516
7913	0.268648342344358
7914	0.22954871821652
7915	0.308428881107262
7916	0.232297583480923
7917	0.207297189317795
7918	0.190781811719347
7919	0.297087149391791
7920	0.296403883845722
7921	0.28189606932084
7922	0.251393934317797
7923	0.294284252671102
7924	0.218966120342471
7925	0.241684724976236
7926	0.202390459733935
7927	0.189124934440504
7928	0.20535111911725
7929	0.240560782231487
7930	0.173628313957063
7931	0.224814896729276
7932	0.189279135160401
7933	0.243449052659491
7934	0.266737989316986
7935	0.172907327247574
7936	0.324762464766794
7937	0.262628021908244
7938	0.228426881745541
7939	0.272142617032082
7940	0.269140187473296
7941	0.253400758990469
7942	0.20407289028644
7943	0.309444712413184
7944	0.182567130186185
7945	0.280496871556344
7946	0.255312336888866
7947	0.229827889745041
7948	0.220253745892574
7949	0.205920590221587
7950	0.248563945134815
7951	0.224377151984815
7952	0.182194168984388
7953	0.267711915978566
7954	0.298550252727349
7955	0.267943839961036
7956	0.27113686093175
7957	0.15164922667201
7958	0.245088839930452
7959	0.254581202503733
7960	0.242389152934939
7961	0.261139684595025
7962	0.195307592590528
7963	0.241734857678935
7964	0.219534147856674
7965	0.239787899690557
7966	0.21866849249488
7967	0.249423562576213
7968	0.219125257281132
7969	0.22184372120483
7970	0.203203399913853
7971	0.176464865086798
7972	0.245508260650621
7973	0.268786578537111
7974	0.171152537721753
7975	0.180772370148131
7976	0.195768435759245
7977	0.199034215079444
7978	0.199610549209896
7979	0.250074195289589
7980	0.241030440875051
7981	0.25671830264607
7982	0.217856574051767
7983	0.139153507013579
7984	0.238201362503317
7985	0.314137583882502
7986	0.265594367347938
7987	0.220292482829023
7988	0.270976266412721
7989	0.258331846567561
7990	0.178562299270174
7991	0.251553241430594
7992	0.231397443485799
7993	0.203146207513283
7994	0.327334312400964
7995	0.303150972744946
7996	0.280246399849696
7997	0.257925900741485
7998	0.25365740866342
7999	0.23703802887022
8000	0.210122571618343
8001	0.239244519521669
8002	0.281789087128406
8003	0.266988912705529
8004	0.235706486608535
8005	0.253173898859605
8006	0.272474246380221
8007	0.27929785308029
8008	0.182428522016138
8009	0.265692972419227
8010	0.182087688904652
8011	0.246185156190296
8012	0.194848900701296
8013	0.209233078209469
8014	0.235539774849358
8015	0.282804177573797
8016	0.227300013262025
8017	0.244168273429745
8018	0.304380032869793
8019	0.241415402217005
8020	0.181839435037983
8021	0.210536327318692
8022	0.225202839274679
8023	0.234482293326329
8024	0.252895536217219
8025	0.221340612530711
8026	0.237513228047101
8027	0.235421681042879
8028	0.234959787034574
8029	0.251419244088955
8030	0.223129314498705
8031	0.29309775611164
8032	0.155448625382373
8033	0.285759747469863
8034	0.299975931285328
8035	0.288045942382909
8036	0.184661328956851
8037	0.256401590510305
8038	0.240133285215641
8039	0.236581704850858
8040	0.18281615562851
8041	0.235328001920424
8042	0.302541168238299
8043	0.237079986518687
8044	0.215095255267556
8045	0.245005738440146
8046	0.226107109858248
8047	0.150567993746086
8048	0.248435377398437
8049	0.250203330011218
8050	0.235442327893521
8051	0.207860153877748
8052	0.213700491268122
8053	0.198543130021017
8054	0.227551831571922
8055	0.277046672533986
8056	0.294148233053392
8057	0.152028357856238
8058	0.221018328545998
8059	0.237206782538302
8060	0.122886954063327
8061	0.221011211019735
8062	0.231516193744241
8063	0.218323167879005
8064	0.290529740868529
8065	0.152525277265103
8066	0.273519743378865
8067	0.209755329186034
8068	0.228853863850087
8069	0.309660657542082
8070	0.240197424624988
8071	0.254587763380108
8072	0.226412662102405
8073	0.164112147448866
8074	0.251012968940885
8075	0.203438741018303
8076	0.198162843872268
8077	0.206188153529279
8078	0.279698928922977
8079	0.206455783024763
8080	0.167368937758159
8081	0.241767115165011
8082	0.266031525035409
8083	0.206303758255612
8084	0.216610943588207
8085	0.223795106695092
8086	0.273753038790105
8087	0.212483201337308
8088	0.237855158666918
8089	0.207876954436083
8090	0.313249353965086
8091	0.18839115841885
8092	0.120127369137132
8093	0.297964392956384
8094	0.287368509183464
8095	0.286017130046222
8096	0.187622813977189
8097	0.266004037715079
8098	0.236672003413115
8099	0.186170037377492
8100	0.18695489624373
8101	0.207413441012938
8102	0.226973688466614
8103	0.298828691582362
8104	0.251558685416973
8105	0.222713391230559
8106	0.26244057784355
8107	0.205469797946697
8108	0.186705435302303
8109	0.189867593383263
8110	0.308578732258887
8111	0.149668345259232
8112	0.184848910456463
8113	0.215490133387197
8114	0.276972227874351
8115	0.242174319829339
8116	0.172469571413562
8117	0.303606616759477
8118	0.241120956133692
8119	0.150420434865665
8120	0.225796941610937
8121	0.213035231552132
8122	0.198248385385417
8123	0.252041938101796
8124	0.198649158196962
8125	0.195519083283223
8126	0.226144454860131
8127	0.17075930316472
8128	0.249376617673724
8129	0.322428760698076
8130	0.223230223205132
8131	0.215869204687278
8132	0.259895789352638
8133	0.241664074607004
8134	0.284332256332803
8135	0.184669959642471
8136	0.253423244752107
8137	0.187610606420268
8138	0.219019550098432
8139	0.250473272469021
8140	0.255101511549959
8141	0.201806439132135
8142	0.262829709634186
8143	0.229735706801633
8144	0.183994441210079
8145	0.1809385364534
8146	0.189054337615613
8147	0.286364514288857
8148	0.266302257997852
8149	0.17470176303835
8150	0.332532439826104
8151	0.258551319574475
8152	0.148123525833193
8153	0.276021575447542
8154	0.229413510384571
8155	0.252670597312066
8156	0.258180632894857
8157	0.22224757531959
8158	0.241769533292877
8159	0.223919228432378
8160	0.195925098105312
8161	0.297549380864631
8162	0.245844946789879
8163	0.217138856674838
8164	0.251986824290138
8165	0.276339316534626
8166	0.175920044788619
8167	0.157246959494233
8168	0.170184716467662
8169	0.230183659012934
8170	0.246819576140551
8171	0.229166680675195
8172	0.198239497001396
8173	0.218487164281513
8174	0.233793300696388
8175	0.261576610666027
8176	0.256158444501308
8177	0.281642228872977
8178	0.196911798098893
8179	0.206089635377361
8180	0.248402673093165
8181	0.132778283234369
8182	0.24212601826701
8183	0.162358304798764
8184	0.235500764661736
8185	0.217045712433072
8186	0.199112755947465
8187	0.241612974076263
8188	0.229335616799393
8189	0.180264252550623
8190	0.222514288804894
8191	0.147524243964594
8192	0.245990315793551
8193	0.159395664769319
8194	0.241072579337563
8195	0.223063382447214
8196	0.188351151656257
8197	0.317393522533328
8198	0.300670210374201
8199	0.250349504125951
8200	0.183114881603517
8201	0.222242889378836
8202	0.141361595534256
8203	0.17959157803169
8204	0.262657375018935
8205	0.262222676280373
8206	0.210496170181046
8207	0.209945146944835
8208	0.190152150100625
8209	0.15895580358957
8210	0.272375638779482
8211	0.181606433658853
8212	0.276930859260021
8213	0.244887442891206
8214	0.315564215828021
8215	0.183355658274669
8216	0.234867068760979
8217	0.212709112937411
8218	0.203190937319983
8219	0.181917325474285
8220	0.285358719316143
8221	0.256860619795577
8222	0.270794798663995
8223	0.271206807808606
8224	0.292703685374858
8225	0.247226619554354
8226	0.250402940022472
8227	0.229648019959828
8228	0.166078426993693
8229	0.20704874509864
8230	0.199086947727302
8231	0.198803592164424
8232	0.324004585339246
8233	0.245272398519664
8234	0.21592388266997
8235	0.227089844827475
8236	0.253578478725503
8237	0.292534032084497
8238	0.287242299937212
8239	0.188665700892343
8240	0.227717983811087
8241	0.305690482551647
8242	0.233067068455593
8243	0.247092778311068
8244	0.330758645903364
8245	0.261105566523994
8246	0.154300541789046
8247	0.136110441437116
8248	0.233737224786019
8249	0.233710911868385
8250	0.26296826675403
8251	0.266558440873756
8252	0.235088970695414
8253	0.30838472950715
8254	0.240923018190705
8255	0.248073276823274
8256	0.302055963871697
8257	0.196373495597094
8258	0.178837607072344
8259	0.2236972332892
8260	0.205644035627534
8261	0.230641662261818
8262	0.236481819365041
8263	0.297808775970351
8264	0.24022288032243
8265	0.190373438763735
8266	0.255022888424106
8267	0.229038287170535
8268	0.172575674092045
8269	0.195858627307425
8270	0.25427752006537
8271	0.241281616185223
8272	0.225630273391635
8273	0.186887870481037
8274	0.203233257909064
8275	0.265984065219453
8276	0.244145386406638
8277	0.222425205375758
8278	0.22699095785985
8279	0.255992516217828
8280	0.166027951492989
8281	0.255424096693624
8282	0.220753886131885
8283	0.272467664287644
8284	0.253265382664547
8285	0.230043383754894
8286	0.174119652572523
8287	0.23325475451315
8288	0.298413978937577
8289	0.229349446392189
8290	0.234797205123894
8291	0.274862948347619
8292	0.277223368658975
8293	0.18317195250219
8294	0.201326231820146
8295	0.270011701611157
8296	0.166704495944637
8297	0.260464316480905
8298	0.152414442767909
8299	0.219085425809826
8300	0.214513484128953
8301	0.297752677503401
8302	0.187199654877925
8303	0.286858321110018
8304	0.209882241664041
8305	0.269411854035503
8306	0.187400535904716
8307	0.227846207081884
8308	0.103787976951787
8309	0.203210666998646
8310	0.281127612344879
8311	0.185675217683484
8312	0.297783206693974
8313	0.177334652816259
8314	0.263472260034013
8315	0.271853585726169
8316	0.236220903852733
8317	0.226653437819978
8318	0.206061389477844
8319	0.178269101631877
8320	0.251312544211321
8321	0.287473972333285
8322	0.156470112144047
8323	0.168847141497554
8324	0.272781263090242
8325	0.161015200853613
8326	0.165394527079199
8327	0.209809184028052
8328	0.253421516062121
8329	0.278433563126516
8330	0.224794766091509
8331	0.174010545070742
8332	0.253321689781781
8333	0.245333909557606
8334	0.271969532965189
8335	0.208722624506446
8336	0.24861086120683
8337	0.21922385661814
8338	0.209861188920531
8339	0.262439616773847
8340	0.268518783717642
8341	0.200618219914968
8342	0.261351921235717
8343	0.278728259219084
8344	0.24885234625139
8345	0.21277528942574
8346	0.22352211440949
8347	0.262061028473043
8348	0.231104667047689
8349	0.252603461422794
8350	0.250188161693771
8351	0.200885462231262
8352	0.256904833590143
8353	0.202588933168409
8354	0.220363752917588
8355	0.221428034934739
8356	0.244951835799302
8357	0.201838798702878
8358	0.258305913376257
8359	0.224637397161772
8360	0.239378739422819
8361	0.290272264651678
8362	0.231196574775761
8363	0.311542314093519
8364	0.22750385202783
8365	0.179531197618762
8366	0.193575786809018
8367	0.211350062241809
8368	0.225533508374464
8369	0.241783799412874
8370	0.226707139164792
8371	0.216014434350872
8372	0.308371090951951
8373	0.249685692625774
8374	0.219312262865289
8375	0.242157474271448
8376	0.214136481897747
8377	0.278632188977968
8378	0.284779285033904
8379	0.22822023221998
8380	0.236425424889258
8381	0.187171198734756
8382	0.206574014247241
8383	0.172729883727778
8384	0.279870335132083
8385	0.213850446973227
8386	0.215279996424052
8387	0.227164215441586
8388	0.186396091057069
8389	0.29225792157613
8390	0.240912533184926
8391	0.320280685104029
8392	0.218225125103738
8393	0.27624516610828
8394	0.201417001492617
8395	0.243777719108663
8396	0.25031777736962
8397	0.193819706698532
8398	0.224773955740429
8399	0.106588688073406
8400	0.253309245185955
8401	0.193915651307543
8402	0.292427975947514
8403	0.244836529723282
8404	0.206782938811094
8405	0.241082042802244
8406	0.196574076716648
8407	0.248547849157691
8408	0.230316733668304
8409	0.257255267887087
8410	0.23790033684912
8411	0.237241297787079
8412	0.20684373559564
8413	0.164896255668742
8414	0.240204125707069
8415	0.203636180398859
8416	0.162637284039583
8417	0.272549871481655
8418	0.256863810410361
8419	0.251971167957106
8420	0.251199116011915
8421	0.271258654965678
8422	0.262941365013851
8423	0.218968162564119
8424	0.248007292339277
8425	0.291056008072817
8426	0.232558935760347
8427	0.226105503416816
8428	0.175970302366554
8429	0.169491651046299
8430	0.191822631369004
8431	0.211618524503699
8432	0.254447203492585
8433	0.184473879718894
8434	0.243112161981458
8435	0.154530866630395
8436	0.189757994571721
8437	0.203782605509259
8438	0.258554764143844
8439	0.191613883330676
8440	0.190728046326263
8441	0.241494384950917
8442	0.223124775122952
8443	0.186015913434473
8444	0.261344452090062
8445	0.26033199678728
8446	0.253804428280314
8447	0.237059985447573
8448	0.270403051834813
8449	0.17150425897588
8450	0.191931860979797
8451	0.281095260139957
8452	0.251037829231196
8453	0.224762542356478
8454	0.27180954782058
8455	0.216375186420978
8456	0.224572369223705
8457	0.192509914518766
8458	0.162507348691114
8459	0.185603585337976
8460	0.241868098862981
8461	0.229526353261387
8462	0.227726300372169
8463	0.229937326684123
8464	0.261974027140879
8465	0.181113213826247
8466	0.200285130036102
8467	0.188769512804678
8468	0.200900449158893
8469	0.226089578458171
8470	0.266751560042638
8471	0.244671927252726
8472	0.230609999957085
8473	0.252496140470249
8474	0.211203708590175
8475	0.267890897395222
8476	0.272923598869966
8477	0.274471260280297
8478	0.203016777077647
8479	0.234716731538545
8480	0.24737602861133
8481	0.260871754245342
8482	0.297523527241186
8483	0.234341044538313
8484	0.184876813424578
8485	0.245419515151221
8486	0.244224530851555
8487	0.250452260833462
8488	0.262593103072046
8489	0.2621077650805
8490	0.263130382454866
8491	0.240385097962418
8492	0.262227877073712
8493	0.207325048960765
8494	0.20511795684838
8495	0.183725925992018
8496	0.274632295977293
8497	0.213197846863378
8498	0.193518882555236
8499	0.198891589821147
8500	0.245904747270687
8501	0.181659560795927
8502	0.262151070580162
8503	0.229835028875075
8504	0.200742890333263
8505	0.196916571340055
8506	0.215190054062372
8507	0.273724486863118
8508	0.26645552354775
8509	0.299978554459998
8510	0.204277901473689
8511	0.255734554338271
8512	0.211388015003175
8513	0.255894812667648
8514	0.207372411742112
8515	0.166598987471263
8516	0.256347994030991
8517	0.23887453584063
8518	0.181517051286406
8519	0.268680997555967
8520	0.243456895780645
8521	0.21028006106042
8522	0.224407369580885
8523	0.229766685832846
8524	0.269472971868557
8525	0.214150665996046
8526	0.263242417922565
8527	0.253233336609797
8528	0.230922467589153
8529	0.284075352354594
8530	0.221149834652364
8531	0.184714513698696
8532	0.270996469258899
8533	0.161081794624921
8534	0.162799714174377
8535	0.213205149184811
8536	0.241937002699381
8537	0.28636969425755
8538	0.213517586902235
8539	0.245288785177884
8540	0.302482561494874
8541	0.206580794379866
8542	0.260072334325556
8543	0.183023553975856
8544	0.240136999105696
8545	0.224845442664862
8546	0.245674069353295
8547	0.242660749368394
8548	0.251199071616196
8549	0.210887366702945
8550	0.218328909379144
8551	0.292898363408995
8552	0.199856005756812
8553	0.296956120915868
8554	0.223789664615577
8555	0.296471704880403
8556	0.178021433088211
8557	0.257140725480309
8558	0.22596650588044
8559	0.248023627653435
8560	0.27065775766337
8561	0.264359630357148
8562	0.286723803798684
8563	0.180799153519893
8564	0.227505126225216
8565	0.273567676029133
8566	0.187814061897726
8567	0.23623364474753
8568	0.32278910323859
8569	0.225213778961925
8570	0.275619276503557
8571	0.199350691948375
8572	0.160340562600722
8573	0.230123953391802
8574	0.24643633068259
8575	0.273840448334057
8576	0.248546211065158
8577	0.26305257963086
8578	0.254535991203266
8579	0.239269590647067
8580	0.268339789090694
8581	0.156525261572825
8582	0.185564462561181
8583	0.261141677075032
8584	0.21651153026567
8585	0.321613718266246
8586	0.250248791967147
8587	0.203773750228129
8588	0.254338033214913
8589	0.248141792408823
8590	0.220822701855185
8591	0.140640126713103
8592	0.288850570470584
8593	0.269806742879062
8594	0.211410126267828
8595	0.225700083576351
8596	0.238983918426609
8597	0.231126834501943
8598	0.216511294861414
8599	0.272162232660982
8600	0.164649884729883
8601	0.263513226177391
8602	0.218567983814909
8603	0.294095013791584
8604	0.335365181238563
8605	0.195992113255061
8606	0.227086541832468
8607	0.249854801892244
8608	0.180472481616355
8609	0.264458674243035
8610	0.198909283953389
8611	0.192355666803575
8612	0.273129134848569
8613	0.23581541439634
8614	0.259082746261107
8615	0.184860401243876
8616	0.21133463983167
8617	0.242977585652552
8618	0.209089489108446
8619	0.229446004699832
8620	0.317266643615259
8621	0.229226320226371
8622	0.174266297450932
8623	0.26560037315421
8624	0.254907051914555
8625	0.19788815367822
8626	0.183328158472526
8627	0.23655087443835
8628	0.270853751898556
8629	0.185649399638064
8630	0.0960475068124225
8631	0.196683878614794
8632	0.224818865107135
8633	0.177317592233821
8634	0.219249733393387
8635	0.192055651982919
8636	0.3004973002179
8637	0.198903060628583
8638	0.219066089002951
8639	0.168339795380182
8640	0.195052393657697
8641	0.265041469699217
8642	0.23011946368171
8643	0.157205917025825
8644	0.289425631589743
8645	0.243600074378512
8646	0.236512581104952
8647	0.184995047152541
8648	0.323642858725848
8649	0.290034026460133
8650	0.235601837639717
8651	0.267886193041653
8652	0.302927649175505
8653	0.195015857881093
8654	0.19304291393376
8655	0.17854518248338
8656	0.207083528505852
8657	0.207788034527395
8658	0.154118668580078
8659	0.213021908456093
8660	0.272274649359125
8661	0.204265513186544
8662	0.242397460427534
8663	0.276625883899392
8664	0.257647942925734
8665	0.259578556910735
8666	0.218395701215139
8667	0.197928001891635
8668	0.18458373682154
8669	0.208928195758008
8670	0.177268236306539
8671	0.273554867834703
8672	0.190193385041801
8673	0.217826193598667
8674	0.16106958604024
8675	0.267640869469974
8676	0.191259764899501
8677	0.240183188234427
8678	0.270863710305585
8679	0.141974643933758
8680	0.2784454915725
8681	0.293604537201057
8682	0.226561054854127
8683	0.214090264589781
8684	0.187722532953436
8685	0.243131419452538
8686	0.320227405044038
8687	0.288347690702532
8688	0.244364572909438
8689	0.223374324654261
8690	0.188937336950395
8691	0.296781914566508
8692	0.154169001576268
8693	0.191262043055034
8694	0.259335315440391
8695	0.205079017334717
8696	0.25919425733059
8697	0.197034311033461
8698	0.224377964220384
8699	0.140939374625415
8700	0.259967595652439
8701	0.208810758001098
8702	0.261839967288614
8703	0.252106589725704
8704	0.231741819435075
8705	0.227008383852254
8706	0.229284663585668
8707	0.293688048107094
8708	0.257891163381834
8709	0.1297378092212
8710	0.21892739737732
8711	0.192931811840649
8712	0.178087085122773
8713	0.204182944303819
8714	0.223473115102439
8715	0.138331807230701
8716	0.183930495678697
8717	0.19552041123611
8718	0.225105980328169
8719	0.201225986660096
8720	0.263356584177987
8721	0.281764687976984
8722	0.29242446097462
8723	0.263499487692027
8724	0.228130380508218
8725	0.227065562315089
8726	0.246742476593041
8727	0.258347391733535
8728	0.245632139981817
8729	0.280951428852506
8730	0.244245077672397
8731	0.226666195687934
8732	0.18444351430745
8733	0.181930392003971
8734	0.285874004626663
8735	0.230071962065385
8736	0.230642157582638
8737	0.213779263716509
8738	0.300160804063346
8739	0.302661948369419
8740	0.238073069625382
8741	0.210877621458698
8742	0.240933435856327
8743	0.256542268991559
8744	0.230144280680004
8745	0.271720034425885
8746	0.208650778735778
8747	0.206168842487374
8748	0.136232027092649
8749	0.273651609604859
8750	0.226532049861751
8751	0.176990364544467
8752	0.193063143612454
8753	0.204424623412198
8754	0.220329749652212
8755	0.229722711407932
8756	0.222563815230849
8757	0.221770817171121
8758	0.214084225847526
8759	0.207538101145699
8760	0.241661666479057
8761	0.166459163642127
8762	0.198151834480216
8763	0.27263673671747
8764	0.232343887632607
8765	0.185465026291454
8766	0.313919461450605
8767	0.298908187375308
8768	0.285903395810055
8769	0.302381323865424
8770	0.250899284167029
8771	0.203889921180915
8772	0.212539930901194
8773	0.23489589217643
8774	0.208798274870106
8775	0.284549564123375
8776	0.308819956184758
8777	0.285528463062797
8778	0.185811853709989
8779	0.204232677216831
8780	0.255631409484967
8781	0.260097724961667
8782	0.189715911882472
8783	0.246394438499026
8784	0.20894087699004
8785	0.265991012943432
8786	0.238045955370615
8787	0.222484442741542
8788	0.277409633563945
8789	0.240160873470398
8790	0.204681462953235
8791	0.218874075662109
8792	0.248275637053268
8793	0.247080706613366
8794	0.196245708253645
8795	0.236254687693242
8796	0.227785270764293
8797	0.218567209401021
8798	0.24140910357432
8799	0.230417765097736
8800	0.241486355217527
8801	0.201819066280267
8802	0.2189826871718
8803	0.197323734991847
8804	0.234980811801325
8805	0.251377256301645
8806	0.313390538254136
8807	0.255050881630825
8808	0.20084655911475
8809	0.24845299751872
8810	0.212567947530503
8811	0.271585881898416
8812	0.255435195097594
8813	0.263183174540846
8814	0.205263085225674
8815	0.208008268933525
8816	0.277380667852334
8817	0.217192943769991
8818	0.254178672614668
8819	0.222215147916866
8820	0.271636304150983
8821	0.194890804141598
8822	0.200030963060661
8823	0.194702589169467
8824	0.275153362028434
8825	0.216145790098165
8826	0.188044410136811
8827	0.299068163165779
8828	0.202338278710829
8829	0.239336226186562
8830	0.266742844276294
8831	0.172148214269786
8832	0.265804559583687
8833	0.186163113332061
8834	0.187145344374367
8835	0.204247926804123
8836	0.180876666144501
8837	0.215306655293987
8838	0.264178268672161
8839	0.124247738363705
8840	0.188263611453526
8841	0.243878068373605
8842	0.210900975475708
8843	0.26126426112146
8844	0.167920480318873
8845	0.235879872394195
8846	0.21626776088189
8847	0.217943698853039
8848	0.20815759559588
8849	0.226605554688628
8850	0.206167476543232
8851	0.246815215168474
8852	0.280090361940332
8853	0.262413428489838
8854	0.220489718703793
8855	0.19815047617352
8856	0.286973150845026
8857	0.197548849511817
8858	0.254353938854146
8859	0.167426041754766
8860	0.324884960251663
8861	0.171751468736877
8862	0.141752797332915
8863	0.271929033808968
8864	0.274819847862395
8865	0.275902423675284
8866	0.224069130681991
8867	0.195011603405797
8868	0.206410103834925
8869	0.199057125936067
8870	0.223558551907752
8871	0.207501173217362
8872	0.225251916346314
8873	0.240546621072933
8874	0.251261657944017
8875	0.283516087490013
8876	0.164266832403594
8877	0.273675295220923
8878	0.17512049232492
8879	0.278836902320336
8880	0.232129757612765
8881	0.236579945770665
8882	0.26238973328786
8883	0.230479965988578
8884	0.188839223945563
8885	0.254306194913694
8886	0.190567019160889
8887	0.275916033672185
8888	0.263884869103438
8889	0.230629035584093
8890	0.209363664544855
8891	0.266964275395393
8892	0.25921331117522
8893	0.28031119892429
8894	0.234867426472999
8895	0.200662145005556
8896	0.258167681372381
8897	0.199448269830418
8898	0.178464333591479
8899	0.219042416639833
8900	0.20888665267186
8901	0.176528175199594
8902	0.252188981201185
8903	0.247288233548756
8904	0.174138165807548
8905	0.25242194430602
8906	0.258572578499521
8907	0.269997295377278
8908	0.218403485284738
8909	0.175335971372133
8910	0.193572251403773
8911	0.231188800778042
8912	0.216630882835125
8913	0.235394528795446
8914	0.273004652217026
8915	0.140423615753006
8916	0.254654719012135
8917	0.208921203510701
8918	0.226466737027163
8919	0.183058678144532
8920	0.227071689783178
8921	0.298987815220333
8922	0.199051987587737
8923	0.183423831535769
8924	0.184908039129733
8925	0.238559362773658
8926	0.230587029559492
8927	0.162660876470684
8928	0.208572239264526
8929	0.206666777580255
8930	0.176078923022564
8931	0.244686807851047
8932	0.177468388121214
8933	0.243592745488554
8934	0.223542474117479
8935	0.292513922210825
8936	0.276235681823154
8937	0.279752572858735
8938	0.300814645094098
8939	0.287445210600472
8940	0.220425538605534
8941	0.318670476429911
8942	0.261659379970976
8943	0.242037329657516
8944	0.242152376165509
8945	0.168190333420837
8946	0.257377363312505
8947	0.149972293739622
8948	0.17055823347496
8949	0.174370528604887
8950	0.210395345400922
8951	0.209470900008009
8952	0.280117013825306
8953	0.257748203812965
8954	0.171513899590745
8955	0.228355108462848
8956	0.120006662846148
8957	0.183418036784658
8958	0.187533263585151
8959	0.241539141799052
8960	0.188465016079149
8961	0.257390131124233
8962	0.271310670681965
8963	0.239737336890173
8964	0.235216361334819
8965	0.161339528251108
8966	0.204566479286045
8967	0.238046331004025
8968	0.205316661506726
8969	0.341150366355998
8970	0.244052688585165
8971	0.237149187720822
8972	0.172693823571331
8973	0.137695592995285
8974	0.23311810734362
8975	0.264417381210212
8976	0.27391800731416
8977	0.268787736998489
8978	0.204675352028162
8979	0.175442138037372
8980	0.21529875923563
8981	0.236533507376322
8982	0.184852137009456
8983	0.221124383125713
8984	0.203539652975311
8985	0.205504961552008
8986	0.228387395634873
8987	0.273219904626508
8988	0.287638021680983
8989	0.227409004479514
8990	0.283723938127565
8991	0.295199680720341
8992	0.281246334398627
8993	0.220339298025552
8994	0.263566837270494
8995	0.329602097125435
8996	0.308871470458264
8997	0.1945871438296
8998	0.295364423320888
8999	0.229383945389129
9000	0.190002028229934
9001	0.184110788965753
9002	0.246032731677046
9003	0.197057460040264
9004	0.16604087170699
9005	0.218189093156379
9006	0.172525929305373
9007	0.149543165858367
9008	0.228417990704707
9009	0.161644209800633
9010	0.200381616923863
9011	0.242874537993363
9012	0.203588914166404
9013	0.159124427406871
9014	0.187852999170919
9015	0.209809635426352
9016	0.249554271699007
9017	0.205396694089714
9018	0.223290110640893
9019	0.333491092799591
9020	0.274078174575793
9021	0.201811507909593
9022	0.1921781384938
9023	0.180276191750349
9024	0.299765230646963
9025	0.235701406079259
9026	0.28337405362439
9027	0.271338922073715
9028	0.205521563702872
9029	0.191194722221607
9030	0.198288949910324
9031	0.159821388783847
9032	0.232832638907105
9033	0.30813937360432
9034	0.294966399697883
9035	0.295026153716804
9036	0.223636662067326
9037	0.212446202804739
9038	0.175583450808491
9039	0.204716141409941
9040	0.172045199864362
9041	0.233797401900627
9042	0.233967880746774
9043	0.178043331469586
9044	0.231695353672454
9045	0.259879645204872
9046	0.285992520188234
9047	0.214139781096754
9048	0.273519156403167
9049	0.204338710730848
9050	0.200678162372736
9051	0.173222569691574
9052	0.271286155280248
9053	0.17132704609796
9054	0.215270634312662
9055	0.205441284836198
9056	0.25232739185276
9057	0.218126178435592
9058	0.219434635612181
9059	0.224780806962266
9060	0.200187767046249
9061	0.209348957445749
9062	0.251993558519757
9063	0.246567905443613
9064	0.162685219677066
9065	0.269342929183573
9066	0.211944703771908
9067	0.197475202293286
9068	0.241907064306064
9069	0.175539634975039
9070	0.182064349731275
9071	0.212790524284682
9072	0.253090380558204
9073	0.222407802518562
9074	0.270387423451314
9075	0.310467259854276
9076	0.24591546594307
9077	0.158026856130137
9078	0.258721627170139
9079	0.258370694952508
9080	0.267120431785821
9081	0.222733696961527
9082	0.194218626529722
9083	0.216842073437668
9084	0.194042316161067
9085	0.223317128693564
9086	0.262944472187432
9087	0.238560136505938
9088	0.262949020368285
9089	0.233087112383579
9090	0.19689325071503
9091	0.260900098619622
9092	0.263204514893246
9093	0.251218085240459
9094	0.265056427857313
9095	0.281293005594958
9096	0.253627900339679
9097	0.126856162677648
9098	0.22436444136196
9099	0.227135319154853
9100	0.201905283469379
9101	0.271742094985272
9102	0.251167548803119
9103	0.261907520658964
9104	0.302037479700452
9105	0.23092556705274
9106	0.275057781008226
9107	0.1867515977084
9108	0.263951824077014
9109	0.247024975983916
9110	0.205131934496456
9111	0.19396974565629
9112	0.254542273358682
9113	0.213441736109034
9114	0.310243401922078
9115	0.261514824537192
9116	0.243773466291211
9117	0.281649005220099
9118	0.238055783847081
9119	0.177542057287998
9120	0.307412353737785
9121	0.247860632868898
9122	0.338069354020392
9123	0.201669235558216
9124	0.224541050348501
9125	0.22553208215024
9126	0.279407918053075
9127	0.218443740647524
9128	0.241748894428274
9129	0.223282706973815
9130	0.200382501676405
9131	0.194753339881403
9132	0.203882291390419
9133	0.127286011796711
9134	0.148471667969118
9135	0.263295959040896
9136	0.229326461484041
9137	0.274418695439355
9138	0.19253626168215
9139	0.210183467120606
9140	0.203111385928936
9141	0.213390534798684
9142	0.209682415729213
9143	0.298708813102003
9144	0.226335243345016
9145	0.203763057985378
9146	0.279591597628881
9147	0.229203781182801
9148	0.272694970209018
9149	0.285418614767809
9150	0.280484059512747
9151	0.263165914846278
9152	0.154703184450827
9153	0.252785217774589
9154	0.265233920051927
9155	0.152274311292022
9156	0.266470647614253
9157	0.106514768481107
9158	0.185386199082228
9159	0.221921922968867
9160	0.177450145863934
9161	0.194948605331969
9162	0.260850565103188
9163	0.236899156916639
9164	0.242118644828758
9165	0.217333502039717
9166	0.206163898738617
9167	0.26230024921225
9168	0.174157073694342
9169	0.23714314503333
9170	0.176130238916266
9171	0.303203583039503
9172	0.2303128971952
9173	0.290699633620566
9174	0.297681889406608
9175	0.151257890469511
9176	0.220121813162837
9177	0.237826794914393
9178	0.149352102662652
9179	0.239330816309141
9180	0.212584906098455
9181	0.159050236163364
9182	0.241934766960317
9183	0.148358887546624
9184	0.213183143061397
9185	0.258255458644302
9186	0.231217521227463
9187	0.28079617898506
9188	0.221983044018451
9189	0.258852262612575
9190	0.189245886136929
9191	0.257474638246826
9192	0.23113407582108
9193	0.216996487301109
9194	0.171548051196108
9195	0.275239732866639
9196	0.203037153663109
9197	0.228014564139326
9198	0.362849177424144
9199	0.142245186538965
9200	0.281378877657591
9201	0.19584014136872
9202	0.222753873605501
9203	0.231906110529567
9204	0.212151419565897
9205	0.252884756554136
9206	0.277871722963857
9207	0.252496682583233
9208	0.251037644665419
9209	0.194224749203902
9210	0.234314959525638
9211	0.188364734359521
9212	0.102932931213214
9213	0.343701263189873
9214	0.231595999894348
9215	0.2352843185606
9216	0.276455055205468
9217	0.244205317861149
9218	0.22510430678336
9219	0.19036265067648
9220	0.249267035388403
9221	0.181863955538484
9222	0.260102350299863
9223	0.230539809896513
9224	0.278980115336805
9225	0.247975966584112
9226	0.327522064109703
9227	0.231683087500073
9228	0.190916066540408
9229	0.202984094580357
9230	0.337094893768964
9231	0.236105877237616
9232	0.297118970130449
9233	0.28298187051387
9234	0.182234469692341
9235	0.17497830054637
9236	0.210403690321149
9237	0.196726646316368
9238	0.252975554120211
9239	0.259095523220408
9240	0.206342750991309
9241	0.253864133568459
9242	0.244722694774013
9243	0.196328463219759
9244	0.215171897448578
9245	0.234142402388066
9246	0.189510725481015
9247	0.266975999049062
9248	0.297542285774751
9249	0.326218070526132
9250	0.182131795762779
9251	0.221639521633267
9252	0.175804919809415
9253	0.251149477247022
9254	0.269011213624188
9255	0.275841654105213
9256	0.222073169535322
9257	0.256040178350187
9258	0.23790121750898
9259	0.181736299459195
9260	0.252634837023515
9261	0.15046729351001
9262	0.199979419609646
9263	0.224979196986234
9264	0.320994904540351
9265	0.272657605709446
9266	0.215079917019169
9267	0.23562341070744
9268	0.295102458427183
9269	0.151926307718968
9270	0.221963089761385
9271	0.151564922293567
9272	0.195707342719183
9273	0.223010408064821
9274	0.265700962041169
9275	0.23365441786565
9276	0.255742677216836
9277	0.215126733498001
9278	0.235697930548463
9279	0.273554678276596
9280	0.204279258135139
9281	0.298732521450837
9282	0.24132478242635
9283	0.224592697055035
9284	0.19172503116572
9285	0.222513944142381
9286	0.261233717598432
9287	0.25217799361797
9288	0.22933105293948
9289	0.226301884866484
9290	0.24710884538108
9291	0.108554010305215
9292	0.247294620411398
9293	0.228097216977524
9294	0.183177861601371
9295	0.243883855317432
9296	0.219358221847077
9297	0.288121253877026
9298	0.251687874270692
9299	0.216015990021097
9300	0.222526332878762
9301	0.266283202184253
9302	0.201896891014522
9303	0.247510089573854
9304	0.19497011968595
9305	0.220361690615397
9306	0.25002508015817
9307	0.235408643318597
9308	0.193101168814276
9309	0.287292482108548
9310	0.211190980786897
9311	0.274091757112181
9312	0.277859548610275
9313	0.198491750307709
9314	0.276477530466155
9315	0.265123189872273
9316	0.24498718113216
9317	0.310051212215305
9318	0.214597328172549
9319	0.239507588071333
9320	0.194944770708571
9321	0.238159754056381
9322	0.270417014790306
9323	0.267324701666349
9324	0.159244474999106
9325	0.235384283927247
9326	0.262316039217842
9327	0.239136894530933
9328	0.239394326125147
9329	0.217166732365187
9330	0.255833882408867
9331	0.239857869265676
9332	0.236791502970923
9333	0.187266778019339
9334	0.225245467597967
9335	0.295675592955938
9336	0.259075864756009
9337	0.178956616411308
9338	0.127499293842569
9339	0.236577238917772
9340	0.229940205199157
9341	0.249724343954351
9342	0.20603130712944
9343	0.220917212874414
9344	0.221915444293973
9345	0.200711776399034
9346	0.169167539558448
9347	0.371127730526332
9348	0.209989630855454
9349	0.231937649255096
9350	0.206269630533419
9351	0.207577269941434
9352	0.275512452369269
9353	0.223448221890517
9354	0.161004382182079
9355	0.262234963376112
9356	0.27157172833831
9357	0.217618256972253
9358	0.242203999872646
9359	0.283886117869179
9360	0.222737237210063
9361	0.230548082304669
9362	0.163448845500646
9363	0.22201619498378
9364	0.224498674625981
9365	0.261409870561856
9366	0.23888709624706
9367	0.219205086045183
9368	0.235416207850719
9369	0.207669839850157
9370	0.218974204247843
9371	0.21834897698224
9372	0.238321662285248
9373	0.285169482479653
9374	0.238468718704748
9375	0.214575715939913
9376	0.203607581626115
9377	0.278837809333994
9378	0.206328953999182
9379	0.269447894051223
9380	0.174681287501121
9381	0.286832236524432
9382	0.191889564201472
9383	0.304920171113168
9384	0.238782735010577
9385	0.27810319132332
9386	0.248019303895517
9387	0.254545517296695
9388	0.169427959066359
9389	0.293207158750591
9390	0.226558451922694
9391	0.242706726931544
9392	0.243625573743306
9393	0.196367273477366
9394	0.204878828518582
9395	0.239387945646887
9396	0.262983411437778
9397	0.296229562920895
9398	0.217461398879445
9399	0.262110438935878
9400	0.212570710085902
9401	0.340095048078394
9402	0.301681920322972
9403	0.253532083243759
9404	0.299081168206242
9405	0.214379520771582
9406	0.3397050072134
9407	0.208811029700184
9408	0.220349966354832
9409	0.280572488718023
9410	0.293679168661209
9411	0.232482047672677
9412	0.283403273905078
9413	0.237810030999027
9414	0.279044673167798
9415	0.206612565634584
9416	0.214752752643802
9417	0.173949303215828
9418	0.212229981782768
9419	0.257242623889377
9420	0.265236160763847
9421	0.214607145140931
9422	0.207894945330522
9423	0.2443798385117
9424	0.259715070353593
9425	0.212700164092267
9426	0.161441221077198
9427	0.254723292776009
9428	0.205265242945766
9429	0.198278614236458
9430	0.139086623939836
9431	0.214167757632279
9432	0.177907352570564
9433	0.2522509231488
9434	0.261756512526963
9435	0.202504582591211
9436	0.165340378096
9437	0.279899878384568
9438	0.206824223443606
9439	0.24844833610994
9440	0.28413168421229
9441	0.174739858204019
9442	0.267629742150929
9443	0.368457060358597
9444	0.276492394815629
9445	0.22564113971815
9446	0.227591117162172
9447	0.182558185961336
9448	0.214789481661476
9449	0.230504513151369
9450	0.288224308791291
9451	0.190519550957201
9452	0.260681802674632
9453	0.185958916610251
9454	0.224024532167439
9455	0.231533866492956
9456	0.248811629315828
9457	0.227955668533554
9458	0.238496500228907
9459	0.211961997047252
9460	0.215946649490111
9461	0.253410801111564
9462	0.179909940037688
9463	0.33836274458809
9464	0.236644812719158
9465	0.238843083265441
9466	0.260762234214936
9467	0.305692715686591
9468	0.229966890689404
9469	0.210147035847482
9470	0.227288346894353
9471	0.190468266344598
9472	0.260557014648258
9473	0.26924782427752
9474	0.25797569483241
9475	0.190749791758716
9476	0.283277359216336
9477	0.176280772472736
9478	0.229136133869075
9479	0.226960226249389
9480	0.256757865887773
9481	0.234942834451283
9482	0.163055285519713
9483	0.333102030392896
9484	0.247621100297885
9485	0.191996660482074
9486	0.255950013724928
9487	0.247364078290485
9488	0.286117768858174
9489	0.187996034639375
9490	0.168155912481213
9491	0.171558136953236
9492	0.266156823114946
9493	0.270270427931175
9494	0.21998552134764
9495	0.290672799914818
9496	0.271397220863036
9497	0.160474236922096
9498	0.16636626172369
9499	0.237385223397024
9500	0.261663939058938
9501	0.253225265446214
9502	0.208725011367385
9503	0.222551642112642
9504	0.199039630227231
9505	0.277184504249746
9506	0.235761978003609
9507	0.288292638432652
9508	0.174413754793894
9509	0.198942251426667
9510	0.179773675302082
9511	0.249894533740444
9512	0.251729485651379
9513	0.235839543893833
9514	0.296721303033462
9515	0.250982890428339
9516	0.239982983139953
9517	0.253211882370693
9518	0.228821598382543
9519	0.134119819139543
9520	0.182968565287999
9521	0.183103758644704
9522	0.273605148667243
9523	0.242658277132341
9524	0.196474374108352
9525	0.240703328534399
9526	0.223509535413665
9527	0.26489402322141
9528	0.289032909786042
9529	0.218976754813611
9530	0.232403701427542
9531	0.221701043469424
9532	0.310723896189174
9533	0.265407286188156
9534	0.276080150737424
9535	0.275919225825226
9536	0.366567976294951
9537	0.22107572045085
9538	0.269830280745294
9539	0.322842802687175
9540	0.270805315997783
9541	0.258381629803408
9542	0.244255750160367
9543	0.203784514670832
9544	0.181585300146874
9545	0.262472227192709
9546	0.300253294410829
9547	0.217002111146582
9548	0.257895073631903
9549	0.193864312094094
9550	0.170352503724302
9551	0.254344976192078
9552	0.25698544215936
9553	0.251381536046456
9554	0.196456465831781
9555	0.213468509353756
9556	0.218027694320627
9557	0.184909389493136
9558	0.269180025184894
9559	0.286074623814713
9560	0.242972212278156
9561	0.252423059860444
9562	0.238486684048446
9563	0.271858670948181
9564	0.172538878078548
9565	0.190061831023222
9566	0.340227698813937
9567	0.265920010171036
9568	0.237025223237278
9569	0.286861769660894
9570	0.238704069269742
9571	0.243596314438106
9572	0.230687260127501
9573	0.272432454025614
9574	0.19673070900686
9575	0.16395594383414
9576	0.242834699079726
9577	0.227365402878524
9578	0.259330869276892
9579	0.264288161711066
9580	0.261304548680887
9581	0.228090381211553
9582	0.17617892960601
9583	0.275221701894557
9584	0.157436591189727
9585	0.242506068455435
9586	0.2742937369901
9587	0.222786848626571
9588	0.191900041218415
9589	0.218601041726632
9590	0.208223402030001
9591	0.25660621581882
9592	0.230988510831997
9593	0.26607413357076
9594	0.277300658583703
9595	0.316848221221029
9596	0.254672358843063
9597	0.23163872211847
9598	0.29809268925454
9599	0.233837670258032
9600	0.201292289070279
9601	0.27208022233345
9602	0.180078730325206
9603	0.240756876828734
9604	0.261403429686425
9605	0.308777225955069
9606	0.247411243284343
9607	0.167085730664338
9608	0.275674227805746
9609	0.191802785386803
9610	0.197879023883145
9611	0.233007721479058
9612	0.235689198061281
9613	0.237932279356231
9614	0.253054103743774
9615	0.268703091088922
9616	0.261546901920472
9617	0.206009392032437
9618	0.282230610890201
9619	0.256219820479785
9620	0.216208050695467
9621	0.242834798125606
9622	0.216777078956561
9623	0.223009656629632
9624	0.280904943772181
9625	0.271048743543414
9626	0.181458529425408
9627	0.180488564520785
9628	0.223892804352673
9629	0.228208811718586
9630	0.238576927003174
9631	0.1938636068529
9632	0.270167563517731
9633	0.226517363575604
9634	0.201362151161219
9635	0.229586987502938
9636	0.209536238778923
9637	0.14820467659751
9638	0.270426857317529
9639	0.152590259448067
9640	0.280555094284705
9641	0.207343641868963
9642	0.144026083247806
9643	0.194993982993852
9644	0.254474966560959
9645	0.269105111834478
9646	0.198415024541009
9647	0.252645684979273
9648	0.252498058170966
9649	0.250379903263142
9650	0.219825791429645
9651	0.176616045724614
9652	0.246254826488496
9653	0.250799657642486
9654	0.264726668578545
9655	0.269158609788908
9656	0.165663755385683
9657	0.27683294052571
9658	0.18180301332809
9659	0.218247367332885
9660	0.200482570144159
9661	0.21640302539265
9662	0.269054188784299
9663	0.197477273179263
9664	0.278262841538306
9665	0.255050239080203
9666	0.270305410131748
9667	0.317876380238534
9668	0.13875372101378
9669	0.190961417739
9670	0.300056128443426
9671	0.253525624969844
9672	0.267553069179054
9673	0.226071967736139
9674	0.212429276269488
9675	0.272286360938077
9676	0.345108031061605
9677	0.208335001293338
9678	0.203056701917503
9679	0.27112033199487
9680	0.306696093094375
9681	0.257430057596957
9682	0.203145168465169
9683	0.25125296970391
9684	0.205527595037322
9685	0.265736030387764
9686	0.273634788224214
9687	0.196491693481476
9688	0.228397652898094
9689	0.240158138772871
9690	0.270749224401971
9691	0.240354381511886
9692	0.203971605990392
9693	0.193986039958942
9694	0.217447494182568
9695	0.257816050159003
9696	0.191581640275276
9697	0.209907891394522
9698	0.251563990643444
9699	0.208663463444755
9700	0.245698153168508
9701	0.221724188430854
9702	0.233498705902867
9703	0.323035964825724
9704	0.331178304182346
9705	0.156613076548091
9706	0.251200485280654
9707	0.222147970243566
9708	0.237167279561287
9709	0.222766364853771
9710	0.230154320760694
9711	0.193973748459177
9712	0.246506463311875
9713	0.223845736958512
9714	0.241831823569545
9715	0.207322020787731
9716	0.165389474932871
9717	0.205378893544012
9718	0.245951974488304
9719	0.21489439664362
9720	0.296390825178875
9721	0.210484365326169
9722	0.252828694713788
9723	0.174418473470023
9724	0.217217967267216
9725	0.262695607559139
9726	0.222142793322161
9727	0.29586626015757
9728	0.211974922382865
9729	0.212298622868255
9730	0.235538370000449
9731	0.230580134812286
9732	0.142462307964034
9733	0.292985120226817
9734	0.254424125564541
9735	0.303731007644049
9736	0.214637302935606
9737	0.218141438383627
9738	0.279895160453054
9739	0.295537549445126
9740	0.28511585420681
9741	0.146377558234588
9742	0.198804701275524
9743	0.249442824833694
9744	0.293469486198841
9745	0.24024211870044
9746	0.315379208156296
9747	0.216027474096119
9748	0.286897768197469
9749	0.244379420813997
9750	0.210291372715591
9751	0.231994105503107
9752	0.21769520238598
9753	0.274299785669713
9754	0.247440169507149
9755	0.284158891325331
9756	0.167544144556991
9757	0.22578978476438
9758	0.274841921311334
9759	0.221259123106889
9760	0.225535733849225
9761	0.220723902725967
9762	0.193659214515854
9763	0.241124564607242
9764	0.186121373126598
9765	0.261051148118166
9766	0.193123398889164
9767	0.255232449196057
9768	0.308093204435916
9769	0.197914358624235
9770	0.271431281470867
9771	0.204729063439612
9772	0.283913849850167
9773	0.222752987009325
9774	0.270851454687179
9775	0.225418072676676
9776	0.335535401827098
9777	0.263113976129348
9778	0.152841186478038
9779	0.211606602588461
9780	0.206940888698345
9781	0.22274275330936
9782	0.177058380736726
9783	0.327748299359337
9784	0.180310631750167
9785	0.204960543643124
9786	0.283200779633265
9787	0.218434475385376
9788	0.125066171361575
9789	0.200650979171458
9790	0.174810815141957
9791	0.260151402582371
9792	0.229817836544923
9793	0.184771169835225
9794	0.244511620959768
9795	0.206776138244607
9796	0.219523490651707
9797	0.244255608154852
9798	0.268158633944302
9799	0.133265842963507
9800	0.119100934600799
9801	0.239264467320662
9802	0.251268991217039
9803	0.239125755193687
9804	0.21991995274086
9805	0.3021490342086
9806	0.232314442818037
9807	0.228594313856966
9808	0.208507349887855
9809	0.260545596899123
9810	0.260070080809212
9811	0.256337272175845
9812	0.272348698450983
9813	0.267300803124955
9814	0.260367812887867
9815	0.276788787502761
9816	0.272508877662111
9817	0.255367917084214
9818	0.185078507207124
9819	0.209168382716902
9820	0.219950521052927
9821	0.223956556331052
9822	0.245900676111804
9823	0.212364622859294
9824	0.160733744497729
9825	0.28902784171302
9826	0.23610554624193
9827	0.270182602440748
9828	0.312667538984202
9829	0.263352872493383
9830	0.225526712298178
9831	0.359383840583282
9832	0.26455565249414
9833	0.192133822803994
9834	0.250166224343764
9835	0.266130797915981
9836	0.280397307455492
9837	0.191064043661439
9838	0.260171092349152
9839	0.137895854893868
9840	0.292502760075914
9841	0.222202548562387
9842	0.221631354891709
9843	0.23764202395728
9844	0.207555301650597
9845	0.254063796019412
9846	0.308023168560374
9847	0.283171108580776
9848	0.21816424653372
9849	0.257838302413058
9850	0.273173476375735
9851	0.185342801537257
9852	0.249285355261237
9853	0.250790242869769
9854	0.2899184597658
9855	0.249738936723865
9856	0.218802379518821
9857	0.233036931674763
9858	0.250702692308285
9859	0.185250522872153
9860	0.236819549705643
9861	0.248827529174231
9862	0.233622802093832
9863	0.223000470396552
9864	0.263419826089737
9865	0.209751992626908
9866	0.319142704149304
9867	0.322596547371013
9868	0.322147636884465
9869	0.296397086858466
9870	0.212797173334637
9871	0.201905855681861
9872	0.132971372454318
9873	0.218995978185883
9874	0.294768407246405
9875	0.237559132080583
9876	0.186108924176797
9877	0.237220412092936
9878	0.238098896774529
9879	0.230012619724052
9880	0.276088385593467
9881	0.262228191340133
9882	0.265451221436018
9883	0.254935732795504
9884	0.26111919812532
9885	0.109865725461452
9886	0.20761133124747
9887	0.192860809994132
9888	0.211224396408314
9889	0.276878290219256
9890	0.185539314242625
9891	0.254182972024824
9892	0.285387772594151
9893	0.232348061594919
9894	0.202868287686345
9895	0.30895397015455
9896	0.176418329603525
9897	0.210705773283111
9898	0.268659643018423
9899	0.202565756844911
9900	0.256937162070287
9901	0.217023841179353
9902	0.231738042728893
9903	0.252176914196865
9904	0.180446189013231
9905	0.144526336810407
9906	0.22929016556515
9907	0.255135473388522
9908	0.197749334901385
9909	0.255492740697048
9910	0.30534995087277
9911	0.300933499470091
9912	0.252285719812958
9913	0.265997649057493
9914	0.160436604026523
9915	0.208106625849557
9916	0.204242365374598
9917	0.226151941704955
9918	0.144886477368866
9919	0.250357836219158
9920	0.266945482413907
9921	0.22567370154529
9922	0.221773116166344
9923	0.200238501115831
9924	0.302138271256445
9925	0.259118917471552
9926	0.26585306682323
9927	0.211280868546733
9928	0.202447292594092
9929	0.214471843232843
9930	0.170678923093729
9931	0.265451697562979
9932	0.277658738236668
9933	0.218091453839165
9934	0.156420133514628
9935	0.201630345238287
9936	0.213617886244821
9937	0.283962910275584
9938	0.227334813747035
9939	0.176106956761658
9940	0.219071678526395
9941	0.248406884212426
9942	0.287640459558782
9943	0.264766424269778
9944	0.249222968908363
9945	0.251968570689683
9946	0.255406020819506
9947	0.247477846043437
9948	0.279835122723549
9949	0.181644924632038
9950	0.271816074635978
9951	0.318850328520774
9952	0.24985544811509
9953	0.262886475445547
9954	0.243354289646449
9955	0.27321401888879
9956	0.176034859648195
9957	0.192627644653857
9958	0.316828483967075
9959	0.313265970565908
9960	0.249121654143007
9961	0.180938852406217
9962	0.215946365855085
9963	0.242210887427154
9964	0.248602034499479
9965	0.237657192816005
9966	0.257704066545257
9967	0.276604003770882
9968	0.214519052481913
9969	0.284351835186134
9970	0.205726076629236
9971	0.236376820801743
9972	0.226880893465099
9973	0.205275220282558
9974	0.295242163402829
9975	0.26909189029311
9976	0.239040551595234
9977	0.218797019816099
9978	0.232399364672698
9979	0.227502890441984
9980	0.292781607508958
9981	0.237270974574726
9982	0.300220845657136
9983	0.197649989313906
9984	0.240135602438258
9985	0.211291331684579
9986	0.204183802044508
9987	0.24151187084349
9988	0.268623943451401
9989	0.212707184795643
9990	0.240072134931243
9991	0.323348655862805
9992	0.280465288881109
9993	0.165834669869833
9994	0.24722135245019
9995	0.290309630988687
9996	0.244921653498511
9997	0.235277121179424
9998	0.174532333409417
9999	0.310876853952985
10000	0.250149522975531
