claim_id	section	subsection	claim_text	value	unit	effect_direction	confidence_interval	FDR_or_P	numeric_truth_key	source_file	source_row_or_filter	figure_or_table	permitted_interpretation	prohibited_interpretation
C0001	Results	Cohort and risk sets	Day-1 SIC source cohort	      504	patients	not applicable	""	""	availability.primary.source_N	outputs/SIC_reanalysis_2026-07-11/06_Availability_IPW_final/00_entry_riskset_counts.csv	entry_name=primary	Figure 1a	Report the specified patient or centre count using its exact population definition.	Do not interchange raw measured, risk-valid, landmark, estimand, patient and centre counts.
C0002	Results	Cohort and risk sets	Day-1 RNA risk-valid sample count	      504	patients	not applicable	""	""	samples.RNA.D1.risk_valid_n	outputs/SIC_reanalysis_2026-07-11/00_audit/rna_sample_match_riskset.csv	day=D1	Figure 1b	Report the specified patient or centre count using its exact population definition.	Do not interchange raw measured, risk-valid, landmark, estimand, patient and centre counts.
C0003	Results	Cohort and risk sets	Day-3 raw measured RNA sample count	      421	patients	not applicable	""	""	samples.RNA.D3.matched_n	outputs/SIC_reanalysis_2026-07-11/00_audit/rna_sample_match_riskset.csv	day=D3	Figure 1b	Report the specified patient or centre count using its exact population definition.	Do not interchange raw measured, risk-valid, landmark, estimand, patient and centre counts.
C0004	Results	Cohort and risk sets	Day-3 delayed-entry risk-valid RNA sample count	      420	patients	not applicable	""	""	samples.RNA.D3.risk_valid_n	outputs/SIC_reanalysis_2026-07-11/00_audit/rna_sample_match_riskset.csv	day=D3	Figure 1b	Report the specified patient or centre count using its exact population definition.	Do not interchange raw measured, risk-valid, landmark, estimand, patient and centre counts.
C0005	Results	Cohort and risk sets	Day-5 raw measured RNA sample count	      321	patients	not applicable	""	""	samples.RNA.D5.matched_n	outputs/SIC_reanalysis_2026-07-11/00_audit/rna_sample_match_riskset.csv	day=D5	Figure 1b	Report the specified patient or centre count using its exact population definition.	Do not interchange raw measured, risk-valid, landmark, estimand, patient and centre counts.
C0006	Results	Cohort and risk sets	Day-5 delayed-entry risk-valid RNA sample count	      320	patients	not applicable	""	""	samples.RNA.D5.risk_valid_n	outputs/SIC_reanalysis_2026-07-11/00_audit/rna_sample_match_riskset.csv	day=D5	Figure 1b	Report the specified patient or centre count using its exact population definition.	Do not interchange raw measured, risk-valid, landmark, estimand, patient and centre counts.
C0007	Results	Cohort and risk sets	Day-5 landmark survivors	      491	patients	not applicable	""	""	availability.primary.risk_N	outputs/SIC_reanalysis_2026-07-11/06_Availability_IPW_final/00_entry_riskset_counts.csv	entry_name=primary	Figure 1c	Report the specified patient or centre count using its exact population definition.	Do not interchange raw measured, risk-valid, landmark, estimand, patient and centre counts.
C0008	Results	Cohort and risk sets	Day-5 positivity-supported estimand	      487	patients	not applicable	""	""	availability.primary.support_N	outputs/SIC_reanalysis_2026-07-11/06_Availability_IPW_final/00_entry_riskset_counts.csv	entry_name=primary	Figure 1c	Report the specified patient or centre count using its exact population definition.	Do not interchange raw measured, risk-valid, landmark, estimand, patient and centre counts.
C0009	Results	Cohort and risk sets	Observed day-5 RNA in the estimand	      320	patients	not applicable	""	""	availability.primary.observed_N	outputs/SIC_reanalysis_2026-07-11/06_Availability_IPW_final/00_entry_riskset_counts.csv	entry_name=primary	Figure 1c	Report the specified patient or centre count using its exact population definition.	Do not interchange raw measured, risk-valid, landmark, estimand, patient and centre counts.
C0010	Results	Cohort and risk sets	Unobserved day-5 RNA in the estimand	      167	patients	not applicable	""	""	availability.primary.unobserved_N	outputs/SIC_reanalysis_2026-07-11/06_Availability_IPW_final/00_entry_riskset_counts.csv	entry_name=primary	Figure 1c	Report the specified patient or centre count using its exact population definition.	Do not interchange raw measured, risk-valid, landmark, estimand, patient and centre counts.
C0011	Results	Cohort and risk sets	Deaths at or before the day-5 entry landmark	       13	patients	not applicable	""	""	availability.primary.structural_N	outputs/SIC_reanalysis_2026-07-11/06_Availability_IPW_final/00_entry_riskset_counts.csv	entry_name=primary	Figure 1d	Report the specified patient or centre count using its exact population definition.	Do not interchange raw measured, risk-valid, landmark, estimand, patient and centre counts.
C0012	Results	Cohort and risk sets	Zero-observation centres	        3	centres	not applicable	""	""	availability.primary.centres_zero	outputs/SIC_reanalysis_2026-07-11/06_Availability_IPW_final/01_centre_positivity_audit.csv	entry_name=primary;class=zero	Figure 1e	Report the specified patient or centre count using its exact population definition.	Do not interchange raw measured, risk-valid, landmark, estimand, patient and centre counts.
C0013	Results	Cohort and risk sets	Patients from zero-observation centres excluded from the positivity-supported estimand	4	patients	not applicable	""	""	availability.primary.risk_N;availability.primary.support_N;availability.primary.centres_zero	outputs/SIC_reanalysis_2026-07-11/06_Availability_IPW_final/00_entry_riskset_counts.csv	entry_name=primary	Figure 1d; Figure 1 legend	State that four patients from three zero-observation centres were excluded.	Do not state that three patients were excluded or that four centres had zero observation.
C0014	Results	RNA core pathways	D1 TNF-α signaling via NF-κB primary mortality-association enrichment	2.06318	NES	positive	""	BH-FDR=0.000000140025	rna.D1.TNFA_SIGNALING_VIA_NFKB.NES_TMM_Primary;rna.D1.TNFA_SIGNALING_VIA_NFKB.padj_TMM_Primary	outputs/SIC_reanalysis_2026-07-11/00_audit/RNA_Hallmark_normalization_PH_robustness.csv	Time/pathway=D1/TNFA_SIGNALING_VIA_NFKB	Figure 2; SourceData_Figure2_RNA.tsv	Interpret as pathway-level association with subsequent mortality in the time-specific model.	Do not interpret NES as absolute pathway activation or a causal mechanism.
C0015	Sensitivity	RNA PH-pass GSEA	D1 TNF-α signaling via NF-κB PH-pass sensitivity enrichment	2.05704	NES	positive	""	BH-FDR=0.000000249835	rna.D1.TNFA_SIGNALING_VIA_NFKB.NES_TMM_PH_pass;rna.D1.TNFA_SIGNALING_VIA_NFKB.padj_TMM_PH_pass	outputs/SIC_reanalysis_2026-07-11/00_audit/RNA_Hallmark_normalization_PH_robustness.csv	Time/pathway=D1/TNFA_SIGNALING_VIA_NFKB	Supplementary RNA Hallmark table	Use to assess sensitivity to nominal PH violations.	Do not claim that Figure 2 asterisks encode PH-pass significance.
C0016	Results	RNA core pathways	D1 IL-6/JAK/STAT3 signaling primary mortality-association enrichment	1.40716	NES	positive	""	BH-FDR=0.0620957	rna.D1.IL6_JAK_STAT3_SIGNALING.NES_TMM_Primary;rna.D1.IL6_JAK_STAT3_SIGNALING.padj_TMM_Primary	outputs/SIC_reanalysis_2026-07-11/00_audit/RNA_Hallmark_normalization_PH_robustness.csv	Time/pathway=D1/IL6_JAK_STAT3_SIGNALING	Figure 2; SourceData_Figure2_RNA.tsv	Interpret as pathway-level association with subsequent mortality in the time-specific model.	Do not interpret NES as absolute pathway activation or a causal mechanism.
C0017	Sensitivity	RNA PH-pass GSEA	D1 IL-6/JAK/STAT3 signaling PH-pass sensitivity enrichment	1.36337	NES	positive	""	BH-FDR=0.0912772	rna.D1.IL6_JAK_STAT3_SIGNALING.NES_TMM_PH_pass;rna.D1.IL6_JAK_STAT3_SIGNALING.padj_TMM_PH_pass	outputs/SIC_reanalysis_2026-07-11/00_audit/RNA_Hallmark_normalization_PH_robustness.csv	Time/pathway=D1/IL6_JAK_STAT3_SIGNALING	Supplementary RNA Hallmark table	Use to assess sensitivity to nominal PH violations.	Do not claim that Figure 2 asterisks encode PH-pass significance.
C0018	Results	RNA core pathways	D1 Inflammatory response primary mortality-association enrichment	1.43927	NES	positive	""	BH-FDR=0.0195803	rna.D1.INFLAMMATORY_RESPONSE.NES_TMM_Primary;rna.D1.INFLAMMATORY_RESPONSE.padj_TMM_Primary	outputs/SIC_reanalysis_2026-07-11/00_audit/RNA_Hallmark_normalization_PH_robustness.csv	Time/pathway=D1/INFLAMMATORY_RESPONSE	Figure 2; SourceData_Figure2_RNA.tsv	Interpret as pathway-level association with subsequent mortality in the time-specific model.	Do not interpret NES as absolute pathway activation or a causal mechanism.
C0019	Sensitivity	RNA PH-pass GSEA	D1 Inflammatory response PH-pass sensitivity enrichment	1.45186	NES	positive	""	BH-FDR=0.0211632	rna.D1.INFLAMMATORY_RESPONSE.NES_TMM_PH_pass;rna.D1.INFLAMMATORY_RESPONSE.padj_TMM_PH_pass	outputs/SIC_reanalysis_2026-07-11/00_audit/RNA_Hallmark_normalization_PH_robustness.csv	Time/pathway=D1/INFLAMMATORY_RESPONSE	Supplementary RNA Hallmark table	Use to assess sensitivity to nominal PH violations.	Do not claim that Figure 2 asterisks encode PH-pass significance.
C0020	Results	RNA core pathways	D1 Complement primary mortality-association enrichment	1.01744	NES	positive	""	BH-FDR=0.487568	rna.D1.COMPLEMENT.NES_TMM_Primary;rna.D1.COMPLEMENT.padj_TMM_Primary	outputs/SIC_reanalysis_2026-07-11/00_audit/RNA_Hallmark_normalization_PH_robustness.csv	Time/pathway=D1/COMPLEMENT	Figure 2; SourceData_Figure2_RNA.tsv	Interpret as pathway-level association with subsequent mortality in the time-specific model.	Do not interpret NES as absolute pathway activation or a causal mechanism.
C0021	Sensitivity	RNA PH-pass GSEA	D1 Complement PH-pass sensitivity enrichment	1.00786	NES	positive	""	BH-FDR=0.49531	rna.D1.COMPLEMENT.NES_TMM_PH_pass;rna.D1.COMPLEMENT.padj_TMM_PH_pass	outputs/SIC_reanalysis_2026-07-11/00_audit/RNA_Hallmark_normalization_PH_robustness.csv	Time/pathway=D1/COMPLEMENT	Supplementary RNA Hallmark table	Use to assess sensitivity to nominal PH violations.	Do not claim that Figure 2 asterisks encode PH-pass significance.
C0022	Results	RNA core pathways	D1 Coagulation primary mortality-association enrichment	1.91606	NES	positive	""	BH-FDR=0.000120658	rna.D1.COAGULATION.NES_TMM_Primary;rna.D1.COAGULATION.padj_TMM_Primary	outputs/SIC_reanalysis_2026-07-11/00_audit/RNA_Hallmark_normalization_PH_robustness.csv	Time/pathway=D1/COAGULATION	Figure 2; SourceData_Figure2_RNA.tsv	Interpret as pathway-level association with subsequent mortality in the time-specific model.	Do not interpret NES as absolute pathway activation or a causal mechanism.
C0023	Sensitivity	RNA PH-pass GSEA	D1 Coagulation PH-pass sensitivity enrichment	1.94888	NES	positive	""	BH-FDR=0.0000993875	rna.D1.COAGULATION.NES_TMM_PH_pass;rna.D1.COAGULATION.padj_TMM_PH_pass	outputs/SIC_reanalysis_2026-07-11/00_audit/RNA_Hallmark_normalization_PH_robustness.csv	Time/pathway=D1/COAGULATION	Supplementary RNA Hallmark table	Use to assess sensitivity to nominal PH violations.	Do not claim that Figure 2 asterisks encode PH-pass significance.
C0024	Results	RNA core pathways	D1 IFN-α response primary mortality-association enrichment	0.706479	NES	positive	""	BH-FDR=0.957723	rna.D1.INTERFERON_ALPHA_RESPONSE.NES_TMM_Primary;rna.D1.INTERFERON_ALPHA_RESPONSE.padj_TMM_Primary	outputs/SIC_reanalysis_2026-07-11/00_audit/RNA_Hallmark_normalization_PH_robustness.csv	Time/pathway=D1/INTERFERON_ALPHA_RESPONSE	Figure 2; SourceData_Figure2_RNA.tsv	Interpret as pathway-level association with subsequent mortality in the time-specific model.	Do not interpret NES as absolute pathway activation or a causal mechanism.
C0025	Sensitivity	RNA PH-pass GSEA	D1 IFN-α response PH-pass sensitivity enrichment	0.714576	NES	positive	""	BH-FDR=0.952374	rna.D1.INTERFERON_ALPHA_RESPONSE.NES_TMM_PH_pass;rna.D1.INTERFERON_ALPHA_RESPONSE.padj_TMM_PH_pass	outputs/SIC_reanalysis_2026-07-11/00_audit/RNA_Hallmark_normalization_PH_robustness.csv	Time/pathway=D1/INTERFERON_ALPHA_RESPONSE	Supplementary RNA Hallmark table	Use to assess sensitivity to nominal PH violations.	Do not claim that Figure 2 asterisks encode PH-pass significance.
C0026	Results	RNA core pathways	D1 IFN-γ response primary mortality-association enrichment	-1.04906	NES	negative	""	BH-FDR=0.389562	rna.D1.INTERFERON_GAMMA_RESPONSE.NES_TMM_Primary;rna.D1.INTERFERON_GAMMA_RESPONSE.padj_TMM_Primary	outputs/SIC_reanalysis_2026-07-11/00_audit/RNA_Hallmark_normalization_PH_robustness.csv	Time/pathway=D1/INTERFERON_GAMMA_RESPONSE	Figure 2; SourceData_Figure2_RNA.tsv	Interpret as pathway-level association with subsequent mortality in the time-specific model.	Do not interpret NES as absolute pathway activation or a causal mechanism.
C0027	Sensitivity	RNA PH-pass GSEA	D1 IFN-γ response PH-pass sensitivity enrichment	-1.03656	NES	negative	""	BH-FDR=0.415356	rna.D1.INTERFERON_GAMMA_RESPONSE.NES_TMM_PH_pass;rna.D1.INTERFERON_GAMMA_RESPONSE.padj_TMM_PH_pass	outputs/SIC_reanalysis_2026-07-11/00_audit/RNA_Hallmark_normalization_PH_robustness.csv	Time/pathway=D1/INTERFERON_GAMMA_RESPONSE	Supplementary RNA Hallmark table	Use to assess sensitivity to nominal PH violations.	Do not claim that Figure 2 asterisks encode PH-pass significance.
C0028	Results	RNA core pathways	D1 Epithelial–mesenchymal transition primary mortality-association enrichment	2.03159	NES	positive	""	BH-FDR=0.00000517633	rna.D1.EPITHELIAL_MESENCHYMAL_TRANSITION.NES_TMM_Primary;rna.D1.EPITHELIAL_MESENCHYMAL_TRANSITION.padj_TMM_Primary	outputs/SIC_reanalysis_2026-07-11/00_audit/RNA_Hallmark_normalization_PH_robustness.csv	Time/pathway=D1/EPITHELIAL_MESENCHYMAL_TRANSITION	Figure 2; SourceData_Figure2_RNA.tsv	Interpret as pathway-level association with subsequent mortality in the time-specific model.	Do not interpret NES as absolute pathway activation or a causal mechanism.
C0029	Sensitivity	RNA PH-pass GSEA	D1 Epithelial–mesenchymal transition PH-pass sensitivity enrichment	2.05374	NES	positive	""	BH-FDR=0.000003476	rna.D1.EPITHELIAL_MESENCHYMAL_TRANSITION.NES_TMM_PH_pass;rna.D1.EPITHELIAL_MESENCHYMAL_TRANSITION.padj_TMM_PH_pass	outputs/SIC_reanalysis_2026-07-11/00_audit/RNA_Hallmark_normalization_PH_robustness.csv	Time/pathway=D1/EPITHELIAL_MESENCHYMAL_TRANSITION	Supplementary RNA Hallmark table	Use to assess sensitivity to nominal PH violations.	Do not claim that Figure 2 asterisks encode PH-pass significance.
C0030	Results	RNA core pathways	D1 Apical junction primary mortality-association enrichment	1.96861	NES	positive	""	BH-FDR=0.00000857754	rna.D1.APICAL_JUNCTION.NES_TMM_Primary;rna.D1.APICAL_JUNCTION.padj_TMM_Primary	outputs/SIC_reanalysis_2026-07-11/00_audit/RNA_Hallmark_normalization_PH_robustness.csv	Time/pathway=D1/APICAL_JUNCTION	Figure 2; SourceData_Figure2_RNA.tsv	Interpret as pathway-level association with subsequent mortality in the time-specific model.	Do not interpret NES as absolute pathway activation or a causal mechanism.
C0031	Sensitivity	RNA PH-pass GSEA	D1 Apical junction PH-pass sensitivity enrichment	1.92399	NES	positive	""	BH-FDR=0.0000283448	rna.D1.APICAL_JUNCTION.NES_TMM_PH_pass;rna.D1.APICAL_JUNCTION.padj_TMM_PH_pass	outputs/SIC_reanalysis_2026-07-11/00_audit/RNA_Hallmark_normalization_PH_robustness.csv	Time/pathway=D1/APICAL_JUNCTION	Supplementary RNA Hallmark table	Use to assess sensitivity to nominal PH violations.	Do not claim that Figure 2 asterisks encode PH-pass significance.
C0032	Results	RNA core pathways	D1 Hypoxia primary mortality-association enrichment	2.42919	NES	positive	""	BH-FDR=0.00000000000180316	rna.D1.HYPOXIA.NES_TMM_Primary;rna.D1.HYPOXIA.padj_TMM_Primary	outputs/SIC_reanalysis_2026-07-11/00_audit/RNA_Hallmark_normalization_PH_robustness.csv	Time/pathway=D1/HYPOXIA	Figure 2; SourceData_Figure2_RNA.tsv	Interpret as pathway-level association with subsequent mortality in the time-specific model.	Do not interpret NES as absolute pathway activation or a causal mechanism.
C0033	Sensitivity	RNA PH-pass GSEA	D1 Hypoxia PH-pass sensitivity enrichment	2.40742	NES	positive	""	BH-FDR=0.00000000000630544	rna.D1.HYPOXIA.NES_TMM_PH_pass;rna.D1.HYPOXIA.padj_TMM_PH_pass	outputs/SIC_reanalysis_2026-07-11/00_audit/RNA_Hallmark_normalization_PH_robustness.csv	Time/pathway=D1/HYPOXIA	Supplementary RNA Hallmark table	Use to assess sensitivity to nominal PH violations.	Do not claim that Figure 2 asterisks encode PH-pass significance.
C0034	Results	RNA core pathways	D1 Reactive oxygen species pathway primary mortality-association enrichment	1.96501	NES	positive	""	BH-FDR=0.000298779	rna.D1.REACTIVE_OXYGEN_SPECIES_PATHWAY.NES_TMM_Primary;rna.D1.REACTIVE_OXYGEN_SPECIES_PATHWAY.padj_TMM_Primary	outputs/SIC_reanalysis_2026-07-11/00_audit/RNA_Hallmark_normalization_PH_robustness.csv	Time/pathway=D1/REACTIVE_OXYGEN_SPECIES_PATHWAY	Figure 2; SourceData_Figure2_RNA.tsv	Interpret as pathway-level association with subsequent mortality in the time-specific model.	Do not interpret NES as absolute pathway activation or a causal mechanism.
C0035	Sensitivity	RNA PH-pass GSEA	D1 Reactive oxygen species pathway PH-pass sensitivity enrichment	2.02291	NES	positive	""	BH-FDR=0.000146492	rna.D1.REACTIVE_OXYGEN_SPECIES_PATHWAY.NES_TMM_PH_pass;rna.D1.REACTIVE_OXYGEN_SPECIES_PATHWAY.padj_TMM_PH_pass	outputs/SIC_reanalysis_2026-07-11/00_audit/RNA_Hallmark_normalization_PH_robustness.csv	Time/pathway=D1/REACTIVE_OXYGEN_SPECIES_PATHWAY	Supplementary RNA Hallmark table	Use to assess sensitivity to nominal PH violations.	Do not claim that Figure 2 asterisks encode PH-pass significance.
C0036	Results	RNA core pathways	D1 Glycolysis primary mortality-association enrichment	1.61131	NES	positive	""	BH-FDR=0.00257089	rna.D1.GLYCOLYSIS.NES_TMM_Primary;rna.D1.GLYCOLYSIS.padj_TMM_Primary	outputs/SIC_reanalysis_2026-07-11/00_audit/RNA_Hallmark_normalization_PH_robustness.csv	Time/pathway=D1/GLYCOLYSIS	Figure 2; SourceData_Figure2_RNA.tsv	Interpret as pathway-level association with subsequent mortality in the time-specific model.	Do not interpret NES as absolute pathway activation or a causal mechanism.
C0037	Sensitivity	RNA PH-pass GSEA	D1 Glycolysis PH-pass sensitivity enrichment	1.62125	NES	positive	""	BH-FDR=0.00276457	rna.D1.GLYCOLYSIS.NES_TMM_PH_pass;rna.D1.GLYCOLYSIS.padj_TMM_PH_pass	outputs/SIC_reanalysis_2026-07-11/00_audit/RNA_Hallmark_normalization_PH_robustness.csv	Time/pathway=D1/GLYCOLYSIS	Supplementary RNA Hallmark table	Use to assess sensitivity to nominal PH violations.	Do not claim that Figure 2 asterisks encode PH-pass significance.
C0038	Results	RNA core pathways	D1 Oxidative phosphorylation primary mortality-association enrichment	-1.69225	NES	negative	""	BH-FDR=0.00011476	rna.D1.OXIDATIVE_PHOSPHORYLATION.NES_TMM_Primary;rna.D1.OXIDATIVE_PHOSPHORYLATION.padj_TMM_Primary	outputs/SIC_reanalysis_2026-07-11/00_audit/RNA_Hallmark_normalization_PH_robustness.csv	Time/pathway=D1/OXIDATIVE_PHOSPHORYLATION	Figure 2; SourceData_Figure2_RNA.tsv	Interpret as pathway-level association with subsequent mortality in the time-specific model.	Do not interpret NES as absolute pathway activation or a causal mechanism.
C0039	Sensitivity	RNA PH-pass GSEA	D1 Oxidative phosphorylation PH-pass sensitivity enrichment	-1.70641	NES	negative	""	BH-FDR=0.000159232	rna.D1.OXIDATIVE_PHOSPHORYLATION.NES_TMM_PH_pass;rna.D1.OXIDATIVE_PHOSPHORYLATION.padj_TMM_PH_pass	outputs/SIC_reanalysis_2026-07-11/00_audit/RNA_Hallmark_normalization_PH_robustness.csv	Time/pathway=D1/OXIDATIVE_PHOSPHORYLATION	Supplementary RNA Hallmark table	Use to assess sensitivity to nominal PH violations.	Do not claim that Figure 2 asterisks encode PH-pass significance.
C0040	Results	RNA core pathways	D1 Heme metabolism primary mortality-association enrichment	 2.6922	NES	positive	""	BH-FDR=0.0000000000000000000294867	rna.D1.HEME_METABOLISM.NES_TMM_Primary;rna.D1.HEME_METABOLISM.padj_TMM_Primary	outputs/SIC_reanalysis_2026-07-11/00_audit/RNA_Hallmark_normalization_PH_robustness.csv	Time/pathway=D1/HEME_METABOLISM	Figure 2; SourceData_Figure2_RNA.tsv	Interpret as pathway-level association with subsequent mortality in the time-specific model.	Do not interpret NES as absolute pathway activation or a causal mechanism.
C0041	Sensitivity	RNA PH-pass GSEA	D1 Heme metabolism PH-pass sensitivity enrichment	2.68035	NES	positive	""	BH-FDR=0.000000000000000000288124	rna.D1.HEME_METABOLISM.NES_TMM_PH_pass;rna.D1.HEME_METABOLISM.padj_TMM_PH_pass	outputs/SIC_reanalysis_2026-07-11/00_audit/RNA_Hallmark_normalization_PH_robustness.csv	Time/pathway=D1/HEME_METABOLISM	Supplementary RNA Hallmark table	Use to assess sensitivity to nominal PH violations.	Do not claim that Figure 2 asterisks encode PH-pass significance.
C0042	Results	RNA core pathways	D1 MYC targets V1 primary mortality-association enrichment	-1.65291	NES	negative	""	BH-FDR=0.000293099	rna.D1.MYC_TARGETS_V1.NES_TMM_Primary;rna.D1.MYC_TARGETS_V1.padj_TMM_Primary	outputs/SIC_reanalysis_2026-07-11/00_audit/RNA_Hallmark_normalization_PH_robustness.csv	Time/pathway=D1/MYC_TARGETS_V1	Figure 2; SourceData_Figure2_RNA.tsv	Interpret as pathway-level association with subsequent mortality in the time-specific model.	Do not interpret NES as absolute pathway activation or a causal mechanism.
C0043	Sensitivity	RNA PH-pass GSEA	D1 MYC targets V1 PH-pass sensitivity enrichment	-1.63027	NES	negative	""	BH-FDR=0.000558895	rna.D1.MYC_TARGETS_V1.NES_TMM_PH_pass;rna.D1.MYC_TARGETS_V1.padj_TMM_PH_pass	outputs/SIC_reanalysis_2026-07-11/00_audit/RNA_Hallmark_normalization_PH_robustness.csv	Time/pathway=D1/MYC_TARGETS_V1	Supplementary RNA Hallmark table	Use to assess sensitivity to nominal PH violations.	Do not claim that Figure 2 asterisks encode PH-pass significance.
C0044	Results	RNA core pathways	D1 MYC targets V2 primary mortality-association enrichment	-1.39034	NES	negative	""	BH-FDR=0.0609201	rna.D1.MYC_TARGETS_V2.NES_TMM_Primary;rna.D1.MYC_TARGETS_V2.padj_TMM_Primary	outputs/SIC_reanalysis_2026-07-11/00_audit/RNA_Hallmark_normalization_PH_robustness.csv	Time/pathway=D1/MYC_TARGETS_V2	Figure 2; SourceData_Figure2_RNA.tsv	Interpret as pathway-level association with subsequent mortality in the time-specific model.	Do not interpret NES as absolute pathway activation or a causal mechanism.
C0045	Sensitivity	RNA PH-pass GSEA	D1 MYC targets V2 PH-pass sensitivity enrichment	-1.35877	NES	negative	""	BH-FDR=0.0903674	rna.D1.MYC_TARGETS_V2.NES_TMM_PH_pass;rna.D1.MYC_TARGETS_V2.padj_TMM_PH_pass	outputs/SIC_reanalysis_2026-07-11/00_audit/RNA_Hallmark_normalization_PH_robustness.csv	Time/pathway=D1/MYC_TARGETS_V2	Supplementary RNA Hallmark table	Use to assess sensitivity to nominal PH violations.	Do not claim that Figure 2 asterisks encode PH-pass significance.
C0046	Results	RNA core pathways	D1 E2F targets primary mortality-association enrichment	1.42478	NES	positive	""	BH-FDR=0.0144355	rna.D1.E2F_TARGETS.NES_TMM_Primary;rna.D1.E2F_TARGETS.padj_TMM_Primary	outputs/SIC_reanalysis_2026-07-11/00_audit/RNA_Hallmark_normalization_PH_robustness.csv	Time/pathway=D1/E2F_TARGETS	Figure 2; SourceData_Figure2_RNA.tsv	Interpret as pathway-level association with subsequent mortality in the time-specific model.	Do not interpret NES as absolute pathway activation or a causal mechanism.
C0047	Sensitivity	RNA PH-pass GSEA	D1 E2F targets PH-pass sensitivity enrichment	1.39525	NES	positive	""	BH-FDR=0.024484	rna.D1.E2F_TARGETS.NES_TMM_PH_pass;rna.D1.E2F_TARGETS.padj_TMM_PH_pass	outputs/SIC_reanalysis_2026-07-11/00_audit/RNA_Hallmark_normalization_PH_robustness.csv	Time/pathway=D1/E2F_TARGETS	Supplementary RNA Hallmark table	Use to assess sensitivity to nominal PH violations.	Do not claim that Figure 2 asterisks encode PH-pass significance.
C0048	Results	RNA core pathways	D1 DNA repair primary mortality-association enrichment	-0.883161	NES	negative	""	BH-FDR=0.802203	rna.D1.DNA_REPAIR.NES_TMM_Primary;rna.D1.DNA_REPAIR.padj_TMM_Primary	outputs/SIC_reanalysis_2026-07-11/00_audit/RNA_Hallmark_normalization_PH_robustness.csv	Time/pathway=D1/DNA_REPAIR	Figure 2; SourceData_Figure2_RNA.tsv	Interpret as pathway-level association with subsequent mortality in the time-specific model.	Do not interpret NES as absolute pathway activation or a causal mechanism.
C0049	Sensitivity	RNA PH-pass GSEA	D1 DNA repair PH-pass sensitivity enrichment	-0.95221	NES	negative	""	BH-FDR=0.601227	rna.D1.DNA_REPAIR.NES_TMM_PH_pass;rna.D1.DNA_REPAIR.padj_TMM_PH_pass	outputs/SIC_reanalysis_2026-07-11/00_audit/RNA_Hallmark_normalization_PH_robustness.csv	Time/pathway=D1/DNA_REPAIR	Supplementary RNA Hallmark table	Use to assess sensitivity to nominal PH violations.	Do not claim that Figure 2 asterisks encode PH-pass significance.
C0050	Results	RNA core pathways	D1 mTORC1 signaling primary mortality-association enrichment	1.67681	NES	positive	""	BH-FDR=0.000317397	rna.D1.MTORC1_SIGNALING.NES_TMM_Primary;rna.D1.MTORC1_SIGNALING.padj_TMM_Primary	outputs/SIC_reanalysis_2026-07-11/00_audit/RNA_Hallmark_normalization_PH_robustness.csv	Time/pathway=D1/MTORC1_SIGNALING	Figure 2; SourceData_Figure2_RNA.tsv	Interpret as pathway-level association with subsequent mortality in the time-specific model.	Do not interpret NES as absolute pathway activation or a causal mechanism.
C0051	Sensitivity	RNA PH-pass GSEA	D1 mTORC1 signaling PH-pass sensitivity enrichment	1.70202	NES	positive	""	BH-FDR=0.000321951	rna.D1.MTORC1_SIGNALING.NES_TMM_PH_pass;rna.D1.MTORC1_SIGNALING.padj_TMM_PH_pass	outputs/SIC_reanalysis_2026-07-11/00_audit/RNA_Hallmark_normalization_PH_robustness.csv	Time/pathway=D1/MTORC1_SIGNALING	Supplementary RNA Hallmark table	Use to assess sensitivity to nominal PH violations.	Do not claim that Figure 2 asterisks encode PH-pass significance.
C0052	Results	RNA core pathways	D1 Unfolded protein response primary mortality-association enrichment	0.898768	NES	positive	""	BH-FDR=0.717896	rna.D1.UNFOLDED_PROTEIN_RESPONSE.NES_TMM_Primary;rna.D1.UNFOLDED_PROTEIN_RESPONSE.padj_TMM_Primary	outputs/SIC_reanalysis_2026-07-11/00_audit/RNA_Hallmark_normalization_PH_robustness.csv	Time/pathway=D1/UNFOLDED_PROTEIN_RESPONSE	Figure 2; SourceData_Figure2_RNA.tsv	Interpret as pathway-level association with subsequent mortality in the time-specific model.	Do not interpret NES as absolute pathway activation or a causal mechanism.
C0053	Sensitivity	RNA PH-pass GSEA	D1 Unfolded protein response PH-pass sensitivity enrichment	0.947551	NES	positive	""	BH-FDR=0.601227	rna.D1.UNFOLDED_PROTEIN_RESPONSE.NES_TMM_PH_pass;rna.D1.UNFOLDED_PROTEIN_RESPONSE.padj_TMM_PH_pass	outputs/SIC_reanalysis_2026-07-11/00_audit/RNA_Hallmark_normalization_PH_robustness.csv	Time/pathway=D1/UNFOLDED_PROTEIN_RESPONSE	Supplementary RNA Hallmark table	Use to assess sensitivity to nominal PH violations.	Do not claim that Figure 2 asterisks encode PH-pass significance.
C0054	Results	RNA core pathways	D3 TNF-α signaling via NF-κB primary mortality-association enrichment	2.11407	NES	positive	""	BH-FDR=0.0000000000891388	rna.D3.TNFA_SIGNALING_VIA_NFKB.NES_TMM_Primary;rna.D3.TNFA_SIGNALING_VIA_NFKB.padj_TMM_Primary	outputs/SIC_reanalysis_2026-07-11/00_audit/RNA_Hallmark_normalization_PH_robustness.csv	Time/pathway=D3/TNFA_SIGNALING_VIA_NFKB	Figure 2; SourceData_Figure2_RNA.tsv	Interpret as pathway-level association with subsequent mortality in the time-specific model.	Do not interpret NES as absolute pathway activation or a causal mechanism.
C0055	Sensitivity	RNA PH-pass GSEA	D3 TNF-α signaling via NF-κB PH-pass sensitivity enrichment	2.13657	NES	positive	""	BH-FDR=0.0000000000558251	rna.D3.TNFA_SIGNALING_VIA_NFKB.NES_TMM_PH_pass;rna.D3.TNFA_SIGNALING_VIA_NFKB.padj_TMM_PH_pass	outputs/SIC_reanalysis_2026-07-11/00_audit/RNA_Hallmark_normalization_PH_robustness.csv	Time/pathway=D3/TNFA_SIGNALING_VIA_NFKB	Supplementary RNA Hallmark table	Use to assess sensitivity to nominal PH violations.	Do not claim that Figure 2 asterisks encode PH-pass significance.
C0056	Results	RNA core pathways	D3 IL-6/JAK/STAT3 signaling primary mortality-association enrichment	 1.9083	NES	positive	""	BH-FDR=0.0000949793	rna.D3.IL6_JAK_STAT3_SIGNALING.NES_TMM_Primary;rna.D3.IL6_JAK_STAT3_SIGNALING.padj_TMM_Primary	outputs/SIC_reanalysis_2026-07-11/00_audit/RNA_Hallmark_normalization_PH_robustness.csv	Time/pathway=D3/IL6_JAK_STAT3_SIGNALING	Figure 2; SourceData_Figure2_RNA.tsv	Interpret as pathway-level association with subsequent mortality in the time-specific model.	Do not interpret NES as absolute pathway activation or a causal mechanism.
C0057	Sensitivity	RNA PH-pass GSEA	D3 IL-6/JAK/STAT3 signaling PH-pass sensitivity enrichment	1.92229	NES	positive	""	BH-FDR=0.0000619929	rna.D3.IL6_JAK_STAT3_SIGNALING.NES_TMM_PH_pass;rna.D3.IL6_JAK_STAT3_SIGNALING.padj_TMM_PH_pass	outputs/SIC_reanalysis_2026-07-11/00_audit/RNA_Hallmark_normalization_PH_robustness.csv	Time/pathway=D3/IL6_JAK_STAT3_SIGNALING	Supplementary RNA Hallmark table	Use to assess sensitivity to nominal PH violations.	Do not claim that Figure 2 asterisks encode PH-pass significance.
C0058	Results	RNA core pathways	D3 Inflammatory response primary mortality-association enrichment	1.75624	NES	positive	""	BH-FDR=0.0000640457	rna.D3.INFLAMMATORY_RESPONSE.NES_TMM_Primary;rna.D3.INFLAMMATORY_RESPONSE.padj_TMM_Primary	outputs/SIC_reanalysis_2026-07-11/00_audit/RNA_Hallmark_normalization_PH_robustness.csv	Time/pathway=D3/INFLAMMATORY_RESPONSE	Figure 2; SourceData_Figure2_RNA.tsv	Interpret as pathway-level association with subsequent mortality in the time-specific model.	Do not interpret NES as absolute pathway activation or a causal mechanism.
C0059	Sensitivity	RNA PH-pass GSEA	D3 Inflammatory response PH-pass sensitivity enrichment	1.76481	NES	positive	""	BH-FDR=0.0000554978	rna.D3.INFLAMMATORY_RESPONSE.NES_TMM_PH_pass;rna.D3.INFLAMMATORY_RESPONSE.padj_TMM_PH_pass	outputs/SIC_reanalysis_2026-07-11/00_audit/RNA_Hallmark_normalization_PH_robustness.csv	Time/pathway=D3/INFLAMMATORY_RESPONSE	Supplementary RNA Hallmark table	Use to assess sensitivity to nominal PH violations.	Do not claim that Figure 2 asterisks encode PH-pass significance.
C0060	Results	RNA core pathways	D3 Complement primary mortality-association enrichment	1.77384	NES	positive	""	BH-FDR=0.0000468888	rna.D3.COMPLEMENT.NES_TMM_Primary;rna.D3.COMPLEMENT.padj_TMM_Primary	outputs/SIC_reanalysis_2026-07-11/00_audit/RNA_Hallmark_normalization_PH_robustness.csv	Time/pathway=D3/COMPLEMENT	Figure 2; SourceData_Figure2_RNA.tsv	Interpret as pathway-level association with subsequent mortality in the time-specific model.	Do not interpret NES as absolute pathway activation or a causal mechanism.
C0061	Sensitivity	RNA PH-pass GSEA	D3 Complement PH-pass sensitivity enrichment	1.76611	NES	positive	""	BH-FDR=0.0000517071	rna.D3.COMPLEMENT.NES_TMM_PH_pass;rna.D3.COMPLEMENT.padj_TMM_PH_pass	outputs/SIC_reanalysis_2026-07-11/00_audit/RNA_Hallmark_normalization_PH_robustness.csv	Time/pathway=D3/COMPLEMENT	Supplementary RNA Hallmark table	Use to assess sensitivity to nominal PH violations.	Do not claim that Figure 2 asterisks encode PH-pass significance.
C0062	Results	RNA core pathways	D3 Coagulation primary mortality-association enrichment	1.54882	NES	positive	""	BH-FDR=0.0102258	rna.D3.COAGULATION.NES_TMM_Primary;rna.D3.COAGULATION.padj_TMM_Primary	outputs/SIC_reanalysis_2026-07-11/00_audit/RNA_Hallmark_normalization_PH_robustness.csv	Time/pathway=D3/COAGULATION	Figure 2; SourceData_Figure2_RNA.tsv	Interpret as pathway-level association with subsequent mortality in the time-specific model.	Do not interpret NES as absolute pathway activation or a causal mechanism.
C0063	Sensitivity	RNA PH-pass GSEA	D3 Coagulation PH-pass sensitivity enrichment	1.56782	NES	positive	""	BH-FDR=0.0080426	rna.D3.COAGULATION.NES_TMM_PH_pass;rna.D3.COAGULATION.padj_TMM_PH_pass	outputs/SIC_reanalysis_2026-07-11/00_audit/RNA_Hallmark_normalization_PH_robustness.csv	Time/pathway=D3/COAGULATION	Supplementary RNA Hallmark table	Use to assess sensitivity to nominal PH violations.	Do not claim that Figure 2 asterisks encode PH-pass significance.
C0064	Results	RNA core pathways	D3 IFN-α response primary mortality-association enrichment	1.61857	NES	positive	""	BH-FDR=0.00478191	rna.D3.INTERFERON_ALPHA_RESPONSE.NES_TMM_Primary;rna.D3.INTERFERON_ALPHA_RESPONSE.padj_TMM_Primary	outputs/SIC_reanalysis_2026-07-11/00_audit/RNA_Hallmark_normalization_PH_robustness.csv	Time/pathway=D3/INTERFERON_ALPHA_RESPONSE	Figure 2; SourceData_Figure2_RNA.tsv	Interpret as pathway-level association with subsequent mortality in the time-specific model.	Do not interpret NES as absolute pathway activation or a causal mechanism.
C0065	Sensitivity	RNA PH-pass GSEA	D3 IFN-α response PH-pass sensitivity enrichment	1.64471	NES	positive	""	BH-FDR=0.00310765	rna.D3.INTERFERON_ALPHA_RESPONSE.NES_TMM_PH_pass;rna.D3.INTERFERON_ALPHA_RESPONSE.padj_TMM_PH_pass	outputs/SIC_reanalysis_2026-07-11/00_audit/RNA_Hallmark_normalization_PH_robustness.csv	Time/pathway=D3/INTERFERON_ALPHA_RESPONSE	Supplementary RNA Hallmark table	Use to assess sensitivity to nominal PH violations.	Do not claim that Figure 2 asterisks encode PH-pass significance.
C0066	Results	RNA core pathways	D3 IFN-γ response primary mortality-association enrichment	1.45389	NES	positive	""	BH-FDR=0.0070846	rna.D3.INTERFERON_GAMMA_RESPONSE.NES_TMM_Primary;rna.D3.INTERFERON_GAMMA_RESPONSE.padj_TMM_Primary	outputs/SIC_reanalysis_2026-07-11/00_audit/RNA_Hallmark_normalization_PH_robustness.csv	Time/pathway=D3/INTERFERON_GAMMA_RESPONSE	Figure 2; SourceData_Figure2_RNA.tsv	Interpret as pathway-level association with subsequent mortality in the time-specific model.	Do not interpret NES as absolute pathway activation or a causal mechanism.
C0067	Sensitivity	RNA PH-pass GSEA	D3 IFN-γ response PH-pass sensitivity enrichment	1.44741	NES	positive	""	BH-FDR=0.00861821	rna.D3.INTERFERON_GAMMA_RESPONSE.NES_TMM_PH_pass;rna.D3.INTERFERON_GAMMA_RESPONSE.padj_TMM_PH_pass	outputs/SIC_reanalysis_2026-07-11/00_audit/RNA_Hallmark_normalization_PH_robustness.csv	Time/pathway=D3/INTERFERON_GAMMA_RESPONSE	Supplementary RNA Hallmark table	Use to assess sensitivity to nominal PH violations.	Do not claim that Figure 2 asterisks encode PH-pass significance.
C0068	Results	RNA core pathways	D3 Epithelial–mesenchymal transition primary mortality-association enrichment	1.43017	NES	positive	""	BH-FDR=0.0308139	rna.D3.EPITHELIAL_MESENCHYMAL_TRANSITION.NES_TMM_Primary;rna.D3.EPITHELIAL_MESENCHYMAL_TRANSITION.padj_TMM_Primary	outputs/SIC_reanalysis_2026-07-11/00_audit/RNA_Hallmark_normalization_PH_robustness.csv	Time/pathway=D3/EPITHELIAL_MESENCHYMAL_TRANSITION	Figure 2; SourceData_Figure2_RNA.tsv	Interpret as pathway-level association with subsequent mortality in the time-specific model.	Do not interpret NES as absolute pathway activation or a causal mechanism.
C0069	Sensitivity	RNA PH-pass GSEA	D3 Epithelial–mesenchymal transition PH-pass sensitivity enrichment	1.44757	NES	positive	""	BH-FDR=0.0260382	rna.D3.EPITHELIAL_MESENCHYMAL_TRANSITION.NES_TMM_PH_pass;rna.D3.EPITHELIAL_MESENCHYMAL_TRANSITION.padj_TMM_PH_pass	outputs/SIC_reanalysis_2026-07-11/00_audit/RNA_Hallmark_normalization_PH_robustness.csv	Time/pathway=D3/EPITHELIAL_MESENCHYMAL_TRANSITION	Supplementary RNA Hallmark table	Use to assess sensitivity to nominal PH violations.	Do not claim that Figure 2 asterisks encode PH-pass significance.
C0070	Results	RNA core pathways	D3 Apical junction primary mortality-association enrichment	1.53756	NES	positive	""	BH-FDR=0.00589764	rna.D3.APICAL_JUNCTION.NES_TMM_Primary;rna.D3.APICAL_JUNCTION.padj_TMM_Primary	outputs/SIC_reanalysis_2026-07-11/00_audit/RNA_Hallmark_normalization_PH_robustness.csv	Time/pathway=D3/APICAL_JUNCTION	Figure 2; SourceData_Figure2_RNA.tsv	Interpret as pathway-level association with subsequent mortality in the time-specific model.	Do not interpret NES as absolute pathway activation or a causal mechanism.
C0071	Sensitivity	RNA PH-pass GSEA	D3 Apical junction PH-pass sensitivity enrichment	1.58653	NES	positive	""	BH-FDR=0.00310765	rna.D3.APICAL_JUNCTION.NES_TMM_PH_pass;rna.D3.APICAL_JUNCTION.padj_TMM_PH_pass	outputs/SIC_reanalysis_2026-07-11/00_audit/RNA_Hallmark_normalization_PH_robustness.csv	Time/pathway=D3/APICAL_JUNCTION	Supplementary RNA Hallmark table	Use to assess sensitivity to nominal PH violations.	Do not claim that Figure 2 asterisks encode PH-pass significance.
C0072	Results	RNA core pathways	D3 Hypoxia primary mortality-association enrichment	2.10326	NES	positive	""	BH-FDR=0.00000000104607	rna.D3.HYPOXIA.NES_TMM_Primary;rna.D3.HYPOXIA.padj_TMM_Primary	outputs/SIC_reanalysis_2026-07-11/00_audit/RNA_Hallmark_normalization_PH_robustness.csv	Time/pathway=D3/HYPOXIA	Figure 2; SourceData_Figure2_RNA.tsv	Interpret as pathway-level association with subsequent mortality in the time-specific model.	Do not interpret NES as absolute pathway activation or a causal mechanism.
C0073	Sensitivity	RNA PH-pass GSEA	D3 Hypoxia PH-pass sensitivity enrichment	2.14738	NES	positive	""	BH-FDR=0.000000000252462	rna.D3.HYPOXIA.NES_TMM_PH_pass;rna.D3.HYPOXIA.padj_TMM_PH_pass	outputs/SIC_reanalysis_2026-07-11/00_audit/RNA_Hallmark_normalization_PH_robustness.csv	Time/pathway=D3/HYPOXIA	Supplementary RNA Hallmark table	Use to assess sensitivity to nominal PH violations.	Do not claim that Figure 2 asterisks encode PH-pass significance.
C0074	Results	RNA core pathways	D3 Reactive oxygen species pathway primary mortality-association enrichment	2.08804	NES	positive	""	BH-FDR=0.0000184235	rna.D3.REACTIVE_OXYGEN_SPECIES_PATHWAY.NES_TMM_Primary;rna.D3.REACTIVE_OXYGEN_SPECIES_PATHWAY.padj_TMM_Primary	outputs/SIC_reanalysis_2026-07-11/00_audit/RNA_Hallmark_normalization_PH_robustness.csv	Time/pathway=D3/REACTIVE_OXYGEN_SPECIES_PATHWAY	Figure 2; SourceData_Figure2_RNA.tsv	Interpret as pathway-level association with subsequent mortality in the time-specific model.	Do not interpret NES as absolute pathway activation or a causal mechanism.
C0075	Sensitivity	RNA PH-pass GSEA	D3 Reactive oxygen species pathway PH-pass sensitivity enrichment	2.04912	NES	positive	""	BH-FDR=0.0000554978	rna.D3.REACTIVE_OXYGEN_SPECIES_PATHWAY.NES_TMM_PH_pass;rna.D3.REACTIVE_OXYGEN_SPECIES_PATHWAY.padj_TMM_PH_pass	outputs/SIC_reanalysis_2026-07-11/00_audit/RNA_Hallmark_normalization_PH_robustness.csv	Time/pathway=D3/REACTIVE_OXYGEN_SPECIES_PATHWAY	Supplementary RNA Hallmark table	Use to assess sensitivity to nominal PH violations.	Do not claim that Figure 2 asterisks encode PH-pass significance.
C0076	Results	RNA core pathways	D3 Glycolysis primary mortality-association enrichment	1.49071	NES	positive	""	BH-FDR=0.00589764	rna.D3.GLYCOLYSIS.NES_TMM_Primary;rna.D3.GLYCOLYSIS.padj_TMM_Primary	outputs/SIC_reanalysis_2026-07-11/00_audit/RNA_Hallmark_normalization_PH_robustness.csv	Time/pathway=D3/GLYCOLYSIS	Figure 2; SourceData_Figure2_RNA.tsv	Interpret as pathway-level association with subsequent mortality in the time-specific model.	Do not interpret NES as absolute pathway activation or a causal mechanism.
C0077	Sensitivity	RNA PH-pass GSEA	D3 Glycolysis PH-pass sensitivity enrichment	1.51293	NES	positive	""	BH-FDR=0.00479487	rna.D3.GLYCOLYSIS.NES_TMM_PH_pass;rna.D3.GLYCOLYSIS.padj_TMM_PH_pass	outputs/SIC_reanalysis_2026-07-11/00_audit/RNA_Hallmark_normalization_PH_robustness.csv	Time/pathway=D3/GLYCOLYSIS	Supplementary RNA Hallmark table	Use to assess sensitivity to nominal PH violations.	Do not claim that Figure 2 asterisks encode PH-pass significance.
C0078	Results	RNA core pathways	D3 Oxidative phosphorylation primary mortality-association enrichment	1.15384	NES	positive	""	BH-FDR=0.24739	rna.D3.OXIDATIVE_PHOSPHORYLATION.NES_TMM_Primary;rna.D3.OXIDATIVE_PHOSPHORYLATION.padj_TMM_Primary	outputs/SIC_reanalysis_2026-07-11/00_audit/RNA_Hallmark_normalization_PH_robustness.csv	Time/pathway=D3/OXIDATIVE_PHOSPHORYLATION	Figure 2; SourceData_Figure2_RNA.tsv	Interpret as pathway-level association with subsequent mortality in the time-specific model.	Do not interpret NES as absolute pathway activation or a causal mechanism.
C0079	Sensitivity	RNA PH-pass GSEA	D3 Oxidative phosphorylation PH-pass sensitivity enrichment	1.16481	NES	positive	""	BH-FDR=0.218655	rna.D3.OXIDATIVE_PHOSPHORYLATION.NES_TMM_PH_pass;rna.D3.OXIDATIVE_PHOSPHORYLATION.padj_TMM_PH_pass	outputs/SIC_reanalysis_2026-07-11/00_audit/RNA_Hallmark_normalization_PH_robustness.csv	Time/pathway=D3/OXIDATIVE_PHOSPHORYLATION	Supplementary RNA Hallmark table	Use to assess sensitivity to nominal PH violations.	Do not claim that Figure 2 asterisks encode PH-pass significance.
C0080	Results	RNA core pathways	D3 Heme metabolism primary mortality-association enrichment	2.39456	NES	positive	""	BH-FDR=0.000000000000000000677758	rna.D3.HEME_METABOLISM.NES_TMM_Primary;rna.D3.HEME_METABOLISM.padj_TMM_Primary	outputs/SIC_reanalysis_2026-07-11/00_audit/RNA_Hallmark_normalization_PH_robustness.csv	Time/pathway=D3/HEME_METABOLISM	Figure 2; SourceData_Figure2_RNA.tsv	Interpret as pathway-level association with subsequent mortality in the time-specific model.	Do not interpret NES as absolute pathway activation or a causal mechanism.
C0081	Sensitivity	RNA PH-pass GSEA	D3 Heme metabolism PH-pass sensitivity enrichment	2.39586	NES	positive	""	BH-FDR=0.00000000000000000329839	rna.D3.HEME_METABOLISM.NES_TMM_PH_pass;rna.D3.HEME_METABOLISM.padj_TMM_PH_pass	outputs/SIC_reanalysis_2026-07-11/00_audit/RNA_Hallmark_normalization_PH_robustness.csv	Time/pathway=D3/HEME_METABOLISM	Supplementary RNA Hallmark table	Use to assess sensitivity to nominal PH violations.	Do not claim that Figure 2 asterisks encode PH-pass significance.
C0082	Results	RNA core pathways	D3 MYC targets V1 primary mortality-association enrichment	-0.908638	NES	negative	""	BH-FDR=0.826687	rna.D3.MYC_TARGETS_V1.NES_TMM_Primary;rna.D3.MYC_TARGETS_V1.padj_TMM_Primary	outputs/SIC_reanalysis_2026-07-11/00_audit/RNA_Hallmark_normalization_PH_robustness.csv	Time/pathway=D3/MYC_TARGETS_V1	Figure 2; SourceData_Figure2_RNA.tsv	Interpret as pathway-level association with subsequent mortality in the time-specific model.	Do not interpret NES as absolute pathway activation or a causal mechanism.
C0083	Sensitivity	RNA PH-pass GSEA	D3 MYC targets V1 PH-pass sensitivity enrichment	-0.92423	NES	negative	""	BH-FDR=0.777118	rna.D3.MYC_TARGETS_V1.NES_TMM_PH_pass;rna.D3.MYC_TARGETS_V1.padj_TMM_PH_pass	outputs/SIC_reanalysis_2026-07-11/00_audit/RNA_Hallmark_normalization_PH_robustness.csv	Time/pathway=D3/MYC_TARGETS_V1	Supplementary RNA Hallmark table	Use to assess sensitivity to nominal PH violations.	Do not claim that Figure 2 asterisks encode PH-pass significance.
C0084	Results	RNA core pathways	D3 MYC targets V2 primary mortality-association enrichment	-1.06224	NES	negative	""	BH-FDR=0.406732	rna.D3.MYC_TARGETS_V2.NES_TMM_Primary;rna.D3.MYC_TARGETS_V2.padj_TMM_Primary	outputs/SIC_reanalysis_2026-07-11/00_audit/RNA_Hallmark_normalization_PH_robustness.csv	Time/pathway=D3/MYC_TARGETS_V2	Figure 2; SourceData_Figure2_RNA.tsv	Interpret as pathway-level association with subsequent mortality in the time-specific model.	Do not interpret NES as absolute pathway activation or a causal mechanism.
C0085	Sensitivity	RNA PH-pass GSEA	D3 MYC targets V2 PH-pass sensitivity enrichment	-1.07066	NES	negative	""	BH-FDR=0.388914	rna.D3.MYC_TARGETS_V2.NES_TMM_PH_pass;rna.D3.MYC_TARGETS_V2.padj_TMM_PH_pass	outputs/SIC_reanalysis_2026-07-11/00_audit/RNA_Hallmark_normalization_PH_robustness.csv	Time/pathway=D3/MYC_TARGETS_V2	Supplementary RNA Hallmark table	Use to assess sensitivity to nominal PH violations.	Do not claim that Figure 2 asterisks encode PH-pass significance.
C0086	Results	RNA core pathways	D3 E2F targets primary mortality-association enrichment	-0.802426	NES	negative	""	BH-FDR=0.98452	rna.D3.E2F_TARGETS.NES_TMM_Primary;rna.D3.E2F_TARGETS.padj_TMM_Primary	outputs/SIC_reanalysis_2026-07-11/00_audit/RNA_Hallmark_normalization_PH_robustness.csv	Time/pathway=D3/E2F_TARGETS	Figure 2; SourceData_Figure2_RNA.tsv	Interpret as pathway-level association with subsequent mortality in the time-specific model.	Do not interpret NES as absolute pathway activation or a causal mechanism.
C0087	Sensitivity	RNA PH-pass GSEA	D3 E2F targets PH-pass sensitivity enrichment	-0.813831	NES	negative	""	BH-FDR=0.981013	rna.D3.E2F_TARGETS.NES_TMM_PH_pass;rna.D3.E2F_TARGETS.padj_TMM_PH_pass	outputs/SIC_reanalysis_2026-07-11/00_audit/RNA_Hallmark_normalization_PH_robustness.csv	Time/pathway=D3/E2F_TARGETS	Supplementary RNA Hallmark table	Use to assess sensitivity to nominal PH violations.	Do not claim that Figure 2 asterisks encode PH-pass significance.
C0088	Results	RNA core pathways	D3 DNA repair primary mortality-association enrichment	1.12489	NES	positive	""	BH-FDR=0.319118	rna.D3.DNA_REPAIR.NES_TMM_Primary;rna.D3.DNA_REPAIR.padj_TMM_Primary	outputs/SIC_reanalysis_2026-07-11/00_audit/RNA_Hallmark_normalization_PH_robustness.csv	Time/pathway=D3/DNA_REPAIR	Figure 2; SourceData_Figure2_RNA.tsv	Interpret as pathway-level association with subsequent mortality in the time-specific model.	Do not interpret NES as absolute pathway activation or a causal mechanism.
C0089	Sensitivity	RNA PH-pass GSEA	D3 DNA repair PH-pass sensitivity enrichment	1.14017	NES	positive	""	BH-FDR=0.293733	rna.D3.DNA_REPAIR.NES_TMM_PH_pass;rna.D3.DNA_REPAIR.padj_TMM_PH_pass	outputs/SIC_reanalysis_2026-07-11/00_audit/RNA_Hallmark_normalization_PH_robustness.csv	Time/pathway=D3/DNA_REPAIR	Supplementary RNA Hallmark table	Use to assess sensitivity to nominal PH violations.	Do not claim that Figure 2 asterisks encode PH-pass significance.
C0090	Results	RNA core pathways	D3 mTORC1 signaling primary mortality-association enrichment	1.67826	NES	positive	""	BH-FDR=0.0000949793	rna.D3.MTORC1_SIGNALING.NES_TMM_Primary;rna.D3.MTORC1_SIGNALING.padj_TMM_Primary	outputs/SIC_reanalysis_2026-07-11/00_audit/RNA_Hallmark_normalization_PH_robustness.csv	Time/pathway=D3/MTORC1_SIGNALING	Figure 2; SourceData_Figure2_RNA.tsv	Interpret as pathway-level association with subsequent mortality in the time-specific model.	Do not interpret NES as absolute pathway activation or a causal mechanism.
C0091	Sensitivity	RNA PH-pass GSEA	D3 mTORC1 signaling PH-pass sensitivity enrichment	1.71054	NES	positive	""	BH-FDR=0.0000619929	rna.D3.MTORC1_SIGNALING.NES_TMM_PH_pass;rna.D3.MTORC1_SIGNALING.padj_TMM_PH_pass	outputs/SIC_reanalysis_2026-07-11/00_audit/RNA_Hallmark_normalization_PH_robustness.csv	Time/pathway=D3/MTORC1_SIGNALING	Supplementary RNA Hallmark table	Use to assess sensitivity to nominal PH violations.	Do not claim that Figure 2 asterisks encode PH-pass significance.
C0092	Results	RNA core pathways	D3 Unfolded protein response primary mortality-association enrichment	-0.876704	NES	negative	""	BH-FDR=0.826687	rna.D3.UNFOLDED_PROTEIN_RESPONSE.NES_TMM_Primary;rna.D3.UNFOLDED_PROTEIN_RESPONSE.padj_TMM_Primary	outputs/SIC_reanalysis_2026-07-11/00_audit/RNA_Hallmark_normalization_PH_robustness.csv	Time/pathway=D3/UNFOLDED_PROTEIN_RESPONSE	Figure 2; SourceData_Figure2_RNA.tsv	Interpret as pathway-level association with subsequent mortality in the time-specific model.	Do not interpret NES as absolute pathway activation or a causal mechanism.
C0093	Sensitivity	RNA PH-pass GSEA	D3 Unfolded protein response PH-pass sensitivity enrichment	-0.868978	NES	negative	""	BH-FDR=0.846364	rna.D3.UNFOLDED_PROTEIN_RESPONSE.NES_TMM_PH_pass;rna.D3.UNFOLDED_PROTEIN_RESPONSE.padj_TMM_PH_pass	outputs/SIC_reanalysis_2026-07-11/00_audit/RNA_Hallmark_normalization_PH_robustness.csv	Time/pathway=D3/UNFOLDED_PROTEIN_RESPONSE	Supplementary RNA Hallmark table	Use to assess sensitivity to nominal PH violations.	Do not claim that Figure 2 asterisks encode PH-pass significance.
C0094	Results	RNA core pathways	D5 TNF-α signaling via NF-κB primary mortality-association enrichment	1.66949	NES	positive	""	BH-FDR=0.00100178	rna.D5.TNFA_SIGNALING_VIA_NFKB.NES_TMM_Primary;rna.D5.TNFA_SIGNALING_VIA_NFKB.padj_TMM_Primary	outputs/SIC_reanalysis_2026-07-11/00_audit/RNA_Hallmark_normalization_PH_robustness.csv	Time/pathway=D5/TNFA_SIGNALING_VIA_NFKB	Figure 2; SourceData_Figure2_RNA.tsv	Interpret as pathway-level association with subsequent mortality in the time-specific model.	Do not interpret NES as absolute pathway activation or a causal mechanism.
C0095	Sensitivity	RNA PH-pass GSEA	D5 TNF-α signaling via NF-κB PH-pass sensitivity enrichment	1.58192	NES	positive	""	BH-FDR=0.00575206	rna.D5.TNFA_SIGNALING_VIA_NFKB.NES_TMM_PH_pass;rna.D5.TNFA_SIGNALING_VIA_NFKB.padj_TMM_PH_pass	outputs/SIC_reanalysis_2026-07-11/00_audit/RNA_Hallmark_normalization_PH_robustness.csv	Time/pathway=D5/TNFA_SIGNALING_VIA_NFKB	Supplementary RNA Hallmark table	Use to assess sensitivity to nominal PH violations.	Do not claim that Figure 2 asterisks encode PH-pass significance.
C0096	Results	RNA core pathways	D5 IL-6/JAK/STAT3 signaling primary mortality-association enrichment	 2.0499	NES	positive	""	BH-FDR=0.0000663134	rna.D5.IL6_JAK_STAT3_SIGNALING.NES_TMM_Primary;rna.D5.IL6_JAK_STAT3_SIGNALING.padj_TMM_Primary	outputs/SIC_reanalysis_2026-07-11/00_audit/RNA_Hallmark_normalization_PH_robustness.csv	Time/pathway=D5/IL6_JAK_STAT3_SIGNALING	Figure 2; SourceData_Figure2_RNA.tsv	Interpret as pathway-level association with subsequent mortality in the time-specific model.	Do not interpret NES as absolute pathway activation or a causal mechanism.
C0097	Sensitivity	RNA PH-pass GSEA	D5 IL-6/JAK/STAT3 signaling PH-pass sensitivity enrichment	1.76078	NES	positive	""	BH-FDR=0.00500298	rna.D5.IL6_JAK_STAT3_SIGNALING.NES_TMM_PH_pass;rna.D5.IL6_JAK_STAT3_SIGNALING.padj_TMM_PH_pass	outputs/SIC_reanalysis_2026-07-11/00_audit/RNA_Hallmark_normalization_PH_robustness.csv	Time/pathway=D5/IL6_JAK_STAT3_SIGNALING	Supplementary RNA Hallmark table	Use to assess sensitivity to nominal PH violations.	Do not claim that Figure 2 asterisks encode PH-pass significance.
C0098	Results	RNA core pathways	D5 Inflammatory response primary mortality-association enrichment	1.77405	NES	positive	""	BH-FDR=0.000268882	rna.D5.INFLAMMATORY_RESPONSE.NES_TMM_Primary;rna.D5.INFLAMMATORY_RESPONSE.padj_TMM_Primary	outputs/SIC_reanalysis_2026-07-11/00_audit/RNA_Hallmark_normalization_PH_robustness.csv	Time/pathway=D5/INFLAMMATORY_RESPONSE	Figure 2; SourceData_Figure2_RNA.tsv	Interpret as pathway-level association with subsequent mortality in the time-specific model.	Do not interpret NES as absolute pathway activation or a causal mechanism.
C0099	Sensitivity	RNA PH-pass GSEA	D5 Inflammatory response PH-pass sensitivity enrichment	1.61563	NES	positive	""	BH-FDR=0.00572764	rna.D5.INFLAMMATORY_RESPONSE.NES_TMM_PH_pass;rna.D5.INFLAMMATORY_RESPONSE.padj_TMM_PH_pass	outputs/SIC_reanalysis_2026-07-11/00_audit/RNA_Hallmark_normalization_PH_robustness.csv	Time/pathway=D5/INFLAMMATORY_RESPONSE	Supplementary RNA Hallmark table	Use to assess sensitivity to nominal PH violations.	Do not claim that Figure 2 asterisks encode PH-pass significance.
C0100	Results	RNA core pathways	D5 Complement primary mortality-association enrichment	1.56025	NES	positive	""	BH-FDR=0.00582956	rna.D5.COMPLEMENT.NES_TMM_Primary;rna.D5.COMPLEMENT.padj_TMM_Primary	outputs/SIC_reanalysis_2026-07-11/00_audit/RNA_Hallmark_normalization_PH_robustness.csv	Time/pathway=D5/COMPLEMENT	Figure 2; SourceData_Figure2_RNA.tsv	Interpret as pathway-level association with subsequent mortality in the time-specific model.	Do not interpret NES as absolute pathway activation or a causal mechanism.
C0101	Sensitivity	RNA PH-pass GSEA	D5 Complement PH-pass sensitivity enrichment	1.58159	NES	positive	""	BH-FDR=0.0065712	rna.D5.COMPLEMENT.NES_TMM_PH_pass;rna.D5.COMPLEMENT.padj_TMM_PH_pass	outputs/SIC_reanalysis_2026-07-11/00_audit/RNA_Hallmark_normalization_PH_robustness.csv	Time/pathway=D5/COMPLEMENT	Supplementary RNA Hallmark table	Use to assess sensitivity to nominal PH violations.	Do not claim that Figure 2 asterisks encode PH-pass significance.
C0102	Results	RNA core pathways	D5 Coagulation primary mortality-association enrichment	1.27022	NES	positive	""	BH-FDR=0.159524	rna.D5.COAGULATION.NES_TMM_Primary;rna.D5.COAGULATION.padj_TMM_Primary	outputs/SIC_reanalysis_2026-07-11/00_audit/RNA_Hallmark_normalization_PH_robustness.csv	Time/pathway=D5/COAGULATION	Figure 2; SourceData_Figure2_RNA.tsv	Interpret as pathway-level association with subsequent mortality in the time-specific model.	Do not interpret NES as absolute pathway activation or a causal mechanism.
C0103	Sensitivity	RNA PH-pass GSEA	D5 Coagulation PH-pass sensitivity enrichment	 1.4488	NES	positive	""	BH-FDR=0.0507075	rna.D5.COAGULATION.NES_TMM_PH_pass;rna.D5.COAGULATION.padj_TMM_PH_pass	outputs/SIC_reanalysis_2026-07-11/00_audit/RNA_Hallmark_normalization_PH_robustness.csv	Time/pathway=D5/COAGULATION	Supplementary RNA Hallmark table	Use to assess sensitivity to nominal PH violations.	Do not claim that Figure 2 asterisks encode PH-pass significance.
C0104	Results	RNA core pathways	D5 IFN-α response primary mortality-association enrichment	1.37786	NES	positive	""	BH-FDR=0.0815824	rna.D5.INTERFERON_ALPHA_RESPONSE.NES_TMM_Primary;rna.D5.INTERFERON_ALPHA_RESPONSE.padj_TMM_Primary	outputs/SIC_reanalysis_2026-07-11/00_audit/RNA_Hallmark_normalization_PH_robustness.csv	Time/pathway=D5/INTERFERON_ALPHA_RESPONSE	Figure 2; SourceData_Figure2_RNA.tsv	Interpret as pathway-level association with subsequent mortality in the time-specific model.	Do not interpret NES as absolute pathway activation or a causal mechanism.
C0105	Sensitivity	RNA PH-pass GSEA	D5 IFN-α response PH-pass sensitivity enrichment	1.07166	NES	positive	""	BH-FDR=0.466901	rna.D5.INTERFERON_ALPHA_RESPONSE.NES_TMM_PH_pass;rna.D5.INTERFERON_ALPHA_RESPONSE.padj_TMM_PH_pass	outputs/SIC_reanalysis_2026-07-11/00_audit/RNA_Hallmark_normalization_PH_robustness.csv	Time/pathway=D5/INTERFERON_ALPHA_RESPONSE	Supplementary RNA Hallmark table	Use to assess sensitivity to nominal PH violations.	Do not claim that Figure 2 asterisks encode PH-pass significance.
C0106	Results	RNA core pathways	D5 IFN-γ response primary mortality-association enrichment	1.36801	NES	positive	""	BH-FDR=0.0447076	rna.D5.INTERFERON_GAMMA_RESPONSE.NES_TMM_Primary;rna.D5.INTERFERON_GAMMA_RESPONSE.padj_TMM_Primary	outputs/SIC_reanalysis_2026-07-11/00_audit/RNA_Hallmark_normalization_PH_robustness.csv	Time/pathway=D5/INTERFERON_GAMMA_RESPONSE	Figure 2; SourceData_Figure2_RNA.tsv	Interpret as pathway-level association with subsequent mortality in the time-specific model.	Do not interpret NES as absolute pathway activation or a causal mechanism.
C0107	Sensitivity	RNA PH-pass GSEA	D5 IFN-γ response PH-pass sensitivity enrichment	1.19906	NES	positive	""	BH-FDR=0.201378	rna.D5.INTERFERON_GAMMA_RESPONSE.NES_TMM_PH_pass;rna.D5.INTERFERON_GAMMA_RESPONSE.padj_TMM_PH_pass	outputs/SIC_reanalysis_2026-07-11/00_audit/RNA_Hallmark_normalization_PH_robustness.csv	Time/pathway=D5/INTERFERON_GAMMA_RESPONSE	Supplementary RNA Hallmark table	Use to assess sensitivity to nominal PH violations.	Do not claim that Figure 2 asterisks encode PH-pass significance.
C0108	Results	RNA core pathways	D5 Epithelial–mesenchymal transition primary mortality-association enrichment	 1.0535	NES	positive	""	BH-FDR=0.458509	rna.D5.EPITHELIAL_MESENCHYMAL_TRANSITION.NES_TMM_Primary;rna.D5.EPITHELIAL_MESENCHYMAL_TRANSITION.padj_TMM_Primary	outputs/SIC_reanalysis_2026-07-11/00_audit/RNA_Hallmark_normalization_PH_robustness.csv	Time/pathway=D5/EPITHELIAL_MESENCHYMAL_TRANSITION	Figure 2; SourceData_Figure2_RNA.tsv	Interpret as pathway-level association with subsequent mortality in the time-specific model.	Do not interpret NES as absolute pathway activation or a causal mechanism.
C0109	Sensitivity	RNA PH-pass GSEA	D5 Epithelial–mesenchymal transition PH-pass sensitivity enrichment	0.960415	NES	positive	""	BH-FDR=0.654925	rna.D5.EPITHELIAL_MESENCHYMAL_TRANSITION.NES_TMM_PH_pass;rna.D5.EPITHELIAL_MESENCHYMAL_TRANSITION.padj_TMM_PH_pass	outputs/SIC_reanalysis_2026-07-11/00_audit/RNA_Hallmark_normalization_PH_robustness.csv	Time/pathway=D5/EPITHELIAL_MESENCHYMAL_TRANSITION	Supplementary RNA Hallmark table	Use to assess sensitivity to nominal PH violations.	Do not claim that Figure 2 asterisks encode PH-pass significance.
C0110	Results	RNA core pathways	D5 Apical junction primary mortality-association enrichment	1.56856	NES	positive	""	BH-FDR=0.0094163	rna.D5.APICAL_JUNCTION.NES_TMM_Primary;rna.D5.APICAL_JUNCTION.padj_TMM_Primary	outputs/SIC_reanalysis_2026-07-11/00_audit/RNA_Hallmark_normalization_PH_robustness.csv	Time/pathway=D5/APICAL_JUNCTION	Figure 2; SourceData_Figure2_RNA.tsv	Interpret as pathway-level association with subsequent mortality in the time-specific model.	Do not interpret NES as absolute pathway activation or a causal mechanism.
C0111	Sensitivity	RNA PH-pass GSEA	D5 Apical junction PH-pass sensitivity enrichment	1.57615	NES	positive	""	BH-FDR=0.0113703	rna.D5.APICAL_JUNCTION.NES_TMM_PH_pass;rna.D5.APICAL_JUNCTION.padj_TMM_PH_pass	outputs/SIC_reanalysis_2026-07-11/00_audit/RNA_Hallmark_normalization_PH_robustness.csv	Time/pathway=D5/APICAL_JUNCTION	Supplementary RNA Hallmark table	Use to assess sensitivity to nominal PH violations.	Do not claim that Figure 2 asterisks encode PH-pass significance.
C0112	Results	RNA core pathways	D5 Hypoxia primary mortality-association enrichment	1.94439	NES	positive	""	BH-FDR=0.0000162107	rna.D5.HYPOXIA.NES_TMM_Primary;rna.D5.HYPOXIA.padj_TMM_Primary	outputs/SIC_reanalysis_2026-07-11/00_audit/RNA_Hallmark_normalization_PH_robustness.csv	Time/pathway=D5/HYPOXIA	Figure 2; SourceData_Figure2_RNA.tsv	Interpret as pathway-level association with subsequent mortality in the time-specific model.	Do not interpret NES as absolute pathway activation or a causal mechanism.
C0113	Sensitivity	RNA PH-pass GSEA	D5 Hypoxia PH-pass sensitivity enrichment	2.02001	NES	positive	""	BH-FDR=0.00001068	rna.D5.HYPOXIA.NES_TMM_PH_pass;rna.D5.HYPOXIA.padj_TMM_PH_pass	outputs/SIC_reanalysis_2026-07-11/00_audit/RNA_Hallmark_normalization_PH_robustness.csv	Time/pathway=D5/HYPOXIA	Supplementary RNA Hallmark table	Use to assess sensitivity to nominal PH violations.	Do not claim that Figure 2 asterisks encode PH-pass significance.
C0114	Results	RNA core pathways	D5 Reactive oxygen species pathway primary mortality-association enrichment	 1.5186	NES	positive	""	BH-FDR=0.045703	rna.D5.REACTIVE_OXYGEN_SPECIES_PATHWAY.NES_TMM_Primary;rna.D5.REACTIVE_OXYGEN_SPECIES_PATHWAY.padj_TMM_Primary	outputs/SIC_reanalysis_2026-07-11/00_audit/RNA_Hallmark_normalization_PH_robustness.csv	Time/pathway=D5/REACTIVE_OXYGEN_SPECIES_PATHWAY	Figure 2; SourceData_Figure2_RNA.tsv	Interpret as pathway-level association with subsequent mortality in the time-specific model.	Do not interpret NES as absolute pathway activation or a causal mechanism.
C0115	Sensitivity	RNA PH-pass GSEA	D5 Reactive oxygen species pathway PH-pass sensitivity enrichment	1.42671	NES	positive	""	BH-FDR=0.102105	rna.D5.REACTIVE_OXYGEN_SPECIES_PATHWAY.NES_TMM_PH_pass;rna.D5.REACTIVE_OXYGEN_SPECIES_PATHWAY.padj_TMM_PH_pass	outputs/SIC_reanalysis_2026-07-11/00_audit/RNA_Hallmark_normalization_PH_robustness.csv	Time/pathway=D5/REACTIVE_OXYGEN_SPECIES_PATHWAY	Supplementary RNA Hallmark table	Use to assess sensitivity to nominal PH violations.	Do not claim that Figure 2 asterisks encode PH-pass significance.
C0116	Results	RNA core pathways	D5 Glycolysis primary mortality-association enrichment	1.02166	NES	positive	""	BH-FDR=0.516895	rna.D5.GLYCOLYSIS.NES_TMM_Primary;rna.D5.GLYCOLYSIS.padj_TMM_Primary	outputs/SIC_reanalysis_2026-07-11/00_audit/RNA_Hallmark_normalization_PH_robustness.csv	Time/pathway=D5/GLYCOLYSIS	Figure 2; SourceData_Figure2_RNA.tsv	Interpret as pathway-level association with subsequent mortality in the time-specific model.	Do not interpret NES as absolute pathway activation or a causal mechanism.
C0117	Sensitivity	RNA PH-pass GSEA	D5 Glycolysis PH-pass sensitivity enrichment	0.989326	NES	positive	""	BH-FDR=0.617044	rna.D5.GLYCOLYSIS.NES_TMM_PH_pass;rna.D5.GLYCOLYSIS.padj_TMM_PH_pass	outputs/SIC_reanalysis_2026-07-11/00_audit/RNA_Hallmark_normalization_PH_robustness.csv	Time/pathway=D5/GLYCOLYSIS	Supplementary RNA Hallmark table	Use to assess sensitivity to nominal PH violations.	Do not claim that Figure 2 asterisks encode PH-pass significance.
C0118	Results	RNA core pathways	D5 Oxidative phosphorylation primary mortality-association enrichment	-2.43614	NES	negative	""	BH-FDR=0.00000000000177311	rna.D5.OXIDATIVE_PHOSPHORYLATION.NES_TMM_Primary;rna.D5.OXIDATIVE_PHOSPHORYLATION.padj_TMM_Primary	outputs/SIC_reanalysis_2026-07-11/00_audit/RNA_Hallmark_normalization_PH_robustness.csv	Time/pathway=D5/OXIDATIVE_PHOSPHORYLATION	Figure 2; SourceData_Figure2_RNA.tsv	Interpret as pathway-level association with subsequent mortality in the time-specific model.	Do not interpret NES as absolute pathway activation or a causal mechanism.
C0119	Sensitivity	RNA PH-pass GSEA	D5 Oxidative phosphorylation PH-pass sensitivity enrichment	-2.51153	NES	negative	""	BH-FDR=0.00000000000041852	rna.D5.OXIDATIVE_PHOSPHORYLATION.NES_TMM_PH_pass;rna.D5.OXIDATIVE_PHOSPHORYLATION.padj_TMM_PH_pass	outputs/SIC_reanalysis_2026-07-11/00_audit/RNA_Hallmark_normalization_PH_robustness.csv	Time/pathway=D5/OXIDATIVE_PHOSPHORYLATION	Supplementary RNA Hallmark table	Use to assess sensitivity to nominal PH violations.	Do not claim that Figure 2 asterisks encode PH-pass significance.
C0120	Results	RNA core pathways	D5 Heme metabolism primary mortality-association enrichment	 2.3086	NES	positive	""	BH-FDR=0.0000000000660755	rna.D5.HEME_METABOLISM.NES_TMM_Primary;rna.D5.HEME_METABOLISM.padj_TMM_Primary	outputs/SIC_reanalysis_2026-07-11/00_audit/RNA_Hallmark_normalization_PH_robustness.csv	Time/pathway=D5/HEME_METABOLISM	Figure 2; SourceData_Figure2_RNA.tsv	Interpret as pathway-level association with subsequent mortality in the time-specific model.	Do not interpret NES as absolute pathway activation or a causal mechanism.
C0121	Sensitivity	RNA PH-pass GSEA	D5 Heme metabolism PH-pass sensitivity enrichment	2.30343	NES	positive	""	BH-FDR=0.000000000342942	rna.D5.HEME_METABOLISM.NES_TMM_PH_pass;rna.D5.HEME_METABOLISM.padj_TMM_PH_pass	outputs/SIC_reanalysis_2026-07-11/00_audit/RNA_Hallmark_normalization_PH_robustness.csv	Time/pathway=D5/HEME_METABOLISM	Supplementary RNA Hallmark table	Use to assess sensitivity to nominal PH violations.	Do not claim that Figure 2 asterisks encode PH-pass significance.
C0122	Results	RNA core pathways	D5 MYC targets V1 primary mortality-association enrichment	-3.13062	NES	negative	""	BH-FDR=0.00000000000000000000000000618935	rna.D5.MYC_TARGETS_V1.NES_TMM_Primary;rna.D5.MYC_TARGETS_V1.padj_TMM_Primary	outputs/SIC_reanalysis_2026-07-11/00_audit/RNA_Hallmark_normalization_PH_robustness.csv	Time/pathway=D5/MYC_TARGETS_V1	Figure 2; SourceData_Figure2_RNA.tsv	Interpret as pathway-level association with subsequent mortality in the time-specific model.	Do not interpret NES as absolute pathway activation or a causal mechanism.
C0123	Sensitivity	RNA PH-pass GSEA	D5 MYC targets V1 PH-pass sensitivity enrichment	-3.0823	NES	negative	""	BH-FDR=0.000000000000000000000000830702	rna.D5.MYC_TARGETS_V1.NES_TMM_PH_pass;rna.D5.MYC_TARGETS_V1.padj_TMM_PH_pass	outputs/SIC_reanalysis_2026-07-11/00_audit/RNA_Hallmark_normalization_PH_robustness.csv	Time/pathway=D5/MYC_TARGETS_V1	Supplementary RNA Hallmark table	Use to assess sensitivity to nominal PH violations.	Do not claim that Figure 2 asterisks encode PH-pass significance.
C0124	Results	RNA core pathways	D5 MYC targets V2 primary mortality-association enrichment	-2.22695	NES	negative	""	BH-FDR=0.0000165415	rna.D5.MYC_TARGETS_V2.NES_TMM_Primary;rna.D5.MYC_TARGETS_V2.padj_TMM_Primary	outputs/SIC_reanalysis_2026-07-11/00_audit/RNA_Hallmark_normalization_PH_robustness.csv	Time/pathway=D5/MYC_TARGETS_V2	Figure 2; SourceData_Figure2_RNA.tsv	Interpret as pathway-level association with subsequent mortality in the time-specific model.	Do not interpret NES as absolute pathway activation or a causal mechanism.
C0125	Sensitivity	RNA PH-pass GSEA	D5 MYC targets V2 PH-pass sensitivity enrichment	-2.20114	NES	negative	""	BH-FDR=0.0000503417	rna.D5.MYC_TARGETS_V2.NES_TMM_PH_pass;rna.D5.MYC_TARGETS_V2.padj_TMM_PH_pass	outputs/SIC_reanalysis_2026-07-11/00_audit/RNA_Hallmark_normalization_PH_robustness.csv	Time/pathway=D5/MYC_TARGETS_V2	Supplementary RNA Hallmark table	Use to assess sensitivity to nominal PH violations.	Do not claim that Figure 2 asterisks encode PH-pass significance.
C0126	Results	RNA core pathways	D5 E2F targets primary mortality-association enrichment	-1.88748	NES	negative	""	BH-FDR=0.000013808	rna.D5.E2F_TARGETS.NES_TMM_Primary;rna.D5.E2F_TARGETS.padj_TMM_Primary	outputs/SIC_reanalysis_2026-07-11/00_audit/RNA_Hallmark_normalization_PH_robustness.csv	Time/pathway=D5/E2F_TARGETS	Figure 2; SourceData_Figure2_RNA.tsv	Interpret as pathway-level association with subsequent mortality in the time-specific model.	Do not interpret NES as absolute pathway activation or a causal mechanism.
C0127	Sensitivity	RNA PH-pass GSEA	D5 E2F targets PH-pass sensitivity enrichment	-1.7999	NES	negative	""	BH-FDR=0.000105296	rna.D5.E2F_TARGETS.NES_TMM_PH_pass;rna.D5.E2F_TARGETS.padj_TMM_PH_pass	outputs/SIC_reanalysis_2026-07-11/00_audit/RNA_Hallmark_normalization_PH_robustness.csv	Time/pathway=D5/E2F_TARGETS	Supplementary RNA Hallmark table	Use to assess sensitivity to nominal PH violations.	Do not claim that Figure 2 asterisks encode PH-pass significance.
C0128	Results	RNA core pathways	D5 DNA repair primary mortality-association enrichment	-1.62359	NES	negative	""	BH-FDR=0.00292296	rna.D5.DNA_REPAIR.NES_TMM_Primary;rna.D5.DNA_REPAIR.padj_TMM_Primary	outputs/SIC_reanalysis_2026-07-11/00_audit/RNA_Hallmark_normalization_PH_robustness.csv	Time/pathway=D5/DNA_REPAIR	Figure 2; SourceData_Figure2_RNA.tsv	Interpret as pathway-level association with subsequent mortality in the time-specific model.	Do not interpret NES as absolute pathway activation or a causal mechanism.
C0129	Sensitivity	RNA PH-pass GSEA	D5 DNA repair PH-pass sensitivity enrichment	-1.52124	NES	negative	""	BH-FDR=0.0113703	rna.D5.DNA_REPAIR.NES_TMM_PH_pass;rna.D5.DNA_REPAIR.padj_TMM_PH_pass	outputs/SIC_reanalysis_2026-07-11/00_audit/RNA_Hallmark_normalization_PH_robustness.csv	Time/pathway=D5/DNA_REPAIR	Supplementary RNA Hallmark table	Use to assess sensitivity to nominal PH violations.	Do not claim that Figure 2 asterisks encode PH-pass significance.
C0130	Results	RNA core pathways	D5 mTORC1 signaling primary mortality-association enrichment	-1.21968	NES	negative	""	BH-FDR=0.114831	rna.D5.MTORC1_SIGNALING.NES_TMM_Primary;rna.D5.MTORC1_SIGNALING.padj_TMM_Primary	outputs/SIC_reanalysis_2026-07-11/00_audit/RNA_Hallmark_normalization_PH_robustness.csv	Time/pathway=D5/MTORC1_SIGNALING	Figure 2; SourceData_Figure2_RNA.tsv	Interpret as pathway-level association with subsequent mortality in the time-specific model.	Do not interpret NES as absolute pathway activation or a causal mechanism.
C0131	Sensitivity	RNA PH-pass GSEA	D5 mTORC1 signaling PH-pass sensitivity enrichment	-1.31814	NES	negative	""	BH-FDR=0.0513182	rna.D5.MTORC1_SIGNALING.NES_TMM_PH_pass;rna.D5.MTORC1_SIGNALING.padj_TMM_PH_pass	outputs/SIC_reanalysis_2026-07-11/00_audit/RNA_Hallmark_normalization_PH_robustness.csv	Time/pathway=D5/MTORC1_SIGNALING	Supplementary RNA Hallmark table	Use to assess sensitivity to nominal PH violations.	Do not claim that Figure 2 asterisks encode PH-pass significance.
C0132	Results	RNA core pathways	D5 Unfolded protein response primary mortality-association enrichment	-2.03625	NES	negative	""	BH-FDR=0.0000165415	rna.D5.UNFOLDED_PROTEIN_RESPONSE.NES_TMM_Primary;rna.D5.UNFOLDED_PROTEIN_RESPONSE.padj_TMM_Primary	outputs/SIC_reanalysis_2026-07-11/00_audit/RNA_Hallmark_normalization_PH_robustness.csv	Time/pathway=D5/UNFOLDED_PROTEIN_RESPONSE	Figure 2; SourceData_Figure2_RNA.tsv	Interpret as pathway-level association with subsequent mortality in the time-specific model.	Do not interpret NES as absolute pathway activation or a causal mechanism.
C0133	Sensitivity	RNA PH-pass GSEA	D5 Unfolded protein response PH-pass sensitivity enrichment	-2.03845	NES	negative	""	BH-FDR=0.0000512278	rna.D5.UNFOLDED_PROTEIN_RESPONSE.NES_TMM_PH_pass;rna.D5.UNFOLDED_PROTEIN_RESPONSE.padj_TMM_PH_pass	outputs/SIC_reanalysis_2026-07-11/00_audit/RNA_Hallmark_normalization_PH_robustness.csv	Time/pathway=D5/UNFOLDED_PROTEIN_RESPONSE	Supplementary RNA Hallmark table	Use to assess sensitivity to nominal PH violations.	Do not claim that Figure 2 asterisks encode PH-pass significance.
C0134	Results	Protein core pathways	D1 Hypoxia center_primary mortality-association enrichment	1.56248	NES	positive	""	BH-FDR=0.000780658	protein.D1_center_primary.HYPOXIA.NES;protein.D1_center_primary.HYPOXIA.padj	outputs/SIC_reanalysis_2026-07-11/02_Protein/03_Protein_Hallmark_all_models.csv	analysis/pathway=D1_center_primary/HYPOXIA	Figure 3; SourceData_Figure3_Protein.tsv	Interpret as the displayed primary plasma-protein mortality association.	Do not claim that Figure 3 asterisks encode PH or global-intensity robustness.
C0135	Results	Protein core pathways	D1 Glycolysis center_primary mortality-association enrichment	1.54143	NES	positive	""	BH-FDR=0.000780658	protein.D1_center_primary.GLYCOLYSIS.NES;protein.D1_center_primary.GLYCOLYSIS.padj	outputs/SIC_reanalysis_2026-07-11/02_Protein/03_Protein_Hallmark_all_models.csv	analysis/pathway=D1_center_primary/GLYCOLYSIS	Figure 3; SourceData_Figure3_Protein.tsv	Interpret as the displayed primary plasma-protein mortality association.	Do not claim that Figure 3 asterisks encode PH or global-intensity robustness.
C0136	Results	Protein core pathways	D1 Fatty acid metabolism center_primary mortality-association enrichment	1.35766	NES	positive	""	BH-FDR=0.0404673	protein.D1_center_primary.FATTY_ACID_METABOLISM.NES;protein.D1_center_primary.FATTY_ACID_METABOLISM.padj	outputs/SIC_reanalysis_2026-07-11/02_Protein/03_Protein_Hallmark_all_models.csv	analysis/pathway=D1_center_primary/FATTY_ACID_METABOLISM	Figure 3; SourceData_Figure3_Protein.tsv	Interpret as the displayed primary plasma-protein mortality association.	Do not claim that Figure 3 asterisks encode PH or global-intensity robustness.
C0137	Results	Protein core pathways	D1 Oxidative phosphorylation center_primary mortality-association enrichment	0.496345	NES	positive	""	BH-FDR=      1	protein.D1_center_primary.OXIDATIVE_PHOSPHORYLATION.NES;protein.D1_center_primary.OXIDATIVE_PHOSPHORYLATION.padj	outputs/SIC_reanalysis_2026-07-11/02_Protein/03_Protein_Hallmark_all_models.csv	analysis/pathway=D1_center_primary/OXIDATIVE_PHOSPHORYLATION	Figure 3; SourceData_Figure3_Protein.tsv	Interpret as the displayed primary plasma-protein mortality association.	Do not claim that Figure 3 asterisks encode PH or global-intensity robustness.
C0138	Results	Protein core pathways	D1 MYC targets V1 center_primary mortality-association enrichment	1.62025	NES	positive	""	BH-FDR=0.000000988573	protein.D1_center_primary.MYC_TARGETS_V1.NES;protein.D1_center_primary.MYC_TARGETS_V1.padj	outputs/SIC_reanalysis_2026-07-11/02_Protein/03_Protein_Hallmark_all_models.csv	analysis/pathway=D1_center_primary/MYC_TARGETS_V1	Figure 3; SourceData_Figure3_Protein.tsv	Interpret as the displayed primary plasma-protein mortality association.	Do not claim that Figure 3 asterisks encode PH or global-intensity robustness.
C0139	Results	Protein core pathways	D1 mTORC1 signaling center_primary mortality-association enrichment	1.29546	NES	positive	""	BH-FDR=0.0404673	protein.D1_center_primary.MTORC1_SIGNALING.NES;protein.D1_center_primary.MTORC1_SIGNALING.padj	outputs/SIC_reanalysis_2026-07-11/02_Protein/03_Protein_Hallmark_all_models.csv	analysis/pathway=D1_center_primary/MTORC1_SIGNALING	Figure 3; SourceData_Figure3_Protein.tsv	Interpret as the displayed primary plasma-protein mortality association.	Do not claim that Figure 3 asterisks encode PH or global-intensity robustness.
C0140	Results	Protein core pathways	D1 Protein secretion center_primary mortality-association enrichment	0.803107	NES	positive	""	BH-FDR=0.972617	protein.D1_center_primary.PROTEIN_SECRETION.NES;protein.D1_center_primary.PROTEIN_SECRETION.padj	outputs/SIC_reanalysis_2026-07-11/02_Protein/03_Protein_Hallmark_all_models.csv	analysis/pathway=D1_center_primary/PROTEIN_SECRETION	Figure 3; SourceData_Figure3_Protein.tsv	Interpret as the displayed primary plasma-protein mortality association.	Do not claim that Figure 3 asterisks encode PH or global-intensity robustness.
C0141	Results	Protein core pathways	D1 Complement center_primary mortality-association enrichment	0.891364	NES	positive	""	BH-FDR=0.952306	protein.D1_center_primary.COMPLEMENT.NES;protein.D1_center_primary.COMPLEMENT.padj	outputs/SIC_reanalysis_2026-07-11/02_Protein/03_Protein_Hallmark_all_models.csv	analysis/pathway=D1_center_primary/COMPLEMENT	Figure 3; SourceData_Figure3_Protein.tsv	Interpret as the displayed primary plasma-protein mortality association.	Do not claim that Figure 3 asterisks encode PH or global-intensity robustness.
C0142	Results	Protein core pathways	D1 Epithelial–mesenchymal transition center_primary mortality-association enrichment	1.35645	NES	positive	""	BH-FDR=0.0244221	protein.D1_center_primary.EPITHELIAL_MESENCHYMAL_TRANSITION.NES;protein.D1_center_primary.EPITHELIAL_MESENCHYMAL_TRANSITION.padj	outputs/SIC_reanalysis_2026-07-11/02_Protein/03_Protein_Hallmark_all_models.csv	analysis/pathway=D1_center_primary/EPITHELIAL_MESENCHYMAL_TRANSITION	Figure 3; SourceData_Figure3_Protein.tsv	Interpret as the displayed primary plasma-protein mortality association.	Do not claim that Figure 3 asterisks encode PH or global-intensity robustness.
C0143	Results	Protein core pathways	D1 Myogenesis center_primary mortality-association enrichment	1.29338	NES	positive	""	BH-FDR=0.0875912	protein.D1_center_primary.MYOGENESIS.NES;protein.D1_center_primary.MYOGENESIS.padj	outputs/SIC_reanalysis_2026-07-11/02_Protein/03_Protein_Hallmark_all_models.csv	analysis/pathway=D1_center_primary/MYOGENESIS	Figure 3; SourceData_Figure3_Protein.tsv	Interpret as the displayed primary plasma-protein mortality association.	Do not claim that Figure 3 asterisks encode PH or global-intensity robustness.
C0144	Results	Protein core pathways	D1 Unfolded protein response center_primary mortality-association enrichment	1.30159	NES	positive	""	BH-FDR=0.106846	protein.D1_center_primary.UNFOLDED_PROTEIN_RESPONSE.NES;protein.D1_center_primary.UNFOLDED_PROTEIN_RESPONSE.padj	outputs/SIC_reanalysis_2026-07-11/02_Protein/03_Protein_Hallmark_all_models.csv	analysis/pathway=D1_center_primary/UNFOLDED_PROTEIN_RESPONSE	Figure 3; SourceData_Figure3_Protein.tsv	Interpret as the displayed primary plasma-protein mortality association.	Do not claim that Figure 3 asterisks encode PH or global-intensity robustness.
C0145	Results	Protein core pathways	D3 Hypoxia center_primary mortality-association enrichment	1.65393	NES	positive	""	BH-FDR=0.031356	protein.D3_center_primary.HYPOXIA.NES;protein.D3_center_primary.HYPOXIA.padj	outputs/SIC_reanalysis_2026-07-11/02_Protein/03_Protein_Hallmark_all_models.csv	analysis/pathway=D3_center_primary/HYPOXIA	Figure 3; SourceData_Figure3_Protein.tsv	Interpret as the displayed primary plasma-protein mortality association.	Do not claim that Figure 3 asterisks encode PH or global-intensity robustness.
C0146	Results	Protein core pathways	D3 Glycolysis center_primary mortality-association enrichment	1.18588	NES	positive	""	BH-FDR=0.386888	protein.D3_center_primary.GLYCOLYSIS.NES;protein.D3_center_primary.GLYCOLYSIS.padj	outputs/SIC_reanalysis_2026-07-11/02_Protein/03_Protein_Hallmark_all_models.csv	analysis/pathway=D3_center_primary/GLYCOLYSIS	Figure 3; SourceData_Figure3_Protein.tsv	Interpret as the displayed primary plasma-protein mortality association.	Do not claim that Figure 3 asterisks encode PH or global-intensity robustness.
C0147	Results	Protein core pathways	D3 Fatty acid metabolism center_primary mortality-association enrichment	 1.1809	NES	positive	""	BH-FDR=0.386888	protein.D3_center_primary.FATTY_ACID_METABOLISM.NES;protein.D3_center_primary.FATTY_ACID_METABOLISM.padj	outputs/SIC_reanalysis_2026-07-11/02_Protein/03_Protein_Hallmark_all_models.csv	analysis/pathway=D3_center_primary/FATTY_ACID_METABOLISM	Figure 3; SourceData_Figure3_Protein.tsv	Interpret as the displayed primary plasma-protein mortality association.	Do not claim that Figure 3 asterisks encode PH or global-intensity robustness.
C0148	Results	Protein core pathways	D3 Oxidative phosphorylation center_primary mortality-association enrichment	-1.56775	NES	negative	""	BH-FDR=0.0315955	protein.D3_center_primary.OXIDATIVE_PHOSPHORYLATION.NES;protein.D3_center_primary.OXIDATIVE_PHOSPHORYLATION.padj	outputs/SIC_reanalysis_2026-07-11/02_Protein/03_Protein_Hallmark_all_models.csv	analysis/pathway=D3_center_primary/OXIDATIVE_PHOSPHORYLATION	Figure 3; SourceData_Figure3_Protein.tsv	Interpret as the displayed primary plasma-protein mortality association.	Do not claim that Figure 3 asterisks encode PH or global-intensity robustness.
C0149	Results	Protein core pathways	D3 MYC targets V1 center_primary mortality-association enrichment	 1.1937	NES	positive	""	BH-FDR=0.341687	protein.D3_center_primary.MYC_TARGETS_V1.NES;protein.D3_center_primary.MYC_TARGETS_V1.padj	outputs/SIC_reanalysis_2026-07-11/02_Protein/03_Protein_Hallmark_all_models.csv	analysis/pathway=D3_center_primary/MYC_TARGETS_V1	Figure 3; SourceData_Figure3_Protein.tsv	Interpret as the displayed primary plasma-protein mortality association.	Do not claim that Figure 3 asterisks encode PH or global-intensity robustness.
C0150	Results	Protein core pathways	D3 mTORC1 signaling center_primary mortality-association enrichment	-0.921951	NES	negative	""	BH-FDR=0.806345	protein.D3_center_primary.MTORC1_SIGNALING.NES;protein.D3_center_primary.MTORC1_SIGNALING.padj	outputs/SIC_reanalysis_2026-07-11/02_Protein/03_Protein_Hallmark_all_models.csv	analysis/pathway=D3_center_primary/MTORC1_SIGNALING	Figure 3; SourceData_Figure3_Protein.tsv	Interpret as the displayed primary plasma-protein mortality association.	Do not claim that Figure 3 asterisks encode PH or global-intensity robustness.
C0151	Results	Protein core pathways	D3 Protein secretion center_primary mortality-association enrichment	-1.61421	NES	negative	""	BH-FDR=0.0315955	protein.D3_center_primary.PROTEIN_SECRETION.NES;protein.D3_center_primary.PROTEIN_SECRETION.padj	outputs/SIC_reanalysis_2026-07-11/02_Protein/03_Protein_Hallmark_all_models.csv	analysis/pathway=D3_center_primary/PROTEIN_SECRETION	Figure 3; SourceData_Figure3_Protein.tsv	Interpret as the displayed primary plasma-protein mortality association.	Do not claim that Figure 3 asterisks encode PH or global-intensity robustness.
C0152	Results	Protein core pathways	D3 Complement center_primary mortality-association enrichment	-1.64726	NES	negative	""	BH-FDR=0.0274704	protein.D3_center_primary.COMPLEMENT.NES;protein.D3_center_primary.COMPLEMENT.padj	outputs/SIC_reanalysis_2026-07-11/02_Protein/03_Protein_Hallmark_all_models.csv	analysis/pathway=D3_center_primary/COMPLEMENT	Figure 3; SourceData_Figure3_Protein.tsv	Interpret as the displayed primary plasma-protein mortality association.	Do not claim that Figure 3 asterisks encode PH or global-intensity robustness.
C0153	Results	Protein core pathways	D3 Epithelial–mesenchymal transition center_primary mortality-association enrichment	 2.3834	NES	positive	""	BH-FDR=0.0000000586146	protein.D3_center_primary.EPITHELIAL_MESENCHYMAL_TRANSITION.NES;protein.D3_center_primary.EPITHELIAL_MESENCHYMAL_TRANSITION.padj	outputs/SIC_reanalysis_2026-07-11/02_Protein/03_Protein_Hallmark_all_models.csv	analysis/pathway=D3_center_primary/EPITHELIAL_MESENCHYMAL_TRANSITION	Figure 3; SourceData_Figure3_Protein.tsv	Interpret as the displayed primary plasma-protein mortality association.	Do not claim that Figure 3 asterisks encode PH or global-intensity robustness.
C0154	Results	Protein core pathways	D3 Myogenesis center_primary mortality-association enrichment	2.04995	NES	positive	""	BH-FDR=0.000350436	protein.D3_center_primary.MYOGENESIS.NES;protein.D3_center_primary.MYOGENESIS.padj	outputs/SIC_reanalysis_2026-07-11/02_Protein/03_Protein_Hallmark_all_models.csv	analysis/pathway=D3_center_primary/MYOGENESIS	Figure 3; SourceData_Figure3_Protein.tsv	Interpret as the displayed primary plasma-protein mortality association.	Do not claim that Figure 3 asterisks encode PH or global-intensity robustness.
C0155	Results	Protein core pathways	D3 Unfolded protein response center_primary mortality-association enrichment	1.15209	NES	positive	""	BH-FDR=0.386888	protein.D3_center_primary.UNFOLDED_PROTEIN_RESPONSE.NES;protein.D3_center_primary.UNFOLDED_PROTEIN_RESPONSE.padj	outputs/SIC_reanalysis_2026-07-11/02_Protein/03_Protein_Hallmark_all_models.csv	analysis/pathway=D3_center_primary/UNFOLDED_PROTEIN_RESPONSE	Figure 3; SourceData_Figure3_Protein.tsv	Interpret as the displayed primary plasma-protein mortality association.	Do not claim that Figure 3 asterisks encode PH or global-intensity robustness.
C0156	Results	Protein core pathways	D5 Hypoxia center_primary mortality-association enrichment	1.34272	NES	positive	""	BH-FDR=0.341205	protein.D5_center_primary.HYPOXIA.NES;protein.D5_center_primary.HYPOXIA.padj	outputs/SIC_reanalysis_2026-07-11/02_Protein/03_Protein_Hallmark_all_models.csv	analysis/pathway=D5_center_primary/HYPOXIA	Figure 3; SourceData_Figure3_Protein.tsv	Interpret as the displayed primary plasma-protein mortality association.	Do not claim that Figure 3 asterisks encode PH or global-intensity robustness.
C0157	Results	Protein core pathways	D5 Glycolysis center_primary mortality-association enrichment	1.17759	NES	positive	""	BH-FDR=0.478417	protein.D5_center_primary.GLYCOLYSIS.NES;protein.D5_center_primary.GLYCOLYSIS.padj	outputs/SIC_reanalysis_2026-07-11/02_Protein/03_Protein_Hallmark_all_models.csv	analysis/pathway=D5_center_primary/GLYCOLYSIS	Figure 3; SourceData_Figure3_Protein.tsv	Interpret as the displayed primary plasma-protein mortality association.	Do not claim that Figure 3 asterisks encode PH or global-intensity robustness.
C0158	Results	Protein core pathways	D5 Fatty acid metabolism center_primary mortality-association enrichment	0.804893	NES	positive	""	BH-FDR=0.923287	protein.D5_center_primary.FATTY_ACID_METABOLISM.NES;protein.D5_center_primary.FATTY_ACID_METABOLISM.padj	outputs/SIC_reanalysis_2026-07-11/02_Protein/03_Protein_Hallmark_all_models.csv	analysis/pathway=D5_center_primary/FATTY_ACID_METABOLISM	Figure 3; SourceData_Figure3_Protein.tsv	Interpret as the displayed primary plasma-protein mortality association.	Do not claim that Figure 3 asterisks encode PH or global-intensity robustness.
C0159	Results	Protein core pathways	D5 Oxidative phosphorylation center_primary mortality-association enrichment	1.21223	NES	positive	""	BH-FDR=0.478417	protein.D5_center_primary.OXIDATIVE_PHOSPHORYLATION.NES;protein.D5_center_primary.OXIDATIVE_PHOSPHORYLATION.padj	outputs/SIC_reanalysis_2026-07-11/02_Protein/03_Protein_Hallmark_all_models.csv	analysis/pathway=D5_center_primary/OXIDATIVE_PHOSPHORYLATION	Figure 3; SourceData_Figure3_Protein.tsv	Interpret as the displayed primary plasma-protein mortality association.	Do not claim that Figure 3 asterisks encode PH or global-intensity robustness.
C0160	Results	Protein core pathways	D5 MYC targets V1 center_primary mortality-association enrichment	0.991234	NES	positive	""	BH-FDR=0.755991	protein.D5_center_primary.MYC_TARGETS_V1.NES;protein.D5_center_primary.MYC_TARGETS_V1.padj	outputs/SIC_reanalysis_2026-07-11/02_Protein/03_Protein_Hallmark_all_models.csv	analysis/pathway=D5_center_primary/MYC_TARGETS_V1	Figure 3; SourceData_Figure3_Protein.tsv	Interpret as the displayed primary plasma-protein mortality association.	Do not claim that Figure 3 asterisks encode PH or global-intensity robustness.
C0161	Results	Protein core pathways	D5 mTORC1 signaling center_primary mortality-association enrichment	0.859501	NES	positive	""	BH-FDR=0.913256	protein.D5_center_primary.MTORC1_SIGNALING.NES;protein.D5_center_primary.MTORC1_SIGNALING.padj	outputs/SIC_reanalysis_2026-07-11/02_Protein/03_Protein_Hallmark_all_models.csv	analysis/pathway=D5_center_primary/MTORC1_SIGNALING	Figure 3; SourceData_Figure3_Protein.tsv	Interpret as the displayed primary plasma-protein mortality association.	Do not claim that Figure 3 asterisks encode PH or global-intensity robustness.
C0162	Results	Protein core pathways	D5 Protein secretion center_primary mortality-association enrichment	1.03988	NES	positive	""	BH-FDR=0.649759	protein.D5_center_primary.PROTEIN_SECRETION.NES;protein.D5_center_primary.PROTEIN_SECRETION.padj	outputs/SIC_reanalysis_2026-07-11/02_Protein/03_Protein_Hallmark_all_models.csv	analysis/pathway=D5_center_primary/PROTEIN_SECRETION	Figure 3; SourceData_Figure3_Protein.tsv	Interpret as the displayed primary plasma-protein mortality association.	Do not claim that Figure 3 asterisks encode PH or global-intensity robustness.
C0163	Results	Protein core pathways	D5 Complement center_primary mortality-association enrichment	0.694033	NES	positive	""	BH-FDR=0.981716	protein.D5_center_primary.COMPLEMENT.NES;protein.D5_center_primary.COMPLEMENT.padj	outputs/SIC_reanalysis_2026-07-11/02_Protein/03_Protein_Hallmark_all_models.csv	analysis/pathway=D5_center_primary/COMPLEMENT	Figure 3; SourceData_Figure3_Protein.tsv	Interpret as the displayed primary plasma-protein mortality association.	Do not claim that Figure 3 asterisks encode PH or global-intensity robustness.
C0164	Results	Protein core pathways	D5 Epithelial–mesenchymal transition center_primary mortality-association enrichment	1.93786	NES	positive	""	BH-FDR=0.00000567226	protein.D5_center_primary.EPITHELIAL_MESENCHYMAL_TRANSITION.NES;protein.D5_center_primary.EPITHELIAL_MESENCHYMAL_TRANSITION.padj	outputs/SIC_reanalysis_2026-07-11/02_Protein/03_Protein_Hallmark_all_models.csv	analysis/pathway=D5_center_primary/EPITHELIAL_MESENCHYMAL_TRANSITION	Figure 3; SourceData_Figure3_Protein.tsv	Interpret as the displayed primary plasma-protein mortality association.	Do not claim that Figure 3 asterisks encode PH or global-intensity robustness.
C0165	Results	Protein core pathways	D5 Myogenesis center_primary mortality-association enrichment	1.09922	NES	positive	""	BH-FDR=0.554159	protein.D5_center_primary.MYOGENESIS.NES;protein.D5_center_primary.MYOGENESIS.padj	outputs/SIC_reanalysis_2026-07-11/02_Protein/03_Protein_Hallmark_all_models.csv	analysis/pathway=D5_center_primary/MYOGENESIS	Figure 3; SourceData_Figure3_Protein.tsv	Interpret as the displayed primary plasma-protein mortality association.	Do not claim that Figure 3 asterisks encode PH or global-intensity robustness.
C0166	Results	Protein core pathways	D5 Unfolded protein response center_primary mortality-association enrichment	  1.318	NES	positive	""	BH-FDR=0.422907	protein.D5_center_primary.UNFOLDED_PROTEIN_RESPONSE.NES;protein.D5_center_primary.UNFOLDED_PROTEIN_RESPONSE.padj	outputs/SIC_reanalysis_2026-07-11/02_Protein/03_Protein_Hallmark_all_models.csv	analysis/pathway=D5_center_primary/UNFOLDED_PROTEIN_RESPONSE	Figure 3; SourceData_Figure3_Protein.tsv	Interpret as the displayed primary plasma-protein mortality association.	Do not claim that Figure 3 asterisks encode PH or global-intensity robustness.
C0167	Results	Same-time cross-omics	D1 Apical junction same-time RNA–protein association	0.219717	partial Spearman rho	positive	""	BH-FDR=0.0105361	cross.same.D1.APICAL_JUNCTION.partial_rho;cross.same.D1.APICAL_JUNCTION.FDR	outputs/SIC_reanalysis_2026-07-11/03_CrossOmics/04_same_time_RNA_Protein_partial_spearman.csv	Time/pathway=D1/APICAL_JUNCTION	Figure 4a; SourceData_Figure4A_same_time.tsv	Interpret as adjusted contemporaneous cross-compartment association.	Do not interpret as mortality association, causality or translation lag.
C0168	Results	Same-time cross-omics	D1 Coagulation same-time RNA–protein association	0.0156736	partial Spearman rho	positive	""	BH-FDR=0.900205	cross.same.D1.COAGULATION.partial_rho;cross.same.D1.COAGULATION.FDR	outputs/SIC_reanalysis_2026-07-11/03_CrossOmics/04_same_time_RNA_Protein_partial_spearman.csv	Time/pathway=D1/COAGULATION	Figure 4a; SourceData_Figure4A_same_time.tsv	Interpret as adjusted contemporaneous cross-compartment association.	Do not interpret as mortality association, causality or translation lag.
C0169	Results	Same-time cross-omics	D1 Complement same-time RNA–protein association	0.151925	partial Spearman rho	positive	""	BH-FDR=0.0924564	cross.same.D1.COMPLEMENT.partial_rho;cross.same.D1.COMPLEMENT.FDR	outputs/SIC_reanalysis_2026-07-11/03_CrossOmics/04_same_time_RNA_Protein_partial_spearman.csv	Time/pathway=D1/COMPLEMENT	Figure 4a; SourceData_Figure4A_same_time.tsv	Interpret as adjusted contemporaneous cross-compartment association.	Do not interpret as mortality association, causality or translation lag.
C0170	Results	Same-time cross-omics	D1 Epithelial–mesenchymal transition same-time RNA–protein association	0.141301	partial Spearman rho	positive	""	BH-FDR=0.112841	cross.same.D1.EPITHELIAL_MESENCHYMAL_TRANSITION.partial_rho;cross.same.D1.EPITHELIAL_MESENCHYMAL_TRANSITION.FDR	outputs/SIC_reanalysis_2026-07-11/03_CrossOmics/04_same_time_RNA_Protein_partial_spearman.csv	Time/pathway=D1/EPITHELIAL_MESENCHYMAL_TRANSITION	Figure 4a; SourceData_Figure4A_same_time.tsv	Interpret as adjusted contemporaneous cross-compartment association.	Do not interpret as mortality association, causality or translation lag.
C0171	Results	Same-time cross-omics	D1 Glycolysis same-time RNA–protein association	0.0799905	partial Spearman rho	positive	""	BH-FDR=0.412743	cross.same.D1.GLYCOLYSIS.partial_rho;cross.same.D1.GLYCOLYSIS.FDR	outputs/SIC_reanalysis_2026-07-11/03_CrossOmics/04_same_time_RNA_Protein_partial_spearman.csv	Time/pathway=D1/GLYCOLYSIS	Figure 4a; SourceData_Figure4A_same_time.tsv	Interpret as adjusted contemporaneous cross-compartment association.	Do not interpret as mortality association, causality or translation lag.
C0172	Results	Same-time cross-omics	D1 Heme metabolism same-time RNA–protein association	0.0702062	partial Spearman rho	positive	""	BH-FDR=0.457297	cross.same.D1.HEME_METABOLISM.partial_rho;cross.same.D1.HEME_METABOLISM.FDR	outputs/SIC_reanalysis_2026-07-11/03_CrossOmics/04_same_time_RNA_Protein_partial_spearman.csv	Time/pathway=D1/HEME_METABOLISM	Figure 4a; SourceData_Figure4A_same_time.tsv	Interpret as adjusted contemporaneous cross-compartment association.	Do not interpret as mortality association, causality or translation lag.
C0173	Results	Same-time cross-omics	D1 Hypoxia same-time RNA–protein association	0.285977	partial Spearman rho	positive	""	BH-FDR=0.000857049	cross.same.D1.HYPOXIA.partial_rho;cross.same.D1.HYPOXIA.FDR	outputs/SIC_reanalysis_2026-07-11/03_CrossOmics/04_same_time_RNA_Protein_partial_spearman.csv	Time/pathway=D1/HYPOXIA	Figure 4a; SourceData_Figure4A_same_time.tsv	Interpret as adjusted contemporaneous cross-compartment association.	Do not interpret as mortality association, causality or translation lag.
C0174	Results	Same-time cross-omics	D1 IL-6/JAK/STAT3 signaling same-time RNA–protein association	0.157721	partial Spearman rho	positive	""	BH-FDR=0.0882177	cross.same.D1.IL6_JAK_STAT3_SIGNALING.partial_rho;cross.same.D1.IL6_JAK_STAT3_SIGNALING.FDR	outputs/SIC_reanalysis_2026-07-11/03_CrossOmics/04_same_time_RNA_Protein_partial_spearman.csv	Time/pathway=D1/IL6_JAK_STAT3_SIGNALING	Figure 4a; SourceData_Figure4A_same_time.tsv	Interpret as adjusted contemporaneous cross-compartment association.	Do not interpret as mortality association, causality or translation lag.
C0175	Results	Same-time cross-omics	D1 Inflammatory response same-time RNA–protein association	0.253026	partial Spearman rho	positive	""	BH-FDR=0.00280772	cross.same.D1.INFLAMMATORY_RESPONSE.partial_rho;cross.same.D1.INFLAMMATORY_RESPONSE.FDR	outputs/SIC_reanalysis_2026-07-11/03_CrossOmics/04_same_time_RNA_Protein_partial_spearman.csv	Time/pathway=D1/INFLAMMATORY_RESPONSE	Figure 4a; SourceData_Figure4A_same_time.tsv	Interpret as adjusted contemporaneous cross-compartment association.	Do not interpret as mortality association, causality or translation lag.
C0176	Results	Same-time cross-omics	D1 IFN-α response same-time RNA–protein association	0.516496	partial Spearman rho	positive	""	BH-FDR=0.0000000000115462	cross.same.D1.INTERFERON_ALPHA_RESPONSE.partial_rho;cross.same.D1.INTERFERON_ALPHA_RESPONSE.FDR	outputs/SIC_reanalysis_2026-07-11/03_CrossOmics/04_same_time_RNA_Protein_partial_spearman.csv	Time/pathway=D1/INTERFERON_ALPHA_RESPONSE	Figure 4a; SourceData_Figure4A_same_time.tsv	Interpret as adjusted contemporaneous cross-compartment association.	Do not interpret as mortality association, causality or translation lag.
C0177	Results	Same-time cross-omics	D1 IFN-γ response same-time RNA–protein association	0.492301	partial Spearman rho	positive	""	BH-FDR=0.0000000000915639	cross.same.D1.INTERFERON_GAMMA_RESPONSE.partial_rho;cross.same.D1.INTERFERON_GAMMA_RESPONSE.FDR	outputs/SIC_reanalysis_2026-07-11/03_CrossOmics/04_same_time_RNA_Protein_partial_spearman.csv	Time/pathway=D1/INTERFERON_GAMMA_RESPONSE	Figure 4a; SourceData_Figure4A_same_time.tsv	Interpret as adjusted contemporaneous cross-compartment association.	Do not interpret as mortality association, causality or translation lag.
C0178	Results	Same-time cross-omics	D1 Oxidative phosphorylation same-time RNA–protein association	-0.0527483	partial Spearman rho	negative	""	BH-FDR=0.573574	cross.same.D1.OXIDATIVE_PHOSPHORYLATION.partial_rho;cross.same.D1.OXIDATIVE_PHOSPHORYLATION.FDR	outputs/SIC_reanalysis_2026-07-11/03_CrossOmics/04_same_time_RNA_Protein_partial_spearman.csv	Time/pathway=D1/OXIDATIVE_PHOSPHORYLATION	Figure 4a; SourceData_Figure4A_same_time.tsv	Interpret as adjusted contemporaneous cross-compartment association.	Do not interpret as mortality association, causality or translation lag.
C0179	Results	Same-time cross-omics	D1 Reactive oxygen species pathway same-time RNA–protein association	-0.000566914	partial Spearman rho	negative	""	BH-FDR=0.994181	cross.same.D1.REACTIVE_OXYGEN_SPECIES_PATHWAY.partial_rho;cross.same.D1.REACTIVE_OXYGEN_SPECIES_PATHWAY.FDR	outputs/SIC_reanalysis_2026-07-11/03_CrossOmics/04_same_time_RNA_Protein_partial_spearman.csv	Time/pathway=D1/REACTIVE_OXYGEN_SPECIES_PATHWAY	Figure 4a; SourceData_Figure4A_same_time.tsv	Interpret as adjusted contemporaneous cross-compartment association.	Do not interpret as mortality association, causality or translation lag.
C0180	Results	Same-time cross-omics	D1 Tgf beta signaling same-time RNA–protein association	0.137261	partial Spearman rho	positive	""	BH-FDR=0.114036	cross.same.D1.TGF_BETA_SIGNALING.partial_rho;cross.same.D1.TGF_BETA_SIGNALING.FDR	outputs/SIC_reanalysis_2026-07-11/03_CrossOmics/04_same_time_RNA_Protein_partial_spearman.csv	Time/pathway=D1/TGF_BETA_SIGNALING	Figure 4a; SourceData_Figure4A_same_time.tsv	Interpret as adjusted contemporaneous cross-compartment association.	Do not interpret as mortality association, causality or translation lag.
C0181	Results	Same-time cross-omics	D1 TNF-α signaling via NF-κB same-time RNA–protein association	0.259545	partial Spearman rho	positive	""	BH-FDR=0.00255125	cross.same.D1.TNFA_SIGNALING_VIA_NFKB.partial_rho;cross.same.D1.TNFA_SIGNALING_VIA_NFKB.FDR	outputs/SIC_reanalysis_2026-07-11/03_CrossOmics/04_same_time_RNA_Protein_partial_spearman.csv	Time/pathway=D1/TNFA_SIGNALING_VIA_NFKB	Figure 4a; SourceData_Figure4A_same_time.tsv	Interpret as adjusted contemporaneous cross-compartment association.	Do not interpret as mortality association, causality or translation lag.
C0182	Results	Same-time cross-omics	D3 Apical junction same-time RNA–protein association	0.0673539	partial Spearman rho	positive	""	BH-FDR=0.813518	cross.same.D3.APICAL_JUNCTION.partial_rho;cross.same.D3.APICAL_JUNCTION.FDR	outputs/SIC_reanalysis_2026-07-11/03_CrossOmics/04_same_time_RNA_Protein_partial_spearman.csv	Time/pathway=D3/APICAL_JUNCTION	Figure 4a; SourceData_Figure4A_same_time.tsv	Interpret as adjusted contemporaneous cross-compartment association.	Do not interpret as mortality association, causality or translation lag.
C0183	Results	Same-time cross-omics	D3 Coagulation same-time RNA–protein association	-0.0297082	partial Spearman rho	negative	""	BH-FDR=0.83508	cross.same.D3.COAGULATION.partial_rho;cross.same.D3.COAGULATION.FDR	outputs/SIC_reanalysis_2026-07-11/03_CrossOmics/04_same_time_RNA_Protein_partial_spearman.csv	Time/pathway=D3/COAGULATION	Figure 4a; SourceData_Figure4A_same_time.tsv	Interpret as adjusted contemporaneous cross-compartment association.	Do not interpret as mortality association, causality or translation lag.
C0184	Results	Same-time cross-omics	D3 Complement same-time RNA–protein association	0.0582349	partial Spearman rho	positive	""	BH-FDR=0.813518	cross.same.D3.COMPLEMENT.partial_rho;cross.same.D3.COMPLEMENT.FDR	outputs/SIC_reanalysis_2026-07-11/03_CrossOmics/04_same_time_RNA_Protein_partial_spearman.csv	Time/pathway=D3/COMPLEMENT	Figure 4a; SourceData_Figure4A_same_time.tsv	Interpret as adjusted contemporaneous cross-compartment association.	Do not interpret as mortality association, causality or translation lag.
C0185	Results	Same-time cross-omics	D3 Epithelial–mesenchymal transition same-time RNA–protein association	0.0616751	partial Spearman rho	positive	""	BH-FDR=0.813518	cross.same.D3.EPITHELIAL_MESENCHYMAL_TRANSITION.partial_rho;cross.same.D3.EPITHELIAL_MESENCHYMAL_TRANSITION.FDR	outputs/SIC_reanalysis_2026-07-11/03_CrossOmics/04_same_time_RNA_Protein_partial_spearman.csv	Time/pathway=D3/EPITHELIAL_MESENCHYMAL_TRANSITION	Figure 4a; SourceData_Figure4A_same_time.tsv	Interpret as adjusted contemporaneous cross-compartment association.	Do not interpret as mortality association, causality or translation lag.
C0186	Results	Same-time cross-omics	D3 Glycolysis same-time RNA–protein association	0.0420907	partial Spearman rho	positive	""	BH-FDR=0.83508	cross.same.D3.GLYCOLYSIS.partial_rho;cross.same.D3.GLYCOLYSIS.FDR	outputs/SIC_reanalysis_2026-07-11/03_CrossOmics/04_same_time_RNA_Protein_partial_spearman.csv	Time/pathway=D3/GLYCOLYSIS	Figure 4a; SourceData_Figure4A_same_time.tsv	Interpret as adjusted contemporaneous cross-compartment association.	Do not interpret as mortality association, causality or translation lag.
C0187	Results	Same-time cross-omics	D3 Heme metabolism same-time RNA–protein association	0.0112129	partial Spearman rho	positive	""	BH-FDR=0.893888	cross.same.D3.HEME_METABOLISM.partial_rho;cross.same.D3.HEME_METABOLISM.FDR	outputs/SIC_reanalysis_2026-07-11/03_CrossOmics/04_same_time_RNA_Protein_partial_spearman.csv	Time/pathway=D3/HEME_METABOLISM	Figure 4a; SourceData_Figure4A_same_time.tsv	Interpret as adjusted contemporaneous cross-compartment association.	Do not interpret as mortality association, causality or translation lag.
C0188	Results	Same-time cross-omics	D3 Hypoxia same-time RNA–protein association	0.0782252	partial Spearman rho	positive	""	BH-FDR=0.813518	cross.same.D3.HYPOXIA.partial_rho;cross.same.D3.HYPOXIA.FDR	outputs/SIC_reanalysis_2026-07-11/03_CrossOmics/04_same_time_RNA_Protein_partial_spearman.csv	Time/pathway=D3/HYPOXIA	Figure 4a; SourceData_Figure4A_same_time.tsv	Interpret as adjusted contemporaneous cross-compartment association.	Do not interpret as mortality association, causality or translation lag.
C0189	Results	Same-time cross-omics	D3 IL-6/JAK/STAT3 signaling same-time RNA–protein association	0.204276	partial Spearman rho	positive	""	BH-FDR=0.0702652	cross.same.D3.IL6_JAK_STAT3_SIGNALING.partial_rho;cross.same.D3.IL6_JAK_STAT3_SIGNALING.FDR	outputs/SIC_reanalysis_2026-07-11/03_CrossOmics/04_same_time_RNA_Protein_partial_spearman.csv	Time/pathway=D3/IL6_JAK_STAT3_SIGNALING	Figure 4a; SourceData_Figure4A_same_time.tsv	Interpret as adjusted contemporaneous cross-compartment association.	Do not interpret as mortality association, causality or translation lag.
C0190	Results	Same-time cross-omics	D3 Inflammatory response same-time RNA–protein association	0.173435	partial Spearman rho	positive	""	BH-FDR=0.128156	cross.same.D3.INFLAMMATORY_RESPONSE.partial_rho;cross.same.D3.INFLAMMATORY_RESPONSE.FDR	outputs/SIC_reanalysis_2026-07-11/03_CrossOmics/04_same_time_RNA_Protein_partial_spearman.csv	Time/pathway=D3/INFLAMMATORY_RESPONSE	Figure 4a; SourceData_Figure4A_same_time.tsv	Interpret as adjusted contemporaneous cross-compartment association.	Do not interpret as mortality association, causality or translation lag.
C0191	Results	Same-time cross-omics	D3 IFN-α response same-time RNA–protein association	0.325818	partial Spearman rho	positive	""	BH-FDR=0.000506021	cross.same.D3.INTERFERON_ALPHA_RESPONSE.partial_rho;cross.same.D3.INTERFERON_ALPHA_RESPONSE.FDR	outputs/SIC_reanalysis_2026-07-11/03_CrossOmics/04_same_time_RNA_Protein_partial_spearman.csv	Time/pathway=D3/INTERFERON_ALPHA_RESPONSE	Figure 4a; SourceData_Figure4A_same_time.tsv	Interpret as adjusted contemporaneous cross-compartment association.	Do not interpret as mortality association, causality or translation lag.
C0192	Results	Same-time cross-omics	D3 IFN-γ response same-time RNA–protein association	0.332027	partial Spearman rho	positive	""	BH-FDR=0.000506021	cross.same.D3.INTERFERON_GAMMA_RESPONSE.partial_rho;cross.same.D3.INTERFERON_GAMMA_RESPONSE.FDR	outputs/SIC_reanalysis_2026-07-11/03_CrossOmics/04_same_time_RNA_Protein_partial_spearman.csv	Time/pathway=D3/INTERFERON_GAMMA_RESPONSE	Figure 4a; SourceData_Figure4A_same_time.tsv	Interpret as adjusted contemporaneous cross-compartment association.	Do not interpret as mortality association, causality or translation lag.
C0193	Results	Same-time cross-omics	D3 Oxidative phosphorylation same-time RNA–protein association	-0.0397516	partial Spearman rho	negative	""	BH-FDR=0.83508	cross.same.D3.OXIDATIVE_PHOSPHORYLATION.partial_rho;cross.same.D3.OXIDATIVE_PHOSPHORYLATION.FDR	outputs/SIC_reanalysis_2026-07-11/03_CrossOmics/04_same_time_RNA_Protein_partial_spearman.csv	Time/pathway=D3/OXIDATIVE_PHOSPHORYLATION	Figure 4a; SourceData_Figure4A_same_time.tsv	Interpret as adjusted contemporaneous cross-compartment association.	Do not interpret as mortality association, causality or translation lag.
C0194	Results	Same-time cross-omics	D3 Reactive oxygen species pathway same-time RNA–protein association	0.0152681	partial Spearman rho	positive	""	BH-FDR=0.893888	cross.same.D3.REACTIVE_OXYGEN_SPECIES_PATHWAY.partial_rho;cross.same.D3.REACTIVE_OXYGEN_SPECIES_PATHWAY.FDR	outputs/SIC_reanalysis_2026-07-11/03_CrossOmics/04_same_time_RNA_Protein_partial_spearman.csv	Time/pathway=D3/REACTIVE_OXYGEN_SPECIES_PATHWAY	Figure 4a; SourceData_Figure4A_same_time.tsv	Interpret as adjusted contemporaneous cross-compartment association.	Do not interpret as mortality association, causality or translation lag.
C0195	Results	Same-time cross-omics	D3 Tgf beta signaling same-time RNA–protein association	0.0351258	partial Spearman rho	positive	""	BH-FDR=0.83508	cross.same.D3.TGF_BETA_SIGNALING.partial_rho;cross.same.D3.TGF_BETA_SIGNALING.FDR	outputs/SIC_reanalysis_2026-07-11/03_CrossOmics/04_same_time_RNA_Protein_partial_spearman.csv	Time/pathway=D3/TGF_BETA_SIGNALING	Figure 4a; SourceData_Figure4A_same_time.tsv	Interpret as adjusted contemporaneous cross-compartment association.	Do not interpret as mortality association, causality or translation lag.
C0196	Results	Same-time cross-omics	D3 TNF-α signaling via NF-κB same-time RNA–protein association	0.169126	partial Spearman rho	positive	""	BH-FDR=0.128156	cross.same.D3.TNFA_SIGNALING_VIA_NFKB.partial_rho;cross.same.D3.TNFA_SIGNALING_VIA_NFKB.FDR	outputs/SIC_reanalysis_2026-07-11/03_CrossOmics/04_same_time_RNA_Protein_partial_spearman.csv	Time/pathway=D3/TNFA_SIGNALING_VIA_NFKB	Figure 4a; SourceData_Figure4A_same_time.tsv	Interpret as adjusted contemporaneous cross-compartment association.	Do not interpret as mortality association, causality or translation lag.
C0197	Results	Same-time cross-omics	D5 Apical junction same-time RNA–protein association	0.0097118	partial Spearman rho	positive	""	BH-FDR=0.920164	cross.same.D5.APICAL_JUNCTION.partial_rho;cross.same.D5.APICAL_JUNCTION.FDR	outputs/SIC_reanalysis_2026-07-11/03_CrossOmics/04_same_time_RNA_Protein_partial_spearman.csv	Time/pathway=D5/APICAL_JUNCTION	Figure 4a; SourceData_Figure4A_same_time.tsv	Interpret as adjusted contemporaneous cross-compartment association.	Do not interpret as mortality association, causality or translation lag.
C0198	Results	Same-time cross-omics	D5 Coagulation same-time RNA–protein association	0.0812714	partial Spearman rho	positive	""	BH-FDR=0.75159	cross.same.D5.COAGULATION.partial_rho;cross.same.D5.COAGULATION.FDR	outputs/SIC_reanalysis_2026-07-11/03_CrossOmics/04_same_time_RNA_Protein_partial_spearman.csv	Time/pathway=D5/COAGULATION	Figure 4a; SourceData_Figure4A_same_time.tsv	Interpret as adjusted contemporaneous cross-compartment association.	Do not interpret as mortality association, causality or translation lag.
C0199	Results	Same-time cross-omics	D5 Complement same-time RNA–protein association	-0.144973	partial Spearman rho	negative	""	BH-FDR=0.497115	cross.same.D5.COMPLEMENT.partial_rho;cross.same.D5.COMPLEMENT.FDR	outputs/SIC_reanalysis_2026-07-11/03_CrossOmics/04_same_time_RNA_Protein_partial_spearman.csv	Time/pathway=D5/COMPLEMENT	Figure 4a; SourceData_Figure4A_same_time.tsv	Interpret as adjusted contemporaneous cross-compartment association.	Do not interpret as mortality association, causality or translation lag.
C0200	Results	Same-time cross-omics	D5 Epithelial–mesenchymal transition same-time RNA–protein association	0.114512	partial Spearman rho	positive	""	BH-FDR=0.589389	cross.same.D5.EPITHELIAL_MESENCHYMAL_TRANSITION.partial_rho;cross.same.D5.EPITHELIAL_MESENCHYMAL_TRANSITION.FDR	outputs/SIC_reanalysis_2026-07-11/03_CrossOmics/04_same_time_RNA_Protein_partial_spearman.csv	Time/pathway=D5/EPITHELIAL_MESENCHYMAL_TRANSITION	Figure 4a; SourceData_Figure4A_same_time.tsv	Interpret as adjusted contemporaneous cross-compartment association.	Do not interpret as mortality association, causality or translation lag.
C0201	Results	Same-time cross-omics	D5 Glycolysis same-time RNA–protein association	0.0119359	partial Spearman rho	positive	""	BH-FDR=0.920164	cross.same.D5.GLYCOLYSIS.partial_rho;cross.same.D5.GLYCOLYSIS.FDR	outputs/SIC_reanalysis_2026-07-11/03_CrossOmics/04_same_time_RNA_Protein_partial_spearman.csv	Time/pathway=D5/GLYCOLYSIS	Figure 4a; SourceData_Figure4A_same_time.tsv	Interpret as adjusted contemporaneous cross-compartment association.	Do not interpret as mortality association, causality or translation lag.
C0202	Results	Same-time cross-omics	D5 Heme metabolism same-time RNA–protein association	0.0418682	partial Spearman rho	positive	""	BH-FDR=0.907564	cross.same.D5.HEME_METABOLISM.partial_rho;cross.same.D5.HEME_METABOLISM.FDR	outputs/SIC_reanalysis_2026-07-11/03_CrossOmics/04_same_time_RNA_Protein_partial_spearman.csv	Time/pathway=D5/HEME_METABOLISM	Figure 4a; SourceData_Figure4A_same_time.tsv	Interpret as adjusted contemporaneous cross-compartment association.	Do not interpret as mortality association, causality or translation lag.
C0203	Results	Same-time cross-omics	D5 Hypoxia same-time RNA–protein association	0.0973774	partial Spearman rho	positive	""	BH-FDR=0.672382	cross.same.D5.HYPOXIA.partial_rho;cross.same.D5.HYPOXIA.FDR	outputs/SIC_reanalysis_2026-07-11/03_CrossOmics/04_same_time_RNA_Protein_partial_spearman.csv	Time/pathway=D5/HYPOXIA	Figure 4a; SourceData_Figure4A_same_time.tsv	Interpret as adjusted contemporaneous cross-compartment association.	Do not interpret as mortality association, causality or translation lag.
C0204	Results	Same-time cross-omics	D5 IL-6/JAK/STAT3 signaling same-time RNA–protein association	-0.0600778	partial Spearman rho	negative	""	BH-FDR=0.802333	cross.same.D5.IL6_JAK_STAT3_SIGNALING.partial_rho;cross.same.D5.IL6_JAK_STAT3_SIGNALING.FDR	outputs/SIC_reanalysis_2026-07-11/03_CrossOmics/04_same_time_RNA_Protein_partial_spearman.csv	Time/pathway=D5/IL6_JAK_STAT3_SIGNALING	Figure 4a; SourceData_Figure4A_same_time.tsv	Interpret as adjusted contemporaneous cross-compartment association.	Do not interpret as mortality association, causality or translation lag.
C0205	Results	Same-time cross-omics	D5 Inflammatory response same-time RNA–protein association	0.0139005	partial Spearman rho	positive	""	BH-FDR=0.920164	cross.same.D5.INFLAMMATORY_RESPONSE.partial_rho;cross.same.D5.INFLAMMATORY_RESPONSE.FDR	outputs/SIC_reanalysis_2026-07-11/03_CrossOmics/04_same_time_RNA_Protein_partial_spearman.csv	Time/pathway=D5/INFLAMMATORY_RESPONSE	Figure 4a; SourceData_Figure4A_same_time.tsv	Interpret as adjusted contemporaneous cross-compartment association.	Do not interpret as mortality association, causality or translation lag.
C0206	Results	Same-time cross-omics	D5 IFN-α response same-time RNA–protein association	0.393939	partial Spearman rho	positive	""	BH-FDR=0.000321893	cross.same.D5.INTERFERON_ALPHA_RESPONSE.partial_rho;cross.same.D5.INTERFERON_ALPHA_RESPONSE.FDR	outputs/SIC_reanalysis_2026-07-11/03_CrossOmics/04_same_time_RNA_Protein_partial_spearman.csv	Time/pathway=D5/INTERFERON_ALPHA_RESPONSE	Figure 4a; SourceData_Figure4A_same_time.tsv	Interpret as adjusted contemporaneous cross-compartment association.	Do not interpret as mortality association, causality or translation lag.
C0207	Results	Same-time cross-omics	D5 IFN-γ response same-time RNA–protein association	0.291085	partial Spearman rho	positive	""	BH-FDR=0.0106755	cross.same.D5.INTERFERON_GAMMA_RESPONSE.partial_rho;cross.same.D5.INTERFERON_GAMMA_RESPONSE.FDR	outputs/SIC_reanalysis_2026-07-11/03_CrossOmics/04_same_time_RNA_Protein_partial_spearman.csv	Time/pathway=D5/INTERFERON_GAMMA_RESPONSE	Figure 4a; SourceData_Figure4A_same_time.tsv	Interpret as adjusted contemporaneous cross-compartment association.	Do not interpret as mortality association, causality or translation lag.
C0208	Results	Same-time cross-omics	D5 Oxidative phosphorylation same-time RNA–protein association	-0.0671578	partial Spearman rho	negative	""	BH-FDR=0.802333	cross.same.D5.OXIDATIVE_PHOSPHORYLATION.partial_rho;cross.same.D5.OXIDATIVE_PHOSPHORYLATION.FDR	outputs/SIC_reanalysis_2026-07-11/03_CrossOmics/04_same_time_RNA_Protein_partial_spearman.csv	Time/pathway=D5/OXIDATIVE_PHOSPHORYLATION	Figure 4a; SourceData_Figure4A_same_time.tsv	Interpret as adjusted contemporaneous cross-compartment association.	Do not interpret as mortality association, causality or translation lag.
C0209	Results	Same-time cross-omics	D5 Reactive oxygen species pathway same-time RNA–protein association	-0.12883	partial Spearman rho	negative	""	BH-FDR=0.545546	cross.same.D5.REACTIVE_OXYGEN_SPECIES_PATHWAY.partial_rho;cross.same.D5.REACTIVE_OXYGEN_SPECIES_PATHWAY.FDR	outputs/SIC_reanalysis_2026-07-11/03_CrossOmics/04_same_time_RNA_Protein_partial_spearman.csv	Time/pathway=D5/REACTIVE_OXYGEN_SPECIES_PATHWAY	Figure 4a; SourceData_Figure4A_same_time.tsv	Interpret as adjusted contemporaneous cross-compartment association.	Do not interpret as mortality association, causality or translation lag.
C0210	Results	Same-time cross-omics	D5 Tgf beta signaling same-time RNA–protein association	0.0321286	partial Spearman rho	positive	""	BH-FDR=0.920164	cross.same.D5.TGF_BETA_SIGNALING.partial_rho;cross.same.D5.TGF_BETA_SIGNALING.FDR	outputs/SIC_reanalysis_2026-07-11/03_CrossOmics/04_same_time_RNA_Protein_partial_spearman.csv	Time/pathway=D5/TGF_BETA_SIGNALING	Figure 4a; SourceData_Figure4A_same_time.tsv	Interpret as adjusted contemporaneous cross-compartment association.	Do not interpret as mortality association, causality or translation lag.
C0211	Results	Same-time cross-omics	D5 TNF-α signaling via NF-κB same-time RNA–protein association	0.381346	partial Spearman rho	positive	""	BH-FDR=0.000321893	cross.same.D5.TNFA_SIGNALING_VIA_NFKB.partial_rho;cross.same.D5.TNFA_SIGNALING_VIA_NFKB.FDR	outputs/SIC_reanalysis_2026-07-11/03_CrossOmics/04_same_time_RNA_Protein_partial_spearman.csv	Time/pathway=D5/TNFA_SIGNALING_VIA_NFKB	Figure 4a; SourceData_Figure4A_same_time.tsv	Interpret as adjusted contemporaneous cross-compartment association.	Do not interpret as mortality association, causality or translation lag.
C0212	Results	Forward cross-omics	RNA D1 to Protein D3 Apical junction	-0.00421214	standardized coefficient	negative	[-0.269885, 0.261461]	BH-FDR=0.975255	cross.forward.RNA.D1.to.Protein.D3.APICAL_JUNCTION.beta;cross.forward.RNA.D1.to.Protein.D3.APICAL_JUNCTION.lower95;cross.forward.RNA.D1.to.Protein.D3.APICAL_JUNCTION.upper95;cross.forward.RNA.D1.to.Protein.D3.APICAL_JUNCTION.FDR	outputs/SIC_reanalysis_2026-07-11/03_CrossOmics/05_forward_cross_lag_HC3.csv	Direction/pathway=RNA D1 to Protein D3/APICAL_JUNCTION	Figure 4b	Interpret as adjusted forward temporal cross-compartment association.	Do not infer causal transfer, mediation or translation lag.
C0213	Results	Forward cross-omics	RNA D1 to Protein D3 Coagulation	-0.0835919	standardized coefficient	negative	[-0.235725, 0.0685416]	BH-FDR=0.708489	cross.forward.RNA.D1.to.Protein.D3.COAGULATION.beta;cross.forward.RNA.D1.to.Protein.D3.COAGULATION.lower95;cross.forward.RNA.D1.to.Protein.D3.COAGULATION.upper95;cross.forward.RNA.D1.to.Protein.D3.COAGULATION.FDR	outputs/SIC_reanalysis_2026-07-11/03_CrossOmics/05_forward_cross_lag_HC3.csv	Direction/pathway=RNA D1 to Protein D3/COAGULATION	Figure 4b	Interpret as adjusted forward temporal cross-compartment association.	Do not infer causal transfer, mediation or translation lag.
C0214	Results	Forward cross-omics	RNA D1 to Protein D3 Complement	-0.192368	standardized coefficient	negative	[-0.481406, 0.0966695]	BH-FDR=0.582779	cross.forward.RNA.D1.to.Protein.D3.COMPLEMENT.beta;cross.forward.RNA.D1.to.Protein.D3.COMPLEMENT.lower95;cross.forward.RNA.D1.to.Protein.D3.COMPLEMENT.upper95;cross.forward.RNA.D1.to.Protein.D3.COMPLEMENT.FDR	outputs/SIC_reanalysis_2026-07-11/03_CrossOmics/05_forward_cross_lag_HC3.csv	Direction/pathway=RNA D1 to Protein D3/COMPLEMENT	Figure 4b	Interpret as adjusted forward temporal cross-compartment association.	Do not infer causal transfer, mediation or translation lag.
C0215	Results	Forward cross-omics	RNA D1 to Protein D3 Epithelial–mesenchymal transition	-0.0202576	standardized coefficient	negative	[-0.198062, 0.157547]	BH-FDR=0.885081	cross.forward.RNA.D1.to.Protein.D3.EPITHELIAL_MESENCHYMAL_TRANSITION.beta;cross.forward.RNA.D1.to.Protein.D3.EPITHELIAL_MESENCHYMAL_TRANSITION.lower95;cross.forward.RNA.D1.to.Protein.D3.EPITHELIAL_MESENCHYMAL_TRANSITION.upper95;cross.forward.RNA.D1.to.Protein.D3.EPITHELIAL_MESENCHYMAL_TRANSITION.FDR	outputs/SIC_reanalysis_2026-07-11/03_CrossOmics/05_forward_cross_lag_HC3.csv	Direction/pathway=RNA D1 to Protein D3/EPITHELIAL_MESENCHYMAL_TRANSITION	Figure 4b	Interpret as adjusted forward temporal cross-compartment association.	Do not infer causal transfer, mediation or translation lag.
C0216	Results	Forward cross-omics	RNA D1 to Protein D3 Glycolysis	-0.0398812	standardized coefficient	negative	[-0.182373, 0.10261]	BH-FDR=0.866494	cross.forward.RNA.D1.to.Protein.D3.GLYCOLYSIS.beta;cross.forward.RNA.D1.to.Protein.D3.GLYCOLYSIS.lower95;cross.forward.RNA.D1.to.Protein.D3.GLYCOLYSIS.upper95;cross.forward.RNA.D1.to.Protein.D3.GLYCOLYSIS.FDR	outputs/SIC_reanalysis_2026-07-11/03_CrossOmics/05_forward_cross_lag_HC3.csv	Direction/pathway=RNA D1 to Protein D3/GLYCOLYSIS	Figure 4b	Interpret as adjusted forward temporal cross-compartment association.	Do not infer causal transfer, mediation or translation lag.
C0217	Results	Forward cross-omics	RNA D1 to Protein D3 Heme metabolism	0.0691276	standardized coefficient	positive	[-0.115533, 0.253788]	BH-FDR=0.866494	cross.forward.RNA.D1.to.Protein.D3.HEME_METABOLISM.beta;cross.forward.RNA.D1.to.Protein.D3.HEME_METABOLISM.lower95;cross.forward.RNA.D1.to.Protein.D3.HEME_METABOLISM.upper95;cross.forward.RNA.D1.to.Protein.D3.HEME_METABOLISM.FDR	outputs/SIC_reanalysis_2026-07-11/03_CrossOmics/05_forward_cross_lag_HC3.csv	Direction/pathway=RNA D1 to Protein D3/HEME_METABOLISM	Figure 4b	Interpret as adjusted forward temporal cross-compartment association.	Do not infer causal transfer, mediation or translation lag.
C0218	Results	Forward cross-omics	RNA D1 to Protein D3 Hypoxia	-0.123786	standardized coefficient	negative	[-0.269653, 0.0220803]	BH-FDR=0.492683	cross.forward.RNA.D1.to.Protein.D3.HYPOXIA.beta;cross.forward.RNA.D1.to.Protein.D3.HYPOXIA.lower95;cross.forward.RNA.D1.to.Protein.D3.HYPOXIA.upper95;cross.forward.RNA.D1.to.Protein.D3.HYPOXIA.FDR	outputs/SIC_reanalysis_2026-07-11/03_CrossOmics/05_forward_cross_lag_HC3.csv	Direction/pathway=RNA D1 to Protein D3/HYPOXIA	Figure 4b	Interpret as adjusted forward temporal cross-compartment association.	Do not infer causal transfer, mediation or translation lag.
C0219	Results	Forward cross-omics	RNA D1 to Protein D3 IL-6/JAK/STAT3 signaling	0.054391	standardized coefficient	positive	[-0.169968, 0.27875]	BH-FDR=0.866494	cross.forward.RNA.D1.to.Protein.D3.IL6_JAK_STAT3_SIGNALING.beta;cross.forward.RNA.D1.to.Protein.D3.IL6_JAK_STAT3_SIGNALING.lower95;cross.forward.RNA.D1.to.Protein.D3.IL6_JAK_STAT3_SIGNALING.upper95;cross.forward.RNA.D1.to.Protein.D3.IL6_JAK_STAT3_SIGNALING.FDR	outputs/SIC_reanalysis_2026-07-11/03_CrossOmics/05_forward_cross_lag_HC3.csv	Direction/pathway=RNA D1 to Protein D3/IL6_JAK_STAT3_SIGNALING	Figure 4b	Interpret as adjusted forward temporal cross-compartment association.	Do not infer causal transfer, mediation or translation lag.
C0220	Results	Forward cross-omics	RNA D1 to Protein D3 Inflammatory response	-0.03638	standardized coefficient	negative	[-0.256373, 0.183613]	BH-FDR=0.885081	cross.forward.RNA.D1.to.Protein.D3.INFLAMMATORY_RESPONSE.beta;cross.forward.RNA.D1.to.Protein.D3.INFLAMMATORY_RESPONSE.lower95;cross.forward.RNA.D1.to.Protein.D3.INFLAMMATORY_RESPONSE.upper95;cross.forward.RNA.D1.to.Protein.D3.INFLAMMATORY_RESPONSE.FDR	outputs/SIC_reanalysis_2026-07-11/03_CrossOmics/05_forward_cross_lag_HC3.csv	Direction/pathway=RNA D1 to Protein D3/INFLAMMATORY_RESPONSE	Figure 4b	Interpret as adjusted forward temporal cross-compartment association.	Do not infer causal transfer, mediation or translation lag.
C0221	Results	Forward cross-omics	RNA D1 to Protein D3 IFN-α response	0.342875	standardized coefficient	positive	[0.187839, 0.49791]	BH-FDR=0.000420962	cross.forward.RNA.D1.to.Protein.D3.INTERFERON_ALPHA_RESPONSE.beta;cross.forward.RNA.D1.to.Protein.D3.INTERFERON_ALPHA_RESPONSE.lower95;cross.forward.RNA.D1.to.Protein.D3.INTERFERON_ALPHA_RESPONSE.upper95;cross.forward.RNA.D1.to.Protein.D3.INTERFERON_ALPHA_RESPONSE.FDR	outputs/SIC_reanalysis_2026-07-11/03_CrossOmics/05_forward_cross_lag_HC3.csv	Direction/pathway=RNA D1 to Protein D3/INTERFERON_ALPHA_RESPONSE	Figure 4b; Figure 4f	Interpret as adjusted forward temporal cross-compartment association.	Do not infer causal transfer, mediation or translation lag.
C0222	Results	Forward cross-omics	RNA D1 to Protein D3 IFN-γ response	0.197417	standardized coefficient	positive	[0.00672514, 0.388108]	BH-FDR=0.33287	cross.forward.RNA.D1.to.Protein.D3.INTERFERON_GAMMA_RESPONSE.beta;cross.forward.RNA.D1.to.Protein.D3.INTERFERON_GAMMA_RESPONSE.lower95;cross.forward.RNA.D1.to.Protein.D3.INTERFERON_GAMMA_RESPONSE.upper95;cross.forward.RNA.D1.to.Protein.D3.INTERFERON_GAMMA_RESPONSE.FDR	outputs/SIC_reanalysis_2026-07-11/03_CrossOmics/05_forward_cross_lag_HC3.csv	Direction/pathway=RNA D1 to Protein D3/INTERFERON_GAMMA_RESPONSE	Figure 4b; Figure 4f	Interpret as adjusted forward temporal cross-compartment association.	Do not infer causal transfer, mediation or translation lag.
C0223	Results	Forward cross-omics	RNA D1 to Protein D3 Oxidative phosphorylation	-0.0685479	standardized coefficient	negative	[-0.220223, 0.0831272]	BH-FDR=0.808451	cross.forward.RNA.D1.to.Protein.D3.OXIDATIVE_PHOSPHORYLATION.beta;cross.forward.RNA.D1.to.Protein.D3.OXIDATIVE_PHOSPHORYLATION.lower95;cross.forward.RNA.D1.to.Protein.D3.OXIDATIVE_PHOSPHORYLATION.upper95;cross.forward.RNA.D1.to.Protein.D3.OXIDATIVE_PHOSPHORYLATION.FDR	outputs/SIC_reanalysis_2026-07-11/03_CrossOmics/05_forward_cross_lag_HC3.csv	Direction/pathway=RNA D1 to Protein D3/OXIDATIVE_PHOSPHORYLATION	Figure 4b	Interpret as adjusted forward temporal cross-compartment association.	Do not infer causal transfer, mediation or translation lag.
C0224	Results	Forward cross-omics	RNA D1 to Protein D3 Reactive oxygen species pathway	-0.029117	standardized coefficient	negative	[-0.125806, 0.0675717]	BH-FDR=0.866494	cross.forward.RNA.D1.to.Protein.D3.REACTIVE_OXYGEN_SPECIES_PATHWAY.beta;cross.forward.RNA.D1.to.Protein.D3.REACTIVE_OXYGEN_SPECIES_PATHWAY.lower95;cross.forward.RNA.D1.to.Protein.D3.REACTIVE_OXYGEN_SPECIES_PATHWAY.upper95;cross.forward.RNA.D1.to.Protein.D3.REACTIVE_OXYGEN_SPECIES_PATHWAY.FDR	outputs/SIC_reanalysis_2026-07-11/03_CrossOmics/05_forward_cross_lag_HC3.csv	Direction/pathway=RNA D1 to Protein D3/REACTIVE_OXYGEN_SPECIES_PATHWAY	Figure 4b	Interpret as adjusted forward temporal cross-compartment association.	Do not infer causal transfer, mediation or translation lag.
C0225	Results	Forward cross-omics	RNA D1 to Protein D3 Tgf beta signaling	0.0361856	standardized coefficient	positive	[-0.285964, 0.358335]	BH-FDR=0.885081	cross.forward.RNA.D1.to.Protein.D3.TGF_BETA_SIGNALING.beta;cross.forward.RNA.D1.to.Protein.D3.TGF_BETA_SIGNALING.lower95;cross.forward.RNA.D1.to.Protein.D3.TGF_BETA_SIGNALING.upper95;cross.forward.RNA.D1.to.Protein.D3.TGF_BETA_SIGNALING.FDR	outputs/SIC_reanalysis_2026-07-11/03_CrossOmics/05_forward_cross_lag_HC3.csv	Direction/pathway=RNA D1 to Protein D3/TGF_BETA_SIGNALING	Figure 4b	Interpret as adjusted forward temporal cross-compartment association.	Do not infer causal transfer, mediation or translation lag.
C0226	Results	Forward cross-omics	RNA D1 to Protein D3 TNF-α signaling via NF-κB	0.165333	standardized coefficient	positive	[-0.0560946, 0.386761]	BH-FDR=0.54611	cross.forward.RNA.D1.to.Protein.D3.TNFA_SIGNALING_VIA_NFKB.beta;cross.forward.RNA.D1.to.Protein.D3.TNFA_SIGNALING_VIA_NFKB.lower95;cross.forward.RNA.D1.to.Protein.D3.TNFA_SIGNALING_VIA_NFKB.upper95;cross.forward.RNA.D1.to.Protein.D3.TNFA_SIGNALING_VIA_NFKB.FDR	outputs/SIC_reanalysis_2026-07-11/03_CrossOmics/05_forward_cross_lag_HC3.csv	Direction/pathway=RNA D1 to Protein D3/TNFA_SIGNALING_VIA_NFKB	Figure 4b	Interpret as adjusted forward temporal cross-compartment association.	Do not infer causal transfer, mediation or translation lag.
C0227	Results	Forward cross-omics	RNA D3 to Protein D5 Apical junction	 0.2924	standardized coefficient	positive	[-0.0468206, 0.63162]	BH-FDR= 0.2585	cross.forward.RNA.D3.to.Protein.D5.APICAL_JUNCTION.beta;cross.forward.RNA.D3.to.Protein.D5.APICAL_JUNCTION.lower95;cross.forward.RNA.D3.to.Protein.D5.APICAL_JUNCTION.upper95;cross.forward.RNA.D3.to.Protein.D5.APICAL_JUNCTION.FDR	outputs/SIC_reanalysis_2026-07-11/03_CrossOmics/05_forward_cross_lag_HC3.csv	Direction/pathway=RNA D3 to Protein D5/APICAL_JUNCTION	Figure 4c	Interpret as adjusted forward temporal cross-compartment association.	Do not infer causal transfer, mediation or translation lag.
C0228	Results	Forward cross-omics	RNA D3 to Protein D5 Coagulation	0.123526	standardized coefficient	positive	[-0.0154206, 0.262472]	BH-FDR= 0.2585	cross.forward.RNA.D3.to.Protein.D5.COAGULATION.beta;cross.forward.RNA.D3.to.Protein.D5.COAGULATION.lower95;cross.forward.RNA.D3.to.Protein.D5.COAGULATION.upper95;cross.forward.RNA.D3.to.Protein.D5.COAGULATION.FDR	outputs/SIC_reanalysis_2026-07-11/03_CrossOmics/05_forward_cross_lag_HC3.csv	Direction/pathway=RNA D3 to Protein D5/COAGULATION	Figure 4c	Interpret as adjusted forward temporal cross-compartment association.	Do not infer causal transfer, mediation or translation lag.
C0229	Results	Forward cross-omics	RNA D3 to Protein D5 Complement	-0.0304552	standardized coefficient	negative	[-0.241042, 0.180131]	BH-FDR=0.890046	cross.forward.RNA.D3.to.Protein.D5.COMPLEMENT.beta;cross.forward.RNA.D3.to.Protein.D5.COMPLEMENT.lower95;cross.forward.RNA.D3.to.Protein.D5.COMPLEMENT.upper95;cross.forward.RNA.D3.to.Protein.D5.COMPLEMENT.FDR	outputs/SIC_reanalysis_2026-07-11/03_CrossOmics/05_forward_cross_lag_HC3.csv	Direction/pathway=RNA D3 to Protein D5/COMPLEMENT	Figure 4c	Interpret as adjusted forward temporal cross-compartment association.	Do not infer causal transfer, mediation or translation lag.
C0230	Results	Forward cross-omics	RNA D3 to Protein D5 Epithelial–mesenchymal transition	0.212407	standardized coefficient	positive	[-0.0409129, 0.465728]	BH-FDR= 0.2585	cross.forward.RNA.D3.to.Protein.D5.EPITHELIAL_MESENCHYMAL_TRANSITION.beta;cross.forward.RNA.D3.to.Protein.D5.EPITHELIAL_MESENCHYMAL_TRANSITION.lower95;cross.forward.RNA.D3.to.Protein.D5.EPITHELIAL_MESENCHYMAL_TRANSITION.upper95;cross.forward.RNA.D3.to.Protein.D5.EPITHELIAL_MESENCHYMAL_TRANSITION.FDR	outputs/SIC_reanalysis_2026-07-11/03_CrossOmics/05_forward_cross_lag_HC3.csv	Direction/pathway=RNA D3 to Protein D5/EPITHELIAL_MESENCHYMAL_TRANSITION	Figure 4c	Interpret as adjusted forward temporal cross-compartment association.	Do not infer causal transfer, mediation or translation lag.
C0231	Results	Forward cross-omics	RNA D3 to Protein D5 Glycolysis	0.0260853	standardized coefficient	positive	[-0.201972, 0.254142]	BH-FDR=0.890046	cross.forward.RNA.D3.to.Protein.D5.GLYCOLYSIS.beta;cross.forward.RNA.D3.to.Protein.D5.GLYCOLYSIS.lower95;cross.forward.RNA.D3.to.Protein.D5.GLYCOLYSIS.upper95;cross.forward.RNA.D3.to.Protein.D5.GLYCOLYSIS.FDR	outputs/SIC_reanalysis_2026-07-11/03_CrossOmics/05_forward_cross_lag_HC3.csv	Direction/pathway=RNA D3 to Protein D5/GLYCOLYSIS	Figure 4c	Interpret as adjusted forward temporal cross-compartment association.	Do not infer causal transfer, mediation or translation lag.
C0232	Results	Forward cross-omics	RNA D3 to Protein D5 Heme metabolism	0.115482	standardized coefficient	positive	[-0.0858876, 0.316851]	BH-FDR=0.545336	cross.forward.RNA.D3.to.Protein.D5.HEME_METABOLISM.beta;cross.forward.RNA.D3.to.Protein.D5.HEME_METABOLISM.lower95;cross.forward.RNA.D3.to.Protein.D5.HEME_METABOLISM.upper95;cross.forward.RNA.D3.to.Protein.D5.HEME_METABOLISM.FDR	outputs/SIC_reanalysis_2026-07-11/03_CrossOmics/05_forward_cross_lag_HC3.csv	Direction/pathway=RNA D3 to Protein D5/HEME_METABOLISM	Figure 4c	Interpret as adjusted forward temporal cross-compartment association.	Do not infer causal transfer, mediation or translation lag.
C0233	Results	Forward cross-omics	RNA D3 to Protein D5 Hypoxia	0.0885429	standardized coefficient	positive	[-0.122904, 0.299989]	BH-FDR=0.620585	cross.forward.RNA.D3.to.Protein.D5.HYPOXIA.beta;cross.forward.RNA.D3.to.Protein.D5.HYPOXIA.lower95;cross.forward.RNA.D3.to.Protein.D5.HYPOXIA.upper95;cross.forward.RNA.D3.to.Protein.D5.HYPOXIA.FDR	outputs/SIC_reanalysis_2026-07-11/03_CrossOmics/05_forward_cross_lag_HC3.csv	Direction/pathway=RNA D3 to Protein D5/HYPOXIA	Figure 4c	Interpret as adjusted forward temporal cross-compartment association.	Do not infer causal transfer, mediation or translation lag.
C0234	Results	Forward cross-omics	RNA D3 to Protein D5 IL-6/JAK/STAT3 signaling	-0.0750953	standardized coefficient	negative	[-0.298359, 0.148168]	BH-FDR=0.697138	cross.forward.RNA.D3.to.Protein.D5.IL6_JAK_STAT3_SIGNALING.beta;cross.forward.RNA.D3.to.Protein.D5.IL6_JAK_STAT3_SIGNALING.lower95;cross.forward.RNA.D3.to.Protein.D5.IL6_JAK_STAT3_SIGNALING.upper95;cross.forward.RNA.D3.to.Protein.D5.IL6_JAK_STAT3_SIGNALING.FDR	outputs/SIC_reanalysis_2026-07-11/03_CrossOmics/05_forward_cross_lag_HC3.csv	Direction/pathway=RNA D3 to Protein D5/IL6_JAK_STAT3_SIGNALING	Figure 4c	Interpret as adjusted forward temporal cross-compartment association.	Do not infer causal transfer, mediation or translation lag.
C0235	Results	Forward cross-omics	RNA D3 to Protein D5 Inflammatory response	-0.0143378	standardized coefficient	negative	[-0.217101, 0.188426]	BH-FDR=0.890046	cross.forward.RNA.D3.to.Protein.D5.INFLAMMATORY_RESPONSE.beta;cross.forward.RNA.D3.to.Protein.D5.INFLAMMATORY_RESPONSE.lower95;cross.forward.RNA.D3.to.Protein.D5.INFLAMMATORY_RESPONSE.upper95;cross.forward.RNA.D3.to.Protein.D5.INFLAMMATORY_RESPONSE.FDR	outputs/SIC_reanalysis_2026-07-11/03_CrossOmics/05_forward_cross_lag_HC3.csv	Direction/pathway=RNA D3 to Protein D5/INFLAMMATORY_RESPONSE	Figure 4c	Interpret as adjusted forward temporal cross-compartment association.	Do not infer causal transfer, mediation or translation lag.
C0236	Results	Forward cross-omics	RNA D3 to Protein D5 IFN-α response	0.309642	standardized coefficient	positive	[0.14108, 0.478203]	BH-FDR=0.00741587	cross.forward.RNA.D3.to.Protein.D5.INTERFERON_ALPHA_RESPONSE.beta;cross.forward.RNA.D3.to.Protein.D5.INTERFERON_ALPHA_RESPONSE.lower95;cross.forward.RNA.D3.to.Protein.D5.INTERFERON_ALPHA_RESPONSE.upper95;cross.forward.RNA.D3.to.Protein.D5.INTERFERON_ALPHA_RESPONSE.FDR	outputs/SIC_reanalysis_2026-07-11/03_CrossOmics/05_forward_cross_lag_HC3.csv	Direction/pathway=RNA D3 to Protein D5/INTERFERON_ALPHA_RESPONSE	Figure 4c; Figure 4f	Interpret as adjusted forward temporal cross-compartment association.	Do not infer causal transfer, mediation or translation lag.
C0237	Results	Forward cross-omics	RNA D3 to Protein D5 IFN-γ response	0.279574	standardized coefficient	positive	[0.0985772, 0.46057]	BH-FDR=0.0234718	cross.forward.RNA.D3.to.Protein.D5.INTERFERON_GAMMA_RESPONSE.beta;cross.forward.RNA.D3.to.Protein.D5.INTERFERON_GAMMA_RESPONSE.lower95;cross.forward.RNA.D3.to.Protein.D5.INTERFERON_GAMMA_RESPONSE.upper95;cross.forward.RNA.D3.to.Protein.D5.INTERFERON_GAMMA_RESPONSE.FDR	outputs/SIC_reanalysis_2026-07-11/03_CrossOmics/05_forward_cross_lag_HC3.csv	Direction/pathway=RNA D3 to Protein D5/INTERFERON_GAMMA_RESPONSE	Figure 4c; Figure 4f	Interpret as adjusted forward temporal cross-compartment association.	Do not infer causal transfer, mediation or translation lag.
C0238	Results	Forward cross-omics	RNA D3 to Protein D5 Oxidative phosphorylation	-0.0769758	standardized coefficient	negative	[-0.256829, 0.102878]	BH-FDR=0.620585	cross.forward.RNA.D3.to.Protein.D5.OXIDATIVE_PHOSPHORYLATION.beta;cross.forward.RNA.D3.to.Protein.D5.OXIDATIVE_PHOSPHORYLATION.lower95;cross.forward.RNA.D3.to.Protein.D5.OXIDATIVE_PHOSPHORYLATION.upper95;cross.forward.RNA.D3.to.Protein.D5.OXIDATIVE_PHOSPHORYLATION.FDR	outputs/SIC_reanalysis_2026-07-11/03_CrossOmics/05_forward_cross_lag_HC3.csv	Direction/pathway=RNA D3 to Protein D5/OXIDATIVE_PHOSPHORYLATION	Figure 4c	Interpret as adjusted forward temporal cross-compartment association.	Do not infer causal transfer, mediation or translation lag.
C0239	Results	Forward cross-omics	RNA D3 to Protein D5 Reactive oxygen species pathway	-0.0143066	standardized coefficient	negative	[-0.185862, 0.157249]	BH-FDR=0.890046	cross.forward.RNA.D3.to.Protein.D5.REACTIVE_OXYGEN_SPECIES_PATHWAY.beta;cross.forward.RNA.D3.to.Protein.D5.REACTIVE_OXYGEN_SPECIES_PATHWAY.lower95;cross.forward.RNA.D3.to.Protein.D5.REACTIVE_OXYGEN_SPECIES_PATHWAY.upper95;cross.forward.RNA.D3.to.Protein.D5.REACTIVE_OXYGEN_SPECIES_PATHWAY.FDR	outputs/SIC_reanalysis_2026-07-11/03_CrossOmics/05_forward_cross_lag_HC3.csv	Direction/pathway=RNA D3 to Protein D5/REACTIVE_OXYGEN_SPECIES_PATHWAY	Figure 4c	Interpret as adjusted forward temporal cross-compartment association.	Do not infer causal transfer, mediation or translation lag.
C0240	Results	Forward cross-omics	RNA D3 to Protein D5 Tgf beta signaling	-0.147258	standardized coefficient	negative	[-0.419076, 0.124561]	BH-FDR=0.545336	cross.forward.RNA.D3.to.Protein.D5.TGF_BETA_SIGNALING.beta;cross.forward.RNA.D3.to.Protein.D5.TGF_BETA_SIGNALING.lower95;cross.forward.RNA.D3.to.Protein.D5.TGF_BETA_SIGNALING.upper95;cross.forward.RNA.D3.to.Protein.D5.TGF_BETA_SIGNALING.FDR	outputs/SIC_reanalysis_2026-07-11/03_CrossOmics/05_forward_cross_lag_HC3.csv	Direction/pathway=RNA D3 to Protein D5/TGF_BETA_SIGNALING	Figure 4c	Interpret as adjusted forward temporal cross-compartment association.	Do not infer causal transfer, mediation or translation lag.
C0241	Results	Forward cross-omics	RNA D3 to Protein D5 TNF-α signaling via NF-κB	0.223595	standardized coefficient	positive	[-0.00953368, 0.456723]	BH-FDR= 0.2585	cross.forward.RNA.D3.to.Protein.D5.TNFA_SIGNALING_VIA_NFKB.beta;cross.forward.RNA.D3.to.Protein.D5.TNFA_SIGNALING_VIA_NFKB.lower95;cross.forward.RNA.D3.to.Protein.D5.TNFA_SIGNALING_VIA_NFKB.upper95;cross.forward.RNA.D3.to.Protein.D5.TNFA_SIGNALING_VIA_NFKB.FDR	outputs/SIC_reanalysis_2026-07-11/03_CrossOmics/05_forward_cross_lag_HC3.csv	Direction/pathway=RNA D3 to Protein D5/TNFA_SIGNALING_VIA_NFKB	Figure 4c	Interpret as adjusted forward temporal cross-compartment association.	Do not infer causal transfer, mediation or translation lag.
C0242	Results	Reverse cross-omics	Protein D1 to RNA D3 Apical junction	-0.0707588	standardized coefficient	negative	[-0.179793, 0.0382754]	BH-FDR=0.664056	cross.reverse.Protein.D1.to.RNA.D3.APICAL_JUNCTION.beta;cross.reverse.Protein.D1.to.RNA.D3.APICAL_JUNCTION.lower95;cross.reverse.Protein.D1.to.RNA.D3.APICAL_JUNCTION.upper95;cross.reverse.Protein.D1.to.RNA.D3.APICAL_JUNCTION.FDR	outputs/SIC_reanalysis_2026-07-11/03_CrossOmics/06_reverse_cross_lag_HC3.csv	Direction/pathway=Protein D1 to RNA D3/APICAL_JUNCTION	Figure 4d	Interpret as the prespecified reverse-direction check.	Do not infer causal transfer, mediation or translation lag.
C0243	Results	Reverse cross-omics	Protein D1 to RNA D3 Coagulation	-0.116416	standardized coefficient	negative	[-0.302119, 0.0692878]	BH-FDR=0.664056	cross.reverse.Protein.D1.to.RNA.D3.COAGULATION.beta;cross.reverse.Protein.D1.to.RNA.D3.COAGULATION.lower95;cross.reverse.Protein.D1.to.RNA.D3.COAGULATION.upper95;cross.reverse.Protein.D1.to.RNA.D3.COAGULATION.FDR	outputs/SIC_reanalysis_2026-07-11/03_CrossOmics/06_reverse_cross_lag_HC3.csv	Direction/pathway=Protein D1 to RNA D3/COAGULATION	Figure 4d	Interpret as the prespecified reverse-direction check.	Do not infer causal transfer, mediation or translation lag.
C0244	Results	Reverse cross-omics	Protein D1 to RNA D3 Complement	-0.0119559	standardized coefficient	negative	[-0.159432, 0.13552]	BH-FDR=0.99669	cross.reverse.Protein.D1.to.RNA.D3.COMPLEMENT.beta;cross.reverse.Protein.D1.to.RNA.D3.COMPLEMENT.lower95;cross.reverse.Protein.D1.to.RNA.D3.COMPLEMENT.upper95;cross.reverse.Protein.D1.to.RNA.D3.COMPLEMENT.FDR	outputs/SIC_reanalysis_2026-07-11/03_CrossOmics/06_reverse_cross_lag_HC3.csv	Direction/pathway=Protein D1 to RNA D3/COMPLEMENT	Figure 4d	Interpret as the prespecified reverse-direction check.	Do not infer causal transfer, mediation or translation lag.
C0245	Results	Reverse cross-omics	Protein D1 to RNA D3 Epithelial–mesenchymal transition	-0.0535161	standardized coefficient	negative	[-0.155257, 0.0482248]	BH-FDR=0.704842	cross.reverse.Protein.D1.to.RNA.D3.EPITHELIAL_MESENCHYMAL_TRANSITION.beta;cross.reverse.Protein.D1.to.RNA.D3.EPITHELIAL_MESENCHYMAL_TRANSITION.lower95;cross.reverse.Protein.D1.to.RNA.D3.EPITHELIAL_MESENCHYMAL_TRANSITION.upper95;cross.reverse.Protein.D1.to.RNA.D3.EPITHELIAL_MESENCHYMAL_TRANSITION.FDR	outputs/SIC_reanalysis_2026-07-11/03_CrossOmics/06_reverse_cross_lag_HC3.csv	Direction/pathway=Protein D1 to RNA D3/EPITHELIAL_MESENCHYMAL_TRANSITION	Figure 4d	Interpret as the prespecified reverse-direction check.	Do not infer causal transfer, mediation or translation lag.
C0246	Results	Reverse cross-omics	Protein D1 to RNA D3 Glycolysis	0.103355	standardized coefficient	positive	[-0.017551, 0.224261]	BH-FDR=0.664056	cross.reverse.Protein.D1.to.RNA.D3.GLYCOLYSIS.beta;cross.reverse.Protein.D1.to.RNA.D3.GLYCOLYSIS.lower95;cross.reverse.Protein.D1.to.RNA.D3.GLYCOLYSIS.upper95;cross.reverse.Protein.D1.to.RNA.D3.GLYCOLYSIS.FDR	outputs/SIC_reanalysis_2026-07-11/03_CrossOmics/06_reverse_cross_lag_HC3.csv	Direction/pathway=Protein D1 to RNA D3/GLYCOLYSIS	Figure 4d	Interpret as the prespecified reverse-direction check.	Do not infer causal transfer, mediation or translation lag.
C0247	Results	Reverse cross-omics	Protein D1 to RNA D3 Heme metabolism	0.110757	standardized coefficient	positive	[0.00945395, 0.21206]	BH-FDR=0.50911	cross.reverse.Protein.D1.to.RNA.D3.HEME_METABOLISM.beta;cross.reverse.Protein.D1.to.RNA.D3.HEME_METABOLISM.lower95;cross.reverse.Protein.D1.to.RNA.D3.HEME_METABOLISM.upper95;cross.reverse.Protein.D1.to.RNA.D3.HEME_METABOLISM.FDR	outputs/SIC_reanalysis_2026-07-11/03_CrossOmics/06_reverse_cross_lag_HC3.csv	Direction/pathway=Protein D1 to RNA D3/HEME_METABOLISM	Figure 4d	Interpret as the prespecified reverse-direction check.	Do not infer causal transfer, mediation or translation lag.
C0248	Results	Reverse cross-omics	Protein D1 to RNA D3 Hypoxia	0.000155037	standardized coefficient	positive	[-0.137256, 0.137566]	BH-FDR=0.998239	cross.reverse.Protein.D1.to.RNA.D3.HYPOXIA.beta;cross.reverse.Protein.D1.to.RNA.D3.HYPOXIA.lower95;cross.reverse.Protein.D1.to.RNA.D3.HYPOXIA.upper95;cross.reverse.Protein.D1.to.RNA.D3.HYPOXIA.FDR	outputs/SIC_reanalysis_2026-07-11/03_CrossOmics/06_reverse_cross_lag_HC3.csv	Direction/pathway=Protein D1 to RNA D3/HYPOXIA	Figure 4d	Interpret as the prespecified reverse-direction check.	Do not infer causal transfer, mediation or translation lag.
C0249	Results	Reverse cross-omics	Protein D1 to RNA D3 IL-6/JAK/STAT3 signaling	-0.0331409	standardized coefficient	negative	[-0.202993, 0.136712]	BH-FDR=0.880453	cross.reverse.Protein.D1.to.RNA.D3.IL6_JAK_STAT3_SIGNALING.beta;cross.reverse.Protein.D1.to.RNA.D3.IL6_JAK_STAT3_SIGNALING.lower95;cross.reverse.Protein.D1.to.RNA.D3.IL6_JAK_STAT3_SIGNALING.upper95;cross.reverse.Protein.D1.to.RNA.D3.IL6_JAK_STAT3_SIGNALING.FDR	outputs/SIC_reanalysis_2026-07-11/03_CrossOmics/06_reverse_cross_lag_HC3.csv	Direction/pathway=Protein D1 to RNA D3/IL6_JAK_STAT3_SIGNALING	Figure 4d	Interpret as the prespecified reverse-direction check.	Do not infer causal transfer, mediation or translation lag.
C0250	Results	Reverse cross-omics	Protein D1 to RNA D3 Inflammatory response	-0.00711512	standardized coefficient	negative	[-0.166123, 0.151893]	BH-FDR=0.99669	cross.reverse.Protein.D1.to.RNA.D3.INFLAMMATORY_RESPONSE.beta;cross.reverse.Protein.D1.to.RNA.D3.INFLAMMATORY_RESPONSE.lower95;cross.reverse.Protein.D1.to.RNA.D3.INFLAMMATORY_RESPONSE.upper95;cross.reverse.Protein.D1.to.RNA.D3.INFLAMMATORY_RESPONSE.FDR	outputs/SIC_reanalysis_2026-07-11/03_CrossOmics/06_reverse_cross_lag_HC3.csv	Direction/pathway=Protein D1 to RNA D3/INFLAMMATORY_RESPONSE	Figure 4d	Interpret as the prespecified reverse-direction check.	Do not infer causal transfer, mediation or translation lag.
C0251	Results	Reverse cross-omics	Protein D1 to RNA D3 IFN-α response	0.0487966	standardized coefficient	positive	[-0.0872643, 0.184857]	BH-FDR=0.880453	cross.reverse.Protein.D1.to.RNA.D3.INTERFERON_ALPHA_RESPONSE.beta;cross.reverse.Protein.D1.to.RNA.D3.INTERFERON_ALPHA_RESPONSE.lower95;cross.reverse.Protein.D1.to.RNA.D3.INTERFERON_ALPHA_RESPONSE.upper95;cross.reverse.Protein.D1.to.RNA.D3.INTERFERON_ALPHA_RESPONSE.FDR	outputs/SIC_reanalysis_2026-07-11/03_CrossOmics/06_reverse_cross_lag_HC3.csv	Direction/pathway=Protein D1 to RNA D3/INTERFERON_ALPHA_RESPONSE	Figure 4d	Interpret as the prespecified reverse-direction check.	Do not infer causal transfer, mediation or translation lag.
C0252	Results	Reverse cross-omics	Protein D1 to RNA D3 IFN-γ response	-0.0242975	standardized coefficient	negative	[-0.149537, 0.100942]	BH-FDR=0.880453	cross.reverse.Protein.D1.to.RNA.D3.INTERFERON_GAMMA_RESPONSE.beta;cross.reverse.Protein.D1.to.RNA.D3.INTERFERON_GAMMA_RESPONSE.lower95;cross.reverse.Protein.D1.to.RNA.D3.INTERFERON_GAMMA_RESPONSE.upper95;cross.reverse.Protein.D1.to.RNA.D3.INTERFERON_GAMMA_RESPONSE.FDR	outputs/SIC_reanalysis_2026-07-11/03_CrossOmics/06_reverse_cross_lag_HC3.csv	Direction/pathway=Protein D1 to RNA D3/INTERFERON_GAMMA_RESPONSE	Figure 4d	Interpret as the prespecified reverse-direction check.	Do not infer causal transfer, mediation or translation lag.
C0253	Results	Reverse cross-omics	Protein D1 to RNA D3 Oxidative phosphorylation	0.100223	standardized coefficient	positive	[-0.0458086, 0.246254]	BH-FDR=0.664056	cross.reverse.Protein.D1.to.RNA.D3.OXIDATIVE_PHOSPHORYLATION.beta;cross.reverse.Protein.D1.to.RNA.D3.OXIDATIVE_PHOSPHORYLATION.lower95;cross.reverse.Protein.D1.to.RNA.D3.OXIDATIVE_PHOSPHORYLATION.upper95;cross.reverse.Protein.D1.to.RNA.D3.OXIDATIVE_PHOSPHORYLATION.FDR	outputs/SIC_reanalysis_2026-07-11/03_CrossOmics/06_reverse_cross_lag_HC3.csv	Direction/pathway=Protein D1 to RNA D3/OXIDATIVE_PHOSPHORYLATION	Figure 4d	Interpret as the prespecified reverse-direction check.	Do not infer causal transfer, mediation or translation lag.
C0254	Results	Reverse cross-omics	Protein D1 to RNA D3 Reactive oxygen species pathway	-0.0287099	standardized coefficient	negative	[-0.142971, 0.0855511]	BH-FDR=0.880453	cross.reverse.Protein.D1.to.RNA.D3.REACTIVE_OXYGEN_SPECIES_PATHWAY.beta;cross.reverse.Protein.D1.to.RNA.D3.REACTIVE_OXYGEN_SPECIES_PATHWAY.lower95;cross.reverse.Protein.D1.to.RNA.D3.REACTIVE_OXYGEN_SPECIES_PATHWAY.upper95;cross.reverse.Protein.D1.to.RNA.D3.REACTIVE_OXYGEN_SPECIES_PATHWAY.FDR	outputs/SIC_reanalysis_2026-07-11/03_CrossOmics/06_reverse_cross_lag_HC3.csv	Direction/pathway=Protein D1 to RNA D3/REACTIVE_OXYGEN_SPECIES_PATHWAY	Figure 4d	Interpret as the prespecified reverse-direction check.	Do not infer causal transfer, mediation or translation lag.
C0255	Results	Reverse cross-omics	Protein D1 to RNA D3 Tgf beta signaling	0.0222055	standardized coefficient	positive	[-0.0832175, 0.127629]	BH-FDR=0.880453	cross.reverse.Protein.D1.to.RNA.D3.TGF_BETA_SIGNALING.beta;cross.reverse.Protein.D1.to.RNA.D3.TGF_BETA_SIGNALING.lower95;cross.reverse.Protein.D1.to.RNA.D3.TGF_BETA_SIGNALING.upper95;cross.reverse.Protein.D1.to.RNA.D3.TGF_BETA_SIGNALING.FDR	outputs/SIC_reanalysis_2026-07-11/03_CrossOmics/06_reverse_cross_lag_HC3.csv	Direction/pathway=Protein D1 to RNA D3/TGF_BETA_SIGNALING	Figure 4d	Interpret as the prespecified reverse-direction check.	Do not infer causal transfer, mediation or translation lag.
C0256	Results	Reverse cross-omics	Protein D1 to RNA D3 TNF-α signaling via NF-κB	-0.0705572	standardized coefficient	negative	[-0.211689, 0.070575]	BH-FDR=0.704842	cross.reverse.Protein.D1.to.RNA.D3.TNFA_SIGNALING_VIA_NFKB.beta;cross.reverse.Protein.D1.to.RNA.D3.TNFA_SIGNALING_VIA_NFKB.lower95;cross.reverse.Protein.D1.to.RNA.D3.TNFA_SIGNALING_VIA_NFKB.upper95;cross.reverse.Protein.D1.to.RNA.D3.TNFA_SIGNALING_VIA_NFKB.FDR	outputs/SIC_reanalysis_2026-07-11/03_CrossOmics/06_reverse_cross_lag_HC3.csv	Direction/pathway=Protein D1 to RNA D3/TNFA_SIGNALING_VIA_NFKB	Figure 4d	Interpret as the prespecified reverse-direction check.	Do not infer causal transfer, mediation or translation lag.
C0257	Results	Reverse cross-omics	Protein D3 to RNA D5 Apical junction	0.0395471	standardized coefficient	positive	[-0.0768642, 0.155958]	BH-FDR=0.867665	cross.reverse.Protein.D3.to.RNA.D5.APICAL_JUNCTION.beta;cross.reverse.Protein.D3.to.RNA.D5.APICAL_JUNCTION.lower95;cross.reverse.Protein.D3.to.RNA.D5.APICAL_JUNCTION.upper95;cross.reverse.Protein.D3.to.RNA.D5.APICAL_JUNCTION.FDR	outputs/SIC_reanalysis_2026-07-11/03_CrossOmics/06_reverse_cross_lag_HC3.csv	Direction/pathway=Protein D3 to RNA D5/APICAL_JUNCTION	Figure 4d	Interpret as the prespecified reverse-direction check.	Do not infer causal transfer, mediation or translation lag.
C0258	Results	Reverse cross-omics	Protein D3 to RNA D5 Coagulation	0.133979	standardized coefficient	positive	[-0.039402, 0.30736]	BH-FDR=0.664861	cross.reverse.Protein.D3.to.RNA.D5.COAGULATION.beta;cross.reverse.Protein.D3.to.RNA.D5.COAGULATION.lower95;cross.reverse.Protein.D3.to.RNA.D5.COAGULATION.upper95;cross.reverse.Protein.D3.to.RNA.D5.COAGULATION.FDR	outputs/SIC_reanalysis_2026-07-11/03_CrossOmics/06_reverse_cross_lag_HC3.csv	Direction/pathway=Protein D3 to RNA D5/COAGULATION	Figure 4d	Interpret as the prespecified reverse-direction check.	Do not infer causal transfer, mediation or translation lag.
C0259	Results	Reverse cross-omics	Protein D3 to RNA D5 Complement	0.0651029	standardized coefficient	positive	[-0.0706601, 0.200866]	BH-FDR=0.753418	cross.reverse.Protein.D3.to.RNA.D5.COMPLEMENT.beta;cross.reverse.Protein.D3.to.RNA.D5.COMPLEMENT.lower95;cross.reverse.Protein.D3.to.RNA.D5.COMPLEMENT.upper95;cross.reverse.Protein.D3.to.RNA.D5.COMPLEMENT.FDR	outputs/SIC_reanalysis_2026-07-11/03_CrossOmics/06_reverse_cross_lag_HC3.csv	Direction/pathway=Protein D3 to RNA D5/COMPLEMENT	Figure 4d	Interpret as the prespecified reverse-direction check.	Do not infer causal transfer, mediation or translation lag.
C0260	Results	Reverse cross-omics	Protein D3 to RNA D5 Epithelial–mesenchymal transition	0.00725931	standardized coefficient	positive	[-0.0888779, 0.103396]	BH-FDR=0.97338	cross.reverse.Protein.D3.to.RNA.D5.EPITHELIAL_MESENCHYMAL_TRANSITION.beta;cross.reverse.Protein.D3.to.RNA.D5.EPITHELIAL_MESENCHYMAL_TRANSITION.lower95;cross.reverse.Protein.D3.to.RNA.D5.EPITHELIAL_MESENCHYMAL_TRANSITION.upper95;cross.reverse.Protein.D3.to.RNA.D5.EPITHELIAL_MESENCHYMAL_TRANSITION.FDR	outputs/SIC_reanalysis_2026-07-11/03_CrossOmics/06_reverse_cross_lag_HC3.csv	Direction/pathway=Protein D3 to RNA D5/EPITHELIAL_MESENCHYMAL_TRANSITION	Figure 4d	Interpret as the prespecified reverse-direction check.	Do not infer causal transfer, mediation or translation lag.
C0261	Results	Reverse cross-omics	Protein D3 to RNA D5 Glycolysis	0.140767	standardized coefficient	positive	[0.0147787, 0.266755]	BH-FDR=0.231069	cross.reverse.Protein.D3.to.RNA.D5.GLYCOLYSIS.beta;cross.reverse.Protein.D3.to.RNA.D5.GLYCOLYSIS.lower95;cross.reverse.Protein.D3.to.RNA.D5.GLYCOLYSIS.upper95;cross.reverse.Protein.D3.to.RNA.D5.GLYCOLYSIS.FDR	outputs/SIC_reanalysis_2026-07-11/03_CrossOmics/06_reverse_cross_lag_HC3.csv	Direction/pathway=Protein D3 to RNA D5/GLYCOLYSIS	Figure 4d	Interpret as the prespecified reverse-direction check.	Do not infer causal transfer, mediation or translation lag.
C0262	Results	Reverse cross-omics	Protein D3 to RNA D5 Heme metabolism	0.0212622	standardized coefficient	positive	[-0.139841, 0.182365]	BH-FDR=0.97338	cross.reverse.Protein.D3.to.RNA.D5.HEME_METABOLISM.beta;cross.reverse.Protein.D3.to.RNA.D5.HEME_METABOLISM.lower95;cross.reverse.Protein.D3.to.RNA.D5.HEME_METABOLISM.upper95;cross.reverse.Protein.D3.to.RNA.D5.HEME_METABOLISM.FDR	outputs/SIC_reanalysis_2026-07-11/03_CrossOmics/06_reverse_cross_lag_HC3.csv	Direction/pathway=Protein D3 to RNA D5/HEME_METABOLISM	Figure 4d	Interpret as the prespecified reverse-direction check.	Do not infer causal transfer, mediation or translation lag.
C0263	Results	Reverse cross-omics	Protein D3 to RNA D5 Hypoxia	0.0854001	standardized coefficient	positive	[-0.0925711, 0.263371]	BH-FDR=0.753418	cross.reverse.Protein.D3.to.RNA.D5.HYPOXIA.beta;cross.reverse.Protein.D3.to.RNA.D5.HYPOXIA.lower95;cross.reverse.Protein.D3.to.RNA.D5.HYPOXIA.upper95;cross.reverse.Protein.D3.to.RNA.D5.HYPOXIA.FDR	outputs/SIC_reanalysis_2026-07-11/03_CrossOmics/06_reverse_cross_lag_HC3.csv	Direction/pathway=Protein D3 to RNA D5/HYPOXIA	Figure 4d	Interpret as the prespecified reverse-direction check.	Do not infer causal transfer, mediation or translation lag.
C0264	Results	Reverse cross-omics	Protein D3 to RNA D5 IL-6/JAK/STAT3 signaling	0.0620937	standardized coefficient	positive	[-0.15623, 0.280417]	BH-FDR=0.867665	cross.reverse.Protein.D3.to.RNA.D5.IL6_JAK_STAT3_SIGNALING.beta;cross.reverse.Protein.D3.to.RNA.D5.IL6_JAK_STAT3_SIGNALING.lower95;cross.reverse.Protein.D3.to.RNA.D5.IL6_JAK_STAT3_SIGNALING.upper95;cross.reverse.Protein.D3.to.RNA.D5.IL6_JAK_STAT3_SIGNALING.FDR	outputs/SIC_reanalysis_2026-07-11/03_CrossOmics/06_reverse_cross_lag_HC3.csv	Direction/pathway=Protein D3 to RNA D5/IL6_JAK_STAT3_SIGNALING	Figure 4d	Interpret as the prespecified reverse-direction check.	Do not infer causal transfer, mediation or translation lag.
C0265	Results	Reverse cross-omics	Protein D3 to RNA D5 Inflammatory response	0.0505903	standardized coefficient	positive	[-0.114581, 0.215762]	BH-FDR=0.867665	cross.reverse.Protein.D3.to.RNA.D5.INFLAMMATORY_RESPONSE.beta;cross.reverse.Protein.D3.to.RNA.D5.INFLAMMATORY_RESPONSE.lower95;cross.reverse.Protein.D3.to.RNA.D5.INFLAMMATORY_RESPONSE.upper95;cross.reverse.Protein.D3.to.RNA.D5.INFLAMMATORY_RESPONSE.FDR	outputs/SIC_reanalysis_2026-07-11/03_CrossOmics/06_reverse_cross_lag_HC3.csv	Direction/pathway=Protein D3 to RNA D5/INFLAMMATORY_RESPONSE	Figure 4d	Interpret as the prespecified reverse-direction check.	Do not infer causal transfer, mediation or translation lag.
C0266	Results	Reverse cross-omics	Protein D3 to RNA D5 IFN-α response	-0.0102326	standardized coefficient	negative	[-0.18428, 0.163814]	BH-FDR=0.97338	cross.reverse.Protein.D3.to.RNA.D5.INTERFERON_ALPHA_RESPONSE.beta;cross.reverse.Protein.D3.to.RNA.D5.INTERFERON_ALPHA_RESPONSE.lower95;cross.reverse.Protein.D3.to.RNA.D5.INTERFERON_ALPHA_RESPONSE.upper95;cross.reverse.Protein.D3.to.RNA.D5.INTERFERON_ALPHA_RESPONSE.FDR	outputs/SIC_reanalysis_2026-07-11/03_CrossOmics/06_reverse_cross_lag_HC3.csv	Direction/pathway=Protein D3 to RNA D5/INTERFERON_ALPHA_RESPONSE	Figure 4d	Interpret as the prespecified reverse-direction check.	Do not infer causal transfer, mediation or translation lag.
C0267	Results	Reverse cross-omics	Protein D3 to RNA D5 IFN-γ response	-0.000745038	standardized coefficient	negative	[-0.18695, 0.18546]	BH-FDR=0.993758	cross.reverse.Protein.D3.to.RNA.D5.INTERFERON_GAMMA_RESPONSE.beta;cross.reverse.Protein.D3.to.RNA.D5.INTERFERON_GAMMA_RESPONSE.lower95;cross.reverse.Protein.D3.to.RNA.D5.INTERFERON_GAMMA_RESPONSE.upper95;cross.reverse.Protein.D3.to.RNA.D5.INTERFERON_GAMMA_RESPONSE.FDR	outputs/SIC_reanalysis_2026-07-11/03_CrossOmics/06_reverse_cross_lag_HC3.csv	Direction/pathway=Protein D3 to RNA D5/INTERFERON_GAMMA_RESPONSE	Figure 4d	Interpret as the prespecified reverse-direction check.	Do not infer causal transfer, mediation or translation lag.
C0268	Results	Reverse cross-omics	Protein D3 to RNA D5 Oxidative phosphorylation	0.0682282	standardized coefficient	positive	[-0.0639321, 0.200389]	BH-FDR=0.753418	cross.reverse.Protein.D3.to.RNA.D5.OXIDATIVE_PHOSPHORYLATION.beta;cross.reverse.Protein.D3.to.RNA.D5.OXIDATIVE_PHOSPHORYLATION.lower95;cross.reverse.Protein.D3.to.RNA.D5.OXIDATIVE_PHOSPHORYLATION.upper95;cross.reverse.Protein.D3.to.RNA.D5.OXIDATIVE_PHOSPHORYLATION.FDR	outputs/SIC_reanalysis_2026-07-11/03_CrossOmics/06_reverse_cross_lag_HC3.csv	Direction/pathway=Protein D3 to RNA D5/OXIDATIVE_PHOSPHORYLATION	Figure 4d	Interpret as the prespecified reverse-direction check.	Do not infer causal transfer, mediation or translation lag.
C0269	Results	Reverse cross-omics	Protein D3 to RNA D5 Reactive oxygen species pathway	0.0806122	standardized coefficient	positive	[-0.0882302, 0.249455]	BH-FDR=0.753418	cross.reverse.Protein.D3.to.RNA.D5.REACTIVE_OXYGEN_SPECIES_PATHWAY.beta;cross.reverse.Protein.D3.to.RNA.D5.REACTIVE_OXYGEN_SPECIES_PATHWAY.lower95;cross.reverse.Protein.D3.to.RNA.D5.REACTIVE_OXYGEN_SPECIES_PATHWAY.upper95;cross.reverse.Protein.D3.to.RNA.D5.REACTIVE_OXYGEN_SPECIES_PATHWAY.FDR	outputs/SIC_reanalysis_2026-07-11/03_CrossOmics/06_reverse_cross_lag_HC3.csv	Direction/pathway=Protein D3 to RNA D5/REACTIVE_OXYGEN_SPECIES_PATHWAY	Figure 4d	Interpret as the prespecified reverse-direction check.	Do not infer causal transfer, mediation or translation lag.
C0270	Results	Reverse cross-omics	Protein D3 to RNA D5 Tgf beta signaling	0.0168974	standardized coefficient	positive	[-0.0961455, 0.12994]	BH-FDR=0.97338	cross.reverse.Protein.D3.to.RNA.D5.TGF_BETA_SIGNALING.beta;cross.reverse.Protein.D3.to.RNA.D5.TGF_BETA_SIGNALING.lower95;cross.reverse.Protein.D3.to.RNA.D5.TGF_BETA_SIGNALING.upper95;cross.reverse.Protein.D3.to.RNA.D5.TGF_BETA_SIGNALING.FDR	outputs/SIC_reanalysis_2026-07-11/03_CrossOmics/06_reverse_cross_lag_HC3.csv	Direction/pathway=Protein D3 to RNA D5/TGF_BETA_SIGNALING	Figure 4d	Interpret as the prespecified reverse-direction check.	Do not infer causal transfer, mediation or translation lag.
C0271	Results	Reverse cross-omics	Protein D3 to RNA D5 TNF-α signaling via NF-κB	0.132983	standardized coefficient	positive	[0.0196596, 0.246307]	BH-FDR=0.231069	cross.reverse.Protein.D3.to.RNA.D5.TNFA_SIGNALING_VIA_NFKB.beta;cross.reverse.Protein.D3.to.RNA.D5.TNFA_SIGNALING_VIA_NFKB.lower95;cross.reverse.Protein.D3.to.RNA.D5.TNFA_SIGNALING_VIA_NFKB.upper95;cross.reverse.Protein.D3.to.RNA.D5.TNFA_SIGNALING_VIA_NFKB.FDR	outputs/SIC_reanalysis_2026-07-11/03_CrossOmics/06_reverse_cross_lag_HC3.csv	Direction/pathway=Protein D3 to RNA D5/TNFA_SIGNALING_VIA_NFKB	Figure 4d	Interpret as the prespecified reverse-direction check.	Do not infer causal transfer, mediation or translation lag.
C0272	Results	OXPHOS centre attenuation	cross.oxphos.crosslag.RNA.D1....Protein.D3.Original_beta	-0.206573	standardized coefficient	negative	""	""	cross.oxphos.crosslag.RNA.D1....Protein.D3.Original_beta	work/SIC_reproducibility_archive_review/SIC_reproducibility_archive/frozen_results/CrossOmics/06_cross_lag_robustness_summary.csv	Direction=RNA D1 -> Protein D3	Figure 4e; SourceData_Figure4E_OXPHOS_attenuation.tsv	Use to document attenuation after centre adjustment.	Do not retain the unadjusted OXPHOS result as robust after attenuation.
C0273	Results	OXPHOS centre attenuation	cross.oxphos.crosslag.RNA.D1....Protein.D3.Original_FDR	0.0115968	BH-FDR	positive	""	""	cross.oxphos.crosslag.RNA.D1....Protein.D3.Original_FDR	work/SIC_reproducibility_archive_review/SIC_reproducibility_archive/frozen_results/CrossOmics/06_cross_lag_robustness_summary.csv	Direction=RNA D1 -> Protein D3	Figure 4e; SourceData_Figure4E_OXPHOS_attenuation.tsv	Use to document attenuation after centre adjustment.	Do not retain the unadjusted OXPHOS result as robust after attenuation.
C0274	Results	OXPHOS centre attenuation	cross.oxphos.crosslag.RNA.D1....Protein.D3.Center_primary_beta	-0.0737064	standardized coefficient	negative	""	""	cross.oxphos.crosslag.RNA.D1....Protein.D3.Center_primary_beta	work/SIC_reproducibility_archive_review/SIC_reproducibility_archive/frozen_results/CrossOmics/06_cross_lag_robustness_summary.csv	Direction=RNA D1 -> Protein D3	Figure 4e; SourceData_Figure4E_OXPHOS_attenuation.tsv	Use to document attenuation after centre adjustment.	Do not retain the unadjusted OXPHOS result as robust after attenuation.
C0275	Results	OXPHOS centre attenuation	cross.oxphos.crosslag.RNA.D1....Protein.D3.Center_primary_FDR	0.683841	BH-FDR	positive	""	""	cross.oxphos.crosslag.RNA.D1....Protein.D3.Center_primary_FDR	work/SIC_reproducibility_archive_review/SIC_reproducibility_archive/frozen_results/CrossOmics/06_cross_lag_robustness_summary.csv	Direction=RNA D1 -> Protein D3	Figure 4e; SourceData_Figure4E_OXPHOS_attenuation.tsv	Use to document attenuation after centre adjustment.	Do not retain the unadjusted OXPHOS result as robust after attenuation.
C0276	Results	OXPHOS centre attenuation	cross.oxphos.crosslag.RNA.D3....Protein.D5.Original_beta	-0.280057	standardized coefficient	negative	""	""	cross.oxphos.crosslag.RNA.D3....Protein.D5.Original_beta	work/SIC_reproducibility_archive_review/SIC_reproducibility_archive/frozen_results/CrossOmics/06_cross_lag_robustness_summary.csv	Direction=RNA D3 -> Protein D5	Figure 4e; SourceData_Figure4E_OXPHOS_attenuation.tsv	Use to document attenuation after centre adjustment.	Do not retain the unadjusted OXPHOS result as robust after attenuation.
C0277	Results	OXPHOS centre attenuation	cross.oxphos.crosslag.RNA.D3....Protein.D5.Original_FDR	0.0223487	BH-FDR	positive	""	""	cross.oxphos.crosslag.RNA.D3....Protein.D5.Original_FDR	work/SIC_reproducibility_archive_review/SIC_reproducibility_archive/frozen_results/CrossOmics/06_cross_lag_robustness_summary.csv	Direction=RNA D3 -> Protein D5	Figure 4e; SourceData_Figure4E_OXPHOS_attenuation.tsv	Use to document attenuation after centre adjustment.	Do not retain the unadjusted OXPHOS result as robust after attenuation.
C0278	Results	OXPHOS centre attenuation	cross.oxphos.crosslag.RNA.D3....Protein.D5.Center_primary_beta	-0.113756	standardized coefficient	negative	""	""	cross.oxphos.crosslag.RNA.D3....Protein.D5.Center_primary_beta	work/SIC_reproducibility_archive_review/SIC_reproducibility_archive/frozen_results/CrossOmics/06_cross_lag_robustness_summary.csv	Direction=RNA D3 -> Protein D5	Figure 4e; SourceData_Figure4E_OXPHOS_attenuation.tsv	Use to document attenuation after centre adjustment.	Do not retain the unadjusted OXPHOS result as robust after attenuation.
C0279	Results	OXPHOS centre attenuation	cross.oxphos.crosslag.RNA.D3....Protein.D5.Center_primary_FDR	0.580882	BH-FDR	positive	""	""	cross.oxphos.crosslag.RNA.D3....Protein.D5.Center_primary_FDR	work/SIC_reproducibility_archive_review/SIC_reproducibility_archive/frozen_results/CrossOmics/06_cross_lag_robustness_summary.csv	Direction=RNA D3 -> Protein D5	Figure 4e; SourceData_Figure4E_OXPHOS_attenuation.tsv	Use to document attenuation after centre adjustment.	Do not retain the unadjusted OXPHOS result as robust after attenuation.
C0280	Results	OXPHOS centre attenuation	cross.oxphos.same.D1.Original_rho	-0.214296	partial Spearman rho	negative	""	""	cross.oxphos.same.D1.Original_rho	work/SIC_reproducibility_archive_review/SIC_reproducibility_archive/frozen_results/CrossOmics/07_same_time_robustness_summary.csv	Time=D1	Figure 4e; SourceData_Figure4E_OXPHOS_attenuation.tsv	Use to document attenuation after centre adjustment.	Do not retain the unadjusted OXPHOS result as robust after attenuation.
C0281	Results	OXPHOS centre attenuation	cross.oxphos.same.D1.Original_FDR	0.0169768	BH-FDR	positive	""	""	cross.oxphos.same.D1.Original_FDR	work/SIC_reproducibility_archive_review/SIC_reproducibility_archive/frozen_results/CrossOmics/07_same_time_robustness_summary.csv	Time=D1	Figure 4e; SourceData_Figure4E_OXPHOS_attenuation.tsv	Use to document attenuation after centre adjustment.	Do not retain the unadjusted OXPHOS result as robust after attenuation.
C0282	Results	OXPHOS centre attenuation	cross.oxphos.same.D1.Center_primary_rho	-0.0649749	partial Spearman rho	negative	""	""	cross.oxphos.same.D1.Center_primary_rho	work/SIC_reproducibility_archive_review/SIC_reproducibility_archive/frozen_results/CrossOmics/07_same_time_robustness_summary.csv	Time=D1	Figure 4e; SourceData_Figure4E_OXPHOS_attenuation.tsv	Use to document attenuation after centre adjustment.	Do not retain the unadjusted OXPHOS result as robust after attenuation.
C0283	Results	OXPHOS centre attenuation	cross.oxphos.same.D1.Center_primary_FDR	0.755106	BH-FDR	positive	""	""	cross.oxphos.same.D1.Center_primary_FDR	work/SIC_reproducibility_archive_review/SIC_reproducibility_archive/frozen_results/CrossOmics/07_same_time_robustness_summary.csv	Time=D1	Figure 4e; SourceData_Figure4E_OXPHOS_attenuation.tsv	Use to document attenuation after centre adjustment.	Do not retain the unadjusted OXPHOS result as robust after attenuation.
C0284	Results	OXPHOS centre attenuation	cross.oxphos.same.D3.Original_rho	-0.256117	partial Spearman rho	negative	""	""	cross.oxphos.same.D3.Original_rho	work/SIC_reproducibility_archive_review/SIC_reproducibility_archive/frozen_results/CrossOmics/07_same_time_robustness_summary.csv	Time=D3	Figure 4e; SourceData_Figure4E_OXPHOS_attenuation.tsv	Use to document attenuation after centre adjustment.	Do not retain the unadjusted OXPHOS result as robust after attenuation.
C0285	Results	OXPHOS centre attenuation	cross.oxphos.same.D3.Original_FDR	0.00875363	BH-FDR	positive	""	""	cross.oxphos.same.D3.Original_FDR	work/SIC_reproducibility_archive_review/SIC_reproducibility_archive/frozen_results/CrossOmics/07_same_time_robustness_summary.csv	Time=D3	Figure 4e; SourceData_Figure4E_OXPHOS_attenuation.tsv	Use to document attenuation after centre adjustment.	Do not retain the unadjusted OXPHOS result as robust after attenuation.
C0286	Results	OXPHOS centre attenuation	cross.oxphos.same.D3.Center_primary_rho	-0.00294992	partial Spearman rho	negative	""	""	cross.oxphos.same.D3.Center_primary_rho	work/SIC_reproducibility_archive_review/SIC_reproducibility_archive/frozen_results/CrossOmics/07_same_time_robustness_summary.csv	Time=D3	Figure 4e; SourceData_Figure4E_OXPHOS_attenuation.tsv	Use to document attenuation after centre adjustment.	Do not retain the unadjusted OXPHOS result as robust after attenuation.
C0287	Results	OXPHOS centre attenuation	cross.oxphos.same.D3.Center_primary_FDR	0.994889	BH-FDR	positive	""	""	cross.oxphos.same.D3.Center_primary_FDR	work/SIC_reproducibility_archive_review/SIC_reproducibility_archive/frozen_results/CrossOmics/07_same_time_robustness_summary.csv	Time=D3	Figure 4e; SourceData_Figure4E_OXPHOS_attenuation.tsv	Use to document attenuation after centre adjustment.	Do not retain the unadjusted OXPHOS result as robust after attenuation.
C0288	Results	OXPHOS centre attenuation	cross.oxphos.same.D5.Original_rho	-0.287629	partial Spearman rho	negative	""	""	cross.oxphos.same.D5.Original_rho	work/SIC_reproducibility_archive_review/SIC_reproducibility_archive/frozen_results/CrossOmics/07_same_time_robustness_summary.csv	Time=D5	Figure 4e; SourceData_Figure4E_OXPHOS_attenuation.tsv	Use to document attenuation after centre adjustment.	Do not retain the unadjusted OXPHOS result as robust after attenuation.
C0289	Results	OXPHOS centre attenuation	cross.oxphos.same.D5.Original_FDR	0.00909009	BH-FDR	positive	""	""	cross.oxphos.same.D5.Original_FDR	work/SIC_reproducibility_archive_review/SIC_reproducibility_archive/frozen_results/CrossOmics/07_same_time_robustness_summary.csv	Time=D5	Figure 4e; SourceData_Figure4E_OXPHOS_attenuation.tsv	Use to document attenuation after centre adjustment.	Do not retain the unadjusted OXPHOS result as robust after attenuation.
C0290	Results	OXPHOS centre attenuation	cross.oxphos.same.D5.Center_primary_rho	-0.0577982	partial Spearman rho	negative	""	""	cross.oxphos.same.D5.Center_primary_rho	work/SIC_reproducibility_archive_review/SIC_reproducibility_archive/frozen_results/CrossOmics/07_same_time_robustness_summary.csv	Time=D5	Figure 4e; SourceData_Figure4E_OXPHOS_attenuation.tsv	Use to document attenuation after centre adjustment.	Do not retain the unadjusted OXPHOS result as robust after attenuation.
C0291	Results	OXPHOS centre attenuation	cross.oxphos.same.D5.Center_primary_FDR	0.854263	BH-FDR	positive	""	""	cross.oxphos.same.D5.Center_primary_FDR	work/SIC_reproducibility_archive_review/SIC_reproducibility_archive/frozen_results/CrossOmics/07_same_time_robustness_summary.csv	Time=D5	Figure 4e; SourceData_Figure4E_OXPHOS_attenuation.tsv	Use to document attenuation after centre adjustment.	Do not retain the unadjusted OXPHOS result as robust after attenuation.
C0292	Results	Day-5 availability/IPW	availability.weight.primary__SOFA_D3.min_probability	0.00504999	ratio	not applicable	""	""	availability.weight.primary__SOFA_D3.min_probability	outputs/SIC_reanalysis_2026-07-11/06_Availability_IPW_final/08_weight_diagnostics.csv	entry/spec=primary__SOFA_D3	Supplementary Figures A2–A3; Supplementary availability tables	Report as a diagnostic of the prespecified IPW sensitivity analysis.	Do not claim that weighting eliminated selection bias or completely balanced covariates.
C0293	Results	Day-5 availability/IPW	availability.weight.primary__SOFA_D3.max_raw_weight	20.8529	ratio	not applicable	""	""	availability.weight.primary__SOFA_D3.max_raw_weight	outputs/SIC_reanalysis_2026-07-11/06_Availability_IPW_final/08_weight_diagnostics.csv	entry/spec=primary__SOFA_D3	Supplementary Figures A2–A3; Supplementary availability tables	Report as a diagnostic of the prespecified IPW sensitivity analysis.	Do not claim that weighting eliminated selection bias or completely balanced covariates.
C0294	Results	Day-5 availability/IPW	availability.weight.primary__SOFA_D3.ESS_ratio	0.913045	ratio	not applicable	""	""	availability.weight.primary__SOFA_D3.ESS_ratio	outputs/SIC_reanalysis_2026-07-11/06_Availability_IPW_final/08_weight_diagnostics.csv	entry/spec=primary__SOFA_D3	Supplementary Figures A2–A3; Supplementary availability tables	Report as a diagnostic of the prespecified IPW sensitivity analysis.	Do not claim that weighting eliminated selection bias or completely balanced covariates.
C0295	Results	Day-5 availability/IPW	availability.weight.primary__SOFA_D3.max_abs_SMD_after	0.449853	ratio	not applicable	""	""	availability.weight.primary__SOFA_D3.max_abs_SMD_after	outputs/SIC_reanalysis_2026-07-11/06_Availability_IPW_final/08_weight_diagnostics.csv	entry/spec=primary__SOFA_D3	Supplementary Figures A2–A3; Supplementary availability tables	Report as a diagnostic of the prespecified IPW sensitivity analysis.	Do not claim that weighting eliminated selection bias or completely balanced covariates.
C0296	Results	Day-5 availability/IPW	availability.cox.entry4_SOFA_D3.genes_entering_GSEA	  14541	genes	not applicable	""	""	availability.cox.entry4_SOFA_D3.genes_entering_GSEA	outputs/SIC_reanalysis_2026-07-11/06_Availability_IPW_final/13_Cox_convergence_finite_PH_summary.csv	scenario=entry4_SOFA_D3	Supplementary Figures A2–A3; Supplementary availability tables	Report as a diagnostic of the prespecified IPW sensitivity analysis.	Do not claim that weighting eliminated selection bias or completely balanced covariates.
C0297	Sensitivity	Weighted versus unweighted Hallmark comparison	availability.comparison.entry4_SOFA_D3.spearman_NES	0.979694	Spearman rho	not applicable	""	""	availability.comparison.entry4_SOFA_D3.spearman_NES	outputs/SIC_reanalysis_2026-07-11/06_Availability_IPW_final/17_all_Hallmark_comparison_metrics.csv	scenario=entry4_SOFA_D3	Supplementary Figures A4 and A6	Use as complete-Hallmark concordance evidence for the named prespecified scenario.	Do not choose the numerically best scenario post hoc or replace the unweighted primary analysis.
C0298	Sensitivity	Weighted versus unweighted Hallmark comparison	availability.comparison.entry4_SOFA_D3.direction_agreement	0.959184	proportion	not applicable	""	""	availability.comparison.entry4_SOFA_D3.direction_agreement	outputs/SIC_reanalysis_2026-07-11/06_Availability_IPW_final/17_all_Hallmark_comparison_metrics.csv	scenario=entry4_SOFA_D3	Supplementary Figures A4 and A6	Use as complete-Hallmark concordance evidence for the named prespecified scenario.	Do not choose the numerically best scenario post hoc or replace the unweighted primary analysis.
C0299	Sensitivity	Weighted versus unweighted Hallmark comparison	availability.comparison.entry4_SOFA_D3.significant_set_jaccard	   0.88	proportion	not applicable	""	""	availability.comparison.entry4_SOFA_D3.significant_set_jaccard	outputs/SIC_reanalysis_2026-07-11/06_Availability_IPW_final/17_all_Hallmark_comparison_metrics.csv	scenario=entry4_SOFA_D3	Supplementary Figures A4 and A6	Use as complete-Hallmark concordance evidence for the named prespecified scenario.	Do not choose the numerically best scenario post hoc or replace the unweighted primary analysis.
C0300	Sensitivity	Weighted versus unweighted Hallmark comparison	availability.comparison.entry4_SOFA_noD3.spearman_NES	0.968673	Spearman rho	not applicable	""	""	availability.comparison.entry4_SOFA_noD3.spearman_NES	outputs/SIC_reanalysis_2026-07-11/06_Availability_IPW_final/17_all_Hallmark_comparison_metrics.csv	scenario=entry4_SOFA_noD3	Supplementary Figures A4 and A6	Use as complete-Hallmark concordance evidence for the named prespecified scenario.	Do not choose the numerically best scenario post hoc or replace the unweighted primary analysis.
C0301	Sensitivity	Weighted versus unweighted Hallmark comparison	availability.comparison.entry4_SOFA_noD3.direction_agreement	0.918367	proportion	not applicable	""	""	availability.comparison.entry4_SOFA_noD3.direction_agreement	outputs/SIC_reanalysis_2026-07-11/06_Availability_IPW_final/17_all_Hallmark_comparison_metrics.csv	scenario=entry4_SOFA_noD3	Supplementary Figures A4 and A6	Use as complete-Hallmark concordance evidence for the named prespecified scenario.	Do not choose the numerically best scenario post hoc or replace the unweighted primary analysis.
C0302	Sensitivity	Weighted versus unweighted Hallmark comparison	availability.comparison.entry4_SOFA_noD3.significant_set_jaccard	   0.88	proportion	not applicable	""	""	availability.comparison.entry4_SOFA_noD3.significant_set_jaccard	outputs/SIC_reanalysis_2026-07-11/06_Availability_IPW_final/17_all_Hallmark_comparison_metrics.csv	scenario=entry4_SOFA_noD3	Supplementary Figures A4 and A6	Use as complete-Hallmark concordance evidence for the named prespecified scenario.	Do not choose the numerically best scenario post hoc or replace the unweighted primary analysis.
C0303	Sensitivity	Weighted versus unweighted Hallmark comparison	availability.comparison.entry4_PF_PLT_D3.spearman_NES	0.968469	Spearman rho	not applicable	""	""	availability.comparison.entry4_PF_PLT_D3.spearman_NES	outputs/SIC_reanalysis_2026-07-11/06_Availability_IPW_final/17_all_Hallmark_comparison_metrics.csv	scenario=entry4_PF_PLT_D3	Supplementary Figures A4 and A6	Use as complete-Hallmark concordance evidence for the named prespecified scenario.	Do not choose the numerically best scenario post hoc or replace the unweighted primary analysis.
C0304	Sensitivity	Weighted versus unweighted Hallmark comparison	availability.comparison.entry4_PF_PLT_D3.direction_agreement	0.918367	proportion	not applicable	""	""	availability.comparison.entry4_PF_PLT_D3.direction_agreement	outputs/SIC_reanalysis_2026-07-11/06_Availability_IPW_final/17_all_Hallmark_comparison_metrics.csv	scenario=entry4_PF_PLT_D3	Supplementary Figures A4 and A6	Use as complete-Hallmark concordance evidence for the named prespecified scenario.	Do not choose the numerically best scenario post hoc or replace the unweighted primary analysis.
C0305	Sensitivity	Weighted versus unweighted Hallmark comparison	availability.comparison.entry4_PF_PLT_D3.significant_set_jaccard	0.758621	proportion	not applicable	""	""	availability.comparison.entry4_PF_PLT_D3.significant_set_jaccard	outputs/SIC_reanalysis_2026-07-11/06_Availability_IPW_final/17_all_Hallmark_comparison_metrics.csv	scenario=entry4_PF_PLT_D3	Supplementary Figures A4 and A6	Use as complete-Hallmark concordance evidence for the named prespecified scenario.	Do not choose the numerically best scenario post hoc or replace the unweighted primary analysis.
C0306	Sensitivity	Weighted versus unweighted Hallmark comparison	availability.comparison.entry4_PF_PLT_noD3.spearman_NES	0.954592	Spearman rho	not applicable	""	""	availability.comparison.entry4_PF_PLT_noD3.spearman_NES	outputs/SIC_reanalysis_2026-07-11/06_Availability_IPW_final/17_all_Hallmark_comparison_metrics.csv	scenario=entry4_PF_PLT_noD3	Supplementary Figures A4 and A6	Use as complete-Hallmark concordance evidence for the named prespecified scenario.	Do not choose the numerically best scenario post hoc or replace the unweighted primary analysis.
C0307	Sensitivity	Weighted versus unweighted Hallmark comparison	availability.comparison.entry4_PF_PLT_noD3.direction_agreement	0.877551	proportion	not applicable	""	""	availability.comparison.entry4_PF_PLT_noD3.direction_agreement	outputs/SIC_reanalysis_2026-07-11/06_Availability_IPW_final/17_all_Hallmark_comparison_metrics.csv	scenario=entry4_PF_PLT_noD3	Supplementary Figures A4 and A6	Use as complete-Hallmark concordance evidence for the named prespecified scenario.	Do not choose the numerically best scenario post hoc or replace the unweighted primary analysis.
C0308	Sensitivity	Weighted versus unweighted Hallmark comparison	availability.comparison.entry4_PF_PLT_noD3.significant_set_jaccard	0.758621	proportion	not applicable	""	""	availability.comparison.entry4_PF_PLT_noD3.significant_set_jaccard	outputs/SIC_reanalysis_2026-07-11/06_Availability_IPW_final/17_all_Hallmark_comparison_metrics.csv	scenario=entry4_PF_PLT_noD3	Supplementary Figures A4 and A6	Use as complete-Hallmark concordance evidence for the named prespecified scenario.	Do not choose the numerically best scenario post hoc or replace the unweighted primary analysis.
C0309	Sensitivity	Weighted versus unweighted Hallmark comparison	availability.comparison.entry3.75_SOFA_D3.spearman_NES	0.97449	Spearman rho	not applicable	""	""	availability.comparison.entry3.75_SOFA_D3.spearman_NES	outputs/SIC_reanalysis_2026-07-11/06_Availability_IPW_final/17_all_Hallmark_comparison_metrics.csv	scenario=entry3.75_SOFA_D3	Supplementary Figures A4 and A6	Use as complete-Hallmark concordance evidence for the named prespecified scenario.	Do not choose the numerically best scenario post hoc or replace the unweighted primary analysis.
C0310	Sensitivity	Weighted versus unweighted Hallmark comparison	availability.comparison.entry3.75_SOFA_D3.direction_agreement	0.918367	proportion	not applicable	""	""	availability.comparison.entry3.75_SOFA_D3.direction_agreement	outputs/SIC_reanalysis_2026-07-11/06_Availability_IPW_final/17_all_Hallmark_comparison_metrics.csv	scenario=entry3.75_SOFA_D3	Supplementary Figures A4 and A6	Use as complete-Hallmark concordance evidence for the named prespecified scenario.	Do not choose the numerically best scenario post hoc or replace the unweighted primary analysis.
C0311	Sensitivity	Weighted versus unweighted Hallmark comparison	availability.comparison.entry3.75_SOFA_D3.significant_set_jaccard	0.846154	proportion	not applicable	""	""	availability.comparison.entry3.75_SOFA_D3.significant_set_jaccard	outputs/SIC_reanalysis_2026-07-11/06_Availability_IPW_final/17_all_Hallmark_comparison_metrics.csv	scenario=entry3.75_SOFA_D3	Supplementary Figures A4 and A6	Use as complete-Hallmark concordance evidence for the named prespecified scenario.	Do not choose the numerically best scenario post hoc or replace the unweighted primary analysis.
C0312	Sensitivity	Weighted versus unweighted Hallmark comparison	availability.comparison.entry4.25_SOFA_D3.spearman_NES	0.979694	Spearman rho	not applicable	""	""	availability.comparison.entry4.25_SOFA_D3.spearman_NES	outputs/SIC_reanalysis_2026-07-11/06_Availability_IPW_final/17_all_Hallmark_comparison_metrics.csv	scenario=entry4.25_SOFA_D3	Supplementary Figures A4 and A6	Use as complete-Hallmark concordance evidence for the named prespecified scenario.	Do not choose the numerically best scenario post hoc or replace the unweighted primary analysis.
C0313	Sensitivity	Weighted versus unweighted Hallmark comparison	availability.comparison.entry4.25_SOFA_D3.direction_agreement	0.959184	proportion	not applicable	""	""	availability.comparison.entry4.25_SOFA_D3.direction_agreement	outputs/SIC_reanalysis_2026-07-11/06_Availability_IPW_final/17_all_Hallmark_comparison_metrics.csv	scenario=entry4.25_SOFA_D3	Supplementary Figures A4 and A6	Use as complete-Hallmark concordance evidence for the named prespecified scenario.	Do not choose the numerically best scenario post hoc or replace the unweighted primary analysis.
C0314	Sensitivity	Weighted versus unweighted Hallmark comparison	availability.comparison.entry4.25_SOFA_D3.significant_set_jaccard	   0.88	proportion	not applicable	""	""	availability.comparison.entry4.25_SOFA_D3.significant_set_jaccard	outputs/SIC_reanalysis_2026-07-11/06_Availability_IPW_final/17_all_Hallmark_comparison_metrics.csv	scenario=entry4.25_SOFA_D3	Supplementary Figures A4 and A6	Use as complete-Hallmark concordance evidence for the named prespecified scenario.	Do not choose the numerically best scenario post hoc or replace the unweighted primary analysis.
