pathway	analysis	gene_symbol
ADIPOGENESIS	entry4_SOFA_D3__all_valid	BCL6
ADIPOGENESIS	entry4_SOFA_D3__all_valid	GADD45A
ADIPOGENESIS	entry4_SOFA_D3__all_valid	PFKFB3
ADIPOGENESIS	entry4_SOFA_D3__all_valid	POR
ADIPOGENESIS	entry4_SOFA_D3__all_valid	RTN3
ADIPOGENESIS	entry4_SOFA_D3__all_valid	ACOX1
ADIPOGENESIS	entry4_SOFA_D3__all_valid	ITGA7
ADIPOGENESIS	entry4_SOFA_D3__all_valid	SQOR
ADIPOGENESIS	entry4_SOFA_D3__all_valid	CCNG2
ADIPOGENESIS	entry4_SOFA_D3__all_valid	STOM
ADIPOGENESIS	entry4_SOFA_D3__all_valid	PGM1
ADIPOGENESIS	entry4_SOFA_D3__all_valid	ELMOD3
ADIPOGENESIS	entry4_SOFA_D3__all_valid	GPAT4
ADIPOGENESIS	entry4_SOFA_D3__all_valid	LPCAT3
ADIPOGENESIS	entry4_SOFA_D3__all_valid	IFNGR1
ADIPOGENESIS	entry4_SOFA_D3__all_valid	TOB1
ADIPOGENESIS	entry4_SOFA_D3__all_valid	PPARG
ADIPOGENESIS	entry4_SOFA_D3__all_valid	DHRS7B
ADIPOGENESIS	entry4_SOFA_D3__all_valid	DHCR7
ADIPOGENESIS	entry4_SOFA_D3__all_valid	PPM1B
ADIPOGENESIS	entry4_SOFA_D3__all_valid	ORM1
ADIPOGENESIS	entry4_SOFA_D3__all_valid	TALDO1
ADIPOGENESIS	entry4_SOFA_D3__all_valid	TKT
ADIPOGENESIS	entry4_SOFA_D3__all_valid	GRPEL1
ADIPOGENESIS	entry4_SOFA_D3__all_valid	ALDOA
ADIPOGENESIS	entry4_SOFA_D3__all_valid	STAT5A
ADIPOGENESIS	entry4_SOFA_D3__all_valid	GBE1
ADIPOGENESIS	entry4_SOFA_D3__all_valid	CDKN2C
ADIPOGENESIS	entry4_SOFA_D3__all_valid	NABP1
ADIPOGENESIS	entry4_SOFA_D3__all_valid	BAZ2A
ADIPOGENESIS	entry4_SOFA_D3__all_valid	DHRS7
ADIPOGENESIS	entry4_SOFA_D3__all_valid	CHUK
ADIPOGENESIS	entry4_SOFA_D3__all_valid	CD151
ADIPOGENESIS	entry4_SOFA_D3__all_valid	PIM3
ADIPOGENESIS	entry4_SOFA_D3__all_valid	ITSN1
ALLOGRAFT_REJECTION	entry4_SOFA_D3__all_valid	RPS3A
ALLOGRAFT_REJECTION	entry4_SOFA_D3__all_valid	HLA-DRA
ALLOGRAFT_REJECTION	entry4_SOFA_D3__all_valid	ABCE1
ALLOGRAFT_REJECTION	entry4_SOFA_D3__all_valid	NPM1
ALLOGRAFT_REJECTION	entry4_SOFA_D3__all_valid	HLA-DMB
ALLOGRAFT_REJECTION	entry4_SOFA_D3__all_valid	CD3D
ALLOGRAFT_REJECTION	entry4_SOFA_D3__all_valid	EIF3A
ALLOGRAFT_REJECTION	entry4_SOFA_D3__all_valid	ITK
ALLOGRAFT_REJECTION	entry4_SOFA_D3__all_valid	HLA-DMA
ALLOGRAFT_REJECTION	entry4_SOFA_D3__all_valid	SIT1
ALLOGRAFT_REJECTION	entry4_SOFA_D3__all_valid	RPL9
ALLOGRAFT_REJECTION	entry4_SOFA_D3__all_valid	LY75
ALLOGRAFT_REJECTION	entry4_SOFA_D3__all_valid	TRAT1
ALLOGRAFT_REJECTION	entry4_SOFA_D3__all_valid	CD3G
ALLOGRAFT_REJECTION	entry4_SOFA_D3__all_valid	DARS1
ALLOGRAFT_REJECTION	entry4_SOFA_D3__all_valid	HLA-DOA
ALLOGRAFT_REJECTION	entry4_SOFA_D3__all_valid	RPL39
ALLOGRAFT_REJECTION	entry4_SOFA_D3__all_valid	CTSS
ALLOGRAFT_REJECTION	entry4_SOFA_D3__all_valid	ETS1
ALLOGRAFT_REJECTION	entry4_SOFA_D3__all_valid	CD28
ALLOGRAFT_REJECTION	entry4_SOFA_D3__all_valid	CD86
ALLOGRAFT_REJECTION	entry4_SOFA_D3__all_valid	UBE2N
ALLOGRAFT_REJECTION	entry4_SOFA_D3__all_valid	CD4
ALLOGRAFT_REJECTION	entry4_SOFA_D3__all_valid	CD40LG
ALLOGRAFT_REJECTION	entry4_SOFA_D3__all_valid	EIF3D
ALLOGRAFT_REJECTION	entry4_SOFA_D3__all_valid	IL7
ALLOGRAFT_REJECTION	entry4_SOFA_D3__all_valid	LY86
ALLOGRAFT_REJECTION	entry4_SOFA_D3__all_valid	CD8B
ALLOGRAFT_REJECTION	entry4_SOFA_D3__all_valid	LCK
ALLOGRAFT_REJECTION	entry4_SOFA_D3__all_valid	CD74
ALLOGRAFT_REJECTION	entry4_SOFA_D3__all_valid	RPS19
ALLOGRAFT_REJECTION	entry4_SOFA_D3__all_valid	IRF4
ALLOGRAFT_REJECTION	entry4_SOFA_D3__all_valid	CCND2
ALLOGRAFT_REJECTION	entry4_SOFA_D3__all_valid	HLA-DQA1
ALLOGRAFT_REJECTION	entry4_SOFA_D3__all_valid	TNF
ALLOGRAFT_REJECTION	entry4_SOFA_D3__all_valid	IRF8
ALLOGRAFT_REJECTION	entry4_SOFA_D3__all_valid	CD8A
ALLOGRAFT_REJECTION	entry4_SOFA_D3__all_valid	CD2
ALLOGRAFT_REJECTION	entry4_SOFA_D3__all_valid	FCGR2B
ALLOGRAFT_REJECTION	entry4_SOFA_D3__all_valid	STAT4
ALLOGRAFT_REJECTION	entry4_SOFA_D3__all_valid	ZAP70
ALLOGRAFT_REJECTION	entry4_SOFA_D3__all_valid	CCR2
ALLOGRAFT_REJECTION	entry4_SOFA_D3__all_valid	CD3E
ALLOGRAFT_REJECTION	entry4_SOFA_D3__all_valid	IL15
ALLOGRAFT_REJECTION	entry4_SOFA_D3__all_valid	CD79A
ALLOGRAFT_REJECTION	entry4_SOFA_D3__all_valid	CCR5
ALLOGRAFT_REJECTION	entry4_SOFA_D3__all_valid	HDAC9
ALLOGRAFT_REJECTION	entry4_SOFA_D3__all_valid	CXCR3
ALLOGRAFT_REJECTION	entry4_SOFA_D3__all_valid	CD40
ALLOGRAFT_REJECTION	entry4_SOFA_D3__all_valid	NME1
ALLOGRAFT_REJECTION	entry4_SOFA_D3__all_valid	CD247
ALLOGRAFT_REJECTION	entry4_SOFA_D3__all_valid	MRPL3
ANDROGEN_RESPONSE	entry4_SOFA_D3__all_valid	NDRG1
ANDROGEN_RESPONSE	entry4_SOFA_D3__all_valid	CCND3
ANDROGEN_RESPONSE	entry4_SOFA_D3__all_valid	CAMKK2
ANDROGEN_RESPONSE	entry4_SOFA_D3__all_valid	GSR
ANDROGEN_RESPONSE	entry4_SOFA_D3__all_valid	ACTN1
ANDROGEN_RESPONSE	entry4_SOFA_D3__all_valid	FKBP5
ANDROGEN_RESPONSE	entry4_SOFA_D3__all_valid	HPGD
ANDROGEN_RESPONSE	entry4_SOFA_D3__all_valid	PTK2B
ANDROGEN_RESPONSE	entry4_SOFA_D3__all_valid	IDI1
ANDROGEN_RESPONSE	entry4_SOFA_D3__all_valid	SLC38A2
ANDROGEN_RESPONSE	entry4_SOFA_D3__all_valid	HERC3
ANDROGEN_RESPONSE	entry4_SOFA_D3__all_valid	MYL12A
ANDROGEN_RESPONSE	entry4_SOFA_D3__all_valid	RPS6KA3
ANDROGEN_RESPONSE	entry4_SOFA_D3__all_valid	ACSL3
ANDROGEN_RESPONSE	entry4_SOFA_D3__all_valid	MERTK
ANDROGEN_RESPONSE	entry4_SOFA_D3__all_valid	UBE2J1
ANDROGEN_RESPONSE	entry4_SOFA_D3__all_valid	MAK
ANDROGEN_RESPONSE	entry4_SOFA_D3__all_valid	IQGAP2
ANDROGEN_RESPONSE	entry4_SOFA_D3__all_valid	VAPA
ANDROGEN_RESPONSE	entry4_SOFA_D3__all_valid	B4GALT1
ANDROGEN_RESPONSE	entry4_SOFA_D3__all_valid	ARID5B
ANDROGEN_RESPONSE	entry4_SOFA_D3__all_valid	GNAI3
ANDROGEN_RESPONSE	entry4_SOFA_D3__all_valid	SRF
ANDROGEN_RESPONSE	entry4_SOFA_D3__all_valid	PIAS1
ANGIOGENESIS	entry4_SOFA_D3__all_valid	LRPAP1
ANGIOGENESIS	entry4_SOFA_D3__all_valid	PGLYRP1
ANGIOGENESIS	entry4_SOFA_D3__all_valid	JAG1
ANGIOGENESIS	entry4_SOFA_D3__all_valid	FGFR1
ANGIOGENESIS	entry4_SOFA_D3__all_valid	APP
ANGIOGENESIS	entry4_SOFA_D3__all_valid	S100A4
ANGIOGENESIS	entry4_SOFA_D3__all_valid	TIMP1
ANGIOGENESIS	entry4_SOFA_D3__all_valid	FSTL1
ANGIOGENESIS	entry4_SOFA_D3__all_valid	VEGFA
ANGIOGENESIS	entry4_SOFA_D3__all_valid	PF4
APICAL_JUNCTION	entry4_SOFA_D3__all_valid	MAPK14
APICAL_JUNCTION	entry4_SOFA_D3__all_valid	SIRPA
APICAL_JUNCTION	entry4_SOFA_D3__all_valid	ADAM9
APICAL_JUNCTION	entry4_SOFA_D3__all_valid	MMP9
APICAL_JUNCTION	entry4_SOFA_D3__all_valid	ACTN1
APICAL_JUNCTION	entry4_SOFA_D3__all_valid	SKAP2
APICAL_JUNCTION	entry4_SOFA_D3__all_valid	CAP1
APICAL_JUNCTION	entry4_SOFA_D3__all_valid	PIK3CB
APICAL_JUNCTION	entry4_SOFA_D3__all_valid	ALOX15B
APICAL_JUNCTION	entry4_SOFA_D3__all_valid	PTEN
APICAL_JUNCTION	entry4_SOFA_D3__all_valid	SYK
APICAL_JUNCTION	entry4_SOFA_D3__all_valid	VASP
APICAL_JUNCTION	entry4_SOFA_D3__all_valid	RAC2
APICAL_JUNCTION	entry4_SOFA_D3__all_valid	MAPK13
APICAL_JUNCTION	entry4_SOFA_D3__all_valid	COL17A1
APICAL_JUNCTION	entry4_SOFA_D3__all_valid	NF1
APICAL_JUNCTION	entry4_SOFA_D3__all_valid	CNN2
APICAL_JUNCTION	entry4_SOFA_D3__all_valid	CD274
APICAL_JUNCTION	entry4_SOFA_D3__all_valid	ACTB
APICAL_JUNCTION	entry4_SOFA_D3__all_valid	B4GALT1
APICAL_JUNCTION	entry4_SOFA_D3__all_valid	IKBKG
APICAL_JUNCTION	entry4_SOFA_D3__all_valid	MAP3K20
APICAL_JUNCTION	entry4_SOFA_D3__all_valid	THBS3
APICAL_JUNCTION	entry4_SOFA_D3__all_valid	ZYX
APICAL_JUNCTION	entry4_SOFA_D3__all_valid	MYH9
APICAL_JUNCTION	entry4_SOFA_D3__all_valid	ICAM5
APICAL_JUNCTION	entry4_SOFA_D3__all_valid	ARPC2
APICAL_JUNCTION	entry4_SOFA_D3__all_valid	MSN
APICAL_JUNCTION	entry4_SOFA_D3__all_valid	ITGA10
APICAL_JUNCTION	entry4_SOFA_D3__all_valid	ICAM1
APICAL_JUNCTION	entry4_SOFA_D3__all_valid	CTNNA1
APICAL_JUNCTION	entry4_SOFA_D3__all_valid	RASA1
APICAL_JUNCTION	entry4_SOFA_D3__all_valid	FYB1
APICAL_JUNCTION	entry4_SOFA_D3__all_valid	PTPRC
APICAL_JUNCTION	entry4_SOFA_D3__all_valid	PBX2
APICAL_JUNCTION	entry4_SOFA_D3__all_valid	GNAI2
APICAL_JUNCTION	entry4_SOFA_D3__all_valid	INPPL1
APICAL_JUNCTION	entry4_SOFA_D3__all_valid	ACTN4
APICAL_JUNCTION	entry4_SOFA_D3__all_valid	NECTIN2
APICAL_JUNCTION	entry4_SOFA_D3__all_valid	SHC1
APICAL_JUNCTION	entry4_SOFA_D3__all_valid	PCDH1
APICAL_JUNCTION	entry4_SOFA_D3__all_valid	YWHAH
APICAL_JUNCTION	entry4_SOFA_D3__all_valid	MYH10
APICAL_JUNCTION	entry4_SOFA_D3__all_valid	VCL
APICAL_JUNCTION	entry4_SOFA_D3__all_valid	RSU1
APICAL_JUNCTION	entry4_SOFA_D3__all_valid	CLDN15
APICAL_JUNCTION	entry4_SOFA_D3__all_valid	PFN1
APICAL_JUNCTION	entry4_SOFA_D3__all_valid	STX4
APICAL_JUNCTION	entry4_SOFA_D3__all_valid	TAOK2
APICAL_JUNCTION	entry4_SOFA_D3__all_valid	TUBG1
APICAL_JUNCTION	entry4_SOFA_D3__all_valid	MYL12B
APICAL_JUNCTION	entry4_SOFA_D3__all_valid	BAIAP2
APICAL_JUNCTION	entry4_SOFA_D3__all_valid	MPZL1
APICAL_JUNCTION	entry4_SOFA_D3__all_valid	PARD6G
APICAL_SURFACE	entry4_SOFA_D3__all_valid	FLOT2
APICAL_SURFACE	entry4_SOFA_D3__all_valid	LYN
APICAL_SURFACE	entry4_SOFA_D3__all_valid	PCSK9
APICAL_SURFACE	entry4_SOFA_D3__all_valid	CRYBG1
APICAL_SURFACE	entry4_SOFA_D3__all_valid	B4GALT1
APICAL_SURFACE	entry4_SOFA_D3__all_valid	NCOA6
APICAL_SURFACE	entry4_SOFA_D3__all_valid	APP
APICAL_SURFACE	entry4_SOFA_D3__all_valid	IL2RG
APICAL_SURFACE	entry4_SOFA_D3__all_valid	DCBLD2
APICAL_SURFACE	entry4_SOFA_D3__all_valid	BRCA1
APICAL_SURFACE	entry4_SOFA_D3__all_valid	ADIPOR2
APOPTOSIS	entry4_SOFA_D3__all_valid	GADD45A
APOPTOSIS	entry4_SOFA_D3__all_valid	CFLAR
APOPTOSIS	entry4_SOFA_D3__all_valid	GSR
APOPTOSIS	entry4_SOFA_D3__all_valid	TIMP2
APOPTOSIS	entry4_SOFA_D3__all_valid	ADD1
APOPTOSIS	entry4_SOFA_D3__all_valid	HGF
APOPTOSIS	entry4_SOFA_D3__all_valid	GSN
APOPTOSIS	entry4_SOFA_D3__all_valid	RARA
APOPTOSIS	entry4_SOFA_D3__all_valid	IGF2R
APOPTOSIS	entry4_SOFA_D3__all_valid	RNASEL
APOPTOSIS	entry4_SOFA_D3__all_valid	PSEN1
APOPTOSIS	entry4_SOFA_D3__all_valid	CCNA1
APOPTOSIS	entry4_SOFA_D3__all_valid	IFNGR1
APOPTOSIS	entry4_SOFA_D3__all_valid	CD44
APOPTOSIS	entry4_SOFA_D3__all_valid	IFITM3
APOPTOSIS	entry4_SOFA_D3__all_valid	FAS
APOPTOSIS	entry4_SOFA_D3__all_valid	CREBBP
APOPTOSIS	entry4_SOFA_D3__all_valid	ROCK1
APOPTOSIS	entry4_SOFA_D3__all_valid	HMGB2
APOPTOSIS	entry4_SOFA_D3__all_valid	PPP2R5B
APOPTOSIS	entry4_SOFA_D3__all_valid	TSPO
APOPTOSIS	entry4_SOFA_D3__all_valid	GADD45B
APOPTOSIS	entry4_SOFA_D3__all_valid	CDKN1B
APOPTOSIS	entry4_SOFA_D3__all_valid	CTNNB1
APOPTOSIS	entry4_SOFA_D3__all_valid	IER3
APOPTOSIS	entry4_SOFA_D3__all_valid	CLU
APOPTOSIS	entry4_SOFA_D3__all_valid	EMP1
APOPTOSIS	entry4_SOFA_D3__all_valid	CASP2
APOPTOSIS	entry4_SOFA_D3__all_valid	NEDD9
APOPTOSIS	entry4_SOFA_D3__all_valid	CASP4
APOPTOSIS	entry4_SOFA_D3__all_valid	XIAP
APOPTOSIS	entry4_SOFA_D3__all_valid	DNAJC3
APOPTOSIS	entry4_SOFA_D3__all_valid	DPYD
APOPTOSIS	entry4_SOFA_D3__all_valid	BCAP31
APOPTOSIS	entry4_SOFA_D3__all_valid	TAP1
APOPTOSIS	entry4_SOFA_D3__all_valid	IRF1
APOPTOSIS	entry4_SOFA_D3__all_valid	PPP3R1
APOPTOSIS	entry4_SOFA_D3__all_valid	GNA15
APOPTOSIS	entry4_SOFA_D3__all_valid	CASP9
APOPTOSIS	entry4_SOFA_D3__all_valid	GPX3
APOPTOSIS	entry4_SOFA_D3__all_valid	ANXA1
APOPTOSIS	entry4_SOFA_D3__all_valid	TNFSF10
APOPTOSIS	entry4_SOFA_D3__all_valid	TXNIP
APOPTOSIS	entry4_SOFA_D3__all_valid	APP
BILE_ACID_METABOLISM	entry4_SOFA_D3__all_valid	ABCD2
BILE_ACID_METABOLISM	entry4_SOFA_D3__all_valid	CYP27A1
BILE_ACID_METABOLISM	entry4_SOFA_D3__all_valid	SLC23A2
BILE_ACID_METABOLISM	entry4_SOFA_D3__all_valid	PEX12
BILE_ACID_METABOLISM	entry4_SOFA_D3__all_valid	PAOX
BILE_ACID_METABOLISM	entry4_SOFA_D3__all_valid	LCK
BILE_ACID_METABOLISM	entry4_SOFA_D3__all_valid	NR3C2
BILE_ACID_METABOLISM	entry4_SOFA_D3__all_valid	EFHC1
BILE_ACID_METABOLISM	entry4_SOFA_D3__all_valid	SLC35B2
BILE_ACID_METABOLISM	entry4_SOFA_D3__all_valid	EPHX2
BILE_ACID_METABOLISM	entry4_SOFA_D3__all_valid	PHYH
BILE_ACID_METABOLISM	entry4_SOFA_D3__all_valid	IDH2
BILE_ACID_METABOLISM	entry4_SOFA_D3__all_valid	SCP2
BILE_ACID_METABOLISM	entry4_SOFA_D3__all_valid	PEX7
BILE_ACID_METABOLISM	entry4_SOFA_D3__all_valid	HSD17B4
BILE_ACID_METABOLISM	entry4_SOFA_D3__all_valid	ACSL5
BILE_ACID_METABOLISM	entry4_SOFA_D3__all_valid	HACL1
CHOLESTEROL_HOMEOSTASIS	entry4_SOFA_D3__all_valid	NFIL3
CHOLESTEROL_HOMEOSTASIS	entry4_SOFA_D3__all_valid	PLSCR1
CHOLESTEROL_HOMEOSTASIS	entry4_SOFA_D3__all_valid	NIBAN1
CHOLESTEROL_HOMEOSTASIS	entry4_SOFA_D3__all_valid	IDI1
CHOLESTEROL_HOMEOSTASIS	entry4_SOFA_D3__all_valid	PDK3
CHOLESTEROL_HOMEOSTASIS	entry4_SOFA_D3__all_valid	ALCAM
CHOLESTEROL_HOMEOSTASIS	entry4_SOFA_D3__all_valid	ABCA2
CHOLESTEROL_HOMEOSTASIS	entry4_SOFA_D3__all_valid	LDLR
CHOLESTEROL_HOMEOSTASIS	entry4_SOFA_D3__all_valid	CHKA
CHOLESTEROL_HOMEOSTASIS	entry4_SOFA_D3__all_valid	ANTXR2
CHOLESTEROL_HOMEOSTASIS	entry4_SOFA_D3__all_valid	PPARG
CHOLESTEROL_HOMEOSTASIS	entry4_SOFA_D3__all_valid	DHCR7
CHOLESTEROL_HOMEOSTASIS	entry4_SOFA_D3__all_valid	PNRC1
CHOLESTEROL_HOMEOSTASIS	entry4_SOFA_D3__all_valid	ACSS2
CHOLESTEROL_HOMEOSTASIS	entry4_SOFA_D3__all_valid	JAG1
CHOLESTEROL_HOMEOSTASIS	entry4_SOFA_D3__all_valid	CTNNB1
CHOLESTEROL_HOMEOSTASIS	entry4_SOFA_D3__all_valid	S100A11
CHOLESTEROL_HOMEOSTASIS	entry4_SOFA_D3__all_valid	CLU
CHOLESTEROL_HOMEOSTASIS	entry4_SOFA_D3__all_valid	FBXO6
COAGULATION	entry4_SOFA_D3__all_valid	ADAM9
COAGULATION	entry4_SOFA_D3__all_valid	MMP9
COAGULATION	entry4_SOFA_D3__all_valid	FURIN
COAGULATION	entry4_SOFA_D3__all_valid	SERPINA1
COAGULATION	entry4_SOFA_D3__all_valid	KLF7
COAGULATION	entry4_SOFA_D3__all_valid	GSN
COAGULATION	entry4_SOFA_D3__all_valid	RAC1
COAGULATION	entry4_SOFA_D3__all_valid	WDR1
COAGULATION	entry4_SOFA_D3__all_valid	RABIF
COAGULATION	entry4_SOFA_D3__all_valid	SERPINE1
COAGULATION	entry4_SOFA_D3__all_valid	F12
COAGULATION	entry4_SOFA_D3__all_valid	MMP8
COAGULATION	entry4_SOFA_D3__all_valid	F2RL2
COAGULATION	entry4_SOFA_D3__all_valid	CTSK
COAGULATION	entry4_SOFA_D3__all_valid	CLU
COAGULATION	entry4_SOFA_D3__all_valid	GNB2
COAGULATION	entry4_SOFA_D3__all_valid	LAMP2
COAGULATION	entry4_SOFA_D3__all_valid	THBS1
COAGULATION	entry4_SOFA_D3__all_valid	C1R
COAGULATION	entry4_SOFA_D3__all_valid	HPN
COAGULATION	entry4_SOFA_D3__all_valid	F8
COAGULATION	entry4_SOFA_D3__all_valid	CASP9
COAGULATION	entry4_SOFA_D3__all_valid	ANXA1
COAGULATION	entry4_SOFA_D3__all_valid	PLEK
COAGULATION	entry4_SOFA_D3__all_valid	PLAU
COAGULATION	entry4_SOFA_D3__all_valid	GP1BA
COAGULATION	entry4_SOFA_D3__all_valid	ITGB3
COAGULATION	entry4_SOFA_D3__all_valid	MSRB2
COAGULATION	entry4_SOFA_D3__all_valid	TIMP1
COAGULATION	entry4_SOFA_D3__all_valid	PEF1
COAGULATION	entry4_SOFA_D3__all_valid	P2RY1
COAGULATION	entry4_SOFA_D3__all_valid	CTSB
COAGULATION	entry4_SOFA_D3__all_valid	SPARC
COAGULATION	entry4_SOFA_D3__all_valid	CFB
COAGULATION	entry4_SOFA_D3__all_valid	CPQ
COAGULATION	entry4_SOFA_D3__all_valid	PF4
COAGULATION	entry4_SOFA_D3__all_valid	VWF
COAGULATION	entry4_SOFA_D3__all_valid	FN1
COAGULATION	entry4_SOFA_D3__all_valid	SERPINB2
COAGULATION	entry4_SOFA_D3__all_valid	ISCU
COAGULATION	entry4_SOFA_D3__all_valid	ARF4
COMPLEMENT	entry4_SOFA_D3__all_valid	ITGAM
COMPLEMENT	entry4_SOFA_D3__all_valid	CR1
COMPLEMENT	entry4_SOFA_D3__all_valid	ADAM9
COMPLEMENT	entry4_SOFA_D3__all_valid	PRKCD
COMPLEMENT	entry4_SOFA_D3__all_valid	HSPA1A
COMPLEMENT	entry4_SOFA_D3__all_valid	TIMP2
COMPLEMENT	entry4_SOFA_D3__all_valid	PLSCR1
COMPLEMENT	entry4_SOFA_D3__all_valid	PIK3CG
COMPLEMENT	entry4_SOFA_D3__all_valid	GCA
COMPLEMENT	entry4_SOFA_D3__all_valid	LYN
COMPLEMENT	entry4_SOFA_D3__all_valid	S100A12
COMPLEMENT	entry4_SOFA_D3__all_valid	PCSK9
COMPLEMENT	entry4_SOFA_D3__all_valid	SERPINA1
COMPLEMENT	entry4_SOFA_D3__all_valid	LCP2
COMPLEMENT	entry4_SOFA_D3__all_valid	RHOG
COMPLEMENT	entry4_SOFA_D3__all_valid	CD59
COMPLEMENT	entry4_SOFA_D3__all_valid	DGKH
COMPLEMENT	entry4_SOFA_D3__all_valid	PIM1
COMPLEMENT	entry4_SOFA_D3__all_valid	CD55
COMPLEMENT	entry4_SOFA_D3__all_valid	MSRB1
COMPLEMENT	entry4_SOFA_D3__all_valid	IRF2
COMPLEMENT	entry4_SOFA_D3__all_valid	PSEN1
COMPLEMENT	entry4_SOFA_D3__all_valid	EHD1
COMPLEMENT	entry4_SOFA_D3__all_valid	RABIF
COMPLEMENT	entry4_SOFA_D3__all_valid	S100A9
COMPLEMENT	entry4_SOFA_D3__all_valid	CDK5R1
COMPLEMENT	entry4_SOFA_D3__all_valid	F5
COMPLEMENT	entry4_SOFA_D3__all_valid	CDA
COMPLEMENT	entry4_SOFA_D3__all_valid	COL4A2
COMPLEMENT	entry4_SOFA_D3__all_valid	JAK2
COMPLEMENT	entry4_SOFA_D3__all_valid	GRB2
COMPLEMENT	entry4_SOFA_D3__all_valid	RAF1
COMPLEMENT	entry4_SOFA_D3__all_valid	SERPINE1
COMPLEMENT	entry4_SOFA_D3__all_valid	CEBPB
COMPLEMENT	entry4_SOFA_D3__all_valid	AKAP10
COMPLEMENT	entry4_SOFA_D3__all_valid	TNFAIP3
COMPLEMENT	entry4_SOFA_D3__all_valid	PIK3R5
COMPLEMENT	entry4_SOFA_D3__all_valid	MMP8
COMPLEMENT	entry4_SOFA_D3__all_valid	VCPIP1
COMPLEMENT	entry4_SOFA_D3__all_valid	CLU
COMPLEMENT	entry4_SOFA_D3__all_valid	PIK3CA
COMPLEMENT	entry4_SOFA_D3__all_valid	GNB2
COMPLEMENT	entry4_SOFA_D3__all_valid	GNAI3
COMPLEMENT	entry4_SOFA_D3__all_valid	LAMP2
COMPLEMENT	entry4_SOFA_D3__all_valid	PRSS36
COMPLEMENT	entry4_SOFA_D3__all_valid	CASP4
COMPLEMENT	entry4_SOFA_D3__all_valid	USP15
COMPLEMENT	entry4_SOFA_D3__all_valid	C1R
COMPLEMENT	entry4_SOFA_D3__all_valid	BRPF3
COMPLEMENT	entry4_SOFA_D3__all_valid	CTSD
COMPLEMENT	entry4_SOFA_D3__all_valid	CA2
DNA_REPAIR	entry4_SOFA_D3__all_valid	GTF2H3
DNA_REPAIR	entry4_SOFA_D3__all_valid	RNMT
DNA_REPAIR	entry4_SOFA_D3__all_valid	GTF2H1
DNA_REPAIR	entry4_SOFA_D3__all_valid	ERCC8
DNA_REPAIR	entry4_SOFA_D3__all_valid	NELFCD
DNA_REPAIR	entry4_SOFA_D3__all_valid	NUDT21
DNA_REPAIR	entry4_SOFA_D3__all_valid	ADA
DNA_REPAIR	entry4_SOFA_D3__all_valid	MRPL40
DNA_REPAIR	entry4_SOFA_D3__all_valid	SRSF6
DNA_REPAIR	entry4_SOFA_D3__all_valid	SF3A3
DNA_REPAIR	entry4_SOFA_D3__all_valid	NCBP2
DNA_REPAIR	entry4_SOFA_D3__all_valid	POLR1H
DNA_REPAIR	entry4_SOFA_D3__all_valid	ERCC4
DNA_REPAIR	entry4_SOFA_D3__all_valid	APRT
DNA_REPAIR	entry4_SOFA_D3__all_valid	POLR2D
DNA_REPAIR	entry4_SOFA_D3__all_valid	LIG1
DNA_REPAIR	entry4_SOFA_D3__all_valid	NFX1
DNA_REPAIR	entry4_SOFA_D3__all_valid	DUT
DNA_REPAIR	entry4_SOFA_D3__all_valid	IMPDH2
DNA_REPAIR	entry4_SOFA_D3__all_valid	ERCC3
DNA_REPAIR	entry4_SOFA_D3__all_valid	ITPA
DNA_REPAIR	entry4_SOFA_D3__all_valid	EDF1
DNA_REPAIR	entry4_SOFA_D3__all_valid	POLR1C
DNA_REPAIR	entry4_SOFA_D3__all_valid	UMPS
DNA_REPAIR	entry4_SOFA_D3__all_valid	RPA3
DNA_REPAIR	entry4_SOFA_D3__all_valid	RFC3
DNA_REPAIR	entry4_SOFA_D3__all_valid	PCNA
DNA_REPAIR	entry4_SOFA_D3__all_valid	POLR2K
DNA_REPAIR	entry4_SOFA_D3__all_valid	POLR2C
DNA_REPAIR	entry4_SOFA_D3__all_valid	ERCC5
DNA_REPAIR	entry4_SOFA_D3__all_valid	NME1
DNA_REPAIR	entry4_SOFA_D3__all_valid	GTF2A2
DNA_REPAIR	entry4_SOFA_D3__all_valid	NME3
DNA_REPAIR	entry4_SOFA_D3__all_valid	TP53
DNA_REPAIR	entry4_SOFA_D3__all_valid	RFC4
DNA_REPAIR	entry4_SOFA_D3__all_valid	AK3
DNA_REPAIR	entry4_SOFA_D3__all_valid	AAAS
DNA_REPAIR	entry4_SOFA_D3__all_valid	TAF9
DNA_REPAIR	entry4_SOFA_D3__all_valid	SEC61A1
DNA_REPAIR	entry4_SOFA_D3__all_valid	SSRP1
DNA_REPAIR	entry4_SOFA_D3__all_valid	DDB2
DNA_REPAIR	entry4_SOFA_D3__all_valid	TMED2
DNA_REPAIR	entry4_SOFA_D3__all_valid	GTF2H5
DNA_REPAIR	entry4_SOFA_D3__all_valid	DDB1
DNA_REPAIR	entry4_SOFA_D3__all_valid	PDE4B
DNA_REPAIR	entry4_SOFA_D3__all_valid	RFC5
DNA_REPAIR	entry4_SOFA_D3__all_valid	POLB
DNA_REPAIR	entry4_SOFA_D3__all_valid	REV3L
DNA_REPAIR	entry4_SOFA_D3__all_valid	POLR2H
DNA_REPAIR	entry4_SOFA_D3__all_valid	GSDME
DNA_REPAIR	entry4_SOFA_D3__all_valid	SNAPC5
DNA_REPAIR	entry4_SOFA_D3__all_valid	HPRT1
DNA_REPAIR	entry4_SOFA_D3__all_valid	TARBP2
DNA_REPAIR	entry4_SOFA_D3__all_valid	NELFE
DNA_REPAIR	entry4_SOFA_D3__all_valid	ELOA
DNA_REPAIR	entry4_SOFA_D3__all_valid	MPG
DNA_REPAIR	entry4_SOFA_D3__all_valid	TAF1C
DNA_REPAIR	entry4_SOFA_D3__all_valid	ALYREF
DNA_REPAIR	entry4_SOFA_D3__all_valid	NUDT9
DNA_REPAIR	entry4_SOFA_D3__all_valid	SMAD5
DNA_REPAIR	entry4_SOFA_D3__all_valid	POLD1
DNA_REPAIR	entry4_SOFA_D3__all_valid	CSTF3
DNA_REPAIR	entry4_SOFA_D3__all_valid	POLR3C
DNA_REPAIR	entry4_SOFA_D3__all_valid	UPF3B
DNA_REPAIR	entry4_SOFA_D3__all_valid	RALA
DNA_REPAIR	entry4_SOFA_D3__all_valid	RAD52
E2F_TARGETS	entry4_SOFA_D3__all_valid	SYNCRIP
E2F_TARGETS	entry4_SOFA_D3__all_valid	EED
E2F_TARGETS	entry4_SOFA_D3__all_valid	MAD2L1
E2F_TARGETS	entry4_SOFA_D3__all_valid	NOP56
E2F_TARGETS	entry4_SOFA_D3__all_valid	RAN
E2F_TARGETS	entry4_SOFA_D3__all_valid	PPP1R8
E2F_TARGETS	entry4_SOFA_D3__all_valid	MYC
E2F_TARGETS	entry4_SOFA_D3__all_valid	NUDT21
E2F_TARGETS	entry4_SOFA_D3__all_valid	CNOT9
E2F_TARGETS	entry4_SOFA_D3__all_valid	AK2
E2F_TARGETS	entry4_SOFA_D3__all_valid	STMN1
E2F_TARGETS	entry4_SOFA_D3__all_valid	PAICS
E2F_TARGETS	entry4_SOFA_D3__all_valid	ASF1A
E2F_TARGETS	entry4_SOFA_D3__all_valid	EIF2S1
E2F_TARGETS	entry4_SOFA_D3__all_valid	PMS2
E2F_TARGETS	entry4_SOFA_D3__all_valid	KIF22
E2F_TARGETS	entry4_SOFA_D3__all_valid	TMPO
E2F_TARGETS	entry4_SOFA_D3__all_valid	RAD50
E2F_TARGETS	entry4_SOFA_D3__all_valid	PHF5A
E2F_TARGETS	entry4_SOFA_D3__all_valid	WDR90
E2F_TARGETS	entry4_SOFA_D3__all_valid	IPO7
E2F_TARGETS	entry4_SOFA_D3__all_valid	HNRNPD
E2F_TARGETS	entry4_SOFA_D3__all_valid	LIG1
E2F_TARGETS	entry4_SOFA_D3__all_valid	DCTPP1
E2F_TARGETS	entry4_SOFA_D3__all_valid	DUT
E2F_TARGETS	entry4_SOFA_D3__all_valid	CDC25B
E2F_TARGETS	entry4_SOFA_D3__all_valid	PRDX4
E2F_TARGETS	entry4_SOFA_D3__all_valid	MLH1
E2F_TARGETS	entry4_SOFA_D3__all_valid	RPA3
E2F_TARGETS	entry4_SOFA_D3__all_valid	RFC3
E2F_TARGETS	entry4_SOFA_D3__all_valid	DNMT1
E2F_TARGETS	entry4_SOFA_D3__all_valid	RAD1
E2F_TARGETS	entry4_SOFA_D3__all_valid	PCNA
E2F_TARGETS	entry4_SOFA_D3__all_valid	SLBP
E2F_TARGETS	entry4_SOFA_D3__all_valid	PAN2
E2F_TARGETS	entry4_SOFA_D3__all_valid	NUP205
E2F_TARGETS	entry4_SOFA_D3__all_valid	NME1
E2F_TARGETS	entry4_SOFA_D3__all_valid	NUP107
E2F_TARGETS	entry4_SOFA_D3__all_valid	CDK4
E2F_TARGETS	entry4_SOFA_D3__all_valid	RBBP7
E2F_TARGETS	entry4_SOFA_D3__all_valid	TP53
E2F_TARGETS	entry4_SOFA_D3__all_valid	CSE1L
E2F_TARGETS	entry4_SOFA_D3__all_valid	RANBP1
E2F_TARGETS	entry4_SOFA_D3__all_valid	ILF3
E2F_TARGETS	entry4_SOFA_D3__all_valid	MRE11
E2F_TARGETS	entry4_SOFA_D3__all_valid	SRSF2
E2F_TARGETS	entry4_SOFA_D3__all_valid	SMC1A
E2F_TARGETS	entry4_SOFA_D3__all_valid	SMC3
E2F_TARGETS	entry4_SOFA_D3__all_valid	MCM3
E2F_TARGETS	entry4_SOFA_D3__all_valid	RFC1
E2F_TARGETS	entry4_SOFA_D3__all_valid	SSRP1
E2F_TARGETS	entry4_SOFA_D3__all_valid	CTPS1
E2F_TARGETS	entry4_SOFA_D3__all_valid	CBX5
E2F_TARGETS	entry4_SOFA_D3__all_valid	MSH2
E2F_TARGETS	entry4_SOFA_D3__all_valid	TBRG4
E2F_TARGETS	entry4_SOFA_D3__all_valid	NOLC1
E2F_TARGETS	entry4_SOFA_D3__all_valid	RPA1
E2F_TARGETS	entry4_SOFA_D3__all_valid	NAP1L1
E2F_TARGETS	entry4_SOFA_D3__all_valid	CENPM
E2F_TARGETS	entry4_SOFA_D3__all_valid	XRCC6
E2F_TARGETS	entry4_SOFA_D3__all_valid	MCM5
E2F_TARGETS	entry4_SOFA_D3__all_valid	HELLS
E2F_TARGETS	entry4_SOFA_D3__all_valid	ZW10
E2F_TARGETS	entry4_SOFA_D3__all_valid	CCNE1
E2F_TARGETS	entry4_SOFA_D3__all_valid	CKS1B
E2F_TARGETS	entry4_SOFA_D3__all_valid	CDKN2A
E2F_TARGETS	entry4_SOFA_D3__all_valid	MCM7
E2F_TARGETS	entry4_SOFA_D3__all_valid	RNASEH2A
E2F_TARGETS	entry4_SOFA_D3__all_valid	RRM2
E2F_TARGETS	entry4_SOFA_D3__all_valid	UBE2T
E2F_TARGETS	entry4_SOFA_D3__all_valid	POLD2
E2F_TARGETS	entry4_SOFA_D3__all_valid	SRSF1
E2F_TARGETS	entry4_SOFA_D3__all_valid	LYAR
E2F_TARGETS	entry4_SOFA_D3__all_valid	SMC4
E2F_TARGETS	entry4_SOFA_D3__all_valid	POLE
E2F_TARGETS	entry4_SOFA_D3__all_valid	MTHFD2
E2F_TARGETS	entry4_SOFA_D3__all_valid	PRPS1
E2F_TARGETS	entry4_SOFA_D3__all_valid	CDK1
E2F_TARGETS	entry4_SOFA_D3__all_valid	PRIM2
E2F_TARGETS	entry4_SOFA_D3__all_valid	POLD1
E2F_TARGETS	entry4_SOFA_D3__all_valid	TRA2B
E2F_TARGETS	entry4_SOFA_D3__all_valid	DSCC1
E2F_TARGETS	entry4_SOFA_D3__all_valid	RAD51C
E2F_TARGETS	entry4_SOFA_D3__all_valid	GINS3
E2F_TARGETS	entry4_SOFA_D3__all_valid	SNRPB
E2F_TARGETS	entry4_SOFA_D3__all_valid	UBR7
E2F_TARGETS	entry4_SOFA_D3__all_valid	POLE4
E2F_TARGETS	entry4_SOFA_D3__all_valid	LUC7L3
E2F_TARGETS	entry4_SOFA_D3__all_valid	TIMELESS
E2F_TARGETS	entry4_SOFA_D3__all_valid	BRMS1L
E2F_TARGETS	entry4_SOFA_D3__all_valid	TIPIN
E2F_TARGETS	entry4_SOFA_D3__all_valid	TUBB
E2F_TARGETS	entry4_SOFA_D3__all_valid	EXOSC8
E2F_TARGETS	entry4_SOFA_D3__all_valid	ORC6
E2F_TARGETS	entry4_SOFA_D3__all_valid	MMS22L
E2F_TARGETS	entry4_SOFA_D3__all_valid	DCK
E2F_TARGETS	entry4_SOFA_D3__all_valid	PLK4
E2F_TARGETS	entry4_SOFA_D3__all_valid	TCF19
E2F_TARGETS	entry4_SOFA_D3__all_valid	EZH2
E2F_TARGETS	entry4_SOFA_D3__all_valid	UNG
EPITHELIAL_MESENCHYMAL_TRANSITION	entry4_SOFA_D3__all_valid	GADD45A
EPITHELIAL_MESENCHYMAL_TRANSITION	entry4_SOFA_D3__all_valid	BASP1
EPITHELIAL_MESENCHYMAL_TRANSITION	entry4_SOFA_D3__all_valid	FBN2
EPITHELIAL_MESENCHYMAL_TRANSITION	entry4_SOFA_D3__all_valid	PCOLCE2
EPITHELIAL_MESENCHYMAL_TRANSITION	entry4_SOFA_D3__all_valid	CD59
EPITHELIAL_MESENCHYMAL_TRANSITION	entry4_SOFA_D3__all_valid	QSOX1
EPITHELIAL_MESENCHYMAL_TRANSITION	entry4_SOFA_D3__all_valid	EFEMP2
EPITHELIAL_MESENCHYMAL_TRANSITION	entry4_SOFA_D3__all_valid	CD44
EPITHELIAL_MESENCHYMAL_TRANSITION	entry4_SOFA_D3__all_valid	FAS
EPITHELIAL_MESENCHYMAL_TRANSITION	entry4_SOFA_D3__all_valid	CAPG
EPITHELIAL_MESENCHYMAL_TRANSITION	entry4_SOFA_D3__all_valid	COL4A2
EPITHELIAL_MESENCHYMAL_TRANSITION	entry4_SOFA_D3__all_valid	SERPINE1
EPITHELIAL_MESENCHYMAL_TRANSITION	entry4_SOFA_D3__all_valid	TGFB1
EPITHELIAL_MESENCHYMAL_TRANSITION	entry4_SOFA_D3__all_valid	COLGALT1
EPITHELIAL_MESENCHYMAL_TRANSITION	entry4_SOFA_D3__all_valid	AREG
EPITHELIAL_MESENCHYMAL_TRANSITION	entry4_SOFA_D3__all_valid	COL7A1
EPITHELIAL_MESENCHYMAL_TRANSITION	entry4_SOFA_D3__all_valid	NOTCH2
EPITHELIAL_MESENCHYMAL_TRANSITION	entry4_SOFA_D3__all_valid	GADD45B
EPITHELIAL_MESENCHYMAL_TRANSITION	entry4_SOFA_D3__all_valid	TNFAIP3
EPITHELIAL_MESENCHYMAL_TRANSITION	entry4_SOFA_D3__all_valid	LOXL1
EPITHELIAL_MESENCHYMAL_TRANSITION	entry4_SOFA_D3__all_valid	TPM1
EPITHELIAL_MESENCHYMAL_TRANSITION	entry4_SOFA_D3__all_valid	PFN2
EPITHELIAL_MESENCHYMAL_TRANSITION	entry4_SOFA_D3__all_valid	PLOD1
EPITHELIAL_MESENCHYMAL_TRANSITION	entry4_SOFA_D3__all_valid	THBS1
EPITHELIAL_MESENCHYMAL_TRANSITION	entry4_SOFA_D3__all_valid	COPA
EPITHELIAL_MESENCHYMAL_TRANSITION	entry4_SOFA_D3__all_valid	COL6A3
EPITHELIAL_MESENCHYMAL_TRANSITION	entry4_SOFA_D3__all_valid	PDLIM4
ESTROGEN_RESPONSE_EARLY	entry4_SOFA_D3__all_valid	IGF1R
ESTROGEN_RESPONSE_EARLY	entry4_SOFA_D3__all_valid	AFF1
ESTROGEN_RESPONSE_EARLY	entry4_SOFA_D3__all_valid	FKBP5
ESTROGEN_RESPONSE_EARLY	entry4_SOFA_D3__all_valid	RAB31
ESTROGEN_RESPONSE_EARLY	entry4_SOFA_D3__all_valid	SVIL
ESTROGEN_RESPONSE_EARLY	entry4_SOFA_D3__all_valid	MED13L
ESTROGEN_RESPONSE_EARLY	entry4_SOFA_D3__all_valid	RARA
ESTROGEN_RESPONSE_EARLY	entry4_SOFA_D3__all_valid	MREG
ESTROGEN_RESPONSE_EARLY	entry4_SOFA_D3__all_valid	TIPARP
ESTROGEN_RESPONSE_EARLY	entry4_SOFA_D3__all_valid	TTC39A
ESTROGEN_RESPONSE_EARLY	entry4_SOFA_D3__all_valid	UGCG
ESTROGEN_RESPONSE_EARLY	entry4_SOFA_D3__all_valid	SLC2A1
ESTROGEN_RESPONSE_EARLY	entry4_SOFA_D3__all_valid	FOXC1
ESTROGEN_RESPONSE_EARLY	entry4_SOFA_D3__all_valid	KDM4B
ESTROGEN_RESPONSE_EARLY	entry4_SOFA_D3__all_valid	MINDY1
ESTROGEN_RESPONSE_EARLY	entry4_SOFA_D3__all_valid	GAB2
ESTROGEN_RESPONSE_EARLY	entry4_SOFA_D3__all_valid	KAZN
ESTROGEN_RESPONSE_EARLY	entry4_SOFA_D3__all_valid	CD44
ESTROGEN_RESPONSE_EARLY	entry4_SOFA_D3__all_valid	TOB1
ESTROGEN_RESPONSE_EARLY	entry4_SOFA_D3__all_valid	CANT1
ESTROGEN_RESPONSE_EARLY	entry4_SOFA_D3__all_valid	OLFML3
ESTROGEN_RESPONSE_EARLY	entry4_SOFA_D3__all_valid	JAK2
ESTROGEN_RESPONSE_EARLY	entry4_SOFA_D3__all_valid	CHPT1
ESTROGEN_RESPONSE_EARLY	entry4_SOFA_D3__all_valid	DHCR7
ESTROGEN_RESPONSE_EARLY	entry4_SOFA_D3__all_valid	GLA
ESTROGEN_RESPONSE_EARLY	entry4_SOFA_D3__all_valid	RHOBTB3
ESTROGEN_RESPONSE_EARLY	entry4_SOFA_D3__all_valid	INHBB
ESTROGEN_RESPONSE_EARLY	entry4_SOFA_D3__all_valid	SIAH2
ESTROGEN_RESPONSE_EARLY	entry4_SOFA_D3__all_valid	FHL2
ESTROGEN_RESPONSE_EARLY	entry4_SOFA_D3__all_valid	AREG
ESTROGEN_RESPONSE_EARLY	entry4_SOFA_D3__all_valid	B4GALT1
ESTROGEN_RESPONSE_EARLY	entry4_SOFA_D3__all_valid	NADSYN1
ESTROGEN_RESPONSE_EARLY	entry4_SOFA_D3__all_valid	CISH
ESTROGEN_RESPONSE_EARLY	entry4_SOFA_D3__all_valid	ANXA9
ESTROGEN_RESPONSE_EARLY	entry4_SOFA_D3__all_valid	CA12
ESTROGEN_RESPONSE_EARLY	entry4_SOFA_D3__all_valid	SH3BP5
ESTROGEN_RESPONSE_EARLY	entry4_SOFA_D3__all_valid	KCNK5
ESTROGEN_RESPONSE_EARLY	entry4_SOFA_D3__all_valid	TUBB2B
ESTROGEN_RESPONSE_EARLY	entry4_SOFA_D3__all_valid	FLNB
ESTROGEN_RESPONSE_EARLY	entry4_SOFA_D3__all_valid	TMEM164
ESTROGEN_RESPONSE_EARLY	entry4_SOFA_D3__all_valid	MAST4
ESTROGEN_RESPONSE_EARLY	entry4_SOFA_D3__all_valid	ALDH3B1
ESTROGEN_RESPONSE_EARLY	entry4_SOFA_D3__all_valid	DLC1
ESTROGEN_RESPONSE_EARLY	entry4_SOFA_D3__all_valid	IL17RB
ESTROGEN_RESPONSE_EARLY	entry4_SOFA_D3__all_valid	AMFR
ESTROGEN_RESPONSE_EARLY	entry4_SOFA_D3__all_valid	RAPGEFL1
ESTROGEN_RESPONSE_EARLY	entry4_SOFA_D3__all_valid	SLC7A5
ESTROGEN_RESPONSE_EARLY	entry4_SOFA_D3__all_valid	ABHD2
ESTROGEN_RESPONSE_EARLY	entry4_SOFA_D3__all_valid	IL6ST
ESTROGEN_RESPONSE_LATE	entry4_SOFA_D3__all_valid	ATP2B4
ESTROGEN_RESPONSE_LATE	entry4_SOFA_D3__all_valid	AFF1
ESTROGEN_RESPONSE_LATE	entry4_SOFA_D3__all_valid	FKBP5
ESTROGEN_RESPONSE_LATE	entry4_SOFA_D3__all_valid	RAB31
ESTROGEN_RESPONSE_LATE	entry4_SOFA_D3__all_valid	SERPINA1
ESTROGEN_RESPONSE_LATE	entry4_SOFA_D3__all_valid	IMPA2
ESTROGEN_RESPONSE_LATE	entry4_SOFA_D3__all_valid	FOXC1
ESTROGEN_RESPONSE_LATE	entry4_SOFA_D3__all_valid	CCNA1
ESTROGEN_RESPONSE_LATE	entry4_SOFA_D3__all_valid	BATF
ESTROGEN_RESPONSE_LATE	entry4_SOFA_D3__all_valid	MAPK13
ESTROGEN_RESPONSE_LATE	entry4_SOFA_D3__all_valid	S100A9
ESTROGEN_RESPONSE_LATE	entry4_SOFA_D3__all_valid	CD44
ESTROGEN_RESPONSE_LATE	entry4_SOFA_D3__all_valid	TOB1
ESTROGEN_RESPONSE_LATE	entry4_SOFA_D3__all_valid	SNX10
ESTROGEN_RESPONSE_LATE	entry4_SOFA_D3__all_valid	JAK2
ESTROGEN_RESPONSE_LATE	entry4_SOFA_D3__all_valid	ST6GALNAC2
ESTROGEN_RESPONSE_LATE	entry4_SOFA_D3__all_valid	CHPT1
ESTROGEN_RESPONSE_LATE	entry4_SOFA_D3__all_valid	DHCR7
ESTROGEN_RESPONSE_LATE	entry4_SOFA_D3__all_valid	GLA
ESTROGEN_RESPONSE_LATE	entry4_SOFA_D3__all_valid	SIAH2
ESTROGEN_RESPONSE_LATE	entry4_SOFA_D3__all_valid	AREG
ESTROGEN_RESPONSE_LATE	entry4_SOFA_D3__all_valid	PTPN6
ESTROGEN_RESPONSE_LATE	entry4_SOFA_D3__all_valid	JAK1
ESTROGEN_RESPONSE_LATE	entry4_SOFA_D3__all_valid	CISH
ESTROGEN_RESPONSE_LATE	entry4_SOFA_D3__all_valid	ANXA9
ESTROGEN_RESPONSE_LATE	entry4_SOFA_D3__all_valid	CA12
ESTROGEN_RESPONSE_LATE	entry4_SOFA_D3__all_valid	CA2
ESTROGEN_RESPONSE_LATE	entry4_SOFA_D3__all_valid	KCNK5
ESTROGEN_RESPONSE_LATE	entry4_SOFA_D3__all_valid	FLNB
ESTROGEN_RESPONSE_LATE	entry4_SOFA_D3__all_valid	CKB
ESTROGEN_RESPONSE_LATE	entry4_SOFA_D3__all_valid	ZFP36
ESTROGEN_RESPONSE_LATE	entry4_SOFA_D3__all_valid	ALDH3B1
ESTROGEN_RESPONSE_LATE	entry4_SOFA_D3__all_valid	IL17RB
ESTROGEN_RESPONSE_LATE	entry4_SOFA_D3__all_valid	AMFR
ESTROGEN_RESPONSE_LATE	entry4_SOFA_D3__all_valid	RAPGEFL1
ESTROGEN_RESPONSE_LATE	entry4_SOFA_D3__all_valid	XRCC3
ESTROGEN_RESPONSE_LATE	entry4_SOFA_D3__all_valid	SLC7A5
ESTROGEN_RESPONSE_LATE	entry4_SOFA_D3__all_valid	ABHD2
ESTROGEN_RESPONSE_LATE	entry4_SOFA_D3__all_valid	IL6ST
ESTROGEN_RESPONSE_LATE	entry4_SOFA_D3__all_valid	HSPA4L
FATTY_ACID_METABOLISM	entry4_SOFA_D3__all_valid	OSTC
FATTY_ACID_METABOLISM	entry4_SOFA_D3__all_valid	MDH1
FATTY_ACID_METABOLISM	entry4_SOFA_D3__all_valid	METAP1
FATTY_ACID_METABOLISM	entry4_SOFA_D3__all_valid	APEX1
FATTY_ACID_METABOLISM	entry4_SOFA_D3__all_valid	ECHS1
FATTY_ACID_METABOLISM	entry4_SOFA_D3__all_valid	ACSS1
FATTY_ACID_METABOLISM	entry4_SOFA_D3__all_valid	ACAA2
FATTY_ACID_METABOLISM	entry4_SOFA_D3__all_valid	SUCLG2
FATTY_ACID_METABOLISM	entry4_SOFA_D3__all_valid	ECI1
FATTY_ACID_METABOLISM	entry4_SOFA_D3__all_valid	HADH
FATTY_ACID_METABOLISM	entry4_SOFA_D3__all_valid	ACAT2
FATTY_ACID_METABOLISM	entry4_SOFA_D3__all_valid	HSD17B10
FATTY_ACID_METABOLISM	entry4_SOFA_D3__all_valid	MCEE
FATTY_ACID_METABOLISM	entry4_SOFA_D3__all_valid	CBR1
FATTY_ACID_METABOLISM	entry4_SOFA_D3__all_valid	ACADM
FATTY_ACID_METABOLISM	entry4_SOFA_D3__all_valid	SDHD
FATTY_ACID_METABOLISM	entry4_SOFA_D3__all_valid	BPHL
FATTY_ACID_METABOLISM	entry4_SOFA_D3__all_valid	ADSL
FATTY_ACID_METABOLISM	entry4_SOFA_D3__all_valid	HSD17B4
FATTY_ACID_METABOLISM	entry4_SOFA_D3__all_valid	ACOT2
FATTY_ACID_METABOLISM	entry4_SOFA_D3__all_valid	ECI2
FATTY_ACID_METABOLISM	entry4_SOFA_D3__all_valid	ACSL5
FATTY_ACID_METABOLISM	entry4_SOFA_D3__all_valid	UGDH
FATTY_ACID_METABOLISM	entry4_SOFA_D3__all_valid	PDHA1
FATTY_ACID_METABOLISM	entry4_SOFA_D3__all_valid	BCKDHB
FATTY_ACID_METABOLISM	entry4_SOFA_D3__all_valid	PSME1
FATTY_ACID_METABOLISM	entry4_SOFA_D3__all_valid	MIX23
FATTY_ACID_METABOLISM	entry4_SOFA_D3__all_valid	BLVRA
FATTY_ACID_METABOLISM	entry4_SOFA_D3__all_valid	CPT2
FATTY_ACID_METABOLISM	entry4_SOFA_D3__all_valid	ODC1
FATTY_ACID_METABOLISM	entry4_SOFA_D3__all_valid	RAP1GDS1
FATTY_ACID_METABOLISM	entry4_SOFA_D3__all_valid	CD36
FATTY_ACID_METABOLISM	entry4_SOFA_D3__all_valid	PCBD1
FATTY_ACID_METABOLISM	entry4_SOFA_D3__all_valid	ALDH3A2
FATTY_ACID_METABOLISM	entry4_SOFA_D3__all_valid	GCDH
FATTY_ACID_METABOLISM	entry4_SOFA_D3__all_valid	HMGCS1
FATTY_ACID_METABOLISM	entry4_SOFA_D3__all_valid	NTHL1
FATTY_ACID_METABOLISM	entry4_SOFA_D3__all_valid	MIF
FATTY_ACID_METABOLISM	entry4_SOFA_D3__all_valid	SUCLA2
FATTY_ACID_METABOLISM	entry4_SOFA_D3__all_valid	HSD17B7
FATTY_ACID_METABOLISM	entry4_SOFA_D3__all_valid	HSPH1
FATTY_ACID_METABOLISM	entry4_SOFA_D3__all_valid	PTS
FATTY_ACID_METABOLISM	entry4_SOFA_D3__all_valid	SMS
FATTY_ACID_METABOLISM	entry4_SOFA_D3__all_valid	FH
FATTY_ACID_METABOLISM	entry4_SOFA_D3__all_valid	ENO2
FATTY_ACID_METABOLISM	entry4_SOFA_D3__all_valid	MDH2
FATTY_ACID_METABOLISM	entry4_SOFA_D3__all_valid	XIST
FATTY_ACID_METABOLISM	entry4_SOFA_D3__all_valid	EHHADH
FATTY_ACID_METABOLISM	entry4_SOFA_D3__all_valid	ACO2
FATTY_ACID_METABOLISM	entry4_SOFA_D3__all_valid	S100A10
FATTY_ACID_METABOLISM	entry4_SOFA_D3__all_valid	IDH3B
FATTY_ACID_METABOLISM	entry4_SOFA_D3__all_valid	MLYCD
FATTY_ACID_METABOLISM	entry4_SOFA_D3__all_valid	CD1D
FATTY_ACID_METABOLISM	entry4_SOFA_D3__all_valid	CRYZ
FATTY_ACID_METABOLISM	entry4_SOFA_D3__all_valid	ALDH1A1
FATTY_ACID_METABOLISM	entry4_SOFA_D3__all_valid	ECH1
FATTY_ACID_METABOLISM	entry4_SOFA_D3__all_valid	IDH3G
FATTY_ACID_METABOLISM	entry4_SOFA_D3__all_valid	RDH11
FATTY_ACID_METABOLISM	entry4_SOFA_D3__all_valid	ALDH9A1
FATTY_ACID_METABOLISM	entry4_SOFA_D3__all_valid	CPOX
FATTY_ACID_METABOLISM	entry4_SOFA_D3__all_valid	HSP90AA1
FATTY_ACID_METABOLISM	entry4_SOFA_D3__all_valid	UROS
FATTY_ACID_METABOLISM	entry4_SOFA_D3__all_valid	DLST
FATTY_ACID_METABOLISM	entry4_SOFA_D3__all_valid	ERP29
G2M_CHECKPOINT	entry4_SOFA_D3__all_valid	BUB3
G2M_CHECKPOINT	entry4_SOFA_D3__all_valid	SYNCRIP
G2M_CHECKPOINT	entry4_SOFA_D3__all_valid	G3BP1
G2M_CHECKPOINT	entry4_SOFA_D3__all_valid	SLC38A1
G2M_CHECKPOINT	entry4_SOFA_D3__all_valid	SRSF10
G2M_CHECKPOINT	entry4_SOFA_D3__all_valid	MAD2L1
G2M_CHECKPOINT	entry4_SOFA_D3__all_valid	PURA
G2M_CHECKPOINT	entry4_SOFA_D3__all_valid	NCL
G2M_CHECKPOINT	entry4_SOFA_D3__all_valid	MYC
G2M_CHECKPOINT	entry4_SOFA_D3__all_valid	CUL5
G2M_CHECKPOINT	entry4_SOFA_D3__all_valid	STMN1
G2M_CHECKPOINT	entry4_SOFA_D3__all_valid	KIF22
G2M_CHECKPOINT	entry4_SOFA_D3__all_valid	TMPO
G2M_CHECKPOINT	entry4_SOFA_D3__all_valid	RPS6KA5
G2M_CHECKPOINT	entry4_SOFA_D3__all_valid	HNRNPD
G2M_CHECKPOINT	entry4_SOFA_D3__all_valid	CDC25B
G2M_CHECKPOINT	entry4_SOFA_D3__all_valid	H2AZ2
G2M_CHECKPOINT	entry4_SOFA_D3__all_valid	HSPA8
G2M_CHECKPOINT	entry4_SOFA_D3__all_valid	PRP4K
G2M_CHECKPOINT	entry4_SOFA_D3__all_valid	SLC12A2
G2M_CHECKPOINT	entry4_SOFA_D3__all_valid	CDK4
G2M_CHECKPOINT	entry4_SOFA_D3__all_valid	TENT4A
G2M_CHECKPOINT	entry4_SOFA_D3__all_valid	ORC5
G2M_CHECKPOINT	entry4_SOFA_D3__all_valid	MTF2
G2M_CHECKPOINT	entry4_SOFA_D3__all_valid	ILF3
G2M_CHECKPOINT	entry4_SOFA_D3__all_valid	SRSF2
G2M_CHECKPOINT	entry4_SOFA_D3__all_valid	SMC1A
G2M_CHECKPOINT	entry4_SOFA_D3__all_valid	UCK2
G2M_CHECKPOINT	entry4_SOFA_D3__all_valid	MCM3
G2M_CHECKPOINT	entry4_SOFA_D3__all_valid	SS18
G2M_CHECKPOINT	entry4_SOFA_D3__all_valid	SNRPD1
G2M_CHECKPOINT	entry4_SOFA_D3__all_valid	ODC1
G2M_CHECKPOINT	entry4_SOFA_D3__all_valid	NOLC1
G2M_CHECKPOINT	entry4_SOFA_D3__all_valid	CUL1
G2M_CHECKPOINT	entry4_SOFA_D3__all_valid	DTYMK
G2M_CHECKPOINT	entry4_SOFA_D3__all_valid	SMAD3
G2M_CHECKPOINT	entry4_SOFA_D3__all_valid	FBXO5
G2M_CHECKPOINT	entry4_SOFA_D3__all_valid	HMGN2
G2M_CHECKPOINT	entry4_SOFA_D3__all_valid	MCM5
G2M_CHECKPOINT	entry4_SOFA_D3__all_valid	ABL1
G2M_CHECKPOINT	entry4_SOFA_D3__all_valid	NDC80
G2M_CHECKPOINT	entry4_SOFA_D3__all_valid	SMARCC1
G2M_CHECKPOINT	entry4_SOFA_D3__all_valid	SMC2
G2M_CHECKPOINT	entry4_SOFA_D3__all_valid	CKS1B
G2M_CHECKPOINT	entry4_SOFA_D3__all_valid	RASAL2
G2M_CHECKPOINT	entry4_SOFA_D3__all_valid	ODF2
G2M_CHECKPOINT	entry4_SOFA_D3__all_valid	MNAT1
G2M_CHECKPOINT	entry4_SOFA_D3__all_valid	GINS2
GLYCOLYSIS	entry4_SOFA_D3__all_valid	TGFA
GLYCOLYSIS	entry4_SOFA_D3__all_valid	PYGL
GLYCOLYSIS	entry4_SOFA_D3__all_valid	PHKA2
GLYCOLYSIS	entry4_SOFA_D3__all_valid	IRS2
GLYCOLYSIS	entry4_SOFA_D3__all_valid	TPST1
GLYCOLYSIS	entry4_SOFA_D3__all_valid	HK2
GLYCOLYSIS	entry4_SOFA_D3__all_valid	PKM
GLYCOLYSIS	entry4_SOFA_D3__all_valid	B4GALT4
GLYCOLYSIS	entry4_SOFA_D3__all_valid	PDK3
GLYCOLYSIS	entry4_SOFA_D3__all_valid	P4HA2
GLYCOLYSIS	entry4_SOFA_D3__all_valid	RRAGD
GLYCOLYSIS	entry4_SOFA_D3__all_valid	ABCB6
GLYCOLYSIS	entry4_SOFA_D3__all_valid	QSOX1
GLYCOLYSIS	entry4_SOFA_D3__all_valid	DSC2
GLYCOLYSIS	entry4_SOFA_D3__all_valid	SPAG4
GLYCOLYSIS	entry4_SOFA_D3__all_valid	MERTK
GLYCOLYSIS	entry4_SOFA_D3__all_valid	EXT1
GLYCOLYSIS	entry4_SOFA_D3__all_valid	CD44
GLYCOLYSIS	entry4_SOFA_D3__all_valid	LCT
GLYCOLYSIS	entry4_SOFA_D3__all_valid	LDHA
GLYCOLYSIS	entry4_SOFA_D3__all_valid	SLC16A3
GLYCOLYSIS	entry4_SOFA_D3__all_valid	PGM2
GLYCOLYSIS	entry4_SOFA_D3__all_valid	G6PD
GLYCOLYSIS	entry4_SOFA_D3__all_valid	PAM
GLYCOLYSIS	entry4_SOFA_D3__all_valid	ANKZF1
GLYCOLYSIS	entry4_SOFA_D3__all_valid	IL13RA1
GLYCOLYSIS	entry4_SOFA_D3__all_valid	PKP2
GLYCOLYSIS	entry4_SOFA_D3__all_valid	TALDO1
GLYCOLYSIS	entry4_SOFA_D3__all_valid	PGK1
GLYCOLYSIS	entry4_SOFA_D3__all_valid	B4GALT1
GLYCOLYSIS	entry4_SOFA_D3__all_valid	IER3
GLYCOLYSIS	entry4_SOFA_D3__all_valid	SAP30
GLYCOLYSIS	entry4_SOFA_D3__all_valid	ALDOA
GLYCOLYSIS	entry4_SOFA_D3__all_valid	ME2
GLYCOLYSIS	entry4_SOFA_D3__all_valid	DEPDC1
GLYCOLYSIS	entry4_SOFA_D3__all_valid	PLOD1
HEDGEHOG_SIGNALING	entry4_SOFA_D3__all_valid	ETS2
HEDGEHOG_SIGNALING	entry4_SOFA_D3__all_valid	SLIT1
HEDGEHOG_SIGNALING	entry4_SOFA_D3__all_valid	CDK5R1
HEDGEHOG_SIGNALING	entry4_SOFA_D3__all_valid	NF1
HEDGEHOG_SIGNALING	entry4_SOFA_D3__all_valid	TLE3
HEDGEHOG_SIGNALING	entry4_SOFA_D3__all_valid	GLI1
HEDGEHOG_SIGNALING	entry4_SOFA_D3__all_valid	MYH9
HEDGEHOG_SIGNALING	entry4_SOFA_D3__all_valid	TLE1
HEDGEHOG_SIGNALING	entry4_SOFA_D3__all_valid	RASA1
HEME_METABOLISM	entry4_SOFA_D3__all_valid	NFE2
HEME_METABOLISM	entry4_SOFA_D3__all_valid	CCND3
HEME_METABOLISM	entry4_SOFA_D3__all_valid	SLC22A4
HEME_METABOLISM	entry4_SOFA_D3__all_valid	GCLM
HEME_METABOLISM	entry4_SOFA_D3__all_valid	ADD1
HEME_METABOLISM	entry4_SOFA_D3__all_valid	ATP6V0A1
HEME_METABOLISM	entry4_SOFA_D3__all_valid	MBOAT2
HEME_METABOLISM	entry4_SOFA_D3__all_valid	NARF
HEME_METABOLISM	entry4_SOFA_D3__all_valid	SLC25A37
HEME_METABOLISM	entry4_SOFA_D3__all_valid	LPIN2
HEME_METABOLISM	entry4_SOFA_D3__all_valid	LRP10
HEME_METABOLISM	entry4_SOFA_D3__all_valid	FBXO34
HEME_METABOLISM	entry4_SOFA_D3__all_valid	P4HA2
HEME_METABOLISM	entry4_SOFA_D3__all_valid	FBXO9
HEME_METABOLISM	entry4_SOFA_D3__all_valid	EZH1
HEME_METABOLISM	entry4_SOFA_D3__all_valid	ABCB6
HEME_METABOLISM	entry4_SOFA_D3__all_valid	MAP2K3
HEME_METABOLISM	entry4_SOFA_D3__all_valid	MARK3
HEME_METABOLISM	entry4_SOFA_D3__all_valid	MPP1
HEME_METABOLISM	entry4_SOFA_D3__all_valid	CAST
HEME_METABOLISM	entry4_SOFA_D3__all_valid	SLC2A1
HEME_METABOLISM	entry4_SOFA_D3__all_valid	HTATIP2
HEME_METABOLISM	entry4_SOFA_D3__all_valid	ERMAP
HEME_METABOLISM	entry4_SOFA_D3__all_valid	KHNYN
HEME_METABOLISM	entry4_SOFA_D3__all_valid	GAPVD1
HEME_METABOLISM	entry4_SOFA_D3__all_valid	FOXO3
HEME_METABOLISM	entry4_SOFA_D3__all_valid	PSMD9
HEME_METABOLISM	entry4_SOFA_D3__all_valid	NR3C1
HEME_METABOLISM	entry4_SOFA_D3__all_valid	SDCBP
HEME_METABOLISM	entry4_SOFA_D3__all_valid	DCAF10
HEME_METABOLISM	entry4_SOFA_D3__all_valid	PPP2R5B
HEME_METABOLISM	entry4_SOFA_D3__all_valid	SMOX
HEME_METABOLISM	entry4_SOFA_D3__all_valid	SPTB
HEME_METABOLISM	entry4_SOFA_D3__all_valid	GDE1
HEME_METABOLISM	entry4_SOFA_D3__all_valid	PICALM
HEME_METABOLISM	entry4_SOFA_D3__all_valid	ALAD
HEME_METABOLISM	entry4_SOFA_D3__all_valid	FOXJ2
HEME_METABOLISM	entry4_SOFA_D3__all_valid	RHAG
HEME_METABOLISM	entry4_SOFA_D3__all_valid	ADIPOR1
HEME_METABOLISM	entry4_SOFA_D3__all_valid	LAMP2
HEME_METABOLISM	entry4_SOFA_D3__all_valid	SEC14L1
HEME_METABOLISM	entry4_SOFA_D3__all_valid	NUDT4
HEME_METABOLISM	entry4_SOFA_D3__all_valid	EIF2AK1
HEME_METABOLISM	entry4_SOFA_D3__all_valid	RCL1
HEME_METABOLISM	entry4_SOFA_D3__all_valid	USP15
HEME_METABOLISM	entry4_SOFA_D3__all_valid	RAP1GAP
HEME_METABOLISM	entry4_SOFA_D3__all_valid	KDM7A
HEME_METABOLISM	entry4_SOFA_D3__all_valid	CA2
HEME_METABOLISM	entry4_SOFA_D3__all_valid	HDGF
HEME_METABOLISM	entry4_SOFA_D3__all_valid	MARCHF2
HEME_METABOLISM	entry4_SOFA_D3__all_valid	TNRC6B
HEME_METABOLISM	entry4_SOFA_D3__all_valid	RANBP10
HEME_METABOLISM	entry4_SOFA_D3__all_valid	SLC66A2
HEME_METABOLISM	entry4_SOFA_D3__all_valid	LMO2
HEME_METABOLISM	entry4_SOFA_D3__all_valid	RHD
HEME_METABOLISM	entry4_SOFA_D3__all_valid	TMCC2
HEME_METABOLISM	entry4_SOFA_D3__all_valid	ANK1
HEME_METABOLISM	entry4_SOFA_D3__all_valid	KEL
HEME_METABOLISM	entry4_SOFA_D3__all_valid	ARHGEF12
HEME_METABOLISM	entry4_SOFA_D3__all_valid	RBM5
HEME_METABOLISM	entry4_SOFA_D3__all_valid	SYNJ1
HEME_METABOLISM	entry4_SOFA_D3__all_valid	TAL1
HEME_METABOLISM	entry4_SOFA_D3__all_valid	BCAM
HEME_METABOLISM	entry4_SOFA_D3__all_valid	MARCHF8
HEME_METABOLISM	entry4_SOFA_D3__all_valid	KLF3
HEME_METABOLISM	entry4_SOFA_D3__all_valid	NEK7
HEME_METABOLISM	entry4_SOFA_D3__all_valid	DMTN
HEME_METABOLISM	entry4_SOFA_D3__all_valid	E2F2
HEME_METABOLISM	entry4_SOFA_D3__all_valid	RBM38
HEME_METABOLISM	entry4_SOFA_D3__all_valid	DCAF11
HEME_METABOLISM	entry4_SOFA_D3__all_valid	CTNS
HEME_METABOLISM	entry4_SOFA_D3__all_valid	EPOR
HEME_METABOLISM	entry4_SOFA_D3__all_valid	RNF19A
HEME_METABOLISM	entry4_SOFA_D3__all_valid	HTRA2
HEME_METABOLISM	entry4_SOFA_D3__all_valid	FN3K
HEME_METABOLISM	entry4_SOFA_D3__all_valid	GATA1
HEME_METABOLISM	entry4_SOFA_D3__all_valid	BTRC
HEME_METABOLISM	entry4_SOFA_D3__all_valid	RHCE
HEME_METABOLISM	entry4_SOFA_D3__all_valid	XPO7
HEME_METABOLISM	entry4_SOFA_D3__all_valid	KAT2B
HEME_METABOLISM	entry4_SOFA_D3__all_valid	CTSB
HEME_METABOLISM	entry4_SOFA_D3__all_valid	NFE2L1
HEME_METABOLISM	entry4_SOFA_D3__all_valid	TOP1
HEME_METABOLISM	entry4_SOFA_D3__all_valid	SLC6A8
HEME_METABOLISM	entry4_SOFA_D3__all_valid	FBXO7
HEME_METABOLISM	entry4_SOFA_D3__all_valid	DAAM1
HEME_METABOLISM	entry4_SOFA_D3__all_valid	UBAC1
HEME_METABOLISM	entry4_SOFA_D3__all_valid	TRIM58
HEME_METABOLISM	entry4_SOFA_D3__all_valid	YPEL5
HEME_METABOLISM	entry4_SOFA_D3__all_valid	HAGH
HEME_METABOLISM	entry4_SOFA_D3__all_valid	CLIC2
HEME_METABOLISM	entry4_SOFA_D3__all_valid	CCDC28A
HEME_METABOLISM	entry4_SOFA_D3__all_valid	MXI1
HEME_METABOLISM	entry4_SOFA_D3__all_valid	BSG
HEME_METABOLISM	entry4_SOFA_D3__all_valid	VEZF1
HEME_METABOLISM	entry4_SOFA_D3__all_valid	HMBS
HEME_METABOLISM	entry4_SOFA_D3__all_valid	CDC27
HEME_METABOLISM	entry4_SOFA_D3__all_valid	KLF1
HEME_METABOLISM	entry4_SOFA_D3__all_valid	CDR2
HEME_METABOLISM	entry4_SOFA_D3__all_valid	OSBP2
HEME_METABOLISM	entry4_SOFA_D3__all_valid	RNF123
HEME_METABOLISM	entry4_SOFA_D3__all_valid	XK
HEME_METABOLISM	entry4_SOFA_D3__all_valid	AGPAT4
HEME_METABOLISM	entry4_SOFA_D3__all_valid	MKRN1
HEME_METABOLISM	entry4_SOFA_D3__all_valid	SLC6A9
HEME_METABOLISM	entry4_SOFA_D3__all_valid	PDZK1IP1
HYPOXIA	entry4_SOFA_D3__all_valid	NDRG1
HYPOXIA	entry4_SOFA_D3__all_valid	PFKFB3
HYPOXIA	entry4_SOFA_D3__all_valid	FOSL2
HYPOXIA	entry4_SOFA_D3__all_valid	SLC2A3
HYPOXIA	entry4_SOFA_D3__all_valid	NFIL3
HYPOXIA	entry4_SOFA_D3__all_valid	AMPD3
HYPOXIA	entry4_SOFA_D3__all_valid	TPST2
HYPOXIA	entry4_SOFA_D3__all_valid	IRS2
HYPOXIA	entry4_SOFA_D3__all_valid	NDST2
HYPOXIA	entry4_SOFA_D3__all_valid	HK2
HYPOXIA	entry4_SOFA_D3__all_valid	RBPJ
HYPOXIA	entry4_SOFA_D3__all_valid	SLC6A6
HYPOXIA	entry4_SOFA_D3__all_valid	KLF7
HYPOXIA	entry4_SOFA_D3__all_valid	JMJD6
HYPOXIA	entry4_SOFA_D3__all_valid	KLF6
HYPOXIA	entry4_SOFA_D3__all_valid	PDK3
HYPOXIA	entry4_SOFA_D3__all_valid	P4HA2
HYPOXIA	entry4_SOFA_D3__all_valid	CCNG2
HYPOXIA	entry4_SOFA_D3__all_valid	RRAGD
HYPOXIA	entry4_SOFA_D3__all_valid	TIPARP
HYPOXIA	entry4_SOFA_D3__all_valid	PIM1
HYPOXIA	entry4_SOFA_D3__all_valid	PGM1
HYPOXIA	entry4_SOFA_D3__all_valid	SLC2A1
HYPOXIA	entry4_SOFA_D3__all_valid	ADM
HYPOXIA	entry4_SOFA_D3__all_valid	WSB1
HYPOXIA	entry4_SOFA_D3__all_valid	IDS
HYPOXIA	entry4_SOFA_D3__all_valid	EXT1
HYPOXIA	entry4_SOFA_D3__all_valid	FOXO3
HYPOXIA	entry4_SOFA_D3__all_valid	LDHA
HYPOXIA	entry4_SOFA_D3__all_valid	NR3C1
HYPOXIA	entry4_SOFA_D3__all_valid	PNRC1
HYPOXIA	entry4_SOFA_D3__all_valid	PGM2
HYPOXIA	entry4_SOFA_D3__all_valid	SERPINE1
HYPOXIA	entry4_SOFA_D3__all_valid	PPP1R15A
HYPOXIA	entry4_SOFA_D3__all_valid	PAM
HYPOXIA	entry4_SOFA_D3__all_valid	SIAH2
HYPOXIA	entry4_SOFA_D3__all_valid	ANKZF1
HYPOXIA	entry4_SOFA_D3__all_valid	TNFAIP3
HYPOXIA	entry4_SOFA_D3__all_valid	PGK1
HYPOXIA	entry4_SOFA_D3__all_valid	CDKN1B
HYPOXIA	entry4_SOFA_D3__all_valid	NDST1
HYPOXIA	entry4_SOFA_D3__all_valid	IER3
HYPOXIA	entry4_SOFA_D3__all_valid	CSRP2
HYPOXIA	entry4_SOFA_D3__all_valid	HK1
HYPOXIA	entry4_SOFA_D3__all_valid	MAP3K1
HYPOXIA	entry4_SOFA_D3__all_valid	SAP30
HYPOXIA	entry4_SOFA_D3__all_valid	DUSP1
HYPOXIA	entry4_SOFA_D3__all_valid	MYH9
HYPOXIA	entry4_SOFA_D3__all_valid	ALDOA
HYPOXIA	entry4_SOFA_D3__all_valid	CA12
HYPOXIA	entry4_SOFA_D3__all_valid	GBE1
HYPOXIA	entry4_SOFA_D3__all_valid	GAPDH
HYPOXIA	entry4_SOFA_D3__all_valid	PYGM
HYPOXIA	entry4_SOFA_D3__all_valid	PLAC8
HYPOXIA	entry4_SOFA_D3__all_valid	PRDX5
HYPOXIA	entry4_SOFA_D3__all_valid	TMEM45A
HYPOXIA	entry4_SOFA_D3__all_valid	PHKG1
HYPOXIA	entry4_SOFA_D3__all_valid	ZFP36
HYPOXIA	entry4_SOFA_D3__all_valid	GYS1
HYPOXIA	entry4_SOFA_D3__all_valid	GLRX
HYPOXIA	entry4_SOFA_D3__all_valid	ZNF292
HYPOXIA	entry4_SOFA_D3__all_valid	NEDD4L
HYPOXIA	entry4_SOFA_D3__all_valid	UGP2
HYPOXIA	entry4_SOFA_D3__all_valid	CITED2
HYPOXIA	entry4_SOFA_D3__all_valid	DDIT4
IL2_STAT5_SIGNALING	entry4_SOFA_D3__all_valid	CST7
IL2_STAT5_SIGNALING	entry4_SOFA_D3__all_valid	NDRG1
IL2_STAT5_SIGNALING	entry4_SOFA_D3__all_valid	MAPKAPK2
IL2_STAT5_SIGNALING	entry4_SOFA_D3__all_valid	IL1R2
IL2_STAT5_SIGNALING	entry4_SOFA_D3__all_valid	CCND3
IL2_STAT5_SIGNALING	entry4_SOFA_D3__all_valid	IGF1R
IL2_STAT5_SIGNALING	entry4_SOFA_D3__all_valid	SLC2A3
IL2_STAT5_SIGNALING	entry4_SOFA_D3__all_valid	NFIL3
IL2_STAT5_SIGNALING	entry4_SOFA_D3__all_valid	CKAP4
IL2_STAT5_SIGNALING	entry4_SOFA_D3__all_valid	PLSCR1
IL2_STAT5_SIGNALING	entry4_SOFA_D3__all_valid	FURIN
IL2_STAT5_SIGNALING	entry4_SOFA_D3__all_valid	SCN9A
IL2_STAT5_SIGNALING	entry4_SOFA_D3__all_valid	HK2
IL2_STAT5_SIGNALING	entry4_SOFA_D3__all_valid	HIPK2
IL2_STAT5_SIGNALING	entry4_SOFA_D3__all_valid	MXD1
IL2_STAT5_SIGNALING	entry4_SOFA_D3__all_valid	IL4R
IL2_STAT5_SIGNALING	entry4_SOFA_D3__all_valid	HYCC2
IL2_STAT5_SIGNALING	entry4_SOFA_D3__all_valid	IL18R1
IL2_STAT5_SIGNALING	entry4_SOFA_D3__all_valid	KLF6
IL2_STAT5_SIGNALING	entry4_SOFA_D3__all_valid	ALCAM
IL2_STAT5_SIGNALING	entry4_SOFA_D3__all_valid	IGF2R
IL2_STAT5_SIGNALING	entry4_SOFA_D3__all_valid	RRAGD
IL2_STAT5_SIGNALING	entry4_SOFA_D3__all_valid	PIM1
IL2_STAT5_SIGNALING	entry4_SOFA_D3__all_valid	ADAM19
IL2_STAT5_SIGNALING	entry4_SOFA_D3__all_valid	SELL
IL2_STAT5_SIGNALING	entry4_SOFA_D3__all_valid	DENND5A
IL2_STAT5_SIGNALING	entry4_SOFA_D3__all_valid	IFNGR1
IL2_STAT5_SIGNALING	entry4_SOFA_D3__all_valid	BATF
IL2_STAT5_SIGNALING	entry4_SOFA_D3__all_valid	CD44
IL2_STAT5_SIGNALING	entry4_SOFA_D3__all_valid	IFITM3
IL2_STAT5_SIGNALING	entry4_SOFA_D3__all_valid	PLEC
IL2_STAT5_SIGNALING	entry4_SOFA_D3__all_valid	SMPDL3A
IL2_STAT5_SIGNALING	entry4_SOFA_D3__all_valid	CAPG
IL2_STAT5_SIGNALING	entry4_SOFA_D3__all_valid	CAPN3
IL2_STAT5_SIGNALING	entry4_SOFA_D3__all_valid	IL1RL1
IL2_STAT5_SIGNALING	entry4_SOFA_D3__all_valid	CSF1
IL2_STAT5_SIGNALING	entry4_SOFA_D3__all_valid	MAP3K8
IL2_STAT5_SIGNALING	entry4_SOFA_D3__all_valid	ST3GAL4
IL2_STAT5_SIGNALING	entry4_SOFA_D3__all_valid	GLIPR2
IL2_STAT5_SIGNALING	entry4_SOFA_D3__all_valid	GADD45B
IL2_STAT5_SIGNALING	entry4_SOFA_D3__all_valid	GABARAPL1
IL2_STAT5_SIGNALING	entry4_SOFA_D3__all_valid	SLC39A8
IL2_STAT5_SIGNALING	entry4_SOFA_D3__all_valid	DCPS
IL2_STAT5_SIGNALING	entry4_SOFA_D3__all_valid	F2RL2
IL2_STAT5_SIGNALING	entry4_SOFA_D3__all_valid	SPRED2
IL2_STAT5_SIGNALING	entry4_SOFA_D3__all_valid	ETFBKMT
IL2_STAT5_SIGNALING	entry4_SOFA_D3__all_valid	CISH
IL2_STAT5_SIGNALING	entry4_SOFA_D3__all_valid	EMP1
IL6_JAK_STAT3_SIGNALING	entry4_SOFA_D3__all_valid	IL1R2
IL6_JAK_STAT3_SIGNALING	entry4_SOFA_D3__all_valid	IL1R1
IL6_JAK_STAT3_SIGNALING	entry4_SOFA_D3__all_valid	IL17RA
IL6_JAK_STAT3_SIGNALING	entry4_SOFA_D3__all_valid	STAT3
IL6_JAK_STAT3_SIGNALING	entry4_SOFA_D3__all_valid	SOCS3
IL6_JAK_STAT3_SIGNALING	entry4_SOFA_D3__all_valid	IFNAR1
IL6_JAK_STAT3_SIGNALING	entry4_SOFA_D3__all_valid	IL10RB
IL6_JAK_STAT3_SIGNALING	entry4_SOFA_D3__all_valid	TNFRSF1A
IL6_JAK_STAT3_SIGNALING	entry4_SOFA_D3__all_valid	ACVR1B
IL6_JAK_STAT3_SIGNALING	entry4_SOFA_D3__all_valid	IL4R
IL6_JAK_STAT3_SIGNALING	entry4_SOFA_D3__all_valid	IFNGR2
IL6_JAK_STAT3_SIGNALING	entry4_SOFA_D3__all_valid	IL18R1
IL6_JAK_STAT3_SIGNALING	entry4_SOFA_D3__all_valid	TLR2
IL6_JAK_STAT3_SIGNALING	entry4_SOFA_D3__all_valid	PTPN1
IL6_JAK_STAT3_SIGNALING	entry4_SOFA_D3__all_valid	PIM1
IL6_JAK_STAT3_SIGNALING	entry4_SOFA_D3__all_valid	CSF3R
IL6_JAK_STAT3_SIGNALING	entry4_SOFA_D3__all_valid	PDGFC
IL6_JAK_STAT3_SIGNALING	entry4_SOFA_D3__all_valid	CSF2RB
IL6_JAK_STAT3_SIGNALING	entry4_SOFA_D3__all_valid	IFNGR1
IL6_JAK_STAT3_SIGNALING	entry4_SOFA_D3__all_valid	CSF2RA
IL6_JAK_STAT3_SIGNALING	entry4_SOFA_D3__all_valid	CD44
IL6_JAK_STAT3_SIGNALING	entry4_SOFA_D3__all_valid	FAS
IL6_JAK_STAT3_SIGNALING	entry4_SOFA_D3__all_valid	CBL
IL6_JAK_STAT3_SIGNALING	entry4_SOFA_D3__all_valid	GRB2
IL6_JAK_STAT3_SIGNALING	entry4_SOFA_D3__all_valid	MYD88
IL6_JAK_STAT3_SIGNALING	entry4_SOFA_D3__all_valid	CSF1
IL6_JAK_STAT3_SIGNALING	entry4_SOFA_D3__all_valid	MAP3K8
IL6_JAK_STAT3_SIGNALING	entry4_SOFA_D3__all_valid	TGFB1
IL6_JAK_STAT3_SIGNALING	entry4_SOFA_D3__all_valid	IL13RA1
IL6_JAK_STAT3_SIGNALING	entry4_SOFA_D3__all_valid	PIK3R5
INFLAMMATORY_RESPONSE	entry4_SOFA_D3__all_valid	IL1R1
INFLAMMATORY_RESPONSE	entry4_SOFA_D3__all_valid	KIF1B
INFLAMMATORY_RESPONSE	entry4_SOFA_D3__all_valid	IL18RAP
INFLAMMATORY_RESPONSE	entry4_SOFA_D3__all_valid	IFNAR1
INFLAMMATORY_RESPONSE	entry4_SOFA_D3__all_valid	LYN
INFLAMMATORY_RESPONSE	entry4_SOFA_D3__all_valid	ACVR1B
INFLAMMATORY_RESPONSE	entry4_SOFA_D3__all_valid	PTPRE
INFLAMMATORY_RESPONSE	entry4_SOFA_D3__all_valid	MXD1
INFLAMMATORY_RESPONSE	entry4_SOFA_D3__all_valid	IL4R
INFLAMMATORY_RESPONSE	entry4_SOFA_D3__all_valid	LCP2
INFLAMMATORY_RESPONSE	entry4_SOFA_D3__all_valid	IFITM1
INFLAMMATORY_RESPONSE	entry4_SOFA_D3__all_valid	IFNGR2
INFLAMMATORY_RESPONSE	entry4_SOFA_D3__all_valid	PROK2
INFLAMMATORY_RESPONSE	entry4_SOFA_D3__all_valid	IL18R1
INFLAMMATORY_RESPONSE	entry4_SOFA_D3__all_valid	RHOG
INFLAMMATORY_RESPONSE	entry4_SOFA_D3__all_valid	FPR1
INFLAMMATORY_RESPONSE	entry4_SOFA_D3__all_valid	KLF6
INFLAMMATORY_RESPONSE	entry4_SOFA_D3__all_valid	AQP9
INFLAMMATORY_RESPONSE	entry4_SOFA_D3__all_valid	MEFV
INFLAMMATORY_RESPONSE	entry4_SOFA_D3__all_valid	TLR2
INFLAMMATORY_RESPONSE	entry4_SOFA_D3__all_valid	RNF144B
INFLAMMATORY_RESPONSE	entry4_SOFA_D3__all_valid	OSM
INFLAMMATORY_RESPONSE	entry4_SOFA_D3__all_valid	IRAK2
INFLAMMATORY_RESPONSE	entry4_SOFA_D3__all_valid	NFKB1
INFLAMMATORY_RESPONSE	entry4_SOFA_D3__all_valid	CD55
INFLAMMATORY_RESPONSE	entry4_SOFA_D3__all_valid	NFKBIA
INFLAMMATORY_RESPONSE	entry4_SOFA_D3__all_valid	CSF3R
INFLAMMATORY_RESPONSE	entry4_SOFA_D3__all_valid	SELL
INFLAMMATORY_RESPONSE	entry4_SOFA_D3__all_valid	CD82
INFLAMMATORY_RESPONSE	entry4_SOFA_D3__all_valid	LDLR
INFLAMMATORY_RESPONSE	entry4_SOFA_D3__all_valid	PSEN1
INFLAMMATORY_RESPONSE	entry4_SOFA_D3__all_valid	C3AR1
INFLAMMATORY_RESPONSE	entry4_SOFA_D3__all_valid	ADM
INFLAMMATORY_RESPONSE	entry4_SOFA_D3__all_valid	PTAFR
INFLAMMATORY_RESPONSE	entry4_SOFA_D3__all_valid	HIF1A
INFLAMMATORY_RESPONSE	entry4_SOFA_D3__all_valid	SEMA4D
INFLAMMATORY_RESPONSE	entry4_SOFA_D3__all_valid	NLRP3
INFLAMMATORY_RESPONSE	entry4_SOFA_D3__all_valid	SGMS2
INFLAMMATORY_RESPONSE	entry4_SOFA_D3__all_valid	RAF1
INFLAMMATORY_RESPONSE	entry4_SOFA_D3__all_valid	CSF1
INFLAMMATORY_RESPONSE	entry4_SOFA_D3__all_valid	TAPBP
INFLAMMATORY_RESPONSE	entry4_SOFA_D3__all_valid	ADGRE1
INFLAMMATORY_RESPONSE	entry4_SOFA_D3__all_valid	SERPINE1
INFLAMMATORY_RESPONSE	entry4_SOFA_D3__all_valid	PIK3R5
INFLAMMATORY_RESPONSE	entry4_SOFA_D3__all_valid	EIF2AK2
INFLAMMATORY_RESPONSE	entry4_SOFA_D3__all_valid	SLC31A2
INFLAMMATORY_RESPONSE	entry4_SOFA_D3__all_valid	FFAR2
INFLAMMATORY_RESPONSE	entry4_SOFA_D3__all_valid	KCNJ2
INFLAMMATORY_RESPONSE	entry4_SOFA_D3__all_valid	CLEC5A
INFLAMMATORY_RESPONSE	entry4_SOFA_D3__all_valid	GNAI3
INFLAMMATORY_RESPONSE	entry4_SOFA_D3__all_valid	NAMPT
INFLAMMATORY_RESPONSE	entry4_SOFA_D3__all_valid	TLR1
INFLAMMATORY_RESPONSE	entry4_SOFA_D3__all_valid	HPN
INFLAMMATORY_RESPONSE	entry4_SOFA_D3__all_valid	ICAM1
INFLAMMATORY_RESPONSE	entry4_SOFA_D3__all_valid	NOD2
INTERFERON_ALPHA_RESPONSE	entry4_SOFA_D3__all_valid	TRIM25
INTERFERON_ALPHA_RESPONSE	entry4_SOFA_D3__all_valid	PLSCR1
INTERFERON_ALPHA_RESPONSE	entry4_SOFA_D3__all_valid	ADAR
INTERFERON_ALPHA_RESPONSE	entry4_SOFA_D3__all_valid	IL4R
INTERFERON_ALPHA_RESPONSE	entry4_SOFA_D3__all_valid	IFITM1
INTERFERON_ALPHA_RESPONSE	entry4_SOFA_D3__all_valid	IFITM2
INTERFERON_ALPHA_RESPONSE	entry4_SOFA_D3__all_valid	IRF2
INTERFERON_ALPHA_RESPONSE	entry4_SOFA_D3__all_valid	SELL
INTERFERON_ALPHA_RESPONSE	entry4_SOFA_D3__all_valid	TRAFD1
INTERFERON_ALPHA_RESPONSE	entry4_SOFA_D3__all_valid	TMEM140
INTERFERON_ALPHA_RESPONSE	entry4_SOFA_D3__all_valid	TRIM21
INTERFERON_ALPHA_RESPONSE	entry4_SOFA_D3__all_valid	IFITM3
INTERFERON_ALPHA_RESPONSE	entry4_SOFA_D3__all_valid	CSF1
INTERFERON_ALPHA_RESPONSE	entry4_SOFA_D3__all_valid	TRIM5
INTERFERON_ALPHA_RESPONSE	entry4_SOFA_D3__all_valid	PARP9
INTERFERON_ALPHA_RESPONSE	entry4_SOFA_D3__all_valid	EIF2AK2
INTERFERON_ALPHA_RESPONSE	entry4_SOFA_D3__all_valid	IRF9
INTERFERON_ALPHA_RESPONSE	entry4_SOFA_D3__all_valid	TDRD7
INTERFERON_ALPHA_RESPONSE	entry4_SOFA_D3__all_valid	GMPR
INTERFERON_ALPHA_RESPONSE	entry4_SOFA_D3__all_valid	SP110
INTERFERON_ALPHA_RESPONSE	entry4_SOFA_D3__all_valid	HELZ2
INTERFERON_ALPHA_RESPONSE	entry4_SOFA_D3__all_valid	GBP2
INTERFERON_ALPHA_RESPONSE	entry4_SOFA_D3__all_valid	TAP1
INTERFERON_ALPHA_RESPONSE	entry4_SOFA_D3__all_valid	IRF1
INTERFERON_ALPHA_RESPONSE	entry4_SOFA_D3__all_valid	NMI
INTERFERON_ALPHA_RESPONSE	entry4_SOFA_D3__all_valid	SLC25A28
INTERFERON_ALPHA_RESPONSE	entry4_SOFA_D3__all_valid	OGFR
INTERFERON_ALPHA_RESPONSE	entry4_SOFA_D3__all_valid	TXNIP
INTERFERON_ALPHA_RESPONSE	entry4_SOFA_D3__all_valid	HLA-C
INTERFERON_ALPHA_RESPONSE	entry4_SOFA_D3__all_valid	IRF7
INTERFERON_ALPHA_RESPONSE	entry4_SOFA_D3__all_valid	RNF31
INTERFERON_ALPHA_RESPONSE	entry4_SOFA_D3__all_valid	BATF2
INTERFERON_ALPHA_RESPONSE	entry4_SOFA_D3__all_valid	MOV10
INTERFERON_GAMMA_RESPONSE	entry4_SOFA_D3__all_valid	TRIM25
INTERFERON_GAMMA_RESPONSE	entry4_SOFA_D3__all_valid	UPP1
INTERFERON_GAMMA_RESPONSE	entry4_SOFA_D3__all_valid	STAT3
INTERFERON_GAMMA_RESPONSE	entry4_SOFA_D3__all_valid	LATS2
INTERFERON_GAMMA_RESPONSE	entry4_SOFA_D3__all_valid	EIF4E3
INTERFERON_GAMMA_RESPONSE	entry4_SOFA_D3__all_valid	PLSCR1
INTERFERON_GAMMA_RESPONSE	entry4_SOFA_D3__all_valid	SOCS3
INTERFERON_GAMMA_RESPONSE	entry4_SOFA_D3__all_valid	ADAR
INTERFERON_GAMMA_RESPONSE	entry4_SOFA_D3__all_valid	IL4R
INTERFERON_GAMMA_RESPONSE	entry4_SOFA_D3__all_valid	LCP2
INTERFERON_GAMMA_RESPONSE	entry4_SOFA_D3__all_valid	FPR1
INTERFERON_GAMMA_RESPONSE	entry4_SOFA_D3__all_valid	NLRC5
INTERFERON_GAMMA_RESPONSE	entry4_SOFA_D3__all_valid	PTPN1
INTERFERON_GAMMA_RESPONSE	entry4_SOFA_D3__all_valid	NFKB1
INTERFERON_GAMMA_RESPONSE	entry4_SOFA_D3__all_valid	PIM1
INTERFERON_GAMMA_RESPONSE	entry4_SOFA_D3__all_valid	NFKBIA
INTERFERON_GAMMA_RESPONSE	entry4_SOFA_D3__all_valid	IFITM2
INTERFERON_GAMMA_RESPONSE	entry4_SOFA_D3__all_valid	IRF2
INTERFERON_GAMMA_RESPONSE	entry4_SOFA_D3__all_valid	TRAFD1
INTERFERON_GAMMA_RESPONSE	entry4_SOFA_D3__all_valid	CSF2RB
INTERFERON_GAMMA_RESPONSE	entry4_SOFA_D3__all_valid	ZNFX1
INTERFERON_GAMMA_RESPONSE	entry4_SOFA_D3__all_valid	TRIM21
INTERFERON_GAMMA_RESPONSE	entry4_SOFA_D3__all_valid	IFITM3
INTERFERON_GAMMA_RESPONSE	entry4_SOFA_D3__all_valid	HIF1A
INTERFERON_GAMMA_RESPONSE	entry4_SOFA_D3__all_valid	FAS
INTERFERON_GAMMA_RESPONSE	entry4_SOFA_D3__all_valid	JAK2
INTERFERON_GAMMA_RESPONSE	entry4_SOFA_D3__all_valid	MYD88
INTERFERON_GAMMA_RESPONSE	entry4_SOFA_D3__all_valid	TAPBP
INTERFERON_GAMMA_RESPONSE	entry4_SOFA_D3__all_valid	TMT1B
INTERFERON_GAMMA_RESPONSE	entry4_SOFA_D3__all_valid	MVP
INTERFERON_GAMMA_RESPONSE	entry4_SOFA_D3__all_valid	CD274
INTERFERON_GAMMA_RESPONSE	entry4_SOFA_D3__all_valid	PTPN6
INTERFERON_GAMMA_RESPONSE	entry4_SOFA_D3__all_valid	TNFAIP3
INTERFERON_GAMMA_RESPONSE	entry4_SOFA_D3__all_valid	EIF2AK2
INTERFERON_GAMMA_RESPONSE	entry4_SOFA_D3__all_valid	PELI1
INTERFERON_GAMMA_RESPONSE	entry4_SOFA_D3__all_valid	ARID5B
INTERFERON_GAMMA_RESPONSE	entry4_SOFA_D3__all_valid	RNF213
INTERFERON_GAMMA_RESPONSE	entry4_SOFA_D3__all_valid	RIPK1
INTERFERON_GAMMA_RESPONSE	entry4_SOFA_D3__all_valid	TOR1B
INTERFERON_GAMMA_RESPONSE	entry4_SOFA_D3__all_valid	NAMPT
INTERFERON_GAMMA_RESPONSE	entry4_SOFA_D3__all_valid	IRF9
INTERFERON_GAMMA_RESPONSE	entry4_SOFA_D3__all_valid	TDRD7
INTERFERON_GAMMA_RESPONSE	entry4_SOFA_D3__all_valid	CASP4
INTERFERON_GAMMA_RESPONSE	entry4_SOFA_D3__all_valid	C1R
INTERFERON_GAMMA_RESPONSE	entry4_SOFA_D3__all_valid	FCGR1A
INTERFERON_GAMMA_RESPONSE	entry4_SOFA_D3__all_valid	ICAM1
INTERFERON_GAMMA_RESPONSE	entry4_SOFA_D3__all_valid	SP110
INTERFERON_GAMMA_RESPONSE	entry4_SOFA_D3__all_valid	SOCS1
INTERFERON_GAMMA_RESPONSE	entry4_SOFA_D3__all_valid	IFNAR2
INTERFERON_GAMMA_RESPONSE	entry4_SOFA_D3__all_valid	HELZ2
INTERFERON_GAMMA_RESPONSE	entry4_SOFA_D3__all_valid	TAP1
INTERFERON_GAMMA_RESPONSE	entry4_SOFA_D3__all_valid	MX2
INTERFERON_GAMMA_RESPONSE	entry4_SOFA_D3__all_valid	IRF1
INTERFERON_GAMMA_RESPONSE	entry4_SOFA_D3__all_valid	NMI
INTERFERON_GAMMA_RESPONSE	entry4_SOFA_D3__all_valid	RBCK1
INTERFERON_GAMMA_RESPONSE	entry4_SOFA_D3__all_valid	TNFAIP6
INTERFERON_GAMMA_RESPONSE	entry4_SOFA_D3__all_valid	SLC25A28
INTERFERON_GAMMA_RESPONSE	entry4_SOFA_D3__all_valid	OGFR
INTERFERON_GAMMA_RESPONSE	entry4_SOFA_D3__all_valid	PML
INTERFERON_GAMMA_RESPONSE	entry4_SOFA_D3__all_valid	SPPL2A
INTERFERON_GAMMA_RESPONSE	entry4_SOFA_D3__all_valid	TNFSF10
INTERFERON_GAMMA_RESPONSE	entry4_SOFA_D3__all_valid	TXNIP
INTERFERON_GAMMA_RESPONSE	entry4_SOFA_D3__all_valid	SELP
INTERFERON_GAMMA_RESPONSE	entry4_SOFA_D3__all_valid	ST8SIA4
KRAS_SIGNALING_DN	entry4_SOFA_D3__all_valid	ZBTB16
KRAS_SIGNALING_DN	entry4_SOFA_D3__all_valid	PTPRJ
KRAS_SIGNALING_DN	entry4_SOFA_D3__all_valid	ASB7
KRAS_SIGNALING_DN	entry4_SOFA_D3__all_valid	ENTPD7
KRAS_SIGNALING_DN	entry4_SOFA_D3__all_valid	CPEB3
KRAS_SIGNALING_DN	entry4_SOFA_D3__all_valid	TG
KRAS_SIGNALING_DN	entry4_SOFA_D3__all_valid	MEFV
KRAS_SIGNALING_DN	entry4_SOFA_D3__all_valid	CCNA1
KRAS_SIGNALING_DN	entry4_SOFA_D3__all_valid	STAG3
KRAS_SIGNALING_DN	entry4_SOFA_D3__all_valid	KCND1
KRAS_SIGNALING_DN	entry4_SOFA_D3__all_valid	MAST3
KRAS_SIGNALING_DN	entry4_SOFA_D3__all_valid	NR6A1
KRAS_SIGNALING_DN	entry4_SOFA_D3__all_valid	PTGFR
KRAS_SIGNALING_DN	entry4_SOFA_D3__all_valid	HSD11B2
KRAS_SIGNALING_DN	entry4_SOFA_D3__all_valid	KMT2D
KRAS_SIGNALING_DN	entry4_SOFA_D3__all_valid	BARD1
KRAS_SIGNALING_UP	entry4_SOFA_D3__all_valid	MMP9
KRAS_SIGNALING_UP	entry4_SOFA_D3__all_valid	ARG1
KRAS_SIGNALING_UP	entry4_SOFA_D3__all_valid	LAT2
KRAS_SIGNALING_UP	entry4_SOFA_D3__all_valid	AVL9
KRAS_SIGNALING_UP	entry4_SOFA_D3__all_valid	CDADC1
KRAS_SIGNALING_UP	entry4_SOFA_D3__all_valid	GALNT3
KRAS_SIGNALING_UP	entry4_SOFA_D3__all_valid	TLR8
KRAS_SIGNALING_UP	entry4_SOFA_D3__all_valid	C3AR1
KRAS_SIGNALING_UP	entry4_SOFA_D3__all_valid	CSF2RA
KRAS_SIGNALING_UP	entry4_SOFA_D3__all_valid	DOCK2
KRAS_SIGNALING_UP	entry4_SOFA_D3__all_valid	TOR1AIP2
KRAS_SIGNALING_UP	entry4_SOFA_D3__all_valid	F2RL1
KRAS_SIGNALING_UP	entry4_SOFA_D3__all_valid	LCP1
KRAS_SIGNALING_UP	entry4_SOFA_D3__all_valid	CBL
KRAS_SIGNALING_UP	entry4_SOFA_D3__all_valid	PTBP2
KRAS_SIGNALING_UP	entry4_SOFA_D3__all_valid	NIN
KRAS_SIGNALING_UP	entry4_SOFA_D3__all_valid	PPP1R15A
KRAS_SIGNALING_UP	entry4_SOFA_D3__all_valid	ADAM17
KRAS_SIGNALING_UP	entry4_SOFA_D3__all_valid	GADD45G
KRAS_SIGNALING_UP	entry4_SOFA_D3__all_valid	TNFAIP3
KRAS_SIGNALING_UP	entry4_SOFA_D3__all_valid	MAP3K1
KRAS_SIGNALING_UP	entry4_SOFA_D3__all_valid	TRIB1
KRAS_SIGNALING_UP	entry4_SOFA_D3__all_valid	MTMR10
KRAS_SIGNALING_UP	entry4_SOFA_D3__all_valid	EMP1
KRAS_SIGNALING_UP	entry4_SOFA_D3__all_valid	ADAM8
KRAS_SIGNALING_UP	entry4_SOFA_D3__all_valid	LY96
KRAS_SIGNALING_UP	entry4_SOFA_D3__all_valid	TFPI
KRAS_SIGNALING_UP	entry4_SOFA_D3__all_valid	CA2
KRAS_SIGNALING_UP	entry4_SOFA_D3__all_valid	ALDH1A2
KRAS_SIGNALING_UP	entry4_SOFA_D3__all_valid	ITGB2
KRAS_SIGNALING_UP	entry4_SOFA_D3__all_valid	IKZF1
KRAS_SIGNALING_UP	entry4_SOFA_D3__all_valid	SPRY2
KRAS_SIGNALING_UP	entry4_SOFA_D3__all_valid	FCER1G
KRAS_SIGNALING_UP	entry4_SOFA_D3__all_valid	GLRX
KRAS_SIGNALING_UP	entry4_SOFA_D3__all_valid	RETN
KRAS_SIGNALING_UP	entry4_SOFA_D3__all_valid	LAPTM5
MITOTIC_SPINDLE	entry4_SOFA_D3__all_valid	CDK5RAP2
MITOTIC_SPINDLE	entry4_SOFA_D3__all_valid	KIF1B
MITOTIC_SPINDLE	entry4_SOFA_D3__all_valid	CLASP1
MITOTIC_SPINDLE	entry4_SOFA_D3__all_valid	RANBP9
MITOTIC_SPINDLE	entry4_SOFA_D3__all_valid	TUBA4A
MITOTIC_SPINDLE	entry4_SOFA_D3__all_valid	ARL8A
MITOTIC_SPINDLE	entry4_SOFA_D3__all_valid	AKAP13
MITOTIC_SPINDLE	entry4_SOFA_D3__all_valid	FGD4
MITOTIC_SPINDLE	entry4_SOFA_D3__all_valid	PREX1
MITOTIC_SPINDLE	entry4_SOFA_D3__all_valid	GSN
MITOTIC_SPINDLE	entry4_SOFA_D3__all_valid	KLC1
MITOTIC_SPINDLE	entry4_SOFA_D3__all_valid	KIF3C
MITOTIC_SPINDLE	entry4_SOFA_D3__all_valid	CDC42EP2
MITOTIC_SPINDLE	entry4_SOFA_D3__all_valid	PPP4R2
MITOTIC_SPINDLE	entry4_SOFA_D3__all_valid	SSH2
MITOTIC_SPINDLE	entry4_SOFA_D3__all_valid	WASF2
MITOTIC_SPINDLE	entry4_SOFA_D3__all_valid	SPTBN1
MITOTIC_SPINDLE	entry4_SOFA_D3__all_valid	LMNB1
MITOTIC_SPINDLE	entry4_SOFA_D3__all_valid	ARHGEF11
MITOTIC_SPINDLE	entry4_SOFA_D3__all_valid	CSNK1D
MITOTIC_SPINDLE	entry4_SOFA_D3__all_valid	PAFAH1B1
MITOTIC_SPINDLE	entry4_SOFA_D3__all_valid	DOCK2
MITOTIC_SPINDLE	entry4_SOFA_D3__all_valid	CNTROB
MITOTIC_SPINDLE	entry4_SOFA_D3__all_valid	ROCK1
MITOTIC_SPINDLE	entry4_SOFA_D3__all_valid	PXN
MITOTIC_SPINDLE	entry4_SOFA_D3__all_valid	RASA2
MITOTIC_SPINDLE	entry4_SOFA_D3__all_valid	CDC42EP4
MITOTIC_SPINDLE	entry4_SOFA_D3__all_valid	NCK2
MITOTIC_SPINDLE	entry4_SOFA_D3__all_valid	NF1
MITOTIC_SPINDLE	entry4_SOFA_D3__all_valid	NIN
MITOTIC_SPINDLE	entry4_SOFA_D3__all_valid	CLIP1
MITOTIC_SPINDLE	entry4_SOFA_D3__all_valid	NOTCH2
MITOTIC_SPINDLE	entry4_SOFA_D3__all_valid	STAU1
MITOTIC_SPINDLE	entry4_SOFA_D3__all_valid	RALBP1
MITOTIC_SPINDLE	entry4_SOFA_D3__all_valid	ARFGEF1
MITOTIC_SPINDLE	entry4_SOFA_D3__all_valid	MYH9
MITOTIC_SPINDLE	entry4_SOFA_D3__all_valid	CDC42BPA
MITOTIC_SPINDLE	entry4_SOFA_D3__all_valid	NEDD9
MITOTIC_SPINDLE	entry4_SOFA_D3__all_valid	ARHGEF2
MITOTIC_SPINDLE	entry4_SOFA_D3__all_valid	CAPZB
MITOTIC_SPINDLE	entry4_SOFA_D3__all_valid	CDC42EP1
MITOTIC_SPINDLE	entry4_SOFA_D3__all_valid	MARCKS
MITOTIC_SPINDLE	entry4_SOFA_D3__all_valid	TUBD1
MITOTIC_SPINDLE	entry4_SOFA_D3__all_valid	CDC42
MITOTIC_SPINDLE	entry4_SOFA_D3__all_valid	FLNB
MITOTIC_SPINDLE	entry4_SOFA_D3__all_valid	RASA1
MITOTIC_SPINDLE	entry4_SOFA_D3__all_valid	ITSN1
MITOTIC_SPINDLE	entry4_SOFA_D3__all_valid	KPTN
MITOTIC_SPINDLE	entry4_SOFA_D3__all_valid	APC
MITOTIC_SPINDLE	entry4_SOFA_D3__all_valid	MARK4
MITOTIC_SPINDLE	entry4_SOFA_D3__all_valid	ABR
MITOTIC_SPINDLE	entry4_SOFA_D3__all_valid	ACTN4
MITOTIC_SPINDLE	entry4_SOFA_D3__all_valid	ARHGAP27
MITOTIC_SPINDLE	entry4_SOFA_D3__all_valid	ECT2
MITOTIC_SPINDLE	entry4_SOFA_D3__all_valid	ARHGEF12
MITOTIC_SPINDLE	entry4_SOFA_D3__all_valid	KIF4A
MITOTIC_SPINDLE	entry4_SOFA_D3__all_valid	ABI1
MITOTIC_SPINDLE	entry4_SOFA_D3__all_valid	PRC1
MITOTIC_SPINDLE	entry4_SOFA_D3__all_valid	TTK
MITOTIC_SPINDLE	entry4_SOFA_D3__all_valid	KIF11
MITOTIC_SPINDLE	entry4_SOFA_D3__all_valid	MYH10
MITOTIC_SPINDLE	entry4_SOFA_D3__all_valid	VCL
MITOTIC_SPINDLE	entry4_SOFA_D3__all_valid	MAP1S
MITOTIC_SPINDLE	entry4_SOFA_D3__all_valid	MYO9B
MITOTIC_SPINDLE	entry4_SOFA_D3__all_valid	KIF5B
MITOTIC_SPINDLE	entry4_SOFA_D3__all_valid	CYTH2
MITOTIC_SPINDLE	entry4_SOFA_D3__all_valid	ARAP3
MITOTIC_SPINDLE	entry4_SOFA_D3__all_valid	TAOK2
MITOTIC_SPINDLE	entry4_SOFA_D3__all_valid	HDAC6
MITOTIC_SPINDLE	entry4_SOFA_D3__all_valid	PDLIM5
MITOTIC_SPINDLE	entry4_SOFA_D3__all_valid	MAP3K11
MITOTIC_SPINDLE	entry4_SOFA_D3__all_valid	TLK1
MITOTIC_SPINDLE	entry4_SOFA_D3__all_valid	TUBGCP3
MITOTIC_SPINDLE	entry4_SOFA_D3__all_valid	CEP192
MITOTIC_SPINDLE	entry4_SOFA_D3__all_valid	TUBGCP2
MITOTIC_SPINDLE	entry4_SOFA_D3__all_valid	KIF23
MITOTIC_SPINDLE	entry4_SOFA_D3__all_valid	DYNLL2
MITOTIC_SPINDLE	entry4_SOFA_D3__all_valid	SOS1
MITOTIC_SPINDLE	entry4_SOFA_D3__all_valid	BCR
MITOTIC_SPINDLE	entry4_SOFA_D3__all_valid	KATNB1
MITOTIC_SPINDLE	entry4_SOFA_D3__all_valid	AURKA
MITOTIC_SPINDLE	entry4_SOFA_D3__all_valid	ARHGDIA
MITOTIC_SPINDLE	entry4_SOFA_D3__all_valid	RAB3GAP1
MITOTIC_SPINDLE	entry4_SOFA_D3__all_valid	KIF15
MITOTIC_SPINDLE	entry4_SOFA_D3__all_valid	CLIP2
MITOTIC_SPINDLE	entry4_SOFA_D3__all_valid	SUN2
MITOTIC_SPINDLE	entry4_SOFA_D3__all_valid	WASF1
MITOTIC_SPINDLE	entry4_SOFA_D3__all_valid	MAPRE1
MITOTIC_SPINDLE	entry4_SOFA_D3__all_valid	ARHGEF7
MITOTIC_SPINDLE	entry4_SOFA_D3__all_valid	NUSAP1
MTORC1_SIGNALING	entry4_SOFA_D3__all_valid	UFM1
MTORC1_SIGNALING	entry4_SOFA_D3__all_valid	FGL2
MTORC1_SIGNALING	entry4_SOFA_D3__all_valid	GTF2H1
MTORC1_SIGNALING	entry4_SOFA_D3__all_valid	ATP5MC1
MTORC1_SIGNALING	entry4_SOFA_D3__all_valid	EEF1E1
MTORC1_SIGNALING	entry4_SOFA_D3__all_valid	PPIA
MTORC1_SIGNALING	entry4_SOFA_D3__all_valid	HSPA9
MTORC1_SIGNALING	entry4_SOFA_D3__all_valid	HSPD1
MTORC1_SIGNALING	entry4_SOFA_D3__all_valid	GGA2
MTORC1_SIGNALING	entry4_SOFA_D3__all_valid	M6PR
MTORC1_SIGNALING	entry4_SOFA_D3__all_valid	HSP90B1
MTORC1_SIGNALING	entry4_SOFA_D3__all_valid	PSMD14
MTORC1_SIGNALING	entry4_SOFA_D3__all_valid	EPRS1
MTORC1_SIGNALING	entry4_SOFA_D3__all_valid	PSMC2
MTORC1_SIGNALING	entry4_SOFA_D3__all_valid	SHMT2
MTORC1_SIGNALING	entry4_SOFA_D3__all_valid	SLC37A4
MTORC1_SIGNALING	entry4_SOFA_D3__all_valid	CACYBP
MTORC1_SIGNALING	entry4_SOFA_D3__all_valid	MTHFD2L
MTORC1_SIGNALING	entry4_SOFA_D3__all_valid	MLLT11
MTORC1_SIGNALING	entry4_SOFA_D3__all_valid	TCEA1
MTORC1_SIGNALING	entry4_SOFA_D3__all_valid	IMMT
MTORC1_SIGNALING	entry4_SOFA_D3__all_valid	PRDX1
MTORC1_SIGNALING	entry4_SOFA_D3__all_valid	STARD4
MTORC1_SIGNALING	entry4_SOFA_D3__all_valid	USO1
MTORC1_SIGNALING	entry4_SOFA_D3__all_valid	CYB5B
MTORC1_SIGNALING	entry4_SOFA_D3__all_valid	SC5D
MTORC1_SIGNALING	entry4_SOFA_D3__all_valid	INSIG1
MTORC1_SIGNALING	entry4_SOFA_D3__all_valid	SEC11A
MTORC1_SIGNALING	entry4_SOFA_D3__all_valid	NUP205
MTORC1_SIGNALING	entry4_SOFA_D3__all_valid	HSPA4
MTORC1_SIGNALING	entry4_SOFA_D3__all_valid	RRP9
MTORC1_SIGNALING	entry4_SOFA_D3__all_valid	CXCR4
MTORC1_SIGNALING	entry4_SOFA_D3__all_valid	SSR1
MTORC1_SIGNALING	entry4_SOFA_D3__all_valid	PITPNB
MTORC1_SIGNALING	entry4_SOFA_D3__all_valid	SORD
MTORC1_SIGNALING	entry4_SOFA_D3__all_valid	SYTL2
MTORC1_SIGNALING	entry4_SOFA_D3__all_valid	PPA1
MTORC1_SIGNALING	entry4_SOFA_D3__all_valid	UCHL5
MTORC1_SIGNALING	entry4_SOFA_D3__all_valid	CANX
MTORC1_SIGNALING	entry4_SOFA_D3__all_valid	RPA1
MTORC1_SIGNALING	entry4_SOFA_D3__all_valid	PSMA3
MTORC1_SIGNALING	entry4_SOFA_D3__all_valid	ARPC5L
MTORC1_SIGNALING	entry4_SOFA_D3__all_valid	XBP1
MTORC1_SIGNALING	entry4_SOFA_D3__all_valid	HMGCS1
MTORC1_SIGNALING	entry4_SOFA_D3__all_valid	PHGDH
MTORC1_SIGNALING	entry4_SOFA_D3__all_valid	CCT6A
MTORC1_SIGNALING	entry4_SOFA_D3__all_valid	FKBP2
MTORC1_SIGNALING	entry4_SOFA_D3__all_valid	EBP
MTORC1_SIGNALING	entry4_SOFA_D3__all_valid	QDPR
MTORC1_SIGNALING	entry4_SOFA_D3__all_valid	EDEM1
MTORC1_SIGNALING	entry4_SOFA_D3__all_valid	HSPE1
MTORC1_SIGNALING	entry4_SOFA_D3__all_valid	SERPINH1
MTORC1_SIGNALING	entry4_SOFA_D3__all_valid	EIF2S2
MTORC1_SIGNALING	entry4_SOFA_D3__all_valid	PSMG1
MTORC1_SIGNALING	entry4_SOFA_D3__all_valid	SDF2L1
MTORC1_SIGNALING	entry4_SOFA_D3__all_valid	NUFIP1
MTORC1_SIGNALING	entry4_SOFA_D3__all_valid	RPN1
MTORC1_SIGNALING	entry4_SOFA_D3__all_valid	CALR
MYC_TARGETS_V1	entry4_SOFA_D3__all_valid	DDX18
MYC_TARGETS_V1	entry4_SOFA_D3__all_valid	SRSF7
MYC_TARGETS_V1	entry4_SOFA_D3__all_valid	BUB3
MYC_TARGETS_V1	entry4_SOFA_D3__all_valid	SYNCRIP
MYC_TARGETS_V1	entry4_SOFA_D3__all_valid	HNRNPR
MYC_TARGETS_V1	entry4_SOFA_D3__all_valid	SNRPA1
MYC_TARGETS_V1	entry4_SOFA_D3__all_valid	ABCE1
MYC_TARGETS_V1	entry4_SOFA_D3__all_valid	NPM1
MYC_TARGETS_V1	entry4_SOFA_D3__all_valid	G3BP1
MYC_TARGETS_V1	entry4_SOFA_D3__all_valid	RPL34
MYC_TARGETS_V1	entry4_SOFA_D3__all_valid	EEF1B2
MYC_TARGETS_V1	entry4_SOFA_D3__all_valid	FBL
MYC_TARGETS_V1	entry4_SOFA_D3__all_valid	TOMM70
MYC_TARGETS_V1	entry4_SOFA_D3__all_valid	RPL22
MYC_TARGETS_V1	entry4_SOFA_D3__all_valid	CLNS1A
MYC_TARGETS_V1	entry4_SOFA_D3__all_valid	MAD2L1
MYC_TARGETS_V1	entry4_SOFA_D3__all_valid	MRPS18B
MYC_TARGETS_V1	entry4_SOFA_D3__all_valid	NOP56
MYC_TARGETS_V1	entry4_SOFA_D3__all_valid	SET
MYC_TARGETS_V1	entry4_SOFA_D3__all_valid	RPL6
MYC_TARGETS_V1	entry4_SOFA_D3__all_valid	RAN
MYC_TARGETS_V1	entry4_SOFA_D3__all_valid	CCT4
MYC_TARGETS_V1	entry4_SOFA_D3__all_valid	RPS5
MYC_TARGETS_V1	entry4_SOFA_D3__all_valid	RPS2
MYC_TARGETS_V1	entry4_SOFA_D3__all_valid	RPLP0
MYC_TARGETS_V1	entry4_SOFA_D3__all_valid	SNRPD2
MYC_TARGETS_V1	entry4_SOFA_D3__all_valid	PPIA
MYC_TARGETS_V1	entry4_SOFA_D3__all_valid	NDUFAB1
MYC_TARGETS_V1	entry4_SOFA_D3__all_valid	DDX21
MYC_TARGETS_V1	entry4_SOFA_D3__all_valid	ILF2
MYC_TARGETS_V1	entry4_SOFA_D3__all_valid	HSPD1
MYC_TARGETS_V1	entry4_SOFA_D3__all_valid	APEX1
MYC_TARGETS_V1	entry4_SOFA_D3__all_valid	RPS6
MYC_TARGETS_V1	entry4_SOFA_D3__all_valid	SSBP1
MYC_TARGETS_V1	entry4_SOFA_D3__all_valid	MYC
MYC_TARGETS_V1	entry4_SOFA_D3__all_valid	RSL1D1
MYC_TARGETS_V1	entry4_SOFA_D3__all_valid	RPS10
MYC_TARGETS_V1	entry4_SOFA_D3__all_valid	EIF3D
MYC_TARGETS_V1	entry4_SOFA_D3__all_valid	GLO1
MYC_TARGETS_V1	entry4_SOFA_D3__all_valid	CCT2
MYC_TARGETS_V1	entry4_SOFA_D3__all_valid	STARD7
MYC_TARGETS_V1	entry4_SOFA_D3__all_valid	PSMD14
MYC_TARGETS_V1	entry4_SOFA_D3__all_valid	EPRS1
MYC_TARGETS_V1	entry4_SOFA_D3__all_valid	VDAC1
MYC_TARGETS_V1	entry4_SOFA_D3__all_valid	EIF2S1
MYC_TARGETS_V1	entry4_SOFA_D3__all_valid	PHB1
MYC_TARGETS_V1	entry4_SOFA_D3__all_valid	RPL18
MYC_TARGETS_V1	entry4_SOFA_D3__all_valid	RPS3
MYC_TARGETS_V1	entry4_SOFA_D3__all_valid	IARS1
MYC_TARGETS_V1	entry4_SOFA_D3__all_valid	POLE3
MYC_TARGETS_V1	entry4_SOFA_D3__all_valid	PSMD8
MYC_TARGETS_V1	entry4_SOFA_D3__all_valid	NCBP2
MYC_TARGETS_V1	entry4_SOFA_D3__all_valid	HNRNPD
MYC_TARGETS_V1	entry4_SOFA_D3__all_valid	PSMA2
MYC_TARGETS_V1	entry4_SOFA_D3__all_valid	DUT
MYC_TARGETS_V1	entry4_SOFA_D3__all_valid	IMPDH2
MYC_TARGETS_V1	entry4_SOFA_D3__all_valid	DHX15
MYC_TARGETS_V1	entry4_SOFA_D3__all_valid	PRDX4
MYC_TARGETS_V1	entry4_SOFA_D3__all_valid	RACK1
MYC_TARGETS_V1	entry4_SOFA_D3__all_valid	HNRNPA1
MYC_TARGETS_V1	entry4_SOFA_D3__all_valid	GNL3
MYC_TARGETS_V1	entry4_SOFA_D3__all_valid	YWHAQ
MYC_TARGETS_V1	entry4_SOFA_D3__all_valid	ERH
MYC_TARGETS_V1	entry4_SOFA_D3__all_valid	HNRNPA3
MYC_TARGETS_V1	entry4_SOFA_D3__all_valid	PRPS2
MYC_TARGETS_V1	entry4_SOFA_D3__all_valid	SRSF3
MYC_TARGETS_V1	entry4_SOFA_D3__all_valid	CCT7
MYC_TARGETS_V1	entry4_SOFA_D3__all_valid	PCNA
MYC_TARGETS_V1	entry4_SOFA_D3__all_valid	C1QBP
MYC_TARGETS_V1	entry4_SOFA_D3__all_valid	KARS1
MYC_TARGETS_V1	entry4_SOFA_D3__all_valid	MRPL23
MYC_TARGETS_V1	entry4_SOFA_D3__all_valid	MRPL9
MYC_TARGETS_V1	entry4_SOFA_D3__all_valid	SERBP1
MYC_TARGETS_V1	entry4_SOFA_D3__all_valid	NME1
MYC_TARGETS_V1	entry4_SOFA_D3__all_valid	SNRPA
MYC_TARGETS_V1	entry4_SOFA_D3__all_valid	CDK4
MYC_TARGETS_V1	entry4_SOFA_D3__all_valid	TUFM
MYC_TARGETS_V1	entry4_SOFA_D3__all_valid	HDAC2
MYC_TARGETS_V1	entry4_SOFA_D3__all_valid	RFC4
MYC_TARGETS_V1	entry4_SOFA_D3__all_valid	PABPC4
MYC_TARGETS_V1	entry4_SOFA_D3__all_valid	RRP9
MYC_TARGETS_V1	entry4_SOFA_D3__all_valid	RANBP1
MYC_TARGETS_V1	entry4_SOFA_D3__all_valid	SRSF2
MYC_TARGETS_V1	entry4_SOFA_D3__all_valid	RPL14
MYC_TARGETS_V1	entry4_SOFA_D3__all_valid	ACP1
MYC_TARGETS_V1	entry4_SOFA_D3__all_valid	VDAC3
MYC_TARGETS_V1	entry4_SOFA_D3__all_valid	SRM
MYC_TARGETS_V1	entry4_SOFA_D3__all_valid	TXNL4A
MYC_TARGETS_V1	entry4_SOFA_D3__all_valid	CTPS1
MYC_TARGETS_V1	entry4_SOFA_D3__all_valid	SNRPD1
MYC_TARGETS_V1	entry4_SOFA_D3__all_valid	UBE2E1
MYC_TARGETS_V1	entry4_SOFA_D3__all_valid	ODC1
MYC_TARGETS_V1	entry4_SOFA_D3__all_valid	SLC25A3
MYC_TARGETS_V1	entry4_SOFA_D3__all_valid	EIF4A1
MYC_TARGETS_V1	entry4_SOFA_D3__all_valid	CANX
MYC_TARGETS_V1	entry4_SOFA_D3__all_valid	SNRPD3
MYC_TARGETS_V1	entry4_SOFA_D3__all_valid	NOLC1
MYC_TARGETS_V1	entry4_SOFA_D3__all_valid	CUL1
MYC_TARGETS_V1	entry4_SOFA_D3__all_valid	NAP1L1
MYC_TARGETS_V1	entry4_SOFA_D3__all_valid	PHB2
MYC_TARGETS_V1	entry4_SOFA_D3__all_valid	HDDC2
MYC_TARGETS_V1	entry4_SOFA_D3__all_valid	COX5A
MYC_TARGETS_V1	entry4_SOFA_D3__all_valid	XRCC6
MYC_TARGETS_V1	entry4_SOFA_D3__all_valid	SSB
MYC_TARGETS_V1	entry4_SOFA_D3__all_valid	AIMP2
MYC_TARGETS_V1	entry4_SOFA_D3__all_valid	SNRPB2
MYC_TARGETS_V1	entry4_SOFA_D3__all_valid	PSMA1
MYC_TARGETS_V1	entry4_SOFA_D3__all_valid	MCM5
MYC_TARGETS_V1	entry4_SOFA_D3__all_valid	UBA2
MYC_TARGETS_V1	entry4_SOFA_D3__all_valid	EIF4E
MYC_TARGETS_V1	entry4_SOFA_D3__all_valid	HSPE1
MYC_TARGETS_V1	entry4_SOFA_D3__all_valid	SMARCC1
MYC_TARGETS_V1	entry4_SOFA_D3__all_valid	NCBP1
MYC_TARGETS_V1	entry4_SOFA_D3__all_valid	EIF2S2
MYC_TARGETS_V1	entry4_SOFA_D3__all_valid	RRM1
MYC_TARGETS_V1	entry4_SOFA_D3__all_valid	LSM7
MYC_TARGETS_V1	entry4_SOFA_D3__all_valid	HPRT1
MYC_TARGETS_V1	entry4_SOFA_D3__all_valid	MCM7
MYC_TARGETS_V1	entry4_SOFA_D3__all_valid	CSTF2
MYC_TARGETS_V1	entry4_SOFA_D3__all_valid	CCT3
MYC_TARGETS_V1	entry4_SOFA_D3__all_valid	PSMB2
MYC_TARGETS_V1	entry4_SOFA_D3__all_valid	POLD2
MYC_TARGETS_V1	entry4_SOFA_D3__all_valid	SF3B3
MYC_TARGETS_V1	entry4_SOFA_D3__all_valid	COPS5
MYC_TARGETS_V1	entry4_SOFA_D3__all_valid	GOT2
MYC_TARGETS_V1	entry4_SOFA_D3__all_valid	SRSF1
MYC_TARGETS_V1	entry4_SOFA_D3__all_valid	HSP90AB1
MYC_TARGETS_V1	entry4_SOFA_D3__all_valid	PRDX3
MYC_TARGETS_V1	entry4_SOFA_D3__all_valid	NHP2
MYC_TARGETS_V1	entry4_SOFA_D3__all_valid	PPM1G
MYC_TARGETS_V1	entry4_SOFA_D3__all_valid	PWP1
MYC_TARGETS_V1	entry4_SOFA_D3__all_valid	PSMA4
MYC_TARGETS_V1	entry4_SOFA_D3__all_valid	SNRPG
MYC_TARGETS_V1	entry4_SOFA_D3__all_valid	XPOT
MYC_TARGETS_V2	entry4_SOFA_D3__all_valid	DDX18
MYC_TARGETS_V2	entry4_SOFA_D3__all_valid	WDR43
MYC_TARGETS_V2	entry4_SOFA_D3__all_valid	NPM1
MYC_TARGETS_V2	entry4_SOFA_D3__all_valid	NOP56
MYC_TARGETS_V2	entry4_SOFA_D3__all_valid	UTP20
MYC_TARGETS_V2	entry4_SOFA_D3__all_valid	NDUFAF4
MYC_TARGETS_V2	entry4_SOFA_D3__all_valid	HSPD1
MYC_TARGETS_V2	entry4_SOFA_D3__all_valid	MYC
MYC_TARGETS_V2	entry4_SOFA_D3__all_valid	PPAN
MYC_TARGETS_V2	entry4_SOFA_D3__all_valid	PHB1
MYC_TARGETS_V2	entry4_SOFA_D3__all_valid	PES1
MYC_TARGETS_V2	entry4_SOFA_D3__all_valid	PUS1
MYC_TARGETS_V2	entry4_SOFA_D3__all_valid	MRTO4
MYC_TARGETS_V2	entry4_SOFA_D3__all_valid	DCTPP1
MYC_TARGETS_V2	entry4_SOFA_D3__all_valid	GNL3
MYC_TARGETS_V2	entry4_SOFA_D3__all_valid	GRWD1
MYC_TARGETS_V2	entry4_SOFA_D3__all_valid	CDK4
MYC_TARGETS_V2	entry4_SOFA_D3__all_valid	RRP9
MYC_TARGETS_V2	entry4_SOFA_D3__all_valid	TFB2M
MYC_TARGETS_V2	entry4_SOFA_D3__all_valid	SRM
MYC_TARGETS_V2	entry4_SOFA_D3__all_valid	SORD
MYC_TARGETS_V2	entry4_SOFA_D3__all_valid	MPHOSPH10
MYC_TARGETS_V2	entry4_SOFA_D3__all_valid	LAS1L
MYC_TARGETS_V2	entry4_SOFA_D3__all_valid	IMP4
MYC_TARGETS_V2	entry4_SOFA_D3__all_valid	TBRG4
MYC_TARGETS_V2	entry4_SOFA_D3__all_valid	NOLC1
MYC_TARGETS_V2	entry4_SOFA_D3__all_valid	AIMP2
MYC_TARGETS_V2	entry4_SOFA_D3__all_valid	MCM5
MYC_TARGETS_V2	entry4_SOFA_D3__all_valid	PRMT3
MYC_TARGETS_V2	entry4_SOFA_D3__all_valid	HSPE1
MYC_TARGETS_V2	entry4_SOFA_D3__all_valid	MYBBP1A
MYC_TARGETS_V2	entry4_SOFA_D3__all_valid	TMEM97
MYC_TARGETS_V2	entry4_SOFA_D3__all_valid	NOP16
MYC_TARGETS_V2	entry4_SOFA_D3__all_valid	NIP7
MYC_TARGETS_V2	entry4_SOFA_D3__all_valid	NOP2
MYC_TARGETS_V2	entry4_SOFA_D3__all_valid	DUSP2
MYC_TARGETS_V2	entry4_SOFA_D3__all_valid	IPO4
MYOGENESIS	entry4_SOFA_D3__all_valid	ACSL1
MYOGENESIS	entry4_SOFA_D3__all_valid	MEF2A
MYOGENESIS	entry4_SOFA_D3__all_valid	SVIL
MYOGENESIS	entry4_SOFA_D3__all_valid	GSN
MYOGENESIS	entry4_SOFA_D3__all_valid	MYBPC3
MYOGENESIS	entry4_SOFA_D3__all_valid	ITGA7
MYOGENESIS	entry4_SOFA_D3__all_valid	FOXO4
MYOGENESIS	entry4_SOFA_D3__all_valid	DAPK2
MYOGENESIS	entry4_SOFA_D3__all_valid	COL4A2
MYOGENESIS	entry4_SOFA_D3__all_valid	KLF5
MYOGENESIS	entry4_SOFA_D3__all_valid	PDLIM7
MYOGENESIS	entry4_SOFA_D3__all_valid	TGFB1
MYOGENESIS	entry4_SOFA_D3__all_valid	MYOM1
MYOGENESIS	entry4_SOFA_D3__all_valid	TPM3
MYOGENESIS	entry4_SOFA_D3__all_valid	GADD45B
MYOGENESIS	entry4_SOFA_D3__all_valid	RIT1
MYOGENESIS	entry4_SOFA_D3__all_valid	KIFC3
MYOGENESIS	entry4_SOFA_D3__all_valid	MYH9
MYOGENESIS	entry4_SOFA_D3__all_valid	CLU
MYOGENESIS	entry4_SOFA_D3__all_valid	PYGM
MYOGENESIS	entry4_SOFA_D3__all_valid	COL6A3
MYOGENESIS	entry4_SOFA_D3__all_valid	NQO1
MYOGENESIS	entry4_SOFA_D3__all_valid	DMPK
MYOGENESIS	entry4_SOFA_D3__all_valid	NOTCH1
MYOGENESIS	entry4_SOFA_D3__all_valid	MYL6B
MYOGENESIS	entry4_SOFA_D3__all_valid	CKB
MYOGENESIS	entry4_SOFA_D3__all_valid	ATP6AP1
MYOGENESIS	entry4_SOFA_D3__all_valid	IFRD1
MYOGENESIS	entry4_SOFA_D3__all_valid	MYH11
MYOGENESIS	entry4_SOFA_D3__all_valid	LSP1
MYOGENESIS	entry4_SOFA_D3__all_valid	GPX3
MYOGENESIS	entry4_SOFA_D3__all_valid	APP
MYOGENESIS	entry4_SOFA_D3__all_valid	HDAC5
MYOGENESIS	entry4_SOFA_D3__all_valid	MAPRE3
MYOGENESIS	entry4_SOFA_D3__all_valid	GABARAPL2
MYOGENESIS	entry4_SOFA_D3__all_valid	SMTN
MYOGENESIS	entry4_SOFA_D3__all_valid	BAG1
MYOGENESIS	entry4_SOFA_D3__all_valid	ACHE
MYOGENESIS	entry4_SOFA_D3__all_valid	MYLK
MYOGENESIS	entry4_SOFA_D3__all_valid	FLII
MYOGENESIS	entry4_SOFA_D3__all_valid	SLC6A8
MYOGENESIS	entry4_SOFA_D3__all_valid	SPARC
MYOGENESIS	entry4_SOFA_D3__all_valid	AK1
MYOGENESIS	entry4_SOFA_D3__all_valid	TAGLN
MYOGENESIS	entry4_SOFA_D3__all_valid	AKT2
MYOGENESIS	entry4_SOFA_D3__all_valid	HBEGF
MYOGENESIS	entry4_SOFA_D3__all_valid	NCAM1
MYOGENESIS	entry4_SOFA_D3__all_valid	ITGB5
NOTCH_SIGNALING	entry4_SOFA_D3__all_valid	DTX4
NOTCH_SIGNALING	entry4_SOFA_D3__all_valid	MAML2
NOTCH_SIGNALING	entry4_SOFA_D3__all_valid	LFNG
NOTCH_SIGNALING	entry4_SOFA_D3__all_valid	PSEN2
NOTCH_SIGNALING	entry4_SOFA_D3__all_valid	HES1
NOTCH_SIGNALING	entry4_SOFA_D3__all_valid	CUL1
NOTCH_SIGNALING	entry4_SOFA_D3__all_valid	ARRB1
NOTCH_SIGNALING	entry4_SOFA_D3__all_valid	FZD1
OXIDATIVE_PHOSPHORYLATION	entry4_SOFA_D3__all_valid	MRPS30
OXIDATIVE_PHOSPHORYLATION	entry4_SOFA_D3__all_valid	LRPPRC
OXIDATIVE_PHOSPHORYLATION	entry4_SOFA_D3__all_valid	LDHB
OXIDATIVE_PHOSPHORYLATION	entry4_SOFA_D3__all_valid	PDP1
OXIDATIVE_PHOSPHORYLATION	entry4_SOFA_D3__all_valid	TIMM17A
OXIDATIVE_PHOSPHORYLATION	entry4_SOFA_D3__all_valid	CYCS
OXIDATIVE_PHOSPHORYLATION	entry4_SOFA_D3__all_valid	TOMM70
OXIDATIVE_PHOSPHORYLATION	entry4_SOFA_D3__all_valid	MRPL35
OXIDATIVE_PHOSPHORYLATION	entry4_SOFA_D3__all_valid	DLAT
OXIDATIVE_PHOSPHORYLATION	entry4_SOFA_D3__all_valid	MRPL15
OXIDATIVE_PHOSPHORYLATION	entry4_SOFA_D3__all_valid	MDH1
OXIDATIVE_PHOSPHORYLATION	entry4_SOFA_D3__all_valid	OXA1L
OXIDATIVE_PHOSPHORYLATION	entry4_SOFA_D3__all_valid	ATP5PO
OXIDATIVE_PHOSPHORYLATION	entry4_SOFA_D3__all_valid	ATP5MC1
OXIDATIVE_PHOSPHORYLATION	entry4_SOFA_D3__all_valid	ABCB7
OXIDATIVE_PHOSPHORYLATION	entry4_SOFA_D3__all_valid	NDUFB5
OXIDATIVE_PHOSPHORYLATION	entry4_SOFA_D3__all_valid	COX7C
OXIDATIVE_PHOSPHORYLATION	entry4_SOFA_D3__all_valid	NDUFAB1
OXIDATIVE_PHOSPHORYLATION	entry4_SOFA_D3__all_valid	HSPA9
OXIDATIVE_PHOSPHORYLATION	entry4_SOFA_D3__all_valid	COX6C
OXIDATIVE_PHOSPHORYLATION	entry4_SOFA_D3__all_valid	COX10
OXIDATIVE_PHOSPHORYLATION	entry4_SOFA_D3__all_valid	ECHS1
OXIDATIVE_PHOSPHORYLATION	entry4_SOFA_D3__all_valid	ATP5MC2
OXIDATIVE_PHOSPHORYLATION	entry4_SOFA_D3__all_valid	NDUFS3
OXIDATIVE_PHOSPHORYLATION	entry4_SOFA_D3__all_valid	ACAA2
OXIDATIVE_PHOSPHORYLATION	entry4_SOFA_D3__all_valid	SLC25A4
OXIDATIVE_PHOSPHORYLATION	entry4_SOFA_D3__all_valid	VDAC1
OXIDATIVE_PHOSPHORYLATION	entry4_SOFA_D3__all_valid	NDUFB2
OXIDATIVE_PHOSPHORYLATION	entry4_SOFA_D3__all_valid	TOMM22
OXIDATIVE_PHOSPHORYLATION	entry4_SOFA_D3__all_valid	UQCRC2
OXIDATIVE_PHOSPHORYLATION	entry4_SOFA_D3__all_valid	PDK4
OXIDATIVE_PHOSPHORYLATION	entry4_SOFA_D3__all_valid	ATP5MC3
OXIDATIVE_PHOSPHORYLATION	entry4_SOFA_D3__all_valid	TIMM13
OXIDATIVE_PHOSPHORYLATION	entry4_SOFA_D3__all_valid	ATP5F1A
OXIDATIVE_PHOSPHORYLATION	entry4_SOFA_D3__all_valid	BDH2
OXIDATIVE_PHOSPHORYLATION	entry4_SOFA_D3__all_valid	NDUFV1
OXIDATIVE_PHOSPHORYLATION	entry4_SOFA_D3__all_valid	VDAC2
OXIDATIVE_PHOSPHORYLATION	entry4_SOFA_D3__all_valid	MRPL11
OXIDATIVE_PHOSPHORYLATION	entry4_SOFA_D3__all_valid	ECI1
OXIDATIVE_PHOSPHORYLATION	entry4_SOFA_D3__all_valid	NDUFA4
OXIDATIVE_PHOSPHORYLATION	entry4_SOFA_D3__all_valid	HSD17B10
OXIDATIVE_PHOSPHORYLATION	entry4_SOFA_D3__all_valid	CASP7
OXIDATIVE_PHOSPHORYLATION	entry4_SOFA_D3__all_valid	COX7A2
OXIDATIVE_PHOSPHORYLATION	entry4_SOFA_D3__all_valid	IMMT
OXIDATIVE_PHOSPHORYLATION	entry4_SOFA_D3__all_valid	SLC25A5
OXIDATIVE_PHOSPHORYLATION	entry4_SOFA_D3__all_valid	NDUFA8
OXIDATIVE_PHOSPHORYLATION	entry4_SOFA_D3__all_valid	GLUD1
OXIDATIVE_PHOSPHORYLATION	entry4_SOFA_D3__all_valid	SLC25A6
OXIDATIVE_PHOSPHORYLATION	entry4_SOFA_D3__all_valid	PHYH
OXIDATIVE_PHOSPHORYLATION	entry4_SOFA_D3__all_valid	IDH2
OXIDATIVE_PHOSPHORYLATION	entry4_SOFA_D3__all_valid	NDUFA5
OXIDATIVE_PHOSPHORYLATION	entry4_SOFA_D3__all_valid	ATP5PB
OXIDATIVE_PHOSPHORYLATION	entry4_SOFA_D3__all_valid	ACADM
OXIDATIVE_PHOSPHORYLATION	entry4_SOFA_D3__all_valid	PMPCA
OXIDATIVE_PHOSPHORYLATION	entry4_SOFA_D3__all_valid	ACADSB
OXIDATIVE_PHOSPHORYLATION	entry4_SOFA_D3__all_valid	MRPS12
OXIDATIVE_PHOSPHORYLATION	entry4_SOFA_D3__all_valid	TIMM10
OXIDATIVE_PHOSPHORYLATION	entry4_SOFA_D3__all_valid	NDUFB8
OXIDATIVE_PHOSPHORYLATION	entry4_SOFA_D3__all_valid	SDHD
OXIDATIVE_PHOSPHORYLATION	entry4_SOFA_D3__all_valid	TIMM9
OXIDATIVE_PHOSPHORYLATION	entry4_SOFA_D3__all_valid	TIMM50
OXIDATIVE_PHOSPHORYLATION	entry4_SOFA_D3__all_valid	UQCRQ
OXIDATIVE_PHOSPHORYLATION	entry4_SOFA_D3__all_valid	MGST3
OXIDATIVE_PHOSPHORYLATION	entry4_SOFA_D3__all_valid	PDHA1
OXIDATIVE_PHOSPHORYLATION	entry4_SOFA_D3__all_valid	NDUFA6
OXIDATIVE_PHOSPHORYLATION	entry4_SOFA_D3__all_valid	OPA1
OXIDATIVE_PHOSPHORYLATION	entry4_SOFA_D3__all_valid	COX4I1
OXIDATIVE_PHOSPHORYLATION	entry4_SOFA_D3__all_valid	VDAC3
OXIDATIVE_PHOSPHORYLATION	entry4_SOFA_D3__all_valid	SLC25A3
OXIDATIVE_PHOSPHORYLATION	entry4_SOFA_D3__all_valid	UQCRFS1
OXIDATIVE_PHOSPHORYLATION	entry4_SOFA_D3__all_valid	FDX1
OXIDATIVE_PHOSPHORYLATION	entry4_SOFA_D3__all_valid	UQCR10
OXIDATIVE_PHOSPHORYLATION	entry4_SOFA_D3__all_valid	SLC25A20
OXIDATIVE_PHOSPHORYLATION	entry4_SOFA_D3__all_valid	PHB2
OXIDATIVE_PHOSPHORYLATION	entry4_SOFA_D3__all_valid	NNT
OXIDATIVE_PHOSPHORYLATION	entry4_SOFA_D3__all_valid	MTX2
OXIDATIVE_PHOSPHORYLATION	entry4_SOFA_D3__all_valid	COX5A
OXIDATIVE_PHOSPHORYLATION	entry4_SOFA_D3__all_valid	ATP5F1C
OXIDATIVE_PHOSPHORYLATION	entry4_SOFA_D3__all_valid	ETFA
OXIDATIVE_PHOSPHORYLATION	entry4_SOFA_D3__all_valid	MRPS11
OXIDATIVE_PHOSPHORYLATION	entry4_SOFA_D3__all_valid	NDUFS6
OXIDATIVE_PHOSPHORYLATION	entry4_SOFA_D3__all_valid	SLC25A12
OXIDATIVE_PHOSPHORYLATION	entry4_SOFA_D3__all_valid	SUCLA2
OXIDATIVE_PHOSPHORYLATION	entry4_SOFA_D3__all_valid	ATP5PD
OXIDATIVE_PHOSPHORYLATION	entry4_SOFA_D3__all_valid	IDH3A
OXIDATIVE_PHOSPHORYLATION	entry4_SOFA_D3__all_valid	ATP6V1F
P53_PATHWAY	entry4_SOFA_D3__all_valid	UPP1
P53_PATHWAY	entry4_SOFA_D3__all_valid	NDRG1
P53_PATHWAY	entry4_SOFA_D3__all_valid	CCND3
P53_PATHWAY	entry4_SOFA_D3__all_valid	GADD45A
P53_PATHWAY	entry4_SOFA_D3__all_valid	TGFA
P53_PATHWAY	entry4_SOFA_D3__all_valid	ZBTB16
P53_PATHWAY	entry4_SOFA_D3__all_valid	ABHD4
P53_PATHWAY	entry4_SOFA_D3__all_valid	DRAM1
P53_PATHWAY	entry4_SOFA_D3__all_valid	ACVR1B
P53_PATHWAY	entry4_SOFA_D3__all_valid	ALOX15B
P53_PATHWAY	entry4_SOFA_D3__all_valid	PTPRE
P53_PATHWAY	entry4_SOFA_D3__all_valid	MXD1
P53_PATHWAY	entry4_SOFA_D3__all_valid	APAF1
P53_PATHWAY	entry4_SOFA_D3__all_valid	STOM
P53_PATHWAY	entry4_SOFA_D3__all_valid	CEBPA
P53_PATHWAY	entry4_SOFA_D3__all_valid	CD82
P53_PATHWAY	entry4_SOFA_D3__all_valid	TRAFD1
P53_PATHWAY	entry4_SOFA_D3__all_valid	NUPR1
P53_PATHWAY	entry4_SOFA_D3__all_valid	SP1
P53_PATHWAY	entry4_SOFA_D3__all_valid	PRMT2
P53_PATHWAY	entry4_SOFA_D3__all_valid	FOXO3
P53_PATHWAY	entry4_SOFA_D3__all_valid	HEXIM1
P53_PATHWAY	entry4_SOFA_D3__all_valid	TOB1
P53_PATHWAY	entry4_SOFA_D3__all_valid	CDK5R1
P53_PATHWAY	entry4_SOFA_D3__all_valid	FAS
P53_PATHWAY	entry4_SOFA_D3__all_valid	RXRA
P53_PATHWAY	entry4_SOFA_D3__all_valid	RNF19B
P53_PATHWAY	entry4_SOFA_D3__all_valid	PRKAB1
P53_PATHWAY	entry4_SOFA_D3__all_valid	PPP1R15A
P53_PATHWAY	entry4_SOFA_D3__all_valid	RHBDF2
P53_PATHWAY	entry4_SOFA_D3__all_valid	INHBB
P53_PATHWAY	entry4_SOFA_D3__all_valid	TGFB1
P53_PATHWAY	entry4_SOFA_D3__all_valid	IER3
P53_PATHWAY	entry4_SOFA_D3__all_valid	CTSD
P53_PATHWAY	entry4_SOFA_D3__all_valid	SOCS1
P53_PATHWAY	entry4_SOFA_D3__all_valid	CSRNP2
P53_PATHWAY	entry4_SOFA_D3__all_valid	GPX2
P53_PATHWAY	entry4_SOFA_D3__all_valid	PPM1D
P53_PATHWAY	entry4_SOFA_D3__all_valid	NOTCH1
P53_PATHWAY	entry4_SOFA_D3__all_valid	SERTAD3
P53_PATHWAY	entry4_SOFA_D3__all_valid	ZFP36L1
P53_PATHWAY	entry4_SOFA_D3__all_valid	TAP1
P53_PATHWAY	entry4_SOFA_D3__all_valid	VDR
P53_PATHWAY	entry4_SOFA_D3__all_valid	CCP110
P53_PATHWAY	entry4_SOFA_D3__all_valid	PLK3
P53_PATHWAY	entry4_SOFA_D3__all_valid	FGF13
P53_PATHWAY	entry4_SOFA_D3__all_valid	MKNK2
P53_PATHWAY	entry4_SOFA_D3__all_valid	DEF6
P53_PATHWAY	entry4_SOFA_D3__all_valid	CYFIP2
P53_PATHWAY	entry4_SOFA_D3__all_valid	GM2A
P53_PATHWAY	entry4_SOFA_D3__all_valid	DDIT4
P53_PATHWAY	entry4_SOFA_D3__all_valid	STEAP3
P53_PATHWAY	entry4_SOFA_D3__all_valid	IP6K2
P53_PATHWAY	entry4_SOFA_D3__all_valid	TXNIP
P53_PATHWAY	entry4_SOFA_D3__all_valid	APP
P53_PATHWAY	entry4_SOFA_D3__all_valid	HSPA4L
PEROXISOME	entry4_SOFA_D3__all_valid	ABCD2
PEROXISOME	entry4_SOFA_D3__all_valid	SLC23A2
PEROXISOME	entry4_SOFA_D3__all_valid	CLN6
PEROXISOME	entry4_SOFA_D3__all_valid	SLC25A4
PEROXISOME	entry4_SOFA_D3__all_valid	HRAS
PEROXISOME	entry4_SOFA_D3__all_valid	SLC35B2
PEROXISOME	entry4_SOFA_D3__all_valid	ERCC3
PEROXISOME	entry4_SOFA_D3__all_valid	EPHX2
PEROXISOME	entry4_SOFA_D3__all_valid	DHRS3
PEROXISOME	entry4_SOFA_D3__all_valid	IDH2
PEROXISOME	entry4_SOFA_D3__all_valid	PRDX1
PEROXISOME	entry4_SOFA_D3__all_valid	SLC25A19
PEROXISOME	entry4_SOFA_D3__all_valid	CADM1
PEROXISOME	entry4_SOFA_D3__all_valid	SCP2
PEROXISOME	entry4_SOFA_D3__all_valid	ABCB1
PEROXISOME	entry4_SOFA_D3__all_valid	HSD17B4
PEROXISOME	entry4_SOFA_D3__all_valid	ABCB4
PEROXISOME	entry4_SOFA_D3__all_valid	ECI2
PEROXISOME	entry4_SOFA_D3__all_valid	ACSL5
PI3K_AKT_MTOR_SIGNALING	entry4_SOFA_D3__all_valid	MKNK1
PI3K_AKT_MTOR_SIGNALING	entry4_SOFA_D3__all_valid	CAB39
PI3K_AKT_MTOR_SIGNALING	entry4_SOFA_D3__all_valid	PRKCB
PI3K_AKT_MTOR_SIGNALING	entry4_SOFA_D3__all_valid	SLA
PI3K_AKT_MTOR_SIGNALING	entry4_SOFA_D3__all_valid	MAP2K6
PI3K_AKT_MTOR_SIGNALING	entry4_SOFA_D3__all_valid	MAPK1
PI3K_AKT_MTOR_SIGNALING	entry4_SOFA_D3__all_valid	TNFRSF1A
PI3K_AKT_MTOR_SIGNALING	entry4_SOFA_D3__all_valid	PRKAR2A
PI3K_AKT_MTOR_SIGNALING	entry4_SOFA_D3__all_valid	DUSP3
PI3K_AKT_MTOR_SIGNALING	entry4_SOFA_D3__all_valid	RAC1
PI3K_AKT_MTOR_SIGNALING	entry4_SOFA_D3__all_valid	RALB
PI3K_AKT_MTOR_SIGNALING	entry4_SOFA_D3__all_valid	VAV3
PI3K_AKT_MTOR_SIGNALING	entry4_SOFA_D3__all_valid	GSK3B
PI3K_AKT_MTOR_SIGNALING	entry4_SOFA_D3__all_valid	MAP2K3
PI3K_AKT_MTOR_SIGNALING	entry4_SOFA_D3__all_valid	PTEN
PI3K_AKT_MTOR_SIGNALING	entry4_SOFA_D3__all_valid	SLC2A1
PI3K_AKT_MTOR_SIGNALING	entry4_SOFA_D3__all_valid	RPS6KA3
PI3K_AKT_MTOR_SIGNALING	entry4_SOFA_D3__all_valid	RPS6KA1
PI3K_AKT_MTOR_SIGNALING	entry4_SOFA_D3__all_valid	GRB2
PI3K_AKT_MTOR_SIGNALING	entry4_SOFA_D3__all_valid	RAF1
PI3K_AKT_MTOR_SIGNALING	entry4_SOFA_D3__all_valid	MYD88
PI3K_AKT_MTOR_SIGNALING	entry4_SOFA_D3__all_valid	CFL1
PI3K_AKT_MTOR_SIGNALING	entry4_SOFA_D3__all_valid	RIT1
PI3K_AKT_MTOR_SIGNALING	entry4_SOFA_D3__all_valid	YWHAB
PI3K_AKT_MTOR_SIGNALING	entry4_SOFA_D3__all_valid	CDKN1B
PI3K_AKT_MTOR_SIGNALING	entry4_SOFA_D3__all_valid	UBE2D3
PI3K_AKT_MTOR_SIGNALING	entry4_SOFA_D3__all_valid	RIPK1
PI3K_AKT_MTOR_SIGNALING	entry4_SOFA_D3__all_valid	IRAK4
PI3K_AKT_MTOR_SIGNALING	entry4_SOFA_D3__all_valid	ACTR2
PI3K_AKT_MTOR_SIGNALING	entry4_SOFA_D3__all_valid	AKT1S1
PI3K_AKT_MTOR_SIGNALING	entry4_SOFA_D3__all_valid	SMAD2
PI3K_AKT_MTOR_SIGNALING	entry4_SOFA_D3__all_valid	PIKFYVE
PI3K_AKT_MTOR_SIGNALING	entry4_SOFA_D3__all_valid	ACTR3
PI3K_AKT_MTOR_SIGNALING	entry4_SOFA_D3__all_valid	GRK2
PI3K_AKT_MTOR_SIGNALING	entry4_SOFA_D3__all_valid	ARF1
PI3K_AKT_MTOR_SIGNALING	entry4_SOFA_D3__all_valid	MKNK2
PI3K_AKT_MTOR_SIGNALING	entry4_SOFA_D3__all_valid	CLTC
PI3K_AKT_MTOR_SIGNALING	entry4_SOFA_D3__all_valid	MAPK10
PI3K_AKT_MTOR_SIGNALING	entry4_SOFA_D3__all_valid	IL2RG
PI3K_AKT_MTOR_SIGNALING	entry4_SOFA_D3__all_valid	E2F1
PI3K_AKT_MTOR_SIGNALING	entry4_SOFA_D3__all_valid	PDK1
PI3K_AKT_MTOR_SIGNALING	entry4_SOFA_D3__all_valid	PFN1
PI3K_AKT_MTOR_SIGNALING	entry4_SOFA_D3__all_valid	ITPR2
PI3K_AKT_MTOR_SIGNALING	entry4_SOFA_D3__all_valid	NFKBIB
PI3K_AKT_MTOR_SIGNALING	entry4_SOFA_D3__all_valid	TBK1
PI3K_AKT_MTOR_SIGNALING	entry4_SOFA_D3__all_valid	AP2M1
PROTEIN_SECRETION	entry4_SOFA_D3__all_valid	KIF1B
PROTEIN_SECRETION	entry4_SOFA_D3__all_valid	MAPK1
PROTEIN_SECRETION	entry4_SOFA_D3__all_valid	IGF2R
PROTEIN_SECRETION	entry4_SOFA_D3__all_valid	RPS6KA3
PROTEIN_SECRETION	entry4_SOFA_D3__all_valid	STX16
PROTEIN_SECRETION	entry4_SOFA_D3__all_valid	GNAS
PROTEIN_SECRETION	entry4_SOFA_D3__all_valid	AP2B1
PROTEIN_SECRETION	entry4_SOFA_D3__all_valid	CD63
PROTEIN_SECRETION	entry4_SOFA_D3__all_valid	GLA
PROTEIN_SECRETION	entry4_SOFA_D3__all_valid	PAM
PROTEIN_SECRETION	entry4_SOFA_D3__all_valid	ARFGEF1
PROTEIN_SECRETION	entry4_SOFA_D3__all_valid	RAB5A
PROTEIN_SECRETION	entry4_SOFA_D3__all_valid	STX7
PROTEIN_SECRETION	entry4_SOFA_D3__all_valid	LAMP2
PROTEIN_SECRETION	entry4_SOFA_D3__all_valid	VAMP3
PROTEIN_SECRETION	entry4_SOFA_D3__all_valid	AP1G1
PROTEIN_SECRETION	entry4_SOFA_D3__all_valid	ARF1
PROTEIN_SECRETION	entry4_SOFA_D3__all_valid	CLTC
PROTEIN_SECRETION	entry4_SOFA_D3__all_valid	SEC22B
PROTEIN_SECRETION	entry4_SOFA_D3__all_valid	STAM
PROTEIN_SECRETION	entry4_SOFA_D3__all_valid	AP3S1
PROTEIN_SECRETION	entry4_SOFA_D3__all_valid	RAB2A
PROTEIN_SECRETION	entry4_SOFA_D3__all_valid	AP2M1
PROTEIN_SECRETION	entry4_SOFA_D3__all_valid	RAB14
PROTEIN_SECRETION	entry4_SOFA_D3__all_valid	CLN5
PROTEIN_SECRETION	entry4_SOFA_D3__all_valid	COPB1
PROTEIN_SECRETION	entry4_SOFA_D3__all_valid	ARFGAP3
PROTEIN_SECRETION	entry4_SOFA_D3__all_valid	ATP6V1H
PROTEIN_SECRETION	entry4_SOFA_D3__all_valid	NAPA
PROTEIN_SECRETION	entry4_SOFA_D3__all_valid	VPS4B
PROTEIN_SECRETION	entry4_SOFA_D3__all_valid	ABCA1
PROTEIN_SECRETION	entry4_SOFA_D3__all_valid	PPT1
PROTEIN_SECRETION	entry4_SOFA_D3__all_valid	ATP7A
PROTEIN_SECRETION	entry4_SOFA_D3__all_valid	AP2S1
PROTEIN_SECRETION	entry4_SOFA_D3__all_valid	SNAP23
PROTEIN_SECRETION	entry4_SOFA_D3__all_valid	YKT6
PROTEIN_SECRETION	entry4_SOFA_D3__all_valid	SGMS1
REACTIVE_OXYGEN_SPECIES_PATHWAY	entry4_SOFA_D3__all_valid	GCLM
REACTIVE_OXYGEN_SPECIES_PATHWAY	entry4_SOFA_D3__all_valid	GSR
REACTIVE_OXYGEN_SPECIES_PATHWAY	entry4_SOFA_D3__all_valid	HHEX
REACTIVE_OXYGEN_SPECIES_PATHWAY	entry4_SOFA_D3__all_valid	FES
REACTIVE_OXYGEN_SPECIES_PATHWAY	entry4_SOFA_D3__all_valid	MSRA
REACTIVE_OXYGEN_SPECIES_PATHWAY	entry4_SOFA_D3__all_valid	MBP
REACTIVE_OXYGEN_SPECIES_PATHWAY	entry4_SOFA_D3__all_valid	SBNO2
REACTIVE_OXYGEN_SPECIES_PATHWAY	entry4_SOFA_D3__all_valid	CDKN2D
REACTIVE_OXYGEN_SPECIES_PATHWAY	entry4_SOFA_D3__all_valid	G6PD
REACTIVE_OXYGEN_SPECIES_PATHWAY	entry4_SOFA_D3__all_valid	OXSR1
REACTIVE_OXYGEN_SPECIES_PATHWAY	entry4_SOFA_D3__all_valid	TXNRD1
REACTIVE_OXYGEN_SPECIES_PATHWAY	entry4_SOFA_D3__all_valid	SRXN1
REACTIVE_OXYGEN_SPECIES_PATHWAY	entry4_SOFA_D3__all_valid	LAMTOR5
REACTIVE_OXYGEN_SPECIES_PATHWAY	entry4_SOFA_D3__all_valid	TXN
REACTIVE_OXYGEN_SPECIES_PATHWAY	entry4_SOFA_D3__all_valid	NQO1
REACTIVE_OXYGEN_SPECIES_PATHWAY	entry4_SOFA_D3__all_valid	FTL
REACTIVE_OXYGEN_SPECIES_PATHWAY	entry4_SOFA_D3__all_valid	JUNB
REACTIVE_OXYGEN_SPECIES_PATHWAY	entry4_SOFA_D3__all_valid	GLRX
REACTIVE_OXYGEN_SPECIES_PATHWAY	entry4_SOFA_D3__all_valid	EGLN2
REACTIVE_OXYGEN_SPECIES_PATHWAY	entry4_SOFA_D3__all_valid	LSP1
REACTIVE_OXYGEN_SPECIES_PATHWAY	entry4_SOFA_D3__all_valid	GPX3
REACTIVE_OXYGEN_SPECIES_PATHWAY	entry4_SOFA_D3__all_valid	PRDX6
SPERMATOGENESIS	entry4_SOFA_D3__all_valid	PGS1
SPERMATOGENESIS	entry4_SOFA_D3__all_valid	AGFG1
SPERMATOGENESIS	entry4_SOFA_D3__all_valid	TLE4
SPERMATOGENESIS	entry4_SOFA_D3__all_valid	PRKAR2A
SPERMATOGENESIS	entry4_SOFA_D3__all_valid	CCNA1
SPERMATOGENESIS	entry4_SOFA_D3__all_valid	CLVS1
SPERMATOGENESIS	entry4_SOFA_D3__all_valid	BRAF
SPERMATOGENESIS	entry4_SOFA_D3__all_valid	IP6K1
SPERMATOGENESIS	entry4_SOFA_D3__all_valid	TALDO1
SPERMATOGENESIS	entry4_SOFA_D3__all_valid	PHF7
SPERMATOGENESIS	entry4_SOFA_D3__all_valid	SHE
SPERMATOGENESIS	entry4_SOFA_D3__all_valid	H1-6
SPERMATOGENESIS	entry4_SOFA_D3__all_valid	CHFR
SPERMATOGENESIS	entry4_SOFA_D3__all_valid	GMCL1
SPERMATOGENESIS	entry4_SOFA_D3__all_valid	MAST2
SPERMATOGENESIS	entry4_SOFA_D3__all_valid	TTK
TGF_BETA_SIGNALING	entry4_SOFA_D3__all_valid	FKBP1A
TGF_BETA_SIGNALING	entry4_SOFA_D3__all_valid	RAB31
TGF_BETA_SIGNALING	entry4_SOFA_D3__all_valid	FURIN
TGF_BETA_SIGNALING	entry4_SOFA_D3__all_valid	HIPK2
TGF_BETA_SIGNALING	entry4_SOFA_D3__all_valid	IFNGR2
TGF_BETA_SIGNALING	entry4_SOFA_D3__all_valid	SPTBN1
TGF_BETA_SIGNALING	entry4_SOFA_D3__all_valid	TGFBR1
TGF_BETA_SIGNALING	entry4_SOFA_D3__all_valid	SERPINE1
TGF_BETA_SIGNALING	entry4_SOFA_D3__all_valid	PPP1R15A
TGF_BETA_SIGNALING	entry4_SOFA_D3__all_valid	TGFB1
TGF_BETA_SIGNALING	entry4_SOFA_D3__all_valid	SKI
TGF_BETA_SIGNALING	entry4_SOFA_D3__all_valid	SMAD1
TGF_BETA_SIGNALING	entry4_SOFA_D3__all_valid	CTNNB1
TGF_BETA_SIGNALING	entry4_SOFA_D3__all_valid	UBE2D3
TGF_BETA_SIGNALING	entry4_SOFA_D3__all_valid	THBS1
TGF_BETA_SIGNALING	entry4_SOFA_D3__all_valid	XIAP
TGF_BETA_SIGNALING	entry4_SOFA_D3__all_valid	PPM1A
TGF_BETA_SIGNALING	entry4_SOFA_D3__all_valid	SMURF1
TGF_BETA_SIGNALING	entry4_SOFA_D3__all_valid	APC
TGF_BETA_SIGNALING	entry4_SOFA_D3__all_valid	JUNB
TGF_BETA_SIGNALING	entry4_SOFA_D3__all_valid	RHOA
TNFA_SIGNALING_VIA_NFKB	entry4_SOFA_D3__all_valid	BCL6
TNFA_SIGNALING_VIA_NFKB	entry4_SOFA_D3__all_valid	GADD45A
TNFA_SIGNALING_VIA_NFKB	entry4_SOFA_D3__all_valid	PFKFB3
TNFA_SIGNALING_VIA_NFKB	entry4_SOFA_D3__all_valid	ETS2
TNFA_SIGNALING_VIA_NFKB	entry4_SOFA_D3__all_valid	FOSL2
TNFA_SIGNALING_VIA_NFKB	entry4_SOFA_D3__all_valid	CFLAR
TNFA_SIGNALING_VIA_NFKB	entry4_SOFA_D3__all_valid	SLC2A3
TNFA_SIGNALING_VIA_NFKB	entry4_SOFA_D3__all_valid	B4GALT5
TNFA_SIGNALING_VIA_NFKB	entry4_SOFA_D3__all_valid	NFIL3
TNFA_SIGNALING_VIA_NFKB	entry4_SOFA_D3__all_valid	BCL2A1
TNFA_SIGNALING_VIA_NFKB	entry4_SOFA_D3__all_valid	IRS2
TNFA_SIGNALING_VIA_NFKB	entry4_SOFA_D3__all_valid	SOCS3
TNFA_SIGNALING_VIA_NFKB	entry4_SOFA_D3__all_valid	DRAM1
TNFA_SIGNALING_VIA_NFKB	entry4_SOFA_D3__all_valid	LITAF
TNFA_SIGNALING_VIA_NFKB	entry4_SOFA_D3__all_valid	PTPRE
TNFA_SIGNALING_VIA_NFKB	entry4_SOFA_D3__all_valid	MXD1
TNFA_SIGNALING_VIA_NFKB	entry4_SOFA_D3__all_valid	IFNGR2
TNFA_SIGNALING_VIA_NFKB	entry4_SOFA_D3__all_valid	KLF6
TNFA_SIGNALING_VIA_NFKB	entry4_SOFA_D3__all_valid	KLF9
TNFA_SIGNALING_VIA_NFKB	entry4_SOFA_D3__all_valid	TLR2
TNFA_SIGNALING_VIA_NFKB	entry4_SOFA_D3__all_valid	RCAN1
TNFA_SIGNALING_VIA_NFKB	entry4_SOFA_D3__all_valid	NFKB1
TNFA_SIGNALING_VIA_NFKB	entry4_SOFA_D3__all_valid	TIPARP
TNFA_SIGNALING_VIA_NFKB	entry4_SOFA_D3__all_valid	MAP2K3
TNFA_SIGNALING_VIA_NFKB	entry4_SOFA_D3__all_valid	NFKBIA
TNFA_SIGNALING_VIA_NFKB	entry4_SOFA_D3__all_valid	TNIP1
TNFA_SIGNALING_VIA_NFKB	entry4_SOFA_D3__all_valid	LDLR
TNFA_SIGNALING_VIA_NFKB	entry4_SOFA_D3__all_valid	DENND5A
TNFA_SIGNALING_VIA_NFKB	entry4_SOFA_D3__all_valid	EHD1
TNFA_SIGNALING_VIA_NFKB	entry4_SOFA_D3__all_valid	CD44
TNFA_SIGNALING_VIA_NFKB	entry4_SOFA_D3__all_valid	F2RL1
TNFA_SIGNALING_VIA_NFKB	entry4_SOFA_D3__all_valid	BCL3
TNFA_SIGNALING_VIA_NFKB	entry4_SOFA_D3__all_valid	PER1
TNFA_SIGNALING_VIA_NFKB	entry4_SOFA_D3__all_valid	RNF19B
TNFA_SIGNALING_VIA_NFKB	entry4_SOFA_D3__all_valid	CSF1
TNFA_SIGNALING_VIA_NFKB	entry4_SOFA_D3__all_valid	PNRC1
TNFA_SIGNALING_VIA_NFKB	entry4_SOFA_D3__all_valid	MAP3K8
TNFA_SIGNALING_VIA_NFKB	entry4_SOFA_D3__all_valid	SERPINE1
TNFA_SIGNALING_VIA_NFKB	entry4_SOFA_D3__all_valid	PPP1R15A
TNFA_SIGNALING_VIA_NFKB	entry4_SOFA_D3__all_valid	ZC3H12A
TNFA_SIGNALING_VIA_NFKB	entry4_SOFA_D3__all_valid	CEBPB
TNFA_SIGNALING_VIA_NFKB	entry4_SOFA_D3__all_valid	CEBPD
TNFA_SIGNALING_VIA_NFKB	entry4_SOFA_D3__all_valid	KDM6B
TNFA_SIGNALING_VIA_NFKB	entry4_SOFA_D3__all_valid	AREG
TNFA_SIGNALING_VIA_NFKB	entry4_SOFA_D3__all_valid	GADD45B
TNFA_SIGNALING_VIA_NFKB	entry4_SOFA_D3__all_valid	TNFAIP3
TNFA_SIGNALING_VIA_NFKB	entry4_SOFA_D3__all_valid	B4GALT1
TNFA_SIGNALING_VIA_NFKB	entry4_SOFA_D3__all_valid	NFE2L2
TNFA_SIGNALING_VIA_NFKB	entry4_SOFA_D3__all_valid	JAG1
TNFA_SIGNALING_VIA_NFKB	entry4_SOFA_D3__all_valid	IER3
TNFA_SIGNALING_VIA_NFKB	entry4_SOFA_D3__all_valid	DUSP1
TNFA_SIGNALING_VIA_NFKB	entry4_SOFA_D3__all_valid	TRIB1
TNFA_SIGNALING_VIA_NFKB	entry4_SOFA_D3__all_valid	STAT5A
TNFA_SIGNALING_VIA_NFKB	entry4_SOFA_D3__all_valid	NAMPT
TNFA_SIGNALING_VIA_NFKB	entry4_SOFA_D3__all_valid	MARCKS
TNFA_SIGNALING_VIA_NFKB	entry4_SOFA_D3__all_valid	ICAM1
TNFA_SIGNALING_VIA_NFKB	entry4_SOFA_D3__all_valid	NFAT5
TNFA_SIGNALING_VIA_NFKB	entry4_SOFA_D3__all_valid	TUBB2A
TNFA_SIGNALING_VIA_NFKB	entry4_SOFA_D3__all_valid	TNIP2
TNFA_SIGNALING_VIA_NFKB	entry4_SOFA_D3__all_valid	TAP1
TNFA_SIGNALING_VIA_NFKB	entry4_SOFA_D3__all_valid	REL
TNFA_SIGNALING_VIA_NFKB	entry4_SOFA_D3__all_valid	IRF1
TNFA_SIGNALING_VIA_NFKB	entry4_SOFA_D3__all_valid	JUNB
TNFA_SIGNALING_VIA_NFKB	entry4_SOFA_D3__all_valid	ZFP36
TNFA_SIGNALING_VIA_NFKB	entry4_SOFA_D3__all_valid	TNFAIP6
UNFOLDED_PROTEIN_RESPONSE	entry4_SOFA_D3__all_valid	NPM1
UNFOLDED_PROTEIN_RESPONSE	entry4_SOFA_D3__all_valid	IMP3
UNFOLDED_PROTEIN_RESPONSE	entry4_SOFA_D3__all_valid	NOP56
UNFOLDED_PROTEIN_RESPONSE	entry4_SOFA_D3__all_valid	EXOSC2
UNFOLDED_PROTEIN_RESPONSE	entry4_SOFA_D3__all_valid	EIF2AK3
UNFOLDED_PROTEIN_RESPONSE	entry4_SOFA_D3__all_valid	HSPA9
UNFOLDED_PROTEIN_RESPONSE	entry4_SOFA_D3__all_valid	EXOSC9
UNFOLDED_PROTEIN_RESPONSE	entry4_SOFA_D3__all_valid	SPCS1
UNFOLDED_PROTEIN_RESPONSE	entry4_SOFA_D3__all_valid	HSP90B1
UNFOLDED_PROTEIN_RESPONSE	entry4_SOFA_D3__all_valid	EIF2S1
UNFOLDED_PROTEIN_RESPONSE	entry4_SOFA_D3__all_valid	RPS14
UNFOLDED_PROTEIN_RESPONSE	entry4_SOFA_D3__all_valid	PDIA6
UNFOLDED_PROTEIN_RESPONSE	entry4_SOFA_D3__all_valid	IARS1
UNFOLDED_PROTEIN_RESPONSE	entry4_SOFA_D3__all_valid	CEBPG
UNFOLDED_PROTEIN_RESPONSE	entry4_SOFA_D3__all_valid	SKIC3
UNFOLDED_PROTEIN_RESPONSE	entry4_SOFA_D3__all_valid	SLC30A5
UNFOLDED_PROTEIN_RESPONSE	entry4_SOFA_D3__all_valid	DNAJB9
UNFOLDED_PROTEIN_RESPONSE	entry4_SOFA_D3__all_valid	LSM4
UNFOLDED_PROTEIN_RESPONSE	entry4_SOFA_D3__all_valid	SRPRB
UNFOLDED_PROTEIN_RESPONSE	entry4_SOFA_D3__all_valid	SEC31A
UNFOLDED_PROTEIN_RESPONSE	entry4_SOFA_D3__all_valid	EIF4A2
UNFOLDED_PROTEIN_RESPONSE	entry4_SOFA_D3__all_valid	MTREX
UNFOLDED_PROTEIN_RESPONSE	entry4_SOFA_D3__all_valid	WFS1
UNFOLDED_PROTEIN_RESPONSE	entry4_SOFA_D3__all_valid	BANF1
UNFOLDED_PROTEIN_RESPONSE	entry4_SOFA_D3__all_valid	SEC11A
UNFOLDED_PROTEIN_RESPONSE	entry4_SOFA_D3__all_valid	RRP9
UNFOLDED_PROTEIN_RESPONSE	entry4_SOFA_D3__all_valid	SSR1
UNFOLDED_PROTEIN_RESPONSE	entry4_SOFA_D3__all_valid	EIF4EBP1
UNFOLDED_PROTEIN_RESPONSE	entry4_SOFA_D3__all_valid	FUS
UNFOLDED_PROTEIN_RESPONSE	entry4_SOFA_D3__all_valid	HERPUD1
UNFOLDED_PROTEIN_RESPONSE	entry4_SOFA_D3__all_valid	BAG3
UNFOLDED_PROTEIN_RESPONSE	entry4_SOFA_D3__all_valid	DDX10
UNFOLDED_PROTEIN_RESPONSE	entry4_SOFA_D3__all_valid	EIF4A1
UNFOLDED_PROTEIN_RESPONSE	entry4_SOFA_D3__all_valid	HYOU1
UNFOLDED_PROTEIN_RESPONSE	entry4_SOFA_D3__all_valid	EXOC2
UNFOLDED_PROTEIN_RESPONSE	entry4_SOFA_D3__all_valid	NOLC1
UNFOLDED_PROTEIN_RESPONSE	entry4_SOFA_D3__all_valid	YIF1A
UNFOLDED_PROTEIN_RESPONSE	entry4_SOFA_D3__all_valid	ALDH18A1
UNFOLDED_PROTEIN_RESPONSE	entry4_SOFA_D3__all_valid	SPCS3
UNFOLDED_PROTEIN_RESPONSE	entry4_SOFA_D3__all_valid	NOP14
UNFOLDED_PROTEIN_RESPONSE	entry4_SOFA_D3__all_valid	FKBP14
UNFOLDED_PROTEIN_RESPONSE	entry4_SOFA_D3__all_valid	XBP1
UNFOLDED_PROTEIN_RESPONSE	entry4_SOFA_D3__all_valid	CNOT2
UNFOLDED_PROTEIN_RESPONSE	entry4_SOFA_D3__all_valid	EIF4E
UNFOLDED_PROTEIN_RESPONSE	entry4_SOFA_D3__all_valid	EDEM1
UNFOLDED_PROTEIN_RESPONSE	entry4_SOFA_D3__all_valid	SDAD1
UNFOLDED_PROTEIN_RESPONSE	entry4_SOFA_D3__all_valid	CKS1B
UNFOLDED_PROTEIN_RESPONSE	entry4_SOFA_D3__all_valid	CALR
UNFOLDED_PROTEIN_RESPONSE	entry4_SOFA_D3__all_valid	PAIP1
UNFOLDED_PROTEIN_RESPONSE	entry4_SOFA_D3__all_valid	EEF2
UNFOLDED_PROTEIN_RESPONSE	entry4_SOFA_D3__all_valid	NHP2
UNFOLDED_PROTEIN_RESPONSE	entry4_SOFA_D3__all_valid	GOSR2
UNFOLDED_PROTEIN_RESPONSE	entry4_SOFA_D3__all_valid	EXOSC1
UNFOLDED_PROTEIN_RESPONSE	entry4_SOFA_D3__all_valid	XPOT
UNFOLDED_PROTEIN_RESPONSE	entry4_SOFA_D3__all_valid	MTHFD2
UNFOLDED_PROTEIN_RESPONSE	entry4_SOFA_D3__all_valid	NFYB
UNFOLDED_PROTEIN_RESPONSE	entry4_SOFA_D3__all_valid	SLC1A4
UNFOLDED_PROTEIN_RESPONSE	entry4_SOFA_D3__all_valid	KHSRP
UNFOLDED_PROTEIN_RESPONSE	entry4_SOFA_D3__all_valid	HSPA5
UNFOLDED_PROTEIN_RESPONSE	entry4_SOFA_D3__all_valid	TSPYL2
UNFOLDED_PROTEIN_RESPONSE	entry4_SOFA_D3__all_valid	PREB
UNFOLDED_PROTEIN_RESPONSE	entry4_SOFA_D3__all_valid	LSM1
UNFOLDED_PROTEIN_RESPONSE	entry4_SOFA_D3__all_valid	CXXC1
UNFOLDED_PROTEIN_RESPONSE	entry4_SOFA_D3__all_valid	PARN
UNFOLDED_PROTEIN_RESPONSE	entry4_SOFA_D3__all_valid	DKC1
UNFOLDED_PROTEIN_RESPONSE	entry4_SOFA_D3__all_valid	GEMIN4
UNFOLDED_PROTEIN_RESPONSE	entry4_SOFA_D3__all_valid	SERP1
UV_RESPONSE_DN	entry4_SOFA_D3__all_valid	MAPK14
UV_RESPONSE_DN	entry4_SOFA_D3__all_valid	ATP2B4
UV_RESPONSE_DN	entry4_SOFA_D3__all_valid	IGF1R
UV_RESPONSE_DN	entry4_SOFA_D3__all_valid	ATXN1
UV_RESPONSE_DN	entry4_SOFA_D3__all_valid	SYNE1
UV_RESPONSE_DN	entry4_SOFA_D3__all_valid	DYRK1A
UV_RESPONSE_DN	entry4_SOFA_D3__all_valid	WDR37
UV_RESPONSE_DN	entry4_SOFA_D3__all_valid	NFKB1
UV_RESPONSE_DN	entry4_SOFA_D3__all_valid	PTEN
UV_RESPONSE_DN	entry4_SOFA_D3__all_valid	LDLR
UV_RESPONSE_DN	entry4_SOFA_D3__all_valid	GCNT1
UV_RESPONSE_DN	entry4_SOFA_D3__all_valid	CELF2
UV_RESPONSE_DN	entry4_SOFA_D3__all_valid	SCN8A
UV_RESPONSE_DN	entry4_SOFA_D3__all_valid	PPARG
UV_RESPONSE_DN	entry4_SOFA_D3__all_valid	RXRA
UV_RESPONSE_DN	entry4_SOFA_D3__all_valid	NR3C1
UV_RESPONSE_DN	entry4_SOFA_D3__all_valid	RASA2
UV_RESPONSE_DN	entry4_SOFA_D3__all_valid	PIK3CD
UV_RESPONSE_DN	entry4_SOFA_D3__all_valid	SERPINE1
UV_RESPONSE_DN	entry4_SOFA_D3__all_valid	TGFBR2
UV_RESPONSE_DN	entry4_SOFA_D3__all_valid	FHL2
UV_RESPONSE_DN	entry4_SOFA_D3__all_valid	NOTCH2
UV_RESPONSE_DN	entry4_SOFA_D3__all_valid	CDKN1B
UV_RESPONSE_DN	entry4_SOFA_D3__all_valid	SCAF8
UV_RESPONSE_DN	entry4_SOFA_D3__all_valid	DUSP1
UV_RESPONSE_DN	entry4_SOFA_D3__all_valid	APBB2
UV_RESPONSE_DN	entry4_SOFA_D3__all_valid	CDC42BPA
UV_RESPONSE_DN	entry4_SOFA_D3__all_valid	PTGFR
UV_RESPONSE_DN	entry4_SOFA_D3__all_valid	PRDM2
UV_RESPONSE_DN	entry4_SOFA_D3__all_valid	TFPI
UV_RESPONSE_DN	entry4_SOFA_D3__all_valid	CACNA1A
UV_RESPONSE_DN	entry4_SOFA_D3__all_valid	NIPBL
UV_RESPONSE_UP	entry4_SOFA_D3__all_valid	CCND3
UV_RESPONSE_UP	entry4_SOFA_D3__all_valid	ARRB2
UV_RESPONSE_UP	entry4_SOFA_D3__all_valid	ATP6V1C1
UV_RESPONSE_UP	entry4_SOFA_D3__all_valid	GRINA
UV_RESPONSE_UP	entry4_SOFA_D3__all_valid	PRKCD
UV_RESPONSE_UP	entry4_SOFA_D3__all_valid	TUBA4A
UV_RESPONSE_UP	entry4_SOFA_D3__all_valid	ALAS1
UV_RESPONSE_UP	entry4_SOFA_D3__all_valid	FURIN
UV_RESPONSE_UP	entry4_SOFA_D3__all_valid	LYN
UV_RESPONSE_UP	entry4_SOFA_D3__all_valid	MAOA
UV_RESPONSE_UP	entry4_SOFA_D3__all_valid	NFKBIA
UV_RESPONSE_UP	entry4_SOFA_D3__all_valid	RAB27A
UV_RESPONSE_UP	entry4_SOFA_D3__all_valid	AGO2
UV_RESPONSE_UP	entry4_SOFA_D3__all_valid	MARK2
UV_RESPONSE_UP	entry4_SOFA_D3__all_valid	CHKA
UV_RESPONSE_UP	entry4_SOFA_D3__all_valid	ACAA1
UV_RESPONSE_UP	entry4_SOFA_D3__all_valid	NUP58
UV_RESPONSE_UP	entry4_SOFA_D3__all_valid	GRPEL1
UV_RESPONSE_UP	entry4_SOFA_D3__all_valid	ALDOA
UV_RESPONSE_UP	entry4_SOFA_D3__all_valid	CA2
UV_RESPONSE_UP	entry4_SOFA_D3__all_valid	ICAM1
UV_RESPONSE_UP	entry4_SOFA_D3__all_valid	PDAP1
UV_RESPONSE_UP	entry4_SOFA_D3__all_valid	TAP1
UV_RESPONSE_UP	entry4_SOFA_D3__all_valid	IRF1
UV_RESPONSE_UP	entry4_SOFA_D3__all_valid	CDC34
UV_RESPONSE_UP	entry4_SOFA_D3__all_valid	JUNB
UV_RESPONSE_UP	entry4_SOFA_D3__all_valid	PRKACA
UV_RESPONSE_UP	entry4_SOFA_D3__all_valid	STARD3
UV_RESPONSE_UP	entry4_SOFA_D3__all_valid	GPX3
UV_RESPONSE_UP	entry4_SOFA_D3__all_valid	APOM
WNT_BETA_CATENIN_SIGNALING	entry4_SOFA_D3__all_valid	RBPJ
WNT_BETA_CATENIN_SIGNALING	entry4_SOFA_D3__all_valid	NUMB
WNT_BETA_CATENIN_SIGNALING	entry4_SOFA_D3__all_valid	MAML1
WNT_BETA_CATENIN_SIGNALING	entry4_SOFA_D3__all_valid	ADAM17
WNT_BETA_CATENIN_SIGNALING	entry4_SOFA_D3__all_valid	FRAT1
WNT_BETA_CATENIN_SIGNALING	entry4_SOFA_D3__all_valid	JAG1
WNT_BETA_CATENIN_SIGNALING	entry4_SOFA_D3__all_valid	CTNNB1
WNT_BETA_CATENIN_SIGNALING	entry4_SOFA_D3__all_valid	NCSTN
WNT_BETA_CATENIN_SIGNALING	entry4_SOFA_D3__all_valid	NKD1
WNT_BETA_CATENIN_SIGNALING	entry4_SOFA_D3__all_valid	NOTCH1
XENOBIOTIC_METABOLISM	entry4_SOFA_D3__all_valid	UPP1
XENOBIOTIC_METABOLISM	entry4_SOFA_D3__all_valid	PGD
XENOBIOTIC_METABOLISM	entry4_SOFA_D3__all_valid	IL1R1
XENOBIOTIC_METABOLISM	entry4_SOFA_D3__all_valid	ETS2
XENOBIOTIC_METABOLISM	entry4_SOFA_D3__all_valid	GSR
XENOBIOTIC_METABOLISM	entry4_SOFA_D3__all_valid	POR
XENOBIOTIC_METABOLISM	entry4_SOFA_D3__all_valid	DDAH2
XENOBIOTIC_METABOLISM	entry4_SOFA_D3__all_valid	TPST1
XENOBIOTIC_METABOLISM	entry4_SOFA_D3__all_valid	ALAS1
XENOBIOTIC_METABOLISM	entry4_SOFA_D3__all_valid	ACOX1
XENOBIOTIC_METABOLISM	entry4_SOFA_D3__all_valid	ARG1
XENOBIOTIC_METABOLISM	entry4_SOFA_D3__all_valid	TNFRSF1A
XENOBIOTIC_METABOLISM	entry4_SOFA_D3__all_valid	LPIN2
XENOBIOTIC_METABOLISM	entry4_SOFA_D3__all_valid	SLC6A6
XENOBIOTIC_METABOLISM	entry4_SOFA_D3__all_valid	MAOA
XENOBIOTIC_METABOLISM	entry4_SOFA_D3__all_valid	AQP9
XENOBIOTIC_METABOLISM	entry4_SOFA_D3__all_valid	PINK1
XENOBIOTIC_METABOLISM	entry4_SOFA_D3__all_valid	VNN1
XENOBIOTIC_METABOLISM	entry4_SOFA_D3__all_valid	UPB1
XENOBIOTIC_METABOLISM	entry4_SOFA_D3__all_valid	FAS
XENOBIOTIC_METABOLISM	entry4_SOFA_D3__all_valid	CDA
XENOBIOTIC_METABOLISM	entry4_SOFA_D3__all_valid	SLC46A3
XENOBIOTIC_METABOLISM	entry4_SOFA_D3__all_valid	ESR1
XENOBIOTIC_METABOLISM	entry4_SOFA_D3__all_valid	MARCHF6
XENOBIOTIC_METABOLISM	entry4_SOFA_D3__all_valid	SERPINE1
XENOBIOTIC_METABOLISM	entry4_SOFA_D3__all_valid	ABCC2
XENOBIOTIC_METABOLISM	entry4_SOFA_D3__all_valid	SMOX
XENOBIOTIC_METABOLISM	entry4_SOFA_D3__all_valid	GABARAPL1
XENOBIOTIC_METABOLISM	entry4_SOFA_D3__all_valid	SLC22A1
XENOBIOTIC_METABOLISM	entry4_SOFA_D3__all_valid	ITIH4
XENOBIOTIC_METABOLISM	entry4_SOFA_D3__all_valid	RAP1GAP
XENOBIOTIC_METABOLISM	entry4_SOFA_D3__all_valid	CA2
XENOBIOTIC_METABOLISM	entry4_SOFA_D3__all_valid	CSAD
XENOBIOTIC_METABOLISM	entry4_SOFA_D3__all_valid	NQO1
XENOBIOTIC_METABOLISM	entry4_SOFA_D3__all_valid	DHRS7
ADIPOGENESIS	entry4_SOFA_D3__PH_pass	BCL6
ADIPOGENESIS	entry4_SOFA_D3__PH_pass	GADD45A
ADIPOGENESIS	entry4_SOFA_D3__PH_pass	PFKFB3
ADIPOGENESIS	entry4_SOFA_D3__PH_pass	POR
ADIPOGENESIS	entry4_SOFA_D3__PH_pass	RTN3
ADIPOGENESIS	entry4_SOFA_D3__PH_pass	ACOX1
ADIPOGENESIS	entry4_SOFA_D3__PH_pass	ITGA7
ADIPOGENESIS	entry4_SOFA_D3__PH_pass	SQOR
ADIPOGENESIS	entry4_SOFA_D3__PH_pass	CCNG2
ADIPOGENESIS	entry4_SOFA_D3__PH_pass	STOM
ADIPOGENESIS	entry4_SOFA_D3__PH_pass	PGM1
ADIPOGENESIS	entry4_SOFA_D3__PH_pass	ELMOD3
ADIPOGENESIS	entry4_SOFA_D3__PH_pass	GPAT4
ADIPOGENESIS	entry4_SOFA_D3__PH_pass	LPCAT3
ADIPOGENESIS	entry4_SOFA_D3__PH_pass	IFNGR1
ADIPOGENESIS	entry4_SOFA_D3__PH_pass	TOB1
ADIPOGENESIS	entry4_SOFA_D3__PH_pass	PPARG
ADIPOGENESIS	entry4_SOFA_D3__PH_pass	DHRS7B
ADIPOGENESIS	entry4_SOFA_D3__PH_pass	DHCR7
ADIPOGENESIS	entry4_SOFA_D3__PH_pass	PPM1B
ADIPOGENESIS	entry4_SOFA_D3__PH_pass	ORM1
ADIPOGENESIS	entry4_SOFA_D3__PH_pass	TALDO1
ADIPOGENESIS	entry4_SOFA_D3__PH_pass	TKT
ADIPOGENESIS	entry4_SOFA_D3__PH_pass	GRPEL1
ADIPOGENESIS	entry4_SOFA_D3__PH_pass	ALDOA
ADIPOGENESIS	entry4_SOFA_D3__PH_pass	STAT5A
ADIPOGENESIS	entry4_SOFA_D3__PH_pass	GBE1
ADIPOGENESIS	entry4_SOFA_D3__PH_pass	CDKN2C
ADIPOGENESIS	entry4_SOFA_D3__PH_pass	BAZ2A
ADIPOGENESIS	entry4_SOFA_D3__PH_pass	CHUK
ADIPOGENESIS	entry4_SOFA_D3__PH_pass	CD151
ADIPOGENESIS	entry4_SOFA_D3__PH_pass	PIM3
ADIPOGENESIS	entry4_SOFA_D3__PH_pass	ITSN1
ALLOGRAFT_REJECTION	entry4_SOFA_D3__PH_pass	RPS3A
ALLOGRAFT_REJECTION	entry4_SOFA_D3__PH_pass	HLA-DRA
ALLOGRAFT_REJECTION	entry4_SOFA_D3__PH_pass	ABCE1
ALLOGRAFT_REJECTION	entry4_SOFA_D3__PH_pass	NPM1
ALLOGRAFT_REJECTION	entry4_SOFA_D3__PH_pass	HLA-DMB
ALLOGRAFT_REJECTION	entry4_SOFA_D3__PH_pass	CD3D
ALLOGRAFT_REJECTION	entry4_SOFA_D3__PH_pass	EIF3A
ALLOGRAFT_REJECTION	entry4_SOFA_D3__PH_pass	ITK
ALLOGRAFT_REJECTION	entry4_SOFA_D3__PH_pass	HLA-DMA
ALLOGRAFT_REJECTION	entry4_SOFA_D3__PH_pass	SIT1
ALLOGRAFT_REJECTION	entry4_SOFA_D3__PH_pass	RPL9
ALLOGRAFT_REJECTION	entry4_SOFA_D3__PH_pass	LY75
ALLOGRAFT_REJECTION	entry4_SOFA_D3__PH_pass	TRAT1
ALLOGRAFT_REJECTION	entry4_SOFA_D3__PH_pass	CD3G
ALLOGRAFT_REJECTION	entry4_SOFA_D3__PH_pass	DARS1
ALLOGRAFT_REJECTION	entry4_SOFA_D3__PH_pass	HLA-DOA
ALLOGRAFT_REJECTION	entry4_SOFA_D3__PH_pass	RPL39
ALLOGRAFT_REJECTION	entry4_SOFA_D3__PH_pass	CTSS
ALLOGRAFT_REJECTION	entry4_SOFA_D3__PH_pass	CD28
ALLOGRAFT_REJECTION	entry4_SOFA_D3__PH_pass	CD86
ALLOGRAFT_REJECTION	entry4_SOFA_D3__PH_pass	UBE2N
ALLOGRAFT_REJECTION	entry4_SOFA_D3__PH_pass	CD4
ALLOGRAFT_REJECTION	entry4_SOFA_D3__PH_pass	CD40LG
ALLOGRAFT_REJECTION	entry4_SOFA_D3__PH_pass	EIF3D
ALLOGRAFT_REJECTION	entry4_SOFA_D3__PH_pass	IL7
ALLOGRAFT_REJECTION	entry4_SOFA_D3__PH_pass	LY86
ALLOGRAFT_REJECTION	entry4_SOFA_D3__PH_pass	CD8B
ALLOGRAFT_REJECTION	entry4_SOFA_D3__PH_pass	LCK
ALLOGRAFT_REJECTION	entry4_SOFA_D3__PH_pass	CD74
ALLOGRAFT_REJECTION	entry4_SOFA_D3__PH_pass	RPS19
ALLOGRAFT_REJECTION	entry4_SOFA_D3__PH_pass	IRF4
ALLOGRAFT_REJECTION	entry4_SOFA_D3__PH_pass	HLA-DQA1
ALLOGRAFT_REJECTION	entry4_SOFA_D3__PH_pass	TNF
ALLOGRAFT_REJECTION	entry4_SOFA_D3__PH_pass	IRF8
ALLOGRAFT_REJECTION	entry4_SOFA_D3__PH_pass	CD8A
ALLOGRAFT_REJECTION	entry4_SOFA_D3__PH_pass	CD2
ALLOGRAFT_REJECTION	entry4_SOFA_D3__PH_pass	FCGR2B
ALLOGRAFT_REJECTION	entry4_SOFA_D3__PH_pass	STAT4
ALLOGRAFT_REJECTION	entry4_SOFA_D3__PH_pass	ZAP70
ALLOGRAFT_REJECTION	entry4_SOFA_D3__PH_pass	CCR2
ALLOGRAFT_REJECTION	entry4_SOFA_D3__PH_pass	CD3E
ALLOGRAFT_REJECTION	entry4_SOFA_D3__PH_pass	IL15
ALLOGRAFT_REJECTION	entry4_SOFA_D3__PH_pass	CD79A
ALLOGRAFT_REJECTION	entry4_SOFA_D3__PH_pass	CCR5
ALLOGRAFT_REJECTION	entry4_SOFA_D3__PH_pass	HDAC9
ALLOGRAFT_REJECTION	entry4_SOFA_D3__PH_pass	CXCR3
ALLOGRAFT_REJECTION	entry4_SOFA_D3__PH_pass	CD40
ALLOGRAFT_REJECTION	entry4_SOFA_D3__PH_pass	NME1
ALLOGRAFT_REJECTION	entry4_SOFA_D3__PH_pass	CD247
ALLOGRAFT_REJECTION	entry4_SOFA_D3__PH_pass	MRPL3
ANDROGEN_RESPONSE	entry4_SOFA_D3__PH_pass	CCND3
ANDROGEN_RESPONSE	entry4_SOFA_D3__PH_pass	CAMKK2
ANDROGEN_RESPONSE	entry4_SOFA_D3__PH_pass	GSR
ANDROGEN_RESPONSE	entry4_SOFA_D3__PH_pass	ACTN1
ANDROGEN_RESPONSE	entry4_SOFA_D3__PH_pass	FKBP5
ANDROGEN_RESPONSE	entry4_SOFA_D3__PH_pass	HPGD
ANDROGEN_RESPONSE	entry4_SOFA_D3__PH_pass	PTK2B
ANDROGEN_RESPONSE	entry4_SOFA_D3__PH_pass	IDI1
ANDROGEN_RESPONSE	entry4_SOFA_D3__PH_pass	SLC38A2
ANDROGEN_RESPONSE	entry4_SOFA_D3__PH_pass	HERC3
ANDROGEN_RESPONSE	entry4_SOFA_D3__PH_pass	MYL12A
ANDROGEN_RESPONSE	entry4_SOFA_D3__PH_pass	RPS6KA3
ANDROGEN_RESPONSE	entry4_SOFA_D3__PH_pass	ACSL3
ANDROGEN_RESPONSE	entry4_SOFA_D3__PH_pass	MERTK
ANDROGEN_RESPONSE	entry4_SOFA_D3__PH_pass	UBE2J1
ANDROGEN_RESPONSE	entry4_SOFA_D3__PH_pass	MAK
ANDROGEN_RESPONSE	entry4_SOFA_D3__PH_pass	IQGAP2
ANDROGEN_RESPONSE	entry4_SOFA_D3__PH_pass	VAPA
ANDROGEN_RESPONSE	entry4_SOFA_D3__PH_pass	B4GALT1
ANDROGEN_RESPONSE	entry4_SOFA_D3__PH_pass	ARID5B
ANDROGEN_RESPONSE	entry4_SOFA_D3__PH_pass	GNAI3
ANDROGEN_RESPONSE	entry4_SOFA_D3__PH_pass	SRF
ANDROGEN_RESPONSE	entry4_SOFA_D3__PH_pass	PIAS1
ANGIOGENESIS	entry4_SOFA_D3__PH_pass	LRPAP1
ANGIOGENESIS	entry4_SOFA_D3__PH_pass	PGLYRP1
ANGIOGENESIS	entry4_SOFA_D3__PH_pass	JAG1
ANGIOGENESIS	entry4_SOFA_D3__PH_pass	FGFR1
ANGIOGENESIS	entry4_SOFA_D3__PH_pass	APP
ANGIOGENESIS	entry4_SOFA_D3__PH_pass	S100A4
ANGIOGENESIS	entry4_SOFA_D3__PH_pass	TIMP1
ANGIOGENESIS	entry4_SOFA_D3__PH_pass	FSTL1
ANGIOGENESIS	entry4_SOFA_D3__PH_pass	VEGFA
ANGIOGENESIS	entry4_SOFA_D3__PH_pass	PF4
APICAL_JUNCTION	entry4_SOFA_D3__PH_pass	MAPK14
APICAL_JUNCTION	entry4_SOFA_D3__PH_pass	SIRPA
APICAL_JUNCTION	entry4_SOFA_D3__PH_pass	ADAM9
APICAL_JUNCTION	entry4_SOFA_D3__PH_pass	MMP9
APICAL_JUNCTION	entry4_SOFA_D3__PH_pass	ACTN1
APICAL_JUNCTION	entry4_SOFA_D3__PH_pass	SKAP2
APICAL_JUNCTION	entry4_SOFA_D3__PH_pass	CAP1
APICAL_JUNCTION	entry4_SOFA_D3__PH_pass	PIK3CB
APICAL_JUNCTION	entry4_SOFA_D3__PH_pass	ALOX15B
APICAL_JUNCTION	entry4_SOFA_D3__PH_pass	PTEN
APICAL_JUNCTION	entry4_SOFA_D3__PH_pass	VASP
APICAL_JUNCTION	entry4_SOFA_D3__PH_pass	RAC2
APICAL_JUNCTION	entry4_SOFA_D3__PH_pass	MAPK13
APICAL_JUNCTION	entry4_SOFA_D3__PH_pass	COL17A1
APICAL_JUNCTION	entry4_SOFA_D3__PH_pass	NF1
APICAL_JUNCTION	entry4_SOFA_D3__PH_pass	CNN2
APICAL_JUNCTION	entry4_SOFA_D3__PH_pass	ACTB
APICAL_JUNCTION	entry4_SOFA_D3__PH_pass	B4GALT1
APICAL_JUNCTION	entry4_SOFA_D3__PH_pass	IKBKG
APICAL_JUNCTION	entry4_SOFA_D3__PH_pass	MAP3K20
APICAL_JUNCTION	entry4_SOFA_D3__PH_pass	THBS3
APICAL_JUNCTION	entry4_SOFA_D3__PH_pass	ZYX
APICAL_JUNCTION	entry4_SOFA_D3__PH_pass	MYH9
APICAL_JUNCTION	entry4_SOFA_D3__PH_pass	ICAM5
APICAL_JUNCTION	entry4_SOFA_D3__PH_pass	ARPC2
APICAL_JUNCTION	entry4_SOFA_D3__PH_pass	ITGA10
APICAL_JUNCTION	entry4_SOFA_D3__PH_pass	ICAM1
APICAL_JUNCTION	entry4_SOFA_D3__PH_pass	CTNNA1
APICAL_JUNCTION	entry4_SOFA_D3__PH_pass	RASA1
APICAL_JUNCTION	entry4_SOFA_D3__PH_pass	FYB1
APICAL_JUNCTION	entry4_SOFA_D3__PH_pass	PBX2
APICAL_JUNCTION	entry4_SOFA_D3__PH_pass	GNAI2
APICAL_JUNCTION	entry4_SOFA_D3__PH_pass	INPPL1
APICAL_JUNCTION	entry4_SOFA_D3__PH_pass	ACTN4
APICAL_JUNCTION	entry4_SOFA_D3__PH_pass	NECTIN2
APICAL_JUNCTION	entry4_SOFA_D3__PH_pass	SHC1
APICAL_JUNCTION	entry4_SOFA_D3__PH_pass	PCDH1
APICAL_JUNCTION	entry4_SOFA_D3__PH_pass	YWHAH
APICAL_JUNCTION	entry4_SOFA_D3__PH_pass	MYH10
APICAL_JUNCTION	entry4_SOFA_D3__PH_pass	VCL
APICAL_JUNCTION	entry4_SOFA_D3__PH_pass	RSU1
APICAL_JUNCTION	entry4_SOFA_D3__PH_pass	CLDN15
APICAL_JUNCTION	entry4_SOFA_D3__PH_pass	PFN1
APICAL_JUNCTION	entry4_SOFA_D3__PH_pass	STX4
APICAL_JUNCTION	entry4_SOFA_D3__PH_pass	TAOK2
APICAL_JUNCTION	entry4_SOFA_D3__PH_pass	TUBG1
APICAL_JUNCTION	entry4_SOFA_D3__PH_pass	MYL12B
APICAL_JUNCTION	entry4_SOFA_D3__PH_pass	BAIAP2
APICAL_JUNCTION	entry4_SOFA_D3__PH_pass	MPZL1
APICAL_JUNCTION	entry4_SOFA_D3__PH_pass	PARD6G
APICAL_SURFACE	entry4_SOFA_D3__PH_pass	FLOT2
APICAL_SURFACE	entry4_SOFA_D3__PH_pass	LYN
APICAL_SURFACE	entry4_SOFA_D3__PH_pass	PCSK9
APICAL_SURFACE	entry4_SOFA_D3__PH_pass	CRYBG1
APICAL_SURFACE	entry4_SOFA_D3__PH_pass	B4GALT1
APICAL_SURFACE	entry4_SOFA_D3__PH_pass	NCOA6
APICAL_SURFACE	entry4_SOFA_D3__PH_pass	APP
APICAL_SURFACE	entry4_SOFA_D3__PH_pass	IL2RG
APICAL_SURFACE	entry4_SOFA_D3__PH_pass	DCBLD2
APICAL_SURFACE	entry4_SOFA_D3__PH_pass	BRCA1
APICAL_SURFACE	entry4_SOFA_D3__PH_pass	ADIPOR2
APOPTOSIS	entry4_SOFA_D3__PH_pass	GADD45A
APOPTOSIS	entry4_SOFA_D3__PH_pass	CFLAR
APOPTOSIS	entry4_SOFA_D3__PH_pass	GSR
APOPTOSIS	entry4_SOFA_D3__PH_pass	TIMP2
APOPTOSIS	entry4_SOFA_D3__PH_pass	ADD1
APOPTOSIS	entry4_SOFA_D3__PH_pass	HGF
APOPTOSIS	entry4_SOFA_D3__PH_pass	GSN
APOPTOSIS	entry4_SOFA_D3__PH_pass	RARA
APOPTOSIS	entry4_SOFA_D3__PH_pass	IGF2R
APOPTOSIS	entry4_SOFA_D3__PH_pass	PSEN1
APOPTOSIS	entry4_SOFA_D3__PH_pass	CCNA1
APOPTOSIS	entry4_SOFA_D3__PH_pass	IFNGR1
APOPTOSIS	entry4_SOFA_D3__PH_pass	CD44
APOPTOSIS	entry4_SOFA_D3__PH_pass	IFITM3
APOPTOSIS	entry4_SOFA_D3__PH_pass	CREBBP
APOPTOSIS	entry4_SOFA_D3__PH_pass	HMGB2
APOPTOSIS	entry4_SOFA_D3__PH_pass	PPP2R5B
APOPTOSIS	entry4_SOFA_D3__PH_pass	TSPO
APOPTOSIS	entry4_SOFA_D3__PH_pass	CTNNB1
APOPTOSIS	entry4_SOFA_D3__PH_pass	IER3
APOPTOSIS	entry4_SOFA_D3__PH_pass	CLU
APOPTOSIS	entry4_SOFA_D3__PH_pass	EMP1
APOPTOSIS	entry4_SOFA_D3__PH_pass	NEDD9
APOPTOSIS	entry4_SOFA_D3__PH_pass	XIAP
APOPTOSIS	entry4_SOFA_D3__PH_pass	DNAJC3
APOPTOSIS	entry4_SOFA_D3__PH_pass	DPYD
APOPTOSIS	entry4_SOFA_D3__PH_pass	BCAP31
APOPTOSIS	entry4_SOFA_D3__PH_pass	TAP1
APOPTOSIS	entry4_SOFA_D3__PH_pass	IRF1
APOPTOSIS	entry4_SOFA_D3__PH_pass	PPP3R1
APOPTOSIS	entry4_SOFA_D3__PH_pass	GNA15
APOPTOSIS	entry4_SOFA_D3__PH_pass	CASP9
APOPTOSIS	entry4_SOFA_D3__PH_pass	GPX3
APOPTOSIS	entry4_SOFA_D3__PH_pass	ANXA1
APOPTOSIS	entry4_SOFA_D3__PH_pass	TXNIP
APOPTOSIS	entry4_SOFA_D3__PH_pass	APP
BILE_ACID_METABOLISM	entry4_SOFA_D3__PH_pass	ABCD2
BILE_ACID_METABOLISM	entry4_SOFA_D3__PH_pass	CYP27A1
BILE_ACID_METABOLISM	entry4_SOFA_D3__PH_pass	SLC23A2
BILE_ACID_METABOLISM	entry4_SOFA_D3__PH_pass	PEX12
BILE_ACID_METABOLISM	entry4_SOFA_D3__PH_pass	PAOX
BILE_ACID_METABOLISM	entry4_SOFA_D3__PH_pass	LCK
BILE_ACID_METABOLISM	entry4_SOFA_D3__PH_pass	NR3C2
BILE_ACID_METABOLISM	entry4_SOFA_D3__PH_pass	EFHC1
BILE_ACID_METABOLISM	entry4_SOFA_D3__PH_pass	SLC35B2
BILE_ACID_METABOLISM	entry4_SOFA_D3__PH_pass	EPHX2
BILE_ACID_METABOLISM	entry4_SOFA_D3__PH_pass	PHYH
BILE_ACID_METABOLISM	entry4_SOFA_D3__PH_pass	IDH2
BILE_ACID_METABOLISM	entry4_SOFA_D3__PH_pass	SCP2
BILE_ACID_METABOLISM	entry4_SOFA_D3__PH_pass	PEX7
BILE_ACID_METABOLISM	entry4_SOFA_D3__PH_pass	HSD17B4
BILE_ACID_METABOLISM	entry4_SOFA_D3__PH_pass	ACSL5
BILE_ACID_METABOLISM	entry4_SOFA_D3__PH_pass	HACL1
CHOLESTEROL_HOMEOSTASIS	entry4_SOFA_D3__PH_pass	NFIL3
CHOLESTEROL_HOMEOSTASIS	entry4_SOFA_D3__PH_pass	PLSCR1
CHOLESTEROL_HOMEOSTASIS	entry4_SOFA_D3__PH_pass	NIBAN1
CHOLESTEROL_HOMEOSTASIS	entry4_SOFA_D3__PH_pass	IDI1
CHOLESTEROL_HOMEOSTASIS	entry4_SOFA_D3__PH_pass	PDK3
CHOLESTEROL_HOMEOSTASIS	entry4_SOFA_D3__PH_pass	ALCAM
CHOLESTEROL_HOMEOSTASIS	entry4_SOFA_D3__PH_pass	ABCA2
CHOLESTEROL_HOMEOSTASIS	entry4_SOFA_D3__PH_pass	LDLR
CHOLESTEROL_HOMEOSTASIS	entry4_SOFA_D3__PH_pass	CHKA
CHOLESTEROL_HOMEOSTASIS	entry4_SOFA_D3__PH_pass	ANTXR2
CHOLESTEROL_HOMEOSTASIS	entry4_SOFA_D3__PH_pass	PPARG
CHOLESTEROL_HOMEOSTASIS	entry4_SOFA_D3__PH_pass	DHCR7
CHOLESTEROL_HOMEOSTASIS	entry4_SOFA_D3__PH_pass	PNRC1
CHOLESTEROL_HOMEOSTASIS	entry4_SOFA_D3__PH_pass	ACSS2
CHOLESTEROL_HOMEOSTASIS	entry4_SOFA_D3__PH_pass	JAG1
CHOLESTEROL_HOMEOSTASIS	entry4_SOFA_D3__PH_pass	CTNNB1
CHOLESTEROL_HOMEOSTASIS	entry4_SOFA_D3__PH_pass	S100A11
CHOLESTEROL_HOMEOSTASIS	entry4_SOFA_D3__PH_pass	CLU
COAGULATION	entry4_SOFA_D3__PH_pass	ADAM9
COAGULATION	entry4_SOFA_D3__PH_pass	MMP9
COAGULATION	entry4_SOFA_D3__PH_pass	FURIN
COAGULATION	entry4_SOFA_D3__PH_pass	SERPINA1
COAGULATION	entry4_SOFA_D3__PH_pass	KLF7
COAGULATION	entry4_SOFA_D3__PH_pass	GSN
COAGULATION	entry4_SOFA_D3__PH_pass	RAC1
COAGULATION	entry4_SOFA_D3__PH_pass	WDR1
COAGULATION	entry4_SOFA_D3__PH_pass	RABIF
COAGULATION	entry4_SOFA_D3__PH_pass	SERPINE1
COAGULATION	entry4_SOFA_D3__PH_pass	F12
COAGULATION	entry4_SOFA_D3__PH_pass	MMP8
COAGULATION	entry4_SOFA_D3__PH_pass	F2RL2
COAGULATION	entry4_SOFA_D3__PH_pass	CTSK
COAGULATION	entry4_SOFA_D3__PH_pass	CLU
COAGULATION	entry4_SOFA_D3__PH_pass	GNB2
COAGULATION	entry4_SOFA_D3__PH_pass	LAMP2
COAGULATION	entry4_SOFA_D3__PH_pass	THBS1
COAGULATION	entry4_SOFA_D3__PH_pass	C1R
COAGULATION	entry4_SOFA_D3__PH_pass	HPN
COAGULATION	entry4_SOFA_D3__PH_pass	F8
COAGULATION	entry4_SOFA_D3__PH_pass	CASP9
COAGULATION	entry4_SOFA_D3__PH_pass	ANXA1
COAGULATION	entry4_SOFA_D3__PH_pass	PLAU
COAGULATION	entry4_SOFA_D3__PH_pass	GP1BA
COAGULATION	entry4_SOFA_D3__PH_pass	ITGB3
COAGULATION	entry4_SOFA_D3__PH_pass	MSRB2
COAGULATION	entry4_SOFA_D3__PH_pass	TIMP1
COAGULATION	entry4_SOFA_D3__PH_pass	PEF1
COAGULATION	entry4_SOFA_D3__PH_pass	P2RY1
COAGULATION	entry4_SOFA_D3__PH_pass	CTSB
COAGULATION	entry4_SOFA_D3__PH_pass	SPARC
COAGULATION	entry4_SOFA_D3__PH_pass	CFB
COAGULATION	entry4_SOFA_D3__PH_pass	CPQ
COAGULATION	entry4_SOFA_D3__PH_pass	PF4
COMPLEMENT	entry4_SOFA_D3__PH_pass	ITGAM
COMPLEMENT	entry4_SOFA_D3__PH_pass	CR1
COMPLEMENT	entry4_SOFA_D3__PH_pass	ADAM9
COMPLEMENT	entry4_SOFA_D3__PH_pass	PRKCD
COMPLEMENT	entry4_SOFA_D3__PH_pass	HSPA1A
COMPLEMENT	entry4_SOFA_D3__PH_pass	TIMP2
COMPLEMENT	entry4_SOFA_D3__PH_pass	PLSCR1
COMPLEMENT	entry4_SOFA_D3__PH_pass	PIK3CG
COMPLEMENT	entry4_SOFA_D3__PH_pass	GCA
COMPLEMENT	entry4_SOFA_D3__PH_pass	LYN
COMPLEMENT	entry4_SOFA_D3__PH_pass	S100A12
COMPLEMENT	entry4_SOFA_D3__PH_pass	PCSK9
COMPLEMENT	entry4_SOFA_D3__PH_pass	SERPINA1
COMPLEMENT	entry4_SOFA_D3__PH_pass	LCP2
COMPLEMENT	entry4_SOFA_D3__PH_pass	RHOG
COMPLEMENT	entry4_SOFA_D3__PH_pass	CD59
COMPLEMENT	entry4_SOFA_D3__PH_pass	DGKH
COMPLEMENT	entry4_SOFA_D3__PH_pass	PIM1
COMPLEMENT	entry4_SOFA_D3__PH_pass	CD55
COMPLEMENT	entry4_SOFA_D3__PH_pass	MSRB1
COMPLEMENT	entry4_SOFA_D3__PH_pass	IRF2
COMPLEMENT	entry4_SOFA_D3__PH_pass	PSEN1
COMPLEMENT	entry4_SOFA_D3__PH_pass	EHD1
COMPLEMENT	entry4_SOFA_D3__PH_pass	RABIF
COMPLEMENT	entry4_SOFA_D3__PH_pass	S100A9
COMPLEMENT	entry4_SOFA_D3__PH_pass	CDK5R1
COMPLEMENT	entry4_SOFA_D3__PH_pass	F5
COMPLEMENT	entry4_SOFA_D3__PH_pass	CDA
COMPLEMENT	entry4_SOFA_D3__PH_pass	COL4A2
COMPLEMENT	entry4_SOFA_D3__PH_pass	GRB2
COMPLEMENT	entry4_SOFA_D3__PH_pass	RAF1
COMPLEMENT	entry4_SOFA_D3__PH_pass	SERPINE1
COMPLEMENT	entry4_SOFA_D3__PH_pass	CEBPB
COMPLEMENT	entry4_SOFA_D3__PH_pass	AKAP10
COMPLEMENT	entry4_SOFA_D3__PH_pass	TNFAIP3
COMPLEMENT	entry4_SOFA_D3__PH_pass	PIK3R5
COMPLEMENT	entry4_SOFA_D3__PH_pass	MMP8
COMPLEMENT	entry4_SOFA_D3__PH_pass	CLU
COMPLEMENT	entry4_SOFA_D3__PH_pass	PIK3CA
COMPLEMENT	entry4_SOFA_D3__PH_pass	GNB2
COMPLEMENT	entry4_SOFA_D3__PH_pass	GNAI3
COMPLEMENT	entry4_SOFA_D3__PH_pass	LAMP2
COMPLEMENT	entry4_SOFA_D3__PH_pass	PRSS36
COMPLEMENT	entry4_SOFA_D3__PH_pass	C1R
COMPLEMENT	entry4_SOFA_D3__PH_pass	BRPF3
COMPLEMENT	entry4_SOFA_D3__PH_pass	CTSD
COMPLEMENT	entry4_SOFA_D3__PH_pass	CA2
DNA_REPAIR	entry4_SOFA_D3__PH_pass	GTF2H3
DNA_REPAIR	entry4_SOFA_D3__PH_pass	RNMT
DNA_REPAIR	entry4_SOFA_D3__PH_pass	GTF2H1
DNA_REPAIR	entry4_SOFA_D3__PH_pass	ERCC8
DNA_REPAIR	entry4_SOFA_D3__PH_pass	NUDT21
DNA_REPAIR	entry4_SOFA_D3__PH_pass	ADA
DNA_REPAIR	entry4_SOFA_D3__PH_pass	MRPL40
DNA_REPAIR	entry4_SOFA_D3__PH_pass	SF3A3
DNA_REPAIR	entry4_SOFA_D3__PH_pass	NCBP2
DNA_REPAIR	entry4_SOFA_D3__PH_pass	POLR1H
DNA_REPAIR	entry4_SOFA_D3__PH_pass	ERCC4
DNA_REPAIR	entry4_SOFA_D3__PH_pass	APRT
DNA_REPAIR	entry4_SOFA_D3__PH_pass	POLR2D
DNA_REPAIR	entry4_SOFA_D3__PH_pass	LIG1
DNA_REPAIR	entry4_SOFA_D3__PH_pass	NFX1
DNA_REPAIR	entry4_SOFA_D3__PH_pass	DUT
DNA_REPAIR	entry4_SOFA_D3__PH_pass	IMPDH2
DNA_REPAIR	entry4_SOFA_D3__PH_pass	ERCC3
DNA_REPAIR	entry4_SOFA_D3__PH_pass	ITPA
DNA_REPAIR	entry4_SOFA_D3__PH_pass	EDF1
DNA_REPAIR	entry4_SOFA_D3__PH_pass	POLR1C
DNA_REPAIR	entry4_SOFA_D3__PH_pass	UMPS
DNA_REPAIR	entry4_SOFA_D3__PH_pass	RPA3
DNA_REPAIR	entry4_SOFA_D3__PH_pass	RFC3
DNA_REPAIR	entry4_SOFA_D3__PH_pass	PCNA
DNA_REPAIR	entry4_SOFA_D3__PH_pass	POLR2K
DNA_REPAIR	entry4_SOFA_D3__PH_pass	POLR2C
DNA_REPAIR	entry4_SOFA_D3__PH_pass	NME1
DNA_REPAIR	entry4_SOFA_D3__PH_pass	GTF2A2
DNA_REPAIR	entry4_SOFA_D3__PH_pass	NME3
DNA_REPAIR	entry4_SOFA_D3__PH_pass	TP53
DNA_REPAIR	entry4_SOFA_D3__PH_pass	RFC4
DNA_REPAIR	entry4_SOFA_D3__PH_pass	AK3
DNA_REPAIR	entry4_SOFA_D3__PH_pass	AAAS
DNA_REPAIR	entry4_SOFA_D3__PH_pass	TAF9
DNA_REPAIR	entry4_SOFA_D3__PH_pass	SEC61A1
DNA_REPAIR	entry4_SOFA_D3__PH_pass	SSRP1
DNA_REPAIR	entry4_SOFA_D3__PH_pass	DDB2
DNA_REPAIR	entry4_SOFA_D3__PH_pass	TMED2
DNA_REPAIR	entry4_SOFA_D3__PH_pass	GTF2H5
DNA_REPAIR	entry4_SOFA_D3__PH_pass	PDE4B
DNA_REPAIR	entry4_SOFA_D3__PH_pass	RFC5
DNA_REPAIR	entry4_SOFA_D3__PH_pass	POLB
DNA_REPAIR	entry4_SOFA_D3__PH_pass	REV3L
DNA_REPAIR	entry4_SOFA_D3__PH_pass	POLR2H
DNA_REPAIR	entry4_SOFA_D3__PH_pass	GSDME
DNA_REPAIR	entry4_SOFA_D3__PH_pass	SNAPC5
DNA_REPAIR	entry4_SOFA_D3__PH_pass	HPRT1
DNA_REPAIR	entry4_SOFA_D3__PH_pass	TARBP2
DNA_REPAIR	entry4_SOFA_D3__PH_pass	NELFE
DNA_REPAIR	entry4_SOFA_D3__PH_pass	MPG
DNA_REPAIR	entry4_SOFA_D3__PH_pass	TAF1C
DNA_REPAIR	entry4_SOFA_D3__PH_pass	ALYREF
DNA_REPAIR	entry4_SOFA_D3__PH_pass	NUDT9
DNA_REPAIR	entry4_SOFA_D3__PH_pass	SMAD5
DNA_REPAIR	entry4_SOFA_D3__PH_pass	POLD1
DNA_REPAIR	entry4_SOFA_D3__PH_pass	CSTF3
DNA_REPAIR	entry4_SOFA_D3__PH_pass	POLR3C
DNA_REPAIR	entry4_SOFA_D3__PH_pass	UPF3B
DNA_REPAIR	entry4_SOFA_D3__PH_pass	RALA
DNA_REPAIR	entry4_SOFA_D3__PH_pass	RAD52
E2F_TARGETS	entry4_SOFA_D3__PH_pass	SYNCRIP
E2F_TARGETS	entry4_SOFA_D3__PH_pass	EED
E2F_TARGETS	entry4_SOFA_D3__PH_pass	MAD2L1
E2F_TARGETS	entry4_SOFA_D3__PH_pass	NOP56
E2F_TARGETS	entry4_SOFA_D3__PH_pass	RAN
E2F_TARGETS	entry4_SOFA_D3__PH_pass	PPP1R8
E2F_TARGETS	entry4_SOFA_D3__PH_pass	MYC
E2F_TARGETS	entry4_SOFA_D3__PH_pass	NUDT21
E2F_TARGETS	entry4_SOFA_D3__PH_pass	AK2
E2F_TARGETS	entry4_SOFA_D3__PH_pass	STMN1
E2F_TARGETS	entry4_SOFA_D3__PH_pass	PAICS
E2F_TARGETS	entry4_SOFA_D3__PH_pass	EIF2S1
E2F_TARGETS	entry4_SOFA_D3__PH_pass	KIF22
E2F_TARGETS	entry4_SOFA_D3__PH_pass	TMPO
E2F_TARGETS	entry4_SOFA_D3__PH_pass	RAD50
E2F_TARGETS	entry4_SOFA_D3__PH_pass	PHF5A
E2F_TARGETS	entry4_SOFA_D3__PH_pass	WDR90
E2F_TARGETS	entry4_SOFA_D3__PH_pass	IPO7
E2F_TARGETS	entry4_SOFA_D3__PH_pass	HNRNPD
E2F_TARGETS	entry4_SOFA_D3__PH_pass	LIG1
E2F_TARGETS	entry4_SOFA_D3__PH_pass	DCTPP1
E2F_TARGETS	entry4_SOFA_D3__PH_pass	DUT
E2F_TARGETS	entry4_SOFA_D3__PH_pass	PRDX4
E2F_TARGETS	entry4_SOFA_D3__PH_pass	MLH1
E2F_TARGETS	entry4_SOFA_D3__PH_pass	RPA3
E2F_TARGETS	entry4_SOFA_D3__PH_pass	RFC3
E2F_TARGETS	entry4_SOFA_D3__PH_pass	RAD1
E2F_TARGETS	entry4_SOFA_D3__PH_pass	PCNA
E2F_TARGETS	entry4_SOFA_D3__PH_pass	SLBP
E2F_TARGETS	entry4_SOFA_D3__PH_pass	NME1
E2F_TARGETS	entry4_SOFA_D3__PH_pass	NUP107
E2F_TARGETS	entry4_SOFA_D3__PH_pass	CDK4
E2F_TARGETS	entry4_SOFA_D3__PH_pass	RBBP7
E2F_TARGETS	entry4_SOFA_D3__PH_pass	TP53
E2F_TARGETS	entry4_SOFA_D3__PH_pass	CSE1L
E2F_TARGETS	entry4_SOFA_D3__PH_pass	RANBP1
E2F_TARGETS	entry4_SOFA_D3__PH_pass	ILF3
E2F_TARGETS	entry4_SOFA_D3__PH_pass	MRE11
E2F_TARGETS	entry4_SOFA_D3__PH_pass	SRSF2
E2F_TARGETS	entry4_SOFA_D3__PH_pass	SMC3
E2F_TARGETS	entry4_SOFA_D3__PH_pass	RFC1
E2F_TARGETS	entry4_SOFA_D3__PH_pass	SSRP1
E2F_TARGETS	entry4_SOFA_D3__PH_pass	CTPS1
E2F_TARGETS	entry4_SOFA_D3__PH_pass	MSH2
E2F_TARGETS	entry4_SOFA_D3__PH_pass	TBRG4
E2F_TARGETS	entry4_SOFA_D3__PH_pass	NOLC1
E2F_TARGETS	entry4_SOFA_D3__PH_pass	RPA1
E2F_TARGETS	entry4_SOFA_D3__PH_pass	NAP1L1
E2F_TARGETS	entry4_SOFA_D3__PH_pass	CENPM
E2F_TARGETS	entry4_SOFA_D3__PH_pass	XRCC6
E2F_TARGETS	entry4_SOFA_D3__PH_pass	MCM5
E2F_TARGETS	entry4_SOFA_D3__PH_pass	HELLS
E2F_TARGETS	entry4_SOFA_D3__PH_pass	ZW10
E2F_TARGETS	entry4_SOFA_D3__PH_pass	CCNE1
E2F_TARGETS	entry4_SOFA_D3__PH_pass	CKS1B
E2F_TARGETS	entry4_SOFA_D3__PH_pass	CDKN2A
E2F_TARGETS	entry4_SOFA_D3__PH_pass	MCM7
E2F_TARGETS	entry4_SOFA_D3__PH_pass	RNASEH2A
E2F_TARGETS	entry4_SOFA_D3__PH_pass	RRM2
E2F_TARGETS	entry4_SOFA_D3__PH_pass	UBE2T
E2F_TARGETS	entry4_SOFA_D3__PH_pass	POLD2
E2F_TARGETS	entry4_SOFA_D3__PH_pass	SRSF1
E2F_TARGETS	entry4_SOFA_D3__PH_pass	LYAR
E2F_TARGETS	entry4_SOFA_D3__PH_pass	SMC4
E2F_TARGETS	entry4_SOFA_D3__PH_pass	MTHFD2
E2F_TARGETS	entry4_SOFA_D3__PH_pass	PRPS1
E2F_TARGETS	entry4_SOFA_D3__PH_pass	CDK1
E2F_TARGETS	entry4_SOFA_D3__PH_pass	PRIM2
E2F_TARGETS	entry4_SOFA_D3__PH_pass	POLD1
E2F_TARGETS	entry4_SOFA_D3__PH_pass	TRA2B
E2F_TARGETS	entry4_SOFA_D3__PH_pass	DSCC1
E2F_TARGETS	entry4_SOFA_D3__PH_pass	RAD51C
E2F_TARGETS	entry4_SOFA_D3__PH_pass	GINS3
E2F_TARGETS	entry4_SOFA_D3__PH_pass	SNRPB
E2F_TARGETS	entry4_SOFA_D3__PH_pass	UBR7
E2F_TARGETS	entry4_SOFA_D3__PH_pass	POLE4
E2F_TARGETS	entry4_SOFA_D3__PH_pass	TIMELESS
E2F_TARGETS	entry4_SOFA_D3__PH_pass	BRMS1L
E2F_TARGETS	entry4_SOFA_D3__PH_pass	TIPIN
E2F_TARGETS	entry4_SOFA_D3__PH_pass	TUBB
E2F_TARGETS	entry4_SOFA_D3__PH_pass	EXOSC8
E2F_TARGETS	entry4_SOFA_D3__PH_pass	ORC6
E2F_TARGETS	entry4_SOFA_D3__PH_pass	MMS22L
E2F_TARGETS	entry4_SOFA_D3__PH_pass	DCK
E2F_TARGETS	entry4_SOFA_D3__PH_pass	PLK4
E2F_TARGETS	entry4_SOFA_D3__PH_pass	TCF19
E2F_TARGETS	entry4_SOFA_D3__PH_pass	EZH2
E2F_TARGETS	entry4_SOFA_D3__PH_pass	UNG
EPITHELIAL_MESENCHYMAL_TRANSITION	entry4_SOFA_D3__PH_pass	GADD45A
EPITHELIAL_MESENCHYMAL_TRANSITION	entry4_SOFA_D3__PH_pass	BASP1
EPITHELIAL_MESENCHYMAL_TRANSITION	entry4_SOFA_D3__PH_pass	FBN2
EPITHELIAL_MESENCHYMAL_TRANSITION	entry4_SOFA_D3__PH_pass	PCOLCE2
EPITHELIAL_MESENCHYMAL_TRANSITION	entry4_SOFA_D3__PH_pass	CD59
EPITHELIAL_MESENCHYMAL_TRANSITION	entry4_SOFA_D3__PH_pass	QSOX1
EPITHELIAL_MESENCHYMAL_TRANSITION	entry4_SOFA_D3__PH_pass	EFEMP2
EPITHELIAL_MESENCHYMAL_TRANSITION	entry4_SOFA_D3__PH_pass	CD44
EPITHELIAL_MESENCHYMAL_TRANSITION	entry4_SOFA_D3__PH_pass	CAPG
EPITHELIAL_MESENCHYMAL_TRANSITION	entry4_SOFA_D3__PH_pass	COL4A2
EPITHELIAL_MESENCHYMAL_TRANSITION	entry4_SOFA_D3__PH_pass	SERPINE1
EPITHELIAL_MESENCHYMAL_TRANSITION	entry4_SOFA_D3__PH_pass	TGFB1
EPITHELIAL_MESENCHYMAL_TRANSITION	entry4_SOFA_D3__PH_pass	COLGALT1
EPITHELIAL_MESENCHYMAL_TRANSITION	entry4_SOFA_D3__PH_pass	AREG
EPITHELIAL_MESENCHYMAL_TRANSITION	entry4_SOFA_D3__PH_pass	COL7A1
EPITHELIAL_MESENCHYMAL_TRANSITION	entry4_SOFA_D3__PH_pass	TNFAIP3
EPITHELIAL_MESENCHYMAL_TRANSITION	entry4_SOFA_D3__PH_pass	LOXL1
EPITHELIAL_MESENCHYMAL_TRANSITION	entry4_SOFA_D3__PH_pass	TPM1
EPITHELIAL_MESENCHYMAL_TRANSITION	entry4_SOFA_D3__PH_pass	PLOD1
EPITHELIAL_MESENCHYMAL_TRANSITION	entry4_SOFA_D3__PH_pass	THBS1
EPITHELIAL_MESENCHYMAL_TRANSITION	entry4_SOFA_D3__PH_pass	COPA
EPITHELIAL_MESENCHYMAL_TRANSITION	entry4_SOFA_D3__PH_pass	PDLIM4
EPITHELIAL_MESENCHYMAL_TRANSITION	entry4_SOFA_D3__PH_pass	VIM
EPITHELIAL_MESENCHYMAL_TRANSITION	entry4_SOFA_D3__PH_pass	WIPF1
EPITHELIAL_MESENCHYMAL_TRANSITION	entry4_SOFA_D3__PH_pass	CXCL1
EPITHELIAL_MESENCHYMAL_TRANSITION	entry4_SOFA_D3__PH_pass	ANPEP
EPITHELIAL_MESENCHYMAL_TRANSITION	entry4_SOFA_D3__PH_pass	ITGA5
EPITHELIAL_MESENCHYMAL_TRANSITION	entry4_SOFA_D3__PH_pass	SFRP4
EPITHELIAL_MESENCHYMAL_TRANSITION	entry4_SOFA_D3__PH_pass	ACTA2
EPITHELIAL_MESENCHYMAL_TRANSITION	entry4_SOFA_D3__PH_pass	ITGB3
EPITHELIAL_MESENCHYMAL_TRANSITION	entry4_SOFA_D3__PH_pass	PTX3
EPITHELIAL_MESENCHYMAL_TRANSITION	entry4_SOFA_D3__PH_pass	TIMP1
EPITHELIAL_MESENCHYMAL_TRANSITION	entry4_SOFA_D3__PH_pass	FSTL1
EPITHELIAL_MESENCHYMAL_TRANSITION	entry4_SOFA_D3__PH_pass	MYLK
EPITHELIAL_MESENCHYMAL_TRANSITION	entry4_SOFA_D3__PH_pass	SLC6A8
EPITHELIAL_MESENCHYMAL_TRANSITION	entry4_SOFA_D3__PH_pass	LGALS1
EPITHELIAL_MESENCHYMAL_TRANSITION	entry4_SOFA_D3__PH_pass	VEGFA
EPITHELIAL_MESENCHYMAL_TRANSITION	entry4_SOFA_D3__PH_pass	SPARC
EPITHELIAL_MESENCHYMAL_TRANSITION	entry4_SOFA_D3__PH_pass	TAGLN
EPITHELIAL_MESENCHYMAL_TRANSITION	entry4_SOFA_D3__PH_pass	TGM2
EPITHELIAL_MESENCHYMAL_TRANSITION	entry4_SOFA_D3__PH_pass	TPM4
EPITHELIAL_MESENCHYMAL_TRANSITION	entry4_SOFA_D3__PH_pass	FN1
EPITHELIAL_MESENCHYMAL_TRANSITION	entry4_SOFA_D3__PH_pass	ITGB5
ESTROGEN_RESPONSE_EARLY	entry4_SOFA_D3__PH_pass	IGF1R
ESTROGEN_RESPONSE_EARLY	entry4_SOFA_D3__PH_pass	AFF1
ESTROGEN_RESPONSE_EARLY	entry4_SOFA_D3__PH_pass	FKBP5
ESTROGEN_RESPONSE_EARLY	entry4_SOFA_D3__PH_pass	RAB31
ESTROGEN_RESPONSE_EARLY	entry4_SOFA_D3__PH_pass	SVIL
ESTROGEN_RESPONSE_EARLY	entry4_SOFA_D3__PH_pass	MED13L
ESTROGEN_RESPONSE_EARLY	entry4_SOFA_D3__PH_pass	RARA
ESTROGEN_RESPONSE_EARLY	entry4_SOFA_D3__PH_pass	MREG
ESTROGEN_RESPONSE_EARLY	entry4_SOFA_D3__PH_pass	TIPARP
ESTROGEN_RESPONSE_EARLY	entry4_SOFA_D3__PH_pass	TTC39A
ESTROGEN_RESPONSE_EARLY	entry4_SOFA_D3__PH_pass	UGCG
ESTROGEN_RESPONSE_EARLY	entry4_SOFA_D3__PH_pass	SLC2A1
ESTROGEN_RESPONSE_EARLY	entry4_SOFA_D3__PH_pass	FOXC1
ESTROGEN_RESPONSE_EARLY	entry4_SOFA_D3__PH_pass	KDM4B
ESTROGEN_RESPONSE_EARLY	entry4_SOFA_D3__PH_pass	MINDY1
ESTROGEN_RESPONSE_EARLY	entry4_SOFA_D3__PH_pass	GAB2
ESTROGEN_RESPONSE_EARLY	entry4_SOFA_D3__PH_pass	KAZN
ESTROGEN_RESPONSE_EARLY	entry4_SOFA_D3__PH_pass	CD44
ESTROGEN_RESPONSE_EARLY	entry4_SOFA_D3__PH_pass	TOB1
ESTROGEN_RESPONSE_EARLY	entry4_SOFA_D3__PH_pass	CANT1
ESTROGEN_RESPONSE_EARLY	entry4_SOFA_D3__PH_pass	OLFML3
ESTROGEN_RESPONSE_EARLY	entry4_SOFA_D3__PH_pass	CHPT1
ESTROGEN_RESPONSE_EARLY	entry4_SOFA_D3__PH_pass	DHCR7
ESTROGEN_RESPONSE_EARLY	entry4_SOFA_D3__PH_pass	GLA
ESTROGEN_RESPONSE_EARLY	entry4_SOFA_D3__PH_pass	RHOBTB3
ESTROGEN_RESPONSE_EARLY	entry4_SOFA_D3__PH_pass	INHBB
ESTROGEN_RESPONSE_EARLY	entry4_SOFA_D3__PH_pass	SIAH2
ESTROGEN_RESPONSE_EARLY	entry4_SOFA_D3__PH_pass	FHL2
ESTROGEN_RESPONSE_EARLY	entry4_SOFA_D3__PH_pass	AREG
ESTROGEN_RESPONSE_EARLY	entry4_SOFA_D3__PH_pass	B4GALT1
ESTROGEN_RESPONSE_EARLY	entry4_SOFA_D3__PH_pass	NADSYN1
ESTROGEN_RESPONSE_EARLY	entry4_SOFA_D3__PH_pass	CISH
ESTROGEN_RESPONSE_EARLY	entry4_SOFA_D3__PH_pass	ANXA9
ESTROGEN_RESPONSE_EARLY	entry4_SOFA_D3__PH_pass	CA12
ESTROGEN_RESPONSE_EARLY	entry4_SOFA_D3__PH_pass	SH3BP5
ESTROGEN_RESPONSE_EARLY	entry4_SOFA_D3__PH_pass	KCNK5
ESTROGEN_RESPONSE_EARLY	entry4_SOFA_D3__PH_pass	TUBB2B
ESTROGEN_RESPONSE_EARLY	entry4_SOFA_D3__PH_pass	FLNB
ESTROGEN_RESPONSE_EARLY	entry4_SOFA_D3__PH_pass	TMEM164
ESTROGEN_RESPONSE_EARLY	entry4_SOFA_D3__PH_pass	ALDH3B1
ESTROGEN_RESPONSE_EARLY	entry4_SOFA_D3__PH_pass	DLC1
ESTROGEN_RESPONSE_EARLY	entry4_SOFA_D3__PH_pass	IL17RB
ESTROGEN_RESPONSE_EARLY	entry4_SOFA_D3__PH_pass	AMFR
ESTROGEN_RESPONSE_EARLY	entry4_SOFA_D3__PH_pass	RAPGEFL1
ESTROGEN_RESPONSE_EARLY	entry4_SOFA_D3__PH_pass	SLC7A5
ESTROGEN_RESPONSE_LATE	entry4_SOFA_D3__PH_pass	ATP2B4
ESTROGEN_RESPONSE_LATE	entry4_SOFA_D3__PH_pass	AFF1
ESTROGEN_RESPONSE_LATE	entry4_SOFA_D3__PH_pass	FKBP5
ESTROGEN_RESPONSE_LATE	entry4_SOFA_D3__PH_pass	RAB31
ESTROGEN_RESPONSE_LATE	entry4_SOFA_D3__PH_pass	SERPINA1
ESTROGEN_RESPONSE_LATE	entry4_SOFA_D3__PH_pass	IMPA2
ESTROGEN_RESPONSE_LATE	entry4_SOFA_D3__PH_pass	FOXC1
ESTROGEN_RESPONSE_LATE	entry4_SOFA_D3__PH_pass	CCNA1
ESTROGEN_RESPONSE_LATE	entry4_SOFA_D3__PH_pass	MAPK13
ESTROGEN_RESPONSE_LATE	entry4_SOFA_D3__PH_pass	S100A9
ESTROGEN_RESPONSE_LATE	entry4_SOFA_D3__PH_pass	CD44
ESTROGEN_RESPONSE_LATE	entry4_SOFA_D3__PH_pass	TOB1
ESTROGEN_RESPONSE_LATE	entry4_SOFA_D3__PH_pass	SNX10
ESTROGEN_RESPONSE_LATE	entry4_SOFA_D3__PH_pass	ST6GALNAC2
ESTROGEN_RESPONSE_LATE	entry4_SOFA_D3__PH_pass	CHPT1
ESTROGEN_RESPONSE_LATE	entry4_SOFA_D3__PH_pass	DHCR7
ESTROGEN_RESPONSE_LATE	entry4_SOFA_D3__PH_pass	GLA
ESTROGEN_RESPONSE_LATE	entry4_SOFA_D3__PH_pass	SIAH2
ESTROGEN_RESPONSE_LATE	entry4_SOFA_D3__PH_pass	AREG
ESTROGEN_RESPONSE_LATE	entry4_SOFA_D3__PH_pass	PTPN6
ESTROGEN_RESPONSE_LATE	entry4_SOFA_D3__PH_pass	JAK1
ESTROGEN_RESPONSE_LATE	entry4_SOFA_D3__PH_pass	CISH
ESTROGEN_RESPONSE_LATE	entry4_SOFA_D3__PH_pass	ANXA9
ESTROGEN_RESPONSE_LATE	entry4_SOFA_D3__PH_pass	CA12
ESTROGEN_RESPONSE_LATE	entry4_SOFA_D3__PH_pass	CA2
ESTROGEN_RESPONSE_LATE	entry4_SOFA_D3__PH_pass	KCNK5
ESTROGEN_RESPONSE_LATE	entry4_SOFA_D3__PH_pass	FLNB
ESTROGEN_RESPONSE_LATE	entry4_SOFA_D3__PH_pass	CKB
ESTROGEN_RESPONSE_LATE	entry4_SOFA_D3__PH_pass	ZFP36
ESTROGEN_RESPONSE_LATE	entry4_SOFA_D3__PH_pass	ALDH3B1
ESTROGEN_RESPONSE_LATE	entry4_SOFA_D3__PH_pass	IL17RB
ESTROGEN_RESPONSE_LATE	entry4_SOFA_D3__PH_pass	AMFR
ESTROGEN_RESPONSE_LATE	entry4_SOFA_D3__PH_pass	RAPGEFL1
ESTROGEN_RESPONSE_LATE	entry4_SOFA_D3__PH_pass	XRCC3
ESTROGEN_RESPONSE_LATE	entry4_SOFA_D3__PH_pass	SLC7A5
ESTROGEN_RESPONSE_LATE	entry4_SOFA_D3__PH_pass	IL6ST
ESTROGEN_RESPONSE_LATE	entry4_SOFA_D3__PH_pass	HSPA4L
FATTY_ACID_METABOLISM	entry4_SOFA_D3__PH_pass	OSTC
FATTY_ACID_METABOLISM	entry4_SOFA_D3__PH_pass	MDH1
FATTY_ACID_METABOLISM	entry4_SOFA_D3__PH_pass	METAP1
FATTY_ACID_METABOLISM	entry4_SOFA_D3__PH_pass	APEX1
FATTY_ACID_METABOLISM	entry4_SOFA_D3__PH_pass	ECHS1
FATTY_ACID_METABOLISM	entry4_SOFA_D3__PH_pass	ACSS1
FATTY_ACID_METABOLISM	entry4_SOFA_D3__PH_pass	ACAA2
FATTY_ACID_METABOLISM	entry4_SOFA_D3__PH_pass	SUCLG2
FATTY_ACID_METABOLISM	entry4_SOFA_D3__PH_pass	ECI1
FATTY_ACID_METABOLISM	entry4_SOFA_D3__PH_pass	HADH
FATTY_ACID_METABOLISM	entry4_SOFA_D3__PH_pass	ACAT2
FATTY_ACID_METABOLISM	entry4_SOFA_D3__PH_pass	HSD17B10
FATTY_ACID_METABOLISM	entry4_SOFA_D3__PH_pass	MCEE
FATTY_ACID_METABOLISM	entry4_SOFA_D3__PH_pass	CBR1
FATTY_ACID_METABOLISM	entry4_SOFA_D3__PH_pass	ACADM
FATTY_ACID_METABOLISM	entry4_SOFA_D3__PH_pass	SDHD
FATTY_ACID_METABOLISM	entry4_SOFA_D3__PH_pass	BPHL
FATTY_ACID_METABOLISM	entry4_SOFA_D3__PH_pass	ADSL
FATTY_ACID_METABOLISM	entry4_SOFA_D3__PH_pass	HSD17B4
FATTY_ACID_METABOLISM	entry4_SOFA_D3__PH_pass	ACOT2
FATTY_ACID_METABOLISM	entry4_SOFA_D3__PH_pass	ECI2
FATTY_ACID_METABOLISM	entry4_SOFA_D3__PH_pass	ACSL5
FATTY_ACID_METABOLISM	entry4_SOFA_D3__PH_pass	UGDH
FATTY_ACID_METABOLISM	entry4_SOFA_D3__PH_pass	PDHA1
FATTY_ACID_METABOLISM	entry4_SOFA_D3__PH_pass	BCKDHB
FATTY_ACID_METABOLISM	entry4_SOFA_D3__PH_pass	PSME1
FATTY_ACID_METABOLISM	entry4_SOFA_D3__PH_pass	MIX23
FATTY_ACID_METABOLISM	entry4_SOFA_D3__PH_pass	BLVRA
FATTY_ACID_METABOLISM	entry4_SOFA_D3__PH_pass	CPT2
FATTY_ACID_METABOLISM	entry4_SOFA_D3__PH_pass	ODC1
FATTY_ACID_METABOLISM	entry4_SOFA_D3__PH_pass	RAP1GDS1
FATTY_ACID_METABOLISM	entry4_SOFA_D3__PH_pass	CD36
FATTY_ACID_METABOLISM	entry4_SOFA_D3__PH_pass	PCBD1
FATTY_ACID_METABOLISM	entry4_SOFA_D3__PH_pass	ALDH3A2
FATTY_ACID_METABOLISM	entry4_SOFA_D3__PH_pass	GCDH
FATTY_ACID_METABOLISM	entry4_SOFA_D3__PH_pass	HMGCS1
FATTY_ACID_METABOLISM	entry4_SOFA_D3__PH_pass	NTHL1
FATTY_ACID_METABOLISM	entry4_SOFA_D3__PH_pass	MIF
FATTY_ACID_METABOLISM	entry4_SOFA_D3__PH_pass	SUCLA2
FATTY_ACID_METABOLISM	entry4_SOFA_D3__PH_pass	HSD17B7
FATTY_ACID_METABOLISM	entry4_SOFA_D3__PH_pass	HSPH1
FATTY_ACID_METABOLISM	entry4_SOFA_D3__PH_pass	PTS
FATTY_ACID_METABOLISM	entry4_SOFA_D3__PH_pass	SMS
FATTY_ACID_METABOLISM	entry4_SOFA_D3__PH_pass	FH
FATTY_ACID_METABOLISM	entry4_SOFA_D3__PH_pass	ENO2
FATTY_ACID_METABOLISM	entry4_SOFA_D3__PH_pass	MDH2
FATTY_ACID_METABOLISM	entry4_SOFA_D3__PH_pass	XIST
FATTY_ACID_METABOLISM	entry4_SOFA_D3__PH_pass	EHHADH
FATTY_ACID_METABOLISM	entry4_SOFA_D3__PH_pass	ACO2
FATTY_ACID_METABOLISM	entry4_SOFA_D3__PH_pass	S100A10
FATTY_ACID_METABOLISM	entry4_SOFA_D3__PH_pass	IDH3B
FATTY_ACID_METABOLISM	entry4_SOFA_D3__PH_pass	CD1D
FATTY_ACID_METABOLISM	entry4_SOFA_D3__PH_pass	CRYZ
FATTY_ACID_METABOLISM	entry4_SOFA_D3__PH_pass	ALDH1A1
FATTY_ACID_METABOLISM	entry4_SOFA_D3__PH_pass	ECH1
FATTY_ACID_METABOLISM	entry4_SOFA_D3__PH_pass	IDH3G
FATTY_ACID_METABOLISM	entry4_SOFA_D3__PH_pass	RDH11
FATTY_ACID_METABOLISM	entry4_SOFA_D3__PH_pass	ALDH9A1
FATTY_ACID_METABOLISM	entry4_SOFA_D3__PH_pass	CPOX
FATTY_ACID_METABOLISM	entry4_SOFA_D3__PH_pass	HSP90AA1
FATTY_ACID_METABOLISM	entry4_SOFA_D3__PH_pass	UROS
FATTY_ACID_METABOLISM	entry4_SOFA_D3__PH_pass	DLST
FATTY_ACID_METABOLISM	entry4_SOFA_D3__PH_pass	ERP29
G2M_CHECKPOINT	entry4_SOFA_D3__PH_pass	BUB3
G2M_CHECKPOINT	entry4_SOFA_D3__PH_pass	SYNCRIP
G2M_CHECKPOINT	entry4_SOFA_D3__PH_pass	G3BP1
G2M_CHECKPOINT	entry4_SOFA_D3__PH_pass	SLC38A1
G2M_CHECKPOINT	entry4_SOFA_D3__PH_pass	SRSF10
G2M_CHECKPOINT	entry4_SOFA_D3__PH_pass	MAD2L1
G2M_CHECKPOINT	entry4_SOFA_D3__PH_pass	PURA
G2M_CHECKPOINT	entry4_SOFA_D3__PH_pass	NCL
G2M_CHECKPOINT	entry4_SOFA_D3__PH_pass	MYC
G2M_CHECKPOINT	entry4_SOFA_D3__PH_pass	CUL5
G2M_CHECKPOINT	entry4_SOFA_D3__PH_pass	STMN1
G2M_CHECKPOINT	entry4_SOFA_D3__PH_pass	KIF22
G2M_CHECKPOINT	entry4_SOFA_D3__PH_pass	TMPO
G2M_CHECKPOINT	entry4_SOFA_D3__PH_pass	RPS6KA5
GLYCOLYSIS	entry4_SOFA_D3__PH_pass	TGFA
GLYCOLYSIS	entry4_SOFA_D3__PH_pass	PYGL
GLYCOLYSIS	entry4_SOFA_D3__PH_pass	PHKA2
GLYCOLYSIS	entry4_SOFA_D3__PH_pass	IRS2
GLYCOLYSIS	entry4_SOFA_D3__PH_pass	TPST1
GLYCOLYSIS	entry4_SOFA_D3__PH_pass	HK2
GLYCOLYSIS	entry4_SOFA_D3__PH_pass	PKM
GLYCOLYSIS	entry4_SOFA_D3__PH_pass	B4GALT4
GLYCOLYSIS	entry4_SOFA_D3__PH_pass	PDK3
GLYCOLYSIS	entry4_SOFA_D3__PH_pass	P4HA2
GLYCOLYSIS	entry4_SOFA_D3__PH_pass	RRAGD
GLYCOLYSIS	entry4_SOFA_D3__PH_pass	ABCB6
GLYCOLYSIS	entry4_SOFA_D3__PH_pass	QSOX1
GLYCOLYSIS	entry4_SOFA_D3__PH_pass	DSC2
GLYCOLYSIS	entry4_SOFA_D3__PH_pass	SPAG4
GLYCOLYSIS	entry4_SOFA_D3__PH_pass	MERTK
GLYCOLYSIS	entry4_SOFA_D3__PH_pass	EXT1
GLYCOLYSIS	entry4_SOFA_D3__PH_pass	CD44
GLYCOLYSIS	entry4_SOFA_D3__PH_pass	LCT
GLYCOLYSIS	entry4_SOFA_D3__PH_pass	LDHA
GLYCOLYSIS	entry4_SOFA_D3__PH_pass	SLC16A3
GLYCOLYSIS	entry4_SOFA_D3__PH_pass	PGM2
GLYCOLYSIS	entry4_SOFA_D3__PH_pass	G6PD
GLYCOLYSIS	entry4_SOFA_D3__PH_pass	PAM
GLYCOLYSIS	entry4_SOFA_D3__PH_pass	ANKZF1
GLYCOLYSIS	entry4_SOFA_D3__PH_pass	IL13RA1
GLYCOLYSIS	entry4_SOFA_D3__PH_pass	PKP2
GLYCOLYSIS	entry4_SOFA_D3__PH_pass	TALDO1
GLYCOLYSIS	entry4_SOFA_D3__PH_pass	PGK1
GLYCOLYSIS	entry4_SOFA_D3__PH_pass	B4GALT1
GLYCOLYSIS	entry4_SOFA_D3__PH_pass	IER3
GLYCOLYSIS	entry4_SOFA_D3__PH_pass	SAP30
GLYCOLYSIS	entry4_SOFA_D3__PH_pass	ALDOA
GLYCOLYSIS	entry4_SOFA_D3__PH_pass	ME2
GLYCOLYSIS	entry4_SOFA_D3__PH_pass	DEPDC1
GLYCOLYSIS	entry4_SOFA_D3__PH_pass	PLOD1
HEDGEHOG_SIGNALING	entry4_SOFA_D3__PH_pass	ETS2
HEDGEHOG_SIGNALING	entry4_SOFA_D3__PH_pass	SLIT1
HEDGEHOG_SIGNALING	entry4_SOFA_D3__PH_pass	CDK5R1
HEDGEHOG_SIGNALING	entry4_SOFA_D3__PH_pass	NF1
HEDGEHOG_SIGNALING	entry4_SOFA_D3__PH_pass	TLE3
HEDGEHOG_SIGNALING	entry4_SOFA_D3__PH_pass	GLI1
HEDGEHOG_SIGNALING	entry4_SOFA_D3__PH_pass	MYH9
HEDGEHOG_SIGNALING	entry4_SOFA_D3__PH_pass	TLE1
HEDGEHOG_SIGNALING	entry4_SOFA_D3__PH_pass	RASA1
HEDGEHOG_SIGNALING	entry4_SOFA_D3__PH_pass	PML
HEDGEHOG_SIGNALING	entry4_SOFA_D3__PH_pass	VLDLR
HEDGEHOG_SIGNALING	entry4_SOFA_D3__PH_pass	ACHE
HEDGEHOG_SIGNALING	entry4_SOFA_D3__PH_pass	VEGFA
HEME_METABOLISM	entry4_SOFA_D3__PH_pass	NFE2
HEME_METABOLISM	entry4_SOFA_D3__PH_pass	CCND3
HEME_METABOLISM	entry4_SOFA_D3__PH_pass	SLC22A4
HEME_METABOLISM	entry4_SOFA_D3__PH_pass	GCLM
HEME_METABOLISM	entry4_SOFA_D3__PH_pass	ADD1
HEME_METABOLISM	entry4_SOFA_D3__PH_pass	ATP6V0A1
HEME_METABOLISM	entry4_SOFA_D3__PH_pass	MBOAT2
HEME_METABOLISM	entry4_SOFA_D3__PH_pass	NARF
HEME_METABOLISM	entry4_SOFA_D3__PH_pass	SLC25A37
HEME_METABOLISM	entry4_SOFA_D3__PH_pass	LPIN2
HEME_METABOLISM	entry4_SOFA_D3__PH_pass	LRP10
HEME_METABOLISM	entry4_SOFA_D3__PH_pass	FBXO34
HEME_METABOLISM	entry4_SOFA_D3__PH_pass	P4HA2
HEME_METABOLISM	entry4_SOFA_D3__PH_pass	FBXO9
HEME_METABOLISM	entry4_SOFA_D3__PH_pass	EZH1
HEME_METABOLISM	entry4_SOFA_D3__PH_pass	ABCB6
HEME_METABOLISM	entry4_SOFA_D3__PH_pass	MAP2K3
HEME_METABOLISM	entry4_SOFA_D3__PH_pass	MARK3
HEME_METABOLISM	entry4_SOFA_D3__PH_pass	MPP1
HEME_METABOLISM	entry4_SOFA_D3__PH_pass	CAST
HEME_METABOLISM	entry4_SOFA_D3__PH_pass	SLC2A1
HEME_METABOLISM	entry4_SOFA_D3__PH_pass	ERMAP
HEME_METABOLISM	entry4_SOFA_D3__PH_pass	KHNYN
HEME_METABOLISM	entry4_SOFA_D3__PH_pass	GAPVD1
HEME_METABOLISM	entry4_SOFA_D3__PH_pass	FOXO3
HEME_METABOLISM	entry4_SOFA_D3__PH_pass	PSMD9
HEME_METABOLISM	entry4_SOFA_D3__PH_pass	NR3C1
HEME_METABOLISM	entry4_SOFA_D3__PH_pass	SDCBP
HEME_METABOLISM	entry4_SOFA_D3__PH_pass	DCAF10
HEME_METABOLISM	entry4_SOFA_D3__PH_pass	PPP2R5B
HEME_METABOLISM	entry4_SOFA_D3__PH_pass	SMOX
HEME_METABOLISM	entry4_SOFA_D3__PH_pass	SPTB
HEME_METABOLISM	entry4_SOFA_D3__PH_pass	GDE1
HEME_METABOLISM	entry4_SOFA_D3__PH_pass	PICALM
HEME_METABOLISM	entry4_SOFA_D3__PH_pass	ALAD
HEME_METABOLISM	entry4_SOFA_D3__PH_pass	FOXJ2
HEME_METABOLISM	entry4_SOFA_D3__PH_pass	RHAG
HEME_METABOLISM	entry4_SOFA_D3__PH_pass	ADIPOR1
HEME_METABOLISM	entry4_SOFA_D3__PH_pass	LAMP2
HEME_METABOLISM	entry4_SOFA_D3__PH_pass	SEC14L1
HEME_METABOLISM	entry4_SOFA_D3__PH_pass	NUDT4
HEME_METABOLISM	entry4_SOFA_D3__PH_pass	EIF2AK1
HEME_METABOLISM	entry4_SOFA_D3__PH_pass	RCL1
HEME_METABOLISM	entry4_SOFA_D3__PH_pass	RAP1GAP
HEME_METABOLISM	entry4_SOFA_D3__PH_pass	KDM7A
HEME_METABOLISM	entry4_SOFA_D3__PH_pass	CA2
HEME_METABOLISM	entry4_SOFA_D3__PH_pass	HDGF
HEME_METABOLISM	entry4_SOFA_D3__PH_pass	MARCHF2
HEME_METABOLISM	entry4_SOFA_D3__PH_pass	TNRC6B
HEME_METABOLISM	entry4_SOFA_D3__PH_pass	RANBP10
HEME_METABOLISM	entry4_SOFA_D3__PH_pass	SLC66A2
HEME_METABOLISM	entry4_SOFA_D3__PH_pass	LMO2
HEME_METABOLISM	entry4_SOFA_D3__PH_pass	RHD
HEME_METABOLISM	entry4_SOFA_D3__PH_pass	TMCC2
HEME_METABOLISM	entry4_SOFA_D3__PH_pass	ANK1
HEME_METABOLISM	entry4_SOFA_D3__PH_pass	KEL
HEME_METABOLISM	entry4_SOFA_D3__PH_pass	ARHGEF12
HEME_METABOLISM	entry4_SOFA_D3__PH_pass	RBM5
HEME_METABOLISM	entry4_SOFA_D3__PH_pass	SYNJ1
HEME_METABOLISM	entry4_SOFA_D3__PH_pass	TAL1
HEME_METABOLISM	entry4_SOFA_D3__PH_pass	BCAM
HEME_METABOLISM	entry4_SOFA_D3__PH_pass	MARCHF8
HEME_METABOLISM	entry4_SOFA_D3__PH_pass	KLF3
HEME_METABOLISM	entry4_SOFA_D3__PH_pass	NEK7
HEME_METABOLISM	entry4_SOFA_D3__PH_pass	DMTN
HYPOXIA	entry4_SOFA_D3__PH_pass	PFKFB3
HYPOXIA	entry4_SOFA_D3__PH_pass	FOSL2
HYPOXIA	entry4_SOFA_D3__PH_pass	SLC2A3
HYPOXIA	entry4_SOFA_D3__PH_pass	NFIL3
HYPOXIA	entry4_SOFA_D3__PH_pass	AMPD3
HYPOXIA	entry4_SOFA_D3__PH_pass	TPST2
HYPOXIA	entry4_SOFA_D3__PH_pass	IRS2
HYPOXIA	entry4_SOFA_D3__PH_pass	NDST2
HYPOXIA	entry4_SOFA_D3__PH_pass	HK2
HYPOXIA	entry4_SOFA_D3__PH_pass	RBPJ
HYPOXIA	entry4_SOFA_D3__PH_pass	SLC6A6
HYPOXIA	entry4_SOFA_D3__PH_pass	KLF7
HYPOXIA	entry4_SOFA_D3__PH_pass	JMJD6
HYPOXIA	entry4_SOFA_D3__PH_pass	KLF6
HYPOXIA	entry4_SOFA_D3__PH_pass	PDK3
HYPOXIA	entry4_SOFA_D3__PH_pass	P4HA2
HYPOXIA	entry4_SOFA_D3__PH_pass	CCNG2
HYPOXIA	entry4_SOFA_D3__PH_pass	RRAGD
HYPOXIA	entry4_SOFA_D3__PH_pass	TIPARP
HYPOXIA	entry4_SOFA_D3__PH_pass	PIM1
HYPOXIA	entry4_SOFA_D3__PH_pass	PGM1
HYPOXIA	entry4_SOFA_D3__PH_pass	SLC2A1
HYPOXIA	entry4_SOFA_D3__PH_pass	ADM
HYPOXIA	entry4_SOFA_D3__PH_pass	WSB1
HYPOXIA	entry4_SOFA_D3__PH_pass	IDS
HYPOXIA	entry4_SOFA_D3__PH_pass	EXT1
HYPOXIA	entry4_SOFA_D3__PH_pass	FOXO3
HYPOXIA	entry4_SOFA_D3__PH_pass	LDHA
HYPOXIA	entry4_SOFA_D3__PH_pass	NR3C1
HYPOXIA	entry4_SOFA_D3__PH_pass	PNRC1
HYPOXIA	entry4_SOFA_D3__PH_pass	PGM2
HYPOXIA	entry4_SOFA_D3__PH_pass	SERPINE1
HYPOXIA	entry4_SOFA_D3__PH_pass	PPP1R15A
HYPOXIA	entry4_SOFA_D3__PH_pass	PAM
HYPOXIA	entry4_SOFA_D3__PH_pass	SIAH2
HYPOXIA	entry4_SOFA_D3__PH_pass	ANKZF1
HYPOXIA	entry4_SOFA_D3__PH_pass	TNFAIP3
HYPOXIA	entry4_SOFA_D3__PH_pass	PGK1
HYPOXIA	entry4_SOFA_D3__PH_pass	NDST1
HYPOXIA	entry4_SOFA_D3__PH_pass	IER3
HYPOXIA	entry4_SOFA_D3__PH_pass	CSRP2
HYPOXIA	entry4_SOFA_D3__PH_pass	HK1
HYPOXIA	entry4_SOFA_D3__PH_pass	MAP3K1
HYPOXIA	entry4_SOFA_D3__PH_pass	SAP30
HYPOXIA	entry4_SOFA_D3__PH_pass	DUSP1
HYPOXIA	entry4_SOFA_D3__PH_pass	MYH9
HYPOXIA	entry4_SOFA_D3__PH_pass	ALDOA
HYPOXIA	entry4_SOFA_D3__PH_pass	CA12
HYPOXIA	entry4_SOFA_D3__PH_pass	GBE1
HYPOXIA	entry4_SOFA_D3__PH_pass	GAPDH
HYPOXIA	entry4_SOFA_D3__PH_pass	PYGM
IL2_STAT5_SIGNALING	entry4_SOFA_D3__PH_pass	CST7
IL2_STAT5_SIGNALING	entry4_SOFA_D3__PH_pass	MAPKAPK2
IL2_STAT5_SIGNALING	entry4_SOFA_D3__PH_pass	IL1R2
IL2_STAT5_SIGNALING	entry4_SOFA_D3__PH_pass	CCND3
IL2_STAT5_SIGNALING	entry4_SOFA_D3__PH_pass	IGF1R
IL2_STAT5_SIGNALING	entry4_SOFA_D3__PH_pass	SLC2A3
IL2_STAT5_SIGNALING	entry4_SOFA_D3__PH_pass	NFIL3
IL2_STAT5_SIGNALING	entry4_SOFA_D3__PH_pass	CKAP4
IL2_STAT5_SIGNALING	entry4_SOFA_D3__PH_pass	PLSCR1
IL2_STAT5_SIGNALING	entry4_SOFA_D3__PH_pass	FURIN
IL2_STAT5_SIGNALING	entry4_SOFA_D3__PH_pass	SCN9A
IL2_STAT5_SIGNALING	entry4_SOFA_D3__PH_pass	HK2
IL2_STAT5_SIGNALING	entry4_SOFA_D3__PH_pass	HIPK2
IL2_STAT5_SIGNALING	entry4_SOFA_D3__PH_pass	MXD1
IL2_STAT5_SIGNALING	entry4_SOFA_D3__PH_pass	IL4R
IL2_STAT5_SIGNALING	entry4_SOFA_D3__PH_pass	HYCC2
IL2_STAT5_SIGNALING	entry4_SOFA_D3__PH_pass	IL18R1
IL2_STAT5_SIGNALING	entry4_SOFA_D3__PH_pass	KLF6
IL2_STAT5_SIGNALING	entry4_SOFA_D3__PH_pass	ALCAM
IL2_STAT5_SIGNALING	entry4_SOFA_D3__PH_pass	IGF2R
IL2_STAT5_SIGNALING	entry4_SOFA_D3__PH_pass	RRAGD
IL2_STAT5_SIGNALING	entry4_SOFA_D3__PH_pass	PIM1
IL2_STAT5_SIGNALING	entry4_SOFA_D3__PH_pass	ADAM19
IL2_STAT5_SIGNALING	entry4_SOFA_D3__PH_pass	SELL
IL2_STAT5_SIGNALING	entry4_SOFA_D3__PH_pass	DENND5A
IL2_STAT5_SIGNALING	entry4_SOFA_D3__PH_pass	IFNGR1
IL2_STAT5_SIGNALING	entry4_SOFA_D3__PH_pass	CD44
IL2_STAT5_SIGNALING	entry4_SOFA_D3__PH_pass	IFITM3
IL2_STAT5_SIGNALING	entry4_SOFA_D3__PH_pass	PLEC
IL2_STAT5_SIGNALING	entry4_SOFA_D3__PH_pass	SMPDL3A
IL2_STAT5_SIGNALING	entry4_SOFA_D3__PH_pass	CAPG
IL2_STAT5_SIGNALING	entry4_SOFA_D3__PH_pass	CAPN3
IL2_STAT5_SIGNALING	entry4_SOFA_D3__PH_pass	CSF1
IL2_STAT5_SIGNALING	entry4_SOFA_D3__PH_pass	MAP3K8
IL2_STAT5_SIGNALING	entry4_SOFA_D3__PH_pass	ST3GAL4
IL2_STAT5_SIGNALING	entry4_SOFA_D3__PH_pass	GLIPR2
IL2_STAT5_SIGNALING	entry4_SOFA_D3__PH_pass	GABARAPL1
IL2_STAT5_SIGNALING	entry4_SOFA_D3__PH_pass	SLC39A8
IL2_STAT5_SIGNALING	entry4_SOFA_D3__PH_pass	DCPS
IL2_STAT5_SIGNALING	entry4_SOFA_D3__PH_pass	F2RL2
IL2_STAT5_SIGNALING	entry4_SOFA_D3__PH_pass	SPRED2
IL2_STAT5_SIGNALING	entry4_SOFA_D3__PH_pass	ETFBKMT
IL2_STAT5_SIGNALING	entry4_SOFA_D3__PH_pass	CISH
IL2_STAT5_SIGNALING	entry4_SOFA_D3__PH_pass	EMP1
IL6_JAK_STAT3_SIGNALING	entry4_SOFA_D3__PH_pass	IL1R2
IL6_JAK_STAT3_SIGNALING	entry4_SOFA_D3__PH_pass	IL1R1
IL6_JAK_STAT3_SIGNALING	entry4_SOFA_D3__PH_pass	IL17RA
IL6_JAK_STAT3_SIGNALING	entry4_SOFA_D3__PH_pass	STAT3
IL6_JAK_STAT3_SIGNALING	entry4_SOFA_D3__PH_pass	SOCS3
IL6_JAK_STAT3_SIGNALING	entry4_SOFA_D3__PH_pass	IFNAR1
IL6_JAK_STAT3_SIGNALING	entry4_SOFA_D3__PH_pass	IL10RB
IL6_JAK_STAT3_SIGNALING	entry4_SOFA_D3__PH_pass	TNFRSF1A
IL6_JAK_STAT3_SIGNALING	entry4_SOFA_D3__PH_pass	ACVR1B
IL6_JAK_STAT3_SIGNALING	entry4_SOFA_D3__PH_pass	IL4R
IL6_JAK_STAT3_SIGNALING	entry4_SOFA_D3__PH_pass	IFNGR2
IL6_JAK_STAT3_SIGNALING	entry4_SOFA_D3__PH_pass	IL18R1
IL6_JAK_STAT3_SIGNALING	entry4_SOFA_D3__PH_pass	PTPN1
IL6_JAK_STAT3_SIGNALING	entry4_SOFA_D3__PH_pass	PIM1
IL6_JAK_STAT3_SIGNALING	entry4_SOFA_D3__PH_pass	CSF3R
IL6_JAK_STAT3_SIGNALING	entry4_SOFA_D3__PH_pass	PDGFC
IL6_JAK_STAT3_SIGNALING	entry4_SOFA_D3__PH_pass	CSF2RB
IL6_JAK_STAT3_SIGNALING	entry4_SOFA_D3__PH_pass	IFNGR1
IL6_JAK_STAT3_SIGNALING	entry4_SOFA_D3__PH_pass	CSF2RA
IL6_JAK_STAT3_SIGNALING	entry4_SOFA_D3__PH_pass	CD44
IL6_JAK_STAT3_SIGNALING	entry4_SOFA_D3__PH_pass	GRB2
IL6_JAK_STAT3_SIGNALING	entry4_SOFA_D3__PH_pass	MYD88
IL6_JAK_STAT3_SIGNALING	entry4_SOFA_D3__PH_pass	CSF1
IL6_JAK_STAT3_SIGNALING	entry4_SOFA_D3__PH_pass	MAP3K8
IL6_JAK_STAT3_SIGNALING	entry4_SOFA_D3__PH_pass	TGFB1
IL6_JAK_STAT3_SIGNALING	entry4_SOFA_D3__PH_pass	IL13RA1
IL6_JAK_STAT3_SIGNALING	entry4_SOFA_D3__PH_pass	PIK3R5
INFLAMMATORY_RESPONSE	entry4_SOFA_D3__PH_pass	IL1R1
INFLAMMATORY_RESPONSE	entry4_SOFA_D3__PH_pass	KIF1B
INFLAMMATORY_RESPONSE	entry4_SOFA_D3__PH_pass	IL18RAP
INFLAMMATORY_RESPONSE	entry4_SOFA_D3__PH_pass	IFNAR1
INFLAMMATORY_RESPONSE	entry4_SOFA_D3__PH_pass	LYN
INFLAMMATORY_RESPONSE	entry4_SOFA_D3__PH_pass	ACVR1B
INFLAMMATORY_RESPONSE	entry4_SOFA_D3__PH_pass	PTPRE
INFLAMMATORY_RESPONSE	entry4_SOFA_D3__PH_pass	MXD1
INFLAMMATORY_RESPONSE	entry4_SOFA_D3__PH_pass	IL4R
INFLAMMATORY_RESPONSE	entry4_SOFA_D3__PH_pass	LCP2
INFLAMMATORY_RESPONSE	entry4_SOFA_D3__PH_pass	IFNGR2
INFLAMMATORY_RESPONSE	entry4_SOFA_D3__PH_pass	PROK2
INFLAMMATORY_RESPONSE	entry4_SOFA_D3__PH_pass	IL18R1
INFLAMMATORY_RESPONSE	entry4_SOFA_D3__PH_pass	RHOG
INFLAMMATORY_RESPONSE	entry4_SOFA_D3__PH_pass	FPR1
INFLAMMATORY_RESPONSE	entry4_SOFA_D3__PH_pass	KLF6
INFLAMMATORY_RESPONSE	entry4_SOFA_D3__PH_pass	AQP9
INFLAMMATORY_RESPONSE	entry4_SOFA_D3__PH_pass	MEFV
INFLAMMATORY_RESPONSE	entry4_SOFA_D3__PH_pass	RNF144B
INFLAMMATORY_RESPONSE	entry4_SOFA_D3__PH_pass	OSM
INFLAMMATORY_RESPONSE	entry4_SOFA_D3__PH_pass	IRAK2
INFLAMMATORY_RESPONSE	entry4_SOFA_D3__PH_pass	NFKB1
INFLAMMATORY_RESPONSE	entry4_SOFA_D3__PH_pass	CD55
INFLAMMATORY_RESPONSE	entry4_SOFA_D3__PH_pass	NFKBIA
INFLAMMATORY_RESPONSE	entry4_SOFA_D3__PH_pass	CSF3R
INFLAMMATORY_RESPONSE	entry4_SOFA_D3__PH_pass	SELL
INFLAMMATORY_RESPONSE	entry4_SOFA_D3__PH_pass	CD82
INFLAMMATORY_RESPONSE	entry4_SOFA_D3__PH_pass	LDLR
INFLAMMATORY_RESPONSE	entry4_SOFA_D3__PH_pass	PSEN1
INFLAMMATORY_RESPONSE	entry4_SOFA_D3__PH_pass	C3AR1
INFLAMMATORY_RESPONSE	entry4_SOFA_D3__PH_pass	ADM
INFLAMMATORY_RESPONSE	entry4_SOFA_D3__PH_pass	PTAFR
INFLAMMATORY_RESPONSE	entry4_SOFA_D3__PH_pass	SEMA4D
INFLAMMATORY_RESPONSE	entry4_SOFA_D3__PH_pass	SGMS2
INFLAMMATORY_RESPONSE	entry4_SOFA_D3__PH_pass	RAF1
INFLAMMATORY_RESPONSE	entry4_SOFA_D3__PH_pass	CSF1
INFLAMMATORY_RESPONSE	entry4_SOFA_D3__PH_pass	TAPBP
INFLAMMATORY_RESPONSE	entry4_SOFA_D3__PH_pass	ADGRE1
INFLAMMATORY_RESPONSE	entry4_SOFA_D3__PH_pass	SERPINE1
INFLAMMATORY_RESPONSE	entry4_SOFA_D3__PH_pass	PIK3R5
INFLAMMATORY_RESPONSE	entry4_SOFA_D3__PH_pass	EIF2AK2
INFLAMMATORY_RESPONSE	entry4_SOFA_D3__PH_pass	SLC31A2
INFLAMMATORY_RESPONSE	entry4_SOFA_D3__PH_pass	FFAR2
INFLAMMATORY_RESPONSE	entry4_SOFA_D3__PH_pass	KCNJ2
INFLAMMATORY_RESPONSE	entry4_SOFA_D3__PH_pass	CLEC5A
INFLAMMATORY_RESPONSE	entry4_SOFA_D3__PH_pass	GNAI3
INFLAMMATORY_RESPONSE	entry4_SOFA_D3__PH_pass	HPN
INFLAMMATORY_RESPONSE	entry4_SOFA_D3__PH_pass	ICAM1
INFLAMMATORY_RESPONSE	entry4_SOFA_D3__PH_pass	NOD2
INTERFERON_ALPHA_RESPONSE	entry4_SOFA_D3__PH_pass	TRIM25
INTERFERON_ALPHA_RESPONSE	entry4_SOFA_D3__PH_pass	PLSCR1
INTERFERON_ALPHA_RESPONSE	entry4_SOFA_D3__PH_pass	ADAR
INTERFERON_ALPHA_RESPONSE	entry4_SOFA_D3__PH_pass	IL4R
INTERFERON_ALPHA_RESPONSE	entry4_SOFA_D3__PH_pass	IFITM2
INTERFERON_ALPHA_RESPONSE	entry4_SOFA_D3__PH_pass	IRF2
INTERFERON_ALPHA_RESPONSE	entry4_SOFA_D3__PH_pass	SELL
INTERFERON_ALPHA_RESPONSE	entry4_SOFA_D3__PH_pass	TRAFD1
INTERFERON_ALPHA_RESPONSE	entry4_SOFA_D3__PH_pass	TMEM140
INTERFERON_ALPHA_RESPONSE	entry4_SOFA_D3__PH_pass	IFITM3
INTERFERON_ALPHA_RESPONSE	entry4_SOFA_D3__PH_pass	CSF1
INTERFERON_ALPHA_RESPONSE	entry4_SOFA_D3__PH_pass	TRIM5
INTERFERON_ALPHA_RESPONSE	entry4_SOFA_D3__PH_pass	EIF2AK2
INTERFERON_ALPHA_RESPONSE	entry4_SOFA_D3__PH_pass	IRF9
INTERFERON_ALPHA_RESPONSE	entry4_SOFA_D3__PH_pass	TDRD7
INTERFERON_ALPHA_RESPONSE	entry4_SOFA_D3__PH_pass	GMPR
INTERFERON_ALPHA_RESPONSE	entry4_SOFA_D3__PH_pass	SP110
INTERFERON_ALPHA_RESPONSE	entry4_SOFA_D3__PH_pass	HELZ2
INTERFERON_ALPHA_RESPONSE	entry4_SOFA_D3__PH_pass	TAP1
INTERFERON_ALPHA_RESPONSE	entry4_SOFA_D3__PH_pass	IRF1
INTERFERON_ALPHA_RESPONSE	entry4_SOFA_D3__PH_pass	SLC25A28
INTERFERON_ALPHA_RESPONSE	entry4_SOFA_D3__PH_pass	OGFR
INTERFERON_ALPHA_RESPONSE	entry4_SOFA_D3__PH_pass	TXNIP
INTERFERON_ALPHA_RESPONSE	entry4_SOFA_D3__PH_pass	HLA-C
INTERFERON_GAMMA_RESPONSE	entry4_SOFA_D3__PH_pass	TRIM25
INTERFERON_GAMMA_RESPONSE	entry4_SOFA_D3__PH_pass	UPP1
INTERFERON_GAMMA_RESPONSE	entry4_SOFA_D3__PH_pass	STAT3
INTERFERON_GAMMA_RESPONSE	entry4_SOFA_D3__PH_pass	LATS2
INTERFERON_GAMMA_RESPONSE	entry4_SOFA_D3__PH_pass	EIF4E3
INTERFERON_GAMMA_RESPONSE	entry4_SOFA_D3__PH_pass	PLSCR1
INTERFERON_GAMMA_RESPONSE	entry4_SOFA_D3__PH_pass	SOCS3
INTERFERON_GAMMA_RESPONSE	entry4_SOFA_D3__PH_pass	ADAR
INTERFERON_GAMMA_RESPONSE	entry4_SOFA_D3__PH_pass	IL4R
INTERFERON_GAMMA_RESPONSE	entry4_SOFA_D3__PH_pass	LCP2
INTERFERON_GAMMA_RESPONSE	entry4_SOFA_D3__PH_pass	FPR1
INTERFERON_GAMMA_RESPONSE	entry4_SOFA_D3__PH_pass	NLRC5
INTERFERON_GAMMA_RESPONSE	entry4_SOFA_D3__PH_pass	PTPN1
INTERFERON_GAMMA_RESPONSE	entry4_SOFA_D3__PH_pass	NFKB1
INTERFERON_GAMMA_RESPONSE	entry4_SOFA_D3__PH_pass	PIM1
INTERFERON_GAMMA_RESPONSE	entry4_SOFA_D3__PH_pass	NFKBIA
INTERFERON_GAMMA_RESPONSE	entry4_SOFA_D3__PH_pass	IFITM2
INTERFERON_GAMMA_RESPONSE	entry4_SOFA_D3__PH_pass	IRF2
INTERFERON_GAMMA_RESPONSE	entry4_SOFA_D3__PH_pass	TRAFD1
INTERFERON_GAMMA_RESPONSE	entry4_SOFA_D3__PH_pass	CSF2RB
INTERFERON_GAMMA_RESPONSE	entry4_SOFA_D3__PH_pass	ZNFX1
INTERFERON_GAMMA_RESPONSE	entry4_SOFA_D3__PH_pass	IFITM3
INTERFERON_GAMMA_RESPONSE	entry4_SOFA_D3__PH_pass	MYD88
INTERFERON_GAMMA_RESPONSE	entry4_SOFA_D3__PH_pass	TAPBP
INTERFERON_GAMMA_RESPONSE	entry4_SOFA_D3__PH_pass	TMT1B
INTERFERON_GAMMA_RESPONSE	entry4_SOFA_D3__PH_pass	MVP
INTERFERON_GAMMA_RESPONSE	entry4_SOFA_D3__PH_pass	PTPN6
INTERFERON_GAMMA_RESPONSE	entry4_SOFA_D3__PH_pass	TNFAIP3
INTERFERON_GAMMA_RESPONSE	entry4_SOFA_D3__PH_pass	EIF2AK2
INTERFERON_GAMMA_RESPONSE	entry4_SOFA_D3__PH_pass	ARID5B
INTERFERON_GAMMA_RESPONSE	entry4_SOFA_D3__PH_pass	RNF213
INTERFERON_GAMMA_RESPONSE	entry4_SOFA_D3__PH_pass	RIPK1
INTERFERON_GAMMA_RESPONSE	entry4_SOFA_D3__PH_pass	TOR1B
INTERFERON_GAMMA_RESPONSE	entry4_SOFA_D3__PH_pass	IRF9
INTERFERON_GAMMA_RESPONSE	entry4_SOFA_D3__PH_pass	TDRD7
INTERFERON_GAMMA_RESPONSE	entry4_SOFA_D3__PH_pass	C1R
INTERFERON_GAMMA_RESPONSE	entry4_SOFA_D3__PH_pass	FCGR1A
INTERFERON_GAMMA_RESPONSE	entry4_SOFA_D3__PH_pass	ICAM1
INTERFERON_GAMMA_RESPONSE	entry4_SOFA_D3__PH_pass	SP110
INTERFERON_GAMMA_RESPONSE	entry4_SOFA_D3__PH_pass	SOCS1
INTERFERON_GAMMA_RESPONSE	entry4_SOFA_D3__PH_pass	IFNAR2
INTERFERON_GAMMA_RESPONSE	entry4_SOFA_D3__PH_pass	HELZ2
INTERFERON_GAMMA_RESPONSE	entry4_SOFA_D3__PH_pass	TAP1
INTERFERON_GAMMA_RESPONSE	entry4_SOFA_D3__PH_pass	MX2
INTERFERON_GAMMA_RESPONSE	entry4_SOFA_D3__PH_pass	IRF1
INTERFERON_GAMMA_RESPONSE	entry4_SOFA_D3__PH_pass	RBCK1
INTERFERON_GAMMA_RESPONSE	entry4_SOFA_D3__PH_pass	SLC25A28
INTERFERON_GAMMA_RESPONSE	entry4_SOFA_D3__PH_pass	OGFR
INTERFERON_GAMMA_RESPONSE	entry4_SOFA_D3__PH_pass	PML
INTERFERON_GAMMA_RESPONSE	entry4_SOFA_D3__PH_pass	SPPL2A
INTERFERON_GAMMA_RESPONSE	entry4_SOFA_D3__PH_pass	TXNIP
INTERFERON_GAMMA_RESPONSE	entry4_SOFA_D3__PH_pass	SELP
INTERFERON_GAMMA_RESPONSE	entry4_SOFA_D3__PH_pass	ST8SIA4
KRAS_SIGNALING_DN	entry4_SOFA_D3__PH_pass	ZBTB16
KRAS_SIGNALING_DN	entry4_SOFA_D3__PH_pass	ASB7
KRAS_SIGNALING_DN	entry4_SOFA_D3__PH_pass	ENTPD7
KRAS_SIGNALING_DN	entry4_SOFA_D3__PH_pass	CPEB3
KRAS_SIGNALING_DN	entry4_SOFA_D3__PH_pass	TG
KRAS_SIGNALING_DN	entry4_SOFA_D3__PH_pass	MEFV
KRAS_SIGNALING_DN	entry4_SOFA_D3__PH_pass	CCNA1
KRAS_SIGNALING_DN	entry4_SOFA_D3__PH_pass	STAG3
KRAS_SIGNALING_DN	entry4_SOFA_D3__PH_pass	KCND1
KRAS_SIGNALING_DN	entry4_SOFA_D3__PH_pass	MAST3
KRAS_SIGNALING_DN	entry4_SOFA_D3__PH_pass	NR6A1
KRAS_SIGNALING_DN	entry4_SOFA_D3__PH_pass	PTGFR
KRAS_SIGNALING_DN	entry4_SOFA_D3__PH_pass	HSD11B2
KRAS_SIGNALING_DN	entry4_SOFA_D3__PH_pass	KMT2D
KRAS_SIGNALING_DN	entry4_SOFA_D3__PH_pass	BARD1
KRAS_SIGNALING_UP	entry4_SOFA_D3__PH_pass	MMP9
KRAS_SIGNALING_UP	entry4_SOFA_D3__PH_pass	ARG1
KRAS_SIGNALING_UP	entry4_SOFA_D3__PH_pass	LAT2
KRAS_SIGNALING_UP	entry4_SOFA_D3__PH_pass	AVL9
KRAS_SIGNALING_UP	entry4_SOFA_D3__PH_pass	CDADC1
KRAS_SIGNALING_UP	entry4_SOFA_D3__PH_pass	TLR8
KRAS_SIGNALING_UP	entry4_SOFA_D3__PH_pass	C3AR1
KRAS_SIGNALING_UP	entry4_SOFA_D3__PH_pass	CSF2RA
KRAS_SIGNALING_UP	entry4_SOFA_D3__PH_pass	DOCK2
KRAS_SIGNALING_UP	entry4_SOFA_D3__PH_pass	TOR1AIP2
KRAS_SIGNALING_UP	entry4_SOFA_D3__PH_pass	F2RL1
KRAS_SIGNALING_UP	entry4_SOFA_D3__PH_pass	LCP1
KRAS_SIGNALING_UP	entry4_SOFA_D3__PH_pass	PTBP2
KRAS_SIGNALING_UP	entry4_SOFA_D3__PH_pass	PPP1R15A
KRAS_SIGNALING_UP	entry4_SOFA_D3__PH_pass	ADAM17
KRAS_SIGNALING_UP	entry4_SOFA_D3__PH_pass	GADD45G
KRAS_SIGNALING_UP	entry4_SOFA_D3__PH_pass	TNFAIP3
KRAS_SIGNALING_UP	entry4_SOFA_D3__PH_pass	MAP3K1
KRAS_SIGNALING_UP	entry4_SOFA_D3__PH_pass	TRIB1
KRAS_SIGNALING_UP	entry4_SOFA_D3__PH_pass	MTMR10
KRAS_SIGNALING_UP	entry4_SOFA_D3__PH_pass	EMP1
KRAS_SIGNALING_UP	entry4_SOFA_D3__PH_pass	ADAM8
KRAS_SIGNALING_UP	entry4_SOFA_D3__PH_pass	TFPI
KRAS_SIGNALING_UP	entry4_SOFA_D3__PH_pass	CA2
KRAS_SIGNALING_UP	entry4_SOFA_D3__PH_pass	ALDH1A2
KRAS_SIGNALING_UP	entry4_SOFA_D3__PH_pass	ITGB2
KRAS_SIGNALING_UP	entry4_SOFA_D3__PH_pass	SPRY2
KRAS_SIGNALING_UP	entry4_SOFA_D3__PH_pass	FCER1G
KRAS_SIGNALING_UP	entry4_SOFA_D3__PH_pass	RETN
KRAS_SIGNALING_UP	entry4_SOFA_D3__PH_pass	LAPTM5
MITOTIC_SPINDLE	entry4_SOFA_D3__PH_pass	KIF1B
MITOTIC_SPINDLE	entry4_SOFA_D3__PH_pass	CLASP1
MITOTIC_SPINDLE	entry4_SOFA_D3__PH_pass	RANBP9
MITOTIC_SPINDLE	entry4_SOFA_D3__PH_pass	TUBA4A
MITOTIC_SPINDLE	entry4_SOFA_D3__PH_pass	ARL8A
MITOTIC_SPINDLE	entry4_SOFA_D3__PH_pass	AKAP13
MITOTIC_SPINDLE	entry4_SOFA_D3__PH_pass	FGD4
MITOTIC_SPINDLE	entry4_SOFA_D3__PH_pass	PREX1
MITOTIC_SPINDLE	entry4_SOFA_D3__PH_pass	GSN
MITOTIC_SPINDLE	entry4_SOFA_D3__PH_pass	KLC1
MITOTIC_SPINDLE	entry4_SOFA_D3__PH_pass	KIF3C
MITOTIC_SPINDLE	entry4_SOFA_D3__PH_pass	CDC42EP2
MITOTIC_SPINDLE	entry4_SOFA_D3__PH_pass	SSH2
MITOTIC_SPINDLE	entry4_SOFA_D3__PH_pass	WASF2
MITOTIC_SPINDLE	entry4_SOFA_D3__PH_pass	SPTBN1
MITOTIC_SPINDLE	entry4_SOFA_D3__PH_pass	LMNB1
MITOTIC_SPINDLE	entry4_SOFA_D3__PH_pass	ARHGEF11
MITOTIC_SPINDLE	entry4_SOFA_D3__PH_pass	CSNK1D
MITOTIC_SPINDLE	entry4_SOFA_D3__PH_pass	PAFAH1B1
MITOTIC_SPINDLE	entry4_SOFA_D3__PH_pass	DOCK2
MITOTIC_SPINDLE	entry4_SOFA_D3__PH_pass	CNTROB
MITOTIC_SPINDLE	entry4_SOFA_D3__PH_pass	PXN
MITOTIC_SPINDLE	entry4_SOFA_D3__PH_pass	RASA2
MITOTIC_SPINDLE	entry4_SOFA_D3__PH_pass	CDC42EP4
MITOTIC_SPINDLE	entry4_SOFA_D3__PH_pass	NCK2
MITOTIC_SPINDLE	entry4_SOFA_D3__PH_pass	NF1
MITOTIC_SPINDLE	entry4_SOFA_D3__PH_pass	CLIP1
MITOTIC_SPINDLE	entry4_SOFA_D3__PH_pass	STAU1
MITOTIC_SPINDLE	entry4_SOFA_D3__PH_pass	RALBP1
MITOTIC_SPINDLE	entry4_SOFA_D3__PH_pass	ARFGEF1
MITOTIC_SPINDLE	entry4_SOFA_D3__PH_pass	MYH9
MITOTIC_SPINDLE	entry4_SOFA_D3__PH_pass	CDC42BPA
MITOTIC_SPINDLE	entry4_SOFA_D3__PH_pass	NEDD9
MITOTIC_SPINDLE	entry4_SOFA_D3__PH_pass	ARHGEF2
MITOTIC_SPINDLE	entry4_SOFA_D3__PH_pass	CAPZB
MITOTIC_SPINDLE	entry4_SOFA_D3__PH_pass	CDC42EP1
MITOTIC_SPINDLE	entry4_SOFA_D3__PH_pass	MARCKS
MITOTIC_SPINDLE	entry4_SOFA_D3__PH_pass	TUBD1
MITOTIC_SPINDLE	entry4_SOFA_D3__PH_pass	CDC42
MITOTIC_SPINDLE	entry4_SOFA_D3__PH_pass	FLNB
MITOTIC_SPINDLE	entry4_SOFA_D3__PH_pass	RASA1
MITOTIC_SPINDLE	entry4_SOFA_D3__PH_pass	ITSN1
MITOTIC_SPINDLE	entry4_SOFA_D3__PH_pass	KPTN
MITOTIC_SPINDLE	entry4_SOFA_D3__PH_pass	MARK4
MITOTIC_SPINDLE	entry4_SOFA_D3__PH_pass	ABR
MITOTIC_SPINDLE	entry4_SOFA_D3__PH_pass	ACTN4
MITOTIC_SPINDLE	entry4_SOFA_D3__PH_pass	ARHGAP27
MITOTIC_SPINDLE	entry4_SOFA_D3__PH_pass	ECT2
MITOTIC_SPINDLE	entry4_SOFA_D3__PH_pass	ARHGEF12
MITOTIC_SPINDLE	entry4_SOFA_D3__PH_pass	KIF4A
MITOTIC_SPINDLE	entry4_SOFA_D3__PH_pass	ABI1
MITOTIC_SPINDLE	entry4_SOFA_D3__PH_pass	PRC1
MITOTIC_SPINDLE	entry4_SOFA_D3__PH_pass	TTK
MITOTIC_SPINDLE	entry4_SOFA_D3__PH_pass	KIF11
MITOTIC_SPINDLE	entry4_SOFA_D3__PH_pass	MYH10
MITOTIC_SPINDLE	entry4_SOFA_D3__PH_pass	VCL
MITOTIC_SPINDLE	entry4_SOFA_D3__PH_pass	MAP1S
MITOTIC_SPINDLE	entry4_SOFA_D3__PH_pass	MYO9B
MITOTIC_SPINDLE	entry4_SOFA_D3__PH_pass	CYTH2
MITOTIC_SPINDLE	entry4_SOFA_D3__PH_pass	ARAP3
MITOTIC_SPINDLE	entry4_SOFA_D3__PH_pass	TAOK2
MITOTIC_SPINDLE	entry4_SOFA_D3__PH_pass	HDAC6
MITOTIC_SPINDLE	entry4_SOFA_D3__PH_pass	PDLIM5
MITOTIC_SPINDLE	entry4_SOFA_D3__PH_pass	MAP3K11
MITOTIC_SPINDLE	entry4_SOFA_D3__PH_pass	TLK1
MITOTIC_SPINDLE	entry4_SOFA_D3__PH_pass	TUBGCP3
MITOTIC_SPINDLE	entry4_SOFA_D3__PH_pass	CEP192
MITOTIC_SPINDLE	entry4_SOFA_D3__PH_pass	TUBGCP2
MITOTIC_SPINDLE	entry4_SOFA_D3__PH_pass	KIF23
MITOTIC_SPINDLE	entry4_SOFA_D3__PH_pass	DYNLL2
MITOTIC_SPINDLE	entry4_SOFA_D3__PH_pass	SOS1
MITOTIC_SPINDLE	entry4_SOFA_D3__PH_pass	BCR
MITOTIC_SPINDLE	entry4_SOFA_D3__PH_pass	KATNB1
MITOTIC_SPINDLE	entry4_SOFA_D3__PH_pass	AURKA
MITOTIC_SPINDLE	entry4_SOFA_D3__PH_pass	ARHGDIA
MITOTIC_SPINDLE	entry4_SOFA_D3__PH_pass	RAB3GAP1
MITOTIC_SPINDLE	entry4_SOFA_D3__PH_pass	KIF15
MITOTIC_SPINDLE	entry4_SOFA_D3__PH_pass	CLIP2
MITOTIC_SPINDLE	entry4_SOFA_D3__PH_pass	SUN2
MITOTIC_SPINDLE	entry4_SOFA_D3__PH_pass	WASF1
MITOTIC_SPINDLE	entry4_SOFA_D3__PH_pass	MAPRE1
MITOTIC_SPINDLE	entry4_SOFA_D3__PH_pass	NUSAP1
MTORC1_SIGNALING	entry4_SOFA_D3__PH_pass	UFM1
MTORC1_SIGNALING	entry4_SOFA_D3__PH_pass	FGL2
MTORC1_SIGNALING	entry4_SOFA_D3__PH_pass	GTF2H1
MTORC1_SIGNALING	entry4_SOFA_D3__PH_pass	ATP5MC1
MTORC1_SIGNALING	entry4_SOFA_D3__PH_pass	EEF1E1
MTORC1_SIGNALING	entry4_SOFA_D3__PH_pass	PPIA
MTORC1_SIGNALING	entry4_SOFA_D3__PH_pass	HSPA9
MTORC1_SIGNALING	entry4_SOFA_D3__PH_pass	HSPD1
MTORC1_SIGNALING	entry4_SOFA_D3__PH_pass	GGA2
MTORC1_SIGNALING	entry4_SOFA_D3__PH_pass	M6PR
MTORC1_SIGNALING	entry4_SOFA_D3__PH_pass	HSP90B1
MTORC1_SIGNALING	entry4_SOFA_D3__PH_pass	PSMD14
MTORC1_SIGNALING	entry4_SOFA_D3__PH_pass	EPRS1
MTORC1_SIGNALING	entry4_SOFA_D3__PH_pass	PSMC2
MTORC1_SIGNALING	entry4_SOFA_D3__PH_pass	SHMT2
MTORC1_SIGNALING	entry4_SOFA_D3__PH_pass	SLC37A4
MTORC1_SIGNALING	entry4_SOFA_D3__PH_pass	CACYBP
MTORC1_SIGNALING	entry4_SOFA_D3__PH_pass	MTHFD2L
MTORC1_SIGNALING	entry4_SOFA_D3__PH_pass	MLLT11
MTORC1_SIGNALING	entry4_SOFA_D3__PH_pass	TCEA1
MTORC1_SIGNALING	entry4_SOFA_D3__PH_pass	IMMT
MTORC1_SIGNALING	entry4_SOFA_D3__PH_pass	PRDX1
MTORC1_SIGNALING	entry4_SOFA_D3__PH_pass	STARD4
MTORC1_SIGNALING	entry4_SOFA_D3__PH_pass	USO1
MTORC1_SIGNALING	entry4_SOFA_D3__PH_pass	CYB5B
MTORC1_SIGNALING	entry4_SOFA_D3__PH_pass	SC5D
MTORC1_SIGNALING	entry4_SOFA_D3__PH_pass	INSIG1
MTORC1_SIGNALING	entry4_SOFA_D3__PH_pass	SEC11A
MTORC1_SIGNALING	entry4_SOFA_D3__PH_pass	HSPA4
MTORC1_SIGNALING	entry4_SOFA_D3__PH_pass	RRP9
MTORC1_SIGNALING	entry4_SOFA_D3__PH_pass	CXCR4
MTORC1_SIGNALING	entry4_SOFA_D3__PH_pass	SSR1
MTORC1_SIGNALING	entry4_SOFA_D3__PH_pass	PITPNB
MTORC1_SIGNALING	entry4_SOFA_D3__PH_pass	SORD
MTORC1_SIGNALING	entry4_SOFA_D3__PH_pass	SYTL2
MTORC1_SIGNALING	entry4_SOFA_D3__PH_pass	PPA1
MTORC1_SIGNALING	entry4_SOFA_D3__PH_pass	UCHL5
MTORC1_SIGNALING	entry4_SOFA_D3__PH_pass	CANX
MTORC1_SIGNALING	entry4_SOFA_D3__PH_pass	RPA1
MTORC1_SIGNALING	entry4_SOFA_D3__PH_pass	PSMA3
MTORC1_SIGNALING	entry4_SOFA_D3__PH_pass	ARPC5L
MTORC1_SIGNALING	entry4_SOFA_D3__PH_pass	XBP1
MTORC1_SIGNALING	entry4_SOFA_D3__PH_pass	HMGCS1
MTORC1_SIGNALING	entry4_SOFA_D3__PH_pass	PHGDH
MTORC1_SIGNALING	entry4_SOFA_D3__PH_pass	CCT6A
MTORC1_SIGNALING	entry4_SOFA_D3__PH_pass	FKBP2
MTORC1_SIGNALING	entry4_SOFA_D3__PH_pass	EBP
MTORC1_SIGNALING	entry4_SOFA_D3__PH_pass	QDPR
MTORC1_SIGNALING	entry4_SOFA_D3__PH_pass	EDEM1
MTORC1_SIGNALING	entry4_SOFA_D3__PH_pass	HSPE1
MTORC1_SIGNALING	entry4_SOFA_D3__PH_pass	SERPINH1
MTORC1_SIGNALING	entry4_SOFA_D3__PH_pass	EIF2S2
MTORC1_SIGNALING	entry4_SOFA_D3__PH_pass	PSMG1
MTORC1_SIGNALING	entry4_SOFA_D3__PH_pass	SDF2L1
MTORC1_SIGNALING	entry4_SOFA_D3__PH_pass	NUFIP1
MTORC1_SIGNALING	entry4_SOFA_D3__PH_pass	RPN1
MTORC1_SIGNALING	entry4_SOFA_D3__PH_pass	CALR
MTORC1_SIGNALING	entry4_SOFA_D3__PH_pass	HPRT1
MYC_TARGETS_V1	entry4_SOFA_D3__PH_pass	DDX18
MYC_TARGETS_V1	entry4_SOFA_D3__PH_pass	SRSF7
MYC_TARGETS_V1	entry4_SOFA_D3__PH_pass	BUB3
MYC_TARGETS_V1	entry4_SOFA_D3__PH_pass	SYNCRIP
MYC_TARGETS_V1	entry4_SOFA_D3__PH_pass	HNRNPR
MYC_TARGETS_V1	entry4_SOFA_D3__PH_pass	SNRPA1
MYC_TARGETS_V1	entry4_SOFA_D3__PH_pass	ABCE1
MYC_TARGETS_V1	entry4_SOFA_D3__PH_pass	NPM1
MYC_TARGETS_V1	entry4_SOFA_D3__PH_pass	G3BP1
MYC_TARGETS_V1	entry4_SOFA_D3__PH_pass	RPL34
MYC_TARGETS_V1	entry4_SOFA_D3__PH_pass	EEF1B2
MYC_TARGETS_V1	entry4_SOFA_D3__PH_pass	FBL
MYC_TARGETS_V1	entry4_SOFA_D3__PH_pass	TOMM70
MYC_TARGETS_V1	entry4_SOFA_D3__PH_pass	RPL22
MYC_TARGETS_V1	entry4_SOFA_D3__PH_pass	CLNS1A
MYC_TARGETS_V1	entry4_SOFA_D3__PH_pass	MAD2L1
MYC_TARGETS_V1	entry4_SOFA_D3__PH_pass	MRPS18B
MYC_TARGETS_V1	entry4_SOFA_D3__PH_pass	NOP56
MYC_TARGETS_V1	entry4_SOFA_D3__PH_pass	SET
MYC_TARGETS_V1	entry4_SOFA_D3__PH_pass	RPL6
MYC_TARGETS_V1	entry4_SOFA_D3__PH_pass	RAN
MYC_TARGETS_V1	entry4_SOFA_D3__PH_pass	CCT4
MYC_TARGETS_V1	entry4_SOFA_D3__PH_pass	RPS5
MYC_TARGETS_V1	entry4_SOFA_D3__PH_pass	RPS2
MYC_TARGETS_V1	entry4_SOFA_D3__PH_pass	RPLP0
MYC_TARGETS_V1	entry4_SOFA_D3__PH_pass	SNRPD2
MYC_TARGETS_V1	entry4_SOFA_D3__PH_pass	PPIA
MYC_TARGETS_V1	entry4_SOFA_D3__PH_pass	NDUFAB1
MYC_TARGETS_V1	entry4_SOFA_D3__PH_pass	DDX21
MYC_TARGETS_V1	entry4_SOFA_D3__PH_pass	ILF2
MYC_TARGETS_V1	entry4_SOFA_D3__PH_pass	HSPD1
MYC_TARGETS_V1	entry4_SOFA_D3__PH_pass	APEX1
MYC_TARGETS_V1	entry4_SOFA_D3__PH_pass	RPS6
MYC_TARGETS_V1	entry4_SOFA_D3__PH_pass	SSBP1
MYC_TARGETS_V1	entry4_SOFA_D3__PH_pass	MYC
MYC_TARGETS_V1	entry4_SOFA_D3__PH_pass	RSL1D1
MYC_TARGETS_V1	entry4_SOFA_D3__PH_pass	RPS10
MYC_TARGETS_V1	entry4_SOFA_D3__PH_pass	EIF3D
MYC_TARGETS_V1	entry4_SOFA_D3__PH_pass	GLO1
MYC_TARGETS_V1	entry4_SOFA_D3__PH_pass	CCT2
MYC_TARGETS_V1	entry4_SOFA_D3__PH_pass	STARD7
MYC_TARGETS_V1	entry4_SOFA_D3__PH_pass	PSMD14
MYC_TARGETS_V1	entry4_SOFA_D3__PH_pass	EPRS1
MYC_TARGETS_V1	entry4_SOFA_D3__PH_pass	VDAC1
MYC_TARGETS_V1	entry4_SOFA_D3__PH_pass	EIF2S1
MYC_TARGETS_V1	entry4_SOFA_D3__PH_pass	PHB1
MYC_TARGETS_V1	entry4_SOFA_D3__PH_pass	RPL18
MYC_TARGETS_V1	entry4_SOFA_D3__PH_pass	RPS3
MYC_TARGETS_V1	entry4_SOFA_D3__PH_pass	IARS1
MYC_TARGETS_V1	entry4_SOFA_D3__PH_pass	POLE3
MYC_TARGETS_V1	entry4_SOFA_D3__PH_pass	PSMD8
MYC_TARGETS_V1	entry4_SOFA_D3__PH_pass	NCBP2
MYC_TARGETS_V1	entry4_SOFA_D3__PH_pass	HNRNPD
MYC_TARGETS_V1	entry4_SOFA_D3__PH_pass	PSMA2
MYC_TARGETS_V1	entry4_SOFA_D3__PH_pass	DUT
MYC_TARGETS_V1	entry4_SOFA_D3__PH_pass	IMPDH2
MYC_TARGETS_V1	entry4_SOFA_D3__PH_pass	DHX15
MYC_TARGETS_V1	entry4_SOFA_D3__PH_pass	PRDX4
MYC_TARGETS_V1	entry4_SOFA_D3__PH_pass	RACK1
MYC_TARGETS_V1	entry4_SOFA_D3__PH_pass	HNRNPA1
MYC_TARGETS_V1	entry4_SOFA_D3__PH_pass	GNL3
MYC_TARGETS_V1	entry4_SOFA_D3__PH_pass	YWHAQ
MYC_TARGETS_V1	entry4_SOFA_D3__PH_pass	HNRNPA3
MYC_TARGETS_V1	entry4_SOFA_D3__PH_pass	PRPS2
MYC_TARGETS_V1	entry4_SOFA_D3__PH_pass	SRSF3
MYC_TARGETS_V1	entry4_SOFA_D3__PH_pass	CCT7
MYC_TARGETS_V1	entry4_SOFA_D3__PH_pass	PCNA
MYC_TARGETS_V1	entry4_SOFA_D3__PH_pass	C1QBP
MYC_TARGETS_V1	entry4_SOFA_D3__PH_pass	KARS1
MYC_TARGETS_V1	entry4_SOFA_D3__PH_pass	MRPL23
MYC_TARGETS_V1	entry4_SOFA_D3__PH_pass	MRPL9
MYC_TARGETS_V1	entry4_SOFA_D3__PH_pass	SERBP1
MYC_TARGETS_V1	entry4_SOFA_D3__PH_pass	NME1
MYC_TARGETS_V1	entry4_SOFA_D3__PH_pass	SNRPA
MYC_TARGETS_V1	entry4_SOFA_D3__PH_pass	CDK4
MYC_TARGETS_V1	entry4_SOFA_D3__PH_pass	TUFM
MYC_TARGETS_V1	entry4_SOFA_D3__PH_pass	HDAC2
MYC_TARGETS_V1	entry4_SOFA_D3__PH_pass	RFC4
MYC_TARGETS_V1	entry4_SOFA_D3__PH_pass	RRP9
MYC_TARGETS_V1	entry4_SOFA_D3__PH_pass	RANBP1
MYC_TARGETS_V1	entry4_SOFA_D3__PH_pass	SRSF2
MYC_TARGETS_V1	entry4_SOFA_D3__PH_pass	RPL14
MYC_TARGETS_V1	entry4_SOFA_D3__PH_pass	ACP1
MYC_TARGETS_V1	entry4_SOFA_D3__PH_pass	VDAC3
MYC_TARGETS_V1	entry4_SOFA_D3__PH_pass	SRM
MYC_TARGETS_V1	entry4_SOFA_D3__PH_pass	TXNL4A
MYC_TARGETS_V1	entry4_SOFA_D3__PH_pass	CTPS1
MYC_TARGETS_V1	entry4_SOFA_D3__PH_pass	SNRPD1
MYC_TARGETS_V1	entry4_SOFA_D3__PH_pass	UBE2E1
MYC_TARGETS_V1	entry4_SOFA_D3__PH_pass	ODC1
MYC_TARGETS_V1	entry4_SOFA_D3__PH_pass	SLC25A3
MYC_TARGETS_V1	entry4_SOFA_D3__PH_pass	EIF4A1
MYC_TARGETS_V1	entry4_SOFA_D3__PH_pass	CANX
MYC_TARGETS_V1	entry4_SOFA_D3__PH_pass	SNRPD3
MYC_TARGETS_V1	entry4_SOFA_D3__PH_pass	NOLC1
MYC_TARGETS_V1	entry4_SOFA_D3__PH_pass	CUL1
MYC_TARGETS_V1	entry4_SOFA_D3__PH_pass	NAP1L1
MYC_TARGETS_V1	entry4_SOFA_D3__PH_pass	PHB2
MYC_TARGETS_V1	entry4_SOFA_D3__PH_pass	HDDC2
MYC_TARGETS_V1	entry4_SOFA_D3__PH_pass	COX5A
MYC_TARGETS_V1	entry4_SOFA_D3__PH_pass	XRCC6
MYC_TARGETS_V1	entry4_SOFA_D3__PH_pass	SSB
MYC_TARGETS_V1	entry4_SOFA_D3__PH_pass	AIMP2
MYC_TARGETS_V1	entry4_SOFA_D3__PH_pass	SNRPB2
MYC_TARGETS_V1	entry4_SOFA_D3__PH_pass	PSMA1
MYC_TARGETS_V1	entry4_SOFA_D3__PH_pass	MCM5
MYC_TARGETS_V1	entry4_SOFA_D3__PH_pass	UBA2
MYC_TARGETS_V1	entry4_SOFA_D3__PH_pass	HSPE1
MYC_TARGETS_V1	entry4_SOFA_D3__PH_pass	NCBP1
MYC_TARGETS_V1	entry4_SOFA_D3__PH_pass	EIF2S2
MYC_TARGETS_V1	entry4_SOFA_D3__PH_pass	RRM1
MYC_TARGETS_V1	entry4_SOFA_D3__PH_pass	LSM7
MYC_TARGETS_V1	entry4_SOFA_D3__PH_pass	HPRT1
MYC_TARGETS_V1	entry4_SOFA_D3__PH_pass	MCM7
MYC_TARGETS_V1	entry4_SOFA_D3__PH_pass	CSTF2
MYC_TARGETS_V1	entry4_SOFA_D3__PH_pass	CCT3
MYC_TARGETS_V1	entry4_SOFA_D3__PH_pass	PSMB2
MYC_TARGETS_V1	entry4_SOFA_D3__PH_pass	POLD2
MYC_TARGETS_V1	entry4_SOFA_D3__PH_pass	SF3B3
MYC_TARGETS_V1	entry4_SOFA_D3__PH_pass	GOT2
MYC_TARGETS_V1	entry4_SOFA_D3__PH_pass	SRSF1
MYC_TARGETS_V1	entry4_SOFA_D3__PH_pass	HSP90AB1
MYC_TARGETS_V1	entry4_SOFA_D3__PH_pass	PRDX3
MYC_TARGETS_V1	entry4_SOFA_D3__PH_pass	NHP2
MYC_TARGETS_V1	entry4_SOFA_D3__PH_pass	PPM1G
MYC_TARGETS_V1	entry4_SOFA_D3__PH_pass	PWP1
MYC_TARGETS_V1	entry4_SOFA_D3__PH_pass	PSMA4
MYC_TARGETS_V1	entry4_SOFA_D3__PH_pass	SNRPG
MYC_TARGETS_V1	entry4_SOFA_D3__PH_pass	XPOT
MYC_TARGETS_V2	entry4_SOFA_D3__PH_pass	DDX18
MYC_TARGETS_V2	entry4_SOFA_D3__PH_pass	WDR43
MYC_TARGETS_V2	entry4_SOFA_D3__PH_pass	NPM1
MYC_TARGETS_V2	entry4_SOFA_D3__PH_pass	NOP56
MYC_TARGETS_V2	entry4_SOFA_D3__PH_pass	UTP20
MYC_TARGETS_V2	entry4_SOFA_D3__PH_pass	NDUFAF4
MYC_TARGETS_V2	entry4_SOFA_D3__PH_pass	HSPD1
MYC_TARGETS_V2	entry4_SOFA_D3__PH_pass	MYC
MYC_TARGETS_V2	entry4_SOFA_D3__PH_pass	PPAN
MYC_TARGETS_V2	entry4_SOFA_D3__PH_pass	PHB1
MYC_TARGETS_V2	entry4_SOFA_D3__PH_pass	PES1
MYC_TARGETS_V2	entry4_SOFA_D3__PH_pass	PUS1
MYC_TARGETS_V2	entry4_SOFA_D3__PH_pass	MRTO4
MYC_TARGETS_V2	entry4_SOFA_D3__PH_pass	DCTPP1
MYC_TARGETS_V2	entry4_SOFA_D3__PH_pass	GNL3
MYC_TARGETS_V2	entry4_SOFA_D3__PH_pass	GRWD1
MYC_TARGETS_V2	entry4_SOFA_D3__PH_pass	CDK4
MYC_TARGETS_V2	entry4_SOFA_D3__PH_pass	RRP9
MYC_TARGETS_V2	entry4_SOFA_D3__PH_pass	TFB2M
MYC_TARGETS_V2	entry4_SOFA_D3__PH_pass	SRM
MYC_TARGETS_V2	entry4_SOFA_D3__PH_pass	SORD
MYC_TARGETS_V2	entry4_SOFA_D3__PH_pass	MPHOSPH10
MYC_TARGETS_V2	entry4_SOFA_D3__PH_pass	LAS1L
MYC_TARGETS_V2	entry4_SOFA_D3__PH_pass	IMP4
MYC_TARGETS_V2	entry4_SOFA_D3__PH_pass	TBRG4
MYC_TARGETS_V2	entry4_SOFA_D3__PH_pass	NOLC1
MYC_TARGETS_V2	entry4_SOFA_D3__PH_pass	AIMP2
MYC_TARGETS_V2	entry4_SOFA_D3__PH_pass	MCM5
MYC_TARGETS_V2	entry4_SOFA_D3__PH_pass	PRMT3
MYC_TARGETS_V2	entry4_SOFA_D3__PH_pass	HSPE1
MYC_TARGETS_V2	entry4_SOFA_D3__PH_pass	MYBBP1A
MYC_TARGETS_V2	entry4_SOFA_D3__PH_pass	TMEM97
MYC_TARGETS_V2	entry4_SOFA_D3__PH_pass	NOP16
MYC_TARGETS_V2	entry4_SOFA_D3__PH_pass	NIP7
MYC_TARGETS_V2	entry4_SOFA_D3__PH_pass	NOP2
MYC_TARGETS_V2	entry4_SOFA_D3__PH_pass	DUSP2
MYC_TARGETS_V2	entry4_SOFA_D3__PH_pass	IPO4
MYOGENESIS	entry4_SOFA_D3__PH_pass	ACSL1
MYOGENESIS	entry4_SOFA_D3__PH_pass	MEF2A
MYOGENESIS	entry4_SOFA_D3__PH_pass	SVIL
MYOGENESIS	entry4_SOFA_D3__PH_pass	GSN
MYOGENESIS	entry4_SOFA_D3__PH_pass	MYBPC3
MYOGENESIS	entry4_SOFA_D3__PH_pass	ITGA7
MYOGENESIS	entry4_SOFA_D3__PH_pass	FOXO4
MYOGENESIS	entry4_SOFA_D3__PH_pass	DAPK2
MYOGENESIS	entry4_SOFA_D3__PH_pass	COL4A2
MYOGENESIS	entry4_SOFA_D3__PH_pass	KLF5
MYOGENESIS	entry4_SOFA_D3__PH_pass	PDLIM7
MYOGENESIS	entry4_SOFA_D3__PH_pass	TGFB1
MYOGENESIS	entry4_SOFA_D3__PH_pass	MYOM1
MYOGENESIS	entry4_SOFA_D3__PH_pass	TPM3
MYOGENESIS	entry4_SOFA_D3__PH_pass	RIT1
MYOGENESIS	entry4_SOFA_D3__PH_pass	KIFC3
MYOGENESIS	entry4_SOFA_D3__PH_pass	MYH9
MYOGENESIS	entry4_SOFA_D3__PH_pass	CLU
MYOGENESIS	entry4_SOFA_D3__PH_pass	PYGM
MYOGENESIS	entry4_SOFA_D3__PH_pass	NQO1
MYOGENESIS	entry4_SOFA_D3__PH_pass	DMPK
MYOGENESIS	entry4_SOFA_D3__PH_pass	NOTCH1
MYOGENESIS	entry4_SOFA_D3__PH_pass	MYL6B
MYOGENESIS	entry4_SOFA_D3__PH_pass	CKB
MYOGENESIS	entry4_SOFA_D3__PH_pass	ATP6AP1
MYOGENESIS	entry4_SOFA_D3__PH_pass	IFRD1
MYOGENESIS	entry4_SOFA_D3__PH_pass	MYH11
MYOGENESIS	entry4_SOFA_D3__PH_pass	LSP1
MYOGENESIS	entry4_SOFA_D3__PH_pass	GPX3
MYOGENESIS	entry4_SOFA_D3__PH_pass	APP
MYOGENESIS	entry4_SOFA_D3__PH_pass	HDAC5
MYOGENESIS	entry4_SOFA_D3__PH_pass	MAPRE3
MYOGENESIS	entry4_SOFA_D3__PH_pass	GABARAPL2
MYOGENESIS	entry4_SOFA_D3__PH_pass	SMTN
MYOGENESIS	entry4_SOFA_D3__PH_pass	BAG1
MYOGENESIS	entry4_SOFA_D3__PH_pass	ACHE
MYOGENESIS	entry4_SOFA_D3__PH_pass	MYLK
MYOGENESIS	entry4_SOFA_D3__PH_pass	FLII
MYOGENESIS	entry4_SOFA_D3__PH_pass	SLC6A8
MYOGENESIS	entry4_SOFA_D3__PH_pass	SPARC
MYOGENESIS	entry4_SOFA_D3__PH_pass	AK1
MYOGENESIS	entry4_SOFA_D3__PH_pass	TAGLN
MYOGENESIS	entry4_SOFA_D3__PH_pass	AKT2
MYOGENESIS	entry4_SOFA_D3__PH_pass	HBEGF
MYOGENESIS	entry4_SOFA_D3__PH_pass	NCAM1
MYOGENESIS	entry4_SOFA_D3__PH_pass	ITGB5
MYOGENESIS	entry4_SOFA_D3__PH_pass	MYO1C
MYOGENESIS	entry4_SOFA_D3__PH_pass	IGFBP7
MYOGENESIS	entry4_SOFA_D3__PH_pass	KCNH2
MYOGENESIS	entry4_SOFA_D3__PH_pass	ENO3
MYOGENESIS	entry4_SOFA_D3__PH_pass	SIRT2
MYOGENESIS	entry4_SOFA_D3__PH_pass	TSC2
MYOGENESIS	entry4_SOFA_D3__PH_pass	NAV2
MYOGENESIS	entry4_SOFA_D3__PH_pass	PICK1
MYOGENESIS	entry4_SOFA_D3__PH_pass	MAPK12
MYOGENESIS	entry4_SOFA_D3__PH_pass	RB1
MYOGENESIS	entry4_SOFA_D3__PH_pass	CRAT
MYOGENESIS	entry4_SOFA_D3__PH_pass	SCD
NOTCH_SIGNALING	entry4_SOFA_D3__PH_pass	MAML2
NOTCH_SIGNALING	entry4_SOFA_D3__PH_pass	LFNG
NOTCH_SIGNALING	entry4_SOFA_D3__PH_pass	PSEN2
NOTCH_SIGNALING	entry4_SOFA_D3__PH_pass	HES1
NOTCH_SIGNALING	entry4_SOFA_D3__PH_pass	CUL1
NOTCH_SIGNALING	entry4_SOFA_D3__PH_pass	FZD1
NOTCH_SIGNALING	entry4_SOFA_D3__PH_pass	SKP1
NOTCH_SIGNALING	entry4_SOFA_D3__PH_pass	DTX1
NOTCH_SIGNALING	entry4_SOFA_D3__PH_pass	PPARD
NOTCH_SIGNALING	entry4_SOFA_D3__PH_pass	KAT2A
OXIDATIVE_PHOSPHORYLATION	entry4_SOFA_D3__PH_pass	MRPS30
OXIDATIVE_PHOSPHORYLATION	entry4_SOFA_D3__PH_pass	LRPPRC
OXIDATIVE_PHOSPHORYLATION	entry4_SOFA_D3__PH_pass	LDHB
OXIDATIVE_PHOSPHORYLATION	entry4_SOFA_D3__PH_pass	PDP1
OXIDATIVE_PHOSPHORYLATION	entry4_SOFA_D3__PH_pass	TIMM17A
OXIDATIVE_PHOSPHORYLATION	entry4_SOFA_D3__PH_pass	CYCS
OXIDATIVE_PHOSPHORYLATION	entry4_SOFA_D3__PH_pass	TOMM70
OXIDATIVE_PHOSPHORYLATION	entry4_SOFA_D3__PH_pass	MRPL35
OXIDATIVE_PHOSPHORYLATION	entry4_SOFA_D3__PH_pass	DLAT
OXIDATIVE_PHOSPHORYLATION	entry4_SOFA_D3__PH_pass	MRPL15
OXIDATIVE_PHOSPHORYLATION	entry4_SOFA_D3__PH_pass	MDH1
OXIDATIVE_PHOSPHORYLATION	entry4_SOFA_D3__PH_pass	OXA1L
OXIDATIVE_PHOSPHORYLATION	entry4_SOFA_D3__PH_pass	ATP5PO
OXIDATIVE_PHOSPHORYLATION	entry4_SOFA_D3__PH_pass	ATP5MC1
OXIDATIVE_PHOSPHORYLATION	entry4_SOFA_D3__PH_pass	ABCB7
OXIDATIVE_PHOSPHORYLATION	entry4_SOFA_D3__PH_pass	NDUFB5
OXIDATIVE_PHOSPHORYLATION	entry4_SOFA_D3__PH_pass	COX7C
OXIDATIVE_PHOSPHORYLATION	entry4_SOFA_D3__PH_pass	NDUFAB1
OXIDATIVE_PHOSPHORYLATION	entry4_SOFA_D3__PH_pass	HSPA9
OXIDATIVE_PHOSPHORYLATION	entry4_SOFA_D3__PH_pass	COX6C
OXIDATIVE_PHOSPHORYLATION	entry4_SOFA_D3__PH_pass	COX10
OXIDATIVE_PHOSPHORYLATION	entry4_SOFA_D3__PH_pass	ECHS1
OXIDATIVE_PHOSPHORYLATION	entry4_SOFA_D3__PH_pass	ATP5MC2
OXIDATIVE_PHOSPHORYLATION	entry4_SOFA_D3__PH_pass	NDUFS3
OXIDATIVE_PHOSPHORYLATION	entry4_SOFA_D3__PH_pass	ACAA2
OXIDATIVE_PHOSPHORYLATION	entry4_SOFA_D3__PH_pass	SLC25A4
OXIDATIVE_PHOSPHORYLATION	entry4_SOFA_D3__PH_pass	VDAC1
OXIDATIVE_PHOSPHORYLATION	entry4_SOFA_D3__PH_pass	NDUFB2
OXIDATIVE_PHOSPHORYLATION	entry4_SOFA_D3__PH_pass	TOMM22
OXIDATIVE_PHOSPHORYLATION	entry4_SOFA_D3__PH_pass	UQCRC2
OXIDATIVE_PHOSPHORYLATION	entry4_SOFA_D3__PH_pass	PDK4
OXIDATIVE_PHOSPHORYLATION	entry4_SOFA_D3__PH_pass	ATP5MC3
OXIDATIVE_PHOSPHORYLATION	entry4_SOFA_D3__PH_pass	TIMM13
OXIDATIVE_PHOSPHORYLATION	entry4_SOFA_D3__PH_pass	ATP5F1A
OXIDATIVE_PHOSPHORYLATION	entry4_SOFA_D3__PH_pass	BDH2
OXIDATIVE_PHOSPHORYLATION	entry4_SOFA_D3__PH_pass	NDUFV1
OXIDATIVE_PHOSPHORYLATION	entry4_SOFA_D3__PH_pass	VDAC2
OXIDATIVE_PHOSPHORYLATION	entry4_SOFA_D3__PH_pass	MRPL11
OXIDATIVE_PHOSPHORYLATION	entry4_SOFA_D3__PH_pass	ECI1
OXIDATIVE_PHOSPHORYLATION	entry4_SOFA_D3__PH_pass	NDUFA4
OXIDATIVE_PHOSPHORYLATION	entry4_SOFA_D3__PH_pass	HSD17B10
OXIDATIVE_PHOSPHORYLATION	entry4_SOFA_D3__PH_pass	CASP7
OXIDATIVE_PHOSPHORYLATION	entry4_SOFA_D3__PH_pass	COX7A2
OXIDATIVE_PHOSPHORYLATION	entry4_SOFA_D3__PH_pass	IMMT
OXIDATIVE_PHOSPHORYLATION	entry4_SOFA_D3__PH_pass	SLC25A5
OXIDATIVE_PHOSPHORYLATION	entry4_SOFA_D3__PH_pass	NDUFA8
OXIDATIVE_PHOSPHORYLATION	entry4_SOFA_D3__PH_pass	GLUD1
OXIDATIVE_PHOSPHORYLATION	entry4_SOFA_D3__PH_pass	SLC25A6
OXIDATIVE_PHOSPHORYLATION	entry4_SOFA_D3__PH_pass	PHYH
OXIDATIVE_PHOSPHORYLATION	entry4_SOFA_D3__PH_pass	IDH2
OXIDATIVE_PHOSPHORYLATION	entry4_SOFA_D3__PH_pass	NDUFA5
OXIDATIVE_PHOSPHORYLATION	entry4_SOFA_D3__PH_pass	ATP5PB
OXIDATIVE_PHOSPHORYLATION	entry4_SOFA_D3__PH_pass	ACADM
OXIDATIVE_PHOSPHORYLATION	entry4_SOFA_D3__PH_pass	ACADSB
OXIDATIVE_PHOSPHORYLATION	entry4_SOFA_D3__PH_pass	MRPS12
OXIDATIVE_PHOSPHORYLATION	entry4_SOFA_D3__PH_pass	SDHD
OXIDATIVE_PHOSPHORYLATION	entry4_SOFA_D3__PH_pass	TIMM9
OXIDATIVE_PHOSPHORYLATION	entry4_SOFA_D3__PH_pass	TIMM50
OXIDATIVE_PHOSPHORYLATION	entry4_SOFA_D3__PH_pass	UQCRQ
OXIDATIVE_PHOSPHORYLATION	entry4_SOFA_D3__PH_pass	MGST3
OXIDATIVE_PHOSPHORYLATION	entry4_SOFA_D3__PH_pass	PDHA1
OXIDATIVE_PHOSPHORYLATION	entry4_SOFA_D3__PH_pass	NDUFA6
OXIDATIVE_PHOSPHORYLATION	entry4_SOFA_D3__PH_pass	OPA1
OXIDATIVE_PHOSPHORYLATION	entry4_SOFA_D3__PH_pass	COX4I1
OXIDATIVE_PHOSPHORYLATION	entry4_SOFA_D3__PH_pass	VDAC3
OXIDATIVE_PHOSPHORYLATION	entry4_SOFA_D3__PH_pass	SLC25A3
OXIDATIVE_PHOSPHORYLATION	entry4_SOFA_D3__PH_pass	UQCRFS1
OXIDATIVE_PHOSPHORYLATION	entry4_SOFA_D3__PH_pass	FDX1
OXIDATIVE_PHOSPHORYLATION	entry4_SOFA_D3__PH_pass	UQCR10
OXIDATIVE_PHOSPHORYLATION	entry4_SOFA_D3__PH_pass	SLC25A20
OXIDATIVE_PHOSPHORYLATION	entry4_SOFA_D3__PH_pass	PHB2
OXIDATIVE_PHOSPHORYLATION	entry4_SOFA_D3__PH_pass	NNT
OXIDATIVE_PHOSPHORYLATION	entry4_SOFA_D3__PH_pass	MTX2
OXIDATIVE_PHOSPHORYLATION	entry4_SOFA_D3__PH_pass	COX5A
OXIDATIVE_PHOSPHORYLATION	entry4_SOFA_D3__PH_pass	ATP5F1C
OXIDATIVE_PHOSPHORYLATION	entry4_SOFA_D3__PH_pass	ETFA
OXIDATIVE_PHOSPHORYLATION	entry4_SOFA_D3__PH_pass	MRPS11
OXIDATIVE_PHOSPHORYLATION	entry4_SOFA_D3__PH_pass	NDUFS6
OXIDATIVE_PHOSPHORYLATION	entry4_SOFA_D3__PH_pass	SLC25A12
OXIDATIVE_PHOSPHORYLATION	entry4_SOFA_D3__PH_pass	SUCLA2
OXIDATIVE_PHOSPHORYLATION	entry4_SOFA_D3__PH_pass	IDH3A
OXIDATIVE_PHOSPHORYLATION	entry4_SOFA_D3__PH_pass	ATP6V1F
P53_PATHWAY	entry4_SOFA_D3__PH_pass	UPP1
P53_PATHWAY	entry4_SOFA_D3__PH_pass	CCND3
P53_PATHWAY	entry4_SOFA_D3__PH_pass	GADD45A
P53_PATHWAY	entry4_SOFA_D3__PH_pass	TGFA
P53_PATHWAY	entry4_SOFA_D3__PH_pass	ZBTB16
P53_PATHWAY	entry4_SOFA_D3__PH_pass	ABHD4
P53_PATHWAY	entry4_SOFA_D3__PH_pass	DRAM1
P53_PATHWAY	entry4_SOFA_D3__PH_pass	ACVR1B
P53_PATHWAY	entry4_SOFA_D3__PH_pass	ALOX15B
P53_PATHWAY	entry4_SOFA_D3__PH_pass	PTPRE
P53_PATHWAY	entry4_SOFA_D3__PH_pass	MXD1
P53_PATHWAY	entry4_SOFA_D3__PH_pass	APAF1
P53_PATHWAY	entry4_SOFA_D3__PH_pass	STOM
P53_PATHWAY	entry4_SOFA_D3__PH_pass	CEBPA
P53_PATHWAY	entry4_SOFA_D3__PH_pass	CD82
P53_PATHWAY	entry4_SOFA_D3__PH_pass	TRAFD1
P53_PATHWAY	entry4_SOFA_D3__PH_pass	NUPR1
P53_PATHWAY	entry4_SOFA_D3__PH_pass	SP1
P53_PATHWAY	entry4_SOFA_D3__PH_pass	PRMT2
P53_PATHWAY	entry4_SOFA_D3__PH_pass	FOXO3
P53_PATHWAY	entry4_SOFA_D3__PH_pass	HEXIM1
P53_PATHWAY	entry4_SOFA_D3__PH_pass	TOB1
P53_PATHWAY	entry4_SOFA_D3__PH_pass	CDK5R1
P53_PATHWAY	entry4_SOFA_D3__PH_pass	RXRA
P53_PATHWAY	entry4_SOFA_D3__PH_pass	RNF19B
P53_PATHWAY	entry4_SOFA_D3__PH_pass	PRKAB1
P53_PATHWAY	entry4_SOFA_D3__PH_pass	PPP1R15A
P53_PATHWAY	entry4_SOFA_D3__PH_pass	RHBDF2
P53_PATHWAY	entry4_SOFA_D3__PH_pass	INHBB
P53_PATHWAY	entry4_SOFA_D3__PH_pass	TGFB1
P53_PATHWAY	entry4_SOFA_D3__PH_pass	IER3
P53_PATHWAY	entry4_SOFA_D3__PH_pass	CTSD
P53_PATHWAY	entry4_SOFA_D3__PH_pass	SOCS1
P53_PATHWAY	entry4_SOFA_D3__PH_pass	CSRNP2
P53_PATHWAY	entry4_SOFA_D3__PH_pass	GPX2
P53_PATHWAY	entry4_SOFA_D3__PH_pass	PPM1D
P53_PATHWAY	entry4_SOFA_D3__PH_pass	NOTCH1
P53_PATHWAY	entry4_SOFA_D3__PH_pass	SERTAD3
P53_PATHWAY	entry4_SOFA_D3__PH_pass	ZFP36L1
P53_PATHWAY	entry4_SOFA_D3__PH_pass	TAP1
P53_PATHWAY	entry4_SOFA_D3__PH_pass	VDR
P53_PATHWAY	entry4_SOFA_D3__PH_pass	PLK3
P53_PATHWAY	entry4_SOFA_D3__PH_pass	FGF13
P53_PATHWAY	entry4_SOFA_D3__PH_pass	MKNK2
P53_PATHWAY	entry4_SOFA_D3__PH_pass	DEF6
P53_PATHWAY	entry4_SOFA_D3__PH_pass	CYFIP2
P53_PATHWAY	entry4_SOFA_D3__PH_pass	GM2A
P53_PATHWAY	entry4_SOFA_D3__PH_pass	DDIT4
P53_PATHWAY	entry4_SOFA_D3__PH_pass	STEAP3
P53_PATHWAY	entry4_SOFA_D3__PH_pass	TXNIP
P53_PATHWAY	entry4_SOFA_D3__PH_pass	APP
P53_PATHWAY	entry4_SOFA_D3__PH_pass	HSPA4L
PEROXISOME	entry4_SOFA_D3__PH_pass	ABCD2
PEROXISOME	entry4_SOFA_D3__PH_pass	SLC23A2
PEROXISOME	entry4_SOFA_D3__PH_pass	CLN6
PEROXISOME	entry4_SOFA_D3__PH_pass	SLC25A4
PEROXISOME	entry4_SOFA_D3__PH_pass	HRAS
PEROXISOME	entry4_SOFA_D3__PH_pass	SLC35B2
PEROXISOME	entry4_SOFA_D3__PH_pass	ERCC3
PEROXISOME	entry4_SOFA_D3__PH_pass	EPHX2
PEROXISOME	entry4_SOFA_D3__PH_pass	DHRS3
PEROXISOME	entry4_SOFA_D3__PH_pass	IDH2
PEROXISOME	entry4_SOFA_D3__PH_pass	PRDX1
PEROXISOME	entry4_SOFA_D3__PH_pass	SLC25A19
PEROXISOME	entry4_SOFA_D3__PH_pass	CADM1
PEROXISOME	entry4_SOFA_D3__PH_pass	SCP2
PEROXISOME	entry4_SOFA_D3__PH_pass	ABCB1
PEROXISOME	entry4_SOFA_D3__PH_pass	HSD17B4
PEROXISOME	entry4_SOFA_D3__PH_pass	ABCB4
PEROXISOME	entry4_SOFA_D3__PH_pass	ECI2
PEROXISOME	entry4_SOFA_D3__PH_pass	ACSL5
PI3K_AKT_MTOR_SIGNALING	entry4_SOFA_D3__PH_pass	MKNK1
PI3K_AKT_MTOR_SIGNALING	entry4_SOFA_D3__PH_pass	CAB39
PI3K_AKT_MTOR_SIGNALING	entry4_SOFA_D3__PH_pass	PRKCB
PI3K_AKT_MTOR_SIGNALING	entry4_SOFA_D3__PH_pass	SLA
PI3K_AKT_MTOR_SIGNALING	entry4_SOFA_D3__PH_pass	MAP2K6
PI3K_AKT_MTOR_SIGNALING	entry4_SOFA_D3__PH_pass	MAPK1
PI3K_AKT_MTOR_SIGNALING	entry4_SOFA_D3__PH_pass	TNFRSF1A
PI3K_AKT_MTOR_SIGNALING	entry4_SOFA_D3__PH_pass	PRKAR2A
PI3K_AKT_MTOR_SIGNALING	entry4_SOFA_D3__PH_pass	DUSP3
PI3K_AKT_MTOR_SIGNALING	entry4_SOFA_D3__PH_pass	RAC1
PI3K_AKT_MTOR_SIGNALING	entry4_SOFA_D3__PH_pass	GSK3B
PI3K_AKT_MTOR_SIGNALING	entry4_SOFA_D3__PH_pass	MAP2K3
PI3K_AKT_MTOR_SIGNALING	entry4_SOFA_D3__PH_pass	PTEN
PI3K_AKT_MTOR_SIGNALING	entry4_SOFA_D3__PH_pass	SLC2A1
PI3K_AKT_MTOR_SIGNALING	entry4_SOFA_D3__PH_pass	RPS6KA3
PI3K_AKT_MTOR_SIGNALING	entry4_SOFA_D3__PH_pass	RPS6KA1
PI3K_AKT_MTOR_SIGNALING	entry4_SOFA_D3__PH_pass	GRB2
PI3K_AKT_MTOR_SIGNALING	entry4_SOFA_D3__PH_pass	RAF1
PI3K_AKT_MTOR_SIGNALING	entry4_SOFA_D3__PH_pass	MYD88
PI3K_AKT_MTOR_SIGNALING	entry4_SOFA_D3__PH_pass	CFL1
PI3K_AKT_MTOR_SIGNALING	entry4_SOFA_D3__PH_pass	RIT1
PI3K_AKT_MTOR_SIGNALING	entry4_SOFA_D3__PH_pass	YWHAB
PI3K_AKT_MTOR_SIGNALING	entry4_SOFA_D3__PH_pass	UBE2D3
PI3K_AKT_MTOR_SIGNALING	entry4_SOFA_D3__PH_pass	RIPK1
PI3K_AKT_MTOR_SIGNALING	entry4_SOFA_D3__PH_pass	IRAK4
PI3K_AKT_MTOR_SIGNALING	entry4_SOFA_D3__PH_pass	ACTR2
PI3K_AKT_MTOR_SIGNALING	entry4_SOFA_D3__PH_pass	AKT1S1
PI3K_AKT_MTOR_SIGNALING	entry4_SOFA_D3__PH_pass	SMAD2
PI3K_AKT_MTOR_SIGNALING	entry4_SOFA_D3__PH_pass	PIKFYVE
PI3K_AKT_MTOR_SIGNALING	entry4_SOFA_D3__PH_pass	ACTR3
PI3K_AKT_MTOR_SIGNALING	entry4_SOFA_D3__PH_pass	GRK2
PI3K_AKT_MTOR_SIGNALING	entry4_SOFA_D3__PH_pass	ARF1
PI3K_AKT_MTOR_SIGNALING	entry4_SOFA_D3__PH_pass	MKNK2
PI3K_AKT_MTOR_SIGNALING	entry4_SOFA_D3__PH_pass	CLTC
PI3K_AKT_MTOR_SIGNALING	entry4_SOFA_D3__PH_pass	IL2RG
PI3K_AKT_MTOR_SIGNALING	entry4_SOFA_D3__PH_pass	E2F1
PI3K_AKT_MTOR_SIGNALING	entry4_SOFA_D3__PH_pass	PFN1
PI3K_AKT_MTOR_SIGNALING	entry4_SOFA_D3__PH_pass	ITPR2
PI3K_AKT_MTOR_SIGNALING	entry4_SOFA_D3__PH_pass	NFKBIB
PI3K_AKT_MTOR_SIGNALING	entry4_SOFA_D3__PH_pass	AP2M1
PROTEIN_SECRETION	entry4_SOFA_D3__PH_pass	KIF1B
PROTEIN_SECRETION	entry4_SOFA_D3__PH_pass	MAPK1
PROTEIN_SECRETION	entry4_SOFA_D3__PH_pass	IGF2R
PROTEIN_SECRETION	entry4_SOFA_D3__PH_pass	RPS6KA3
PROTEIN_SECRETION	entry4_SOFA_D3__PH_pass	STX16
PROTEIN_SECRETION	entry4_SOFA_D3__PH_pass	GNAS
PROTEIN_SECRETION	entry4_SOFA_D3__PH_pass	AP2B1
PROTEIN_SECRETION	entry4_SOFA_D3__PH_pass	CD63
PROTEIN_SECRETION	entry4_SOFA_D3__PH_pass	GLA
PROTEIN_SECRETION	entry4_SOFA_D3__PH_pass	PAM
PROTEIN_SECRETION	entry4_SOFA_D3__PH_pass	ARFGEF1
PROTEIN_SECRETION	entry4_SOFA_D3__PH_pass	RAB5A
PROTEIN_SECRETION	entry4_SOFA_D3__PH_pass	STX7
PROTEIN_SECRETION	entry4_SOFA_D3__PH_pass	LAMP2
PROTEIN_SECRETION	entry4_SOFA_D3__PH_pass	VAMP3
PROTEIN_SECRETION	entry4_SOFA_D3__PH_pass	AP1G1
PROTEIN_SECRETION	entry4_SOFA_D3__PH_pass	ARF1
PROTEIN_SECRETION	entry4_SOFA_D3__PH_pass	CLTC
PROTEIN_SECRETION	entry4_SOFA_D3__PH_pass	SEC22B
PROTEIN_SECRETION	entry4_SOFA_D3__PH_pass	STAM
PROTEIN_SECRETION	entry4_SOFA_D3__PH_pass	AP3S1
PROTEIN_SECRETION	entry4_SOFA_D3__PH_pass	RAB2A
PROTEIN_SECRETION	entry4_SOFA_D3__PH_pass	AP2M1
PROTEIN_SECRETION	entry4_SOFA_D3__PH_pass	RAB14
PROTEIN_SECRETION	entry4_SOFA_D3__PH_pass	CLN5
PROTEIN_SECRETION	entry4_SOFA_D3__PH_pass	ARFGAP3
PROTEIN_SECRETION	entry4_SOFA_D3__PH_pass	ATP6V1H
PROTEIN_SECRETION	entry4_SOFA_D3__PH_pass	NAPA
PROTEIN_SECRETION	entry4_SOFA_D3__PH_pass	VPS4B
PROTEIN_SECRETION	entry4_SOFA_D3__PH_pass	ABCA1
PROTEIN_SECRETION	entry4_SOFA_D3__PH_pass	PPT1
PROTEIN_SECRETION	entry4_SOFA_D3__PH_pass	ATP7A
PROTEIN_SECRETION	entry4_SOFA_D3__PH_pass	AP2S1
PROTEIN_SECRETION	entry4_SOFA_D3__PH_pass	SNAP23
REACTIVE_OXYGEN_SPECIES_PATHWAY	entry4_SOFA_D3__PH_pass	GCLM
REACTIVE_OXYGEN_SPECIES_PATHWAY	entry4_SOFA_D3__PH_pass	GSR
REACTIVE_OXYGEN_SPECIES_PATHWAY	entry4_SOFA_D3__PH_pass	FES
REACTIVE_OXYGEN_SPECIES_PATHWAY	entry4_SOFA_D3__PH_pass	MSRA
REACTIVE_OXYGEN_SPECIES_PATHWAY	entry4_SOFA_D3__PH_pass	MBP
REACTIVE_OXYGEN_SPECIES_PATHWAY	entry4_SOFA_D3__PH_pass	SBNO2
REACTIVE_OXYGEN_SPECIES_PATHWAY	entry4_SOFA_D3__PH_pass	CDKN2D
REACTIVE_OXYGEN_SPECIES_PATHWAY	entry4_SOFA_D3__PH_pass	G6PD
REACTIVE_OXYGEN_SPECIES_PATHWAY	entry4_SOFA_D3__PH_pass	OXSR1
REACTIVE_OXYGEN_SPECIES_PATHWAY	entry4_SOFA_D3__PH_pass	TXNRD1
REACTIVE_OXYGEN_SPECIES_PATHWAY	entry4_SOFA_D3__PH_pass	SRXN1
REACTIVE_OXYGEN_SPECIES_PATHWAY	entry4_SOFA_D3__PH_pass	LAMTOR5
REACTIVE_OXYGEN_SPECIES_PATHWAY	entry4_SOFA_D3__PH_pass	TXN
REACTIVE_OXYGEN_SPECIES_PATHWAY	entry4_SOFA_D3__PH_pass	NQO1
REACTIVE_OXYGEN_SPECIES_PATHWAY	entry4_SOFA_D3__PH_pass	FTL
REACTIVE_OXYGEN_SPECIES_PATHWAY	entry4_SOFA_D3__PH_pass	JUNB
REACTIVE_OXYGEN_SPECIES_PATHWAY	entry4_SOFA_D3__PH_pass	EGLN2
REACTIVE_OXYGEN_SPECIES_PATHWAY	entry4_SOFA_D3__PH_pass	LSP1
REACTIVE_OXYGEN_SPECIES_PATHWAY	entry4_SOFA_D3__PH_pass	GPX3
REACTIVE_OXYGEN_SPECIES_PATHWAY	entry4_SOFA_D3__PH_pass	PRDX6
SPERMATOGENESIS	entry4_SOFA_D3__PH_pass	PGS1
SPERMATOGENESIS	entry4_SOFA_D3__PH_pass	AGFG1
SPERMATOGENESIS	entry4_SOFA_D3__PH_pass	TLE4
SPERMATOGENESIS	entry4_SOFA_D3__PH_pass	PRKAR2A
SPERMATOGENESIS	entry4_SOFA_D3__PH_pass	CCNA1
SPERMATOGENESIS	entry4_SOFA_D3__PH_pass	CLVS1
SPERMATOGENESIS	entry4_SOFA_D3__PH_pass	BRAF
SPERMATOGENESIS	entry4_SOFA_D3__PH_pass	IP6K1
SPERMATOGENESIS	entry4_SOFA_D3__PH_pass	TALDO1
SPERMATOGENESIS	entry4_SOFA_D3__PH_pass	PHF7
SPERMATOGENESIS	entry4_SOFA_D3__PH_pass	SHE
SPERMATOGENESIS	entry4_SOFA_D3__PH_pass	H1-6
SPERMATOGENESIS	entry4_SOFA_D3__PH_pass	CHFR
SPERMATOGENESIS	entry4_SOFA_D3__PH_pass	GMCL1
SPERMATOGENESIS	entry4_SOFA_D3__PH_pass	TTK
TGF_BETA_SIGNALING	entry4_SOFA_D3__PH_pass	FKBP1A
TGF_BETA_SIGNALING	entry4_SOFA_D3__PH_pass	RAB31
TGF_BETA_SIGNALING	entry4_SOFA_D3__PH_pass	FURIN
TGF_BETA_SIGNALING	entry4_SOFA_D3__PH_pass	HIPK2
TGF_BETA_SIGNALING	entry4_SOFA_D3__PH_pass	IFNGR2
TGF_BETA_SIGNALING	entry4_SOFA_D3__PH_pass	SPTBN1
TGF_BETA_SIGNALING	entry4_SOFA_D3__PH_pass	TGFBR1
TGF_BETA_SIGNALING	entry4_SOFA_D3__PH_pass	SERPINE1
TGF_BETA_SIGNALING	entry4_SOFA_D3__PH_pass	PPP1R15A
TGF_BETA_SIGNALING	entry4_SOFA_D3__PH_pass	TGFB1
TGF_BETA_SIGNALING	entry4_SOFA_D3__PH_pass	SKI
TGF_BETA_SIGNALING	entry4_SOFA_D3__PH_pass	SMAD1
TGF_BETA_SIGNALING	entry4_SOFA_D3__PH_pass	CTNNB1
TGF_BETA_SIGNALING	entry4_SOFA_D3__PH_pass	UBE2D3
TGF_BETA_SIGNALING	entry4_SOFA_D3__PH_pass	THBS1
TGF_BETA_SIGNALING	entry4_SOFA_D3__PH_pass	XIAP
TGF_BETA_SIGNALING	entry4_SOFA_D3__PH_pass	PPM1A
TGF_BETA_SIGNALING	entry4_SOFA_D3__PH_pass	SMURF1
TGF_BETA_SIGNALING	entry4_SOFA_D3__PH_pass	JUNB
TGF_BETA_SIGNALING	entry4_SOFA_D3__PH_pass	RHOA
TNFA_SIGNALING_VIA_NFKB	entry4_SOFA_D3__PH_pass	BCL6
TNFA_SIGNALING_VIA_NFKB	entry4_SOFA_D3__PH_pass	GADD45A
TNFA_SIGNALING_VIA_NFKB	entry4_SOFA_D3__PH_pass	PFKFB3
TNFA_SIGNALING_VIA_NFKB	entry4_SOFA_D3__PH_pass	ETS2
TNFA_SIGNALING_VIA_NFKB	entry4_SOFA_D3__PH_pass	FOSL2
TNFA_SIGNALING_VIA_NFKB	entry4_SOFA_D3__PH_pass	CFLAR
TNFA_SIGNALING_VIA_NFKB	entry4_SOFA_D3__PH_pass	SLC2A3
TNFA_SIGNALING_VIA_NFKB	entry4_SOFA_D3__PH_pass	B4GALT5
TNFA_SIGNALING_VIA_NFKB	entry4_SOFA_D3__PH_pass	NFIL3
TNFA_SIGNALING_VIA_NFKB	entry4_SOFA_D3__PH_pass	IRS2
TNFA_SIGNALING_VIA_NFKB	entry4_SOFA_D3__PH_pass	SOCS3
TNFA_SIGNALING_VIA_NFKB	entry4_SOFA_D3__PH_pass	DRAM1
TNFA_SIGNALING_VIA_NFKB	entry4_SOFA_D3__PH_pass	LITAF
TNFA_SIGNALING_VIA_NFKB	entry4_SOFA_D3__PH_pass	PTPRE
TNFA_SIGNALING_VIA_NFKB	entry4_SOFA_D3__PH_pass	MXD1
TNFA_SIGNALING_VIA_NFKB	entry4_SOFA_D3__PH_pass	IFNGR2
TNFA_SIGNALING_VIA_NFKB	entry4_SOFA_D3__PH_pass	KLF6
TNFA_SIGNALING_VIA_NFKB	entry4_SOFA_D3__PH_pass	KLF9
TNFA_SIGNALING_VIA_NFKB	entry4_SOFA_D3__PH_pass	RCAN1
TNFA_SIGNALING_VIA_NFKB	entry4_SOFA_D3__PH_pass	NFKB1
TNFA_SIGNALING_VIA_NFKB	entry4_SOFA_D3__PH_pass	TIPARP
TNFA_SIGNALING_VIA_NFKB	entry4_SOFA_D3__PH_pass	MAP2K3
TNFA_SIGNALING_VIA_NFKB	entry4_SOFA_D3__PH_pass	NFKBIA
TNFA_SIGNALING_VIA_NFKB	entry4_SOFA_D3__PH_pass	TNIP1
TNFA_SIGNALING_VIA_NFKB	entry4_SOFA_D3__PH_pass	LDLR
TNFA_SIGNALING_VIA_NFKB	entry4_SOFA_D3__PH_pass	DENND5A
TNFA_SIGNALING_VIA_NFKB	entry4_SOFA_D3__PH_pass	EHD1
TNFA_SIGNALING_VIA_NFKB	entry4_SOFA_D3__PH_pass	CD44
TNFA_SIGNALING_VIA_NFKB	entry4_SOFA_D3__PH_pass	F2RL1
TNFA_SIGNALING_VIA_NFKB	entry4_SOFA_D3__PH_pass	BCL3
TNFA_SIGNALING_VIA_NFKB	entry4_SOFA_D3__PH_pass	PER1
TNFA_SIGNALING_VIA_NFKB	entry4_SOFA_D3__PH_pass	RNF19B
TNFA_SIGNALING_VIA_NFKB	entry4_SOFA_D3__PH_pass	CSF1
TNFA_SIGNALING_VIA_NFKB	entry4_SOFA_D3__PH_pass	PNRC1
TNFA_SIGNALING_VIA_NFKB	entry4_SOFA_D3__PH_pass	MAP3K8
TNFA_SIGNALING_VIA_NFKB	entry4_SOFA_D3__PH_pass	SERPINE1
TNFA_SIGNALING_VIA_NFKB	entry4_SOFA_D3__PH_pass	PPP1R15A
TNFA_SIGNALING_VIA_NFKB	entry4_SOFA_D3__PH_pass	ZC3H12A
TNFA_SIGNALING_VIA_NFKB	entry4_SOFA_D3__PH_pass	CEBPB
TNFA_SIGNALING_VIA_NFKB	entry4_SOFA_D3__PH_pass	CEBPD
TNFA_SIGNALING_VIA_NFKB	entry4_SOFA_D3__PH_pass	KDM6B
TNFA_SIGNALING_VIA_NFKB	entry4_SOFA_D3__PH_pass	AREG
TNFA_SIGNALING_VIA_NFKB	entry4_SOFA_D3__PH_pass	TNFAIP3
TNFA_SIGNALING_VIA_NFKB	entry4_SOFA_D3__PH_pass	B4GALT1
TNFA_SIGNALING_VIA_NFKB	entry4_SOFA_D3__PH_pass	NFE2L2
TNFA_SIGNALING_VIA_NFKB	entry4_SOFA_D3__PH_pass	JAG1
TNFA_SIGNALING_VIA_NFKB	entry4_SOFA_D3__PH_pass	IER3
TNFA_SIGNALING_VIA_NFKB	entry4_SOFA_D3__PH_pass	DUSP1
TNFA_SIGNALING_VIA_NFKB	entry4_SOFA_D3__PH_pass	TRIB1
TNFA_SIGNALING_VIA_NFKB	entry4_SOFA_D3__PH_pass	STAT5A
TNFA_SIGNALING_VIA_NFKB	entry4_SOFA_D3__PH_pass	MARCKS
TNFA_SIGNALING_VIA_NFKB	entry4_SOFA_D3__PH_pass	ICAM1
TNFA_SIGNALING_VIA_NFKB	entry4_SOFA_D3__PH_pass	NFAT5
TNFA_SIGNALING_VIA_NFKB	entry4_SOFA_D3__PH_pass	TUBB2A
TNFA_SIGNALING_VIA_NFKB	entry4_SOFA_D3__PH_pass	TNIP2
TNFA_SIGNALING_VIA_NFKB	entry4_SOFA_D3__PH_pass	TAP1
TNFA_SIGNALING_VIA_NFKB	entry4_SOFA_D3__PH_pass	REL
TNFA_SIGNALING_VIA_NFKB	entry4_SOFA_D3__PH_pass	IRF1
TNFA_SIGNALING_VIA_NFKB	entry4_SOFA_D3__PH_pass	JUNB
TNFA_SIGNALING_VIA_NFKB	entry4_SOFA_D3__PH_pass	ZFP36
UNFOLDED_PROTEIN_RESPONSE	entry4_SOFA_D3__PH_pass	NPM1
UNFOLDED_PROTEIN_RESPONSE	entry4_SOFA_D3__PH_pass	IMP3
UNFOLDED_PROTEIN_RESPONSE	entry4_SOFA_D3__PH_pass	NOP56
UNFOLDED_PROTEIN_RESPONSE	entry4_SOFA_D3__PH_pass	EXOSC2
UNFOLDED_PROTEIN_RESPONSE	entry4_SOFA_D3__PH_pass	EIF2AK3
UNFOLDED_PROTEIN_RESPONSE	entry4_SOFA_D3__PH_pass	HSPA9
UNFOLDED_PROTEIN_RESPONSE	entry4_SOFA_D3__PH_pass	EXOSC9
UNFOLDED_PROTEIN_RESPONSE	entry4_SOFA_D3__PH_pass	SPCS1
UNFOLDED_PROTEIN_RESPONSE	entry4_SOFA_D3__PH_pass	HSP90B1
UNFOLDED_PROTEIN_RESPONSE	entry4_SOFA_D3__PH_pass	EIF2S1
UNFOLDED_PROTEIN_RESPONSE	entry4_SOFA_D3__PH_pass	RPS14
UNFOLDED_PROTEIN_RESPONSE	entry4_SOFA_D3__PH_pass	PDIA6
UNFOLDED_PROTEIN_RESPONSE	entry4_SOFA_D3__PH_pass	IARS1
UNFOLDED_PROTEIN_RESPONSE	entry4_SOFA_D3__PH_pass	CEBPG
UNFOLDED_PROTEIN_RESPONSE	entry4_SOFA_D3__PH_pass	SKIC3
UNFOLDED_PROTEIN_RESPONSE	entry4_SOFA_D3__PH_pass	SLC30A5
UNFOLDED_PROTEIN_RESPONSE	entry4_SOFA_D3__PH_pass	DNAJB9
UNFOLDED_PROTEIN_RESPONSE	entry4_SOFA_D3__PH_pass	LSM4
UNFOLDED_PROTEIN_RESPONSE	entry4_SOFA_D3__PH_pass	SRPRB
UNFOLDED_PROTEIN_RESPONSE	entry4_SOFA_D3__PH_pass	EIF4A2
UNFOLDED_PROTEIN_RESPONSE	entry4_SOFA_D3__PH_pass	MTREX
UNFOLDED_PROTEIN_RESPONSE	entry4_SOFA_D3__PH_pass	WFS1
UNFOLDED_PROTEIN_RESPONSE	entry4_SOFA_D3__PH_pass	BANF1
UNFOLDED_PROTEIN_RESPONSE	entry4_SOFA_D3__PH_pass	SEC11A
UNFOLDED_PROTEIN_RESPONSE	entry4_SOFA_D3__PH_pass	RRP9
UNFOLDED_PROTEIN_RESPONSE	entry4_SOFA_D3__PH_pass	SSR1
UNFOLDED_PROTEIN_RESPONSE	entry4_SOFA_D3__PH_pass	EIF4EBP1
UNFOLDED_PROTEIN_RESPONSE	entry4_SOFA_D3__PH_pass	FUS
UNFOLDED_PROTEIN_RESPONSE	entry4_SOFA_D3__PH_pass	BAG3
UNFOLDED_PROTEIN_RESPONSE	entry4_SOFA_D3__PH_pass	DDX10
UNFOLDED_PROTEIN_RESPONSE	entry4_SOFA_D3__PH_pass	EIF4A1
UNFOLDED_PROTEIN_RESPONSE	entry4_SOFA_D3__PH_pass	HYOU1
UNFOLDED_PROTEIN_RESPONSE	entry4_SOFA_D3__PH_pass	EXOC2
UNFOLDED_PROTEIN_RESPONSE	entry4_SOFA_D3__PH_pass	NOLC1
UNFOLDED_PROTEIN_RESPONSE	entry4_SOFA_D3__PH_pass	YIF1A
UNFOLDED_PROTEIN_RESPONSE	entry4_SOFA_D3__PH_pass	ALDH18A1
UNFOLDED_PROTEIN_RESPONSE	entry4_SOFA_D3__PH_pass	SPCS3
UNFOLDED_PROTEIN_RESPONSE	entry4_SOFA_D3__PH_pass	NOP14
UNFOLDED_PROTEIN_RESPONSE	entry4_SOFA_D3__PH_pass	FKBP14
UNFOLDED_PROTEIN_RESPONSE	entry4_SOFA_D3__PH_pass	XBP1
UNFOLDED_PROTEIN_RESPONSE	entry4_SOFA_D3__PH_pass	CNOT2
UNFOLDED_PROTEIN_RESPONSE	entry4_SOFA_D3__PH_pass	EDEM1
UNFOLDED_PROTEIN_RESPONSE	entry4_SOFA_D3__PH_pass	SDAD1
UNFOLDED_PROTEIN_RESPONSE	entry4_SOFA_D3__PH_pass	CKS1B
UNFOLDED_PROTEIN_RESPONSE	entry4_SOFA_D3__PH_pass	CALR
UNFOLDED_PROTEIN_RESPONSE	entry4_SOFA_D3__PH_pass	EEF2
UNFOLDED_PROTEIN_RESPONSE	entry4_SOFA_D3__PH_pass	NHP2
UNFOLDED_PROTEIN_RESPONSE	entry4_SOFA_D3__PH_pass	GOSR2
UNFOLDED_PROTEIN_RESPONSE	entry4_SOFA_D3__PH_pass	EXOSC1
UNFOLDED_PROTEIN_RESPONSE	entry4_SOFA_D3__PH_pass	XPOT
UNFOLDED_PROTEIN_RESPONSE	entry4_SOFA_D3__PH_pass	MTHFD2
UNFOLDED_PROTEIN_RESPONSE	entry4_SOFA_D3__PH_pass	NFYB
UNFOLDED_PROTEIN_RESPONSE	entry4_SOFA_D3__PH_pass	KHSRP
UNFOLDED_PROTEIN_RESPONSE	entry4_SOFA_D3__PH_pass	HSPA5
UNFOLDED_PROTEIN_RESPONSE	entry4_SOFA_D3__PH_pass	TSPYL2
UNFOLDED_PROTEIN_RESPONSE	entry4_SOFA_D3__PH_pass	PREB
UNFOLDED_PROTEIN_RESPONSE	entry4_SOFA_D3__PH_pass	CXXC1
UNFOLDED_PROTEIN_RESPONSE	entry4_SOFA_D3__PH_pass	PARN
UNFOLDED_PROTEIN_RESPONSE	entry4_SOFA_D3__PH_pass	DKC1
UNFOLDED_PROTEIN_RESPONSE	entry4_SOFA_D3__PH_pass	GEMIN4
UNFOLDED_PROTEIN_RESPONSE	entry4_SOFA_D3__PH_pass	SERP1
UV_RESPONSE_DN	entry4_SOFA_D3__PH_pass	MAPK14
UV_RESPONSE_DN	entry4_SOFA_D3__PH_pass	ATP2B4
UV_RESPONSE_DN	entry4_SOFA_D3__PH_pass	IGF1R
UV_RESPONSE_DN	entry4_SOFA_D3__PH_pass	ATXN1
UV_RESPONSE_DN	entry4_SOFA_D3__PH_pass	SYNE1
UV_RESPONSE_DN	entry4_SOFA_D3__PH_pass	DYRK1A
UV_RESPONSE_DN	entry4_SOFA_D3__PH_pass	WDR37
UV_RESPONSE_DN	entry4_SOFA_D3__PH_pass	NFKB1
UV_RESPONSE_DN	entry4_SOFA_D3__PH_pass	PTEN
UV_RESPONSE_DN	entry4_SOFA_D3__PH_pass	LDLR
UV_RESPONSE_DN	entry4_SOFA_D3__PH_pass	GCNT1
UV_RESPONSE_DN	entry4_SOFA_D3__PH_pass	CELF2
UV_RESPONSE_DN	entry4_SOFA_D3__PH_pass	SCN8A
UV_RESPONSE_DN	entry4_SOFA_D3__PH_pass	PPARG
UV_RESPONSE_DN	entry4_SOFA_D3__PH_pass	RXRA
UV_RESPONSE_DN	entry4_SOFA_D3__PH_pass	NR3C1
UV_RESPONSE_DN	entry4_SOFA_D3__PH_pass	RASA2
UV_RESPONSE_DN	entry4_SOFA_D3__PH_pass	PIK3CD
UV_RESPONSE_DN	entry4_SOFA_D3__PH_pass	SERPINE1
UV_RESPONSE_DN	entry4_SOFA_D3__PH_pass	TGFBR2
UV_RESPONSE_DN	entry4_SOFA_D3__PH_pass	FHL2
UV_RESPONSE_DN	entry4_SOFA_D3__PH_pass	SCAF8
UV_RESPONSE_DN	entry4_SOFA_D3__PH_pass	DUSP1
UV_RESPONSE_DN	entry4_SOFA_D3__PH_pass	APBB2
UV_RESPONSE_DN	entry4_SOFA_D3__PH_pass	CDC42BPA
UV_RESPONSE_DN	entry4_SOFA_D3__PH_pass	PTGFR
UV_RESPONSE_DN	entry4_SOFA_D3__PH_pass	PRDM2
UV_RESPONSE_DN	entry4_SOFA_D3__PH_pass	TFPI
UV_RESPONSE_DN	entry4_SOFA_D3__PH_pass	CACNA1A
UV_RESPONSE_UP	entry4_SOFA_D3__PH_pass	CCND3
UV_RESPONSE_UP	entry4_SOFA_D3__PH_pass	ARRB2
UV_RESPONSE_UP	entry4_SOFA_D3__PH_pass	ATP6V1C1
UV_RESPONSE_UP	entry4_SOFA_D3__PH_pass	GRINA
UV_RESPONSE_UP	entry4_SOFA_D3__PH_pass	PRKCD
UV_RESPONSE_UP	entry4_SOFA_D3__PH_pass	TUBA4A
UV_RESPONSE_UP	entry4_SOFA_D3__PH_pass	ALAS1
UV_RESPONSE_UP	entry4_SOFA_D3__PH_pass	FURIN
UV_RESPONSE_UP	entry4_SOFA_D3__PH_pass	LYN
UV_RESPONSE_UP	entry4_SOFA_D3__PH_pass	MAOA
UV_RESPONSE_UP	entry4_SOFA_D3__PH_pass	NFKBIA
UV_RESPONSE_UP	entry4_SOFA_D3__PH_pass	RAB27A
UV_RESPONSE_UP	entry4_SOFA_D3__PH_pass	AGO2
UV_RESPONSE_UP	entry4_SOFA_D3__PH_pass	MARK2
UV_RESPONSE_UP	entry4_SOFA_D3__PH_pass	CHKA
UV_RESPONSE_UP	entry4_SOFA_D3__PH_pass	ACAA1
UV_RESPONSE_UP	entry4_SOFA_D3__PH_pass	NUP58
UV_RESPONSE_UP	entry4_SOFA_D3__PH_pass	GRPEL1
UV_RESPONSE_UP	entry4_SOFA_D3__PH_pass	ALDOA
UV_RESPONSE_UP	entry4_SOFA_D3__PH_pass	CA2
UV_RESPONSE_UP	entry4_SOFA_D3__PH_pass	ICAM1
UV_RESPONSE_UP	entry4_SOFA_D3__PH_pass	PDAP1
UV_RESPONSE_UP	entry4_SOFA_D3__PH_pass	TAP1
UV_RESPONSE_UP	entry4_SOFA_D3__PH_pass	IRF1
UV_RESPONSE_UP	entry4_SOFA_D3__PH_pass	CDC34
UV_RESPONSE_UP	entry4_SOFA_D3__PH_pass	JUNB
UV_RESPONSE_UP	entry4_SOFA_D3__PH_pass	PRKACA
UV_RESPONSE_UP	entry4_SOFA_D3__PH_pass	STARD3
UV_RESPONSE_UP	entry4_SOFA_D3__PH_pass	GPX3
UV_RESPONSE_UP	entry4_SOFA_D3__PH_pass	APOM
WNT_BETA_CATENIN_SIGNALING	entry4_SOFA_D3__PH_pass	RBPJ
WNT_BETA_CATENIN_SIGNALING	entry4_SOFA_D3__PH_pass	NUMB
WNT_BETA_CATENIN_SIGNALING	entry4_SOFA_D3__PH_pass	ADAM17
WNT_BETA_CATENIN_SIGNALING	entry4_SOFA_D3__PH_pass	FRAT1
WNT_BETA_CATENIN_SIGNALING	entry4_SOFA_D3__PH_pass	JAG1
WNT_BETA_CATENIN_SIGNALING	entry4_SOFA_D3__PH_pass	CTNNB1
WNT_BETA_CATENIN_SIGNALING	entry4_SOFA_D3__PH_pass	NCSTN
WNT_BETA_CATENIN_SIGNALING	entry4_SOFA_D3__PH_pass	NKD1
WNT_BETA_CATENIN_SIGNALING	entry4_SOFA_D3__PH_pass	NOTCH1
XENOBIOTIC_METABOLISM	entry4_SOFA_D3__PH_pass	UPP1
XENOBIOTIC_METABOLISM	entry4_SOFA_D3__PH_pass	PGD
XENOBIOTIC_METABOLISM	entry4_SOFA_D3__PH_pass	IL1R1
XENOBIOTIC_METABOLISM	entry4_SOFA_D3__PH_pass	ETS2
XENOBIOTIC_METABOLISM	entry4_SOFA_D3__PH_pass	GSR
XENOBIOTIC_METABOLISM	entry4_SOFA_D3__PH_pass	POR
XENOBIOTIC_METABOLISM	entry4_SOFA_D3__PH_pass	DDAH2
XENOBIOTIC_METABOLISM	entry4_SOFA_D3__PH_pass	TPST1
XENOBIOTIC_METABOLISM	entry4_SOFA_D3__PH_pass	ALAS1
XENOBIOTIC_METABOLISM	entry4_SOFA_D3__PH_pass	ACOX1
XENOBIOTIC_METABOLISM	entry4_SOFA_D3__PH_pass	ARG1
XENOBIOTIC_METABOLISM	entry4_SOFA_D3__PH_pass	TNFRSF1A
XENOBIOTIC_METABOLISM	entry4_SOFA_D3__PH_pass	LPIN2
XENOBIOTIC_METABOLISM	entry4_SOFA_D3__PH_pass	SLC6A6
XENOBIOTIC_METABOLISM	entry4_SOFA_D3__PH_pass	MAOA
XENOBIOTIC_METABOLISM	entry4_SOFA_D3__PH_pass	AQP9
XENOBIOTIC_METABOLISM	entry4_SOFA_D3__PH_pass	PINK1
XENOBIOTIC_METABOLISM	entry4_SOFA_D3__PH_pass	VNN1
XENOBIOTIC_METABOLISM	entry4_SOFA_D3__PH_pass	UPB1
XENOBIOTIC_METABOLISM	entry4_SOFA_D3__PH_pass	CDA
XENOBIOTIC_METABOLISM	entry4_SOFA_D3__PH_pass	SLC46A3
XENOBIOTIC_METABOLISM	entry4_SOFA_D3__PH_pass	ESR1
XENOBIOTIC_METABOLISM	entry4_SOFA_D3__PH_pass	MARCHF6
XENOBIOTIC_METABOLISM	entry4_SOFA_D3__PH_pass	SERPINE1
XENOBIOTIC_METABOLISM	entry4_SOFA_D3__PH_pass	ABCC2
XENOBIOTIC_METABOLISM	entry4_SOFA_D3__PH_pass	SMOX
XENOBIOTIC_METABOLISM	entry4_SOFA_D3__PH_pass	GABARAPL1
XENOBIOTIC_METABOLISM	entry4_SOFA_D3__PH_pass	SLC22A1
XENOBIOTIC_METABOLISM	entry4_SOFA_D3__PH_pass	ITIH4
XENOBIOTIC_METABOLISM	entry4_SOFA_D3__PH_pass	RAP1GAP
XENOBIOTIC_METABOLISM	entry4_SOFA_D3__PH_pass	CA2
XENOBIOTIC_METABOLISM	entry4_SOFA_D3__PH_pass	CSAD
XENOBIOTIC_METABOLISM	entry4_SOFA_D3__PH_pass	NQO1
ADIPOGENESIS	entry4_SOFA_noD3__all_valid	BCL6
ADIPOGENESIS	entry4_SOFA_noD3__all_valid	PFKFB3
ADIPOGENESIS	entry4_SOFA_noD3__all_valid	GADD45A
ADIPOGENESIS	entry4_SOFA_noD3__all_valid	POR
ADIPOGENESIS	entry4_SOFA_noD3__all_valid	RTN3
ADIPOGENESIS	entry4_SOFA_noD3__all_valid	ACOX1
ADIPOGENESIS	entry4_SOFA_noD3__all_valid	SQOR
ADIPOGENESIS	entry4_SOFA_noD3__all_valid	ITGA7
ADIPOGENESIS	entry4_SOFA_noD3__all_valid	CCNG2
ADIPOGENESIS	entry4_SOFA_noD3__all_valid	GPAT4
ADIPOGENESIS	entry4_SOFA_noD3__all_valid	STOM
ADIPOGENESIS	entry4_SOFA_noD3__all_valid	ELMOD3
ADIPOGENESIS	entry4_SOFA_noD3__all_valid	IFNGR1
ADIPOGENESIS	entry4_SOFA_noD3__all_valid	PGM1
ADIPOGENESIS	entry4_SOFA_noD3__all_valid	LPCAT3
ADIPOGENESIS	entry4_SOFA_noD3__all_valid	TOB1
ADIPOGENESIS	entry4_SOFA_noD3__all_valid	DHRS7B
ADIPOGENESIS	entry4_SOFA_noD3__all_valid	DHCR7
ADIPOGENESIS	entry4_SOFA_noD3__all_valid	PPARG
ADIPOGENESIS	entry4_SOFA_noD3__all_valid	PPM1B
ADIPOGENESIS	entry4_SOFA_noD3__all_valid	ORM1
ADIPOGENESIS	entry4_SOFA_noD3__all_valid	TALDO1
ADIPOGENESIS	entry4_SOFA_noD3__all_valid	GBE1
ADIPOGENESIS	entry4_SOFA_noD3__all_valid	STAT5A
ADIPOGENESIS	entry4_SOFA_noD3__all_valid	CDKN2C
ADIPOGENESIS	entry4_SOFA_noD3__all_valid	GRPEL1
ADIPOGENESIS	entry4_SOFA_noD3__all_valid	TKT
ADIPOGENESIS	entry4_SOFA_noD3__all_valid	NABP1
ADIPOGENESIS	entry4_SOFA_noD3__all_valid	ALDOA
ADIPOGENESIS	entry4_SOFA_noD3__all_valid	CHUK
ALLOGRAFT_REJECTION	entry4_SOFA_noD3__all_valid	RPS3A
ALLOGRAFT_REJECTION	entry4_SOFA_noD3__all_valid	HLA-DRA
ALLOGRAFT_REJECTION	entry4_SOFA_noD3__all_valid	NPM1
ALLOGRAFT_REJECTION	entry4_SOFA_noD3__all_valid	ABCE1
ALLOGRAFT_REJECTION	entry4_SOFA_noD3__all_valid	EIF3A
ALLOGRAFT_REJECTION	entry4_SOFA_noD3__all_valid	HLA-DMB
ALLOGRAFT_REJECTION	entry4_SOFA_noD3__all_valid	ITK
ALLOGRAFT_REJECTION	entry4_SOFA_noD3__all_valid	HLA-DMA
ALLOGRAFT_REJECTION	entry4_SOFA_noD3__all_valid	RPL9
ALLOGRAFT_REJECTION	entry4_SOFA_noD3__all_valid	LY75
ALLOGRAFT_REJECTION	entry4_SOFA_noD3__all_valid	CD3D
ALLOGRAFT_REJECTION	entry4_SOFA_noD3__all_valid	SIT1
ALLOGRAFT_REJECTION	entry4_SOFA_noD3__all_valid	HLA-DOA
ALLOGRAFT_REJECTION	entry4_SOFA_noD3__all_valid	TRAT1
ALLOGRAFT_REJECTION	entry4_SOFA_noD3__all_valid	CD3G
ALLOGRAFT_REJECTION	entry4_SOFA_noD3__all_valid	CTSS
ALLOGRAFT_REJECTION	entry4_SOFA_noD3__all_valid	DARS1
ALLOGRAFT_REJECTION	entry4_SOFA_noD3__all_valid	CD86
ALLOGRAFT_REJECTION	entry4_SOFA_noD3__all_valid	CD40LG
ALLOGRAFT_REJECTION	entry4_SOFA_noD3__all_valid	CD28
ALLOGRAFT_REJECTION	entry4_SOFA_noD3__all_valid	ETS1
ALLOGRAFT_REJECTION	entry4_SOFA_noD3__all_valid	CD4
ALLOGRAFT_REJECTION	entry4_SOFA_noD3__all_valid	RPL39
ALLOGRAFT_REJECTION	entry4_SOFA_noD3__all_valid	EIF3D
ALLOGRAFT_REJECTION	entry4_SOFA_noD3__all_valid	UBE2N
ALLOGRAFT_REJECTION	entry4_SOFA_noD3__all_valid	IL7
ALLOGRAFT_REJECTION	entry4_SOFA_noD3__all_valid	LY86
ALLOGRAFT_REJECTION	entry4_SOFA_noD3__all_valid	CD74
ALLOGRAFT_REJECTION	entry4_SOFA_noD3__all_valid	LCK
ALLOGRAFT_REJECTION	entry4_SOFA_noD3__all_valid	CD8B
ALLOGRAFT_REJECTION	entry4_SOFA_noD3__all_valid	CCND2
ALLOGRAFT_REJECTION	entry4_SOFA_noD3__all_valid	IRF4
ALLOGRAFT_REJECTION	entry4_SOFA_noD3__all_valid	RPS19
ALLOGRAFT_REJECTION	entry4_SOFA_noD3__all_valid	IRF8
ALLOGRAFT_REJECTION	entry4_SOFA_noD3__all_valid	TNF
ALLOGRAFT_REJECTION	entry4_SOFA_noD3__all_valid	CD8A
ALLOGRAFT_REJECTION	entry4_SOFA_noD3__all_valid	CD2
ALLOGRAFT_REJECTION	entry4_SOFA_noD3__all_valid	HLA-DQA1
ALLOGRAFT_REJECTION	entry4_SOFA_noD3__all_valid	FCGR2B
ALLOGRAFT_REJECTION	entry4_SOFA_noD3__all_valid	CD3E
ALLOGRAFT_REJECTION	entry4_SOFA_noD3__all_valid	CCR2
ALLOGRAFT_REJECTION	entry4_SOFA_noD3__all_valid	CD79A
ALLOGRAFT_REJECTION	entry4_SOFA_noD3__all_valid	ZAP70
ALLOGRAFT_REJECTION	entry4_SOFA_noD3__all_valid	IL15
ANDROGEN_RESPONSE	entry4_SOFA_noD3__all_valid	NDRG1
ANDROGEN_RESPONSE	entry4_SOFA_noD3__all_valid	CAMKK2
ANDROGEN_RESPONSE	entry4_SOFA_noD3__all_valid	CCND3
ANDROGEN_RESPONSE	entry4_SOFA_noD3__all_valid	GSR
ANDROGEN_RESPONSE	entry4_SOFA_noD3__all_valid	HPGD
ANDROGEN_RESPONSE	entry4_SOFA_noD3__all_valid	IDI1
ANDROGEN_RESPONSE	entry4_SOFA_noD3__all_valid	ACTN1
ANDROGEN_RESPONSE	entry4_SOFA_noD3__all_valid	FKBP5
ANDROGEN_RESPONSE	entry4_SOFA_noD3__all_valid	PTK2B
ANDROGEN_RESPONSE	entry4_SOFA_noD3__all_valid	SLC38A2
ANDROGEN_RESPONSE	entry4_SOFA_noD3__all_valid	ACSL3
ANDROGEN_RESPONSE	entry4_SOFA_noD3__all_valid	RPS6KA3
ANDROGEN_RESPONSE	entry4_SOFA_noD3__all_valid	HERC3
ANDROGEN_RESPONSE	entry4_SOFA_noD3__all_valid	MYL12A
ANDROGEN_RESPONSE	entry4_SOFA_noD3__all_valid	UBE2J1
ANDROGEN_RESPONSE	entry4_SOFA_noD3__all_valid	MERTK
ANDROGEN_RESPONSE	entry4_SOFA_noD3__all_valid	MAK
ANDROGEN_RESPONSE	entry4_SOFA_noD3__all_valid	IQGAP2
ANDROGEN_RESPONSE	entry4_SOFA_noD3__all_valid	VAPA
ANDROGEN_RESPONSE	entry4_SOFA_noD3__all_valid	ARID5B
ANDROGEN_RESPONSE	entry4_SOFA_noD3__all_valid	GNAI3
ANDROGEN_RESPONSE	entry4_SOFA_noD3__all_valid	B4GALT1
ANDROGEN_RESPONSE	entry4_SOFA_noD3__all_valid	SRF
ANDROGEN_RESPONSE	entry4_SOFA_noD3__all_valid	PIAS1
ANGIOGENESIS	entry4_SOFA_noD3__all_valid	LRPAP1
ANGIOGENESIS	entry4_SOFA_noD3__all_valid	PGLYRP1
ANGIOGENESIS	entry4_SOFA_noD3__all_valid	JAG1
ANGIOGENESIS	entry4_SOFA_noD3__all_valid	FGFR1
ANGIOGENESIS	entry4_SOFA_noD3__all_valid	APP
ANGIOGENESIS	entry4_SOFA_noD3__all_valid	S100A4
ANGIOGENESIS	entry4_SOFA_noD3__all_valid	FSTL1
ANGIOGENESIS	entry4_SOFA_noD3__all_valid	PF4
ANGIOGENESIS	entry4_SOFA_noD3__all_valid	TIMP1
APICAL_JUNCTION	entry4_SOFA_noD3__all_valid	MAPK14
APICAL_JUNCTION	entry4_SOFA_noD3__all_valid	SIRPA
APICAL_JUNCTION	entry4_SOFA_noD3__all_valid	ADAM9
APICAL_JUNCTION	entry4_SOFA_noD3__all_valid	MMP9
APICAL_JUNCTION	entry4_SOFA_noD3__all_valid	SKAP2
APICAL_JUNCTION	entry4_SOFA_noD3__all_valid	CAP1
APICAL_JUNCTION	entry4_SOFA_noD3__all_valid	ACTN1
APICAL_JUNCTION	entry4_SOFA_noD3__all_valid	ALOX15B
APICAL_JUNCTION	entry4_SOFA_noD3__all_valid	PIK3CB
APICAL_JUNCTION	entry4_SOFA_noD3__all_valid	PTEN
APICAL_JUNCTION	entry4_SOFA_noD3__all_valid	SYK
APICAL_JUNCTION	entry4_SOFA_noD3__all_valid	VASP
APICAL_JUNCTION	entry4_SOFA_noD3__all_valid	MAPK13
APICAL_JUNCTION	entry4_SOFA_noD3__all_valid	RAC2
APICAL_JUNCTION	entry4_SOFA_noD3__all_valid	COL17A1
APICAL_JUNCTION	entry4_SOFA_noD3__all_valid	CD274
APICAL_JUNCTION	entry4_SOFA_noD3__all_valid	NF1
APICAL_JUNCTION	entry4_SOFA_noD3__all_valid	CNN2
APICAL_JUNCTION	entry4_SOFA_noD3__all_valid	MAP3K20
APICAL_JUNCTION	entry4_SOFA_noD3__all_valid	THBS3
APICAL_JUNCTION	entry4_SOFA_noD3__all_valid	ACTB
APICAL_JUNCTION	entry4_SOFA_noD3__all_valid	IKBKG
APICAL_JUNCTION	entry4_SOFA_noD3__all_valid	ZYX
APICAL_JUNCTION	entry4_SOFA_noD3__all_valid	B4GALT1
APICAL_JUNCTION	entry4_SOFA_noD3__all_valid	ARPC2
APICAL_JUNCTION	entry4_SOFA_noD3__all_valid	MYH9
APICAL_JUNCTION	entry4_SOFA_noD3__all_valid	ICAM5
APICAL_JUNCTION	entry4_SOFA_noD3__all_valid	PTPRC
APICAL_JUNCTION	entry4_SOFA_noD3__all_valid	CTNNA1
APICAL_JUNCTION	entry4_SOFA_noD3__all_valid	RASA1
APICAL_JUNCTION	entry4_SOFA_noD3__all_valid	ICAM1
APICAL_JUNCTION	entry4_SOFA_noD3__all_valid	FYB1
APICAL_JUNCTION	entry4_SOFA_noD3__all_valid	MSN
APICAL_JUNCTION	entry4_SOFA_noD3__all_valid	ITGA10
APICAL_JUNCTION	entry4_SOFA_noD3__all_valid	INPPL1
APICAL_JUNCTION	entry4_SOFA_noD3__all_valid	GNAI2
APICAL_JUNCTION	entry4_SOFA_noD3__all_valid	NECTIN2
APICAL_JUNCTION	entry4_SOFA_noD3__all_valid	PBX2
APICAL_JUNCTION	entry4_SOFA_noD3__all_valid	ACTN4
APICAL_JUNCTION	entry4_SOFA_noD3__all_valid	RSU1
APICAL_JUNCTION	entry4_SOFA_noD3__all_valid	MYH10
APICAL_JUNCTION	entry4_SOFA_noD3__all_valid	CLDN15
APICAL_JUNCTION	entry4_SOFA_noD3__all_valid	YWHAH
APICAL_JUNCTION	entry4_SOFA_noD3__all_valid	SHC1
APICAL_JUNCTION	entry4_SOFA_noD3__all_valid	STX4
APICAL_JUNCTION	entry4_SOFA_noD3__all_valid	PFN1
APICAL_JUNCTION	entry4_SOFA_noD3__all_valid	MYL12B
APICAL_JUNCTION	entry4_SOFA_noD3__all_valid	VCL
APICAL_SURFACE	entry4_SOFA_noD3__all_valid	FLOT2
APICAL_SURFACE	entry4_SOFA_noD3__all_valid	LYN
APICAL_SURFACE	entry4_SOFA_noD3__all_valid	PCSK9
APICAL_SURFACE	entry4_SOFA_noD3__all_valid	CRYBG1
APICAL_SURFACE	entry4_SOFA_noD3__all_valid	B4GALT1
APICAL_SURFACE	entry4_SOFA_noD3__all_valid	NCOA6
APICAL_SURFACE	entry4_SOFA_noD3__all_valid	IL2RG
APICAL_SURFACE	entry4_SOFA_noD3__all_valid	APP
APICAL_SURFACE	entry4_SOFA_noD3__all_valid	BRCA1
APICAL_SURFACE	entry4_SOFA_noD3__all_valid	DCBLD2
APICAL_SURFACE	entry4_SOFA_noD3__all_valid	ADIPOR2
APOPTOSIS	entry4_SOFA_noD3__all_valid	GADD45A
APOPTOSIS	entry4_SOFA_noD3__all_valid	CFLAR
APOPTOSIS	entry4_SOFA_noD3__all_valid	GSR
APOPTOSIS	entry4_SOFA_noD3__all_valid	TIMP2
APOPTOSIS	entry4_SOFA_noD3__all_valid	HGF
APOPTOSIS	entry4_SOFA_noD3__all_valid	ADD1
APOPTOSIS	entry4_SOFA_noD3__all_valid	GSN
APOPTOSIS	entry4_SOFA_noD3__all_valid	RNASEL
APOPTOSIS	entry4_SOFA_noD3__all_valid	RARA
APOPTOSIS	entry4_SOFA_noD3__all_valid	IFNGR1
APOPTOSIS	entry4_SOFA_noD3__all_valid	CCNA1
APOPTOSIS	entry4_SOFA_noD3__all_valid	PSEN1
APOPTOSIS	entry4_SOFA_noD3__all_valid	FAS
APOPTOSIS	entry4_SOFA_noD3__all_valid	IGF2R
APOPTOSIS	entry4_SOFA_noD3__all_valid	CD44
APOPTOSIS	entry4_SOFA_noD3__all_valid	ROCK1
APOPTOSIS	entry4_SOFA_noD3__all_valid	IFITM3
APOPTOSIS	entry4_SOFA_noD3__all_valid	CREBBP
APOPTOSIS	entry4_SOFA_noD3__all_valid	TSPO
APOPTOSIS	entry4_SOFA_noD3__all_valid	GADD45B
APOPTOSIS	entry4_SOFA_noD3__all_valid	PPP2R5B
APOPTOSIS	entry4_SOFA_noD3__all_valid	HMGB2
APOPTOSIS	entry4_SOFA_noD3__all_valid	CDKN1B
APOPTOSIS	entry4_SOFA_noD3__all_valid	CTNNB1
APOPTOSIS	entry4_SOFA_noD3__all_valid	IER3
APOPTOSIS	entry4_SOFA_noD3__all_valid	CASP4
APOPTOSIS	entry4_SOFA_noD3__all_valid	XIAP
APOPTOSIS	entry4_SOFA_noD3__all_valid	CLU
APOPTOSIS	entry4_SOFA_noD3__all_valid	DNAJC3
APOPTOSIS	entry4_SOFA_noD3__all_valid	NEDD9
APOPTOSIS	entry4_SOFA_noD3__all_valid	DPYD
APOPTOSIS	entry4_SOFA_noD3__all_valid	CASP2
APOPTOSIS	entry4_SOFA_noD3__all_valid	TAP1
APOPTOSIS	entry4_SOFA_noD3__all_valid	EMP1
APOPTOSIS	entry4_SOFA_noD3__all_valid	BCAP31
APOPTOSIS	entry4_SOFA_noD3__all_valid	IRF1
APOPTOSIS	entry4_SOFA_noD3__all_valid	PPP3R1
APOPTOSIS	entry4_SOFA_noD3__all_valid	GNA15
APOPTOSIS	entry4_SOFA_noD3__all_valid	TNFSF10
APOPTOSIS	entry4_SOFA_noD3__all_valid	ANXA1
APOPTOSIS	entry4_SOFA_noD3__all_valid	GPX3
APOPTOSIS	entry4_SOFA_noD3__all_valid	CASP9
APOPTOSIS	entry4_SOFA_noD3__all_valid	DNAJA1
APOPTOSIS	entry4_SOFA_noD3__all_valid	APP
APOPTOSIS	entry4_SOFA_noD3__all_valid	F2R
APOPTOSIS	entry4_SOFA_noD3__all_valid	CTH
APOPTOSIS	entry4_SOFA_noD3__all_valid	GCH1
BILE_ACID_METABOLISM	entry4_SOFA_noD3__all_valid	GCLM
BILE_ACID_METABOLISM	entry4_SOFA_noD3__all_valid	ACSL1
BILE_ACID_METABOLISM	entry4_SOFA_noD3__all_valid	ATXN1
BILE_ACID_METABOLISM	entry4_SOFA_noD3__all_valid	PECR
BILE_ACID_METABOLISM	entry4_SOFA_noD3__all_valid	IDI1
BILE_ACID_METABOLISM	entry4_SOFA_noD3__all_valid	SULT1B1
BILE_ACID_METABOLISM	entry4_SOFA_noD3__all_valid	AQP9
BILE_ACID_METABOLISM	entry4_SOFA_noD3__all_valid	ABCA2
CHOLESTEROL_HOMEOSTASIS	entry4_SOFA_noD3__all_valid	NFIL3
CHOLESTEROL_HOMEOSTASIS	entry4_SOFA_noD3__all_valid	PLSCR1
CHOLESTEROL_HOMEOSTASIS	entry4_SOFA_noD3__all_valid	NIBAN1
CHOLESTEROL_HOMEOSTASIS	entry4_SOFA_noD3__all_valid	IDI1
CHOLESTEROL_HOMEOSTASIS	entry4_SOFA_noD3__all_valid	PDK3
CHOLESTEROL_HOMEOSTASIS	entry4_SOFA_noD3__all_valid	ALCAM
CHOLESTEROL_HOMEOSTASIS	entry4_SOFA_noD3__all_valid	ABCA2
CHOLESTEROL_HOMEOSTASIS	entry4_SOFA_noD3__all_valid	LDLR
CHOLESTEROL_HOMEOSTASIS	entry4_SOFA_noD3__all_valid	ANTXR2
CHOLESTEROL_HOMEOSTASIS	entry4_SOFA_noD3__all_valid	CHKA
CHOLESTEROL_HOMEOSTASIS	entry4_SOFA_noD3__all_valid	DHCR7
CHOLESTEROL_HOMEOSTASIS	entry4_SOFA_noD3__all_valid	PNRC1
CHOLESTEROL_HOMEOSTASIS	entry4_SOFA_noD3__all_valid	PPARG
CHOLESTEROL_HOMEOSTASIS	entry4_SOFA_noD3__all_valid	ACSS2
CHOLESTEROL_HOMEOSTASIS	entry4_SOFA_noD3__all_valid	CTNNB1
CHOLESTEROL_HOMEOSTASIS	entry4_SOFA_noD3__all_valid	CLU
CHOLESTEROL_HOMEOSTASIS	entry4_SOFA_noD3__all_valid	FBXO6
CHOLESTEROL_HOMEOSTASIS	entry4_SOFA_noD3__all_valid	JAG1
CHOLESTEROL_HOMEOSTASIS	entry4_SOFA_noD3__all_valid	S100A11
COAGULATION	entry4_SOFA_noD3__all_valid	ADAM9
COAGULATION	entry4_SOFA_noD3__all_valid	MMP9
COAGULATION	entry4_SOFA_noD3__all_valid	FURIN
COAGULATION	entry4_SOFA_noD3__all_valid	KLF7
COAGULATION	entry4_SOFA_noD3__all_valid	SERPINA1
COAGULATION	entry4_SOFA_noD3__all_valid	RAC1
COAGULATION	entry4_SOFA_noD3__all_valid	GSN
COAGULATION	entry4_SOFA_noD3__all_valid	WDR1
COAGULATION	entry4_SOFA_noD3__all_valid	RABIF
COAGULATION	entry4_SOFA_noD3__all_valid	SERPINE1
COAGULATION	entry4_SOFA_noD3__all_valid	MMP8
COAGULATION	entry4_SOFA_noD3__all_valid	F12
COAGULATION	entry4_SOFA_noD3__all_valid	THBS1
COAGULATION	entry4_SOFA_noD3__all_valid	F2RL2
COAGULATION	entry4_SOFA_noD3__all_valid	CLU
COAGULATION	entry4_SOFA_noD3__all_valid	GNB2
COAGULATION	entry4_SOFA_noD3__all_valid	LAMP2
COAGULATION	entry4_SOFA_noD3__all_valid	CTSK
COAGULATION	entry4_SOFA_noD3__all_valid	C1R
COAGULATION	entry4_SOFA_noD3__all_valid	F8
COAGULATION	entry4_SOFA_noD3__all_valid	HPN
COAGULATION	entry4_SOFA_noD3__all_valid	ANXA1
COAGULATION	entry4_SOFA_noD3__all_valid	PLEK
COAGULATION	entry4_SOFA_noD3__all_valid	CASP9
COAGULATION	entry4_SOFA_noD3__all_valid	GP1BA
COAGULATION	entry4_SOFA_noD3__all_valid	ITGB3
COAGULATION	entry4_SOFA_noD3__all_valid	MSRB2
COAGULATION	entry4_SOFA_noD3__all_valid	PLAU
COAGULATION	entry4_SOFA_noD3__all_valid	PF4
COAGULATION	entry4_SOFA_noD3__all_valid	PEF1
COAGULATION	entry4_SOFA_noD3__all_valid	P2RY1
COAGULATION	entry4_SOFA_noD3__all_valid	TIMP1
COAGULATION	entry4_SOFA_noD3__all_valid	SPARC
COAGULATION	entry4_SOFA_noD3__all_valid	CTSB
COAGULATION	entry4_SOFA_noD3__all_valid	CPQ
COAGULATION	entry4_SOFA_noD3__all_valid	VWF
COAGULATION	entry4_SOFA_noD3__all_valid	ARF4
COAGULATION	entry4_SOFA_noD3__all_valid	CFB
COAGULATION	entry4_SOFA_noD3__all_valid	ISCU
COMPLEMENT	entry4_SOFA_noD3__all_valid	ITGAM
COMPLEMENT	entry4_SOFA_noD3__all_valid	ADAM9
COMPLEMENT	entry4_SOFA_noD3__all_valid	CR1
COMPLEMENT	entry4_SOFA_noD3__all_valid	PLSCR1
COMPLEMENT	entry4_SOFA_noD3__all_valid	HSPA1A
COMPLEMENT	entry4_SOFA_noD3__all_valid	PRKCD
COMPLEMENT	entry4_SOFA_noD3__all_valid	GCA
COMPLEMENT	entry4_SOFA_noD3__all_valid	TIMP2
COMPLEMENT	entry4_SOFA_noD3__all_valid	PIK3CG
COMPLEMENT	entry4_SOFA_noD3__all_valid	LYN
COMPLEMENT	entry4_SOFA_noD3__all_valid	S100A12
COMPLEMENT	entry4_SOFA_noD3__all_valid	PCSK9
COMPLEMENT	entry4_SOFA_noD3__all_valid	RHOG
COMPLEMENT	entry4_SOFA_noD3__all_valid	SERPINA1
COMPLEMENT	entry4_SOFA_noD3__all_valid	CD59
COMPLEMENT	entry4_SOFA_noD3__all_valid	LCP2
COMPLEMENT	entry4_SOFA_noD3__all_valid	MSRB1
COMPLEMENT	entry4_SOFA_noD3__all_valid	PIM1
COMPLEMENT	entry4_SOFA_noD3__all_valid	CD55
COMPLEMENT	entry4_SOFA_noD3__all_valid	DGKH
COMPLEMENT	entry4_SOFA_noD3__all_valid	IRF2
COMPLEMENT	entry4_SOFA_noD3__all_valid	PSEN1
COMPLEMENT	entry4_SOFA_noD3__all_valid	EHD1
COMPLEMENT	entry4_SOFA_noD3__all_valid	RABIF
COMPLEMENT	entry4_SOFA_noD3__all_valid	JAK2
COMPLEMENT	entry4_SOFA_noD3__all_valid	S100A9
COMPLEMENT	entry4_SOFA_noD3__all_valid	CDK5R1
COMPLEMENT	entry4_SOFA_noD3__all_valid	F5
COMPLEMENT	entry4_SOFA_noD3__all_valid	COL4A2
COMPLEMENT	entry4_SOFA_noD3__all_valid	CDA
COMPLEMENT	entry4_SOFA_noD3__all_valid	SERPINE1
COMPLEMENT	entry4_SOFA_noD3__all_valid	GRB2
COMPLEMENT	entry4_SOFA_noD3__all_valid	RAF1
COMPLEMENT	entry4_SOFA_noD3__all_valid	VCPIP1
COMPLEMENT	entry4_SOFA_noD3__all_valid	AKAP10
COMPLEMENT	entry4_SOFA_noD3__all_valid	CEBPB
COMPLEMENT	entry4_SOFA_noD3__all_valid	TNFAIP3
COMPLEMENT	entry4_SOFA_noD3__all_valid	MMP8
COMPLEMENT	entry4_SOFA_noD3__all_valid	PIK3CA
COMPLEMENT	entry4_SOFA_noD3__all_valid	PRSS36
COMPLEMENT	entry4_SOFA_noD3__all_valid	GNAI3
COMPLEMENT	entry4_SOFA_noD3__all_valid	CASP4
COMPLEMENT	entry4_SOFA_noD3__all_valid	PIK3R5
COMPLEMENT	entry4_SOFA_noD3__all_valid	USP15
COMPLEMENT	entry4_SOFA_noD3__all_valid	CLU
COMPLEMENT	entry4_SOFA_noD3__all_valid	GNB2
COMPLEMENT	entry4_SOFA_noD3__all_valid	LAMP2
DNA_REPAIR	entry4_SOFA_noD3__all_valid	GTF2H3
DNA_REPAIR	entry4_SOFA_noD3__all_valid	RNMT
DNA_REPAIR	entry4_SOFA_noD3__all_valid	GTF2H1
DNA_REPAIR	entry4_SOFA_noD3__all_valid	ERCC8
DNA_REPAIR	entry4_SOFA_noD3__all_valid	NUDT21
DNA_REPAIR	entry4_SOFA_noD3__all_valid	NELFCD
DNA_REPAIR	entry4_SOFA_noD3__all_valid	ADA
DNA_REPAIR	entry4_SOFA_noD3__all_valid	SRSF6
DNA_REPAIR	entry4_SOFA_noD3__all_valid	SF3A3
DNA_REPAIR	entry4_SOFA_noD3__all_valid	MRPL40
DNA_REPAIR	entry4_SOFA_noD3__all_valid	NFX1
DNA_REPAIR	entry4_SOFA_noD3__all_valid	NCBP2
DNA_REPAIR	entry4_SOFA_noD3__all_valid	POLR2D
DNA_REPAIR	entry4_SOFA_noD3__all_valid	ERCC3
DNA_REPAIR	entry4_SOFA_noD3__all_valid	ERCC4
DNA_REPAIR	entry4_SOFA_noD3__all_valid	POLR1H
DNA_REPAIR	entry4_SOFA_noD3__all_valid	LIG1
DNA_REPAIR	entry4_SOFA_noD3__all_valid	APRT
DNA_REPAIR	entry4_SOFA_noD3__all_valid	DUT
DNA_REPAIR	entry4_SOFA_noD3__all_valid	EDF1
DNA_REPAIR	entry4_SOFA_noD3__all_valid	POLR1C
DNA_REPAIR	entry4_SOFA_noD3__all_valid	IMPDH2
DNA_REPAIR	entry4_SOFA_noD3__all_valid	UMPS
DNA_REPAIR	entry4_SOFA_noD3__all_valid	ITPA
DNA_REPAIR	entry4_SOFA_noD3__all_valid	RFC3
DNA_REPAIR	entry4_SOFA_noD3__all_valid	POLR2K
DNA_REPAIR	entry4_SOFA_noD3__all_valid	AAAS
DNA_REPAIR	entry4_SOFA_noD3__all_valid	PCNA
DNA_REPAIR	entry4_SOFA_noD3__all_valid	TP53
DNA_REPAIR	entry4_SOFA_noD3__all_valid	ERCC5
DNA_REPAIR	entry4_SOFA_noD3__all_valid	RPA3
DNA_REPAIR	entry4_SOFA_noD3__all_valid	NME3
DNA_REPAIR	entry4_SOFA_noD3__all_valid	POLR2C
DNA_REPAIR	entry4_SOFA_noD3__all_valid	AK3
DNA_REPAIR	entry4_SOFA_noD3__all_valid	NME1
DNA_REPAIR	entry4_SOFA_noD3__all_valid	SSRP1
DNA_REPAIR	entry4_SOFA_noD3__all_valid	SEC61A1
DNA_REPAIR	entry4_SOFA_noD3__all_valid	RFC4
DNA_REPAIR	entry4_SOFA_noD3__all_valid	TAF9
DNA_REPAIR	entry4_SOFA_noD3__all_valid	DDB2
DNA_REPAIR	entry4_SOFA_noD3__all_valid	GTF2A2
DNA_REPAIR	entry4_SOFA_noD3__all_valid	TMED2
DNA_REPAIR	entry4_SOFA_noD3__all_valid	DDB1
DNA_REPAIR	entry4_SOFA_noD3__all_valid	RFC5
DNA_REPAIR	entry4_SOFA_noD3__all_valid	REV3L
DNA_REPAIR	entry4_SOFA_noD3__all_valid	POLR2H
DNA_REPAIR	entry4_SOFA_noD3__all_valid	TARBP2
DNA_REPAIR	entry4_SOFA_noD3__all_valid	SNAPC5
DNA_REPAIR	entry4_SOFA_noD3__all_valid	POLB
DNA_REPAIR	entry4_SOFA_noD3__all_valid	GSDME
DNA_REPAIR	entry4_SOFA_noD3__all_valid	GTF2H5
DNA_REPAIR	entry4_SOFA_noD3__all_valid	PDE4B
DNA_REPAIR	entry4_SOFA_noD3__all_valid	ELOA
DNA_REPAIR	entry4_SOFA_noD3__all_valid	HPRT1
DNA_REPAIR	entry4_SOFA_noD3__all_valid	NELFE
DNA_REPAIR	entry4_SOFA_noD3__all_valid	SMAD5
DNA_REPAIR	entry4_SOFA_noD3__all_valid	ALYREF
DNA_REPAIR	entry4_SOFA_noD3__all_valid	MPG
DNA_REPAIR	entry4_SOFA_noD3__all_valid	TAF1C
DNA_REPAIR	entry4_SOFA_noD3__all_valid	POLR3C
DNA_REPAIR	entry4_SOFA_noD3__all_valid	NUDT9
E2F_TARGETS	entry4_SOFA_noD3__all_valid	SYNCRIP
E2F_TARGETS	entry4_SOFA_noD3__all_valid	MAD2L1
E2F_TARGETS	entry4_SOFA_noD3__all_valid	NOP56
E2F_TARGETS	entry4_SOFA_noD3__all_valid	EED
E2F_TARGETS	entry4_SOFA_noD3__all_valid	RAN
E2F_TARGETS	entry4_SOFA_noD3__all_valid	NUDT21
E2F_TARGETS	entry4_SOFA_noD3__all_valid	AK2
E2F_TARGETS	entry4_SOFA_noD3__all_valid	PPP1R8
E2F_TARGETS	entry4_SOFA_noD3__all_valid	CNOT9
E2F_TARGETS	entry4_SOFA_noD3__all_valid	MYC
E2F_TARGETS	entry4_SOFA_noD3__all_valid	STMN1
E2F_TARGETS	entry4_SOFA_noD3__all_valid	PMS2
E2F_TARGETS	entry4_SOFA_noD3__all_valid	PAICS
E2F_TARGETS	entry4_SOFA_noD3__all_valid	EIF2S1
E2F_TARGETS	entry4_SOFA_noD3__all_valid	RAD50
E2F_TARGETS	entry4_SOFA_noD3__all_valid	ASF1A
E2F_TARGETS	entry4_SOFA_noD3__all_valid	KIF22
E2F_TARGETS	entry4_SOFA_noD3__all_valid	TMPO
E2F_TARGETS	entry4_SOFA_noD3__all_valid	IPO7
E2F_TARGETS	entry4_SOFA_noD3__all_valid	PHF5A
E2F_TARGETS	entry4_SOFA_noD3__all_valid	WDR90
E2F_TARGETS	entry4_SOFA_noD3__all_valid	LIG1
E2F_TARGETS	entry4_SOFA_noD3__all_valid	CDC25B
E2F_TARGETS	entry4_SOFA_noD3__all_valid	DUT
E2F_TARGETS	entry4_SOFA_noD3__all_valid	DCTPP1
E2F_TARGETS	entry4_SOFA_noD3__all_valid	HNRNPD
E2F_TARGETS	entry4_SOFA_noD3__all_valid	MLH1
E2F_TARGETS	entry4_SOFA_noD3__all_valid	RFC3
E2F_TARGETS	entry4_SOFA_noD3__all_valid	SLBP
E2F_TARGETS	entry4_SOFA_noD3__all_valid	PRDX4
E2F_TARGETS	entry4_SOFA_noD3__all_valid	PAN2
E2F_TARGETS	entry4_SOFA_noD3__all_valid	DNMT1
E2F_TARGETS	entry4_SOFA_noD3__all_valid	RAD1
E2F_TARGETS	entry4_SOFA_noD3__all_valid	PCNA
E2F_TARGETS	entry4_SOFA_noD3__all_valid	TP53
E2F_TARGETS	entry4_SOFA_noD3__all_valid	RBBP7
E2F_TARGETS	entry4_SOFA_noD3__all_valid	NUP205
E2F_TARGETS	entry4_SOFA_noD3__all_valid	RPA3
E2F_TARGETS	entry4_SOFA_noD3__all_valid	CDK4
E2F_TARGETS	entry4_SOFA_noD3__all_valid	CSE1L
E2F_TARGETS	entry4_SOFA_noD3__all_valid	MRE11
E2F_TARGETS	entry4_SOFA_noD3__all_valid	MCM3
E2F_TARGETS	entry4_SOFA_noD3__all_valid	ILF3
E2F_TARGETS	entry4_SOFA_noD3__all_valid	RANBP1
E2F_TARGETS	entry4_SOFA_noD3__all_valid	NME1
E2F_TARGETS	entry4_SOFA_noD3__all_valid	SSRP1
E2F_TARGETS	entry4_SOFA_noD3__all_valid	NUP107
E2F_TARGETS	entry4_SOFA_noD3__all_valid	CTPS1
E2F_TARGETS	entry4_SOFA_noD3__all_valid	CBX5
E2F_TARGETS	entry4_SOFA_noD3__all_valid	SMC1A
E2F_TARGETS	entry4_SOFA_noD3__all_valid	RPA1
E2F_TARGETS	entry4_SOFA_noD3__all_valid	SMC3
E2F_TARGETS	entry4_SOFA_noD3__all_valid	RFC1
E2F_TARGETS	entry4_SOFA_noD3__all_valid	NOLC1
E2F_TARGETS	entry4_SOFA_noD3__all_valid	CENPM
E2F_TARGETS	entry4_SOFA_noD3__all_valid	XRCC6
E2F_TARGETS	entry4_SOFA_noD3__all_valid	TBRG4
E2F_TARGETS	entry4_SOFA_noD3__all_valid	CCNE1
E2F_TARGETS	entry4_SOFA_noD3__all_valid	MSH2
E2F_TARGETS	entry4_SOFA_noD3__all_valid	UBE2T
E2F_TARGETS	entry4_SOFA_noD3__all_valid	MCM5
E2F_TARGETS	entry4_SOFA_noD3__all_valid	NAP1L1
E2F_TARGETS	entry4_SOFA_noD3__all_valid	HELLS
E2F_TARGETS	entry4_SOFA_noD3__all_valid	CKS1B
E2F_TARGETS	entry4_SOFA_noD3__all_valid	CDKN2A
E2F_TARGETS	entry4_SOFA_noD3__all_valid	ZW10
E2F_TARGETS	entry4_SOFA_noD3__all_valid	SRSF2
E2F_TARGETS	entry4_SOFA_noD3__all_valid	SRSF1
E2F_TARGETS	entry4_SOFA_noD3__all_valid	POLD2
E2F_TARGETS	entry4_SOFA_noD3__all_valid	RRM2
E2F_TARGETS	entry4_SOFA_noD3__all_valid	LYAR
E2F_TARGETS	entry4_SOFA_noD3__all_valid	MCM7
E2F_TARGETS	entry4_SOFA_noD3__all_valid	RNASEH2A
E2F_TARGETS	entry4_SOFA_noD3__all_valid	POLE
E2F_TARGETS	entry4_SOFA_noD3__all_valid	PRPS1
E2F_TARGETS	entry4_SOFA_noD3__all_valid	PRIM2
E2F_TARGETS	entry4_SOFA_noD3__all_valid	GINS3
E2F_TARGETS	entry4_SOFA_noD3__all_valid	SMC4
E2F_TARGETS	entry4_SOFA_noD3__all_valid	RAD51C
E2F_TARGETS	entry4_SOFA_noD3__all_valid	TUBB
E2F_TARGETS	entry4_SOFA_noD3__all_valid	LUC7L3
E2F_TARGETS	entry4_SOFA_noD3__all_valid	CDK1
E2F_TARGETS	entry4_SOFA_noD3__all_valid	MTHFD2
E2F_TARGETS	entry4_SOFA_noD3__all_valid	POLD1
E2F_TARGETS	entry4_SOFA_noD3__all_valid	TIPIN
E2F_TARGETS	entry4_SOFA_noD3__all_valid	TIMELESS
E2F_TARGETS	entry4_SOFA_noD3__all_valid	POLE4
E2F_TARGETS	entry4_SOFA_noD3__all_valid	UBR7
EPITHELIAL_MESENCHYMAL_TRANSITION	entry4_SOFA_noD3__all_valid	GADD45A
EPITHELIAL_MESENCHYMAL_TRANSITION	entry4_SOFA_noD3__all_valid	BASP1
EPITHELIAL_MESENCHYMAL_TRANSITION	entry4_SOFA_noD3__all_valid	PCOLCE2
EPITHELIAL_MESENCHYMAL_TRANSITION	entry4_SOFA_noD3__all_valid	CD59
EPITHELIAL_MESENCHYMAL_TRANSITION	entry4_SOFA_noD3__all_valid	FBN2
EPITHELIAL_MESENCHYMAL_TRANSITION	entry4_SOFA_noD3__all_valid	QSOX1
EPITHELIAL_MESENCHYMAL_TRANSITION	entry4_SOFA_noD3__all_valid	FAS
EPITHELIAL_MESENCHYMAL_TRANSITION	entry4_SOFA_noD3__all_valid	CD44
EPITHELIAL_MESENCHYMAL_TRANSITION	entry4_SOFA_noD3__all_valid	EFEMP2
EPITHELIAL_MESENCHYMAL_TRANSITION	entry4_SOFA_noD3__all_valid	CAPG
EPITHELIAL_MESENCHYMAL_TRANSITION	entry4_SOFA_noD3__all_valid	COL4A2
EPITHELIAL_MESENCHYMAL_TRANSITION	entry4_SOFA_noD3__all_valid	SERPINE1
EPITHELIAL_MESENCHYMAL_TRANSITION	entry4_SOFA_noD3__all_valid	TGFB1
EPITHELIAL_MESENCHYMAL_TRANSITION	entry4_SOFA_noD3__all_valid	GADD45B
EPITHELIAL_MESENCHYMAL_TRANSITION	entry4_SOFA_noD3__all_valid	TNFAIP3
EPITHELIAL_MESENCHYMAL_TRANSITION	entry4_SOFA_noD3__all_valid	LOXL1
EPITHELIAL_MESENCHYMAL_TRANSITION	entry4_SOFA_noD3__all_valid	TPM1
EPITHELIAL_MESENCHYMAL_TRANSITION	entry4_SOFA_noD3__all_valid	COLGALT1
EPITHELIAL_MESENCHYMAL_TRANSITION	entry4_SOFA_noD3__all_valid	AREG
EPITHELIAL_MESENCHYMAL_TRANSITION	entry4_SOFA_noD3__all_valid	PFN2
EPITHELIAL_MESENCHYMAL_TRANSITION	entry4_SOFA_noD3__all_valid	THBS1
EPITHELIAL_MESENCHYMAL_TRANSITION	entry4_SOFA_noD3__all_valid	NOTCH2
EPITHELIAL_MESENCHYMAL_TRANSITION	entry4_SOFA_noD3__all_valid	COL7A1
EPITHELIAL_MESENCHYMAL_TRANSITION	entry4_SOFA_noD3__all_valid	COL6A3
EPITHELIAL_MESENCHYMAL_TRANSITION	entry4_SOFA_noD3__all_valid	PLOD1
EPITHELIAL_MESENCHYMAL_TRANSITION	entry4_SOFA_noD3__all_valid	COPA
EPITHELIAL_MESENCHYMAL_TRANSITION	entry4_SOFA_noD3__all_valid	PDLIM4
EPITHELIAL_MESENCHYMAL_TRANSITION	entry4_SOFA_noD3__all_valid	VIM
EPITHELIAL_MESENCHYMAL_TRANSITION	entry4_SOFA_noD3__all_valid	WIPF1
EPITHELIAL_MESENCHYMAL_TRANSITION	entry4_SOFA_noD3__all_valid	CXCL1
EPITHELIAL_MESENCHYMAL_TRANSITION	entry4_SOFA_noD3__all_valid	SFRP4
EPITHELIAL_MESENCHYMAL_TRANSITION	entry4_SOFA_noD3__all_valid	ANPEP
EPITHELIAL_MESENCHYMAL_TRANSITION	entry4_SOFA_noD3__all_valid	ITGA5
EPITHELIAL_MESENCHYMAL_TRANSITION	entry4_SOFA_noD3__all_valid	ITGB3
EPITHELIAL_MESENCHYMAL_TRANSITION	entry4_SOFA_noD3__all_valid	FSTL1
EPITHELIAL_MESENCHYMAL_TRANSITION	entry4_SOFA_noD3__all_valid	ACTA2
EPITHELIAL_MESENCHYMAL_TRANSITION	entry4_SOFA_noD3__all_valid	TIMP1
EPITHELIAL_MESENCHYMAL_TRANSITION	entry4_SOFA_noD3__all_valid	PTX3
EPITHELIAL_MESENCHYMAL_TRANSITION	entry4_SOFA_noD3__all_valid	SPARC
EPITHELIAL_MESENCHYMAL_TRANSITION	entry4_SOFA_noD3__all_valid	MYLK
EPITHELIAL_MESENCHYMAL_TRANSITION	entry4_SOFA_noD3__all_valid	TPM4
EPITHELIAL_MESENCHYMAL_TRANSITION	entry4_SOFA_noD3__all_valid	LGALS1
ESTROGEN_RESPONSE_EARLY	entry4_SOFA_noD3__all_valid	IGF1R
ESTROGEN_RESPONSE_EARLY	entry4_SOFA_noD3__all_valid	AFF1
ESTROGEN_RESPONSE_EARLY	entry4_SOFA_noD3__all_valid	RAB31
ESTROGEN_RESPONSE_EARLY	entry4_SOFA_noD3__all_valid	FKBP5
ESTROGEN_RESPONSE_EARLY	entry4_SOFA_noD3__all_valid	SVIL
ESTROGEN_RESPONSE_EARLY	entry4_SOFA_noD3__all_valid	TIPARP
ESTROGEN_RESPONSE_EARLY	entry4_SOFA_noD3__all_valid	RARA
ESTROGEN_RESPONSE_EARLY	entry4_SOFA_noD3__all_valid	MED13L
ESTROGEN_RESPONSE_EARLY	entry4_SOFA_noD3__all_valid	UGCG
ESTROGEN_RESPONSE_EARLY	entry4_SOFA_noD3__all_valid	MREG
ESTROGEN_RESPONSE_EARLY	entry4_SOFA_noD3__all_valid	TTC39A
ESTROGEN_RESPONSE_EARLY	entry4_SOFA_noD3__all_valid	KDM4B
ESTROGEN_RESPONSE_EARLY	entry4_SOFA_noD3__all_valid	SLC2A1
ESTROGEN_RESPONSE_EARLY	entry4_SOFA_noD3__all_valid	CD44
ESTROGEN_RESPONSE_EARLY	entry4_SOFA_noD3__all_valid	JAK2
ESTROGEN_RESPONSE_EARLY	entry4_SOFA_noD3__all_valid	FOXC1
ESTROGEN_RESPONSE_EARLY	entry4_SOFA_noD3__all_valid	MINDY1
ESTROGEN_RESPONSE_EARLY	entry4_SOFA_noD3__all_valid	OLFML3
ESTROGEN_RESPONSE_EARLY	entry4_SOFA_noD3__all_valid	GAB2
ESTROGEN_RESPONSE_EARLY	entry4_SOFA_noD3__all_valid	KAZN
ESTROGEN_RESPONSE_EARLY	entry4_SOFA_noD3__all_valid	TOB1
ESTROGEN_RESPONSE_EARLY	entry4_SOFA_noD3__all_valid	CANT1
ESTROGEN_RESPONSE_EARLY	entry4_SOFA_noD3__all_valid	DHCR7
ESTROGEN_RESPONSE_EARLY	entry4_SOFA_noD3__all_valid	CHPT1
ESTROGEN_RESPONSE_EARLY	entry4_SOFA_noD3__all_valid	GLA
ESTROGEN_RESPONSE_EARLY	entry4_SOFA_noD3__all_valid	FHL2
ESTROGEN_RESPONSE_EARLY	entry4_SOFA_noD3__all_valid	AREG
ESTROGEN_RESPONSE_EARLY	entry4_SOFA_noD3__all_valid	SH3BP5
ESTROGEN_RESPONSE_EARLY	entry4_SOFA_noD3__all_valid	NADSYN1
ESTROGEN_RESPONSE_EARLY	entry4_SOFA_noD3__all_valid	SIAH2
ESTROGEN_RESPONSE_EARLY	entry4_SOFA_noD3__all_valid	RHOBTB3
ESTROGEN_RESPONSE_EARLY	entry4_SOFA_noD3__all_valid	B4GALT1
ESTROGEN_RESPONSE_EARLY	entry4_SOFA_noD3__all_valid	CISH
ESTROGEN_RESPONSE_EARLY	entry4_SOFA_noD3__all_valid	INHBB
ESTROGEN_RESPONSE_EARLY	entry4_SOFA_noD3__all_valid	ANXA9
ESTROGEN_RESPONSE_EARLY	entry4_SOFA_noD3__all_valid	KCNK5
ESTROGEN_RESPONSE_EARLY	entry4_SOFA_noD3__all_valid	CA12
ESTROGEN_RESPONSE_EARLY	entry4_SOFA_noD3__all_valid	MAST4
ESTROGEN_RESPONSE_EARLY	entry4_SOFA_noD3__all_valid	FLNB
ESTROGEN_RESPONSE_EARLY	entry4_SOFA_noD3__all_valid	IL6ST
ESTROGEN_RESPONSE_EARLY	entry4_SOFA_noD3__all_valid	DLC1
ESTROGEN_RESPONSE_EARLY	entry4_SOFA_noD3__all_valid	ALDH3B1
ESTROGEN_RESPONSE_EARLY	entry4_SOFA_noD3__all_valid	IL17RB
ESTROGEN_RESPONSE_EARLY	entry4_SOFA_noD3__all_valid	TMEM164
ESTROGEN_RESPONSE_EARLY	entry4_SOFA_noD3__all_valid	AMFR
ESTROGEN_RESPONSE_EARLY	entry4_SOFA_noD3__all_valid	TUBB2B
ESTROGEN_RESPONSE_EARLY	entry4_SOFA_noD3__all_valid	RAPGEFL1
ESTROGEN_RESPONSE_EARLY	entry4_SOFA_noD3__all_valid	SLC24A3
ESTROGEN_RESPONSE_EARLY	entry4_SOFA_noD3__all_valid	SLC7A5
ESTROGEN_RESPONSE_LATE	entry4_SOFA_noD3__all_valid	ATP2B4
ESTROGEN_RESPONSE_LATE	entry4_SOFA_noD3__all_valid	AFF1
ESTROGEN_RESPONSE_LATE	entry4_SOFA_noD3__all_valid	RAB31
ESTROGEN_RESPONSE_LATE	entry4_SOFA_noD3__all_valid	FKBP5
ESTROGEN_RESPONSE_LATE	entry4_SOFA_noD3__all_valid	SERPINA1
ESTROGEN_RESPONSE_LATE	entry4_SOFA_noD3__all_valid	IMPA2
ESTROGEN_RESPONSE_LATE	entry4_SOFA_noD3__all_valid	CCNA1
ESTROGEN_RESPONSE_LATE	entry4_SOFA_noD3__all_valid	BATF
ESTROGEN_RESPONSE_LATE	entry4_SOFA_noD3__all_valid	CD44
ESTROGEN_RESPONSE_LATE	entry4_SOFA_noD3__all_valid	JAK2
ESTROGEN_RESPONSE_LATE	entry4_SOFA_noD3__all_valid	SNX10
ESTROGEN_RESPONSE_LATE	entry4_SOFA_noD3__all_valid	MAPK13
ESTROGEN_RESPONSE_LATE	entry4_SOFA_noD3__all_valid	FOXC1
ESTROGEN_RESPONSE_LATE	entry4_SOFA_noD3__all_valid	S100A9
ESTROGEN_RESPONSE_LATE	entry4_SOFA_noD3__all_valid	TOB1
ESTROGEN_RESPONSE_LATE	entry4_SOFA_noD3__all_valid	ST6GALNAC2
ESTROGEN_RESPONSE_LATE	entry4_SOFA_noD3__all_valid	DHCR7
ESTROGEN_RESPONSE_LATE	entry4_SOFA_noD3__all_valid	CHPT1
ESTROGEN_RESPONSE_LATE	entry4_SOFA_noD3__all_valid	GLA
ESTROGEN_RESPONSE_LATE	entry4_SOFA_noD3__all_valid	PTPN6
ESTROGEN_RESPONSE_LATE	entry4_SOFA_noD3__all_valid	AREG
ESTROGEN_RESPONSE_LATE	entry4_SOFA_noD3__all_valid	SIAH2
ESTROGEN_RESPONSE_LATE	entry4_SOFA_noD3__all_valid	JAK1
ESTROGEN_RESPONSE_LATE	entry4_SOFA_noD3__all_valid	CISH
ESTROGEN_RESPONSE_LATE	entry4_SOFA_noD3__all_valid	ANXA9
ESTROGEN_RESPONSE_LATE	entry4_SOFA_noD3__all_valid	KCNK5
ESTROGEN_RESPONSE_LATE	entry4_SOFA_noD3__all_valid	CA12
ESTROGEN_RESPONSE_LATE	entry4_SOFA_noD3__all_valid	FLNB
ESTROGEN_RESPONSE_LATE	entry4_SOFA_noD3__all_valid	CA2
ESTROGEN_RESPONSE_LATE	entry4_SOFA_noD3__all_valid	IL6ST
ESTROGEN_RESPONSE_LATE	entry4_SOFA_noD3__all_valid	ZFP36
ESTROGEN_RESPONSE_LATE	entry4_SOFA_noD3__all_valid	CKB
ESTROGEN_RESPONSE_LATE	entry4_SOFA_noD3__all_valid	ALDH3B1
ESTROGEN_RESPONSE_LATE	entry4_SOFA_noD3__all_valid	IL17RB
ESTROGEN_RESPONSE_LATE	entry4_SOFA_noD3__all_valid	AMFR
ESTROGEN_RESPONSE_LATE	entry4_SOFA_noD3__all_valid	XRCC3
ESTROGEN_RESPONSE_LATE	entry4_SOFA_noD3__all_valid	RAPGEFL1
ESTROGEN_RESPONSE_LATE	entry4_SOFA_noD3__all_valid	SLC24A3
ESTROGEN_RESPONSE_LATE	entry4_SOFA_noD3__all_valid	SLC7A5
FATTY_ACID_METABOLISM	entry4_SOFA_noD3__all_valid	OSTC
FATTY_ACID_METABOLISM	entry4_SOFA_noD3__all_valid	MDH1
FATTY_ACID_METABOLISM	entry4_SOFA_noD3__all_valid	METAP1
FATTY_ACID_METABOLISM	entry4_SOFA_noD3__all_valid	APEX1
FATTY_ACID_METABOLISM	entry4_SOFA_noD3__all_valid	ECHS1
FATTY_ACID_METABOLISM	entry4_SOFA_noD3__all_valid	ACSS1
FATTY_ACID_METABOLISM	entry4_SOFA_noD3__all_valid	ACAA2
FATTY_ACID_METABOLISM	entry4_SOFA_noD3__all_valid	HADH
FATTY_ACID_METABOLISM	entry4_SOFA_noD3__all_valid	HSD17B10
FATTY_ACID_METABOLISM	entry4_SOFA_noD3__all_valid	MCEE
FATTY_ACID_METABOLISM	entry4_SOFA_noD3__all_valid	ECI1
FATTY_ACID_METABOLISM	entry4_SOFA_noD3__all_valid	CBR1
FATTY_ACID_METABOLISM	entry4_SOFA_noD3__all_valid	SUCLG2
FATTY_ACID_METABOLISM	entry4_SOFA_noD3__all_valid	ACAT2
FATTY_ACID_METABOLISM	entry4_SOFA_noD3__all_valid	ACADM
FATTY_ACID_METABOLISM	entry4_SOFA_noD3__all_valid	HSD17B4
FATTY_ACID_METABOLISM	entry4_SOFA_noD3__all_valid	BPHL
FATTY_ACID_METABOLISM	entry4_SOFA_noD3__all_valid	ACOT2
FATTY_ACID_METABOLISM	entry4_SOFA_noD3__all_valid	ADSL
FATTY_ACID_METABOLISM	entry4_SOFA_noD3__all_valid	SDHD
FATTY_ACID_METABOLISM	entry4_SOFA_noD3__all_valid	BCKDHB
FATTY_ACID_METABOLISM	entry4_SOFA_noD3__all_valid	UGDH
FATTY_ACID_METABOLISM	entry4_SOFA_noD3__all_valid	ECI2
FATTY_ACID_METABOLISM	entry4_SOFA_noD3__all_valid	BLVRA
FATTY_ACID_METABOLISM	entry4_SOFA_noD3__all_valid	PDHA1
FATTY_ACID_METABOLISM	entry4_SOFA_noD3__all_valid	CPT2
FATTY_ACID_METABOLISM	entry4_SOFA_noD3__all_valid	MIX23
FATTY_ACID_METABOLISM	entry4_SOFA_noD3__all_valid	ACSL5
FATTY_ACID_METABOLISM	entry4_SOFA_noD3__all_valid	PCBD1
FATTY_ACID_METABOLISM	entry4_SOFA_noD3__all_valid	ALDH3A2
FATTY_ACID_METABOLISM	entry4_SOFA_noD3__all_valid	CD36
FATTY_ACID_METABOLISM	entry4_SOFA_noD3__all_valid	ODC1
FATTY_ACID_METABOLISM	entry4_SOFA_noD3__all_valid	RAP1GDS1
FATTY_ACID_METABOLISM	entry4_SOFA_noD3__all_valid	PSME1
FATTY_ACID_METABOLISM	entry4_SOFA_noD3__all_valid	NTHL1
FATTY_ACID_METABOLISM	entry4_SOFA_noD3__all_valid	SUCLA2
FATTY_ACID_METABOLISM	entry4_SOFA_noD3__all_valid	SMS
FATTY_ACID_METABOLISM	entry4_SOFA_noD3__all_valid	HSPH1
FATTY_ACID_METABOLISM	entry4_SOFA_noD3__all_valid	GCDH
FATTY_ACID_METABOLISM	entry4_SOFA_noD3__all_valid	HMGCS1
FATTY_ACID_METABOLISM	entry4_SOFA_noD3__all_valid	MIF
FATTY_ACID_METABOLISM	entry4_SOFA_noD3__all_valid	HSD17B7
FATTY_ACID_METABOLISM	entry4_SOFA_noD3__all_valid	FH
FATTY_ACID_METABOLISM	entry4_SOFA_noD3__all_valid	PTS
FATTY_ACID_METABOLISM	entry4_SOFA_noD3__all_valid	MDH2
FATTY_ACID_METABOLISM	entry4_SOFA_noD3__all_valid	EHHADH
FATTY_ACID_METABOLISM	entry4_SOFA_noD3__all_valid	MLYCD
FATTY_ACID_METABOLISM	entry4_SOFA_noD3__all_valid	S100A10
FATTY_ACID_METABOLISM	entry4_SOFA_noD3__all_valid	IDH3B
FATTY_ACID_METABOLISM	entry4_SOFA_noD3__all_valid	CD1D
FATTY_ACID_METABOLISM	entry4_SOFA_noD3__all_valid	ACO2
FATTY_ACID_METABOLISM	entry4_SOFA_noD3__all_valid	ALDH1A1
FATTY_ACID_METABOLISM	entry4_SOFA_noD3__all_valid	ENO2
FATTY_ACID_METABOLISM	entry4_SOFA_noD3__all_valid	ECH1
FATTY_ACID_METABOLISM	entry4_SOFA_noD3__all_valid	CPOX
FATTY_ACID_METABOLISM	entry4_SOFA_noD3__all_valid	CRYZ
FATTY_ACID_METABOLISM	entry4_SOFA_noD3__all_valid	AOC3
FATTY_ACID_METABOLISM	entry4_SOFA_noD3__all_valid	ALDH9A1
FATTY_ACID_METABOLISM	entry4_SOFA_noD3__all_valid	UROS
FATTY_ACID_METABOLISM	entry4_SOFA_noD3__all_valid	DLST
FATTY_ACID_METABOLISM	entry4_SOFA_noD3__all_valid	XIST
FATTY_ACID_METABOLISM	entry4_SOFA_noD3__all_valid	ERP29
FATTY_ACID_METABOLISM	entry4_SOFA_noD3__all_valid	RDH11
FATTY_ACID_METABOLISM	entry4_SOFA_noD3__all_valid	ACSM3
FATTY_ACID_METABOLISM	entry4_SOFA_noD3__all_valid	IDH3G
FATTY_ACID_METABOLISM	entry4_SOFA_noD3__all_valid	HSP90AA1
G2M_CHECKPOINT	entry4_SOFA_noD3__all_valid	BUB3
G2M_CHECKPOINT	entry4_SOFA_noD3__all_valid	SYNCRIP
G2M_CHECKPOINT	entry4_SOFA_noD3__all_valid	G3BP1
G2M_CHECKPOINT	entry4_SOFA_noD3__all_valid	SLC38A1
G2M_CHECKPOINT	entry4_SOFA_noD3__all_valid	SRSF10
G2M_CHECKPOINT	entry4_SOFA_noD3__all_valid	PURA
G2M_CHECKPOINT	entry4_SOFA_noD3__all_valid	MAD2L1
G2M_CHECKPOINT	entry4_SOFA_noD3__all_valid	NCL
G2M_CHECKPOINT	entry4_SOFA_noD3__all_valid	MYC
G2M_CHECKPOINT	entry4_SOFA_noD3__all_valid	STMN1
G2M_CHECKPOINT	entry4_SOFA_noD3__all_valid	CUL5
G2M_CHECKPOINT	entry4_SOFA_noD3__all_valid	KIF22
G2M_CHECKPOINT	entry4_SOFA_noD3__all_valid	TMPO
G2M_CHECKPOINT	entry4_SOFA_noD3__all_valid	RPS6KA5
G2M_CHECKPOINT	entry4_SOFA_noD3__all_valid	H2AZ2
G2M_CHECKPOINT	entry4_SOFA_noD3__all_valid	CDC25B
G2M_CHECKPOINT	entry4_SOFA_noD3__all_valid	HSPA8
G2M_CHECKPOINT	entry4_SOFA_noD3__all_valid	HNRNPD
G2M_CHECKPOINT	entry4_SOFA_noD3__all_valid	PRP4K
G2M_CHECKPOINT	entry4_SOFA_noD3__all_valid	CDK4
G2M_CHECKPOINT	entry4_SOFA_noD3__all_valid	TENT4A
G2M_CHECKPOINT	entry4_SOFA_noD3__all_valid	SLC12A2
G2M_CHECKPOINT	entry4_SOFA_noD3__all_valid	MCM3
G2M_CHECKPOINT	entry4_SOFA_noD3__all_valid	UCK2
G2M_CHECKPOINT	entry4_SOFA_noD3__all_valid	ILF3
G2M_CHECKPOINT	entry4_SOFA_noD3__all_valid	ORC5
G2M_CHECKPOINT	entry4_SOFA_noD3__all_valid	MTF2
G2M_CHECKPOINT	entry4_SOFA_noD3__all_valid	SMC1A
G2M_CHECKPOINT	entry4_SOFA_noD3__all_valid	NOLC1
G2M_CHECKPOINT	entry4_SOFA_noD3__all_valid	SS18
G2M_CHECKPOINT	entry4_SOFA_noD3__all_valid	ODC1
G2M_CHECKPOINT	entry4_SOFA_noD3__all_valid	CUL1
G2M_CHECKPOINT	entry4_SOFA_noD3__all_valid	SNRPD1
G2M_CHECKPOINT	entry4_SOFA_noD3__all_valid	RASAL2
G2M_CHECKPOINT	entry4_SOFA_noD3__all_valid	DTYMK
G2M_CHECKPOINT	entry4_SOFA_noD3__all_valid	SMAD3
G2M_CHECKPOINT	entry4_SOFA_noD3__all_valid	HMGN2
G2M_CHECKPOINT	entry4_SOFA_noD3__all_valid	ABL1
G2M_CHECKPOINT	entry4_SOFA_noD3__all_valid	NDC80
G2M_CHECKPOINT	entry4_SOFA_noD3__all_valid	FBXO5
G2M_CHECKPOINT	entry4_SOFA_noD3__all_valid	MCM5
G2M_CHECKPOINT	entry4_SOFA_noD3__all_valid	ODF2
G2M_CHECKPOINT	entry4_SOFA_noD3__all_valid	CKS1B
G2M_CHECKPOINT	entry4_SOFA_noD3__all_valid	SMC2
G2M_CHECKPOINT	entry4_SOFA_noD3__all_valid	SRSF2
G2M_CHECKPOINT	entry4_SOFA_noD3__all_valid	SRSF1
G2M_CHECKPOINT	entry4_SOFA_noD3__all_valid	MNAT1
G2M_CHECKPOINT	entry4_SOFA_noD3__all_valid	GINS2
G2M_CHECKPOINT	entry4_SOFA_noD3__all_valid	SMARCC1
GLYCOLYSIS	entry4_SOFA_noD3__all_valid	TGFA
GLYCOLYSIS	entry4_SOFA_noD3__all_valid	PYGL
GLYCOLYSIS	entry4_SOFA_noD3__all_valid	PHKA2
GLYCOLYSIS	entry4_SOFA_noD3__all_valid	IRS2
GLYCOLYSIS	entry4_SOFA_noD3__all_valid	TPST1
GLYCOLYSIS	entry4_SOFA_noD3__all_valid	PKM
GLYCOLYSIS	entry4_SOFA_noD3__all_valid	B4GALT4
GLYCOLYSIS	entry4_SOFA_noD3__all_valid	PDK3
GLYCOLYSIS	entry4_SOFA_noD3__all_valid	HK2
GLYCOLYSIS	entry4_SOFA_noD3__all_valid	ABCB6
GLYCOLYSIS	entry4_SOFA_noD3__all_valid	RRAGD
GLYCOLYSIS	entry4_SOFA_noD3__all_valid	P4HA2
GLYCOLYSIS	entry4_SOFA_noD3__all_valid	DSC2
GLYCOLYSIS	entry4_SOFA_noD3__all_valid	QSOX1
GLYCOLYSIS	entry4_SOFA_noD3__all_valid	MERTK
GLYCOLYSIS	entry4_SOFA_noD3__all_valid	CD44
GLYCOLYSIS	entry4_SOFA_noD3__all_valid	EXT1
GLYCOLYSIS	entry4_SOFA_noD3__all_valid	SPAG4
GLYCOLYSIS	entry4_SOFA_noD3__all_valid	LCT
GLYCOLYSIS	entry4_SOFA_noD3__all_valid	LDHA
GLYCOLYSIS	entry4_SOFA_noD3__all_valid	PAM
GLYCOLYSIS	entry4_SOFA_noD3__all_valid	SLC16A3
GLYCOLYSIS	entry4_SOFA_noD3__all_valid	PGM2
GLYCOLYSIS	entry4_SOFA_noD3__all_valid	G6PD
GLYCOLYSIS	entry4_SOFA_noD3__all_valid	PGK1
GLYCOLYSIS	entry4_SOFA_noD3__all_valid	IL13RA1
GLYCOLYSIS	entry4_SOFA_noD3__all_valid	ANKZF1
GLYCOLYSIS	entry4_SOFA_noD3__all_valid	TALDO1
GLYCOLYSIS	entry4_SOFA_noD3__all_valid	IER3
GLYCOLYSIS	entry4_SOFA_noD3__all_valid	ME2
GLYCOLYSIS	entry4_SOFA_noD3__all_valid	B4GALT1
GLYCOLYSIS	entry4_SOFA_noD3__all_valid	SAP30
GLYCOLYSIS	entry4_SOFA_noD3__all_valid	TXN
GLYCOLYSIS	entry4_SOFA_noD3__all_valid	ALDOA
GLYCOLYSIS	entry4_SOFA_noD3__all_valid	PKP2
GLYCOLYSIS	entry4_SOFA_noD3__all_valid	PLOD1
GLYCOLYSIS	entry4_SOFA_noD3__all_valid	NDST3
GLYCOLYSIS	entry4_SOFA_noD3__all_valid	UGP2
GLYCOLYSIS	entry4_SOFA_noD3__all_valid	RBCK1
GLYCOLYSIS	entry4_SOFA_noD3__all_valid	DEPDC1
GLYCOLYSIS	entry4_SOFA_noD3__all_valid	GYS1
GLYCOLYSIS	entry4_SOFA_noD3__all_valid	GLRX
HEDGEHOG_SIGNALING	entry4_SOFA_noD3__all_valid	ETS2
HEDGEHOG_SIGNALING	entry4_SOFA_noD3__all_valid	SLIT1
HEDGEHOG_SIGNALING	entry4_SOFA_noD3__all_valid	CDK5R1
HEDGEHOG_SIGNALING	entry4_SOFA_noD3__all_valid	NF1
HEDGEHOG_SIGNALING	entry4_SOFA_noD3__all_valid	TLE3
HEDGEHOG_SIGNALING	entry4_SOFA_noD3__all_valid	GLI1
HEDGEHOG_SIGNALING	entry4_SOFA_noD3__all_valid	MYH9
HEDGEHOG_SIGNALING	entry4_SOFA_noD3__all_valid	TLE1
HEDGEHOG_SIGNALING	entry4_SOFA_noD3__all_valid	RASA1
HEME_METABOLISM	entry4_SOFA_noD3__all_valid	NFE2
HEME_METABOLISM	entry4_SOFA_noD3__all_valid	CCND3
HEME_METABOLISM	entry4_SOFA_noD3__all_valid	SLC22A4
HEME_METABOLISM	entry4_SOFA_noD3__all_valid	GCLM
HEME_METABOLISM	entry4_SOFA_noD3__all_valid	MBOAT2
HEME_METABOLISM	entry4_SOFA_noD3__all_valid	NARF
HEME_METABOLISM	entry4_SOFA_noD3__all_valid	LRP10
HEME_METABOLISM	entry4_SOFA_noD3__all_valid	SLC25A37
HEME_METABOLISM	entry4_SOFA_noD3__all_valid	ADD1
HEME_METABOLISM	entry4_SOFA_noD3__all_valid	LPIN2
HEME_METABOLISM	entry4_SOFA_noD3__all_valid	ATP6V0A1
HEME_METABOLISM	entry4_SOFA_noD3__all_valid	FBXO34
HEME_METABOLISM	entry4_SOFA_noD3__all_valid	ABCB6
HEME_METABOLISM	entry4_SOFA_noD3__all_valid	FBXO9
HEME_METABOLISM	entry4_SOFA_noD3__all_valid	MARK3
HEME_METABOLISM	entry4_SOFA_noD3__all_valid	P4HA2
HEME_METABOLISM	entry4_SOFA_noD3__all_valid	MAP2K3
HEME_METABOLISM	entry4_SOFA_noD3__all_valid	MPP1
HEME_METABOLISM	entry4_SOFA_noD3__all_valid	CAST
HEME_METABOLISM	entry4_SOFA_noD3__all_valid	HTATIP2
HEME_METABOLISM	entry4_SOFA_noD3__all_valid	EZH1
HEME_METABOLISM	entry4_SOFA_noD3__all_valid	SLC2A1
HEME_METABOLISM	entry4_SOFA_noD3__all_valid	KHNYN
HEME_METABOLISM	entry4_SOFA_noD3__all_valid	GAPVD1
HEME_METABOLISM	entry4_SOFA_noD3__all_valid	PSMD9
HEME_METABOLISM	entry4_SOFA_noD3__all_valid	NR3C1
HEME_METABOLISM	entry4_SOFA_noD3__all_valid	ERMAP
HEME_METABOLISM	entry4_SOFA_noD3__all_valid	FOXO3
HEME_METABOLISM	entry4_SOFA_noD3__all_valid	SDCBP
HEME_METABOLISM	entry4_SOFA_noD3__all_valid	DCAF10
HEME_METABOLISM	entry4_SOFA_noD3__all_valid	PPP2R5B
HEME_METABOLISM	entry4_SOFA_noD3__all_valid	SMOX
HEME_METABOLISM	entry4_SOFA_noD3__all_valid	PICALM
HEME_METABOLISM	entry4_SOFA_noD3__all_valid	RHAG
HEME_METABOLISM	entry4_SOFA_noD3__all_valid	GDE1
HEME_METABOLISM	entry4_SOFA_noD3__all_valid	ALAD
HEME_METABOLISM	entry4_SOFA_noD3__all_valid	SPTB
HEME_METABOLISM	entry4_SOFA_noD3__all_valid	USP15
HEME_METABOLISM	entry4_SOFA_noD3__all_valid	LAMP2
HEME_METABOLISM	entry4_SOFA_noD3__all_valid	KDM7A
HEME_METABOLISM	entry4_SOFA_noD3__all_valid	ADIPOR1
HEME_METABOLISM	entry4_SOFA_noD3__all_valid	FOXJ2
HEME_METABOLISM	entry4_SOFA_noD3__all_valid	EIF2AK1
HEME_METABOLISM	entry4_SOFA_noD3__all_valid	SLC66A2
HEME_METABOLISM	entry4_SOFA_noD3__all_valid	MARCHF2
HEME_METABOLISM	entry4_SOFA_noD3__all_valid	RAP1GAP
HEME_METABOLISM	entry4_SOFA_noD3__all_valid	SEC14L1
HEME_METABOLISM	entry4_SOFA_noD3__all_valid	NUDT4
HEME_METABOLISM	entry4_SOFA_noD3__all_valid	RCL1
HEME_METABOLISM	entry4_SOFA_noD3__all_valid	LMO2
HEME_METABOLISM	entry4_SOFA_noD3__all_valid	HDGF
HEME_METABOLISM	entry4_SOFA_noD3__all_valid	CA2
HEME_METABOLISM	entry4_SOFA_noD3__all_valid	TNRC6B
HEME_METABOLISM	entry4_SOFA_noD3__all_valid	ANK1
HEME_METABOLISM	entry4_SOFA_noD3__all_valid	TAL1
HEME_METABOLISM	entry4_SOFA_noD3__all_valid	ARHGEF12
HEME_METABOLISM	entry4_SOFA_noD3__all_valid	SYNJ1
HEME_METABOLISM	entry4_SOFA_noD3__all_valid	RHD
HEME_METABOLISM	entry4_SOFA_noD3__all_valid	NEK7
HEME_METABOLISM	entry4_SOFA_noD3__all_valid	RBM5
HEME_METABOLISM	entry4_SOFA_noD3__all_valid	RANBP10
HEME_METABOLISM	entry4_SOFA_noD3__all_valid	RNF19A
HEME_METABOLISM	entry4_SOFA_noD3__all_valid	TMCC2
HEME_METABOLISM	entry4_SOFA_noD3__all_valid	E2F2
HEME_METABOLISM	entry4_SOFA_noD3__all_valid	KLF3
HEME_METABOLISM	entry4_SOFA_noD3__all_valid	DMTN
HEME_METABOLISM	entry4_SOFA_noD3__all_valid	HTRA2
HEME_METABOLISM	entry4_SOFA_noD3__all_valid	DCAF11
HEME_METABOLISM	entry4_SOFA_noD3__all_valid	EPOR
HEME_METABOLISM	entry4_SOFA_noD3__all_valid	KEL
HEME_METABOLISM	entry4_SOFA_noD3__all_valid	MARCHF8
HEME_METABOLISM	entry4_SOFA_noD3__all_valid	RBM38
HEME_METABOLISM	entry4_SOFA_noD3__all_valid	BCAM
HEME_METABOLISM	entry4_SOFA_noD3__all_valid	TOP1
HEME_METABOLISM	entry4_SOFA_noD3__all_valid	CTNS
HEME_METABOLISM	entry4_SOFA_noD3__all_valid	BTRC
HEME_METABOLISM	entry4_SOFA_noD3__all_valid	GATA1
HEME_METABOLISM	entry4_SOFA_noD3__all_valid	KAT2B
HEME_METABOLISM	entry4_SOFA_noD3__all_valid	CCDC28A
HEME_METABOLISM	entry4_SOFA_noD3__all_valid	FN3K
HEME_METABOLISM	entry4_SOFA_noD3__all_valid	YPEL5
HEME_METABOLISM	entry4_SOFA_noD3__all_valid	CTSB
HEME_METABOLISM	entry4_SOFA_noD3__all_valid	NFE2L1
HEME_METABOLISM	entry4_SOFA_noD3__all_valid	RHCE
HYPOXIA	entry4_SOFA_noD3__all_valid	NDRG1
HYPOXIA	entry4_SOFA_noD3__all_valid	PFKFB3
HYPOXIA	entry4_SOFA_noD3__all_valid	NFIL3
HYPOXIA	entry4_SOFA_noD3__all_valid	SLC2A3
HYPOXIA	entry4_SOFA_noD3__all_valid	TPST2
HYPOXIA	entry4_SOFA_noD3__all_valid	FOSL2
HYPOXIA	entry4_SOFA_noD3__all_valid	AMPD3
HYPOXIA	entry4_SOFA_noD3__all_valid	IRS2
HYPOXIA	entry4_SOFA_noD3__all_valid	NDST2
HYPOXIA	entry4_SOFA_noD3__all_valid	RBPJ
HYPOXIA	entry4_SOFA_noD3__all_valid	PDK3
HYPOXIA	entry4_SOFA_noD3__all_valid	SLC6A6
HYPOXIA	entry4_SOFA_noD3__all_valid	KLF7
HYPOXIA	entry4_SOFA_noD3__all_valid	HK2
HYPOXIA	entry4_SOFA_noD3__all_valid	JMJD6
HYPOXIA	entry4_SOFA_noD3__all_valid	KLF6
HYPOXIA	entry4_SOFA_noD3__all_valid	RRAGD
HYPOXIA	entry4_SOFA_noD3__all_valid	TIPARP
HYPOXIA	entry4_SOFA_noD3__all_valid	CCNG2
HYPOXIA	entry4_SOFA_noD3__all_valid	P4HA2
HYPOXIA	entry4_SOFA_noD3__all_valid	PIM1
HYPOXIA	entry4_SOFA_noD3__all_valid	WSB1
HYPOXIA	entry4_SOFA_noD3__all_valid	PGM1
HYPOXIA	entry4_SOFA_noD3__all_valid	ADM
HYPOXIA	entry4_SOFA_noD3__all_valid	SLC2A1
HYPOXIA	entry4_SOFA_noD3__all_valid	EXT1
HYPOXIA	entry4_SOFA_noD3__all_valid	LDHA
HYPOXIA	entry4_SOFA_noD3__all_valid	NR3C1
HYPOXIA	entry4_SOFA_noD3__all_valid	IDS
HYPOXIA	entry4_SOFA_noD3__all_valid	FOXO3
HYPOXIA	entry4_SOFA_noD3__all_valid	SERPINE1
HYPOXIA	entry4_SOFA_noD3__all_valid	PAM
HYPOXIA	entry4_SOFA_noD3__all_valid	PNRC1
HYPOXIA	entry4_SOFA_noD3__all_valid	PGM2
HYPOXIA	entry4_SOFA_noD3__all_valid	PPP1R15A
HYPOXIA	entry4_SOFA_noD3__all_valid	CDKN1B
HYPOXIA	entry4_SOFA_noD3__all_valid	PGK1
HYPOXIA	entry4_SOFA_noD3__all_valid	TNFAIP3
HYPOXIA	entry4_SOFA_noD3__all_valid	ANKZF1
HYPOXIA	entry4_SOFA_noD3__all_valid	MAP3K1
HYPOXIA	entry4_SOFA_noD3__all_valid	IER3
HYPOXIA	entry4_SOFA_noD3__all_valid	SIAH2
HYPOXIA	entry4_SOFA_noD3__all_valid	DUSP1
HYPOXIA	entry4_SOFA_noD3__all_valid	HK1
HYPOXIA	entry4_SOFA_noD3__all_valid	GBE1
HYPOXIA	entry4_SOFA_noD3__all_valid	CSRP2
HYPOXIA	entry4_SOFA_noD3__all_valid	SAP30
HYPOXIA	entry4_SOFA_noD3__all_valid	PLAC8
HYPOXIA	entry4_SOFA_noD3__all_valid	GAPDH
HYPOXIA	entry4_SOFA_noD3__all_valid	MYH9
HYPOXIA	entry4_SOFA_noD3__all_valid	ALDOA
HYPOXIA	entry4_SOFA_noD3__all_valid	NDST1
HYPOXIA	entry4_SOFA_noD3__all_valid	CA12
HYPOXIA	entry4_SOFA_noD3__all_valid	UGP2
HYPOXIA	entry4_SOFA_noD3__all_valid	GYS1
HYPOXIA	entry4_SOFA_noD3__all_valid	GLRX
HYPOXIA	entry4_SOFA_noD3__all_valid	PYGM
HYPOXIA	entry4_SOFA_noD3__all_valid	PRDX5
HYPOXIA	entry4_SOFA_noD3__all_valid	TMEM45A
HYPOXIA	entry4_SOFA_noD3__all_valid	ZNF292
HYPOXIA	entry4_SOFA_noD3__all_valid	ZFP36
IL2_STAT5_SIGNALING	entry4_SOFA_noD3__all_valid	CST7
IL2_STAT5_SIGNALING	entry4_SOFA_noD3__all_valid	MAPKAPK2
IL2_STAT5_SIGNALING	entry4_SOFA_noD3__all_valid	NDRG1
IL2_STAT5_SIGNALING	entry4_SOFA_noD3__all_valid	IL1R2
IL2_STAT5_SIGNALING	entry4_SOFA_noD3__all_valid	CCND3
IL2_STAT5_SIGNALING	entry4_SOFA_noD3__all_valid	NFIL3
IL2_STAT5_SIGNALING	entry4_SOFA_noD3__all_valid	SLC2A3
IL2_STAT5_SIGNALING	entry4_SOFA_noD3__all_valid	CKAP4
IL2_STAT5_SIGNALING	entry4_SOFA_noD3__all_valid	IGF1R
IL2_STAT5_SIGNALING	entry4_SOFA_noD3__all_valid	PLSCR1
IL2_STAT5_SIGNALING	entry4_SOFA_noD3__all_valid	SCN9A
IL2_STAT5_SIGNALING	entry4_SOFA_noD3__all_valid	FURIN
IL2_STAT5_SIGNALING	entry4_SOFA_noD3__all_valid	HYCC2
IL2_STAT5_SIGNALING	entry4_SOFA_noD3__all_valid	IL4R
IL2_STAT5_SIGNALING	entry4_SOFA_noD3__all_valid	MXD1
IL2_STAT5_SIGNALING	entry4_SOFA_noD3__all_valid	HIPK2
IL2_STAT5_SIGNALING	entry4_SOFA_noD3__all_valid	HK2
IL2_STAT5_SIGNALING	entry4_SOFA_noD3__all_valid	ALCAM
IL2_STAT5_SIGNALING	entry4_SOFA_noD3__all_valid	KLF6
IL2_STAT5_SIGNALING	entry4_SOFA_noD3__all_valid	IL18R1
IL2_STAT5_SIGNALING	entry4_SOFA_noD3__all_valid	RRAGD
IL2_STAT5_SIGNALING	entry4_SOFA_noD3__all_valid	PIM1
IL2_STAT5_SIGNALING	entry4_SOFA_noD3__all_valid	SELL
IL2_STAT5_SIGNALING	entry4_SOFA_noD3__all_valid	IFNGR1
IL2_STAT5_SIGNALING	entry4_SOFA_noD3__all_valid	BATF
IL2_STAT5_SIGNALING	entry4_SOFA_noD3__all_valid	DENND5A
IL2_STAT5_SIGNALING	entry4_SOFA_noD3__all_valid	ADAM19
IL2_STAT5_SIGNALING	entry4_SOFA_noD3__all_valid	IGF2R
IL2_STAT5_SIGNALING	entry4_SOFA_noD3__all_valid	CD44
IL2_STAT5_SIGNALING	entry4_SOFA_noD3__all_valid	SMPDL3A
IL2_STAT5_SIGNALING	entry4_SOFA_noD3__all_valid	PLEC
IL2_STAT5_SIGNALING	entry4_SOFA_noD3__all_valid	CAPG
IL2_STAT5_SIGNALING	entry4_SOFA_noD3__all_valid	IFITM3
IL2_STAT5_SIGNALING	entry4_SOFA_noD3__all_valid	CAPN3
IL2_STAT5_SIGNALING	entry4_SOFA_noD3__all_valid	MAP3K8
IL2_STAT5_SIGNALING	entry4_SOFA_noD3__all_valid	CSF1
IL2_STAT5_SIGNALING	entry4_SOFA_noD3__all_valid	ST3GAL4
IL2_STAT5_SIGNALING	entry4_SOFA_noD3__all_valid	IL1RL1
IL2_STAT5_SIGNALING	entry4_SOFA_noD3__all_valid	DCPS
IL2_STAT5_SIGNALING	entry4_SOFA_noD3__all_valid	SLC39A8
IL2_STAT5_SIGNALING	entry4_SOFA_noD3__all_valid	GADD45B
IL2_STAT5_SIGNALING	entry4_SOFA_noD3__all_valid	GLIPR2
IL2_STAT5_SIGNALING	entry4_SOFA_noD3__all_valid	ETFBKMT
IL2_STAT5_SIGNALING	entry4_SOFA_noD3__all_valid	GABARAPL1
IL2_STAT5_SIGNALING	entry4_SOFA_noD3__all_valid	F2RL2
IL6_JAK_STAT3_SIGNALING	entry4_SOFA_noD3__all_valid	IL1R1
IL6_JAK_STAT3_SIGNALING	entry4_SOFA_noD3__all_valid	IL1R2
IL6_JAK_STAT3_SIGNALING	entry4_SOFA_noD3__all_valid	IL17RA
IL6_JAK_STAT3_SIGNALING	entry4_SOFA_noD3__all_valid	STAT3
IL6_JAK_STAT3_SIGNALING	entry4_SOFA_noD3__all_valid	IFNAR1
IL6_JAK_STAT3_SIGNALING	entry4_SOFA_noD3__all_valid	SOCS3
IL6_JAK_STAT3_SIGNALING	entry4_SOFA_noD3__all_valid	IL10RB
IL6_JAK_STAT3_SIGNALING	entry4_SOFA_noD3__all_valid	TNFRSF1A
IL6_JAK_STAT3_SIGNALING	entry4_SOFA_noD3__all_valid	IL4R
IL6_JAK_STAT3_SIGNALING	entry4_SOFA_noD3__all_valid	ACVR1B
IL6_JAK_STAT3_SIGNALING	entry4_SOFA_noD3__all_valid	IFNGR2
IL6_JAK_STAT3_SIGNALING	entry4_SOFA_noD3__all_valid	TLR2
IL6_JAK_STAT3_SIGNALING	entry4_SOFA_noD3__all_valid	IL18R1
IL6_JAK_STAT3_SIGNALING	entry4_SOFA_noD3__all_valid	PTPN1
IL6_JAK_STAT3_SIGNALING	entry4_SOFA_noD3__all_valid	PIM1
IL6_JAK_STAT3_SIGNALING	entry4_SOFA_noD3__all_valid	IFNGR1
IL6_JAK_STAT3_SIGNALING	entry4_SOFA_noD3__all_valid	CSF3R
IL6_JAK_STAT3_SIGNALING	entry4_SOFA_noD3__all_valid	PDGFC
IL6_JAK_STAT3_SIGNALING	entry4_SOFA_noD3__all_valid	FAS
IL6_JAK_STAT3_SIGNALING	entry4_SOFA_noD3__all_valid	CSF2RB
IL6_JAK_STAT3_SIGNALING	entry4_SOFA_noD3__all_valid	CD44
IL6_JAK_STAT3_SIGNALING	entry4_SOFA_noD3__all_valid	CSF2RA
IL6_JAK_STAT3_SIGNALING	entry4_SOFA_noD3__all_valid	MAP3K8
IL6_JAK_STAT3_SIGNALING	entry4_SOFA_noD3__all_valid	CSF1
IL6_JAK_STAT3_SIGNALING	entry4_SOFA_noD3__all_valid	GRB2
IL6_JAK_STAT3_SIGNALING	entry4_SOFA_noD3__all_valid	TGFB1
IL6_JAK_STAT3_SIGNALING	entry4_SOFA_noD3__all_valid	MYD88
IL6_JAK_STAT3_SIGNALING	entry4_SOFA_noD3__all_valid	CBL
IL6_JAK_STAT3_SIGNALING	entry4_SOFA_noD3__all_valid	IL13RA1
IL6_JAK_STAT3_SIGNALING	entry4_SOFA_noD3__all_valid	IRF9
IL6_JAK_STAT3_SIGNALING	entry4_SOFA_noD3__all_valid	PIK3R5
IL6_JAK_STAT3_SIGNALING	entry4_SOFA_noD3__all_valid	SOCS1
IL6_JAK_STAT3_SIGNALING	entry4_SOFA_noD3__all_valid	OSMR
IL6_JAK_STAT3_SIGNALING	entry4_SOFA_noD3__all_valid	IRF1
IL6_JAK_STAT3_SIGNALING	entry4_SOFA_noD3__all_valid	IL6ST
IL6_JAK_STAT3_SIGNALING	entry4_SOFA_noD3__all_valid	TYK2
IL6_JAK_STAT3_SIGNALING	entry4_SOFA_noD3__all_valid	CXCL1
IL6_JAK_STAT3_SIGNALING	entry4_SOFA_noD3__all_valid	IL17RB
IL6_JAK_STAT3_SIGNALING	entry4_SOFA_noD3__all_valid	IL2RG
IL6_JAK_STAT3_SIGNALING	entry4_SOFA_noD3__all_valid	ACVRL1
IL6_JAK_STAT3_SIGNALING	entry4_SOFA_noD3__all_valid	CCR1
IL6_JAK_STAT3_SIGNALING	entry4_SOFA_noD3__all_valid	PTPN11
IL6_JAK_STAT3_SIGNALING	entry4_SOFA_noD3__all_valid	ITGB3
INFLAMMATORY_RESPONSE	entry4_SOFA_noD3__all_valid	IL1R1
INFLAMMATORY_RESPONSE	entry4_SOFA_noD3__all_valid	IL18RAP
INFLAMMATORY_RESPONSE	entry4_SOFA_noD3__all_valid	KIF1B
INFLAMMATORY_RESPONSE	entry4_SOFA_noD3__all_valid	IFNAR1
INFLAMMATORY_RESPONSE	entry4_SOFA_noD3__all_valid	LYN
INFLAMMATORY_RESPONSE	entry4_SOFA_noD3__all_valid	IL4R
INFLAMMATORY_RESPONSE	entry4_SOFA_noD3__all_valid	PTPRE
INFLAMMATORY_RESPONSE	entry4_SOFA_noD3__all_valid	PROK2
INFLAMMATORY_RESPONSE	entry4_SOFA_noD3__all_valid	MXD1
INFLAMMATORY_RESPONSE	entry4_SOFA_noD3__all_valid	ACVR1B
INFLAMMATORY_RESPONSE	entry4_SOFA_noD3__all_valid	IFNGR2
INFLAMMATORY_RESPONSE	entry4_SOFA_noD3__all_valid	RHOG
INFLAMMATORY_RESPONSE	entry4_SOFA_noD3__all_valid	TLR2
INFLAMMATORY_RESPONSE	entry4_SOFA_noD3__all_valid	LCP2
INFLAMMATORY_RESPONSE	entry4_SOFA_noD3__all_valid	IFITM1
INFLAMMATORY_RESPONSE	entry4_SOFA_noD3__all_valid	KLF6
INFLAMMATORY_RESPONSE	entry4_SOFA_noD3__all_valid	RNF144B
INFLAMMATORY_RESPONSE	entry4_SOFA_noD3__all_valid	FPR1
INFLAMMATORY_RESPONSE	entry4_SOFA_noD3__all_valid	IL18R1
INFLAMMATORY_RESPONSE	entry4_SOFA_noD3__all_valid	IRAK2
INFLAMMATORY_RESPONSE	entry4_SOFA_noD3__all_valid	AQP9
INFLAMMATORY_RESPONSE	entry4_SOFA_noD3__all_valid	OSM
INFLAMMATORY_RESPONSE	entry4_SOFA_noD3__all_valid	NFKB1
INFLAMMATORY_RESPONSE	entry4_SOFA_noD3__all_valid	NFKBIA
INFLAMMATORY_RESPONSE	entry4_SOFA_noD3__all_valid	CD82
INFLAMMATORY_RESPONSE	entry4_SOFA_noD3__all_valid	SELL
INFLAMMATORY_RESPONSE	entry4_SOFA_noD3__all_valid	CD55
INFLAMMATORY_RESPONSE	entry4_SOFA_noD3__all_valid	MEFV
INFLAMMATORY_RESPONSE	entry4_SOFA_noD3__all_valid	LDLR
INFLAMMATORY_RESPONSE	entry4_SOFA_noD3__all_valid	CSF3R
INFLAMMATORY_RESPONSE	entry4_SOFA_noD3__all_valid	PSEN1
INFLAMMATORY_RESPONSE	entry4_SOFA_noD3__all_valid	ADM
INFLAMMATORY_RESPONSE	entry4_SOFA_noD3__all_valid	C3AR1
INFLAMMATORY_RESPONSE	entry4_SOFA_noD3__all_valid	HIF1A
INFLAMMATORY_RESPONSE	entry4_SOFA_noD3__all_valid	PTAFR
INFLAMMATORY_RESPONSE	entry4_SOFA_noD3__all_valid	SGMS2
INFLAMMATORY_RESPONSE	entry4_SOFA_noD3__all_valid	CSF1
INFLAMMATORY_RESPONSE	entry4_SOFA_noD3__all_valid	SERPINE1
INFLAMMATORY_RESPONSE	entry4_SOFA_noD3__all_valid	NLRP3
INFLAMMATORY_RESPONSE	entry4_SOFA_noD3__all_valid	TAPBP
INFLAMMATORY_RESPONSE	entry4_SOFA_noD3__all_valid	SEMA4D
INFLAMMATORY_RESPONSE	entry4_SOFA_noD3__all_valid	RAF1
INFLAMMATORY_RESPONSE	entry4_SOFA_noD3__all_valid	ADGRE1
INFLAMMATORY_RESPONSE	entry4_SOFA_noD3__all_valid	EIF2AK2
INFLAMMATORY_RESPONSE	entry4_SOFA_noD3__all_valid	GNAI3
INFLAMMATORY_RESPONSE	entry4_SOFA_noD3__all_valid	FFAR2
INFLAMMATORY_RESPONSE	entry4_SOFA_noD3__all_valid	CLEC5A
INFLAMMATORY_RESPONSE	entry4_SOFA_noD3__all_valid	PIK3R5
INFLAMMATORY_RESPONSE	entry4_SOFA_noD3__all_valid	NAMPT
INFLAMMATORY_RESPONSE	entry4_SOFA_noD3__all_valid	KCNJ2
INFLAMMATORY_RESPONSE	entry4_SOFA_noD3__all_valid	SLC31A2
INFLAMMATORY_RESPONSE	entry4_SOFA_noD3__all_valid	TLR1
INFLAMMATORY_RESPONSE	entry4_SOFA_noD3__all_valid	ICAM1
INFLAMMATORY_RESPONSE	entry4_SOFA_noD3__all_valid	NMI
INFLAMMATORY_RESPONSE	entry4_SOFA_noD3__all_valid	GPR132
INFLAMMATORY_RESPONSE	entry4_SOFA_noD3__all_valid	OSMR
INFLAMMATORY_RESPONSE	entry4_SOFA_noD3__all_valid	ABI1
INFLAMMATORY_RESPONSE	entry4_SOFA_noD3__all_valid	TNFAIP6
INFLAMMATORY_RESPONSE	entry4_SOFA_noD3__all_valid	IRF1
INFLAMMATORY_RESPONSE	entry4_SOFA_noD3__all_valid	GNA15
INFLAMMATORY_RESPONSE	entry4_SOFA_noD3__all_valid	HPN
INFLAMMATORY_RESPONSE	entry4_SOFA_noD3__all_valid	TNFSF10
INFLAMMATORY_RESPONSE	entry4_SOFA_noD3__all_valid	IRF7
INFLAMMATORY_RESPONSE	entry4_SOFA_noD3__all_valid	NOD2
INFLAMMATORY_RESPONSE	entry4_SOFA_noD3__all_valid	PTGER2
INTERFERON_ALPHA_RESPONSE	entry4_SOFA_noD3__all_valid	TRIM25
INTERFERON_ALPHA_RESPONSE	entry4_SOFA_noD3__all_valid	PLSCR1
INTERFERON_ALPHA_RESPONSE	entry4_SOFA_noD3__all_valid	IL4R
INTERFERON_ALPHA_RESPONSE	entry4_SOFA_noD3__all_valid	ADAR
INTERFERON_ALPHA_RESPONSE	entry4_SOFA_noD3__all_valid	IFITM1
INTERFERON_ALPHA_RESPONSE	entry4_SOFA_noD3__all_valid	TRAFD1
INTERFERON_ALPHA_RESPONSE	entry4_SOFA_noD3__all_valid	SELL
INTERFERON_ALPHA_RESPONSE	entry4_SOFA_noD3__all_valid	IRF2
INTERFERON_ALPHA_RESPONSE	entry4_SOFA_noD3__all_valid	IFITM2
INTERFERON_ALPHA_RESPONSE	entry4_SOFA_noD3__all_valid	TMEM140
INTERFERON_ALPHA_RESPONSE	entry4_SOFA_noD3__all_valid	TRIM21
INTERFERON_ALPHA_RESPONSE	entry4_SOFA_noD3__all_valid	IFITM3
INTERFERON_ALPHA_RESPONSE	entry4_SOFA_noD3__all_valid	CSF1
INTERFERON_ALPHA_RESPONSE	entry4_SOFA_noD3__all_valid	TRIM5
INTERFERON_ALPHA_RESPONSE	entry4_SOFA_noD3__all_valid	PARP9
INTERFERON_ALPHA_RESPONSE	entry4_SOFA_noD3__all_valid	EIF2AK2
INTERFERON_ALPHA_RESPONSE	entry4_SOFA_noD3__all_valid	IRF9
INTERFERON_ALPHA_RESPONSE	entry4_SOFA_noD3__all_valid	TDRD7
INTERFERON_ALPHA_RESPONSE	entry4_SOFA_noD3__all_valid	SP110
INTERFERON_ALPHA_RESPONSE	entry4_SOFA_noD3__all_valid	NMI
INTERFERON_ALPHA_RESPONSE	entry4_SOFA_noD3__all_valid	HELZ2
INTERFERON_ALPHA_RESPONSE	entry4_SOFA_noD3__all_valid	GMPR
INTERFERON_ALPHA_RESPONSE	entry4_SOFA_noD3__all_valid	GBP2
INTERFERON_ALPHA_RESPONSE	entry4_SOFA_noD3__all_valid	TAP1
INTERFERON_ALPHA_RESPONSE	entry4_SOFA_noD3__all_valid	SLC25A28
INTERFERON_ALPHA_RESPONSE	entry4_SOFA_noD3__all_valid	IRF1
INTERFERON_ALPHA_RESPONSE	entry4_SOFA_noD3__all_valid	OGFR
INTERFERON_GAMMA_RESPONSE	entry4_SOFA_noD3__all_valid	TRIM25
INTERFERON_GAMMA_RESPONSE	entry4_SOFA_noD3__all_valid	UPP1
INTERFERON_GAMMA_RESPONSE	entry4_SOFA_noD3__all_valid	PLSCR1
INTERFERON_GAMMA_RESPONSE	entry4_SOFA_noD3__all_valid	STAT3
INTERFERON_GAMMA_RESPONSE	entry4_SOFA_noD3__all_valid	LATS2
INTERFERON_GAMMA_RESPONSE	entry4_SOFA_noD3__all_valid	EIF4E3
INTERFERON_GAMMA_RESPONSE	entry4_SOFA_noD3__all_valid	SOCS3
INTERFERON_GAMMA_RESPONSE	entry4_SOFA_noD3__all_valid	IL4R
INTERFERON_GAMMA_RESPONSE	entry4_SOFA_noD3__all_valid	NLRC5
INTERFERON_GAMMA_RESPONSE	entry4_SOFA_noD3__all_valid	ADAR
INTERFERON_GAMMA_RESPONSE	entry4_SOFA_noD3__all_valid	LCP2
INTERFERON_GAMMA_RESPONSE	entry4_SOFA_noD3__all_valid	FPR1
INTERFERON_GAMMA_RESPONSE	entry4_SOFA_noD3__all_valid	NFKB1
INTERFERON_GAMMA_RESPONSE	entry4_SOFA_noD3__all_valid	NFKBIA
INTERFERON_GAMMA_RESPONSE	entry4_SOFA_noD3__all_valid	PTPN1
INTERFERON_GAMMA_RESPONSE	entry4_SOFA_noD3__all_valid	PIM1
INTERFERON_GAMMA_RESPONSE	entry4_SOFA_noD3__all_valid	TRAFD1
INTERFERON_GAMMA_RESPONSE	entry4_SOFA_noD3__all_valid	IRF2
INTERFERON_GAMMA_RESPONSE	entry4_SOFA_noD3__all_valid	IFITM2
INTERFERON_GAMMA_RESPONSE	entry4_SOFA_noD3__all_valid	FAS
INTERFERON_GAMMA_RESPONSE	entry4_SOFA_noD3__all_valid	CSF2RB
INTERFERON_GAMMA_RESPONSE	entry4_SOFA_noD3__all_valid	JAK2
INTERFERON_GAMMA_RESPONSE	entry4_SOFA_noD3__all_valid	HIF1A
INTERFERON_GAMMA_RESPONSE	entry4_SOFA_noD3__all_valid	TRIM21
INTERFERON_GAMMA_RESPONSE	entry4_SOFA_noD3__all_valid	ZNFX1
INTERFERON_GAMMA_RESPONSE	entry4_SOFA_noD3__all_valid	IFITM3
INTERFERON_GAMMA_RESPONSE	entry4_SOFA_noD3__all_valid	CD274
INTERFERON_GAMMA_RESPONSE	entry4_SOFA_noD3__all_valid	TAPBP
INTERFERON_GAMMA_RESPONSE	entry4_SOFA_noD3__all_valid	MVP
INTERFERON_GAMMA_RESPONSE	entry4_SOFA_noD3__all_valid	MYD88
INTERFERON_GAMMA_RESPONSE	entry4_SOFA_noD3__all_valid	TMT1B
INTERFERON_GAMMA_RESPONSE	entry4_SOFA_noD3__all_valid	TNFAIP3
INTERFERON_GAMMA_RESPONSE	entry4_SOFA_noD3__all_valid	PELI1
INTERFERON_GAMMA_RESPONSE	entry4_SOFA_noD3__all_valid	PTPN6
INTERFERON_GAMMA_RESPONSE	entry4_SOFA_noD3__all_valid	ARID5B
INTERFERON_GAMMA_RESPONSE	entry4_SOFA_noD3__all_valid	EIF2AK2
INTERFERON_GAMMA_RESPONSE	entry4_SOFA_noD3__all_valid	CASP4
INTERFERON_GAMMA_RESPONSE	entry4_SOFA_noD3__all_valid	TOR1B
INTERFERON_GAMMA_RESPONSE	entry4_SOFA_noD3__all_valid	IRF9
INTERFERON_GAMMA_RESPONSE	entry4_SOFA_noD3__all_valid	RNF213
INTERFERON_GAMMA_RESPONSE	entry4_SOFA_noD3__all_valid	NAMPT
INTERFERON_GAMMA_RESPONSE	entry4_SOFA_noD3__all_valid	FCGR1A
INTERFERON_GAMMA_RESPONSE	entry4_SOFA_noD3__all_valid	TDRD7
INTERFERON_GAMMA_RESPONSE	entry4_SOFA_noD3__all_valid	RIPK1
INTERFERON_GAMMA_RESPONSE	entry4_SOFA_noD3__all_valid	SP110
INTERFERON_GAMMA_RESPONSE	entry4_SOFA_noD3__all_valid	ICAM1
INTERFERON_GAMMA_RESPONSE	entry4_SOFA_noD3__all_valid	NMI
INTERFERON_GAMMA_RESPONSE	entry4_SOFA_noD3__all_valid	HELZ2
INTERFERON_GAMMA_RESPONSE	entry4_SOFA_noD3__all_valid	SOCS1
INTERFERON_GAMMA_RESPONSE	entry4_SOFA_noD3__all_valid	C1R
INTERFERON_GAMMA_RESPONSE	entry4_SOFA_noD3__all_valid	IFNAR2
INTERFERON_GAMMA_RESPONSE	entry4_SOFA_noD3__all_valid	TAP1
INTERFERON_GAMMA_RESPONSE	entry4_SOFA_noD3__all_valid	MX2
INTERFERON_GAMMA_RESPONSE	entry4_SOFA_noD3__all_valid	RBCK1
INTERFERON_GAMMA_RESPONSE	entry4_SOFA_noD3__all_valid	SLC25A28
INTERFERON_GAMMA_RESPONSE	entry4_SOFA_noD3__all_valid	TNFAIP6
INTERFERON_GAMMA_RESPONSE	entry4_SOFA_noD3__all_valid	IRF1
INTERFERON_GAMMA_RESPONSE	entry4_SOFA_noD3__all_valid	OGFR
INTERFERON_GAMMA_RESPONSE	entry4_SOFA_noD3__all_valid	SPPL2A
INTERFERON_GAMMA_RESPONSE	entry4_SOFA_noD3__all_valid	SELP
INTERFERON_GAMMA_RESPONSE	entry4_SOFA_noD3__all_valid	TNFSF10
INTERFERON_GAMMA_RESPONSE	entry4_SOFA_noD3__all_valid	PML
INTERFERON_GAMMA_RESPONSE	entry4_SOFA_noD3__all_valid	ST8SIA4
INTERFERON_GAMMA_RESPONSE	entry4_SOFA_noD3__all_valid	IRF7
KRAS_SIGNALING_DN	entry4_SOFA_noD3__all_valid	ZBTB16
KRAS_SIGNALING_DN	entry4_SOFA_noD3__all_valid	PTPRJ
KRAS_SIGNALING_DN	entry4_SOFA_noD3__all_valid	ENTPD7
KRAS_SIGNALING_DN	entry4_SOFA_noD3__all_valid	CPEB3
KRAS_SIGNALING_DN	entry4_SOFA_noD3__all_valid	ASB7
KRAS_SIGNALING_DN	entry4_SOFA_noD3__all_valid	TG
KRAS_SIGNALING_DN	entry4_SOFA_noD3__all_valid	MEFV
KRAS_SIGNALING_DN	entry4_SOFA_noD3__all_valid	CCNA1
KRAS_SIGNALING_DN	entry4_SOFA_noD3__all_valid	STAG3
KRAS_SIGNALING_DN	entry4_SOFA_noD3__all_valid	KCND1
KRAS_SIGNALING_DN	entry4_SOFA_noD3__all_valid	MAST3
KRAS_SIGNALING_DN	entry4_SOFA_noD3__all_valid	NR6A1
KRAS_SIGNALING_DN	entry4_SOFA_noD3__all_valid	KMT2D
KRAS_SIGNALING_DN	entry4_SOFA_noD3__all_valid	BARD1
KRAS_SIGNALING_DN	entry4_SOFA_noD3__all_valid	PTGFR
KRAS_SIGNALING_DN	entry4_SOFA_noD3__all_valid	HSD11B2
KRAS_SIGNALING_DN	entry4_SOFA_noD3__all_valid	MAGIX
KRAS_SIGNALING_UP	entry4_SOFA_noD3__all_valid	MMP9
KRAS_SIGNALING_UP	entry4_SOFA_noD3__all_valid	LAT2
KRAS_SIGNALING_UP	entry4_SOFA_noD3__all_valid	ARG1
KRAS_SIGNALING_UP	entry4_SOFA_noD3__all_valid	GALNT3
KRAS_SIGNALING_UP	entry4_SOFA_noD3__all_valid	AVL9
KRAS_SIGNALING_UP	entry4_SOFA_noD3__all_valid	CDADC1
KRAS_SIGNALING_UP	entry4_SOFA_noD3__all_valid	TLR8
KRAS_SIGNALING_UP	entry4_SOFA_noD3__all_valid	C3AR1
KRAS_SIGNALING_UP	entry4_SOFA_noD3__all_valid	TOR1AIP2
KRAS_SIGNALING_UP	entry4_SOFA_noD3__all_valid	CSF2RA
KRAS_SIGNALING_UP	entry4_SOFA_noD3__all_valid	LCP1
KRAS_SIGNALING_UP	entry4_SOFA_noD3__all_valid	F2RL1
KRAS_SIGNALING_UP	entry4_SOFA_noD3__all_valid	NIN
KRAS_SIGNALING_UP	entry4_SOFA_noD3__all_valid	DOCK2
KRAS_SIGNALING_UP	entry4_SOFA_noD3__all_valid	PTBP2
KRAS_SIGNALING_UP	entry4_SOFA_noD3__all_valid	PPP1R15A
KRAS_SIGNALING_UP	entry4_SOFA_noD3__all_valid	CBL
KRAS_SIGNALING_UP	entry4_SOFA_noD3__all_valid	ADAM17
KRAS_SIGNALING_UP	entry4_SOFA_noD3__all_valid	TNFAIP3
KRAS_SIGNALING_UP	entry4_SOFA_noD3__all_valid	GADD45G
KRAS_SIGNALING_UP	entry4_SOFA_noD3__all_valid	MAP3K1
KRAS_SIGNALING_UP	entry4_SOFA_noD3__all_valid	TRIB1
KRAS_SIGNALING_UP	entry4_SOFA_noD3__all_valid	LY96
KRAS_SIGNALING_UP	entry4_SOFA_noD3__all_valid	MTMR10
KRAS_SIGNALING_UP	entry4_SOFA_noD3__all_valid	TFPI
KRAS_SIGNALING_UP	entry4_SOFA_noD3__all_valid	ADAM8
KRAS_SIGNALING_UP	entry4_SOFA_noD3__all_valid	ALDH1A2
KRAS_SIGNALING_UP	entry4_SOFA_noD3__all_valid	EMP1
KRAS_SIGNALING_UP	entry4_SOFA_noD3__all_valid	GLRX
KRAS_SIGNALING_UP	entry4_SOFA_noD3__all_valid	CA2
KRAS_SIGNALING_UP	entry4_SOFA_noD3__all_valid	RETN
KRAS_SIGNALING_UP	entry4_SOFA_noD3__all_valid	ITGB2
KRAS_SIGNALING_UP	entry4_SOFA_noD3__all_valid	FCER1G
KRAS_SIGNALING_UP	entry4_SOFA_noD3__all_valid	SPRY2
KRAS_SIGNALING_UP	entry4_SOFA_noD3__all_valid	IL2RG
KRAS_SIGNALING_UP	entry4_SOFA_noD3__all_valid	IKZF1
KRAS_SIGNALING_UP	entry4_SOFA_noD3__all_valid	LAPTM5
MITOTIC_SPINDLE	entry4_SOFA_noD3__all_valid	CDK5RAP2
MITOTIC_SPINDLE	entry4_SOFA_noD3__all_valid	KIF1B
MITOTIC_SPINDLE	entry4_SOFA_noD3__all_valid	CLASP1
MITOTIC_SPINDLE	entry4_SOFA_noD3__all_valid	RANBP9
MITOTIC_SPINDLE	entry4_SOFA_noD3__all_valid	TUBA4A
MITOTIC_SPINDLE	entry4_SOFA_noD3__all_valid	ARL8A
MITOTIC_SPINDLE	entry4_SOFA_noD3__all_valid	AKAP13
MITOTIC_SPINDLE	entry4_SOFA_noD3__all_valid	FGD4
MITOTIC_SPINDLE	entry4_SOFA_noD3__all_valid	PREX1
MITOTIC_SPINDLE	entry4_SOFA_noD3__all_valid	GSN
MITOTIC_SPINDLE	entry4_SOFA_noD3__all_valid	KIF3C
MITOTIC_SPINDLE	entry4_SOFA_noD3__all_valid	PPP4R2
MITOTIC_SPINDLE	entry4_SOFA_noD3__all_valid	LMNB1
MITOTIC_SPINDLE	entry4_SOFA_noD3__all_valid	KLC1
MITOTIC_SPINDLE	entry4_SOFA_noD3__all_valid	CDC42EP2
MITOTIC_SPINDLE	entry4_SOFA_noD3__all_valid	SPTBN1
MITOTIC_SPINDLE	entry4_SOFA_noD3__all_valid	SSH2
MITOTIC_SPINDLE	entry4_SOFA_noD3__all_valid	WASF2
MITOTIC_SPINDLE	entry4_SOFA_noD3__all_valid	PAFAH1B1
MITOTIC_SPINDLE	entry4_SOFA_noD3__all_valid	CSNK1D
MITOTIC_SPINDLE	entry4_SOFA_noD3__all_valid	ROCK1
MITOTIC_SPINDLE	entry4_SOFA_noD3__all_valid	ARHGEF11
MITOTIC_SPINDLE	entry4_SOFA_noD3__all_valid	RASA2
MITOTIC_SPINDLE	entry4_SOFA_noD3__all_valid	NIN
MITOTIC_SPINDLE	entry4_SOFA_noD3__all_valid	DOCK2
MITOTIC_SPINDLE	entry4_SOFA_noD3__all_valid	NCK2
MITOTIC_SPINDLE	entry4_SOFA_noD3__all_valid	PXN
MITOTIC_SPINDLE	entry4_SOFA_noD3__all_valid	CDC42EP4
MITOTIC_SPINDLE	entry4_SOFA_noD3__all_valid	NF1
MITOTIC_SPINDLE	entry4_SOFA_noD3__all_valid	CLIP1
MITOTIC_SPINDLE	entry4_SOFA_noD3__all_valid	CNTROB
MITOTIC_SPINDLE	entry4_SOFA_noD3__all_valid	ARFGEF1
MITOTIC_SPINDLE	entry4_SOFA_noD3__all_valid	STAU1
MITOTIC_SPINDLE	entry4_SOFA_noD3__all_valid	RALBP1
MITOTIC_SPINDLE	entry4_SOFA_noD3__all_valid	MARCKS
MITOTIC_SPINDLE	entry4_SOFA_noD3__all_valid	CDC42BPA
MITOTIC_SPINDLE	entry4_SOFA_noD3__all_valid	MYH9
MITOTIC_SPINDLE	entry4_SOFA_noD3__all_valid	CAPZB
MITOTIC_SPINDLE	entry4_SOFA_noD3__all_valid	NOTCH2
MITOTIC_SPINDLE	entry4_SOFA_noD3__all_valid	ARHGEF2
MITOTIC_SPINDLE	entry4_SOFA_noD3__all_valid	NEDD9
MITOTIC_SPINDLE	entry4_SOFA_noD3__all_valid	RASA1
MITOTIC_SPINDLE	entry4_SOFA_noD3__all_valid	CDC42
MITOTIC_SPINDLE	entry4_SOFA_noD3__all_valid	TUBD1
MITOTIC_SPINDLE	entry4_SOFA_noD3__all_valid	APC
MITOTIC_SPINDLE	entry4_SOFA_noD3__all_valid	CDC42EP1
MITOTIC_SPINDLE	entry4_SOFA_noD3__all_valid	FLNB
MITOTIC_SPINDLE	entry4_SOFA_noD3__all_valid	ARHGAP27
MITOTIC_SPINDLE	entry4_SOFA_noD3__all_valid	ABI1
MITOTIC_SPINDLE	entry4_SOFA_noD3__all_valid	ECT2
MITOTIC_SPINDLE	entry4_SOFA_noD3__all_valid	MARK4
MITOTIC_SPINDLE	entry4_SOFA_noD3__all_valid	ABR
MITOTIC_SPINDLE	entry4_SOFA_noD3__all_valid	ARHGEF12
MITOTIC_SPINDLE	entry4_SOFA_noD3__all_valid	KIF5B
MITOTIC_SPINDLE	entry4_SOFA_noD3__all_valid	KPTN
MITOTIC_SPINDLE	entry4_SOFA_noD3__all_valid	ACTN4
MITOTIC_SPINDLE	entry4_SOFA_noD3__all_valid	KIF11
MITOTIC_SPINDLE	entry4_SOFA_noD3__all_valid	MYH10
MITOTIC_SPINDLE	entry4_SOFA_noD3__all_valid	TTK
MITOTIC_SPINDLE	entry4_SOFA_noD3__all_valid	ITSN1
MITOTIC_SPINDLE	entry4_SOFA_noD3__all_valid	KIF4A
MITOTIC_SPINDLE	entry4_SOFA_noD3__all_valid	TLK1
MITOTIC_SPINDLE	entry4_SOFA_noD3__all_valid	MAP1S
MITOTIC_SPINDLE	entry4_SOFA_noD3__all_valid	MYO9B
MITOTIC_SPINDLE	entry4_SOFA_noD3__all_valid	VCL
MITOTIC_SPINDLE	entry4_SOFA_noD3__all_valid	PDLIM5
MITOTIC_SPINDLE	entry4_SOFA_noD3__all_valid	ARAP3
MITOTIC_SPINDLE	entry4_SOFA_noD3__all_valid	HDAC6
MITOTIC_SPINDLE	entry4_SOFA_noD3__all_valid	CYTH2
MITOTIC_SPINDLE	entry4_SOFA_noD3__all_valid	TAOK2
MITOTIC_SPINDLE	entry4_SOFA_noD3__all_valid	MAP3K11
MITOTIC_SPINDLE	entry4_SOFA_noD3__all_valid	TUBGCP2
MITOTIC_SPINDLE	entry4_SOFA_noD3__all_valid	PRC1
MITOTIC_SPINDLE	entry4_SOFA_noD3__all_valid	TUBGCP3
MITOTIC_SPINDLE	entry4_SOFA_noD3__all_valid	RAB3GAP1
MITOTIC_SPINDLE	entry4_SOFA_noD3__all_valid	SOS1
MITOTIC_SPINDLE	entry4_SOFA_noD3__all_valid	DYNLL2
MITOTIC_SPINDLE	entry4_SOFA_noD3__all_valid	CEP192
MITOTIC_SPINDLE	entry4_SOFA_noD3__all_valid	KIF23
MITOTIC_SPINDLE	entry4_SOFA_noD3__all_valid	KATNB1
MITOTIC_SPINDLE	entry4_SOFA_noD3__all_valid	ARHGDIA
MITOTIC_SPINDLE	entry4_SOFA_noD3__all_valid	CLIP2
MITOTIC_SPINDLE	entry4_SOFA_noD3__all_valid	MAPRE1
MITOTIC_SPINDLE	entry4_SOFA_noD3__all_valid	SUN2
MTORC1_SIGNALING	entry4_SOFA_noD3__all_valid	NFIL3
MTORC1_SIGNALING	entry4_SOFA_noD3__all_valid	SLC2A3
MTORC1_SIGNALING	entry4_SOFA_noD3__all_valid	SLA
MTORC1_SIGNALING	entry4_SOFA_noD3__all_valid	GSR
MTORC1_SIGNALING	entry4_SOFA_noD3__all_valid	SKAP2
MTORC1_SIGNALING	entry4_SOFA_noD3__all_valid	TUBA4A
MTORC1_SIGNALING	entry4_SOFA_noD3__all_valid	NIBAN1
MTORC1_SIGNALING	entry4_SOFA_noD3__all_valid	IDI1
MTORC1_SIGNALING	entry4_SOFA_noD3__all_valid	SLC6A6
MTORC1_SIGNALING	entry4_SOFA_noD3__all_valid	HK2
MTORC1_SIGNALING	entry4_SOFA_noD3__all_valid	GSK3B
MTORC1_SIGNALING	entry4_SOFA_noD3__all_valid	MAP2K3
MTORC1_SIGNALING	entry4_SOFA_noD3__all_valid	ACSL3
MTORC1_SIGNALING	entry4_SOFA_noD3__all_valid	LDLR
MTORC1_SIGNALING	entry4_SOFA_noD3__all_valid	NUPR1
MTORC1_SIGNALING	entry4_SOFA_noD3__all_valid	PGM1
MTORC1_SIGNALING	entry4_SOFA_noD3__all_valid	SLC2A1
MTORC1_SIGNALING	entry4_SOFA_noD3__all_valid	LDHA
MTORC1_SIGNALING	entry4_SOFA_noD3__all_valid	DHCR7
MTORC1_SIGNALING	entry4_SOFA_noD3__all_valid	RAB1A
MTORC1_SIGNALING	entry4_SOFA_noD3__all_valid	PPP1R15A
MTORC1_SIGNALING	entry4_SOFA_noD3__all_valid	G6PD
MTORC1_SIGNALING	entry4_SOFA_noD3__all_valid	GLA
MTORC1_SIGNALING	entry4_SOFA_noD3__all_valid	NFYC
MTORC1_SIGNALING	entry4_SOFA_noD3__all_valid	RIT1
MTORC1_SIGNALING	entry4_SOFA_noD3__all_valid	PGK1
MTORC1_SIGNALING	entry4_SOFA_noD3__all_valid	UBE2D3
MTORC1_SIGNALING	entry4_SOFA_noD3__all_valid	TXNRD1
MTORC1_SIGNALING	entry4_SOFA_noD3__all_valid	NAMPT
MTORC1_SIGNALING	entry4_SOFA_noD3__all_valid	GBE1
MTORC1_SIGNALING	entry4_SOFA_noD3__all_valid	ACTR2
MTORC1_SIGNALING	entry4_SOFA_noD3__all_valid	GAPDH
MTORC1_SIGNALING	entry4_SOFA_noD3__all_valid	ALDOA
MTORC1_SIGNALING	entry4_SOFA_noD3__all_valid	PDAP1
MYC_TARGETS_V1	entry4_SOFA_noD3__all_valid	DDX18
MYC_TARGETS_V1	entry4_SOFA_noD3__all_valid	SRSF7
MYC_TARGETS_V1	entry4_SOFA_noD3__all_valid	BUB3
MYC_TARGETS_V1	entry4_SOFA_noD3__all_valid	SYNCRIP
MYC_TARGETS_V1	entry4_SOFA_noD3__all_valid	SNRPA1
MYC_TARGETS_V1	entry4_SOFA_noD3__all_valid	HNRNPR
MYC_TARGETS_V1	entry4_SOFA_noD3__all_valid	G3BP1
MYC_TARGETS_V1	entry4_SOFA_noD3__all_valid	NPM1
MYC_TARGETS_V1	entry4_SOFA_noD3__all_valid	ABCE1
MYC_TARGETS_V1	entry4_SOFA_noD3__all_valid	RPL34
MYC_TARGETS_V1	entry4_SOFA_noD3__all_valid	EEF1B2
MYC_TARGETS_V1	entry4_SOFA_noD3__all_valid	RPL22
MYC_TARGETS_V1	entry4_SOFA_noD3__all_valid	FBL
MYC_TARGETS_V1	entry4_SOFA_noD3__all_valid	TOMM70
MYC_TARGETS_V1	entry4_SOFA_noD3__all_valid	CLNS1A
MYC_TARGETS_V1	entry4_SOFA_noD3__all_valid	SET
MYC_TARGETS_V1	entry4_SOFA_noD3__all_valid	MRPS18B
MYC_TARGETS_V1	entry4_SOFA_noD3__all_valid	MAD2L1
MYC_TARGETS_V1	entry4_SOFA_noD3__all_valid	RPS5
MYC_TARGETS_V1	entry4_SOFA_noD3__all_valid	CCT4
MYC_TARGETS_V1	entry4_SOFA_noD3__all_valid	NOP56
MYC_TARGETS_V1	entry4_SOFA_noD3__all_valid	RAN
MYC_TARGETS_V1	entry4_SOFA_noD3__all_valid	RPS2
MYC_TARGETS_V1	entry4_SOFA_noD3__all_valid	DDX21
MYC_TARGETS_V1	entry4_SOFA_noD3__all_valid	RPL6
MYC_TARGETS_V1	entry4_SOFA_noD3__all_valid	SNRPD2
MYC_TARGETS_V1	entry4_SOFA_noD3__all_valid	PPIA
MYC_TARGETS_V1	entry4_SOFA_noD3__all_valid	RPLP0
MYC_TARGETS_V1	entry4_SOFA_noD3__all_valid	APEX1
MYC_TARGETS_V1	entry4_SOFA_noD3__all_valid	ILF2
MYC_TARGETS_V1	entry4_SOFA_noD3__all_valid	HSPD1
MYC_TARGETS_V1	entry4_SOFA_noD3__all_valid	RSL1D1
MYC_TARGETS_V1	entry4_SOFA_noD3__all_valid	RPS6
MYC_TARGETS_V1	entry4_SOFA_noD3__all_valid	MYC
MYC_TARGETS_V1	entry4_SOFA_noD3__all_valid	SSBP1
MYC_TARGETS_V1	entry4_SOFA_noD3__all_valid	NDUFAB1
MYC_TARGETS_V1	entry4_SOFA_noD3__all_valid	EIF3D
MYC_TARGETS_V1	entry4_SOFA_noD3__all_valid	CCT2
MYC_TARGETS_V1	entry4_SOFA_noD3__all_valid	RPS10
MYC_TARGETS_V1	entry4_SOFA_noD3__all_valid	GLO1
MYC_TARGETS_V1	entry4_SOFA_noD3__all_valid	STARD7
MYC_TARGETS_V1	entry4_SOFA_noD3__all_valid	EPRS1
MYC_TARGETS_V1	entry4_SOFA_noD3__all_valid	VDAC1
MYC_TARGETS_V1	entry4_SOFA_noD3__all_valid	PHB1
MYC_TARGETS_V1	entry4_SOFA_noD3__all_valid	EIF2S1
MYC_TARGETS_V1	entry4_SOFA_noD3__all_valid	RPL18
MYC_TARGETS_V1	entry4_SOFA_noD3__all_valid	PSMD14
MYC_TARGETS_V1	entry4_SOFA_noD3__all_valid	IARS1
MYC_TARGETS_V1	entry4_SOFA_noD3__all_valid	POLE3
MYC_TARGETS_V1	entry4_SOFA_noD3__all_valid	RPS3
MYC_TARGETS_V1	entry4_SOFA_noD3__all_valid	PSMD8
MYC_TARGETS_V1	entry4_SOFA_noD3__all_valid	NCBP2
MYC_TARGETS_V1	entry4_SOFA_noD3__all_valid	DUT
MYC_TARGETS_V1	entry4_SOFA_noD3__all_valid	RACK1
MYC_TARGETS_V1	entry4_SOFA_noD3__all_valid	HNRNPA1
MYC_TARGETS_V1	entry4_SOFA_noD3__all_valid	IMPDH2
MYC_TARGETS_V1	entry4_SOFA_noD3__all_valid	PSMA2
MYC_TARGETS_V1	entry4_SOFA_noD3__all_valid	GNL3
MYC_TARGETS_V1	entry4_SOFA_noD3__all_valid	DHX15
MYC_TARGETS_V1	entry4_SOFA_noD3__all_valid	HNRNPD
MYC_TARGETS_V1	entry4_SOFA_noD3__all_valid	PRDX4
MYC_TARGETS_V1	entry4_SOFA_noD3__all_valid	CCT7
MYC_TARGETS_V1	entry4_SOFA_noD3__all_valid	YWHAQ
MYC_TARGETS_V1	entry4_SOFA_noD3__all_valid	SRSF3
MYC_TARGETS_V1	entry4_SOFA_noD3__all_valid	PCNA
MYC_TARGETS_V1	entry4_SOFA_noD3__all_valid	MRPL9
MYC_TARGETS_V1	entry4_SOFA_noD3__all_valid	KARS1
MYC_TARGETS_V1	entry4_SOFA_noD3__all_valid	C1QBP
MYC_TARGETS_V1	entry4_SOFA_noD3__all_valid	TUFM
MYC_TARGETS_V1	entry4_SOFA_noD3__all_valid	HNRNPA3
MYC_TARGETS_V1	entry4_SOFA_noD3__all_valid	PRPS2
MYC_TARGETS_V1	entry4_SOFA_noD3__all_valid	SNRPA
MYC_TARGETS_V1	entry4_SOFA_noD3__all_valid	CDK4
MYC_TARGETS_V1	entry4_SOFA_noD3__all_valid	PABPC4
MYC_TARGETS_V1	entry4_SOFA_noD3__all_valid	MRPL23
MYC_TARGETS_V1	entry4_SOFA_noD3__all_valid	RRP9
MYC_TARGETS_V1	entry4_SOFA_noD3__all_valid	ERH
MYC_TARGETS_V1	entry4_SOFA_noD3__all_valid	RPL14
MYC_TARGETS_V1	entry4_SOFA_noD3__all_valid	RANBP1
MYC_TARGETS_V1	entry4_SOFA_noD3__all_valid	NME1
MYC_TARGETS_V1	entry4_SOFA_noD3__all_valid	HDAC2
MYC_TARGETS_V1	entry4_SOFA_noD3__all_valid	CANX
MYC_TARGETS_V1	entry4_SOFA_noD3__all_valid	RFC4
MYC_TARGETS_V1	entry4_SOFA_noD3__all_valid	SERBP1
MYC_TARGETS_V1	entry4_SOFA_noD3__all_valid	CTPS1
MYC_TARGETS_V1	entry4_SOFA_noD3__all_valid	EIF4A1
MYC_TARGETS_V1	entry4_SOFA_noD3__all_valid	SNRPD3
MYC_TARGETS_V1	entry4_SOFA_noD3__all_valid	NOLC1
MYC_TARGETS_V1	entry4_SOFA_noD3__all_valid	ACP1
MYC_TARGETS_V1	entry4_SOFA_noD3__all_valid	VDAC3
MYC_TARGETS_V1	entry4_SOFA_noD3__all_valid	SRM
MYC_TARGETS_V1	entry4_SOFA_noD3__all_valid	AIMP2
MYC_TARGETS_V1	entry4_SOFA_noD3__all_valid	ODC1
MYC_TARGETS_V1	entry4_SOFA_noD3__all_valid	XRCC6
MYC_TARGETS_V1	entry4_SOFA_noD3__all_valid	CUL1
MYC_TARGETS_V1	entry4_SOFA_noD3__all_valid	SNRPD1
MYC_TARGETS_V1	entry4_SOFA_noD3__all_valid	UBE2E1
MYC_TARGETS_V1	entry4_SOFA_noD3__all_valid	SSB
MYC_TARGETS_V1	entry4_SOFA_noD3__all_valid	TXNL4A
MYC_TARGETS_V1	entry4_SOFA_noD3__all_valid	HDDC2
MYC_TARGETS_V1	entry4_SOFA_noD3__all_valid	COX5A
MYC_TARGETS_V1	entry4_SOFA_noD3__all_valid	SLC25A3
MYC_TARGETS_V1	entry4_SOFA_noD3__all_valid	MCM5
MYC_TARGETS_V1	entry4_SOFA_noD3__all_valid	UBA2
MYC_TARGETS_V1	entry4_SOFA_noD3__all_valid	NAP1L1
MYC_TARGETS_V1	entry4_SOFA_noD3__all_valid	HSPE1
MYC_TARGETS_V1	entry4_SOFA_noD3__all_valid	SNRPB2
MYC_TARGETS_V1	entry4_SOFA_noD3__all_valid	NCBP1
MYC_TARGETS_V1	entry4_SOFA_noD3__all_valid	PHB2
MYC_TARGETS_V1	entry4_SOFA_noD3__all_valid	SF3B3
MYC_TARGETS_V1	entry4_SOFA_noD3__all_valid	CCT3
MYC_TARGETS_V1	entry4_SOFA_noD3__all_valid	CSTF2
MYC_TARGETS_V1	entry4_SOFA_noD3__all_valid	RRM1
MYC_TARGETS_V1	entry4_SOFA_noD3__all_valid	PSMB2
MYC_TARGETS_V1	entry4_SOFA_noD3__all_valid	SRSF2
MYC_TARGETS_V1	entry4_SOFA_noD3__all_valid	HSP90AB1
MYC_TARGETS_V1	entry4_SOFA_noD3__all_valid	GOT2
MYC_TARGETS_V1	entry4_SOFA_noD3__all_valid	SRSF1
MYC_TARGETS_V1	entry4_SOFA_noD3__all_valid	POLD2
MYC_TARGETS_V1	entry4_SOFA_noD3__all_valid	NOP16
MYC_TARGETS_V1	entry4_SOFA_noD3__all_valid	SMARCC1
MYC_TARGETS_V1	entry4_SOFA_noD3__all_valid	EIF4E
MYC_TARGETS_V1	entry4_SOFA_noD3__all_valid	MCM7
MYC_TARGETS_V1	entry4_SOFA_noD3__all_valid	PSMA1
MYC_TARGETS_V1	entry4_SOFA_noD3__all_valid	LSM7
MYC_TARGETS_V1	entry4_SOFA_noD3__all_valid	PPM1G
MYC_TARGETS_V1	entry4_SOFA_noD3__all_valid	XPOT
MYC_TARGETS_V1	entry4_SOFA_noD3__all_valid	EIF2S2
MYC_TARGETS_V2	entry4_SOFA_noD3__all_valid	DDX18
MYC_TARGETS_V2	entry4_SOFA_noD3__all_valid	WDR43
MYC_TARGETS_V2	entry4_SOFA_noD3__all_valid	NPM1
MYC_TARGETS_V2	entry4_SOFA_noD3__all_valid	UTP20
MYC_TARGETS_V2	entry4_SOFA_noD3__all_valid	NOP56
MYC_TARGETS_V2	entry4_SOFA_noD3__all_valid	NDUFAF4
MYC_TARGETS_V2	entry4_SOFA_noD3__all_valid	HSPD1
MYC_TARGETS_V2	entry4_SOFA_noD3__all_valid	MYC
MYC_TARGETS_V2	entry4_SOFA_noD3__all_valid	PPAN
MYC_TARGETS_V2	entry4_SOFA_noD3__all_valid	PHB1
MYC_TARGETS_V2	entry4_SOFA_noD3__all_valid	PES1
MYC_TARGETS_V2	entry4_SOFA_noD3__all_valid	MRTO4
MYC_TARGETS_V2	entry4_SOFA_noD3__all_valid	PUS1
MYC_TARGETS_V2	entry4_SOFA_noD3__all_valid	DCTPP1
MYC_TARGETS_V2	entry4_SOFA_noD3__all_valid	GNL3
MYC_TARGETS_V2	entry4_SOFA_noD3__all_valid	GRWD1
MYC_TARGETS_V2	entry4_SOFA_noD3__all_valid	CDK4
MYC_TARGETS_V2	entry4_SOFA_noD3__all_valid	SORD
MYC_TARGETS_V2	entry4_SOFA_noD3__all_valid	RRP9
MYC_TARGETS_V2	entry4_SOFA_noD3__all_valid	LAS1L
MYC_TARGETS_V2	entry4_SOFA_noD3__all_valid	NOLC1
MYC_TARGETS_V2	entry4_SOFA_noD3__all_valid	MPHOSPH10
MYC_TARGETS_V2	entry4_SOFA_noD3__all_valid	IMP4
MYC_TARGETS_V2	entry4_SOFA_noD3__all_valid	SRM
MYC_TARGETS_V2	entry4_SOFA_noD3__all_valid	AIMP2
MYC_TARGETS_V2	entry4_SOFA_noD3__all_valid	TFB2M
MYC_TARGETS_V2	entry4_SOFA_noD3__all_valid	TBRG4
MYC_TARGETS_V2	entry4_SOFA_noD3__all_valid	PRMT3
MYC_TARGETS_V2	entry4_SOFA_noD3__all_valid	MCM5
MYC_TARGETS_V2	entry4_SOFA_noD3__all_valid	HSPE1
MYC_TARGETS_V2	entry4_SOFA_noD3__all_valid	NOP16
MYC_TARGETS_V2	entry4_SOFA_noD3__all_valid	MYBBP1A
MYOGENESIS	entry4_SOFA_noD3__all_valid	ACSL1
MYOGENESIS	entry4_SOFA_noD3__all_valid	MEF2A
MYOGENESIS	entry4_SOFA_noD3__all_valid	MYBPC3
MYOGENESIS	entry4_SOFA_noD3__all_valid	GSN
MYOGENESIS	entry4_SOFA_noD3__all_valid	ITGA7
MYOGENESIS	entry4_SOFA_noD3__all_valid	SVIL
MYOGENESIS	entry4_SOFA_noD3__all_valid	FOXO4
MYOGENESIS	entry4_SOFA_noD3__all_valid	COL4A2
MYOGENESIS	entry4_SOFA_noD3__all_valid	DAPK2
MYOGENESIS	entry4_SOFA_noD3__all_valid	KLF5
MYOGENESIS	entry4_SOFA_noD3__all_valid	TGFB1
MYOGENESIS	entry4_SOFA_noD3__all_valid	PDLIM7
MYOGENESIS	entry4_SOFA_noD3__all_valid	TPM3
MYOGENESIS	entry4_SOFA_noD3__all_valid	GADD45B
MYOGENESIS	entry4_SOFA_noD3__all_valid	RIT1
MYOGENESIS	entry4_SOFA_noD3__all_valid	KIFC3
MYOGENESIS	entry4_SOFA_noD3__all_valid	MYOM1
MYOGENESIS	entry4_SOFA_noD3__all_valid	CLU
MYOGENESIS	entry4_SOFA_noD3__all_valid	MYH9
MYOGENESIS	entry4_SOFA_noD3__all_valid	COL6A3
MYOGENESIS	entry4_SOFA_noD3__all_valid	DMPK
MYOGENESIS	entry4_SOFA_noD3__all_valid	NQO1
MYOGENESIS	entry4_SOFA_noD3__all_valid	MYL6B
MYOGENESIS	entry4_SOFA_noD3__all_valid	NOTCH1
MYOGENESIS	entry4_SOFA_noD3__all_valid	PYGM
MYOGENESIS	entry4_SOFA_noD3__all_valid	ATP6AP1
MYOGENESIS	entry4_SOFA_noD3__all_valid	IFRD1
MYOGENESIS	entry4_SOFA_noD3__all_valid	LSP1
MYOGENESIS	entry4_SOFA_noD3__all_valid	CKB
MYOGENESIS	entry4_SOFA_noD3__all_valid	MYH11
MYOGENESIS	entry4_SOFA_noD3__all_valid	GPX3
NOTCH_SIGNALING	entry4_SOFA_noD3__all_valid	DTX4
NOTCH_SIGNALING	entry4_SOFA_noD3__all_valid	MAML2
NOTCH_SIGNALING	entry4_SOFA_noD3__all_valid	LFNG
NOTCH_SIGNALING	entry4_SOFA_noD3__all_valid	PSEN2
NOTCH_SIGNALING	entry4_SOFA_noD3__all_valid	HES1
NOTCH_SIGNALING	entry4_SOFA_noD3__all_valid	ARRB1
NOTCH_SIGNALING	entry4_SOFA_noD3__all_valid	CUL1
NOTCH_SIGNALING	entry4_SOFA_noD3__all_valid	FZD1
NOTCH_SIGNALING	entry4_SOFA_noD3__all_valid	DTX1
NOTCH_SIGNALING	entry4_SOFA_noD3__all_valid	PPARD
NOTCH_SIGNALING	entry4_SOFA_noD3__all_valid	SKP1
NOTCH_SIGNALING	entry4_SOFA_noD3__all_valid	KAT2A
OXIDATIVE_PHOSPHORYLATION	entry4_SOFA_noD3__all_valid	MRPS30
OXIDATIVE_PHOSPHORYLATION	entry4_SOFA_noD3__all_valid	LRPPRC
OXIDATIVE_PHOSPHORYLATION	entry4_SOFA_noD3__all_valid	LDHB
OXIDATIVE_PHOSPHORYLATION	entry4_SOFA_noD3__all_valid	PDP1
OXIDATIVE_PHOSPHORYLATION	entry4_SOFA_noD3__all_valid	MRPL35
OXIDATIVE_PHOSPHORYLATION	entry4_SOFA_noD3__all_valid	TOMM70
OXIDATIVE_PHOSPHORYLATION	entry4_SOFA_noD3__all_valid	TIMM17A
OXIDATIVE_PHOSPHORYLATION	entry4_SOFA_noD3__all_valid	CYCS
OXIDATIVE_PHOSPHORYLATION	entry4_SOFA_noD3__all_valid	OXA1L
OXIDATIVE_PHOSPHORYLATION	entry4_SOFA_noD3__all_valid	DLAT
OXIDATIVE_PHOSPHORYLATION	entry4_SOFA_noD3__all_valid	ABCB7
OXIDATIVE_PHOSPHORYLATION	entry4_SOFA_noD3__all_valid	MDH1
OXIDATIVE_PHOSPHORYLATION	entry4_SOFA_noD3__all_valid	MRPL15
OXIDATIVE_PHOSPHORYLATION	entry4_SOFA_noD3__all_valid	ATP5MC1
OXIDATIVE_PHOSPHORYLATION	entry4_SOFA_noD3__all_valid	NDUFB5
OXIDATIVE_PHOSPHORYLATION	entry4_SOFA_noD3__all_valid	ATP5PO
OXIDATIVE_PHOSPHORYLATION	entry4_SOFA_noD3__all_valid	HSPA9
OXIDATIVE_PHOSPHORYLATION	entry4_SOFA_noD3__all_valid	COX7C
OXIDATIVE_PHOSPHORYLATION	entry4_SOFA_noD3__all_valid	ECHS1
OXIDATIVE_PHOSPHORYLATION	entry4_SOFA_noD3__all_valid	COX10
OXIDATIVE_PHOSPHORYLATION	entry4_SOFA_noD3__all_valid	NDUFAB1
OXIDATIVE_PHOSPHORYLATION	entry4_SOFA_noD3__all_valid	COX6C
OXIDATIVE_PHOSPHORYLATION	entry4_SOFA_noD3__all_valid	ATP5MC2
OXIDATIVE_PHOSPHORYLATION	entry4_SOFA_noD3__all_valid	VDAC1
OXIDATIVE_PHOSPHORYLATION	entry4_SOFA_noD3__all_valid	ACAA2
OXIDATIVE_PHOSPHORYLATION	entry4_SOFA_noD3__all_valid	TOMM22
OXIDATIVE_PHOSPHORYLATION	entry4_SOFA_noD3__all_valid	SLC25A4
OXIDATIVE_PHOSPHORYLATION	entry4_SOFA_noD3__all_valid	NDUFS3
OXIDATIVE_PHOSPHORYLATION	entry4_SOFA_noD3__all_valid	PDK4
OXIDATIVE_PHOSPHORYLATION	entry4_SOFA_noD3__all_valid	NDUFB2
OXIDATIVE_PHOSPHORYLATION	entry4_SOFA_noD3__all_valid	UQCRC2
OXIDATIVE_PHOSPHORYLATION	entry4_SOFA_noD3__all_valid	BDH2
OXIDATIVE_PHOSPHORYLATION	entry4_SOFA_noD3__all_valid	NDUFV1
OXIDATIVE_PHOSPHORYLATION	entry4_SOFA_noD3__all_valid	ATP5MC3
OXIDATIVE_PHOSPHORYLATION	entry4_SOFA_noD3__all_valid	MRPL11
OXIDATIVE_PHOSPHORYLATION	entry4_SOFA_noD3__all_valid	TIMM13
OXIDATIVE_PHOSPHORYLATION	entry4_SOFA_noD3__all_valid	VDAC2
OXIDATIVE_PHOSPHORYLATION	entry4_SOFA_noD3__all_valid	NDUFA8
OXIDATIVE_PHOSPHORYLATION	entry4_SOFA_noD3__all_valid	HSD17B10
OXIDATIVE_PHOSPHORYLATION	entry4_SOFA_noD3__all_valid	ATP5F1A
OXIDATIVE_PHOSPHORYLATION	entry4_SOFA_noD3__all_valid	ECI1
OXIDATIVE_PHOSPHORYLATION	entry4_SOFA_noD3__all_valid	PHYH
OXIDATIVE_PHOSPHORYLATION	entry4_SOFA_noD3__all_valid	SLC25A6
OXIDATIVE_PHOSPHORYLATION	entry4_SOFA_noD3__all_valid	GLUD1
OXIDATIVE_PHOSPHORYLATION	entry4_SOFA_noD3__all_valid	IMMT
OXIDATIVE_PHOSPHORYLATION	entry4_SOFA_noD3__all_valid	SLC25A5
OXIDATIVE_PHOSPHORYLATION	entry4_SOFA_noD3__all_valid	IDH2
OXIDATIVE_PHOSPHORYLATION	entry4_SOFA_noD3__all_valid	PMPCA
OXIDATIVE_PHOSPHORYLATION	entry4_SOFA_noD3__all_valid	CASP7
OXIDATIVE_PHOSPHORYLATION	entry4_SOFA_noD3__all_valid	NDUFA4
OXIDATIVE_PHOSPHORYLATION	entry4_SOFA_noD3__all_valid	ACADM
OXIDATIVE_PHOSPHORYLATION	entry4_SOFA_noD3__all_valid	NDUFA5
OXIDATIVE_PHOSPHORYLATION	entry4_SOFA_noD3__all_valid	TIMM10
OXIDATIVE_PHOSPHORYLATION	entry4_SOFA_noD3__all_valid	ACADSB
OXIDATIVE_PHOSPHORYLATION	entry4_SOFA_noD3__all_valid	TIMM9
OXIDATIVE_PHOSPHORYLATION	entry4_SOFA_noD3__all_valid	MGST3
OXIDATIVE_PHOSPHORYLATION	entry4_SOFA_noD3__all_valid	MRPS12
OXIDATIVE_PHOSPHORYLATION	entry4_SOFA_noD3__all_valid	NDUFB8
OXIDATIVE_PHOSPHORYLATION	entry4_SOFA_noD3__all_valid	COX7A2
OXIDATIVE_PHOSPHORYLATION	entry4_SOFA_noD3__all_valid	SDHD
OXIDATIVE_PHOSPHORYLATION	entry4_SOFA_noD3__all_valid	TIMM50
OXIDATIVE_PHOSPHORYLATION	entry4_SOFA_noD3__all_valid	UQCRQ
OXIDATIVE_PHOSPHORYLATION	entry4_SOFA_noD3__all_valid	ATP5PB
OXIDATIVE_PHOSPHORYLATION	entry4_SOFA_noD3__all_valid	NDUFA6
OXIDATIVE_PHOSPHORYLATION	entry4_SOFA_noD3__all_valid	PDHA1
OXIDATIVE_PHOSPHORYLATION	entry4_SOFA_noD3__all_valid	COX4I1
OXIDATIVE_PHOSPHORYLATION	entry4_SOFA_noD3__all_valid	UQCRFS1
OXIDATIVE_PHOSPHORYLATION	entry4_SOFA_noD3__all_valid	VDAC3
OXIDATIVE_PHOSPHORYLATION	entry4_SOFA_noD3__all_valid	FDX1
OXIDATIVE_PHOSPHORYLATION	entry4_SOFA_noD3__all_valid	UQCR10
OXIDATIVE_PHOSPHORYLATION	entry4_SOFA_noD3__all_valid	OPA1
OXIDATIVE_PHOSPHORYLATION	entry4_SOFA_noD3__all_valid	NDUFS6
OXIDATIVE_PHOSPHORYLATION	entry4_SOFA_noD3__all_valid	NNT
OXIDATIVE_PHOSPHORYLATION	entry4_SOFA_noD3__all_valid	COX5A
OXIDATIVE_PHOSPHORYLATION	entry4_SOFA_noD3__all_valid	MRPS11
OXIDATIVE_PHOSPHORYLATION	entry4_SOFA_noD3__all_valid	IDH3A
OXIDATIVE_PHOSPHORYLATION	entry4_SOFA_noD3__all_valid	ATP6V1F
OXIDATIVE_PHOSPHORYLATION	entry4_SOFA_noD3__all_valid	SLC25A20
OXIDATIVE_PHOSPHORYLATION	entry4_SOFA_noD3__all_valid	MTX2
OXIDATIVE_PHOSPHORYLATION	entry4_SOFA_noD3__all_valid	SLC25A3
OXIDATIVE_PHOSPHORYLATION	entry4_SOFA_noD3__all_valid	SUCLA2
OXIDATIVE_PHOSPHORYLATION	entry4_SOFA_noD3__all_valid	ETFA
OXIDATIVE_PHOSPHORYLATION	entry4_SOFA_noD3__all_valid	COX11
OXIDATIVE_PHOSPHORYLATION	entry4_SOFA_noD3__all_valid	ATP5F1C
OXIDATIVE_PHOSPHORYLATION	entry4_SOFA_noD3__all_valid	PHB2
OXIDATIVE_PHOSPHORYLATION	entry4_SOFA_noD3__all_valid	FH
OXIDATIVE_PHOSPHORYLATION	entry4_SOFA_noD3__all_valid	ATP5PD
OXIDATIVE_PHOSPHORYLATION	entry4_SOFA_noD3__all_valid	GOT2
OXIDATIVE_PHOSPHORYLATION	entry4_SOFA_noD3__all_valid	MDH2
OXIDATIVE_PHOSPHORYLATION	entry4_SOFA_noD3__all_valid	SLC25A12
OXIDATIVE_PHOSPHORYLATION	entry4_SOFA_noD3__all_valid	UQCRB
OXIDATIVE_PHOSPHORYLATION	entry4_SOFA_noD3__all_valid	ATP1B1
OXIDATIVE_PHOSPHORYLATION	entry4_SOFA_noD3__all_valid	ATP5PF
OXIDATIVE_PHOSPHORYLATION	entry4_SOFA_noD3__all_valid	IDH3B
OXIDATIVE_PHOSPHORYLATION	entry4_SOFA_noD3__all_valid	ACO2
OXIDATIVE_PHOSPHORYLATION	entry4_SOFA_noD3__all_valid	ALDH6A1
OXIDATIVE_PHOSPHORYLATION	entry4_SOFA_noD3__all_valid	FXN
OXIDATIVE_PHOSPHORYLATION	entry4_SOFA_noD3__all_valid	NDUFB4
OXIDATIVE_PHOSPHORYLATION	entry4_SOFA_noD3__all_valid	ATP5F1B
OXIDATIVE_PHOSPHORYLATION	entry4_SOFA_noD3__all_valid	NDUFA9
OXIDATIVE_PHOSPHORYLATION	entry4_SOFA_noD3__all_valid	ECH1
OXIDATIVE_PHOSPHORYLATION	entry4_SOFA_noD3__all_valid	NDUFS7
OXIDATIVE_PHOSPHORYLATION	entry4_SOFA_noD3__all_valid	BAX
OXIDATIVE_PHOSPHORYLATION	entry4_SOFA_noD3__all_valid	ATP6V1G1
OXIDATIVE_PHOSPHORYLATION	entry4_SOFA_noD3__all_valid	ACAT1
OXIDATIVE_PHOSPHORYLATION	entry4_SOFA_noD3__all_valid	PRDX3
OXIDATIVE_PHOSPHORYLATION	entry4_SOFA_noD3__all_valid	MRPL34
OXIDATIVE_PHOSPHORYLATION	entry4_SOFA_noD3__all_valid	AIFM1
P53_PATHWAY	entry4_SOFA_noD3__all_valid	UPP1
P53_PATHWAY	entry4_SOFA_noD3__all_valid	NDRG1
P53_PATHWAY	entry4_SOFA_noD3__all_valid	TGFA
P53_PATHWAY	entry4_SOFA_noD3__all_valid	GADD45A
P53_PATHWAY	entry4_SOFA_noD3__all_valid	CCND3
P53_PATHWAY	entry4_SOFA_noD3__all_valid	ZBTB16
P53_PATHWAY	entry4_SOFA_noD3__all_valid	DRAM1
P53_PATHWAY	entry4_SOFA_noD3__all_valid	ABHD4
P53_PATHWAY	entry4_SOFA_noD3__all_valid	ALOX15B
P53_PATHWAY	entry4_SOFA_noD3__all_valid	PTPRE
P53_PATHWAY	entry4_SOFA_noD3__all_valid	MXD1
P53_PATHWAY	entry4_SOFA_noD3__all_valid	ACVR1B
P53_PATHWAY	entry4_SOFA_noD3__all_valid	STOM
P53_PATHWAY	entry4_SOFA_noD3__all_valid	APAF1
P53_PATHWAY	entry4_SOFA_noD3__all_valid	TRAFD1
P53_PATHWAY	entry4_SOFA_noD3__all_valid	CD82
P53_PATHWAY	entry4_SOFA_noD3__all_valid	CEBPA
P53_PATHWAY	entry4_SOFA_noD3__all_valid	NUPR1
P53_PATHWAY	entry4_SOFA_noD3__all_valid	PRMT2
P53_PATHWAY	entry4_SOFA_noD3__all_valid	FAS
P53_PATHWAY	entry4_SOFA_noD3__all_valid	HEXIM1
P53_PATHWAY	entry4_SOFA_noD3__all_valid	CDK5R1
P53_PATHWAY	entry4_SOFA_noD3__all_valid	SP1
P53_PATHWAY	entry4_SOFA_noD3__all_valid	TOB1
P53_PATHWAY	entry4_SOFA_noD3__all_valid	FOXO3
P53_PATHWAY	entry4_SOFA_noD3__all_valid	RHBDF2
P53_PATHWAY	entry4_SOFA_noD3__all_valid	RXRA
P53_PATHWAY	entry4_SOFA_noD3__all_valid	RNF19B
P53_PATHWAY	entry4_SOFA_noD3__all_valid	PRKAB1
P53_PATHWAY	entry4_SOFA_noD3__all_valid	PPP1R15A
P53_PATHWAY	entry4_SOFA_noD3__all_valid	TGFB1
P53_PATHWAY	entry4_SOFA_noD3__all_valid	IER3
P53_PATHWAY	entry4_SOFA_noD3__all_valid	INHBB
P53_PATHWAY	entry4_SOFA_noD3__all_valid	SOCS1
P53_PATHWAY	entry4_SOFA_noD3__all_valid	CTSD
P53_PATHWAY	entry4_SOFA_noD3__all_valid	GPX2
P53_PATHWAY	entry4_SOFA_noD3__all_valid	CSRNP2
P53_PATHWAY	entry4_SOFA_noD3__all_valid	PLK3
P53_PATHWAY	entry4_SOFA_noD3__all_valid	TAP1
P53_PATHWAY	entry4_SOFA_noD3__all_valid	CCP110
P53_PATHWAY	entry4_SOFA_noD3__all_valid	NOTCH1
P53_PATHWAY	entry4_SOFA_noD3__all_valid	PPM1D
P53_PATHWAY	entry4_SOFA_noD3__all_valid	ZFP36L1
P53_PATHWAY	entry4_SOFA_noD3__all_valid	SERTAD3
P53_PATHWAY	entry4_SOFA_noD3__all_valid	MKNK2
P53_PATHWAY	entry4_SOFA_noD3__all_valid	GM2A
P53_PATHWAY	entry4_SOFA_noD3__all_valid	VDR
P53_PATHWAY	entry4_SOFA_noD3__all_valid	DDIT4
P53_PATHWAY	entry4_SOFA_noD3__all_valid	FGF13
PEROXISOME	entry4_SOFA_noD3__all_valid	SLC23A2
PEROXISOME	entry4_SOFA_noD3__all_valid	ABCD2
PEROXISOME	entry4_SOFA_noD3__all_valid	CLN6
PEROXISOME	entry4_SOFA_noD3__all_valid	SLC25A4
PEROXISOME	entry4_SOFA_noD3__all_valid	HRAS
PEROXISOME	entry4_SOFA_noD3__all_valid	SLC35B2
PEROXISOME	entry4_SOFA_noD3__all_valid	ERCC3
PEROXISOME	entry4_SOFA_noD3__all_valid	EPHX2
PEROXISOME	entry4_SOFA_noD3__all_valid	IDH2
PEROXISOME	entry4_SOFA_noD3__all_valid	DHRS3
PEROXISOME	entry4_SOFA_noD3__all_valid	CADM1
PEROXISOME	entry4_SOFA_noD3__all_valid	PRDX1
PEROXISOME	entry4_SOFA_noD3__all_valid	HSD17B4
PEROXISOME	entry4_SOFA_noD3__all_valid	SLC25A19
PEROXISOME	entry4_SOFA_noD3__all_valid	ABCB4
PEROXISOME	entry4_SOFA_noD3__all_valid	ABCB1
PEROXISOME	entry4_SOFA_noD3__all_valid	SCP2
PEROXISOME	entry4_SOFA_noD3__all_valid	ECI2
PEROXISOME	entry4_SOFA_noD3__all_valid	CTPS1
PEROXISOME	entry4_SOFA_noD3__all_valid	ACSL5
PEROXISOME	entry4_SOFA_noD3__all_valid	SOD1
PEROXISOME	entry4_SOFA_noD3__all_valid	MSH2
PEROXISOME	entry4_SOFA_noD3__all_valid	SLC27A2
PEROXISOME	entry4_SOFA_noD3__all_valid	SMARCC1
PEROXISOME	entry4_SOFA_noD3__all_valid	EHHADH
PEROXISOME	entry4_SOFA_noD3__all_valid	IDE
PEROXISOME	entry4_SOFA_noD3__all_valid	ITGB1BP1
PEROXISOME	entry4_SOFA_noD3__all_valid	ABCD3
PEROXISOME	entry4_SOFA_noD3__all_valid	MLYCD
PEROXISOME	entry4_SOFA_noD3__all_valid	ISOC1
PEROXISOME	entry4_SOFA_noD3__all_valid	PEX11B
PEROXISOME	entry4_SOFA_noD3__all_valid	ALDH1A1
PEROXISOME	entry4_SOFA_noD3__all_valid	ECH1
PI3K_AKT_MTOR_SIGNALING	entry4_SOFA_noD3__all_valid	MKNK1
PI3K_AKT_MTOR_SIGNALING	entry4_SOFA_noD3__all_valid	CAB39
PI3K_AKT_MTOR_SIGNALING	entry4_SOFA_noD3__all_valid	MAP2K6
PI3K_AKT_MTOR_SIGNALING	entry4_SOFA_noD3__all_valid	SLA
PI3K_AKT_MTOR_SIGNALING	entry4_SOFA_noD3__all_valid	PRKCB
PI3K_AKT_MTOR_SIGNALING	entry4_SOFA_noD3__all_valid	TNFRSF1A
PI3K_AKT_MTOR_SIGNALING	entry4_SOFA_noD3__all_valid	MAPK1
PI3K_AKT_MTOR_SIGNALING	entry4_SOFA_noD3__all_valid	PRKAR2A
PI3K_AKT_MTOR_SIGNALING	entry4_SOFA_noD3__all_valid	DUSP3
PI3K_AKT_MTOR_SIGNALING	entry4_SOFA_noD3__all_valid	RAC1
PI3K_AKT_MTOR_SIGNALING	entry4_SOFA_noD3__all_valid	VAV3
PI3K_AKT_MTOR_SIGNALING	entry4_SOFA_noD3__all_valid	PTEN
PI3K_AKT_MTOR_SIGNALING	entry4_SOFA_noD3__all_valid	GSK3B
PI3K_AKT_MTOR_SIGNALING	entry4_SOFA_noD3__all_valid	MAP2K3
PI3K_AKT_MTOR_SIGNALING	entry4_SOFA_noD3__all_valid	RPS6KA3
PI3K_AKT_MTOR_SIGNALING	entry4_SOFA_noD3__all_valid	RALB
PI3K_AKT_MTOR_SIGNALING	entry4_SOFA_noD3__all_valid	SLC2A1
PI3K_AKT_MTOR_SIGNALING	entry4_SOFA_noD3__all_valid	RPS6KA1
PI3K_AKT_MTOR_SIGNALING	entry4_SOFA_noD3__all_valid	GRB2
PI3K_AKT_MTOR_SIGNALING	entry4_SOFA_noD3__all_valid	RAF1
PI3K_AKT_MTOR_SIGNALING	entry4_SOFA_noD3__all_valid	MYD88
PI3K_AKT_MTOR_SIGNALING	entry4_SOFA_noD3__all_valid	CDKN1B
PI3K_AKT_MTOR_SIGNALING	entry4_SOFA_noD3__all_valid	RIT1
PI3K_AKT_MTOR_SIGNALING	entry4_SOFA_noD3__all_valid	YWHAB
PI3K_AKT_MTOR_SIGNALING	entry4_SOFA_noD3__all_valid	CFL1
PI3K_AKT_MTOR_SIGNALING	entry4_SOFA_noD3__all_valid	UBE2D3
PI3K_AKT_MTOR_SIGNALING	entry4_SOFA_noD3__all_valid	IRAK4
PI3K_AKT_MTOR_SIGNALING	entry4_SOFA_noD3__all_valid	ACTR2
PI3K_AKT_MTOR_SIGNALING	entry4_SOFA_noD3__all_valid	RIPK1
PI3K_AKT_MTOR_SIGNALING	entry4_SOFA_noD3__all_valid	SMAD2
PI3K_AKT_MTOR_SIGNALING	entry4_SOFA_noD3__all_valid	ACTR3
PI3K_AKT_MTOR_SIGNALING	entry4_SOFA_noD3__all_valid	AKT1S1
PI3K_AKT_MTOR_SIGNALING	entry4_SOFA_noD3__all_valid	PIKFYVE
PI3K_AKT_MTOR_SIGNALING	entry4_SOFA_noD3__all_valid	GRK2
PI3K_AKT_MTOR_SIGNALING	entry4_SOFA_noD3__all_valid	CLTC
PI3K_AKT_MTOR_SIGNALING	entry4_SOFA_noD3__all_valid	MKNK2
PI3K_AKT_MTOR_SIGNALING	entry4_SOFA_noD3__all_valid	MAPK10
PI3K_AKT_MTOR_SIGNALING	entry4_SOFA_noD3__all_valid	ARF1
PI3K_AKT_MTOR_SIGNALING	entry4_SOFA_noD3__all_valid	TBK1
PI3K_AKT_MTOR_SIGNALING	entry4_SOFA_noD3__all_valid	IL2RG
PI3K_AKT_MTOR_SIGNALING	entry4_SOFA_noD3__all_valid	E2F1
PI3K_AKT_MTOR_SIGNALING	entry4_SOFA_noD3__all_valid	PDK1
PI3K_AKT_MTOR_SIGNALING	entry4_SOFA_noD3__all_valid	ITPR2
PI3K_AKT_MTOR_SIGNALING	entry4_SOFA_noD3__all_valid	PTPN11
PI3K_AKT_MTOR_SIGNALING	entry4_SOFA_noD3__all_valid	PFN1
PI3K_AKT_MTOR_SIGNALING	entry4_SOFA_noD3__all_valid	AP2M1
PI3K_AKT_MTOR_SIGNALING	entry4_SOFA_noD3__all_valid	NFKBIB
PROTEIN_SECRETION	entry4_SOFA_noD3__all_valid	KIF1B
PROTEIN_SECRETION	entry4_SOFA_noD3__all_valid	MAPK1
PROTEIN_SECRETION	entry4_SOFA_noD3__all_valid	RPS6KA3
PROTEIN_SECRETION	entry4_SOFA_noD3__all_valid	STX16
PROTEIN_SECRETION	entry4_SOFA_noD3__all_valid	IGF2R
PROTEIN_SECRETION	entry4_SOFA_noD3__all_valid	GNAS
PROTEIN_SECRETION	entry4_SOFA_noD3__all_valid	AP2B1
PROTEIN_SECRETION	entry4_SOFA_noD3__all_valid	PAM
PROTEIN_SECRETION	entry4_SOFA_noD3__all_valid	CD63
PROTEIN_SECRETION	entry4_SOFA_noD3__all_valid	GLA
PROTEIN_SECRETION	entry4_SOFA_noD3__all_valid	ARFGEF1
PROTEIN_SECRETION	entry4_SOFA_noD3__all_valid	STX7
PROTEIN_SECRETION	entry4_SOFA_noD3__all_valid	RAB5A
PROTEIN_SECRETION	entry4_SOFA_noD3__all_valid	VAMP3
PROTEIN_SECRETION	entry4_SOFA_noD3__all_valid	LAMP2
PROTEIN_SECRETION	entry4_SOFA_noD3__all_valid	AP1G1
PROTEIN_SECRETION	entry4_SOFA_noD3__all_valid	SEC22B
PROTEIN_SECRETION	entry4_SOFA_noD3__all_valid	CLTC
PROTEIN_SECRETION	entry4_SOFA_noD3__all_valid	ARF1
PROTEIN_SECRETION	entry4_SOFA_noD3__all_valid	AP3S1
PROTEIN_SECRETION	entry4_SOFA_noD3__all_valid	STAM
PROTEIN_SECRETION	entry4_SOFA_noD3__all_valid	ARFGAP3
PROTEIN_SECRETION	entry4_SOFA_noD3__all_valid	RAB2A
PROTEIN_SECRETION	entry4_SOFA_noD3__all_valid	COPB1
PROTEIN_SECRETION	entry4_SOFA_noD3__all_valid	VPS4B
PROTEIN_SECRETION	entry4_SOFA_noD3__all_valid	AP2M1
PROTEIN_SECRETION	entry4_SOFA_noD3__all_valid	ATP6V1H
PROTEIN_SECRETION	entry4_SOFA_noD3__all_valid	CLN5
PROTEIN_SECRETION	entry4_SOFA_noD3__all_valid	RAB14
REACTIVE_OXYGEN_SPECIES_PATHWAY	entry4_SOFA_noD3__all_valid	GCLM
REACTIVE_OXYGEN_SPECIES_PATHWAY	entry4_SOFA_noD3__all_valid	GSR
REACTIVE_OXYGEN_SPECIES_PATHWAY	entry4_SOFA_noD3__all_valid	HHEX
REACTIVE_OXYGEN_SPECIES_PATHWAY	entry4_SOFA_noD3__all_valid	FES
REACTIVE_OXYGEN_SPECIES_PATHWAY	entry4_SOFA_noD3__all_valid	MSRA
REACTIVE_OXYGEN_SPECIES_PATHWAY	entry4_SOFA_noD3__all_valid	MBP
REACTIVE_OXYGEN_SPECIES_PATHWAY	entry4_SOFA_noD3__all_valid	SBNO2
REACTIVE_OXYGEN_SPECIES_PATHWAY	entry4_SOFA_noD3__all_valid	CDKN2D
REACTIVE_OXYGEN_SPECIES_PATHWAY	entry4_SOFA_noD3__all_valid	G6PD
REACTIVE_OXYGEN_SPECIES_PATHWAY	entry4_SOFA_noD3__all_valid	OXSR1
REACTIVE_OXYGEN_SPECIES_PATHWAY	entry4_SOFA_noD3__all_valid	TXNRD1
REACTIVE_OXYGEN_SPECIES_PATHWAY	entry4_SOFA_noD3__all_valid	LAMTOR5
REACTIVE_OXYGEN_SPECIES_PATHWAY	entry4_SOFA_noD3__all_valid	SRXN1
REACTIVE_OXYGEN_SPECIES_PATHWAY	entry4_SOFA_noD3__all_valid	TXN
REACTIVE_OXYGEN_SPECIES_PATHWAY	entry4_SOFA_noD3__all_valid	NQO1
REACTIVE_OXYGEN_SPECIES_PATHWAY	entry4_SOFA_noD3__all_valid	GLRX
REACTIVE_OXYGEN_SPECIES_PATHWAY	entry4_SOFA_noD3__all_valid	JUNB
REACTIVE_OXYGEN_SPECIES_PATHWAY	entry4_SOFA_noD3__all_valid	EGLN2
REACTIVE_OXYGEN_SPECIES_PATHWAY	entry4_SOFA_noD3__all_valid	FTL
REACTIVE_OXYGEN_SPECIES_PATHWAY	entry4_SOFA_noD3__all_valid	PRDX6
REACTIVE_OXYGEN_SPECIES_PATHWAY	entry4_SOFA_noD3__all_valid	LSP1
REACTIVE_OXYGEN_SPECIES_PATHWAY	entry4_SOFA_noD3__all_valid	GPX3
SPERMATOGENESIS	entry4_SOFA_noD3__all_valid	PGS1
SPERMATOGENESIS	entry4_SOFA_noD3__all_valid	AGFG1
SPERMATOGENESIS	entry4_SOFA_noD3__all_valid	TLE4
SPERMATOGENESIS	entry4_SOFA_noD3__all_valid	PRKAR2A
SPERMATOGENESIS	entry4_SOFA_noD3__all_valid	CCNA1
SPERMATOGENESIS	entry4_SOFA_noD3__all_valid	CLVS1
SPERMATOGENESIS	entry4_SOFA_noD3__all_valid	BRAF
SPERMATOGENESIS	entry4_SOFA_noD3__all_valid	TALDO1
SPERMATOGENESIS	entry4_SOFA_noD3__all_valid	IP6K1
SPERMATOGENESIS	entry4_SOFA_noD3__all_valid	PHF7
SPERMATOGENESIS	entry4_SOFA_noD3__all_valid	H1-6
SPERMATOGENESIS	entry4_SOFA_noD3__all_valid	CHFR
SPERMATOGENESIS	entry4_SOFA_noD3__all_valid	SHE
TGF_BETA_SIGNALING	entry4_SOFA_noD3__all_valid	FKBP1A
TGF_BETA_SIGNALING	entry4_SOFA_noD3__all_valid	RAB31
TGF_BETA_SIGNALING	entry4_SOFA_noD3__all_valid	FURIN
TGF_BETA_SIGNALING	entry4_SOFA_noD3__all_valid	IFNGR2
TGF_BETA_SIGNALING	entry4_SOFA_noD3__all_valid	HIPK2
TGF_BETA_SIGNALING	entry4_SOFA_noD3__all_valid	TGFBR1
TGF_BETA_SIGNALING	entry4_SOFA_noD3__all_valid	SPTBN1
TGF_BETA_SIGNALING	entry4_SOFA_noD3__all_valid	SERPINE1
TGF_BETA_SIGNALING	entry4_SOFA_noD3__all_valid	PPP1R15A
TGF_BETA_SIGNALING	entry4_SOFA_noD3__all_valid	TGFB1
TGF_BETA_SIGNALING	entry4_SOFA_noD3__all_valid	UBE2D3
TGF_BETA_SIGNALING	entry4_SOFA_noD3__all_valid	CTNNB1
TGF_BETA_SIGNALING	entry4_SOFA_noD3__all_valid	THBS1
TGF_BETA_SIGNALING	entry4_SOFA_noD3__all_valid	XIAP
TGF_BETA_SIGNALING	entry4_SOFA_noD3__all_valid	SKI
TGF_BETA_SIGNALING	entry4_SOFA_noD3__all_valid	PPM1A
TGF_BETA_SIGNALING	entry4_SOFA_noD3__all_valid	SMAD1
TGF_BETA_SIGNALING	entry4_SOFA_noD3__all_valid	APC
TGF_BETA_SIGNALING	entry4_SOFA_noD3__all_valid	JUNB
TGF_BETA_SIGNALING	entry4_SOFA_noD3__all_valid	SMURF1
TGF_BETA_SIGNALING	entry4_SOFA_noD3__all_valid	RHOA
TNFA_SIGNALING_VIA_NFKB	entry4_SOFA_noD3__all_valid	BCL6
TNFA_SIGNALING_VIA_NFKB	entry4_SOFA_noD3__all_valid	PFKFB3
TNFA_SIGNALING_VIA_NFKB	entry4_SOFA_noD3__all_valid	ETS2
TNFA_SIGNALING_VIA_NFKB	entry4_SOFA_noD3__all_valid	GADD45A
TNFA_SIGNALING_VIA_NFKB	entry4_SOFA_noD3__all_valid	CFLAR
TNFA_SIGNALING_VIA_NFKB	entry4_SOFA_noD3__all_valid	NFIL3
TNFA_SIGNALING_VIA_NFKB	entry4_SOFA_noD3__all_valid	SLC2A3
TNFA_SIGNALING_VIA_NFKB	entry4_SOFA_noD3__all_valid	B4GALT5
TNFA_SIGNALING_VIA_NFKB	entry4_SOFA_noD3__all_valid	FOSL2
TNFA_SIGNALING_VIA_NFKB	entry4_SOFA_noD3__all_valid	BCL2A1
TNFA_SIGNALING_VIA_NFKB	entry4_SOFA_noD3__all_valid	SOCS3
TNFA_SIGNALING_VIA_NFKB	entry4_SOFA_noD3__all_valid	IRS2
TNFA_SIGNALING_VIA_NFKB	entry4_SOFA_noD3__all_valid	DRAM1
TNFA_SIGNALING_VIA_NFKB	entry4_SOFA_noD3__all_valid	LITAF
TNFA_SIGNALING_VIA_NFKB	entry4_SOFA_noD3__all_valid	PTPRE
TNFA_SIGNALING_VIA_NFKB	entry4_SOFA_noD3__all_valid	MXD1
TNFA_SIGNALING_VIA_NFKB	entry4_SOFA_noD3__all_valid	IFNGR2
TNFA_SIGNALING_VIA_NFKB	entry4_SOFA_noD3__all_valid	TLR2
TNFA_SIGNALING_VIA_NFKB	entry4_SOFA_noD3__all_valid	KLF6
TNFA_SIGNALING_VIA_NFKB	entry4_SOFA_noD3__all_valid	TIPARP
TNFA_SIGNALING_VIA_NFKB	entry4_SOFA_noD3__all_valid	RCAN1
TNFA_SIGNALING_VIA_NFKB	entry4_SOFA_noD3__all_valid	NFKB1
TNFA_SIGNALING_VIA_NFKB	entry4_SOFA_noD3__all_valid	KLF9
TNFA_SIGNALING_VIA_NFKB	entry4_SOFA_noD3__all_valid	NFKBIA
TNFA_SIGNALING_VIA_NFKB	entry4_SOFA_noD3__all_valid	MAP2K3
TNFA_SIGNALING_VIA_NFKB	entry4_SOFA_noD3__all_valid	TNIP1
TNFA_SIGNALING_VIA_NFKB	entry4_SOFA_noD3__all_valid	LDLR
TNFA_SIGNALING_VIA_NFKB	entry4_SOFA_noD3__all_valid	EHD1
TNFA_SIGNALING_VIA_NFKB	entry4_SOFA_noD3__all_valid	DENND5A
TNFA_SIGNALING_VIA_NFKB	entry4_SOFA_noD3__all_valid	CD44
TNFA_SIGNALING_VIA_NFKB	entry4_SOFA_noD3__all_valid	BCL3
TNFA_SIGNALING_VIA_NFKB	entry4_SOFA_noD3__all_valid	F2RL1
TNFA_SIGNALING_VIA_NFKB	entry4_SOFA_noD3__all_valid	MAP3K8
TNFA_SIGNALING_VIA_NFKB	entry4_SOFA_noD3__all_valid	PER1
TNFA_SIGNALING_VIA_NFKB	entry4_SOFA_noD3__all_valid	CSF1
TNFA_SIGNALING_VIA_NFKB	entry4_SOFA_noD3__all_valid	SERPINE1
TNFA_SIGNALING_VIA_NFKB	entry4_SOFA_noD3__all_valid	PNRC1
TNFA_SIGNALING_VIA_NFKB	entry4_SOFA_noD3__all_valid	RNF19B
TNFA_SIGNALING_VIA_NFKB	entry4_SOFA_noD3__all_valid	ZC3H12A
TNFA_SIGNALING_VIA_NFKB	entry4_SOFA_noD3__all_valid	PPP1R15A
TNFA_SIGNALING_VIA_NFKB	entry4_SOFA_noD3__all_valid	CEBPD
TNFA_SIGNALING_VIA_NFKB	entry4_SOFA_noD3__all_valid	GADD45B
TNFA_SIGNALING_VIA_NFKB	entry4_SOFA_noD3__all_valid	KDM6B
TNFA_SIGNALING_VIA_NFKB	entry4_SOFA_noD3__all_valid	CEBPB
TNFA_SIGNALING_VIA_NFKB	entry4_SOFA_noD3__all_valid	TNFAIP3
TNFA_SIGNALING_VIA_NFKB	entry4_SOFA_noD3__all_valid	NFE2L2
TNFA_SIGNALING_VIA_NFKB	entry4_SOFA_noD3__all_valid	AREG
TNFA_SIGNALING_VIA_NFKB	entry4_SOFA_noD3__all_valid	IER3
TNFA_SIGNALING_VIA_NFKB	entry4_SOFA_noD3__all_valid	NAMPT
TNFA_SIGNALING_VIA_NFKB	entry4_SOFA_noD3__all_valid	DUSP1
TNFA_SIGNALING_VIA_NFKB	entry4_SOFA_noD3__all_valid	TRIB1
TNFA_SIGNALING_VIA_NFKB	entry4_SOFA_noD3__all_valid	B4GALT1
TNFA_SIGNALING_VIA_NFKB	entry4_SOFA_noD3__all_valid	STAT5A
TNFA_SIGNALING_VIA_NFKB	entry4_SOFA_noD3__all_valid	MARCKS
TNFA_SIGNALING_VIA_NFKB	entry4_SOFA_noD3__all_valid	JAG1
TNFA_SIGNALING_VIA_NFKB	entry4_SOFA_noD3__all_valid	ICAM1
TNFA_SIGNALING_VIA_NFKB	entry4_SOFA_noD3__all_valid	NFAT5
TNFA_SIGNALING_VIA_NFKB	entry4_SOFA_noD3__all_valid	TAP1
TNFA_SIGNALING_VIA_NFKB	entry4_SOFA_noD3__all_valid	REL
TNFA_SIGNALING_VIA_NFKB	entry4_SOFA_noD3__all_valid	TNFAIP6
TNFA_SIGNALING_VIA_NFKB	entry4_SOFA_noD3__all_valid	IRF1
TNFA_SIGNALING_VIA_NFKB	entry4_SOFA_noD3__all_valid	TNIP2
TNFA_SIGNALING_VIA_NFKB	entry4_SOFA_noD3__all_valid	JUNB
TNFA_SIGNALING_VIA_NFKB	entry4_SOFA_noD3__all_valid	PHLDA1
TNFA_SIGNALING_VIA_NFKB	entry4_SOFA_noD3__all_valid	IL6ST
TNFA_SIGNALING_VIA_NFKB	entry4_SOFA_noD3__all_valid	ZFP36
UNFOLDED_PROTEIN_RESPONSE	entry4_SOFA_noD3__all_valid	NPM1
UNFOLDED_PROTEIN_RESPONSE	entry4_SOFA_noD3__all_valid	IMP3
UNFOLDED_PROTEIN_RESPONSE	entry4_SOFA_noD3__all_valid	NOP56
UNFOLDED_PROTEIN_RESPONSE	entry4_SOFA_noD3__all_valid	EXOSC2
UNFOLDED_PROTEIN_RESPONSE	entry4_SOFA_noD3__all_valid	EIF2AK3
UNFOLDED_PROTEIN_RESPONSE	entry4_SOFA_noD3__all_valid	HSPA9
UNFOLDED_PROTEIN_RESPONSE	entry4_SOFA_noD3__all_valid	EXOSC9
UNFOLDED_PROTEIN_RESPONSE	entry4_SOFA_noD3__all_valid	SPCS1
UNFOLDED_PROTEIN_RESPONSE	entry4_SOFA_noD3__all_valid	CEBPG
UNFOLDED_PROTEIN_RESPONSE	entry4_SOFA_noD3__all_valid	HSP90B1
UNFOLDED_PROTEIN_RESPONSE	entry4_SOFA_noD3__all_valid	SKIC3
UNFOLDED_PROTEIN_RESPONSE	entry4_SOFA_noD3__all_valid	RPS14
UNFOLDED_PROTEIN_RESPONSE	entry4_SOFA_noD3__all_valid	EIF2S1
UNFOLDED_PROTEIN_RESPONSE	entry4_SOFA_noD3__all_valid	IARS1
UNFOLDED_PROTEIN_RESPONSE	entry4_SOFA_noD3__all_valid	PDIA6
UNFOLDED_PROTEIN_RESPONSE	entry4_SOFA_noD3__all_valid	SLC30A5
UNFOLDED_PROTEIN_RESPONSE	entry4_SOFA_noD3__all_valid	SEC31A
UNFOLDED_PROTEIN_RESPONSE	entry4_SOFA_noD3__all_valid	DNAJB9
UNFOLDED_PROTEIN_RESPONSE	entry4_SOFA_noD3__all_valid	LSM4
UNFOLDED_PROTEIN_RESPONSE	entry4_SOFA_noD3__all_valid	SRPRB
UNFOLDED_PROTEIN_RESPONSE	entry4_SOFA_noD3__all_valid	BANF1
UNFOLDED_PROTEIN_RESPONSE	entry4_SOFA_noD3__all_valid	EIF4A2
UNFOLDED_PROTEIN_RESPONSE	entry4_SOFA_noD3__all_valid	WFS1
UNFOLDED_PROTEIN_RESPONSE	entry4_SOFA_noD3__all_valid	MTREX
UNFOLDED_PROTEIN_RESPONSE	entry4_SOFA_noD3__all_valid	SEC11A
UNFOLDED_PROTEIN_RESPONSE	entry4_SOFA_noD3__all_valid	BAG3
UNFOLDED_PROTEIN_RESPONSE	entry4_SOFA_noD3__all_valid	RRP9
UNFOLDED_PROTEIN_RESPONSE	entry4_SOFA_noD3__all_valid	EIF4EBP1
UNFOLDED_PROTEIN_RESPONSE	entry4_SOFA_noD3__all_valid	FUS
UNFOLDED_PROTEIN_RESPONSE	entry4_SOFA_noD3__all_valid	EIF4A1
UNFOLDED_PROTEIN_RESPONSE	entry4_SOFA_noD3__all_valid	DDX10
UNFOLDED_PROTEIN_RESPONSE	entry4_SOFA_noD3__all_valid	HYOU1
UNFOLDED_PROTEIN_RESPONSE	entry4_SOFA_noD3__all_valid	SSR1
UNFOLDED_PROTEIN_RESPONSE	entry4_SOFA_noD3__all_valid	NOLC1
UNFOLDED_PROTEIN_RESPONSE	entry4_SOFA_noD3__all_valid	ALDH18A1
UNFOLDED_PROTEIN_RESPONSE	entry4_SOFA_noD3__all_valid	YIF1A
UNFOLDED_PROTEIN_RESPONSE	entry4_SOFA_noD3__all_valid	NOP14
UNFOLDED_PROTEIN_RESPONSE	entry4_SOFA_noD3__all_valid	FKBP14
UNFOLDED_PROTEIN_RESPONSE	entry4_SOFA_noD3__all_valid	HERPUD1
UNFOLDED_PROTEIN_RESPONSE	entry4_SOFA_noD3__all_valid	EXOC2
UNFOLDED_PROTEIN_RESPONSE	entry4_SOFA_noD3__all_valid	XBP1
UNFOLDED_PROTEIN_RESPONSE	entry4_SOFA_noD3__all_valid	CKS1B
UNFOLDED_PROTEIN_RESPONSE	entry4_SOFA_noD3__all_valid	CNOT2
UNFOLDED_PROTEIN_RESPONSE	entry4_SOFA_noD3__all_valid	EDEM1
UNFOLDED_PROTEIN_RESPONSE	entry4_SOFA_noD3__all_valid	SPCS3
UNFOLDED_PROTEIN_RESPONSE	entry4_SOFA_noD3__all_valid	SDAD1
UNFOLDED_PROTEIN_RESPONSE	entry4_SOFA_noD3__all_valid	CALR
UNFOLDED_PROTEIN_RESPONSE	entry4_SOFA_noD3__all_valid	EIF4E
UNFOLDED_PROTEIN_RESPONSE	entry4_SOFA_noD3__all_valid	EEF2
UNFOLDED_PROTEIN_RESPONSE	entry4_SOFA_noD3__all_valid	XPOT
UNFOLDED_PROTEIN_RESPONSE	entry4_SOFA_noD3__all_valid	SLC1A4
UNFOLDED_PROTEIN_RESPONSE	entry4_SOFA_noD3__all_valid	EXOSC1
UNFOLDED_PROTEIN_RESPONSE	entry4_SOFA_noD3__all_valid	NHP2
UNFOLDED_PROTEIN_RESPONSE	entry4_SOFA_noD3__all_valid	PAIP1
UNFOLDED_PROTEIN_RESPONSE	entry4_SOFA_noD3__all_valid	NFYB
UNFOLDED_PROTEIN_RESPONSE	entry4_SOFA_noD3__all_valid	GOSR2
UNFOLDED_PROTEIN_RESPONSE	entry4_SOFA_noD3__all_valid	KHSRP
UV_RESPONSE_DN	entry4_SOFA_noD3__all_valid	MAPK14
UV_RESPONSE_DN	entry4_SOFA_noD3__all_valid	ATP2B4
UV_RESPONSE_DN	entry4_SOFA_noD3__all_valid	ATXN1
UV_RESPONSE_DN	entry4_SOFA_noD3__all_valid	IGF1R
UV_RESPONSE_DN	entry4_SOFA_noD3__all_valid	SYNE1
UV_RESPONSE_DN	entry4_SOFA_noD3__all_valid	DYRK1A
UV_RESPONSE_DN	entry4_SOFA_noD3__all_valid	WDR37
UV_RESPONSE_DN	entry4_SOFA_noD3__all_valid	PTEN
UV_RESPONSE_DN	entry4_SOFA_noD3__all_valid	NFKB1
UV_RESPONSE_DN	entry4_SOFA_noD3__all_valid	LDLR
UV_RESPONSE_DN	entry4_SOFA_noD3__all_valid	GCNT1
UV_RESPONSE_DN	entry4_SOFA_noD3__all_valid	SCN8A
UV_RESPONSE_DN	entry4_SOFA_noD3__all_valid	CELF2
UV_RESPONSE_DN	entry4_SOFA_noD3__all_valid	NR3C1
UV_RESPONSE_DN	entry4_SOFA_noD3__all_valid	RASA2
UV_RESPONSE_DN	entry4_SOFA_noD3__all_valid	RXRA
UV_RESPONSE_DN	entry4_SOFA_noD3__all_valid	SERPINE1
UV_RESPONSE_DN	entry4_SOFA_noD3__all_valid	TGFBR2
UV_RESPONSE_DN	entry4_SOFA_noD3__all_valid	PPARG
UV_RESPONSE_DN	entry4_SOFA_noD3__all_valid	PIK3CD
UV_RESPONSE_DN	entry4_SOFA_noD3__all_valid	CDKN1B
UV_RESPONSE_DN	entry4_SOFA_noD3__all_valid	FHL2
UV_RESPONSE_DN	entry4_SOFA_noD3__all_valid	DUSP1
UV_RESPONSE_DN	entry4_SOFA_noD3__all_valid	SCAF8
UV_RESPONSE_DN	entry4_SOFA_noD3__all_valid	TFPI
UV_RESPONSE_DN	entry4_SOFA_noD3__all_valid	APBB2
UV_RESPONSE_DN	entry4_SOFA_noD3__all_valid	CDC42BPA
UV_RESPONSE_DN	entry4_SOFA_noD3__all_valid	NOTCH2
UV_RESPONSE_DN	entry4_SOFA_noD3__all_valid	NIPBL
UV_RESPONSE_DN	entry4_SOFA_noD3__all_valid	CACNA1A
UV_RESPONSE_DN	entry4_SOFA_noD3__all_valid	PRDM2
UV_RESPONSE_DN	entry4_SOFA_noD3__all_valid	PTGFR
UV_RESPONSE_UP	entry4_SOFA_noD3__all_valid	CCND3
UV_RESPONSE_UP	entry4_SOFA_noD3__all_valid	ATP6V1C1
UV_RESPONSE_UP	entry4_SOFA_noD3__all_valid	ARRB2
UV_RESPONSE_UP	entry4_SOFA_noD3__all_valid	GRINA
UV_RESPONSE_UP	entry4_SOFA_noD3__all_valid	PRKCD
UV_RESPONSE_UP	entry4_SOFA_noD3__all_valid	TUBA4A
UV_RESPONSE_UP	entry4_SOFA_noD3__all_valid	FURIN
UV_RESPONSE_UP	entry4_SOFA_noD3__all_valid	LYN
UV_RESPONSE_UP	entry4_SOFA_noD3__all_valid	ALAS1
UV_RESPONSE_UP	entry4_SOFA_noD3__all_valid	MAOA
UV_RESPONSE_UP	entry4_SOFA_noD3__all_valid	NFKBIA
UV_RESPONSE_UP	entry4_SOFA_noD3__all_valid	RAB27A
UV_RESPONSE_UP	entry4_SOFA_noD3__all_valid	MARK2
UV_RESPONSE_UP	entry4_SOFA_noD3__all_valid	CHKA
UV_RESPONSE_UP	entry4_SOFA_noD3__all_valid	NUP58
UV_RESPONSE_UP	entry4_SOFA_noD3__all_valid	AGO2
UV_RESPONSE_UP	entry4_SOFA_noD3__all_valid	ACAA1
UV_RESPONSE_UP	entry4_SOFA_noD3__all_valid	GRPEL1
UV_RESPONSE_UP	entry4_SOFA_noD3__all_valid	ALDOA
UV_RESPONSE_UP	entry4_SOFA_noD3__all_valid	PDAP1
UV_RESPONSE_UP	entry4_SOFA_noD3__all_valid	ICAM1
UV_RESPONSE_UP	entry4_SOFA_noD3__all_valid	TAP1
UV_RESPONSE_UP	entry4_SOFA_noD3__all_valid	IRF1
UV_RESPONSE_UP	entry4_SOFA_noD3__all_valid	JUNB
UV_RESPONSE_UP	entry4_SOFA_noD3__all_valid	CA2
UV_RESPONSE_UP	entry4_SOFA_noD3__all_valid	IL6ST
UV_RESPONSE_UP	entry4_SOFA_noD3__all_valid	PRKACA
UV_RESPONSE_UP	entry4_SOFA_noD3__all_valid	CDC34
UV_RESPONSE_UP	entry4_SOFA_noD3__all_valid	STARD3
UV_RESPONSE_UP	entry4_SOFA_noD3__all_valid	APOM
UV_RESPONSE_UP	entry4_SOFA_noD3__all_valid	GPX3
WNT_BETA_CATENIN_SIGNALING	entry4_SOFA_noD3__all_valid	RBPJ
WNT_BETA_CATENIN_SIGNALING	entry4_SOFA_noD3__all_valid	NUMB
WNT_BETA_CATENIN_SIGNALING	entry4_SOFA_noD3__all_valid	ADAM17
WNT_BETA_CATENIN_SIGNALING	entry4_SOFA_noD3__all_valid	MAML1
WNT_BETA_CATENIN_SIGNALING	entry4_SOFA_noD3__all_valid	FRAT1
WNT_BETA_CATENIN_SIGNALING	entry4_SOFA_noD3__all_valid	CTNNB1
WNT_BETA_CATENIN_SIGNALING	entry4_SOFA_noD3__all_valid	JAG1
WNT_BETA_CATENIN_SIGNALING	entry4_SOFA_noD3__all_valid	NKD1
WNT_BETA_CATENIN_SIGNALING	entry4_SOFA_noD3__all_valid	NCSTN
WNT_BETA_CATENIN_SIGNALING	entry4_SOFA_noD3__all_valid	NOTCH1
XENOBIOTIC_METABOLISM	entry4_SOFA_noD3__all_valid	UPP1
XENOBIOTIC_METABOLISM	entry4_SOFA_noD3__all_valid	IL1R1
XENOBIOTIC_METABOLISM	entry4_SOFA_noD3__all_valid	PGD
XENOBIOTIC_METABOLISM	entry4_SOFA_noD3__all_valid	ETS2
XENOBIOTIC_METABOLISM	entry4_SOFA_noD3__all_valid	POR
XENOBIOTIC_METABOLISM	entry4_SOFA_noD3__all_valid	GSR
XENOBIOTIC_METABOLISM	entry4_SOFA_noD3__all_valid	DDAH2
XENOBIOTIC_METABOLISM	entry4_SOFA_noD3__all_valid	TPST1
XENOBIOTIC_METABOLISM	entry4_SOFA_noD3__all_valid	ALAS1
XENOBIOTIC_METABOLISM	entry4_SOFA_noD3__all_valid	ACOX1
XENOBIOTIC_METABOLISM	entry4_SOFA_noD3__all_valid	TNFRSF1A
XENOBIOTIC_METABOLISM	entry4_SOFA_noD3__all_valid	ARG1
XENOBIOTIC_METABOLISM	entry4_SOFA_noD3__all_valid	SLC6A6
XENOBIOTIC_METABOLISM	entry4_SOFA_noD3__all_valid	LPIN2
XENOBIOTIC_METABOLISM	entry4_SOFA_noD3__all_valid	MAOA
XENOBIOTIC_METABOLISM	entry4_SOFA_noD3__all_valid	AQP9
XENOBIOTIC_METABOLISM	entry4_SOFA_noD3__all_valid	PINK1
XENOBIOTIC_METABOLISM	entry4_SOFA_noD3__all_valid	VNN1
XENOBIOTIC_METABOLISM	entry4_SOFA_noD3__all_valid	FAS
XENOBIOTIC_METABOLISM	entry4_SOFA_noD3__all_valid	UPB1
XENOBIOTIC_METABOLISM	entry4_SOFA_noD3__all_valid	SLC46A3
XENOBIOTIC_METABOLISM	entry4_SOFA_noD3__all_valid	CDA
XENOBIOTIC_METABOLISM	entry4_SOFA_noD3__all_valid	SERPINE1
XENOBIOTIC_METABOLISM	entry4_SOFA_noD3__all_valid	ESR1
XENOBIOTIC_METABOLISM	entry4_SOFA_noD3__all_valid	MARCHF6
XENOBIOTIC_METABOLISM	entry4_SOFA_noD3__all_valid	SMOX
XENOBIOTIC_METABOLISM	entry4_SOFA_noD3__all_valid	GABARAPL1
XENOBIOTIC_METABOLISM	entry4_SOFA_noD3__all_valid	ABCC2
XENOBIOTIC_METABOLISM	entry4_SOFA_noD3__all_valid	DHRS7
XENOBIOTIC_METABOLISM	entry4_SOFA_noD3__all_valid	CSAD
XENOBIOTIC_METABOLISM	entry4_SOFA_noD3__all_valid	NQO1
XENOBIOTIC_METABOLISM	entry4_SOFA_noD3__all_valid	RAP1GAP
XENOBIOTIC_METABOLISM	entry4_SOFA_noD3__all_valid	ITIH4
XENOBIOTIC_METABOLISM	entry4_SOFA_noD3__all_valid	SLC22A1
ADIPOGENESIS	entry4_PF_PLT_D3__all_valid	BCL6
ADIPOGENESIS	entry4_PF_PLT_D3__all_valid	GADD45A
ADIPOGENESIS	entry4_PF_PLT_D3__all_valid	PFKFB3
ADIPOGENESIS	entry4_PF_PLT_D3__all_valid	POR
ADIPOGENESIS	entry4_PF_PLT_D3__all_valid	RTN3
ADIPOGENESIS	entry4_PF_PLT_D3__all_valid	ACOX1
ADIPOGENESIS	entry4_PF_PLT_D3__all_valid	SQOR
ADIPOGENESIS	entry4_PF_PLT_D3__all_valid	STOM
ADIPOGENESIS	entry4_PF_PLT_D3__all_valid	ITGA7
ADIPOGENESIS	entry4_PF_PLT_D3__all_valid	CCNG2
ADIPOGENESIS	entry4_PF_PLT_D3__all_valid	PGM1
ADIPOGENESIS	entry4_PF_PLT_D3__all_valid	GPAT4
ADIPOGENESIS	entry4_PF_PLT_D3__all_valid	IFNGR1
ADIPOGENESIS	entry4_PF_PLT_D3__all_valid	ELMOD3
ADIPOGENESIS	entry4_PF_PLT_D3__all_valid	LPCAT3
ADIPOGENESIS	entry4_PF_PLT_D3__all_valid	TOB1
ADIPOGENESIS	entry4_PF_PLT_D3__all_valid	DHCR7
ADIPOGENESIS	entry4_PF_PLT_D3__all_valid	TALDO1
ADIPOGENESIS	entry4_PF_PLT_D3__all_valid	PPARG
ADIPOGENESIS	entry4_PF_PLT_D3__all_valid	DHRS7B
ADIPOGENESIS	entry4_PF_PLT_D3__all_valid	ORM1
ADIPOGENESIS	entry4_PF_PLT_D3__all_valid	PPM1B
ADIPOGENESIS	entry4_PF_PLT_D3__all_valid	ALDOA
ADIPOGENESIS	entry4_PF_PLT_D3__all_valid	GBE1
ADIPOGENESIS	entry4_PF_PLT_D3__all_valid	TKT
ADIPOGENESIS	entry4_PF_PLT_D3__all_valid	CDKN2C
ADIPOGENESIS	entry4_PF_PLT_D3__all_valid	GRPEL1
ADIPOGENESIS	entry4_PF_PLT_D3__all_valid	CD151
ADIPOGENESIS	entry4_PF_PLT_D3__all_valid	DHRS7
ADIPOGENESIS	entry4_PF_PLT_D3__all_valid	STAT5A
ADIPOGENESIS	entry4_PF_PLT_D3__all_valid	CHUK
ADIPOGENESIS	entry4_PF_PLT_D3__all_valid	RETN
ADIPOGENESIS	entry4_PF_PLT_D3__all_valid	NABP1
ADIPOGENESIS	entry4_PF_PLT_D3__all_valid	PIM3
ADIPOGENESIS	entry4_PF_PLT_D3__all_valid	ITSN1
ALLOGRAFT_REJECTION	entry4_PF_PLT_D3__all_valid	RPS3A
ALLOGRAFT_REJECTION	entry4_PF_PLT_D3__all_valid	HLA-DRA
ALLOGRAFT_REJECTION	entry4_PF_PLT_D3__all_valid	ABCE1
ALLOGRAFT_REJECTION	entry4_PF_PLT_D3__all_valid	NPM1
ALLOGRAFT_REJECTION	entry4_PF_PLT_D3__all_valid	ITK
ALLOGRAFT_REJECTION	entry4_PF_PLT_D3__all_valid	HLA-DMB
ALLOGRAFT_REJECTION	entry4_PF_PLT_D3__all_valid	CD3D
ALLOGRAFT_REJECTION	entry4_PF_PLT_D3__all_valid	HLA-DMA
ALLOGRAFT_REJECTION	entry4_PF_PLT_D3__all_valid	SIT1
ALLOGRAFT_REJECTION	entry4_PF_PLT_D3__all_valid	RPL9
ALLOGRAFT_REJECTION	entry4_PF_PLT_D3__all_valid	TRAT1
ALLOGRAFT_REJECTION	entry4_PF_PLT_D3__all_valid	LY75
ALLOGRAFT_REJECTION	entry4_PF_PLT_D3__all_valid	EIF3A
ALLOGRAFT_REJECTION	entry4_PF_PLT_D3__all_valid	CD3G
ALLOGRAFT_REJECTION	entry4_PF_PLT_D3__all_valid	HLA-DOA
ALLOGRAFT_REJECTION	entry4_PF_PLT_D3__all_valid	CD28
ALLOGRAFT_REJECTION	entry4_PF_PLT_D3__all_valid	DARS1
ALLOGRAFT_REJECTION	entry4_PF_PLT_D3__all_valid	RPL39
ALLOGRAFT_REJECTION	entry4_PF_PLT_D3__all_valid	CTSS
ALLOGRAFT_REJECTION	entry4_PF_PLT_D3__all_valid	ETS1
ALLOGRAFT_REJECTION	entry4_PF_PLT_D3__all_valid	CD86
ALLOGRAFT_REJECTION	entry4_PF_PLT_D3__all_valid	CD4
ALLOGRAFT_REJECTION	entry4_PF_PLT_D3__all_valid	CD40LG
ALLOGRAFT_REJECTION	entry4_PF_PLT_D3__all_valid	IL7
ALLOGRAFT_REJECTION	entry4_PF_PLT_D3__all_valid	EIF3D
ALLOGRAFT_REJECTION	entry4_PF_PLT_D3__all_valid	CD8B
ALLOGRAFT_REJECTION	entry4_PF_PLT_D3__all_valid	UBE2N
ALLOGRAFT_REJECTION	entry4_PF_PLT_D3__all_valid	LY86
ALLOGRAFT_REJECTION	entry4_PF_PLT_D3__all_valid	LCK
ALLOGRAFT_REJECTION	entry4_PF_PLT_D3__all_valid	CD74
ALLOGRAFT_REJECTION	entry4_PF_PLT_D3__all_valid	HLA-DQA1
ALLOGRAFT_REJECTION	entry4_PF_PLT_D3__all_valid	IRF4
ALLOGRAFT_REJECTION	entry4_PF_PLT_D3__all_valid	IRF8
ALLOGRAFT_REJECTION	entry4_PF_PLT_D3__all_valid	TNF
ALLOGRAFT_REJECTION	entry4_PF_PLT_D3__all_valid	CD8A
ALLOGRAFT_REJECTION	entry4_PF_PLT_D3__all_valid	CD2
ALLOGRAFT_REJECTION	entry4_PF_PLT_D3__all_valid	FCGR2B
ALLOGRAFT_REJECTION	entry4_PF_PLT_D3__all_valid	RPS19
ALLOGRAFT_REJECTION	entry4_PF_PLT_D3__all_valid	CCND2
ALLOGRAFT_REJECTION	entry4_PF_PLT_D3__all_valid	IL15
ALLOGRAFT_REJECTION	entry4_PF_PLT_D3__all_valid	STAT4
ALLOGRAFT_REJECTION	entry4_PF_PLT_D3__all_valid	CD3E
ALLOGRAFT_REJECTION	entry4_PF_PLT_D3__all_valid	ZAP70
ALLOGRAFT_REJECTION	entry4_PF_PLT_D3__all_valid	CCR2
ALLOGRAFT_REJECTION	entry4_PF_PLT_D3__all_valid	CD79A
ALLOGRAFT_REJECTION	entry4_PF_PLT_D3__all_valid	HDAC9
ALLOGRAFT_REJECTION	entry4_PF_PLT_D3__all_valid	CCR5
ALLOGRAFT_REJECTION	entry4_PF_PLT_D3__all_valid	CXCR3
ALLOGRAFT_REJECTION	entry4_PF_PLT_D3__all_valid	CD40
ALLOGRAFT_REJECTION	entry4_PF_PLT_D3__all_valid	CD247
ANDROGEN_RESPONSE	entry4_PF_PLT_D3__all_valid	NDRG1
ANDROGEN_RESPONSE	entry4_PF_PLT_D3__all_valid	CCND3
ANDROGEN_RESPONSE	entry4_PF_PLT_D3__all_valid	CAMKK2
ANDROGEN_RESPONSE	entry4_PF_PLT_D3__all_valid	GSR
ANDROGEN_RESPONSE	entry4_PF_PLT_D3__all_valid	ACTN1
ANDROGEN_RESPONSE	entry4_PF_PLT_D3__all_valid	HPGD
ANDROGEN_RESPONSE	entry4_PF_PLT_D3__all_valid	FKBP5
ANDROGEN_RESPONSE	entry4_PF_PLT_D3__all_valid	IDI1
ANDROGEN_RESPONSE	entry4_PF_PLT_D3__all_valid	MYL12A
ANDROGEN_RESPONSE	entry4_PF_PLT_D3__all_valid	PTK2B
ANDROGEN_RESPONSE	entry4_PF_PLT_D3__all_valid	SLC38A2
ANDROGEN_RESPONSE	entry4_PF_PLT_D3__all_valid	ACSL3
ANDROGEN_RESPONSE	entry4_PF_PLT_D3__all_valid	RPS6KA3
ANDROGEN_RESPONSE	entry4_PF_PLT_D3__all_valid	HERC3
ANDROGEN_RESPONSE	entry4_PF_PLT_D3__all_valid	UBE2J1
ANDROGEN_RESPONSE	entry4_PF_PLT_D3__all_valid	MERTK
ANDROGEN_RESPONSE	entry4_PF_PLT_D3__all_valid	MAK
ANDROGEN_RESPONSE	entry4_PF_PLT_D3__all_valid	IQGAP2
ANDROGEN_RESPONSE	entry4_PF_PLT_D3__all_valid	VAPA
ANDROGEN_RESPONSE	entry4_PF_PLT_D3__all_valid	B4GALT1
ANDROGEN_RESPONSE	entry4_PF_PLT_D3__all_valid	GNAI3
ANDROGEN_RESPONSE	entry4_PF_PLT_D3__all_valid	ARID5B
ANDROGEN_RESPONSE	entry4_PF_PLT_D3__all_valid	SRF
ANGIOGENESIS	entry4_PF_PLT_D3__all_valid	LRPAP1
ANGIOGENESIS	entry4_PF_PLT_D3__all_valid	PGLYRP1
ANGIOGENESIS	entry4_PF_PLT_D3__all_valid	JAG1
ANGIOGENESIS	entry4_PF_PLT_D3__all_valid	FGFR1
ANGIOGENESIS	entry4_PF_PLT_D3__all_valid	APP
ANGIOGENESIS	entry4_PF_PLT_D3__all_valid	S100A4
ANGIOGENESIS	entry4_PF_PLT_D3__all_valid	TIMP1
ANGIOGENESIS	entry4_PF_PLT_D3__all_valid	FSTL1
ANGIOGENESIS	entry4_PF_PLT_D3__all_valid	PF4
ANGIOGENESIS	entry4_PF_PLT_D3__all_valid	VEGFA
APICAL_JUNCTION	entry4_PF_PLT_D3__all_valid	MAPK14
APICAL_JUNCTION	entry4_PF_PLT_D3__all_valid	SIRPA
APICAL_JUNCTION	entry4_PF_PLT_D3__all_valid	ADAM9
APICAL_JUNCTION	entry4_PF_PLT_D3__all_valid	MMP9
APICAL_JUNCTION	entry4_PF_PLT_D3__all_valid	CAP1
APICAL_JUNCTION	entry4_PF_PLT_D3__all_valid	ACTN1
APICAL_JUNCTION	entry4_PF_PLT_D3__all_valid	SKAP2
APICAL_JUNCTION	entry4_PF_PLT_D3__all_valid	PIK3CB
APICAL_JUNCTION	entry4_PF_PLT_D3__all_valid	ALOX15B
APICAL_JUNCTION	entry4_PF_PLT_D3__all_valid	PTEN
APICAL_JUNCTION	entry4_PF_PLT_D3__all_valid	SYK
APICAL_JUNCTION	entry4_PF_PLT_D3__all_valid	RAC2
APICAL_JUNCTION	entry4_PF_PLT_D3__all_valid	VASP
APICAL_JUNCTION	entry4_PF_PLT_D3__all_valid	COL17A1
APICAL_JUNCTION	entry4_PF_PLT_D3__all_valid	CD274
APICAL_JUNCTION	entry4_PF_PLT_D3__all_valid	CNN2
APICAL_JUNCTION	entry4_PF_PLT_D3__all_valid	ACTB
APICAL_JUNCTION	entry4_PF_PLT_D3__all_valid	MAPK13
APICAL_JUNCTION	entry4_PF_PLT_D3__all_valid	NF1
APICAL_JUNCTION	entry4_PF_PLT_D3__all_valid	B4GALT1
APICAL_JUNCTION	entry4_PF_PLT_D3__all_valid	MAP3K20
APICAL_JUNCTION	entry4_PF_PLT_D3__all_valid	MSN
APICAL_JUNCTION	entry4_PF_PLT_D3__all_valid	IKBKG
APICAL_JUNCTION	entry4_PF_PLT_D3__all_valid	ZYX
APICAL_JUNCTION	entry4_PF_PLT_D3__all_valid	CTNNA1
APICAL_JUNCTION	entry4_PF_PLT_D3__all_valid	ARPC2
APICAL_JUNCTION	entry4_PF_PLT_D3__all_valid	ICAM5
APICAL_JUNCTION	entry4_PF_PLT_D3__all_valid	MYH9
APICAL_JUNCTION	entry4_PF_PLT_D3__all_valid	ICAM1
APICAL_JUNCTION	entry4_PF_PLT_D3__all_valid	ITGA10
APICAL_JUNCTION	entry4_PF_PLT_D3__all_valid	THBS3
APICAL_JUNCTION	entry4_PF_PLT_D3__all_valid	RASA1
APICAL_JUNCTION	entry4_PF_PLT_D3__all_valid	PTPRC
APICAL_JUNCTION	entry4_PF_PLT_D3__all_valid	GNAI2
APICAL_JUNCTION	entry4_PF_PLT_D3__all_valid	FYB1
APICAL_JUNCTION	entry4_PF_PLT_D3__all_valid	YWHAH
APICAL_JUNCTION	entry4_PF_PLT_D3__all_valid	NECTIN2
APICAL_JUNCTION	entry4_PF_PLT_D3__all_valid	PCDH1
APICAL_JUNCTION	entry4_PF_PLT_D3__all_valid	PFN1
APICAL_JUNCTION	entry4_PF_PLT_D3__all_valid	ACTN4
APICAL_JUNCTION	entry4_PF_PLT_D3__all_valid	INPPL1
APICAL_JUNCTION	entry4_PF_PLT_D3__all_valid	VCL
APICAL_JUNCTION	entry4_PF_PLT_D3__all_valid	PBX2
APICAL_JUNCTION	entry4_PF_PLT_D3__all_valid	RSU1
APICAL_JUNCTION	entry4_PF_PLT_D3__all_valid	SHC1
APICAL_JUNCTION	entry4_PF_PLT_D3__all_valid	MYH10
APICAL_JUNCTION	entry4_PF_PLT_D3__all_valid	TUBG1
APICAL_JUNCTION	entry4_PF_PLT_D3__all_valid	MYL12B
APICAL_SURFACE	entry4_PF_PLT_D3__all_valid	FLOT2
APICAL_SURFACE	entry4_PF_PLT_D3__all_valid	LYN
APICAL_SURFACE	entry4_PF_PLT_D3__all_valid	PCSK9
APICAL_SURFACE	entry4_PF_PLT_D3__all_valid	CRYBG1
APICAL_SURFACE	entry4_PF_PLT_D3__all_valid	B4GALT1
APICAL_SURFACE	entry4_PF_PLT_D3__all_valid	NCOA6
APICAL_SURFACE	entry4_PF_PLT_D3__all_valid	APP
APICAL_SURFACE	entry4_PF_PLT_D3__all_valid	IL2RG
APICAL_SURFACE	entry4_PF_PLT_D3__all_valid	DCBLD2
APICAL_SURFACE	entry4_PF_PLT_D3__all_valid	ADIPOR2
APICAL_SURFACE	entry4_PF_PLT_D3__all_valid	BRCA1
APICAL_SURFACE	entry4_PF_PLT_D3__all_valid	SLC2A4
APOPTOSIS	entry4_PF_PLT_D3__all_valid	GADD45A
APOPTOSIS	entry4_PF_PLT_D3__all_valid	GSR
APOPTOSIS	entry4_PF_PLT_D3__all_valid	CFLAR
APOPTOSIS	entry4_PF_PLT_D3__all_valid	TIMP2
APOPTOSIS	entry4_PF_PLT_D3__all_valid	HGF
APOPTOSIS	entry4_PF_PLT_D3__all_valid	ADD1
APOPTOSIS	entry4_PF_PLT_D3__all_valid	GSN
APOPTOSIS	entry4_PF_PLT_D3__all_valid	RARA
APOPTOSIS	entry4_PF_PLT_D3__all_valid	RNASEL
APOPTOSIS	entry4_PF_PLT_D3__all_valid	IGF2R
APOPTOSIS	entry4_PF_PLT_D3__all_valid	CCNA1
APOPTOSIS	entry4_PF_PLT_D3__all_valid	IFNGR1
APOPTOSIS	entry4_PF_PLT_D3__all_valid	PSEN1
APOPTOSIS	entry4_PF_PLT_D3__all_valid	IFITM3
APOPTOSIS	entry4_PF_PLT_D3__all_valid	CD44
APOPTOSIS	entry4_PF_PLT_D3__all_valid	FAS
APOPTOSIS	entry4_PF_PLT_D3__all_valid	TSPO
APOPTOSIS	entry4_PF_PLT_D3__all_valid	ROCK1
APOPTOSIS	entry4_PF_PLT_D3__all_valid	CREBBP
APOPTOSIS	entry4_PF_PLT_D3__all_valid	PPP2R5B
APOPTOSIS	entry4_PF_PLT_D3__all_valid	HMGB2
APOPTOSIS	entry4_PF_PLT_D3__all_valid	GADD45B
APOPTOSIS	entry4_PF_PLT_D3__all_valid	IER3
APOPTOSIS	entry4_PF_PLT_D3__all_valid	CLU
APOPTOSIS	entry4_PF_PLT_D3__all_valid	CTNNB1
APOPTOSIS	entry4_PF_PLT_D3__all_valid	CDKN1B
APOPTOSIS	entry4_PF_PLT_D3__all_valid	EMP1
APOPTOSIS	entry4_PF_PLT_D3__all_valid	XIAP
APOPTOSIS	entry4_PF_PLT_D3__all_valid	BCAP31
APOPTOSIS	entry4_PF_PLT_D3__all_valid	DNAJC3
APOPTOSIS	entry4_PF_PLT_D3__all_valid	NEDD9
APOPTOSIS	entry4_PF_PLT_D3__all_valid	CASP2
APOPTOSIS	entry4_PF_PLT_D3__all_valid	CASP4
APOPTOSIS	entry4_PF_PLT_D3__all_valid	DPYD
APOPTOSIS	entry4_PF_PLT_D3__all_valid	TAP1
APOPTOSIS	entry4_PF_PLT_D3__all_valid	PPP3R1
APOPTOSIS	entry4_PF_PLT_D3__all_valid	CASP9
APOPTOSIS	entry4_PF_PLT_D3__all_valid	ANXA1
APOPTOSIS	entry4_PF_PLT_D3__all_valid	IRF1
APOPTOSIS	entry4_PF_PLT_D3__all_valid	APP
APOPTOSIS	entry4_PF_PLT_D3__all_valid	GNA15
APOPTOSIS	entry4_PF_PLT_D3__all_valid	TXNIP
APOPTOSIS	entry4_PF_PLT_D3__all_valid	TNFSF10
APOPTOSIS	entry4_PF_PLT_D3__all_valid	TIMP1
APOPTOSIS	entry4_PF_PLT_D3__all_valid	DNAJA1
APOPTOSIS	entry4_PF_PLT_D3__all_valid	CTH
APOPTOSIS	entry4_PF_PLT_D3__all_valid	IL18
APOPTOSIS	entry4_PF_PLT_D3__all_valid	GPX3
APOPTOSIS	entry4_PF_PLT_D3__all_valid	F2R
APOPTOSIS	entry4_PF_PLT_D3__all_valid	IL1B
APOPTOSIS	entry4_PF_PLT_D3__all_valid	BRCA1
APOPTOSIS	entry4_PF_PLT_D3__all_valid	GCH1
BILE_ACID_METABOLISM	entry4_PF_PLT_D3__all_valid	GCLM
BILE_ACID_METABOLISM	entry4_PF_PLT_D3__all_valid	ACSL1
BILE_ACID_METABOLISM	entry4_PF_PLT_D3__all_valid	PECR
BILE_ACID_METABOLISM	entry4_PF_PLT_D3__all_valid	ATXN1
BILE_ACID_METABOLISM	entry4_PF_PLT_D3__all_valid	IDI1
BILE_ACID_METABOLISM	entry4_PF_PLT_D3__all_valid	SULT1B1
BILE_ACID_METABOLISM	entry4_PF_PLT_D3__all_valid	AQP9
BILE_ACID_METABOLISM	entry4_PF_PLT_D3__all_valid	ABCA2
BILE_ACID_METABOLISM	entry4_PF_PLT_D3__all_valid	RXRA
BILE_ACID_METABOLISM	entry4_PF_PLT_D3__all_valid	NEDD4
BILE_ACID_METABOLISM	entry4_PF_PLT_D3__all_valid	HSD3B7
CHOLESTEROL_HOMEOSTASIS	entry4_PF_PLT_D3__all_valid	NFIL3
CHOLESTEROL_HOMEOSTASIS	entry4_PF_PLT_D3__all_valid	PLSCR1
CHOLESTEROL_HOMEOSTASIS	entry4_PF_PLT_D3__all_valid	NIBAN1
CHOLESTEROL_HOMEOSTASIS	entry4_PF_PLT_D3__all_valid	IDI1
CHOLESTEROL_HOMEOSTASIS	entry4_PF_PLT_D3__all_valid	ALCAM
CHOLESTEROL_HOMEOSTASIS	entry4_PF_PLT_D3__all_valid	PDK3
CHOLESTEROL_HOMEOSTASIS	entry4_PF_PLT_D3__all_valid	LDLR
CHOLESTEROL_HOMEOSTASIS	entry4_PF_PLT_D3__all_valid	ABCA2
CHOLESTEROL_HOMEOSTASIS	entry4_PF_PLT_D3__all_valid	DHCR7
CHOLESTEROL_HOMEOSTASIS	entry4_PF_PLT_D3__all_valid	CHKA
CHOLESTEROL_HOMEOSTASIS	entry4_PF_PLT_D3__all_valid	ANTXR2
CHOLESTEROL_HOMEOSTASIS	entry4_PF_PLT_D3__all_valid	ACSS2
CHOLESTEROL_HOMEOSTASIS	entry4_PF_PLT_D3__all_valid	PNRC1
CHOLESTEROL_HOMEOSTASIS	entry4_PF_PLT_D3__all_valid	PPARG
CHOLESTEROL_HOMEOSTASIS	entry4_PF_PLT_D3__all_valid	CLU
CHOLESTEROL_HOMEOSTASIS	entry4_PF_PLT_D3__all_valid	CTNNB1
CHOLESTEROL_HOMEOSTASIS	entry4_PF_PLT_D3__all_valid	JAG1
CHOLESTEROL_HOMEOSTASIS	entry4_PF_PLT_D3__all_valid	FBXO6
CHOLESTEROL_HOMEOSTASIS	entry4_PF_PLT_D3__all_valid	S100A11
COAGULATION	entry4_PF_PLT_D3__all_valid	ADAM9
COAGULATION	entry4_PF_PLT_D3__all_valid	MMP9
COAGULATION	entry4_PF_PLT_D3__all_valid	GSN
COAGULATION	entry4_PF_PLT_D3__all_valid	FURIN
COAGULATION	entry4_PF_PLT_D3__all_valid	SERPINA1
COAGULATION	entry4_PF_PLT_D3__all_valid	KLF7
COAGULATION	entry4_PF_PLT_D3__all_valid	RAC1
COAGULATION	entry4_PF_PLT_D3__all_valid	WDR1
COAGULATION	entry4_PF_PLT_D3__all_valid	RABIF
COAGULATION	entry4_PF_PLT_D3__all_valid	SERPINE1
COAGULATION	entry4_PF_PLT_D3__all_valid	MMP8
COAGULATION	entry4_PF_PLT_D3__all_valid	CLU
COAGULATION	entry4_PF_PLT_D3__all_valid	F12
COAGULATION	entry4_PF_PLT_D3__all_valid	F2RL2
COAGULATION	entry4_PF_PLT_D3__all_valid	GNB2
COAGULATION	entry4_PF_PLT_D3__all_valid	LAMP2
COAGULATION	entry4_PF_PLT_D3__all_valid	THBS1
COAGULATION	entry4_PF_PLT_D3__all_valid	CTSK
COAGULATION	entry4_PF_PLT_D3__all_valid	C1R
COAGULATION	entry4_PF_PLT_D3__all_valid	CASP9
COAGULATION	entry4_PF_PLT_D3__all_valid	F8
COAGULATION	entry4_PF_PLT_D3__all_valid	HPN
COAGULATION	entry4_PF_PLT_D3__all_valid	ANXA1
COAGULATION	entry4_PF_PLT_D3__all_valid	PLEK
COAGULATION	entry4_PF_PLT_D3__all_valid	PLAU
COAGULATION	entry4_PF_PLT_D3__all_valid	TIMP1
COAGULATION	entry4_PF_PLT_D3__all_valid	PEF1
COAGULATION	entry4_PF_PLT_D3__all_valid	ITGB3
COAGULATION	entry4_PF_PLT_D3__all_valid	MSRB2
COAGULATION	entry4_PF_PLT_D3__all_valid	CTSB
COAGULATION	entry4_PF_PLT_D3__all_valid	P2RY1
COAGULATION	entry4_PF_PLT_D3__all_valid	GP1BA
COAGULATION	entry4_PF_PLT_D3__all_valid	PF4
COAGULATION	entry4_PF_PLT_D3__all_valid	SPARC
COAGULATION	entry4_PF_PLT_D3__all_valid	CFB
COAGULATION	entry4_PF_PLT_D3__all_valid	VWF
COAGULATION	entry4_PF_PLT_D3__all_valid	SERPINB2
COAGULATION	entry4_PF_PLT_D3__all_valid	CPQ
COAGULATION	entry4_PF_PLT_D3__all_valid	ARF4
COAGULATION	entry4_PF_PLT_D3__all_valid	ISCU
COMPLEMENT	entry4_PF_PLT_D3__all_valid	ITGAM
COMPLEMENT	entry4_PF_PLT_D3__all_valid	ADAM9
COMPLEMENT	entry4_PF_PLT_D3__all_valid	CR1
COMPLEMENT	entry4_PF_PLT_D3__all_valid	HSPA1A
COMPLEMENT	entry4_PF_PLT_D3__all_valid	PRKCD
COMPLEMENT	entry4_PF_PLT_D3__all_valid	TIMP2
COMPLEMENT	entry4_PF_PLT_D3__all_valid	PLSCR1
COMPLEMENT	entry4_PF_PLT_D3__all_valid	GCA
COMPLEMENT	entry4_PF_PLT_D3__all_valid	S100A12
COMPLEMENT	entry4_PF_PLT_D3__all_valid	PIK3CG
COMPLEMENT	entry4_PF_PLT_D3__all_valid	LYN
COMPLEMENT	entry4_PF_PLT_D3__all_valid	PCSK9
COMPLEMENT	entry4_PF_PLT_D3__all_valid	SERPINA1
COMPLEMENT	entry4_PF_PLT_D3__all_valid	RHOG
COMPLEMENT	entry4_PF_PLT_D3__all_valid	CD59
COMPLEMENT	entry4_PF_PLT_D3__all_valid	LCP2
COMPLEMENT	entry4_PF_PLT_D3__all_valid	MSRB1
COMPLEMENT	entry4_PF_PLT_D3__all_valid	PIM1
COMPLEMENT	entry4_PF_PLT_D3__all_valid	CD55
COMPLEMENT	entry4_PF_PLT_D3__all_valid	DGKH
COMPLEMENT	entry4_PF_PLT_D3__all_valid	IRF2
COMPLEMENT	entry4_PF_PLT_D3__all_valid	RABIF
COMPLEMENT	entry4_PF_PLT_D3__all_valid	PSEN1
COMPLEMENT	entry4_PF_PLT_D3__all_valid	CDA
COMPLEMENT	entry4_PF_PLT_D3__all_valid	EHD1
COMPLEMENT	entry4_PF_PLT_D3__all_valid	S100A9
COMPLEMENT	entry4_PF_PLT_D3__all_valid	F5
COMPLEMENT	entry4_PF_PLT_D3__all_valid	JAK2
COMPLEMENT	entry4_PF_PLT_D3__all_valid	CDK5R1
COMPLEMENT	entry4_PF_PLT_D3__all_valid	COL4A2
COMPLEMENT	entry4_PF_PLT_D3__all_valid	SERPINE1
COMPLEMENT	entry4_PF_PLT_D3__all_valid	GRB2
COMPLEMENT	entry4_PF_PLT_D3__all_valid	CEBPB
COMPLEMENT	entry4_PF_PLT_D3__all_valid	RAF1
COMPLEMENT	entry4_PF_PLT_D3__all_valid	MMP8
COMPLEMENT	entry4_PF_PLT_D3__all_valid	CLU
COMPLEMENT	entry4_PF_PLT_D3__all_valid	AKAP10
COMPLEMENT	entry4_PF_PLT_D3__all_valid	TNFAIP3
COMPLEMENT	entry4_PF_PLT_D3__all_valid	PIK3CA
COMPLEMENT	entry4_PF_PLT_D3__all_valid	VCPIP1
COMPLEMENT	entry4_PF_PLT_D3__all_valid	GNB2
COMPLEMENT	entry4_PF_PLT_D3__all_valid	LAMP2
COMPLEMENT	entry4_PF_PLT_D3__all_valid	GNAI3
COMPLEMENT	entry4_PF_PLT_D3__all_valid	CA2
COMPLEMENT	entry4_PF_PLT_D3__all_valid	PIK3R5
COMPLEMENT	entry4_PF_PLT_D3__all_valid	CTSD
COMPLEMENT	entry4_PF_PLT_D3__all_valid	USP15
COMPLEMENT	entry4_PF_PLT_D3__all_valid	CASP4
COMPLEMENT	entry4_PF_PLT_D3__all_valid	PRSS36
COMPLEMENT	entry4_PF_PLT_D3__all_valid	C1R
COMPLEMENT	entry4_PF_PLT_D3__all_valid	BRPF3
COMPLEMENT	entry4_PF_PLT_D3__all_valid	GNAI2
COMPLEMENT	entry4_PF_PLT_D3__all_valid	CASP9
COMPLEMENT	entry4_PF_PLT_D3__all_valid	F8
COMPLEMENT	entry4_PF_PLT_D3__all_valid	IRF1
COMPLEMENT	entry4_PF_PLT_D3__all_valid	FCER1G
COMPLEMENT	entry4_PF_PLT_D3__all_valid	PFN1
COMPLEMENT	entry4_PF_PLT_D3__all_valid	CPM
DNA_REPAIR	entry4_PF_PLT_D3__all_valid	GTF2H3
DNA_REPAIR	entry4_PF_PLT_D3__all_valid	RNMT
DNA_REPAIR	entry4_PF_PLT_D3__all_valid	ERCC8
DNA_REPAIR	entry4_PF_PLT_D3__all_valid	GTF2H1
DNA_REPAIR	entry4_PF_PLT_D3__all_valid	NELFCD
DNA_REPAIR	entry4_PF_PLT_D3__all_valid	ADA
DNA_REPAIR	entry4_PF_PLT_D3__all_valid	MRPL40
DNA_REPAIR	entry4_PF_PLT_D3__all_valid	SRSF6
DNA_REPAIR	entry4_PF_PLT_D3__all_valid	NUDT21
DNA_REPAIR	entry4_PF_PLT_D3__all_valid	NCBP2
DNA_REPAIR	entry4_PF_PLT_D3__all_valid	SF3A3
DNA_REPAIR	entry4_PF_PLT_D3__all_valid	ERCC4
DNA_REPAIR	entry4_PF_PLT_D3__all_valid	ERCC3
DNA_REPAIR	entry4_PF_PLT_D3__all_valid	LIG1
DNA_REPAIR	entry4_PF_PLT_D3__all_valid	POLR2D
DNA_REPAIR	entry4_PF_PLT_D3__all_valid	NFX1
DNA_REPAIR	entry4_PF_PLT_D3__all_valid	IMPDH2
DNA_REPAIR	entry4_PF_PLT_D3__all_valid	POLR1H
DNA_REPAIR	entry4_PF_PLT_D3__all_valid	POLR1C
DNA_REPAIR	entry4_PF_PLT_D3__all_valid	ITPA
DNA_REPAIR	entry4_PF_PLT_D3__all_valid	EDF1
DNA_REPAIR	entry4_PF_PLT_D3__all_valid	APRT
DNA_REPAIR	entry4_PF_PLT_D3__all_valid	UMPS
DNA_REPAIR	entry4_PF_PLT_D3__all_valid	DUT
DNA_REPAIR	entry4_PF_PLT_D3__all_valid	ERCC5
DNA_REPAIR	entry4_PF_PLT_D3__all_valid	RFC3
DNA_REPAIR	entry4_PF_PLT_D3__all_valid	RPA3
DNA_REPAIR	entry4_PF_PLT_D3__all_valid	TP53
DNA_REPAIR	entry4_PF_PLT_D3__all_valid	POLR2C
DNA_REPAIR	entry4_PF_PLT_D3__all_valid	NME3
DNA_REPAIR	entry4_PF_PLT_D3__all_valid	NME1
DNA_REPAIR	entry4_PF_PLT_D3__all_valid	POLR2K
DNA_REPAIR	entry4_PF_PLT_D3__all_valid	AAAS
DNA_REPAIR	entry4_PF_PLT_D3__all_valid	GTF2A2
DNA_REPAIR	entry4_PF_PLT_D3__all_valid	TAF9
DNA_REPAIR	entry4_PF_PLT_D3__all_valid	RFC4
DNA_REPAIR	entry4_PF_PLT_D3__all_valid	PCNA
DNA_REPAIR	entry4_PF_PLT_D3__all_valid	AK3
DNA_REPAIR	entry4_PF_PLT_D3__all_valid	DDB2
DNA_REPAIR	entry4_PF_PLT_D3__all_valid	SSRP1
DNA_REPAIR	entry4_PF_PLT_D3__all_valid	GTF2H5
DNA_REPAIR	entry4_PF_PLT_D3__all_valid	SEC61A1
DNA_REPAIR	entry4_PF_PLT_D3__all_valid	POLB
DNA_REPAIR	entry4_PF_PLT_D3__all_valid	REV3L
DNA_REPAIR	entry4_PF_PLT_D3__all_valid	PDE4B
DNA_REPAIR	entry4_PF_PLT_D3__all_valid	SNAPC5
DNA_REPAIR	entry4_PF_PLT_D3__all_valid	GSDME
DNA_REPAIR	entry4_PF_PLT_D3__all_valid	DDB1
DNA_REPAIR	entry4_PF_PLT_D3__all_valid	POLR2H
DNA_REPAIR	entry4_PF_PLT_D3__all_valid	TARBP2
DNA_REPAIR	entry4_PF_PLT_D3__all_valid	TMED2
DNA_REPAIR	entry4_PF_PLT_D3__all_valid	ELOA
DNA_REPAIR	entry4_PF_PLT_D3__all_valid	TAF1C
DNA_REPAIR	entry4_PF_PLT_D3__all_valid	RFC5
DNA_REPAIR	entry4_PF_PLT_D3__all_valid	NELFE
DNA_REPAIR	entry4_PF_PLT_D3__all_valid	RAD52
DNA_REPAIR	entry4_PF_PLT_D3__all_valid	HPRT1
DNA_REPAIR	entry4_PF_PLT_D3__all_valid	MPG
DNA_REPAIR	entry4_PF_PLT_D3__all_valid	POLR3C
DNA_REPAIR	entry4_PF_PLT_D3__all_valid	POLD1
DNA_REPAIR	entry4_PF_PLT_D3__all_valid	ALYREF
DNA_REPAIR	entry4_PF_PLT_D3__all_valid	UPF3B
DNA_REPAIR	entry4_PF_PLT_D3__all_valid	GTF2F1
DNA_REPAIR	entry4_PF_PLT_D3__all_valid	NUDT9
DNA_REPAIR	entry4_PF_PLT_D3__all_valid	SMAD5
DNA_REPAIR	entry4_PF_PLT_D3__all_valid	USP11
DNA_REPAIR	entry4_PF_PLT_D3__all_valid	CSTF3
DNA_REPAIR	entry4_PF_PLT_D3__all_valid	RALA
E2F_TARGETS	entry4_PF_PLT_D3__all_valid	SYNCRIP
E2F_TARGETS	entry4_PF_PLT_D3__all_valid	EED
E2F_TARGETS	entry4_PF_PLT_D3__all_valid	NOP56
E2F_TARGETS	entry4_PF_PLT_D3__all_valid	MAD2L1
E2F_TARGETS	entry4_PF_PLT_D3__all_valid	MYC
E2F_TARGETS	entry4_PF_PLT_D3__all_valid	RAN
E2F_TARGETS	entry4_PF_PLT_D3__all_valid	CNOT9
E2F_TARGETS	entry4_PF_PLT_D3__all_valid	PPP1R8
E2F_TARGETS	entry4_PF_PLT_D3__all_valid	PAICS
E2F_TARGETS	entry4_PF_PLT_D3__all_valid	PMS2
E2F_TARGETS	entry4_PF_PLT_D3__all_valid	ASF1A
E2F_TARGETS	entry4_PF_PLT_D3__all_valid	AK2
E2F_TARGETS	entry4_PF_PLT_D3__all_valid	KIF22
E2F_TARGETS	entry4_PF_PLT_D3__all_valid	NUDT21
E2F_TARGETS	entry4_PF_PLT_D3__all_valid	RAD50
E2F_TARGETS	entry4_PF_PLT_D3__all_valid	TMPO
E2F_TARGETS	entry4_PF_PLT_D3__all_valid	HNRNPD
E2F_TARGETS	entry4_PF_PLT_D3__all_valid	PHF5A
E2F_TARGETS	entry4_PF_PLT_D3__all_valid	STMN1
E2F_TARGETS	entry4_PF_PLT_D3__all_valid	WDR90
E2F_TARGETS	entry4_PF_PLT_D3__all_valid	EIF2S1
E2F_TARGETS	entry4_PF_PLT_D3__all_valid	LIG1
E2F_TARGETS	entry4_PF_PLT_D3__all_valid	CDC25B
E2F_TARGETS	entry4_PF_PLT_D3__all_valid	IPO7
E2F_TARGETS	entry4_PF_PLT_D3__all_valid	DCTPP1
E2F_TARGETS	entry4_PF_PLT_D3__all_valid	DNMT1
E2F_TARGETS	entry4_PF_PLT_D3__all_valid	DUT
E2F_TARGETS	entry4_PF_PLT_D3__all_valid	PRDX4
E2F_TARGETS	entry4_PF_PLT_D3__all_valid	MLH1
E2F_TARGETS	entry4_PF_PLT_D3__all_valid	RAD1
E2F_TARGETS	entry4_PF_PLT_D3__all_valid	RFC3
E2F_TARGETS	entry4_PF_PLT_D3__all_valid	RPA3
E2F_TARGETS	entry4_PF_PLT_D3__all_valid	TP53
E2F_TARGETS	entry4_PF_PLT_D3__all_valid	PAN2
E2F_TARGETS	entry4_PF_PLT_D3__all_valid	ILF3
E2F_TARGETS	entry4_PF_PLT_D3__all_valid	NME1
E2F_TARGETS	entry4_PF_PLT_D3__all_valid	MRE11
E2F_TARGETS	entry4_PF_PLT_D3__all_valid	CDK4
E2F_TARGETS	entry4_PF_PLT_D3__all_valid	NUP205
E2F_TARGETS	entry4_PF_PLT_D3__all_valid	SRSF2
E2F_TARGETS	entry4_PF_PLT_D3__all_valid	SLBP
E2F_TARGETS	entry4_PF_PLT_D3__all_valid	RANBP1
E2F_TARGETS	entry4_PF_PLT_D3__all_valid	RBBP7
E2F_TARGETS	entry4_PF_PLT_D3__all_valid	CSE1L
E2F_TARGETS	entry4_PF_PLT_D3__all_valid	NUP107
E2F_TARGETS	entry4_PF_PLT_D3__all_valid	CTPS1
E2F_TARGETS	entry4_PF_PLT_D3__all_valid	SMC1A
E2F_TARGETS	entry4_PF_PLT_D3__all_valid	PCNA
E2F_TARGETS	entry4_PF_PLT_D3__all_valid	MCM3
E2F_TARGETS	entry4_PF_PLT_D3__all_valid	SMC3
E2F_TARGETS	entry4_PF_PLT_D3__all_valid	SSRP1
E2F_TARGETS	entry4_PF_PLT_D3__all_valid	RFC1
E2F_TARGETS	entry4_PF_PLT_D3__all_valid	CBX5
E2F_TARGETS	entry4_PF_PLT_D3__all_valid	NOLC1
E2F_TARGETS	entry4_PF_PLT_D3__all_valid	NAP1L1
E2F_TARGETS	entry4_PF_PLT_D3__all_valid	MSH2
E2F_TARGETS	entry4_PF_PLT_D3__all_valid	MCM5
E2F_TARGETS	entry4_PF_PLT_D3__all_valid	TBRG4
E2F_TARGETS	entry4_PF_PLT_D3__all_valid	CENPM
E2F_TARGETS	entry4_PF_PLT_D3__all_valid	RPA1
E2F_TARGETS	entry4_PF_PLT_D3__all_valid	HELLS
E2F_TARGETS	entry4_PF_PLT_D3__all_valid	CCNE1
E2F_TARGETS	entry4_PF_PLT_D3__all_valid	CDKN2A
E2F_TARGETS	entry4_PF_PLT_D3__all_valid	ZW10
E2F_TARGETS	entry4_PF_PLT_D3__all_valid	XRCC6
E2F_TARGETS	entry4_PF_PLT_D3__all_valid	UBE2T
E2F_TARGETS	entry4_PF_PLT_D3__all_valid	POLD2
E2F_TARGETS	entry4_PF_PLT_D3__all_valid	SRSF1
E2F_TARGETS	entry4_PF_PLT_D3__all_valid	MCM7
E2F_TARGETS	entry4_PF_PLT_D3__all_valid	LYAR
E2F_TARGETS	entry4_PF_PLT_D3__all_valid	CKS1B
E2F_TARGETS	entry4_PF_PLT_D3__all_valid	PRPS1
E2F_TARGETS	entry4_PF_PLT_D3__all_valid	RNASEH2A
E2F_TARGETS	entry4_PF_PLT_D3__all_valid	TRA2B
E2F_TARGETS	entry4_PF_PLT_D3__all_valid	POLE
E2F_TARGETS	entry4_PF_PLT_D3__all_valid	RRM2
E2F_TARGETS	entry4_PF_PLT_D3__all_valid	SMC4
E2F_TARGETS	entry4_PF_PLT_D3__all_valid	POLD1
E2F_TARGETS	entry4_PF_PLT_D3__all_valid	RAD51C
EPITHELIAL_MESENCHYMAL_TRANSITION	entry4_PF_PLT_D3__all_valid	GADD45A
EPITHELIAL_MESENCHYMAL_TRANSITION	entry4_PF_PLT_D3__all_valid	BASP1
EPITHELIAL_MESENCHYMAL_TRANSITION	entry4_PF_PLT_D3__all_valid	FBN2
EPITHELIAL_MESENCHYMAL_TRANSITION	entry4_PF_PLT_D3__all_valid	PCOLCE2
EPITHELIAL_MESENCHYMAL_TRANSITION	entry4_PF_PLT_D3__all_valid	CD59
EPITHELIAL_MESENCHYMAL_TRANSITION	entry4_PF_PLT_D3__all_valid	QSOX1
EPITHELIAL_MESENCHYMAL_TRANSITION	entry4_PF_PLT_D3__all_valid	CAPG
EPITHELIAL_MESENCHYMAL_TRANSITION	entry4_PF_PLT_D3__all_valid	CD44
EPITHELIAL_MESENCHYMAL_TRANSITION	entry4_PF_PLT_D3__all_valid	EFEMP2
EPITHELIAL_MESENCHYMAL_TRANSITION	entry4_PF_PLT_D3__all_valid	FAS
EPITHELIAL_MESENCHYMAL_TRANSITION	entry4_PF_PLT_D3__all_valid	COL4A2
EPITHELIAL_MESENCHYMAL_TRANSITION	entry4_PF_PLT_D3__all_valid	SERPINE1
EPITHELIAL_MESENCHYMAL_TRANSITION	entry4_PF_PLT_D3__all_valid	TGFB1
EPITHELIAL_MESENCHYMAL_TRANSITION	entry4_PF_PLT_D3__all_valid	COLGALT1
EPITHELIAL_MESENCHYMAL_TRANSITION	entry4_PF_PLT_D3__all_valid	GADD45B
EPITHELIAL_MESENCHYMAL_TRANSITION	entry4_PF_PLT_D3__all_valid	TPM1
EPITHELIAL_MESENCHYMAL_TRANSITION	entry4_PF_PLT_D3__all_valid	AREG
EPITHELIAL_MESENCHYMAL_TRANSITION	entry4_PF_PLT_D3__all_valid	NOTCH2
EPITHELIAL_MESENCHYMAL_TRANSITION	entry4_PF_PLT_D3__all_valid	TNFAIP3
EPITHELIAL_MESENCHYMAL_TRANSITION	entry4_PF_PLT_D3__all_valid	LOXL1
EPITHELIAL_MESENCHYMAL_TRANSITION	entry4_PF_PLT_D3__all_valid	COL7A1
EPITHELIAL_MESENCHYMAL_TRANSITION	entry4_PF_PLT_D3__all_valid	PFN2
EPITHELIAL_MESENCHYMAL_TRANSITION	entry4_PF_PLT_D3__all_valid	THBS1
EPITHELIAL_MESENCHYMAL_TRANSITION	entry4_PF_PLT_D3__all_valid	COL6A3
EPITHELIAL_MESENCHYMAL_TRANSITION	entry4_PF_PLT_D3__all_valid	PLOD1
EPITHELIAL_MESENCHYMAL_TRANSITION	entry4_PF_PLT_D3__all_valid	COPA
EPITHELIAL_MESENCHYMAL_TRANSITION	entry4_PF_PLT_D3__all_valid	VIM
EPITHELIAL_MESENCHYMAL_TRANSITION	entry4_PF_PLT_D3__all_valid	PDLIM4
EPITHELIAL_MESENCHYMAL_TRANSITION	entry4_PF_PLT_D3__all_valid	CXCL1
EPITHELIAL_MESENCHYMAL_TRANSITION	entry4_PF_PLT_D3__all_valid	SFRP4
EPITHELIAL_MESENCHYMAL_TRANSITION	entry4_PF_PLT_D3__all_valid	WIPF1
EPITHELIAL_MESENCHYMAL_TRANSITION	entry4_PF_PLT_D3__all_valid	TIMP1
EPITHELIAL_MESENCHYMAL_TRANSITION	entry4_PF_PLT_D3__all_valid	PTX3
EPITHELIAL_MESENCHYMAL_TRANSITION	entry4_PF_PLT_D3__all_valid	ITGB3
EPITHELIAL_MESENCHYMAL_TRANSITION	entry4_PF_PLT_D3__all_valid	ANPEP
EPITHELIAL_MESENCHYMAL_TRANSITION	entry4_PF_PLT_D3__all_valid	FSTL1
EPITHELIAL_MESENCHYMAL_TRANSITION	entry4_PF_PLT_D3__all_valid	ACTA2
EPITHELIAL_MESENCHYMAL_TRANSITION	entry4_PF_PLT_D3__all_valid	ITGA5
EPITHELIAL_MESENCHYMAL_TRANSITION	entry4_PF_PLT_D3__all_valid	MYLK
EPITHELIAL_MESENCHYMAL_TRANSITION	entry4_PF_PLT_D3__all_valid	SLC6A8
EPITHELIAL_MESENCHYMAL_TRANSITION	entry4_PF_PLT_D3__all_valid	TPM4
EPITHELIAL_MESENCHYMAL_TRANSITION	entry4_PF_PLT_D3__all_valid	LGALS1
EPITHELIAL_MESENCHYMAL_TRANSITION	entry4_PF_PLT_D3__all_valid	VEGFA
EPITHELIAL_MESENCHYMAL_TRANSITION	entry4_PF_PLT_D3__all_valid	TGM2
EPITHELIAL_MESENCHYMAL_TRANSITION	entry4_PF_PLT_D3__all_valid	SPARC
ESTROGEN_RESPONSE_EARLY	entry4_PF_PLT_D3__all_valid	IGF1R
ESTROGEN_RESPONSE_EARLY	entry4_PF_PLT_D3__all_valid	AFF1
ESTROGEN_RESPONSE_EARLY	entry4_PF_PLT_D3__all_valid	RAB31
ESTROGEN_RESPONSE_EARLY	entry4_PF_PLT_D3__all_valid	FKBP5
ESTROGEN_RESPONSE_EARLY	entry4_PF_PLT_D3__all_valid	SVIL
ESTROGEN_RESPONSE_EARLY	entry4_PF_PLT_D3__all_valid	MED13L
ESTROGEN_RESPONSE_EARLY	entry4_PF_PLT_D3__all_valid	MREG
ESTROGEN_RESPONSE_EARLY	entry4_PF_PLT_D3__all_valid	TIPARP
ESTROGEN_RESPONSE_EARLY	entry4_PF_PLT_D3__all_valid	UGCG
ESTROGEN_RESPONSE_EARLY	entry4_PF_PLT_D3__all_valid	RARA
ESTROGEN_RESPONSE_EARLY	entry4_PF_PLT_D3__all_valid	TTC39A
ESTROGEN_RESPONSE_EARLY	entry4_PF_PLT_D3__all_valid	SLC2A1
ESTROGEN_RESPONSE_EARLY	entry4_PF_PLT_D3__all_valid	FOXC1
ESTROGEN_RESPONSE_EARLY	entry4_PF_PLT_D3__all_valid	TOB1
ESTROGEN_RESPONSE_EARLY	entry4_PF_PLT_D3__all_valid	CD44
ESTROGEN_RESPONSE_EARLY	entry4_PF_PLT_D3__all_valid	DHCR7
ESTROGEN_RESPONSE_EARLY	entry4_PF_PLT_D3__all_valid	GAB2
ESTROGEN_RESPONSE_EARLY	entry4_PF_PLT_D3__all_valid	KAZN
ESTROGEN_RESPONSE_EARLY	entry4_PF_PLT_D3__all_valid	KDM4B
ESTROGEN_RESPONSE_EARLY	entry4_PF_PLT_D3__all_valid	GLA
ESTROGEN_RESPONSE_EARLY	entry4_PF_PLT_D3__all_valid	MINDY1
ESTROGEN_RESPONSE_EARLY	entry4_PF_PLT_D3__all_valid	JAK2
ESTROGEN_RESPONSE_EARLY	entry4_PF_PLT_D3__all_valid	CANT1
ESTROGEN_RESPONSE_EARLY	entry4_PF_PLT_D3__all_valid	CHPT1
ESTROGEN_RESPONSE_EARLY	entry4_PF_PLT_D3__all_valid	SIAH2
ESTROGEN_RESPONSE_EARLY	entry4_PF_PLT_D3__all_valid	OLFML3
ESTROGEN_RESPONSE_EARLY	entry4_PF_PLT_D3__all_valid	RHOBTB3
ESTROGEN_RESPONSE_EARLY	entry4_PF_PLT_D3__all_valid	FHL2
ESTROGEN_RESPONSE_EARLY	entry4_PF_PLT_D3__all_valid	INHBB
ESTROGEN_RESPONSE_EARLY	entry4_PF_PLT_D3__all_valid	AREG
ESTROGEN_RESPONSE_EARLY	entry4_PF_PLT_D3__all_valid	B4GALT1
ESTROGEN_RESPONSE_EARLY	entry4_PF_PLT_D3__all_valid	CISH
ESTROGEN_RESPONSE_EARLY	entry4_PF_PLT_D3__all_valid	NADSYN1
ESTROGEN_RESPONSE_EARLY	entry4_PF_PLT_D3__all_valid	SH3BP5
ESTROGEN_RESPONSE_EARLY	entry4_PF_PLT_D3__all_valid	KCNK5
ESTROGEN_RESPONSE_EARLY	entry4_PF_PLT_D3__all_valid	TUBB2B
ESTROGEN_RESPONSE_EARLY	entry4_PF_PLT_D3__all_valid	CA12
ESTROGEN_RESPONSE_EARLY	entry4_PF_PLT_D3__all_valid	ANXA9
ESTROGEN_RESPONSE_EARLY	entry4_PF_PLT_D3__all_valid	FLNB
ESTROGEN_RESPONSE_EARLY	entry4_PF_PLT_D3__all_valid	TMEM164
ESTROGEN_RESPONSE_EARLY	entry4_PF_PLT_D3__all_valid	MAST4
ESTROGEN_RESPONSE_EARLY	entry4_PF_PLT_D3__all_valid	ALDH3B1
ESTROGEN_RESPONSE_EARLY	entry4_PF_PLT_D3__all_valid	AMFR
ESTROGEN_RESPONSE_EARLY	entry4_PF_PLT_D3__all_valid	SLC7A5
ESTROGEN_RESPONSE_EARLY	entry4_PF_PLT_D3__all_valid	IL17RB
ESTROGEN_RESPONSE_EARLY	entry4_PF_PLT_D3__all_valid	DLC1
ESTROGEN_RESPONSE_LATE	entry4_PF_PLT_D3__all_valid	ATP2B4
ESTROGEN_RESPONSE_LATE	entry4_PF_PLT_D3__all_valid	AFF1
ESTROGEN_RESPONSE_LATE	entry4_PF_PLT_D3__all_valid	RAB31
ESTROGEN_RESPONSE_LATE	entry4_PF_PLT_D3__all_valid	FKBP5
ESTROGEN_RESPONSE_LATE	entry4_PF_PLT_D3__all_valid	SERPINA1
ESTROGEN_RESPONSE_LATE	entry4_PF_PLT_D3__all_valid	CCNA1
ESTROGEN_RESPONSE_LATE	entry4_PF_PLT_D3__all_valid	IMPA2
ESTROGEN_RESPONSE_LATE	entry4_PF_PLT_D3__all_valid	BATF
ESTROGEN_RESPONSE_LATE	entry4_PF_PLT_D3__all_valid	FOXC1
ESTROGEN_RESPONSE_LATE	entry4_PF_PLT_D3__all_valid	S100A9
ESTROGEN_RESPONSE_LATE	entry4_PF_PLT_D3__all_valid	TOB1
ESTROGEN_RESPONSE_LATE	entry4_PF_PLT_D3__all_valid	CD44
ESTROGEN_RESPONSE_LATE	entry4_PF_PLT_D3__all_valid	DHCR7
ESTROGEN_RESPONSE_LATE	entry4_PF_PLT_D3__all_valid	SNX10
ESTROGEN_RESPONSE_LATE	entry4_PF_PLT_D3__all_valid	GLA
ESTROGEN_RESPONSE_LATE	entry4_PF_PLT_D3__all_valid	JAK2
ESTROGEN_RESPONSE_LATE	entry4_PF_PLT_D3__all_valid	ST6GALNAC2
ESTROGEN_RESPONSE_LATE	entry4_PF_PLT_D3__all_valid	CHPT1
ESTROGEN_RESPONSE_LATE	entry4_PF_PLT_D3__all_valid	SIAH2
ESTROGEN_RESPONSE_LATE	entry4_PF_PLT_D3__all_valid	MAPK13
ESTROGEN_RESPONSE_LATE	entry4_PF_PLT_D3__all_valid	PTPN6
ESTROGEN_RESPONSE_LATE	entry4_PF_PLT_D3__all_valid	AREG
ESTROGEN_RESPONSE_LATE	entry4_PF_PLT_D3__all_valid	JAK1
ESTROGEN_RESPONSE_LATE	entry4_PF_PLT_D3__all_valid	CISH
ESTROGEN_RESPONSE_LATE	entry4_PF_PLT_D3__all_valid	CA2
ESTROGEN_RESPONSE_LATE	entry4_PF_PLT_D3__all_valid	KCNK5
ESTROGEN_RESPONSE_LATE	entry4_PF_PLT_D3__all_valid	CA12
ESTROGEN_RESPONSE_LATE	entry4_PF_PLT_D3__all_valid	ANXA9
ESTROGEN_RESPONSE_LATE	entry4_PF_PLT_D3__all_valid	FLNB
ESTROGEN_RESPONSE_LATE	entry4_PF_PLT_D3__all_valid	CKB
ESTROGEN_RESPONSE_LATE	entry4_PF_PLT_D3__all_valid	ALDH3B1
ESTROGEN_RESPONSE_LATE	entry4_PF_PLT_D3__all_valid	AMFR
ESTROGEN_RESPONSE_LATE	entry4_PF_PLT_D3__all_valid	SLC7A5
ESTROGEN_RESPONSE_LATE	entry4_PF_PLT_D3__all_valid	IL17RB
ESTROGEN_RESPONSE_LATE	entry4_PF_PLT_D3__all_valid	ZFP36
ESTROGEN_RESPONSE_LATE	entry4_PF_PLT_D3__all_valid	HSPA4L
ESTROGEN_RESPONSE_LATE	entry4_PF_PLT_D3__all_valid	IL6ST
ESTROGEN_RESPONSE_LATE	entry4_PF_PLT_D3__all_valid	SLC24A3
ESTROGEN_RESPONSE_LATE	entry4_PF_PLT_D3__all_valid	STIL
ESTROGEN_RESPONSE_LATE	entry4_PF_PLT_D3__all_valid	ABHD2
ESTROGEN_RESPONSE_LATE	entry4_PF_PLT_D3__all_valid	XRCC3
ESTROGEN_RESPONSE_LATE	entry4_PF_PLT_D3__all_valid	RAPGEFL1
FATTY_ACID_METABOLISM	entry4_PF_PLT_D3__all_valid	OSTC
FATTY_ACID_METABOLISM	entry4_PF_PLT_D3__all_valid	MDH1
FATTY_ACID_METABOLISM	entry4_PF_PLT_D3__all_valid	METAP1
FATTY_ACID_METABOLISM	entry4_PF_PLT_D3__all_valid	APEX1
FATTY_ACID_METABOLISM	entry4_PF_PLT_D3__all_valid	ACSS1
FATTY_ACID_METABOLISM	entry4_PF_PLT_D3__all_valid	ECHS1
FATTY_ACID_METABOLISM	entry4_PF_PLT_D3__all_valid	ACAA2
FATTY_ACID_METABOLISM	entry4_PF_PLT_D3__all_valid	SUCLG2
FATTY_ACID_METABOLISM	entry4_PF_PLT_D3__all_valid	HADH
FATTY_ACID_METABOLISM	entry4_PF_PLT_D3__all_valid	MCEE
FATTY_ACID_METABOLISM	entry4_PF_PLT_D3__all_valid	CBR1
FATTY_ACID_METABOLISM	entry4_PF_PLT_D3__all_valid	ECI1
FATTY_ACID_METABOLISM	entry4_PF_PLT_D3__all_valid	ACAT2
FATTY_ACID_METABOLISM	entry4_PF_PLT_D3__all_valid	ACADM
FATTY_ACID_METABOLISM	entry4_PF_PLT_D3__all_valid	HSD17B10
FATTY_ACID_METABOLISM	entry4_PF_PLT_D3__all_valid	BPHL
FATTY_ACID_METABOLISM	entry4_PF_PLT_D3__all_valid	ADSL
FATTY_ACID_METABOLISM	entry4_PF_PLT_D3__all_valid	ECI2
FATTY_ACID_METABOLISM	entry4_PF_PLT_D3__all_valid	MIX23
FATTY_ACID_METABOLISM	entry4_PF_PLT_D3__all_valid	ACSL5
FATTY_ACID_METABOLISM	entry4_PF_PLT_D3__all_valid	HSD17B4
FATTY_ACID_METABOLISM	entry4_PF_PLT_D3__all_valid	BCKDHB
FATTY_ACID_METABOLISM	entry4_PF_PLT_D3__all_valid	SDHD
FATTY_ACID_METABOLISM	entry4_PF_PLT_D3__all_valid	CPT2
FATTY_ACID_METABOLISM	entry4_PF_PLT_D3__all_valid	UGDH
FATTY_ACID_METABOLISM	entry4_PF_PLT_D3__all_valid	ACOT2
FATTY_ACID_METABOLISM	entry4_PF_PLT_D3__all_valid	PDHA1
FATTY_ACID_METABOLISM	entry4_PF_PLT_D3__all_valid	BLVRA
FATTY_ACID_METABOLISM	entry4_PF_PLT_D3__all_valid	PSME1
FATTY_ACID_METABOLISM	entry4_PF_PLT_D3__all_valid	ODC1
FATTY_ACID_METABOLISM	entry4_PF_PLT_D3__all_valid	RAP1GDS1
FATTY_ACID_METABOLISM	entry4_PF_PLT_D3__all_valid	CD36
FATTY_ACID_METABOLISM	entry4_PF_PLT_D3__all_valid	HSD17B7
FATTY_ACID_METABOLISM	entry4_PF_PLT_D3__all_valid	PTS
FATTY_ACID_METABOLISM	entry4_PF_PLT_D3__all_valid	SUCLA2
FATTY_ACID_METABOLISM	entry4_PF_PLT_D3__all_valid	GCDH
FATTY_ACID_METABOLISM	entry4_PF_PLT_D3__all_valid	MIF
FATTY_ACID_METABOLISM	entry4_PF_PLT_D3__all_valid	NTHL1
FATTY_ACID_METABOLISM	entry4_PF_PLT_D3__all_valid	ALDH3A2
FATTY_ACID_METABOLISM	entry4_PF_PLT_D3__all_valid	PCBD1
FATTY_ACID_METABOLISM	entry4_PF_PLT_D3__all_valid	ENO2
FATTY_ACID_METABOLISM	entry4_PF_PLT_D3__all_valid	SMS
FATTY_ACID_METABOLISM	entry4_PF_PLT_D3__all_valid	HMGCS1
FATTY_ACID_METABOLISM	entry4_PF_PLT_D3__all_valid	FH
FATTY_ACID_METABOLISM	entry4_PF_PLT_D3__all_valid	ACO2
FATTY_ACID_METABOLISM	entry4_PF_PLT_D3__all_valid	XIST
FATTY_ACID_METABOLISM	entry4_PF_PLT_D3__all_valid	MLYCD
FATTY_ACID_METABOLISM	entry4_PF_PLT_D3__all_valid	MDH2
FATTY_ACID_METABOLISM	entry4_PF_PLT_D3__all_valid	ALDH1A1
FATTY_ACID_METABOLISM	entry4_PF_PLT_D3__all_valid	IDH3B
FATTY_ACID_METABOLISM	entry4_PF_PLT_D3__all_valid	HSPH1
FATTY_ACID_METABOLISM	entry4_PF_PLT_D3__all_valid	S100A10
FATTY_ACID_METABOLISM	entry4_PF_PLT_D3__all_valid	CRYZ
FATTY_ACID_METABOLISM	entry4_PF_PLT_D3__all_valid	IDH3G
FATTY_ACID_METABOLISM	entry4_PF_PLT_D3__all_valid	CD1D
G2M_CHECKPOINT	entry4_PF_PLT_D3__all_valid	BUB3
G2M_CHECKPOINT	entry4_PF_PLT_D3__all_valid	SYNCRIP
G2M_CHECKPOINT	entry4_PF_PLT_D3__all_valid	G3BP1
G2M_CHECKPOINT	entry4_PF_PLT_D3__all_valid	SLC38A1
G2M_CHECKPOINT	entry4_PF_PLT_D3__all_valid	SRSF10
G2M_CHECKPOINT	entry4_PF_PLT_D3__all_valid	PURA
G2M_CHECKPOINT	entry4_PF_PLT_D3__all_valid	NCL
G2M_CHECKPOINT	entry4_PF_PLT_D3__all_valid	MAD2L1
G2M_CHECKPOINT	entry4_PF_PLT_D3__all_valid	MYC
G2M_CHECKPOINT	entry4_PF_PLT_D3__all_valid	CUL5
G2M_CHECKPOINT	entry4_PF_PLT_D3__all_valid	RPS6KA5
G2M_CHECKPOINT	entry4_PF_PLT_D3__all_valid	KIF22
G2M_CHECKPOINT	entry4_PF_PLT_D3__all_valid	TMPO
G2M_CHECKPOINT	entry4_PF_PLT_D3__all_valid	HNRNPD
G2M_CHECKPOINT	entry4_PF_PLT_D3__all_valid	STMN1
G2M_CHECKPOINT	entry4_PF_PLT_D3__all_valid	CDC25B
G2M_CHECKPOINT	entry4_PF_PLT_D3__all_valid	H2AZ2
G2M_CHECKPOINT	entry4_PF_PLT_D3__all_valid	PRP4K
G2M_CHECKPOINT	entry4_PF_PLT_D3__all_valid	ORC5
G2M_CHECKPOINT	entry4_PF_PLT_D3__all_valid	ILF3
G2M_CHECKPOINT	entry4_PF_PLT_D3__all_valid	CDK4
G2M_CHECKPOINT	entry4_PF_PLT_D3__all_valid	TENT4A
G2M_CHECKPOINT	entry4_PF_PLT_D3__all_valid	SRSF2
G2M_CHECKPOINT	entry4_PF_PLT_D3__all_valid	HSPA8
G2M_CHECKPOINT	entry4_PF_PLT_D3__all_valid	SMC1A
G2M_CHECKPOINT	entry4_PF_PLT_D3__all_valid	UCK2
G2M_CHECKPOINT	entry4_PF_PLT_D3__all_valid	SS18
G2M_CHECKPOINT	entry4_PF_PLT_D3__all_valid	MTF2
G2M_CHECKPOINT	entry4_PF_PLT_D3__all_valid	MCM3
G2M_CHECKPOINT	entry4_PF_PLT_D3__all_valid	SNRPD1
G2M_CHECKPOINT	entry4_PF_PLT_D3__all_valid	SLC12A2
G2M_CHECKPOINT	entry4_PF_PLT_D3__all_valid	ODC1
G2M_CHECKPOINT	entry4_PF_PLT_D3__all_valid	SMARCC1
G2M_CHECKPOINT	entry4_PF_PLT_D3__all_valid	NOLC1
G2M_CHECKPOINT	entry4_PF_PLT_D3__all_valid	SMAD3
G2M_CHECKPOINT	entry4_PF_PLT_D3__all_valid	DTYMK
GLYCOLYSIS	entry4_PF_PLT_D3__all_valid	TGFA
GLYCOLYSIS	entry4_PF_PLT_D3__all_valid	PYGL
GLYCOLYSIS	entry4_PF_PLT_D3__all_valid	PHKA2
GLYCOLYSIS	entry4_PF_PLT_D3__all_valid	IRS2
GLYCOLYSIS	entry4_PF_PLT_D3__all_valid	TPST1
GLYCOLYSIS	entry4_PF_PLT_D3__all_valid	HK2
GLYCOLYSIS	entry4_PF_PLT_D3__all_valid	PKM
GLYCOLYSIS	entry4_PF_PLT_D3__all_valid	B4GALT4
GLYCOLYSIS	entry4_PF_PLT_D3__all_valid	PDK3
GLYCOLYSIS	entry4_PF_PLT_D3__all_valid	RRAGD
GLYCOLYSIS	entry4_PF_PLT_D3__all_valid	P4HA2
GLYCOLYSIS	entry4_PF_PLT_D3__all_valid	QSOX1
GLYCOLYSIS	entry4_PF_PLT_D3__all_valid	ABCB6
GLYCOLYSIS	entry4_PF_PLT_D3__all_valid	DSC2
GLYCOLYSIS	entry4_PF_PLT_D3__all_valid	MERTK
GLYCOLYSIS	entry4_PF_PLT_D3__all_valid	SPAG4
GLYCOLYSIS	entry4_PF_PLT_D3__all_valid	LDHA
GLYCOLYSIS	entry4_PF_PLT_D3__all_valid	CD44
GLYCOLYSIS	entry4_PF_PLT_D3__all_valid	EXT1
GLYCOLYSIS	entry4_PF_PLT_D3__all_valid	LCT
GLYCOLYSIS	entry4_PF_PLT_D3__all_valid	SLC16A3
GLYCOLYSIS	entry4_PF_PLT_D3__all_valid	TALDO1
GLYCOLYSIS	entry4_PF_PLT_D3__all_valid	PGK1
GLYCOLYSIS	entry4_PF_PLT_D3__all_valid	PAM
GLYCOLYSIS	entry4_PF_PLT_D3__all_valid	PGM2
GLYCOLYSIS	entry4_PF_PLT_D3__all_valid	PKP2
GLYCOLYSIS	entry4_PF_PLT_D3__all_valid	G6PD
GLYCOLYSIS	entry4_PF_PLT_D3__all_valid	IER3
GLYCOLYSIS	entry4_PF_PLT_D3__all_valid	IL13RA1
GLYCOLYSIS	entry4_PF_PLT_D3__all_valid	B4GALT1
GLYCOLYSIS	entry4_PF_PLT_D3__all_valid	ALDOA
GLYCOLYSIS	entry4_PF_PLT_D3__all_valid	DEPDC1
GLYCOLYSIS	entry4_PF_PLT_D3__all_valid	ANKZF1
GLYCOLYSIS	entry4_PF_PLT_D3__all_valid	ME2
GLYCOLYSIS	entry4_PF_PLT_D3__all_valid	SAP30
GLYCOLYSIS	entry4_PF_PLT_D3__all_valid	TXN
GLYCOLYSIS	entry4_PF_PLT_D3__all_valid	PLOD1
HEDGEHOG_SIGNALING	entry4_PF_PLT_D3__all_valid	ETS2
HEDGEHOG_SIGNALING	entry4_PF_PLT_D3__all_valid	SLIT1
HEDGEHOG_SIGNALING	entry4_PF_PLT_D3__all_valid	CDK5R1
HEDGEHOG_SIGNALING	entry4_PF_PLT_D3__all_valid	NF1
HEDGEHOG_SIGNALING	entry4_PF_PLT_D3__all_valid	TLE3
HEDGEHOG_SIGNALING	entry4_PF_PLT_D3__all_valid	MYH9
HEDGEHOG_SIGNALING	entry4_PF_PLT_D3__all_valid	TLE1
HEDGEHOG_SIGNALING	entry4_PF_PLT_D3__all_valid	GLI1
HEDGEHOG_SIGNALING	entry4_PF_PLT_D3__all_valid	RASA1
HEDGEHOG_SIGNALING	entry4_PF_PLT_D3__all_valid	PML
HEDGEHOG_SIGNALING	entry4_PF_PLT_D3__all_valid	VLDLR
HEDGEHOG_SIGNALING	entry4_PF_PLT_D3__all_valid	ACHE
HEME_METABOLISM	entry4_PF_PLT_D3__all_valid	NFE2
HEME_METABOLISM	entry4_PF_PLT_D3__all_valid	CCND3
HEME_METABOLISM	entry4_PF_PLT_D3__all_valid	SLC22A4
HEME_METABOLISM	entry4_PF_PLT_D3__all_valid	GCLM
HEME_METABOLISM	entry4_PF_PLT_D3__all_valid	NARF
HEME_METABOLISM	entry4_PF_PLT_D3__all_valid	MBOAT2
HEME_METABOLISM	entry4_PF_PLT_D3__all_valid	ADD1
HEME_METABOLISM	entry4_PF_PLT_D3__all_valid	ATP6V0A1
HEME_METABOLISM	entry4_PF_PLT_D3__all_valid	LPIN2
HEME_METABOLISM	entry4_PF_PLT_D3__all_valid	SLC25A37
HEME_METABOLISM	entry4_PF_PLT_D3__all_valid	FBXO34
HEME_METABOLISM	entry4_PF_PLT_D3__all_valid	FBXO9
HEME_METABOLISM	entry4_PF_PLT_D3__all_valid	LRP10
HEME_METABOLISM	entry4_PF_PLT_D3__all_valid	P4HA2
HEME_METABOLISM	entry4_PF_PLT_D3__all_valid	ABCB6
HEME_METABOLISM	entry4_PF_PLT_D3__all_valid	MPP1
HEME_METABOLISM	entry4_PF_PLT_D3__all_valid	MARK3
HEME_METABOLISM	entry4_PF_PLT_D3__all_valid	MAP2K3
HEME_METABOLISM	entry4_PF_PLT_D3__all_valid	SLC2A1
HEME_METABOLISM	entry4_PF_PLT_D3__all_valid	HTATIP2
HEME_METABOLISM	entry4_PF_PLT_D3__all_valid	CAST
HEME_METABOLISM	entry4_PF_PLT_D3__all_valid	EZH1
HEME_METABOLISM	entry4_PF_PLT_D3__all_valid	ERMAP
HEME_METABOLISM	entry4_PF_PLT_D3__all_valid	FOXO3
HEME_METABOLISM	entry4_PF_PLT_D3__all_valid	GAPVD1
HEME_METABOLISM	entry4_PF_PLT_D3__all_valid	KHNYN
HEME_METABOLISM	entry4_PF_PLT_D3__all_valid	PSMD9
HEME_METABOLISM	entry4_PF_PLT_D3__all_valid	NR3C1
HEME_METABOLISM	entry4_PF_PLT_D3__all_valid	SDCBP
HEME_METABOLISM	entry4_PF_PLT_D3__all_valid	DCAF10
HEME_METABOLISM	entry4_PF_PLT_D3__all_valid	GDE1
HEME_METABOLISM	entry4_PF_PLT_D3__all_valid	SMOX
HEME_METABOLISM	entry4_PF_PLT_D3__all_valid	PPP2R5B
HEME_METABOLISM	entry4_PF_PLT_D3__all_valid	SPTB
HEME_METABOLISM	entry4_PF_PLT_D3__all_valid	ALAD
HEME_METABOLISM	entry4_PF_PLT_D3__all_valid	RHAG
HEME_METABOLISM	entry4_PF_PLT_D3__all_valid	ADIPOR1
HEME_METABOLISM	entry4_PF_PLT_D3__all_valid	NUDT4
HEME_METABOLISM	entry4_PF_PLT_D3__all_valid	PICALM
HEME_METABOLISM	entry4_PF_PLT_D3__all_valid	FOXJ2
HEME_METABOLISM	entry4_PF_PLT_D3__all_valid	LAMP2
HEME_METABOLISM	entry4_PF_PLT_D3__all_valid	CA2
HEME_METABOLISM	entry4_PF_PLT_D3__all_valid	EIF2AK1
HEME_METABOLISM	entry4_PF_PLT_D3__all_valid	SEC14L1
HEME_METABOLISM	entry4_PF_PLT_D3__all_valid	RCL1
HEME_METABOLISM	entry4_PF_PLT_D3__all_valid	KDM7A
HEME_METABOLISM	entry4_PF_PLT_D3__all_valid	HDGF
HEME_METABOLISM	entry4_PF_PLT_D3__all_valid	USP15
HEME_METABOLISM	entry4_PF_PLT_D3__all_valid	MARCHF2
HEME_METABOLISM	entry4_PF_PLT_D3__all_valid	RAP1GAP
HEME_METABOLISM	entry4_PF_PLT_D3__all_valid	TMCC2
HEME_METABOLISM	entry4_PF_PLT_D3__all_valid	RANBP10
HEME_METABOLISM	entry4_PF_PLT_D3__all_valid	KEL
HEME_METABOLISM	entry4_PF_PLT_D3__all_valid	ARHGEF12
HEME_METABOLISM	entry4_PF_PLT_D3__all_valid	ANK1
HEME_METABOLISM	entry4_PF_PLT_D3__all_valid	TAL1
HEME_METABOLISM	entry4_PF_PLT_D3__all_valid	RHD
HEME_METABOLISM	entry4_PF_PLT_D3__all_valid	BCAM
HEME_METABOLISM	entry4_PF_PLT_D3__all_valid	NEK7
HEME_METABOLISM	entry4_PF_PLT_D3__all_valid	MARCHF8
HEME_METABOLISM	entry4_PF_PLT_D3__all_valid	LMO2
HEME_METABOLISM	entry4_PF_PLT_D3__all_valid	SLC66A2
HEME_METABOLISM	entry4_PF_PLT_D3__all_valid	KLF3
HEME_METABOLISM	entry4_PF_PLT_D3__all_valid	TNRC6B
HEME_METABOLISM	entry4_PF_PLT_D3__all_valid	SYNJ1
HEME_METABOLISM	entry4_PF_PLT_D3__all_valid	DMTN
HEME_METABOLISM	entry4_PF_PLT_D3__all_valid	RBM38
HEME_METABOLISM	entry4_PF_PLT_D3__all_valid	DCAF11
HEME_METABOLISM	entry4_PF_PLT_D3__all_valid	E2F2
HEME_METABOLISM	entry4_PF_PLT_D3__all_valid	RBM5
HEME_METABOLISM	entry4_PF_PLT_D3__all_valid	EPOR
HEME_METABOLISM	entry4_PF_PLT_D3__all_valid	RNF19A
HEME_METABOLISM	entry4_PF_PLT_D3__all_valid	FN3K
HEME_METABOLISM	entry4_PF_PLT_D3__all_valid	CTNS
HEME_METABOLISM	entry4_PF_PLT_D3__all_valid	GATA1
HEME_METABOLISM	entry4_PF_PLT_D3__all_valid	XPO7
HEME_METABOLISM	entry4_PF_PLT_D3__all_valid	RHCE
HEME_METABOLISM	entry4_PF_PLT_D3__all_valid	CTSB
HEME_METABOLISM	entry4_PF_PLT_D3__all_valid	BTRC
HEME_METABOLISM	entry4_PF_PLT_D3__all_valid	KAT2B
HEME_METABOLISM	entry4_PF_PLT_D3__all_valid	FBXO7
HEME_METABOLISM	entry4_PF_PLT_D3__all_valid	HTRA2
HEME_METABOLISM	entry4_PF_PLT_D3__all_valid	SLC6A8
HEME_METABOLISM	entry4_PF_PLT_D3__all_valid	UBAC1
HEME_METABOLISM	entry4_PF_PLT_D3__all_valid	YPEL5
HEME_METABOLISM	entry4_PF_PLT_D3__all_valid	TRIM58
HEME_METABOLISM	entry4_PF_PLT_D3__all_valid	DAAM1
HEME_METABOLISM	entry4_PF_PLT_D3__all_valid	TOP1
HEME_METABOLISM	entry4_PF_PLT_D3__all_valid	CCDC28A
HEME_METABOLISM	entry4_PF_PLT_D3__all_valid	NFE2L1
HEME_METABOLISM	entry4_PF_PLT_D3__all_valid	CLIC2
HEME_METABOLISM	entry4_PF_PLT_D3__all_valid	HAGH
HEME_METABOLISM	entry4_PF_PLT_D3__all_valid	BSG
HEME_METABOLISM	entry4_PF_PLT_D3__all_valid	MXI1
HEME_METABOLISM	entry4_PF_PLT_D3__all_valid	HMBS
HEME_METABOLISM	entry4_PF_PLT_D3__all_valid	KLF1
HEME_METABOLISM	entry4_PF_PLT_D3__all_valid	CDR2
HEME_METABOLISM	entry4_PF_PLT_D3__all_valid	MKRN1
HEME_METABOLISM	entry4_PF_PLT_D3__all_valid	PDZK1IP1
HEME_METABOLISM	entry4_PF_PLT_D3__all_valid	CDC27
HEME_METABOLISM	entry4_PF_PLT_D3__all_valid	SLC6A9
HEME_METABOLISM	entry4_PF_PLT_D3__all_valid	XK
HEME_METABOLISM	entry4_PF_PLT_D3__all_valid	RNF123
HEME_METABOLISM	entry4_PF_PLT_D3__all_valid	OSBP2
HYPOXIA	entry4_PF_PLT_D3__all_valid	NDRG1
HYPOXIA	entry4_PF_PLT_D3__all_valid	PFKFB3
HYPOXIA	entry4_PF_PLT_D3__all_valid	NFIL3
HYPOXIA	entry4_PF_PLT_D3__all_valid	SLC2A3
HYPOXIA	entry4_PF_PLT_D3__all_valid	FOSL2
HYPOXIA	entry4_PF_PLT_D3__all_valid	TPST2
HYPOXIA	entry4_PF_PLT_D3__all_valid	AMPD3
HYPOXIA	entry4_PF_PLT_D3__all_valid	IRS2
HYPOXIA	entry4_PF_PLT_D3__all_valid	HK2
HYPOXIA	entry4_PF_PLT_D3__all_valid	NDST2
HYPOXIA	entry4_PF_PLT_D3__all_valid	RBPJ
HYPOXIA	entry4_PF_PLT_D3__all_valid	KLF7
HYPOXIA	entry4_PF_PLT_D3__all_valid	JMJD6
HYPOXIA	entry4_PF_PLT_D3__all_valid	KLF6
HYPOXIA	entry4_PF_PLT_D3__all_valid	PDK3
HYPOXIA	entry4_PF_PLT_D3__all_valid	CCNG2
HYPOXIA	entry4_PF_PLT_D3__all_valid	RRAGD
HYPOXIA	entry4_PF_PLT_D3__all_valid	PGM1
HYPOXIA	entry4_PF_PLT_D3__all_valid	PIM1
HYPOXIA	entry4_PF_PLT_D3__all_valid	P4HA2
HYPOXIA	entry4_PF_PLT_D3__all_valid	SLC6A6
HYPOXIA	entry4_PF_PLT_D3__all_valid	TIPARP
HYPOXIA	entry4_PF_PLT_D3__all_valid	SLC2A1
HYPOXIA	entry4_PF_PLT_D3__all_valid	ADM
HYPOXIA	entry4_PF_PLT_D3__all_valid	WSB1
HYPOXIA	entry4_PF_PLT_D3__all_valid	FOXO3
HYPOXIA	entry4_PF_PLT_D3__all_valid	LDHA
HYPOXIA	entry4_PF_PLT_D3__all_valid	EXT1
HYPOXIA	entry4_PF_PLT_D3__all_valid	IDS
HYPOXIA	entry4_PF_PLT_D3__all_valid	NR3C1
HYPOXIA	entry4_PF_PLT_D3__all_valid	SERPINE1
HYPOXIA	entry4_PF_PLT_D3__all_valid	SIAH2
HYPOXIA	entry4_PF_PLT_D3__all_valid	PNRC1
HYPOXIA	entry4_PF_PLT_D3__all_valid	PGK1
HYPOXIA	entry4_PF_PLT_D3__all_valid	PAM
HYPOXIA	entry4_PF_PLT_D3__all_valid	PGM2
HYPOXIA	entry4_PF_PLT_D3__all_valid	PPP1R15A
HYPOXIA	entry4_PF_PLT_D3__all_valid	HK1
HYPOXIA	entry4_PF_PLT_D3__all_valid	IER3
HYPOXIA	entry4_PF_PLT_D3__all_valid	GAPDH
HYPOXIA	entry4_PF_PLT_D3__all_valid	TNFAIP3
HYPOXIA	entry4_PF_PLT_D3__all_valid	MAP3K1
HYPOXIA	entry4_PF_PLT_D3__all_valid	ALDOA
HYPOXIA	entry4_PF_PLT_D3__all_valid	DUSP1
HYPOXIA	entry4_PF_PLT_D3__all_valid	CDKN1B
HYPOXIA	entry4_PF_PLT_D3__all_valid	GBE1
HYPOXIA	entry4_PF_PLT_D3__all_valid	ANKZF1
HYPOXIA	entry4_PF_PLT_D3__all_valid	NDST1
HYPOXIA	entry4_PF_PLT_D3__all_valid	SAP30
HYPOXIA	entry4_PF_PLT_D3__all_valid	CSRP2
HYPOXIA	entry4_PF_PLT_D3__all_valid	MYH9
HYPOXIA	entry4_PF_PLT_D3__all_valid	PLAC8
HYPOXIA	entry4_PF_PLT_D3__all_valid	CA12
HYPOXIA	entry4_PF_PLT_D3__all_valid	PRDX5
HYPOXIA	entry4_PF_PLT_D3__all_valid	TMEM45A
HYPOXIA	entry4_PF_PLT_D3__all_valid	PYGM
HYPOXIA	entry4_PF_PLT_D3__all_valid	GLRX
HYPOXIA	entry4_PF_PLT_D3__all_valid	ENO1
HYPOXIA	entry4_PF_PLT_D3__all_valid	GYS1
HYPOXIA	entry4_PF_PLT_D3__all_valid	NEDD4L
HYPOXIA	entry4_PF_PLT_D3__all_valid	UGP2
HYPOXIA	entry4_PF_PLT_D3__all_valid	CITED2
HYPOXIA	entry4_PF_PLT_D3__all_valid	ZNF292
HYPOXIA	entry4_PF_PLT_D3__all_valid	PHKG1
HYPOXIA	entry4_PF_PLT_D3__all_valid	ZFP36
HYPOXIA	entry4_PF_PLT_D3__all_valid	DDIT4
IL2_STAT5_SIGNALING	entry4_PF_PLT_D3__all_valid	CST7
IL2_STAT5_SIGNALING	entry4_PF_PLT_D3__all_valid	NDRG1
IL2_STAT5_SIGNALING	entry4_PF_PLT_D3__all_valid	IL1R2
IL2_STAT5_SIGNALING	entry4_PF_PLT_D3__all_valid	CCND3
IL2_STAT5_SIGNALING	entry4_PF_PLT_D3__all_valid	MAPKAPK2
IL2_STAT5_SIGNALING	entry4_PF_PLT_D3__all_valid	NFIL3
IL2_STAT5_SIGNALING	entry4_PF_PLT_D3__all_valid	CKAP4
IL2_STAT5_SIGNALING	entry4_PF_PLT_D3__all_valid	SLC2A3
IL2_STAT5_SIGNALING	entry4_PF_PLT_D3__all_valid	IGF1R
IL2_STAT5_SIGNALING	entry4_PF_PLT_D3__all_valid	PLSCR1
IL2_STAT5_SIGNALING	entry4_PF_PLT_D3__all_valid	SCN9A
IL2_STAT5_SIGNALING	entry4_PF_PLT_D3__all_valid	HK2
IL2_STAT5_SIGNALING	entry4_PF_PLT_D3__all_valid	FURIN
IL2_STAT5_SIGNALING	entry4_PF_PLT_D3__all_valid	HIPK2
IL2_STAT5_SIGNALING	entry4_PF_PLT_D3__all_valid	MXD1
IL2_STAT5_SIGNALING	entry4_PF_PLT_D3__all_valid	HYCC2
IL2_STAT5_SIGNALING	entry4_PF_PLT_D3__all_valid	IL18R1
IL2_STAT5_SIGNALING	entry4_PF_PLT_D3__all_valid	ALCAM
IL2_STAT5_SIGNALING	entry4_PF_PLT_D3__all_valid	KLF6
IL2_STAT5_SIGNALING	entry4_PF_PLT_D3__all_valid	RRAGD
IL2_STAT5_SIGNALING	entry4_PF_PLT_D3__all_valid	PIM1
IL2_STAT5_SIGNALING	entry4_PF_PLT_D3__all_valid	SELL
IL2_STAT5_SIGNALING	entry4_PF_PLT_D3__all_valid	IL4R
IL2_STAT5_SIGNALING	entry4_PF_PLT_D3__all_valid	IGF2R
IL2_STAT5_SIGNALING	entry4_PF_PLT_D3__all_valid	IFNGR1
IL2_STAT5_SIGNALING	entry4_PF_PLT_D3__all_valid	BATF
IL2_STAT5_SIGNALING	entry4_PF_PLT_D3__all_valid	ADAM19
IL2_STAT5_SIGNALING	entry4_PF_PLT_D3__all_valid	DENND5A
IL2_STAT5_SIGNALING	entry4_PF_PLT_D3__all_valid	CAPG
IL2_STAT5_SIGNALING	entry4_PF_PLT_D3__all_valid	IFITM3
IL2_STAT5_SIGNALING	entry4_PF_PLT_D3__all_valid	SMPDL3A
IL2_STAT5_SIGNALING	entry4_PF_PLT_D3__all_valid	CD44
IL2_STAT5_SIGNALING	entry4_PF_PLT_D3__all_valid	PLEC
IL2_STAT5_SIGNALING	entry4_PF_PLT_D3__all_valid	CAPN3
IL2_STAT5_SIGNALING	entry4_PF_PLT_D3__all_valid	GLIPR2
IL2_STAT5_SIGNALING	entry4_PF_PLT_D3__all_valid	MAP3K8
IL2_STAT5_SIGNALING	entry4_PF_PLT_D3__all_valid	CSF1
IL2_STAT5_SIGNALING	entry4_PF_PLT_D3__all_valid	IL1RL1
IL2_STAT5_SIGNALING	entry4_PF_PLT_D3__all_valid	GADD45B
IL2_STAT5_SIGNALING	entry4_PF_PLT_D3__all_valid	SLC39A8
IL2_STAT5_SIGNALING	entry4_PF_PLT_D3__all_valid	ST3GAL4
IL2_STAT5_SIGNALING	entry4_PF_PLT_D3__all_valid	GABARAPL1
IL2_STAT5_SIGNALING	entry4_PF_PLT_D3__all_valid	CISH
IL2_STAT5_SIGNALING	entry4_PF_PLT_D3__all_valid	EMP1
IL2_STAT5_SIGNALING	entry4_PF_PLT_D3__all_valid	F2RL2
IL2_STAT5_SIGNALING	entry4_PF_PLT_D3__all_valid	SPRED2
IL2_STAT5_SIGNALING	entry4_PF_PLT_D3__all_valid	CA2
IL6_JAK_STAT3_SIGNALING	entry4_PF_PLT_D3__all_valid	IL1R2
IL6_JAK_STAT3_SIGNALING	entry4_PF_PLT_D3__all_valid	IL1R1
IL6_JAK_STAT3_SIGNALING	entry4_PF_PLT_D3__all_valid	IL17RA
IL6_JAK_STAT3_SIGNALING	entry4_PF_PLT_D3__all_valid	STAT3
IL6_JAK_STAT3_SIGNALING	entry4_PF_PLT_D3__all_valid	SOCS3
IL6_JAK_STAT3_SIGNALING	entry4_PF_PLT_D3__all_valid	IFNAR1
IL6_JAK_STAT3_SIGNALING	entry4_PF_PLT_D3__all_valid	IL10RB
IL6_JAK_STAT3_SIGNALING	entry4_PF_PLT_D3__all_valid	IFNGR2
IL6_JAK_STAT3_SIGNALING	entry4_PF_PLT_D3__all_valid	TNFRSF1A
IL6_JAK_STAT3_SIGNALING	entry4_PF_PLT_D3__all_valid	ACVR1B
IL6_JAK_STAT3_SIGNALING	entry4_PF_PLT_D3__all_valid	IL18R1
IL6_JAK_STAT3_SIGNALING	entry4_PF_PLT_D3__all_valid	TLR2
IL6_JAK_STAT3_SIGNALING	entry4_PF_PLT_D3__all_valid	PTPN1
IL6_JAK_STAT3_SIGNALING	entry4_PF_PLT_D3__all_valid	PIM1
IL6_JAK_STAT3_SIGNALING	entry4_PF_PLT_D3__all_valid	IL4R
IL6_JAK_STAT3_SIGNALING	entry4_PF_PLT_D3__all_valid	PDGFC
IL6_JAK_STAT3_SIGNALING	entry4_PF_PLT_D3__all_valid	IFNGR1
IL6_JAK_STAT3_SIGNALING	entry4_PF_PLT_D3__all_valid	CSF3R
IL6_JAK_STAT3_SIGNALING	entry4_PF_PLT_D3__all_valid	CSF2RB
IL6_JAK_STAT3_SIGNALING	entry4_PF_PLT_D3__all_valid	CSF2RA
IL6_JAK_STAT3_SIGNALING	entry4_PF_PLT_D3__all_valid	CD44
IL6_JAK_STAT3_SIGNALING	entry4_PF_PLT_D3__all_valid	MYD88
IL6_JAK_STAT3_SIGNALING	entry4_PF_PLT_D3__all_valid	CBL
IL6_JAK_STAT3_SIGNALING	entry4_PF_PLT_D3__all_valid	FAS
IL6_JAK_STAT3_SIGNALING	entry4_PF_PLT_D3__all_valid	MAP3K8
IL6_JAK_STAT3_SIGNALING	entry4_PF_PLT_D3__all_valid	CSF1
IL6_JAK_STAT3_SIGNALING	entry4_PF_PLT_D3__all_valid	GRB2
IL6_JAK_STAT3_SIGNALING	entry4_PF_PLT_D3__all_valid	TGFB1
IL6_JAK_STAT3_SIGNALING	entry4_PF_PLT_D3__all_valid	IL13RA1
IL6_JAK_STAT3_SIGNALING	entry4_PF_PLT_D3__all_valid	PIK3R5
IL6_JAK_STAT3_SIGNALING	entry4_PF_PLT_D3__all_valid	SOCS1
IL6_JAK_STAT3_SIGNALING	entry4_PF_PLT_D3__all_valid	IRF9
IL6_JAK_STAT3_SIGNALING	entry4_PF_PLT_D3__all_valid	IRF1
IL6_JAK_STAT3_SIGNALING	entry4_PF_PLT_D3__all_valid	IL17RB
IL6_JAK_STAT3_SIGNALING	entry4_PF_PLT_D3__all_valid	OSMR
IL6_JAK_STAT3_SIGNALING	entry4_PF_PLT_D3__all_valid	CXCL1
IL6_JAK_STAT3_SIGNALING	entry4_PF_PLT_D3__all_valid	IL6ST
IL6_JAK_STAT3_SIGNALING	entry4_PF_PLT_D3__all_valid	IL2RG
IL6_JAK_STAT3_SIGNALING	entry4_PF_PLT_D3__all_valid	ACVRL1
IL6_JAK_STAT3_SIGNALING	entry4_PF_PLT_D3__all_valid	TYK2
IL6_JAK_STAT3_SIGNALING	entry4_PF_PLT_D3__all_valid	CCR1
IL6_JAK_STAT3_SIGNALING	entry4_PF_PLT_D3__all_valid	ITGB3
IL6_JAK_STAT3_SIGNALING	entry4_PF_PLT_D3__all_valid	PTPN11
INFLAMMATORY_RESPONSE	entry4_PF_PLT_D3__all_valid	KIF1B
INFLAMMATORY_RESPONSE	entry4_PF_PLT_D3__all_valid	IL1R1
INFLAMMATORY_RESPONSE	entry4_PF_PLT_D3__all_valid	IL18RAP
INFLAMMATORY_RESPONSE	entry4_PF_PLT_D3__all_valid	IFNAR1
INFLAMMATORY_RESPONSE	entry4_PF_PLT_D3__all_valid	LYN
INFLAMMATORY_RESPONSE	entry4_PF_PLT_D3__all_valid	IFNGR2
INFLAMMATORY_RESPONSE	entry4_PF_PLT_D3__all_valid	ACVR1B
INFLAMMATORY_RESPONSE	entry4_PF_PLT_D3__all_valid	IFITM1
INFLAMMATORY_RESPONSE	entry4_PF_PLT_D3__all_valid	MXD1
INFLAMMATORY_RESPONSE	entry4_PF_PLT_D3__all_valid	RHOG
INFLAMMATORY_RESPONSE	entry4_PF_PLT_D3__all_valid	PTPRE
INFLAMMATORY_RESPONSE	entry4_PF_PLT_D3__all_valid	PROK2
INFLAMMATORY_RESPONSE	entry4_PF_PLT_D3__all_valid	FPR1
INFLAMMATORY_RESPONSE	entry4_PF_PLT_D3__all_valid	AQP9
INFLAMMATORY_RESPONSE	entry4_PF_PLT_D3__all_valid	IL18R1
INFLAMMATORY_RESPONSE	entry4_PF_PLT_D3__all_valid	KLF6
INFLAMMATORY_RESPONSE	entry4_PF_PLT_D3__all_valid	LCP2
INFLAMMATORY_RESPONSE	entry4_PF_PLT_D3__all_valid	RNF144B
INFLAMMATORY_RESPONSE	entry4_PF_PLT_D3__all_valid	TLR2
INFLAMMATORY_RESPONSE	entry4_PF_PLT_D3__all_valid	IRAK2
INFLAMMATORY_RESPONSE	entry4_PF_PLT_D3__all_valid	OSM
INFLAMMATORY_RESPONSE	entry4_PF_PLT_D3__all_valid	SELL
INFLAMMATORY_RESPONSE	entry4_PF_PLT_D3__all_valid	NFKB1
INFLAMMATORY_RESPONSE	entry4_PF_PLT_D3__all_valid	IL4R
INFLAMMATORY_RESPONSE	entry4_PF_PLT_D3__all_valid	MEFV
INFLAMMATORY_RESPONSE	entry4_PF_PLT_D3__all_valid	NFKBIA
INFLAMMATORY_RESPONSE	entry4_PF_PLT_D3__all_valid	CD55
INFLAMMATORY_RESPONSE	entry4_PF_PLT_D3__all_valid	LDLR
INFLAMMATORY_RESPONSE	entry4_PF_PLT_D3__all_valid	CD82
INFLAMMATORY_RESPONSE	entry4_PF_PLT_D3__all_valid	PTAFR
INFLAMMATORY_RESPONSE	entry4_PF_PLT_D3__all_valid	ADM
INFLAMMATORY_RESPONSE	entry4_PF_PLT_D3__all_valid	C3AR1
INFLAMMATORY_RESPONSE	entry4_PF_PLT_D3__all_valid	PSEN1
INFLAMMATORY_RESPONSE	entry4_PF_PLT_D3__all_valid	CSF3R
INFLAMMATORY_RESPONSE	entry4_PF_PLT_D3__all_valid	HIF1A
INFLAMMATORY_RESPONSE	entry4_PF_PLT_D3__all_valid	NLRP3
INFLAMMATORY_RESPONSE	entry4_PF_PLT_D3__all_valid	SGMS2
INFLAMMATORY_RESPONSE	entry4_PF_PLT_D3__all_valid	SERPINE1
INFLAMMATORY_RESPONSE	entry4_PF_PLT_D3__all_valid	ADGRE1
INFLAMMATORY_RESPONSE	entry4_PF_PLT_D3__all_valid	CSF1
INFLAMMATORY_RESPONSE	entry4_PF_PLT_D3__all_valid	SEMA4D
INFLAMMATORY_RESPONSE	entry4_PF_PLT_D3__all_valid	TAPBP
INFLAMMATORY_RESPONSE	entry4_PF_PLT_D3__all_valid	SLC31A2
INFLAMMATORY_RESPONSE	entry4_PF_PLT_D3__all_valid	RAF1
INFLAMMATORY_RESPONSE	entry4_PF_PLT_D3__all_valid	CLEC5A
INFLAMMATORY_RESPONSE	entry4_PF_PLT_D3__all_valid	FFAR2
INFLAMMATORY_RESPONSE	entry4_PF_PLT_D3__all_valid	EIF2AK2
INFLAMMATORY_RESPONSE	entry4_PF_PLT_D3__all_valid	GNAI3
INFLAMMATORY_RESPONSE	entry4_PF_PLT_D3__all_valid	KCNJ2
INFLAMMATORY_RESPONSE	entry4_PF_PLT_D3__all_valid	NAMPT
INFLAMMATORY_RESPONSE	entry4_PF_PLT_D3__all_valid	PIK3R5
INFLAMMATORY_RESPONSE	entry4_PF_PLT_D3__all_valid	NOD2
INFLAMMATORY_RESPONSE	entry4_PF_PLT_D3__all_valid	ICAM1
INFLAMMATORY_RESPONSE	entry4_PF_PLT_D3__all_valid	TLR1
INTERFERON_ALPHA_RESPONSE	entry4_PF_PLT_D3__all_valid	TRIM25
INTERFERON_ALPHA_RESPONSE	entry4_PF_PLT_D3__all_valid	PLSCR1
INTERFERON_ALPHA_RESPONSE	entry4_PF_PLT_D3__all_valid	IFITM1
INTERFERON_ALPHA_RESPONSE	entry4_PF_PLT_D3__all_valid	ADAR
INTERFERON_ALPHA_RESPONSE	entry4_PF_PLT_D3__all_valid	SELL
INTERFERON_ALPHA_RESPONSE	entry4_PF_PLT_D3__all_valid	IL4R
INTERFERON_ALPHA_RESPONSE	entry4_PF_PLT_D3__all_valid	TRAFD1
INTERFERON_ALPHA_RESPONSE	entry4_PF_PLT_D3__all_valid	IFITM2
INTERFERON_ALPHA_RESPONSE	entry4_PF_PLT_D3__all_valid	IRF2
INTERFERON_ALPHA_RESPONSE	entry4_PF_PLT_D3__all_valid	TRIM21
INTERFERON_ALPHA_RESPONSE	entry4_PF_PLT_D3__all_valid	TMEM140
INTERFERON_ALPHA_RESPONSE	entry4_PF_PLT_D3__all_valid	IFITM3
INTERFERON_ALPHA_RESPONSE	entry4_PF_PLT_D3__all_valid	CSF1
INTERFERON_ALPHA_RESPONSE	entry4_PF_PLT_D3__all_valid	TRIM5
INTERFERON_ALPHA_RESPONSE	entry4_PF_PLT_D3__all_valid	EIF2AK2
INTERFERON_ALPHA_RESPONSE	entry4_PF_PLT_D3__all_valid	PARP9
INTERFERON_ALPHA_RESPONSE	entry4_PF_PLT_D3__all_valid	GMPR
INTERFERON_ALPHA_RESPONSE	entry4_PF_PLT_D3__all_valid	TDRD7
INTERFERON_ALPHA_RESPONSE	entry4_PF_PLT_D3__all_valid	IRF9
INTERFERON_ALPHA_RESPONSE	entry4_PF_PLT_D3__all_valid	TAP1
INTERFERON_ALPHA_RESPONSE	entry4_PF_PLT_D3__all_valid	NMI
INTERFERON_ALPHA_RESPONSE	entry4_PF_PLT_D3__all_valid	GBP2
INTERFERON_ALPHA_RESPONSE	entry4_PF_PLT_D3__all_valid	IRF1
INTERFERON_ALPHA_RESPONSE	entry4_PF_PLT_D3__all_valid	HLA-C
INTERFERON_ALPHA_RESPONSE	entry4_PF_PLT_D3__all_valid	HELZ2
INTERFERON_ALPHA_RESPONSE	entry4_PF_PLT_D3__all_valid	SP110
INTERFERON_ALPHA_RESPONSE	entry4_PF_PLT_D3__all_valid	SLC25A28
INTERFERON_ALPHA_RESPONSE	entry4_PF_PLT_D3__all_valid	TXNIP
INTERFERON_ALPHA_RESPONSE	entry4_PF_PLT_D3__all_valid	OGFR
INTERFERON_GAMMA_RESPONSE	entry4_PF_PLT_D3__all_valid	UPP1
INTERFERON_GAMMA_RESPONSE	entry4_PF_PLT_D3__all_valid	TRIM25
INTERFERON_GAMMA_RESPONSE	entry4_PF_PLT_D3__all_valid	STAT3
INTERFERON_GAMMA_RESPONSE	entry4_PF_PLT_D3__all_valid	LATS2
INTERFERON_GAMMA_RESPONSE	entry4_PF_PLT_D3__all_valid	PLSCR1
INTERFERON_GAMMA_RESPONSE	entry4_PF_PLT_D3__all_valid	SOCS3
INTERFERON_GAMMA_RESPONSE	entry4_PF_PLT_D3__all_valid	EIF4E3
INTERFERON_GAMMA_RESPONSE	entry4_PF_PLT_D3__all_valid	FPR1
INTERFERON_GAMMA_RESPONSE	entry4_PF_PLT_D3__all_valid	ADAR
INTERFERON_GAMMA_RESPONSE	entry4_PF_PLT_D3__all_valid	LCP2
INTERFERON_GAMMA_RESPONSE	entry4_PF_PLT_D3__all_valid	PTPN1
INTERFERON_GAMMA_RESPONSE	entry4_PF_PLT_D3__all_valid	PIM1
INTERFERON_GAMMA_RESPONSE	entry4_PF_PLT_D3__all_valid	NFKB1
INTERFERON_GAMMA_RESPONSE	entry4_PF_PLT_D3__all_valid	IL4R
INTERFERON_GAMMA_RESPONSE	entry4_PF_PLT_D3__all_valid	NFKBIA
INTERFERON_GAMMA_RESPONSE	entry4_PF_PLT_D3__all_valid	TRAFD1
INTERFERON_GAMMA_RESPONSE	entry4_PF_PLT_D3__all_valid	IFITM2
INTERFERON_GAMMA_RESPONSE	entry4_PF_PLT_D3__all_valid	IRF2
INTERFERON_GAMMA_RESPONSE	entry4_PF_PLT_D3__all_valid	TRIM21
INTERFERON_GAMMA_RESPONSE	entry4_PF_PLT_D3__all_valid	CSF2RB
INTERFERON_GAMMA_RESPONSE	entry4_PF_PLT_D3__all_valid	ZNFX1
INTERFERON_GAMMA_RESPONSE	entry4_PF_PLT_D3__all_valid	NLRC5
INTERFERON_GAMMA_RESPONSE	entry4_PF_PLT_D3__all_valid	IFITM3
INTERFERON_GAMMA_RESPONSE	entry4_PF_PLT_D3__all_valid	HIF1A
INTERFERON_GAMMA_RESPONSE	entry4_PF_PLT_D3__all_valid	MYD88
INTERFERON_GAMMA_RESPONSE	entry4_PF_PLT_D3__all_valid	JAK2
INTERFERON_GAMMA_RESPONSE	entry4_PF_PLT_D3__all_valid	FAS
INTERFERON_GAMMA_RESPONSE	entry4_PF_PLT_D3__all_valid	TMT1B
INTERFERON_GAMMA_RESPONSE	entry4_PF_PLT_D3__all_valid	CD274
INTERFERON_GAMMA_RESPONSE	entry4_PF_PLT_D3__all_valid	TAPBP
INTERFERON_GAMMA_RESPONSE	entry4_PF_PLT_D3__all_valid	PTPN6
INTERFERON_GAMMA_RESPONSE	entry4_PF_PLT_D3__all_valid	MVP
INTERFERON_GAMMA_RESPONSE	entry4_PF_PLT_D3__all_valid	TOR1B
INTERFERON_GAMMA_RESPONSE	entry4_PF_PLT_D3__all_valid	PELI1
INTERFERON_GAMMA_RESPONSE	entry4_PF_PLT_D3__all_valid	TNFAIP3
INTERFERON_GAMMA_RESPONSE	entry4_PF_PLT_D3__all_valid	EIF2AK2
INTERFERON_GAMMA_RESPONSE	entry4_PF_PLT_D3__all_valid	ARID5B
INTERFERON_GAMMA_RESPONSE	entry4_PF_PLT_D3__all_valid	NAMPT
INTERFERON_GAMMA_RESPONSE	entry4_PF_PLT_D3__all_valid	RNF213
INTERFERON_GAMMA_RESPONSE	entry4_PF_PLT_D3__all_valid	FCGR1A
INTERFERON_GAMMA_RESPONSE	entry4_PF_PLT_D3__all_valid	TDRD7
INTERFERON_GAMMA_RESPONSE	entry4_PF_PLT_D3__all_valid	SOCS1
INTERFERON_GAMMA_RESPONSE	entry4_PF_PLT_D3__all_valid	CASP4
INTERFERON_GAMMA_RESPONSE	entry4_PF_PLT_D3__all_valid	IRF9
INTERFERON_GAMMA_RESPONSE	entry4_PF_PLT_D3__all_valid	ICAM1
INTERFERON_GAMMA_RESPONSE	entry4_PF_PLT_D3__all_valid	RIPK1
INTERFERON_GAMMA_RESPONSE	entry4_PF_PLT_D3__all_valid	C1R
INTERFERON_GAMMA_RESPONSE	entry4_PF_PLT_D3__all_valid	TAP1
INTERFERON_GAMMA_RESPONSE	entry4_PF_PLT_D3__all_valid	NMI
INTERFERON_GAMMA_RESPONSE	entry4_PF_PLT_D3__all_valid	TNFAIP6
INTERFERON_GAMMA_RESPONSE	entry4_PF_PLT_D3__all_valid	IRF1
INTERFERON_GAMMA_RESPONSE	entry4_PF_PLT_D3__all_valid	HELZ2
INTERFERON_GAMMA_RESPONSE	entry4_PF_PLT_D3__all_valid	SP110
INTERFERON_GAMMA_RESPONSE	entry4_PF_PLT_D3__all_valid	IFNAR2
INTERFERON_GAMMA_RESPONSE	entry4_PF_PLT_D3__all_valid	SELP
INTERFERON_GAMMA_RESPONSE	entry4_PF_PLT_D3__all_valid	SLC25A28
INTERFERON_GAMMA_RESPONSE	entry4_PF_PLT_D3__all_valid	TXNIP
INTERFERON_GAMMA_RESPONSE	entry4_PF_PLT_D3__all_valid	OGFR
INTERFERON_GAMMA_RESPONSE	entry4_PF_PLT_D3__all_valid	SPPL2A
INTERFERON_GAMMA_RESPONSE	entry4_PF_PLT_D3__all_valid	RBCK1
INTERFERON_GAMMA_RESPONSE	entry4_PF_PLT_D3__all_valid	ST8SIA4
INTERFERON_GAMMA_RESPONSE	entry4_PF_PLT_D3__all_valid	TNFSF10
KRAS_SIGNALING_DN	entry4_PF_PLT_D3__all_valid	ZBTB16
KRAS_SIGNALING_DN	entry4_PF_PLT_D3__all_valid	PTPRJ
KRAS_SIGNALING_DN	entry4_PF_PLT_D3__all_valid	ENTPD7
KRAS_SIGNALING_DN	entry4_PF_PLT_D3__all_valid	ASB7
KRAS_SIGNALING_DN	entry4_PF_PLT_D3__all_valid	TG
KRAS_SIGNALING_DN	entry4_PF_PLT_D3__all_valid	CPEB3
KRAS_SIGNALING_DN	entry4_PF_PLT_D3__all_valid	MEFV
KRAS_SIGNALING_DN	entry4_PF_PLT_D3__all_valid	CCNA1
KRAS_SIGNALING_DN	entry4_PF_PLT_D3__all_valid	KCND1
KRAS_SIGNALING_DN	entry4_PF_PLT_D3__all_valid	STAG3
KRAS_SIGNALING_DN	entry4_PF_PLT_D3__all_valid	PTGFR
KRAS_SIGNALING_DN	entry4_PF_PLT_D3__all_valid	BARD1
KRAS_SIGNALING_DN	entry4_PF_PLT_D3__all_valid	NR6A1
KRAS_SIGNALING_DN	entry4_PF_PLT_D3__all_valid	MAST3
KRAS_SIGNALING_DN	entry4_PF_PLT_D3__all_valid	MAGIX
KRAS_SIGNALING_DN	entry4_PF_PLT_D3__all_valid	KLHDC8A
KRAS_SIGNALING_DN	entry4_PF_PLT_D3__all_valid	KMT2D
KRAS_SIGNALING_DN	entry4_PF_PLT_D3__all_valid	HSD11B2
KRAS_SIGNALING_UP	entry4_PF_PLT_D3__all_valid	MMP9
KRAS_SIGNALING_UP	entry4_PF_PLT_D3__all_valid	ARG1
KRAS_SIGNALING_UP	entry4_PF_PLT_D3__all_valid	LAT2
KRAS_SIGNALING_UP	entry4_PF_PLT_D3__all_valid	GALNT3
KRAS_SIGNALING_UP	entry4_PF_PLT_D3__all_valid	CDADC1
KRAS_SIGNALING_UP	entry4_PF_PLT_D3__all_valid	AVL9
KRAS_SIGNALING_UP	entry4_PF_PLT_D3__all_valid	TLR8
KRAS_SIGNALING_UP	entry4_PF_PLT_D3__all_valid	C3AR1
KRAS_SIGNALING_UP	entry4_PF_PLT_D3__all_valid	LCP1
KRAS_SIGNALING_UP	entry4_PF_PLT_D3__all_valid	CSF2RA
KRAS_SIGNALING_UP	entry4_PF_PLT_D3__all_valid	F2RL1
KRAS_SIGNALING_UP	entry4_PF_PLT_D3__all_valid	TOR1AIP2
KRAS_SIGNALING_UP	entry4_PF_PLT_D3__all_valid	CBL
KRAS_SIGNALING_UP	entry4_PF_PLT_D3__all_valid	DOCK2
KRAS_SIGNALING_UP	entry4_PF_PLT_D3__all_valid	NIN
KRAS_SIGNALING_UP	entry4_PF_PLT_D3__all_valid	GADD45G
KRAS_SIGNALING_UP	entry4_PF_PLT_D3__all_valid	PTBP2
KRAS_SIGNALING_UP	entry4_PF_PLT_D3__all_valid	PPP1R15A
KRAS_SIGNALING_UP	entry4_PF_PLT_D3__all_valid	ADAM17
KRAS_SIGNALING_UP	entry4_PF_PLT_D3__all_valid	TNFAIP3
KRAS_SIGNALING_UP	entry4_PF_PLT_D3__all_valid	MAP3K1
KRAS_SIGNALING_UP	entry4_PF_PLT_D3__all_valid	TRIB1
KRAS_SIGNALING_UP	entry4_PF_PLT_D3__all_valid	EMP1
KRAS_SIGNALING_UP	entry4_PF_PLT_D3__all_valid	CA2
KRAS_SIGNALING_UP	entry4_PF_PLT_D3__all_valid	ADAM8
KRAS_SIGNALING_UP	entry4_PF_PLT_D3__all_valid	MTMR10
KRAS_SIGNALING_UP	entry4_PF_PLT_D3__all_valid	LY96
KRAS_SIGNALING_UP	entry4_PF_PLT_D3__all_valid	TFPI
KRAS_SIGNALING_UP	entry4_PF_PLT_D3__all_valid	RETN
KRAS_SIGNALING_UP	entry4_PF_PLT_D3__all_valid	LAPTM5
KRAS_SIGNALING_UP	entry4_PF_PLT_D3__all_valid	SPRY2
KRAS_SIGNALING_UP	entry4_PF_PLT_D3__all_valid	ITGB2
KRAS_SIGNALING_UP	entry4_PF_PLT_D3__all_valid	GLRX
KRAS_SIGNALING_UP	entry4_PF_PLT_D3__all_valid	IKZF1
KRAS_SIGNALING_UP	entry4_PF_PLT_D3__all_valid	ALDH1A2
KRAS_SIGNALING_UP	entry4_PF_PLT_D3__all_valid	FCER1G
MITOTIC_SPINDLE	entry4_PF_PLT_D3__all_valid	CDK5RAP2
MITOTIC_SPINDLE	entry4_PF_PLT_D3__all_valid	KIF1B
MITOTIC_SPINDLE	entry4_PF_PLT_D3__all_valid	CLASP1
MITOTIC_SPINDLE	entry4_PF_PLT_D3__all_valid	RANBP9
MITOTIC_SPINDLE	entry4_PF_PLT_D3__all_valid	TUBA4A
MITOTIC_SPINDLE	entry4_PF_PLT_D3__all_valid	ARL8A
MITOTIC_SPINDLE	entry4_PF_PLT_D3__all_valid	GSN
MITOTIC_SPINDLE	entry4_PF_PLT_D3__all_valid	AKAP13
MITOTIC_SPINDLE	entry4_PF_PLT_D3__all_valid	FGD4
MITOTIC_SPINDLE	entry4_PF_PLT_D3__all_valid	KIF3C
MITOTIC_SPINDLE	entry4_PF_PLT_D3__all_valid	KLC1
MITOTIC_SPINDLE	entry4_PF_PLT_D3__all_valid	PREX1
MITOTIC_SPINDLE	entry4_PF_PLT_D3__all_valid	PPP4R2
MITOTIC_SPINDLE	entry4_PF_PLT_D3__all_valid	CDC42EP2
MITOTIC_SPINDLE	entry4_PF_PLT_D3__all_valid	LMNB1
MITOTIC_SPINDLE	entry4_PF_PLT_D3__all_valid	SSH2
MITOTIC_SPINDLE	entry4_PF_PLT_D3__all_valid	SPTBN1
MITOTIC_SPINDLE	entry4_PF_PLT_D3__all_valid	WASF2
MITOTIC_SPINDLE	entry4_PF_PLT_D3__all_valid	ARHGEF11
MITOTIC_SPINDLE	entry4_PF_PLT_D3__all_valid	PAFAH1B1
MITOTIC_SPINDLE	entry4_PF_PLT_D3__all_valid	CSNK1D
MITOTIC_SPINDLE	entry4_PF_PLT_D3__all_valid	DOCK2
MITOTIC_SPINDLE	entry4_PF_PLT_D3__all_valid	CNTROB
MITOTIC_SPINDLE	entry4_PF_PLT_D3__all_valid	ROCK1
MITOTIC_SPINDLE	entry4_PF_PLT_D3__all_valid	NCK2
MITOTIC_SPINDLE	entry4_PF_PLT_D3__all_valid	RASA2
MITOTIC_SPINDLE	entry4_PF_PLT_D3__all_valid	NIN
MITOTIC_SPINDLE	entry4_PF_PLT_D3__all_valid	CDC42EP4
MITOTIC_SPINDLE	entry4_PF_PLT_D3__all_valid	CLIP1
MITOTIC_SPINDLE	entry4_PF_PLT_D3__all_valid	RALBP1
MITOTIC_SPINDLE	entry4_PF_PLT_D3__all_valid	PXN
MITOTIC_SPINDLE	entry4_PF_PLT_D3__all_valid	NF1
MITOTIC_SPINDLE	entry4_PF_PLT_D3__all_valid	ARFGEF1
MITOTIC_SPINDLE	entry4_PF_PLT_D3__all_valid	NOTCH2
MITOTIC_SPINDLE	entry4_PF_PLT_D3__all_valid	STAU1
MITOTIC_SPINDLE	entry4_PF_PLT_D3__all_valid	CDC42BPA
MITOTIC_SPINDLE	entry4_PF_PLT_D3__all_valid	MYH9
MITOTIC_SPINDLE	entry4_PF_PLT_D3__all_valid	MARCKS
MITOTIC_SPINDLE	entry4_PF_PLT_D3__all_valid	CDC42EP1
MITOTIC_SPINDLE	entry4_PF_PLT_D3__all_valid	NEDD9
MITOTIC_SPINDLE	entry4_PF_PLT_D3__all_valid	CDC42
MITOTIC_SPINDLE	entry4_PF_PLT_D3__all_valid	TUBD1
MITOTIC_SPINDLE	entry4_PF_PLT_D3__all_valid	CAPZB
MITOTIC_SPINDLE	entry4_PF_PLT_D3__all_valid	RASA1
MITOTIC_SPINDLE	entry4_PF_PLT_D3__all_valid	FLNB
MITOTIC_SPINDLE	entry4_PF_PLT_D3__all_valid	PRC1
MITOTIC_SPINDLE	entry4_PF_PLT_D3__all_valid	KIF4A
MITOTIC_SPINDLE	entry4_PF_PLT_D3__all_valid	ARHGEF12
MITOTIC_SPINDLE	entry4_PF_PLT_D3__all_valid	ARHGEF2
MITOTIC_SPINDLE	entry4_PF_PLT_D3__all_valid	ITSN1
MITOTIC_SPINDLE	entry4_PF_PLT_D3__all_valid	APC
MITOTIC_SPINDLE	entry4_PF_PLT_D3__all_valid	KPTN
MITOTIC_SPINDLE	entry4_PF_PLT_D3__all_valid	ECT2
MITOTIC_SPINDLE	entry4_PF_PLT_D3__all_valid	TTK
MITOTIC_SPINDLE	entry4_PF_PLT_D3__all_valid	ACTN4
MITOTIC_SPINDLE	entry4_PF_PLT_D3__all_valid	ABI1
MITOTIC_SPINDLE	entry4_PF_PLT_D3__all_valid	ABR
MITOTIC_SPINDLE	entry4_PF_PLT_D3__all_valid	KIF11
MITOTIC_SPINDLE	entry4_PF_PLT_D3__all_valid	VCL
MITOTIC_SPINDLE	entry4_PF_PLT_D3__all_valid	ARHGAP27
MITOTIC_SPINDLE	entry4_PF_PLT_D3__all_valid	KIF5B
MITOTIC_SPINDLE	entry4_PF_PLT_D3__all_valid	MARK4
MITOTIC_SPINDLE	entry4_PF_PLT_D3__all_valid	MYH10
MITOTIC_SPINDLE	entry4_PF_PLT_D3__all_valid	MAP1S
MITOTIC_SPINDLE	entry4_PF_PLT_D3__all_valid	PDLIM5
MITOTIC_SPINDLE	entry4_PF_PLT_D3__all_valid	MYO9B
MITOTIC_SPINDLE	entry4_PF_PLT_D3__all_valid	CYTH2
MITOTIC_SPINDLE	entry4_PF_PLT_D3__all_valid	KIF23
MITOTIC_SPINDLE	entry4_PF_PLT_D3__all_valid	HDAC6
MITOTIC_SPINDLE	entry4_PF_PLT_D3__all_valid	TAOK2
MITOTIC_SPINDLE	entry4_PF_PLT_D3__all_valid	ARAP3
MITOTIC_SPINDLE	entry4_PF_PLT_D3__all_valid	CEP192
MITOTIC_SPINDLE	entry4_PF_PLT_D3__all_valid	AURKA
MITOTIC_SPINDLE	entry4_PF_PLT_D3__all_valid	TLK1
MITOTIC_SPINDLE	entry4_PF_PLT_D3__all_valid	TUBGCP3
MITOTIC_SPINDLE	entry4_PF_PLT_D3__all_valid	MAP3K11
MITOTIC_SPINDLE	entry4_PF_PLT_D3__all_valid	KIF15
MITOTIC_SPINDLE	entry4_PF_PLT_D3__all_valid	SOS1
MITOTIC_SPINDLE	entry4_PF_PLT_D3__all_valid	MAPRE1
MITOTIC_SPINDLE	entry4_PF_PLT_D3__all_valid	DYNLL2
MITOTIC_SPINDLE	entry4_PF_PLT_D3__all_valid	NUSAP1
MITOTIC_SPINDLE	entry4_PF_PLT_D3__all_valid	ARHGDIA
MITOTIC_SPINDLE	entry4_PF_PLT_D3__all_valid	KATNB1
MITOTIC_SPINDLE	entry4_PF_PLT_D3__all_valid	TUBGCP2
MITOTIC_SPINDLE	entry4_PF_PLT_D3__all_valid	CLIP2
MITOTIC_SPINDLE	entry4_PF_PLT_D3__all_valid	BCR
MITOTIC_SPINDLE	entry4_PF_PLT_D3__all_valid	RAB3GAP1
MTORC1_SIGNALING	entry4_PF_PLT_D3__all_valid	NFIL3
MTORC1_SIGNALING	entry4_PF_PLT_D3__all_valid	GSR
MTORC1_SIGNALING	entry4_PF_PLT_D3__all_valid	SLC2A3
MTORC1_SIGNALING	entry4_PF_PLT_D3__all_valid	SLA
MTORC1_SIGNALING	entry4_PF_PLT_D3__all_valid	TUBA4A
MTORC1_SIGNALING	entry4_PF_PLT_D3__all_valid	SKAP2
MTORC1_SIGNALING	entry4_PF_PLT_D3__all_valid	NIBAN1
MTORC1_SIGNALING	entry4_PF_PLT_D3__all_valid	HK2
MTORC1_SIGNALING	entry4_PF_PLT_D3__all_valid	IDI1
MTORC1_SIGNALING	entry4_PF_PLT_D3__all_valid	PGM1
MTORC1_SIGNALING	entry4_PF_PLT_D3__all_valid	SLC6A6
MTORC1_SIGNALING	entry4_PF_PLT_D3__all_valid	LDLR
MTORC1_SIGNALING	entry4_PF_PLT_D3__all_valid	MAP2K3
MTORC1_SIGNALING	entry4_PF_PLT_D3__all_valid	SLC2A1
MTORC1_SIGNALING	entry4_PF_PLT_D3__all_valid	GSK3B
MTORC1_SIGNALING	entry4_PF_PLT_D3__all_valid	ACSL3
MTORC1_SIGNALING	entry4_PF_PLT_D3__all_valid	LDHA
MTORC1_SIGNALING	entry4_PF_PLT_D3__all_valid	NUPR1
MTORC1_SIGNALING	entry4_PF_PLT_D3__all_valid	DHCR7
MTORC1_SIGNALING	entry4_PF_PLT_D3__all_valid	GLA
MTORC1_SIGNALING	entry4_PF_PLT_D3__all_valid	NFYC
MTORC1_SIGNALING	entry4_PF_PLT_D3__all_valid	PGK1
MTORC1_SIGNALING	entry4_PF_PLT_D3__all_valid	G6PD
MTORC1_SIGNALING	entry4_PF_PLT_D3__all_valid	PPP1R15A
MTORC1_SIGNALING	entry4_PF_PLT_D3__all_valid	RAB1A
MTORC1_SIGNALING	entry4_PF_PLT_D3__all_valid	RIT1
MTORC1_SIGNALING	entry4_PF_PLT_D3__all_valid	GAPDH
MTORC1_SIGNALING	entry4_PF_PLT_D3__all_valid	ALDOA
MTORC1_SIGNALING	entry4_PF_PLT_D3__all_valid	GBE1
MTORC1_SIGNALING	entry4_PF_PLT_D3__all_valid	TXNRD1
MTORC1_SIGNALING	entry4_PF_PLT_D3__all_valid	UBE2D3
MTORC1_SIGNALING	entry4_PF_PLT_D3__all_valid	NAMPT
MYC_TARGETS_V1	entry4_PF_PLT_D3__all_valid	DDX18
MYC_TARGETS_V1	entry4_PF_PLT_D3__all_valid	SRSF7
MYC_TARGETS_V1	entry4_PF_PLT_D3__all_valid	BUB3
MYC_TARGETS_V1	entry4_PF_PLT_D3__all_valid	SYNCRIP
MYC_TARGETS_V1	entry4_PF_PLT_D3__all_valid	SNRPA1
MYC_TARGETS_V1	entry4_PF_PLT_D3__all_valid	ABCE1
MYC_TARGETS_V1	entry4_PF_PLT_D3__all_valid	NPM1
MYC_TARGETS_V1	entry4_PF_PLT_D3__all_valid	HNRNPR
MYC_TARGETS_V1	entry4_PF_PLT_D3__all_valid	RPL34
MYC_TARGETS_V1	entry4_PF_PLT_D3__all_valid	G3BP1
MYC_TARGETS_V1	entry4_PF_PLT_D3__all_valid	EEF1B2
MYC_TARGETS_V1	entry4_PF_PLT_D3__all_valid	FBL
MYC_TARGETS_V1	entry4_PF_PLT_D3__all_valid	RPL22
MYC_TARGETS_V1	entry4_PF_PLT_D3__all_valid	CLNS1A
MYC_TARGETS_V1	entry4_PF_PLT_D3__all_valid	TOMM70
MYC_TARGETS_V1	entry4_PF_PLT_D3__all_valid	MRPS18B
MYC_TARGETS_V1	entry4_PF_PLT_D3__all_valid	RPL6
MYC_TARGETS_V1	entry4_PF_PLT_D3__all_valid	RPS5
MYC_TARGETS_V1	entry4_PF_PLT_D3__all_valid	RPS2
MYC_TARGETS_V1	entry4_PF_PLT_D3__all_valid	NOP56
MYC_TARGETS_V1	entry4_PF_PLT_D3__all_valid	MAD2L1
MYC_TARGETS_V1	entry4_PF_PLT_D3__all_valid	RPLP0
MYC_TARGETS_V1	entry4_PF_PLT_D3__all_valid	MYC
MYC_TARGETS_V1	entry4_PF_PLT_D3__all_valid	SSBP1
MYC_TARGETS_V1	entry4_PF_PLT_D3__all_valid	SNRPD2
MYC_TARGETS_V1	entry4_PF_PLT_D3__all_valid	CCT4
MYC_TARGETS_V1	entry4_PF_PLT_D3__all_valid	SET
MYC_TARGETS_V1	entry4_PF_PLT_D3__all_valid	RPS6
MYC_TARGETS_V1	entry4_PF_PLT_D3__all_valid	RAN
MYC_TARGETS_V1	entry4_PF_PLT_D3__all_valid	RSL1D1
MYC_TARGETS_V1	entry4_PF_PLT_D3__all_valid	PPIA
MYC_TARGETS_V1	entry4_PF_PLT_D3__all_valid	NDUFAB1
MYC_TARGETS_V1	entry4_PF_PLT_D3__all_valid	APEX1
MYC_TARGETS_V1	entry4_PF_PLT_D3__all_valid	DDX21
MYC_TARGETS_V1	entry4_PF_PLT_D3__all_valid	RPS10
MYC_TARGETS_V1	entry4_PF_PLT_D3__all_valid	ILF2
MYC_TARGETS_V1	entry4_PF_PLT_D3__all_valid	EIF3D
MYC_TARGETS_V1	entry4_PF_PLT_D3__all_valid	GLO1
MYC_TARGETS_V1	entry4_PF_PLT_D3__all_valid	CCT2
MYC_TARGETS_V1	entry4_PF_PLT_D3__all_valid	HSPD1
MYC_TARGETS_V1	entry4_PF_PLT_D3__all_valid	STARD7
MYC_TARGETS_V1	entry4_PF_PLT_D3__all_valid	IARS1
MYC_TARGETS_V1	entry4_PF_PLT_D3__all_valid	PHB1
MYC_TARGETS_V1	entry4_PF_PLT_D3__all_valid	EPRS1
MYC_TARGETS_V1	entry4_PF_PLT_D3__all_valid	PSMD14
MYC_TARGETS_V1	entry4_PF_PLT_D3__all_valid	RPL18
MYC_TARGETS_V1	entry4_PF_PLT_D3__all_valid	HNRNPD
MYC_TARGETS_V1	entry4_PF_PLT_D3__all_valid	NCBP2
MYC_TARGETS_V1	entry4_PF_PLT_D3__all_valid	RPS3
MYC_TARGETS_V1	entry4_PF_PLT_D3__all_valid	VDAC1
MYC_TARGETS_V1	entry4_PF_PLT_D3__all_valid	PSMD8
MYC_TARGETS_V1	entry4_PF_PLT_D3__all_valid	EIF2S1
MYC_TARGETS_V1	entry4_PF_PLT_D3__all_valid	POLE3
MYC_TARGETS_V1	entry4_PF_PLT_D3__all_valid	IMPDH2
MYC_TARGETS_V1	entry4_PF_PLT_D3__all_valid	GNL3
MYC_TARGETS_V1	entry4_PF_PLT_D3__all_valid	PSMA2
MYC_TARGETS_V1	entry4_PF_PLT_D3__all_valid	HNRNPA1
MYC_TARGETS_V1	entry4_PF_PLT_D3__all_valid	HNRNPA3
MYC_TARGETS_V1	entry4_PF_PLT_D3__all_valid	ERH
MYC_TARGETS_V1	entry4_PF_PLT_D3__all_valid	RACK1
MYC_TARGETS_V1	entry4_PF_PLT_D3__all_valid	DHX15
MYC_TARGETS_V1	entry4_PF_PLT_D3__all_valid	DUT
MYC_TARGETS_V1	entry4_PF_PLT_D3__all_valid	PRDX4
MYC_TARGETS_V1	entry4_PF_PLT_D3__all_valid	SRSF3
MYC_TARGETS_V1	entry4_PF_PLT_D3__all_valid	PRPS2
MYC_TARGETS_V1	entry4_PF_PLT_D3__all_valid	YWHAQ
MYC_TARGETS_V1	entry4_PF_PLT_D3__all_valid	MRPL9
MYC_TARGETS_V1	entry4_PF_PLT_D3__all_valid	SNRPA
MYC_TARGETS_V1	entry4_PF_PLT_D3__all_valid	PABPC4
MYC_TARGETS_V1	entry4_PF_PLT_D3__all_valid	C1QBP
MYC_TARGETS_V1	entry4_PF_PLT_D3__all_valid	NME1
MYC_TARGETS_V1	entry4_PF_PLT_D3__all_valid	TUFM
MYC_TARGETS_V1	entry4_PF_PLT_D3__all_valid	CDK4
MYC_TARGETS_V1	entry4_PF_PLT_D3__all_valid	RRP9
MYC_TARGETS_V1	entry4_PF_PLT_D3__all_valid	MRPL23
MYC_TARGETS_V1	entry4_PF_PLT_D3__all_valid	RPL14
MYC_TARGETS_V1	entry4_PF_PLT_D3__all_valid	CCT7
MYC_TARGETS_V1	entry4_PF_PLT_D3__all_valid	SRSF2
MYC_TARGETS_V1	entry4_PF_PLT_D3__all_valid	RANBP1
MYC_TARGETS_V1	entry4_PF_PLT_D3__all_valid	HDAC2
MYC_TARGETS_V1	entry4_PF_PLT_D3__all_valid	SERBP1
MYC_TARGETS_V1	entry4_PF_PLT_D3__all_valid	CTPS1
MYC_TARGETS_V1	entry4_PF_PLT_D3__all_valid	RFC4
MYC_TARGETS_V1	entry4_PF_PLT_D3__all_valid	KARS1
MYC_TARGETS_V1	entry4_PF_PLT_D3__all_valid	ACP1
MYC_TARGETS_V1	entry4_PF_PLT_D3__all_valid	PCNA
MYC_TARGETS_V1	entry4_PF_PLT_D3__all_valid	VDAC3
MYC_TARGETS_V1	entry4_PF_PLT_D3__all_valid	SRM
MYC_TARGETS_V1	entry4_PF_PLT_D3__all_valid	TXNL4A
MYC_TARGETS_V1	entry4_PF_PLT_D3__all_valid	SNRPD1
MYC_TARGETS_V1	entry4_PF_PLT_D3__all_valid	HDDC2
MYC_TARGETS_V1	entry4_PF_PLT_D3__all_valid	ODC1
MYC_TARGETS_V1	entry4_PF_PLT_D3__all_valid	SMARCC1
MYC_TARGETS_V1	entry4_PF_PLT_D3__all_valid	PHB2
MYC_TARGETS_V1	entry4_PF_PLT_D3__all_valid	NOLC1
MYC_TARGETS_V1	entry4_PF_PLT_D3__all_valid	COX5A
MYC_TARGETS_V1	entry4_PF_PLT_D3__all_valid	SNRPD3
MYC_TARGETS_V1	entry4_PF_PLT_D3__all_valid	SLC25A3
MYC_TARGETS_V1	entry4_PF_PLT_D3__all_valid	EIF4A1
MYC_TARGETS_V1	entry4_PF_PLT_D3__all_valid	UBE2E1
MYC_TARGETS_V1	entry4_PF_PLT_D3__all_valid	CUL1
MYC_TARGETS_V1	entry4_PF_PLT_D3__all_valid	NAP1L1
MYC_TARGETS_V1	entry4_PF_PLT_D3__all_valid	SSB
MYC_TARGETS_V1	entry4_PF_PLT_D3__all_valid	MCM5
MYC_TARGETS_V1	entry4_PF_PLT_D3__all_valid	EIF4E
MYC_TARGETS_V1	entry4_PF_PLT_D3__all_valid	AIMP2
MYC_TARGETS_V1	entry4_PF_PLT_D3__all_valid	SNRPB2
MYC_TARGETS_V1	entry4_PF_PLT_D3__all_valid	UBA2
MYC_TARGETS_V1	entry4_PF_PLT_D3__all_valid	NCBP1
MYC_TARGETS_V1	entry4_PF_PLT_D3__all_valid	HSPE1
MYC_TARGETS_V1	entry4_PF_PLT_D3__all_valid	COPS5
MYC_TARGETS_V1	entry4_PF_PLT_D3__all_valid	EIF2S2
MYC_TARGETS_V1	entry4_PF_PLT_D3__all_valid	XRCC6
MYC_TARGETS_V1	entry4_PF_PLT_D3__all_valid	PSMA1
MYC_TARGETS_V1	entry4_PF_PLT_D3__all_valid	CANX
MYC_TARGETS_V1	entry4_PF_PLT_D3__all_valid	LSM7
MYC_TARGETS_V1	entry4_PF_PLT_D3__all_valid	POLD2
MYC_TARGETS_V1	entry4_PF_PLT_D3__all_valid	CSTF2
MYC_TARGETS_V1	entry4_PF_PLT_D3__all_valid	SF3B3
MYC_TARGETS_V1	entry4_PF_PLT_D3__all_valid	SRSF1
MYC_TARGETS_V1	entry4_PF_PLT_D3__all_valid	SNRPG
MYC_TARGETS_V1	entry4_PF_PLT_D3__all_valid	MCM7
MYC_TARGETS_V1	entry4_PF_PLT_D3__all_valid	CAD
MYC_TARGETS_V1	entry4_PF_PLT_D3__all_valid	PWP1
MYC_TARGETS_V1	entry4_PF_PLT_D3__all_valid	NHP2
MYC_TARGETS_V1	entry4_PF_PLT_D3__all_valid	NOP16
MYC_TARGETS_V1	entry4_PF_PLT_D3__all_valid	CCT3
MYC_TARGETS_V1	entry4_PF_PLT_D3__all_valid	GOT2
MYC_TARGETS_V1	entry4_PF_PLT_D3__all_valid	HPRT1
MYC_TARGETS_V1	entry4_PF_PLT_D3__all_valid	PPM1G
MYC_TARGETS_V1	entry4_PF_PLT_D3__all_valid	PSMB2
MYC_TARGETS_V2	entry4_PF_PLT_D3__all_valid	DDX18
MYC_TARGETS_V2	entry4_PF_PLT_D3__all_valid	WDR43
MYC_TARGETS_V2	entry4_PF_PLT_D3__all_valid	NPM1
MYC_TARGETS_V2	entry4_PF_PLT_D3__all_valid	NDUFAF4
MYC_TARGETS_V2	entry4_PF_PLT_D3__all_valid	NOP56
MYC_TARGETS_V2	entry4_PF_PLT_D3__all_valid	UTP20
MYC_TARGETS_V2	entry4_PF_PLT_D3__all_valid	MYC
MYC_TARGETS_V2	entry4_PF_PLT_D3__all_valid	PPAN
MYC_TARGETS_V2	entry4_PF_PLT_D3__all_valid	HSPD1
MYC_TARGETS_V2	entry4_PF_PLT_D3__all_valid	PHB1
MYC_TARGETS_V2	entry4_PF_PLT_D3__all_valid	PUS1
MYC_TARGETS_V2	entry4_PF_PLT_D3__all_valid	PES1
MYC_TARGETS_V2	entry4_PF_PLT_D3__all_valid	MRTO4
MYC_TARGETS_V2	entry4_PF_PLT_D3__all_valid	GNL3
MYC_TARGETS_V2	entry4_PF_PLT_D3__all_valid	DCTPP1
MYC_TARGETS_V2	entry4_PF_PLT_D3__all_valid	GRWD1
MYC_TARGETS_V2	entry4_PF_PLT_D3__all_valid	CDK4
MYC_TARGETS_V2	entry4_PF_PLT_D3__all_valid	RRP9
MYC_TARGETS_V2	entry4_PF_PLT_D3__all_valid	SORD
MYC_TARGETS_V2	entry4_PF_PLT_D3__all_valid	MPHOSPH10
MYC_TARGETS_V2	entry4_PF_PLT_D3__all_valid	LAS1L
MYC_TARGETS_V2	entry4_PF_PLT_D3__all_valid	SRM
MYC_TARGETS_V2	entry4_PF_PLT_D3__all_valid	TFB2M
MYC_TARGETS_V2	entry4_PF_PLT_D3__all_valid	NOLC1
MYC_TARGETS_V2	entry4_PF_PLT_D3__all_valid	IMP4
MYC_TARGETS_V2	entry4_PF_PLT_D3__all_valid	MCM5
MYC_TARGETS_V2	entry4_PF_PLT_D3__all_valid	TBRG4
MYC_TARGETS_V2	entry4_PF_PLT_D3__all_valid	PRMT3
MYC_TARGETS_V2	entry4_PF_PLT_D3__all_valid	AIMP2
MYC_TARGETS_V2	entry4_PF_PLT_D3__all_valid	MYBBP1A
MYC_TARGETS_V2	entry4_PF_PLT_D3__all_valid	HSPE1
MYC_TARGETS_V2	entry4_PF_PLT_D3__all_valid	TMEM97
MYC_TARGETS_V2	entry4_PF_PLT_D3__all_valid	NOP16
MYC_TARGETS_V2	entry4_PF_PLT_D3__all_valid	IPO4
MYC_TARGETS_V2	entry4_PF_PLT_D3__all_valid	NOP2
MYC_TARGETS_V2	entry4_PF_PLT_D3__all_valid	NIP7
MYOGENESIS	entry4_PF_PLT_D3__all_valid	ACSL1
MYOGENESIS	entry4_PF_PLT_D3__all_valid	GSN
MYOGENESIS	entry4_PF_PLT_D3__all_valid	MEF2A
MYOGENESIS	entry4_PF_PLT_D3__all_valid	SVIL
MYOGENESIS	entry4_PF_PLT_D3__all_valid	ITGA7
MYOGENESIS	entry4_PF_PLT_D3__all_valid	FOXO4
MYOGENESIS	entry4_PF_PLT_D3__all_valid	MYBPC3
MYOGENESIS	entry4_PF_PLT_D3__all_valid	COL4A2
MYOGENESIS	entry4_PF_PLT_D3__all_valid	DAPK2
MYOGENESIS	entry4_PF_PLT_D3__all_valid	KLF5
MYOGENESIS	entry4_PF_PLT_D3__all_valid	TPM3
MYOGENESIS	entry4_PF_PLT_D3__all_valid	TGFB1
MYOGENESIS	entry4_PF_PLT_D3__all_valid	GADD45B
MYOGENESIS	entry4_PF_PLT_D3__all_valid	MYOM1
MYOGENESIS	entry4_PF_PLT_D3__all_valid	RIT1
MYOGENESIS	entry4_PF_PLT_D3__all_valid	CLU
MYOGENESIS	entry4_PF_PLT_D3__all_valid	PDLIM7
MYOGENESIS	entry4_PF_PLT_D3__all_valid	KIFC3
MYOGENESIS	entry4_PF_PLT_D3__all_valid	COL6A3
MYOGENESIS	entry4_PF_PLT_D3__all_valid	MYH9
MYOGENESIS	entry4_PF_PLT_D3__all_valid	DMPK
MYOGENESIS	entry4_PF_PLT_D3__all_valid	MYL6B
MYOGENESIS	entry4_PF_PLT_D3__all_valid	CKB
MYOGENESIS	entry4_PF_PLT_D3__all_valid	ATP6AP1
MYOGENESIS	entry4_PF_PLT_D3__all_valid	NQO1
MYOGENESIS	entry4_PF_PLT_D3__all_valid	PYGM
MYOGENESIS	entry4_PF_PLT_D3__all_valid	NOTCH1
MYOGENESIS	entry4_PF_PLT_D3__all_valid	LSP1
MYOGENESIS	entry4_PF_PLT_D3__all_valid	APP
MYOGENESIS	entry4_PF_PLT_D3__all_valid	IFRD1
MYOGENESIS	entry4_PF_PLT_D3__all_valid	MYH11
MYOGENESIS	entry4_PF_PLT_D3__all_valid	GABARAPL2
MYOGENESIS	entry4_PF_PLT_D3__all_valid	GPX3
MYOGENESIS	entry4_PF_PLT_D3__all_valid	ACHE
MYOGENESIS	entry4_PF_PLT_D3__all_valid	BAG1
MYOGENESIS	entry4_PF_PLT_D3__all_valid	HDAC5
MYOGENESIS	entry4_PF_PLT_D3__all_valid	SMTN
MYOGENESIS	entry4_PF_PLT_D3__all_valid	MYLK
MYOGENESIS	entry4_PF_PLT_D3__all_valid	SLC6A8
MYOGENESIS	entry4_PF_PLT_D3__all_valid	MAPRE3
MYOGENESIS	entry4_PF_PLT_D3__all_valid	SPARC
MYOGENESIS	entry4_PF_PLT_D3__all_valid	IGFBP7
MYOGENESIS	entry4_PF_PLT_D3__all_valid	AK1
MYOGENESIS	entry4_PF_PLT_D3__all_valid	FLII
MYOGENESIS	entry4_PF_PLT_D3__all_valid	ITGB5
MYOGENESIS	entry4_PF_PLT_D3__all_valid	HBEGF
NOTCH_SIGNALING	entry4_PF_PLT_D3__all_valid	DTX4
NOTCH_SIGNALING	entry4_PF_PLT_D3__all_valid	MAML2
NOTCH_SIGNALING	entry4_PF_PLT_D3__all_valid	LFNG
NOTCH_SIGNALING	entry4_PF_PLT_D3__all_valid	PSEN2
NOTCH_SIGNALING	entry4_PF_PLT_D3__all_valid	HES1
NOTCH_SIGNALING	entry4_PF_PLT_D3__all_valid	ARRB1
NOTCH_SIGNALING	entry4_PF_PLT_D3__all_valid	CUL1
NOTCH_SIGNALING	entry4_PF_PLT_D3__all_valid	FZD1
NOTCH_SIGNALING	entry4_PF_PLT_D3__all_valid	DTX1
NOTCH_SIGNALING	entry4_PF_PLT_D3__all_valid	PPARD
NOTCH_SIGNALING	entry4_PF_PLT_D3__all_valid	SKP1
OXIDATIVE_PHOSPHORYLATION	entry4_PF_PLT_D3__all_valid	MRPS30
OXIDATIVE_PHOSPHORYLATION	entry4_PF_PLT_D3__all_valid	LRPPRC
OXIDATIVE_PHOSPHORYLATION	entry4_PF_PLT_D3__all_valid	LDHB
OXIDATIVE_PHOSPHORYLATION	entry4_PF_PLT_D3__all_valid	PDP1
OXIDATIVE_PHOSPHORYLATION	entry4_PF_PLT_D3__all_valid	CYCS
OXIDATIVE_PHOSPHORYLATION	entry4_PF_PLT_D3__all_valid	MRPL35
OXIDATIVE_PHOSPHORYLATION	entry4_PF_PLT_D3__all_valid	TIMM17A
OXIDATIVE_PHOSPHORYLATION	entry4_PF_PLT_D3__all_valid	TOMM70
OXIDATIVE_PHOSPHORYLATION	entry4_PF_PLT_D3__all_valid	DLAT
OXIDATIVE_PHOSPHORYLATION	entry4_PF_PLT_D3__all_valid	MRPL15
OXIDATIVE_PHOSPHORYLATION	entry4_PF_PLT_D3__all_valid	MDH1
OXIDATIVE_PHOSPHORYLATION	entry4_PF_PLT_D3__all_valid	OXA1L
OXIDATIVE_PHOSPHORYLATION	entry4_PF_PLT_D3__all_valid	ATP5MC1
OXIDATIVE_PHOSPHORYLATION	entry4_PF_PLT_D3__all_valid	ATP5PO
OXIDATIVE_PHOSPHORYLATION	entry4_PF_PLT_D3__all_valid	ABCB7
OXIDATIVE_PHOSPHORYLATION	entry4_PF_PLT_D3__all_valid	COX7C
OXIDATIVE_PHOSPHORYLATION	entry4_PF_PLT_D3__all_valid	NDUFB5
OXIDATIVE_PHOSPHORYLATION	entry4_PF_PLT_D3__all_valid	COX10
OXIDATIVE_PHOSPHORYLATION	entry4_PF_PLT_D3__all_valid	COX6C
OXIDATIVE_PHOSPHORYLATION	entry4_PF_PLT_D3__all_valid	NDUFAB1
OXIDATIVE_PHOSPHORYLATION	entry4_PF_PLT_D3__all_valid	HSPA9
OXIDATIVE_PHOSPHORYLATION	entry4_PF_PLT_D3__all_valid	ECHS1
OXIDATIVE_PHOSPHORYLATION	entry4_PF_PLT_D3__all_valid	SLC25A4
OXIDATIVE_PHOSPHORYLATION	entry4_PF_PLT_D3__all_valid	ACAA2
OXIDATIVE_PHOSPHORYLATION	entry4_PF_PLT_D3__all_valid	PDK4
OXIDATIVE_PHOSPHORYLATION	entry4_PF_PLT_D3__all_valid	TOMM22
OXIDATIVE_PHOSPHORYLATION	entry4_PF_PLT_D3__all_valid	ATP5MC2
OXIDATIVE_PHOSPHORYLATION	entry4_PF_PLT_D3__all_valid	NDUFB2
OXIDATIVE_PHOSPHORYLATION	entry4_PF_PLT_D3__all_valid	NDUFS3
OXIDATIVE_PHOSPHORYLATION	entry4_PF_PLT_D3__all_valid	UQCRC2
OXIDATIVE_PHOSPHORYLATION	entry4_PF_PLT_D3__all_valid	BDH2
OXIDATIVE_PHOSPHORYLATION	entry4_PF_PLT_D3__all_valid	VDAC1
OXIDATIVE_PHOSPHORYLATION	entry4_PF_PLT_D3__all_valid	NDUFV1
OXIDATIVE_PHOSPHORYLATION	entry4_PF_PLT_D3__all_valid	TIMM13
OXIDATIVE_PHOSPHORYLATION	entry4_PF_PLT_D3__all_valid	ATP5MC3
OXIDATIVE_PHOSPHORYLATION	entry4_PF_PLT_D3__all_valid	MRPL11
OXIDATIVE_PHOSPHORYLATION	entry4_PF_PLT_D3__all_valid	ECI1
OXIDATIVE_PHOSPHORYLATION	entry4_PF_PLT_D3__all_valid	NDUFA5
OXIDATIVE_PHOSPHORYLATION	entry4_PF_PLT_D3__all_valid	VDAC2
OXIDATIVE_PHOSPHORYLATION	entry4_PF_PLT_D3__all_valid	NDUFA8
OXIDATIVE_PHOSPHORYLATION	entry4_PF_PLT_D3__all_valid	SLC25A6
OXIDATIVE_PHOSPHORYLATION	entry4_PF_PLT_D3__all_valid	ATP5F1A
OXIDATIVE_PHOSPHORYLATION	entry4_PF_PLT_D3__all_valid	CASP7
OXIDATIVE_PHOSPHORYLATION	entry4_PF_PLT_D3__all_valid	PHYH
OXIDATIVE_PHOSPHORYLATION	entry4_PF_PLT_D3__all_valid	GLUD1
OXIDATIVE_PHOSPHORYLATION	entry4_PF_PLT_D3__all_valid	IDH2
OXIDATIVE_PHOSPHORYLATION	entry4_PF_PLT_D3__all_valid	COX7A2
OXIDATIVE_PHOSPHORYLATION	entry4_PF_PLT_D3__all_valid	PMPCA
OXIDATIVE_PHOSPHORYLATION	entry4_PF_PLT_D3__all_valid	NDUFA4
OXIDATIVE_PHOSPHORYLATION	entry4_PF_PLT_D3__all_valid	ACADM
OXIDATIVE_PHOSPHORYLATION	entry4_PF_PLT_D3__all_valid	TIMM10
OXIDATIVE_PHOSPHORYLATION	entry4_PF_PLT_D3__all_valid	ACADSB
OXIDATIVE_PHOSPHORYLATION	entry4_PF_PLT_D3__all_valid	HSD17B10
OXIDATIVE_PHOSPHORYLATION	entry4_PF_PLT_D3__all_valid	SLC25A5
OXIDATIVE_PHOSPHORYLATION	entry4_PF_PLT_D3__all_valid	IMMT
OXIDATIVE_PHOSPHORYLATION	entry4_PF_PLT_D3__all_valid	ATP5PB
OXIDATIVE_PHOSPHORYLATION	entry4_PF_PLT_D3__all_valid	NDUFB8
OXIDATIVE_PHOSPHORYLATION	entry4_PF_PLT_D3__all_valid	TIMM9
OXIDATIVE_PHOSPHORYLATION	entry4_PF_PLT_D3__all_valid	MRPS12
OXIDATIVE_PHOSPHORYLATION	entry4_PF_PLT_D3__all_valid	UQCRQ
OXIDATIVE_PHOSPHORYLATION	entry4_PF_PLT_D3__all_valid	MGST3
OXIDATIVE_PHOSPHORYLATION	entry4_PF_PLT_D3__all_valid	SDHD
OXIDATIVE_PHOSPHORYLATION	entry4_PF_PLT_D3__all_valid	TIMM50
OXIDATIVE_PHOSPHORYLATION	entry4_PF_PLT_D3__all_valid	NDUFA6
OXIDATIVE_PHOSPHORYLATION	entry4_PF_PLT_D3__all_valid	PDHA1
OXIDATIVE_PHOSPHORYLATION	entry4_PF_PLT_D3__all_valid	VDAC3
OXIDATIVE_PHOSPHORYLATION	entry4_PF_PLT_D3__all_valid	OPA1
OXIDATIVE_PHOSPHORYLATION	entry4_PF_PLT_D3__all_valid	FDX1
OXIDATIVE_PHOSPHORYLATION	entry4_PF_PLT_D3__all_valid	PHB2
OXIDATIVE_PHOSPHORYLATION	entry4_PF_PLT_D3__all_valid	SLC25A20
OXIDATIVE_PHOSPHORYLATION	entry4_PF_PLT_D3__all_valid	ETFA
OXIDATIVE_PHOSPHORYLATION	entry4_PF_PLT_D3__all_valid	COX4I1
OXIDATIVE_PHOSPHORYLATION	entry4_PF_PLT_D3__all_valid	COX5A
OXIDATIVE_PHOSPHORYLATION	entry4_PF_PLT_D3__all_valid	SLC25A3
OXIDATIVE_PHOSPHORYLATION	entry4_PF_PLT_D3__all_valid	MRPS11
OXIDATIVE_PHOSPHORYLATION	entry4_PF_PLT_D3__all_valid	UQCR10
OXIDATIVE_PHOSPHORYLATION	entry4_PF_PLT_D3__all_valid	UQCRFS1
OXIDATIVE_PHOSPHORYLATION	entry4_PF_PLT_D3__all_valid	NDUFS6
OXIDATIVE_PHOSPHORYLATION	entry4_PF_PLT_D3__all_valid	MTX2
OXIDATIVE_PHOSPHORYLATION	entry4_PF_PLT_D3__all_valid	SLC25A12
OXIDATIVE_PHOSPHORYLATION	entry4_PF_PLT_D3__all_valid	ATP5F1C
OXIDATIVE_PHOSPHORYLATION	entry4_PF_PLT_D3__all_valid	SUCLA2
P53_PATHWAY	entry4_PF_PLT_D3__all_valid	UPP1
P53_PATHWAY	entry4_PF_PLT_D3__all_valid	NDRG1
P53_PATHWAY	entry4_PF_PLT_D3__all_valid	CCND3
P53_PATHWAY	entry4_PF_PLT_D3__all_valid	GADD45A
P53_PATHWAY	entry4_PF_PLT_D3__all_valid	TGFA
P53_PATHWAY	entry4_PF_PLT_D3__all_valid	ZBTB16
P53_PATHWAY	entry4_PF_PLT_D3__all_valid	ABHD4
P53_PATHWAY	entry4_PF_PLT_D3__all_valid	DRAM1
P53_PATHWAY	entry4_PF_PLT_D3__all_valid	ACVR1B
P53_PATHWAY	entry4_PF_PLT_D3__all_valid	MXD1
P53_PATHWAY	entry4_PF_PLT_D3__all_valid	PTPRE
P53_PATHWAY	entry4_PF_PLT_D3__all_valid	ALOX15B
P53_PATHWAY	entry4_PF_PLT_D3__all_valid	APAF1
P53_PATHWAY	entry4_PF_PLT_D3__all_valid	STOM
P53_PATHWAY	entry4_PF_PLT_D3__all_valid	CEBPA
P53_PATHWAY	entry4_PF_PLT_D3__all_valid	TRAFD1
P53_PATHWAY	entry4_PF_PLT_D3__all_valid	CD82
P53_PATHWAY	entry4_PF_PLT_D3__all_valid	PRMT2
P53_PATHWAY	entry4_PF_PLT_D3__all_valid	FOXO3
P53_PATHWAY	entry4_PF_PLT_D3__all_valid	SP1
P53_PATHWAY	entry4_PF_PLT_D3__all_valid	TOB1
P53_PATHWAY	entry4_PF_PLT_D3__all_valid	NUPR1
P53_PATHWAY	entry4_PF_PLT_D3__all_valid	CDK5R1
P53_PATHWAY	entry4_PF_PLT_D3__all_valid	FAS
P53_PATHWAY	entry4_PF_PLT_D3__all_valid	HEXIM1
P53_PATHWAY	entry4_PF_PLT_D3__all_valid	RNF19B
P53_PATHWAY	entry4_PF_PLT_D3__all_valid	RXRA
P53_PATHWAY	entry4_PF_PLT_D3__all_valid	PRKAB1
P53_PATHWAY	entry4_PF_PLT_D3__all_valid	TGFB1
P53_PATHWAY	entry4_PF_PLT_D3__all_valid	PPP1R15A
P53_PATHWAY	entry4_PF_PLT_D3__all_valid	INHBB
P53_PATHWAY	entry4_PF_PLT_D3__all_valid	IER3
P53_PATHWAY	entry4_PF_PLT_D3__all_valid	RHBDF2
P53_PATHWAY	entry4_PF_PLT_D3__all_valid	CTSD
P53_PATHWAY	entry4_PF_PLT_D3__all_valid	SOCS1
P53_PATHWAY	entry4_PF_PLT_D3__all_valid	SERTAD3
P53_PATHWAY	entry4_PF_PLT_D3__all_valid	CSRNP2
P53_PATHWAY	entry4_PF_PLT_D3__all_valid	TAP1
P53_PATHWAY	entry4_PF_PLT_D3__all_valid	PPM1D
P53_PATHWAY	entry4_PF_PLT_D3__all_valid	CYFIP2
P53_PATHWAY	entry4_PF_PLT_D3__all_valid	CCP110
P53_PATHWAY	entry4_PF_PLT_D3__all_valid	GM2A
P53_PATHWAY	entry4_PF_PLT_D3__all_valid	NOTCH1
P53_PATHWAY	entry4_PF_PLT_D3__all_valid	VDR
P53_PATHWAY	entry4_PF_PLT_D3__all_valid	APP
P53_PATHWAY	entry4_PF_PLT_D3__all_valid	FGF13
P53_PATHWAY	entry4_PF_PLT_D3__all_valid	STEAP3
P53_PATHWAY	entry4_PF_PLT_D3__all_valid	MKNK2
P53_PATHWAY	entry4_PF_PLT_D3__all_valid	ZFP36L1
P53_PATHWAY	entry4_PF_PLT_D3__all_valid	GPX2
P53_PATHWAY	entry4_PF_PLT_D3__all_valid	DEF6
P53_PATHWAY	entry4_PF_PLT_D3__all_valid	DDIT4
P53_PATHWAY	entry4_PF_PLT_D3__all_valid	TXNIP
P53_PATHWAY	entry4_PF_PLT_D3__all_valid	HSPA4L
P53_PATHWAY	entry4_PF_PLT_D3__all_valid	PLK3
PEROXISOME	entry4_PF_PLT_D3__all_valid	ABCD2
PEROXISOME	entry4_PF_PLT_D3__all_valid	SLC23A2
PEROXISOME	entry4_PF_PLT_D3__all_valid	CLN6
PEROXISOME	entry4_PF_PLT_D3__all_valid	SLC25A4
PEROXISOME	entry4_PF_PLT_D3__all_valid	HRAS
PEROXISOME	entry4_PF_PLT_D3__all_valid	ERCC3
PEROXISOME	entry4_PF_PLT_D3__all_valid	SLC35B2
PEROXISOME	entry4_PF_PLT_D3__all_valid	EPHX2
PEROXISOME	entry4_PF_PLT_D3__all_valid	DHRS3
PEROXISOME	entry4_PF_PLT_D3__all_valid	IDH2
PEROXISOME	entry4_PF_PLT_D3__all_valid	SLC25A19
PEROXISOME	entry4_PF_PLT_D3__all_valid	CADM1
PEROXISOME	entry4_PF_PLT_D3__all_valid	ABCB4
PEROXISOME	entry4_PF_PLT_D3__all_valid	PRDX1
PEROXISOME	entry4_PF_PLT_D3__all_valid	ABCB1
PEROXISOME	entry4_PF_PLT_D3__all_valid	ECI2
PEROXISOME	entry4_PF_PLT_D3__all_valid	ACSL5
PEROXISOME	entry4_PF_PLT_D3__all_valid	HSD17B4
PEROXISOME	entry4_PF_PLT_D3__all_valid	CTPS1
PEROXISOME	entry4_PF_PLT_D3__all_valid	SCP2
PEROXISOME	entry4_PF_PLT_D3__all_valid	SMARCC1
PEROXISOME	entry4_PF_PLT_D3__all_valid	SOD1
PEROXISOME	entry4_PF_PLT_D3__all_valid	MSH2
PI3K_AKT_MTOR_SIGNALING	entry4_PF_PLT_D3__all_valid	MKNK1
PI3K_AKT_MTOR_SIGNALING	entry4_PF_PLT_D3__all_valid	CAB39
PI3K_AKT_MTOR_SIGNALING	entry4_PF_PLT_D3__all_valid	SLA
PI3K_AKT_MTOR_SIGNALING	entry4_PF_PLT_D3__all_valid	MAP2K6
PI3K_AKT_MTOR_SIGNALING	entry4_PF_PLT_D3__all_valid	PRKCB
PI3K_AKT_MTOR_SIGNALING	entry4_PF_PLT_D3__all_valid	PRKAR2A
PI3K_AKT_MTOR_SIGNALING	entry4_PF_PLT_D3__all_valid	MAPK1
PI3K_AKT_MTOR_SIGNALING	entry4_PF_PLT_D3__all_valid	TNFRSF1A
PI3K_AKT_MTOR_SIGNALING	entry4_PF_PLT_D3__all_valid	DUSP3
PI3K_AKT_MTOR_SIGNALING	entry4_PF_PLT_D3__all_valid	RALB
PI3K_AKT_MTOR_SIGNALING	entry4_PF_PLT_D3__all_valid	VAV3
PI3K_AKT_MTOR_SIGNALING	entry4_PF_PLT_D3__all_valid	PTEN
PI3K_AKT_MTOR_SIGNALING	entry4_PF_PLT_D3__all_valid	RAC1
PI3K_AKT_MTOR_SIGNALING	entry4_PF_PLT_D3__all_valid	MAP2K3
PI3K_AKT_MTOR_SIGNALING	entry4_PF_PLT_D3__all_valid	SLC2A1
PI3K_AKT_MTOR_SIGNALING	entry4_PF_PLT_D3__all_valid	GSK3B
PI3K_AKT_MTOR_SIGNALING	entry4_PF_PLT_D3__all_valid	RPS6KA3
PI3K_AKT_MTOR_SIGNALING	entry4_PF_PLT_D3__all_valid	RPS6KA1
PI3K_AKT_MTOR_SIGNALING	entry4_PF_PLT_D3__all_valid	MYD88
PI3K_AKT_MTOR_SIGNALING	entry4_PF_PLT_D3__all_valid	GRB2
PI3K_AKT_MTOR_SIGNALING	entry4_PF_PLT_D3__all_valid	CFL1
PI3K_AKT_MTOR_SIGNALING	entry4_PF_PLT_D3__all_valid	YWHAB
PI3K_AKT_MTOR_SIGNALING	entry4_PF_PLT_D3__all_valid	RAF1
PI3K_AKT_MTOR_SIGNALING	entry4_PF_PLT_D3__all_valid	RIT1
PI3K_AKT_MTOR_SIGNALING	entry4_PF_PLT_D3__all_valid	CDKN1B
PI3K_AKT_MTOR_SIGNALING	entry4_PF_PLT_D3__all_valid	UBE2D3
PI3K_AKT_MTOR_SIGNALING	entry4_PF_PLT_D3__all_valid	ACTR2
PI3K_AKT_MTOR_SIGNALING	entry4_PF_PLT_D3__all_valid	IRAK4
PI3K_AKT_MTOR_SIGNALING	entry4_PF_PLT_D3__all_valid	RIPK1
PI3K_AKT_MTOR_SIGNALING	entry4_PF_PLT_D3__all_valid	SMAD2
PI3K_AKT_MTOR_SIGNALING	entry4_PF_PLT_D3__all_valid	AKT1S1
PI3K_AKT_MTOR_SIGNALING	entry4_PF_PLT_D3__all_valid	ARF1
PI3K_AKT_MTOR_SIGNALING	entry4_PF_PLT_D3__all_valid	ACTR3
PI3K_AKT_MTOR_SIGNALING	entry4_PF_PLT_D3__all_valid	PIKFYVE
PI3K_AKT_MTOR_SIGNALING	entry4_PF_PLT_D3__all_valid	GRK2
PI3K_AKT_MTOR_SIGNALING	entry4_PF_PLT_D3__all_valid	MKNK2
PI3K_AKT_MTOR_SIGNALING	entry4_PF_PLT_D3__all_valid	PFN1
PI3K_AKT_MTOR_SIGNALING	entry4_PF_PLT_D3__all_valid	CLTC
PI3K_AKT_MTOR_SIGNALING	entry4_PF_PLT_D3__all_valid	MAPK10
PI3K_AKT_MTOR_SIGNALING	entry4_PF_PLT_D3__all_valid	E2F1
PI3K_AKT_MTOR_SIGNALING	entry4_PF_PLT_D3__all_valid	IL2RG
PI3K_AKT_MTOR_SIGNALING	entry4_PF_PLT_D3__all_valid	AP2M1
PI3K_AKT_MTOR_SIGNALING	entry4_PF_PLT_D3__all_valid	NFKBIB
PI3K_AKT_MTOR_SIGNALING	entry4_PF_PLT_D3__all_valid	PTPN11
PI3K_AKT_MTOR_SIGNALING	entry4_PF_PLT_D3__all_valid	PDK1
PI3K_AKT_MTOR_SIGNALING	entry4_PF_PLT_D3__all_valid	ITPR2
PI3K_AKT_MTOR_SIGNALING	entry4_PF_PLT_D3__all_valid	TBK1
PROTEIN_SECRETION	entry4_PF_PLT_D3__all_valid	KIF1B
PROTEIN_SECRETION	entry4_PF_PLT_D3__all_valid	MAPK1
PROTEIN_SECRETION	entry4_PF_PLT_D3__all_valid	IGF2R
PROTEIN_SECRETION	entry4_PF_PLT_D3__all_valid	RPS6KA3
PROTEIN_SECRETION	entry4_PF_PLT_D3__all_valid	GNAS
PROTEIN_SECRETION	entry4_PF_PLT_D3__all_valid	CD63
PROTEIN_SECRETION	entry4_PF_PLT_D3__all_valid	GLA
PROTEIN_SECRETION	entry4_PF_PLT_D3__all_valid	STX16
PROTEIN_SECRETION	entry4_PF_PLT_D3__all_valid	AP2B1
PROTEIN_SECRETION	entry4_PF_PLT_D3__all_valid	PAM
PROTEIN_SECRETION	entry4_PF_PLT_D3__all_valid	ARFGEF1
PROTEIN_SECRETION	entry4_PF_PLT_D3__all_valid	VAMP3
PROTEIN_SECRETION	entry4_PF_PLT_D3__all_valid	RAB5A
PROTEIN_SECRETION	entry4_PF_PLT_D3__all_valid	LAMP2
PROTEIN_SECRETION	entry4_PF_PLT_D3__all_valid	STX7
PROTEIN_SECRETION	entry4_PF_PLT_D3__all_valid	ARF1
PROTEIN_SECRETION	entry4_PF_PLT_D3__all_valid	AP1G1
PROTEIN_SECRETION	entry4_PF_PLT_D3__all_valid	CLTC
PROTEIN_SECRETION	entry4_PF_PLT_D3__all_valid	AP3S1
PROTEIN_SECRETION	entry4_PF_PLT_D3__all_valid	SEC22B
PROTEIN_SECRETION	entry4_PF_PLT_D3__all_valid	STAM
PROTEIN_SECRETION	entry4_PF_PLT_D3__all_valid	RAB2A
PROTEIN_SECRETION	entry4_PF_PLT_D3__all_valid	AP2M1
PROTEIN_SECRETION	entry4_PF_PLT_D3__all_valid	ARFGAP3
PROTEIN_SECRETION	entry4_PF_PLT_D3__all_valid	COPB1
PROTEIN_SECRETION	entry4_PF_PLT_D3__all_valid	RAB14
PROTEIN_SECRETION	entry4_PF_PLT_D3__all_valid	ATP6V1H
PROTEIN_SECRETION	entry4_PF_PLT_D3__all_valid	VPS4B
PROTEIN_SECRETION	entry4_PF_PLT_D3__all_valid	NAPA
PROTEIN_SECRETION	entry4_PF_PLT_D3__all_valid	AP2S1
PROTEIN_SECRETION	entry4_PF_PLT_D3__all_valid	PPT1
PROTEIN_SECRETION	entry4_PF_PLT_D3__all_valid	SNAP23
PROTEIN_SECRETION	entry4_PF_PLT_D3__all_valid	YKT6
PROTEIN_SECRETION	entry4_PF_PLT_D3__all_valid	ATP7A
PROTEIN_SECRETION	entry4_PF_PLT_D3__all_valid	CLN5
PROTEIN_SECRETION	entry4_PF_PLT_D3__all_valid	SGMS1
PROTEIN_SECRETION	entry4_PF_PLT_D3__all_valid	ARCN1
PROTEIN_SECRETION	entry4_PF_PLT_D3__all_valid	ABCA1
REACTIVE_OXYGEN_SPECIES_PATHWAY	entry4_PF_PLT_D3__all_valid	GCLM
REACTIVE_OXYGEN_SPECIES_PATHWAY	entry4_PF_PLT_D3__all_valid	GSR
REACTIVE_OXYGEN_SPECIES_PATHWAY	entry4_PF_PLT_D3__all_valid	HHEX
REACTIVE_OXYGEN_SPECIES_PATHWAY	entry4_PF_PLT_D3__all_valid	FES
REACTIVE_OXYGEN_SPECIES_PATHWAY	entry4_PF_PLT_D3__all_valid	MSRA
REACTIVE_OXYGEN_SPECIES_PATHWAY	entry4_PF_PLT_D3__all_valid	MBP
REACTIVE_OXYGEN_SPECIES_PATHWAY	entry4_PF_PLT_D3__all_valid	CDKN2D
REACTIVE_OXYGEN_SPECIES_PATHWAY	entry4_PF_PLT_D3__all_valid	SBNO2
REACTIVE_OXYGEN_SPECIES_PATHWAY	entry4_PF_PLT_D3__all_valid	OXSR1
REACTIVE_OXYGEN_SPECIES_PATHWAY	entry4_PF_PLT_D3__all_valid	G6PD
REACTIVE_OXYGEN_SPECIES_PATHWAY	entry4_PF_PLT_D3__all_valid	SRXN1
REACTIVE_OXYGEN_SPECIES_PATHWAY	entry4_PF_PLT_D3__all_valid	TXNRD1
REACTIVE_OXYGEN_SPECIES_PATHWAY	entry4_PF_PLT_D3__all_valid	LAMTOR5
REACTIVE_OXYGEN_SPECIES_PATHWAY	entry4_PF_PLT_D3__all_valid	TXN
REACTIVE_OXYGEN_SPECIES_PATHWAY	entry4_PF_PLT_D3__all_valid	FTL
REACTIVE_OXYGEN_SPECIES_PATHWAY	entry4_PF_PLT_D3__all_valid	NQO1
REACTIVE_OXYGEN_SPECIES_PATHWAY	entry4_PF_PLT_D3__all_valid	PRDX6
REACTIVE_OXYGEN_SPECIES_PATHWAY	entry4_PF_PLT_D3__all_valid	GLRX
REACTIVE_OXYGEN_SPECIES_PATHWAY	entry4_PF_PLT_D3__all_valid	JUNB
REACTIVE_OXYGEN_SPECIES_PATHWAY	entry4_PF_PLT_D3__all_valid	LSP1
REACTIVE_OXYGEN_SPECIES_PATHWAY	entry4_PF_PLT_D3__all_valid	EGLN2
SPERMATOGENESIS	entry4_PF_PLT_D3__all_valid	PGS1
SPERMATOGENESIS	entry4_PF_PLT_D3__all_valid	AGFG1
SPERMATOGENESIS	entry4_PF_PLT_D3__all_valid	TLE4
SPERMATOGENESIS	entry4_PF_PLT_D3__all_valid	PRKAR2A
SPERMATOGENESIS	entry4_PF_PLT_D3__all_valid	CCNA1
SPERMATOGENESIS	entry4_PF_PLT_D3__all_valid	CLVS1
SPERMATOGENESIS	entry4_PF_PLT_D3__all_valid	BRAF
SPERMATOGENESIS	entry4_PF_PLT_D3__all_valid	TALDO1
SPERMATOGENESIS	entry4_PF_PLT_D3__all_valid	IP6K1
SPERMATOGENESIS	entry4_PF_PLT_D3__all_valid	PHF7
SPERMATOGENESIS	entry4_PF_PLT_D3__all_valid	SHE
SPERMATOGENESIS	entry4_PF_PLT_D3__all_valid	H1-6
SPERMATOGENESIS	entry4_PF_PLT_D3__all_valid	GMCL1
SPERMATOGENESIS	entry4_PF_PLT_D3__all_valid	TTK
SPERMATOGENESIS	entry4_PF_PLT_D3__all_valid	MAST2
SPERMATOGENESIS	entry4_PF_PLT_D3__all_valid	HSPA4L
SPERMATOGENESIS	entry4_PF_PLT_D3__all_valid	CHFR
SPERMATOGENESIS	entry4_PF_PLT_D3__all_valid	NCAPH
TGF_BETA_SIGNALING	entry4_PF_PLT_D3__all_valid	FKBP1A
TGF_BETA_SIGNALING	entry4_PF_PLT_D3__all_valid	RAB31
TGF_BETA_SIGNALING	entry4_PF_PLT_D3__all_valid	IFNGR2
TGF_BETA_SIGNALING	entry4_PF_PLT_D3__all_valid	FURIN
TGF_BETA_SIGNALING	entry4_PF_PLT_D3__all_valid	HIPK2
TGF_BETA_SIGNALING	entry4_PF_PLT_D3__all_valid	SPTBN1
TGF_BETA_SIGNALING	entry4_PF_PLT_D3__all_valid	TGFBR1
TGF_BETA_SIGNALING	entry4_PF_PLT_D3__all_valid	SERPINE1
TGF_BETA_SIGNALING	entry4_PF_PLT_D3__all_valid	TGFB1
TGF_BETA_SIGNALING	entry4_PF_PLT_D3__all_valid	PPP1R15A
TGF_BETA_SIGNALING	entry4_PF_PLT_D3__all_valid	SMAD1
TGF_BETA_SIGNALING	entry4_PF_PLT_D3__all_valid	CTNNB1
TGF_BETA_SIGNALING	entry4_PF_PLT_D3__all_valid	SKI
TGF_BETA_SIGNALING	entry4_PF_PLT_D3__all_valid	UBE2D3
TGF_BETA_SIGNALING	entry4_PF_PLT_D3__all_valid	THBS1
TGF_BETA_SIGNALING	entry4_PF_PLT_D3__all_valid	XIAP
TGF_BETA_SIGNALING	entry4_PF_PLT_D3__all_valid	PPM1A
TGF_BETA_SIGNALING	entry4_PF_PLT_D3__all_valid	RHOA
TGF_BETA_SIGNALING	entry4_PF_PLT_D3__all_valid	APC
TGF_BETA_SIGNALING	entry4_PF_PLT_D3__all_valid	JUNB
TNFA_SIGNALING_VIA_NFKB	entry4_PF_PLT_D3__all_valid	BCL6
TNFA_SIGNALING_VIA_NFKB	entry4_PF_PLT_D3__all_valid	GADD45A
TNFA_SIGNALING_VIA_NFKB	entry4_PF_PLT_D3__all_valid	ETS2
TNFA_SIGNALING_VIA_NFKB	entry4_PF_PLT_D3__all_valid	PFKFB3
TNFA_SIGNALING_VIA_NFKB	entry4_PF_PLT_D3__all_valid	NFIL3
TNFA_SIGNALING_VIA_NFKB	entry4_PF_PLT_D3__all_valid	SLC2A3
TNFA_SIGNALING_VIA_NFKB	entry4_PF_PLT_D3__all_valid	B4GALT5
TNFA_SIGNALING_VIA_NFKB	entry4_PF_PLT_D3__all_valid	FOSL2
TNFA_SIGNALING_VIA_NFKB	entry4_PF_PLT_D3__all_valid	BCL2A1
TNFA_SIGNALING_VIA_NFKB	entry4_PF_PLT_D3__all_valid	CFLAR
TNFA_SIGNALING_VIA_NFKB	entry4_PF_PLT_D3__all_valid	SOCS3
TNFA_SIGNALING_VIA_NFKB	entry4_PF_PLT_D3__all_valid	IRS2
TNFA_SIGNALING_VIA_NFKB	entry4_PF_PLT_D3__all_valid	DRAM1
TNFA_SIGNALING_VIA_NFKB	entry4_PF_PLT_D3__all_valid	LITAF
TNFA_SIGNALING_VIA_NFKB	entry4_PF_PLT_D3__all_valid	IFNGR2
TNFA_SIGNALING_VIA_NFKB	entry4_PF_PLT_D3__all_valid	MXD1
TNFA_SIGNALING_VIA_NFKB	entry4_PF_PLT_D3__all_valid	PTPRE
TNFA_SIGNALING_VIA_NFKB	entry4_PF_PLT_D3__all_valid	KLF6
TNFA_SIGNALING_VIA_NFKB	entry4_PF_PLT_D3__all_valid	TLR2
TNFA_SIGNALING_VIA_NFKB	entry4_PF_PLT_D3__all_valid	RCAN1
TNFA_SIGNALING_VIA_NFKB	entry4_PF_PLT_D3__all_valid	KLF9
TNFA_SIGNALING_VIA_NFKB	entry4_PF_PLT_D3__all_valid	NFKB1
TNFA_SIGNALING_VIA_NFKB	entry4_PF_PLT_D3__all_valid	TIPARP
TNFA_SIGNALING_VIA_NFKB	entry4_PF_PLT_D3__all_valid	NFKBIA
TNFA_SIGNALING_VIA_NFKB	entry4_PF_PLT_D3__all_valid	LDLR
TNFA_SIGNALING_VIA_NFKB	entry4_PF_PLT_D3__all_valid	MAP2K3
TNFA_SIGNALING_VIA_NFKB	entry4_PF_PLT_D3__all_valid	EHD1
TNFA_SIGNALING_VIA_NFKB	entry4_PF_PLT_D3__all_valid	TNIP1
TNFA_SIGNALING_VIA_NFKB	entry4_PF_PLT_D3__all_valid	DENND5A
TNFA_SIGNALING_VIA_NFKB	entry4_PF_PLT_D3__all_valid	F2RL1
TNFA_SIGNALING_VIA_NFKB	entry4_PF_PLT_D3__all_valid	CD44
TNFA_SIGNALING_VIA_NFKB	entry4_PF_PLT_D3__all_valid	RNF19B
TNFA_SIGNALING_VIA_NFKB	entry4_PF_PLT_D3__all_valid	SERPINE1
TNFA_SIGNALING_VIA_NFKB	entry4_PF_PLT_D3__all_valid	MAP3K8
TNFA_SIGNALING_VIA_NFKB	entry4_PF_PLT_D3__all_valid	CSF1
TNFA_SIGNALING_VIA_NFKB	entry4_PF_PLT_D3__all_valid	BCL3
TNFA_SIGNALING_VIA_NFKB	entry4_PF_PLT_D3__all_valid	PNRC1
TNFA_SIGNALING_VIA_NFKB	entry4_PF_PLT_D3__all_valid	PER1
TNFA_SIGNALING_VIA_NFKB	entry4_PF_PLT_D3__all_valid	CEBPD
TNFA_SIGNALING_VIA_NFKB	entry4_PF_PLT_D3__all_valid	ZC3H12A
TNFA_SIGNALING_VIA_NFKB	entry4_PF_PLT_D3__all_valid	CEBPB
TNFA_SIGNALING_VIA_NFKB	entry4_PF_PLT_D3__all_valid	PPP1R15A
TNFA_SIGNALING_VIA_NFKB	entry4_PF_PLT_D3__all_valid	GADD45B
TNFA_SIGNALING_VIA_NFKB	entry4_PF_PLT_D3__all_valid	AREG
TNFA_SIGNALING_VIA_NFKB	entry4_PF_PLT_D3__all_valid	IER3
TNFA_SIGNALING_VIA_NFKB	entry4_PF_PLT_D3__all_valid	NFE2L2
TNFA_SIGNALING_VIA_NFKB	entry4_PF_PLT_D3__all_valid	TNFAIP3
TNFA_SIGNALING_VIA_NFKB	entry4_PF_PLT_D3__all_valid	B4GALT1
TNFA_SIGNALING_VIA_NFKB	entry4_PF_PLT_D3__all_valid	TRIB1
TNFA_SIGNALING_VIA_NFKB	entry4_PF_PLT_D3__all_valid	JAG1
TNFA_SIGNALING_VIA_NFKB	entry4_PF_PLT_D3__all_valid	DUSP1
TNFA_SIGNALING_VIA_NFKB	entry4_PF_PLT_D3__all_valid	KDM6B
TNFA_SIGNALING_VIA_NFKB	entry4_PF_PLT_D3__all_valid	NAMPT
TNFA_SIGNALING_VIA_NFKB	entry4_PF_PLT_D3__all_valid	MARCKS
TNFA_SIGNALING_VIA_NFKB	entry4_PF_PLT_D3__all_valid	ICAM1
TNFA_SIGNALING_VIA_NFKB	entry4_PF_PLT_D3__all_valid	STAT5A
TNFA_SIGNALING_VIA_NFKB	entry4_PF_PLT_D3__all_valid	TUBB2A
TNFA_SIGNALING_VIA_NFKB	entry4_PF_PLT_D3__all_valid	TAP1
TNFA_SIGNALING_VIA_NFKB	entry4_PF_PLT_D3__all_valid	NFAT5
TNFA_SIGNALING_VIA_NFKB	entry4_PF_PLT_D3__all_valid	TNIP2
TNFA_SIGNALING_VIA_NFKB	entry4_PF_PLT_D3__all_valid	JUNB
TNFA_SIGNALING_VIA_NFKB	entry4_PF_PLT_D3__all_valid	TNFAIP6
TNFA_SIGNALING_VIA_NFKB	entry4_PF_PLT_D3__all_valid	IRF1
TNFA_SIGNALING_VIA_NFKB	entry4_PF_PLT_D3__all_valid	REL
TNFA_SIGNALING_VIA_NFKB	entry4_PF_PLT_D3__all_valid	PHLDA1
TNFA_SIGNALING_VIA_NFKB	entry4_PF_PLT_D3__all_valid	PLEK
TNFA_SIGNALING_VIA_NFKB	entry4_PF_PLT_D3__all_valid	ZFP36
TNFA_SIGNALING_VIA_NFKB	entry4_PF_PLT_D3__all_valid	DNAJB4
TNFA_SIGNALING_VIA_NFKB	entry4_PF_PLT_D3__all_valid	CXCL1
TNFA_SIGNALING_VIA_NFKB	entry4_PF_PLT_D3__all_valid	IL6ST
TNFA_SIGNALING_VIA_NFKB	entry4_PF_PLT_D3__all_valid	PLAU
UNFOLDED_PROTEIN_RESPONSE	entry4_PF_PLT_D3__all_valid	NPM1
UNFOLDED_PROTEIN_RESPONSE	entry4_PF_PLT_D3__all_valid	IMP3
UNFOLDED_PROTEIN_RESPONSE	entry4_PF_PLT_D3__all_valid	EXOSC2
UNFOLDED_PROTEIN_RESPONSE	entry4_PF_PLT_D3__all_valid	NOP56
UNFOLDED_PROTEIN_RESPONSE	entry4_PF_PLT_D3__all_valid	EXOSC9
UNFOLDED_PROTEIN_RESPONSE	entry4_PF_PLT_D3__all_valid	EIF2AK3
UNFOLDED_PROTEIN_RESPONSE	entry4_PF_PLT_D3__all_valid	HSPA9
UNFOLDED_PROTEIN_RESPONSE	entry4_PF_PLT_D3__all_valid	SPCS1
UNFOLDED_PROTEIN_RESPONSE	entry4_PF_PLT_D3__all_valid	IARS1
UNFOLDED_PROTEIN_RESPONSE	entry4_PF_PLT_D3__all_valid	RPS14
UNFOLDED_PROTEIN_RESPONSE	entry4_PF_PLT_D3__all_valid	HSP90B1
UNFOLDED_PROTEIN_RESPONSE	entry4_PF_PLT_D3__all_valid	SKIC3
UNFOLDED_PROTEIN_RESPONSE	entry4_PF_PLT_D3__all_valid	CEBPG
UNFOLDED_PROTEIN_RESPONSE	entry4_PF_PLT_D3__all_valid	EIF2S1
UNFOLDED_PROTEIN_RESPONSE	entry4_PF_PLT_D3__all_valid	PDIA6
UNFOLDED_PROTEIN_RESPONSE	entry4_PF_PLT_D3__all_valid	SLC30A5
UNFOLDED_PROTEIN_RESPONSE	entry4_PF_PLT_D3__all_valid	SRPRB
UNFOLDED_PROTEIN_RESPONSE	entry4_PF_PLT_D3__all_valid	LSM4
UNFOLDED_PROTEIN_RESPONSE	entry4_PF_PLT_D3__all_valid	DNAJB9
UNFOLDED_PROTEIN_RESPONSE	entry4_PF_PLT_D3__all_valid	WFS1
UNFOLDED_PROTEIN_RESPONSE	entry4_PF_PLT_D3__all_valid	SEC31A
UNFOLDED_PROTEIN_RESPONSE	entry4_PF_PLT_D3__all_valid	EIF4A2
UNFOLDED_PROTEIN_RESPONSE	entry4_PF_PLT_D3__all_valid	MTREX
UNFOLDED_PROTEIN_RESPONSE	entry4_PF_PLT_D3__all_valid	FUS
UNFOLDED_PROTEIN_RESPONSE	entry4_PF_PLT_D3__all_valid	BANF1
UNFOLDED_PROTEIN_RESPONSE	entry4_PF_PLT_D3__all_valid	RRP9
UNFOLDED_PROTEIN_RESPONSE	entry4_PF_PLT_D3__all_valid	HERPUD1
UNFOLDED_PROTEIN_RESPONSE	entry4_PF_PLT_D3__all_valid	SEC11A
UNFOLDED_PROTEIN_RESPONSE	entry4_PF_PLT_D3__all_valid	DDX10
UNFOLDED_PROTEIN_RESPONSE	entry4_PF_PLT_D3__all_valid	BAG3
UNFOLDED_PROTEIN_RESPONSE	entry4_PF_PLT_D3__all_valid	EIF4EBP1
UNFOLDED_PROTEIN_RESPONSE	entry4_PF_PLT_D3__all_valid	HYOU1
UNFOLDED_PROTEIN_RESPONSE	entry4_PF_PLT_D3__all_valid	SSR1
UNFOLDED_PROTEIN_RESPONSE	entry4_PF_PLT_D3__all_valid	NOP14
UNFOLDED_PROTEIN_RESPONSE	entry4_PF_PLT_D3__all_valid	FKBP14
UNFOLDED_PROTEIN_RESPONSE	entry4_PF_PLT_D3__all_valid	NOLC1
UNFOLDED_PROTEIN_RESPONSE	entry4_PF_PLT_D3__all_valid	EIF4A1
UNFOLDED_PROTEIN_RESPONSE	entry4_PF_PLT_D3__all_valid	EXOC2
UNFOLDED_PROTEIN_RESPONSE	entry4_PF_PLT_D3__all_valid	YIF1A
UNFOLDED_PROTEIN_RESPONSE	entry4_PF_PLT_D3__all_valid	ALDH18A1
UNFOLDED_PROTEIN_RESPONSE	entry4_PF_PLT_D3__all_valid	EIF4E
UNFOLDED_PROTEIN_RESPONSE	entry4_PF_PLT_D3__all_valid	CNOT2
UNFOLDED_PROTEIN_RESPONSE	entry4_PF_PLT_D3__all_valid	SDAD1
UNFOLDED_PROTEIN_RESPONSE	entry4_PF_PLT_D3__all_valid	SPCS3
UNFOLDED_PROTEIN_RESPONSE	entry4_PF_PLT_D3__all_valid	EDEM1
UNFOLDED_PROTEIN_RESPONSE	entry4_PF_PLT_D3__all_valid	EEF2
UNFOLDED_PROTEIN_RESPONSE	entry4_PF_PLT_D3__all_valid	XBP1
UNFOLDED_PROTEIN_RESPONSE	entry4_PF_PLT_D3__all_valid	GOSR2
UNFOLDED_PROTEIN_RESPONSE	entry4_PF_PLT_D3__all_valid	EXOSC1
UNFOLDED_PROTEIN_RESPONSE	entry4_PF_PLT_D3__all_valid	NHP2
UNFOLDED_PROTEIN_RESPONSE	entry4_PF_PLT_D3__all_valid	CKS1B
UNFOLDED_PROTEIN_RESPONSE	entry4_PF_PLT_D3__all_valid	PAIP1
UNFOLDED_PROTEIN_RESPONSE	entry4_PF_PLT_D3__all_valid	KHSRP
UNFOLDED_PROTEIN_RESPONSE	entry4_PF_PLT_D3__all_valid	CALR
UNFOLDED_PROTEIN_RESPONSE	entry4_PF_PLT_D3__all_valid	PARN
UNFOLDED_PROTEIN_RESPONSE	entry4_PF_PLT_D3__all_valid	TSPYL2
UNFOLDED_PROTEIN_RESPONSE	entry4_PF_PLT_D3__all_valid	NFYB
UNFOLDED_PROTEIN_RESPONSE	entry4_PF_PLT_D3__all_valid	SLC1A4
UNFOLDED_PROTEIN_RESPONSE	entry4_PF_PLT_D3__all_valid	XPOT
UNFOLDED_PROTEIN_RESPONSE	entry4_PF_PLT_D3__all_valid	CXXC1
UNFOLDED_PROTEIN_RESPONSE	entry4_PF_PLT_D3__all_valid	MTHFD2
UV_RESPONSE_DN	entry4_PF_PLT_D3__all_valid	MAPK14
UV_RESPONSE_DN	entry4_PF_PLT_D3__all_valid	ATP2B4
UV_RESPONSE_DN	entry4_PF_PLT_D3__all_valid	IGF1R
UV_RESPONSE_DN	entry4_PF_PLT_D3__all_valid	SYNE1
UV_RESPONSE_DN	entry4_PF_PLT_D3__all_valid	ATXN1
UV_RESPONSE_DN	entry4_PF_PLT_D3__all_valid	DYRK1A
UV_RESPONSE_DN	entry4_PF_PLT_D3__all_valid	WDR37
UV_RESPONSE_DN	entry4_PF_PLT_D3__all_valid	NFKB1
UV_RESPONSE_DN	entry4_PF_PLT_D3__all_valid	PTEN
UV_RESPONSE_DN	entry4_PF_PLT_D3__all_valid	LDLR
UV_RESPONSE_DN	entry4_PF_PLT_D3__all_valid	GCNT1
UV_RESPONSE_DN	entry4_PF_PLT_D3__all_valid	SCN8A
UV_RESPONSE_DN	entry4_PF_PLT_D3__all_valid	NR3C1
UV_RESPONSE_DN	entry4_PF_PLT_D3__all_valid	CELF2
UV_RESPONSE_DN	entry4_PF_PLT_D3__all_valid	SERPINE1
UV_RESPONSE_DN	entry4_PF_PLT_D3__all_valid	PPARG
UV_RESPONSE_DN	entry4_PF_PLT_D3__all_valid	FHL2
UV_RESPONSE_DN	entry4_PF_PLT_D3__all_valid	RASA2
UV_RESPONSE_DN	entry4_PF_PLT_D3__all_valid	RXRA
UV_RESPONSE_DN	entry4_PF_PLT_D3__all_valid	TGFBR2
UV_RESPONSE_DN	entry4_PF_PLT_D3__all_valid	PIK3CD
UV_RESPONSE_DN	entry4_PF_PLT_D3__all_valid	NOTCH2
UV_RESPONSE_DN	entry4_PF_PLT_D3__all_valid	CDC42BPA
UV_RESPONSE_DN	entry4_PF_PLT_D3__all_valid	DUSP1
UV_RESPONSE_DN	entry4_PF_PLT_D3__all_valid	CDKN1B
UV_RESPONSE_DN	entry4_PF_PLT_D3__all_valid	PTGFR
UV_RESPONSE_DN	entry4_PF_PLT_D3__all_valid	SCAF8
UV_RESPONSE_DN	entry4_PF_PLT_D3__all_valid	APBB2
UV_RESPONSE_DN	entry4_PF_PLT_D3__all_valid	TFPI
UV_RESPONSE_DN	entry4_PF_PLT_D3__all_valid	PRDM2
UV_RESPONSE_DN	entry4_PF_PLT_D3__all_valid	NIPBL
UV_RESPONSE_DN	entry4_PF_PLT_D3__all_valid	NEK7
UV_RESPONSE_DN	entry4_PF_PLT_D3__all_valid	CITED2
UV_RESPONSE_DN	entry4_PF_PLT_D3__all_valid	CACNA1A
UV_RESPONSE_DN	entry4_PF_PLT_D3__all_valid	DLC1
UV_RESPONSE_UP	entry4_PF_PLT_D3__all_valid	CCND3
UV_RESPONSE_UP	entry4_PF_PLT_D3__all_valid	ATP6V1C1
UV_RESPONSE_UP	entry4_PF_PLT_D3__all_valid	ARRB2
UV_RESPONSE_UP	entry4_PF_PLT_D3__all_valid	GRINA
UV_RESPONSE_UP	entry4_PF_PLT_D3__all_valid	TUBA4A
UV_RESPONSE_UP	entry4_PF_PLT_D3__all_valid	PRKCD
UV_RESPONSE_UP	entry4_PF_PLT_D3__all_valid	ALAS1
UV_RESPONSE_UP	entry4_PF_PLT_D3__all_valid	LYN
UV_RESPONSE_UP	entry4_PF_PLT_D3__all_valid	FURIN
UV_RESPONSE_UP	entry4_PF_PLT_D3__all_valid	MAOA
UV_RESPONSE_UP	entry4_PF_PLT_D3__all_valid	NFKBIA
UV_RESPONSE_UP	entry4_PF_PLT_D3__all_valid	RAB27A
UV_RESPONSE_UP	entry4_PF_PLT_D3__all_valid	CHKA
UV_RESPONSE_UP	entry4_PF_PLT_D3__all_valid	AGO2
UV_RESPONSE_UP	entry4_PF_PLT_D3__all_valid	MARK2
UV_RESPONSE_UP	entry4_PF_PLT_D3__all_valid	ACAA1
UV_RESPONSE_UP	entry4_PF_PLT_D3__all_valid	NUP58
UV_RESPONSE_UP	entry4_PF_PLT_D3__all_valid	ALDOA
UV_RESPONSE_UP	entry4_PF_PLT_D3__all_valid	GRPEL1
UV_RESPONSE_UP	entry4_PF_PLT_D3__all_valid	CA2
UV_RESPONSE_UP	entry4_PF_PLT_D3__all_valid	ICAM1
UV_RESPONSE_UP	entry4_PF_PLT_D3__all_valid	CDC34
UV_RESPONSE_UP	entry4_PF_PLT_D3__all_valid	TAP1
UV_RESPONSE_UP	entry4_PF_PLT_D3__all_valid	JUNB
UV_RESPONSE_UP	entry4_PF_PLT_D3__all_valid	IRF1
UV_RESPONSE_UP	entry4_PF_PLT_D3__all_valid	TMBIM6
UV_RESPONSE_UP	entry4_PF_PLT_D3__all_valid	STARD3
UV_RESPONSE_UP	entry4_PF_PLT_D3__all_valid	IL6ST
UV_RESPONSE_UP	entry4_PF_PLT_D3__all_valid	PDAP1
UV_RESPONSE_UP	entry4_PF_PLT_D3__all_valid	PRKACA
UV_RESPONSE_UP	entry4_PF_PLT_D3__all_valid	DNAJA1
UV_RESPONSE_UP	entry4_PF_PLT_D3__all_valid	HYAL2
UV_RESPONSE_UP	entry4_PF_PLT_D3__all_valid	GPX3
UV_RESPONSE_UP	entry4_PF_PLT_D3__all_valid	DNAJB1
UV_RESPONSE_UP	entry4_PF_PLT_D3__all_valid	CYB5R1
UV_RESPONSE_UP	entry4_PF_PLT_D3__all_valid	GCH1
UV_RESPONSE_UP	entry4_PF_PLT_D3__all_valid	APOM
UV_RESPONSE_UP	entry4_PF_PLT_D3__all_valid	SLC6A8
UV_RESPONSE_UP	entry4_PF_PLT_D3__all_valid	AP2S1
UV_RESPONSE_UP	entry4_PF_PLT_D3__all_valid	PPT1
UV_RESPONSE_UP	entry4_PF_PLT_D3__all_valid	EPHX1
WNT_BETA_CATENIN_SIGNALING	entry4_PF_PLT_D3__all_valid	RBPJ
WNT_BETA_CATENIN_SIGNALING	entry4_PF_PLT_D3__all_valid	NUMB
WNT_BETA_CATENIN_SIGNALING	entry4_PF_PLT_D3__all_valid	MAML1
WNT_BETA_CATENIN_SIGNALING	entry4_PF_PLT_D3__all_valid	ADAM17
WNT_BETA_CATENIN_SIGNALING	entry4_PF_PLT_D3__all_valid	CTNNB1
WNT_BETA_CATENIN_SIGNALING	entry4_PF_PLT_D3__all_valid	JAG1
WNT_BETA_CATENIN_SIGNALING	entry4_PF_PLT_D3__all_valid	FRAT1
WNT_BETA_CATENIN_SIGNALING	entry4_PF_PLT_D3__all_valid	NCSTN
WNT_BETA_CATENIN_SIGNALING	entry4_PF_PLT_D3__all_valid	NOTCH1
WNT_BETA_CATENIN_SIGNALING	entry4_PF_PLT_D3__all_valid	NKD1
XENOBIOTIC_METABOLISM	entry4_PF_PLT_D3__all_valid	UPP1
XENOBIOTIC_METABOLISM	entry4_PF_PLT_D3__all_valid	PGD
XENOBIOTIC_METABOLISM	entry4_PF_PLT_D3__all_valid	ETS2
XENOBIOTIC_METABOLISM	entry4_PF_PLT_D3__all_valid	IL1R1
XENOBIOTIC_METABOLISM	entry4_PF_PLT_D3__all_valid	GSR
XENOBIOTIC_METABOLISM	entry4_PF_PLT_D3__all_valid	POR
XENOBIOTIC_METABOLISM	entry4_PF_PLT_D3__all_valid	DDAH2
XENOBIOTIC_METABOLISM	entry4_PF_PLT_D3__all_valid	ARG1
XENOBIOTIC_METABOLISM	entry4_PF_PLT_D3__all_valid	ALAS1
XENOBIOTIC_METABOLISM	entry4_PF_PLT_D3__all_valid	ACOX1
XENOBIOTIC_METABOLISM	entry4_PF_PLT_D3__all_valid	TPST1
XENOBIOTIC_METABOLISM	entry4_PF_PLT_D3__all_valid	TNFRSF1A
XENOBIOTIC_METABOLISM	entry4_PF_PLT_D3__all_valid	LPIN2
XENOBIOTIC_METABOLISM	entry4_PF_PLT_D3__all_valid	AQP9
XENOBIOTIC_METABOLISM	entry4_PF_PLT_D3__all_valid	MAOA
XENOBIOTIC_METABOLISM	entry4_PF_PLT_D3__all_valid	PINK1
XENOBIOTIC_METABOLISM	entry4_PF_PLT_D3__all_valid	SLC6A6
XENOBIOTIC_METABOLISM	entry4_PF_PLT_D3__all_valid	VNN1
XENOBIOTIC_METABOLISM	entry4_PF_PLT_D3__all_valid	CDA
XENOBIOTIC_METABOLISM	entry4_PF_PLT_D3__all_valid	UPB1
XENOBIOTIC_METABOLISM	entry4_PF_PLT_D3__all_valid	FAS
XENOBIOTIC_METABOLISM	entry4_PF_PLT_D3__all_valid	SERPINE1
XENOBIOTIC_METABOLISM	entry4_PF_PLT_D3__all_valid	ESR1
XENOBIOTIC_METABOLISM	entry4_PF_PLT_D3__all_valid	MARCHF6
XENOBIOTIC_METABOLISM	entry4_PF_PLT_D3__all_valid	SMOX
XENOBIOTIC_METABOLISM	entry4_PF_PLT_D3__all_valid	SLC46A3
XENOBIOTIC_METABOLISM	entry4_PF_PLT_D3__all_valid	ABCC2
XENOBIOTIC_METABOLISM	entry4_PF_PLT_D3__all_valid	GABARAPL1
XENOBIOTIC_METABOLISM	entry4_PF_PLT_D3__all_valid	CA2
XENOBIOTIC_METABOLISM	entry4_PF_PLT_D3__all_valid	SLC22A1
XENOBIOTIC_METABOLISM	entry4_PF_PLT_D3__all_valid	DHRS7
XENOBIOTIC_METABOLISM	entry4_PF_PLT_D3__all_valid	RAP1GAP
XENOBIOTIC_METABOLISM	entry4_PF_PLT_D3__all_valid	ITIH4
XENOBIOTIC_METABOLISM	entry4_PF_PLT_D3__all_valid	NQO1
XENOBIOTIC_METABOLISM	entry4_PF_PLT_D3__all_valid	CYFIP2
XENOBIOTIC_METABOLISM	entry4_PF_PLT_D3__all_valid	CES1
XENOBIOTIC_METABOLISM	entry4_PF_PLT_D3__all_valid	MAN1A1
XENOBIOTIC_METABOLISM	entry4_PF_PLT_D3__all_valid	CSAD
XENOBIOTIC_METABOLISM	entry4_PF_PLT_D3__all_valid	FAH
XENOBIOTIC_METABOLISM	entry4_PF_PLT_D3__all_valid	TMBIM6
XENOBIOTIC_METABOLISM	entry4_PF_PLT_D3__all_valid	ARG2
XENOBIOTIC_METABOLISM	entry4_PF_PLT_D3__all_valid	ALDH2
XENOBIOTIC_METABOLISM	entry4_PF_PLT_D3__all_valid	HES6
ADIPOGENESIS	entry4_PF_PLT_noD3__all_valid	GADD45A
ADIPOGENESIS	entry4_PF_PLT_noD3__all_valid	PFKFB3
ADIPOGENESIS	entry4_PF_PLT_noD3__all_valid	BCL6
ADIPOGENESIS	entry4_PF_PLT_noD3__all_valid	POR
ADIPOGENESIS	entry4_PF_PLT_noD3__all_valid	RTN3
ADIPOGENESIS	entry4_PF_PLT_noD3__all_valid	SQOR
ADIPOGENESIS	entry4_PF_PLT_noD3__all_valid	STOM
ADIPOGENESIS	entry4_PF_PLT_noD3__all_valid	GPAT4
ADIPOGENESIS	entry4_PF_PLT_noD3__all_valid	ACOX1
ADIPOGENESIS	entry4_PF_PLT_noD3__all_valid	IFNGR1
ADIPOGENESIS	entry4_PF_PLT_noD3__all_valid	CCNG2
ADIPOGENESIS	entry4_PF_PLT_noD3__all_valid	ITGA7
ADIPOGENESIS	entry4_PF_PLT_noD3__all_valid	PGM1
ADIPOGENESIS	entry4_PF_PLT_noD3__all_valid	DHCR7
ADIPOGENESIS	entry4_PF_PLT_noD3__all_valid	LPCAT3
ADIPOGENESIS	entry4_PF_PLT_noD3__all_valid	ELMOD3
ADIPOGENESIS	entry4_PF_PLT_noD3__all_valid	TALDO1
ADIPOGENESIS	entry4_PF_PLT_noD3__all_valid	TOB1
ADIPOGENESIS	entry4_PF_PLT_noD3__all_valid	DHRS7B
ADIPOGENESIS	entry4_PF_PLT_noD3__all_valid	ORM1
ADIPOGENESIS	entry4_PF_PLT_noD3__all_valid	CDKN2C
ADIPOGENESIS	entry4_PF_PLT_noD3__all_valid	GBE1
ADIPOGENESIS	entry4_PF_PLT_noD3__all_valid	CD151
ADIPOGENESIS	entry4_PF_PLT_noD3__all_valid	PPM1B
ADIPOGENESIS	entry4_PF_PLT_noD3__all_valid	ALDOA
ADIPOGENESIS	entry4_PF_PLT_noD3__all_valid	PPARG
ADIPOGENESIS	entry4_PF_PLT_noD3__all_valid	DHRS7
ADIPOGENESIS	entry4_PF_PLT_noD3__all_valid	GRPEL1
ADIPOGENESIS	entry4_PF_PLT_noD3__all_valid	CHUK
ADIPOGENESIS	entry4_PF_PLT_noD3__all_valid	TKT
ADIPOGENESIS	entry4_PF_PLT_noD3__all_valid	PIM3
ADIPOGENESIS	entry4_PF_PLT_noD3__all_valid	RETN
ALLOGRAFT_REJECTION	entry4_PF_PLT_noD3__all_valid	RPS3A
ALLOGRAFT_REJECTION	entry4_PF_PLT_noD3__all_valid	HLA-DRA
ALLOGRAFT_REJECTION	entry4_PF_PLT_noD3__all_valid	NPM1
ALLOGRAFT_REJECTION	entry4_PF_PLT_noD3__all_valid	ABCE1
ALLOGRAFT_REJECTION	entry4_PF_PLT_noD3__all_valid	HLA-DMB
ALLOGRAFT_REJECTION	entry4_PF_PLT_noD3__all_valid	ITK
ALLOGRAFT_REJECTION	entry4_PF_PLT_noD3__all_valid	RPL9
ALLOGRAFT_REJECTION	entry4_PF_PLT_noD3__all_valid	HLA-DMA
ALLOGRAFT_REJECTION	entry4_PF_PLT_noD3__all_valid	LY75
ALLOGRAFT_REJECTION	entry4_PF_PLT_noD3__all_valid	EIF3A
ALLOGRAFT_REJECTION	entry4_PF_PLT_noD3__all_valid	CD3D
ALLOGRAFT_REJECTION	entry4_PF_PLT_noD3__all_valid	TRAT1
ALLOGRAFT_REJECTION	entry4_PF_PLT_noD3__all_valid	SIT1
ALLOGRAFT_REJECTION	entry4_PF_PLT_noD3__all_valid	HLA-DOA
ALLOGRAFT_REJECTION	entry4_PF_PLT_noD3__all_valid	CD28
ALLOGRAFT_REJECTION	entry4_PF_PLT_noD3__all_valid	CD3G
ALLOGRAFT_REJECTION	entry4_PF_PLT_noD3__all_valid	CD86
ALLOGRAFT_REJECTION	entry4_PF_PLT_noD3__all_valid	CTSS
ALLOGRAFT_REJECTION	entry4_PF_PLT_noD3__all_valid	CD40LG
ALLOGRAFT_REJECTION	entry4_PF_PLT_noD3__all_valid	CD4
ALLOGRAFT_REJECTION	entry4_PF_PLT_noD3__all_valid	RPL39
ALLOGRAFT_REJECTION	entry4_PF_PLT_noD3__all_valid	EIF3D
ALLOGRAFT_REJECTION	entry4_PF_PLT_noD3__all_valid	ETS1
ALLOGRAFT_REJECTION	entry4_PF_PLT_noD3__all_valid	DARS1
ALLOGRAFT_REJECTION	entry4_PF_PLT_noD3__all_valid	IL7
ALLOGRAFT_REJECTION	entry4_PF_PLT_noD3__all_valid	CD74
ALLOGRAFT_REJECTION	entry4_PF_PLT_noD3__all_valid	LY86
ALLOGRAFT_REJECTION	entry4_PF_PLT_noD3__all_valid	UBE2N
ALLOGRAFT_REJECTION	entry4_PF_PLT_noD3__all_valid	CD8B
ALLOGRAFT_REJECTION	entry4_PF_PLT_noD3__all_valid	LCK
ALLOGRAFT_REJECTION	entry4_PF_PLT_noD3__all_valid	TNF
ALLOGRAFT_REJECTION	entry4_PF_PLT_noD3__all_valid	IRF4
ALLOGRAFT_REJECTION	entry4_PF_PLT_noD3__all_valid	IRF8
ALLOGRAFT_REJECTION	entry4_PF_PLT_noD3__all_valid	HLA-DQA1
ALLOGRAFT_REJECTION	entry4_PF_PLT_noD3__all_valid	CD2
ALLOGRAFT_REJECTION	entry4_PF_PLT_noD3__all_valid	CD8A
ALLOGRAFT_REJECTION	entry4_PF_PLT_noD3__all_valid	FCGR2B
ALLOGRAFT_REJECTION	entry4_PF_PLT_noD3__all_valid	CCND2
ALLOGRAFT_REJECTION	entry4_PF_PLT_noD3__all_valid	CD3E
ALLOGRAFT_REJECTION	entry4_PF_PLT_noD3__all_valid	IL15
ALLOGRAFT_REJECTION	entry4_PF_PLT_noD3__all_valid	CCR2
ALLOGRAFT_REJECTION	entry4_PF_PLT_noD3__all_valid	CD79A
ALLOGRAFT_REJECTION	entry4_PF_PLT_noD3__all_valid	HDAC9
ALLOGRAFT_REJECTION	entry4_PF_PLT_noD3__all_valid	ZAP70
ALLOGRAFT_REJECTION	entry4_PF_PLT_noD3__all_valid	RPS19
ALLOGRAFT_REJECTION	entry4_PF_PLT_noD3__all_valid	CD40
ALLOGRAFT_REJECTION	entry4_PF_PLT_noD3__all_valid	STAT4
ANDROGEN_RESPONSE	entry4_PF_PLT_noD3__all_valid	CCND3
ANDROGEN_RESPONSE	entry4_PF_PLT_noD3__all_valid	CAMKK2
ANDROGEN_RESPONSE	entry4_PF_PLT_noD3__all_valid	NDRG1
ANDROGEN_RESPONSE	entry4_PF_PLT_noD3__all_valid	GSR
ANDROGEN_RESPONSE	entry4_PF_PLT_noD3__all_valid	IDI1
ANDROGEN_RESPONSE	entry4_PF_PLT_noD3__all_valid	HPGD
ANDROGEN_RESPONSE	entry4_PF_PLT_noD3__all_valid	ACTN1
ANDROGEN_RESPONSE	entry4_PF_PLT_noD3__all_valid	MYL12A
ANDROGEN_RESPONSE	entry4_PF_PLT_noD3__all_valid	FKBP5
ANDROGEN_RESPONSE	entry4_PF_PLT_noD3__all_valid	ACSL3
ANDROGEN_RESPONSE	entry4_PF_PLT_noD3__all_valid	UBE2J1
ANDROGEN_RESPONSE	entry4_PF_PLT_noD3__all_valid	PTK2B
ANDROGEN_RESPONSE	entry4_PF_PLT_noD3__all_valid	SLC38A2
ANDROGEN_RESPONSE	entry4_PF_PLT_noD3__all_valid	RPS6KA3
ANDROGEN_RESPONSE	entry4_PF_PLT_noD3__all_valid	MERTK
ANDROGEN_RESPONSE	entry4_PF_PLT_noD3__all_valid	HERC3
ANDROGEN_RESPONSE	entry4_PF_PLT_noD3__all_valid	MAK
ANDROGEN_RESPONSE	entry4_PF_PLT_noD3__all_valid	VAPA
ANDROGEN_RESPONSE	entry4_PF_PLT_noD3__all_valid	IQGAP2
ANDROGEN_RESPONSE	entry4_PF_PLT_noD3__all_valid	GNAI3
ANDROGEN_RESPONSE	entry4_PF_PLT_noD3__all_valid	B4GALT1
ANDROGEN_RESPONSE	entry4_PF_PLT_noD3__all_valid	ARID5B
ANDROGEN_RESPONSE	entry4_PF_PLT_noD3__all_valid	SRF
ANGIOGENESIS	entry4_PF_PLT_noD3__all_valid	LRPAP1
ANGIOGENESIS	entry4_PF_PLT_noD3__all_valid	PGLYRP1
ANGIOGENESIS	entry4_PF_PLT_noD3__all_valid	JAG1
ANGIOGENESIS	entry4_PF_PLT_noD3__all_valid	APP
ANGIOGENESIS	entry4_PF_PLT_noD3__all_valid	S100A4
ANGIOGENESIS	entry4_PF_PLT_noD3__all_valid	PF4
ANGIOGENESIS	entry4_PF_PLT_noD3__all_valid	FSTL1
ANGIOGENESIS	entry4_PF_PLT_noD3__all_valid	TIMP1
ANGIOGENESIS	entry4_PF_PLT_noD3__all_valid	FGFR1
APICAL_JUNCTION	entry4_PF_PLT_noD3__all_valid	MAPK14
APICAL_JUNCTION	entry4_PF_PLT_noD3__all_valid	SIRPA
APICAL_JUNCTION	entry4_PF_PLT_noD3__all_valid	ADAM9
APICAL_JUNCTION	entry4_PF_PLT_noD3__all_valid	MMP9
APICAL_JUNCTION	entry4_PF_PLT_noD3__all_valid	CAP1
APICAL_JUNCTION	entry4_PF_PLT_noD3__all_valid	SKAP2
APICAL_JUNCTION	entry4_PF_PLT_noD3__all_valid	ACTN1
APICAL_JUNCTION	entry4_PF_PLT_noD3__all_valid	PTEN
APICAL_JUNCTION	entry4_PF_PLT_noD3__all_valid	ALOX15B
APICAL_JUNCTION	entry4_PF_PLT_noD3__all_valid	PIK3CB
APICAL_JUNCTION	entry4_PF_PLT_noD3__all_valid	VASP
APICAL_JUNCTION	entry4_PF_PLT_noD3__all_valid	RAC2
APICAL_JUNCTION	entry4_PF_PLT_noD3__all_valid	SYK
APICAL_JUNCTION	entry4_PF_PLT_noD3__all_valid	COL17A1
APICAL_JUNCTION	entry4_PF_PLT_noD3__all_valid	CD274
APICAL_JUNCTION	entry4_PF_PLT_noD3__all_valid	ACTB
APICAL_JUNCTION	entry4_PF_PLT_noD3__all_valid	CNN2
APICAL_JUNCTION	entry4_PF_PLT_noD3__all_valid	MAPK13
APICAL_JUNCTION	entry4_PF_PLT_noD3__all_valid	MAP3K20
APICAL_JUNCTION	entry4_PF_PLT_noD3__all_valid	NF1
APICAL_JUNCTION	entry4_PF_PLT_noD3__all_valid	CTNNA1
APICAL_JUNCTION	entry4_PF_PLT_noD3__all_valid	IKBKG
APICAL_JUNCTION	entry4_PF_PLT_noD3__all_valid	B4GALT1
APICAL_JUNCTION	entry4_PF_PLT_noD3__all_valid	ZYX
APICAL_JUNCTION	entry4_PF_PLT_noD3__all_valid	ARPC2
APICAL_JUNCTION	entry4_PF_PLT_noD3__all_valid	MSN
APICAL_JUNCTION	entry4_PF_PLT_noD3__all_valid	RASA1
APICAL_JUNCTION	entry4_PF_PLT_noD3__all_valid	MYH9
APICAL_JUNCTION	entry4_PF_PLT_noD3__all_valid	THBS3
APICAL_JUNCTION	entry4_PF_PLT_noD3__all_valid	ICAM5
APICAL_JUNCTION	entry4_PF_PLT_noD3__all_valid	PTPRC
APICAL_JUNCTION	entry4_PF_PLT_noD3__all_valid	ICAM1
APICAL_JUNCTION	entry4_PF_PLT_noD3__all_valid	ITGA10
APICAL_JUNCTION	entry4_PF_PLT_noD3__all_valid	FYB1
APICAL_JUNCTION	entry4_PF_PLT_noD3__all_valid	GNAI2
APICAL_JUNCTION	entry4_PF_PLT_noD3__all_valid	PFN1
APICAL_JUNCTION	entry4_PF_PLT_noD3__all_valid	YWHAH
APICAL_JUNCTION	entry4_PF_PLT_noD3__all_valid	NECTIN2
APICAL_JUNCTION	entry4_PF_PLT_noD3__all_valid	RSU1
APICAL_JUNCTION	entry4_PF_PLT_noD3__all_valid	INPPL1
APICAL_JUNCTION	entry4_PF_PLT_noD3__all_valid	MYL12B
APICAL_JUNCTION	entry4_PF_PLT_noD3__all_valid	VCL
APICAL_JUNCTION	entry4_PF_PLT_noD3__all_valid	MYH10
APICAL_JUNCTION	entry4_PF_PLT_noD3__all_valid	TUBG1
APICAL_SURFACE	entry4_PF_PLT_noD3__all_valid	FLOT2
APICAL_SURFACE	entry4_PF_PLT_noD3__all_valid	LYN
APICAL_SURFACE	entry4_PF_PLT_noD3__all_valid	PCSK9
APICAL_SURFACE	entry4_PF_PLT_noD3__all_valid	CRYBG1
APICAL_SURFACE	entry4_PF_PLT_noD3__all_valid	B4GALT1
APICAL_SURFACE	entry4_PF_PLT_noD3__all_valid	APP
APICAL_SURFACE	entry4_PF_PLT_noD3__all_valid	NCOA6
APICAL_SURFACE	entry4_PF_PLT_noD3__all_valid	IL2RG
APICAL_SURFACE	entry4_PF_PLT_noD3__all_valid	BRCA1
APICAL_SURFACE	entry4_PF_PLT_noD3__all_valid	SLC2A4
APICAL_SURFACE	entry4_PF_PLT_noD3__all_valid	HSPB1
APICAL_SURFACE	entry4_PF_PLT_noD3__all_valid	ADIPOR2
APICAL_SURFACE	entry4_PF_PLT_noD3__all_valid	DCBLD2
APOPTOSIS	entry4_PF_PLT_noD3__all_valid	GADD45A
APOPTOSIS	entry4_PF_PLT_noD3__all_valid	GSR
APOPTOSIS	entry4_PF_PLT_noD3__all_valid	CFLAR
APOPTOSIS	entry4_PF_PLT_noD3__all_valid	TIMP2
APOPTOSIS	entry4_PF_PLT_noD3__all_valid	HGF
APOPTOSIS	entry4_PF_PLT_noD3__all_valid	GSN
APOPTOSIS	entry4_PF_PLT_noD3__all_valid	ADD1
APOPTOSIS	entry4_PF_PLT_noD3__all_valid	IFNGR1
APOPTOSIS	entry4_PF_PLT_noD3__all_valid	CCNA1
APOPTOSIS	entry4_PF_PLT_noD3__all_valid	RNASEL
APOPTOSIS	entry4_PF_PLT_noD3__all_valid	RARA
APOPTOSIS	entry4_PF_PLT_noD3__all_valid	ROCK1
APOPTOSIS	entry4_PF_PLT_noD3__all_valid	TSPO
APOPTOSIS	entry4_PF_PLT_noD3__all_valid	PSEN1
APOPTOSIS	entry4_PF_PLT_noD3__all_valid	CD44
APOPTOSIS	entry4_PF_PLT_noD3__all_valid	FAS
APOPTOSIS	entry4_PF_PLT_noD3__all_valid	IGF2R
APOPTOSIS	entry4_PF_PLT_noD3__all_valid	IFITM3
APOPTOSIS	entry4_PF_PLT_noD3__all_valid	PPP2R5B
APOPTOSIS	entry4_PF_PLT_noD3__all_valid	GADD45B
APOPTOSIS	entry4_PF_PLT_noD3__all_valid	CLU
APOPTOSIS	entry4_PF_PLT_noD3__all_valid	HMGB2
APOPTOSIS	entry4_PF_PLT_noD3__all_valid	XIAP
APOPTOSIS	entry4_PF_PLT_noD3__all_valid	IER3
APOPTOSIS	entry4_PF_PLT_noD3__all_valid	CTNNB1
APOPTOSIS	entry4_PF_PLT_noD3__all_valid	BCAP31
APOPTOSIS	entry4_PF_PLT_noD3__all_valid	CDKN1B
APOPTOSIS	entry4_PF_PLT_noD3__all_valid	CREBBP
APOPTOSIS	entry4_PF_PLT_noD3__all_valid	CASP4
APOPTOSIS	entry4_PF_PLT_noD3__all_valid	EMP1
APOPTOSIS	entry4_PF_PLT_noD3__all_valid	DNAJC3
APOPTOSIS	entry4_PF_PLT_noD3__all_valid	TAP1
APOPTOSIS	entry4_PF_PLT_noD3__all_valid	DPYD
APOPTOSIS	entry4_PF_PLT_noD3__all_valid	NEDD9
APOPTOSIS	entry4_PF_PLT_noD3__all_valid	ANXA1
APOPTOSIS	entry4_PF_PLT_noD3__all_valid	GNA15
APOPTOSIS	entry4_PF_PLT_noD3__all_valid	CASP2
APOPTOSIS	entry4_PF_PLT_noD3__all_valid	CASP9
APOPTOSIS	entry4_PF_PLT_noD3__all_valid	PPP3R1
APOPTOSIS	entry4_PF_PLT_noD3__all_valid	APP
APOPTOSIS	entry4_PF_PLT_noD3__all_valid	IRF1
APOPTOSIS	entry4_PF_PLT_noD3__all_valid	TNFSF10
APOPTOSIS	entry4_PF_PLT_noD3__all_valid	CTH
APOPTOSIS	entry4_PF_PLT_noD3__all_valid	F2R
APOPTOSIS	entry4_PF_PLT_noD3__all_valid	GCH1
BILE_ACID_METABOLISM	entry4_PF_PLT_noD3__all_valid	GCLM
BILE_ACID_METABOLISM	entry4_PF_PLT_noD3__all_valid	ACSL1
BILE_ACID_METABOLISM	entry4_PF_PLT_noD3__all_valid	PECR
BILE_ACID_METABOLISM	entry4_PF_PLT_noD3__all_valid	IDI1
BILE_ACID_METABOLISM	entry4_PF_PLT_noD3__all_valid	ATXN1
BILE_ACID_METABOLISM	entry4_PF_PLT_noD3__all_valid	AQP9
BILE_ACID_METABOLISM	entry4_PF_PLT_noD3__all_valid	SULT1B1
BILE_ACID_METABOLISM	entry4_PF_PLT_noD3__all_valid	ABCA2
BILE_ACID_METABOLISM	entry4_PF_PLT_noD3__all_valid	NEDD4
BILE_ACID_METABOLISM	entry4_PF_PLT_noD3__all_valid	RXRA
BILE_ACID_METABOLISM	entry4_PF_PLT_noD3__all_valid	HSD3B7
CHOLESTEROL_HOMEOSTASIS	entry4_PF_PLT_noD3__all_valid	NFIL3
CHOLESTEROL_HOMEOSTASIS	entry4_PF_PLT_noD3__all_valid	PLSCR1
CHOLESTEROL_HOMEOSTASIS	entry4_PF_PLT_noD3__all_valid	IDI1
CHOLESTEROL_HOMEOSTASIS	entry4_PF_PLT_noD3__all_valid	NIBAN1
CHOLESTEROL_HOMEOSTASIS	entry4_PF_PLT_noD3__all_valid	ALCAM
CHOLESTEROL_HOMEOSTASIS	entry4_PF_PLT_noD3__all_valid	PDK3
CHOLESTEROL_HOMEOSTASIS	entry4_PF_PLT_noD3__all_valid	LDLR
CHOLESTEROL_HOMEOSTASIS	entry4_PF_PLT_noD3__all_valid	ABCA2
CHOLESTEROL_HOMEOSTASIS	entry4_PF_PLT_noD3__all_valid	DHCR7
CHOLESTEROL_HOMEOSTASIS	entry4_PF_PLT_noD3__all_valid	ANTXR2
CHOLESTEROL_HOMEOSTASIS	entry4_PF_PLT_noD3__all_valid	CHKA
CHOLESTEROL_HOMEOSTASIS	entry4_PF_PLT_noD3__all_valid	ACSS2
CHOLESTEROL_HOMEOSTASIS	entry4_PF_PLT_noD3__all_valid	PNRC1
CHOLESTEROL_HOMEOSTASIS	entry4_PF_PLT_noD3__all_valid	CLU
CHOLESTEROL_HOMEOSTASIS	entry4_PF_PLT_noD3__all_valid	FBXO6
CHOLESTEROL_HOMEOSTASIS	entry4_PF_PLT_noD3__all_valid	CTNNB1
CHOLESTEROL_HOMEOSTASIS	entry4_PF_PLT_noD3__all_valid	PPARG
CHOLESTEROL_HOMEOSTASIS	entry4_PF_PLT_noD3__all_valid	JAG1
CHOLESTEROL_HOMEOSTASIS	entry4_PF_PLT_noD3__all_valid	S100A11
CHOLESTEROL_HOMEOSTASIS	entry4_PF_PLT_noD3__all_valid	STX5
COAGULATION	entry4_PF_PLT_noD3__all_valid	ADAM9
COAGULATION	entry4_PF_PLT_noD3__all_valid	MMP9
COAGULATION	entry4_PF_PLT_noD3__all_valid	FURIN
COAGULATION	entry4_PF_PLT_noD3__all_valid	GSN
COAGULATION	entry4_PF_PLT_noD3__all_valid	SERPINA1
COAGULATION	entry4_PF_PLT_noD3__all_valid	KLF7
COAGULATION	entry4_PF_PLT_noD3__all_valid	RAC1
COAGULATION	entry4_PF_PLT_noD3__all_valid	RABIF
COAGULATION	entry4_PF_PLT_noD3__all_valid	WDR1
COAGULATION	entry4_PF_PLT_noD3__all_valid	SERPINE1
COAGULATION	entry4_PF_PLT_noD3__all_valid	MMP8
COAGULATION	entry4_PF_PLT_noD3__all_valid	CLU
COAGULATION	entry4_PF_PLT_noD3__all_valid	THBS1
COAGULATION	entry4_PF_PLT_noD3__all_valid	F12
COAGULATION	entry4_PF_PLT_noD3__all_valid	GNB2
COAGULATION	entry4_PF_PLT_noD3__all_valid	F2RL2
COAGULATION	entry4_PF_PLT_noD3__all_valid	LAMP2
COAGULATION	entry4_PF_PLT_noD3__all_valid	ANXA1
COAGULATION	entry4_PF_PLT_noD3__all_valid	CASP9
COAGULATION	entry4_PF_PLT_noD3__all_valid	C1R
COAGULATION	entry4_PF_PLT_noD3__all_valid	PLEK
COAGULATION	entry4_PF_PLT_noD3__all_valid	CTSK
COAGULATION	entry4_PF_PLT_noD3__all_valid	F8
COAGULATION	entry4_PF_PLT_noD3__all_valid	ITGB3
COAGULATION	entry4_PF_PLT_noD3__all_valid	PEF1
COAGULATION	entry4_PF_PLT_noD3__all_valid	MSRB2
COAGULATION	entry4_PF_PLT_noD3__all_valid	PF4
COAGULATION	entry4_PF_PLT_noD3__all_valid	HPN
COAGULATION	entry4_PF_PLT_noD3__all_valid	P2RY1
COAGULATION	entry4_PF_PLT_noD3__all_valid	TIMP1
COAGULATION	entry4_PF_PLT_noD3__all_valid	CTSB
COAGULATION	entry4_PF_PLT_noD3__all_valid	GP1BA
COAGULATION	entry4_PF_PLT_noD3__all_valid	PLAU
COAGULATION	entry4_PF_PLT_noD3__all_valid	SPARC
COMPLEMENT	entry4_PF_PLT_noD3__all_valid	ITGAM
COMPLEMENT	entry4_PF_PLT_noD3__all_valid	ADAM9
COMPLEMENT	entry4_PF_PLT_noD3__all_valid	PLSCR1
COMPLEMENT	entry4_PF_PLT_noD3__all_valid	GCA
COMPLEMENT	entry4_PF_PLT_noD3__all_valid	HSPA1A
COMPLEMENT	entry4_PF_PLT_noD3__all_valid	PRKCD
COMPLEMENT	entry4_PF_PLT_noD3__all_valid	TIMP2
COMPLEMENT	entry4_PF_PLT_noD3__all_valid	CR1
COMPLEMENT	entry4_PF_PLT_noD3__all_valid	S100A12
COMPLEMENT	entry4_PF_PLT_noD3__all_valid	LYN
COMPLEMENT	entry4_PF_PLT_noD3__all_valid	PCSK9
COMPLEMENT	entry4_PF_PLT_noD3__all_valid	RHOG
COMPLEMENT	entry4_PF_PLT_noD3__all_valid	CD59
COMPLEMENT	entry4_PF_PLT_noD3__all_valid	PIK3CG
COMPLEMENT	entry4_PF_PLT_noD3__all_valid	MSRB1
COMPLEMENT	entry4_PF_PLT_noD3__all_valid	SERPINA1
COMPLEMENT	entry4_PF_PLT_noD3__all_valid	PIM1
COMPLEMENT	entry4_PF_PLT_noD3__all_valid	DGKH
COMPLEMENT	entry4_PF_PLT_noD3__all_valid	CD55
COMPLEMENT	entry4_PF_PLT_noD3__all_valid	JAK2
COMPLEMENT	entry4_PF_PLT_noD3__all_valid	RABIF
COMPLEMENT	entry4_PF_PLT_noD3__all_valid	LCP2
COMPLEMENT	entry4_PF_PLT_noD3__all_valid	CDA
COMPLEMENT	entry4_PF_PLT_noD3__all_valid	EHD1
COMPLEMENT	entry4_PF_PLT_noD3__all_valid	S100A9
COMPLEMENT	entry4_PF_PLT_noD3__all_valid	PSEN1
COMPLEMENT	entry4_PF_PLT_noD3__all_valid	SERPINE1
COMPLEMENT	entry4_PF_PLT_noD3__all_valid	IRF2
COMPLEMENT	entry4_PF_PLT_noD3__all_valid	MMP8
COMPLEMENT	entry4_PF_PLT_noD3__all_valid	CDK5R1
COMPLEMENT	entry4_PF_PLT_noD3__all_valid	F5
COMPLEMENT	entry4_PF_PLT_noD3__all_valid	PIK3CA
COMPLEMENT	entry4_PF_PLT_noD3__all_valid	CLU
COMPLEMENT	entry4_PF_PLT_noD3__all_valid	COL4A2
COMPLEMENT	entry4_PF_PLT_noD3__all_valid	GRB2
COMPLEMENT	entry4_PF_PLT_noD3__all_valid	VCPIP1
COMPLEMENT	entry4_PF_PLT_noD3__all_valid	TNFAIP3
COMPLEMENT	entry4_PF_PLT_noD3__all_valid	CEBPB
COMPLEMENT	entry4_PF_PLT_noD3__all_valid	GNB2
COMPLEMENT	entry4_PF_PLT_noD3__all_valid	AKAP10
COMPLEMENT	entry4_PF_PLT_noD3__all_valid	RAF1
COMPLEMENT	entry4_PF_PLT_noD3__all_valid	GNAI3
COMPLEMENT	entry4_PF_PLT_noD3__all_valid	PRSS36
COMPLEMENT	entry4_PF_PLT_noD3__all_valid	LAMP2
COMPLEMENT	entry4_PF_PLT_noD3__all_valid	CASP4
COMPLEMENT	entry4_PF_PLT_noD3__all_valid	USP15
COMPLEMENT	entry4_PF_PLT_noD3__all_valid	CA2
COMPLEMENT	entry4_PF_PLT_noD3__all_valid	CTSD
COMPLEMENT	entry4_PF_PLT_noD3__all_valid	PIK3R5
COMPLEMENT	entry4_PF_PLT_noD3__all_valid	CASP9
COMPLEMENT	entry4_PF_PLT_noD3__all_valid	C1R
COMPLEMENT	entry4_PF_PLT_noD3__all_valid	GNAI2
COMPLEMENT	entry4_PF_PLT_noD3__all_valid	PFN1
COMPLEMENT	entry4_PF_PLT_noD3__all_valid	IRF1
COMPLEMENT	entry4_PF_PLT_noD3__all_valid	PLEK
COMPLEMENT	entry4_PF_PLT_noD3__all_valid	F8
COMPLEMENT	entry4_PF_PLT_noD3__all_valid	IRF7
COMPLEMENT	entry4_PF_PLT_noD3__all_valid	FCER1G
COMPLEMENT	entry4_PF_PLT_noD3__all_valid	PPP4C
COMPLEMENT	entry4_PF_PLT_noD3__all_valid	USP8
COMPLEMENT	entry4_PF_PLT_noD3__all_valid	BRPF3
COMPLEMENT	entry4_PF_PLT_noD3__all_valid	CXCL1
COMPLEMENT	entry4_PF_PLT_noD3__all_valid	TIMP1
COMPLEMENT	entry4_PF_PLT_noD3__all_valid	CTSB
COMPLEMENT	entry4_PF_PLT_noD3__all_valid	GP1BA
COMPLEMENT	entry4_PF_PLT_noD3__all_valid	CPM
COMPLEMENT	entry4_PF_PLT_noD3__all_valid	WAS
COMPLEMENT	entry4_PF_PLT_noD3__all_valid	SIRT6
DNA_REPAIR	entry4_PF_PLT_noD3__all_valid	GTF2H3
DNA_REPAIR	entry4_PF_PLT_noD3__all_valid	RNMT
DNA_REPAIR	entry4_PF_PLT_noD3__all_valid	GTF2H1
DNA_REPAIR	entry4_PF_PLT_noD3__all_valid	ERCC8
DNA_REPAIR	entry4_PF_PLT_noD3__all_valid	NELFCD
DNA_REPAIR	entry4_PF_PLT_noD3__all_valid	ADA
DNA_REPAIR	entry4_PF_PLT_noD3__all_valid	NUDT21
DNA_REPAIR	entry4_PF_PLT_noD3__all_valid	SRSF6
DNA_REPAIR	entry4_PF_PLT_noD3__all_valid	ERCC3
DNA_REPAIR	entry4_PF_PLT_noD3__all_valid	SF3A3
DNA_REPAIR	entry4_PF_PLT_noD3__all_valid	MRPL40
DNA_REPAIR	entry4_PF_PLT_noD3__all_valid	NFX1
DNA_REPAIR	entry4_PF_PLT_noD3__all_valid	NCBP2
DNA_REPAIR	entry4_PF_PLT_noD3__all_valid	ERCC4
DNA_REPAIR	entry4_PF_PLT_noD3__all_valid	POLR2D
DNA_REPAIR	entry4_PF_PLT_noD3__all_valid	EDF1
DNA_REPAIR	entry4_PF_PLT_noD3__all_valid	POLR1C
DNA_REPAIR	entry4_PF_PLT_noD3__all_valid	LIG1
DNA_REPAIR	entry4_PF_PLT_noD3__all_valid	IMPDH2
DNA_REPAIR	entry4_PF_PLT_noD3__all_valid	UMPS
DNA_REPAIR	entry4_PF_PLT_noD3__all_valid	TP53
DNA_REPAIR	entry4_PF_PLT_noD3__all_valid	POLR1H
DNA_REPAIR	entry4_PF_PLT_noD3__all_valid	RFC3
DNA_REPAIR	entry4_PF_PLT_noD3__all_valid	ERCC5
DNA_REPAIR	entry4_PF_PLT_noD3__all_valid	AAAS
DNA_REPAIR	entry4_PF_PLT_noD3__all_valid	ITPA
DNA_REPAIR	entry4_PF_PLT_noD3__all_valid	APRT
DNA_REPAIR	entry4_PF_PLT_noD3__all_valid	DUT
DNA_REPAIR	entry4_PF_PLT_noD3__all_valid	POLR2K
DNA_REPAIR	entry4_PF_PLT_noD3__all_valid	TAF9
DNA_REPAIR	entry4_PF_PLT_noD3__all_valid	DDB2
DNA_REPAIR	entry4_PF_PLT_noD3__all_valid	NME3
DNA_REPAIR	entry4_PF_PLT_noD3__all_valid	POLR2C
DNA_REPAIR	entry4_PF_PLT_noD3__all_valid	SSRP1
DNA_REPAIR	entry4_PF_PLT_noD3__all_valid	AK3
DNA_REPAIR	entry4_PF_PLT_noD3__all_valid	RPA3
DNA_REPAIR	entry4_PF_PLT_noD3__all_valid	NME1
DNA_REPAIR	entry4_PF_PLT_noD3__all_valid	RFC4
DNA_REPAIR	entry4_PF_PLT_noD3__all_valid	PCNA
DNA_REPAIR	entry4_PF_PLT_noD3__all_valid	GTF2A2
DNA_REPAIR	entry4_PF_PLT_noD3__all_valid	REV3L
DNA_REPAIR	entry4_PF_PLT_noD3__all_valid	POLB
DNA_REPAIR	entry4_PF_PLT_noD3__all_valid	SNAPC5
DNA_REPAIR	entry4_PF_PLT_noD3__all_valid	SEC61A1
DNA_REPAIR	entry4_PF_PLT_noD3__all_valid	TARBP2
DNA_REPAIR	entry4_PF_PLT_noD3__all_valid	DDB1
DNA_REPAIR	entry4_PF_PLT_noD3__all_valid	GSDME
DNA_REPAIR	entry4_PF_PLT_noD3__all_valid	GTF2H5
DNA_REPAIR	entry4_PF_PLT_noD3__all_valid	PDE4B
DNA_REPAIR	entry4_PF_PLT_noD3__all_valid	POLR2H
DNA_REPAIR	entry4_PF_PLT_noD3__all_valid	ELOA
DNA_REPAIR	entry4_PF_PLT_noD3__all_valid	TAF1C
DNA_REPAIR	entry4_PF_PLT_noD3__all_valid	RFC5
DNA_REPAIR	entry4_PF_PLT_noD3__all_valid	TMED2
DNA_REPAIR	entry4_PF_PLT_noD3__all_valid	RAD52
DNA_REPAIR	entry4_PF_PLT_noD3__all_valid	GTF2F1
DNA_REPAIR	entry4_PF_PLT_noD3__all_valid	NELFE
DNA_REPAIR	entry4_PF_PLT_noD3__all_valid	POLR3C
E2F_TARGETS	entry4_PF_PLT_noD3__all_valid	SYNCRIP
E2F_TARGETS	entry4_PF_PLT_noD3__all_valid	EED
E2F_TARGETS	entry4_PF_PLT_noD3__all_valid	MYC
E2F_TARGETS	entry4_PF_PLT_noD3__all_valid	RAN
E2F_TARGETS	entry4_PF_PLT_noD3__all_valid	MAD2L1
E2F_TARGETS	entry4_PF_PLT_noD3__all_valid	CNOT9
E2F_TARGETS	entry4_PF_PLT_noD3__all_valid	PMS2
E2F_TARGETS	entry4_PF_PLT_noD3__all_valid	NOP56
E2F_TARGETS	entry4_PF_PLT_noD3__all_valid	AK2
E2F_TARGETS	entry4_PF_PLT_noD3__all_valid	PPP1R8
E2F_TARGETS	entry4_PF_PLT_noD3__all_valid	PAICS
E2F_TARGETS	entry4_PF_PLT_noD3__all_valid	NUDT21
E2F_TARGETS	entry4_PF_PLT_noD3__all_valid	RAD50
E2F_TARGETS	entry4_PF_PLT_noD3__all_valid	PHF5A
E2F_TARGETS	entry4_PF_PLT_noD3__all_valid	HNRNPD
E2F_TARGETS	entry4_PF_PLT_noD3__all_valid	ASF1A
E2F_TARGETS	entry4_PF_PLT_noD3__all_valid	KIF22
E2F_TARGETS	entry4_PF_PLT_noD3__all_valid	STMN1
E2F_TARGETS	entry4_PF_PLT_noD3__all_valid	CDC25B
E2F_TARGETS	entry4_PF_PLT_noD3__all_valid	IPO7
E2F_TARGETS	entry4_PF_PLT_noD3__all_valid	TMPO
E2F_TARGETS	entry4_PF_PLT_noD3__all_valid	LIG1
E2F_TARGETS	entry4_PF_PLT_noD3__all_valid	WDR90
E2F_TARGETS	entry4_PF_PLT_noD3__all_valid	EIF2S1
E2F_TARGETS	entry4_PF_PLT_noD3__all_valid	TP53
E2F_TARGETS	entry4_PF_PLT_noD3__all_valid	RFC3
E2F_TARGETS	entry4_PF_PLT_noD3__all_valid	PAN2
E2F_TARGETS	entry4_PF_PLT_noD3__all_valid	MRE11
E2F_TARGETS	entry4_PF_PLT_noD3__all_valid	DCTPP1
E2F_TARGETS	entry4_PF_PLT_noD3__all_valid	DNMT1
E2F_TARGETS	entry4_PF_PLT_noD3__all_valid	MLH1
E2F_TARGETS	entry4_PF_PLT_noD3__all_valid	DUT
E2F_TARGETS	entry4_PF_PLT_noD3__all_valid	RAD1
E2F_TARGETS	entry4_PF_PLT_noD3__all_valid	ILF3
E2F_TARGETS	entry4_PF_PLT_noD3__all_valid	CDK4
E2F_TARGETS	entry4_PF_PLT_noD3__all_valid	NUP205
E2F_TARGETS	entry4_PF_PLT_noD3__all_valid	CTPS1
E2F_TARGETS	entry4_PF_PLT_noD3__all_valid	PRDX4
E2F_TARGETS	entry4_PF_PLT_noD3__all_valid	CSE1L
E2F_TARGETS	entry4_PF_PLT_noD3__all_valid	SSRP1
E2F_TARGETS	entry4_PF_PLT_noD3__all_valid	RBBP7
E2F_TARGETS	entry4_PF_PLT_noD3__all_valid	RPA3
E2F_TARGETS	entry4_PF_PLT_noD3__all_valid	SLBP
E2F_TARGETS	entry4_PF_PLT_noD3__all_valid	MCM3
E2F_TARGETS	entry4_PF_PLT_noD3__all_valid	NME1
E2F_TARGETS	entry4_PF_PLT_noD3__all_valid	NOLC1
E2F_TARGETS	entry4_PF_PLT_noD3__all_valid	RANBP1
E2F_TARGETS	entry4_PF_PLT_noD3__all_valid	CBX5
E2F_TARGETS	entry4_PF_PLT_noD3__all_valid	CCNE1
E2F_TARGETS	entry4_PF_PLT_noD3__all_valid	SMC1A
E2F_TARGETS	entry4_PF_PLT_noD3__all_valid	SMC3
E2F_TARGETS	entry4_PF_PLT_noD3__all_valid	RFC1
E2F_TARGETS	entry4_PF_PLT_noD3__all_valid	PCNA
E2F_TARGETS	entry4_PF_PLT_noD3__all_valid	UBE2T
E2F_TARGETS	entry4_PF_PLT_noD3__all_valid	RPA1
E2F_TARGETS	entry4_PF_PLT_noD3__all_valid	NUP107
E2F_TARGETS	entry4_PF_PLT_noD3__all_valid	CENPM
E2F_TARGETS	entry4_PF_PLT_noD3__all_valid	MCM5
E2F_TARGETS	entry4_PF_PLT_noD3__all_valid	SRSF1
E2F_TARGETS	entry4_PF_PLT_noD3__all_valid	ZW10
E2F_TARGETS	entry4_PF_PLT_noD3__all_valid	MSH2
E2F_TARGETS	entry4_PF_PLT_noD3__all_valid	SRSF2
E2F_TARGETS	entry4_PF_PLT_noD3__all_valid	HELLS
E2F_TARGETS	entry4_PF_PLT_noD3__all_valid	CDKN2A
E2F_TARGETS	entry4_PF_PLT_noD3__all_valid	XRCC6
E2F_TARGETS	entry4_PF_PLT_noD3__all_valid	TBRG4
E2F_TARGETS	entry4_PF_PLT_noD3__all_valid	NAP1L1
E2F_TARGETS	entry4_PF_PLT_noD3__all_valid	POLD2
EPITHELIAL_MESENCHYMAL_TRANSITION	entry4_PF_PLT_noD3__all_valid	GADD45A
EPITHELIAL_MESENCHYMAL_TRANSITION	entry4_PF_PLT_noD3__all_valid	BASP1
EPITHELIAL_MESENCHYMAL_TRANSITION	entry4_PF_PLT_noD3__all_valid	PCOLCE2
EPITHELIAL_MESENCHYMAL_TRANSITION	entry4_PF_PLT_noD3__all_valid	CD59
EPITHELIAL_MESENCHYMAL_TRANSITION	entry4_PF_PLT_noD3__all_valid	FBN2
EPITHELIAL_MESENCHYMAL_TRANSITION	entry4_PF_PLT_noD3__all_valid	QSOX1
EPITHELIAL_MESENCHYMAL_TRANSITION	entry4_PF_PLT_noD3__all_valid	CAPG
EPITHELIAL_MESENCHYMAL_TRANSITION	entry4_PF_PLT_noD3__all_valid	SERPINE1
EPITHELIAL_MESENCHYMAL_TRANSITION	entry4_PF_PLT_noD3__all_valid	CD44
EPITHELIAL_MESENCHYMAL_TRANSITION	entry4_PF_PLT_noD3__all_valid	FAS
EPITHELIAL_MESENCHYMAL_TRANSITION	entry4_PF_PLT_noD3__all_valid	EFEMP2
EPITHELIAL_MESENCHYMAL_TRANSITION	entry4_PF_PLT_noD3__all_valid	TPM1
EPITHELIAL_MESENCHYMAL_TRANSITION	entry4_PF_PLT_noD3__all_valid	GADD45B
EPITHELIAL_MESENCHYMAL_TRANSITION	entry4_PF_PLT_noD3__all_valid	TGFB1
EPITHELIAL_MESENCHYMAL_TRANSITION	entry4_PF_PLT_noD3__all_valid	COLGALT1
EPITHELIAL_MESENCHYMAL_TRANSITION	entry4_PF_PLT_noD3__all_valid	COL4A2
EPITHELIAL_MESENCHYMAL_TRANSITION	entry4_PF_PLT_noD3__all_valid	LOXL1
EPITHELIAL_MESENCHYMAL_TRANSITION	entry4_PF_PLT_noD3__all_valid	THBS1
EPITHELIAL_MESENCHYMAL_TRANSITION	entry4_PF_PLT_noD3__all_valid	TNFAIP3
EPITHELIAL_MESENCHYMAL_TRANSITION	entry4_PF_PLT_noD3__all_valid	AREG
EPITHELIAL_MESENCHYMAL_TRANSITION	entry4_PF_PLT_noD3__all_valid	COL6A3
EPITHELIAL_MESENCHYMAL_TRANSITION	entry4_PF_PLT_noD3__all_valid	PFN2
EPITHELIAL_MESENCHYMAL_TRANSITION	entry4_PF_PLT_noD3__all_valid	VIM
EPITHELIAL_MESENCHYMAL_TRANSITION	entry4_PF_PLT_noD3__all_valid	NOTCH2
EPITHELIAL_MESENCHYMAL_TRANSITION	entry4_PF_PLT_noD3__all_valid	PLOD1
EPITHELIAL_MESENCHYMAL_TRANSITION	entry4_PF_PLT_noD3__all_valid	COPA
EPITHELIAL_MESENCHYMAL_TRANSITION	entry4_PF_PLT_noD3__all_valid	COL7A1
EPITHELIAL_MESENCHYMAL_TRANSITION	entry4_PF_PLT_noD3__all_valid	ITGB3
EPITHELIAL_MESENCHYMAL_TRANSITION	entry4_PF_PLT_noD3__all_valid	PDLIM4
EPITHELIAL_MESENCHYMAL_TRANSITION	entry4_PF_PLT_noD3__all_valid	CXCL1
EPITHELIAL_MESENCHYMAL_TRANSITION	entry4_PF_PLT_noD3__all_valid	SFRP4
EPITHELIAL_MESENCHYMAL_TRANSITION	entry4_PF_PLT_noD3__all_valid	TPM4
EPITHELIAL_MESENCHYMAL_TRANSITION	entry4_PF_PLT_noD3__all_valid	PTX3
EPITHELIAL_MESENCHYMAL_TRANSITION	entry4_PF_PLT_noD3__all_valid	FSTL1
EPITHELIAL_MESENCHYMAL_TRANSITION	entry4_PF_PLT_noD3__all_valid	TIMP1
EPITHELIAL_MESENCHYMAL_TRANSITION	entry4_PF_PLT_noD3__all_valid	WIPF1
EPITHELIAL_MESENCHYMAL_TRANSITION	entry4_PF_PLT_noD3__all_valid	MYLK
EPITHELIAL_MESENCHYMAL_TRANSITION	entry4_PF_PLT_noD3__all_valid	ACTA2
EPITHELIAL_MESENCHYMAL_TRANSITION	entry4_PF_PLT_noD3__all_valid	SPARC
EPITHELIAL_MESENCHYMAL_TRANSITION	entry4_PF_PLT_noD3__all_valid	ITGB5
EPITHELIAL_MESENCHYMAL_TRANSITION	entry4_PF_PLT_noD3__all_valid	LGALS1
EPITHELIAL_MESENCHYMAL_TRANSITION	entry4_PF_PLT_noD3__all_valid	SLC6A8
EPITHELIAL_MESENCHYMAL_TRANSITION	entry4_PF_PLT_noD3__all_valid	ANPEP
EPITHELIAL_MESENCHYMAL_TRANSITION	entry4_PF_PLT_noD3__all_valid	ITGA5
EPITHELIAL_MESENCHYMAL_TRANSITION	entry4_PF_PLT_noD3__all_valid	TGM2
ESTROGEN_RESPONSE_EARLY	entry4_PF_PLT_noD3__all_valid	IGF1R
ESTROGEN_RESPONSE_EARLY	entry4_PF_PLT_noD3__all_valid	RAB31
ESTROGEN_RESPONSE_EARLY	entry4_PF_PLT_noD3__all_valid	AFF1
ESTROGEN_RESPONSE_EARLY	entry4_PF_PLT_noD3__all_valid	UGCG
ESTROGEN_RESPONSE_EARLY	entry4_PF_PLT_noD3__all_valid	FKBP5
ESTROGEN_RESPONSE_EARLY	entry4_PF_PLT_noD3__all_valid	TIPARP
ESTROGEN_RESPONSE_EARLY	entry4_PF_PLT_noD3__all_valid	MREG
ESTROGEN_RESPONSE_EARLY	entry4_PF_PLT_noD3__all_valid	SLC2A1
ESTROGEN_RESPONSE_EARLY	entry4_PF_PLT_noD3__all_valid	RARA
ESTROGEN_RESPONSE_EARLY	entry4_PF_PLT_noD3__all_valid	TTC39A
ESTROGEN_RESPONSE_EARLY	entry4_PF_PLT_noD3__all_valid	SVIL
ESTROGEN_RESPONSE_EARLY	entry4_PF_PLT_noD3__all_valid	JAK2
ESTROGEN_RESPONSE_EARLY	entry4_PF_PLT_noD3__all_valid	DHCR7
ESTROGEN_RESPONSE_EARLY	entry4_PF_PLT_noD3__all_valid	MED13L
ESTROGEN_RESPONSE_EARLY	entry4_PF_PLT_noD3__all_valid	CD44
ESTROGEN_RESPONSE_EARLY	entry4_PF_PLT_noD3__all_valid	FOXC1
ESTROGEN_RESPONSE_EARLY	entry4_PF_PLT_noD3__all_valid	GLA
ESTROGEN_RESPONSE_EARLY	entry4_PF_PLT_noD3__all_valid	KDM4B
ESTROGEN_RESPONSE_EARLY	entry4_PF_PLT_noD3__all_valid	KAZN
ESTROGEN_RESPONSE_EARLY	entry4_PF_PLT_noD3__all_valid	CANT1
ESTROGEN_RESPONSE_EARLY	entry4_PF_PLT_noD3__all_valid	TOB1
ESTROGEN_RESPONSE_EARLY	entry4_PF_PLT_noD3__all_valid	CHPT1
ESTROGEN_RESPONSE_EARLY	entry4_PF_PLT_noD3__all_valid	FHL2
ESTROGEN_RESPONSE_EARLY	entry4_PF_PLT_noD3__all_valid	SIAH2
ESTROGEN_RESPONSE_EARLY	entry4_PF_PLT_noD3__all_valid	GAB2
ESTROGEN_RESPONSE_EARLY	entry4_PF_PLT_noD3__all_valid	OLFML3
ESTROGEN_RESPONSE_EARLY	entry4_PF_PLT_noD3__all_valid	MINDY1
ESTROGEN_RESPONSE_EARLY	entry4_PF_PLT_noD3__all_valid	RHOBTB3
ESTROGEN_RESPONSE_EARLY	entry4_PF_PLT_noD3__all_valid	AREG
ESTROGEN_RESPONSE_EARLY	entry4_PF_PLT_noD3__all_valid	SH3BP5
ESTROGEN_RESPONSE_EARLY	entry4_PF_PLT_noD3__all_valid	CISH
ESTROGEN_RESPONSE_EARLY	entry4_PF_PLT_noD3__all_valid	B4GALT1
ESTROGEN_RESPONSE_EARLY	entry4_PF_PLT_noD3__all_valid	KCNK5
ESTROGEN_RESPONSE_EARLY	entry4_PF_PLT_noD3__all_valid	NADSYN1
ESTROGEN_RESPONSE_EARLY	entry4_PF_PLT_noD3__all_valid	INHBB
ESTROGEN_RESPONSE_EARLY	entry4_PF_PLT_noD3__all_valid	MAST4
ESTROGEN_RESPONSE_EARLY	entry4_PF_PLT_noD3__all_valid	AMFR
ESTROGEN_RESPONSE_EARLY	entry4_PF_PLT_noD3__all_valid	SLC7A5
ESTROGEN_RESPONSE_EARLY	entry4_PF_PLT_noD3__all_valid	IL6ST
ESTROGEN_RESPONSE_EARLY	entry4_PF_PLT_noD3__all_valid	FLNB
ESTROGEN_RESPONSE_EARLY	entry4_PF_PLT_noD3__all_valid	SLC24A3
ESTROGEN_RESPONSE_EARLY	entry4_PF_PLT_noD3__all_valid	TUBB2B
ESTROGEN_RESPONSE_EARLY	entry4_PF_PLT_noD3__all_valid	CA12
ESTROGEN_RESPONSE_EARLY	entry4_PF_PLT_noD3__all_valid	IL17RB
ESTROGEN_RESPONSE_EARLY	entry4_PF_PLT_noD3__all_valid	ALDH3B1
ESTROGEN_RESPONSE_EARLY	entry4_PF_PLT_noD3__all_valid	ANXA9
ESTROGEN_RESPONSE_LATE	entry4_PF_PLT_noD3__all_valid	ATP2B4
ESTROGEN_RESPONSE_LATE	entry4_PF_PLT_noD3__all_valid	RAB31
ESTROGEN_RESPONSE_LATE	entry4_PF_PLT_noD3__all_valid	AFF1
ESTROGEN_RESPONSE_LATE	entry4_PF_PLT_noD3__all_valid	FKBP5
ESTROGEN_RESPONSE_LATE	entry4_PF_PLT_noD3__all_valid	SERPINA1
ESTROGEN_RESPONSE_LATE	entry4_PF_PLT_noD3__all_valid	CCNA1
ESTROGEN_RESPONSE_LATE	entry4_PF_PLT_noD3__all_valid	BATF
ESTROGEN_RESPONSE_LATE	entry4_PF_PLT_noD3__all_valid	IMPA2
ESTROGEN_RESPONSE_LATE	entry4_PF_PLT_noD3__all_valid	SNX10
ESTROGEN_RESPONSE_LATE	entry4_PF_PLT_noD3__all_valid	JAK2
ESTROGEN_RESPONSE_LATE	entry4_PF_PLT_noD3__all_valid	DHCR7
ESTROGEN_RESPONSE_LATE	entry4_PF_PLT_noD3__all_valid	S100A9
ESTROGEN_RESPONSE_LATE	entry4_PF_PLT_noD3__all_valid	CD44
ESTROGEN_RESPONSE_LATE	entry4_PF_PLT_noD3__all_valid	FOXC1
ESTROGEN_RESPONSE_LATE	entry4_PF_PLT_noD3__all_valid	GLA
ESTROGEN_RESPONSE_LATE	entry4_PF_PLT_noD3__all_valid	ST6GALNAC2
ESTROGEN_RESPONSE_LATE	entry4_PF_PLT_noD3__all_valid	TOB1
ESTROGEN_RESPONSE_LATE	entry4_PF_PLT_noD3__all_valid	CHPT1
ESTROGEN_RESPONSE_LATE	entry4_PF_PLT_noD3__all_valid	SIAH2
ESTROGEN_RESPONSE_LATE	entry4_PF_PLT_noD3__all_valid	MAPK13
ESTROGEN_RESPONSE_LATE	entry4_PF_PLT_noD3__all_valid	PTPN6
ESTROGEN_RESPONSE_LATE	entry4_PF_PLT_noD3__all_valid	AREG
ESTROGEN_RESPONSE_LATE	entry4_PF_PLT_noD3__all_valid	CISH
ESTROGEN_RESPONSE_LATE	entry4_PF_PLT_noD3__all_valid	JAK1
ESTROGEN_RESPONSE_LATE	entry4_PF_PLT_noD3__all_valid	KCNK5
ESTROGEN_RESPONSE_LATE	entry4_PF_PLT_noD3__all_valid	CA2
ESTROGEN_RESPONSE_LATE	entry4_PF_PLT_noD3__all_valid	AMFR
ESTROGEN_RESPONSE_LATE	entry4_PF_PLT_noD3__all_valid	SLC7A5
ESTROGEN_RESPONSE_LATE	entry4_PF_PLT_noD3__all_valid	IL6ST
ESTROGEN_RESPONSE_LATE	entry4_PF_PLT_noD3__all_valid	CKB
ESTROGEN_RESPONSE_LATE	entry4_PF_PLT_noD3__all_valid	FLNB
ESTROGEN_RESPONSE_LATE	entry4_PF_PLT_noD3__all_valid	SLC24A3
ESTROGEN_RESPONSE_LATE	entry4_PF_PLT_noD3__all_valid	CA12
ESTROGEN_RESPONSE_LATE	entry4_PF_PLT_noD3__all_valid	IL17RB
ESTROGEN_RESPONSE_LATE	entry4_PF_PLT_noD3__all_valid	ALDH3B1
ESTROGEN_RESPONSE_LATE	entry4_PF_PLT_noD3__all_valid	ANXA9
FATTY_ACID_METABOLISM	entry4_PF_PLT_noD3__all_valid	METAP1
FATTY_ACID_METABOLISM	entry4_PF_PLT_noD3__all_valid	OSTC
FATTY_ACID_METABOLISM	entry4_PF_PLT_noD3__all_valid	MDH1
FATTY_ACID_METABOLISM	entry4_PF_PLT_noD3__all_valid	APEX1
FATTY_ACID_METABOLISM	entry4_PF_PLT_noD3__all_valid	ACSS1
FATTY_ACID_METABOLISM	entry4_PF_PLT_noD3__all_valid	ACAA2
FATTY_ACID_METABOLISM	entry4_PF_PLT_noD3__all_valid	ECHS1
FATTY_ACID_METABOLISM	entry4_PF_PLT_noD3__all_valid	MCEE
FATTY_ACID_METABOLISM	entry4_PF_PLT_noD3__all_valid	HADH
FATTY_ACID_METABOLISM	entry4_PF_PLT_noD3__all_valid	CBR1
FATTY_ACID_METABOLISM	entry4_PF_PLT_noD3__all_valid	SUCLG2
FATTY_ACID_METABOLISM	entry4_PF_PLT_noD3__all_valid	HSD17B10
FATTY_ACID_METABOLISM	entry4_PF_PLT_noD3__all_valid	ECI1
FATTY_ACID_METABOLISM	entry4_PF_PLT_noD3__all_valid	ACADM
FATTY_ACID_METABOLISM	entry4_PF_PLT_noD3__all_valid	ACAT2
FATTY_ACID_METABOLISM	entry4_PF_PLT_noD3__all_valid	CPT2
FATTY_ACID_METABOLISM	entry4_PF_PLT_noD3__all_valid	HSD17B4
FATTY_ACID_METABOLISM	entry4_PF_PLT_noD3__all_valid	ADSL
FATTY_ACID_METABOLISM	entry4_PF_PLT_noD3__all_valid	BPHL
FATTY_ACID_METABOLISM	entry4_PF_PLT_noD3__all_valid	MIX23
FATTY_ACID_METABOLISM	entry4_PF_PLT_noD3__all_valid	BCKDHB
FATTY_ACID_METABOLISM	entry4_PF_PLT_noD3__all_valid	ECI2
FATTY_ACID_METABOLISM	entry4_PF_PLT_noD3__all_valid	ACOT2
FATTY_ACID_METABOLISM	entry4_PF_PLT_noD3__all_valid	PDHA1
FATTY_ACID_METABOLISM	entry4_PF_PLT_noD3__all_valid	UGDH
FATTY_ACID_METABOLISM	entry4_PF_PLT_noD3__all_valid	BLVRA
FATTY_ACID_METABOLISM	entry4_PF_PLT_noD3__all_valid	ACSL5
FATTY_ACID_METABOLISM	entry4_PF_PLT_noD3__all_valid	CD36
FATTY_ACID_METABOLISM	entry4_PF_PLT_noD3__all_valid	SDHD
FATTY_ACID_METABOLISM	entry4_PF_PLT_noD3__all_valid	HSD17B7
FATTY_ACID_METABOLISM	entry4_PF_PLT_noD3__all_valid	PTS
FATTY_ACID_METABOLISM	entry4_PF_PLT_noD3__all_valid	RAP1GDS1
FATTY_ACID_METABOLISM	entry4_PF_PLT_noD3__all_valid	SUCLA2
FATTY_ACID_METABOLISM	entry4_PF_PLT_noD3__all_valid	SMS
FATTY_ACID_METABOLISM	entry4_PF_PLT_noD3__all_valid	PSME1
FATTY_ACID_METABOLISM	entry4_PF_PLT_noD3__all_valid	PCBD1
FATTY_ACID_METABOLISM	entry4_PF_PLT_noD3__all_valid	AOC3
FATTY_ACID_METABOLISM	entry4_PF_PLT_noD3__all_valid	ODC1
FATTY_ACID_METABOLISM	entry4_PF_PLT_noD3__all_valid	ALDH3A2
FATTY_ACID_METABOLISM	entry4_PF_PLT_noD3__all_valid	NTHL1
FATTY_ACID_METABOLISM	entry4_PF_PLT_noD3__all_valid	MIF
FATTY_ACID_METABOLISM	entry4_PF_PLT_noD3__all_valid	FH
FATTY_ACID_METABOLISM	entry4_PF_PLT_noD3__all_valid	HMGCS1
FATTY_ACID_METABOLISM	entry4_PF_PLT_noD3__all_valid	GCDH
FATTY_ACID_METABOLISM	entry4_PF_PLT_noD3__all_valid	ENO2
FATTY_ACID_METABOLISM	entry4_PF_PLT_noD3__all_valid	ALDH1A1
FATTY_ACID_METABOLISM	entry4_PF_PLT_noD3__all_valid	ACO2
FATTY_ACID_METABOLISM	entry4_PF_PLT_noD3__all_valid	MLYCD
FATTY_ACID_METABOLISM	entry4_PF_PLT_noD3__all_valid	MDH2
FATTY_ACID_METABOLISM	entry4_PF_PLT_noD3__all_valid	IDH3B
FATTY_ACID_METABOLISM	entry4_PF_PLT_noD3__all_valid	CD1D
FATTY_ACID_METABOLISM	entry4_PF_PLT_noD3__all_valid	HSPH1
FATTY_ACID_METABOLISM	entry4_PF_PLT_noD3__all_valid	DLST
FATTY_ACID_METABOLISM	entry4_PF_PLT_noD3__all_valid	S100A10
FATTY_ACID_METABOLISM	entry4_PF_PLT_noD3__all_valid	CRYZ
FATTY_ACID_METABOLISM	entry4_PF_PLT_noD3__all_valid	IDH3G
FATTY_ACID_METABOLISM	entry4_PF_PLT_noD3__all_valid	EHHADH
FATTY_ACID_METABOLISM	entry4_PF_PLT_noD3__all_valid	XIST
FATTY_ACID_METABOLISM	entry4_PF_PLT_noD3__all_valid	ERP29
G2M_CHECKPOINT	entry4_PF_PLT_noD3__all_valid	MAPK14
G2M_CHECKPOINT	entry4_PF_PLT_noD3__all_valid	E2F3
G2M_CHECKPOINT	entry4_PF_PLT_noD3__all_valid	PRMT5
G2M_CHECKPOINT	entry4_PF_PLT_noD3__all_valid	RAD23B
G2M_CHECKPOINT	entry4_PF_PLT_noD3__all_valid	LMNB1
G2M_CHECKPOINT	entry4_PF_PLT_noD3__all_valid	KMT5A
G2M_CHECKPOINT	entry4_PF_PLT_noD3__all_valid	DR1
G2M_CHECKPOINT	entry4_PF_PLT_noD3__all_valid	LBR
G2M_CHECKPOINT	entry4_PF_PLT_noD3__all_valid	HIF1A
G2M_CHECKPOINT	entry4_PF_PLT_noD3__all_valid	PAFAH1B1
G2M_CHECKPOINT	entry4_PF_PLT_noD3__all_valid	KPNB1
G2M_CHECKPOINT	entry4_PF_PLT_noD3__all_valid	BCL3
G2M_CHECKPOINT	entry4_PF_PLT_noD3__all_valid	TGFB1
G2M_CHECKPOINT	entry4_PF_PLT_noD3__all_valid	JPT1
G2M_CHECKPOINT	entry4_PF_PLT_noD3__all_valid	TACC3
G2M_CHECKPOINT	entry4_PF_PLT_noD3__all_valid	CDKN2C
G2M_CHECKPOINT	entry4_PF_PLT_noD3__all_valid	BARD1
G2M_CHECKPOINT	entry4_PF_PLT_noD3__all_valid	MARCKS
G2M_CHECKPOINT	entry4_PF_PLT_noD3__all_valid	SAP30
G2M_CHECKPOINT	entry4_PF_PLT_noD3__all_valid	CDKN1B
G2M_CHECKPOINT	entry4_PF_PLT_noD3__all_valid	MAP3K20
G2M_CHECKPOINT	entry4_PF_PLT_noD3__all_valid	TLE3
G2M_CHECKPOINT	entry4_PF_PLT_noD3__all_valid	UBE2C
G2M_CHECKPOINT	entry4_PF_PLT_noD3__all_valid	CUL3
G2M_CHECKPOINT	entry4_PF_PLT_noD3__all_valid	AURKB
G2M_CHECKPOINT	entry4_PF_PLT_noD3__all_valid	TFDP1
G2M_CHECKPOINT	entry4_PF_PLT_noD3__all_valid	NOTCH2
G2M_CHECKPOINT	entry4_PF_PLT_noD3__all_valid	NUP98
G2M_CHECKPOINT	entry4_PF_PLT_noD3__all_valid	KIF5B
G2M_CHECKPOINT	entry4_PF_PLT_noD3__all_valid	NUP50
G2M_CHECKPOINT	entry4_PF_PLT_noD3__all_valid	SLC7A5
G2M_CHECKPOINT	entry4_PF_PLT_noD3__all_valid	KIF4A
G2M_CHECKPOINT	entry4_PF_PLT_noD3__all_valid	E2F1
G2M_CHECKPOINT	entry4_PF_PLT_noD3__all_valid	UPF1
G2M_CHECKPOINT	entry4_PF_PLT_noD3__all_valid	TTK
G2M_CHECKPOINT	entry4_PF_PLT_noD3__all_valid	KIF11
G2M_CHECKPOINT	entry4_PF_PLT_noD3__all_valid	E2F2
G2M_CHECKPOINT	entry4_PF_PLT_noD3__all_valid	PRC1
GLYCOLYSIS	entry4_PF_PLT_noD3__all_valid	TGFA
GLYCOLYSIS	entry4_PF_PLT_noD3__all_valid	PYGL
GLYCOLYSIS	entry4_PF_PLT_noD3__all_valid	PKM
GLYCOLYSIS	entry4_PF_PLT_noD3__all_valid	PHKA2
GLYCOLYSIS	entry4_PF_PLT_noD3__all_valid	IRS2
GLYCOLYSIS	entry4_PF_PLT_noD3__all_valid	B4GALT4
GLYCOLYSIS	entry4_PF_PLT_noD3__all_valid	ABCB6
GLYCOLYSIS	entry4_PF_PLT_noD3__all_valid	RRAGD
GLYCOLYSIS	entry4_PF_PLT_noD3__all_valid	PDK3
GLYCOLYSIS	entry4_PF_PLT_noD3__all_valid	TPST1
GLYCOLYSIS	entry4_PF_PLT_noD3__all_valid	HK2
GLYCOLYSIS	entry4_PF_PLT_noD3__all_valid	QSOX1
GLYCOLYSIS	entry4_PF_PLT_noD3__all_valid	P4HA2
GLYCOLYSIS	entry4_PF_PLT_noD3__all_valid	DSC2
GLYCOLYSIS	entry4_PF_PLT_noD3__all_valid	LDHA
GLYCOLYSIS	entry4_PF_PLT_noD3__all_valid	MERTK
GLYCOLYSIS	entry4_PF_PLT_noD3__all_valid	SPAG4
GLYCOLYSIS	entry4_PF_PLT_noD3__all_valid	CD44
GLYCOLYSIS	entry4_PF_PLT_noD3__all_valid	LCT
GLYCOLYSIS	entry4_PF_PLT_noD3__all_valid	PAM
GLYCOLYSIS	entry4_PF_PLT_noD3__all_valid	SLC16A3
GLYCOLYSIS	entry4_PF_PLT_noD3__all_valid	PGK1
GLYCOLYSIS	entry4_PF_PLT_noD3__all_valid	TALDO1
GLYCOLYSIS	entry4_PF_PLT_noD3__all_valid	EXT1
GLYCOLYSIS	entry4_PF_PLT_noD3__all_valid	G6PD
GLYCOLYSIS	entry4_PF_PLT_noD3__all_valid	TXN
GLYCOLYSIS	entry4_PF_PLT_noD3__all_valid	PGM2
GLYCOLYSIS	entry4_PF_PLT_noD3__all_valid	PKP2
GLYCOLYSIS	entry4_PF_PLT_noD3__all_valid	IER3
GLYCOLYSIS	entry4_PF_PLT_noD3__all_valid	SAP30
GLYCOLYSIS	entry4_PF_PLT_noD3__all_valid	ALDOA
GLYCOLYSIS	entry4_PF_PLT_noD3__all_valid	IL13RA1
GLYCOLYSIS	entry4_PF_PLT_noD3__all_valid	ME2
GLYCOLYSIS	entry4_PF_PLT_noD3__all_valid	ANKZF1
GLYCOLYSIS	entry4_PF_PLT_noD3__all_valid	B4GALT1
GLYCOLYSIS	entry4_PF_PLT_noD3__all_valid	DEPDC1
GLYCOLYSIS	entry4_PF_PLT_noD3__all_valid	UGP2
GLYCOLYSIS	entry4_PF_PLT_noD3__all_valid	NDST3
GLYCOLYSIS	entry4_PF_PLT_noD3__all_valid	PLOD1
GLYCOLYSIS	entry4_PF_PLT_noD3__all_valid	GYS1
GLYCOLYSIS	entry4_PF_PLT_noD3__all_valid	GLRX
GLYCOLYSIS	entry4_PF_PLT_noD3__all_valid	DDIT4
GLYCOLYSIS	entry4_PF_PLT_noD3__all_valid	ENO1
GLYCOLYSIS	entry4_PF_PLT_noD3__all_valid	ZNF292
GLYCOLYSIS	entry4_PF_PLT_noD3__all_valid	CITED2
HEDGEHOG_SIGNALING	entry4_PF_PLT_noD3__all_valid	ETS2
HEDGEHOG_SIGNALING	entry4_PF_PLT_noD3__all_valid	SLIT1
HEDGEHOG_SIGNALING	entry4_PF_PLT_noD3__all_valid	CDK5R1
HEDGEHOG_SIGNALING	entry4_PF_PLT_noD3__all_valid	TLE1
HEDGEHOG_SIGNALING	entry4_PF_PLT_noD3__all_valid	NF1
HEDGEHOG_SIGNALING	entry4_PF_PLT_noD3__all_valid	TLE3
HEDGEHOG_SIGNALING	entry4_PF_PLT_noD3__all_valid	RASA1
HEDGEHOG_SIGNALING	entry4_PF_PLT_noD3__all_valid	MYH9
HEDGEHOG_SIGNALING	entry4_PF_PLT_noD3__all_valid	GLI1
HEME_METABOLISM	entry4_PF_PLT_noD3__all_valid	NFE2
HEME_METABOLISM	entry4_PF_PLT_noD3__all_valid	CCND3
HEME_METABOLISM	entry4_PF_PLT_noD3__all_valid	GCLM
HEME_METABOLISM	entry4_PF_PLT_noD3__all_valid	SLC22A4
HEME_METABOLISM	entry4_PF_PLT_noD3__all_valid	NARF
HEME_METABOLISM	entry4_PF_PLT_noD3__all_valid	MBOAT2
HEME_METABOLISM	entry4_PF_PLT_noD3__all_valid	FBXO34
HEME_METABOLISM	entry4_PF_PLT_noD3__all_valid	ADD1
HEME_METABOLISM	entry4_PF_PLT_noD3__all_valid	ABCB6
HEME_METABOLISM	entry4_PF_PLT_noD3__all_valid	SLC25A37
HEME_METABOLISM	entry4_PF_PLT_noD3__all_valid	LPIN2
HEME_METABOLISM	entry4_PF_PLT_noD3__all_valid	LRP10
HEME_METABOLISM	entry4_PF_PLT_noD3__all_valid	FBXO9
HEME_METABOLISM	entry4_PF_PLT_noD3__all_valid	HTATIP2
HEME_METABOLISM	entry4_PF_PLT_noD3__all_valid	MARK3
HEME_METABOLISM	entry4_PF_PLT_noD3__all_valid	MPP1
HEME_METABOLISM	entry4_PF_PLT_noD3__all_valid	MAP2K3
HEME_METABOLISM	entry4_PF_PLT_noD3__all_valid	SLC2A1
HEME_METABOLISM	entry4_PF_PLT_noD3__all_valid	P4HA2
HEME_METABOLISM	entry4_PF_PLT_noD3__all_valid	CAST
HEME_METABOLISM	entry4_PF_PLT_noD3__all_valid	ATP6V0A1
HEME_METABOLISM	entry4_PF_PLT_noD3__all_valid	ERMAP
HEME_METABOLISM	entry4_PF_PLT_noD3__all_valid	FOXO3
HEME_METABOLISM	entry4_PF_PLT_noD3__all_valid	PSMD9
HEME_METABOLISM	entry4_PF_PLT_noD3__all_valid	KHNYN
HEME_METABOLISM	entry4_PF_PLT_noD3__all_valid	NR3C1
HEME_METABOLISM	entry4_PF_PLT_noD3__all_valid	SDCBP
HEME_METABOLISM	entry4_PF_PLT_noD3__all_valid	EZH1
HEME_METABOLISM	entry4_PF_PLT_noD3__all_valid	DCAF10
HEME_METABOLISM	entry4_PF_PLT_noD3__all_valid	GAPVD1
HEME_METABOLISM	entry4_PF_PLT_noD3__all_valid	PPP2R5B
HEME_METABOLISM	entry4_PF_PLT_noD3__all_valid	SMOX
HEME_METABOLISM	entry4_PF_PLT_noD3__all_valid	GDE1
HEME_METABOLISM	entry4_PF_PLT_noD3__all_valid	ALAD
HEME_METABOLISM	entry4_PF_PLT_noD3__all_valid	RHAG
HEME_METABOLISM	entry4_PF_PLT_noD3__all_valid	SPTB
HEME_METABOLISM	entry4_PF_PLT_noD3__all_valid	ADIPOR1
HEME_METABOLISM	entry4_PF_PLT_noD3__all_valid	LAMP2
HEME_METABOLISM	entry4_PF_PLT_noD3__all_valid	NUDT4
HEME_METABOLISM	entry4_PF_PLT_noD3__all_valid	KDM7A
HEME_METABOLISM	entry4_PF_PLT_noD3__all_valid	MARCHF2
HEME_METABOLISM	entry4_PF_PLT_noD3__all_valid	EIF2AK1
HEME_METABOLISM	entry4_PF_PLT_noD3__all_valid	USP15
HEME_METABOLISM	entry4_PF_PLT_noD3__all_valid	CA2
HEME_METABOLISM	entry4_PF_PLT_noD3__all_valid	HDGF
HEME_METABOLISM	entry4_PF_PLT_noD3__all_valid	PICALM
HEME_METABOLISM	entry4_PF_PLT_noD3__all_valid	NEK7
HEME_METABOLISM	entry4_PF_PLT_noD3__all_valid	SLC66A2
HEME_METABOLISM	entry4_PF_PLT_noD3__all_valid	RAP1GAP
HEME_METABOLISM	entry4_PF_PLT_noD3__all_valid	RCL1
HEME_METABOLISM	entry4_PF_PLT_noD3__all_valid	TAL1
HEME_METABOLISM	entry4_PF_PLT_noD3__all_valid	ARHGEF12
HEME_METABOLISM	entry4_PF_PLT_noD3__all_valid	ANK1
HEME_METABOLISM	entry4_PF_PLT_noD3__all_valid	SEC14L1
HEME_METABOLISM	entry4_PF_PLT_noD3__all_valid	FOXJ2
HEME_METABOLISM	entry4_PF_PLT_noD3__all_valid	TMCC2
HEME_METABOLISM	entry4_PF_PLT_noD3__all_valid	RHD
HEME_METABOLISM	entry4_PF_PLT_noD3__all_valid	LMO2
HEME_METABOLISM	entry4_PF_PLT_noD3__all_valid	DCAF11
HEME_METABOLISM	entry4_PF_PLT_noD3__all_valid	RANBP10
HEME_METABOLISM	entry4_PF_PLT_noD3__all_valid	DMTN
HEME_METABOLISM	entry4_PF_PLT_noD3__all_valid	RBM38
HEME_METABOLISM	entry4_PF_PLT_noD3__all_valid	E2F2
HEME_METABOLISM	entry4_PF_PLT_noD3__all_valid	KEL
HEME_METABOLISM	entry4_PF_PLT_noD3__all_valid	RNF19A
HEME_METABOLISM	entry4_PF_PLT_noD3__all_valid	MARCHF8
HEME_METABOLISM	entry4_PF_PLT_noD3__all_valid	EPOR
HEME_METABOLISM	entry4_PF_PLT_noD3__all_valid	SYNJ1
HEME_METABOLISM	entry4_PF_PLT_noD3__all_valid	KLF3
HEME_METABOLISM	entry4_PF_PLT_noD3__all_valid	BCAM
HEME_METABOLISM	entry4_PF_PLT_noD3__all_valid	GATA1
HEME_METABOLISM	entry4_PF_PLT_noD3__all_valid	TNRC6B
HEME_METABOLISM	entry4_PF_PLT_noD3__all_valid	CTSB
HEME_METABOLISM	entry4_PF_PLT_noD3__all_valid	FN3K
HEME_METABOLISM	entry4_PF_PLT_noD3__all_valid	HTRA2
HEME_METABOLISM	entry4_PF_PLT_noD3__all_valid	RBM5
HEME_METABOLISM	entry4_PF_PLT_noD3__all_valid	YPEL5
HEME_METABOLISM	entry4_PF_PLT_noD3__all_valid	RHCE
HEME_METABOLISM	entry4_PF_PLT_noD3__all_valid	KAT2B
HEME_METABOLISM	entry4_PF_PLT_noD3__all_valid	UBAC1
HEME_METABOLISM	entry4_PF_PLT_noD3__all_valid	CCDC28A
HEME_METABOLISM	entry4_PF_PLT_noD3__all_valid	XPO7
HEME_METABOLISM	entry4_PF_PLT_noD3__all_valid	BTRC
HEME_METABOLISM	entry4_PF_PLT_noD3__all_valid	CTNS
HEME_METABOLISM	entry4_PF_PLT_noD3__all_valid	TRIM58
HEME_METABOLISM	entry4_PF_PLT_noD3__all_valid	SLC6A8
HEME_METABOLISM	entry4_PF_PLT_noD3__all_valid	TOP1
HEME_METABOLISM	entry4_PF_PLT_noD3__all_valid	FBXO7
HEME_METABOLISM	entry4_PF_PLT_noD3__all_valid	CLIC2
HEME_METABOLISM	entry4_PF_PLT_noD3__all_valid	HAGH
HEME_METABOLISM	entry4_PF_PLT_noD3__all_valid	CDR2
HEME_METABOLISM	entry4_PF_PLT_noD3__all_valid	HMBS
HEME_METABOLISM	entry4_PF_PLT_noD3__all_valid	MXI1
HEME_METABOLISM	entry4_PF_PLT_noD3__all_valid	BSG
HEME_METABOLISM	entry4_PF_PLT_noD3__all_valid	DAAM1
HEME_METABOLISM	entry4_PF_PLT_noD3__all_valid	XK
HEME_METABOLISM	entry4_PF_PLT_noD3__all_valid	RNF123
HEME_METABOLISM	entry4_PF_PLT_noD3__all_valid	RIOK3
HEME_METABOLISM	entry4_PF_PLT_noD3__all_valid	KLF1
HEME_METABOLISM	entry4_PF_PLT_noD3__all_valid	MKRN1
HEME_METABOLISM	entry4_PF_PLT_noD3__all_valid	CDC27
HYPOXIA	entry4_PF_PLT_noD3__all_valid	NDRG1
HYPOXIA	entry4_PF_PLT_noD3__all_valid	TPST2
HYPOXIA	entry4_PF_PLT_noD3__all_valid	PFKFB3
HYPOXIA	entry4_PF_PLT_noD3__all_valid	NFIL3
HYPOXIA	entry4_PF_PLT_noD3__all_valid	SLC2A3
HYPOXIA	entry4_PF_PLT_noD3__all_valid	FOSL2
HYPOXIA	entry4_PF_PLT_noD3__all_valid	AMPD3
HYPOXIA	entry4_PF_PLT_noD3__all_valid	IRS2
HYPOXIA	entry4_PF_PLT_noD3__all_valid	NDST2
HYPOXIA	entry4_PF_PLT_noD3__all_valid	RRAGD
HYPOXIA	entry4_PF_PLT_noD3__all_valid	PDK3
HYPOXIA	entry4_PF_PLT_noD3__all_valid	HK2
HYPOXIA	entry4_PF_PLT_noD3__all_valid	PIM1
HYPOXIA	entry4_PF_PLT_noD3__all_valid	RBPJ
HYPOXIA	entry4_PF_PLT_noD3__all_valid	KLF6
HYPOXIA	entry4_PF_PLT_noD3__all_valid	CCNG2
HYPOXIA	entry4_PF_PLT_noD3__all_valid	KLF7
HYPOXIA	entry4_PF_PLT_noD3__all_valid	TIPARP
HYPOXIA	entry4_PF_PLT_noD3__all_valid	JMJD6
HYPOXIA	entry4_PF_PLT_noD3__all_valid	SLC2A1
HYPOXIA	entry4_PF_PLT_noD3__all_valid	P4HA2
HYPOXIA	entry4_PF_PLT_noD3__all_valid	ADM
HYPOXIA	entry4_PF_PLT_noD3__all_valid	PGM1
HYPOXIA	entry4_PF_PLT_noD3__all_valid	SLC6A6
HYPOXIA	entry4_PF_PLT_noD3__all_valid	LDHA
HYPOXIA	entry4_PF_PLT_noD3__all_valid	WSB1
HYPOXIA	entry4_PF_PLT_noD3__all_valid	SERPINE1
HYPOXIA	entry4_PF_PLT_noD3__all_valid	FOXO3
HYPOXIA	entry4_PF_PLT_noD3__all_valid	NR3C1
HYPOXIA	entry4_PF_PLT_noD3__all_valid	PAM
HYPOXIA	entry4_PF_PLT_noD3__all_valid	PGK1
HYPOXIA	entry4_PF_PLT_noD3__all_valid	EXT1
HYPOXIA	entry4_PF_PLT_noD3__all_valid	PNRC1
HYPOXIA	entry4_PF_PLT_noD3__all_valid	SIAH2
HYPOXIA	entry4_PF_PLT_noD3__all_valid	IDS
HYPOXIA	entry4_PF_PLT_noD3__all_valid	GAPDH
HYPOXIA	entry4_PF_PLT_noD3__all_valid	HK1
HYPOXIA	entry4_PF_PLT_noD3__all_valid	PGM2
HYPOXIA	entry4_PF_PLT_noD3__all_valid	GBE1
HYPOXIA	entry4_PF_PLT_noD3__all_valid	PPP1R15A
HYPOXIA	entry4_PF_PLT_noD3__all_valid	TNFAIP3
HYPOXIA	entry4_PF_PLT_noD3__all_valid	PLAC8
HYPOXIA	entry4_PF_PLT_noD3__all_valid	IER3
HYPOXIA	entry4_PF_PLT_noD3__all_valid	SAP30
HYPOXIA	entry4_PF_PLT_noD3__all_valid	DUSP1
HYPOXIA	entry4_PF_PLT_noD3__all_valid	MAP3K1
HYPOXIA	entry4_PF_PLT_noD3__all_valid	ALDOA
HYPOXIA	entry4_PF_PLT_noD3__all_valid	CDKN1B
HYPOXIA	entry4_PF_PLT_noD3__all_valid	ANKZF1
HYPOXIA	entry4_PF_PLT_noD3__all_valid	UGP2
HYPOXIA	entry4_PF_PLT_noD3__all_valid	CSRP2
HYPOXIA	entry4_PF_PLT_noD3__all_valid	NDST1
HYPOXIA	entry4_PF_PLT_noD3__all_valid	MYH9
HYPOXIA	entry4_PF_PLT_noD3__all_valid	GYS1
HYPOXIA	entry4_PF_PLT_noD3__all_valid	GLRX
HYPOXIA	entry4_PF_PLT_noD3__all_valid	DDIT4
HYPOXIA	entry4_PF_PLT_noD3__all_valid	ENO1
HYPOXIA	entry4_PF_PLT_noD3__all_valid	PRDX5
HYPOXIA	entry4_PF_PLT_noD3__all_valid	ZNF292
HYPOXIA	entry4_PF_PLT_noD3__all_valid	CITED2
HYPOXIA	entry4_PF_PLT_noD3__all_valid	TMEM45A
IL2_STAT5_SIGNALING	entry4_PF_PLT_noD3__all_valid	CST7
IL2_STAT5_SIGNALING	entry4_PF_PLT_noD3__all_valid	CCND3
IL2_STAT5_SIGNALING	entry4_PF_PLT_noD3__all_valid	MAPKAPK2
IL2_STAT5_SIGNALING	entry4_PF_PLT_noD3__all_valid	NDRG1
IL2_STAT5_SIGNALING	entry4_PF_PLT_noD3__all_valid	IL1R2
IL2_STAT5_SIGNALING	entry4_PF_PLT_noD3__all_valid	CKAP4
IL2_STAT5_SIGNALING	entry4_PF_PLT_noD3__all_valid	NFIL3
IL2_STAT5_SIGNALING	entry4_PF_PLT_noD3__all_valid	SLC2A3
IL2_STAT5_SIGNALING	entry4_PF_PLT_noD3__all_valid	PLSCR1
IL2_STAT5_SIGNALING	entry4_PF_PLT_noD3__all_valid	SCN9A
IL2_STAT5_SIGNALING	entry4_PF_PLT_noD3__all_valid	IGF1R
IL2_STAT5_SIGNALING	entry4_PF_PLT_noD3__all_valid	FURIN
IL2_STAT5_SIGNALING	entry4_PF_PLT_noD3__all_valid	ALCAM
IL2_STAT5_SIGNALING	entry4_PF_PLT_noD3__all_valid	RRAGD
IL2_STAT5_SIGNALING	entry4_PF_PLT_noD3__all_valid	HYCC2
IL2_STAT5_SIGNALING	entry4_PF_PLT_noD3__all_valid	SELL
IL2_STAT5_SIGNALING	entry4_PF_PLT_noD3__all_valid	HK2
IL2_STAT5_SIGNALING	entry4_PF_PLT_noD3__all_valid	HIPK2
IL2_STAT5_SIGNALING	entry4_PF_PLT_noD3__all_valid	PIM1
IL2_STAT5_SIGNALING	entry4_PF_PLT_noD3__all_valid	MXD1
IL2_STAT5_SIGNALING	entry4_PF_PLT_noD3__all_valid	KLF6
IL2_STAT5_SIGNALING	entry4_PF_PLT_noD3__all_valid	IFNGR1
IL2_STAT5_SIGNALING	entry4_PF_PLT_noD3__all_valid	IL18R1
IL2_STAT5_SIGNALING	entry4_PF_PLT_noD3__all_valid	BATF
IL2_STAT5_SIGNALING	entry4_PF_PLT_noD3__all_valid	IL4R
IL2_STAT5_SIGNALING	entry4_PF_PLT_noD3__all_valid	CAPG
IL2_STAT5_SIGNALING	entry4_PF_PLT_noD3__all_valid	SMPDL3A
IL2_STAT5_SIGNALING	entry4_PF_PLT_noD3__all_valid	CD44
IL2_STAT5_SIGNALING	entry4_PF_PLT_noD3__all_valid	IGF2R
IL2_STAT5_SIGNALING	entry4_PF_PLT_noD3__all_valid	DENND5A
IL2_STAT5_SIGNALING	entry4_PF_PLT_noD3__all_valid	MAP3K8
IL2_STAT5_SIGNALING	entry4_PF_PLT_noD3__all_valid	IFITM3
IL2_STAT5_SIGNALING	entry4_PF_PLT_noD3__all_valid	ADAM19
IL2_STAT5_SIGNALING	entry4_PF_PLT_noD3__all_valid	PLEC
IL2_STAT5_SIGNALING	entry4_PF_PLT_noD3__all_valid	CSF1
IL2_STAT5_SIGNALING	entry4_PF_PLT_noD3__all_valid	SLC39A8
IL2_STAT5_SIGNALING	entry4_PF_PLT_noD3__all_valid	CAPN3
IL2_STAT5_SIGNALING	entry4_PF_PLT_noD3__all_valid	GADD45B
IL2_STAT5_SIGNALING	entry4_PF_PLT_noD3__all_valid	GLIPR2
IL2_STAT5_SIGNALING	entry4_PF_PLT_noD3__all_valid	IL1RL1
IL2_STAT5_SIGNALING	entry4_PF_PLT_noD3__all_valid	ST3GAL4
IL2_STAT5_SIGNALING	entry4_PF_PLT_noD3__all_valid	CISH
IL2_STAT5_SIGNALING	entry4_PF_PLT_noD3__all_valid	F2RL2
IL2_STAT5_SIGNALING	entry4_PF_PLT_noD3__all_valid	GABARAPL1
IL2_STAT5_SIGNALING	entry4_PF_PLT_noD3__all_valid	DCPS
IL2_STAT5_SIGNALING	entry4_PF_PLT_noD3__all_valid	EMP1
IL2_STAT5_SIGNALING	entry4_PF_PLT_noD3__all_valid	CA2
IL2_STAT5_SIGNALING	entry4_PF_PLT_noD3__all_valid	SOCS1
IL2_STAT5_SIGNALING	entry4_PF_PLT_noD3__all_valid	ETFBKMT
IL6_JAK_STAT3_SIGNALING	entry4_PF_PLT_noD3__all_valid	IL1R2
IL6_JAK_STAT3_SIGNALING	entry4_PF_PLT_noD3__all_valid	IL1R1
IL6_JAK_STAT3_SIGNALING	entry4_PF_PLT_noD3__all_valid	IL17RA
IL6_JAK_STAT3_SIGNALING	entry4_PF_PLT_noD3__all_valid	IFNAR1
IL6_JAK_STAT3_SIGNALING	entry4_PF_PLT_noD3__all_valid	STAT3
IL6_JAK_STAT3_SIGNALING	entry4_PF_PLT_noD3__all_valid	SOCS3
IL6_JAK_STAT3_SIGNALING	entry4_PF_PLT_noD3__all_valid	IFNGR2
IL6_JAK_STAT3_SIGNALING	entry4_PF_PLT_noD3__all_valid	IL10RB
IL6_JAK_STAT3_SIGNALING	entry4_PF_PLT_noD3__all_valid	TNFRSF1A
IL6_JAK_STAT3_SIGNALING	entry4_PF_PLT_noD3__all_valid	ACVR1B
IL6_JAK_STAT3_SIGNALING	entry4_PF_PLT_noD3__all_valid	TLR2
IL6_JAK_STAT3_SIGNALING	entry4_PF_PLT_noD3__all_valid	PIM1
IL6_JAK_STAT3_SIGNALING	entry4_PF_PLT_noD3__all_valid	IFNGR1
IL6_JAK_STAT3_SIGNALING	entry4_PF_PLT_noD3__all_valid	IL18R1
IL6_JAK_STAT3_SIGNALING	entry4_PF_PLT_noD3__all_valid	PTPN1
IL6_JAK_STAT3_SIGNALING	entry4_PF_PLT_noD3__all_valid	IL4R
IL6_JAK_STAT3_SIGNALING	entry4_PF_PLT_noD3__all_valid	PDGFC
IL6_JAK_STAT3_SIGNALING	entry4_PF_PLT_noD3__all_valid	CSF2RB
IL6_JAK_STAT3_SIGNALING	entry4_PF_PLT_noD3__all_valid	CD44
IL6_JAK_STAT3_SIGNALING	entry4_PF_PLT_noD3__all_valid	CSF3R
IL6_JAK_STAT3_SIGNALING	entry4_PF_PLT_noD3__all_valid	FAS
IL6_JAK_STAT3_SIGNALING	entry4_PF_PLT_noD3__all_valid	MAP3K8
IL6_JAK_STAT3_SIGNALING	entry4_PF_PLT_noD3__all_valid	CSF2RA
IL6_JAK_STAT3_SIGNALING	entry4_PF_PLT_noD3__all_valid	MYD88
IL6_JAK_STAT3_SIGNALING	entry4_PF_PLT_noD3__all_valid	CSF1
IL6_JAK_STAT3_SIGNALING	entry4_PF_PLT_noD3__all_valid	TGFB1
IL6_JAK_STAT3_SIGNALING	entry4_PF_PLT_noD3__all_valid	GRB2
IL6_JAK_STAT3_SIGNALING	entry4_PF_PLT_noD3__all_valid	CBL
IL6_JAK_STAT3_SIGNALING	entry4_PF_PLT_noD3__all_valid	IL13RA1
IL6_JAK_STAT3_SIGNALING	entry4_PF_PLT_noD3__all_valid	SOCS1
IL6_JAK_STAT3_SIGNALING	entry4_PF_PLT_noD3__all_valid	IRF9
IL6_JAK_STAT3_SIGNALING	entry4_PF_PLT_noD3__all_valid	PIK3R5
IL6_JAK_STAT3_SIGNALING	entry4_PF_PLT_noD3__all_valid	IL6ST
IL6_JAK_STAT3_SIGNALING	entry4_PF_PLT_noD3__all_valid	OSMR
IL6_JAK_STAT3_SIGNALING	entry4_PF_PLT_noD3__all_valid	IRF1
IL6_JAK_STAT3_SIGNALING	entry4_PF_PLT_noD3__all_valid	IL17RB
IL6_JAK_STAT3_SIGNALING	entry4_PF_PLT_noD3__all_valid	ITGB3
IL6_JAK_STAT3_SIGNALING	entry4_PF_PLT_noD3__all_valid	PTPN11
IL6_JAK_STAT3_SIGNALING	entry4_PF_PLT_noD3__all_valid	TYK2
IL6_JAK_STAT3_SIGNALING	entry4_PF_PLT_noD3__all_valid	ACVRL1
IL6_JAK_STAT3_SIGNALING	entry4_PF_PLT_noD3__all_valid	IL2RG
IL6_JAK_STAT3_SIGNALING	entry4_PF_PLT_noD3__all_valid	CXCL1
IL6_JAK_STAT3_SIGNALING	entry4_PF_PLT_noD3__all_valid	PF4
IL6_JAK_STAT3_SIGNALING	entry4_PF_PLT_noD3__all_valid	CCR1
INFLAMMATORY_RESPONSE	entry4_PF_PLT_noD3__all_valid	IL1R1
INFLAMMATORY_RESPONSE	entry4_PF_PLT_noD3__all_valid	KIF1B
INFLAMMATORY_RESPONSE	entry4_PF_PLT_noD3__all_valid	IL18RAP
INFLAMMATORY_RESPONSE	entry4_PF_PLT_noD3__all_valid	IFNAR1
INFLAMMATORY_RESPONSE	entry4_PF_PLT_noD3__all_valid	IFNGR2
INFLAMMATORY_RESPONSE	entry4_PF_PLT_noD3__all_valid	LYN
INFLAMMATORY_RESPONSE	entry4_PF_PLT_noD3__all_valid	RHOG
INFLAMMATORY_RESPONSE	entry4_PF_PLT_noD3__all_valid	PROK2
INFLAMMATORY_RESPONSE	entry4_PF_PLT_noD3__all_valid	IRAK2
INFLAMMATORY_RESPONSE	entry4_PF_PLT_noD3__all_valid	AQP9
INFLAMMATORY_RESPONSE	entry4_PF_PLT_noD3__all_valid	ACVR1B
INFLAMMATORY_RESPONSE	entry4_PF_PLT_noD3__all_valid	TLR2
INFLAMMATORY_RESPONSE	entry4_PF_PLT_noD3__all_valid	RNF144B
INFLAMMATORY_RESPONSE	entry4_PF_PLT_noD3__all_valid	SELL
INFLAMMATORY_RESPONSE	entry4_PF_PLT_noD3__all_valid	PTPRE
INFLAMMATORY_RESPONSE	entry4_PF_PLT_noD3__all_valid	FPR1
INFLAMMATORY_RESPONSE	entry4_PF_PLT_noD3__all_valid	MXD1
INFLAMMATORY_RESPONSE	entry4_PF_PLT_noD3__all_valid	KLF6
INFLAMMATORY_RESPONSE	entry4_PF_PLT_noD3__all_valid	OSM
INFLAMMATORY_RESPONSE	entry4_PF_PLT_noD3__all_valid	IFITM1
INFLAMMATORY_RESPONSE	entry4_PF_PLT_noD3__all_valid	IL18R1
INFLAMMATORY_RESPONSE	entry4_PF_PLT_noD3__all_valid	NFKB1
INFLAMMATORY_RESPONSE	entry4_PF_PLT_noD3__all_valid	NFKBIA
INFLAMMATORY_RESPONSE	entry4_PF_PLT_noD3__all_valid	LDLR
INFLAMMATORY_RESPONSE	entry4_PF_PLT_noD3__all_valid	IL4R
INFLAMMATORY_RESPONSE	entry4_PF_PLT_noD3__all_valid	CD82
INFLAMMATORY_RESPONSE	entry4_PF_PLT_noD3__all_valid	ADM
INFLAMMATORY_RESPONSE	entry4_PF_PLT_noD3__all_valid	CD55
INFLAMMATORY_RESPONSE	entry4_PF_PLT_noD3__all_valid	PTAFR
INFLAMMATORY_RESPONSE	entry4_PF_PLT_noD3__all_valid	LCP2
INFLAMMATORY_RESPONSE	entry4_PF_PLT_noD3__all_valid	MEFV
INFLAMMATORY_RESPONSE	entry4_PF_PLT_noD3__all_valid	HIF1A
INFLAMMATORY_RESPONSE	entry4_PF_PLT_noD3__all_valid	C3AR1
INFLAMMATORY_RESPONSE	entry4_PF_PLT_noD3__all_valid	PSEN1
INFLAMMATORY_RESPONSE	entry4_PF_PLT_noD3__all_valid	SERPINE1
INFLAMMATORY_RESPONSE	entry4_PF_PLT_noD3__all_valid	CSF3R
INFLAMMATORY_RESPONSE	entry4_PF_PLT_noD3__all_valid	SGMS2
INFLAMMATORY_RESPONSE	entry4_PF_PLT_noD3__all_valid	NLRP3
INFLAMMATORY_RESPONSE	entry4_PF_PLT_noD3__all_valid	CSF1
INFLAMMATORY_RESPONSE	entry4_PF_PLT_noD3__all_valid	ADGRE1
INFLAMMATORY_RESPONSE	entry4_PF_PLT_noD3__all_valid	TAPBP
INFLAMMATORY_RESPONSE	entry4_PF_PLT_noD3__all_valid	CLEC5A
INFLAMMATORY_RESPONSE	entry4_PF_PLT_noD3__all_valid	SLC31A2
INFLAMMATORY_RESPONSE	entry4_PF_PLT_noD3__all_valid	SEMA4D
INFLAMMATORY_RESPONSE	entry4_PF_PLT_noD3__all_valid	FFAR2
INFLAMMATORY_RESPONSE	entry4_PF_PLT_noD3__all_valid	RAF1
INFLAMMATORY_RESPONSE	entry4_PF_PLT_noD3__all_valid	GNAI3
INFLAMMATORY_RESPONSE	entry4_PF_PLT_noD3__all_valid	EIF2AK2
INFLAMMATORY_RESPONSE	entry4_PF_PLT_noD3__all_valid	NAMPT
INFLAMMATORY_RESPONSE	entry4_PF_PLT_noD3__all_valid	KCNJ2
INFLAMMATORY_RESPONSE	entry4_PF_PLT_noD3__all_valid	NMI
INFLAMMATORY_RESPONSE	entry4_PF_PLT_noD3__all_valid	TLR1
INFLAMMATORY_RESPONSE	entry4_PF_PLT_noD3__all_valid	PIK3R5
INFLAMMATORY_RESPONSE	entry4_PF_PLT_noD3__all_valid	PTGER2
INFLAMMATORY_RESPONSE	entry4_PF_PLT_noD3__all_valid	ICAM1
INFLAMMATORY_RESPONSE	entry4_PF_PLT_noD3__all_valid	TNFAIP6
INFLAMMATORY_RESPONSE	entry4_PF_PLT_noD3__all_valid	GNA15
INFLAMMATORY_RESPONSE	entry4_PF_PLT_noD3__all_valid	NOD2
INFLAMMATORY_RESPONSE	entry4_PF_PLT_noD3__all_valid	OSMR
INFLAMMATORY_RESPONSE	entry4_PF_PLT_noD3__all_valid	IRF1
INFLAMMATORY_RESPONSE	entry4_PF_PLT_noD3__all_valid	FZD5
INFLAMMATORY_RESPONSE	entry4_PF_PLT_noD3__all_valid	ABI1
INFLAMMATORY_RESPONSE	entry4_PF_PLT_noD3__all_valid	ITGB3
INFLAMMATORY_RESPONSE	entry4_PF_PLT_noD3__all_valid	TNFSF10
INFLAMMATORY_RESPONSE	entry4_PF_PLT_noD3__all_valid	GPR132
INFLAMMATORY_RESPONSE	entry4_PF_PLT_noD3__all_valid	GCH1
INFLAMMATORY_RESPONSE	entry4_PF_PLT_noD3__all_valid	IRF7
INTERFERON_ALPHA_RESPONSE	entry4_PF_PLT_noD3__all_valid	TRIM25
INTERFERON_ALPHA_RESPONSE	entry4_PF_PLT_noD3__all_valid	PLSCR1
INTERFERON_ALPHA_RESPONSE	entry4_PF_PLT_noD3__all_valid	TRAFD1
INTERFERON_ALPHA_RESPONSE	entry4_PF_PLT_noD3__all_valid	SELL
INTERFERON_ALPHA_RESPONSE	entry4_PF_PLT_noD3__all_valid	IFITM1
INTERFERON_ALPHA_RESPONSE	entry4_PF_PLT_noD3__all_valid	ADAR
INTERFERON_ALPHA_RESPONSE	entry4_PF_PLT_noD3__all_valid	IL4R
INTERFERON_ALPHA_RESPONSE	entry4_PF_PLT_noD3__all_valid	TMEM140
INTERFERON_ALPHA_RESPONSE	entry4_PF_PLT_noD3__all_valid	TRIM21
INTERFERON_ALPHA_RESPONSE	entry4_PF_PLT_noD3__all_valid	IFITM2
INTERFERON_ALPHA_RESPONSE	entry4_PF_PLT_noD3__all_valid	IRF2
INTERFERON_ALPHA_RESPONSE	entry4_PF_PLT_noD3__all_valid	IFITM3
INTERFERON_ALPHA_RESPONSE	entry4_PF_PLT_noD3__all_valid	CSF1
INTERFERON_ALPHA_RESPONSE	entry4_PF_PLT_noD3__all_valid	TRIM5
INTERFERON_ALPHA_RESPONSE	entry4_PF_PLT_noD3__all_valid	EIF2AK2
INTERFERON_ALPHA_RESPONSE	entry4_PF_PLT_noD3__all_valid	PARP9
INTERFERON_ALPHA_RESPONSE	entry4_PF_PLT_noD3__all_valid	GMPR
INTERFERON_ALPHA_RESPONSE	entry4_PF_PLT_noD3__all_valid	NMI
INTERFERON_ALPHA_RESPONSE	entry4_PF_PLT_noD3__all_valid	IRF9
INTERFERON_ALPHA_RESPONSE	entry4_PF_PLT_noD3__all_valid	TAP1
INTERFERON_ALPHA_RESPONSE	entry4_PF_PLT_noD3__all_valid	TDRD7
INTERFERON_ALPHA_RESPONSE	entry4_PF_PLT_noD3__all_valid	HELZ2
INTERFERON_ALPHA_RESPONSE	entry4_PF_PLT_noD3__all_valid	GBP2
INTERFERON_ALPHA_RESPONSE	entry4_PF_PLT_noD3__all_valid	OGFR
INTERFERON_ALPHA_RESPONSE	entry4_PF_PLT_noD3__all_valid	IRF1
INTERFERON_ALPHA_RESPONSE	entry4_PF_PLT_noD3__all_valid	SLC25A28
INTERFERON_ALPHA_RESPONSE	entry4_PF_PLT_noD3__all_valid	SP110
INTERFERON_ALPHA_RESPONSE	entry4_PF_PLT_noD3__all_valid	HLA-C
INTERFERON_ALPHA_RESPONSE	entry4_PF_PLT_noD3__all_valid	IRF7
INTERFERON_GAMMA_RESPONSE	entry4_PF_PLT_noD3__all_valid	UPP1
INTERFERON_GAMMA_RESPONSE	entry4_PF_PLT_noD3__all_valid	TRIM25
INTERFERON_GAMMA_RESPONSE	entry4_PF_PLT_noD3__all_valid	PLSCR1
INTERFERON_GAMMA_RESPONSE	entry4_PF_PLT_noD3__all_valid	STAT3
INTERFERON_GAMMA_RESPONSE	entry4_PF_PLT_noD3__all_valid	SOCS3
INTERFERON_GAMMA_RESPONSE	entry4_PF_PLT_noD3__all_valid	LATS2
INTERFERON_GAMMA_RESPONSE	entry4_PF_PLT_noD3__all_valid	EIF4E3
INTERFERON_GAMMA_RESPONSE	entry4_PF_PLT_noD3__all_valid	TRAFD1
INTERFERON_GAMMA_RESPONSE	entry4_PF_PLT_noD3__all_valid	PIM1
INTERFERON_GAMMA_RESPONSE	entry4_PF_PLT_noD3__all_valid	FPR1
INTERFERON_GAMMA_RESPONSE	entry4_PF_PLT_noD3__all_valid	ADAR
INTERFERON_GAMMA_RESPONSE	entry4_PF_PLT_noD3__all_valid	NFKB1
INTERFERON_GAMMA_RESPONSE	entry4_PF_PLT_noD3__all_valid	PTPN1
INTERFERON_GAMMA_RESPONSE	entry4_PF_PLT_noD3__all_valid	NFKBIA
INTERFERON_GAMMA_RESPONSE	entry4_PF_PLT_noD3__all_valid	IL4R
INTERFERON_GAMMA_RESPONSE	entry4_PF_PLT_noD3__all_valid	NLRC5
INTERFERON_GAMMA_RESPONSE	entry4_PF_PLT_noD3__all_valid	JAK2
INTERFERON_GAMMA_RESPONSE	entry4_PF_PLT_noD3__all_valid	LCP2
INTERFERON_GAMMA_RESPONSE	entry4_PF_PLT_noD3__all_valid	CSF2RB
INTERFERON_GAMMA_RESPONSE	entry4_PF_PLT_noD3__all_valid	HIF1A
INTERFERON_GAMMA_RESPONSE	entry4_PF_PLT_noD3__all_valid	TRIM21
INTERFERON_GAMMA_RESPONSE	entry4_PF_PLT_noD3__all_valid	IFITM2
INTERFERON_GAMMA_RESPONSE	entry4_PF_PLT_noD3__all_valid	IRF2
INTERFERON_GAMMA_RESPONSE	entry4_PF_PLT_noD3__all_valid	FAS
INTERFERON_GAMMA_RESPONSE	entry4_PF_PLT_noD3__all_valid	ZNFX1
INTERFERON_GAMMA_RESPONSE	entry4_PF_PLT_noD3__all_valid	MYD88
INTERFERON_GAMMA_RESPONSE	entry4_PF_PLT_noD3__all_valid	IFITM3
INTERFERON_GAMMA_RESPONSE	entry4_PF_PLT_noD3__all_valid	CD274
INTERFERON_GAMMA_RESPONSE	entry4_PF_PLT_noD3__all_valid	TOR1B
INTERFERON_GAMMA_RESPONSE	entry4_PF_PLT_noD3__all_valid	TAPBP
INTERFERON_GAMMA_RESPONSE	entry4_PF_PLT_noD3__all_valid	MVP
INTERFERON_GAMMA_RESPONSE	entry4_PF_PLT_noD3__all_valid	TMT1B
INTERFERON_GAMMA_RESPONSE	entry4_PF_PLT_noD3__all_valid	PELI1
INTERFERON_GAMMA_RESPONSE	entry4_PF_PLT_noD3__all_valid	PTPN6
INTERFERON_GAMMA_RESPONSE	entry4_PF_PLT_noD3__all_valid	TNFAIP3
INTERFERON_GAMMA_RESPONSE	entry4_PF_PLT_noD3__all_valid	EIF2AK2
INTERFERON_GAMMA_RESPONSE	entry4_PF_PLT_noD3__all_valid	NAMPT
INTERFERON_GAMMA_RESPONSE	entry4_PF_PLT_noD3__all_valid	FCGR1A
INTERFERON_GAMMA_RESPONSE	entry4_PF_PLT_noD3__all_valid	CASP4
INTERFERON_GAMMA_RESPONSE	entry4_PF_PLT_noD3__all_valid	ARID5B
INTERFERON_GAMMA_RESPONSE	entry4_PF_PLT_noD3__all_valid	RNF213
INTERFERON_GAMMA_RESPONSE	entry4_PF_PLT_noD3__all_valid	SOCS1
INTERFERON_GAMMA_RESPONSE	entry4_PF_PLT_noD3__all_valid	NMI
INTERFERON_GAMMA_RESPONSE	entry4_PF_PLT_noD3__all_valid	IRF9
INTERFERON_GAMMA_RESPONSE	entry4_PF_PLT_noD3__all_valid	TAP1
INTERFERON_GAMMA_RESPONSE	entry4_PF_PLT_noD3__all_valid	TDRD7
INTERFERON_GAMMA_RESPONSE	entry4_PF_PLT_noD3__all_valid	SELP
INTERFERON_GAMMA_RESPONSE	entry4_PF_PLT_noD3__all_valid	ICAM1
INTERFERON_GAMMA_RESPONSE	entry4_PF_PLT_noD3__all_valid	HELZ2
INTERFERON_GAMMA_RESPONSE	entry4_PF_PLT_noD3__all_valid	TNFAIP6
INTERFERON_GAMMA_RESPONSE	entry4_PF_PLT_noD3__all_valid	RIPK1
INTERFERON_GAMMA_RESPONSE	entry4_PF_PLT_noD3__all_valid	C1R
INTERFERON_GAMMA_RESPONSE	entry4_PF_PLT_noD3__all_valid	SPPL2A
INTERFERON_GAMMA_RESPONSE	entry4_PF_PLT_noD3__all_valid	OGFR
INTERFERON_GAMMA_RESPONSE	entry4_PF_PLT_noD3__all_valid	IRF1
INTERFERON_GAMMA_RESPONSE	entry4_PF_PLT_noD3__all_valid	RBCK1
INTERFERON_GAMMA_RESPONSE	entry4_PF_PLT_noD3__all_valid	SLC25A28
INTERFERON_GAMMA_RESPONSE	entry4_PF_PLT_noD3__all_valid	SP110
INTERFERON_GAMMA_RESPONSE	entry4_PF_PLT_noD3__all_valid	TNFSF10
INTERFERON_GAMMA_RESPONSE	entry4_PF_PLT_noD3__all_valid	ST8SIA4
INTERFERON_GAMMA_RESPONSE	entry4_PF_PLT_noD3__all_valid	IFNAR2
INTERFERON_GAMMA_RESPONSE	entry4_PF_PLT_noD3__all_valid	GCH1
INTERFERON_GAMMA_RESPONSE	entry4_PF_PLT_noD3__all_valid	IRF7
KRAS_SIGNALING_DN	entry4_PF_PLT_noD3__all_valid	ZBTB16
KRAS_SIGNALING_DN	entry4_PF_PLT_noD3__all_valid	ENTPD7
KRAS_SIGNALING_DN	entry4_PF_PLT_noD3__all_valid	PTPRJ
KRAS_SIGNALING_DN	entry4_PF_PLT_noD3__all_valid	ASB7
KRAS_SIGNALING_DN	entry4_PF_PLT_noD3__all_valid	CPEB3
KRAS_SIGNALING_DN	entry4_PF_PLT_noD3__all_valid	CCNA1
KRAS_SIGNALING_DN	entry4_PF_PLT_noD3__all_valid	TG
KRAS_SIGNALING_DN	entry4_PF_PLT_noD3__all_valid	MEFV
KRAS_SIGNALING_DN	entry4_PF_PLT_noD3__all_valid	STAG3
KRAS_SIGNALING_DN	entry4_PF_PLT_noD3__all_valid	BARD1
KRAS_SIGNALING_DN	entry4_PF_PLT_noD3__all_valid	KCND1
KRAS_SIGNALING_DN	entry4_PF_PLT_noD3__all_valid	PTGFR
KRAS_SIGNALING_DN	entry4_PF_PLT_noD3__all_valid	MAST3
KRAS_SIGNALING_DN	entry4_PF_PLT_noD3__all_valid	MAGIX
KRAS_SIGNALING_DN	entry4_PF_PLT_noD3__all_valid	NR6A1
KRAS_SIGNALING_DN	entry4_PF_PLT_noD3__all_valid	KMT2D
KRAS_SIGNALING_DN	entry4_PF_PLT_noD3__all_valid	KLHDC8A
KRAS_SIGNALING_DN	entry4_PF_PLT_noD3__all_valid	HSD11B2
KRAS_SIGNALING_DN	entry4_PF_PLT_noD3__all_valid	GTF3C5
KRAS_SIGNALING_DN	entry4_PF_PLT_noD3__all_valid	GP1BA
KRAS_SIGNALING_DN	entry4_PF_PLT_noD3__all_valid	CHST2
KRAS_SIGNALING_DN	entry4_PF_PLT_noD3__all_valid	RYR2
KRAS_SIGNALING_DN	entry4_PF_PLT_noD3__all_valid	NR4A2
KRAS_SIGNALING_UP	entry4_PF_PLT_noD3__all_valid	MMP9
KRAS_SIGNALING_UP	entry4_PF_PLT_noD3__all_valid	ARG1
KRAS_SIGNALING_UP	entry4_PF_PLT_noD3__all_valid	LAT2
KRAS_SIGNALING_UP	entry4_PF_PLT_noD3__all_valid	GALNT3
KRAS_SIGNALING_UP	entry4_PF_PLT_noD3__all_valid	CDADC1
KRAS_SIGNALING_UP	entry4_PF_PLT_noD3__all_valid	AVL9
KRAS_SIGNALING_UP	entry4_PF_PLT_noD3__all_valid	TLR8
KRAS_SIGNALING_UP	entry4_PF_PLT_noD3__all_valid	C3AR1
KRAS_SIGNALING_UP	entry4_PF_PLT_noD3__all_valid	LCP1
KRAS_SIGNALING_UP	entry4_PF_PLT_noD3__all_valid	TOR1AIP2
KRAS_SIGNALING_UP	entry4_PF_PLT_noD3__all_valid	F2RL1
KRAS_SIGNALING_UP	entry4_PF_PLT_noD3__all_valid	CSF2RA
KRAS_SIGNALING_UP	entry4_PF_PLT_noD3__all_valid	NIN
KRAS_SIGNALING_UP	entry4_PF_PLT_noD3__all_valid	PTBP2
KRAS_SIGNALING_UP	entry4_PF_PLT_noD3__all_valid	PPP1R15A
KRAS_SIGNALING_UP	entry4_PF_PLT_noD3__all_valid	DOCK2
KRAS_SIGNALING_UP	entry4_PF_PLT_noD3__all_valid	TNFAIP3
KRAS_SIGNALING_UP	entry4_PF_PLT_noD3__all_valid	GADD45G
KRAS_SIGNALING_UP	entry4_PF_PLT_noD3__all_valid	CBL
KRAS_SIGNALING_UP	entry4_PF_PLT_noD3__all_valid	TRIB1
KRAS_SIGNALING_UP	entry4_PF_PLT_noD3__all_valid	TFPI
KRAS_SIGNALING_UP	entry4_PF_PLT_noD3__all_valid	MAP3K1
KRAS_SIGNALING_UP	entry4_PF_PLT_noD3__all_valid	ADAM17
KRAS_SIGNALING_UP	entry4_PF_PLT_noD3__all_valid	ADAM8
KRAS_SIGNALING_UP	entry4_PF_PLT_noD3__all_valid	EMP1
KRAS_SIGNALING_UP	entry4_PF_PLT_noD3__all_valid	CA2
KRAS_SIGNALING_UP	entry4_PF_PLT_noD3__all_valid	RETN
KRAS_SIGNALING_UP	entry4_PF_PLT_noD3__all_valid	LY96
KRAS_SIGNALING_UP	entry4_PF_PLT_noD3__all_valid	MTMR10
KRAS_SIGNALING_UP	entry4_PF_PLT_noD3__all_valid	LAPTM5
KRAS_SIGNALING_UP	entry4_PF_PLT_noD3__all_valid	GLRX
KRAS_SIGNALING_UP	entry4_PF_PLT_noD3__all_valid	SPRY2
KRAS_SIGNALING_UP	entry4_PF_PLT_noD3__all_valid	ITGB2
MITOTIC_SPINDLE	entry4_PF_PLT_noD3__all_valid	CDK5RAP2
MITOTIC_SPINDLE	entry4_PF_PLT_noD3__all_valid	RANBP9
MITOTIC_SPINDLE	entry4_PF_PLT_noD3__all_valid	KIF1B
MITOTIC_SPINDLE	entry4_PF_PLT_noD3__all_valid	CLASP1
MITOTIC_SPINDLE	entry4_PF_PLT_noD3__all_valid	TUBA4A
MITOTIC_SPINDLE	entry4_PF_PLT_noD3__all_valid	ARL8A
MITOTIC_SPINDLE	entry4_PF_PLT_noD3__all_valid	GSN
MITOTIC_SPINDLE	entry4_PF_PLT_noD3__all_valid	PPP4R2
MITOTIC_SPINDLE	entry4_PF_PLT_noD3__all_valid	FGD4
MITOTIC_SPINDLE	entry4_PF_PLT_noD3__all_valid	AKAP13
MITOTIC_SPINDLE	entry4_PF_PLT_noD3__all_valid	PREX1
MITOTIC_SPINDLE	entry4_PF_PLT_noD3__all_valid	KIF3C
MITOTIC_SPINDLE	entry4_PF_PLT_noD3__all_valid	LMNB1
MITOTIC_SPINDLE	entry4_PF_PLT_noD3__all_valid	CDC42EP2
MITOTIC_SPINDLE	entry4_PF_PLT_noD3__all_valid	SPTBN1
MITOTIC_SPINDLE	entry4_PF_PLT_noD3__all_valid	KLC1
MITOTIC_SPINDLE	entry4_PF_PLT_noD3__all_valid	WASF2
MITOTIC_SPINDLE	entry4_PF_PLT_noD3__all_valid	ROCK1
MITOTIC_SPINDLE	entry4_PF_PLT_noD3__all_valid	PAFAH1B1
MITOTIC_SPINDLE	entry4_PF_PLT_noD3__all_valid	SSH2
MITOTIC_SPINDLE	entry4_PF_PLT_noD3__all_valid	NCK2
MITOTIC_SPINDLE	entry4_PF_PLT_noD3__all_valid	CSNK1D
MITOTIC_SPINDLE	entry4_PF_PLT_noD3__all_valid	NIN
MITOTIC_SPINDLE	entry4_PF_PLT_noD3__all_valid	ARHGEF11
MITOTIC_SPINDLE	entry4_PF_PLT_noD3__all_valid	RASA2
MITOTIC_SPINDLE	entry4_PF_PLT_noD3__all_valid	CDC42EP4
MITOTIC_SPINDLE	entry4_PF_PLT_noD3__all_valid	CNTROB
MITOTIC_SPINDLE	entry4_PF_PLT_noD3__all_valid	ARFGEF1
MITOTIC_SPINDLE	entry4_PF_PLT_noD3__all_valid	RALBP1
MITOTIC_SPINDLE	entry4_PF_PLT_noD3__all_valid	DOCK2
MITOTIC_SPINDLE	entry4_PF_PLT_noD3__all_valid	PXN
MITOTIC_SPINDLE	entry4_PF_PLT_noD3__all_valid	CLIP1
MITOTIC_SPINDLE	entry4_PF_PLT_noD3__all_valid	CDC42BPA
MITOTIC_SPINDLE	entry4_PF_PLT_noD3__all_valid	MARCKS
MITOTIC_SPINDLE	entry4_PF_PLT_noD3__all_valid	NF1
MITOTIC_SPINDLE	entry4_PF_PLT_noD3__all_valid	STAU1
MITOTIC_SPINDLE	entry4_PF_PLT_noD3__all_valid	RASA1
MITOTIC_SPINDLE	entry4_PF_PLT_noD3__all_valid	MYH9
MITOTIC_SPINDLE	entry4_PF_PLT_noD3__all_valid	NOTCH2
MITOTIC_SPINDLE	entry4_PF_PLT_noD3__all_valid	CDC42EP1
MITOTIC_SPINDLE	entry4_PF_PLT_noD3__all_valid	CAPZB
MITOTIC_SPINDLE	entry4_PF_PLT_noD3__all_valid	ARHGEF12
MITOTIC_SPINDLE	entry4_PF_PLT_noD3__all_valid	APC
MITOTIC_SPINDLE	entry4_PF_PLT_noD3__all_valid	KIF5B
MITOTIC_SPINDLE	entry4_PF_PLT_noD3__all_valid	NEDD9
MITOTIC_SPINDLE	entry4_PF_PLT_noD3__all_valid	CDC42
MITOTIC_SPINDLE	entry4_PF_PLT_noD3__all_valid	TUBD1
MITOTIC_SPINDLE	entry4_PF_PLT_noD3__all_valid	KIF4A
MITOTIC_SPINDLE	entry4_PF_PLT_noD3__all_valid	ECT2
MITOTIC_SPINDLE	entry4_PF_PLT_noD3__all_valid	FLNB
MITOTIC_SPINDLE	entry4_PF_PLT_noD3__all_valid	TTK
MITOTIC_SPINDLE	entry4_PF_PLT_noD3__all_valid	KIF11
MITOTIC_SPINDLE	entry4_PF_PLT_noD3__all_valid	KPTN
MITOTIC_SPINDLE	entry4_PF_PLT_noD3__all_valid	ARHGAP27
MITOTIC_SPINDLE	entry4_PF_PLT_noD3__all_valid	ABI1
MITOTIC_SPINDLE	entry4_PF_PLT_noD3__all_valid	PRC1
MITOTIC_SPINDLE	entry4_PF_PLT_noD3__all_valid	ARHGEF2
MITOTIC_SPINDLE	entry4_PF_PLT_noD3__all_valid	VCL
MITOTIC_SPINDLE	entry4_PF_PLT_noD3__all_valid	MYH10
MITOTIC_SPINDLE	entry4_PF_PLT_noD3__all_valid	ABR
MITOTIC_SPINDLE	entry4_PF_PLT_noD3__all_valid	ITSN1
MITOTIC_SPINDLE	entry4_PF_PLT_noD3__all_valid	ACTN4
MITOTIC_SPINDLE	entry4_PF_PLT_noD3__all_valid	MARK4
MITOTIC_SPINDLE	entry4_PF_PLT_noD3__all_valid	PDLIM5
MITOTIC_SPINDLE	entry4_PF_PLT_noD3__all_valid	MAP1S
MITOTIC_SPINDLE	entry4_PF_PLT_noD3__all_valid	KIF23
MITOTIC_SPINDLE	entry4_PF_PLT_noD3__all_valid	SOS1
MITOTIC_SPINDLE	entry4_PF_PLT_noD3__all_valid	TLK1
MITOTIC_SPINDLE	entry4_PF_PLT_noD3__all_valid	HDAC6
MITOTIC_SPINDLE	entry4_PF_PLT_noD3__all_valid	MAPRE1
MITOTIC_SPINDLE	entry4_PF_PLT_noD3__all_valid	MYO9B
MITOTIC_SPINDLE	entry4_PF_PLT_noD3__all_valid	AURKA
MITOTIC_SPINDLE	entry4_PF_PLT_noD3__all_valid	KIF15
MITOTIC_SPINDLE	entry4_PF_PLT_noD3__all_valid	MAP3K11
MITOTIC_SPINDLE	entry4_PF_PLT_noD3__all_valid	TAOK2
MITOTIC_SPINDLE	entry4_PF_PLT_noD3__all_valid	DYNLL2
MITOTIC_SPINDLE	entry4_PF_PLT_noD3__all_valid	RAB3GAP1
MITOTIC_SPINDLE	entry4_PF_PLT_noD3__all_valid	CYTH2
MITOTIC_SPINDLE	entry4_PF_PLT_noD3__all_valid	ARHGDIA
MITOTIC_SPINDLE	entry4_PF_PLT_noD3__all_valid	CEP192
MITOTIC_SPINDLE	entry4_PF_PLT_noD3__all_valid	KATNB1
MITOTIC_SPINDLE	entry4_PF_PLT_noD3__all_valid	TUBGCP2
MITOTIC_SPINDLE	entry4_PF_PLT_noD3__all_valid	CLIP2
MITOTIC_SPINDLE	entry4_PF_PLT_noD3__all_valid	ARAP3
MTORC1_SIGNALING	entry4_PF_PLT_noD3__all_valid	NFIL3
MTORC1_SIGNALING	entry4_PF_PLT_noD3__all_valid	SLC2A3
MTORC1_SIGNALING	entry4_PF_PLT_noD3__all_valid	GSR
MTORC1_SIGNALING	entry4_PF_PLT_noD3__all_valid	SLA
MTORC1_SIGNALING	entry4_PF_PLT_noD3__all_valid	TUBA4A
MTORC1_SIGNALING	entry4_PF_PLT_noD3__all_valid	IDI1
MTORC1_SIGNALING	entry4_PF_PLT_noD3__all_valid	NIBAN1
MTORC1_SIGNALING	entry4_PF_PLT_noD3__all_valid	SKAP2
MTORC1_SIGNALING	entry4_PF_PLT_noD3__all_valid	HK2
MTORC1_SIGNALING	entry4_PF_PLT_noD3__all_valid	ACSL3
MTORC1_SIGNALING	entry4_PF_PLT_noD3__all_valid	LDLR
MTORC1_SIGNALING	entry4_PF_PLT_noD3__all_valid	MAP2K3
MTORC1_SIGNALING	entry4_PF_PLT_noD3__all_valid	SLC2A1
MTORC1_SIGNALING	entry4_PF_PLT_noD3__all_valid	PGM1
MTORC1_SIGNALING	entry4_PF_PLT_noD3__all_valid	SLC6A6
MTORC1_SIGNALING	entry4_PF_PLT_noD3__all_valid	LDHA
MTORC1_SIGNALING	entry4_PF_PLT_noD3__all_valid	DHCR7
MTORC1_SIGNALING	entry4_PF_PLT_noD3__all_valid	GSK3B
MTORC1_SIGNALING	entry4_PF_PLT_noD3__all_valid	NUPR1
MTORC1_SIGNALING	entry4_PF_PLT_noD3__all_valid	GLA
MTORC1_SIGNALING	entry4_PF_PLT_noD3__all_valid	PGK1
MTORC1_SIGNALING	entry4_PF_PLT_noD3__all_valid	GAPDH
MTORC1_SIGNALING	entry4_PF_PLT_noD3__all_valid	RAB1A
MTORC1_SIGNALING	entry4_PF_PLT_noD3__all_valid	G6PD
MTORC1_SIGNALING	entry4_PF_PLT_noD3__all_valid	RIT1
MTORC1_SIGNALING	entry4_PF_PLT_noD3__all_valid	GBE1
MTORC1_SIGNALING	entry4_PF_PLT_noD3__all_valid	PPP1R15A
MTORC1_SIGNALING	entry4_PF_PLT_noD3__all_valid	TXNRD1
MTORC1_SIGNALING	entry4_PF_PLT_noD3__all_valid	NFYC
MTORC1_SIGNALING	entry4_PF_PLT_noD3__all_valid	ALDOA
MTORC1_SIGNALING	entry4_PF_PLT_noD3__all_valid	ACTR2
MTORC1_SIGNALING	entry4_PF_PLT_noD3__all_valid	UBE2D3
MTORC1_SIGNALING	entry4_PF_PLT_noD3__all_valid	NAMPT
MYC_TARGETS_V1	entry4_PF_PLT_noD3__all_valid	DDX18
MYC_TARGETS_V1	entry4_PF_PLT_noD3__all_valid	SRSF7
MYC_TARGETS_V1	entry4_PF_PLT_noD3__all_valid	BUB3
MYC_TARGETS_V1	entry4_PF_PLT_noD3__all_valid	SNRPA1
MYC_TARGETS_V1	entry4_PF_PLT_noD3__all_valid	SYNCRIP
MYC_TARGETS_V1	entry4_PF_PLT_noD3__all_valid	NPM1
MYC_TARGETS_V1	entry4_PF_PLT_noD3__all_valid	G3BP1
MYC_TARGETS_V1	entry4_PF_PLT_noD3__all_valid	HNRNPR
MYC_TARGETS_V1	entry4_PF_PLT_noD3__all_valid	ABCE1
MYC_TARGETS_V1	entry4_PF_PLT_noD3__all_valid	RPL34
MYC_TARGETS_V1	entry4_PF_PLT_noD3__all_valid	EEF1B2
MYC_TARGETS_V1	entry4_PF_PLT_noD3__all_valid	RPL22
MYC_TARGETS_V1	entry4_PF_PLT_noD3__all_valid	FBL
MYC_TARGETS_V1	entry4_PF_PLT_noD3__all_valid	TOMM70
MYC_TARGETS_V1	entry4_PF_PLT_noD3__all_valid	CLNS1A
MYC_TARGETS_V1	entry4_PF_PLT_noD3__all_valid	MRPS18B
MYC_TARGETS_V1	entry4_PF_PLT_noD3__all_valid	RPS5
MYC_TARGETS_V1	entry4_PF_PLT_noD3__all_valid	RPS2
MYC_TARGETS_V1	entry4_PF_PLT_noD3__all_valid	RPL6
MYC_TARGETS_V1	entry4_PF_PLT_noD3__all_valid	MYC
MYC_TARGETS_V1	entry4_PF_PLT_noD3__all_valid	RSL1D1
MYC_TARGETS_V1	entry4_PF_PLT_noD3__all_valid	SET
MYC_TARGETS_V1	entry4_PF_PLT_noD3__all_valid	SNRPD2
MYC_TARGETS_V1	entry4_PF_PLT_noD3__all_valid	RPS6
MYC_TARGETS_V1	entry4_PF_PLT_noD3__all_valid	SSBP1
MYC_TARGETS_V1	entry4_PF_PLT_noD3__all_valid	RAN
MYC_TARGETS_V1	entry4_PF_PLT_noD3__all_valid	MAD2L1
MYC_TARGETS_V1	entry4_PF_PLT_noD3__all_valid	CCT4
MYC_TARGETS_V1	entry4_PF_PLT_noD3__all_valid	APEX1
MYC_TARGETS_V1	entry4_PF_PLT_noD3__all_valid	PPIA
MYC_TARGETS_V1	entry4_PF_PLT_noD3__all_valid	NOP56
MYC_TARGETS_V1	entry4_PF_PLT_noD3__all_valid	RPLP0
MYC_TARGETS_V1	entry4_PF_PLT_noD3__all_valid	DDX21
MYC_TARGETS_V1	entry4_PF_PLT_noD3__all_valid	EIF3D
MYC_TARGETS_V1	entry4_PF_PLT_noD3__all_valid	ILF2
MYC_TARGETS_V1	entry4_PF_PLT_noD3__all_valid	RPS10
MYC_TARGETS_V1	entry4_PF_PLT_noD3__all_valid	PHB1
MYC_TARGETS_V1	entry4_PF_PLT_noD3__all_valid	CCT2
MYC_TARGETS_V1	entry4_PF_PLT_noD3__all_valid	NDUFAB1
MYC_TARGETS_V1	entry4_PF_PLT_noD3__all_valid	HSPD1
MYC_TARGETS_V1	entry4_PF_PLT_noD3__all_valid	GLO1
MYC_TARGETS_V1	entry4_PF_PLT_noD3__all_valid	IARS1
MYC_TARGETS_V1	entry4_PF_PLT_noD3__all_valid	EPRS1
MYC_TARGETS_V1	entry4_PF_PLT_noD3__all_valid	NCBP2
MYC_TARGETS_V1	entry4_PF_PLT_noD3__all_valid	HNRNPD
MYC_TARGETS_V1	entry4_PF_PLT_noD3__all_valid	PSMD8
MYC_TARGETS_V1	entry4_PF_PLT_noD3__all_valid	STARD7
MYC_TARGETS_V1	entry4_PF_PLT_noD3__all_valid	VDAC1
MYC_TARGETS_V1	entry4_PF_PLT_noD3__all_valid	RPL18
MYC_TARGETS_V1	entry4_PF_PLT_noD3__all_valid	PSMD14
MYC_TARGETS_V1	entry4_PF_PLT_noD3__all_valid	POLE3
MYC_TARGETS_V1	entry4_PF_PLT_noD3__all_valid	HNRNPA1
MYC_TARGETS_V1	entry4_PF_PLT_noD3__all_valid	GNL3
MYC_TARGETS_V1	entry4_PF_PLT_noD3__all_valid	IMPDH2
MYC_TARGETS_V1	entry4_PF_PLT_noD3__all_valid	EIF2S1
MYC_TARGETS_V1	entry4_PF_PLT_noD3__all_valid	RPS3
MYC_TARGETS_V1	entry4_PF_PLT_noD3__all_valid	RACK1
MYC_TARGETS_V1	entry4_PF_PLT_noD3__all_valid	SRSF3
MYC_TARGETS_V1	entry4_PF_PLT_noD3__all_valid	PSMA2
MYC_TARGETS_V1	entry4_PF_PLT_noD3__all_valid	MRPL9
MYC_TARGETS_V1	entry4_PF_PLT_noD3__all_valid	DHX15
MYC_TARGETS_V1	entry4_PF_PLT_noD3__all_valid	DUT
MYC_TARGETS_V1	entry4_PF_PLT_noD3__all_valid	PABPC4
MYC_TARGETS_V1	entry4_PF_PLT_noD3__all_valid	ERH
MYC_TARGETS_V1	entry4_PF_PLT_noD3__all_valid	HNRNPA3
MYC_TARGETS_V1	entry4_PF_PLT_noD3__all_valid	SNRPA
MYC_TARGETS_V1	entry4_PF_PLT_noD3__all_valid	RPL14
MYC_TARGETS_V1	entry4_PF_PLT_noD3__all_valid	PRPS2
MYC_TARGETS_V1	entry4_PF_PLT_noD3__all_valid	TUFM
MYC_TARGETS_V1	entry4_PF_PLT_noD3__all_valid	CDK4
MYC_TARGETS_V1	entry4_PF_PLT_noD3__all_valid	CTPS1
MYC_TARGETS_V1	entry4_PF_PLT_noD3__all_valid	PRDX4
MYC_TARGETS_V1	entry4_PF_PLT_noD3__all_valid	CCT7
MYC_TARGETS_V1	entry4_PF_PLT_noD3__all_valid	RRP9
MYC_TARGETS_V1	entry4_PF_PLT_noD3__all_valid	YWHAQ
MYC_TARGETS_V1	entry4_PF_PLT_noD3__all_valid	HDAC2
MYC_TARGETS_V1	entry4_PF_PLT_noD3__all_valid	KARS1
MYC_TARGETS_V1	entry4_PF_PLT_noD3__all_valid	C1QBP
MYC_TARGETS_V1	entry4_PF_PLT_noD3__all_valid	NME1
MYC_TARGETS_V1	entry4_PF_PLT_noD3__all_valid	NOLC1
MYC_TARGETS_V1	entry4_PF_PLT_noD3__all_valid	RANBP1
MYC_TARGETS_V1	entry4_PF_PLT_noD3__all_valid	RFC4
MYC_TARGETS_V1	entry4_PF_PLT_noD3__all_valid	VDAC3
MYC_TARGETS_V1	entry4_PF_PLT_noD3__all_valid	SMARCC1
MYC_TARGETS_V1	entry4_PF_PLT_noD3__all_valid	MRPL23
MYC_TARGETS_V1	entry4_PF_PLT_noD3__all_valid	SNRPD3
MYC_TARGETS_V1	entry4_PF_PLT_noD3__all_valid	AIMP2
MYC_TARGETS_V1	entry4_PF_PLT_noD3__all_valid	SERBP1
MYC_TARGETS_V1	entry4_PF_PLT_noD3__all_valid	COX5A
MYC_TARGETS_V1	entry4_PF_PLT_noD3__all_valid	PCNA
MYC_TARGETS_V1	entry4_PF_PLT_noD3__all_valid	HDDC2
MYC_TARGETS_V1	entry4_PF_PLT_noD3__all_valid	EIF4A1
MYC_TARGETS_V1	entry4_PF_PLT_noD3__all_valid	SSB
MYC_TARGETS_V1	entry4_PF_PLT_noD3__all_valid	ACP1
MYC_TARGETS_V1	entry4_PF_PLT_noD3__all_valid	UBE2E1
MYC_TARGETS_V1	entry4_PF_PLT_noD3__all_valid	SRM
MYC_TARGETS_V1	entry4_PF_PLT_noD3__all_valid	MCM5
MYC_TARGETS_V1	entry4_PF_PLT_noD3__all_valid	PHB2
MYC_TARGETS_V1	entry4_PF_PLT_noD3__all_valid	NCBP1
MYC_TARGETS_V1	entry4_PF_PLT_noD3__all_valid	CUL1
MYC_TARGETS_V1	entry4_PF_PLT_noD3__all_valid	SNRPD1
MYC_TARGETS_V1	entry4_PF_PLT_noD3__all_valid	UBA2
MYC_TARGETS_V1	entry4_PF_PLT_noD3__all_valid	SRSF1
MYC_TARGETS_V1	entry4_PF_PLT_noD3__all_valid	NOP16
MYC_TARGETS_V1	entry4_PF_PLT_noD3__all_valid	HSPE1
MYC_TARGETS_V1	entry4_PF_PLT_noD3__all_valid	TXNL4A
MYC_TARGETS_V1	entry4_PF_PLT_noD3__all_valid	CANX
MYC_TARGETS_V1	entry4_PF_PLT_noD3__all_valid	SNRPB2
MYC_TARGETS_V1	entry4_PF_PLT_noD3__all_valid	ODC1
MYC_TARGETS_V1	entry4_PF_PLT_noD3__all_valid	EIF4E
MYC_TARGETS_V1	entry4_PF_PLT_noD3__all_valid	SRSF2
MYC_TARGETS_V1	entry4_PF_PLT_noD3__all_valid	SF3B3
MYC_TARGETS_V1	entry4_PF_PLT_noD3__all_valid	XRCC6
MYC_TARGETS_V1	entry4_PF_PLT_noD3__all_valid	NAP1L1
MYC_TARGETS_V1	entry4_PF_PLT_noD3__all_valid	POLD2
MYC_TARGETS_V1	entry4_PF_PLT_noD3__all_valid	SLC25A3
MYC_TARGETS_V1	entry4_PF_PLT_noD3__all_valid	CAD
MYC_TARGETS_V1	entry4_PF_PLT_noD3__all_valid	CSTF2
MYC_TARGETS_V1	entry4_PF_PLT_noD3__all_valid	COPS5
MYC_TARGETS_V1	entry4_PF_PLT_noD3__all_valid	EIF2S2
MYC_TARGETS_V1	entry4_PF_PLT_noD3__all_valid	GOT2
MYC_TARGETS_V1	entry4_PF_PLT_noD3__all_valid	PSMB2
MYC_TARGETS_V1	entry4_PF_PLT_noD3__all_valid	PWP1
MYC_TARGETS_V1	entry4_PF_PLT_noD3__all_valid	LSM7
MYC_TARGETS_V1	entry4_PF_PLT_noD3__all_valid	CCT3
MYC_TARGETS_V1	entry4_PF_PLT_noD3__all_valid	PPM1G
MYC_TARGETS_V1	entry4_PF_PLT_noD3__all_valid	SNRPG
MYC_TARGETS_V1	entry4_PF_PLT_noD3__all_valid	NHP2
MYC_TARGETS_V2	entry4_PF_PLT_noD3__all_valid	DDX18
MYC_TARGETS_V2	entry4_PF_PLT_noD3__all_valid	WDR43
MYC_TARGETS_V2	entry4_PF_PLT_noD3__all_valid	NPM1
MYC_TARGETS_V2	entry4_PF_PLT_noD3__all_valid	UTP20
MYC_TARGETS_V2	entry4_PF_PLT_noD3__all_valid	NDUFAF4
MYC_TARGETS_V2	entry4_PF_PLT_noD3__all_valid	MYC
MYC_TARGETS_V2	entry4_PF_PLT_noD3__all_valid	NOP56
MYC_TARGETS_V2	entry4_PF_PLT_noD3__all_valid	PPAN
MYC_TARGETS_V2	entry4_PF_PLT_noD3__all_valid	PHB1
MYC_TARGETS_V2	entry4_PF_PLT_noD3__all_valid	HSPD1
MYC_TARGETS_V2	entry4_PF_PLT_noD3__all_valid	PES1
MYC_TARGETS_V2	entry4_PF_PLT_noD3__all_valid	MRTO4
MYC_TARGETS_V2	entry4_PF_PLT_noD3__all_valid	PUS1
MYC_TARGETS_V2	entry4_PF_PLT_noD3__all_valid	GNL3
MYC_TARGETS_V2	entry4_PF_PLT_noD3__all_valid	DCTPP1
MYC_TARGETS_V2	entry4_PF_PLT_noD3__all_valid	SORD
MYC_TARGETS_V2	entry4_PF_PLT_noD3__all_valid	GRWD1
MYC_TARGETS_V2	entry4_PF_PLT_noD3__all_valid	CDK4
MYC_TARGETS_V2	entry4_PF_PLT_noD3__all_valid	RRP9
MYC_TARGETS_V2	entry4_PF_PLT_noD3__all_valid	LAS1L
MYC_TARGETS_V2	entry4_PF_PLT_noD3__all_valid	MPHOSPH10
MYC_TARGETS_V2	entry4_PF_PLT_noD3__all_valid	NOLC1
MYC_TARGETS_V2	entry4_PF_PLT_noD3__all_valid	IMP4
MYC_TARGETS_V2	entry4_PF_PLT_noD3__all_valid	AIMP2
MYC_TARGETS_V2	entry4_PF_PLT_noD3__all_valid	PRMT3
MYC_TARGETS_V2	entry4_PF_PLT_noD3__all_valid	SRM
MYC_TARGETS_V2	entry4_PF_PLT_noD3__all_valid	MCM5
MYC_TARGETS_V2	entry4_PF_PLT_noD3__all_valid	TFB2M
MYC_TARGETS_V2	entry4_PF_PLT_noD3__all_valid	NOP16
MYC_TARGETS_V2	entry4_PF_PLT_noD3__all_valid	HSPE1
MYC_TARGETS_V2	entry4_PF_PLT_noD3__all_valid	MYBBP1A
MYC_TARGETS_V2	entry4_PF_PLT_noD3__all_valid	TBRG4
MYC_TARGETS_V2	entry4_PF_PLT_noD3__all_valid	TMEM97
MYC_TARGETS_V2	entry4_PF_PLT_noD3__all_valid	NOP2
MYC_TARGETS_V2	entry4_PF_PLT_noD3__all_valid	IPO4
MYOGENESIS	entry4_PF_PLT_noD3__all_valid	ACSL1
MYOGENESIS	entry4_PF_PLT_noD3__all_valid	GSN
MYOGENESIS	entry4_PF_PLT_noD3__all_valid	MEF2A
MYOGENESIS	entry4_PF_PLT_noD3__all_valid	ITGA7
MYOGENESIS	entry4_PF_PLT_noD3__all_valid	MYBPC3
MYOGENESIS	entry4_PF_PLT_noD3__all_valid	FOXO4
MYOGENESIS	entry4_PF_PLT_noD3__all_valid	SVIL
MYOGENESIS	entry4_PF_PLT_noD3__all_valid	KLF5
MYOGENESIS	entry4_PF_PLT_noD3__all_valid	TPM3
MYOGENESIS	entry4_PF_PLT_noD3__all_valid	GADD45B
MYOGENESIS	entry4_PF_PLT_noD3__all_valid	TGFB1
MYOGENESIS	entry4_PF_PLT_noD3__all_valid	CLU
MYOGENESIS	entry4_PF_PLT_noD3__all_valid	COL4A2
MYOGENESIS	entry4_PF_PLT_noD3__all_valid	RIT1
MYOGENESIS	entry4_PF_PLT_noD3__all_valid	DAPK2
MYOGENESIS	entry4_PF_PLT_noD3__all_valid	PDLIM7
MYOGENESIS	entry4_PF_PLT_noD3__all_valid	COL6A3
MYOGENESIS	entry4_PF_PLT_noD3__all_valid	KIFC3
MYOGENESIS	entry4_PF_PLT_noD3__all_valid	MYOM1
MYOGENESIS	entry4_PF_PLT_noD3__all_valid	DMPK
MYOGENESIS	entry4_PF_PLT_noD3__all_valid	MYH9
MYOGENESIS	entry4_PF_PLT_noD3__all_valid	MYL6B
MYOGENESIS	entry4_PF_PLT_noD3__all_valid	ATP6AP1
MYOGENESIS	entry4_PF_PLT_noD3__all_valid	NQO1
MYOGENESIS	entry4_PF_PLT_noD3__all_valid	CKB
MYOGENESIS	entry4_PF_PLT_noD3__all_valid	LSP1
MYOGENESIS	entry4_PF_PLT_noD3__all_valid	APP
MYOGENESIS	entry4_PF_PLT_noD3__all_valid	NOTCH1
MYOGENESIS	entry4_PF_PLT_noD3__all_valid	IFRD1
MYOGENESIS	entry4_PF_PLT_noD3__all_valid	GABARAPL2
MYOGENESIS	entry4_PF_PLT_noD3__all_valid	MYLK
MYOGENESIS	entry4_PF_PLT_noD3__all_valid	PYGM
MYOGENESIS	entry4_PF_PLT_noD3__all_valid	SPARC
MYOGENESIS	entry4_PF_PLT_noD3__all_valid	MYH11
MYOGENESIS	entry4_PF_PLT_noD3__all_valid	AK1
MYOGENESIS	entry4_PF_PLT_noD3__all_valid	ITGB5
MYOGENESIS	entry4_PF_PLT_noD3__all_valid	BAG1
MYOGENESIS	entry4_PF_PLT_noD3__all_valid	HDAC5
MYOGENESIS	entry4_PF_PLT_noD3__all_valid	SMTN
MYOGENESIS	entry4_PF_PLT_noD3__all_valid	SLC6A8
MYOGENESIS	entry4_PF_PLT_noD3__all_valid	AKT2
MYOGENESIS	entry4_PF_PLT_noD3__all_valid	GPX3
MYOGENESIS	entry4_PF_PLT_noD3__all_valid	IGFBP7
MYOGENESIS	entry4_PF_PLT_noD3__all_valid	ACHE
MYOGENESIS	entry4_PF_PLT_noD3__all_valid	FLII
NOTCH_SIGNALING	entry4_PF_PLT_noD3__all_valid	DTX4
NOTCH_SIGNALING	entry4_PF_PLT_noD3__all_valid	MAML2
NOTCH_SIGNALING	entry4_PF_PLT_noD3__all_valid	LFNG
NOTCH_SIGNALING	entry4_PF_PLT_noD3__all_valid	HES1
NOTCH_SIGNALING	entry4_PF_PLT_noD3__all_valid	PSEN2
NOTCH_SIGNALING	entry4_PF_PLT_noD3__all_valid	ARRB1
OXIDATIVE_PHOSPHORYLATION	entry4_PF_PLT_noD3__all_valid	MRPS30
OXIDATIVE_PHOSPHORYLATION	entry4_PF_PLT_noD3__all_valid	LRPPRC
OXIDATIVE_PHOSPHORYLATION	entry4_PF_PLT_noD3__all_valid	LDHB
OXIDATIVE_PHOSPHORYLATION	entry4_PF_PLT_noD3__all_valid	PDP1
OXIDATIVE_PHOSPHORYLATION	entry4_PF_PLT_noD3__all_valid	MRPL35
OXIDATIVE_PHOSPHORYLATION	entry4_PF_PLT_noD3__all_valid	CYCS
OXIDATIVE_PHOSPHORYLATION	entry4_PF_PLT_noD3__all_valid	TOMM70
OXIDATIVE_PHOSPHORYLATION	entry4_PF_PLT_noD3__all_valid	DLAT
OXIDATIVE_PHOSPHORYLATION	entry4_PF_PLT_noD3__all_valid	OXA1L
OXIDATIVE_PHOSPHORYLATION	entry4_PF_PLT_noD3__all_valid	TIMM17A
OXIDATIVE_PHOSPHORYLATION	entry4_PF_PLT_noD3__all_valid	MRPL15
OXIDATIVE_PHOSPHORYLATION	entry4_PF_PLT_noD3__all_valid	ABCB7
OXIDATIVE_PHOSPHORYLATION	entry4_PF_PLT_noD3__all_valid	MDH1
OXIDATIVE_PHOSPHORYLATION	entry4_PF_PLT_noD3__all_valid	ATP5MC1
OXIDATIVE_PHOSPHORYLATION	entry4_PF_PLT_noD3__all_valid	ATP5PO
OXIDATIVE_PHOSPHORYLATION	entry4_PF_PLT_noD3__all_valid	COX7C
OXIDATIVE_PHOSPHORYLATION	entry4_PF_PLT_noD3__all_valid	NDUFB5
OXIDATIVE_PHOSPHORYLATION	entry4_PF_PLT_noD3__all_valid	PDK4
OXIDATIVE_PHOSPHORYLATION	entry4_PF_PLT_noD3__all_valid	COX10
OXIDATIVE_PHOSPHORYLATION	entry4_PF_PLT_noD3__all_valid	COX6C
OXIDATIVE_PHOSPHORYLATION	entry4_PF_PLT_noD3__all_valid	HSPA9
OXIDATIVE_PHOSPHORYLATION	entry4_PF_PLT_noD3__all_valid	ATP5MC2
OXIDATIVE_PHOSPHORYLATION	entry4_PF_PLT_noD3__all_valid	SLC25A4
OXIDATIVE_PHOSPHORYLATION	entry4_PF_PLT_noD3__all_valid	ACAA2
OXIDATIVE_PHOSPHORYLATION	entry4_PF_PLT_noD3__all_valid	TOMM22
OXIDATIVE_PHOSPHORYLATION	entry4_PF_PLT_noD3__all_valid	ECHS1
OXIDATIVE_PHOSPHORYLATION	entry4_PF_PLT_noD3__all_valid	NDUFAB1
OXIDATIVE_PHOSPHORYLATION	entry4_PF_PLT_noD3__all_valid	BDH2
OXIDATIVE_PHOSPHORYLATION	entry4_PF_PLT_noD3__all_valid	NDUFS3
OXIDATIVE_PHOSPHORYLATION	entry4_PF_PLT_noD3__all_valid	NDUFA8
OXIDATIVE_PHOSPHORYLATION	entry4_PF_PLT_noD3__all_valid	MRPL11
OXIDATIVE_PHOSPHORYLATION	entry4_PF_PLT_noD3__all_valid	NDUFB2
OXIDATIVE_PHOSPHORYLATION	entry4_PF_PLT_noD3__all_valid	UQCRC2
OXIDATIVE_PHOSPHORYLATION	entry4_PF_PLT_noD3__all_valid	NDUFV1
OXIDATIVE_PHOSPHORYLATION	entry4_PF_PLT_noD3__all_valid	VDAC1
OXIDATIVE_PHOSPHORYLATION	entry4_PF_PLT_noD3__all_valid	ATP5MC3
OXIDATIVE_PHOSPHORYLATION	entry4_PF_PLT_noD3__all_valid	PHYH
OXIDATIVE_PHOSPHORYLATION	entry4_PF_PLT_noD3__all_valid	NDUFA5
OXIDATIVE_PHOSPHORYLATION	entry4_PF_PLT_noD3__all_valid	SLC25A6
OXIDATIVE_PHOSPHORYLATION	entry4_PF_PLT_noD3__all_valid	PMPCA
OXIDATIVE_PHOSPHORYLATION	entry4_PF_PLT_noD3__all_valid	TIMM13
OXIDATIVE_PHOSPHORYLATION	entry4_PF_PLT_noD3__all_valid	TIMM10
OXIDATIVE_PHOSPHORYLATION	entry4_PF_PLT_noD3__all_valid	VDAC2
OXIDATIVE_PHOSPHORYLATION	entry4_PF_PLT_noD3__all_valid	HSD17B10
OXIDATIVE_PHOSPHORYLATION	entry4_PF_PLT_noD3__all_valid	ACADSB
OXIDATIVE_PHOSPHORYLATION	entry4_PF_PLT_noD3__all_valid	TIMM9
OXIDATIVE_PHOSPHORYLATION	entry4_PF_PLT_noD3__all_valid	ECI1
OXIDATIVE_PHOSPHORYLATION	entry4_PF_PLT_noD3__all_valid	IDH2
OXIDATIVE_PHOSPHORYLATION	entry4_PF_PLT_noD3__all_valid	ACADM
OXIDATIVE_PHOSPHORYLATION	entry4_PF_PLT_noD3__all_valid	GLUD1
OXIDATIVE_PHOSPHORYLATION	entry4_PF_PLT_noD3__all_valid	ATP5F1A
OXIDATIVE_PHOSPHORYLATION	entry4_PF_PLT_noD3__all_valid	CASP7
OXIDATIVE_PHOSPHORYLATION	entry4_PF_PLT_noD3__all_valid	IMMT
OXIDATIVE_PHOSPHORYLATION	entry4_PF_PLT_noD3__all_valid	MGST3
OXIDATIVE_PHOSPHORYLATION	entry4_PF_PLT_noD3__all_valid	NDUFB8
OXIDATIVE_PHOSPHORYLATION	entry4_PF_PLT_noD3__all_valid	SLC25A5
OXIDATIVE_PHOSPHORYLATION	entry4_PF_PLT_noD3__all_valid	NDUFA6
OXIDATIVE_PHOSPHORYLATION	entry4_PF_PLT_noD3__all_valid	NDUFA4
OXIDATIVE_PHOSPHORYLATION	entry4_PF_PLT_noD3__all_valid	COX7A2
OXIDATIVE_PHOSPHORYLATION	entry4_PF_PLT_noD3__all_valid	MRPS12
OXIDATIVE_PHOSPHORYLATION	entry4_PF_PLT_noD3__all_valid	UQCRQ
OXIDATIVE_PHOSPHORYLATION	entry4_PF_PLT_noD3__all_valid	PDHA1
OXIDATIVE_PHOSPHORYLATION	entry4_PF_PLT_noD3__all_valid	UQCR10
OXIDATIVE_PHOSPHORYLATION	entry4_PF_PLT_noD3__all_valid	TIMM50
OXIDATIVE_PHOSPHORYLATION	entry4_PF_PLT_noD3__all_valid	VDAC3
OXIDATIVE_PHOSPHORYLATION	entry4_PF_PLT_noD3__all_valid	NDUFS6
OXIDATIVE_PHOSPHORYLATION	entry4_PF_PLT_noD3__all_valid	ATP5PB
OXIDATIVE_PHOSPHORYLATION	entry4_PF_PLT_noD3__all_valid	SDHD
OXIDATIVE_PHOSPHORYLATION	entry4_PF_PLT_noD3__all_valid	COX5A
OXIDATIVE_PHOSPHORYLATION	entry4_PF_PLT_noD3__all_valid	ETFA
OXIDATIVE_PHOSPHORYLATION	entry4_PF_PLT_noD3__all_valid	MRPS11
OXIDATIVE_PHOSPHORYLATION	entry4_PF_PLT_noD3__all_valid	COX4I1
OXIDATIVE_PHOSPHORYLATION	entry4_PF_PLT_noD3__all_valid	FDX1
OXIDATIVE_PHOSPHORYLATION	entry4_PF_PLT_noD3__all_valid	IDH3A
OXIDATIVE_PHOSPHORYLATION	entry4_PF_PLT_noD3__all_valid	UQCRFS1
OXIDATIVE_PHOSPHORYLATION	entry4_PF_PLT_noD3__all_valid	SUCLA2
OXIDATIVE_PHOSPHORYLATION	entry4_PF_PLT_noD3__all_valid	ATP6V1F
OXIDATIVE_PHOSPHORYLATION	entry4_PF_PLT_noD3__all_valid	MTX2
OXIDATIVE_PHOSPHORYLATION	entry4_PF_PLT_noD3__all_valid	PHB2
OXIDATIVE_PHOSPHORYLATION	entry4_PF_PLT_noD3__all_valid	OPA1
OXIDATIVE_PHOSPHORYLATION	entry4_PF_PLT_noD3__all_valid	SLC25A20
OXIDATIVE_PHOSPHORYLATION	entry4_PF_PLT_noD3__all_valid	COX11
OXIDATIVE_PHOSPHORYLATION	entry4_PF_PLT_noD3__all_valid	ATP5F1C
OXIDATIVE_PHOSPHORYLATION	entry4_PF_PLT_noD3__all_valid	SLC25A3
OXIDATIVE_PHOSPHORYLATION	entry4_PF_PLT_noD3__all_valid	FH
OXIDATIVE_PHOSPHORYLATION	entry4_PF_PLT_noD3__all_valid	ATP5PD
OXIDATIVE_PHOSPHORYLATION	entry4_PF_PLT_noD3__all_valid	NDUFB4
OXIDATIVE_PHOSPHORYLATION	entry4_PF_PLT_noD3__all_valid	UQCRB
OXIDATIVE_PHOSPHORYLATION	entry4_PF_PLT_noD3__all_valid	ATP1B1
OXIDATIVE_PHOSPHORYLATION	entry4_PF_PLT_noD3__all_valid	NNT
OXIDATIVE_PHOSPHORYLATION	entry4_PF_PLT_noD3__all_valid	GOT2
OXIDATIVE_PHOSPHORYLATION	entry4_PF_PLT_noD3__all_valid	SLC25A12
OXIDATIVE_PHOSPHORYLATION	entry4_PF_PLT_noD3__all_valid	ACO2
OXIDATIVE_PHOSPHORYLATION	entry4_PF_PLT_noD3__all_valid	MDH2
OXIDATIVE_PHOSPHORYLATION	entry4_PF_PLT_noD3__all_valid	FXN
OXIDATIVE_PHOSPHORYLATION	entry4_PF_PLT_noD3__all_valid	BAX
OXIDATIVE_PHOSPHORYLATION	entry4_PF_PLT_noD3__all_valid	ATP6V1G1
OXIDATIVE_PHOSPHORYLATION	entry4_PF_PLT_noD3__all_valid	IDH3B
P53_PATHWAY	entry4_PF_PLT_noD3__all_valid	UPP1
P53_PATHWAY	entry4_PF_PLT_noD3__all_valid	CCND3
P53_PATHWAY	entry4_PF_PLT_noD3__all_valid	NDRG1
P53_PATHWAY	entry4_PF_PLT_noD3__all_valid	TGFA
P53_PATHWAY	entry4_PF_PLT_noD3__all_valid	GADD45A
P53_PATHWAY	entry4_PF_PLT_noD3__all_valid	ZBTB16
P53_PATHWAY	entry4_PF_PLT_noD3__all_valid	DRAM1
P53_PATHWAY	entry4_PF_PLT_noD3__all_valid	STOM
P53_PATHWAY	entry4_PF_PLT_noD3__all_valid	TRAFD1
P53_PATHWAY	entry4_PF_PLT_noD3__all_valid	ABHD4
P53_PATHWAY	entry4_PF_PLT_noD3__all_valid	ACVR1B
P53_PATHWAY	entry4_PF_PLT_noD3__all_valid	PTPRE
P53_PATHWAY	entry4_PF_PLT_noD3__all_valid	MXD1
P53_PATHWAY	entry4_PF_PLT_noD3__all_valid	ALOX15B
P53_PATHWAY	entry4_PF_PLT_noD3__all_valid	CEBPA
P53_PATHWAY	entry4_PF_PLT_noD3__all_valid	APAF1
P53_PATHWAY	entry4_PF_PLT_noD3__all_valid	PRMT2
P53_PATHWAY	entry4_PF_PLT_noD3__all_valid	CD82
P53_PATHWAY	entry4_PF_PLT_noD3__all_valid	NUPR1
P53_PATHWAY	entry4_PF_PLT_noD3__all_valid	FAS
P53_PATHWAY	entry4_PF_PLT_noD3__all_valid	FOXO3
P53_PATHWAY	entry4_PF_PLT_noD3__all_valid	HEXIM1
P53_PATHWAY	entry4_PF_PLT_noD3__all_valid	CDK5R1
P53_PATHWAY	entry4_PF_PLT_noD3__all_valid	TOB1
P53_PATHWAY	entry4_PF_PLT_noD3__all_valid	TGFB1
P53_PATHWAY	entry4_PF_PLT_noD3__all_valid	RNF19B
P53_PATHWAY	entry4_PF_PLT_noD3__all_valid	RXRA
P53_PATHWAY	entry4_PF_PLT_noD3__all_valid	RHBDF2
P53_PATHWAY	entry4_PF_PLT_noD3__all_valid	PRKAB1
P53_PATHWAY	entry4_PF_PLT_noD3__all_valid	SP1
P53_PATHWAY	entry4_PF_PLT_noD3__all_valid	PPP1R15A
P53_PATHWAY	entry4_PF_PLT_noD3__all_valid	IER3
P53_PATHWAY	entry4_PF_PLT_noD3__all_valid	SOCS1
P53_PATHWAY	entry4_PF_PLT_noD3__all_valid	INHBB
P53_PATHWAY	entry4_PF_PLT_noD3__all_valid	TAP1
P53_PATHWAY	entry4_PF_PLT_noD3__all_valid	CTSD
P53_PATHWAY	entry4_PF_PLT_noD3__all_valid	SERTAD3
P53_PATHWAY	entry4_PF_PLT_noD3__all_valid	CCP110
P53_PATHWAY	entry4_PF_PLT_noD3__all_valid	DDIT4
P53_PATHWAY	entry4_PF_PLT_noD3__all_valid	GM2A
P53_PATHWAY	entry4_PF_PLT_noD3__all_valid	MKNK2
P53_PATHWAY	entry4_PF_PLT_noD3__all_valid	PLK3
P53_PATHWAY	entry4_PF_PLT_noD3__all_valid	APP
P53_PATHWAY	entry4_PF_PLT_noD3__all_valid	CSRNP2
P53_PATHWAY	entry4_PF_PLT_noD3__all_valid	STEAP3
P53_PATHWAY	entry4_PF_PLT_noD3__all_valid	NOTCH1
P53_PATHWAY	entry4_PF_PLT_noD3__all_valid	CYFIP2
P53_PATHWAY	entry4_PF_PLT_noD3__all_valid	PPM1D
P53_PATHWAY	entry4_PF_PLT_noD3__all_valid	F2R
P53_PATHWAY	entry4_PF_PLT_noD3__all_valid	S100A4
P53_PATHWAY	entry4_PF_PLT_noD3__all_valid	GPX2
P53_PATHWAY	entry4_PF_PLT_noD3__all_valid	FGF13
P53_PATHWAY	entry4_PF_PLT_noD3__all_valid	DEF6
P53_PATHWAY	entry4_PF_PLT_noD3__all_valid	ZFP36L1
P53_PATHWAY	entry4_PF_PLT_noD3__all_valid	VDR
P53_PATHWAY	entry4_PF_PLT_noD3__all_valid	TAX1BP3
P53_PATHWAY	entry4_PF_PLT_noD3__all_valid	TXNIP
P53_PATHWAY	entry4_PF_PLT_noD3__all_valid	HSPA4L
P53_PATHWAY	entry4_PF_PLT_noD3__all_valid	IP6K2
P53_PATHWAY	entry4_PF_PLT_noD3__all_valid	DNTTIP2
PEROXISOME	entry4_PF_PLT_noD3__all_valid	SLC23A2
PEROXISOME	entry4_PF_PLT_noD3__all_valid	ABCD2
PEROXISOME	entry4_PF_PLT_noD3__all_valid	CLN6
PEROXISOME	entry4_PF_PLT_noD3__all_valid	SLC25A4
PEROXISOME	entry4_PF_PLT_noD3__all_valid	ERCC3
PEROXISOME	entry4_PF_PLT_noD3__all_valid	EPHX2
PEROXISOME	entry4_PF_PLT_noD3__all_valid	HRAS
PEROXISOME	entry4_PF_PLT_noD3__all_valid	SLC35B2
PEROXISOME	entry4_PF_PLT_noD3__all_valid	DHRS3
PEROXISOME	entry4_PF_PLT_noD3__all_valid	ABCB4
PEROXISOME	entry4_PF_PLT_noD3__all_valid	CADM1
PEROXISOME	entry4_PF_PLT_noD3__all_valid	IDH2
PEROXISOME	entry4_PF_PLT_noD3__all_valid	SLC25A19
PEROXISOME	entry4_PF_PLT_noD3__all_valid	HSD17B4
PEROXISOME	entry4_PF_PLT_noD3__all_valid	PRDX1
PEROXISOME	entry4_PF_PLT_noD3__all_valid	ECI2
PEROXISOME	entry4_PF_PLT_noD3__all_valid	CTPS1
PEROXISOME	entry4_PF_PLT_noD3__all_valid	ABCB1
PEROXISOME	entry4_PF_PLT_noD3__all_valid	ACSL5
PEROXISOME	entry4_PF_PLT_noD3__all_valid	SMARCC1
PI3K_AKT_MTOR_SIGNALING	entry4_PF_PLT_noD3__all_valid	MKNK1
PI3K_AKT_MTOR_SIGNALING	entry4_PF_PLT_noD3__all_valid	CAB39
PI3K_AKT_MTOR_SIGNALING	entry4_PF_PLT_noD3__all_valid	SLA
PI3K_AKT_MTOR_SIGNALING	entry4_PF_PLT_noD3__all_valid	MAP2K6
PI3K_AKT_MTOR_SIGNALING	entry4_PF_PLT_noD3__all_valid	PRKCB
PI3K_AKT_MTOR_SIGNALING	entry4_PF_PLT_noD3__all_valid	PRKAR2A
PI3K_AKT_MTOR_SIGNALING	entry4_PF_PLT_noD3__all_valid	TNFRSF1A
PI3K_AKT_MTOR_SIGNALING	entry4_PF_PLT_noD3__all_valid	VAV3
PI3K_AKT_MTOR_SIGNALING	entry4_PF_PLT_noD3__all_valid	DUSP3
PI3K_AKT_MTOR_SIGNALING	entry4_PF_PLT_noD3__all_valid	MAPK1
PI3K_AKT_MTOR_SIGNALING	entry4_PF_PLT_noD3__all_valid	PTEN
PI3K_AKT_MTOR_SIGNALING	entry4_PF_PLT_noD3__all_valid	RALB
PI3K_AKT_MTOR_SIGNALING	entry4_PF_PLT_noD3__all_valid	MAP2K3
PI3K_AKT_MTOR_SIGNALING	entry4_PF_PLT_noD3__all_valid	SLC2A1
PI3K_AKT_MTOR_SIGNALING	entry4_PF_PLT_noD3__all_valid	RAC1
PI3K_AKT_MTOR_SIGNALING	entry4_PF_PLT_noD3__all_valid	RPS6KA3
PI3K_AKT_MTOR_SIGNALING	entry4_PF_PLT_noD3__all_valid	GSK3B
PI3K_AKT_MTOR_SIGNALING	entry4_PF_PLT_noD3__all_valid	RPS6KA1
PI3K_AKT_MTOR_SIGNALING	entry4_PF_PLT_noD3__all_valid	CFL1
PI3K_AKT_MTOR_SIGNALING	entry4_PF_PLT_noD3__all_valid	MYD88
PI3K_AKT_MTOR_SIGNALING	entry4_PF_PLT_noD3__all_valid	YWHAB
PI3K_AKT_MTOR_SIGNALING	entry4_PF_PLT_noD3__all_valid	GRB2
PI3K_AKT_MTOR_SIGNALING	entry4_PF_PLT_noD3__all_valid	RIT1
PI3K_AKT_MTOR_SIGNALING	entry4_PF_PLT_noD3__all_valid	CDKN1B
PI3K_AKT_MTOR_SIGNALING	entry4_PF_PLT_noD3__all_valid	RAF1
PI3K_AKT_MTOR_SIGNALING	entry4_PF_PLT_noD3__all_valid	ACTR2
PI3K_AKT_MTOR_SIGNALING	entry4_PF_PLT_noD3__all_valid	UBE2D3
PI3K_AKT_MTOR_SIGNALING	entry4_PF_PLT_noD3__all_valid	AKT1S1
PI3K_AKT_MTOR_SIGNALING	entry4_PF_PLT_noD3__all_valid	SMAD2
PI3K_AKT_MTOR_SIGNALING	entry4_PF_PLT_noD3__all_valid	IRAK4
PI3K_AKT_MTOR_SIGNALING	entry4_PF_PLT_noD3__all_valid	ACTR3
PI3K_AKT_MTOR_SIGNALING	entry4_PF_PLT_noD3__all_valid	ARF1
PI3K_AKT_MTOR_SIGNALING	entry4_PF_PLT_noD3__all_valid	RIPK1
PI3K_AKT_MTOR_SIGNALING	entry4_PF_PLT_noD3__all_valid	MKNK2
PI3K_AKT_MTOR_SIGNALING	entry4_PF_PLT_noD3__all_valid	E2F1
PI3K_AKT_MTOR_SIGNALING	entry4_PF_PLT_noD3__all_valid	PFN1
PI3K_AKT_MTOR_SIGNALING	entry4_PF_PLT_noD3__all_valid	GRK2
PI3K_AKT_MTOR_SIGNALING	entry4_PF_PLT_noD3__all_valid	MAPK10
PI3K_AKT_MTOR_SIGNALING	entry4_PF_PLT_noD3__all_valid	CLTC
PI3K_AKT_MTOR_SIGNALING	entry4_PF_PLT_noD3__all_valid	PIKFYVE
PI3K_AKT_MTOR_SIGNALING	entry4_PF_PLT_noD3__all_valid	AP2M1
PI3K_AKT_MTOR_SIGNALING	entry4_PF_PLT_noD3__all_valid	PTPN11
PI3K_AKT_MTOR_SIGNALING	entry4_PF_PLT_noD3__all_valid	TBK1
PI3K_AKT_MTOR_SIGNALING	entry4_PF_PLT_noD3__all_valid	IL2RG
PI3K_AKT_MTOR_SIGNALING	entry4_PF_PLT_noD3__all_valid	PDK1
PI3K_AKT_MTOR_SIGNALING	entry4_PF_PLT_noD3__all_valid	NFKBIB
PROTEIN_SECRETION	entry4_PF_PLT_noD3__all_valid	KIF1B
PROTEIN_SECRETION	entry4_PF_PLT_noD3__all_valid	MAPK1
PROTEIN_SECRETION	entry4_PF_PLT_noD3__all_valid	RPS6KA3
PROTEIN_SECRETION	entry4_PF_PLT_noD3__all_valid	GNAS
PROTEIN_SECRETION	entry4_PF_PLT_noD3__all_valid	GLA
PROTEIN_SECRETION	entry4_PF_PLT_noD3__all_valid	IGF2R
PROTEIN_SECRETION	entry4_PF_PLT_noD3__all_valid	STX16
PROTEIN_SECRETION	entry4_PF_PLT_noD3__all_valid	CD63
PROTEIN_SECRETION	entry4_PF_PLT_noD3__all_valid	PAM
PROTEIN_SECRETION	entry4_PF_PLT_noD3__all_valid	AP2B1
PROTEIN_SECRETION	entry4_PF_PLT_noD3__all_valid	ARFGEF1
PROTEIN_SECRETION	entry4_PF_PLT_noD3__all_valid	VAMP3
PROTEIN_SECRETION	entry4_PF_PLT_noD3__all_valid	RAB5A
PROTEIN_SECRETION	entry4_PF_PLT_noD3__all_valid	LAMP2
PROTEIN_SECRETION	entry4_PF_PLT_noD3__all_valid	STX7
PROTEIN_SECRETION	entry4_PF_PLT_noD3__all_valid	ARF1
PROTEIN_SECRETION	entry4_PF_PLT_noD3__all_valid	AP3S1
PROTEIN_SECRETION	entry4_PF_PLT_noD3__all_valid	AP1G1
PROTEIN_SECRETION	entry4_PF_PLT_noD3__all_valid	CLTC
PROTEIN_SECRETION	entry4_PF_PLT_noD3__all_valid	ARFGAP3
PROTEIN_SECRETION	entry4_PF_PLT_noD3__all_valid	SEC22B
PROTEIN_SECRETION	entry4_PF_PLT_noD3__all_valid	AP2M1
PROTEIN_SECRETION	entry4_PF_PLT_noD3__all_valid	COPB1
PROTEIN_SECRETION	entry4_PF_PLT_noD3__all_valid	VPS4B
PROTEIN_SECRETION	entry4_PF_PLT_noD3__all_valid	ATP6V1H
PROTEIN_SECRETION	entry4_PF_PLT_noD3__all_valid	RAB2A
PROTEIN_SECRETION	entry4_PF_PLT_noD3__all_valid	STAM
PROTEIN_SECRETION	entry4_PF_PLT_noD3__all_valid	NAPA
PROTEIN_SECRETION	entry4_PF_PLT_noD3__all_valid	RAB14
PROTEIN_SECRETION	entry4_PF_PLT_noD3__all_valid	SNAP23
PROTEIN_SECRETION	entry4_PF_PLT_noD3__all_valid	AP2S1
PROTEIN_SECRETION	entry4_PF_PLT_noD3__all_valid	PPT1
PROTEIN_SECRETION	entry4_PF_PLT_noD3__all_valid	YKT6
PROTEIN_SECRETION	entry4_PF_PLT_noD3__all_valid	ICA1
PROTEIN_SECRETION	entry4_PF_PLT_noD3__all_valid	ATP7A
PROTEIN_SECRETION	entry4_PF_PLT_noD3__all_valid	CLN5
PROTEIN_SECRETION	entry4_PF_PLT_noD3__all_valid	SGMS1
PROTEIN_SECRETION	entry4_PF_PLT_noD3__all_valid	ARCN1
PROTEIN_SECRETION	entry4_PF_PLT_noD3__all_valid	STX12
REACTIVE_OXYGEN_SPECIES_PATHWAY	entry4_PF_PLT_noD3__all_valid	GCLM
REACTIVE_OXYGEN_SPECIES_PATHWAY	entry4_PF_PLT_noD3__all_valid	GSR
REACTIVE_OXYGEN_SPECIES_PATHWAY	entry4_PF_PLT_noD3__all_valid	HHEX
REACTIVE_OXYGEN_SPECIES_PATHWAY	entry4_PF_PLT_noD3__all_valid	FES
REACTIVE_OXYGEN_SPECIES_PATHWAY	entry4_PF_PLT_noD3__all_valid	MSRA
REACTIVE_OXYGEN_SPECIES_PATHWAY	entry4_PF_PLT_noD3__all_valid	CDKN2D
REACTIVE_OXYGEN_SPECIES_PATHWAY	entry4_PF_PLT_noD3__all_valid	MBP
REACTIVE_OXYGEN_SPECIES_PATHWAY	entry4_PF_PLT_noD3__all_valid	SBNO2
REACTIVE_OXYGEN_SPECIES_PATHWAY	entry4_PF_PLT_noD3__all_valid	G6PD
REACTIVE_OXYGEN_SPECIES_PATHWAY	entry4_PF_PLT_noD3__all_valid	TXN
REACTIVE_OXYGEN_SPECIES_PATHWAY	entry4_PF_PLT_noD3__all_valid	OXSR1
REACTIVE_OXYGEN_SPECIES_PATHWAY	entry4_PF_PLT_noD3__all_valid	LAMTOR5
REACTIVE_OXYGEN_SPECIES_PATHWAY	entry4_PF_PLT_noD3__all_valid	SRXN1
REACTIVE_OXYGEN_SPECIES_PATHWAY	entry4_PF_PLT_noD3__all_valid	TXNRD1
REACTIVE_OXYGEN_SPECIES_PATHWAY	entry4_PF_PLT_noD3__all_valid	PRDX6
REACTIVE_OXYGEN_SPECIES_PATHWAY	entry4_PF_PLT_noD3__all_valid	FTL
REACTIVE_OXYGEN_SPECIES_PATHWAY	entry4_PF_PLT_noD3__all_valid	GLRX
REACTIVE_OXYGEN_SPECIES_PATHWAY	entry4_PF_PLT_noD3__all_valid	JUNB
REACTIVE_OXYGEN_SPECIES_PATHWAY	entry4_PF_PLT_noD3__all_valid	NQO1
REACTIVE_OXYGEN_SPECIES_PATHWAY	entry4_PF_PLT_noD3__all_valid	LSP1
REACTIVE_OXYGEN_SPECIES_PATHWAY	entry4_PF_PLT_noD3__all_valid	EGLN2
SPERMATOGENESIS	entry4_PF_PLT_noD3__all_valid	PGS1
SPERMATOGENESIS	entry4_PF_PLT_noD3__all_valid	AGFG1
SPERMATOGENESIS	entry4_PF_PLT_noD3__all_valid	TLE4
SPERMATOGENESIS	entry4_PF_PLT_noD3__all_valid	PRKAR2A
SPERMATOGENESIS	entry4_PF_PLT_noD3__all_valid	CCNA1
SPERMATOGENESIS	entry4_PF_PLT_noD3__all_valid	CLVS1
SPERMATOGENESIS	entry4_PF_PLT_noD3__all_valid	TALDO1
SPERMATOGENESIS	entry4_PF_PLT_noD3__all_valid	BRAF
SPERMATOGENESIS	entry4_PF_PLT_noD3__all_valid	IP6K1
SPERMATOGENESIS	entry4_PF_PLT_noD3__all_valid	PHF7
SPERMATOGENESIS	entry4_PF_PLT_noD3__all_valid	GMCL1
SPERMATOGENESIS	entry4_PF_PLT_noD3__all_valid	SHE
SPERMATOGENESIS	entry4_PF_PLT_noD3__all_valid	H1-6
SPERMATOGENESIS	entry4_PF_PLT_noD3__all_valid	TTK
SPERMATOGENESIS	entry4_PF_PLT_noD3__all_valid	NCAPH
SPERMATOGENESIS	entry4_PF_PLT_noD3__all_valid	CHFR
TGF_BETA_SIGNALING	entry4_PF_PLT_noD3__all_valid	FKBP1A
TGF_BETA_SIGNALING	entry4_PF_PLT_noD3__all_valid	RAB31
TGF_BETA_SIGNALING	entry4_PF_PLT_noD3__all_valid	IFNGR2
TGF_BETA_SIGNALING	entry4_PF_PLT_noD3__all_valid	FURIN
TGF_BETA_SIGNALING	entry4_PF_PLT_noD3__all_valid	HIPK2
TGF_BETA_SIGNALING	entry4_PF_PLT_noD3__all_valid	SPTBN1
TGF_BETA_SIGNALING	entry4_PF_PLT_noD3__all_valid	TGFBR1
TGF_BETA_SIGNALING	entry4_PF_PLT_noD3__all_valid	SERPINE1
TGF_BETA_SIGNALING	entry4_PF_PLT_noD3__all_valid	TGFB1
TGF_BETA_SIGNALING	entry4_PF_PLT_noD3__all_valid	THBS1
TGF_BETA_SIGNALING	entry4_PF_PLT_noD3__all_valid	PPP1R15A
TGF_BETA_SIGNALING	entry4_PF_PLT_noD3__all_valid	XIAP
TGF_BETA_SIGNALING	entry4_PF_PLT_noD3__all_valid	CTNNB1
TGF_BETA_SIGNALING	entry4_PF_PLT_noD3__all_valid	SMAD1
TGF_BETA_SIGNALING	entry4_PF_PLT_noD3__all_valid	UBE2D3
TGF_BETA_SIGNALING	entry4_PF_PLT_noD3__all_valid	SKI
TGF_BETA_SIGNALING	entry4_PF_PLT_noD3__all_valid	PPM1A
TGF_BETA_SIGNALING	entry4_PF_PLT_noD3__all_valid	RHOA
TGF_BETA_SIGNALING	entry4_PF_PLT_noD3__all_valid	APC
TGF_BETA_SIGNALING	entry4_PF_PLT_noD3__all_valid	JUNB
TNFA_SIGNALING_VIA_NFKB	entry4_PF_PLT_noD3__all_valid	ETS2
TNFA_SIGNALING_VIA_NFKB	entry4_PF_PLT_noD3__all_valid	GADD45A
TNFA_SIGNALING_VIA_NFKB	entry4_PF_PLT_noD3__all_valid	PFKFB3
TNFA_SIGNALING_VIA_NFKB	entry4_PF_PLT_noD3__all_valid	BCL6
TNFA_SIGNALING_VIA_NFKB	entry4_PF_PLT_noD3__all_valid	NFIL3
TNFA_SIGNALING_VIA_NFKB	entry4_PF_PLT_noD3__all_valid	B4GALT5
TNFA_SIGNALING_VIA_NFKB	entry4_PF_PLT_noD3__all_valid	SLC2A3
TNFA_SIGNALING_VIA_NFKB	entry4_PF_PLT_noD3__all_valid	BCL2A1
TNFA_SIGNALING_VIA_NFKB	entry4_PF_PLT_noD3__all_valid	CFLAR
TNFA_SIGNALING_VIA_NFKB	entry4_PF_PLT_noD3__all_valid	SOCS3
TNFA_SIGNALING_VIA_NFKB	entry4_PF_PLT_noD3__all_valid	FOSL2
TNFA_SIGNALING_VIA_NFKB	entry4_PF_PLT_noD3__all_valid	DRAM1
TNFA_SIGNALING_VIA_NFKB	entry4_PF_PLT_noD3__all_valid	IFNGR2
TNFA_SIGNALING_VIA_NFKB	entry4_PF_PLT_noD3__all_valid	LITAF
TNFA_SIGNALING_VIA_NFKB	entry4_PF_PLT_noD3__all_valid	IRS2
TNFA_SIGNALING_VIA_NFKB	entry4_PF_PLT_noD3__all_valid	RCAN1
TNFA_SIGNALING_VIA_NFKB	entry4_PF_PLT_noD3__all_valid	TLR2
TNFA_SIGNALING_VIA_NFKB	entry4_PF_PLT_noD3__all_valid	PTPRE
TNFA_SIGNALING_VIA_NFKB	entry4_PF_PLT_noD3__all_valid	MXD1
TNFA_SIGNALING_VIA_NFKB	entry4_PF_PLT_noD3__all_valid	KLF6
TNFA_SIGNALING_VIA_NFKB	entry4_PF_PLT_noD3__all_valid	TIPARP
TNFA_SIGNALING_VIA_NFKB	entry4_PF_PLT_noD3__all_valid	NFKB1
TNFA_SIGNALING_VIA_NFKB	entry4_PF_PLT_noD3__all_valid	NFKBIA
TNFA_SIGNALING_VIA_NFKB	entry4_PF_PLT_noD3__all_valid	LDLR
TNFA_SIGNALING_VIA_NFKB	entry4_PF_PLT_noD3__all_valid	KLF9
TNFA_SIGNALING_VIA_NFKB	entry4_PF_PLT_noD3__all_valid	MAP2K3
TNFA_SIGNALING_VIA_NFKB	entry4_PF_PLT_noD3__all_valid	EHD1
TNFA_SIGNALING_VIA_NFKB	entry4_PF_PLT_noD3__all_valid	TNIP1
TNFA_SIGNALING_VIA_NFKB	entry4_PF_PLT_noD3__all_valid	SERPINE1
TNFA_SIGNALING_VIA_NFKB	entry4_PF_PLT_noD3__all_valid	CD44
TNFA_SIGNALING_VIA_NFKB	entry4_PF_PLT_noD3__all_valid	DENND5A
TNFA_SIGNALING_VIA_NFKB	entry4_PF_PLT_noD3__all_valid	F2RL1
TNFA_SIGNALING_VIA_NFKB	entry4_PF_PLT_noD3__all_valid	MAP3K8
TNFA_SIGNALING_VIA_NFKB	entry4_PF_PLT_noD3__all_valid	BCL3
TNFA_SIGNALING_VIA_NFKB	entry4_PF_PLT_noD3__all_valid	PNRC1
TNFA_SIGNALING_VIA_NFKB	entry4_PF_PLT_noD3__all_valid	CSF1
TNFA_SIGNALING_VIA_NFKB	entry4_PF_PLT_noD3__all_valid	GADD45B
TNFA_SIGNALING_VIA_NFKB	entry4_PF_PLT_noD3__all_valid	CEBPD
TNFA_SIGNALING_VIA_NFKB	entry4_PF_PLT_noD3__all_valid	ZC3H12A
TNFA_SIGNALING_VIA_NFKB	entry4_PF_PLT_noD3__all_valid	RNF19B
TNFA_SIGNALING_VIA_NFKB	entry4_PF_PLT_noD3__all_valid	PER1
TNFA_SIGNALING_VIA_NFKB	entry4_PF_PLT_noD3__all_valid	PPP1R15A
TNFA_SIGNALING_VIA_NFKB	entry4_PF_PLT_noD3__all_valid	TNFAIP3
TNFA_SIGNALING_VIA_NFKB	entry4_PF_PLT_noD3__all_valid	NFE2L2
TNFA_SIGNALING_VIA_NFKB	entry4_PF_PLT_noD3__all_valid	AREG
TNFA_SIGNALING_VIA_NFKB	entry4_PF_PLT_noD3__all_valid	IER3
TNFA_SIGNALING_VIA_NFKB	entry4_PF_PLT_noD3__all_valid	CEBPB
TNFA_SIGNALING_VIA_NFKB	entry4_PF_PLT_noD3__all_valid	MARCKS
TNFA_SIGNALING_VIA_NFKB	entry4_PF_PLT_noD3__all_valid	DUSP1
TNFA_SIGNALING_VIA_NFKB	entry4_PF_PLT_noD3__all_valid	TRIB1
TNFA_SIGNALING_VIA_NFKB	entry4_PF_PLT_noD3__all_valid	NAMPT
TNFA_SIGNALING_VIA_NFKB	entry4_PF_PLT_noD3__all_valid	B4GALT1
TNFA_SIGNALING_VIA_NFKB	entry4_PF_PLT_noD3__all_valid	KDM6B
TNFA_SIGNALING_VIA_NFKB	entry4_PF_PLT_noD3__all_valid	TAP1
TNFA_SIGNALING_VIA_NFKB	entry4_PF_PLT_noD3__all_valid	JAG1
TNFA_SIGNALING_VIA_NFKB	entry4_PF_PLT_noD3__all_valid	STAT5A
TNFA_SIGNALING_VIA_NFKB	entry4_PF_PLT_noD3__all_valid	ICAM1
TNFA_SIGNALING_VIA_NFKB	entry4_PF_PLT_noD3__all_valid	TNIP2
TNFA_SIGNALING_VIA_NFKB	entry4_PF_PLT_noD3__all_valid	TNFAIP6
TNFA_SIGNALING_VIA_NFKB	entry4_PF_PLT_noD3__all_valid	IL6ST
TNFA_SIGNALING_VIA_NFKB	entry4_PF_PLT_noD3__all_valid	JUNB
TNFA_SIGNALING_VIA_NFKB	entry4_PF_PLT_noD3__all_valid	PHLDA1
TNFA_SIGNALING_VIA_NFKB	entry4_PF_PLT_noD3__all_valid	NFAT5
TNFA_SIGNALING_VIA_NFKB	entry4_PF_PLT_noD3__all_valid	IRF1
TNFA_SIGNALING_VIA_NFKB	entry4_PF_PLT_noD3__all_valid	TUBB2A
TNFA_SIGNALING_VIA_NFKB	entry4_PF_PLT_noD3__all_valid	DNAJB4
TNFA_SIGNALING_VIA_NFKB	entry4_PF_PLT_noD3__all_valid	PLEK
UNFOLDED_PROTEIN_RESPONSE	entry4_PF_PLT_noD3__all_valid	NPM1
UNFOLDED_PROTEIN_RESPONSE	entry4_PF_PLT_noD3__all_valid	IMP3
UNFOLDED_PROTEIN_RESPONSE	entry4_PF_PLT_noD3__all_valid	EXOSC2
UNFOLDED_PROTEIN_RESPONSE	entry4_PF_PLT_noD3__all_valid	NOP56
UNFOLDED_PROTEIN_RESPONSE	entry4_PF_PLT_noD3__all_valid	EXOSC9
UNFOLDED_PROTEIN_RESPONSE	entry4_PF_PLT_noD3__all_valid	EIF2AK3
UNFOLDED_PROTEIN_RESPONSE	entry4_PF_PLT_noD3__all_valid	HSPA9
UNFOLDED_PROTEIN_RESPONSE	entry4_PF_PLT_noD3__all_valid	SPCS1
UNFOLDED_PROTEIN_RESPONSE	entry4_PF_PLT_noD3__all_valid	IARS1
UNFOLDED_PROTEIN_RESPONSE	entry4_PF_PLT_noD3__all_valid	RPS14
UNFOLDED_PROTEIN_RESPONSE	entry4_PF_PLT_noD3__all_valid	CEBPG
UNFOLDED_PROTEIN_RESPONSE	entry4_PF_PLT_noD3__all_valid	HSP90B1
UNFOLDED_PROTEIN_RESPONSE	entry4_PF_PLT_noD3__all_valid	SKIC3
UNFOLDED_PROTEIN_RESPONSE	entry4_PF_PLT_noD3__all_valid	SLC30A5
UNFOLDED_PROTEIN_RESPONSE	entry4_PF_PLT_noD3__all_valid	PDIA6
UNFOLDED_PROTEIN_RESPONSE	entry4_PF_PLT_noD3__all_valid	SRPRB
UNFOLDED_PROTEIN_RESPONSE	entry4_PF_PLT_noD3__all_valid	EIF2S1
UNFOLDED_PROTEIN_RESPONSE	entry4_PF_PLT_noD3__all_valid	SEC31A
UNFOLDED_PROTEIN_RESPONSE	entry4_PF_PLT_noD3__all_valid	LSM4
UNFOLDED_PROTEIN_RESPONSE	entry4_PF_PLT_noD3__all_valid	FUS
UNFOLDED_PROTEIN_RESPONSE	entry4_PF_PLT_noD3__all_valid	EIF4A2
UNFOLDED_PROTEIN_RESPONSE	entry4_PF_PLT_noD3__all_valid	MTREX
UNFOLDED_PROTEIN_RESPONSE	entry4_PF_PLT_noD3__all_valid	BANF1
UNFOLDED_PROTEIN_RESPONSE	entry4_PF_PLT_noD3__all_valid	WFS1
UNFOLDED_PROTEIN_RESPONSE	entry4_PF_PLT_noD3__all_valid	BAG3
UNFOLDED_PROTEIN_RESPONSE	entry4_PF_PLT_noD3__all_valid	DNAJB9
UNFOLDED_PROTEIN_RESPONSE	entry4_PF_PLT_noD3__all_valid	DDX10
UNFOLDED_PROTEIN_RESPONSE	entry4_PF_PLT_noD3__all_valid	RRP9
UNFOLDED_PROTEIN_RESPONSE	entry4_PF_PLT_noD3__all_valid	HERPUD1
UNFOLDED_PROTEIN_RESPONSE	entry4_PF_PLT_noD3__all_valid	EIF4EBP1
UNFOLDED_PROTEIN_RESPONSE	entry4_PF_PLT_noD3__all_valid	NOLC1
UNFOLDED_PROTEIN_RESPONSE	entry4_PF_PLT_noD3__all_valid	NOP14
UNFOLDED_PROTEIN_RESPONSE	entry4_PF_PLT_noD3__all_valid	SEC11A
UNFOLDED_PROTEIN_RESPONSE	entry4_PF_PLT_noD3__all_valid	HYOU1
UNFOLDED_PROTEIN_RESPONSE	entry4_PF_PLT_noD3__all_valid	FKBP14
UNFOLDED_PROTEIN_RESPONSE	entry4_PF_PLT_noD3__all_valid	EIF4A1
UNFOLDED_PROTEIN_RESPONSE	entry4_PF_PLT_noD3__all_valid	SSR1
UNFOLDED_PROTEIN_RESPONSE	entry4_PF_PLT_noD3__all_valid	CNOT2
UNFOLDED_PROTEIN_RESPONSE	entry4_PF_PLT_noD3__all_valid	ALDH18A1
UNFOLDED_PROTEIN_RESPONSE	entry4_PF_PLT_noD3__all_valid	YIF1A
UNFOLDED_PROTEIN_RESPONSE	entry4_PF_PLT_noD3__all_valid	SDAD1
UNFOLDED_PROTEIN_RESPONSE	entry4_PF_PLT_noD3__all_valid	EXOC2
UNFOLDED_PROTEIN_RESPONSE	entry4_PF_PLT_noD3__all_valid	EIF4E
UNFOLDED_PROTEIN_RESPONSE	entry4_PF_PLT_noD3__all_valid	EXOSC1
UNFOLDED_PROTEIN_RESPONSE	entry4_PF_PLT_noD3__all_valid	EEF2
UNFOLDED_PROTEIN_RESPONSE	entry4_PF_PLT_noD3__all_valid	PARN
UNFOLDED_PROTEIN_RESPONSE	entry4_PF_PLT_noD3__all_valid	KHSRP
UNFOLDED_PROTEIN_RESPONSE	entry4_PF_PLT_noD3__all_valid	GOSR2
UNFOLDED_PROTEIN_RESPONSE	entry4_PF_PLT_noD3__all_valid	CKS1B
UNFOLDED_PROTEIN_RESPONSE	entry4_PF_PLT_noD3__all_valid	NHP2
UNFOLDED_PROTEIN_RESPONSE	entry4_PF_PLT_noD3__all_valid	EDEM1
UNFOLDED_PROTEIN_RESPONSE	entry4_PF_PLT_noD3__all_valid	SLC1A4
UNFOLDED_PROTEIN_RESPONSE	entry4_PF_PLT_noD3__all_valid	XBP1
UNFOLDED_PROTEIN_RESPONSE	entry4_PF_PLT_noD3__all_valid	SPCS3
UNFOLDED_PROTEIN_RESPONSE	entry4_PF_PLT_noD3__all_valid	NFYB
UNFOLDED_PROTEIN_RESPONSE	entry4_PF_PLT_noD3__all_valid	XPOT
UNFOLDED_PROTEIN_RESPONSE	entry4_PF_PLT_noD3__all_valid	CXXC1
UNFOLDED_PROTEIN_RESPONSE	entry4_PF_PLT_noD3__all_valid	DKC1
UNFOLDED_PROTEIN_RESPONSE	entry4_PF_PLT_noD3__all_valid	TSPYL2
UNFOLDED_PROTEIN_RESPONSE	entry4_PF_PLT_noD3__all_valid	GEMIN4
UNFOLDED_PROTEIN_RESPONSE	entry4_PF_PLT_noD3__all_valid	CALR
UNFOLDED_PROTEIN_RESPONSE	entry4_PF_PLT_noD3__all_valid	PAIP1
UV_RESPONSE_DN	entry4_PF_PLT_noD3__all_valid	MAPK14
UV_RESPONSE_DN	entry4_PF_PLT_noD3__all_valid	ATP2B4
UV_RESPONSE_DN	entry4_PF_PLT_noD3__all_valid	SYNE1
UV_RESPONSE_DN	entry4_PF_PLT_noD3__all_valid	IGF1R
UV_RESPONSE_DN	entry4_PF_PLT_noD3__all_valid	ATXN1
UV_RESPONSE_DN	entry4_PF_PLT_noD3__all_valid	DYRK1A
UV_RESPONSE_DN	entry4_PF_PLT_noD3__all_valid	WDR37
UV_RESPONSE_DN	entry4_PF_PLT_noD3__all_valid	PTEN
UV_RESPONSE_DN	entry4_PF_PLT_noD3__all_valid	NFKB1
UV_RESPONSE_DN	entry4_PF_PLT_noD3__all_valid	LDLR
UV_RESPONSE_DN	entry4_PF_PLT_noD3__all_valid	GCNT1
UV_RESPONSE_DN	entry4_PF_PLT_noD3__all_valid	SCN8A
UV_RESPONSE_DN	entry4_PF_PLT_noD3__all_valid	SERPINE1
UV_RESPONSE_DN	entry4_PF_PLT_noD3__all_valid	NR3C1
UV_RESPONSE_DN	entry4_PF_PLT_noD3__all_valid	FHL2
UV_RESPONSE_DN	entry4_PF_PLT_noD3__all_valid	RASA2
UV_RESPONSE_DN	entry4_PF_PLT_noD3__all_valid	TGFBR2
UV_RESPONSE_DN	entry4_PF_PLT_noD3__all_valid	RXRA
UV_RESPONSE_DN	entry4_PF_PLT_noD3__all_valid	CELF2
UV_RESPONSE_DN	entry4_PF_PLT_noD3__all_valid	PIK3CD
UV_RESPONSE_DN	entry4_PF_PLT_noD3__all_valid	CDC42BPA
UV_RESPONSE_DN	entry4_PF_PLT_noD3__all_valid	DUSP1
UV_RESPONSE_DN	entry4_PF_PLT_noD3__all_valid	TFPI
UV_RESPONSE_DN	entry4_PF_PLT_noD3__all_valid	CDKN1B
UV_RESPONSE_DN	entry4_PF_PLT_noD3__all_valid	PPARG
UV_RESPONSE_DN	entry4_PF_PLT_noD3__all_valid	PTGFR
UV_RESPONSE_DN	entry4_PF_PLT_noD3__all_valid	NEK7
UV_RESPONSE_DN	entry4_PF_PLT_noD3__all_valid	NOTCH2
UV_RESPONSE_DN	entry4_PF_PLT_noD3__all_valid	SCAF8
UV_RESPONSE_DN	entry4_PF_PLT_noD3__all_valid	NIPBL
UV_RESPONSE_DN	entry4_PF_PLT_noD3__all_valid	LTBP1
UV_RESPONSE_DN	entry4_PF_PLT_noD3__all_valid	APBB2
UV_RESPONSE_DN	entry4_PF_PLT_noD3__all_valid	CACNA1A
UV_RESPONSE_DN	entry4_PF_PLT_noD3__all_valid	CITED2
UV_RESPONSE_UP	entry4_PF_PLT_noD3__all_valid	CCND3
UV_RESPONSE_UP	entry4_PF_PLT_noD3__all_valid	ATP6V1C1
UV_RESPONSE_UP	entry4_PF_PLT_noD3__all_valid	GRINA
UV_RESPONSE_UP	entry4_PF_PLT_noD3__all_valid	ARRB2
UV_RESPONSE_UP	entry4_PF_PLT_noD3__all_valid	TUBA4A
UV_RESPONSE_UP	entry4_PF_PLT_noD3__all_valid	PRKCD
UV_RESPONSE_UP	entry4_PF_PLT_noD3__all_valid	FURIN
UV_RESPONSE_UP	entry4_PF_PLT_noD3__all_valid	LYN
UV_RESPONSE_UP	entry4_PF_PLT_noD3__all_valid	ALAS1
UV_RESPONSE_UP	entry4_PF_PLT_noD3__all_valid	MAOA
UV_RESPONSE_UP	entry4_PF_PLT_noD3__all_valid	NFKBIA
UV_RESPONSE_UP	entry4_PF_PLT_noD3__all_valid	RAB27A
UV_RESPONSE_UP	entry4_PF_PLT_noD3__all_valid	CHKA
UV_RESPONSE_UP	entry4_PF_PLT_noD3__all_valid	NUP58
UV_RESPONSE_UP	entry4_PF_PLT_noD3__all_valid	AGO2
UV_RESPONSE_UP	entry4_PF_PLT_noD3__all_valid	MARK2
UV_RESPONSE_UP	entry4_PF_PLT_noD3__all_valid	ACAA1
UV_RESPONSE_UP	entry4_PF_PLT_noD3__all_valid	ALDOA
UV_RESPONSE_UP	entry4_PF_PLT_noD3__all_valid	GRPEL1
UV_RESPONSE_UP	entry4_PF_PLT_noD3__all_valid	CA2
UV_RESPONSE_UP	entry4_PF_PLT_noD3__all_valid	TAP1
UV_RESPONSE_UP	entry4_PF_PLT_noD3__all_valid	ICAM1
UV_RESPONSE_UP	entry4_PF_PLT_noD3__all_valid	CDC34
UV_RESPONSE_UP	entry4_PF_PLT_noD3__all_valid	IL6ST
UV_RESPONSE_UP	entry4_PF_PLT_noD3__all_valid	JUNB
UV_RESPONSE_UP	entry4_PF_PLT_noD3__all_valid	IRF1
UV_RESPONSE_UP	entry4_PF_PLT_noD3__all_valid	TMBIM6
UV_RESPONSE_UP	entry4_PF_PLT_noD3__all_valid	STARD3
UV_RESPONSE_UP	entry4_PF_PLT_noD3__all_valid	PDAP1
UV_RESPONSE_UP	entry4_PF_PLT_noD3__all_valid	GCH1
UV_RESPONSE_UP	entry4_PF_PLT_noD3__all_valid	DNAJA1
UV_RESPONSE_UP	entry4_PF_PLT_noD3__all_valid	HYAL2
UV_RESPONSE_UP	entry4_PF_PLT_noD3__all_valid	PRKACA
UV_RESPONSE_UP	entry4_PF_PLT_noD3__all_valid	DNAJB1
WNT_BETA_CATENIN_SIGNALING	entry4_PF_PLT_noD3__all_valid	MYC
WNT_BETA_CATENIN_SIGNALING	entry4_PF_PLT_noD3__all_valid	LEF1
WNT_BETA_CATENIN_SIGNALING	entry4_PF_PLT_noD3__all_valid	TCF7
WNT_BETA_CATENIN_SIGNALING	entry4_PF_PLT_noD3__all_valid	CCND2
WNT_BETA_CATENIN_SIGNALING	entry4_PF_PLT_noD3__all_valid	SKP2
WNT_BETA_CATENIN_SIGNALING	entry4_PF_PLT_noD3__all_valid	TP53
WNT_BETA_CATENIN_SIGNALING	entry4_PF_PLT_noD3__all_valid	PSEN2
WNT_BETA_CATENIN_SIGNALING	entry4_PF_PLT_noD3__all_valid	HDAC2
WNT_BETA_CATENIN_SIGNALING	entry4_PF_PLT_noD3__all_valid	CSNK1E
WNT_BETA_CATENIN_SIGNALING	entry4_PF_PLT_noD3__all_valid	CUL1
WNT_BETA_CATENIN_SIGNALING	entry4_PF_PLT_noD3__all_valid	AXIN2
WNT_BETA_CATENIN_SIGNALING	entry4_PF_PLT_noD3__all_valid	PPARD
XENOBIOTIC_METABOLISM	entry4_PF_PLT_noD3__all_valid	UPP1
XENOBIOTIC_METABOLISM	entry4_PF_PLT_noD3__all_valid	PGD
XENOBIOTIC_METABOLISM	entry4_PF_PLT_noD3__all_valid	ETS2
XENOBIOTIC_METABOLISM	entry4_PF_PLT_noD3__all_valid	IL1R1
XENOBIOTIC_METABOLISM	entry4_PF_PLT_noD3__all_valid	POR
XENOBIOTIC_METABOLISM	entry4_PF_PLT_noD3__all_valid	GSR
XENOBIOTIC_METABOLISM	entry4_PF_PLT_noD3__all_valid	DDAH2
XENOBIOTIC_METABOLISM	entry4_PF_PLT_noD3__all_valid	ARG1
XENOBIOTIC_METABOLISM	entry4_PF_PLT_noD3__all_valid	TNFRSF1A
XENOBIOTIC_METABOLISM	entry4_PF_PLT_noD3__all_valid	ALAS1
XENOBIOTIC_METABOLISM	entry4_PF_PLT_noD3__all_valid	ACOX1
XENOBIOTIC_METABOLISM	entry4_PF_PLT_noD3__all_valid	PINK1
XENOBIOTIC_METABOLISM	entry4_PF_PLT_noD3__all_valid	LPIN2
XENOBIOTIC_METABOLISM	entry4_PF_PLT_noD3__all_valid	AQP9
XENOBIOTIC_METABOLISM	entry4_PF_PLT_noD3__all_valid	TPST1
XENOBIOTIC_METABOLISM	entry4_PF_PLT_noD3__all_valid	MAOA
XENOBIOTIC_METABOLISM	entry4_PF_PLT_noD3__all_valid	VNN1
XENOBIOTIC_METABOLISM	entry4_PF_PLT_noD3__all_valid	SLC6A6
XENOBIOTIC_METABOLISM	entry4_PF_PLT_noD3__all_valid	CDA
XENOBIOTIC_METABOLISM	entry4_PF_PLT_noD3__all_valid	SERPINE1
XENOBIOTIC_METABOLISM	entry4_PF_PLT_noD3__all_valid	FAS
XENOBIOTIC_METABOLISM	entry4_PF_PLT_noD3__all_valid	SLC46A3
XENOBIOTIC_METABOLISM	entry4_PF_PLT_noD3__all_valid	UPB1
XENOBIOTIC_METABOLISM	entry4_PF_PLT_noD3__all_valid	SMOX
XENOBIOTIC_METABOLISM	entry4_PF_PLT_noD3__all_valid	MARCHF6
XENOBIOTIC_METABOLISM	entry4_PF_PLT_noD3__all_valid	ESR1
XENOBIOTIC_METABOLISM	entry4_PF_PLT_noD3__all_valid	DHRS7
XENOBIOTIC_METABOLISM	entry4_PF_PLT_noD3__all_valid	GABARAPL1
XENOBIOTIC_METABOLISM	entry4_PF_PLT_noD3__all_valid	CA2
XENOBIOTIC_METABOLISM	entry4_PF_PLT_noD3__all_valid	ABCC2
XENOBIOTIC_METABOLISM	entry4_PF_PLT_noD3__all_valid	RAP1GAP
XENOBIOTIC_METABOLISM	entry4_PF_PLT_noD3__all_valid	FAH
XENOBIOTIC_METABOLISM	entry4_PF_PLT_noD3__all_valid	MAN1A1
XENOBIOTIC_METABOLISM	entry4_PF_PLT_noD3__all_valid	NQO1
XENOBIOTIC_METABOLISM	entry4_PF_PLT_noD3__all_valid	SLC22A1
XENOBIOTIC_METABOLISM	entry4_PF_PLT_noD3__all_valid	TMBIM6
XENOBIOTIC_METABOLISM	entry4_PF_PLT_noD3__all_valid	CYFIP2
XENOBIOTIC_METABOLISM	entry4_PF_PLT_noD3__all_valid	CSAD
XENOBIOTIC_METABOLISM	entry4_PF_PLT_noD3__all_valid	ITIH4
XENOBIOTIC_METABOLISM	entry4_PF_PLT_noD3__all_valid	GCH1
XENOBIOTIC_METABOLISM	entry4_PF_PLT_noD3__all_valid	ARG2
XENOBIOTIC_METABOLISM	entry4_PF_PLT_noD3__all_valid	HES6
XENOBIOTIC_METABOLISM	entry4_PF_PLT_noD3__all_valid	AKR1C3
XENOBIOTIC_METABOLISM	entry4_PF_PLT_noD3__all_valid	ALDH2
XENOBIOTIC_METABOLISM	entry4_PF_PLT_noD3__all_valid	PTGR1
XENOBIOTIC_METABOLISM	entry4_PF_PLT_noD3__all_valid	IDH1
XENOBIOTIC_METABOLISM	entry4_PF_PLT_noD3__all_valid	PDLIM5
XENOBIOTIC_METABOLISM	entry4_PF_PLT_noD3__all_valid	CES1
ADIPOGENESIS	entry3.75_SOFA_D3__all_valid	BCL6
ADIPOGENESIS	entry3.75_SOFA_D3__all_valid	GADD45A
ADIPOGENESIS	entry3.75_SOFA_D3__all_valid	PFKFB3
ADIPOGENESIS	entry3.75_SOFA_D3__all_valid	POR
ADIPOGENESIS	entry3.75_SOFA_D3__all_valid	RTN3
ADIPOGENESIS	entry3.75_SOFA_D3__all_valid	ACOX1
ADIPOGENESIS	entry3.75_SOFA_D3__all_valid	ITGA7
ADIPOGENESIS	entry3.75_SOFA_D3__all_valid	SQOR
ADIPOGENESIS	entry3.75_SOFA_D3__all_valid	STOM
ADIPOGENESIS	entry3.75_SOFA_D3__all_valid	CCNG2
ADIPOGENESIS	entry3.75_SOFA_D3__all_valid	PGM1
ADIPOGENESIS	entry3.75_SOFA_D3__all_valid	LPCAT3
ADIPOGENESIS	entry3.75_SOFA_D3__all_valid	GPAT4
ADIPOGENESIS	entry3.75_SOFA_D3__all_valid	ELMOD3
ADIPOGENESIS	entry3.75_SOFA_D3__all_valid	IFNGR1
ADIPOGENESIS	entry3.75_SOFA_D3__all_valid	TOB1
ADIPOGENESIS	entry3.75_SOFA_D3__all_valid	DHCR7
ADIPOGENESIS	entry3.75_SOFA_D3__all_valid	PPARG
ADIPOGENESIS	entry3.75_SOFA_D3__all_valid	DHRS7B
ADIPOGENESIS	entry3.75_SOFA_D3__all_valid	PPM1B
ADIPOGENESIS	entry3.75_SOFA_D3__all_valid	TALDO1
ADIPOGENESIS	entry3.75_SOFA_D3__all_valid	ORM1
ADIPOGENESIS	entry3.75_SOFA_D3__all_valid	TKT
ADIPOGENESIS	entry3.75_SOFA_D3__all_valid	GBE1
ADIPOGENESIS	entry3.75_SOFA_D3__all_valid	ALDOA
ADIPOGENESIS	entry3.75_SOFA_D3__all_valid	GRPEL1
ADIPOGENESIS	entry3.75_SOFA_D3__all_valid	STAT5A
ADIPOGENESIS	entry3.75_SOFA_D3__all_valid	CDKN2C
ADIPOGENESIS	entry3.75_SOFA_D3__all_valid	NABP1
ADIPOGENESIS	entry3.75_SOFA_D3__all_valid	CHUK
ADIPOGENESIS	entry3.75_SOFA_D3__all_valid	DHRS7
ADIPOGENESIS	entry3.75_SOFA_D3__all_valid	BAZ2A
ADIPOGENESIS	entry3.75_SOFA_D3__all_valid	ITSN1
ADIPOGENESIS	entry3.75_SOFA_D3__all_valid	CD151
ADIPOGENESIS	entry3.75_SOFA_D3__all_valid	PIM3
ALLOGRAFT_REJECTION	entry3.75_SOFA_D3__all_valid	RPS3A
ALLOGRAFT_REJECTION	entry3.75_SOFA_D3__all_valid	HLA-DRA
ALLOGRAFT_REJECTION	entry3.75_SOFA_D3__all_valid	ABCE1
ALLOGRAFT_REJECTION	entry3.75_SOFA_D3__all_valid	NPM1
ALLOGRAFT_REJECTION	entry3.75_SOFA_D3__all_valid	CD3D
ALLOGRAFT_REJECTION	entry3.75_SOFA_D3__all_valid	ITK
ALLOGRAFT_REJECTION	entry3.75_SOFA_D3__all_valid	HLA-DMB
ALLOGRAFT_REJECTION	entry3.75_SOFA_D3__all_valid	HLA-DMA
ALLOGRAFT_REJECTION	entry3.75_SOFA_D3__all_valid	EIF3A
ALLOGRAFT_REJECTION	entry3.75_SOFA_D3__all_valid	SIT1
ALLOGRAFT_REJECTION	entry3.75_SOFA_D3__all_valid	RPL9
ALLOGRAFT_REJECTION	entry3.75_SOFA_D3__all_valid	TRAT1
ALLOGRAFT_REJECTION	entry3.75_SOFA_D3__all_valid	LY75
ALLOGRAFT_REJECTION	entry3.75_SOFA_D3__all_valid	CD3G
ALLOGRAFT_REJECTION	entry3.75_SOFA_D3__all_valid	DARS1
ALLOGRAFT_REJECTION	entry3.75_SOFA_D3__all_valid	HLA-DOA
ALLOGRAFT_REJECTION	entry3.75_SOFA_D3__all_valid	RPL39
ALLOGRAFT_REJECTION	entry3.75_SOFA_D3__all_valid	CTSS
ALLOGRAFT_REJECTION	entry3.75_SOFA_D3__all_valid	ETS1
ALLOGRAFT_REJECTION	entry3.75_SOFA_D3__all_valid	CD28
ALLOGRAFT_REJECTION	entry3.75_SOFA_D3__all_valid	CD86
ALLOGRAFT_REJECTION	entry3.75_SOFA_D3__all_valid	CD40LG
ALLOGRAFT_REJECTION	entry3.75_SOFA_D3__all_valid	UBE2N
ALLOGRAFT_REJECTION	entry3.75_SOFA_D3__all_valid	CD4
ALLOGRAFT_REJECTION	entry3.75_SOFA_D3__all_valid	IL7
ALLOGRAFT_REJECTION	entry3.75_SOFA_D3__all_valid	CD8B
ALLOGRAFT_REJECTION	entry3.75_SOFA_D3__all_valid	EIF3D
ALLOGRAFT_REJECTION	entry3.75_SOFA_D3__all_valid	LCK
ALLOGRAFT_REJECTION	entry3.75_SOFA_D3__all_valid	LY86
ALLOGRAFT_REJECTION	entry3.75_SOFA_D3__all_valid	CD74
ALLOGRAFT_REJECTION	entry3.75_SOFA_D3__all_valid	CCND2
ALLOGRAFT_REJECTION	entry3.75_SOFA_D3__all_valid	RPS19
ALLOGRAFT_REJECTION	entry3.75_SOFA_D3__all_valid	IRF4
ALLOGRAFT_REJECTION	entry3.75_SOFA_D3__all_valid	CD8A
ALLOGRAFT_REJECTION	entry3.75_SOFA_D3__all_valid	TNF
ALLOGRAFT_REJECTION	entry3.75_SOFA_D3__all_valid	CD2
ALLOGRAFT_REJECTION	entry3.75_SOFA_D3__all_valid	FCGR2B
ALLOGRAFT_REJECTION	entry3.75_SOFA_D3__all_valid	ZAP70
ALLOGRAFT_REJECTION	entry3.75_SOFA_D3__all_valid	IRF8
ALLOGRAFT_REJECTION	entry3.75_SOFA_D3__all_valid	HLA-DQA1
ALLOGRAFT_REJECTION	entry3.75_SOFA_D3__all_valid	STAT4
ALLOGRAFT_REJECTION	entry3.75_SOFA_D3__all_valid	CD3E
ALLOGRAFT_REJECTION	entry3.75_SOFA_D3__all_valid	CCR2
ALLOGRAFT_REJECTION	entry3.75_SOFA_D3__all_valid	IL15
ALLOGRAFT_REJECTION	entry3.75_SOFA_D3__all_valid	CCR5
ALLOGRAFT_REJECTION	entry3.75_SOFA_D3__all_valid	CXCR3
ALLOGRAFT_REJECTION	entry3.75_SOFA_D3__all_valid	CD79A
ALLOGRAFT_REJECTION	entry3.75_SOFA_D3__all_valid	CD247
ALLOGRAFT_REJECTION	entry3.75_SOFA_D3__all_valid	HDAC9
ALLOGRAFT_REJECTION	entry3.75_SOFA_D3__all_valid	NME1
ALLOGRAFT_REJECTION	entry3.75_SOFA_D3__all_valid	CD40
ALLOGRAFT_REJECTION	entry3.75_SOFA_D3__all_valid	CCL5
ANDROGEN_RESPONSE	entry3.75_SOFA_D3__all_valid	NDRG1
ANDROGEN_RESPONSE	entry3.75_SOFA_D3__all_valid	CCND3
ANDROGEN_RESPONSE	entry3.75_SOFA_D3__all_valid	CAMKK2
ANDROGEN_RESPONSE	entry3.75_SOFA_D3__all_valid	GSR
ANDROGEN_RESPONSE	entry3.75_SOFA_D3__all_valid	FKBP5
ANDROGEN_RESPONSE	entry3.75_SOFA_D3__all_valid	HPGD
ANDROGEN_RESPONSE	entry3.75_SOFA_D3__all_valid	ACTN1
ANDROGEN_RESPONSE	entry3.75_SOFA_D3__all_valid	IDI1
ANDROGEN_RESPONSE	entry3.75_SOFA_D3__all_valid	PTK2B
ANDROGEN_RESPONSE	entry3.75_SOFA_D3__all_valid	SLC38A2
ANDROGEN_RESPONSE	entry3.75_SOFA_D3__all_valid	HERC3
ANDROGEN_RESPONSE	entry3.75_SOFA_D3__all_valid	MYL12A
ANDROGEN_RESPONSE	entry3.75_SOFA_D3__all_valid	RPS6KA3
ANDROGEN_RESPONSE	entry3.75_SOFA_D3__all_valid	ACSL3
ANDROGEN_RESPONSE	entry3.75_SOFA_D3__all_valid	MERTK
ANDROGEN_RESPONSE	entry3.75_SOFA_D3__all_valid	UBE2J1
ANDROGEN_RESPONSE	entry3.75_SOFA_D3__all_valid	MAK
ANDROGEN_RESPONSE	entry3.75_SOFA_D3__all_valid	IQGAP2
ANDROGEN_RESPONSE	entry3.75_SOFA_D3__all_valid	VAPA
ANDROGEN_RESPONSE	entry3.75_SOFA_D3__all_valid	B4GALT1
ANDROGEN_RESPONSE	entry3.75_SOFA_D3__all_valid	ARID5B
ANDROGEN_RESPONSE	entry3.75_SOFA_D3__all_valid	GNAI3
ANGIOGENESIS	entry3.75_SOFA_D3__all_valid	LRPAP1
ANGIOGENESIS	entry3.75_SOFA_D3__all_valid	PGLYRP1
ANGIOGENESIS	entry3.75_SOFA_D3__all_valid	JAG1
ANGIOGENESIS	entry3.75_SOFA_D3__all_valid	FGFR1
ANGIOGENESIS	entry3.75_SOFA_D3__all_valid	APP
ANGIOGENESIS	entry3.75_SOFA_D3__all_valid	S100A4
ANGIOGENESIS	entry3.75_SOFA_D3__all_valid	TIMP1
ANGIOGENESIS	entry3.75_SOFA_D3__all_valid	FSTL1
ANGIOGENESIS	entry3.75_SOFA_D3__all_valid	PF4
ANGIOGENESIS	entry3.75_SOFA_D3__all_valid	VEGFA
APICAL_JUNCTION	entry3.75_SOFA_D3__all_valid	MAPK14
APICAL_JUNCTION	entry3.75_SOFA_D3__all_valid	SIRPA
APICAL_JUNCTION	entry3.75_SOFA_D3__all_valid	MMP9
APICAL_JUNCTION	entry3.75_SOFA_D3__all_valid	ADAM9
APICAL_JUNCTION	entry3.75_SOFA_D3__all_valid	SKAP2
APICAL_JUNCTION	entry3.75_SOFA_D3__all_valid	CAP1
APICAL_JUNCTION	entry3.75_SOFA_D3__all_valid	ACTN1
APICAL_JUNCTION	entry3.75_SOFA_D3__all_valid	PIK3CB
APICAL_JUNCTION	entry3.75_SOFA_D3__all_valid	ALOX15B
APICAL_JUNCTION	entry3.75_SOFA_D3__all_valid	SYK
APICAL_JUNCTION	entry3.75_SOFA_D3__all_valid	PTEN
APICAL_JUNCTION	entry3.75_SOFA_D3__all_valid	RAC2
APICAL_JUNCTION	entry3.75_SOFA_D3__all_valid	VASP
APICAL_JUNCTION	entry3.75_SOFA_D3__all_valid	MAPK13
APICAL_JUNCTION	entry3.75_SOFA_D3__all_valid	COL17A1
APICAL_JUNCTION	entry3.75_SOFA_D3__all_valid	NF1
APICAL_JUNCTION	entry3.75_SOFA_D3__all_valid	CD274
APICAL_JUNCTION	entry3.75_SOFA_D3__all_valid	CNN2
APICAL_JUNCTION	entry3.75_SOFA_D3__all_valid	ACTB
APICAL_JUNCTION	entry3.75_SOFA_D3__all_valid	MAP3K20
APICAL_JUNCTION	entry3.75_SOFA_D3__all_valid	B4GALT1
APICAL_JUNCTION	entry3.75_SOFA_D3__all_valid	THBS3
APICAL_JUNCTION	entry3.75_SOFA_D3__all_valid	ICAM5
APICAL_JUNCTION	entry3.75_SOFA_D3__all_valid	IKBKG
APICAL_JUNCTION	entry3.75_SOFA_D3__all_valid	MSN
APICAL_JUNCTION	entry3.75_SOFA_D3__all_valid	ZYX
APICAL_JUNCTION	entry3.75_SOFA_D3__all_valid	ARPC2
APICAL_JUNCTION	entry3.75_SOFA_D3__all_valid	CTNNA1
APICAL_JUNCTION	entry3.75_SOFA_D3__all_valid	MYH9
APICAL_JUNCTION	entry3.75_SOFA_D3__all_valid	ITGA10
APICAL_JUNCTION	entry3.75_SOFA_D3__all_valid	RASA1
APICAL_JUNCTION	entry3.75_SOFA_D3__all_valid	PTPRC
APICAL_JUNCTION	entry3.75_SOFA_D3__all_valid	FYB1
APICAL_JUNCTION	entry3.75_SOFA_D3__all_valid	ICAM1
APICAL_JUNCTION	entry3.75_SOFA_D3__all_valid	PBX2
APICAL_JUNCTION	entry3.75_SOFA_D3__all_valid	GNAI2
APICAL_JUNCTION	entry3.75_SOFA_D3__all_valid	NECTIN2
APICAL_JUNCTION	entry3.75_SOFA_D3__all_valid	INPPL1
APICAL_JUNCTION	entry3.75_SOFA_D3__all_valid	ACTN4
APICAL_JUNCTION	entry3.75_SOFA_D3__all_valid	YWHAH
APICAL_JUNCTION	entry3.75_SOFA_D3__all_valid	SHC1
APICAL_JUNCTION	entry3.75_SOFA_D3__all_valid	PFN1
APICAL_JUNCTION	entry3.75_SOFA_D3__all_valid	PCDH1
APICAL_JUNCTION	entry3.75_SOFA_D3__all_valid	VCL
APICAL_JUNCTION	entry3.75_SOFA_D3__all_valid	RSU1
APICAL_JUNCTION	entry3.75_SOFA_D3__all_valid	MYH10
APICAL_JUNCTION	entry3.75_SOFA_D3__all_valid	TUBG1
APICAL_JUNCTION	entry3.75_SOFA_D3__all_valid	STX4
APICAL_JUNCTION	entry3.75_SOFA_D3__all_valid	MYL12B
APICAL_JUNCTION	entry3.75_SOFA_D3__all_valid	CLDN15
APICAL_JUNCTION	entry3.75_SOFA_D3__all_valid	MPZL1
APICAL_SURFACE	entry3.75_SOFA_D3__all_valid	FLOT2
APICAL_SURFACE	entry3.75_SOFA_D3__all_valid	LYN
APICAL_SURFACE	entry3.75_SOFA_D3__all_valid	PCSK9
APICAL_SURFACE	entry3.75_SOFA_D3__all_valid	CRYBG1
APICAL_SURFACE	entry3.75_SOFA_D3__all_valid	B4GALT1
APICAL_SURFACE	entry3.75_SOFA_D3__all_valid	NCOA6
APICAL_SURFACE	entry3.75_SOFA_D3__all_valid	IL2RG
APICAL_SURFACE	entry3.75_SOFA_D3__all_valid	APP
APICAL_SURFACE	entry3.75_SOFA_D3__all_valid	DCBLD2
APICAL_SURFACE	entry3.75_SOFA_D3__all_valid	ADIPOR2
APICAL_SURFACE	entry3.75_SOFA_D3__all_valid	BRCA1
APICAL_SURFACE	entry3.75_SOFA_D3__all_valid	SLC2A4
APOPTOSIS	entry3.75_SOFA_D3__all_valid	GADD45A
APOPTOSIS	entry3.75_SOFA_D3__all_valid	GSR
APOPTOSIS	entry3.75_SOFA_D3__all_valid	CFLAR
APOPTOSIS	entry3.75_SOFA_D3__all_valid	TIMP2
APOPTOSIS	entry3.75_SOFA_D3__all_valid	HGF
APOPTOSIS	entry3.75_SOFA_D3__all_valid	ADD1
APOPTOSIS	entry3.75_SOFA_D3__all_valid	GSN
APOPTOSIS	entry3.75_SOFA_D3__all_valid	RNASEL
APOPTOSIS	entry3.75_SOFA_D3__all_valid	IGF2R
APOPTOSIS	entry3.75_SOFA_D3__all_valid	RARA
APOPTOSIS	entry3.75_SOFA_D3__all_valid	PSEN1
APOPTOSIS	entry3.75_SOFA_D3__all_valid	IFNGR1
APOPTOSIS	entry3.75_SOFA_D3__all_valid	CCNA1
APOPTOSIS	entry3.75_SOFA_D3__all_valid	CD44
APOPTOSIS	entry3.75_SOFA_D3__all_valid	IFITM3
APOPTOSIS	entry3.75_SOFA_D3__all_valid	FAS
APOPTOSIS	entry3.75_SOFA_D3__all_valid	ROCK1
APOPTOSIS	entry3.75_SOFA_D3__all_valid	CREBBP
APOPTOSIS	entry3.75_SOFA_D3__all_valid	TSPO
APOPTOSIS	entry3.75_SOFA_D3__all_valid	HMGB2
APOPTOSIS	entry3.75_SOFA_D3__all_valid	CDKN1B
APOPTOSIS	entry3.75_SOFA_D3__all_valid	GADD45B
APOPTOSIS	entry3.75_SOFA_D3__all_valid	CTNNB1
APOPTOSIS	entry3.75_SOFA_D3__all_valid	CLU
APOPTOSIS	entry3.75_SOFA_D3__all_valid	IER3
APOPTOSIS	entry3.75_SOFA_D3__all_valid	CASP2
APOPTOSIS	entry3.75_SOFA_D3__all_valid	PPP2R5B
APOPTOSIS	entry3.75_SOFA_D3__all_valid	NEDD9
APOPTOSIS	entry3.75_SOFA_D3__all_valid	EMP1
APOPTOSIS	entry3.75_SOFA_D3__all_valid	XIAP
APOPTOSIS	entry3.75_SOFA_D3__all_valid	DNAJC3
APOPTOSIS	entry3.75_SOFA_D3__all_valid	CASP4
APOPTOSIS	entry3.75_SOFA_D3__all_valid	DPYD
APOPTOSIS	entry3.75_SOFA_D3__all_valid	BCAP31
APOPTOSIS	entry3.75_SOFA_D3__all_valid	PPP3R1
APOPTOSIS	entry3.75_SOFA_D3__all_valid	ANXA1
APOPTOSIS	entry3.75_SOFA_D3__all_valid	GNA15
APOPTOSIS	entry3.75_SOFA_D3__all_valid	CASP9
APOPTOSIS	entry3.75_SOFA_D3__all_valid	TAP1
APOPTOSIS	entry3.75_SOFA_D3__all_valid	IRF1
APOPTOSIS	entry3.75_SOFA_D3__all_valid	TNFSF10
APOPTOSIS	entry3.75_SOFA_D3__all_valid	TXNIP
APOPTOSIS	entry3.75_SOFA_D3__all_valid	APP
BILE_ACID_METABOLISM	entry3.75_SOFA_D3__all_valid	GCLM
BILE_ACID_METABOLISM	entry3.75_SOFA_D3__all_valid	ATXN1
BILE_ACID_METABOLISM	entry3.75_SOFA_D3__all_valid	ACSL1
BILE_ACID_METABOLISM	entry3.75_SOFA_D3__all_valid	PECR
BILE_ACID_METABOLISM	entry3.75_SOFA_D3__all_valid	SULT1B1
BILE_ACID_METABOLISM	entry3.75_SOFA_D3__all_valid	IDI1
BILE_ACID_METABOLISM	entry3.75_SOFA_D3__all_valid	AQP9
BILE_ACID_METABOLISM	entry3.75_SOFA_D3__all_valid	ABCA2
BILE_ACID_METABOLISM	entry3.75_SOFA_D3__all_valid	NEDD4
BILE_ACID_METABOLISM	entry3.75_SOFA_D3__all_valid	HSD3B7
BILE_ACID_METABOLISM	entry3.75_SOFA_D3__all_valid	RXRA
CHOLESTEROL_HOMEOSTASIS	entry3.75_SOFA_D3__all_valid	NFIL3
CHOLESTEROL_HOMEOSTASIS	entry3.75_SOFA_D3__all_valid	PLSCR1
CHOLESTEROL_HOMEOSTASIS	entry3.75_SOFA_D3__all_valid	NIBAN1
CHOLESTEROL_HOMEOSTASIS	entry3.75_SOFA_D3__all_valid	IDI1
CHOLESTEROL_HOMEOSTASIS	entry3.75_SOFA_D3__all_valid	ALCAM
CHOLESTEROL_HOMEOSTASIS	entry3.75_SOFA_D3__all_valid	PDK3
CHOLESTEROL_HOMEOSTASIS	entry3.75_SOFA_D3__all_valid	ABCA2
CHOLESTEROL_HOMEOSTASIS	entry3.75_SOFA_D3__all_valid	LDLR
CHOLESTEROL_HOMEOSTASIS	entry3.75_SOFA_D3__all_valid	CHKA
CHOLESTEROL_HOMEOSTASIS	entry3.75_SOFA_D3__all_valid	DHCR7
CHOLESTEROL_HOMEOSTASIS	entry3.75_SOFA_D3__all_valid	PPARG
CHOLESTEROL_HOMEOSTASIS	entry3.75_SOFA_D3__all_valid	ANTXR2
CHOLESTEROL_HOMEOSTASIS	entry3.75_SOFA_D3__all_valid	PNRC1
CHOLESTEROL_HOMEOSTASIS	entry3.75_SOFA_D3__all_valid	ACSS2
CHOLESTEROL_HOMEOSTASIS	entry3.75_SOFA_D3__all_valid	CTNNB1
CHOLESTEROL_HOMEOSTASIS	entry3.75_SOFA_D3__all_valid	JAG1
CHOLESTEROL_HOMEOSTASIS	entry3.75_SOFA_D3__all_valid	CLU
CHOLESTEROL_HOMEOSTASIS	entry3.75_SOFA_D3__all_valid	S100A11
COAGULATION	entry3.75_SOFA_D3__all_valid	MMP9
COAGULATION	entry3.75_SOFA_D3__all_valid	ADAM9
COAGULATION	entry3.75_SOFA_D3__all_valid	SERPINA1
COAGULATION	entry3.75_SOFA_D3__all_valid	FURIN
COAGULATION	entry3.75_SOFA_D3__all_valid	KLF7
COAGULATION	entry3.75_SOFA_D3__all_valid	GSN
COAGULATION	entry3.75_SOFA_D3__all_valid	RAC1
COAGULATION	entry3.75_SOFA_D3__all_valid	WDR1
COAGULATION	entry3.75_SOFA_D3__all_valid	RABIF
COAGULATION	entry3.75_SOFA_D3__all_valid	SERPINE1
COAGULATION	entry3.75_SOFA_D3__all_valid	MMP8
COAGULATION	entry3.75_SOFA_D3__all_valid	F12
COAGULATION	entry3.75_SOFA_D3__all_valid	CLU
COAGULATION	entry3.75_SOFA_D3__all_valid	THBS1
COAGULATION	entry3.75_SOFA_D3__all_valid	F2RL2
COAGULATION	entry3.75_SOFA_D3__all_valid	CTSK
COAGULATION	entry3.75_SOFA_D3__all_valid	LAMP2
COAGULATION	entry3.75_SOFA_D3__all_valid	GNB2
COAGULATION	entry3.75_SOFA_D3__all_valid	C1R
COAGULATION	entry3.75_SOFA_D3__all_valid	HPN
COAGULATION	entry3.75_SOFA_D3__all_valid	F8
COAGULATION	entry3.75_SOFA_D3__all_valid	ANXA1
COAGULATION	entry3.75_SOFA_D3__all_valid	CASP9
COAGULATION	entry3.75_SOFA_D3__all_valid	PLEK
COAGULATION	entry3.75_SOFA_D3__all_valid	MSRB2
COAGULATION	entry3.75_SOFA_D3__all_valid	GP1BA
COAGULATION	entry3.75_SOFA_D3__all_valid	P2RY1
COAGULATION	entry3.75_SOFA_D3__all_valid	PLAU
COAGULATION	entry3.75_SOFA_D3__all_valid	ITGB3
COAGULATION	entry3.75_SOFA_D3__all_valid	TIMP1
COAGULATION	entry3.75_SOFA_D3__all_valid	PEF1
COAGULATION	entry3.75_SOFA_D3__all_valid	CTSB
COAGULATION	entry3.75_SOFA_D3__all_valid	CFB
COAGULATION	entry3.75_SOFA_D3__all_valid	CPQ
COAGULATION	entry3.75_SOFA_D3__all_valid	SERPINB2
COAGULATION	entry3.75_SOFA_D3__all_valid	PF4
COAGULATION	entry3.75_SOFA_D3__all_valid	SPARC
COAGULATION	entry3.75_SOFA_D3__all_valid	VWF
COAGULATION	entry3.75_SOFA_D3__all_valid	ARF4
COAGULATION	entry3.75_SOFA_D3__all_valid	FN1
COMPLEMENT	entry3.75_SOFA_D3__all_valid	ITGAM
COMPLEMENT	entry3.75_SOFA_D3__all_valid	CR1
COMPLEMENT	entry3.75_SOFA_D3__all_valid	ADAM9
COMPLEMENT	entry3.75_SOFA_D3__all_valid	PRKCD
COMPLEMENT	entry3.75_SOFA_D3__all_valid	TIMP2
COMPLEMENT	entry3.75_SOFA_D3__all_valid	HSPA1A
COMPLEMENT	entry3.75_SOFA_D3__all_valid	PLSCR1
COMPLEMENT	entry3.75_SOFA_D3__all_valid	GCA
COMPLEMENT	entry3.75_SOFA_D3__all_valid	PIK3CG
COMPLEMENT	entry3.75_SOFA_D3__all_valid	S100A12
COMPLEMENT	entry3.75_SOFA_D3__all_valid	LYN
COMPLEMENT	entry3.75_SOFA_D3__all_valid	PCSK9
COMPLEMENT	entry3.75_SOFA_D3__all_valid	SERPINA1
COMPLEMENT	entry3.75_SOFA_D3__all_valid	RHOG
COMPLEMENT	entry3.75_SOFA_D3__all_valid	LCP2
COMPLEMENT	entry3.75_SOFA_D3__all_valid	CD59
COMPLEMENT	entry3.75_SOFA_D3__all_valid	DGKH
COMPLEMENT	entry3.75_SOFA_D3__all_valid	CD55
COMPLEMENT	entry3.75_SOFA_D3__all_valid	MSRB1
COMPLEMENT	entry3.75_SOFA_D3__all_valid	IRF2
COMPLEMENT	entry3.75_SOFA_D3__all_valid	PIM1
COMPLEMENT	entry3.75_SOFA_D3__all_valid	PSEN1
COMPLEMENT	entry3.75_SOFA_D3__all_valid	S100A9
COMPLEMENT	entry3.75_SOFA_D3__all_valid	EHD1
COMPLEMENT	entry3.75_SOFA_D3__all_valid	F5
COMPLEMENT	entry3.75_SOFA_D3__all_valid	RABIF
COMPLEMENT	entry3.75_SOFA_D3__all_valid	CDA
COMPLEMENT	entry3.75_SOFA_D3__all_valid	CDK5R1
COMPLEMENT	entry3.75_SOFA_D3__all_valid	JAK2
COMPLEMENT	entry3.75_SOFA_D3__all_valid	COL4A2
COMPLEMENT	entry3.75_SOFA_D3__all_valid	GRB2
COMPLEMENT	entry3.75_SOFA_D3__all_valid	SERPINE1
COMPLEMENT	entry3.75_SOFA_D3__all_valid	RAF1
COMPLEMENT	entry3.75_SOFA_D3__all_valid	CEBPB
COMPLEMENT	entry3.75_SOFA_D3__all_valid	AKAP10
COMPLEMENT	entry3.75_SOFA_D3__all_valid	MMP8
COMPLEMENT	entry3.75_SOFA_D3__all_valid	TNFAIP3
COMPLEMENT	entry3.75_SOFA_D3__all_valid	CLU
COMPLEMENT	entry3.75_SOFA_D3__all_valid	VCPIP1
COMPLEMENT	entry3.75_SOFA_D3__all_valid	PIK3CA
COMPLEMENT	entry3.75_SOFA_D3__all_valid	LAMP2
COMPLEMENT	entry3.75_SOFA_D3__all_valid	PIK3R5
COMPLEMENT	entry3.75_SOFA_D3__all_valid	GNAI3
COMPLEMENT	entry3.75_SOFA_D3__all_valid	USP15
COMPLEMENT	entry3.75_SOFA_D3__all_valid	GNB2
COMPLEMENT	entry3.75_SOFA_D3__all_valid	PRSS36
COMPLEMENT	entry3.75_SOFA_D3__all_valid	CASP4
COMPLEMENT	entry3.75_SOFA_D3__all_valid	C1R
COMPLEMENT	entry3.75_SOFA_D3__all_valid	CTSD
DNA_REPAIR	entry3.75_SOFA_D3__all_valid	GTF2H3
DNA_REPAIR	entry3.75_SOFA_D3__all_valid	RNMT
DNA_REPAIR	entry3.75_SOFA_D3__all_valid	GTF2H1
DNA_REPAIR	entry3.75_SOFA_D3__all_valid	ERCC8
DNA_REPAIR	entry3.75_SOFA_D3__all_valid	NELFCD
DNA_REPAIR	entry3.75_SOFA_D3__all_valid	NUDT21
DNA_REPAIR	entry3.75_SOFA_D3__all_valid	ADA
DNA_REPAIR	entry3.75_SOFA_D3__all_valid	MRPL40
DNA_REPAIR	entry3.75_SOFA_D3__all_valid	SRSF6
DNA_REPAIR	entry3.75_SOFA_D3__all_valid	SF3A3
DNA_REPAIR	entry3.75_SOFA_D3__all_valid	ERCC4
DNA_REPAIR	entry3.75_SOFA_D3__all_valid	NCBP2
DNA_REPAIR	entry3.75_SOFA_D3__all_valid	POLR1H
DNA_REPAIR	entry3.75_SOFA_D3__all_valid	LIG1
DNA_REPAIR	entry3.75_SOFA_D3__all_valid	DUT
DNA_REPAIR	entry3.75_SOFA_D3__all_valid	NFX1
DNA_REPAIR	entry3.75_SOFA_D3__all_valid	POLR2D
DNA_REPAIR	entry3.75_SOFA_D3__all_valid	APRT
DNA_REPAIR	entry3.75_SOFA_D3__all_valid	IMPDH2
DNA_REPAIR	entry3.75_SOFA_D3__all_valid	EDF1
DNA_REPAIR	entry3.75_SOFA_D3__all_valid	ITPA
DNA_REPAIR	entry3.75_SOFA_D3__all_valid	UMPS
DNA_REPAIR	entry3.75_SOFA_D3__all_valid	ERCC3
DNA_REPAIR	entry3.75_SOFA_D3__all_valid	POLR1C
DNA_REPAIR	entry3.75_SOFA_D3__all_valid	RPA3
DNA_REPAIR	entry3.75_SOFA_D3__all_valid	RFC3
DNA_REPAIR	entry3.75_SOFA_D3__all_valid	PCNA
DNA_REPAIR	entry3.75_SOFA_D3__all_valid	POLR2K
DNA_REPAIR	entry3.75_SOFA_D3__all_valid	NME1
DNA_REPAIR	entry3.75_SOFA_D3__all_valid	POLR2C
DNA_REPAIR	entry3.75_SOFA_D3__all_valid	ERCC5
DNA_REPAIR	entry3.75_SOFA_D3__all_valid	TP53
DNA_REPAIR	entry3.75_SOFA_D3__all_valid	NME3
DNA_REPAIR	entry3.75_SOFA_D3__all_valid	RFC4
DNA_REPAIR	entry3.75_SOFA_D3__all_valid	GTF2A2
DNA_REPAIR	entry3.75_SOFA_D3__all_valid	AAAS
DNA_REPAIR	entry3.75_SOFA_D3__all_valid	TAF9
DNA_REPAIR	entry3.75_SOFA_D3__all_valid	AK3
DNA_REPAIR	entry3.75_SOFA_D3__all_valid	SSRP1
DNA_REPAIR	entry3.75_SOFA_D3__all_valid	SEC61A1
DNA_REPAIR	entry3.75_SOFA_D3__all_valid	DDB2
DNA_REPAIR	entry3.75_SOFA_D3__all_valid	TMED2
DNA_REPAIR	entry3.75_SOFA_D3__all_valid	GTF2H5
DNA_REPAIR	entry3.75_SOFA_D3__all_valid	PDE4B
DNA_REPAIR	entry3.75_SOFA_D3__all_valid	POLB
DNA_REPAIR	entry3.75_SOFA_D3__all_valid	DDB1
DNA_REPAIR	entry3.75_SOFA_D3__all_valid	RFC5
DNA_REPAIR	entry3.75_SOFA_D3__all_valid	POLR2H
DNA_REPAIR	entry3.75_SOFA_D3__all_valid	REV3L
DNA_REPAIR	entry3.75_SOFA_D3__all_valid	TARBP2
DNA_REPAIR	entry3.75_SOFA_D3__all_valid	SNAPC5
DNA_REPAIR	entry3.75_SOFA_D3__all_valid	GSDME
DNA_REPAIR	entry3.75_SOFA_D3__all_valid	NELFE
DNA_REPAIR	entry3.75_SOFA_D3__all_valid	HPRT1
DNA_REPAIR	entry3.75_SOFA_D3__all_valid	TAF1C
DNA_REPAIR	entry3.75_SOFA_D3__all_valid	ELOA
DNA_REPAIR	entry3.75_SOFA_D3__all_valid	ALYREF
DNA_REPAIR	entry3.75_SOFA_D3__all_valid	POLD1
DNA_REPAIR	entry3.75_SOFA_D3__all_valid	MPG
DNA_REPAIR	entry3.75_SOFA_D3__all_valid	SMAD5
DNA_REPAIR	entry3.75_SOFA_D3__all_valid	NUDT9
DNA_REPAIR	entry3.75_SOFA_D3__all_valid	POLR3C
DNA_REPAIR	entry3.75_SOFA_D3__all_valid	UPF3B
DNA_REPAIR	entry3.75_SOFA_D3__all_valid	POLE4
DNA_REPAIR	entry3.75_SOFA_D3__all_valid	RALA
E2F_TARGETS	entry3.75_SOFA_D3__all_valid	SYNCRIP
E2F_TARGETS	entry3.75_SOFA_D3__all_valid	MAD2L1
E2F_TARGETS	entry3.75_SOFA_D3__all_valid	NOP56
E2F_TARGETS	entry3.75_SOFA_D3__all_valid	EED
E2F_TARGETS	entry3.75_SOFA_D3__all_valid	RAN
E2F_TARGETS	entry3.75_SOFA_D3__all_valid	PPP1R8
E2F_TARGETS	entry3.75_SOFA_D3__all_valid	MYC
E2F_TARGETS	entry3.75_SOFA_D3__all_valid	CNOT9
E2F_TARGETS	entry3.75_SOFA_D3__all_valid	NUDT21
E2F_TARGETS	entry3.75_SOFA_D3__all_valid	STMN1
E2F_TARGETS	entry3.75_SOFA_D3__all_valid	AK2
E2F_TARGETS	entry3.75_SOFA_D3__all_valid	PAICS
E2F_TARGETS	entry3.75_SOFA_D3__all_valid	ASF1A
E2F_TARGETS	entry3.75_SOFA_D3__all_valid	PMS2
E2F_TARGETS	entry3.75_SOFA_D3__all_valid	EIF2S1
E2F_TARGETS	entry3.75_SOFA_D3__all_valid	KIF22
E2F_TARGETS	entry3.75_SOFA_D3__all_valid	TMPO
E2F_TARGETS	entry3.75_SOFA_D3__all_valid	RAD50
E2F_TARGETS	entry3.75_SOFA_D3__all_valid	PHF5A
E2F_TARGETS	entry3.75_SOFA_D3__all_valid	LIG1
E2F_TARGETS	entry3.75_SOFA_D3__all_valid	WDR90
E2F_TARGETS	entry3.75_SOFA_D3__all_valid	CDC25B
E2F_TARGETS	entry3.75_SOFA_D3__all_valid	DUT
E2F_TARGETS	entry3.75_SOFA_D3__all_valid	IPO7
E2F_TARGETS	entry3.75_SOFA_D3__all_valid	DCTPP1
E2F_TARGETS	entry3.75_SOFA_D3__all_valid	PRDX4
E2F_TARGETS	entry3.75_SOFA_D3__all_valid	MLH1
E2F_TARGETS	entry3.75_SOFA_D3__all_valid	HNRNPD
E2F_TARGETS	entry3.75_SOFA_D3__all_valid	RPA3
E2F_TARGETS	entry3.75_SOFA_D3__all_valid	DNMT1
E2F_TARGETS	entry3.75_SOFA_D3__all_valid	RFC3
E2F_TARGETS	entry3.75_SOFA_D3__all_valid	SLBP
E2F_TARGETS	entry3.75_SOFA_D3__all_valid	RAD1
E2F_TARGETS	entry3.75_SOFA_D3__all_valid	PCNA
E2F_TARGETS	entry3.75_SOFA_D3__all_valid	NUP107
E2F_TARGETS	entry3.75_SOFA_D3__all_valid	NME1
E2F_TARGETS	entry3.75_SOFA_D3__all_valid	NUP205
E2F_TARGETS	entry3.75_SOFA_D3__all_valid	CDK4
E2F_TARGETS	entry3.75_SOFA_D3__all_valid	TP53
E2F_TARGETS	entry3.75_SOFA_D3__all_valid	RANBP1
E2F_TARGETS	entry3.75_SOFA_D3__all_valid	CSE1L
E2F_TARGETS	entry3.75_SOFA_D3__all_valid	RBBP7
E2F_TARGETS	entry3.75_SOFA_D3__all_valid	ILF3
E2F_TARGETS	entry3.75_SOFA_D3__all_valid	PAN2
E2F_TARGETS	entry3.75_SOFA_D3__all_valid	SRSF2
E2F_TARGETS	entry3.75_SOFA_D3__all_valid	MRE11
E2F_TARGETS	entry3.75_SOFA_D3__all_valid	MCM3
E2F_TARGETS	entry3.75_SOFA_D3__all_valid	SMC3
E2F_TARGETS	entry3.75_SOFA_D3__all_valid	CTPS1
E2F_TARGETS	entry3.75_SOFA_D3__all_valid	SSRP1
E2F_TARGETS	entry3.75_SOFA_D3__all_valid	RFC1
E2F_TARGETS	entry3.75_SOFA_D3__all_valid	SMC1A
E2F_TARGETS	entry3.75_SOFA_D3__all_valid	MSH2
E2F_TARGETS	entry3.75_SOFA_D3__all_valid	TBRG4
E2F_TARGETS	entry3.75_SOFA_D3__all_valid	NAP1L1
E2F_TARGETS	entry3.75_SOFA_D3__all_valid	CBX5
E2F_TARGETS	entry3.75_SOFA_D3__all_valid	RPA1
E2F_TARGETS	entry3.75_SOFA_D3__all_valid	NOLC1
E2F_TARGETS	entry3.75_SOFA_D3__all_valid	CENPM
E2F_TARGETS	entry3.75_SOFA_D3__all_valid	MCM5
E2F_TARGETS	entry3.75_SOFA_D3__all_valid	XRCC6
E2F_TARGETS	entry3.75_SOFA_D3__all_valid	HELLS
E2F_TARGETS	entry3.75_SOFA_D3__all_valid	CDKN2A
E2F_TARGETS	entry3.75_SOFA_D3__all_valid	ZW10
E2F_TARGETS	entry3.75_SOFA_D3__all_valid	POLD2
E2F_TARGETS	entry3.75_SOFA_D3__all_valid	CKS1B
E2F_TARGETS	entry3.75_SOFA_D3__all_valid	UBE2T
E2F_TARGETS	entry3.75_SOFA_D3__all_valid	CCNE1
E2F_TARGETS	entry3.75_SOFA_D3__all_valid	MCM7
E2F_TARGETS	entry3.75_SOFA_D3__all_valid	RNASEH2A
E2F_TARGETS	entry3.75_SOFA_D3__all_valid	SMC4
E2F_TARGETS	entry3.75_SOFA_D3__all_valid	LYAR
E2F_TARGETS	entry3.75_SOFA_D3__all_valid	POLE
E2F_TARGETS	entry3.75_SOFA_D3__all_valid	SRSF1
E2F_TARGETS	entry3.75_SOFA_D3__all_valid	RRM2
E2F_TARGETS	entry3.75_SOFA_D3__all_valid	POLD1
E2F_TARGETS	entry3.75_SOFA_D3__all_valid	PRIM2
E2F_TARGETS	entry3.75_SOFA_D3__all_valid	PRPS1
EPITHELIAL_MESENCHYMAL_TRANSITION	entry3.75_SOFA_D3__all_valid	GADD45A
EPITHELIAL_MESENCHYMAL_TRANSITION	entry3.75_SOFA_D3__all_valid	BASP1
EPITHELIAL_MESENCHYMAL_TRANSITION	entry3.75_SOFA_D3__all_valid	FBN2
EPITHELIAL_MESENCHYMAL_TRANSITION	entry3.75_SOFA_D3__all_valid	PCOLCE2
EPITHELIAL_MESENCHYMAL_TRANSITION	entry3.75_SOFA_D3__all_valid	CD59
EPITHELIAL_MESENCHYMAL_TRANSITION	entry3.75_SOFA_D3__all_valid	QSOX1
EPITHELIAL_MESENCHYMAL_TRANSITION	entry3.75_SOFA_D3__all_valid	CD44
EPITHELIAL_MESENCHYMAL_TRANSITION	entry3.75_SOFA_D3__all_valid	EFEMP2
EPITHELIAL_MESENCHYMAL_TRANSITION	entry3.75_SOFA_D3__all_valid	CAPG
EPITHELIAL_MESENCHYMAL_TRANSITION	entry3.75_SOFA_D3__all_valid	FAS
EPITHELIAL_MESENCHYMAL_TRANSITION	entry3.75_SOFA_D3__all_valid	COL4A2
EPITHELIAL_MESENCHYMAL_TRANSITION	entry3.75_SOFA_D3__all_valid	SERPINE1
EPITHELIAL_MESENCHYMAL_TRANSITION	entry3.75_SOFA_D3__all_valid	COLGALT1
EPITHELIAL_MESENCHYMAL_TRANSITION	entry3.75_SOFA_D3__all_valid	AREG
EPITHELIAL_MESENCHYMAL_TRANSITION	entry3.75_SOFA_D3__all_valid	GADD45B
EPITHELIAL_MESENCHYMAL_TRANSITION	entry3.75_SOFA_D3__all_valid	TNFAIP3
EPITHELIAL_MESENCHYMAL_TRANSITION	entry3.75_SOFA_D3__all_valid	TPM1
EPITHELIAL_MESENCHYMAL_TRANSITION	entry3.75_SOFA_D3__all_valid	TGFB1
EPITHELIAL_MESENCHYMAL_TRANSITION	entry3.75_SOFA_D3__all_valid	COL7A1
EPITHELIAL_MESENCHYMAL_TRANSITION	entry3.75_SOFA_D3__all_valid	NOTCH2
EPITHELIAL_MESENCHYMAL_TRANSITION	entry3.75_SOFA_D3__all_valid	LOXL1
EPITHELIAL_MESENCHYMAL_TRANSITION	entry3.75_SOFA_D3__all_valid	PFN2
EPITHELIAL_MESENCHYMAL_TRANSITION	entry3.75_SOFA_D3__all_valid	THBS1
EPITHELIAL_MESENCHYMAL_TRANSITION	entry3.75_SOFA_D3__all_valid	COPA
EPITHELIAL_MESENCHYMAL_TRANSITION	entry3.75_SOFA_D3__all_valid	PLOD1
ESTROGEN_RESPONSE_EARLY	entry3.75_SOFA_D3__all_valid	IGF1R
ESTROGEN_RESPONSE_EARLY	entry3.75_SOFA_D3__all_valid	AFF1
ESTROGEN_RESPONSE_EARLY	entry3.75_SOFA_D3__all_valid	FKBP5
ESTROGEN_RESPONSE_EARLY	entry3.75_SOFA_D3__all_valid	RAB31
ESTROGEN_RESPONSE_EARLY	entry3.75_SOFA_D3__all_valid	SVIL
ESTROGEN_RESPONSE_EARLY	entry3.75_SOFA_D3__all_valid	MED13L
ESTROGEN_RESPONSE_EARLY	entry3.75_SOFA_D3__all_valid	TIPARP
ESTROGEN_RESPONSE_EARLY	entry3.75_SOFA_D3__all_valid	MREG
ESTROGEN_RESPONSE_EARLY	entry3.75_SOFA_D3__all_valid	RARA
ESTROGEN_RESPONSE_EARLY	entry3.75_SOFA_D3__all_valid	UGCG
ESTROGEN_RESPONSE_EARLY	entry3.75_SOFA_D3__all_valid	TTC39A
ESTROGEN_RESPONSE_EARLY	entry3.75_SOFA_D3__all_valid	FOXC1
ESTROGEN_RESPONSE_EARLY	entry3.75_SOFA_D3__all_valid	SLC2A1
ESTROGEN_RESPONSE_EARLY	entry3.75_SOFA_D3__all_valid	CD44
ESTROGEN_RESPONSE_EARLY	entry3.75_SOFA_D3__all_valid	KAZN
ESTROGEN_RESPONSE_EARLY	entry3.75_SOFA_D3__all_valid	TOB1
ESTROGEN_RESPONSE_EARLY	entry3.75_SOFA_D3__all_valid	MINDY1
ESTROGEN_RESPONSE_EARLY	entry3.75_SOFA_D3__all_valid	KDM4B
ESTROGEN_RESPONSE_EARLY	entry3.75_SOFA_D3__all_valid	OLFML3
ESTROGEN_RESPONSE_EARLY	entry3.75_SOFA_D3__all_valid	DHCR7
ESTROGEN_RESPONSE_EARLY	entry3.75_SOFA_D3__all_valid	GAB2
ESTROGEN_RESPONSE_EARLY	entry3.75_SOFA_D3__all_valid	JAK2
ESTROGEN_RESPONSE_EARLY	entry3.75_SOFA_D3__all_valid	CANT1
ESTROGEN_RESPONSE_EARLY	entry3.75_SOFA_D3__all_valid	CHPT1
ESTROGEN_RESPONSE_EARLY	entry3.75_SOFA_D3__all_valid	GLA
ESTROGEN_RESPONSE_EARLY	entry3.75_SOFA_D3__all_valid	AREG
ESTROGEN_RESPONSE_EARLY	entry3.75_SOFA_D3__all_valid	INHBB
ESTROGEN_RESPONSE_EARLY	entry3.75_SOFA_D3__all_valid	SIAH2
ESTROGEN_RESPONSE_EARLY	entry3.75_SOFA_D3__all_valid	RHOBTB3
ESTROGEN_RESPONSE_EARLY	entry3.75_SOFA_D3__all_valid	FHL2
ESTROGEN_RESPONSE_EARLY	entry3.75_SOFA_D3__all_valid	B4GALT1
ESTROGEN_RESPONSE_EARLY	entry3.75_SOFA_D3__all_valid	NADSYN1
ESTROGEN_RESPONSE_EARLY	entry3.75_SOFA_D3__all_valid	CA12
ESTROGEN_RESPONSE_EARLY	entry3.75_SOFA_D3__all_valid	ANXA9
ESTROGEN_RESPONSE_EARLY	entry3.75_SOFA_D3__all_valid	SH3BP5
ESTROGEN_RESPONSE_EARLY	entry3.75_SOFA_D3__all_valid	CISH
ESTROGEN_RESPONSE_EARLY	entry3.75_SOFA_D3__all_valid	FLNB
ESTROGEN_RESPONSE_EARLY	entry3.75_SOFA_D3__all_valid	KCNK5
ESTROGEN_RESPONSE_EARLY	entry3.75_SOFA_D3__all_valid	TUBB2B
ESTROGEN_RESPONSE_EARLY	entry3.75_SOFA_D3__all_valid	DLC1
ESTROGEN_RESPONSE_EARLY	entry3.75_SOFA_D3__all_valid	MAST4
ESTROGEN_RESPONSE_EARLY	entry3.75_SOFA_D3__all_valid	ALDH3B1
ESTROGEN_RESPONSE_EARLY	entry3.75_SOFA_D3__all_valid	TMEM164
ESTROGEN_RESPONSE_EARLY	entry3.75_SOFA_D3__all_valid	IL17RB
ESTROGEN_RESPONSE_EARLY	entry3.75_SOFA_D3__all_valid	IL6ST
ESTROGEN_RESPONSE_EARLY	entry3.75_SOFA_D3__all_valid	ABHD2
ESTROGEN_RESPONSE_EARLY	entry3.75_SOFA_D3__all_valid	AMFR
ESTROGEN_RESPONSE_EARLY	entry3.75_SOFA_D3__all_valid	RAPGEFL1
ESTROGEN_RESPONSE_LATE	entry3.75_SOFA_D3__all_valid	ATP2B4
ESTROGEN_RESPONSE_LATE	entry3.75_SOFA_D3__all_valid	AFF1
ESTROGEN_RESPONSE_LATE	entry3.75_SOFA_D3__all_valid	FKBP5
ESTROGEN_RESPONSE_LATE	entry3.75_SOFA_D3__all_valid	RAB31
ESTROGEN_RESPONSE_LATE	entry3.75_SOFA_D3__all_valid	SERPINA1
ESTROGEN_RESPONSE_LATE	entry3.75_SOFA_D3__all_valid	IMPA2
ESTROGEN_RESPONSE_LATE	entry3.75_SOFA_D3__all_valid	FOXC1
ESTROGEN_RESPONSE_LATE	entry3.75_SOFA_D3__all_valid	CCNA1
ESTROGEN_RESPONSE_LATE	entry3.75_SOFA_D3__all_valid	CD44
ESTROGEN_RESPONSE_LATE	entry3.75_SOFA_D3__all_valid	S100A9
ESTROGEN_RESPONSE_LATE	entry3.75_SOFA_D3__all_valid	BATF
ESTROGEN_RESPONSE_LATE	entry3.75_SOFA_D3__all_valid	TOB1
ESTROGEN_RESPONSE_LATE	entry3.75_SOFA_D3__all_valid	DHCR7
ESTROGEN_RESPONSE_LATE	entry3.75_SOFA_D3__all_valid	JAK2
ESTROGEN_RESPONSE_LATE	entry3.75_SOFA_D3__all_valid	MAPK13
ESTROGEN_RESPONSE_LATE	entry3.75_SOFA_D3__all_valid	SNX10
ESTROGEN_RESPONSE_LATE	entry3.75_SOFA_D3__all_valid	ST6GALNAC2
ESTROGEN_RESPONSE_LATE	entry3.75_SOFA_D3__all_valid	CHPT1
ESTROGEN_RESPONSE_LATE	entry3.75_SOFA_D3__all_valid	GLA
ESTROGEN_RESPONSE_LATE	entry3.75_SOFA_D3__all_valid	AREG
ESTROGEN_RESPONSE_LATE	entry3.75_SOFA_D3__all_valid	PTPN6
ESTROGEN_RESPONSE_LATE	entry3.75_SOFA_D3__all_valid	SIAH2
ESTROGEN_RESPONSE_LATE	entry3.75_SOFA_D3__all_valid	JAK1
ESTROGEN_RESPONSE_LATE	entry3.75_SOFA_D3__all_valid	CA12
ESTROGEN_RESPONSE_LATE	entry3.75_SOFA_D3__all_valid	ANXA9
ESTROGEN_RESPONSE_LATE	entry3.75_SOFA_D3__all_valid	CISH
ESTROGEN_RESPONSE_LATE	entry3.75_SOFA_D3__all_valid	FLNB
ESTROGEN_RESPONSE_LATE	entry3.75_SOFA_D3__all_valid	KCNK5
ESTROGEN_RESPONSE_LATE	entry3.75_SOFA_D3__all_valid	CA2
ESTROGEN_RESPONSE_LATE	entry3.75_SOFA_D3__all_valid	CKB
ESTROGEN_RESPONSE_LATE	entry3.75_SOFA_D3__all_valid	ALDH3B1
ESTROGEN_RESPONSE_LATE	entry3.75_SOFA_D3__all_valid	ZFP36
ESTROGEN_RESPONSE_LATE	entry3.75_SOFA_D3__all_valid	IL17RB
ESTROGEN_RESPONSE_LATE	entry3.75_SOFA_D3__all_valid	IL6ST
ESTROGEN_RESPONSE_LATE	entry3.75_SOFA_D3__all_valid	ABHD2
ESTROGEN_RESPONSE_LATE	entry3.75_SOFA_D3__all_valid	AMFR
ESTROGEN_RESPONSE_LATE	entry3.75_SOFA_D3__all_valid	RAPGEFL1
ESTROGEN_RESPONSE_LATE	entry3.75_SOFA_D3__all_valid	HSPA4L
ESTROGEN_RESPONSE_LATE	entry3.75_SOFA_D3__all_valid	ADD3
ESTROGEN_RESPONSE_LATE	entry3.75_SOFA_D3__all_valid	SLC7A5
ESTROGEN_RESPONSE_LATE	entry3.75_SOFA_D3__all_valid	XRCC3
ESTROGEN_RESPONSE_LATE	entry3.75_SOFA_D3__all_valid	SLC24A3
FATTY_ACID_METABOLISM	entry3.75_SOFA_D3__all_valid	OSTC
FATTY_ACID_METABOLISM	entry3.75_SOFA_D3__all_valid	MDH1
FATTY_ACID_METABOLISM	entry3.75_SOFA_D3__all_valid	METAP1
FATTY_ACID_METABOLISM	entry3.75_SOFA_D3__all_valid	APEX1
FATTY_ACID_METABOLISM	entry3.75_SOFA_D3__all_valid	ECHS1
FATTY_ACID_METABOLISM	entry3.75_SOFA_D3__all_valid	ACSS1
FATTY_ACID_METABOLISM	entry3.75_SOFA_D3__all_valid	ACAA2
FATTY_ACID_METABOLISM	entry3.75_SOFA_D3__all_valid	SUCLG2
FATTY_ACID_METABOLISM	entry3.75_SOFA_D3__all_valid	ECI1
FATTY_ACID_METABOLISM	entry3.75_SOFA_D3__all_valid	HADH
FATTY_ACID_METABOLISM	entry3.75_SOFA_D3__all_valid	ACAT2
FATTY_ACID_METABOLISM	entry3.75_SOFA_D3__all_valid	MCEE
FATTY_ACID_METABOLISM	entry3.75_SOFA_D3__all_valid	HSD17B10
FATTY_ACID_METABOLISM	entry3.75_SOFA_D3__all_valid	CBR1
FATTY_ACID_METABOLISM	entry3.75_SOFA_D3__all_valid	ACADM
FATTY_ACID_METABOLISM	entry3.75_SOFA_D3__all_valid	BPHL
FATTY_ACID_METABOLISM	entry3.75_SOFA_D3__all_valid	SDHD
FATTY_ACID_METABOLISM	entry3.75_SOFA_D3__all_valid	ADSL
FATTY_ACID_METABOLISM	entry3.75_SOFA_D3__all_valid	ACOT2
FATTY_ACID_METABOLISM	entry3.75_SOFA_D3__all_valid	BCKDHB
FATTY_ACID_METABOLISM	entry3.75_SOFA_D3__all_valid	ECI2
FATTY_ACID_METABOLISM	entry3.75_SOFA_D3__all_valid	UGDH
FATTY_ACID_METABOLISM	entry3.75_SOFA_D3__all_valid	HSD17B4
FATTY_ACID_METABOLISM	entry3.75_SOFA_D3__all_valid	PDHA1
FATTY_ACID_METABOLISM	entry3.75_SOFA_D3__all_valid	ACSL5
FATTY_ACID_METABOLISM	entry3.75_SOFA_D3__all_valid	PSME1
FATTY_ACID_METABOLISM	entry3.75_SOFA_D3__all_valid	ODC1
FATTY_ACID_METABOLISM	entry3.75_SOFA_D3__all_valid	MIX23
FATTY_ACID_METABOLISM	entry3.75_SOFA_D3__all_valid	BLVRA
FATTY_ACID_METABOLISM	entry3.75_SOFA_D3__all_valid	CPT2
FATTY_ACID_METABOLISM	entry3.75_SOFA_D3__all_valid	ALDH3A2
FATTY_ACID_METABOLISM	entry3.75_SOFA_D3__all_valid	RAP1GDS1
FATTY_ACID_METABOLISM	entry3.75_SOFA_D3__all_valid	PCBD1
FATTY_ACID_METABOLISM	entry3.75_SOFA_D3__all_valid	GCDH
FATTY_ACID_METABOLISM	entry3.75_SOFA_D3__all_valid	CD36
FATTY_ACID_METABOLISM	entry3.75_SOFA_D3__all_valid	HMGCS1
FATTY_ACID_METABOLISM	entry3.75_SOFA_D3__all_valid	MIF
FATTY_ACID_METABOLISM	entry3.75_SOFA_D3__all_valid	SUCLA2
FATTY_ACID_METABOLISM	entry3.75_SOFA_D3__all_valid	NTHL1
FATTY_ACID_METABOLISM	entry3.75_SOFA_D3__all_valid	HSPH1
FATTY_ACID_METABOLISM	entry3.75_SOFA_D3__all_valid	HSD17B7
FATTY_ACID_METABOLISM	entry3.75_SOFA_D3__all_valid	PTS
FATTY_ACID_METABOLISM	entry3.75_SOFA_D3__all_valid	SMS
FATTY_ACID_METABOLISM	entry3.75_SOFA_D3__all_valid	FH
FATTY_ACID_METABOLISM	entry3.75_SOFA_D3__all_valid	ENO2
FATTY_ACID_METABOLISM	entry3.75_SOFA_D3__all_valid	ACO2
FATTY_ACID_METABOLISM	entry3.75_SOFA_D3__all_valid	MLYCD
FATTY_ACID_METABOLISM	entry3.75_SOFA_D3__all_valid	MDH2
FATTY_ACID_METABOLISM	entry3.75_SOFA_D3__all_valid	EHHADH
FATTY_ACID_METABOLISM	entry3.75_SOFA_D3__all_valid	IDH3B
FATTY_ACID_METABOLISM	entry3.75_SOFA_D3__all_valid	CRYZ
FATTY_ACID_METABOLISM	entry3.75_SOFA_D3__all_valid	ALDH1A1
FATTY_ACID_METABOLISM	entry3.75_SOFA_D3__all_valid	XIST
FATTY_ACID_METABOLISM	entry3.75_SOFA_D3__all_valid	S100A10
FATTY_ACID_METABOLISM	entry3.75_SOFA_D3__all_valid	UROS
FATTY_ACID_METABOLISM	entry3.75_SOFA_D3__all_valid	CPOX
FATTY_ACID_METABOLISM	entry3.75_SOFA_D3__all_valid	RDH11
FATTY_ACID_METABOLISM	entry3.75_SOFA_D3__all_valid	DLST
FATTY_ACID_METABOLISM	entry3.75_SOFA_D3__all_valid	HSP90AA1
FATTY_ACID_METABOLISM	entry3.75_SOFA_D3__all_valid	IDH3G
FATTY_ACID_METABOLISM	entry3.75_SOFA_D3__all_valid	CD1D
FATTY_ACID_METABOLISM	entry3.75_SOFA_D3__all_valid	ERP29
FATTY_ACID_METABOLISM	entry3.75_SOFA_D3__all_valid	AOC3
G2M_CHECKPOINT	entry3.75_SOFA_D3__all_valid	BUB3
G2M_CHECKPOINT	entry3.75_SOFA_D3__all_valid	SYNCRIP
G2M_CHECKPOINT	entry3.75_SOFA_D3__all_valid	G3BP1
G2M_CHECKPOINT	entry3.75_SOFA_D3__all_valid	SLC38A1
G2M_CHECKPOINT	entry3.75_SOFA_D3__all_valid	SRSF10
G2M_CHECKPOINT	entry3.75_SOFA_D3__all_valid	MAD2L1
G2M_CHECKPOINT	entry3.75_SOFA_D3__all_valid	NCL
G2M_CHECKPOINT	entry3.75_SOFA_D3__all_valid	PURA
G2M_CHECKPOINT	entry3.75_SOFA_D3__all_valid	MYC
G2M_CHECKPOINT	entry3.75_SOFA_D3__all_valid	STMN1
G2M_CHECKPOINT	entry3.75_SOFA_D3__all_valid	CUL5
G2M_CHECKPOINT	entry3.75_SOFA_D3__all_valid	KIF22
G2M_CHECKPOINT	entry3.75_SOFA_D3__all_valid	TMPO
G2M_CHECKPOINT	entry3.75_SOFA_D3__all_valid	RPS6KA5
G2M_CHECKPOINT	entry3.75_SOFA_D3__all_valid	CDC25B
G2M_CHECKPOINT	entry3.75_SOFA_D3__all_valid	H2AZ2
G2M_CHECKPOINT	entry3.75_SOFA_D3__all_valid	HSPA8
G2M_CHECKPOINT	entry3.75_SOFA_D3__all_valid	HNRNPD
G2M_CHECKPOINT	entry3.75_SOFA_D3__all_valid	SLC12A2
G2M_CHECKPOINT	entry3.75_SOFA_D3__all_valid	CDK4
G2M_CHECKPOINT	entry3.75_SOFA_D3__all_valid	PRP4K
G2M_CHECKPOINT	entry3.75_SOFA_D3__all_valid	TENT4A
G2M_CHECKPOINT	entry3.75_SOFA_D3__all_valid	ILF3
G2M_CHECKPOINT	entry3.75_SOFA_D3__all_valid	ORC5
G2M_CHECKPOINT	entry3.75_SOFA_D3__all_valid	SRSF2
G2M_CHECKPOINT	entry3.75_SOFA_D3__all_valid	UCK2
G2M_CHECKPOINT	entry3.75_SOFA_D3__all_valid	ODC1
G2M_CHECKPOINT	entry3.75_SOFA_D3__all_valid	MCM3
G2M_CHECKPOINT	entry3.75_SOFA_D3__all_valid	MTF2
G2M_CHECKPOINT	entry3.75_SOFA_D3__all_valid	SNRPD1
G2M_CHECKPOINT	entry3.75_SOFA_D3__all_valid	SMC1A
G2M_CHECKPOINT	entry3.75_SOFA_D3__all_valid	SS18
G2M_CHECKPOINT	entry3.75_SOFA_D3__all_valid	DTYMK
G2M_CHECKPOINT	entry3.75_SOFA_D3__all_valid	NOLC1
G2M_CHECKPOINT	entry3.75_SOFA_D3__all_valid	CUL1
G2M_CHECKPOINT	entry3.75_SOFA_D3__all_valid	SMAD3
G2M_CHECKPOINT	entry3.75_SOFA_D3__all_valid	SMARCC1
G2M_CHECKPOINT	entry3.75_SOFA_D3__all_valid	MCM5
G2M_CHECKPOINT	entry3.75_SOFA_D3__all_valid	NDC80
G2M_CHECKPOINT	entry3.75_SOFA_D3__all_valid	FBXO5
G2M_CHECKPOINT	entry3.75_SOFA_D3__all_valid	ABL1
GLYCOLYSIS	entry3.75_SOFA_D3__all_valid	TGFA
GLYCOLYSIS	entry3.75_SOFA_D3__all_valid	PYGL
GLYCOLYSIS	entry3.75_SOFA_D3__all_valid	PHKA2
GLYCOLYSIS	entry3.75_SOFA_D3__all_valid	IRS2
GLYCOLYSIS	entry3.75_SOFA_D3__all_valid	TPST1
GLYCOLYSIS	entry3.75_SOFA_D3__all_valid	HK2
GLYCOLYSIS	entry3.75_SOFA_D3__all_valid	PKM
GLYCOLYSIS	entry3.75_SOFA_D3__all_valid	B4GALT4
GLYCOLYSIS	entry3.75_SOFA_D3__all_valid	P4HA2
GLYCOLYSIS	entry3.75_SOFA_D3__all_valid	PDK3
GLYCOLYSIS	entry3.75_SOFA_D3__all_valid	RRAGD
GLYCOLYSIS	entry3.75_SOFA_D3__all_valid	DSC2
GLYCOLYSIS	entry3.75_SOFA_D3__all_valid	ABCB6
GLYCOLYSIS	entry3.75_SOFA_D3__all_valid	QSOX1
GLYCOLYSIS	entry3.75_SOFA_D3__all_valid	MERTK
GLYCOLYSIS	entry3.75_SOFA_D3__all_valid	CD44
GLYCOLYSIS	entry3.75_SOFA_D3__all_valid	EXT1
GLYCOLYSIS	entry3.75_SOFA_D3__all_valid	SPAG4
GLYCOLYSIS	entry3.75_SOFA_D3__all_valid	LDHA
GLYCOLYSIS	entry3.75_SOFA_D3__all_valid	LCT
GLYCOLYSIS	entry3.75_SOFA_D3__all_valid	PGM2
GLYCOLYSIS	entry3.75_SOFA_D3__all_valid	SLC16A3
GLYCOLYSIS	entry3.75_SOFA_D3__all_valid	G6PD
GLYCOLYSIS	entry3.75_SOFA_D3__all_valid	ANKZF1
GLYCOLYSIS	entry3.75_SOFA_D3__all_valid	PAM
GLYCOLYSIS	entry3.75_SOFA_D3__all_valid	TALDO1
GLYCOLYSIS	entry3.75_SOFA_D3__all_valid	PGK1
GLYCOLYSIS	entry3.75_SOFA_D3__all_valid	PKP2
GLYCOLYSIS	entry3.75_SOFA_D3__all_valid	IL13RA1
GLYCOLYSIS	entry3.75_SOFA_D3__all_valid	B4GALT1
GLYCOLYSIS	entry3.75_SOFA_D3__all_valid	IER3
GLYCOLYSIS	entry3.75_SOFA_D3__all_valid	SAP30
GLYCOLYSIS	entry3.75_SOFA_D3__all_valid	ME2
GLYCOLYSIS	entry3.75_SOFA_D3__all_valid	ALDOA
GLYCOLYSIS	entry3.75_SOFA_D3__all_valid	DEPDC1
GLYCOLYSIS	entry3.75_SOFA_D3__all_valid	PLOD1
HEDGEHOG_SIGNALING	entry3.75_SOFA_D3__all_valid	ETS2
HEDGEHOG_SIGNALING	entry3.75_SOFA_D3__all_valid	SLIT1
HEDGEHOG_SIGNALING	entry3.75_SOFA_D3__all_valid	CDK5R1
HEDGEHOG_SIGNALING	entry3.75_SOFA_D3__all_valid	NF1
HEDGEHOG_SIGNALING	entry3.75_SOFA_D3__all_valid	TLE3
HEDGEHOG_SIGNALING	entry3.75_SOFA_D3__all_valid	GLI1
HEDGEHOG_SIGNALING	entry3.75_SOFA_D3__all_valid	MYH9
HEDGEHOG_SIGNALING	entry3.75_SOFA_D3__all_valid	TLE1
HEDGEHOG_SIGNALING	entry3.75_SOFA_D3__all_valid	RASA1
HEME_METABOLISM	entry3.75_SOFA_D3__all_valid	NFE2
HEME_METABOLISM	entry3.75_SOFA_D3__all_valid	CCND3
HEME_METABOLISM	entry3.75_SOFA_D3__all_valid	SLC22A4
HEME_METABOLISM	entry3.75_SOFA_D3__all_valid	GCLM
HEME_METABOLISM	entry3.75_SOFA_D3__all_valid	MBOAT2
HEME_METABOLISM	entry3.75_SOFA_D3__all_valid	NARF
HEME_METABOLISM	entry3.75_SOFA_D3__all_valid	ATP6V0A1
HEME_METABOLISM	entry3.75_SOFA_D3__all_valid	ADD1
HEME_METABOLISM	entry3.75_SOFA_D3__all_valid	LPIN2
HEME_METABOLISM	entry3.75_SOFA_D3__all_valid	SLC25A37
HEME_METABOLISM	entry3.75_SOFA_D3__all_valid	LRP10
HEME_METABOLISM	entry3.75_SOFA_D3__all_valid	FBXO34
HEME_METABOLISM	entry3.75_SOFA_D3__all_valid	P4HA2
HEME_METABOLISM	entry3.75_SOFA_D3__all_valid	FBXO9
HEME_METABOLISM	entry3.75_SOFA_D3__all_valid	EZH1
HEME_METABOLISM	entry3.75_SOFA_D3__all_valid	ABCB6
HEME_METABOLISM	entry3.75_SOFA_D3__all_valid	CAST
HEME_METABOLISM	entry3.75_SOFA_D3__all_valid	MARK3
HEME_METABOLISM	entry3.75_SOFA_D3__all_valid	MPP1
HEME_METABOLISM	entry3.75_SOFA_D3__all_valid	SLC2A1
HEME_METABOLISM	entry3.75_SOFA_D3__all_valid	MAP2K3
HEME_METABOLISM	entry3.75_SOFA_D3__all_valid	HTATIP2
HEME_METABOLISM	entry3.75_SOFA_D3__all_valid	ERMAP
HEME_METABOLISM	entry3.75_SOFA_D3__all_valid	GAPVD1
HEME_METABOLISM	entry3.75_SOFA_D3__all_valid	KHNYN
HEME_METABOLISM	entry3.75_SOFA_D3__all_valid	FOXO3
HEME_METABOLISM	entry3.75_SOFA_D3__all_valid	NR3C1
HEME_METABOLISM	entry3.75_SOFA_D3__all_valid	PSMD9
HEME_METABOLISM	entry3.75_SOFA_D3__all_valid	SDCBP
HEME_METABOLISM	entry3.75_SOFA_D3__all_valid	DCAF10
HEME_METABOLISM	entry3.75_SOFA_D3__all_valid	PICALM
HEME_METABOLISM	entry3.75_SOFA_D3__all_valid	GDE1
HEME_METABOLISM	entry3.75_SOFA_D3__all_valid	SMOX
HEME_METABOLISM	entry3.75_SOFA_D3__all_valid	RHAG
HEME_METABOLISM	entry3.75_SOFA_D3__all_valid	LAMP2
HEME_METABOLISM	entry3.75_SOFA_D3__all_valid	ALAD
HEME_METABOLISM	entry3.75_SOFA_D3__all_valid	PPP2R5B
HEME_METABOLISM	entry3.75_SOFA_D3__all_valid	SPTB
HEME_METABOLISM	entry3.75_SOFA_D3__all_valid	USP15
HEME_METABOLISM	entry3.75_SOFA_D3__all_valid	ADIPOR1
HEME_METABOLISM	entry3.75_SOFA_D3__all_valid	FOXJ2
HEME_METABOLISM	entry3.75_SOFA_D3__all_valid	KDM7A
HEME_METABOLISM	entry3.75_SOFA_D3__all_valid	SEC14L1
HEME_METABOLISM	entry3.75_SOFA_D3__all_valid	NUDT4
HEME_METABOLISM	entry3.75_SOFA_D3__all_valid	RCL1
HEME_METABOLISM	entry3.75_SOFA_D3__all_valid	RAP1GAP
HEME_METABOLISM	entry3.75_SOFA_D3__all_valid	EIF2AK1
HEME_METABOLISM	entry3.75_SOFA_D3__all_valid	CA2
HEME_METABOLISM	entry3.75_SOFA_D3__all_valid	MARCHF2
HEME_METABOLISM	entry3.75_SOFA_D3__all_valid	TNRC6B
HEME_METABOLISM	entry3.75_SOFA_D3__all_valid	HDGF
HEME_METABOLISM	entry3.75_SOFA_D3__all_valid	TMCC2
HEME_METABOLISM	entry3.75_SOFA_D3__all_valid	BCAM
HEME_METABOLISM	entry3.75_SOFA_D3__all_valid	LMO2
HEME_METABOLISM	entry3.75_SOFA_D3__all_valid	SYNJ1
HEME_METABOLISM	entry3.75_SOFA_D3__all_valid	SLC66A2
HEME_METABOLISM	entry3.75_SOFA_D3__all_valid	NEK7
HEME_METABOLISM	entry3.75_SOFA_D3__all_valid	RBM5
HEME_METABOLISM	entry3.75_SOFA_D3__all_valid	KEL
HEME_METABOLISM	entry3.75_SOFA_D3__all_valid	RANBP10
HEME_METABOLISM	entry3.75_SOFA_D3__all_valid	RHD
HEME_METABOLISM	entry3.75_SOFA_D3__all_valid	TAL1
HEME_METABOLISM	entry3.75_SOFA_D3__all_valid	ARHGEF12
HEME_METABOLISM	entry3.75_SOFA_D3__all_valid	ANK1
HEME_METABOLISM	entry3.75_SOFA_D3__all_valid	KLF3
HEME_METABOLISM	entry3.75_SOFA_D3__all_valid	MARCHF8
HEME_METABOLISM	entry3.75_SOFA_D3__all_valid	DMTN
HEME_METABOLISM	entry3.75_SOFA_D3__all_valid	CTNS
HEME_METABOLISM	entry3.75_SOFA_D3__all_valid	DCAF11
HEME_METABOLISM	entry3.75_SOFA_D3__all_valid	E2F2
HEME_METABOLISM	entry3.75_SOFA_D3__all_valid	RNF19A
HEME_METABOLISM	entry3.75_SOFA_D3__all_valid	RBM38
HEME_METABOLISM	entry3.75_SOFA_D3__all_valid	FN3K
HEME_METABOLISM	entry3.75_SOFA_D3__all_valid	HTRA2
HEME_METABOLISM	entry3.75_SOFA_D3__all_valid	BTRC
HEME_METABOLISM	entry3.75_SOFA_D3__all_valid	EPOR
HEME_METABOLISM	entry3.75_SOFA_D3__all_valid	GATA1
HEME_METABOLISM	entry3.75_SOFA_D3__all_valid	CTSB
HEME_METABOLISM	entry3.75_SOFA_D3__all_valid	DAAM1
HEME_METABOLISM	entry3.75_SOFA_D3__all_valid	XPO7
HEME_METABOLISM	entry3.75_SOFA_D3__all_valid	KAT2B
HEME_METABOLISM	entry3.75_SOFA_D3__all_valid	CCDC28A
HEME_METABOLISM	entry3.75_SOFA_D3__all_valid	NFE2L1
HEME_METABOLISM	entry3.75_SOFA_D3__all_valid	TOP1
HEME_METABOLISM	entry3.75_SOFA_D3__all_valid	RHCE
HEME_METABOLISM	entry3.75_SOFA_D3__all_valid	YPEL5
HEME_METABOLISM	entry3.75_SOFA_D3__all_valid	FBXO7
HYPOXIA	entry3.75_SOFA_D3__all_valid	NDRG1
HYPOXIA	entry3.75_SOFA_D3__all_valid	PFKFB3
HYPOXIA	entry3.75_SOFA_D3__all_valid	SLC2A3
HYPOXIA	entry3.75_SOFA_D3__all_valid	FOSL2
HYPOXIA	entry3.75_SOFA_D3__all_valid	NFIL3
HYPOXIA	entry3.75_SOFA_D3__all_valid	AMPD3
HYPOXIA	entry3.75_SOFA_D3__all_valid	TPST2
HYPOXIA	entry3.75_SOFA_D3__all_valid	IRS2
HYPOXIA	entry3.75_SOFA_D3__all_valid	NDST2
HYPOXIA	entry3.75_SOFA_D3__all_valid	HK2
HYPOXIA	entry3.75_SOFA_D3__all_valid	RBPJ
HYPOXIA	entry3.75_SOFA_D3__all_valid	SLC6A6
HYPOXIA	entry3.75_SOFA_D3__all_valid	KLF7
HYPOXIA	entry3.75_SOFA_D3__all_valid	JMJD6
HYPOXIA	entry3.75_SOFA_D3__all_valid	KLF6
HYPOXIA	entry3.75_SOFA_D3__all_valid	P4HA2
HYPOXIA	entry3.75_SOFA_D3__all_valid	PDK3
HYPOXIA	entry3.75_SOFA_D3__all_valid	CCNG2
HYPOXIA	entry3.75_SOFA_D3__all_valid	TIPARP
HYPOXIA	entry3.75_SOFA_D3__all_valid	PGM1
HYPOXIA	entry3.75_SOFA_D3__all_valid	RRAGD
HYPOXIA	entry3.75_SOFA_D3__all_valid	PIM1
HYPOXIA	entry3.75_SOFA_D3__all_valid	WSB1
HYPOXIA	entry3.75_SOFA_D3__all_valid	ADM
HYPOXIA	entry3.75_SOFA_D3__all_valid	SLC2A1
HYPOXIA	entry3.75_SOFA_D3__all_valid	EXT1
HYPOXIA	entry3.75_SOFA_D3__all_valid	IDS
HYPOXIA	entry3.75_SOFA_D3__all_valid	LDHA
HYPOXIA	entry3.75_SOFA_D3__all_valid	FOXO3
HYPOXIA	entry3.75_SOFA_D3__all_valid	NR3C1
HYPOXIA	entry3.75_SOFA_D3__all_valid	PGM2
HYPOXIA	entry3.75_SOFA_D3__all_valid	SERPINE1
HYPOXIA	entry3.75_SOFA_D3__all_valid	PNRC1
HYPOXIA	entry3.75_SOFA_D3__all_valid	ANKZF1
HYPOXIA	entry3.75_SOFA_D3__all_valid	PAM
HYPOXIA	entry3.75_SOFA_D3__all_valid	PPP1R15A
HYPOXIA	entry3.75_SOFA_D3__all_valid	PGK1
HYPOXIA	entry3.75_SOFA_D3__all_valid	SIAH2
HYPOXIA	entry3.75_SOFA_D3__all_valid	CDKN1B
HYPOXIA	entry3.75_SOFA_D3__all_valid	MAP3K1
HYPOXIA	entry3.75_SOFA_D3__all_valid	TNFAIP3
HYPOXIA	entry3.75_SOFA_D3__all_valid	CSRP2
HYPOXIA	entry3.75_SOFA_D3__all_valid	DUSP1
HYPOXIA	entry3.75_SOFA_D3__all_valid	NDST1
HYPOXIA	entry3.75_SOFA_D3__all_valid	IER3
HYPOXIA	entry3.75_SOFA_D3__all_valid	SAP30
HYPOXIA	entry3.75_SOFA_D3__all_valid	GBE1
HYPOXIA	entry3.75_SOFA_D3__all_valid	ALDOA
HYPOXIA	entry3.75_SOFA_D3__all_valid	HK1
HYPOXIA	entry3.75_SOFA_D3__all_valid	GAPDH
HYPOXIA	entry3.75_SOFA_D3__all_valid	CA12
HYPOXIA	entry3.75_SOFA_D3__all_valid	MYH9
HYPOXIA	entry3.75_SOFA_D3__all_valid	PLAC8
HYPOXIA	entry3.75_SOFA_D3__all_valid	PYGM
HYPOXIA	entry3.75_SOFA_D3__all_valid	TMEM45A
HYPOXIA	entry3.75_SOFA_D3__all_valid	PRDX5
HYPOXIA	entry3.75_SOFA_D3__all_valid	DDIT4
HYPOXIA	entry3.75_SOFA_D3__all_valid	GLRX
HYPOXIA	entry3.75_SOFA_D3__all_valid	UGP2
HYPOXIA	entry3.75_SOFA_D3__all_valid	ZFP36
HYPOXIA	entry3.75_SOFA_D3__all_valid	ZNF292
HYPOXIA	entry3.75_SOFA_D3__all_valid	GYS1
HYPOXIA	entry3.75_SOFA_D3__all_valid	ENO1
HYPOXIA	entry3.75_SOFA_D3__all_valid	NEDD4L
HYPOXIA	entry3.75_SOFA_D3__all_valid	PHKG1
IL2_STAT5_SIGNALING	entry3.75_SOFA_D3__all_valid	CST7
IL2_STAT5_SIGNALING	entry3.75_SOFA_D3__all_valid	NDRG1
IL2_STAT5_SIGNALING	entry3.75_SOFA_D3__all_valid	MAPKAPK2
IL2_STAT5_SIGNALING	entry3.75_SOFA_D3__all_valid	IL1R2
IL2_STAT5_SIGNALING	entry3.75_SOFA_D3__all_valid	CCND3
IL2_STAT5_SIGNALING	entry3.75_SOFA_D3__all_valid	IGF1R
IL2_STAT5_SIGNALING	entry3.75_SOFA_D3__all_valid	SLC2A3
IL2_STAT5_SIGNALING	entry3.75_SOFA_D3__all_valid	NFIL3
IL2_STAT5_SIGNALING	entry3.75_SOFA_D3__all_valid	CKAP4
IL2_STAT5_SIGNALING	entry3.75_SOFA_D3__all_valid	PLSCR1
IL2_STAT5_SIGNALING	entry3.75_SOFA_D3__all_valid	HK2
IL2_STAT5_SIGNALING	entry3.75_SOFA_D3__all_valid	HIPK2
IL2_STAT5_SIGNALING	entry3.75_SOFA_D3__all_valid	SCN9A
IL2_STAT5_SIGNALING	entry3.75_SOFA_D3__all_valid	FURIN
IL2_STAT5_SIGNALING	entry3.75_SOFA_D3__all_valid	MXD1
IL2_STAT5_SIGNALING	entry3.75_SOFA_D3__all_valid	IL4R
IL2_STAT5_SIGNALING	entry3.75_SOFA_D3__all_valid	HYCC2
IL2_STAT5_SIGNALING	entry3.75_SOFA_D3__all_valid	IL18R1
IL2_STAT5_SIGNALING	entry3.75_SOFA_D3__all_valid	ALCAM
IL2_STAT5_SIGNALING	entry3.75_SOFA_D3__all_valid	KLF6
IL2_STAT5_SIGNALING	entry3.75_SOFA_D3__all_valid	RRAGD
IL2_STAT5_SIGNALING	entry3.75_SOFA_D3__all_valid	IGF2R
IL2_STAT5_SIGNALING	entry3.75_SOFA_D3__all_valid	SELL
IL2_STAT5_SIGNALING	entry3.75_SOFA_D3__all_valid	ADAM19
IL2_STAT5_SIGNALING	entry3.75_SOFA_D3__all_valid	PIM1
IL2_STAT5_SIGNALING	entry3.75_SOFA_D3__all_valid	IFNGR1
IL2_STAT5_SIGNALING	entry3.75_SOFA_D3__all_valid	DENND5A
IL2_STAT5_SIGNALING	entry3.75_SOFA_D3__all_valid	CD44
IL2_STAT5_SIGNALING	entry3.75_SOFA_D3__all_valid	BATF
IL2_STAT5_SIGNALING	entry3.75_SOFA_D3__all_valid	IFITM3
IL2_STAT5_SIGNALING	entry3.75_SOFA_D3__all_valid	SMPDL3A
IL2_STAT5_SIGNALING	entry3.75_SOFA_D3__all_valid	CAPG
IL2_STAT5_SIGNALING	entry3.75_SOFA_D3__all_valid	PLEC
IL2_STAT5_SIGNALING	entry3.75_SOFA_D3__all_valid	CAPN3
IL2_STAT5_SIGNALING	entry3.75_SOFA_D3__all_valid	IL1RL1
IL2_STAT5_SIGNALING	entry3.75_SOFA_D3__all_valid	MAP3K8
IL2_STAT5_SIGNALING	entry3.75_SOFA_D3__all_valid	ST3GAL4
IL2_STAT5_SIGNALING	entry3.75_SOFA_D3__all_valid	GLIPR2
IL2_STAT5_SIGNALING	entry3.75_SOFA_D3__all_valid	CSF1
IL2_STAT5_SIGNALING	entry3.75_SOFA_D3__all_valid	GADD45B
IL2_STAT5_SIGNALING	entry3.75_SOFA_D3__all_valid	SLC39A8
IL2_STAT5_SIGNALING	entry3.75_SOFA_D3__all_valid	SPRED2
IL2_STAT5_SIGNALING	entry3.75_SOFA_D3__all_valid	GABARAPL1
IL2_STAT5_SIGNALING	entry3.75_SOFA_D3__all_valid	DCPS
IL2_STAT5_SIGNALING	entry3.75_SOFA_D3__all_valid	ETFBKMT
IL2_STAT5_SIGNALING	entry3.75_SOFA_D3__all_valid	F2RL2
IL6_JAK_STAT3_SIGNALING	entry3.75_SOFA_D3__all_valid	IL1R2
IL6_JAK_STAT3_SIGNALING	entry3.75_SOFA_D3__all_valid	IL1R1
IL6_JAK_STAT3_SIGNALING	entry3.75_SOFA_D3__all_valid	IL17RA
IL6_JAK_STAT3_SIGNALING	entry3.75_SOFA_D3__all_valid	STAT3
IL6_JAK_STAT3_SIGNALING	entry3.75_SOFA_D3__all_valid	SOCS3
IL6_JAK_STAT3_SIGNALING	entry3.75_SOFA_D3__all_valid	IFNAR1
IL6_JAK_STAT3_SIGNALING	entry3.75_SOFA_D3__all_valid	IL10RB
IL6_JAK_STAT3_SIGNALING	entry3.75_SOFA_D3__all_valid	ACVR1B
IL6_JAK_STAT3_SIGNALING	entry3.75_SOFA_D3__all_valid	TNFRSF1A
IL6_JAK_STAT3_SIGNALING	entry3.75_SOFA_D3__all_valid	IFNGR2
IL6_JAK_STAT3_SIGNALING	entry3.75_SOFA_D3__all_valid	IL4R
IL6_JAK_STAT3_SIGNALING	entry3.75_SOFA_D3__all_valid	IL18R1
IL6_JAK_STAT3_SIGNALING	entry3.75_SOFA_D3__all_valid	PTPN1
IL6_JAK_STAT3_SIGNALING	entry3.75_SOFA_D3__all_valid	TLR2
IL6_JAK_STAT3_SIGNALING	entry3.75_SOFA_D3__all_valid	CSF3R
IL6_JAK_STAT3_SIGNALING	entry3.75_SOFA_D3__all_valid	PDGFC
IL6_JAK_STAT3_SIGNALING	entry3.75_SOFA_D3__all_valid	PIM1
IL6_JAK_STAT3_SIGNALING	entry3.75_SOFA_D3__all_valid	IFNGR1
IL6_JAK_STAT3_SIGNALING	entry3.75_SOFA_D3__all_valid	CD44
IL6_JAK_STAT3_SIGNALING	entry3.75_SOFA_D3__all_valid	CSF2RA
IL6_JAK_STAT3_SIGNALING	entry3.75_SOFA_D3__all_valid	CSF2RB
IL6_JAK_STAT3_SIGNALING	entry3.75_SOFA_D3__all_valid	CBL
IL6_JAK_STAT3_SIGNALING	entry3.75_SOFA_D3__all_valid	FAS
IL6_JAK_STAT3_SIGNALING	entry3.75_SOFA_D3__all_valid	GRB2
IL6_JAK_STAT3_SIGNALING	entry3.75_SOFA_D3__all_valid	MYD88
IL6_JAK_STAT3_SIGNALING	entry3.75_SOFA_D3__all_valid	MAP3K8
IL6_JAK_STAT3_SIGNALING	entry3.75_SOFA_D3__all_valid	CSF1
IL6_JAK_STAT3_SIGNALING	entry3.75_SOFA_D3__all_valid	IL13RA1
IL6_JAK_STAT3_SIGNALING	entry3.75_SOFA_D3__all_valid	TGFB1
IL6_JAK_STAT3_SIGNALING	entry3.75_SOFA_D3__all_valid	PIK3R5
IL6_JAK_STAT3_SIGNALING	entry3.75_SOFA_D3__all_valid	IRF9
IL6_JAK_STAT3_SIGNALING	entry3.75_SOFA_D3__all_valid	SOCS1
IL6_JAK_STAT3_SIGNALING	entry3.75_SOFA_D3__all_valid	OSMR
IL6_JAK_STAT3_SIGNALING	entry3.75_SOFA_D3__all_valid	IL17RB
IL6_JAK_STAT3_SIGNALING	entry3.75_SOFA_D3__all_valid	IRF1
IL6_JAK_STAT3_SIGNALING	entry3.75_SOFA_D3__all_valid	IL6ST
IL6_JAK_STAT3_SIGNALING	entry3.75_SOFA_D3__all_valid	TYK2
IL6_JAK_STAT3_SIGNALING	entry3.75_SOFA_D3__all_valid	IL2RG
IL6_JAK_STAT3_SIGNALING	entry3.75_SOFA_D3__all_valid	CXCL1
IL6_JAK_STAT3_SIGNALING	entry3.75_SOFA_D3__all_valid	CCR1
IL6_JAK_STAT3_SIGNALING	entry3.75_SOFA_D3__all_valid	ACVRL1
IL6_JAK_STAT3_SIGNALING	entry3.75_SOFA_D3__all_valid	PTPN11
IL6_JAK_STAT3_SIGNALING	entry3.75_SOFA_D3__all_valid	ITGB3
INFLAMMATORY_RESPONSE	entry3.75_SOFA_D3__all_valid	IL1R1
INFLAMMATORY_RESPONSE	entry3.75_SOFA_D3__all_valid	KIF1B
INFLAMMATORY_RESPONSE	entry3.75_SOFA_D3__all_valid	IL18RAP
INFLAMMATORY_RESPONSE	entry3.75_SOFA_D3__all_valid	IFNAR1
INFLAMMATORY_RESPONSE	entry3.75_SOFA_D3__all_valid	LYN
INFLAMMATORY_RESPONSE	entry3.75_SOFA_D3__all_valid	ACVR1B
INFLAMMATORY_RESPONSE	entry3.75_SOFA_D3__all_valid	PTPRE
INFLAMMATORY_RESPONSE	entry3.75_SOFA_D3__all_valid	MXD1
INFLAMMATORY_RESPONSE	entry3.75_SOFA_D3__all_valid	IFNGR2
INFLAMMATORY_RESPONSE	entry3.75_SOFA_D3__all_valid	IL4R
INFLAMMATORY_RESPONSE	entry3.75_SOFA_D3__all_valid	IFITM1
INFLAMMATORY_RESPONSE	entry3.75_SOFA_D3__all_valid	RHOG
INFLAMMATORY_RESPONSE	entry3.75_SOFA_D3__all_valid	IL18R1
INFLAMMATORY_RESPONSE	entry3.75_SOFA_D3__all_valid	PROK2
INFLAMMATORY_RESPONSE	entry3.75_SOFA_D3__all_valid	FPR1
INFLAMMATORY_RESPONSE	entry3.75_SOFA_D3__all_valid	LCP2
INFLAMMATORY_RESPONSE	entry3.75_SOFA_D3__all_valid	AQP9
INFLAMMATORY_RESPONSE	entry3.75_SOFA_D3__all_valid	KLF6
INFLAMMATORY_RESPONSE	entry3.75_SOFA_D3__all_valid	TLR2
INFLAMMATORY_RESPONSE	entry3.75_SOFA_D3__all_valid	RNF144B
INFLAMMATORY_RESPONSE	entry3.75_SOFA_D3__all_valid	MEFV
INFLAMMATORY_RESPONSE	entry3.75_SOFA_D3__all_valid	OSM
INFLAMMATORY_RESPONSE	entry3.75_SOFA_D3__all_valid	CD55
INFLAMMATORY_RESPONSE	entry3.75_SOFA_D3__all_valid	IRAK2
INFLAMMATORY_RESPONSE	entry3.75_SOFA_D3__all_valid	NFKB1
INFLAMMATORY_RESPONSE	entry3.75_SOFA_D3__all_valid	SELL
INFLAMMATORY_RESPONSE	entry3.75_SOFA_D3__all_valid	CD82
INFLAMMATORY_RESPONSE	entry3.75_SOFA_D3__all_valid	NFKBIA
INFLAMMATORY_RESPONSE	entry3.75_SOFA_D3__all_valid	CSF3R
INFLAMMATORY_RESPONSE	entry3.75_SOFA_D3__all_valid	LDLR
INFLAMMATORY_RESPONSE	entry3.75_SOFA_D3__all_valid	PSEN1
INFLAMMATORY_RESPONSE	entry3.75_SOFA_D3__all_valid	C3AR1
INFLAMMATORY_RESPONSE	entry3.75_SOFA_D3__all_valid	ADM
INFLAMMATORY_RESPONSE	entry3.75_SOFA_D3__all_valid	PTAFR
INFLAMMATORY_RESPONSE	entry3.75_SOFA_D3__all_valid	HIF1A
INFLAMMATORY_RESPONSE	entry3.75_SOFA_D3__all_valid	SGMS2
INFLAMMATORY_RESPONSE	entry3.75_SOFA_D3__all_valid	SEMA4D
INFLAMMATORY_RESPONSE	entry3.75_SOFA_D3__all_valid	NLRP3
INFLAMMATORY_RESPONSE	entry3.75_SOFA_D3__all_valid	ADGRE1
INFLAMMATORY_RESPONSE	entry3.75_SOFA_D3__all_valid	SERPINE1
INFLAMMATORY_RESPONSE	entry3.75_SOFA_D3__all_valid	RAF1
INFLAMMATORY_RESPONSE	entry3.75_SOFA_D3__all_valid	TAPBP
INFLAMMATORY_RESPONSE	entry3.75_SOFA_D3__all_valid	CSF1
INFLAMMATORY_RESPONSE	entry3.75_SOFA_D3__all_valid	SLC31A2
INFLAMMATORY_RESPONSE	entry3.75_SOFA_D3__all_valid	EIF2AK2
INFLAMMATORY_RESPONSE	entry3.75_SOFA_D3__all_valid	CLEC5A
INFLAMMATORY_RESPONSE	entry3.75_SOFA_D3__all_valid	PIK3R5
INFLAMMATORY_RESPONSE	entry3.75_SOFA_D3__all_valid	FFAR2
INFLAMMATORY_RESPONSE	entry3.75_SOFA_D3__all_valid	GNAI3
INFLAMMATORY_RESPONSE	entry3.75_SOFA_D3__all_valid	NAMPT
INFLAMMATORY_RESPONSE	entry3.75_SOFA_D3__all_valid	KCNJ2
INFLAMMATORY_RESPONSE	entry3.75_SOFA_D3__all_valid	TLR1
INTERFERON_ALPHA_RESPONSE	entry3.75_SOFA_D3__all_valid	TRIM25
INTERFERON_ALPHA_RESPONSE	entry3.75_SOFA_D3__all_valid	PLSCR1
INTERFERON_ALPHA_RESPONSE	entry3.75_SOFA_D3__all_valid	IL4R
INTERFERON_ALPHA_RESPONSE	entry3.75_SOFA_D3__all_valid	IFITM1
INTERFERON_ALPHA_RESPONSE	entry3.75_SOFA_D3__all_valid	ADAR
INTERFERON_ALPHA_RESPONSE	entry3.75_SOFA_D3__all_valid	SELL
INTERFERON_ALPHA_RESPONSE	entry3.75_SOFA_D3__all_valid	IRF2
INTERFERON_ALPHA_RESPONSE	entry3.75_SOFA_D3__all_valid	IFITM2
INTERFERON_ALPHA_RESPONSE	entry3.75_SOFA_D3__all_valid	TRAFD1
INTERFERON_ALPHA_RESPONSE	entry3.75_SOFA_D3__all_valid	IFITM3
INTERFERON_ALPHA_RESPONSE	entry3.75_SOFA_D3__all_valid	TRIM21
INTERFERON_ALPHA_RESPONSE	entry3.75_SOFA_D3__all_valid	TMEM140
INTERFERON_ALPHA_RESPONSE	entry3.75_SOFA_D3__all_valid	TRIM5
INTERFERON_ALPHA_RESPONSE	entry3.75_SOFA_D3__all_valid	CSF1
INTERFERON_ALPHA_RESPONSE	entry3.75_SOFA_D3__all_valid	EIF2AK2
INTERFERON_ALPHA_RESPONSE	entry3.75_SOFA_D3__all_valid	PARP9
INTERFERON_ALPHA_RESPONSE	entry3.75_SOFA_D3__all_valid	TDRD7
INTERFERON_ALPHA_RESPONSE	entry3.75_SOFA_D3__all_valid	IRF9
INTERFERON_ALPHA_RESPONSE	entry3.75_SOFA_D3__all_valid	SP110
INTERFERON_ALPHA_RESPONSE	entry3.75_SOFA_D3__all_valid	GMPR
INTERFERON_ALPHA_RESPONSE	entry3.75_SOFA_D3__all_valid	SLC25A28
INTERFERON_ALPHA_RESPONSE	entry3.75_SOFA_D3__all_valid	NMI
INTERFERON_ALPHA_RESPONSE	entry3.75_SOFA_D3__all_valid	GBP2
INTERFERON_ALPHA_RESPONSE	entry3.75_SOFA_D3__all_valid	TAP1
INTERFERON_ALPHA_RESPONSE	entry3.75_SOFA_D3__all_valid	HELZ2
INTERFERON_ALPHA_RESPONSE	entry3.75_SOFA_D3__all_valid	IRF1
INTERFERON_ALPHA_RESPONSE	entry3.75_SOFA_D3__all_valid	OGFR
INTERFERON_ALPHA_RESPONSE	entry3.75_SOFA_D3__all_valid	TXNIP
INTERFERON_ALPHA_RESPONSE	entry3.75_SOFA_D3__all_valid	HLA-C
INTERFERON_ALPHA_RESPONSE	entry3.75_SOFA_D3__all_valid	IRF7
INTERFERON_ALPHA_RESPONSE	entry3.75_SOFA_D3__all_valid	RNF31
INTERFERON_ALPHA_RESPONSE	entry3.75_SOFA_D3__all_valid	BATF2
INTERFERON_ALPHA_RESPONSE	entry3.75_SOFA_D3__all_valid	ELF1
INTERFERON_GAMMA_RESPONSE	entry3.75_SOFA_D3__all_valid	TRIM25
INTERFERON_GAMMA_RESPONSE	entry3.75_SOFA_D3__all_valid	UPP1
INTERFERON_GAMMA_RESPONSE	entry3.75_SOFA_D3__all_valid	STAT3
INTERFERON_GAMMA_RESPONSE	entry3.75_SOFA_D3__all_valid	LATS2
INTERFERON_GAMMA_RESPONSE	entry3.75_SOFA_D3__all_valid	EIF4E3
INTERFERON_GAMMA_RESPONSE	entry3.75_SOFA_D3__all_valid	PLSCR1
INTERFERON_GAMMA_RESPONSE	entry3.75_SOFA_D3__all_valid	SOCS3
INTERFERON_GAMMA_RESPONSE	entry3.75_SOFA_D3__all_valid	IL4R
INTERFERON_GAMMA_RESPONSE	entry3.75_SOFA_D3__all_valid	ADAR
INTERFERON_GAMMA_RESPONSE	entry3.75_SOFA_D3__all_valid	FPR1
INTERFERON_GAMMA_RESPONSE	entry3.75_SOFA_D3__all_valid	LCP2
INTERFERON_GAMMA_RESPONSE	entry3.75_SOFA_D3__all_valid	PTPN1
INTERFERON_GAMMA_RESPONSE	entry3.75_SOFA_D3__all_valid	NLRC5
INTERFERON_GAMMA_RESPONSE	entry3.75_SOFA_D3__all_valid	NFKB1
INTERFERON_GAMMA_RESPONSE	entry3.75_SOFA_D3__all_valid	NFKBIA
INTERFERON_GAMMA_RESPONSE	entry3.75_SOFA_D3__all_valid	IRF2
INTERFERON_GAMMA_RESPONSE	entry3.75_SOFA_D3__all_valid	IFITM2
INTERFERON_GAMMA_RESPONSE	entry3.75_SOFA_D3__all_valid	PIM1
INTERFERON_GAMMA_RESPONSE	entry3.75_SOFA_D3__all_valid	TRAFD1
INTERFERON_GAMMA_RESPONSE	entry3.75_SOFA_D3__all_valid	ZNFX1
INTERFERON_GAMMA_RESPONSE	entry3.75_SOFA_D3__all_valid	CSF2RB
INTERFERON_GAMMA_RESPONSE	entry3.75_SOFA_D3__all_valid	HIF1A
INTERFERON_GAMMA_RESPONSE	entry3.75_SOFA_D3__all_valid	IFITM3
INTERFERON_GAMMA_RESPONSE	entry3.75_SOFA_D3__all_valid	TRIM21
INTERFERON_GAMMA_RESPONSE	entry3.75_SOFA_D3__all_valid	JAK2
INTERFERON_GAMMA_RESPONSE	entry3.75_SOFA_D3__all_valid	FAS
INTERFERON_GAMMA_RESPONSE	entry3.75_SOFA_D3__all_valid	MYD88
INTERFERON_GAMMA_RESPONSE	entry3.75_SOFA_D3__all_valid	TMT1B
INTERFERON_GAMMA_RESPONSE	entry3.75_SOFA_D3__all_valid	TAPBP
INTERFERON_GAMMA_RESPONSE	entry3.75_SOFA_D3__all_valid	CD274
INTERFERON_GAMMA_RESPONSE	entry3.75_SOFA_D3__all_valid	PTPN6
INTERFERON_GAMMA_RESPONSE	entry3.75_SOFA_D3__all_valid	MVP
INTERFERON_GAMMA_RESPONSE	entry3.75_SOFA_D3__all_valid	TNFAIP3
INTERFERON_GAMMA_RESPONSE	entry3.75_SOFA_D3__all_valid	ARID5B
INTERFERON_GAMMA_RESPONSE	entry3.75_SOFA_D3__all_valid	EIF2AK2
INTERFERON_GAMMA_RESPONSE	entry3.75_SOFA_D3__all_valid	PELI1
INTERFERON_GAMMA_RESPONSE	entry3.75_SOFA_D3__all_valid	TOR1B
INTERFERON_GAMMA_RESPONSE	entry3.75_SOFA_D3__all_valid	NAMPT
INTERFERON_GAMMA_RESPONSE	entry3.75_SOFA_D3__all_valid	RIPK1
INTERFERON_GAMMA_RESPONSE	entry3.75_SOFA_D3__all_valid	RNF213
INTERFERON_GAMMA_RESPONSE	entry3.75_SOFA_D3__all_valid	TDRD7
INTERFERON_GAMMA_RESPONSE	entry3.75_SOFA_D3__all_valid	CASP4
INTERFERON_GAMMA_RESPONSE	entry3.75_SOFA_D3__all_valid	FCGR1A
INTERFERON_GAMMA_RESPONSE	entry3.75_SOFA_D3__all_valid	C1R
INTERFERON_GAMMA_RESPONSE	entry3.75_SOFA_D3__all_valid	IRF9
INTERFERON_GAMMA_RESPONSE	entry3.75_SOFA_D3__all_valid	SP110
INTERFERON_GAMMA_RESPONSE	entry3.75_SOFA_D3__all_valid	ICAM1
INTERFERON_GAMMA_RESPONSE	entry3.75_SOFA_D3__all_valid	SOCS1
INTERFERON_GAMMA_RESPONSE	entry3.75_SOFA_D3__all_valid	IFNAR2
INTERFERON_GAMMA_RESPONSE	entry3.75_SOFA_D3__all_valid	SLC25A28
INTERFERON_GAMMA_RESPONSE	entry3.75_SOFA_D3__all_valid	NMI
INTERFERON_GAMMA_RESPONSE	entry3.75_SOFA_D3__all_valid	TNFAIP6
INTERFERON_GAMMA_RESPONSE	entry3.75_SOFA_D3__all_valid	MX2
INTERFERON_GAMMA_RESPONSE	entry3.75_SOFA_D3__all_valid	TAP1
INTERFERON_GAMMA_RESPONSE	entry3.75_SOFA_D3__all_valid	HELZ2
INTERFERON_GAMMA_RESPONSE	entry3.75_SOFA_D3__all_valid	SELP
INTERFERON_GAMMA_RESPONSE	entry3.75_SOFA_D3__all_valid	IRF1
INTERFERON_GAMMA_RESPONSE	entry3.75_SOFA_D3__all_valid	SPPL2A
INTERFERON_GAMMA_RESPONSE	entry3.75_SOFA_D3__all_valid	OGFR
INTERFERON_GAMMA_RESPONSE	entry3.75_SOFA_D3__all_valid	TNFSF10
INTERFERON_GAMMA_RESPONSE	entry3.75_SOFA_D3__all_valid	RBCK1
INTERFERON_GAMMA_RESPONSE	entry3.75_SOFA_D3__all_valid	TXNIP
INTERFERON_GAMMA_RESPONSE	entry3.75_SOFA_D3__all_valid	ST8SIA4
KRAS_SIGNALING_DN	entry3.75_SOFA_D3__all_valid	ZBTB16
KRAS_SIGNALING_DN	entry3.75_SOFA_D3__all_valid	PTPRJ
KRAS_SIGNALING_DN	entry3.75_SOFA_D3__all_valid	ENTPD7
KRAS_SIGNALING_DN	entry3.75_SOFA_D3__all_valid	ASB7
KRAS_SIGNALING_DN	entry3.75_SOFA_D3__all_valid	CPEB3
KRAS_SIGNALING_DN	entry3.75_SOFA_D3__all_valid	TG
KRAS_SIGNALING_DN	entry3.75_SOFA_D3__all_valid	MEFV
KRAS_SIGNALING_DN	entry3.75_SOFA_D3__all_valid	CCNA1
KRAS_SIGNALING_DN	entry3.75_SOFA_D3__all_valid	STAG3
KRAS_SIGNALING_DN	entry3.75_SOFA_D3__all_valid	KCND1
KRAS_SIGNALING_DN	entry3.75_SOFA_D3__all_valid	NR6A1
KRAS_SIGNALING_DN	entry3.75_SOFA_D3__all_valid	PTGFR
KRAS_SIGNALING_DN	entry3.75_SOFA_D3__all_valid	MAST3
KRAS_SIGNALING_DN	entry3.75_SOFA_D3__all_valid	HSD11B2
KRAS_SIGNALING_DN	entry3.75_SOFA_D3__all_valid	BARD1
KRAS_SIGNALING_DN	entry3.75_SOFA_D3__all_valid	KMT2D
KRAS_SIGNALING_DN	entry3.75_SOFA_D3__all_valid	MAGIX
KRAS_SIGNALING_DN	entry3.75_SOFA_D3__all_valid	KLHDC8A
KRAS_SIGNALING_UP	entry3.75_SOFA_D3__all_valid	MMP9
KRAS_SIGNALING_UP	entry3.75_SOFA_D3__all_valid	ARG1
KRAS_SIGNALING_UP	entry3.75_SOFA_D3__all_valid	LAT2
KRAS_SIGNALING_UP	entry3.75_SOFA_D3__all_valid	AVL9
KRAS_SIGNALING_UP	entry3.75_SOFA_D3__all_valid	CDADC1
KRAS_SIGNALING_UP	entry3.75_SOFA_D3__all_valid	TLR8
KRAS_SIGNALING_UP	entry3.75_SOFA_D3__all_valid	GALNT3
KRAS_SIGNALING_UP	entry3.75_SOFA_D3__all_valid	C3AR1
KRAS_SIGNALING_UP	entry3.75_SOFA_D3__all_valid	CSF2RA
KRAS_SIGNALING_UP	entry3.75_SOFA_D3__all_valid	LCP1
KRAS_SIGNALING_UP	entry3.75_SOFA_D3__all_valid	TOR1AIP2
KRAS_SIGNALING_UP	entry3.75_SOFA_D3__all_valid	DOCK2
KRAS_SIGNALING_UP	entry3.75_SOFA_D3__all_valid	F2RL1
KRAS_SIGNALING_UP	entry3.75_SOFA_D3__all_valid	CBL
KRAS_SIGNALING_UP	entry3.75_SOFA_D3__all_valid	PTBP2
KRAS_SIGNALING_UP	entry3.75_SOFA_D3__all_valid	NIN
KRAS_SIGNALING_UP	entry3.75_SOFA_D3__all_valid	ADAM17
KRAS_SIGNALING_UP	entry3.75_SOFA_D3__all_valid	PPP1R15A
KRAS_SIGNALING_UP	entry3.75_SOFA_D3__all_valid	GADD45G
KRAS_SIGNALING_UP	entry3.75_SOFA_D3__all_valid	MAP3K1
KRAS_SIGNALING_UP	entry3.75_SOFA_D3__all_valid	TNFAIP3
KRAS_SIGNALING_UP	entry3.75_SOFA_D3__all_valid	TRIB1
KRAS_SIGNALING_UP	entry3.75_SOFA_D3__all_valid	MTMR10
KRAS_SIGNALING_UP	entry3.75_SOFA_D3__all_valid	EMP1
KRAS_SIGNALING_UP	entry3.75_SOFA_D3__all_valid	LY96
KRAS_SIGNALING_UP	entry3.75_SOFA_D3__all_valid	TFPI
KRAS_SIGNALING_UP	entry3.75_SOFA_D3__all_valid	ADAM8
KRAS_SIGNALING_UP	entry3.75_SOFA_D3__all_valid	CA2
KRAS_SIGNALING_UP	entry3.75_SOFA_D3__all_valid	ALDH1A2
KRAS_SIGNALING_UP	entry3.75_SOFA_D3__all_valid	SPRY2
KRAS_SIGNALING_UP	entry3.75_SOFA_D3__all_valid	LAPTM5
KRAS_SIGNALING_UP	entry3.75_SOFA_D3__all_valid	ITGB2
KRAS_SIGNALING_UP	entry3.75_SOFA_D3__all_valid	FCER1G
KRAS_SIGNALING_UP	entry3.75_SOFA_D3__all_valid	RETN
KRAS_SIGNALING_UP	entry3.75_SOFA_D3__all_valid	IKZF1
KRAS_SIGNALING_UP	entry3.75_SOFA_D3__all_valid	GLRX
MITOTIC_SPINDLE	entry3.75_SOFA_D3__all_valid	CDK5RAP2
MITOTIC_SPINDLE	entry3.75_SOFA_D3__all_valid	KIF1B
MITOTIC_SPINDLE	entry3.75_SOFA_D3__all_valid	CLASP1
MITOTIC_SPINDLE	entry3.75_SOFA_D3__all_valid	RANBP9
MITOTIC_SPINDLE	entry3.75_SOFA_D3__all_valid	TUBA4A
MITOTIC_SPINDLE	entry3.75_SOFA_D3__all_valid	ARL8A
MITOTIC_SPINDLE	entry3.75_SOFA_D3__all_valid	AKAP13
MITOTIC_SPINDLE	entry3.75_SOFA_D3__all_valid	FGD4
MITOTIC_SPINDLE	entry3.75_SOFA_D3__all_valid	GSN
MITOTIC_SPINDLE	entry3.75_SOFA_D3__all_valid	KIF3C
MITOTIC_SPINDLE	entry3.75_SOFA_D3__all_valid	KLC1
MITOTIC_SPINDLE	entry3.75_SOFA_D3__all_valid	PREX1
MITOTIC_SPINDLE	entry3.75_SOFA_D3__all_valid	PPP4R2
MITOTIC_SPINDLE	entry3.75_SOFA_D3__all_valid	SSH2
MITOTIC_SPINDLE	entry3.75_SOFA_D3__all_valid	LMNB1
MITOTIC_SPINDLE	entry3.75_SOFA_D3__all_valid	CDC42EP2
MITOTIC_SPINDLE	entry3.75_SOFA_D3__all_valid	SPTBN1
MITOTIC_SPINDLE	entry3.75_SOFA_D3__all_valid	CSNK1D
MITOTIC_SPINDLE	entry3.75_SOFA_D3__all_valid	ARHGEF11
MITOTIC_SPINDLE	entry3.75_SOFA_D3__all_valid	PAFAH1B1
MITOTIC_SPINDLE	entry3.75_SOFA_D3__all_valid	WASF2
MITOTIC_SPINDLE	entry3.75_SOFA_D3__all_valid	DOCK2
MITOTIC_SPINDLE	entry3.75_SOFA_D3__all_valid	ROCK1
MITOTIC_SPINDLE	entry3.75_SOFA_D3__all_valid	RASA2
MITOTIC_SPINDLE	entry3.75_SOFA_D3__all_valid	NF1
MITOTIC_SPINDLE	entry3.75_SOFA_D3__all_valid	NIN
MITOTIC_SPINDLE	entry3.75_SOFA_D3__all_valid	CLIP1
MITOTIC_SPINDLE	entry3.75_SOFA_D3__all_valid	CDC42EP4
MITOTIC_SPINDLE	entry3.75_SOFA_D3__all_valid	NCK2
MITOTIC_SPINDLE	entry3.75_SOFA_D3__all_valid	PXN
MITOTIC_SPINDLE	entry3.75_SOFA_D3__all_valid	CNTROB
MITOTIC_SPINDLE	entry3.75_SOFA_D3__all_valid	ARFGEF1
MITOTIC_SPINDLE	entry3.75_SOFA_D3__all_valid	NOTCH2
MITOTIC_SPINDLE	entry3.75_SOFA_D3__all_valid	STAU1
MITOTIC_SPINDLE	entry3.75_SOFA_D3__all_valid	RALBP1
MITOTIC_SPINDLE	entry3.75_SOFA_D3__all_valid	NEDD9
MITOTIC_SPINDLE	entry3.75_SOFA_D3__all_valid	CAPZB
MITOTIC_SPINDLE	entry3.75_SOFA_D3__all_valid	CDC42BPA
MITOTIC_SPINDLE	entry3.75_SOFA_D3__all_valid	MYH9
MITOTIC_SPINDLE	entry3.75_SOFA_D3__all_valid	FLNB
MITOTIC_SPINDLE	entry3.75_SOFA_D3__all_valid	ARHGEF2
MITOTIC_SPINDLE	entry3.75_SOFA_D3__all_valid	MARCKS
MITOTIC_SPINDLE	entry3.75_SOFA_D3__all_valid	CDC42
MITOTIC_SPINDLE	entry3.75_SOFA_D3__all_valid	CDC42EP1
MITOTIC_SPINDLE	entry3.75_SOFA_D3__all_valid	RASA1
MITOTIC_SPINDLE	entry3.75_SOFA_D3__all_valid	TUBD1
MITOTIC_SPINDLE	entry3.75_SOFA_D3__all_valid	APC
MITOTIC_SPINDLE	entry3.75_SOFA_D3__all_valid	ITSN1
MITOTIC_SPINDLE	entry3.75_SOFA_D3__all_valid	ABI1
MITOTIC_SPINDLE	entry3.75_SOFA_D3__all_valid	PRC1
MITOTIC_SPINDLE	entry3.75_SOFA_D3__all_valid	KPTN
MITOTIC_SPINDLE	entry3.75_SOFA_D3__all_valid	KIF4A
MITOTIC_SPINDLE	entry3.75_SOFA_D3__all_valid	ECT2
MITOTIC_SPINDLE	entry3.75_SOFA_D3__all_valid	TTK
MITOTIC_SPINDLE	entry3.75_SOFA_D3__all_valid	ARHGAP27
MITOTIC_SPINDLE	entry3.75_SOFA_D3__all_valid	ABR
MITOTIC_SPINDLE	entry3.75_SOFA_D3__all_valid	ACTN4
MITOTIC_SPINDLE	entry3.75_SOFA_D3__all_valid	MARK4
MITOTIC_SPINDLE	entry3.75_SOFA_D3__all_valid	ARHGEF12
MITOTIC_SPINDLE	entry3.75_SOFA_D3__all_valid	KIF11
MITOTIC_SPINDLE	entry3.75_SOFA_D3__all_valid	KIF5B
MITOTIC_SPINDLE	entry3.75_SOFA_D3__all_valid	VCL
MITOTIC_SPINDLE	entry3.75_SOFA_D3__all_valid	MYH10
MITOTIC_SPINDLE	entry3.75_SOFA_D3__all_valid	PDLIM5
MITOTIC_SPINDLE	entry3.75_SOFA_D3__all_valid	MAP1S
MITOTIC_SPINDLE	entry3.75_SOFA_D3__all_valid	TUBGCP3
MITOTIC_SPINDLE	entry3.75_SOFA_D3__all_valid	CYTH2
MITOTIC_SPINDLE	entry3.75_SOFA_D3__all_valid	MYO9B
MITOTIC_SPINDLE	entry3.75_SOFA_D3__all_valid	TLK1
MITOTIC_SPINDLE	entry3.75_SOFA_D3__all_valid	HDAC6
MITOTIC_SPINDLE	entry3.75_SOFA_D3__all_valid	ARAP3
MITOTIC_SPINDLE	entry3.75_SOFA_D3__all_valid	TAOK2
MITOTIC_SPINDLE	entry3.75_SOFA_D3__all_valid	TUBGCP2
MITOTIC_SPINDLE	entry3.75_SOFA_D3__all_valid	MAP3K11
MITOTIC_SPINDLE	entry3.75_SOFA_D3__all_valid	CEP192
MITOTIC_SPINDLE	entry3.75_SOFA_D3__all_valid	KIF23
MITOTIC_SPINDLE	entry3.75_SOFA_D3__all_valid	RAB3GAP1
MITOTIC_SPINDLE	entry3.75_SOFA_D3__all_valid	SOS1
MITOTIC_SPINDLE	entry3.75_SOFA_D3__all_valid	MAPRE1
MITOTIC_SPINDLE	entry3.75_SOFA_D3__all_valid	KATNB1
MITOTIC_SPINDLE	entry3.75_SOFA_D3__all_valid	KIF15
MITOTIC_SPINDLE	entry3.75_SOFA_D3__all_valid	ARHGEF7
MITOTIC_SPINDLE	entry3.75_SOFA_D3__all_valid	AURKA
MITOTIC_SPINDLE	entry3.75_SOFA_D3__all_valid	DYNLL2
MITOTIC_SPINDLE	entry3.75_SOFA_D3__all_valid	BCR
MITOTIC_SPINDLE	entry3.75_SOFA_D3__all_valid	CLIP2
MITOTIC_SPINDLE	entry3.75_SOFA_D3__all_valid	WASF1
MITOTIC_SPINDLE	entry3.75_SOFA_D3__all_valid	ARHGDIA
MTORC1_SIGNALING	entry3.75_SOFA_D3__all_valid	GSR
MTORC1_SIGNALING	entry3.75_SOFA_D3__all_valid	SLC2A3
MTORC1_SIGNALING	entry3.75_SOFA_D3__all_valid	NFIL3
MTORC1_SIGNALING	entry3.75_SOFA_D3__all_valid	SLA
MTORC1_SIGNALING	entry3.75_SOFA_D3__all_valid	TUBA4A
MTORC1_SIGNALING	entry3.75_SOFA_D3__all_valid	SKAP2
MTORC1_SIGNALING	entry3.75_SOFA_D3__all_valid	NIBAN1
MTORC1_SIGNALING	entry3.75_SOFA_D3__all_valid	HK2
MTORC1_SIGNALING	entry3.75_SOFA_D3__all_valid	IDI1
MTORC1_SIGNALING	entry3.75_SOFA_D3__all_valid	SLC6A6
MTORC1_SIGNALING	entry3.75_SOFA_D3__all_valid	PGM1
MTORC1_SIGNALING	entry3.75_SOFA_D3__all_valid	GSK3B
MTORC1_SIGNALING	entry3.75_SOFA_D3__all_valid	LDLR
MTORC1_SIGNALING	entry3.75_SOFA_D3__all_valid	NUPR1
MTORC1_SIGNALING	entry3.75_SOFA_D3__all_valid	ACSL3
MTORC1_SIGNALING	entry3.75_SOFA_D3__all_valid	SLC2A1
MTORC1_SIGNALING	entry3.75_SOFA_D3__all_valid	MAP2K3
MTORC1_SIGNALING	entry3.75_SOFA_D3__all_valid	LDHA
MTORC1_SIGNALING	entry3.75_SOFA_D3__all_valid	DHCR7
MTORC1_SIGNALING	entry3.75_SOFA_D3__all_valid	NFYC
MTORC1_SIGNALING	entry3.75_SOFA_D3__all_valid	G6PD
MTORC1_SIGNALING	entry3.75_SOFA_D3__all_valid	RAB1A
MTORC1_SIGNALING	entry3.75_SOFA_D3__all_valid	GLA
MTORC1_SIGNALING	entry3.75_SOFA_D3__all_valid	PPP1R15A
MTORC1_SIGNALING	entry3.75_SOFA_D3__all_valid	PGK1
MTORC1_SIGNALING	entry3.75_SOFA_D3__all_valid	RIT1
MTORC1_SIGNALING	entry3.75_SOFA_D3__all_valid	UBE2D3
MTORC1_SIGNALING	entry3.75_SOFA_D3__all_valid	GBE1
MTORC1_SIGNALING	entry3.75_SOFA_D3__all_valid	ALDOA
MTORC1_SIGNALING	entry3.75_SOFA_D3__all_valid	NAMPT
MTORC1_SIGNALING	entry3.75_SOFA_D3__all_valid	GAPDH
MYC_TARGETS_V1	entry3.75_SOFA_D3__all_valid	DDX18
MYC_TARGETS_V1	entry3.75_SOFA_D3__all_valid	SRSF7
MYC_TARGETS_V1	entry3.75_SOFA_D3__all_valid	BUB3
MYC_TARGETS_V1	entry3.75_SOFA_D3__all_valid	SYNCRIP
MYC_TARGETS_V1	entry3.75_SOFA_D3__all_valid	HNRNPR
MYC_TARGETS_V1	entry3.75_SOFA_D3__all_valid	ABCE1
MYC_TARGETS_V1	entry3.75_SOFA_D3__all_valid	SNRPA1
MYC_TARGETS_V1	entry3.75_SOFA_D3__all_valid	NPM1
MYC_TARGETS_V1	entry3.75_SOFA_D3__all_valid	G3BP1
MYC_TARGETS_V1	entry3.75_SOFA_D3__all_valid	RPL34
MYC_TARGETS_V1	entry3.75_SOFA_D3__all_valid	EEF1B2
MYC_TARGETS_V1	entry3.75_SOFA_D3__all_valid	TOMM70
MYC_TARGETS_V1	entry3.75_SOFA_D3__all_valid	FBL
MYC_TARGETS_V1	entry3.75_SOFA_D3__all_valid	RPL22
MYC_TARGETS_V1	entry3.75_SOFA_D3__all_valid	CLNS1A
MYC_TARGETS_V1	entry3.75_SOFA_D3__all_valid	MAD2L1
MYC_TARGETS_V1	entry3.75_SOFA_D3__all_valid	NOP56
MYC_TARGETS_V1	entry3.75_SOFA_D3__all_valid	MRPS18B
MYC_TARGETS_V1	entry3.75_SOFA_D3__all_valid	SET
MYC_TARGETS_V1	entry3.75_SOFA_D3__all_valid	RAN
MYC_TARGETS_V1	entry3.75_SOFA_D3__all_valid	RPL6
MYC_TARGETS_V1	entry3.75_SOFA_D3__all_valid	CCT4
MYC_TARGETS_V1	entry3.75_SOFA_D3__all_valid	RPS5
MYC_TARGETS_V1	entry3.75_SOFA_D3__all_valid	RPS2
MYC_TARGETS_V1	entry3.75_SOFA_D3__all_valid	PPIA
MYC_TARGETS_V1	entry3.75_SOFA_D3__all_valid	RPLP0
MYC_TARGETS_V1	entry3.75_SOFA_D3__all_valid	NDUFAB1
MYC_TARGETS_V1	entry3.75_SOFA_D3__all_valid	SNRPD2
MYC_TARGETS_V1	entry3.75_SOFA_D3__all_valid	HSPD1
MYC_TARGETS_V1	entry3.75_SOFA_D3__all_valid	DDX21
MYC_TARGETS_V1	entry3.75_SOFA_D3__all_valid	ILF2
MYC_TARGETS_V1	entry3.75_SOFA_D3__all_valid	SSBP1
MYC_TARGETS_V1	entry3.75_SOFA_D3__all_valid	APEX1
MYC_TARGETS_V1	entry3.75_SOFA_D3__all_valid	MYC
MYC_TARGETS_V1	entry3.75_SOFA_D3__all_valid	RPS6
MYC_TARGETS_V1	entry3.75_SOFA_D3__all_valid	RSL1D1
MYC_TARGETS_V1	entry3.75_SOFA_D3__all_valid	RPS10
MYC_TARGETS_V1	entry3.75_SOFA_D3__all_valid	CCT2
MYC_TARGETS_V1	entry3.75_SOFA_D3__all_valid	GLO1
MYC_TARGETS_V1	entry3.75_SOFA_D3__all_valid	STARD7
MYC_TARGETS_V1	entry3.75_SOFA_D3__all_valid	EPRS1
MYC_TARGETS_V1	entry3.75_SOFA_D3__all_valid	EIF3D
MYC_TARGETS_V1	entry3.75_SOFA_D3__all_valid	PSMD14
MYC_TARGETS_V1	entry3.75_SOFA_D3__all_valid	PHB1
MYC_TARGETS_V1	entry3.75_SOFA_D3__all_valid	EIF2S1
MYC_TARGETS_V1	entry3.75_SOFA_D3__all_valid	IARS1
MYC_TARGETS_V1	entry3.75_SOFA_D3__all_valid	RPS3
MYC_TARGETS_V1	entry3.75_SOFA_D3__all_valid	RPL18
MYC_TARGETS_V1	entry3.75_SOFA_D3__all_valid	VDAC1
MYC_TARGETS_V1	entry3.75_SOFA_D3__all_valid	POLE3
MYC_TARGETS_V1	entry3.75_SOFA_D3__all_valid	PSMD8
MYC_TARGETS_V1	entry3.75_SOFA_D3__all_valid	NCBP2
MYC_TARGETS_V1	entry3.75_SOFA_D3__all_valid	DUT
MYC_TARGETS_V1	entry3.75_SOFA_D3__all_valid	PSMA2
MYC_TARGETS_V1	entry3.75_SOFA_D3__all_valid	IMPDH2
MYC_TARGETS_V1	entry3.75_SOFA_D3__all_valid	PRDX4
MYC_TARGETS_V1	entry3.75_SOFA_D3__all_valid	HNRNPD
MYC_TARGETS_V1	entry3.75_SOFA_D3__all_valid	GNL3
MYC_TARGETS_V1	entry3.75_SOFA_D3__all_valid	RACK1
MYC_TARGETS_V1	entry3.75_SOFA_D3__all_valid	HNRNPA1
MYC_TARGETS_V1	entry3.75_SOFA_D3__all_valid	YWHAQ
MYC_TARGETS_V1	entry3.75_SOFA_D3__all_valid	DHX15
MYC_TARGETS_V1	entry3.75_SOFA_D3__all_valid	SRSF3
MYC_TARGETS_V1	entry3.75_SOFA_D3__all_valid	HNRNPA3
MYC_TARGETS_V1	entry3.75_SOFA_D3__all_valid	CCT7
MYC_TARGETS_V1	entry3.75_SOFA_D3__all_valid	PRPS2
MYC_TARGETS_V1	entry3.75_SOFA_D3__all_valid	ERH
MYC_TARGETS_V1	entry3.75_SOFA_D3__all_valid	C1QBP
MYC_TARGETS_V1	entry3.75_SOFA_D3__all_valid	PCNA
MYC_TARGETS_V1	entry3.75_SOFA_D3__all_valid	KARS1
MYC_TARGETS_V1	entry3.75_SOFA_D3__all_valid	MRPL23
MYC_TARGETS_V1	entry3.75_SOFA_D3__all_valid	SERBP1
MYC_TARGETS_V1	entry3.75_SOFA_D3__all_valid	NME1
MYC_TARGETS_V1	entry3.75_SOFA_D3__all_valid	MRPL9
MYC_TARGETS_V1	entry3.75_SOFA_D3__all_valid	CDK4
MYC_TARGETS_V1	entry3.75_SOFA_D3__all_valid	SNRPA
MYC_TARGETS_V1	entry3.75_SOFA_D3__all_valid	RANBP1
MYC_TARGETS_V1	entry3.75_SOFA_D3__all_valid	RFC4
MYC_TARGETS_V1	entry3.75_SOFA_D3__all_valid	PABPC4
MYC_TARGETS_V1	entry3.75_SOFA_D3__all_valid	TUFM
MYC_TARGETS_V1	entry3.75_SOFA_D3__all_valid	RRP9
MYC_TARGETS_V1	entry3.75_SOFA_D3__all_valid	ACP1
MYC_TARGETS_V1	entry3.75_SOFA_D3__all_valid	HDAC2
MYC_TARGETS_V1	entry3.75_SOFA_D3__all_valid	TXNL4A
MYC_TARGETS_V1	entry3.75_SOFA_D3__all_valid	RPL14
MYC_TARGETS_V1	entry3.75_SOFA_D3__all_valid	SRSF2
MYC_TARGETS_V1	entry3.75_SOFA_D3__all_valid	ODC1
MYC_TARGETS_V1	entry3.75_SOFA_D3__all_valid	SRM
MYC_TARGETS_V1	entry3.75_SOFA_D3__all_valid	SNRPD1
MYC_TARGETS_V1	entry3.75_SOFA_D3__all_valid	CTPS1
MYC_TARGETS_V1	entry3.75_SOFA_D3__all_valid	VDAC3
MYC_TARGETS_V1	entry3.75_SOFA_D3__all_valid	EIF4A1
MYC_TARGETS_V1	entry3.75_SOFA_D3__all_valid	UBE2E1
MYC_TARGETS_V1	entry3.75_SOFA_D3__all_valid	NAP1L1
MYC_TARGETS_V1	entry3.75_SOFA_D3__all_valid	SNRPD3
MYC_TARGETS_V1	entry3.75_SOFA_D3__all_valid	SLC25A3
MYC_TARGETS_V1	entry3.75_SOFA_D3__all_valid	CANX
MYC_TARGETS_V1	entry3.75_SOFA_D3__all_valid	NOLC1
MYC_TARGETS_V1	entry3.75_SOFA_D3__all_valid	CUL1
MYC_TARGETS_V1	entry3.75_SOFA_D3__all_valid	HDDC2
MYC_TARGETS_V1	entry3.75_SOFA_D3__all_valid	PHB2
MYC_TARGETS_V1	entry3.75_SOFA_D3__all_valid	COX5A
MYC_TARGETS_V1	entry3.75_SOFA_D3__all_valid	SSB
MYC_TARGETS_V1	entry3.75_SOFA_D3__all_valid	SMARCC1
MYC_TARGETS_V1	entry3.75_SOFA_D3__all_valid	MCM5
MYC_TARGETS_V1	entry3.75_SOFA_D3__all_valid	XRCC6
MYC_TARGETS_V1	entry3.75_SOFA_D3__all_valid	AIMP2
MYC_TARGETS_V1	entry3.75_SOFA_D3__all_valid	HSPE1
MYC_TARGETS_V1	entry3.75_SOFA_D3__all_valid	SNRPB2
MYC_TARGETS_V1	entry3.75_SOFA_D3__all_valid	UBA2
MYC_TARGETS_V1	entry3.75_SOFA_D3__all_valid	LSM7
MYC_TARGETS_V1	entry3.75_SOFA_D3__all_valid	EIF4E
MYC_TARGETS_V1	entry3.75_SOFA_D3__all_valid	PSMA1
MYC_TARGETS_V1	entry3.75_SOFA_D3__all_valid	NCBP1
MYC_TARGETS_V1	entry3.75_SOFA_D3__all_valid	POLD2
MYC_TARGETS_V1	entry3.75_SOFA_D3__all_valid	SF3B3
MYC_TARGETS_V1	entry3.75_SOFA_D3__all_valid	RRM1
MYC_TARGETS_V1	entry3.75_SOFA_D3__all_valid	MCM7
MYC_TARGETS_V1	entry3.75_SOFA_D3__all_valid	CCT3
MYC_TARGETS_V1	entry3.75_SOFA_D3__all_valid	CSTF2
MYC_TARGETS_V1	entry3.75_SOFA_D3__all_valid	PSMB2
MYC_TARGETS_V1	entry3.75_SOFA_D3__all_valid	EIF2S2
MYC_TARGETS_V1	entry3.75_SOFA_D3__all_valid	SNRPG
MYC_TARGETS_V1	entry3.75_SOFA_D3__all_valid	COPS5
MYC_TARGETS_V1	entry3.75_SOFA_D3__all_valid	HPRT1
MYC_TARGETS_V1	entry3.75_SOFA_D3__all_valid	HSP90AB1
MYC_TARGETS_V1	entry3.75_SOFA_D3__all_valid	NHP2
MYC_TARGETS_V1	entry3.75_SOFA_D3__all_valid	GOT2
MYC_TARGETS_V1	entry3.75_SOFA_D3__all_valid	SRSF1
MYC_TARGETS_V1	entry3.75_SOFA_D3__all_valid	PPM1G
MYC_TARGETS_V1	entry3.75_SOFA_D3__all_valid	PWP1
MYC_TARGETS_V1	entry3.75_SOFA_D3__all_valid	NOP16
MYC_TARGETS_V2	entry3.75_SOFA_D3__all_valid	DDX18
MYC_TARGETS_V2	entry3.75_SOFA_D3__all_valid	WDR43
MYC_TARGETS_V2	entry3.75_SOFA_D3__all_valid	NPM1
MYC_TARGETS_V2	entry3.75_SOFA_D3__all_valid	NOP56
MYC_TARGETS_V2	entry3.75_SOFA_D3__all_valid	UTP20
MYC_TARGETS_V2	entry3.75_SOFA_D3__all_valid	HSPD1
MYC_TARGETS_V2	entry3.75_SOFA_D3__all_valid	NDUFAF4
MYC_TARGETS_V2	entry3.75_SOFA_D3__all_valid	MYC
MYC_TARGETS_V2	entry3.75_SOFA_D3__all_valid	PPAN
MYC_TARGETS_V2	entry3.75_SOFA_D3__all_valid	PHB1
MYC_TARGETS_V2	entry3.75_SOFA_D3__all_valid	PES1
MYC_TARGETS_V2	entry3.75_SOFA_D3__all_valid	PUS1
MYC_TARGETS_V2	entry3.75_SOFA_D3__all_valid	MRTO4
MYC_TARGETS_V2	entry3.75_SOFA_D3__all_valid	DCTPP1
MYC_TARGETS_V2	entry3.75_SOFA_D3__all_valid	GNL3
MYC_TARGETS_V2	entry3.75_SOFA_D3__all_valid	GRWD1
MYC_TARGETS_V2	entry3.75_SOFA_D3__all_valid	CDK4
MYC_TARGETS_V2	entry3.75_SOFA_D3__all_valid	RRP9
MYC_TARGETS_V2	entry3.75_SOFA_D3__all_valid	SORD
MYC_TARGETS_V2	entry3.75_SOFA_D3__all_valid	SRM
MYC_TARGETS_V2	entry3.75_SOFA_D3__all_valid	TFB2M
MYC_TARGETS_V2	entry3.75_SOFA_D3__all_valid	MPHOSPH10
MYC_TARGETS_V2	entry3.75_SOFA_D3__all_valid	LAS1L
MYC_TARGETS_V2	entry3.75_SOFA_D3__all_valid	TBRG4
MYC_TARGETS_V2	entry3.75_SOFA_D3__all_valid	IMP4
MYC_TARGETS_V2	entry3.75_SOFA_D3__all_valid	NOLC1
MYC_TARGETS_V2	entry3.75_SOFA_D3__all_valid	MCM5
MYC_TARGETS_V2	entry3.75_SOFA_D3__all_valid	AIMP2
MYC_TARGETS_V2	entry3.75_SOFA_D3__all_valid	HSPE1
MYC_TARGETS_V2	entry3.75_SOFA_D3__all_valid	PRMT3
MYC_TARGETS_V2	entry3.75_SOFA_D3__all_valid	MYBBP1A
MYOGENESIS	entry3.75_SOFA_D3__all_valid	ACSL1
MYOGENESIS	entry3.75_SOFA_D3__all_valid	MEF2A
MYOGENESIS	entry3.75_SOFA_D3__all_valid	GSN
MYOGENESIS	entry3.75_SOFA_D3__all_valid	SVIL
MYOGENESIS	entry3.75_SOFA_D3__all_valid	ITGA7
MYOGENESIS	entry3.75_SOFA_D3__all_valid	MYBPC3
MYOGENESIS	entry3.75_SOFA_D3__all_valid	FOXO4
MYOGENESIS	entry3.75_SOFA_D3__all_valid	DAPK2
MYOGENESIS	entry3.75_SOFA_D3__all_valid	COL4A2
MYOGENESIS	entry3.75_SOFA_D3__all_valid	TPM3
MYOGENESIS	entry3.75_SOFA_D3__all_valid	KLF5
MYOGENESIS	entry3.75_SOFA_D3__all_valid	MYOM1
MYOGENESIS	entry3.75_SOFA_D3__all_valid	PDLIM7
MYOGENESIS	entry3.75_SOFA_D3__all_valid	GADD45B
MYOGENESIS	entry3.75_SOFA_D3__all_valid	RIT1
MYOGENESIS	entry3.75_SOFA_D3__all_valid	TGFB1
MYOGENESIS	entry3.75_SOFA_D3__all_valid	KIFC3
MYOGENESIS	entry3.75_SOFA_D3__all_valid	CLU
MYOGENESIS	entry3.75_SOFA_D3__all_valid	MYH9
MYOGENESIS	entry3.75_SOFA_D3__all_valid	COL6A3
MYOGENESIS	entry3.75_SOFA_D3__all_valid	PYGM
MYOGENESIS	entry3.75_SOFA_D3__all_valid	ATP6AP1
MYOGENESIS	entry3.75_SOFA_D3__all_valid	NQO1
MYOGENESIS	entry3.75_SOFA_D3__all_valid	MYL6B
MYOGENESIS	entry3.75_SOFA_D3__all_valid	CKB
MYOGENESIS	entry3.75_SOFA_D3__all_valid	DMPK
MYOGENESIS	entry3.75_SOFA_D3__all_valid	IFRD1
MYOGENESIS	entry3.75_SOFA_D3__all_valid	NOTCH1
MYOGENESIS	entry3.75_SOFA_D3__all_valid	LSP1
MYOGENESIS	entry3.75_SOFA_D3__all_valid	APP
MYOGENESIS	entry3.75_SOFA_D3__all_valid	MYH11
MYOGENESIS	entry3.75_SOFA_D3__all_valid	GPX3
MYOGENESIS	entry3.75_SOFA_D3__all_valid	MAPRE3
MYOGENESIS	entry3.75_SOFA_D3__all_valid	SMTN
MYOGENESIS	entry3.75_SOFA_D3__all_valid	GABARAPL2
MYOGENESIS	entry3.75_SOFA_D3__all_valid	ACHE
MYOGENESIS	entry3.75_SOFA_D3__all_valid	MYLK
MYOGENESIS	entry3.75_SOFA_D3__all_valid	HDAC5
MYOGENESIS	entry3.75_SOFA_D3__all_valid	FLII
MYOGENESIS	entry3.75_SOFA_D3__all_valid	BAG1
MYOGENESIS	entry3.75_SOFA_D3__all_valid	HBEGF
MYOGENESIS	entry3.75_SOFA_D3__all_valid	SPARC
MYOGENESIS	entry3.75_SOFA_D3__all_valid	NCAM1
MYOGENESIS	entry3.75_SOFA_D3__all_valid	ITGB5
MYOGENESIS	entry3.75_SOFA_D3__all_valid	SLC6A8
MYOGENESIS	entry3.75_SOFA_D3__all_valid	AK1
MYOGENESIS	entry3.75_SOFA_D3__all_valid	IGFBP7
MYOGENESIS	entry3.75_SOFA_D3__all_valid	TAGLN
MYOGENESIS	entry3.75_SOFA_D3__all_valid	AKT2
MYOGENESIS	entry3.75_SOFA_D3__all_valid	KCNH2
NOTCH_SIGNALING	entry3.75_SOFA_D3__all_valid	DTX4
NOTCH_SIGNALING	entry3.75_SOFA_D3__all_valid	MAML2
NOTCH_SIGNALING	entry3.75_SOFA_D3__all_valid	LFNG
NOTCH_SIGNALING	entry3.75_SOFA_D3__all_valid	PSEN2
NOTCH_SIGNALING	entry3.75_SOFA_D3__all_valid	HES1
NOTCH_SIGNALING	entry3.75_SOFA_D3__all_valid	CUL1
NOTCH_SIGNALING	entry3.75_SOFA_D3__all_valid	ARRB1
NOTCH_SIGNALING	entry3.75_SOFA_D3__all_valid	FZD1
NOTCH_SIGNALING	entry3.75_SOFA_D3__all_valid	SKP1
NOTCH_SIGNALING	entry3.75_SOFA_D3__all_valid	DTX1
NOTCH_SIGNALING	entry3.75_SOFA_D3__all_valid	PPARD
NOTCH_SIGNALING	entry3.75_SOFA_D3__all_valid	KAT2A
OXIDATIVE_PHOSPHORYLATION	entry3.75_SOFA_D3__all_valid	MRPS30
OXIDATIVE_PHOSPHORYLATION	entry3.75_SOFA_D3__all_valid	LRPPRC
OXIDATIVE_PHOSPHORYLATION	entry3.75_SOFA_D3__all_valid	LDHB
OXIDATIVE_PHOSPHORYLATION	entry3.75_SOFA_D3__all_valid	PDP1
OXIDATIVE_PHOSPHORYLATION	entry3.75_SOFA_D3__all_valid	TIMM17A
OXIDATIVE_PHOSPHORYLATION	entry3.75_SOFA_D3__all_valid	CYCS
OXIDATIVE_PHOSPHORYLATION	entry3.75_SOFA_D3__all_valid	TOMM70
OXIDATIVE_PHOSPHORYLATION	entry3.75_SOFA_D3__all_valid	MRPL35
OXIDATIVE_PHOSPHORYLATION	entry3.75_SOFA_D3__all_valid	MDH1
OXIDATIVE_PHOSPHORYLATION	entry3.75_SOFA_D3__all_valid	ATP5MC1
OXIDATIVE_PHOSPHORYLATION	entry3.75_SOFA_D3__all_valid	MRPL15
OXIDATIVE_PHOSPHORYLATION	entry3.75_SOFA_D3__all_valid	DLAT
OXIDATIVE_PHOSPHORYLATION	entry3.75_SOFA_D3__all_valid	ABCB7
OXIDATIVE_PHOSPHORYLATION	entry3.75_SOFA_D3__all_valid	OXA1L
OXIDATIVE_PHOSPHORYLATION	entry3.75_SOFA_D3__all_valid	ATP5PO
OXIDATIVE_PHOSPHORYLATION	entry3.75_SOFA_D3__all_valid	NDUFB5
OXIDATIVE_PHOSPHORYLATION	entry3.75_SOFA_D3__all_valid	COX7C
OXIDATIVE_PHOSPHORYLATION	entry3.75_SOFA_D3__all_valid	HSPA9
OXIDATIVE_PHOSPHORYLATION	entry3.75_SOFA_D3__all_valid	NDUFAB1
OXIDATIVE_PHOSPHORYLATION	entry3.75_SOFA_D3__all_valid	COX10
OXIDATIVE_PHOSPHORYLATION	entry3.75_SOFA_D3__all_valid	COX6C
OXIDATIVE_PHOSPHORYLATION	entry3.75_SOFA_D3__all_valid	ECHS1
OXIDATIVE_PHOSPHORYLATION	entry3.75_SOFA_D3__all_valid	SLC25A4
OXIDATIVE_PHOSPHORYLATION	entry3.75_SOFA_D3__all_valid	ATP5MC2
OXIDATIVE_PHOSPHORYLATION	entry3.75_SOFA_D3__all_valid	NDUFS3
OXIDATIVE_PHOSPHORYLATION	entry3.75_SOFA_D3__all_valid	NDUFB2
OXIDATIVE_PHOSPHORYLATION	entry3.75_SOFA_D3__all_valid	TOMM22
OXIDATIVE_PHOSPHORYLATION	entry3.75_SOFA_D3__all_valid	VDAC1
OXIDATIVE_PHOSPHORYLATION	entry3.75_SOFA_D3__all_valid	UQCRC2
OXIDATIVE_PHOSPHORYLATION	entry3.75_SOFA_D3__all_valid	ACAA2
OXIDATIVE_PHOSPHORYLATION	entry3.75_SOFA_D3__all_valid	TIMM13
OXIDATIVE_PHOSPHORYLATION	entry3.75_SOFA_D3__all_valid	ATP5MC3
OXIDATIVE_PHOSPHORYLATION	entry3.75_SOFA_D3__all_valid	BDH2
OXIDATIVE_PHOSPHORYLATION	entry3.75_SOFA_D3__all_valid	ATP5F1A
OXIDATIVE_PHOSPHORYLATION	entry3.75_SOFA_D3__all_valid	NDUFV1
OXIDATIVE_PHOSPHORYLATION	entry3.75_SOFA_D3__all_valid	ECI1
OXIDATIVE_PHOSPHORYLATION	entry3.75_SOFA_D3__all_valid	MRPL11
OXIDATIVE_PHOSPHORYLATION	entry3.75_SOFA_D3__all_valid	VDAC2
OXIDATIVE_PHOSPHORYLATION	entry3.75_SOFA_D3__all_valid	COX7A2
OXIDATIVE_PHOSPHORYLATION	entry3.75_SOFA_D3__all_valid	NDUFA4
OXIDATIVE_PHOSPHORYLATION	entry3.75_SOFA_D3__all_valid	CASP7
OXIDATIVE_PHOSPHORYLATION	entry3.75_SOFA_D3__all_valid	HSD17B10
OXIDATIVE_PHOSPHORYLATION	entry3.75_SOFA_D3__all_valid	NDUFA8
OXIDATIVE_PHOSPHORYLATION	entry3.75_SOFA_D3__all_valid	SLC25A6
OXIDATIVE_PHOSPHORYLATION	entry3.75_SOFA_D3__all_valid	SLC25A5
OXIDATIVE_PHOSPHORYLATION	entry3.75_SOFA_D3__all_valid	IMMT
OXIDATIVE_PHOSPHORYLATION	entry3.75_SOFA_D3__all_valid	GLUD1
OXIDATIVE_PHOSPHORYLATION	entry3.75_SOFA_D3__all_valid	PHYH
OXIDATIVE_PHOSPHORYLATION	entry3.75_SOFA_D3__all_valid	NDUFA5
OXIDATIVE_PHOSPHORYLATION	entry3.75_SOFA_D3__all_valid	IDH2
OXIDATIVE_PHOSPHORYLATION	entry3.75_SOFA_D3__all_valid	PDK4
OXIDATIVE_PHOSPHORYLATION	entry3.75_SOFA_D3__all_valid	ACADM
OXIDATIVE_PHOSPHORYLATION	entry3.75_SOFA_D3__all_valid	PMPCA
OXIDATIVE_PHOSPHORYLATION	entry3.75_SOFA_D3__all_valid	TIMM10
OXIDATIVE_PHOSPHORYLATION	entry3.75_SOFA_D3__all_valid	MRPS12
OXIDATIVE_PHOSPHORYLATION	entry3.75_SOFA_D3__all_valid	ACADSB
OXIDATIVE_PHOSPHORYLATION	entry3.75_SOFA_D3__all_valid	NDUFB8
OXIDATIVE_PHOSPHORYLATION	entry3.75_SOFA_D3__all_valid	ATP5PB
OXIDATIVE_PHOSPHORYLATION	entry3.75_SOFA_D3__all_valid	SDHD
OXIDATIVE_PHOSPHORYLATION	entry3.75_SOFA_D3__all_valid	MGST3
OXIDATIVE_PHOSPHORYLATION	entry3.75_SOFA_D3__all_valid	TIMM9
OXIDATIVE_PHOSPHORYLATION	entry3.75_SOFA_D3__all_valid	TIMM50
OXIDATIVE_PHOSPHORYLATION	entry3.75_SOFA_D3__all_valid	UQCRQ
OXIDATIVE_PHOSPHORYLATION	entry3.75_SOFA_D3__all_valid	NDUFA6
OXIDATIVE_PHOSPHORYLATION	entry3.75_SOFA_D3__all_valid	PDHA1
OXIDATIVE_PHOSPHORYLATION	entry3.75_SOFA_D3__all_valid	OPA1
OXIDATIVE_PHOSPHORYLATION	entry3.75_SOFA_D3__all_valid	COX4I1
OXIDATIVE_PHOSPHORYLATION	entry3.75_SOFA_D3__all_valid	VDAC3
OXIDATIVE_PHOSPHORYLATION	entry3.75_SOFA_D3__all_valid	UQCR10
OXIDATIVE_PHOSPHORYLATION	entry3.75_SOFA_D3__all_valid	FDX1
OXIDATIVE_PHOSPHORYLATION	entry3.75_SOFA_D3__all_valid	UQCRFS1
OXIDATIVE_PHOSPHORYLATION	entry3.75_SOFA_D3__all_valid	SLC25A3
OXIDATIVE_PHOSPHORYLATION	entry3.75_SOFA_D3__all_valid	MRPS11
OXIDATIVE_PHOSPHORYLATION	entry3.75_SOFA_D3__all_valid	MTX2
OXIDATIVE_PHOSPHORYLATION	entry3.75_SOFA_D3__all_valid	PHB2
OXIDATIVE_PHOSPHORYLATION	entry3.75_SOFA_D3__all_valid	NNT
OXIDATIVE_PHOSPHORYLATION	entry3.75_SOFA_D3__all_valid	COX5A
OXIDATIVE_PHOSPHORYLATION	entry3.75_SOFA_D3__all_valid	ETFA
OXIDATIVE_PHOSPHORYLATION	entry3.75_SOFA_D3__all_valid	NDUFS6
OXIDATIVE_PHOSPHORYLATION	entry3.75_SOFA_D3__all_valid	ATP6V1F
OXIDATIVE_PHOSPHORYLATION	entry3.75_SOFA_D3__all_valid	SUCLA2
OXIDATIVE_PHOSPHORYLATION	entry3.75_SOFA_D3__all_valid	ATP5F1C
OXIDATIVE_PHOSPHORYLATION	entry3.75_SOFA_D3__all_valid	SLC25A20
OXIDATIVE_PHOSPHORYLATION	entry3.75_SOFA_D3__all_valid	IDH3A
OXIDATIVE_PHOSPHORYLATION	entry3.75_SOFA_D3__all_valid	COX11
OXIDATIVE_PHOSPHORYLATION	entry3.75_SOFA_D3__all_valid	ATP5PD
OXIDATIVE_PHOSPHORYLATION	entry3.75_SOFA_D3__all_valid	SLC25A12
OXIDATIVE_PHOSPHORYLATION	entry3.75_SOFA_D3__all_valid	UQCRB
OXIDATIVE_PHOSPHORYLATION	entry3.75_SOFA_D3__all_valid	ATP5PF
OXIDATIVE_PHOSPHORYLATION	entry3.75_SOFA_D3__all_valid	FH
OXIDATIVE_PHOSPHORYLATION	entry3.75_SOFA_D3__all_valid	BAX
OXIDATIVE_PHOSPHORYLATION	entry3.75_SOFA_D3__all_valid	NDUFB6
OXIDATIVE_PHOSPHORYLATION	entry3.75_SOFA_D3__all_valid	ACO2
OXIDATIVE_PHOSPHORYLATION	entry3.75_SOFA_D3__all_valid	GOT2
OXIDATIVE_PHOSPHORYLATION	entry3.75_SOFA_D3__all_valid	MDH2
OXIDATIVE_PHOSPHORYLATION	entry3.75_SOFA_D3__all_valid	FXN
OXIDATIVE_PHOSPHORYLATION	entry3.75_SOFA_D3__all_valid	IDH3B
OXIDATIVE_PHOSPHORYLATION	entry3.75_SOFA_D3__all_valid	ATP6V1G1
OXIDATIVE_PHOSPHORYLATION	entry3.75_SOFA_D3__all_valid	ATP5F1D
OXIDATIVE_PHOSPHORYLATION	entry3.75_SOFA_D3__all_valid	AIFM1
OXIDATIVE_PHOSPHORYLATION	entry3.75_SOFA_D3__all_valid	NDUFA9
OXIDATIVE_PHOSPHORYLATION	entry3.75_SOFA_D3__all_valid	ACAT1
OXIDATIVE_PHOSPHORYLATION	entry3.75_SOFA_D3__all_valid	PRDX3
OXIDATIVE_PHOSPHORYLATION	entry3.75_SOFA_D3__all_valid	NDUFB4
OXIDATIVE_PHOSPHORYLATION	entry3.75_SOFA_D3__all_valid	ATP5F1B
OXIDATIVE_PHOSPHORYLATION	entry3.75_SOFA_D3__all_valid	MRPS22
OXIDATIVE_PHOSPHORYLATION	entry3.75_SOFA_D3__all_valid	ATP1B1
OXIDATIVE_PHOSPHORYLATION	entry3.75_SOFA_D3__all_valid	NDUFS7
P53_PATHWAY	entry3.75_SOFA_D3__all_valid	UPP1
P53_PATHWAY	entry3.75_SOFA_D3__all_valid	NDRG1
P53_PATHWAY	entry3.75_SOFA_D3__all_valid	CCND3
P53_PATHWAY	entry3.75_SOFA_D3__all_valid	GADD45A
P53_PATHWAY	entry3.75_SOFA_D3__all_valid	TGFA
P53_PATHWAY	entry3.75_SOFA_D3__all_valid	ZBTB16
P53_PATHWAY	entry3.75_SOFA_D3__all_valid	ACVR1B
P53_PATHWAY	entry3.75_SOFA_D3__all_valid	DRAM1
P53_PATHWAY	entry3.75_SOFA_D3__all_valid	ABHD4
P53_PATHWAY	entry3.75_SOFA_D3__all_valid	ALOX15B
P53_PATHWAY	entry3.75_SOFA_D3__all_valid	PTPRE
P53_PATHWAY	entry3.75_SOFA_D3__all_valid	MXD1
P53_PATHWAY	entry3.75_SOFA_D3__all_valid	APAF1
P53_PATHWAY	entry3.75_SOFA_D3__all_valid	STOM
P53_PATHWAY	entry3.75_SOFA_D3__all_valid	CEBPA
P53_PATHWAY	entry3.75_SOFA_D3__all_valid	CD82
P53_PATHWAY	entry3.75_SOFA_D3__all_valid	NUPR1
P53_PATHWAY	entry3.75_SOFA_D3__all_valid	SP1
P53_PATHWAY	entry3.75_SOFA_D3__all_valid	TRAFD1
P53_PATHWAY	entry3.75_SOFA_D3__all_valid	PRMT2
P53_PATHWAY	entry3.75_SOFA_D3__all_valid	TOB1
P53_PATHWAY	entry3.75_SOFA_D3__all_valid	CDK5R1
P53_PATHWAY	entry3.75_SOFA_D3__all_valid	HEXIM1
P53_PATHWAY	entry3.75_SOFA_D3__all_valid	FOXO3
P53_PATHWAY	entry3.75_SOFA_D3__all_valid	FAS
P53_PATHWAY	entry3.75_SOFA_D3__all_valid	PRKAB1
P53_PATHWAY	entry3.75_SOFA_D3__all_valid	RXRA
P53_PATHWAY	entry3.75_SOFA_D3__all_valid	RNF19B
P53_PATHWAY	entry3.75_SOFA_D3__all_valid	RHBDF2
P53_PATHWAY	entry3.75_SOFA_D3__all_valid	INHBB
P53_PATHWAY	entry3.75_SOFA_D3__all_valid	PPP1R15A
P53_PATHWAY	entry3.75_SOFA_D3__all_valid	TGFB1
P53_PATHWAY	entry3.75_SOFA_D3__all_valid	IER3
P53_PATHWAY	entry3.75_SOFA_D3__all_valid	CTSD
P53_PATHWAY	entry3.75_SOFA_D3__all_valid	CSRNP2
P53_PATHWAY	entry3.75_SOFA_D3__all_valid	SERTAD3
P53_PATHWAY	entry3.75_SOFA_D3__all_valid	SOCS1
P53_PATHWAY	entry3.75_SOFA_D3__all_valid	PPM1D
P53_PATHWAY	entry3.75_SOFA_D3__all_valid	GPX2
P53_PATHWAY	entry3.75_SOFA_D3__all_valid	CCP110
P53_PATHWAY	entry3.75_SOFA_D3__all_valid	GM2A
P53_PATHWAY	entry3.75_SOFA_D3__all_valid	PLK3
P53_PATHWAY	entry3.75_SOFA_D3__all_valid	FGF13
P53_PATHWAY	entry3.75_SOFA_D3__all_valid	ZFP36L1
P53_PATHWAY	entry3.75_SOFA_D3__all_valid	VDR
P53_PATHWAY	entry3.75_SOFA_D3__all_valid	CYFIP2
P53_PATHWAY	entry3.75_SOFA_D3__all_valid	DDIT4
P53_PATHWAY	entry3.75_SOFA_D3__all_valid	NOTCH1
P53_PATHWAY	entry3.75_SOFA_D3__all_valid	DEF6
P53_PATHWAY	entry3.75_SOFA_D3__all_valid	TAP1
P53_PATHWAY	entry3.75_SOFA_D3__all_valid	MKNK2
P53_PATHWAY	entry3.75_SOFA_D3__all_valid	STEAP3
P53_PATHWAY	entry3.75_SOFA_D3__all_valid	TXNIP
P53_PATHWAY	entry3.75_SOFA_D3__all_valid	APP
P53_PATHWAY	entry3.75_SOFA_D3__all_valid	IP6K2
P53_PATHWAY	entry3.75_SOFA_D3__all_valid	HSPA4L
PEROXISOME	entry3.75_SOFA_D3__all_valid	ABCD2
PEROXISOME	entry3.75_SOFA_D3__all_valid	SLC23A2
PEROXISOME	entry3.75_SOFA_D3__all_valid	SLC25A4
PEROXISOME	entry3.75_SOFA_D3__all_valid	CLN6
PEROXISOME	entry3.75_SOFA_D3__all_valid	HRAS
PEROXISOME	entry3.75_SOFA_D3__all_valid	SLC35B2
PEROXISOME	entry3.75_SOFA_D3__all_valid	EPHX2
PEROXISOME	entry3.75_SOFA_D3__all_valid	DHRS3
PEROXISOME	entry3.75_SOFA_D3__all_valid	ERCC3
PEROXISOME	entry3.75_SOFA_D3__all_valid	IDH2
PEROXISOME	entry3.75_SOFA_D3__all_valid	PRDX1
PEROXISOME	entry3.75_SOFA_D3__all_valid	CADM1
PEROXISOME	entry3.75_SOFA_D3__all_valid	SLC25A19
PEROXISOME	entry3.75_SOFA_D3__all_valid	ABCB1
PEROXISOME	entry3.75_SOFA_D3__all_valid	SCP2
PEROXISOME	entry3.75_SOFA_D3__all_valid	ECI2
PEROXISOME	entry3.75_SOFA_D3__all_valid	HSD17B4
PEROXISOME	entry3.75_SOFA_D3__all_valid	ABCB4
PEROXISOME	entry3.75_SOFA_D3__all_valid	ACSL5
PEROXISOME	entry3.75_SOFA_D3__all_valid	CTPS1
PEROXISOME	entry3.75_SOFA_D3__all_valid	SOD1
PEROXISOME	entry3.75_SOFA_D3__all_valid	MSH2
PI3K_AKT_MTOR_SIGNALING	entry3.75_SOFA_D3__all_valid	MKNK1
PI3K_AKT_MTOR_SIGNALING	entry3.75_SOFA_D3__all_valid	CAB39
PI3K_AKT_MTOR_SIGNALING	entry3.75_SOFA_D3__all_valid	SLA
PI3K_AKT_MTOR_SIGNALING	entry3.75_SOFA_D3__all_valid	MAP2K6
PI3K_AKT_MTOR_SIGNALING	entry3.75_SOFA_D3__all_valid	PRKCB
PI3K_AKT_MTOR_SIGNALING	entry3.75_SOFA_D3__all_valid	MAPK1
PI3K_AKT_MTOR_SIGNALING	entry3.75_SOFA_D3__all_valid	PRKAR2A
PI3K_AKT_MTOR_SIGNALING	entry3.75_SOFA_D3__all_valid	TNFRSF1A
PI3K_AKT_MTOR_SIGNALING	entry3.75_SOFA_D3__all_valid	DUSP3
PI3K_AKT_MTOR_SIGNALING	entry3.75_SOFA_D3__all_valid	RALB
PI3K_AKT_MTOR_SIGNALING	entry3.75_SOFA_D3__all_valid	RAC1
PI3K_AKT_MTOR_SIGNALING	entry3.75_SOFA_D3__all_valid	VAV3
PI3K_AKT_MTOR_SIGNALING	entry3.75_SOFA_D3__all_valid	PTEN
PI3K_AKT_MTOR_SIGNALING	entry3.75_SOFA_D3__all_valid	GSK3B
PI3K_AKT_MTOR_SIGNALING	entry3.75_SOFA_D3__all_valid	RPS6KA3
PI3K_AKT_MTOR_SIGNALING	entry3.75_SOFA_D3__all_valid	SLC2A1
PI3K_AKT_MTOR_SIGNALING	entry3.75_SOFA_D3__all_valid	MAP2K3
PI3K_AKT_MTOR_SIGNALING	entry3.75_SOFA_D3__all_valid	RPS6KA1
PI3K_AKT_MTOR_SIGNALING	entry3.75_SOFA_D3__all_valid	GRB2
PI3K_AKT_MTOR_SIGNALING	entry3.75_SOFA_D3__all_valid	MYD88
PI3K_AKT_MTOR_SIGNALING	entry3.75_SOFA_D3__all_valid	RAF1
PI3K_AKT_MTOR_SIGNALING	entry3.75_SOFA_D3__all_valid	CFL1
PI3K_AKT_MTOR_SIGNALING	entry3.75_SOFA_D3__all_valid	YWHAB
PI3K_AKT_MTOR_SIGNALING	entry3.75_SOFA_D3__all_valid	CDKN1B
PI3K_AKT_MTOR_SIGNALING	entry3.75_SOFA_D3__all_valid	RIT1
PI3K_AKT_MTOR_SIGNALING	entry3.75_SOFA_D3__all_valid	UBE2D3
PI3K_AKT_MTOR_SIGNALING	entry3.75_SOFA_D3__all_valid	RIPK1
PI3K_AKT_MTOR_SIGNALING	entry3.75_SOFA_D3__all_valid	IRAK4
PI3K_AKT_MTOR_SIGNALING	entry3.75_SOFA_D3__all_valid	ACTR2
PI3K_AKT_MTOR_SIGNALING	entry3.75_SOFA_D3__all_valid	PIKFYVE
PI3K_AKT_MTOR_SIGNALING	entry3.75_SOFA_D3__all_valid	SMAD2
PI3K_AKT_MTOR_SIGNALING	entry3.75_SOFA_D3__all_valid	ACTR3
PI3K_AKT_MTOR_SIGNALING	entry3.75_SOFA_D3__all_valid	AKT1S1
PI3K_AKT_MTOR_SIGNALING	entry3.75_SOFA_D3__all_valid	ARF1
PI3K_AKT_MTOR_SIGNALING	entry3.75_SOFA_D3__all_valid	CLTC
PI3K_AKT_MTOR_SIGNALING	entry3.75_SOFA_D3__all_valid	GRK2
PI3K_AKT_MTOR_SIGNALING	entry3.75_SOFA_D3__all_valid	MAPK10
PI3K_AKT_MTOR_SIGNALING	entry3.75_SOFA_D3__all_valid	MKNK2
PI3K_AKT_MTOR_SIGNALING	entry3.75_SOFA_D3__all_valid	IL2RG
PI3K_AKT_MTOR_SIGNALING	entry3.75_SOFA_D3__all_valid	PFN1
PI3K_AKT_MTOR_SIGNALING	entry3.75_SOFA_D3__all_valid	ITPR2
PI3K_AKT_MTOR_SIGNALING	entry3.75_SOFA_D3__all_valid	TBK1
PI3K_AKT_MTOR_SIGNALING	entry3.75_SOFA_D3__all_valid	PTPN11
PI3K_AKT_MTOR_SIGNALING	entry3.75_SOFA_D3__all_valid	NFKBIB
PI3K_AKT_MTOR_SIGNALING	entry3.75_SOFA_D3__all_valid	PDK1
PI3K_AKT_MTOR_SIGNALING	entry3.75_SOFA_D3__all_valid	E2F1
PROTEIN_SECRETION	entry3.75_SOFA_D3__all_valid	KIF1B
PROTEIN_SECRETION	entry3.75_SOFA_D3__all_valid	MAPK1
PROTEIN_SECRETION	entry3.75_SOFA_D3__all_valid	IGF2R
PROTEIN_SECRETION	entry3.75_SOFA_D3__all_valid	RPS6KA3
PROTEIN_SECRETION	entry3.75_SOFA_D3__all_valid	STX16
PROTEIN_SECRETION	entry3.75_SOFA_D3__all_valid	GNAS
PROTEIN_SECRETION	entry3.75_SOFA_D3__all_valid	CD63
PROTEIN_SECRETION	entry3.75_SOFA_D3__all_valid	AP2B1
PROTEIN_SECRETION	entry3.75_SOFA_D3__all_valid	GLA
PROTEIN_SECRETION	entry3.75_SOFA_D3__all_valid	PAM
PROTEIN_SECRETION	entry3.75_SOFA_D3__all_valid	ARFGEF1
PROTEIN_SECRETION	entry3.75_SOFA_D3__all_valid	STX7
PROTEIN_SECRETION	entry3.75_SOFA_D3__all_valid	RAB5A
PROTEIN_SECRETION	entry3.75_SOFA_D3__all_valid	LAMP2
PROTEIN_SECRETION	entry3.75_SOFA_D3__all_valid	VAMP3
PROTEIN_SECRETION	entry3.75_SOFA_D3__all_valid	AP1G1
PROTEIN_SECRETION	entry3.75_SOFA_D3__all_valid	ARF1
PROTEIN_SECRETION	entry3.75_SOFA_D3__all_valid	CLTC
PROTEIN_SECRETION	entry3.75_SOFA_D3__all_valid	SEC22B
PROTEIN_SECRETION	entry3.75_SOFA_D3__all_valid	STAM
PROTEIN_SECRETION	entry3.75_SOFA_D3__all_valid	RAB2A
PROTEIN_SECRETION	entry3.75_SOFA_D3__all_valid	AP3S1
PROTEIN_SECRETION	entry3.75_SOFA_D3__all_valid	ARFGAP3
PROTEIN_SECRETION	entry3.75_SOFA_D3__all_valid	COPB1
PROTEIN_SECRETION	entry3.75_SOFA_D3__all_valid	RAB14
PROTEIN_SECRETION	entry3.75_SOFA_D3__all_valid	ATP6V1H
PROTEIN_SECRETION	entry3.75_SOFA_D3__all_valid	VPS4B
PROTEIN_SECRETION	entry3.75_SOFA_D3__all_valid	CLN5
PROTEIN_SECRETION	entry3.75_SOFA_D3__all_valid	ABCA1
PROTEIN_SECRETION	entry3.75_SOFA_D3__all_valid	AP2M1
PROTEIN_SECRETION	entry3.75_SOFA_D3__all_valid	SNAP23
REACTIVE_OXYGEN_SPECIES_PATHWAY	entry3.75_SOFA_D3__all_valid	GSR
REACTIVE_OXYGEN_SPECIES_PATHWAY	entry3.75_SOFA_D3__all_valid	GCLM
REACTIVE_OXYGEN_SPECIES_PATHWAY	entry3.75_SOFA_D3__all_valid	HHEX
REACTIVE_OXYGEN_SPECIES_PATHWAY	entry3.75_SOFA_D3__all_valid	FES
REACTIVE_OXYGEN_SPECIES_PATHWAY	entry3.75_SOFA_D3__all_valid	MSRA
REACTIVE_OXYGEN_SPECIES_PATHWAY	entry3.75_SOFA_D3__all_valid	MBP
REACTIVE_OXYGEN_SPECIES_PATHWAY	entry3.75_SOFA_D3__all_valid	CDKN2D
REACTIVE_OXYGEN_SPECIES_PATHWAY	entry3.75_SOFA_D3__all_valid	SBNO2
REACTIVE_OXYGEN_SPECIES_PATHWAY	entry3.75_SOFA_D3__all_valid	G6PD
REACTIVE_OXYGEN_SPECIES_PATHWAY	entry3.75_SOFA_D3__all_valid	OXSR1
REACTIVE_OXYGEN_SPECIES_PATHWAY	entry3.75_SOFA_D3__all_valid	TXNRD1
REACTIVE_OXYGEN_SPECIES_PATHWAY	entry3.75_SOFA_D3__all_valid	SRXN1
REACTIVE_OXYGEN_SPECIES_PATHWAY	entry3.75_SOFA_D3__all_valid	LAMTOR5
REACTIVE_OXYGEN_SPECIES_PATHWAY	entry3.75_SOFA_D3__all_valid	TXN
REACTIVE_OXYGEN_SPECIES_PATHWAY	entry3.75_SOFA_D3__all_valid	NQO1
REACTIVE_OXYGEN_SPECIES_PATHWAY	entry3.75_SOFA_D3__all_valid	FTL
REACTIVE_OXYGEN_SPECIES_PATHWAY	entry3.75_SOFA_D3__all_valid	JUNB
REACTIVE_OXYGEN_SPECIES_PATHWAY	entry3.75_SOFA_D3__all_valid	GLRX
REACTIVE_OXYGEN_SPECIES_PATHWAY	entry3.75_SOFA_D3__all_valid	LSP1
REACTIVE_OXYGEN_SPECIES_PATHWAY	entry3.75_SOFA_D3__all_valid	EGLN2
REACTIVE_OXYGEN_SPECIES_PATHWAY	entry3.75_SOFA_D3__all_valid	PRDX6
REACTIVE_OXYGEN_SPECIES_PATHWAY	entry3.75_SOFA_D3__all_valid	GPX3
SPERMATOGENESIS	entry3.75_SOFA_D3__all_valid	PGS1
SPERMATOGENESIS	entry3.75_SOFA_D3__all_valid	AGFG1
SPERMATOGENESIS	entry3.75_SOFA_D3__all_valid	TLE4
SPERMATOGENESIS	entry3.75_SOFA_D3__all_valid	PRKAR2A
SPERMATOGENESIS	entry3.75_SOFA_D3__all_valid	CCNA1
SPERMATOGENESIS	entry3.75_SOFA_D3__all_valid	CLVS1
SPERMATOGENESIS	entry3.75_SOFA_D3__all_valid	BRAF
SPERMATOGENESIS	entry3.75_SOFA_D3__all_valid	TALDO1
SPERMATOGENESIS	entry3.75_SOFA_D3__all_valid	IP6K1
SPERMATOGENESIS	entry3.75_SOFA_D3__all_valid	SHE
SPERMATOGENESIS	entry3.75_SOFA_D3__all_valid	H1-6
SPERMATOGENESIS	entry3.75_SOFA_D3__all_valid	PHF7
SPERMATOGENESIS	entry3.75_SOFA_D3__all_valid	CHFR
SPERMATOGENESIS	entry3.75_SOFA_D3__all_valid	GMCL1
SPERMATOGENESIS	entry3.75_SOFA_D3__all_valid	TTK
SPERMATOGENESIS	entry3.75_SOFA_D3__all_valid	MAST2
TGF_BETA_SIGNALING	entry3.75_SOFA_D3__all_valid	FKBP1A
TGF_BETA_SIGNALING	entry3.75_SOFA_D3__all_valid	RAB31
TGF_BETA_SIGNALING	entry3.75_SOFA_D3__all_valid	HIPK2
TGF_BETA_SIGNALING	entry3.75_SOFA_D3__all_valid	FURIN
TGF_BETA_SIGNALING	entry3.75_SOFA_D3__all_valid	IFNGR2
TGF_BETA_SIGNALING	entry3.75_SOFA_D3__all_valid	TGFBR1
TGF_BETA_SIGNALING	entry3.75_SOFA_D3__all_valid	SPTBN1
TGF_BETA_SIGNALING	entry3.75_SOFA_D3__all_valid	SERPINE1
TGF_BETA_SIGNALING	entry3.75_SOFA_D3__all_valid	PPP1R15A
TGF_BETA_SIGNALING	entry3.75_SOFA_D3__all_valid	SMAD1
TGF_BETA_SIGNALING	entry3.75_SOFA_D3__all_valid	CTNNB1
TGF_BETA_SIGNALING	entry3.75_SOFA_D3__all_valid	TGFB1
TGF_BETA_SIGNALING	entry3.75_SOFA_D3__all_valid	THBS1
TGF_BETA_SIGNALING	entry3.75_SOFA_D3__all_valid	UBE2D3
TGF_BETA_SIGNALING	entry3.75_SOFA_D3__all_valid	SKI
TGF_BETA_SIGNALING	entry3.75_SOFA_D3__all_valid	XIAP
TGF_BETA_SIGNALING	entry3.75_SOFA_D3__all_valid	PPM1A
TGF_BETA_SIGNALING	entry3.75_SOFA_D3__all_valid	SMURF1
TGF_BETA_SIGNALING	entry3.75_SOFA_D3__all_valid	APC
TGF_BETA_SIGNALING	entry3.75_SOFA_D3__all_valid	RHOA
TGF_BETA_SIGNALING	entry3.75_SOFA_D3__all_valid	JUNB
TNFA_SIGNALING_VIA_NFKB	entry3.75_SOFA_D3__all_valid	BCL6
TNFA_SIGNALING_VIA_NFKB	entry3.75_SOFA_D3__all_valid	GADD45A
TNFA_SIGNALING_VIA_NFKB	entry3.75_SOFA_D3__all_valid	PFKFB3
TNFA_SIGNALING_VIA_NFKB	entry3.75_SOFA_D3__all_valid	ETS2
TNFA_SIGNALING_VIA_NFKB	entry3.75_SOFA_D3__all_valid	SLC2A3
TNFA_SIGNALING_VIA_NFKB	entry3.75_SOFA_D3__all_valid	FOSL2
TNFA_SIGNALING_VIA_NFKB	entry3.75_SOFA_D3__all_valid	NFIL3
TNFA_SIGNALING_VIA_NFKB	entry3.75_SOFA_D3__all_valid	CFLAR
TNFA_SIGNALING_VIA_NFKB	entry3.75_SOFA_D3__all_valid	B4GALT5
TNFA_SIGNALING_VIA_NFKB	entry3.75_SOFA_D3__all_valid	BCL2A1
TNFA_SIGNALING_VIA_NFKB	entry3.75_SOFA_D3__all_valid	IRS2
TNFA_SIGNALING_VIA_NFKB	entry3.75_SOFA_D3__all_valid	SOCS3
TNFA_SIGNALING_VIA_NFKB	entry3.75_SOFA_D3__all_valid	DRAM1
TNFA_SIGNALING_VIA_NFKB	entry3.75_SOFA_D3__all_valid	LITAF
TNFA_SIGNALING_VIA_NFKB	entry3.75_SOFA_D3__all_valid	PTPRE
TNFA_SIGNALING_VIA_NFKB	entry3.75_SOFA_D3__all_valid	MXD1
TNFA_SIGNALING_VIA_NFKB	entry3.75_SOFA_D3__all_valid	IFNGR2
TNFA_SIGNALING_VIA_NFKB	entry3.75_SOFA_D3__all_valid	KLF9
TNFA_SIGNALING_VIA_NFKB	entry3.75_SOFA_D3__all_valid	KLF6
TNFA_SIGNALING_VIA_NFKB	entry3.75_SOFA_D3__all_valid	TLR2
TNFA_SIGNALING_VIA_NFKB	entry3.75_SOFA_D3__all_valid	TIPARP
TNFA_SIGNALING_VIA_NFKB	entry3.75_SOFA_D3__all_valid	RCAN1
TNFA_SIGNALING_VIA_NFKB	entry3.75_SOFA_D3__all_valid	NFKB1
TNFA_SIGNALING_VIA_NFKB	entry3.75_SOFA_D3__all_valid	NFKBIA
TNFA_SIGNALING_VIA_NFKB	entry3.75_SOFA_D3__all_valid	LDLR
TNFA_SIGNALING_VIA_NFKB	entry3.75_SOFA_D3__all_valid	DENND5A
TNFA_SIGNALING_VIA_NFKB	entry3.75_SOFA_D3__all_valid	TNIP1
TNFA_SIGNALING_VIA_NFKB	entry3.75_SOFA_D3__all_valid	CD44
TNFA_SIGNALING_VIA_NFKB	entry3.75_SOFA_D3__all_valid	MAP2K3
TNFA_SIGNALING_VIA_NFKB	entry3.75_SOFA_D3__all_valid	EHD1
TNFA_SIGNALING_VIA_NFKB	entry3.75_SOFA_D3__all_valid	F2RL1
TNFA_SIGNALING_VIA_NFKB	entry3.75_SOFA_D3__all_valid	PER1
TNFA_SIGNALING_VIA_NFKB	entry3.75_SOFA_D3__all_valid	BCL3
TNFA_SIGNALING_VIA_NFKB	entry3.75_SOFA_D3__all_valid	SERPINE1
TNFA_SIGNALING_VIA_NFKB	entry3.75_SOFA_D3__all_valid	MAP3K8
TNFA_SIGNALING_VIA_NFKB	entry3.75_SOFA_D3__all_valid	PNRC1
TNFA_SIGNALING_VIA_NFKB	entry3.75_SOFA_D3__all_valid	CEBPB
TNFA_SIGNALING_VIA_NFKB	entry3.75_SOFA_D3__all_valid	CEBPD
TNFA_SIGNALING_VIA_NFKB	entry3.75_SOFA_D3__all_valid	ZC3H12A
TNFA_SIGNALING_VIA_NFKB	entry3.75_SOFA_D3__all_valid	AREG
TNFA_SIGNALING_VIA_NFKB	entry3.75_SOFA_D3__all_valid	RNF19B
TNFA_SIGNALING_VIA_NFKB	entry3.75_SOFA_D3__all_valid	CSF1
TNFA_SIGNALING_VIA_NFKB	entry3.75_SOFA_D3__all_valid	PPP1R15A
TNFA_SIGNALING_VIA_NFKB	entry3.75_SOFA_D3__all_valid	GADD45B
TNFA_SIGNALING_VIA_NFKB	entry3.75_SOFA_D3__all_valid	TNFAIP3
TNFA_SIGNALING_VIA_NFKB	entry3.75_SOFA_D3__all_valid	B4GALT1
TNFA_SIGNALING_VIA_NFKB	entry3.75_SOFA_D3__all_valid	JAG1
TNFA_SIGNALING_VIA_NFKB	entry3.75_SOFA_D3__all_valid	NFE2L2
TNFA_SIGNALING_VIA_NFKB	entry3.75_SOFA_D3__all_valid	DUSP1
TNFA_SIGNALING_VIA_NFKB	entry3.75_SOFA_D3__all_valid	TRIB1
TNFA_SIGNALING_VIA_NFKB	entry3.75_SOFA_D3__all_valid	KDM6B
TNFA_SIGNALING_VIA_NFKB	entry3.75_SOFA_D3__all_valid	IER3
TNFA_SIGNALING_VIA_NFKB	entry3.75_SOFA_D3__all_valid	NAMPT
TNFA_SIGNALING_VIA_NFKB	entry3.75_SOFA_D3__all_valid	STAT5A
TNFA_SIGNALING_VIA_NFKB	entry3.75_SOFA_D3__all_valid	NFAT5
TNFA_SIGNALING_VIA_NFKB	entry3.75_SOFA_D3__all_valid	MARCKS
TNFA_SIGNALING_VIA_NFKB	entry3.75_SOFA_D3__all_valid	REL
TNFA_SIGNALING_VIA_NFKB	entry3.75_SOFA_D3__all_valid	ICAM1
TNFA_SIGNALING_VIA_NFKB	entry3.75_SOFA_D3__all_valid	TUBB2A
TNFA_SIGNALING_VIA_NFKB	entry3.75_SOFA_D3__all_valid	TNFAIP6
TNFA_SIGNALING_VIA_NFKB	entry3.75_SOFA_D3__all_valid	TNIP2
TNFA_SIGNALING_VIA_NFKB	entry3.75_SOFA_D3__all_valid	JUNB
TNFA_SIGNALING_VIA_NFKB	entry3.75_SOFA_D3__all_valid	ZFP36
TNFA_SIGNALING_VIA_NFKB	entry3.75_SOFA_D3__all_valid	TAP1
TNFA_SIGNALING_VIA_NFKB	entry3.75_SOFA_D3__all_valid	IRF1
TNFA_SIGNALING_VIA_NFKB	entry3.75_SOFA_D3__all_valid	IL6ST
TNFA_SIGNALING_VIA_NFKB	entry3.75_SOFA_D3__all_valid	PHLDA1
TNFA_SIGNALING_VIA_NFKB	entry3.75_SOFA_D3__all_valid	TANK
TNFA_SIGNALING_VIA_NFKB	entry3.75_SOFA_D3__all_valid	CXCL1
TNFA_SIGNALING_VIA_NFKB	entry3.75_SOFA_D3__all_valid	DNAJB4
TNFA_SIGNALING_VIA_NFKB	entry3.75_SOFA_D3__all_valid	EFNA1
TNFA_SIGNALING_VIA_NFKB	entry3.75_SOFA_D3__all_valid	PLEK
UNFOLDED_PROTEIN_RESPONSE	entry3.75_SOFA_D3__all_valid	NPM1
UNFOLDED_PROTEIN_RESPONSE	entry3.75_SOFA_D3__all_valid	IMP3
UNFOLDED_PROTEIN_RESPONSE	entry3.75_SOFA_D3__all_valid	NOP56
UNFOLDED_PROTEIN_RESPONSE	entry3.75_SOFA_D3__all_valid	EIF2AK3
UNFOLDED_PROTEIN_RESPONSE	entry3.75_SOFA_D3__all_valid	EXOSC2
UNFOLDED_PROTEIN_RESPONSE	entry3.75_SOFA_D3__all_valid	HSPA9
UNFOLDED_PROTEIN_RESPONSE	entry3.75_SOFA_D3__all_valid	EXOSC9
UNFOLDED_PROTEIN_RESPONSE	entry3.75_SOFA_D3__all_valid	SPCS1
UNFOLDED_PROTEIN_RESPONSE	entry3.75_SOFA_D3__all_valid	HSP90B1
UNFOLDED_PROTEIN_RESPONSE	entry3.75_SOFA_D3__all_valid	RPS14
UNFOLDED_PROTEIN_RESPONSE	entry3.75_SOFA_D3__all_valid	EIF2S1
UNFOLDED_PROTEIN_RESPONSE	entry3.75_SOFA_D3__all_valid	IARS1
UNFOLDED_PROTEIN_RESPONSE	entry3.75_SOFA_D3__all_valid	PDIA6
UNFOLDED_PROTEIN_RESPONSE	entry3.75_SOFA_D3__all_valid	SKIC3
UNFOLDED_PROTEIN_RESPONSE	entry3.75_SOFA_D3__all_valid	CEBPG
UNFOLDED_PROTEIN_RESPONSE	entry3.75_SOFA_D3__all_valid	SLC30A5
UNFOLDED_PROTEIN_RESPONSE	entry3.75_SOFA_D3__all_valid	LSM4
UNFOLDED_PROTEIN_RESPONSE	entry3.75_SOFA_D3__all_valid	DNAJB9
UNFOLDED_PROTEIN_RESPONSE	entry3.75_SOFA_D3__all_valid	EIF4A2
UNFOLDED_PROTEIN_RESPONSE	entry3.75_SOFA_D3__all_valid	SRPRB
UNFOLDED_PROTEIN_RESPONSE	entry3.75_SOFA_D3__all_valid	SEC31A
UNFOLDED_PROTEIN_RESPONSE	entry3.75_SOFA_D3__all_valid	BANF1
UNFOLDED_PROTEIN_RESPONSE	entry3.75_SOFA_D3__all_valid	WFS1
UNFOLDED_PROTEIN_RESPONSE	entry3.75_SOFA_D3__all_valid	MTREX
UNFOLDED_PROTEIN_RESPONSE	entry3.75_SOFA_D3__all_valid	SEC11A
UNFOLDED_PROTEIN_RESPONSE	entry3.75_SOFA_D3__all_valid	RRP9
UNFOLDED_PROTEIN_RESPONSE	entry3.75_SOFA_D3__all_valid	SSR1
UNFOLDED_PROTEIN_RESPONSE	entry3.75_SOFA_D3__all_valid	FUS
UNFOLDED_PROTEIN_RESPONSE	entry3.75_SOFA_D3__all_valid	BAG3
UNFOLDED_PROTEIN_RESPONSE	entry3.75_SOFA_D3__all_valid	EIF4EBP1
UNFOLDED_PROTEIN_RESPONSE	entry3.75_SOFA_D3__all_valid	HERPUD1
UNFOLDED_PROTEIN_RESPONSE	entry3.75_SOFA_D3__all_valid	DDX10
UNFOLDED_PROTEIN_RESPONSE	entry3.75_SOFA_D3__all_valid	HYOU1
UNFOLDED_PROTEIN_RESPONSE	entry3.75_SOFA_D3__all_valid	EIF4A1
UNFOLDED_PROTEIN_RESPONSE	entry3.75_SOFA_D3__all_valid	YIF1A
UNFOLDED_PROTEIN_RESPONSE	entry3.75_SOFA_D3__all_valid	XBP1
UNFOLDED_PROTEIN_RESPONSE	entry3.75_SOFA_D3__all_valid	NOLC1
UNFOLDED_PROTEIN_RESPONSE	entry3.75_SOFA_D3__all_valid	NOP14
UNFOLDED_PROTEIN_RESPONSE	entry3.75_SOFA_D3__all_valid	ALDH18A1
UNFOLDED_PROTEIN_RESPONSE	entry3.75_SOFA_D3__all_valid	EXOC2
UNFOLDED_PROTEIN_RESPONSE	entry3.75_SOFA_D3__all_valid	FKBP14
UNFOLDED_PROTEIN_RESPONSE	entry3.75_SOFA_D3__all_valid	SPCS3
UNFOLDED_PROTEIN_RESPONSE	entry3.75_SOFA_D3__all_valid	CNOT2
UNFOLDED_PROTEIN_RESPONSE	entry3.75_SOFA_D3__all_valid	EIF4E
UNFOLDED_PROTEIN_RESPONSE	entry3.75_SOFA_D3__all_valid	SDAD1
UNFOLDED_PROTEIN_RESPONSE	entry3.75_SOFA_D3__all_valid	EDEM1
UNFOLDED_PROTEIN_RESPONSE	entry3.75_SOFA_D3__all_valid	CKS1B
UNFOLDED_PROTEIN_RESPONSE	entry3.75_SOFA_D3__all_valid	CALR
UNFOLDED_PROTEIN_RESPONSE	entry3.75_SOFA_D3__all_valid	PAIP1
UNFOLDED_PROTEIN_RESPONSE	entry3.75_SOFA_D3__all_valid	EEF2
UNFOLDED_PROTEIN_RESPONSE	entry3.75_SOFA_D3__all_valid	EXOSC1
UNFOLDED_PROTEIN_RESPONSE	entry3.75_SOFA_D3__all_valid	NHP2
UNFOLDED_PROTEIN_RESPONSE	entry3.75_SOFA_D3__all_valid	GOSR2
UNFOLDED_PROTEIN_RESPONSE	entry3.75_SOFA_D3__all_valid	NFYB
UNFOLDED_PROTEIN_RESPONSE	entry3.75_SOFA_D3__all_valid	XPOT
UNFOLDED_PROTEIN_RESPONSE	entry3.75_SOFA_D3__all_valid	KHSRP
UNFOLDED_PROTEIN_RESPONSE	entry3.75_SOFA_D3__all_valid	SLC1A4
UNFOLDED_PROTEIN_RESPONSE	entry3.75_SOFA_D3__all_valid	TSPYL2
UV_RESPONSE_DN	entry3.75_SOFA_D3__all_valid	MAPK14
UV_RESPONSE_DN	entry3.75_SOFA_D3__all_valid	ATP2B4
UV_RESPONSE_DN	entry3.75_SOFA_D3__all_valid	IGF1R
UV_RESPONSE_DN	entry3.75_SOFA_D3__all_valid	ATXN1
UV_RESPONSE_DN	entry3.75_SOFA_D3__all_valid	SYNE1
UV_RESPONSE_DN	entry3.75_SOFA_D3__all_valid	DYRK1A
UV_RESPONSE_DN	entry3.75_SOFA_D3__all_valid	WDR37
UV_RESPONSE_DN	entry3.75_SOFA_D3__all_valid	PTEN
UV_RESPONSE_DN	entry3.75_SOFA_D3__all_valid	NFKB1
UV_RESPONSE_DN	entry3.75_SOFA_D3__all_valid	LDLR
UV_RESPONSE_DN	entry3.75_SOFA_D3__all_valid	GCNT1
UV_RESPONSE_DN	entry3.75_SOFA_D3__all_valid	CELF2
UV_RESPONSE_DN	entry3.75_SOFA_D3__all_valid	SCN8A
UV_RESPONSE_DN	entry3.75_SOFA_D3__all_valid	PPARG
UV_RESPONSE_DN	entry3.75_SOFA_D3__all_valid	NR3C1
UV_RESPONSE_DN	entry3.75_SOFA_D3__all_valid	RASA2
UV_RESPONSE_DN	entry3.75_SOFA_D3__all_valid	SERPINE1
UV_RESPONSE_DN	entry3.75_SOFA_D3__all_valid	TGFBR2
UV_RESPONSE_DN	entry3.75_SOFA_D3__all_valid	RXRA
UV_RESPONSE_DN	entry3.75_SOFA_D3__all_valid	PIK3CD
UV_RESPONSE_DN	entry3.75_SOFA_D3__all_valid	CDKN1B
UV_RESPONSE_DN	entry3.75_SOFA_D3__all_valid	FHL2
UV_RESPONSE_DN	entry3.75_SOFA_D3__all_valid	NOTCH2
UV_RESPONSE_DN	entry3.75_SOFA_D3__all_valid	DUSP1
UV_RESPONSE_DN	entry3.75_SOFA_D3__all_valid	PTGFR
UV_RESPONSE_DN	entry3.75_SOFA_D3__all_valid	APBB2
UV_RESPONSE_DN	entry3.75_SOFA_D3__all_valid	SCAF8
UV_RESPONSE_DN	entry3.75_SOFA_D3__all_valid	CDC42BPA
UV_RESPONSE_DN	entry3.75_SOFA_D3__all_valid	PRDM2
UV_RESPONSE_DN	entry3.75_SOFA_D3__all_valid	TFPI
UV_RESPONSE_UP	entry3.75_SOFA_D3__all_valid	CCND3
UV_RESPONSE_UP	entry3.75_SOFA_D3__all_valid	ATP6V1C1
UV_RESPONSE_UP	entry3.75_SOFA_D3__all_valid	ARRB2
UV_RESPONSE_UP	entry3.75_SOFA_D3__all_valid	GRINA
UV_RESPONSE_UP	entry3.75_SOFA_D3__all_valid	PRKCD
UV_RESPONSE_UP	entry3.75_SOFA_D3__all_valid	TUBA4A
UV_RESPONSE_UP	entry3.75_SOFA_D3__all_valid	ALAS1
UV_RESPONSE_UP	entry3.75_SOFA_D3__all_valid	LYN
UV_RESPONSE_UP	entry3.75_SOFA_D3__all_valid	FURIN
UV_RESPONSE_UP	entry3.75_SOFA_D3__all_valid	MAOA
UV_RESPONSE_UP	entry3.75_SOFA_D3__all_valid	RAB27A
UV_RESPONSE_UP	entry3.75_SOFA_D3__all_valid	NFKBIA
UV_RESPONSE_UP	entry3.75_SOFA_D3__all_valid	AGO2
UV_RESPONSE_UP	entry3.75_SOFA_D3__all_valid	CHKA
UV_RESPONSE_UP	entry3.75_SOFA_D3__all_valid	MARK2
UV_RESPONSE_UP	entry3.75_SOFA_D3__all_valid	ACAA1
UV_RESPONSE_UP	entry3.75_SOFA_D3__all_valid	NUP58
UV_RESPONSE_UP	entry3.75_SOFA_D3__all_valid	ALDOA
UV_RESPONSE_UP	entry3.75_SOFA_D3__all_valid	GRPEL1
UV_RESPONSE_UP	entry3.75_SOFA_D3__all_valid	CA2
UV_RESPONSE_UP	entry3.75_SOFA_D3__all_valid	ICAM1
UV_RESPONSE_UP	entry3.75_SOFA_D3__all_valid	PDAP1
UV_RESPONSE_UP	entry3.75_SOFA_D3__all_valid	JUNB
UV_RESPONSE_UP	entry3.75_SOFA_D3__all_valid	TAP1
UV_RESPONSE_UP	entry3.75_SOFA_D3__all_valid	PRKACA
UV_RESPONSE_UP	entry3.75_SOFA_D3__all_valid	CDC34
UV_RESPONSE_UP	entry3.75_SOFA_D3__all_valid	IRF1
UV_RESPONSE_UP	entry3.75_SOFA_D3__all_valid	IL6ST
UV_RESPONSE_UP	entry3.75_SOFA_D3__all_valid	STARD3
UV_RESPONSE_UP	entry3.75_SOFA_D3__all_valid	APOM
UV_RESPONSE_UP	entry3.75_SOFA_D3__all_valid	GPX3
UV_RESPONSE_UP	entry3.75_SOFA_D3__all_valid	CYB5R1
UV_RESPONSE_UP	entry3.75_SOFA_D3__all_valid	TMBIM6
WNT_BETA_CATENIN_SIGNALING	entry3.75_SOFA_D3__all_valid	RBPJ
WNT_BETA_CATENIN_SIGNALING	entry3.75_SOFA_D3__all_valid	NUMB
WNT_BETA_CATENIN_SIGNALING	entry3.75_SOFA_D3__all_valid	ADAM17
WNT_BETA_CATENIN_SIGNALING	entry3.75_SOFA_D3__all_valid	MAML1
WNT_BETA_CATENIN_SIGNALING	entry3.75_SOFA_D3__all_valid	CTNNB1
WNT_BETA_CATENIN_SIGNALING	entry3.75_SOFA_D3__all_valid	JAG1
WNT_BETA_CATENIN_SIGNALING	entry3.75_SOFA_D3__all_valid	NCSTN
WNT_BETA_CATENIN_SIGNALING	entry3.75_SOFA_D3__all_valid	FRAT1
WNT_BETA_CATENIN_SIGNALING	entry3.75_SOFA_D3__all_valid	NKD1
XENOBIOTIC_METABOLISM	entry3.75_SOFA_D3__all_valid	UPP1
XENOBIOTIC_METABOLISM	entry3.75_SOFA_D3__all_valid	PGD
XENOBIOTIC_METABOLISM	entry3.75_SOFA_D3__all_valid	IL1R1
XENOBIOTIC_METABOLISM	entry3.75_SOFA_D3__all_valid	ETS2
XENOBIOTIC_METABOLISM	entry3.75_SOFA_D3__all_valid	GSR
XENOBIOTIC_METABOLISM	entry3.75_SOFA_D3__all_valid	POR
XENOBIOTIC_METABOLISM	entry3.75_SOFA_D3__all_valid	DDAH2
XENOBIOTIC_METABOLISM	entry3.75_SOFA_D3__all_valid	ALAS1
XENOBIOTIC_METABOLISM	entry3.75_SOFA_D3__all_valid	TPST1
XENOBIOTIC_METABOLISM	entry3.75_SOFA_D3__all_valid	ARG1
XENOBIOTIC_METABOLISM	entry3.75_SOFA_D3__all_valid	ACOX1
XENOBIOTIC_METABOLISM	entry3.75_SOFA_D3__all_valid	TNFRSF1A
XENOBIOTIC_METABOLISM	entry3.75_SOFA_D3__all_valid	LPIN2
XENOBIOTIC_METABOLISM	entry3.75_SOFA_D3__all_valid	SLC6A6
XENOBIOTIC_METABOLISM	entry3.75_SOFA_D3__all_valid	MAOA
XENOBIOTIC_METABOLISM	entry3.75_SOFA_D3__all_valid	AQP9
XENOBIOTIC_METABOLISM	entry3.75_SOFA_D3__all_valid	VNN1
XENOBIOTIC_METABOLISM	entry3.75_SOFA_D3__all_valid	PINK1
XENOBIOTIC_METABOLISM	entry3.75_SOFA_D3__all_valid	UPB1
XENOBIOTIC_METABOLISM	entry3.75_SOFA_D3__all_valid	CDA
XENOBIOTIC_METABOLISM	entry3.75_SOFA_D3__all_valid	FAS
XENOBIOTIC_METABOLISM	entry3.75_SOFA_D3__all_valid	SLC46A3
XENOBIOTIC_METABOLISM	entry3.75_SOFA_D3__all_valid	ESR1
XENOBIOTIC_METABOLISM	entry3.75_SOFA_D3__all_valid	SERPINE1
XENOBIOTIC_METABOLISM	entry3.75_SOFA_D3__all_valid	MARCHF6
XENOBIOTIC_METABOLISM	entry3.75_SOFA_D3__all_valid	ABCC2
XENOBIOTIC_METABOLISM	entry3.75_SOFA_D3__all_valid	SMOX
XENOBIOTIC_METABOLISM	entry3.75_SOFA_D3__all_valid	GABARAPL1
XENOBIOTIC_METABOLISM	entry3.75_SOFA_D3__all_valid	ITIH4
XENOBIOTIC_METABOLISM	entry3.75_SOFA_D3__all_valid	SLC22A1
XENOBIOTIC_METABOLISM	entry3.75_SOFA_D3__all_valid	DHRS7
XENOBIOTIC_METABOLISM	entry3.75_SOFA_D3__all_valid	RAP1GAP
XENOBIOTIC_METABOLISM	entry3.75_SOFA_D3__all_valid	CA2
XENOBIOTIC_METABOLISM	entry3.75_SOFA_D3__all_valid	CSAD
XENOBIOTIC_METABOLISM	entry3.75_SOFA_D3__all_valid	NQO1
ADIPOGENESIS	entry4.25_SOFA_D3__all_valid	BCL6
ADIPOGENESIS	entry4.25_SOFA_D3__all_valid	GADD45A
ADIPOGENESIS	entry4.25_SOFA_D3__all_valid	PFKFB3
ADIPOGENESIS	entry4.25_SOFA_D3__all_valid	POR
ADIPOGENESIS	entry4.25_SOFA_D3__all_valid	RTN3
ADIPOGENESIS	entry4.25_SOFA_D3__all_valid	ACOX1
ADIPOGENESIS	entry4.25_SOFA_D3__all_valid	ITGA7
ADIPOGENESIS	entry4.25_SOFA_D3__all_valid	SQOR
ADIPOGENESIS	entry4.25_SOFA_D3__all_valid	CCNG2
ADIPOGENESIS	entry4.25_SOFA_D3__all_valid	STOM
ADIPOGENESIS	entry4.25_SOFA_D3__all_valid	PGM1
ADIPOGENESIS	entry4.25_SOFA_D3__all_valid	ELMOD3
ADIPOGENESIS	entry4.25_SOFA_D3__all_valid	GPAT4
ADIPOGENESIS	entry4.25_SOFA_D3__all_valid	LPCAT3
ADIPOGENESIS	entry4.25_SOFA_D3__all_valid	IFNGR1
ADIPOGENESIS	entry4.25_SOFA_D3__all_valid	TOB1
ADIPOGENESIS	entry4.25_SOFA_D3__all_valid	PPARG
ADIPOGENESIS	entry4.25_SOFA_D3__all_valid	DHRS7B
ADIPOGENESIS	entry4.25_SOFA_D3__all_valid	DHCR7
ADIPOGENESIS	entry4.25_SOFA_D3__all_valid	PPM1B
ADIPOGENESIS	entry4.25_SOFA_D3__all_valid	ORM1
ADIPOGENESIS	entry4.25_SOFA_D3__all_valid	TALDO1
ADIPOGENESIS	entry4.25_SOFA_D3__all_valid	TKT
ADIPOGENESIS	entry4.25_SOFA_D3__all_valid	GRPEL1
ADIPOGENESIS	entry4.25_SOFA_D3__all_valid	ALDOA
ADIPOGENESIS	entry4.25_SOFA_D3__all_valid	STAT5A
ADIPOGENESIS	entry4.25_SOFA_D3__all_valid	GBE1
ADIPOGENESIS	entry4.25_SOFA_D3__all_valid	CDKN2C
ADIPOGENESIS	entry4.25_SOFA_D3__all_valid	NABP1
ADIPOGENESIS	entry4.25_SOFA_D3__all_valid	BAZ2A
ADIPOGENESIS	entry4.25_SOFA_D3__all_valid	DHRS7
ADIPOGENESIS	entry4.25_SOFA_D3__all_valid	CHUK
ADIPOGENESIS	entry4.25_SOFA_D3__all_valid	CD151
ADIPOGENESIS	entry4.25_SOFA_D3__all_valid	PIM3
ADIPOGENESIS	entry4.25_SOFA_D3__all_valid	ITSN1
ALLOGRAFT_REJECTION	entry4.25_SOFA_D3__all_valid	RPS3A
ALLOGRAFT_REJECTION	entry4.25_SOFA_D3__all_valid	HLA-DRA
ALLOGRAFT_REJECTION	entry4.25_SOFA_D3__all_valid	ABCE1
ALLOGRAFT_REJECTION	entry4.25_SOFA_D3__all_valid	NPM1
ALLOGRAFT_REJECTION	entry4.25_SOFA_D3__all_valid	HLA-DMB
ALLOGRAFT_REJECTION	entry4.25_SOFA_D3__all_valid	CD3D
ALLOGRAFT_REJECTION	entry4.25_SOFA_D3__all_valid	EIF3A
ALLOGRAFT_REJECTION	entry4.25_SOFA_D3__all_valid	ITK
ALLOGRAFT_REJECTION	entry4.25_SOFA_D3__all_valid	HLA-DMA
ALLOGRAFT_REJECTION	entry4.25_SOFA_D3__all_valid	SIT1
ALLOGRAFT_REJECTION	entry4.25_SOFA_D3__all_valid	RPL9
ALLOGRAFT_REJECTION	entry4.25_SOFA_D3__all_valid	LY75
ALLOGRAFT_REJECTION	entry4.25_SOFA_D3__all_valid	TRAT1
ALLOGRAFT_REJECTION	entry4.25_SOFA_D3__all_valid	CD3G
ALLOGRAFT_REJECTION	entry4.25_SOFA_D3__all_valid	DARS1
ALLOGRAFT_REJECTION	entry4.25_SOFA_D3__all_valid	HLA-DOA
ALLOGRAFT_REJECTION	entry4.25_SOFA_D3__all_valid	RPL39
ALLOGRAFT_REJECTION	entry4.25_SOFA_D3__all_valid	CTSS
ALLOGRAFT_REJECTION	entry4.25_SOFA_D3__all_valid	ETS1
ALLOGRAFT_REJECTION	entry4.25_SOFA_D3__all_valid	CD28
ALLOGRAFT_REJECTION	entry4.25_SOFA_D3__all_valid	CD86
ALLOGRAFT_REJECTION	entry4.25_SOFA_D3__all_valid	UBE2N
ALLOGRAFT_REJECTION	entry4.25_SOFA_D3__all_valid	CD4
ALLOGRAFT_REJECTION	entry4.25_SOFA_D3__all_valid	CD40LG
ALLOGRAFT_REJECTION	entry4.25_SOFA_D3__all_valid	EIF3D
ALLOGRAFT_REJECTION	entry4.25_SOFA_D3__all_valid	IL7
ALLOGRAFT_REJECTION	entry4.25_SOFA_D3__all_valid	LY86
ALLOGRAFT_REJECTION	entry4.25_SOFA_D3__all_valid	CD8B
ALLOGRAFT_REJECTION	entry4.25_SOFA_D3__all_valid	LCK
ALLOGRAFT_REJECTION	entry4.25_SOFA_D3__all_valid	CD74
ALLOGRAFT_REJECTION	entry4.25_SOFA_D3__all_valid	RPS19
ALLOGRAFT_REJECTION	entry4.25_SOFA_D3__all_valid	IRF4
ALLOGRAFT_REJECTION	entry4.25_SOFA_D3__all_valid	CCND2
ALLOGRAFT_REJECTION	entry4.25_SOFA_D3__all_valid	HLA-DQA1
ALLOGRAFT_REJECTION	entry4.25_SOFA_D3__all_valid	TNF
ALLOGRAFT_REJECTION	entry4.25_SOFA_D3__all_valid	IRF8
ALLOGRAFT_REJECTION	entry4.25_SOFA_D3__all_valid	CD8A
ALLOGRAFT_REJECTION	entry4.25_SOFA_D3__all_valid	CD2
ALLOGRAFT_REJECTION	entry4.25_SOFA_D3__all_valid	FCGR2B
ALLOGRAFT_REJECTION	entry4.25_SOFA_D3__all_valid	STAT4
ALLOGRAFT_REJECTION	entry4.25_SOFA_D3__all_valid	ZAP70
ALLOGRAFT_REJECTION	entry4.25_SOFA_D3__all_valid	CCR2
ALLOGRAFT_REJECTION	entry4.25_SOFA_D3__all_valid	CD3E
ALLOGRAFT_REJECTION	entry4.25_SOFA_D3__all_valid	IL15
ALLOGRAFT_REJECTION	entry4.25_SOFA_D3__all_valid	CD79A
ALLOGRAFT_REJECTION	entry4.25_SOFA_D3__all_valid	CCR5
ALLOGRAFT_REJECTION	entry4.25_SOFA_D3__all_valid	HDAC9
ALLOGRAFT_REJECTION	entry4.25_SOFA_D3__all_valid	CXCR3
ALLOGRAFT_REJECTION	entry4.25_SOFA_D3__all_valid	CD40
ALLOGRAFT_REJECTION	entry4.25_SOFA_D3__all_valid	NME1
ALLOGRAFT_REJECTION	entry4.25_SOFA_D3__all_valid	CD247
ALLOGRAFT_REJECTION	entry4.25_SOFA_D3__all_valid	MRPL3
ANDROGEN_RESPONSE	entry4.25_SOFA_D3__all_valid	NDRG1
ANDROGEN_RESPONSE	entry4.25_SOFA_D3__all_valid	CCND3
ANDROGEN_RESPONSE	entry4.25_SOFA_D3__all_valid	CAMKK2
ANDROGEN_RESPONSE	entry4.25_SOFA_D3__all_valid	GSR
ANDROGEN_RESPONSE	entry4.25_SOFA_D3__all_valid	ACTN1
ANDROGEN_RESPONSE	entry4.25_SOFA_D3__all_valid	FKBP5
ANDROGEN_RESPONSE	entry4.25_SOFA_D3__all_valid	HPGD
ANDROGEN_RESPONSE	entry4.25_SOFA_D3__all_valid	PTK2B
ANDROGEN_RESPONSE	entry4.25_SOFA_D3__all_valid	IDI1
ANDROGEN_RESPONSE	entry4.25_SOFA_D3__all_valid	SLC38A2
ANDROGEN_RESPONSE	entry4.25_SOFA_D3__all_valid	HERC3
ANDROGEN_RESPONSE	entry4.25_SOFA_D3__all_valid	MYL12A
ANDROGEN_RESPONSE	entry4.25_SOFA_D3__all_valid	RPS6KA3
ANDROGEN_RESPONSE	entry4.25_SOFA_D3__all_valid	ACSL3
ANDROGEN_RESPONSE	entry4.25_SOFA_D3__all_valid	MERTK
ANDROGEN_RESPONSE	entry4.25_SOFA_D3__all_valid	UBE2J1
ANDROGEN_RESPONSE	entry4.25_SOFA_D3__all_valid	MAK
ANDROGEN_RESPONSE	entry4.25_SOFA_D3__all_valid	IQGAP2
ANDROGEN_RESPONSE	entry4.25_SOFA_D3__all_valid	VAPA
ANDROGEN_RESPONSE	entry4.25_SOFA_D3__all_valid	B4GALT1
ANDROGEN_RESPONSE	entry4.25_SOFA_D3__all_valid	ARID5B
ANDROGEN_RESPONSE	entry4.25_SOFA_D3__all_valid	GNAI3
ANDROGEN_RESPONSE	entry4.25_SOFA_D3__all_valid	SRF
ANDROGEN_RESPONSE	entry4.25_SOFA_D3__all_valid	PIAS1
ANGIOGENESIS	entry4.25_SOFA_D3__all_valid	LRPAP1
ANGIOGENESIS	entry4.25_SOFA_D3__all_valid	PGLYRP1
ANGIOGENESIS	entry4.25_SOFA_D3__all_valid	JAG1
ANGIOGENESIS	entry4.25_SOFA_D3__all_valid	FGFR1
ANGIOGENESIS	entry4.25_SOFA_D3__all_valid	APP
ANGIOGENESIS	entry4.25_SOFA_D3__all_valid	S100A4
ANGIOGENESIS	entry4.25_SOFA_D3__all_valid	TIMP1
ANGIOGENESIS	entry4.25_SOFA_D3__all_valid	FSTL1
ANGIOGENESIS	entry4.25_SOFA_D3__all_valid	VEGFA
ANGIOGENESIS	entry4.25_SOFA_D3__all_valid	PF4
APICAL_JUNCTION	entry4.25_SOFA_D3__all_valid	MAPK14
APICAL_JUNCTION	entry4.25_SOFA_D3__all_valid	SIRPA
APICAL_JUNCTION	entry4.25_SOFA_D3__all_valid	ADAM9
APICAL_JUNCTION	entry4.25_SOFA_D3__all_valid	MMP9
APICAL_JUNCTION	entry4.25_SOFA_D3__all_valid	ACTN1
APICAL_JUNCTION	entry4.25_SOFA_D3__all_valid	SKAP2
APICAL_JUNCTION	entry4.25_SOFA_D3__all_valid	CAP1
APICAL_JUNCTION	entry4.25_SOFA_D3__all_valid	PIK3CB
APICAL_JUNCTION	entry4.25_SOFA_D3__all_valid	ALOX15B
APICAL_JUNCTION	entry4.25_SOFA_D3__all_valid	PTEN
APICAL_JUNCTION	entry4.25_SOFA_D3__all_valid	SYK
APICAL_JUNCTION	entry4.25_SOFA_D3__all_valid	VASP
APICAL_JUNCTION	entry4.25_SOFA_D3__all_valid	RAC2
APICAL_JUNCTION	entry4.25_SOFA_D3__all_valid	MAPK13
APICAL_JUNCTION	entry4.25_SOFA_D3__all_valid	COL17A1
APICAL_JUNCTION	entry4.25_SOFA_D3__all_valid	NF1
APICAL_JUNCTION	entry4.25_SOFA_D3__all_valid	CNN2
APICAL_JUNCTION	entry4.25_SOFA_D3__all_valid	CD274
APICAL_JUNCTION	entry4.25_SOFA_D3__all_valid	ACTB
APICAL_JUNCTION	entry4.25_SOFA_D3__all_valid	B4GALT1
APICAL_JUNCTION	entry4.25_SOFA_D3__all_valid	IKBKG
APICAL_JUNCTION	entry4.25_SOFA_D3__all_valid	MAP3K20
APICAL_JUNCTION	entry4.25_SOFA_D3__all_valid	THBS3
APICAL_JUNCTION	entry4.25_SOFA_D3__all_valid	ZYX
APICAL_JUNCTION	entry4.25_SOFA_D3__all_valid	MYH9
APICAL_JUNCTION	entry4.25_SOFA_D3__all_valid	ICAM5
APICAL_JUNCTION	entry4.25_SOFA_D3__all_valid	ARPC2
APICAL_JUNCTION	entry4.25_SOFA_D3__all_valid	MSN
APICAL_JUNCTION	entry4.25_SOFA_D3__all_valid	ITGA10
APICAL_JUNCTION	entry4.25_SOFA_D3__all_valid	ICAM1
APICAL_JUNCTION	entry4.25_SOFA_D3__all_valid	CTNNA1
APICAL_JUNCTION	entry4.25_SOFA_D3__all_valid	RASA1
APICAL_JUNCTION	entry4.25_SOFA_D3__all_valid	FYB1
APICAL_JUNCTION	entry4.25_SOFA_D3__all_valid	PTPRC
APICAL_JUNCTION	entry4.25_SOFA_D3__all_valid	PBX2
APICAL_JUNCTION	entry4.25_SOFA_D3__all_valid	GNAI2
APICAL_JUNCTION	entry4.25_SOFA_D3__all_valid	INPPL1
APICAL_JUNCTION	entry4.25_SOFA_D3__all_valid	ACTN4
APICAL_JUNCTION	entry4.25_SOFA_D3__all_valid	NECTIN2
APICAL_JUNCTION	entry4.25_SOFA_D3__all_valid	SHC1
APICAL_JUNCTION	entry4.25_SOFA_D3__all_valid	PCDH1
APICAL_JUNCTION	entry4.25_SOFA_D3__all_valid	YWHAH
APICAL_JUNCTION	entry4.25_SOFA_D3__all_valid	MYH10
APICAL_JUNCTION	entry4.25_SOFA_D3__all_valid	VCL
APICAL_JUNCTION	entry4.25_SOFA_D3__all_valid	RSU1
APICAL_JUNCTION	entry4.25_SOFA_D3__all_valid	CLDN15
APICAL_JUNCTION	entry4.25_SOFA_D3__all_valid	PFN1
APICAL_JUNCTION	entry4.25_SOFA_D3__all_valid	STX4
APICAL_JUNCTION	entry4.25_SOFA_D3__all_valid	TAOK2
APICAL_JUNCTION	entry4.25_SOFA_D3__all_valid	TUBG1
APICAL_JUNCTION	entry4.25_SOFA_D3__all_valid	MYL12B
APICAL_JUNCTION	entry4.25_SOFA_D3__all_valid	BAIAP2
APICAL_JUNCTION	entry4.25_SOFA_D3__all_valid	MPZL1
APICAL_JUNCTION	entry4.25_SOFA_D3__all_valid	PARD6G
APICAL_SURFACE	entry4.25_SOFA_D3__all_valid	FLOT2
APICAL_SURFACE	entry4.25_SOFA_D3__all_valid	LYN
APICAL_SURFACE	entry4.25_SOFA_D3__all_valid	PCSK9
APICAL_SURFACE	entry4.25_SOFA_D3__all_valid	CRYBG1
APICAL_SURFACE	entry4.25_SOFA_D3__all_valid	B4GALT1
APICAL_SURFACE	entry4.25_SOFA_D3__all_valid	NCOA6
APICAL_SURFACE	entry4.25_SOFA_D3__all_valid	APP
APICAL_SURFACE	entry4.25_SOFA_D3__all_valid	IL2RG
APICAL_SURFACE	entry4.25_SOFA_D3__all_valid	DCBLD2
APICAL_SURFACE	entry4.25_SOFA_D3__all_valid	BRCA1
APICAL_SURFACE	entry4.25_SOFA_D3__all_valid	ADIPOR2
APOPTOSIS	entry4.25_SOFA_D3__all_valid	GADD45A
APOPTOSIS	entry4.25_SOFA_D3__all_valid	CFLAR
APOPTOSIS	entry4.25_SOFA_D3__all_valid	GSR
APOPTOSIS	entry4.25_SOFA_D3__all_valid	TIMP2
APOPTOSIS	entry4.25_SOFA_D3__all_valid	ADD1
APOPTOSIS	entry4.25_SOFA_D3__all_valid	HGF
APOPTOSIS	entry4.25_SOFA_D3__all_valid	GSN
APOPTOSIS	entry4.25_SOFA_D3__all_valid	RARA
APOPTOSIS	entry4.25_SOFA_D3__all_valid	IGF2R
APOPTOSIS	entry4.25_SOFA_D3__all_valid	RNASEL
APOPTOSIS	entry4.25_SOFA_D3__all_valid	PSEN1
APOPTOSIS	entry4.25_SOFA_D3__all_valid	CCNA1
APOPTOSIS	entry4.25_SOFA_D3__all_valid	IFNGR1
APOPTOSIS	entry4.25_SOFA_D3__all_valid	CD44
APOPTOSIS	entry4.25_SOFA_D3__all_valid	IFITM3
APOPTOSIS	entry4.25_SOFA_D3__all_valid	FAS
APOPTOSIS	entry4.25_SOFA_D3__all_valid	CREBBP
APOPTOSIS	entry4.25_SOFA_D3__all_valid	ROCK1
APOPTOSIS	entry4.25_SOFA_D3__all_valid	HMGB2
APOPTOSIS	entry4.25_SOFA_D3__all_valid	PPP2R5B
APOPTOSIS	entry4.25_SOFA_D3__all_valid	TSPO
APOPTOSIS	entry4.25_SOFA_D3__all_valid	GADD45B
APOPTOSIS	entry4.25_SOFA_D3__all_valid	CDKN1B
APOPTOSIS	entry4.25_SOFA_D3__all_valid	CTNNB1
APOPTOSIS	entry4.25_SOFA_D3__all_valid	IER3
APOPTOSIS	entry4.25_SOFA_D3__all_valid	CLU
APOPTOSIS	entry4.25_SOFA_D3__all_valid	EMP1
APOPTOSIS	entry4.25_SOFA_D3__all_valid	CASP2
APOPTOSIS	entry4.25_SOFA_D3__all_valid	NEDD9
APOPTOSIS	entry4.25_SOFA_D3__all_valid	CASP4
APOPTOSIS	entry4.25_SOFA_D3__all_valid	XIAP
APOPTOSIS	entry4.25_SOFA_D3__all_valid	DNAJC3
APOPTOSIS	entry4.25_SOFA_D3__all_valid	DPYD
APOPTOSIS	entry4.25_SOFA_D3__all_valid	BCAP31
APOPTOSIS	entry4.25_SOFA_D3__all_valid	TAP1
APOPTOSIS	entry4.25_SOFA_D3__all_valid	IRF1
APOPTOSIS	entry4.25_SOFA_D3__all_valid	PPP3R1
APOPTOSIS	entry4.25_SOFA_D3__all_valid	GNA15
APOPTOSIS	entry4.25_SOFA_D3__all_valid	CASP9
APOPTOSIS	entry4.25_SOFA_D3__all_valid	GPX3
APOPTOSIS	entry4.25_SOFA_D3__all_valid	ANXA1
APOPTOSIS	entry4.25_SOFA_D3__all_valid	TNFSF10
APOPTOSIS	entry4.25_SOFA_D3__all_valid	TXNIP
APOPTOSIS	entry4.25_SOFA_D3__all_valid	APP
BILE_ACID_METABOLISM	entry4.25_SOFA_D3__all_valid	ABCD2
BILE_ACID_METABOLISM	entry4.25_SOFA_D3__all_valid	CYP27A1
BILE_ACID_METABOLISM	entry4.25_SOFA_D3__all_valid	SLC23A2
BILE_ACID_METABOLISM	entry4.25_SOFA_D3__all_valid	PEX12
BILE_ACID_METABOLISM	entry4.25_SOFA_D3__all_valid	PAOX
BILE_ACID_METABOLISM	entry4.25_SOFA_D3__all_valid	LCK
BILE_ACID_METABOLISM	entry4.25_SOFA_D3__all_valid	NR3C2
BILE_ACID_METABOLISM	entry4.25_SOFA_D3__all_valid	EFHC1
BILE_ACID_METABOLISM	entry4.25_SOFA_D3__all_valid	SLC35B2
BILE_ACID_METABOLISM	entry4.25_SOFA_D3__all_valid	EPHX2
BILE_ACID_METABOLISM	entry4.25_SOFA_D3__all_valid	PHYH
BILE_ACID_METABOLISM	entry4.25_SOFA_D3__all_valid	IDH2
BILE_ACID_METABOLISM	entry4.25_SOFA_D3__all_valid	SCP2
BILE_ACID_METABOLISM	entry4.25_SOFA_D3__all_valid	PEX7
BILE_ACID_METABOLISM	entry4.25_SOFA_D3__all_valid	HSD17B4
BILE_ACID_METABOLISM	entry4.25_SOFA_D3__all_valid	ACSL5
BILE_ACID_METABOLISM	entry4.25_SOFA_D3__all_valid	HACL1
CHOLESTEROL_HOMEOSTASIS	entry4.25_SOFA_D3__all_valid	NFIL3
CHOLESTEROL_HOMEOSTASIS	entry4.25_SOFA_D3__all_valid	PLSCR1
CHOLESTEROL_HOMEOSTASIS	entry4.25_SOFA_D3__all_valid	NIBAN1
CHOLESTEROL_HOMEOSTASIS	entry4.25_SOFA_D3__all_valid	IDI1
CHOLESTEROL_HOMEOSTASIS	entry4.25_SOFA_D3__all_valid	PDK3
CHOLESTEROL_HOMEOSTASIS	entry4.25_SOFA_D3__all_valid	ALCAM
CHOLESTEROL_HOMEOSTASIS	entry4.25_SOFA_D3__all_valid	ABCA2
CHOLESTEROL_HOMEOSTASIS	entry4.25_SOFA_D3__all_valid	LDLR
CHOLESTEROL_HOMEOSTASIS	entry4.25_SOFA_D3__all_valid	CHKA
CHOLESTEROL_HOMEOSTASIS	entry4.25_SOFA_D3__all_valid	ANTXR2
CHOLESTEROL_HOMEOSTASIS	entry4.25_SOFA_D3__all_valid	PPARG
CHOLESTEROL_HOMEOSTASIS	entry4.25_SOFA_D3__all_valid	DHCR7
CHOLESTEROL_HOMEOSTASIS	entry4.25_SOFA_D3__all_valid	PNRC1
CHOLESTEROL_HOMEOSTASIS	entry4.25_SOFA_D3__all_valid	ACSS2
CHOLESTEROL_HOMEOSTASIS	entry4.25_SOFA_D3__all_valid	JAG1
CHOLESTEROL_HOMEOSTASIS	entry4.25_SOFA_D3__all_valid	CTNNB1
CHOLESTEROL_HOMEOSTASIS	entry4.25_SOFA_D3__all_valid	S100A11
CHOLESTEROL_HOMEOSTASIS	entry4.25_SOFA_D3__all_valid	CLU
CHOLESTEROL_HOMEOSTASIS	entry4.25_SOFA_D3__all_valid	FBXO6
COAGULATION	entry4.25_SOFA_D3__all_valid	ADAM9
COAGULATION	entry4.25_SOFA_D3__all_valid	MMP9
COAGULATION	entry4.25_SOFA_D3__all_valid	FURIN
COAGULATION	entry4.25_SOFA_D3__all_valid	SERPINA1
COAGULATION	entry4.25_SOFA_D3__all_valid	KLF7
COAGULATION	entry4.25_SOFA_D3__all_valid	GSN
COAGULATION	entry4.25_SOFA_D3__all_valid	RAC1
COAGULATION	entry4.25_SOFA_D3__all_valid	WDR1
COAGULATION	entry4.25_SOFA_D3__all_valid	RABIF
COAGULATION	entry4.25_SOFA_D3__all_valid	SERPINE1
COAGULATION	entry4.25_SOFA_D3__all_valid	F12
COAGULATION	entry4.25_SOFA_D3__all_valid	MMP8
COAGULATION	entry4.25_SOFA_D3__all_valid	F2RL2
COAGULATION	entry4.25_SOFA_D3__all_valid	CTSK
COAGULATION	entry4.25_SOFA_D3__all_valid	CLU
COAGULATION	entry4.25_SOFA_D3__all_valid	GNB2
COAGULATION	entry4.25_SOFA_D3__all_valid	LAMP2
COAGULATION	entry4.25_SOFA_D3__all_valid	THBS1
COAGULATION	entry4.25_SOFA_D3__all_valid	C1R
COAGULATION	entry4.25_SOFA_D3__all_valid	HPN
COAGULATION	entry4.25_SOFA_D3__all_valid	F8
COAGULATION	entry4.25_SOFA_D3__all_valid	CASP9
COAGULATION	entry4.25_SOFA_D3__all_valid	ANXA1
COAGULATION	entry4.25_SOFA_D3__all_valid	PLEK
COAGULATION	entry4.25_SOFA_D3__all_valid	PLAU
COAGULATION	entry4.25_SOFA_D3__all_valid	GP1BA
COAGULATION	entry4.25_SOFA_D3__all_valid	ITGB3
COAGULATION	entry4.25_SOFA_D3__all_valid	MSRB2
COAGULATION	entry4.25_SOFA_D3__all_valid	TIMP1
COAGULATION	entry4.25_SOFA_D3__all_valid	PEF1
COAGULATION	entry4.25_SOFA_D3__all_valid	P2RY1
COAGULATION	entry4.25_SOFA_D3__all_valid	CTSB
COAGULATION	entry4.25_SOFA_D3__all_valid	SPARC
COAGULATION	entry4.25_SOFA_D3__all_valid	CFB
COAGULATION	entry4.25_SOFA_D3__all_valid	CPQ
COAGULATION	entry4.25_SOFA_D3__all_valid	PF4
COAGULATION	entry4.25_SOFA_D3__all_valid	VWF
COAGULATION	entry4.25_SOFA_D3__all_valid	FN1
COAGULATION	entry4.25_SOFA_D3__all_valid	SERPINB2
COAGULATION	entry4.25_SOFA_D3__all_valid	ISCU
COAGULATION	entry4.25_SOFA_D3__all_valid	ARF4
COMPLEMENT	entry4.25_SOFA_D3__all_valid	ITGAM
COMPLEMENT	entry4.25_SOFA_D3__all_valid	CR1
COMPLEMENT	entry4.25_SOFA_D3__all_valid	ADAM9
COMPLEMENT	entry4.25_SOFA_D3__all_valid	PRKCD
COMPLEMENT	entry4.25_SOFA_D3__all_valid	HSPA1A
COMPLEMENT	entry4.25_SOFA_D3__all_valid	TIMP2
COMPLEMENT	entry4.25_SOFA_D3__all_valid	PLSCR1
COMPLEMENT	entry4.25_SOFA_D3__all_valid	PIK3CG
COMPLEMENT	entry4.25_SOFA_D3__all_valid	GCA
COMPLEMENT	entry4.25_SOFA_D3__all_valid	LYN
COMPLEMENT	entry4.25_SOFA_D3__all_valid	S100A12
COMPLEMENT	entry4.25_SOFA_D3__all_valid	PCSK9
COMPLEMENT	entry4.25_SOFA_D3__all_valid	SERPINA1
COMPLEMENT	entry4.25_SOFA_D3__all_valid	LCP2
COMPLEMENT	entry4.25_SOFA_D3__all_valid	RHOG
COMPLEMENT	entry4.25_SOFA_D3__all_valid	CD59
COMPLEMENT	entry4.25_SOFA_D3__all_valid	DGKH
COMPLEMENT	entry4.25_SOFA_D3__all_valid	PIM1
COMPLEMENT	entry4.25_SOFA_D3__all_valid	CD55
COMPLEMENT	entry4.25_SOFA_D3__all_valid	MSRB1
COMPLEMENT	entry4.25_SOFA_D3__all_valid	IRF2
COMPLEMENT	entry4.25_SOFA_D3__all_valid	PSEN1
COMPLEMENT	entry4.25_SOFA_D3__all_valid	EHD1
COMPLEMENT	entry4.25_SOFA_D3__all_valid	RABIF
COMPLEMENT	entry4.25_SOFA_D3__all_valid	S100A9
COMPLEMENT	entry4.25_SOFA_D3__all_valid	CDK5R1
COMPLEMENT	entry4.25_SOFA_D3__all_valid	F5
COMPLEMENT	entry4.25_SOFA_D3__all_valid	CDA
COMPLEMENT	entry4.25_SOFA_D3__all_valid	COL4A2
COMPLEMENT	entry4.25_SOFA_D3__all_valid	JAK2
COMPLEMENT	entry4.25_SOFA_D3__all_valid	GRB2
COMPLEMENT	entry4.25_SOFA_D3__all_valid	RAF1
COMPLEMENT	entry4.25_SOFA_D3__all_valid	SERPINE1
COMPLEMENT	entry4.25_SOFA_D3__all_valid	CEBPB
COMPLEMENT	entry4.25_SOFA_D3__all_valid	AKAP10
COMPLEMENT	entry4.25_SOFA_D3__all_valid	TNFAIP3
COMPLEMENT	entry4.25_SOFA_D3__all_valid	PIK3R5
COMPLEMENT	entry4.25_SOFA_D3__all_valid	MMP8
COMPLEMENT	entry4.25_SOFA_D3__all_valid	VCPIP1
COMPLEMENT	entry4.25_SOFA_D3__all_valid	CLU
COMPLEMENT	entry4.25_SOFA_D3__all_valid	PIK3CA
COMPLEMENT	entry4.25_SOFA_D3__all_valid	GNB2
COMPLEMENT	entry4.25_SOFA_D3__all_valid	GNAI3
COMPLEMENT	entry4.25_SOFA_D3__all_valid	LAMP2
COMPLEMENT	entry4.25_SOFA_D3__all_valid	PRSS36
COMPLEMENT	entry4.25_SOFA_D3__all_valid	CASP4
COMPLEMENT	entry4.25_SOFA_D3__all_valid	USP15
COMPLEMENT	entry4.25_SOFA_D3__all_valid	C1R
COMPLEMENT	entry4.25_SOFA_D3__all_valid	BRPF3
COMPLEMENT	entry4.25_SOFA_D3__all_valid	CTSD
COMPLEMENT	entry4.25_SOFA_D3__all_valid	CA2
DNA_REPAIR	entry4.25_SOFA_D3__all_valid	GTF2H3
DNA_REPAIR	entry4.25_SOFA_D3__all_valid	RNMT
DNA_REPAIR	entry4.25_SOFA_D3__all_valid	GTF2H1
DNA_REPAIR	entry4.25_SOFA_D3__all_valid	ERCC8
DNA_REPAIR	entry4.25_SOFA_D3__all_valid	NELFCD
DNA_REPAIR	entry4.25_SOFA_D3__all_valid	NUDT21
DNA_REPAIR	entry4.25_SOFA_D3__all_valid	ADA
DNA_REPAIR	entry4.25_SOFA_D3__all_valid	MRPL40
DNA_REPAIR	entry4.25_SOFA_D3__all_valid	SRSF6
DNA_REPAIR	entry4.25_SOFA_D3__all_valid	SF3A3
DNA_REPAIR	entry4.25_SOFA_D3__all_valid	NCBP2
DNA_REPAIR	entry4.25_SOFA_D3__all_valid	POLR1H
DNA_REPAIR	entry4.25_SOFA_D3__all_valid	ERCC4
DNA_REPAIR	entry4.25_SOFA_D3__all_valid	APRT
DNA_REPAIR	entry4.25_SOFA_D3__all_valid	POLR2D
DNA_REPAIR	entry4.25_SOFA_D3__all_valid	LIG1
DNA_REPAIR	entry4.25_SOFA_D3__all_valid	NFX1
DNA_REPAIR	entry4.25_SOFA_D3__all_valid	DUT
DNA_REPAIR	entry4.25_SOFA_D3__all_valid	IMPDH2
DNA_REPAIR	entry4.25_SOFA_D3__all_valid	ERCC3
DNA_REPAIR	entry4.25_SOFA_D3__all_valid	ITPA
DNA_REPAIR	entry4.25_SOFA_D3__all_valid	EDF1
DNA_REPAIR	entry4.25_SOFA_D3__all_valid	POLR1C
DNA_REPAIR	entry4.25_SOFA_D3__all_valid	UMPS
DNA_REPAIR	entry4.25_SOFA_D3__all_valid	RPA3
DNA_REPAIR	entry4.25_SOFA_D3__all_valid	RFC3
DNA_REPAIR	entry4.25_SOFA_D3__all_valid	PCNA
DNA_REPAIR	entry4.25_SOFA_D3__all_valid	POLR2K
DNA_REPAIR	entry4.25_SOFA_D3__all_valid	POLR2C
DNA_REPAIR	entry4.25_SOFA_D3__all_valid	ERCC5
DNA_REPAIR	entry4.25_SOFA_D3__all_valid	NME1
DNA_REPAIR	entry4.25_SOFA_D3__all_valid	GTF2A2
DNA_REPAIR	entry4.25_SOFA_D3__all_valid	NME3
DNA_REPAIR	entry4.25_SOFA_D3__all_valid	TP53
DNA_REPAIR	entry4.25_SOFA_D3__all_valid	RFC4
DNA_REPAIR	entry4.25_SOFA_D3__all_valid	AK3
DNA_REPAIR	entry4.25_SOFA_D3__all_valid	AAAS
DNA_REPAIR	entry4.25_SOFA_D3__all_valid	TAF9
DNA_REPAIR	entry4.25_SOFA_D3__all_valid	SEC61A1
DNA_REPAIR	entry4.25_SOFA_D3__all_valid	SSRP1
DNA_REPAIR	entry4.25_SOFA_D3__all_valid	DDB2
DNA_REPAIR	entry4.25_SOFA_D3__all_valid	TMED2
DNA_REPAIR	entry4.25_SOFA_D3__all_valid	GTF2H5
DNA_REPAIR	entry4.25_SOFA_D3__all_valid	DDB1
DNA_REPAIR	entry4.25_SOFA_D3__all_valid	PDE4B
DNA_REPAIR	entry4.25_SOFA_D3__all_valid	RFC5
DNA_REPAIR	entry4.25_SOFA_D3__all_valid	POLB
DNA_REPAIR	entry4.25_SOFA_D3__all_valid	REV3L
DNA_REPAIR	entry4.25_SOFA_D3__all_valid	POLR2H
DNA_REPAIR	entry4.25_SOFA_D3__all_valid	GSDME
DNA_REPAIR	entry4.25_SOFA_D3__all_valid	SNAPC5
DNA_REPAIR	entry4.25_SOFA_D3__all_valid	HPRT1
DNA_REPAIR	entry4.25_SOFA_D3__all_valid	TARBP2
DNA_REPAIR	entry4.25_SOFA_D3__all_valid	NELFE
DNA_REPAIR	entry4.25_SOFA_D3__all_valid	ELOA
DNA_REPAIR	entry4.25_SOFA_D3__all_valid	MPG
DNA_REPAIR	entry4.25_SOFA_D3__all_valid	TAF1C
DNA_REPAIR	entry4.25_SOFA_D3__all_valid	ALYREF
DNA_REPAIR	entry4.25_SOFA_D3__all_valid	NUDT9
DNA_REPAIR	entry4.25_SOFA_D3__all_valid	SMAD5
DNA_REPAIR	entry4.25_SOFA_D3__all_valid	POLD1
DNA_REPAIR	entry4.25_SOFA_D3__all_valid	CSTF3
DNA_REPAIR	entry4.25_SOFA_D3__all_valid	POLR3C
DNA_REPAIR	entry4.25_SOFA_D3__all_valid	UPF3B
DNA_REPAIR	entry4.25_SOFA_D3__all_valid	RALA
DNA_REPAIR	entry4.25_SOFA_D3__all_valid	RAD52
E2F_TARGETS	entry4.25_SOFA_D3__all_valid	SYNCRIP
E2F_TARGETS	entry4.25_SOFA_D3__all_valid	EED
E2F_TARGETS	entry4.25_SOFA_D3__all_valid	MAD2L1
E2F_TARGETS	entry4.25_SOFA_D3__all_valid	NOP56
E2F_TARGETS	entry4.25_SOFA_D3__all_valid	RAN
E2F_TARGETS	entry4.25_SOFA_D3__all_valid	PPP1R8
E2F_TARGETS	entry4.25_SOFA_D3__all_valid	MYC
E2F_TARGETS	entry4.25_SOFA_D3__all_valid	NUDT21
E2F_TARGETS	entry4.25_SOFA_D3__all_valid	CNOT9
E2F_TARGETS	entry4.25_SOFA_D3__all_valid	AK2
E2F_TARGETS	entry4.25_SOFA_D3__all_valid	STMN1
E2F_TARGETS	entry4.25_SOFA_D3__all_valid	PAICS
E2F_TARGETS	entry4.25_SOFA_D3__all_valid	ASF1A
E2F_TARGETS	entry4.25_SOFA_D3__all_valid	EIF2S1
E2F_TARGETS	entry4.25_SOFA_D3__all_valid	PMS2
E2F_TARGETS	entry4.25_SOFA_D3__all_valid	KIF22
E2F_TARGETS	entry4.25_SOFA_D3__all_valid	TMPO
E2F_TARGETS	entry4.25_SOFA_D3__all_valid	RAD50
E2F_TARGETS	entry4.25_SOFA_D3__all_valid	PHF5A
E2F_TARGETS	entry4.25_SOFA_D3__all_valid	WDR90
E2F_TARGETS	entry4.25_SOFA_D3__all_valid	IPO7
E2F_TARGETS	entry4.25_SOFA_D3__all_valid	HNRNPD
E2F_TARGETS	entry4.25_SOFA_D3__all_valid	LIG1
E2F_TARGETS	entry4.25_SOFA_D3__all_valid	DCTPP1
E2F_TARGETS	entry4.25_SOFA_D3__all_valid	DUT
E2F_TARGETS	entry4.25_SOFA_D3__all_valid	CDC25B
E2F_TARGETS	entry4.25_SOFA_D3__all_valid	PRDX4
E2F_TARGETS	entry4.25_SOFA_D3__all_valid	MLH1
E2F_TARGETS	entry4.25_SOFA_D3__all_valid	RPA3
E2F_TARGETS	entry4.25_SOFA_D3__all_valid	RFC3
E2F_TARGETS	entry4.25_SOFA_D3__all_valid	DNMT1
E2F_TARGETS	entry4.25_SOFA_D3__all_valid	RAD1
E2F_TARGETS	entry4.25_SOFA_D3__all_valid	PCNA
E2F_TARGETS	entry4.25_SOFA_D3__all_valid	SLBP
E2F_TARGETS	entry4.25_SOFA_D3__all_valid	PAN2
E2F_TARGETS	entry4.25_SOFA_D3__all_valid	NUP205
E2F_TARGETS	entry4.25_SOFA_D3__all_valid	NME1
E2F_TARGETS	entry4.25_SOFA_D3__all_valid	NUP107
E2F_TARGETS	entry4.25_SOFA_D3__all_valid	CDK4
E2F_TARGETS	entry4.25_SOFA_D3__all_valid	RBBP7
E2F_TARGETS	entry4.25_SOFA_D3__all_valid	TP53
E2F_TARGETS	entry4.25_SOFA_D3__all_valid	CSE1L
E2F_TARGETS	entry4.25_SOFA_D3__all_valid	RANBP1
E2F_TARGETS	entry4.25_SOFA_D3__all_valid	ILF3
E2F_TARGETS	entry4.25_SOFA_D3__all_valid	MRE11
E2F_TARGETS	entry4.25_SOFA_D3__all_valid	SRSF2
E2F_TARGETS	entry4.25_SOFA_D3__all_valid	SMC1A
E2F_TARGETS	entry4.25_SOFA_D3__all_valid	SMC3
E2F_TARGETS	entry4.25_SOFA_D3__all_valid	MCM3
E2F_TARGETS	entry4.25_SOFA_D3__all_valid	RFC1
E2F_TARGETS	entry4.25_SOFA_D3__all_valid	SSRP1
E2F_TARGETS	entry4.25_SOFA_D3__all_valid	CTPS1
E2F_TARGETS	entry4.25_SOFA_D3__all_valid	CBX5
E2F_TARGETS	entry4.25_SOFA_D3__all_valid	MSH2
E2F_TARGETS	entry4.25_SOFA_D3__all_valid	TBRG4
E2F_TARGETS	entry4.25_SOFA_D3__all_valid	NOLC1
E2F_TARGETS	entry4.25_SOFA_D3__all_valid	RPA1
E2F_TARGETS	entry4.25_SOFA_D3__all_valid	NAP1L1
E2F_TARGETS	entry4.25_SOFA_D3__all_valid	CENPM
E2F_TARGETS	entry4.25_SOFA_D3__all_valid	XRCC6
E2F_TARGETS	entry4.25_SOFA_D3__all_valid	MCM5
E2F_TARGETS	entry4.25_SOFA_D3__all_valid	HELLS
E2F_TARGETS	entry4.25_SOFA_D3__all_valid	ZW10
E2F_TARGETS	entry4.25_SOFA_D3__all_valid	CCNE1
E2F_TARGETS	entry4.25_SOFA_D3__all_valid	CKS1B
E2F_TARGETS	entry4.25_SOFA_D3__all_valid	CDKN2A
E2F_TARGETS	entry4.25_SOFA_D3__all_valid	MCM7
E2F_TARGETS	entry4.25_SOFA_D3__all_valid	RNASEH2A
E2F_TARGETS	entry4.25_SOFA_D3__all_valid	RRM2
E2F_TARGETS	entry4.25_SOFA_D3__all_valid	UBE2T
E2F_TARGETS	entry4.25_SOFA_D3__all_valid	POLD2
E2F_TARGETS	entry4.25_SOFA_D3__all_valid	SRSF1
E2F_TARGETS	entry4.25_SOFA_D3__all_valid	LYAR
E2F_TARGETS	entry4.25_SOFA_D3__all_valid	SMC4
E2F_TARGETS	entry4.25_SOFA_D3__all_valid	POLE
E2F_TARGETS	entry4.25_SOFA_D3__all_valid	MTHFD2
E2F_TARGETS	entry4.25_SOFA_D3__all_valid	PRPS1
E2F_TARGETS	entry4.25_SOFA_D3__all_valid	CDK1
E2F_TARGETS	entry4.25_SOFA_D3__all_valid	PRIM2
E2F_TARGETS	entry4.25_SOFA_D3__all_valid	POLD1
E2F_TARGETS	entry4.25_SOFA_D3__all_valid	TRA2B
E2F_TARGETS	entry4.25_SOFA_D3__all_valid	DSCC1
E2F_TARGETS	entry4.25_SOFA_D3__all_valid	RAD51C
E2F_TARGETS	entry4.25_SOFA_D3__all_valid	GINS3
E2F_TARGETS	entry4.25_SOFA_D3__all_valid	SNRPB
E2F_TARGETS	entry4.25_SOFA_D3__all_valid	UBR7
E2F_TARGETS	entry4.25_SOFA_D3__all_valid	POLE4
E2F_TARGETS	entry4.25_SOFA_D3__all_valid	LUC7L3
E2F_TARGETS	entry4.25_SOFA_D3__all_valid	TIMELESS
E2F_TARGETS	entry4.25_SOFA_D3__all_valid	BRMS1L
E2F_TARGETS	entry4.25_SOFA_D3__all_valid	TIPIN
E2F_TARGETS	entry4.25_SOFA_D3__all_valid	TUBB
E2F_TARGETS	entry4.25_SOFA_D3__all_valid	EXOSC8
E2F_TARGETS	entry4.25_SOFA_D3__all_valid	ORC6
E2F_TARGETS	entry4.25_SOFA_D3__all_valid	MMS22L
E2F_TARGETS	entry4.25_SOFA_D3__all_valid	DCK
E2F_TARGETS	entry4.25_SOFA_D3__all_valid	PLK4
E2F_TARGETS	entry4.25_SOFA_D3__all_valid	TCF19
E2F_TARGETS	entry4.25_SOFA_D3__all_valid	EZH2
E2F_TARGETS	entry4.25_SOFA_D3__all_valid	UNG
EPITHELIAL_MESENCHYMAL_TRANSITION	entry4.25_SOFA_D3__all_valid	GADD45A
EPITHELIAL_MESENCHYMAL_TRANSITION	entry4.25_SOFA_D3__all_valid	BASP1
EPITHELIAL_MESENCHYMAL_TRANSITION	entry4.25_SOFA_D3__all_valid	FBN2
EPITHELIAL_MESENCHYMAL_TRANSITION	entry4.25_SOFA_D3__all_valid	PCOLCE2
EPITHELIAL_MESENCHYMAL_TRANSITION	entry4.25_SOFA_D3__all_valid	CD59
EPITHELIAL_MESENCHYMAL_TRANSITION	entry4.25_SOFA_D3__all_valid	QSOX1
EPITHELIAL_MESENCHYMAL_TRANSITION	entry4.25_SOFA_D3__all_valid	EFEMP2
EPITHELIAL_MESENCHYMAL_TRANSITION	entry4.25_SOFA_D3__all_valid	CD44
EPITHELIAL_MESENCHYMAL_TRANSITION	entry4.25_SOFA_D3__all_valid	FAS
EPITHELIAL_MESENCHYMAL_TRANSITION	entry4.25_SOFA_D3__all_valid	CAPG
EPITHELIAL_MESENCHYMAL_TRANSITION	entry4.25_SOFA_D3__all_valid	COL4A2
EPITHELIAL_MESENCHYMAL_TRANSITION	entry4.25_SOFA_D3__all_valid	SERPINE1
EPITHELIAL_MESENCHYMAL_TRANSITION	entry4.25_SOFA_D3__all_valid	TGFB1
EPITHELIAL_MESENCHYMAL_TRANSITION	entry4.25_SOFA_D3__all_valid	COLGALT1
EPITHELIAL_MESENCHYMAL_TRANSITION	entry4.25_SOFA_D3__all_valid	AREG
EPITHELIAL_MESENCHYMAL_TRANSITION	entry4.25_SOFA_D3__all_valid	COL7A1
EPITHELIAL_MESENCHYMAL_TRANSITION	entry4.25_SOFA_D3__all_valid	NOTCH2
EPITHELIAL_MESENCHYMAL_TRANSITION	entry4.25_SOFA_D3__all_valid	GADD45B
EPITHELIAL_MESENCHYMAL_TRANSITION	entry4.25_SOFA_D3__all_valid	TNFAIP3
EPITHELIAL_MESENCHYMAL_TRANSITION	entry4.25_SOFA_D3__all_valid	LOXL1
EPITHELIAL_MESENCHYMAL_TRANSITION	entry4.25_SOFA_D3__all_valid	TPM1
EPITHELIAL_MESENCHYMAL_TRANSITION	entry4.25_SOFA_D3__all_valid	PFN2
EPITHELIAL_MESENCHYMAL_TRANSITION	entry4.25_SOFA_D3__all_valid	PLOD1
EPITHELIAL_MESENCHYMAL_TRANSITION	entry4.25_SOFA_D3__all_valid	THBS1
EPITHELIAL_MESENCHYMAL_TRANSITION	entry4.25_SOFA_D3__all_valid	COPA
EPITHELIAL_MESENCHYMAL_TRANSITION	entry4.25_SOFA_D3__all_valid	COL6A3
EPITHELIAL_MESENCHYMAL_TRANSITION	entry4.25_SOFA_D3__all_valid	PDLIM4
ESTROGEN_RESPONSE_EARLY	entry4.25_SOFA_D3__all_valid	IGF1R
ESTROGEN_RESPONSE_EARLY	entry4.25_SOFA_D3__all_valid	AFF1
ESTROGEN_RESPONSE_EARLY	entry4.25_SOFA_D3__all_valid	FKBP5
ESTROGEN_RESPONSE_EARLY	entry4.25_SOFA_D3__all_valid	RAB31
ESTROGEN_RESPONSE_EARLY	entry4.25_SOFA_D3__all_valid	SVIL
ESTROGEN_RESPONSE_EARLY	entry4.25_SOFA_D3__all_valid	MED13L
ESTROGEN_RESPONSE_EARLY	entry4.25_SOFA_D3__all_valid	RARA
ESTROGEN_RESPONSE_EARLY	entry4.25_SOFA_D3__all_valid	MREG
ESTROGEN_RESPONSE_EARLY	entry4.25_SOFA_D3__all_valid	TIPARP
ESTROGEN_RESPONSE_EARLY	entry4.25_SOFA_D3__all_valid	TTC39A
ESTROGEN_RESPONSE_EARLY	entry4.25_SOFA_D3__all_valid	UGCG
ESTROGEN_RESPONSE_EARLY	entry4.25_SOFA_D3__all_valid	SLC2A1
ESTROGEN_RESPONSE_EARLY	entry4.25_SOFA_D3__all_valid	FOXC1
ESTROGEN_RESPONSE_EARLY	entry4.25_SOFA_D3__all_valid	KDM4B
ESTROGEN_RESPONSE_EARLY	entry4.25_SOFA_D3__all_valid	MINDY1
ESTROGEN_RESPONSE_EARLY	entry4.25_SOFA_D3__all_valid	GAB2
ESTROGEN_RESPONSE_EARLY	entry4.25_SOFA_D3__all_valid	KAZN
ESTROGEN_RESPONSE_EARLY	entry4.25_SOFA_D3__all_valid	CD44
ESTROGEN_RESPONSE_EARLY	entry4.25_SOFA_D3__all_valid	TOB1
ESTROGEN_RESPONSE_EARLY	entry4.25_SOFA_D3__all_valid	CANT1
ESTROGEN_RESPONSE_EARLY	entry4.25_SOFA_D3__all_valid	OLFML3
ESTROGEN_RESPONSE_EARLY	entry4.25_SOFA_D3__all_valid	JAK2
ESTROGEN_RESPONSE_EARLY	entry4.25_SOFA_D3__all_valid	CHPT1
ESTROGEN_RESPONSE_EARLY	entry4.25_SOFA_D3__all_valid	DHCR7
ESTROGEN_RESPONSE_EARLY	entry4.25_SOFA_D3__all_valid	GLA
ESTROGEN_RESPONSE_EARLY	entry4.25_SOFA_D3__all_valid	RHOBTB3
ESTROGEN_RESPONSE_EARLY	entry4.25_SOFA_D3__all_valid	INHBB
ESTROGEN_RESPONSE_EARLY	entry4.25_SOFA_D3__all_valid	SIAH2
ESTROGEN_RESPONSE_EARLY	entry4.25_SOFA_D3__all_valid	FHL2
ESTROGEN_RESPONSE_EARLY	entry4.25_SOFA_D3__all_valid	AREG
ESTROGEN_RESPONSE_EARLY	entry4.25_SOFA_D3__all_valid	B4GALT1
ESTROGEN_RESPONSE_EARLY	entry4.25_SOFA_D3__all_valid	NADSYN1
ESTROGEN_RESPONSE_EARLY	entry4.25_SOFA_D3__all_valid	CISH
ESTROGEN_RESPONSE_EARLY	entry4.25_SOFA_D3__all_valid	ANXA9
ESTROGEN_RESPONSE_EARLY	entry4.25_SOFA_D3__all_valid	CA12
ESTROGEN_RESPONSE_EARLY	entry4.25_SOFA_D3__all_valid	SH3BP5
ESTROGEN_RESPONSE_EARLY	entry4.25_SOFA_D3__all_valid	KCNK5
ESTROGEN_RESPONSE_EARLY	entry4.25_SOFA_D3__all_valid	TUBB2B
ESTROGEN_RESPONSE_EARLY	entry4.25_SOFA_D3__all_valid	FLNB
ESTROGEN_RESPONSE_EARLY	entry4.25_SOFA_D3__all_valid	TMEM164
ESTROGEN_RESPONSE_EARLY	entry4.25_SOFA_D3__all_valid	MAST4
ESTROGEN_RESPONSE_EARLY	entry4.25_SOFA_D3__all_valid	ALDH3B1
ESTROGEN_RESPONSE_EARLY	entry4.25_SOFA_D3__all_valid	DLC1
ESTROGEN_RESPONSE_EARLY	entry4.25_SOFA_D3__all_valid	IL17RB
ESTROGEN_RESPONSE_EARLY	entry4.25_SOFA_D3__all_valid	AMFR
ESTROGEN_RESPONSE_EARLY	entry4.25_SOFA_D3__all_valid	RAPGEFL1
ESTROGEN_RESPONSE_EARLY	entry4.25_SOFA_D3__all_valid	SLC7A5
ESTROGEN_RESPONSE_EARLY	entry4.25_SOFA_D3__all_valid	ABHD2
ESTROGEN_RESPONSE_EARLY	entry4.25_SOFA_D3__all_valid	IL6ST
ESTROGEN_RESPONSE_LATE	entry4.25_SOFA_D3__all_valid	ATP2B4
ESTROGEN_RESPONSE_LATE	entry4.25_SOFA_D3__all_valid	AFF1
ESTROGEN_RESPONSE_LATE	entry4.25_SOFA_D3__all_valid	FKBP5
ESTROGEN_RESPONSE_LATE	entry4.25_SOFA_D3__all_valid	RAB31
ESTROGEN_RESPONSE_LATE	entry4.25_SOFA_D3__all_valid	SERPINA1
ESTROGEN_RESPONSE_LATE	entry4.25_SOFA_D3__all_valid	IMPA2
ESTROGEN_RESPONSE_LATE	entry4.25_SOFA_D3__all_valid	FOXC1
ESTROGEN_RESPONSE_LATE	entry4.25_SOFA_D3__all_valid	CCNA1
ESTROGEN_RESPONSE_LATE	entry4.25_SOFA_D3__all_valid	BATF
ESTROGEN_RESPONSE_LATE	entry4.25_SOFA_D3__all_valid	MAPK13
ESTROGEN_RESPONSE_LATE	entry4.25_SOFA_D3__all_valid	S100A9
ESTROGEN_RESPONSE_LATE	entry4.25_SOFA_D3__all_valid	CD44
ESTROGEN_RESPONSE_LATE	entry4.25_SOFA_D3__all_valid	TOB1
ESTROGEN_RESPONSE_LATE	entry4.25_SOFA_D3__all_valid	SNX10
ESTROGEN_RESPONSE_LATE	entry4.25_SOFA_D3__all_valid	JAK2
ESTROGEN_RESPONSE_LATE	entry4.25_SOFA_D3__all_valid	ST6GALNAC2
ESTROGEN_RESPONSE_LATE	entry4.25_SOFA_D3__all_valid	CHPT1
ESTROGEN_RESPONSE_LATE	entry4.25_SOFA_D3__all_valid	DHCR7
ESTROGEN_RESPONSE_LATE	entry4.25_SOFA_D3__all_valid	GLA
ESTROGEN_RESPONSE_LATE	entry4.25_SOFA_D3__all_valid	SIAH2
ESTROGEN_RESPONSE_LATE	entry4.25_SOFA_D3__all_valid	AREG
ESTROGEN_RESPONSE_LATE	entry4.25_SOFA_D3__all_valid	PTPN6
ESTROGEN_RESPONSE_LATE	entry4.25_SOFA_D3__all_valid	JAK1
ESTROGEN_RESPONSE_LATE	entry4.25_SOFA_D3__all_valid	CISH
ESTROGEN_RESPONSE_LATE	entry4.25_SOFA_D3__all_valid	ANXA9
ESTROGEN_RESPONSE_LATE	entry4.25_SOFA_D3__all_valid	CA12
ESTROGEN_RESPONSE_LATE	entry4.25_SOFA_D3__all_valid	CA2
ESTROGEN_RESPONSE_LATE	entry4.25_SOFA_D3__all_valid	KCNK5
ESTROGEN_RESPONSE_LATE	entry4.25_SOFA_D3__all_valid	FLNB
ESTROGEN_RESPONSE_LATE	entry4.25_SOFA_D3__all_valid	CKB
ESTROGEN_RESPONSE_LATE	entry4.25_SOFA_D3__all_valid	ZFP36
ESTROGEN_RESPONSE_LATE	entry4.25_SOFA_D3__all_valid	ALDH3B1
ESTROGEN_RESPONSE_LATE	entry4.25_SOFA_D3__all_valid	IL17RB
ESTROGEN_RESPONSE_LATE	entry4.25_SOFA_D3__all_valid	AMFR
ESTROGEN_RESPONSE_LATE	entry4.25_SOFA_D3__all_valid	RAPGEFL1
ESTROGEN_RESPONSE_LATE	entry4.25_SOFA_D3__all_valid	XRCC3
ESTROGEN_RESPONSE_LATE	entry4.25_SOFA_D3__all_valid	SLC7A5
ESTROGEN_RESPONSE_LATE	entry4.25_SOFA_D3__all_valid	ABHD2
ESTROGEN_RESPONSE_LATE	entry4.25_SOFA_D3__all_valid	IL6ST
ESTROGEN_RESPONSE_LATE	entry4.25_SOFA_D3__all_valid	HSPA4L
FATTY_ACID_METABOLISM	entry4.25_SOFA_D3__all_valid	OSTC
FATTY_ACID_METABOLISM	entry4.25_SOFA_D3__all_valid	MDH1
FATTY_ACID_METABOLISM	entry4.25_SOFA_D3__all_valid	METAP1
FATTY_ACID_METABOLISM	entry4.25_SOFA_D3__all_valid	APEX1
FATTY_ACID_METABOLISM	entry4.25_SOFA_D3__all_valid	ECHS1
FATTY_ACID_METABOLISM	entry4.25_SOFA_D3__all_valid	ACSS1
FATTY_ACID_METABOLISM	entry4.25_SOFA_D3__all_valid	ACAA2
FATTY_ACID_METABOLISM	entry4.25_SOFA_D3__all_valid	SUCLG2
FATTY_ACID_METABOLISM	entry4.25_SOFA_D3__all_valid	ECI1
FATTY_ACID_METABOLISM	entry4.25_SOFA_D3__all_valid	HADH
FATTY_ACID_METABOLISM	entry4.25_SOFA_D3__all_valid	ACAT2
FATTY_ACID_METABOLISM	entry4.25_SOFA_D3__all_valid	HSD17B10
FATTY_ACID_METABOLISM	entry4.25_SOFA_D3__all_valid	MCEE
FATTY_ACID_METABOLISM	entry4.25_SOFA_D3__all_valid	CBR1
FATTY_ACID_METABOLISM	entry4.25_SOFA_D3__all_valid	ACADM
FATTY_ACID_METABOLISM	entry4.25_SOFA_D3__all_valid	SDHD
FATTY_ACID_METABOLISM	entry4.25_SOFA_D3__all_valid	BPHL
FATTY_ACID_METABOLISM	entry4.25_SOFA_D3__all_valid	ADSL
FATTY_ACID_METABOLISM	entry4.25_SOFA_D3__all_valid	HSD17B4
FATTY_ACID_METABOLISM	entry4.25_SOFA_D3__all_valid	ACOT2
FATTY_ACID_METABOLISM	entry4.25_SOFA_D3__all_valid	ECI2
FATTY_ACID_METABOLISM	entry4.25_SOFA_D3__all_valid	ACSL5
FATTY_ACID_METABOLISM	entry4.25_SOFA_D3__all_valid	UGDH
FATTY_ACID_METABOLISM	entry4.25_SOFA_D3__all_valid	PDHA1
FATTY_ACID_METABOLISM	entry4.25_SOFA_D3__all_valid	BCKDHB
FATTY_ACID_METABOLISM	entry4.25_SOFA_D3__all_valid	PSME1
FATTY_ACID_METABOLISM	entry4.25_SOFA_D3__all_valid	MIX23
FATTY_ACID_METABOLISM	entry4.25_SOFA_D3__all_valid	BLVRA
FATTY_ACID_METABOLISM	entry4.25_SOFA_D3__all_valid	CPT2
FATTY_ACID_METABOLISM	entry4.25_SOFA_D3__all_valid	ODC1
FATTY_ACID_METABOLISM	entry4.25_SOFA_D3__all_valid	RAP1GDS1
FATTY_ACID_METABOLISM	entry4.25_SOFA_D3__all_valid	CD36
FATTY_ACID_METABOLISM	entry4.25_SOFA_D3__all_valid	PCBD1
FATTY_ACID_METABOLISM	entry4.25_SOFA_D3__all_valid	ALDH3A2
FATTY_ACID_METABOLISM	entry4.25_SOFA_D3__all_valid	GCDH
FATTY_ACID_METABOLISM	entry4.25_SOFA_D3__all_valid	HMGCS1
FATTY_ACID_METABOLISM	entry4.25_SOFA_D3__all_valid	NTHL1
FATTY_ACID_METABOLISM	entry4.25_SOFA_D3__all_valid	MIF
FATTY_ACID_METABOLISM	entry4.25_SOFA_D3__all_valid	SUCLA2
FATTY_ACID_METABOLISM	entry4.25_SOFA_D3__all_valid	HSD17B7
FATTY_ACID_METABOLISM	entry4.25_SOFA_D3__all_valid	HSPH1
FATTY_ACID_METABOLISM	entry4.25_SOFA_D3__all_valid	PTS
FATTY_ACID_METABOLISM	entry4.25_SOFA_D3__all_valid	SMS
FATTY_ACID_METABOLISM	entry4.25_SOFA_D3__all_valid	FH
FATTY_ACID_METABOLISM	entry4.25_SOFA_D3__all_valid	ENO2
FATTY_ACID_METABOLISM	entry4.25_SOFA_D3__all_valid	MDH2
FATTY_ACID_METABOLISM	entry4.25_SOFA_D3__all_valid	XIST
FATTY_ACID_METABOLISM	entry4.25_SOFA_D3__all_valid	EHHADH
FATTY_ACID_METABOLISM	entry4.25_SOFA_D3__all_valid	ACO2
FATTY_ACID_METABOLISM	entry4.25_SOFA_D3__all_valid	S100A10
FATTY_ACID_METABOLISM	entry4.25_SOFA_D3__all_valid	IDH3B
FATTY_ACID_METABOLISM	entry4.25_SOFA_D3__all_valid	MLYCD
FATTY_ACID_METABOLISM	entry4.25_SOFA_D3__all_valid	CD1D
FATTY_ACID_METABOLISM	entry4.25_SOFA_D3__all_valid	CRYZ
FATTY_ACID_METABOLISM	entry4.25_SOFA_D3__all_valid	ALDH1A1
FATTY_ACID_METABOLISM	entry4.25_SOFA_D3__all_valid	ECH1
FATTY_ACID_METABOLISM	entry4.25_SOFA_D3__all_valid	IDH3G
FATTY_ACID_METABOLISM	entry4.25_SOFA_D3__all_valid	RDH11
FATTY_ACID_METABOLISM	entry4.25_SOFA_D3__all_valid	ALDH9A1
FATTY_ACID_METABOLISM	entry4.25_SOFA_D3__all_valid	CPOX
FATTY_ACID_METABOLISM	entry4.25_SOFA_D3__all_valid	HSP90AA1
FATTY_ACID_METABOLISM	entry4.25_SOFA_D3__all_valid	UROS
FATTY_ACID_METABOLISM	entry4.25_SOFA_D3__all_valid	DLST
FATTY_ACID_METABOLISM	entry4.25_SOFA_D3__all_valid	ERP29
G2M_CHECKPOINT	entry4.25_SOFA_D3__all_valid	BUB3
G2M_CHECKPOINT	entry4.25_SOFA_D3__all_valid	SYNCRIP
G2M_CHECKPOINT	entry4.25_SOFA_D3__all_valid	G3BP1
G2M_CHECKPOINT	entry4.25_SOFA_D3__all_valid	SLC38A1
G2M_CHECKPOINT	entry4.25_SOFA_D3__all_valid	SRSF10
G2M_CHECKPOINT	entry4.25_SOFA_D3__all_valid	MAD2L1
G2M_CHECKPOINT	entry4.25_SOFA_D3__all_valid	PURA
G2M_CHECKPOINT	entry4.25_SOFA_D3__all_valid	NCL
G2M_CHECKPOINT	entry4.25_SOFA_D3__all_valid	MYC
G2M_CHECKPOINT	entry4.25_SOFA_D3__all_valid	CUL5
G2M_CHECKPOINT	entry4.25_SOFA_D3__all_valid	STMN1
G2M_CHECKPOINT	entry4.25_SOFA_D3__all_valid	KIF22
G2M_CHECKPOINT	entry4.25_SOFA_D3__all_valid	TMPO
G2M_CHECKPOINT	entry4.25_SOFA_D3__all_valid	RPS6KA5
G2M_CHECKPOINT	entry4.25_SOFA_D3__all_valid	HNRNPD
G2M_CHECKPOINT	entry4.25_SOFA_D3__all_valid	CDC25B
G2M_CHECKPOINT	entry4.25_SOFA_D3__all_valid	H2AZ2
G2M_CHECKPOINT	entry4.25_SOFA_D3__all_valid	HSPA8
G2M_CHECKPOINT	entry4.25_SOFA_D3__all_valid	PRP4K
G2M_CHECKPOINT	entry4.25_SOFA_D3__all_valid	SLC12A2
G2M_CHECKPOINT	entry4.25_SOFA_D3__all_valid	CDK4
G2M_CHECKPOINT	entry4.25_SOFA_D3__all_valid	TENT4A
G2M_CHECKPOINT	entry4.25_SOFA_D3__all_valid	ORC5
G2M_CHECKPOINT	entry4.25_SOFA_D3__all_valid	MTF2
G2M_CHECKPOINT	entry4.25_SOFA_D3__all_valid	ILF3
G2M_CHECKPOINT	entry4.25_SOFA_D3__all_valid	SRSF2
G2M_CHECKPOINT	entry4.25_SOFA_D3__all_valid	SMC1A
G2M_CHECKPOINT	entry4.25_SOFA_D3__all_valid	UCK2
G2M_CHECKPOINT	entry4.25_SOFA_D3__all_valid	MCM3
G2M_CHECKPOINT	entry4.25_SOFA_D3__all_valid	SS18
G2M_CHECKPOINT	entry4.25_SOFA_D3__all_valid	SNRPD1
G2M_CHECKPOINT	entry4.25_SOFA_D3__all_valid	ODC1
G2M_CHECKPOINT	entry4.25_SOFA_D3__all_valid	NOLC1
G2M_CHECKPOINT	entry4.25_SOFA_D3__all_valid	CUL1
G2M_CHECKPOINT	entry4.25_SOFA_D3__all_valid	DTYMK
G2M_CHECKPOINT	entry4.25_SOFA_D3__all_valid	SMAD3
G2M_CHECKPOINT	entry4.25_SOFA_D3__all_valid	FBXO5
G2M_CHECKPOINT	entry4.25_SOFA_D3__all_valid	HMGN2
G2M_CHECKPOINT	entry4.25_SOFA_D3__all_valid	MCM5
G2M_CHECKPOINT	entry4.25_SOFA_D3__all_valid	ABL1
G2M_CHECKPOINT	entry4.25_SOFA_D3__all_valid	NDC80
G2M_CHECKPOINT	entry4.25_SOFA_D3__all_valid	SMARCC1
G2M_CHECKPOINT	entry4.25_SOFA_D3__all_valid	SMC2
G2M_CHECKPOINT	entry4.25_SOFA_D3__all_valid	CKS1B
G2M_CHECKPOINT	entry4.25_SOFA_D3__all_valid	RASAL2
G2M_CHECKPOINT	entry4.25_SOFA_D3__all_valid	ODF2
G2M_CHECKPOINT	entry4.25_SOFA_D3__all_valid	MNAT1
G2M_CHECKPOINT	entry4.25_SOFA_D3__all_valid	GINS2
GLYCOLYSIS	entry4.25_SOFA_D3__all_valid	TGFA
GLYCOLYSIS	entry4.25_SOFA_D3__all_valid	PYGL
GLYCOLYSIS	entry4.25_SOFA_D3__all_valid	PHKA2
GLYCOLYSIS	entry4.25_SOFA_D3__all_valid	IRS2
GLYCOLYSIS	entry4.25_SOFA_D3__all_valid	TPST1
GLYCOLYSIS	entry4.25_SOFA_D3__all_valid	HK2
GLYCOLYSIS	entry4.25_SOFA_D3__all_valid	PKM
GLYCOLYSIS	entry4.25_SOFA_D3__all_valid	B4GALT4
GLYCOLYSIS	entry4.25_SOFA_D3__all_valid	PDK3
GLYCOLYSIS	entry4.25_SOFA_D3__all_valid	P4HA2
GLYCOLYSIS	entry4.25_SOFA_D3__all_valid	RRAGD
GLYCOLYSIS	entry4.25_SOFA_D3__all_valid	ABCB6
GLYCOLYSIS	entry4.25_SOFA_D3__all_valid	QSOX1
GLYCOLYSIS	entry4.25_SOFA_D3__all_valid	DSC2
GLYCOLYSIS	entry4.25_SOFA_D3__all_valid	SPAG4
GLYCOLYSIS	entry4.25_SOFA_D3__all_valid	MERTK
GLYCOLYSIS	entry4.25_SOFA_D3__all_valid	EXT1
GLYCOLYSIS	entry4.25_SOFA_D3__all_valid	CD44
GLYCOLYSIS	entry4.25_SOFA_D3__all_valid	LCT
GLYCOLYSIS	entry4.25_SOFA_D3__all_valid	LDHA
GLYCOLYSIS	entry4.25_SOFA_D3__all_valid	SLC16A3
GLYCOLYSIS	entry4.25_SOFA_D3__all_valid	PGM2
GLYCOLYSIS	entry4.25_SOFA_D3__all_valid	G6PD
GLYCOLYSIS	entry4.25_SOFA_D3__all_valid	PAM
GLYCOLYSIS	entry4.25_SOFA_D3__all_valid	ANKZF1
GLYCOLYSIS	entry4.25_SOFA_D3__all_valid	IL13RA1
GLYCOLYSIS	entry4.25_SOFA_D3__all_valid	PKP2
GLYCOLYSIS	entry4.25_SOFA_D3__all_valid	TALDO1
GLYCOLYSIS	entry4.25_SOFA_D3__all_valid	PGK1
GLYCOLYSIS	entry4.25_SOFA_D3__all_valid	B4GALT1
GLYCOLYSIS	entry4.25_SOFA_D3__all_valid	IER3
GLYCOLYSIS	entry4.25_SOFA_D3__all_valid	SAP30
GLYCOLYSIS	entry4.25_SOFA_D3__all_valid	ALDOA
GLYCOLYSIS	entry4.25_SOFA_D3__all_valid	ME2
GLYCOLYSIS	entry4.25_SOFA_D3__all_valid	DEPDC1
GLYCOLYSIS	entry4.25_SOFA_D3__all_valid	PLOD1
HEDGEHOG_SIGNALING	entry4.25_SOFA_D3__all_valid	ETS2
HEDGEHOG_SIGNALING	entry4.25_SOFA_D3__all_valid	SLIT1
HEDGEHOG_SIGNALING	entry4.25_SOFA_D3__all_valid	CDK5R1
HEDGEHOG_SIGNALING	entry4.25_SOFA_D3__all_valid	NF1
HEDGEHOG_SIGNALING	entry4.25_SOFA_D3__all_valid	TLE3
HEDGEHOG_SIGNALING	entry4.25_SOFA_D3__all_valid	GLI1
HEDGEHOG_SIGNALING	entry4.25_SOFA_D3__all_valid	MYH9
HEDGEHOG_SIGNALING	entry4.25_SOFA_D3__all_valid	TLE1
HEDGEHOG_SIGNALING	entry4.25_SOFA_D3__all_valid	RASA1
HEME_METABOLISM	entry4.25_SOFA_D3__all_valid	NFE2
HEME_METABOLISM	entry4.25_SOFA_D3__all_valid	CCND3
HEME_METABOLISM	entry4.25_SOFA_D3__all_valid	SLC22A4
HEME_METABOLISM	entry4.25_SOFA_D3__all_valid	GCLM
HEME_METABOLISM	entry4.25_SOFA_D3__all_valid	ADD1
HEME_METABOLISM	entry4.25_SOFA_D3__all_valid	ATP6V0A1
HEME_METABOLISM	entry4.25_SOFA_D3__all_valid	MBOAT2
HEME_METABOLISM	entry4.25_SOFA_D3__all_valid	NARF
HEME_METABOLISM	entry4.25_SOFA_D3__all_valid	SLC25A37
HEME_METABOLISM	entry4.25_SOFA_D3__all_valid	LPIN2
HEME_METABOLISM	entry4.25_SOFA_D3__all_valid	LRP10
HEME_METABOLISM	entry4.25_SOFA_D3__all_valid	FBXO34
HEME_METABOLISM	entry4.25_SOFA_D3__all_valid	P4HA2
HEME_METABOLISM	entry4.25_SOFA_D3__all_valid	FBXO9
HEME_METABOLISM	entry4.25_SOFA_D3__all_valid	EZH1
HEME_METABOLISM	entry4.25_SOFA_D3__all_valid	ABCB6
HEME_METABOLISM	entry4.25_SOFA_D3__all_valid	MAP2K3
HEME_METABOLISM	entry4.25_SOFA_D3__all_valid	MARK3
HEME_METABOLISM	entry4.25_SOFA_D3__all_valid	MPP1
HEME_METABOLISM	entry4.25_SOFA_D3__all_valid	CAST
HEME_METABOLISM	entry4.25_SOFA_D3__all_valid	SLC2A1
HEME_METABOLISM	entry4.25_SOFA_D3__all_valid	HTATIP2
HEME_METABOLISM	entry4.25_SOFA_D3__all_valid	ERMAP
HEME_METABOLISM	entry4.25_SOFA_D3__all_valid	KHNYN
HEME_METABOLISM	entry4.25_SOFA_D3__all_valid	GAPVD1
HEME_METABOLISM	entry4.25_SOFA_D3__all_valid	FOXO3
HEME_METABOLISM	entry4.25_SOFA_D3__all_valid	PSMD9
HEME_METABOLISM	entry4.25_SOFA_D3__all_valid	NR3C1
HEME_METABOLISM	entry4.25_SOFA_D3__all_valid	SDCBP
HEME_METABOLISM	entry4.25_SOFA_D3__all_valid	DCAF10
HEME_METABOLISM	entry4.25_SOFA_D3__all_valid	PPP2R5B
HEME_METABOLISM	entry4.25_SOFA_D3__all_valid	SMOX
HEME_METABOLISM	entry4.25_SOFA_D3__all_valid	SPTB
HEME_METABOLISM	entry4.25_SOFA_D3__all_valid	GDE1
HEME_METABOLISM	entry4.25_SOFA_D3__all_valid	PICALM
HEME_METABOLISM	entry4.25_SOFA_D3__all_valid	ALAD
HEME_METABOLISM	entry4.25_SOFA_D3__all_valid	FOXJ2
HEME_METABOLISM	entry4.25_SOFA_D3__all_valid	RHAG
HEME_METABOLISM	entry4.25_SOFA_D3__all_valid	ADIPOR1
HEME_METABOLISM	entry4.25_SOFA_D3__all_valid	LAMP2
HEME_METABOLISM	entry4.25_SOFA_D3__all_valid	SEC14L1
HEME_METABOLISM	entry4.25_SOFA_D3__all_valid	NUDT4
HEME_METABOLISM	entry4.25_SOFA_D3__all_valid	EIF2AK1
HEME_METABOLISM	entry4.25_SOFA_D3__all_valid	RCL1
HEME_METABOLISM	entry4.25_SOFA_D3__all_valid	USP15
HEME_METABOLISM	entry4.25_SOFA_D3__all_valid	RAP1GAP
HEME_METABOLISM	entry4.25_SOFA_D3__all_valid	KDM7A
HEME_METABOLISM	entry4.25_SOFA_D3__all_valid	CA2
HEME_METABOLISM	entry4.25_SOFA_D3__all_valid	HDGF
HEME_METABOLISM	entry4.25_SOFA_D3__all_valid	MARCHF2
HEME_METABOLISM	entry4.25_SOFA_D3__all_valid	TNRC6B
HEME_METABOLISM	entry4.25_SOFA_D3__all_valid	RANBP10
HEME_METABOLISM	entry4.25_SOFA_D3__all_valid	SLC66A2
HEME_METABOLISM	entry4.25_SOFA_D3__all_valid	LMO2
HEME_METABOLISM	entry4.25_SOFA_D3__all_valid	RHD
HEME_METABOLISM	entry4.25_SOFA_D3__all_valid	TMCC2
HEME_METABOLISM	entry4.25_SOFA_D3__all_valid	ANK1
HEME_METABOLISM	entry4.25_SOFA_D3__all_valid	KEL
HEME_METABOLISM	entry4.25_SOFA_D3__all_valid	ARHGEF12
HEME_METABOLISM	entry4.25_SOFA_D3__all_valid	RBM5
HEME_METABOLISM	entry4.25_SOFA_D3__all_valid	SYNJ1
HEME_METABOLISM	entry4.25_SOFA_D3__all_valid	TAL1
HEME_METABOLISM	entry4.25_SOFA_D3__all_valid	BCAM
HEME_METABOLISM	entry4.25_SOFA_D3__all_valid	MARCHF8
HEME_METABOLISM	entry4.25_SOFA_D3__all_valid	KLF3
HEME_METABOLISM	entry4.25_SOFA_D3__all_valid	NEK7
HEME_METABOLISM	entry4.25_SOFA_D3__all_valid	DMTN
HEME_METABOLISM	entry4.25_SOFA_D3__all_valid	E2F2
HEME_METABOLISM	entry4.25_SOFA_D3__all_valid	RBM38
HEME_METABOLISM	entry4.25_SOFA_D3__all_valid	DCAF11
HEME_METABOLISM	entry4.25_SOFA_D3__all_valid	CTNS
HEME_METABOLISM	entry4.25_SOFA_D3__all_valid	EPOR
HEME_METABOLISM	entry4.25_SOFA_D3__all_valid	RNF19A
HEME_METABOLISM	entry4.25_SOFA_D3__all_valid	HTRA2
HEME_METABOLISM	entry4.25_SOFA_D3__all_valid	FN3K
HEME_METABOLISM	entry4.25_SOFA_D3__all_valid	GATA1
HEME_METABOLISM	entry4.25_SOFA_D3__all_valid	BTRC
HEME_METABOLISM	entry4.25_SOFA_D3__all_valid	RHCE
HEME_METABOLISM	entry4.25_SOFA_D3__all_valid	XPO7
HEME_METABOLISM	entry4.25_SOFA_D3__all_valid	KAT2B
HEME_METABOLISM	entry4.25_SOFA_D3__all_valid	CTSB
HEME_METABOLISM	entry4.25_SOFA_D3__all_valid	NFE2L1
HEME_METABOLISM	entry4.25_SOFA_D3__all_valid	TOP1
HEME_METABOLISM	entry4.25_SOFA_D3__all_valid	SLC6A8
HEME_METABOLISM	entry4.25_SOFA_D3__all_valid	FBXO7
HEME_METABOLISM	entry4.25_SOFA_D3__all_valid	DAAM1
HEME_METABOLISM	entry4.25_SOFA_D3__all_valid	UBAC1
HEME_METABOLISM	entry4.25_SOFA_D3__all_valid	TRIM58
HEME_METABOLISM	entry4.25_SOFA_D3__all_valid	YPEL5
HEME_METABOLISM	entry4.25_SOFA_D3__all_valid	HAGH
HEME_METABOLISM	entry4.25_SOFA_D3__all_valid	CLIC2
HEME_METABOLISM	entry4.25_SOFA_D3__all_valid	CCDC28A
HEME_METABOLISM	entry4.25_SOFA_D3__all_valid	MXI1
HEME_METABOLISM	entry4.25_SOFA_D3__all_valid	BSG
HEME_METABOLISM	entry4.25_SOFA_D3__all_valid	VEZF1
HEME_METABOLISM	entry4.25_SOFA_D3__all_valid	HMBS
HEME_METABOLISM	entry4.25_SOFA_D3__all_valid	CDC27
HEME_METABOLISM	entry4.25_SOFA_D3__all_valid	KLF1
HEME_METABOLISM	entry4.25_SOFA_D3__all_valid	CDR2
HEME_METABOLISM	entry4.25_SOFA_D3__all_valid	OSBP2
HEME_METABOLISM	entry4.25_SOFA_D3__all_valid	RNF123
HEME_METABOLISM	entry4.25_SOFA_D3__all_valid	XK
HEME_METABOLISM	entry4.25_SOFA_D3__all_valid	AGPAT4
HEME_METABOLISM	entry4.25_SOFA_D3__all_valid	MKRN1
HEME_METABOLISM	entry4.25_SOFA_D3__all_valid	SLC6A9
HEME_METABOLISM	entry4.25_SOFA_D3__all_valid	PDZK1IP1
HYPOXIA	entry4.25_SOFA_D3__all_valid	NDRG1
HYPOXIA	entry4.25_SOFA_D3__all_valid	PFKFB3
HYPOXIA	entry4.25_SOFA_D3__all_valid	FOSL2
HYPOXIA	entry4.25_SOFA_D3__all_valid	SLC2A3
HYPOXIA	entry4.25_SOFA_D3__all_valid	NFIL3
HYPOXIA	entry4.25_SOFA_D3__all_valid	AMPD3
HYPOXIA	entry4.25_SOFA_D3__all_valid	TPST2
HYPOXIA	entry4.25_SOFA_D3__all_valid	IRS2
HYPOXIA	entry4.25_SOFA_D3__all_valid	NDST2
HYPOXIA	entry4.25_SOFA_D3__all_valid	HK2
HYPOXIA	entry4.25_SOFA_D3__all_valid	RBPJ
HYPOXIA	entry4.25_SOFA_D3__all_valid	SLC6A6
HYPOXIA	entry4.25_SOFA_D3__all_valid	KLF7
HYPOXIA	entry4.25_SOFA_D3__all_valid	JMJD6
HYPOXIA	entry4.25_SOFA_D3__all_valid	KLF6
HYPOXIA	entry4.25_SOFA_D3__all_valid	PDK3
HYPOXIA	entry4.25_SOFA_D3__all_valid	P4HA2
HYPOXIA	entry4.25_SOFA_D3__all_valid	CCNG2
HYPOXIA	entry4.25_SOFA_D3__all_valid	RRAGD
HYPOXIA	entry4.25_SOFA_D3__all_valid	TIPARP
HYPOXIA	entry4.25_SOFA_D3__all_valid	PIM1
HYPOXIA	entry4.25_SOFA_D3__all_valid	PGM1
HYPOXIA	entry4.25_SOFA_D3__all_valid	SLC2A1
HYPOXIA	entry4.25_SOFA_D3__all_valid	ADM
HYPOXIA	entry4.25_SOFA_D3__all_valid	WSB1
HYPOXIA	entry4.25_SOFA_D3__all_valid	IDS
HYPOXIA	entry4.25_SOFA_D3__all_valid	EXT1
HYPOXIA	entry4.25_SOFA_D3__all_valid	FOXO3
HYPOXIA	entry4.25_SOFA_D3__all_valid	LDHA
HYPOXIA	entry4.25_SOFA_D3__all_valid	NR3C1
HYPOXIA	entry4.25_SOFA_D3__all_valid	PNRC1
HYPOXIA	entry4.25_SOFA_D3__all_valid	PGM2
HYPOXIA	entry4.25_SOFA_D3__all_valid	SERPINE1
HYPOXIA	entry4.25_SOFA_D3__all_valid	PPP1R15A
HYPOXIA	entry4.25_SOFA_D3__all_valid	PAM
HYPOXIA	entry4.25_SOFA_D3__all_valid	SIAH2
HYPOXIA	entry4.25_SOFA_D3__all_valid	ANKZF1
HYPOXIA	entry4.25_SOFA_D3__all_valid	TNFAIP3
HYPOXIA	entry4.25_SOFA_D3__all_valid	PGK1
HYPOXIA	entry4.25_SOFA_D3__all_valid	CDKN1B
HYPOXIA	entry4.25_SOFA_D3__all_valid	NDST1
HYPOXIA	entry4.25_SOFA_D3__all_valid	IER3
HYPOXIA	entry4.25_SOFA_D3__all_valid	CSRP2
HYPOXIA	entry4.25_SOFA_D3__all_valid	HK1
HYPOXIA	entry4.25_SOFA_D3__all_valid	MAP3K1
HYPOXIA	entry4.25_SOFA_D3__all_valid	SAP30
HYPOXIA	entry4.25_SOFA_D3__all_valid	DUSP1
HYPOXIA	entry4.25_SOFA_D3__all_valid	MYH9
HYPOXIA	entry4.25_SOFA_D3__all_valid	ALDOA
HYPOXIA	entry4.25_SOFA_D3__all_valid	CA12
HYPOXIA	entry4.25_SOFA_D3__all_valid	GBE1
HYPOXIA	entry4.25_SOFA_D3__all_valid	GAPDH
HYPOXIA	entry4.25_SOFA_D3__all_valid	PYGM
HYPOXIA	entry4.25_SOFA_D3__all_valid	PLAC8
HYPOXIA	entry4.25_SOFA_D3__all_valid	PRDX5
HYPOXIA	entry4.25_SOFA_D3__all_valid	TMEM45A
HYPOXIA	entry4.25_SOFA_D3__all_valid	PHKG1
HYPOXIA	entry4.25_SOFA_D3__all_valid	ZFP36
HYPOXIA	entry4.25_SOFA_D3__all_valid	GYS1
HYPOXIA	entry4.25_SOFA_D3__all_valid	GLRX
HYPOXIA	entry4.25_SOFA_D3__all_valid	ZNF292
HYPOXIA	entry4.25_SOFA_D3__all_valid	NEDD4L
HYPOXIA	entry4.25_SOFA_D3__all_valid	UGP2
HYPOXIA	entry4.25_SOFA_D3__all_valid	CITED2
HYPOXIA	entry4.25_SOFA_D3__all_valid	DDIT4
IL2_STAT5_SIGNALING	entry4.25_SOFA_D3__all_valid	CST7
IL2_STAT5_SIGNALING	entry4.25_SOFA_D3__all_valid	NDRG1
IL2_STAT5_SIGNALING	entry4.25_SOFA_D3__all_valid	MAPKAPK2
IL2_STAT5_SIGNALING	entry4.25_SOFA_D3__all_valid	IL1R2
IL2_STAT5_SIGNALING	entry4.25_SOFA_D3__all_valid	CCND3
IL2_STAT5_SIGNALING	entry4.25_SOFA_D3__all_valid	IGF1R
IL2_STAT5_SIGNALING	entry4.25_SOFA_D3__all_valid	SLC2A3
IL2_STAT5_SIGNALING	entry4.25_SOFA_D3__all_valid	NFIL3
IL2_STAT5_SIGNALING	entry4.25_SOFA_D3__all_valid	CKAP4
IL2_STAT5_SIGNALING	entry4.25_SOFA_D3__all_valid	PLSCR1
IL2_STAT5_SIGNALING	entry4.25_SOFA_D3__all_valid	FURIN
IL2_STAT5_SIGNALING	entry4.25_SOFA_D3__all_valid	SCN9A
IL2_STAT5_SIGNALING	entry4.25_SOFA_D3__all_valid	HK2
IL2_STAT5_SIGNALING	entry4.25_SOFA_D3__all_valid	HIPK2
IL2_STAT5_SIGNALING	entry4.25_SOFA_D3__all_valid	MXD1
IL2_STAT5_SIGNALING	entry4.25_SOFA_D3__all_valid	IL4R
IL2_STAT5_SIGNALING	entry4.25_SOFA_D3__all_valid	HYCC2
IL2_STAT5_SIGNALING	entry4.25_SOFA_D3__all_valid	IL18R1
IL2_STAT5_SIGNALING	entry4.25_SOFA_D3__all_valid	KLF6
IL2_STAT5_SIGNALING	entry4.25_SOFA_D3__all_valid	ALCAM
IL2_STAT5_SIGNALING	entry4.25_SOFA_D3__all_valid	IGF2R
IL2_STAT5_SIGNALING	entry4.25_SOFA_D3__all_valid	RRAGD
IL2_STAT5_SIGNALING	entry4.25_SOFA_D3__all_valid	PIM1
IL2_STAT5_SIGNALING	entry4.25_SOFA_D3__all_valid	ADAM19
IL2_STAT5_SIGNALING	entry4.25_SOFA_D3__all_valid	SELL
IL2_STAT5_SIGNALING	entry4.25_SOFA_D3__all_valid	DENND5A
IL2_STAT5_SIGNALING	entry4.25_SOFA_D3__all_valid	IFNGR1
IL2_STAT5_SIGNALING	entry4.25_SOFA_D3__all_valid	BATF
IL2_STAT5_SIGNALING	entry4.25_SOFA_D3__all_valid	CD44
IL2_STAT5_SIGNALING	entry4.25_SOFA_D3__all_valid	IFITM3
IL2_STAT5_SIGNALING	entry4.25_SOFA_D3__all_valid	PLEC
IL2_STAT5_SIGNALING	entry4.25_SOFA_D3__all_valid	SMPDL3A
IL2_STAT5_SIGNALING	entry4.25_SOFA_D3__all_valid	CAPG
IL2_STAT5_SIGNALING	entry4.25_SOFA_D3__all_valid	CAPN3
IL2_STAT5_SIGNALING	entry4.25_SOFA_D3__all_valid	IL1RL1
IL2_STAT5_SIGNALING	entry4.25_SOFA_D3__all_valid	CSF1
IL2_STAT5_SIGNALING	entry4.25_SOFA_D3__all_valid	MAP3K8
IL2_STAT5_SIGNALING	entry4.25_SOFA_D3__all_valid	ST3GAL4
IL2_STAT5_SIGNALING	entry4.25_SOFA_D3__all_valid	GLIPR2
IL2_STAT5_SIGNALING	entry4.25_SOFA_D3__all_valid	GADD45B
IL2_STAT5_SIGNALING	entry4.25_SOFA_D3__all_valid	GABARAPL1
IL2_STAT5_SIGNALING	entry4.25_SOFA_D3__all_valid	SLC39A8
IL2_STAT5_SIGNALING	entry4.25_SOFA_D3__all_valid	DCPS
IL2_STAT5_SIGNALING	entry4.25_SOFA_D3__all_valid	F2RL2
IL2_STAT5_SIGNALING	entry4.25_SOFA_D3__all_valid	SPRED2
IL2_STAT5_SIGNALING	entry4.25_SOFA_D3__all_valid	ETFBKMT
IL2_STAT5_SIGNALING	entry4.25_SOFA_D3__all_valid	CISH
IL2_STAT5_SIGNALING	entry4.25_SOFA_D3__all_valid	EMP1
IL6_JAK_STAT3_SIGNALING	entry4.25_SOFA_D3__all_valid	IL1R2
IL6_JAK_STAT3_SIGNALING	entry4.25_SOFA_D3__all_valid	IL1R1
IL6_JAK_STAT3_SIGNALING	entry4.25_SOFA_D3__all_valid	IL17RA
IL6_JAK_STAT3_SIGNALING	entry4.25_SOFA_D3__all_valid	STAT3
IL6_JAK_STAT3_SIGNALING	entry4.25_SOFA_D3__all_valid	SOCS3
IL6_JAK_STAT3_SIGNALING	entry4.25_SOFA_D3__all_valid	IFNAR1
IL6_JAK_STAT3_SIGNALING	entry4.25_SOFA_D3__all_valid	IL10RB
IL6_JAK_STAT3_SIGNALING	entry4.25_SOFA_D3__all_valid	TNFRSF1A
IL6_JAK_STAT3_SIGNALING	entry4.25_SOFA_D3__all_valid	ACVR1B
IL6_JAK_STAT3_SIGNALING	entry4.25_SOFA_D3__all_valid	IL4R
IL6_JAK_STAT3_SIGNALING	entry4.25_SOFA_D3__all_valid	IFNGR2
IL6_JAK_STAT3_SIGNALING	entry4.25_SOFA_D3__all_valid	IL18R1
IL6_JAK_STAT3_SIGNALING	entry4.25_SOFA_D3__all_valid	TLR2
IL6_JAK_STAT3_SIGNALING	entry4.25_SOFA_D3__all_valid	PTPN1
IL6_JAK_STAT3_SIGNALING	entry4.25_SOFA_D3__all_valid	PIM1
IL6_JAK_STAT3_SIGNALING	entry4.25_SOFA_D3__all_valid	CSF3R
IL6_JAK_STAT3_SIGNALING	entry4.25_SOFA_D3__all_valid	PDGFC
IL6_JAK_STAT3_SIGNALING	entry4.25_SOFA_D3__all_valid	CSF2RB
IL6_JAK_STAT3_SIGNALING	entry4.25_SOFA_D3__all_valid	IFNGR1
IL6_JAK_STAT3_SIGNALING	entry4.25_SOFA_D3__all_valid	CSF2RA
IL6_JAK_STAT3_SIGNALING	entry4.25_SOFA_D3__all_valid	CD44
IL6_JAK_STAT3_SIGNALING	entry4.25_SOFA_D3__all_valid	FAS
IL6_JAK_STAT3_SIGNALING	entry4.25_SOFA_D3__all_valid	CBL
IL6_JAK_STAT3_SIGNALING	entry4.25_SOFA_D3__all_valid	GRB2
IL6_JAK_STAT3_SIGNALING	entry4.25_SOFA_D3__all_valid	MYD88
IL6_JAK_STAT3_SIGNALING	entry4.25_SOFA_D3__all_valid	CSF1
IL6_JAK_STAT3_SIGNALING	entry4.25_SOFA_D3__all_valid	MAP3K8
IL6_JAK_STAT3_SIGNALING	entry4.25_SOFA_D3__all_valid	TGFB1
IL6_JAK_STAT3_SIGNALING	entry4.25_SOFA_D3__all_valid	IL13RA1
IL6_JAK_STAT3_SIGNALING	entry4.25_SOFA_D3__all_valid	PIK3R5
INFLAMMATORY_RESPONSE	entry4.25_SOFA_D3__all_valid	IL1R1
INFLAMMATORY_RESPONSE	entry4.25_SOFA_D3__all_valid	KIF1B
INFLAMMATORY_RESPONSE	entry4.25_SOFA_D3__all_valid	IL18RAP
INFLAMMATORY_RESPONSE	entry4.25_SOFA_D3__all_valid	IFNAR1
INFLAMMATORY_RESPONSE	entry4.25_SOFA_D3__all_valid	LYN
INFLAMMATORY_RESPONSE	entry4.25_SOFA_D3__all_valid	ACVR1B
INFLAMMATORY_RESPONSE	entry4.25_SOFA_D3__all_valid	PTPRE
INFLAMMATORY_RESPONSE	entry4.25_SOFA_D3__all_valid	MXD1
INFLAMMATORY_RESPONSE	entry4.25_SOFA_D3__all_valid	IL4R
INFLAMMATORY_RESPONSE	entry4.25_SOFA_D3__all_valid	LCP2
INFLAMMATORY_RESPONSE	entry4.25_SOFA_D3__all_valid	IFITM1
INFLAMMATORY_RESPONSE	entry4.25_SOFA_D3__all_valid	IFNGR2
INFLAMMATORY_RESPONSE	entry4.25_SOFA_D3__all_valid	PROK2
INFLAMMATORY_RESPONSE	entry4.25_SOFA_D3__all_valid	IL18R1
INFLAMMATORY_RESPONSE	entry4.25_SOFA_D3__all_valid	RHOG
INFLAMMATORY_RESPONSE	entry4.25_SOFA_D3__all_valid	FPR1
INFLAMMATORY_RESPONSE	entry4.25_SOFA_D3__all_valid	KLF6
INFLAMMATORY_RESPONSE	entry4.25_SOFA_D3__all_valid	AQP9
INFLAMMATORY_RESPONSE	entry4.25_SOFA_D3__all_valid	MEFV
INFLAMMATORY_RESPONSE	entry4.25_SOFA_D3__all_valid	TLR2
INFLAMMATORY_RESPONSE	entry4.25_SOFA_D3__all_valid	RNF144B
INFLAMMATORY_RESPONSE	entry4.25_SOFA_D3__all_valid	OSM
INFLAMMATORY_RESPONSE	entry4.25_SOFA_D3__all_valid	IRAK2
INFLAMMATORY_RESPONSE	entry4.25_SOFA_D3__all_valid	NFKB1
INFLAMMATORY_RESPONSE	entry4.25_SOFA_D3__all_valid	CD55
INFLAMMATORY_RESPONSE	entry4.25_SOFA_D3__all_valid	NFKBIA
INFLAMMATORY_RESPONSE	entry4.25_SOFA_D3__all_valid	CSF3R
INFLAMMATORY_RESPONSE	entry4.25_SOFA_D3__all_valid	SELL
INFLAMMATORY_RESPONSE	entry4.25_SOFA_D3__all_valid	CD82
INFLAMMATORY_RESPONSE	entry4.25_SOFA_D3__all_valid	LDLR
INFLAMMATORY_RESPONSE	entry4.25_SOFA_D3__all_valid	PSEN1
INFLAMMATORY_RESPONSE	entry4.25_SOFA_D3__all_valid	C3AR1
INFLAMMATORY_RESPONSE	entry4.25_SOFA_D3__all_valid	ADM
INFLAMMATORY_RESPONSE	entry4.25_SOFA_D3__all_valid	PTAFR
INFLAMMATORY_RESPONSE	entry4.25_SOFA_D3__all_valid	HIF1A
INFLAMMATORY_RESPONSE	entry4.25_SOFA_D3__all_valid	SEMA4D
INFLAMMATORY_RESPONSE	entry4.25_SOFA_D3__all_valid	NLRP3
INFLAMMATORY_RESPONSE	entry4.25_SOFA_D3__all_valid	SGMS2
INFLAMMATORY_RESPONSE	entry4.25_SOFA_D3__all_valid	RAF1
INFLAMMATORY_RESPONSE	entry4.25_SOFA_D3__all_valid	CSF1
INFLAMMATORY_RESPONSE	entry4.25_SOFA_D3__all_valid	TAPBP
INFLAMMATORY_RESPONSE	entry4.25_SOFA_D3__all_valid	ADGRE1
INFLAMMATORY_RESPONSE	entry4.25_SOFA_D3__all_valid	SERPINE1
INFLAMMATORY_RESPONSE	entry4.25_SOFA_D3__all_valid	PIK3R5
INFLAMMATORY_RESPONSE	entry4.25_SOFA_D3__all_valid	EIF2AK2
INFLAMMATORY_RESPONSE	entry4.25_SOFA_D3__all_valid	SLC31A2
INFLAMMATORY_RESPONSE	entry4.25_SOFA_D3__all_valid	FFAR2
INFLAMMATORY_RESPONSE	entry4.25_SOFA_D3__all_valid	KCNJ2
INFLAMMATORY_RESPONSE	entry4.25_SOFA_D3__all_valid	CLEC5A
INFLAMMATORY_RESPONSE	entry4.25_SOFA_D3__all_valid	GNAI3
INFLAMMATORY_RESPONSE	entry4.25_SOFA_D3__all_valid	NAMPT
INFLAMMATORY_RESPONSE	entry4.25_SOFA_D3__all_valid	TLR1
INFLAMMATORY_RESPONSE	entry4.25_SOFA_D3__all_valid	HPN
INFLAMMATORY_RESPONSE	entry4.25_SOFA_D3__all_valid	ICAM1
INFLAMMATORY_RESPONSE	entry4.25_SOFA_D3__all_valid	NOD2
INTERFERON_ALPHA_RESPONSE	entry4.25_SOFA_D3__all_valid	TRIM25
INTERFERON_ALPHA_RESPONSE	entry4.25_SOFA_D3__all_valid	PLSCR1
INTERFERON_ALPHA_RESPONSE	entry4.25_SOFA_D3__all_valid	ADAR
INTERFERON_ALPHA_RESPONSE	entry4.25_SOFA_D3__all_valid	IL4R
INTERFERON_ALPHA_RESPONSE	entry4.25_SOFA_D3__all_valid	IFITM1
INTERFERON_ALPHA_RESPONSE	entry4.25_SOFA_D3__all_valid	IFITM2
INTERFERON_ALPHA_RESPONSE	entry4.25_SOFA_D3__all_valid	IRF2
INTERFERON_ALPHA_RESPONSE	entry4.25_SOFA_D3__all_valid	SELL
INTERFERON_ALPHA_RESPONSE	entry4.25_SOFA_D3__all_valid	TRAFD1
INTERFERON_ALPHA_RESPONSE	entry4.25_SOFA_D3__all_valid	TMEM140
INTERFERON_ALPHA_RESPONSE	entry4.25_SOFA_D3__all_valid	TRIM21
INTERFERON_ALPHA_RESPONSE	entry4.25_SOFA_D3__all_valid	IFITM3
INTERFERON_ALPHA_RESPONSE	entry4.25_SOFA_D3__all_valid	CSF1
INTERFERON_ALPHA_RESPONSE	entry4.25_SOFA_D3__all_valid	TRIM5
INTERFERON_ALPHA_RESPONSE	entry4.25_SOFA_D3__all_valid	PARP9
INTERFERON_ALPHA_RESPONSE	entry4.25_SOFA_D3__all_valid	EIF2AK2
INTERFERON_ALPHA_RESPONSE	entry4.25_SOFA_D3__all_valid	IRF9
INTERFERON_ALPHA_RESPONSE	entry4.25_SOFA_D3__all_valid	TDRD7
INTERFERON_ALPHA_RESPONSE	entry4.25_SOFA_D3__all_valid	GMPR
INTERFERON_ALPHA_RESPONSE	entry4.25_SOFA_D3__all_valid	SP110
INTERFERON_ALPHA_RESPONSE	entry4.25_SOFA_D3__all_valid	HELZ2
INTERFERON_ALPHA_RESPONSE	entry4.25_SOFA_D3__all_valid	GBP2
INTERFERON_ALPHA_RESPONSE	entry4.25_SOFA_D3__all_valid	TAP1
INTERFERON_ALPHA_RESPONSE	entry4.25_SOFA_D3__all_valid	IRF1
INTERFERON_ALPHA_RESPONSE	entry4.25_SOFA_D3__all_valid	NMI
INTERFERON_ALPHA_RESPONSE	entry4.25_SOFA_D3__all_valid	SLC25A28
INTERFERON_ALPHA_RESPONSE	entry4.25_SOFA_D3__all_valid	OGFR
INTERFERON_ALPHA_RESPONSE	entry4.25_SOFA_D3__all_valid	TXNIP
INTERFERON_ALPHA_RESPONSE	entry4.25_SOFA_D3__all_valid	HLA-C
INTERFERON_ALPHA_RESPONSE	entry4.25_SOFA_D3__all_valid	IRF7
INTERFERON_ALPHA_RESPONSE	entry4.25_SOFA_D3__all_valid	RNF31
INTERFERON_ALPHA_RESPONSE	entry4.25_SOFA_D3__all_valid	BATF2
INTERFERON_ALPHA_RESPONSE	entry4.25_SOFA_D3__all_valid	MOV10
INTERFERON_GAMMA_RESPONSE	entry4.25_SOFA_D3__all_valid	TRIM25
INTERFERON_GAMMA_RESPONSE	entry4.25_SOFA_D3__all_valid	UPP1
INTERFERON_GAMMA_RESPONSE	entry4.25_SOFA_D3__all_valid	STAT3
INTERFERON_GAMMA_RESPONSE	entry4.25_SOFA_D3__all_valid	LATS2
INTERFERON_GAMMA_RESPONSE	entry4.25_SOFA_D3__all_valid	EIF4E3
INTERFERON_GAMMA_RESPONSE	entry4.25_SOFA_D3__all_valid	PLSCR1
INTERFERON_GAMMA_RESPONSE	entry4.25_SOFA_D3__all_valid	SOCS3
INTERFERON_GAMMA_RESPONSE	entry4.25_SOFA_D3__all_valid	ADAR
INTERFERON_GAMMA_RESPONSE	entry4.25_SOFA_D3__all_valid	IL4R
INTERFERON_GAMMA_RESPONSE	entry4.25_SOFA_D3__all_valid	LCP2
INTERFERON_GAMMA_RESPONSE	entry4.25_SOFA_D3__all_valid	FPR1
INTERFERON_GAMMA_RESPONSE	entry4.25_SOFA_D3__all_valid	NLRC5
INTERFERON_GAMMA_RESPONSE	entry4.25_SOFA_D3__all_valid	PTPN1
INTERFERON_GAMMA_RESPONSE	entry4.25_SOFA_D3__all_valid	NFKB1
INTERFERON_GAMMA_RESPONSE	entry4.25_SOFA_D3__all_valid	PIM1
INTERFERON_GAMMA_RESPONSE	entry4.25_SOFA_D3__all_valid	NFKBIA
INTERFERON_GAMMA_RESPONSE	entry4.25_SOFA_D3__all_valid	IFITM2
INTERFERON_GAMMA_RESPONSE	entry4.25_SOFA_D3__all_valid	IRF2
INTERFERON_GAMMA_RESPONSE	entry4.25_SOFA_D3__all_valid	TRAFD1
INTERFERON_GAMMA_RESPONSE	entry4.25_SOFA_D3__all_valid	CSF2RB
INTERFERON_GAMMA_RESPONSE	entry4.25_SOFA_D3__all_valid	ZNFX1
INTERFERON_GAMMA_RESPONSE	entry4.25_SOFA_D3__all_valid	TRIM21
INTERFERON_GAMMA_RESPONSE	entry4.25_SOFA_D3__all_valid	IFITM3
INTERFERON_GAMMA_RESPONSE	entry4.25_SOFA_D3__all_valid	HIF1A
INTERFERON_GAMMA_RESPONSE	entry4.25_SOFA_D3__all_valid	FAS
INTERFERON_GAMMA_RESPONSE	entry4.25_SOFA_D3__all_valid	JAK2
INTERFERON_GAMMA_RESPONSE	entry4.25_SOFA_D3__all_valid	MYD88
INTERFERON_GAMMA_RESPONSE	entry4.25_SOFA_D3__all_valid	TAPBP
INTERFERON_GAMMA_RESPONSE	entry4.25_SOFA_D3__all_valid	TMT1B
INTERFERON_GAMMA_RESPONSE	entry4.25_SOFA_D3__all_valid	MVP
INTERFERON_GAMMA_RESPONSE	entry4.25_SOFA_D3__all_valid	CD274
INTERFERON_GAMMA_RESPONSE	entry4.25_SOFA_D3__all_valid	PTPN6
INTERFERON_GAMMA_RESPONSE	entry4.25_SOFA_D3__all_valid	TNFAIP3
INTERFERON_GAMMA_RESPONSE	entry4.25_SOFA_D3__all_valid	EIF2AK2
INTERFERON_GAMMA_RESPONSE	entry4.25_SOFA_D3__all_valid	PELI1
INTERFERON_GAMMA_RESPONSE	entry4.25_SOFA_D3__all_valid	ARID5B
INTERFERON_GAMMA_RESPONSE	entry4.25_SOFA_D3__all_valid	RNF213
INTERFERON_GAMMA_RESPONSE	entry4.25_SOFA_D3__all_valid	RIPK1
INTERFERON_GAMMA_RESPONSE	entry4.25_SOFA_D3__all_valid	TOR1B
INTERFERON_GAMMA_RESPONSE	entry4.25_SOFA_D3__all_valid	NAMPT
INTERFERON_GAMMA_RESPONSE	entry4.25_SOFA_D3__all_valid	IRF9
INTERFERON_GAMMA_RESPONSE	entry4.25_SOFA_D3__all_valid	TDRD7
INTERFERON_GAMMA_RESPONSE	entry4.25_SOFA_D3__all_valid	CASP4
INTERFERON_GAMMA_RESPONSE	entry4.25_SOFA_D3__all_valid	C1R
INTERFERON_GAMMA_RESPONSE	entry4.25_SOFA_D3__all_valid	FCGR1A
INTERFERON_GAMMA_RESPONSE	entry4.25_SOFA_D3__all_valid	ICAM1
INTERFERON_GAMMA_RESPONSE	entry4.25_SOFA_D3__all_valid	SP110
INTERFERON_GAMMA_RESPONSE	entry4.25_SOFA_D3__all_valid	SOCS1
INTERFERON_GAMMA_RESPONSE	entry4.25_SOFA_D3__all_valid	IFNAR2
INTERFERON_GAMMA_RESPONSE	entry4.25_SOFA_D3__all_valid	HELZ2
INTERFERON_GAMMA_RESPONSE	entry4.25_SOFA_D3__all_valid	TAP1
INTERFERON_GAMMA_RESPONSE	entry4.25_SOFA_D3__all_valid	MX2
INTERFERON_GAMMA_RESPONSE	entry4.25_SOFA_D3__all_valid	IRF1
INTERFERON_GAMMA_RESPONSE	entry4.25_SOFA_D3__all_valid	NMI
INTERFERON_GAMMA_RESPONSE	entry4.25_SOFA_D3__all_valid	RBCK1
INTERFERON_GAMMA_RESPONSE	entry4.25_SOFA_D3__all_valid	TNFAIP6
INTERFERON_GAMMA_RESPONSE	entry4.25_SOFA_D3__all_valid	SLC25A28
INTERFERON_GAMMA_RESPONSE	entry4.25_SOFA_D3__all_valid	OGFR
INTERFERON_GAMMA_RESPONSE	entry4.25_SOFA_D3__all_valid	PML
INTERFERON_GAMMA_RESPONSE	entry4.25_SOFA_D3__all_valid	SPPL2A
INTERFERON_GAMMA_RESPONSE	entry4.25_SOFA_D3__all_valid	TNFSF10
INTERFERON_GAMMA_RESPONSE	entry4.25_SOFA_D3__all_valid	TXNIP
INTERFERON_GAMMA_RESPONSE	entry4.25_SOFA_D3__all_valid	SELP
INTERFERON_GAMMA_RESPONSE	entry4.25_SOFA_D3__all_valid	ST8SIA4
KRAS_SIGNALING_DN	entry4.25_SOFA_D3__all_valid	ZBTB16
KRAS_SIGNALING_DN	entry4.25_SOFA_D3__all_valid	PTPRJ
KRAS_SIGNALING_DN	entry4.25_SOFA_D3__all_valid	ASB7
KRAS_SIGNALING_DN	entry4.25_SOFA_D3__all_valid	ENTPD7
KRAS_SIGNALING_DN	entry4.25_SOFA_D3__all_valid	CPEB3
KRAS_SIGNALING_DN	entry4.25_SOFA_D3__all_valid	TG
KRAS_SIGNALING_DN	entry4.25_SOFA_D3__all_valid	MEFV
KRAS_SIGNALING_DN	entry4.25_SOFA_D3__all_valid	CCNA1
KRAS_SIGNALING_DN	entry4.25_SOFA_D3__all_valid	STAG3
KRAS_SIGNALING_DN	entry4.25_SOFA_D3__all_valid	KCND1
KRAS_SIGNALING_DN	entry4.25_SOFA_D3__all_valid	MAST3
KRAS_SIGNALING_DN	entry4.25_SOFA_D3__all_valid	NR6A1
KRAS_SIGNALING_DN	entry4.25_SOFA_D3__all_valid	PTGFR
KRAS_SIGNALING_DN	entry4.25_SOFA_D3__all_valid	HSD11B2
KRAS_SIGNALING_DN	entry4.25_SOFA_D3__all_valid	KMT2D
KRAS_SIGNALING_DN	entry4.25_SOFA_D3__all_valid	BARD1
KRAS_SIGNALING_UP	entry4.25_SOFA_D3__all_valid	MMP9
KRAS_SIGNALING_UP	entry4.25_SOFA_D3__all_valid	ARG1
KRAS_SIGNALING_UP	entry4.25_SOFA_D3__all_valid	LAT2
KRAS_SIGNALING_UP	entry4.25_SOFA_D3__all_valid	AVL9
KRAS_SIGNALING_UP	entry4.25_SOFA_D3__all_valid	CDADC1
KRAS_SIGNALING_UP	entry4.25_SOFA_D3__all_valid	GALNT3
KRAS_SIGNALING_UP	entry4.25_SOFA_D3__all_valid	TLR8
KRAS_SIGNALING_UP	entry4.25_SOFA_D3__all_valid	C3AR1
KRAS_SIGNALING_UP	entry4.25_SOFA_D3__all_valid	CSF2RA
KRAS_SIGNALING_UP	entry4.25_SOFA_D3__all_valid	DOCK2
KRAS_SIGNALING_UP	entry4.25_SOFA_D3__all_valid	TOR1AIP2
KRAS_SIGNALING_UP	entry4.25_SOFA_D3__all_valid	F2RL1
KRAS_SIGNALING_UP	entry4.25_SOFA_D3__all_valid	LCP1
KRAS_SIGNALING_UP	entry4.25_SOFA_D3__all_valid	CBL
KRAS_SIGNALING_UP	entry4.25_SOFA_D3__all_valid	PTBP2
KRAS_SIGNALING_UP	entry4.25_SOFA_D3__all_valid	NIN
KRAS_SIGNALING_UP	entry4.25_SOFA_D3__all_valid	PPP1R15A
KRAS_SIGNALING_UP	entry4.25_SOFA_D3__all_valid	ADAM17
KRAS_SIGNALING_UP	entry4.25_SOFA_D3__all_valid	GADD45G
KRAS_SIGNALING_UP	entry4.25_SOFA_D3__all_valid	TNFAIP3
KRAS_SIGNALING_UP	entry4.25_SOFA_D3__all_valid	MAP3K1
KRAS_SIGNALING_UP	entry4.25_SOFA_D3__all_valid	TRIB1
KRAS_SIGNALING_UP	entry4.25_SOFA_D3__all_valid	MTMR10
KRAS_SIGNALING_UP	entry4.25_SOFA_D3__all_valid	EMP1
KRAS_SIGNALING_UP	entry4.25_SOFA_D3__all_valid	ADAM8
KRAS_SIGNALING_UP	entry4.25_SOFA_D3__all_valid	LY96
KRAS_SIGNALING_UP	entry4.25_SOFA_D3__all_valid	TFPI
KRAS_SIGNALING_UP	entry4.25_SOFA_D3__all_valid	CA2
KRAS_SIGNALING_UP	entry4.25_SOFA_D3__all_valid	ALDH1A2
KRAS_SIGNALING_UP	entry4.25_SOFA_D3__all_valid	ITGB2
KRAS_SIGNALING_UP	entry4.25_SOFA_D3__all_valid	IKZF1
KRAS_SIGNALING_UP	entry4.25_SOFA_D3__all_valid	SPRY2
KRAS_SIGNALING_UP	entry4.25_SOFA_D3__all_valid	FCER1G
KRAS_SIGNALING_UP	entry4.25_SOFA_D3__all_valid	GLRX
KRAS_SIGNALING_UP	entry4.25_SOFA_D3__all_valid	RETN
KRAS_SIGNALING_UP	entry4.25_SOFA_D3__all_valid	LAPTM5
MITOTIC_SPINDLE	entry4.25_SOFA_D3__all_valid	CDK5RAP2
MITOTIC_SPINDLE	entry4.25_SOFA_D3__all_valid	KIF1B
MITOTIC_SPINDLE	entry4.25_SOFA_D3__all_valid	CLASP1
MITOTIC_SPINDLE	entry4.25_SOFA_D3__all_valid	RANBP9
MITOTIC_SPINDLE	entry4.25_SOFA_D3__all_valid	TUBA4A
MITOTIC_SPINDLE	entry4.25_SOFA_D3__all_valid	ARL8A
MITOTIC_SPINDLE	entry4.25_SOFA_D3__all_valid	AKAP13
MITOTIC_SPINDLE	entry4.25_SOFA_D3__all_valid	FGD4
MITOTIC_SPINDLE	entry4.25_SOFA_D3__all_valid	PREX1
MITOTIC_SPINDLE	entry4.25_SOFA_D3__all_valid	GSN
MITOTIC_SPINDLE	entry4.25_SOFA_D3__all_valid	KLC1
MITOTIC_SPINDLE	entry4.25_SOFA_D3__all_valid	KIF3C
MITOTIC_SPINDLE	entry4.25_SOFA_D3__all_valid	CDC42EP2
MITOTIC_SPINDLE	entry4.25_SOFA_D3__all_valid	PPP4R2
MITOTIC_SPINDLE	entry4.25_SOFA_D3__all_valid	SSH2
MITOTIC_SPINDLE	entry4.25_SOFA_D3__all_valid	WASF2
MITOTIC_SPINDLE	entry4.25_SOFA_D3__all_valid	SPTBN1
MITOTIC_SPINDLE	entry4.25_SOFA_D3__all_valid	LMNB1
MITOTIC_SPINDLE	entry4.25_SOFA_D3__all_valid	ARHGEF11
MITOTIC_SPINDLE	entry4.25_SOFA_D3__all_valid	CSNK1D
MITOTIC_SPINDLE	entry4.25_SOFA_D3__all_valid	PAFAH1B1
MITOTIC_SPINDLE	entry4.25_SOFA_D3__all_valid	DOCK2
MITOTIC_SPINDLE	entry4.25_SOFA_D3__all_valid	CNTROB
MITOTIC_SPINDLE	entry4.25_SOFA_D3__all_valid	ROCK1
MITOTIC_SPINDLE	entry4.25_SOFA_D3__all_valid	PXN
MITOTIC_SPINDLE	entry4.25_SOFA_D3__all_valid	RASA2
MITOTIC_SPINDLE	entry4.25_SOFA_D3__all_valid	CDC42EP4
MITOTIC_SPINDLE	entry4.25_SOFA_D3__all_valid	NCK2
MITOTIC_SPINDLE	entry4.25_SOFA_D3__all_valid	NF1
MITOTIC_SPINDLE	entry4.25_SOFA_D3__all_valid	NIN
MITOTIC_SPINDLE	entry4.25_SOFA_D3__all_valid	CLIP1
MITOTIC_SPINDLE	entry4.25_SOFA_D3__all_valid	NOTCH2
MITOTIC_SPINDLE	entry4.25_SOFA_D3__all_valid	STAU1
MITOTIC_SPINDLE	entry4.25_SOFA_D3__all_valid	RALBP1
MITOTIC_SPINDLE	entry4.25_SOFA_D3__all_valid	ARFGEF1
MITOTIC_SPINDLE	entry4.25_SOFA_D3__all_valid	MYH9
MITOTIC_SPINDLE	entry4.25_SOFA_D3__all_valid	CDC42BPA
MITOTIC_SPINDLE	entry4.25_SOFA_D3__all_valid	NEDD9
MITOTIC_SPINDLE	entry4.25_SOFA_D3__all_valid	ARHGEF2
MITOTIC_SPINDLE	entry4.25_SOFA_D3__all_valid	CAPZB
MITOTIC_SPINDLE	entry4.25_SOFA_D3__all_valid	CDC42EP1
MITOTIC_SPINDLE	entry4.25_SOFA_D3__all_valid	MARCKS
MITOTIC_SPINDLE	entry4.25_SOFA_D3__all_valid	TUBD1
MITOTIC_SPINDLE	entry4.25_SOFA_D3__all_valid	CDC42
MITOTIC_SPINDLE	entry4.25_SOFA_D3__all_valid	FLNB
MITOTIC_SPINDLE	entry4.25_SOFA_D3__all_valid	RASA1
MITOTIC_SPINDLE	entry4.25_SOFA_D3__all_valid	ITSN1
MITOTIC_SPINDLE	entry4.25_SOFA_D3__all_valid	KPTN
MITOTIC_SPINDLE	entry4.25_SOFA_D3__all_valid	APC
MITOTIC_SPINDLE	entry4.25_SOFA_D3__all_valid	MARK4
MITOTIC_SPINDLE	entry4.25_SOFA_D3__all_valid	ABR
MITOTIC_SPINDLE	entry4.25_SOFA_D3__all_valid	ACTN4
MITOTIC_SPINDLE	entry4.25_SOFA_D3__all_valid	ARHGAP27
MITOTIC_SPINDLE	entry4.25_SOFA_D3__all_valid	ECT2
MITOTIC_SPINDLE	entry4.25_SOFA_D3__all_valid	ARHGEF12
MITOTIC_SPINDLE	entry4.25_SOFA_D3__all_valid	KIF4A
MITOTIC_SPINDLE	entry4.25_SOFA_D3__all_valid	ABI1
MITOTIC_SPINDLE	entry4.25_SOFA_D3__all_valid	PRC1
MITOTIC_SPINDLE	entry4.25_SOFA_D3__all_valid	TTK
MITOTIC_SPINDLE	entry4.25_SOFA_D3__all_valid	KIF11
MITOTIC_SPINDLE	entry4.25_SOFA_D3__all_valid	MYH10
MITOTIC_SPINDLE	entry4.25_SOFA_D3__all_valid	VCL
MITOTIC_SPINDLE	entry4.25_SOFA_D3__all_valid	MAP1S
MITOTIC_SPINDLE	entry4.25_SOFA_D3__all_valid	MYO9B
MITOTIC_SPINDLE	entry4.25_SOFA_D3__all_valid	KIF5B
MITOTIC_SPINDLE	entry4.25_SOFA_D3__all_valid	CYTH2
MITOTIC_SPINDLE	entry4.25_SOFA_D3__all_valid	ARAP3
MITOTIC_SPINDLE	entry4.25_SOFA_D3__all_valid	TAOK2
MITOTIC_SPINDLE	entry4.25_SOFA_D3__all_valid	HDAC6
MITOTIC_SPINDLE	entry4.25_SOFA_D3__all_valid	PDLIM5
MITOTIC_SPINDLE	entry4.25_SOFA_D3__all_valid	MAP3K11
MITOTIC_SPINDLE	entry4.25_SOFA_D3__all_valid	TLK1
MITOTIC_SPINDLE	entry4.25_SOFA_D3__all_valid	TUBGCP3
MITOTIC_SPINDLE	entry4.25_SOFA_D3__all_valid	CEP192
MITOTIC_SPINDLE	entry4.25_SOFA_D3__all_valid	TUBGCP2
MITOTIC_SPINDLE	entry4.25_SOFA_D3__all_valid	KIF23
MITOTIC_SPINDLE	entry4.25_SOFA_D3__all_valid	DYNLL2
MITOTIC_SPINDLE	entry4.25_SOFA_D3__all_valid	SOS1
MITOTIC_SPINDLE	entry4.25_SOFA_D3__all_valid	BCR
MITOTIC_SPINDLE	entry4.25_SOFA_D3__all_valid	KATNB1
MITOTIC_SPINDLE	entry4.25_SOFA_D3__all_valid	AURKA
MITOTIC_SPINDLE	entry4.25_SOFA_D3__all_valid	ARHGDIA
MITOTIC_SPINDLE	entry4.25_SOFA_D3__all_valid	RAB3GAP1
MITOTIC_SPINDLE	entry4.25_SOFA_D3__all_valid	KIF15
MITOTIC_SPINDLE	entry4.25_SOFA_D3__all_valid	CLIP2
MITOTIC_SPINDLE	entry4.25_SOFA_D3__all_valid	SUN2
MITOTIC_SPINDLE	entry4.25_SOFA_D3__all_valid	WASF1
MITOTIC_SPINDLE	entry4.25_SOFA_D3__all_valid	MAPRE1
MITOTIC_SPINDLE	entry4.25_SOFA_D3__all_valid	ARHGEF7
MITOTIC_SPINDLE	entry4.25_SOFA_D3__all_valid	NUSAP1
MTORC1_SIGNALING	entry4.25_SOFA_D3__all_valid	UFM1
MTORC1_SIGNALING	entry4.25_SOFA_D3__all_valid	FGL2
MTORC1_SIGNALING	entry4.25_SOFA_D3__all_valid	GTF2H1
MTORC1_SIGNALING	entry4.25_SOFA_D3__all_valid	ATP5MC1
MTORC1_SIGNALING	entry4.25_SOFA_D3__all_valid	EEF1E1
MTORC1_SIGNALING	entry4.25_SOFA_D3__all_valid	PPIA
MTORC1_SIGNALING	entry4.25_SOFA_D3__all_valid	HSPA9
MTORC1_SIGNALING	entry4.25_SOFA_D3__all_valid	HSPD1
MTORC1_SIGNALING	entry4.25_SOFA_D3__all_valid	GGA2
MTORC1_SIGNALING	entry4.25_SOFA_D3__all_valid	M6PR
MTORC1_SIGNALING	entry4.25_SOFA_D3__all_valid	HSP90B1
MTORC1_SIGNALING	entry4.25_SOFA_D3__all_valid	PSMD14
MTORC1_SIGNALING	entry4.25_SOFA_D3__all_valid	EPRS1
MTORC1_SIGNALING	entry4.25_SOFA_D3__all_valid	PSMC2
MTORC1_SIGNALING	entry4.25_SOFA_D3__all_valid	SHMT2
MTORC1_SIGNALING	entry4.25_SOFA_D3__all_valid	SLC37A4
MTORC1_SIGNALING	entry4.25_SOFA_D3__all_valid	CACYBP
MTORC1_SIGNALING	entry4.25_SOFA_D3__all_valid	MTHFD2L
MTORC1_SIGNALING	entry4.25_SOFA_D3__all_valid	MLLT11
MTORC1_SIGNALING	entry4.25_SOFA_D3__all_valid	TCEA1
MTORC1_SIGNALING	entry4.25_SOFA_D3__all_valid	IMMT
MTORC1_SIGNALING	entry4.25_SOFA_D3__all_valid	PRDX1
MTORC1_SIGNALING	entry4.25_SOFA_D3__all_valid	STARD4
MTORC1_SIGNALING	entry4.25_SOFA_D3__all_valid	USO1
MTORC1_SIGNALING	entry4.25_SOFA_D3__all_valid	CYB5B
MTORC1_SIGNALING	entry4.25_SOFA_D3__all_valid	SC5D
MTORC1_SIGNALING	entry4.25_SOFA_D3__all_valid	INSIG1
MTORC1_SIGNALING	entry4.25_SOFA_D3__all_valid	SEC11A
MTORC1_SIGNALING	entry4.25_SOFA_D3__all_valid	NUP205
MTORC1_SIGNALING	entry4.25_SOFA_D3__all_valid	HSPA4
MTORC1_SIGNALING	entry4.25_SOFA_D3__all_valid	RRP9
MTORC1_SIGNALING	entry4.25_SOFA_D3__all_valid	CXCR4
MTORC1_SIGNALING	entry4.25_SOFA_D3__all_valid	SSR1
MTORC1_SIGNALING	entry4.25_SOFA_D3__all_valid	PITPNB
MTORC1_SIGNALING	entry4.25_SOFA_D3__all_valid	SORD
MTORC1_SIGNALING	entry4.25_SOFA_D3__all_valid	SYTL2
MTORC1_SIGNALING	entry4.25_SOFA_D3__all_valid	PPA1
MTORC1_SIGNALING	entry4.25_SOFA_D3__all_valid	UCHL5
MTORC1_SIGNALING	entry4.25_SOFA_D3__all_valid	CANX
MTORC1_SIGNALING	entry4.25_SOFA_D3__all_valid	RPA1
MTORC1_SIGNALING	entry4.25_SOFA_D3__all_valid	PSMA3
MTORC1_SIGNALING	entry4.25_SOFA_D3__all_valid	ARPC5L
MTORC1_SIGNALING	entry4.25_SOFA_D3__all_valid	XBP1
MTORC1_SIGNALING	entry4.25_SOFA_D3__all_valid	HMGCS1
MTORC1_SIGNALING	entry4.25_SOFA_D3__all_valid	PHGDH
MTORC1_SIGNALING	entry4.25_SOFA_D3__all_valid	CCT6A
MTORC1_SIGNALING	entry4.25_SOFA_D3__all_valid	FKBP2
MTORC1_SIGNALING	entry4.25_SOFA_D3__all_valid	EBP
MTORC1_SIGNALING	entry4.25_SOFA_D3__all_valid	QDPR
MTORC1_SIGNALING	entry4.25_SOFA_D3__all_valid	EDEM1
MTORC1_SIGNALING	entry4.25_SOFA_D3__all_valid	HSPE1
MTORC1_SIGNALING	entry4.25_SOFA_D3__all_valid	SERPINH1
MTORC1_SIGNALING	entry4.25_SOFA_D3__all_valid	EIF2S2
MTORC1_SIGNALING	entry4.25_SOFA_D3__all_valid	PSMG1
MTORC1_SIGNALING	entry4.25_SOFA_D3__all_valid	SDF2L1
MTORC1_SIGNALING	entry4.25_SOFA_D3__all_valid	NUFIP1
MTORC1_SIGNALING	entry4.25_SOFA_D3__all_valid	RPN1
MTORC1_SIGNALING	entry4.25_SOFA_D3__all_valid	CALR
MYC_TARGETS_V1	entry4.25_SOFA_D3__all_valid	DDX18
MYC_TARGETS_V1	entry4.25_SOFA_D3__all_valid	SRSF7
MYC_TARGETS_V1	entry4.25_SOFA_D3__all_valid	BUB3
MYC_TARGETS_V1	entry4.25_SOFA_D3__all_valid	SYNCRIP
MYC_TARGETS_V1	entry4.25_SOFA_D3__all_valid	HNRNPR
MYC_TARGETS_V1	entry4.25_SOFA_D3__all_valid	SNRPA1
MYC_TARGETS_V1	entry4.25_SOFA_D3__all_valid	ABCE1
MYC_TARGETS_V1	entry4.25_SOFA_D3__all_valid	NPM1
MYC_TARGETS_V1	entry4.25_SOFA_D3__all_valid	G3BP1
MYC_TARGETS_V1	entry4.25_SOFA_D3__all_valid	RPL34
MYC_TARGETS_V1	entry4.25_SOFA_D3__all_valid	EEF1B2
MYC_TARGETS_V1	entry4.25_SOFA_D3__all_valid	FBL
MYC_TARGETS_V1	entry4.25_SOFA_D3__all_valid	TOMM70
MYC_TARGETS_V1	entry4.25_SOFA_D3__all_valid	RPL22
MYC_TARGETS_V1	entry4.25_SOFA_D3__all_valid	CLNS1A
MYC_TARGETS_V1	entry4.25_SOFA_D3__all_valid	MAD2L1
MYC_TARGETS_V1	entry4.25_SOFA_D3__all_valid	MRPS18B
MYC_TARGETS_V1	entry4.25_SOFA_D3__all_valid	NOP56
MYC_TARGETS_V1	entry4.25_SOFA_D3__all_valid	SET
MYC_TARGETS_V1	entry4.25_SOFA_D3__all_valid	RPL6
MYC_TARGETS_V1	entry4.25_SOFA_D3__all_valid	RAN
MYC_TARGETS_V1	entry4.25_SOFA_D3__all_valid	CCT4
MYC_TARGETS_V1	entry4.25_SOFA_D3__all_valid	RPS5
MYC_TARGETS_V1	entry4.25_SOFA_D3__all_valid	RPS2
MYC_TARGETS_V1	entry4.25_SOFA_D3__all_valid	RPLP0
MYC_TARGETS_V1	entry4.25_SOFA_D3__all_valid	SNRPD2
MYC_TARGETS_V1	entry4.25_SOFA_D3__all_valid	PPIA
MYC_TARGETS_V1	entry4.25_SOFA_D3__all_valid	NDUFAB1
MYC_TARGETS_V1	entry4.25_SOFA_D3__all_valid	DDX21
MYC_TARGETS_V1	entry4.25_SOFA_D3__all_valid	ILF2
MYC_TARGETS_V1	entry4.25_SOFA_D3__all_valid	HSPD1
MYC_TARGETS_V1	entry4.25_SOFA_D3__all_valid	APEX1
MYC_TARGETS_V1	entry4.25_SOFA_D3__all_valid	RPS6
MYC_TARGETS_V1	entry4.25_SOFA_D3__all_valid	SSBP1
MYC_TARGETS_V1	entry4.25_SOFA_D3__all_valid	MYC
MYC_TARGETS_V1	entry4.25_SOFA_D3__all_valid	RSL1D1
MYC_TARGETS_V1	entry4.25_SOFA_D3__all_valid	RPS10
MYC_TARGETS_V1	entry4.25_SOFA_D3__all_valid	EIF3D
MYC_TARGETS_V1	entry4.25_SOFA_D3__all_valid	GLO1
MYC_TARGETS_V1	entry4.25_SOFA_D3__all_valid	CCT2
MYC_TARGETS_V1	entry4.25_SOFA_D3__all_valid	STARD7
MYC_TARGETS_V1	entry4.25_SOFA_D3__all_valid	PSMD14
MYC_TARGETS_V1	entry4.25_SOFA_D3__all_valid	EPRS1
MYC_TARGETS_V1	entry4.25_SOFA_D3__all_valid	VDAC1
MYC_TARGETS_V1	entry4.25_SOFA_D3__all_valid	EIF2S1
MYC_TARGETS_V1	entry4.25_SOFA_D3__all_valid	PHB1
MYC_TARGETS_V1	entry4.25_SOFA_D3__all_valid	RPL18
MYC_TARGETS_V1	entry4.25_SOFA_D3__all_valid	RPS3
MYC_TARGETS_V1	entry4.25_SOFA_D3__all_valid	IARS1
MYC_TARGETS_V1	entry4.25_SOFA_D3__all_valid	POLE3
MYC_TARGETS_V1	entry4.25_SOFA_D3__all_valid	PSMD8
MYC_TARGETS_V1	entry4.25_SOFA_D3__all_valid	NCBP2
MYC_TARGETS_V1	entry4.25_SOFA_D3__all_valid	HNRNPD
MYC_TARGETS_V1	entry4.25_SOFA_D3__all_valid	PSMA2
MYC_TARGETS_V1	entry4.25_SOFA_D3__all_valid	DUT
MYC_TARGETS_V1	entry4.25_SOFA_D3__all_valid	IMPDH2
MYC_TARGETS_V1	entry4.25_SOFA_D3__all_valid	DHX15
MYC_TARGETS_V1	entry4.25_SOFA_D3__all_valid	PRDX4
MYC_TARGETS_V1	entry4.25_SOFA_D3__all_valid	RACK1
MYC_TARGETS_V1	entry4.25_SOFA_D3__all_valid	HNRNPA1
MYC_TARGETS_V1	entry4.25_SOFA_D3__all_valid	GNL3
MYC_TARGETS_V1	entry4.25_SOFA_D3__all_valid	YWHAQ
MYC_TARGETS_V1	entry4.25_SOFA_D3__all_valid	ERH
MYC_TARGETS_V1	entry4.25_SOFA_D3__all_valid	HNRNPA3
MYC_TARGETS_V1	entry4.25_SOFA_D3__all_valid	PRPS2
MYC_TARGETS_V1	entry4.25_SOFA_D3__all_valid	SRSF3
MYC_TARGETS_V1	entry4.25_SOFA_D3__all_valid	CCT7
MYC_TARGETS_V1	entry4.25_SOFA_D3__all_valid	PCNA
MYC_TARGETS_V1	entry4.25_SOFA_D3__all_valid	C1QBP
MYC_TARGETS_V1	entry4.25_SOFA_D3__all_valid	KARS1
MYC_TARGETS_V1	entry4.25_SOFA_D3__all_valid	MRPL23
MYC_TARGETS_V1	entry4.25_SOFA_D3__all_valid	MRPL9
MYC_TARGETS_V1	entry4.25_SOFA_D3__all_valid	SERBP1
MYC_TARGETS_V1	entry4.25_SOFA_D3__all_valid	NME1
MYC_TARGETS_V1	entry4.25_SOFA_D3__all_valid	SNRPA
MYC_TARGETS_V1	entry4.25_SOFA_D3__all_valid	CDK4
MYC_TARGETS_V1	entry4.25_SOFA_D3__all_valid	TUFM
MYC_TARGETS_V1	entry4.25_SOFA_D3__all_valid	HDAC2
MYC_TARGETS_V1	entry4.25_SOFA_D3__all_valid	RFC4
MYC_TARGETS_V1	entry4.25_SOFA_D3__all_valid	PABPC4
MYC_TARGETS_V1	entry4.25_SOFA_D3__all_valid	RRP9
MYC_TARGETS_V1	entry4.25_SOFA_D3__all_valid	RANBP1
MYC_TARGETS_V1	entry4.25_SOFA_D3__all_valid	SRSF2
MYC_TARGETS_V1	entry4.25_SOFA_D3__all_valid	RPL14
MYC_TARGETS_V1	entry4.25_SOFA_D3__all_valid	ACP1
MYC_TARGETS_V1	entry4.25_SOFA_D3__all_valid	VDAC3
MYC_TARGETS_V1	entry4.25_SOFA_D3__all_valid	SRM
MYC_TARGETS_V1	entry4.25_SOFA_D3__all_valid	TXNL4A
MYC_TARGETS_V1	entry4.25_SOFA_D3__all_valid	CTPS1
MYC_TARGETS_V1	entry4.25_SOFA_D3__all_valid	SNRPD1
MYC_TARGETS_V1	entry4.25_SOFA_D3__all_valid	UBE2E1
MYC_TARGETS_V1	entry4.25_SOFA_D3__all_valid	ODC1
MYC_TARGETS_V1	entry4.25_SOFA_D3__all_valid	SLC25A3
MYC_TARGETS_V1	entry4.25_SOFA_D3__all_valid	EIF4A1
MYC_TARGETS_V1	entry4.25_SOFA_D3__all_valid	CANX
MYC_TARGETS_V1	entry4.25_SOFA_D3__all_valid	SNRPD3
MYC_TARGETS_V1	entry4.25_SOFA_D3__all_valid	NOLC1
MYC_TARGETS_V1	entry4.25_SOFA_D3__all_valid	CUL1
MYC_TARGETS_V1	entry4.25_SOFA_D3__all_valid	NAP1L1
MYC_TARGETS_V1	entry4.25_SOFA_D3__all_valid	PHB2
MYC_TARGETS_V1	entry4.25_SOFA_D3__all_valid	HDDC2
MYC_TARGETS_V1	entry4.25_SOFA_D3__all_valid	COX5A
MYC_TARGETS_V1	entry4.25_SOFA_D3__all_valid	XRCC6
MYC_TARGETS_V1	entry4.25_SOFA_D3__all_valid	SSB
MYC_TARGETS_V1	entry4.25_SOFA_D3__all_valid	AIMP2
MYC_TARGETS_V1	entry4.25_SOFA_D3__all_valid	SNRPB2
MYC_TARGETS_V1	entry4.25_SOFA_D3__all_valid	PSMA1
MYC_TARGETS_V1	entry4.25_SOFA_D3__all_valid	MCM5
MYC_TARGETS_V1	entry4.25_SOFA_D3__all_valid	UBA2
MYC_TARGETS_V1	entry4.25_SOFA_D3__all_valid	EIF4E
MYC_TARGETS_V1	entry4.25_SOFA_D3__all_valid	HSPE1
MYC_TARGETS_V1	entry4.25_SOFA_D3__all_valid	SMARCC1
MYC_TARGETS_V1	entry4.25_SOFA_D3__all_valid	NCBP1
MYC_TARGETS_V1	entry4.25_SOFA_D3__all_valid	EIF2S2
MYC_TARGETS_V1	entry4.25_SOFA_D3__all_valid	RRM1
MYC_TARGETS_V1	entry4.25_SOFA_D3__all_valid	LSM7
MYC_TARGETS_V1	entry4.25_SOFA_D3__all_valid	HPRT1
MYC_TARGETS_V1	entry4.25_SOFA_D3__all_valid	MCM7
MYC_TARGETS_V1	entry4.25_SOFA_D3__all_valid	CSTF2
MYC_TARGETS_V1	entry4.25_SOFA_D3__all_valid	CCT3
MYC_TARGETS_V1	entry4.25_SOFA_D3__all_valid	PSMB2
MYC_TARGETS_V1	entry4.25_SOFA_D3__all_valid	POLD2
MYC_TARGETS_V1	entry4.25_SOFA_D3__all_valid	SF3B3
MYC_TARGETS_V1	entry4.25_SOFA_D3__all_valid	COPS5
MYC_TARGETS_V1	entry4.25_SOFA_D3__all_valid	GOT2
MYC_TARGETS_V1	entry4.25_SOFA_D3__all_valid	SRSF1
MYC_TARGETS_V1	entry4.25_SOFA_D3__all_valid	HSP90AB1
MYC_TARGETS_V1	entry4.25_SOFA_D3__all_valid	PRDX3
MYC_TARGETS_V1	entry4.25_SOFA_D3__all_valid	NHP2
MYC_TARGETS_V1	entry4.25_SOFA_D3__all_valid	PPM1G
MYC_TARGETS_V1	entry4.25_SOFA_D3__all_valid	PWP1
MYC_TARGETS_V1	entry4.25_SOFA_D3__all_valid	PSMA4
MYC_TARGETS_V1	entry4.25_SOFA_D3__all_valid	SNRPG
MYC_TARGETS_V1	entry4.25_SOFA_D3__all_valid	XPOT
MYC_TARGETS_V2	entry4.25_SOFA_D3__all_valid	DDX18
MYC_TARGETS_V2	entry4.25_SOFA_D3__all_valid	WDR43
MYC_TARGETS_V2	entry4.25_SOFA_D3__all_valid	NPM1
MYC_TARGETS_V2	entry4.25_SOFA_D3__all_valid	NOP56
MYC_TARGETS_V2	entry4.25_SOFA_D3__all_valid	UTP20
MYC_TARGETS_V2	entry4.25_SOFA_D3__all_valid	NDUFAF4
MYC_TARGETS_V2	entry4.25_SOFA_D3__all_valid	HSPD1
MYC_TARGETS_V2	entry4.25_SOFA_D3__all_valid	MYC
MYC_TARGETS_V2	entry4.25_SOFA_D3__all_valid	PPAN
MYC_TARGETS_V2	entry4.25_SOFA_D3__all_valid	PHB1
MYC_TARGETS_V2	entry4.25_SOFA_D3__all_valid	PES1
MYC_TARGETS_V2	entry4.25_SOFA_D3__all_valid	PUS1
MYC_TARGETS_V2	entry4.25_SOFA_D3__all_valid	MRTO4
MYC_TARGETS_V2	entry4.25_SOFA_D3__all_valid	DCTPP1
MYC_TARGETS_V2	entry4.25_SOFA_D3__all_valid	GNL3
MYC_TARGETS_V2	entry4.25_SOFA_D3__all_valid	GRWD1
MYC_TARGETS_V2	entry4.25_SOFA_D3__all_valid	CDK4
MYC_TARGETS_V2	entry4.25_SOFA_D3__all_valid	RRP9
MYC_TARGETS_V2	entry4.25_SOFA_D3__all_valid	TFB2M
MYC_TARGETS_V2	entry4.25_SOFA_D3__all_valid	SRM
MYC_TARGETS_V2	entry4.25_SOFA_D3__all_valid	SORD
MYC_TARGETS_V2	entry4.25_SOFA_D3__all_valid	MPHOSPH10
MYC_TARGETS_V2	entry4.25_SOFA_D3__all_valid	LAS1L
MYC_TARGETS_V2	entry4.25_SOFA_D3__all_valid	IMP4
MYC_TARGETS_V2	entry4.25_SOFA_D3__all_valid	TBRG4
MYC_TARGETS_V2	entry4.25_SOFA_D3__all_valid	NOLC1
MYC_TARGETS_V2	entry4.25_SOFA_D3__all_valid	AIMP2
MYC_TARGETS_V2	entry4.25_SOFA_D3__all_valid	MCM5
MYC_TARGETS_V2	entry4.25_SOFA_D3__all_valid	PRMT3
MYC_TARGETS_V2	entry4.25_SOFA_D3__all_valid	HSPE1
MYC_TARGETS_V2	entry4.25_SOFA_D3__all_valid	MYBBP1A
MYC_TARGETS_V2	entry4.25_SOFA_D3__all_valid	TMEM97
MYC_TARGETS_V2	entry4.25_SOFA_D3__all_valid	NOP16
MYC_TARGETS_V2	entry4.25_SOFA_D3__all_valid	NIP7
MYC_TARGETS_V2	entry4.25_SOFA_D3__all_valid	NOP2
MYC_TARGETS_V2	entry4.25_SOFA_D3__all_valid	DUSP2
MYC_TARGETS_V2	entry4.25_SOFA_D3__all_valid	IPO4
MYOGENESIS	entry4.25_SOFA_D3__all_valid	ACSL1
MYOGENESIS	entry4.25_SOFA_D3__all_valid	MEF2A
MYOGENESIS	entry4.25_SOFA_D3__all_valid	SVIL
MYOGENESIS	entry4.25_SOFA_D3__all_valid	GSN
MYOGENESIS	entry4.25_SOFA_D3__all_valid	MYBPC3
MYOGENESIS	entry4.25_SOFA_D3__all_valid	ITGA7
MYOGENESIS	entry4.25_SOFA_D3__all_valid	FOXO4
MYOGENESIS	entry4.25_SOFA_D3__all_valid	DAPK2
MYOGENESIS	entry4.25_SOFA_D3__all_valid	COL4A2
MYOGENESIS	entry4.25_SOFA_D3__all_valid	KLF5
MYOGENESIS	entry4.25_SOFA_D3__all_valid	PDLIM7
MYOGENESIS	entry4.25_SOFA_D3__all_valid	TGFB1
MYOGENESIS	entry4.25_SOFA_D3__all_valid	MYOM1
MYOGENESIS	entry4.25_SOFA_D3__all_valid	TPM3
MYOGENESIS	entry4.25_SOFA_D3__all_valid	GADD45B
MYOGENESIS	entry4.25_SOFA_D3__all_valid	RIT1
MYOGENESIS	entry4.25_SOFA_D3__all_valid	KIFC3
MYOGENESIS	entry4.25_SOFA_D3__all_valid	MYH9
MYOGENESIS	entry4.25_SOFA_D3__all_valid	CLU
MYOGENESIS	entry4.25_SOFA_D3__all_valid	PYGM
MYOGENESIS	entry4.25_SOFA_D3__all_valid	COL6A3
MYOGENESIS	entry4.25_SOFA_D3__all_valid	NQO1
MYOGENESIS	entry4.25_SOFA_D3__all_valid	DMPK
MYOGENESIS	entry4.25_SOFA_D3__all_valid	NOTCH1
MYOGENESIS	entry4.25_SOFA_D3__all_valid	MYL6B
MYOGENESIS	entry4.25_SOFA_D3__all_valid	CKB
MYOGENESIS	entry4.25_SOFA_D3__all_valid	ATP6AP1
MYOGENESIS	entry4.25_SOFA_D3__all_valid	IFRD1
MYOGENESIS	entry4.25_SOFA_D3__all_valid	MYH11
MYOGENESIS	entry4.25_SOFA_D3__all_valid	LSP1
MYOGENESIS	entry4.25_SOFA_D3__all_valid	GPX3
MYOGENESIS	entry4.25_SOFA_D3__all_valid	APP
MYOGENESIS	entry4.25_SOFA_D3__all_valid	HDAC5
MYOGENESIS	entry4.25_SOFA_D3__all_valid	MAPRE3
MYOGENESIS	entry4.25_SOFA_D3__all_valid	GABARAPL2
MYOGENESIS	entry4.25_SOFA_D3__all_valid	SMTN
MYOGENESIS	entry4.25_SOFA_D3__all_valid	BAG1
MYOGENESIS	entry4.25_SOFA_D3__all_valid	ACHE
MYOGENESIS	entry4.25_SOFA_D3__all_valid	MYLK
MYOGENESIS	entry4.25_SOFA_D3__all_valid	FLII
MYOGENESIS	entry4.25_SOFA_D3__all_valid	SLC6A8
MYOGENESIS	entry4.25_SOFA_D3__all_valid	SPARC
MYOGENESIS	entry4.25_SOFA_D3__all_valid	AK1
MYOGENESIS	entry4.25_SOFA_D3__all_valid	TAGLN
MYOGENESIS	entry4.25_SOFA_D3__all_valid	AKT2
MYOGENESIS	entry4.25_SOFA_D3__all_valid	HBEGF
MYOGENESIS	entry4.25_SOFA_D3__all_valid	NCAM1
MYOGENESIS	entry4.25_SOFA_D3__all_valid	ITGB5
NOTCH_SIGNALING	entry4.25_SOFA_D3__all_valid	DTX4
NOTCH_SIGNALING	entry4.25_SOFA_D3__all_valid	MAML2
NOTCH_SIGNALING	entry4.25_SOFA_D3__all_valid	LFNG
NOTCH_SIGNALING	entry4.25_SOFA_D3__all_valid	PSEN2
NOTCH_SIGNALING	entry4.25_SOFA_D3__all_valid	HES1
NOTCH_SIGNALING	entry4.25_SOFA_D3__all_valid	CUL1
NOTCH_SIGNALING	entry4.25_SOFA_D3__all_valid	ARRB1
NOTCH_SIGNALING	entry4.25_SOFA_D3__all_valid	FZD1
OXIDATIVE_PHOSPHORYLATION	entry4.25_SOFA_D3__all_valid	MRPS30
OXIDATIVE_PHOSPHORYLATION	entry4.25_SOFA_D3__all_valid	LRPPRC
OXIDATIVE_PHOSPHORYLATION	entry4.25_SOFA_D3__all_valid	LDHB
OXIDATIVE_PHOSPHORYLATION	entry4.25_SOFA_D3__all_valid	PDP1
OXIDATIVE_PHOSPHORYLATION	entry4.25_SOFA_D3__all_valid	TIMM17A
OXIDATIVE_PHOSPHORYLATION	entry4.25_SOFA_D3__all_valid	CYCS
OXIDATIVE_PHOSPHORYLATION	entry4.25_SOFA_D3__all_valid	TOMM70
OXIDATIVE_PHOSPHORYLATION	entry4.25_SOFA_D3__all_valid	MRPL35
OXIDATIVE_PHOSPHORYLATION	entry4.25_SOFA_D3__all_valid	DLAT
OXIDATIVE_PHOSPHORYLATION	entry4.25_SOFA_D3__all_valid	MRPL15
OXIDATIVE_PHOSPHORYLATION	entry4.25_SOFA_D3__all_valid	MDH1
OXIDATIVE_PHOSPHORYLATION	entry4.25_SOFA_D3__all_valid	OXA1L
OXIDATIVE_PHOSPHORYLATION	entry4.25_SOFA_D3__all_valid	ATP5PO
OXIDATIVE_PHOSPHORYLATION	entry4.25_SOFA_D3__all_valid	ATP5MC1
OXIDATIVE_PHOSPHORYLATION	entry4.25_SOFA_D3__all_valid	ABCB7
OXIDATIVE_PHOSPHORYLATION	entry4.25_SOFA_D3__all_valid	NDUFB5
OXIDATIVE_PHOSPHORYLATION	entry4.25_SOFA_D3__all_valid	COX7C
OXIDATIVE_PHOSPHORYLATION	entry4.25_SOFA_D3__all_valid	NDUFAB1
OXIDATIVE_PHOSPHORYLATION	entry4.25_SOFA_D3__all_valid	HSPA9
OXIDATIVE_PHOSPHORYLATION	entry4.25_SOFA_D3__all_valid	COX6C
OXIDATIVE_PHOSPHORYLATION	entry4.25_SOFA_D3__all_valid	COX10
OXIDATIVE_PHOSPHORYLATION	entry4.25_SOFA_D3__all_valid	ECHS1
OXIDATIVE_PHOSPHORYLATION	entry4.25_SOFA_D3__all_valid	ATP5MC2
OXIDATIVE_PHOSPHORYLATION	entry4.25_SOFA_D3__all_valid	NDUFS3
OXIDATIVE_PHOSPHORYLATION	entry4.25_SOFA_D3__all_valid	ACAA2
OXIDATIVE_PHOSPHORYLATION	entry4.25_SOFA_D3__all_valid	SLC25A4
OXIDATIVE_PHOSPHORYLATION	entry4.25_SOFA_D3__all_valid	VDAC1
OXIDATIVE_PHOSPHORYLATION	entry4.25_SOFA_D3__all_valid	NDUFB2
OXIDATIVE_PHOSPHORYLATION	entry4.25_SOFA_D3__all_valid	TOMM22
OXIDATIVE_PHOSPHORYLATION	entry4.25_SOFA_D3__all_valid	UQCRC2
OXIDATIVE_PHOSPHORYLATION	entry4.25_SOFA_D3__all_valid	PDK4
OXIDATIVE_PHOSPHORYLATION	entry4.25_SOFA_D3__all_valid	ATP5MC3
OXIDATIVE_PHOSPHORYLATION	entry4.25_SOFA_D3__all_valid	TIMM13
OXIDATIVE_PHOSPHORYLATION	entry4.25_SOFA_D3__all_valid	ATP5F1A
OXIDATIVE_PHOSPHORYLATION	entry4.25_SOFA_D3__all_valid	BDH2
OXIDATIVE_PHOSPHORYLATION	entry4.25_SOFA_D3__all_valid	NDUFV1
OXIDATIVE_PHOSPHORYLATION	entry4.25_SOFA_D3__all_valid	VDAC2
OXIDATIVE_PHOSPHORYLATION	entry4.25_SOFA_D3__all_valid	MRPL11
OXIDATIVE_PHOSPHORYLATION	entry4.25_SOFA_D3__all_valid	ECI1
OXIDATIVE_PHOSPHORYLATION	entry4.25_SOFA_D3__all_valid	NDUFA4
OXIDATIVE_PHOSPHORYLATION	entry4.25_SOFA_D3__all_valid	HSD17B10
OXIDATIVE_PHOSPHORYLATION	entry4.25_SOFA_D3__all_valid	CASP7
OXIDATIVE_PHOSPHORYLATION	entry4.25_SOFA_D3__all_valid	COX7A2
OXIDATIVE_PHOSPHORYLATION	entry4.25_SOFA_D3__all_valid	IMMT
OXIDATIVE_PHOSPHORYLATION	entry4.25_SOFA_D3__all_valid	SLC25A5
OXIDATIVE_PHOSPHORYLATION	entry4.25_SOFA_D3__all_valid	NDUFA8
OXIDATIVE_PHOSPHORYLATION	entry4.25_SOFA_D3__all_valid	GLUD1
OXIDATIVE_PHOSPHORYLATION	entry4.25_SOFA_D3__all_valid	SLC25A6
OXIDATIVE_PHOSPHORYLATION	entry4.25_SOFA_D3__all_valid	PHYH
OXIDATIVE_PHOSPHORYLATION	entry4.25_SOFA_D3__all_valid	IDH2
OXIDATIVE_PHOSPHORYLATION	entry4.25_SOFA_D3__all_valid	NDUFA5
OXIDATIVE_PHOSPHORYLATION	entry4.25_SOFA_D3__all_valid	ATP5PB
OXIDATIVE_PHOSPHORYLATION	entry4.25_SOFA_D3__all_valid	ACADM
OXIDATIVE_PHOSPHORYLATION	entry4.25_SOFA_D3__all_valid	PMPCA
OXIDATIVE_PHOSPHORYLATION	entry4.25_SOFA_D3__all_valid	ACADSB
OXIDATIVE_PHOSPHORYLATION	entry4.25_SOFA_D3__all_valid	MRPS12
OXIDATIVE_PHOSPHORYLATION	entry4.25_SOFA_D3__all_valid	TIMM10
OXIDATIVE_PHOSPHORYLATION	entry4.25_SOFA_D3__all_valid	NDUFB8
OXIDATIVE_PHOSPHORYLATION	entry4.25_SOFA_D3__all_valid	SDHD
OXIDATIVE_PHOSPHORYLATION	entry4.25_SOFA_D3__all_valid	TIMM9
OXIDATIVE_PHOSPHORYLATION	entry4.25_SOFA_D3__all_valid	TIMM50
OXIDATIVE_PHOSPHORYLATION	entry4.25_SOFA_D3__all_valid	UQCRQ
OXIDATIVE_PHOSPHORYLATION	entry4.25_SOFA_D3__all_valid	MGST3
OXIDATIVE_PHOSPHORYLATION	entry4.25_SOFA_D3__all_valid	PDHA1
OXIDATIVE_PHOSPHORYLATION	entry4.25_SOFA_D3__all_valid	NDUFA6
OXIDATIVE_PHOSPHORYLATION	entry4.25_SOFA_D3__all_valid	OPA1
OXIDATIVE_PHOSPHORYLATION	entry4.25_SOFA_D3__all_valid	COX4I1
OXIDATIVE_PHOSPHORYLATION	entry4.25_SOFA_D3__all_valid	VDAC3
OXIDATIVE_PHOSPHORYLATION	entry4.25_SOFA_D3__all_valid	SLC25A3
OXIDATIVE_PHOSPHORYLATION	entry4.25_SOFA_D3__all_valid	UQCRFS1
OXIDATIVE_PHOSPHORYLATION	entry4.25_SOFA_D3__all_valid	FDX1
OXIDATIVE_PHOSPHORYLATION	entry4.25_SOFA_D3__all_valid	UQCR10
OXIDATIVE_PHOSPHORYLATION	entry4.25_SOFA_D3__all_valid	SLC25A20
OXIDATIVE_PHOSPHORYLATION	entry4.25_SOFA_D3__all_valid	PHB2
OXIDATIVE_PHOSPHORYLATION	entry4.25_SOFA_D3__all_valid	NNT
OXIDATIVE_PHOSPHORYLATION	entry4.25_SOFA_D3__all_valid	MTX2
OXIDATIVE_PHOSPHORYLATION	entry4.25_SOFA_D3__all_valid	COX5A
OXIDATIVE_PHOSPHORYLATION	entry4.25_SOFA_D3__all_valid	ATP5F1C
OXIDATIVE_PHOSPHORYLATION	entry4.25_SOFA_D3__all_valid	ETFA
OXIDATIVE_PHOSPHORYLATION	entry4.25_SOFA_D3__all_valid	MRPS11
OXIDATIVE_PHOSPHORYLATION	entry4.25_SOFA_D3__all_valid	NDUFS6
OXIDATIVE_PHOSPHORYLATION	entry4.25_SOFA_D3__all_valid	SLC25A12
OXIDATIVE_PHOSPHORYLATION	entry4.25_SOFA_D3__all_valid	SUCLA2
OXIDATIVE_PHOSPHORYLATION	entry4.25_SOFA_D3__all_valid	ATP5PD
OXIDATIVE_PHOSPHORYLATION	entry4.25_SOFA_D3__all_valid	IDH3A
OXIDATIVE_PHOSPHORYLATION	entry4.25_SOFA_D3__all_valid	ATP6V1F
P53_PATHWAY	entry4.25_SOFA_D3__all_valid	UPP1
P53_PATHWAY	entry4.25_SOFA_D3__all_valid	NDRG1
P53_PATHWAY	entry4.25_SOFA_D3__all_valid	CCND3
P53_PATHWAY	entry4.25_SOFA_D3__all_valid	GADD45A
P53_PATHWAY	entry4.25_SOFA_D3__all_valid	TGFA
P53_PATHWAY	entry4.25_SOFA_D3__all_valid	ZBTB16
P53_PATHWAY	entry4.25_SOFA_D3__all_valid	ABHD4
P53_PATHWAY	entry4.25_SOFA_D3__all_valid	DRAM1
P53_PATHWAY	entry4.25_SOFA_D3__all_valid	ACVR1B
P53_PATHWAY	entry4.25_SOFA_D3__all_valid	ALOX15B
P53_PATHWAY	entry4.25_SOFA_D3__all_valid	PTPRE
P53_PATHWAY	entry4.25_SOFA_D3__all_valid	MXD1
P53_PATHWAY	entry4.25_SOFA_D3__all_valid	APAF1
P53_PATHWAY	entry4.25_SOFA_D3__all_valid	STOM
P53_PATHWAY	entry4.25_SOFA_D3__all_valid	CEBPA
P53_PATHWAY	entry4.25_SOFA_D3__all_valid	CD82
P53_PATHWAY	entry4.25_SOFA_D3__all_valid	TRAFD1
P53_PATHWAY	entry4.25_SOFA_D3__all_valid	NUPR1
P53_PATHWAY	entry4.25_SOFA_D3__all_valid	SP1
P53_PATHWAY	entry4.25_SOFA_D3__all_valid	PRMT2
P53_PATHWAY	entry4.25_SOFA_D3__all_valid	FOXO3
P53_PATHWAY	entry4.25_SOFA_D3__all_valid	HEXIM1
P53_PATHWAY	entry4.25_SOFA_D3__all_valid	TOB1
P53_PATHWAY	entry4.25_SOFA_D3__all_valid	CDK5R1
P53_PATHWAY	entry4.25_SOFA_D3__all_valid	FAS
P53_PATHWAY	entry4.25_SOFA_D3__all_valid	RXRA
P53_PATHWAY	entry4.25_SOFA_D3__all_valid	RNF19B
P53_PATHWAY	entry4.25_SOFA_D3__all_valid	PRKAB1
P53_PATHWAY	entry4.25_SOFA_D3__all_valid	PPP1R15A
P53_PATHWAY	entry4.25_SOFA_D3__all_valid	RHBDF2
P53_PATHWAY	entry4.25_SOFA_D3__all_valid	INHBB
P53_PATHWAY	entry4.25_SOFA_D3__all_valid	TGFB1
P53_PATHWAY	entry4.25_SOFA_D3__all_valid	IER3
P53_PATHWAY	entry4.25_SOFA_D3__all_valid	CTSD
P53_PATHWAY	entry4.25_SOFA_D3__all_valid	SOCS1
P53_PATHWAY	entry4.25_SOFA_D3__all_valid	CSRNP2
P53_PATHWAY	entry4.25_SOFA_D3__all_valid	GPX2
P53_PATHWAY	entry4.25_SOFA_D3__all_valid	PPM1D
P53_PATHWAY	entry4.25_SOFA_D3__all_valid	NOTCH1
P53_PATHWAY	entry4.25_SOFA_D3__all_valid	SERTAD3
P53_PATHWAY	entry4.25_SOFA_D3__all_valid	ZFP36L1
P53_PATHWAY	entry4.25_SOFA_D3__all_valid	TAP1
P53_PATHWAY	entry4.25_SOFA_D3__all_valid	VDR
P53_PATHWAY	entry4.25_SOFA_D3__all_valid	CCP110
P53_PATHWAY	entry4.25_SOFA_D3__all_valid	PLK3
P53_PATHWAY	entry4.25_SOFA_D3__all_valid	FGF13
P53_PATHWAY	entry4.25_SOFA_D3__all_valid	MKNK2
P53_PATHWAY	entry4.25_SOFA_D3__all_valid	DEF6
P53_PATHWAY	entry4.25_SOFA_D3__all_valid	CYFIP2
P53_PATHWAY	entry4.25_SOFA_D3__all_valid	GM2A
P53_PATHWAY	entry4.25_SOFA_D3__all_valid	DDIT4
P53_PATHWAY	entry4.25_SOFA_D3__all_valid	STEAP3
P53_PATHWAY	entry4.25_SOFA_D3__all_valid	IP6K2
P53_PATHWAY	entry4.25_SOFA_D3__all_valid	TXNIP
P53_PATHWAY	entry4.25_SOFA_D3__all_valid	APP
P53_PATHWAY	entry4.25_SOFA_D3__all_valid	HSPA4L
PEROXISOME	entry4.25_SOFA_D3__all_valid	ABCD2
PEROXISOME	entry4.25_SOFA_D3__all_valid	SLC23A2
PEROXISOME	entry4.25_SOFA_D3__all_valid	CLN6
PEROXISOME	entry4.25_SOFA_D3__all_valid	SLC25A4
PEROXISOME	entry4.25_SOFA_D3__all_valid	HRAS
PEROXISOME	entry4.25_SOFA_D3__all_valid	SLC35B2
PEROXISOME	entry4.25_SOFA_D3__all_valid	ERCC3
PEROXISOME	entry4.25_SOFA_D3__all_valid	EPHX2
PEROXISOME	entry4.25_SOFA_D3__all_valid	DHRS3
PEROXISOME	entry4.25_SOFA_D3__all_valid	IDH2
PEROXISOME	entry4.25_SOFA_D3__all_valid	PRDX1
PEROXISOME	entry4.25_SOFA_D3__all_valid	SLC25A19
PEROXISOME	entry4.25_SOFA_D3__all_valid	CADM1
PEROXISOME	entry4.25_SOFA_D3__all_valid	SCP2
PEROXISOME	entry4.25_SOFA_D3__all_valid	ABCB1
PEROXISOME	entry4.25_SOFA_D3__all_valid	HSD17B4
PEROXISOME	entry4.25_SOFA_D3__all_valid	ABCB4
PEROXISOME	entry4.25_SOFA_D3__all_valid	ECI2
PEROXISOME	entry4.25_SOFA_D3__all_valid	ACSL5
PI3K_AKT_MTOR_SIGNALING	entry4.25_SOFA_D3__all_valid	MKNK1
PI3K_AKT_MTOR_SIGNALING	entry4.25_SOFA_D3__all_valid	CAB39
PI3K_AKT_MTOR_SIGNALING	entry4.25_SOFA_D3__all_valid	PRKCB
PI3K_AKT_MTOR_SIGNALING	entry4.25_SOFA_D3__all_valid	SLA
PI3K_AKT_MTOR_SIGNALING	entry4.25_SOFA_D3__all_valid	MAP2K6
PI3K_AKT_MTOR_SIGNALING	entry4.25_SOFA_D3__all_valid	MAPK1
PI3K_AKT_MTOR_SIGNALING	entry4.25_SOFA_D3__all_valid	TNFRSF1A
PI3K_AKT_MTOR_SIGNALING	entry4.25_SOFA_D3__all_valid	PRKAR2A
PI3K_AKT_MTOR_SIGNALING	entry4.25_SOFA_D3__all_valid	DUSP3
PI3K_AKT_MTOR_SIGNALING	entry4.25_SOFA_D3__all_valid	RAC1
PI3K_AKT_MTOR_SIGNALING	entry4.25_SOFA_D3__all_valid	RALB
PI3K_AKT_MTOR_SIGNALING	entry4.25_SOFA_D3__all_valid	VAV3
PI3K_AKT_MTOR_SIGNALING	entry4.25_SOFA_D3__all_valid	GSK3B
PI3K_AKT_MTOR_SIGNALING	entry4.25_SOFA_D3__all_valid	MAP2K3
PI3K_AKT_MTOR_SIGNALING	entry4.25_SOFA_D3__all_valid	PTEN
PI3K_AKT_MTOR_SIGNALING	entry4.25_SOFA_D3__all_valid	SLC2A1
PI3K_AKT_MTOR_SIGNALING	entry4.25_SOFA_D3__all_valid	RPS6KA3
PI3K_AKT_MTOR_SIGNALING	entry4.25_SOFA_D3__all_valid	RPS6KA1
PI3K_AKT_MTOR_SIGNALING	entry4.25_SOFA_D3__all_valid	GRB2
PI3K_AKT_MTOR_SIGNALING	entry4.25_SOFA_D3__all_valid	RAF1
PI3K_AKT_MTOR_SIGNALING	entry4.25_SOFA_D3__all_valid	MYD88
PI3K_AKT_MTOR_SIGNALING	entry4.25_SOFA_D3__all_valid	CFL1
PI3K_AKT_MTOR_SIGNALING	entry4.25_SOFA_D3__all_valid	RIT1
PI3K_AKT_MTOR_SIGNALING	entry4.25_SOFA_D3__all_valid	YWHAB
PI3K_AKT_MTOR_SIGNALING	entry4.25_SOFA_D3__all_valid	CDKN1B
PI3K_AKT_MTOR_SIGNALING	entry4.25_SOFA_D3__all_valid	UBE2D3
PI3K_AKT_MTOR_SIGNALING	entry4.25_SOFA_D3__all_valid	RIPK1
PI3K_AKT_MTOR_SIGNALING	entry4.25_SOFA_D3__all_valid	IRAK4
PI3K_AKT_MTOR_SIGNALING	entry4.25_SOFA_D3__all_valid	ACTR2
PI3K_AKT_MTOR_SIGNALING	entry4.25_SOFA_D3__all_valid	AKT1S1
PI3K_AKT_MTOR_SIGNALING	entry4.25_SOFA_D3__all_valid	SMAD2
PI3K_AKT_MTOR_SIGNALING	entry4.25_SOFA_D3__all_valid	PIKFYVE
PI3K_AKT_MTOR_SIGNALING	entry4.25_SOFA_D3__all_valid	ACTR3
PI3K_AKT_MTOR_SIGNALING	entry4.25_SOFA_D3__all_valid	GRK2
PI3K_AKT_MTOR_SIGNALING	entry4.25_SOFA_D3__all_valid	ARF1
PI3K_AKT_MTOR_SIGNALING	entry4.25_SOFA_D3__all_valid	MKNK2
PI3K_AKT_MTOR_SIGNALING	entry4.25_SOFA_D3__all_valid	CLTC
PI3K_AKT_MTOR_SIGNALING	entry4.25_SOFA_D3__all_valid	MAPK10
PI3K_AKT_MTOR_SIGNALING	entry4.25_SOFA_D3__all_valid	IL2RG
PI3K_AKT_MTOR_SIGNALING	entry4.25_SOFA_D3__all_valid	E2F1
PI3K_AKT_MTOR_SIGNALING	entry4.25_SOFA_D3__all_valid	PDK1
PI3K_AKT_MTOR_SIGNALING	entry4.25_SOFA_D3__all_valid	PFN1
PI3K_AKT_MTOR_SIGNALING	entry4.25_SOFA_D3__all_valid	ITPR2
PI3K_AKT_MTOR_SIGNALING	entry4.25_SOFA_D3__all_valid	NFKBIB
PI3K_AKT_MTOR_SIGNALING	entry4.25_SOFA_D3__all_valid	TBK1
PI3K_AKT_MTOR_SIGNALING	entry4.25_SOFA_D3__all_valid	AP2M1
PROTEIN_SECRETION	entry4.25_SOFA_D3__all_valid	KIF1B
PROTEIN_SECRETION	entry4.25_SOFA_D3__all_valid	MAPK1
PROTEIN_SECRETION	entry4.25_SOFA_D3__all_valid	IGF2R
PROTEIN_SECRETION	entry4.25_SOFA_D3__all_valid	RPS6KA3
PROTEIN_SECRETION	entry4.25_SOFA_D3__all_valid	STX16
PROTEIN_SECRETION	entry4.25_SOFA_D3__all_valid	GNAS
PROTEIN_SECRETION	entry4.25_SOFA_D3__all_valid	AP2B1
PROTEIN_SECRETION	entry4.25_SOFA_D3__all_valid	CD63
PROTEIN_SECRETION	entry4.25_SOFA_D3__all_valid	GLA
PROTEIN_SECRETION	entry4.25_SOFA_D3__all_valid	PAM
PROTEIN_SECRETION	entry4.25_SOFA_D3__all_valid	ARFGEF1
PROTEIN_SECRETION	entry4.25_SOFA_D3__all_valid	RAB5A
PROTEIN_SECRETION	entry4.25_SOFA_D3__all_valid	STX7
PROTEIN_SECRETION	entry4.25_SOFA_D3__all_valid	LAMP2
PROTEIN_SECRETION	entry4.25_SOFA_D3__all_valid	VAMP3
PROTEIN_SECRETION	entry4.25_SOFA_D3__all_valid	AP1G1
PROTEIN_SECRETION	entry4.25_SOFA_D3__all_valid	ARF1
PROTEIN_SECRETION	entry4.25_SOFA_D3__all_valid	CLTC
PROTEIN_SECRETION	entry4.25_SOFA_D3__all_valid	SEC22B
PROTEIN_SECRETION	entry4.25_SOFA_D3__all_valid	STAM
PROTEIN_SECRETION	entry4.25_SOFA_D3__all_valid	AP3S1
PROTEIN_SECRETION	entry4.25_SOFA_D3__all_valid	RAB2A
PROTEIN_SECRETION	entry4.25_SOFA_D3__all_valid	AP2M1
PROTEIN_SECRETION	entry4.25_SOFA_D3__all_valid	RAB14
PROTEIN_SECRETION	entry4.25_SOFA_D3__all_valid	CLN5
PROTEIN_SECRETION	entry4.25_SOFA_D3__all_valid	COPB1
PROTEIN_SECRETION	entry4.25_SOFA_D3__all_valid	ARFGAP3
PROTEIN_SECRETION	entry4.25_SOFA_D3__all_valid	ATP6V1H
PROTEIN_SECRETION	entry4.25_SOFA_D3__all_valid	NAPA
PROTEIN_SECRETION	entry4.25_SOFA_D3__all_valid	VPS4B
PROTEIN_SECRETION	entry4.25_SOFA_D3__all_valid	ABCA1
PROTEIN_SECRETION	entry4.25_SOFA_D3__all_valid	PPT1
PROTEIN_SECRETION	entry4.25_SOFA_D3__all_valid	ATP7A
PROTEIN_SECRETION	entry4.25_SOFA_D3__all_valid	AP2S1
PROTEIN_SECRETION	entry4.25_SOFA_D3__all_valid	SNAP23
PROTEIN_SECRETION	entry4.25_SOFA_D3__all_valid	YKT6
PROTEIN_SECRETION	entry4.25_SOFA_D3__all_valid	SGMS1
REACTIVE_OXYGEN_SPECIES_PATHWAY	entry4.25_SOFA_D3__all_valid	GCLM
REACTIVE_OXYGEN_SPECIES_PATHWAY	entry4.25_SOFA_D3__all_valid	GSR
REACTIVE_OXYGEN_SPECIES_PATHWAY	entry4.25_SOFA_D3__all_valid	HHEX
REACTIVE_OXYGEN_SPECIES_PATHWAY	entry4.25_SOFA_D3__all_valid	FES
REACTIVE_OXYGEN_SPECIES_PATHWAY	entry4.25_SOFA_D3__all_valid	MSRA
REACTIVE_OXYGEN_SPECIES_PATHWAY	entry4.25_SOFA_D3__all_valid	MBP
REACTIVE_OXYGEN_SPECIES_PATHWAY	entry4.25_SOFA_D3__all_valid	SBNO2
REACTIVE_OXYGEN_SPECIES_PATHWAY	entry4.25_SOFA_D3__all_valid	CDKN2D
REACTIVE_OXYGEN_SPECIES_PATHWAY	entry4.25_SOFA_D3__all_valid	G6PD
REACTIVE_OXYGEN_SPECIES_PATHWAY	entry4.25_SOFA_D3__all_valid	OXSR1
REACTIVE_OXYGEN_SPECIES_PATHWAY	entry4.25_SOFA_D3__all_valid	TXNRD1
REACTIVE_OXYGEN_SPECIES_PATHWAY	entry4.25_SOFA_D3__all_valid	SRXN1
REACTIVE_OXYGEN_SPECIES_PATHWAY	entry4.25_SOFA_D3__all_valid	LAMTOR5
REACTIVE_OXYGEN_SPECIES_PATHWAY	entry4.25_SOFA_D3__all_valid	TXN
REACTIVE_OXYGEN_SPECIES_PATHWAY	entry4.25_SOFA_D3__all_valid	NQO1
REACTIVE_OXYGEN_SPECIES_PATHWAY	entry4.25_SOFA_D3__all_valid	FTL
REACTIVE_OXYGEN_SPECIES_PATHWAY	entry4.25_SOFA_D3__all_valid	JUNB
REACTIVE_OXYGEN_SPECIES_PATHWAY	entry4.25_SOFA_D3__all_valid	GLRX
REACTIVE_OXYGEN_SPECIES_PATHWAY	entry4.25_SOFA_D3__all_valid	EGLN2
REACTIVE_OXYGEN_SPECIES_PATHWAY	entry4.25_SOFA_D3__all_valid	LSP1
REACTIVE_OXYGEN_SPECIES_PATHWAY	entry4.25_SOFA_D3__all_valid	GPX3
REACTIVE_OXYGEN_SPECIES_PATHWAY	entry4.25_SOFA_D3__all_valid	PRDX6
SPERMATOGENESIS	entry4.25_SOFA_D3__all_valid	PGS1
SPERMATOGENESIS	entry4.25_SOFA_D3__all_valid	AGFG1
SPERMATOGENESIS	entry4.25_SOFA_D3__all_valid	TLE4
SPERMATOGENESIS	entry4.25_SOFA_D3__all_valid	PRKAR2A
SPERMATOGENESIS	entry4.25_SOFA_D3__all_valid	CCNA1
SPERMATOGENESIS	entry4.25_SOFA_D3__all_valid	CLVS1
SPERMATOGENESIS	entry4.25_SOFA_D3__all_valid	BRAF
SPERMATOGENESIS	entry4.25_SOFA_D3__all_valid	IP6K1
SPERMATOGENESIS	entry4.25_SOFA_D3__all_valid	TALDO1
SPERMATOGENESIS	entry4.25_SOFA_D3__all_valid	PHF7
SPERMATOGENESIS	entry4.25_SOFA_D3__all_valid	SHE
SPERMATOGENESIS	entry4.25_SOFA_D3__all_valid	H1-6
SPERMATOGENESIS	entry4.25_SOFA_D3__all_valid	CHFR
SPERMATOGENESIS	entry4.25_SOFA_D3__all_valid	GMCL1
SPERMATOGENESIS	entry4.25_SOFA_D3__all_valid	MAST2
SPERMATOGENESIS	entry4.25_SOFA_D3__all_valid	TTK
TGF_BETA_SIGNALING	entry4.25_SOFA_D3__all_valid	FKBP1A
TGF_BETA_SIGNALING	entry4.25_SOFA_D3__all_valid	RAB31
TGF_BETA_SIGNALING	entry4.25_SOFA_D3__all_valid	FURIN
TGF_BETA_SIGNALING	entry4.25_SOFA_D3__all_valid	HIPK2
TGF_BETA_SIGNALING	entry4.25_SOFA_D3__all_valid	IFNGR2
TGF_BETA_SIGNALING	entry4.25_SOFA_D3__all_valid	SPTBN1
TGF_BETA_SIGNALING	entry4.25_SOFA_D3__all_valid	TGFBR1
TGF_BETA_SIGNALING	entry4.25_SOFA_D3__all_valid	SERPINE1
TGF_BETA_SIGNALING	entry4.25_SOFA_D3__all_valid	PPP1R15A
TGF_BETA_SIGNALING	entry4.25_SOFA_D3__all_valid	TGFB1
TGF_BETA_SIGNALING	entry4.25_SOFA_D3__all_valid	SKI
TGF_BETA_SIGNALING	entry4.25_SOFA_D3__all_valid	SMAD1
TGF_BETA_SIGNALING	entry4.25_SOFA_D3__all_valid	CTNNB1
TGF_BETA_SIGNALING	entry4.25_SOFA_D3__all_valid	UBE2D3
TGF_BETA_SIGNALING	entry4.25_SOFA_D3__all_valid	THBS1
TGF_BETA_SIGNALING	entry4.25_SOFA_D3__all_valid	XIAP
TGF_BETA_SIGNALING	entry4.25_SOFA_D3__all_valid	PPM1A
TGF_BETA_SIGNALING	entry4.25_SOFA_D3__all_valid	SMURF1
TGF_BETA_SIGNALING	entry4.25_SOFA_D3__all_valid	APC
TGF_BETA_SIGNALING	entry4.25_SOFA_D3__all_valid	JUNB
TGF_BETA_SIGNALING	entry4.25_SOFA_D3__all_valid	RHOA
TNFA_SIGNALING_VIA_NFKB	entry4.25_SOFA_D3__all_valid	BCL6
TNFA_SIGNALING_VIA_NFKB	entry4.25_SOFA_D3__all_valid	GADD45A
TNFA_SIGNALING_VIA_NFKB	entry4.25_SOFA_D3__all_valid	PFKFB3
TNFA_SIGNALING_VIA_NFKB	entry4.25_SOFA_D3__all_valid	ETS2
TNFA_SIGNALING_VIA_NFKB	entry4.25_SOFA_D3__all_valid	FOSL2
TNFA_SIGNALING_VIA_NFKB	entry4.25_SOFA_D3__all_valid	CFLAR
TNFA_SIGNALING_VIA_NFKB	entry4.25_SOFA_D3__all_valid	SLC2A3
TNFA_SIGNALING_VIA_NFKB	entry4.25_SOFA_D3__all_valid	B4GALT5
TNFA_SIGNALING_VIA_NFKB	entry4.25_SOFA_D3__all_valid	NFIL3
TNFA_SIGNALING_VIA_NFKB	entry4.25_SOFA_D3__all_valid	BCL2A1
TNFA_SIGNALING_VIA_NFKB	entry4.25_SOFA_D3__all_valid	IRS2
TNFA_SIGNALING_VIA_NFKB	entry4.25_SOFA_D3__all_valid	SOCS3
TNFA_SIGNALING_VIA_NFKB	entry4.25_SOFA_D3__all_valid	DRAM1
TNFA_SIGNALING_VIA_NFKB	entry4.25_SOFA_D3__all_valid	LITAF
TNFA_SIGNALING_VIA_NFKB	entry4.25_SOFA_D3__all_valid	PTPRE
TNFA_SIGNALING_VIA_NFKB	entry4.25_SOFA_D3__all_valid	MXD1
TNFA_SIGNALING_VIA_NFKB	entry4.25_SOFA_D3__all_valid	IFNGR2
TNFA_SIGNALING_VIA_NFKB	entry4.25_SOFA_D3__all_valid	KLF6
TNFA_SIGNALING_VIA_NFKB	entry4.25_SOFA_D3__all_valid	KLF9
TNFA_SIGNALING_VIA_NFKB	entry4.25_SOFA_D3__all_valid	TLR2
TNFA_SIGNALING_VIA_NFKB	entry4.25_SOFA_D3__all_valid	RCAN1
TNFA_SIGNALING_VIA_NFKB	entry4.25_SOFA_D3__all_valid	NFKB1
TNFA_SIGNALING_VIA_NFKB	entry4.25_SOFA_D3__all_valid	TIPARP
TNFA_SIGNALING_VIA_NFKB	entry4.25_SOFA_D3__all_valid	MAP2K3
TNFA_SIGNALING_VIA_NFKB	entry4.25_SOFA_D3__all_valid	NFKBIA
TNFA_SIGNALING_VIA_NFKB	entry4.25_SOFA_D3__all_valid	TNIP1
TNFA_SIGNALING_VIA_NFKB	entry4.25_SOFA_D3__all_valid	LDLR
TNFA_SIGNALING_VIA_NFKB	entry4.25_SOFA_D3__all_valid	DENND5A
TNFA_SIGNALING_VIA_NFKB	entry4.25_SOFA_D3__all_valid	EHD1
TNFA_SIGNALING_VIA_NFKB	entry4.25_SOFA_D3__all_valid	CD44
TNFA_SIGNALING_VIA_NFKB	entry4.25_SOFA_D3__all_valid	F2RL1
TNFA_SIGNALING_VIA_NFKB	entry4.25_SOFA_D3__all_valid	BCL3
TNFA_SIGNALING_VIA_NFKB	entry4.25_SOFA_D3__all_valid	PER1
TNFA_SIGNALING_VIA_NFKB	entry4.25_SOFA_D3__all_valid	RNF19B
TNFA_SIGNALING_VIA_NFKB	entry4.25_SOFA_D3__all_valid	CSF1
TNFA_SIGNALING_VIA_NFKB	entry4.25_SOFA_D3__all_valid	PNRC1
TNFA_SIGNALING_VIA_NFKB	entry4.25_SOFA_D3__all_valid	MAP3K8
TNFA_SIGNALING_VIA_NFKB	entry4.25_SOFA_D3__all_valid	SERPINE1
TNFA_SIGNALING_VIA_NFKB	entry4.25_SOFA_D3__all_valid	PPP1R15A
TNFA_SIGNALING_VIA_NFKB	entry4.25_SOFA_D3__all_valid	ZC3H12A
TNFA_SIGNALING_VIA_NFKB	entry4.25_SOFA_D3__all_valid	CEBPB
TNFA_SIGNALING_VIA_NFKB	entry4.25_SOFA_D3__all_valid	CEBPD
TNFA_SIGNALING_VIA_NFKB	entry4.25_SOFA_D3__all_valid	KDM6B
TNFA_SIGNALING_VIA_NFKB	entry4.25_SOFA_D3__all_valid	AREG
TNFA_SIGNALING_VIA_NFKB	entry4.25_SOFA_D3__all_valid	GADD45B
TNFA_SIGNALING_VIA_NFKB	entry4.25_SOFA_D3__all_valid	TNFAIP3
TNFA_SIGNALING_VIA_NFKB	entry4.25_SOFA_D3__all_valid	B4GALT1
TNFA_SIGNALING_VIA_NFKB	entry4.25_SOFA_D3__all_valid	NFE2L2
TNFA_SIGNALING_VIA_NFKB	entry4.25_SOFA_D3__all_valid	JAG1
TNFA_SIGNALING_VIA_NFKB	entry4.25_SOFA_D3__all_valid	IER3
TNFA_SIGNALING_VIA_NFKB	entry4.25_SOFA_D3__all_valid	DUSP1
TNFA_SIGNALING_VIA_NFKB	entry4.25_SOFA_D3__all_valid	TRIB1
TNFA_SIGNALING_VIA_NFKB	entry4.25_SOFA_D3__all_valid	STAT5A
TNFA_SIGNALING_VIA_NFKB	entry4.25_SOFA_D3__all_valid	NAMPT
TNFA_SIGNALING_VIA_NFKB	entry4.25_SOFA_D3__all_valid	MARCKS
TNFA_SIGNALING_VIA_NFKB	entry4.25_SOFA_D3__all_valid	ICAM1
TNFA_SIGNALING_VIA_NFKB	entry4.25_SOFA_D3__all_valid	NFAT5
TNFA_SIGNALING_VIA_NFKB	entry4.25_SOFA_D3__all_valid	TUBB2A
TNFA_SIGNALING_VIA_NFKB	entry4.25_SOFA_D3__all_valid	TNIP2
TNFA_SIGNALING_VIA_NFKB	entry4.25_SOFA_D3__all_valid	TAP1
TNFA_SIGNALING_VIA_NFKB	entry4.25_SOFA_D3__all_valid	REL
TNFA_SIGNALING_VIA_NFKB	entry4.25_SOFA_D3__all_valid	IRF1
TNFA_SIGNALING_VIA_NFKB	entry4.25_SOFA_D3__all_valid	JUNB
TNFA_SIGNALING_VIA_NFKB	entry4.25_SOFA_D3__all_valid	ZFP36
TNFA_SIGNALING_VIA_NFKB	entry4.25_SOFA_D3__all_valid	TNFAIP6
UNFOLDED_PROTEIN_RESPONSE	entry4.25_SOFA_D3__all_valid	NPM1
UNFOLDED_PROTEIN_RESPONSE	entry4.25_SOFA_D3__all_valid	IMP3
UNFOLDED_PROTEIN_RESPONSE	entry4.25_SOFA_D3__all_valid	NOP56
UNFOLDED_PROTEIN_RESPONSE	entry4.25_SOFA_D3__all_valid	EXOSC2
UNFOLDED_PROTEIN_RESPONSE	entry4.25_SOFA_D3__all_valid	EIF2AK3
UNFOLDED_PROTEIN_RESPONSE	entry4.25_SOFA_D3__all_valid	HSPA9
UNFOLDED_PROTEIN_RESPONSE	entry4.25_SOFA_D3__all_valid	EXOSC9
UNFOLDED_PROTEIN_RESPONSE	entry4.25_SOFA_D3__all_valid	SPCS1
UNFOLDED_PROTEIN_RESPONSE	entry4.25_SOFA_D3__all_valid	HSP90B1
UNFOLDED_PROTEIN_RESPONSE	entry4.25_SOFA_D3__all_valid	EIF2S1
UNFOLDED_PROTEIN_RESPONSE	entry4.25_SOFA_D3__all_valid	RPS14
UNFOLDED_PROTEIN_RESPONSE	entry4.25_SOFA_D3__all_valid	PDIA6
UNFOLDED_PROTEIN_RESPONSE	entry4.25_SOFA_D3__all_valid	IARS1
UNFOLDED_PROTEIN_RESPONSE	entry4.25_SOFA_D3__all_valid	CEBPG
UNFOLDED_PROTEIN_RESPONSE	entry4.25_SOFA_D3__all_valid	SKIC3
UNFOLDED_PROTEIN_RESPONSE	entry4.25_SOFA_D3__all_valid	SLC30A5
UNFOLDED_PROTEIN_RESPONSE	entry4.25_SOFA_D3__all_valid	DNAJB9
UNFOLDED_PROTEIN_RESPONSE	entry4.25_SOFA_D3__all_valid	LSM4
UNFOLDED_PROTEIN_RESPONSE	entry4.25_SOFA_D3__all_valid	SRPRB
UNFOLDED_PROTEIN_RESPONSE	entry4.25_SOFA_D3__all_valid	SEC31A
UNFOLDED_PROTEIN_RESPONSE	entry4.25_SOFA_D3__all_valid	EIF4A2
UNFOLDED_PROTEIN_RESPONSE	entry4.25_SOFA_D3__all_valid	MTREX
UNFOLDED_PROTEIN_RESPONSE	entry4.25_SOFA_D3__all_valid	WFS1
UNFOLDED_PROTEIN_RESPONSE	entry4.25_SOFA_D3__all_valid	BANF1
UNFOLDED_PROTEIN_RESPONSE	entry4.25_SOFA_D3__all_valid	SEC11A
UNFOLDED_PROTEIN_RESPONSE	entry4.25_SOFA_D3__all_valid	RRP9
UNFOLDED_PROTEIN_RESPONSE	entry4.25_SOFA_D3__all_valid	SSR1
UNFOLDED_PROTEIN_RESPONSE	entry4.25_SOFA_D3__all_valid	EIF4EBP1
UNFOLDED_PROTEIN_RESPONSE	entry4.25_SOFA_D3__all_valid	FUS
UNFOLDED_PROTEIN_RESPONSE	entry4.25_SOFA_D3__all_valid	HERPUD1
UNFOLDED_PROTEIN_RESPONSE	entry4.25_SOFA_D3__all_valid	BAG3
UNFOLDED_PROTEIN_RESPONSE	entry4.25_SOFA_D3__all_valid	DDX10
UNFOLDED_PROTEIN_RESPONSE	entry4.25_SOFA_D3__all_valid	EIF4A1
UNFOLDED_PROTEIN_RESPONSE	entry4.25_SOFA_D3__all_valid	HYOU1
UNFOLDED_PROTEIN_RESPONSE	entry4.25_SOFA_D3__all_valid	EXOC2
UNFOLDED_PROTEIN_RESPONSE	entry4.25_SOFA_D3__all_valid	NOLC1
UNFOLDED_PROTEIN_RESPONSE	entry4.25_SOFA_D3__all_valid	YIF1A
UNFOLDED_PROTEIN_RESPONSE	entry4.25_SOFA_D3__all_valid	ALDH18A1
UNFOLDED_PROTEIN_RESPONSE	entry4.25_SOFA_D3__all_valid	SPCS3
UNFOLDED_PROTEIN_RESPONSE	entry4.25_SOFA_D3__all_valid	NOP14
UNFOLDED_PROTEIN_RESPONSE	entry4.25_SOFA_D3__all_valid	FKBP14
UNFOLDED_PROTEIN_RESPONSE	entry4.25_SOFA_D3__all_valid	XBP1
UNFOLDED_PROTEIN_RESPONSE	entry4.25_SOFA_D3__all_valid	CNOT2
UNFOLDED_PROTEIN_RESPONSE	entry4.25_SOFA_D3__all_valid	EIF4E
UNFOLDED_PROTEIN_RESPONSE	entry4.25_SOFA_D3__all_valid	EDEM1
UNFOLDED_PROTEIN_RESPONSE	entry4.25_SOFA_D3__all_valid	SDAD1
UNFOLDED_PROTEIN_RESPONSE	entry4.25_SOFA_D3__all_valid	CKS1B
UNFOLDED_PROTEIN_RESPONSE	entry4.25_SOFA_D3__all_valid	CALR
UNFOLDED_PROTEIN_RESPONSE	entry4.25_SOFA_D3__all_valid	PAIP1
UNFOLDED_PROTEIN_RESPONSE	entry4.25_SOFA_D3__all_valid	EEF2
UNFOLDED_PROTEIN_RESPONSE	entry4.25_SOFA_D3__all_valid	NHP2
UNFOLDED_PROTEIN_RESPONSE	entry4.25_SOFA_D3__all_valid	GOSR2
UNFOLDED_PROTEIN_RESPONSE	entry4.25_SOFA_D3__all_valid	EXOSC1
UNFOLDED_PROTEIN_RESPONSE	entry4.25_SOFA_D3__all_valid	XPOT
UNFOLDED_PROTEIN_RESPONSE	entry4.25_SOFA_D3__all_valid	MTHFD2
UNFOLDED_PROTEIN_RESPONSE	entry4.25_SOFA_D3__all_valid	NFYB
UNFOLDED_PROTEIN_RESPONSE	entry4.25_SOFA_D3__all_valid	SLC1A4
UNFOLDED_PROTEIN_RESPONSE	entry4.25_SOFA_D3__all_valid	KHSRP
UNFOLDED_PROTEIN_RESPONSE	entry4.25_SOFA_D3__all_valid	HSPA5
UNFOLDED_PROTEIN_RESPONSE	entry4.25_SOFA_D3__all_valid	TSPYL2
UNFOLDED_PROTEIN_RESPONSE	entry4.25_SOFA_D3__all_valid	PREB
UNFOLDED_PROTEIN_RESPONSE	entry4.25_SOFA_D3__all_valid	LSM1
UNFOLDED_PROTEIN_RESPONSE	entry4.25_SOFA_D3__all_valid	CXXC1
UNFOLDED_PROTEIN_RESPONSE	entry4.25_SOFA_D3__all_valid	PARN
UNFOLDED_PROTEIN_RESPONSE	entry4.25_SOFA_D3__all_valid	DKC1
UNFOLDED_PROTEIN_RESPONSE	entry4.25_SOFA_D3__all_valid	GEMIN4
UNFOLDED_PROTEIN_RESPONSE	entry4.25_SOFA_D3__all_valid	SERP1
UV_RESPONSE_DN	entry4.25_SOFA_D3__all_valid	MAPK14
UV_RESPONSE_DN	entry4.25_SOFA_D3__all_valid	ATP2B4
UV_RESPONSE_DN	entry4.25_SOFA_D3__all_valid	IGF1R
UV_RESPONSE_DN	entry4.25_SOFA_D3__all_valid	ATXN1
UV_RESPONSE_DN	entry4.25_SOFA_D3__all_valid	SYNE1
UV_RESPONSE_DN	entry4.25_SOFA_D3__all_valid	DYRK1A
UV_RESPONSE_DN	entry4.25_SOFA_D3__all_valid	WDR37
UV_RESPONSE_DN	entry4.25_SOFA_D3__all_valid	NFKB1
UV_RESPONSE_DN	entry4.25_SOFA_D3__all_valid	PTEN
UV_RESPONSE_DN	entry4.25_SOFA_D3__all_valid	LDLR
UV_RESPONSE_DN	entry4.25_SOFA_D3__all_valid	GCNT1
UV_RESPONSE_DN	entry4.25_SOFA_D3__all_valid	CELF2
UV_RESPONSE_DN	entry4.25_SOFA_D3__all_valid	SCN8A
UV_RESPONSE_DN	entry4.25_SOFA_D3__all_valid	PPARG
UV_RESPONSE_DN	entry4.25_SOFA_D3__all_valid	RXRA
UV_RESPONSE_DN	entry4.25_SOFA_D3__all_valid	NR3C1
UV_RESPONSE_DN	entry4.25_SOFA_D3__all_valid	RASA2
UV_RESPONSE_DN	entry4.25_SOFA_D3__all_valid	PIK3CD
UV_RESPONSE_DN	entry4.25_SOFA_D3__all_valid	SERPINE1
UV_RESPONSE_DN	entry4.25_SOFA_D3__all_valid	TGFBR2
UV_RESPONSE_DN	entry4.25_SOFA_D3__all_valid	FHL2
UV_RESPONSE_DN	entry4.25_SOFA_D3__all_valid	NOTCH2
UV_RESPONSE_DN	entry4.25_SOFA_D3__all_valid	CDKN1B
UV_RESPONSE_DN	entry4.25_SOFA_D3__all_valid	SCAF8
UV_RESPONSE_DN	entry4.25_SOFA_D3__all_valid	DUSP1
UV_RESPONSE_DN	entry4.25_SOFA_D3__all_valid	APBB2
UV_RESPONSE_DN	entry4.25_SOFA_D3__all_valid	CDC42BPA
UV_RESPONSE_DN	entry4.25_SOFA_D3__all_valid	PTGFR
UV_RESPONSE_DN	entry4.25_SOFA_D3__all_valid	PRDM2
UV_RESPONSE_DN	entry4.25_SOFA_D3__all_valid	TFPI
UV_RESPONSE_DN	entry4.25_SOFA_D3__all_valid	CACNA1A
UV_RESPONSE_DN	entry4.25_SOFA_D3__all_valid	NIPBL
UV_RESPONSE_UP	entry4.25_SOFA_D3__all_valid	CCND3
UV_RESPONSE_UP	entry4.25_SOFA_D3__all_valid	ARRB2
UV_RESPONSE_UP	entry4.25_SOFA_D3__all_valid	ATP6V1C1
UV_RESPONSE_UP	entry4.25_SOFA_D3__all_valid	GRINA
UV_RESPONSE_UP	entry4.25_SOFA_D3__all_valid	PRKCD
UV_RESPONSE_UP	entry4.25_SOFA_D3__all_valid	TUBA4A
UV_RESPONSE_UP	entry4.25_SOFA_D3__all_valid	ALAS1
UV_RESPONSE_UP	entry4.25_SOFA_D3__all_valid	FURIN
UV_RESPONSE_UP	entry4.25_SOFA_D3__all_valid	LYN
UV_RESPONSE_UP	entry4.25_SOFA_D3__all_valid	MAOA
UV_RESPONSE_UP	entry4.25_SOFA_D3__all_valid	NFKBIA
UV_RESPONSE_UP	entry4.25_SOFA_D3__all_valid	RAB27A
UV_RESPONSE_UP	entry4.25_SOFA_D3__all_valid	AGO2
UV_RESPONSE_UP	entry4.25_SOFA_D3__all_valid	MARK2
UV_RESPONSE_UP	entry4.25_SOFA_D3__all_valid	CHKA
UV_RESPONSE_UP	entry4.25_SOFA_D3__all_valid	ACAA1
UV_RESPONSE_UP	entry4.25_SOFA_D3__all_valid	NUP58
UV_RESPONSE_UP	entry4.25_SOFA_D3__all_valid	GRPEL1
UV_RESPONSE_UP	entry4.25_SOFA_D3__all_valid	ALDOA
UV_RESPONSE_UP	entry4.25_SOFA_D3__all_valid	CA2
UV_RESPONSE_UP	entry4.25_SOFA_D3__all_valid	ICAM1
UV_RESPONSE_UP	entry4.25_SOFA_D3__all_valid	PDAP1
UV_RESPONSE_UP	entry4.25_SOFA_D3__all_valid	TAP1
UV_RESPONSE_UP	entry4.25_SOFA_D3__all_valid	IRF1
UV_RESPONSE_UP	entry4.25_SOFA_D3__all_valid	CDC34
UV_RESPONSE_UP	entry4.25_SOFA_D3__all_valid	JUNB
UV_RESPONSE_UP	entry4.25_SOFA_D3__all_valid	PRKACA
UV_RESPONSE_UP	entry4.25_SOFA_D3__all_valid	STARD3
UV_RESPONSE_UP	entry4.25_SOFA_D3__all_valid	GPX3
UV_RESPONSE_UP	entry4.25_SOFA_D3__all_valid	APOM
WNT_BETA_CATENIN_SIGNALING	entry4.25_SOFA_D3__all_valid	RBPJ
WNT_BETA_CATENIN_SIGNALING	entry4.25_SOFA_D3__all_valid	NUMB
WNT_BETA_CATENIN_SIGNALING	entry4.25_SOFA_D3__all_valid	MAML1
WNT_BETA_CATENIN_SIGNALING	entry4.25_SOFA_D3__all_valid	ADAM17
WNT_BETA_CATENIN_SIGNALING	entry4.25_SOFA_D3__all_valid	FRAT1
WNT_BETA_CATENIN_SIGNALING	entry4.25_SOFA_D3__all_valid	JAG1
WNT_BETA_CATENIN_SIGNALING	entry4.25_SOFA_D3__all_valid	CTNNB1
WNT_BETA_CATENIN_SIGNALING	entry4.25_SOFA_D3__all_valid	NCSTN
WNT_BETA_CATENIN_SIGNALING	entry4.25_SOFA_D3__all_valid	NKD1
WNT_BETA_CATENIN_SIGNALING	entry4.25_SOFA_D3__all_valid	NOTCH1
XENOBIOTIC_METABOLISM	entry4.25_SOFA_D3__all_valid	UPP1
XENOBIOTIC_METABOLISM	entry4.25_SOFA_D3__all_valid	PGD
XENOBIOTIC_METABOLISM	entry4.25_SOFA_D3__all_valid	IL1R1
XENOBIOTIC_METABOLISM	entry4.25_SOFA_D3__all_valid	ETS2
XENOBIOTIC_METABOLISM	entry4.25_SOFA_D3__all_valid	GSR
XENOBIOTIC_METABOLISM	entry4.25_SOFA_D3__all_valid	POR
XENOBIOTIC_METABOLISM	entry4.25_SOFA_D3__all_valid	DDAH2
XENOBIOTIC_METABOLISM	entry4.25_SOFA_D3__all_valid	TPST1
XENOBIOTIC_METABOLISM	entry4.25_SOFA_D3__all_valid	ALAS1
XENOBIOTIC_METABOLISM	entry4.25_SOFA_D3__all_valid	ACOX1
XENOBIOTIC_METABOLISM	entry4.25_SOFA_D3__all_valid	ARG1
XENOBIOTIC_METABOLISM	entry4.25_SOFA_D3__all_valid	TNFRSF1A
XENOBIOTIC_METABOLISM	entry4.25_SOFA_D3__all_valid	LPIN2
XENOBIOTIC_METABOLISM	entry4.25_SOFA_D3__all_valid	SLC6A6
XENOBIOTIC_METABOLISM	entry4.25_SOFA_D3__all_valid	MAOA
XENOBIOTIC_METABOLISM	entry4.25_SOFA_D3__all_valid	AQP9
XENOBIOTIC_METABOLISM	entry4.25_SOFA_D3__all_valid	PINK1
XENOBIOTIC_METABOLISM	entry4.25_SOFA_D3__all_valid	VNN1
XENOBIOTIC_METABOLISM	entry4.25_SOFA_D3__all_valid	UPB1
XENOBIOTIC_METABOLISM	entry4.25_SOFA_D3__all_valid	FAS
XENOBIOTIC_METABOLISM	entry4.25_SOFA_D3__all_valid	CDA
XENOBIOTIC_METABOLISM	entry4.25_SOFA_D3__all_valid	SLC46A3
XENOBIOTIC_METABOLISM	entry4.25_SOFA_D3__all_valid	ESR1
XENOBIOTIC_METABOLISM	entry4.25_SOFA_D3__all_valid	MARCHF6
XENOBIOTIC_METABOLISM	entry4.25_SOFA_D3__all_valid	SERPINE1
XENOBIOTIC_METABOLISM	entry4.25_SOFA_D3__all_valid	ABCC2
XENOBIOTIC_METABOLISM	entry4.25_SOFA_D3__all_valid	SMOX
XENOBIOTIC_METABOLISM	entry4.25_SOFA_D3__all_valid	GABARAPL1
XENOBIOTIC_METABOLISM	entry4.25_SOFA_D3__all_valid	SLC22A1
XENOBIOTIC_METABOLISM	entry4.25_SOFA_D3__all_valid	ITIH4
XENOBIOTIC_METABOLISM	entry4.25_SOFA_D3__all_valid	RAP1GAP
XENOBIOTIC_METABOLISM	entry4.25_SOFA_D3__all_valid	CA2
XENOBIOTIC_METABOLISM	entry4.25_SOFA_D3__all_valid	CSAD
XENOBIOTIC_METABOLISM	entry4.25_SOFA_D3__all_valid	NQO1
XENOBIOTIC_METABOLISM	entry4.25_SOFA_D3__all_valid	DHRS7
