pathway,pval,padj,log2err,ES,NES,size,analysis,ranked_features,leadingEdge_text,direction
ADIPOGENESIS,0.228877112288771,0.387330497719459,0.0264832773950661,0.354350658355103,1.09656766669181,94,D1_center_primary,3875,TKT;TST;QDPR;EPHX2;ETFB;PGM1;ANGPTL4;G3BP2;ALDH2;ITIH5;SULT1A1;SUCLG1;REEP5;SPARCL1;ACADS;ACAA2;TALDO1;UBQLN1;NMT1;IDH1;REEP6;DHCR7;GPX4;YWHAG;PFKL;SORBS1;CAVIN1;LAMA4;COL15A1;ALDOA,positive mortality association
ALLOGRAFT_REJECTION,0.222877712228777,0.387330497719459,0.0269416229575224,0.366294630898039,1.11220616290494,70,D1_center_primary,3875,INHBB;CAPG;STAB1;EIF3A;EIF5A;EIF3D;PTPN6;TRAF2;C2;UBE2N;NPM1;IL16;HCLS1;AARS1;NME1;TIMP1;F2;ABI1;LY75;DARS1;HLA-A;RPS3A;WAS;RARS1;ABCE1;EIF4G3;PRKCB;CSK;CD247;PTPRC;STAT1;LCP2;SRGN;RPS9;RPS19;NCK1;CD40;TLR2;FGR;CFP;MMP9,positive mortality association
ANDROGEN_RESPONSE,0.800802809834421,0.952306044127419,0.00726037409241264,0.294049522706036,0.830125658893592,30,D1_center_primary,3875,SEC24D;SELENOP;SORD;B4GALT1;PDLIM5;FKBP5;PA2G4;H1-0;RAB4A;PTK2B;TNFAIP8;SMS;RPS6KA3;GSR,positive mortality association
ANGIOGENESIS,0.270129605061741,0.440211208248763,0.0240485857811045,0.437363458149095,1.14426522662416,17,D1_center_primary,3875,POSTN;LUM;COL3A1;NRP1;LRPAP1;TIMP1;FSTL1;VCAN,positive mortality association
APICAL_JUNCTION,0.715528447155285,0.910457525676004,0.00909671992089806,0.299797071690484,0.922110108068367,85,D1_center_primary,3875,WASL;FSCN1;MYH10;VCAM1;EVL;PCDH1;SHC1;LAMC2;B4GALT1;VASP;ZYX;FBN1;VWF;CD99;MAPK14;MMP2;CTNNA1;CAP1;SYK;NECTIN2;VCAN;CDH1;RAC2;ARHGEF6;EPB41L2;YWHAH;NF2;ADAMTS5;ITGA9;RRAS;INPPL1;CD274;PIK3CB;PTPRC;CD209;ARPC2;PFN1;CRAT;ACTB;MMP9;ADAM9;GNAI2;TUBG1;ACTA1;PECAM1;ACTN4;ICAM2;CTNND1;CNN2;FYB1;RHOF;MDK;LIMA1,positive mortality association
APOPTOSIS,0.0988901109889011,0.217558244175582,0.0435598039078413,0.402075978158437,1.20545721256315,59,D1_center_primary,3875,LGALS3;BMP2;LUM;ETF1;HMOX1;IGF2R;BAX;TIMP1;TNFSF10;F2;GPX4;PLCB2;BCL2L1;LMNA;MMP2;DPYD;DCN;GPX1;DNAJA1;PLAT;BGN;FDXR;RELA;SPTAN1;DNM1L;H1-0;CD44;CD38;CD14;TIMP3;ANXA1;ENO2,positive mortality association
BILE_ACID_METABOLISM,0.042096822692192,0.12348401323043,0.068945037482762,0.468909861902015,1.33775292127331,33,D1_center_primary,3875,ALDH9A1;EPHX2;AGXT;APOA1;IDH1;SERPINA6;ALDH1A1;HSD17B4;HAO1;PFKM;ACSL1;ISOC1;PRDX5;FDXR;GC;GCLM;SCP2,positive mortality association
CHOLESTEROL_HOMEOSTASIS,0.0474324188523767,0.130439151844036,0.0648554401962692,0.479949348520493,1.34340998158345,28,D1_center_primary,3875,LGALS3;ACSS2;ACAT2;ALDOC;DHCR7;FASN;LSS;S100A11;FDPS;PMVK;NIBAN1;GSTM2;ADH4,positive mortality association
COAGULATION,0.184881511848815,0.36956304369563,0.0302960517152992,0.364724018163738,1.1218111701615,85,D1_center_primary,3875,HMGCS2;CRIP2;F9;C1S;F10;CTSB;CAPN2;C2;LRP1;MMP1;A2M;APOA1;MMP3;CFI;LTA4H;CSRP1;PRSS23;TIMP1;F2;C9;FN1;PEF1;FBN1;VWF;RAC1;F8;FGA;MMP2;GNG12;FGG,positive mortality association
COMPLEMENT,0.797820217978202,0.952306044127419,0.00726262519782228,0.287416374337557,0.891363768974022,97,D1_center_primary,3875,LGALS3;C1S;F10;CTSB;XPNPEP1;USP14;EHD1;C2;LRP1;LTA4H;CSRP1;TIMP1;F2;C9;FN1;F8;LAP3;CP;PLA2G7;ITIH1;LIPA;WAS;RHOG;GRB2;C1R;PLAT;GNG2;HSPA5;VCPIP1;SERPING1;HSPA1A;PPP2CB;GZMK;USP15;CFB;CALM1;COL4A2;LCP2;PRKCD;GNB2;PFN1;CDH13;F7;FCER1G;GNB4;C1QC;S100A9;CD55;ADAM9;CD46;GNAI2;DOCK10;USP16;LYN,positive mortality association
DNA_REPAIR,0.00359154592447454,0.0316056041353759,0.136831791314999,0.493493579022101,1.45435764846356,47,D1_center_primary,3875,ALYREF;SRSF6;APRT;BOLA2;AK1;EDF1;UMPS;NUDT21;RBX1;HCLS1;NME3;NME1;NT5C;DCTN4;GPX4;ITPA;UPF3B;HPRT1;SF3A3;TSG101;GMPR2;SUPT5H;VPS28,positive mortality association
E2F_TARGETS,0.061993800619938,0.14356459090933,0.0561393712402482,0.42570146257578,1.25853387431768,49,D1_center_primary,3875,HMGA1;SRSF1;ILF3;SYNCRIP;CSE1L;NUDT21;PRPS1;DNMT1;HNRNPD;SRSF2;NME1;RAD50;PRDX4;TMPO;CTPS1;PAICS;XPO1;GSPT1;RAN;EIF2S1;PA2G4;HMGB3;RBBP7;PNN;NASP;PRKDC;LBR;RANBP1;IPO7;NOP56;SNRPB;AK2;SMC3;TUBB;H2AZ1;LMNB1;SMC1A,positive mortality association
EPITHELIAL_MESENCHYMAL_TRANSITION,0.0022201932478368,0.0244221257262049,0.136831791314999,0.436317508233243,1.35644876456295,102,D1_center_primary,3875,NNMT;COL1A2;POSTN;LGALS1;LOX;COL1A1;LUM;COL6A2;TGM2;CAPG;IGFBP2;COL6A3;FBLN1;COLGALT1;VCAM1;THBS2;COL3A1;ECM1;ELN;LRP1;MMP1;NOTCH2;BASP1;ABI3BP;MMP3;LAMC2;TIMP1;PVR;FERMT2;FN1;WIPF1;TNC;FBN1;PLOD1;MMP2;DCN;FSTL1;MATN2;VCAN;BGN;PLOD3;IGFBP4;PTX3;CCN1;VEGFC;COPA;VIM;FBLN5;CD44;MGP;SERPINH1;COL4A2;PCOLCE2;TIMP3,positive mortality association
ESTROGEN_RESPONSE_EARLY,0.0196,0.08624,0.10216770010847,0.454067280036894,1.34407357929093,50,D1_center_primary,3875,BLVRB;INHBB;TGM2;STC2;OLFM1;CCN5;ABAT;THSD4;PODXL;SLC7A5;PRSS23;FLNB;DHCR7;FASN;B4GALT1;MYBBP1A;FKBP5;NHERF1;TFF1,positive mortality association
ESTROGEN_RESPONSE_LATE,0.0596940305969403,0.14356459090933,0.0572815437800962,0.421560225264763,1.25352681653275,53,D1_center_primary,3875,UGDH;BLVRB;TST;HMGCS2;SORD;ETFB;PTPN6;OLFM1;CCN5;ASS1;SLC7A5;PRSS23;LAMC2;FLNB;DHCR7;FKBP5;DCXR;NHERF1;TFF1;HPRT1,positive mortality association
FATTY_ACID_METABOLISM,0.00553867917152892,0.0404673376444936,0.129006250027651,0.443838094031588,1.35766251706866,78,D1_center_primary,3875,CBR1;CBR3;MIF;UGDH;LGALS1;ALDH9A1;GRHPR;ADSL;HMGCS2;LDHA;CRYZ;PRDX6;ADH1C;PSME1;ENO3;ACAT2;SUCLG1;ACADS;SUCLG2;ACAA2;ECI2;IDH1;HMGCL;EHHADH;REEP6;FASN;ALDH1A1;HSD17B4;METAP1;APEX1;ACSL1;ALDOA;BLVRA;MDH1;HSP90AA1;ACAA1;HSPH1;CPOX;YWHAH,positive mortality association
G2M_CHECKPOINT,0.00716335815872534,0.0404673376444936,0.129006250027651,0.460546822313581,1.37899125339494,58,D1_center_primary,3875,MT2A;HMGA1;CUL1;SRSF1;G3BP1;EWSR1;PRMT5;ILF3;SYNCRIP;CUL4A;NOTCH2;BUB3;NCL;HNRNPD;SRSF2;PAFAH1B1;SLC7A5;SFPQ;TMPO;UPF1;HSPA8;XPO1;CUL3;MAPK14;GSPT1;PRP4K;KPNB1;RAD23B;CUL5;HMGB3;TOP1;SRSF10;SLC7A1;DKC1;HMGN2;RBM14;DTYMK;PML;NASP,positive mortality association
GLYCOLYSIS,4.73563211887357e-05,0.000780658100690534,0.17664908299824,0.503044833744007,1.54143050983816,80,D1_center_primary,3875,PMM2;MIF;AKR1A1;ENO1;ALDH9A1;AGL;PGK1;FUT8;LDHA;AGRN;GMPPA;STC2;ANGPTL4;GCLC;GMPPB;PRPS1;PKM;GALK1;TALDO1;PGLS;PGAM1;IDH1;B3GALT6;B4GALT1;PYGL;PLOD1;GNPDA1;DCN;RPE;ALDOB;PFKP;PYGB;UGP2;ALDOA;VCAN;MDH1;GFPT1;IRS2;PSMC4;HDLBP;RARS1;GYS1;HSPA5,positive mortality association
HEME_METABOLISM,0.0525947405259474,0.136127563714217,0.0612585710281592,0.398239074008852,1.22404395533828,84,D1_center_primary,3875,GMPS;HAGH;BLVRB;HTATIP2;FTCD;MYL4;CTSB;SELENBP1;GCLC;ALDH6A1;PGLS;FECH;CAST;BMP2K;MAP2K3;DCUN1D1;FBXO7;RNF123;RBM38;PICALM;SYNJ1;PSMD9;BLVRA;KHNYN;TOP1;CPOX;GCLM;HBZ;TNS1;H1-0;USP15;TCEA1;TRIM58;MARK3;BPGM;BSG;FN3K;DCAF11;GAPVD1;AHSP;SDCBP,positive mortality association
HYPOXIA,5.32266886834455e-05,0.000780658100690534,0.17664908299824,0.513588348654048,1.56247724286976,72,D1_center_primary,3875,MT2A;MIF;PKLR;ENO1;LOX;PGK1;GRHPR;TGM2;LDHA;CSRP2;STC2;HMOX1;PGM1;TES;SELENBP1;XPNPEP1;ANGPTL4;CCN5;ENO3;NAGK;GAPDH;GALK1;ALDOC;B3GALT6;PFKL;DCN;CP;CAVIN1;ALDOB;PFKP;UGP2;ALDOA;IRS2;PRDX5;HDLBP;BGN;GYS1;HSPA5,positive mortality association
IL2_STAT5_SIGNALING,0.0248975102489751,0.0900397732080901,0.0903747338112327,0.440508315129896,1.31581741572747,56,D1_center_primary,3875,AHNAK;BMP2;AHCY;TGM2;CAPG;COL6A1;RNH1;IGF2R;ECM1;UMPS;CTSZ;ITIH5;ENO3;NRP1;GSTO1;CYFIP1;TNFSF10;GPX4;MAPKAPK2;BCL2L1,positive mortality association
IL6_JAK_STAT3_SIGNALING,0.865581675708258,0.969003099690031,0.00578426690537807,0.275699278994455,0.775007076799071,29,D1_center_primary,3875,HMOX1;A2M;CBL;PTPN1;GRB2;CD44;CD38;CD14;STAT1;TLR2;ITGA4;IL6ST;STAM2;STAT3;PTPN11;TYK2,positive mortality association
INFLAMMATORY_RESPONSE,0.724227577242276,0.910457525676004,0.0089025938381817,0.302838411011568,0.90459144963643,56,D1_center_primary,3875,STAB1;NAMPT;SRI;CCL24;TIMP1;PVR;TNFSF10;ABI1;MSR1;TNFAIP6;RHOG;SCARF1;RELA;C5AR1;SLC7A1;NMI;BST2;NFKB1;CD14;SELENOS;MARCO;LCP2;FPR1;CD40;LDLR;TLR2;CD48;CD55;SELL;LYN;GNAI3;EIF2AK2;TAPBP;ATP2B1;CYBB;CD69;ITGA5;KIF1B,positive mortality association
INTERFERON_ALPHA_RESPONSE,0.982881169286215,1,0.00196964868847161,0.204051713003308,0.587200293498661,36,D1_center_primary,3875,C1S;PSME1;PSME2;LAP3;GMPR;LGALS3BP;CNP;NMI;IFI35;BST2;TRIM25;PARP9;TRIM21;CMPK2;SELL,positive mortality association
INTERFERON_GAMMA_RESPONSE,0.616538346165384,0.843003868213952,0.0113779026608199,0.312840981141647,0.95860766419248,80,D1_center_primary,3875,MT2A;C1S;NAMPT;PSME1;PTPN6;VCAM1;SRI;PSME2;TNFSF10;LAP3;HLA-A;PFKP;TNFAIP6;PTPN1;ISOC1;C1R;OAS3;LGALS3BP;SERPING1;MVP;NMI;SELP;IFI35;BPGM;BST2;CFB;PML;CD38;NFKB1;CD274;STAT1;LCP2;TRIM25;FPR1;SAMHD1;VAMP5;HLA-B;CD40;OAS2;ZNFX1;TRIM21;STAT3;CMPK2;RIGI,positive mortality association
KRAS_SIGNALING_DN,0.195528999690945,0.36956304369563,0.0298123151023384,0.469980726517831,1.20270379127347,15,D1_center_primary,3875,SELENOP;IGFBP2;LFNG,positive mortality association
KRAS_SIGNALING_UP,0.845184518451845,0.969003099690031,0.00617857506307064,0.281679197826923,0.82667367534305,45,D1_center_primary,3875,BMP2;LCP1;ANGPTL4;WDR33;ADAMDEC1;NRP1;SPARCL1;CBL;SPON1;EPB41L3;PLAT;CD37;APOD;BPGM;CFB;ENG;PIGR;FCER1G;MMP9;DOCK2;ADAM17;RETN;PECAM1;ACE;F13A1;ITGB2;GUCY1A1;STRN,positive mortality association
MITOTIC_SPINDLE,0.880911908809119,0.969003099690031,0.0053044936278106,0.273005813885961,0.847216649924027,98,D1_center_primary,3875,WASL;WASF2;FSCN1;MYH10;SEPTIN9;ARHGDIA;NOTCH2;CD2AP;PAFAH1B1;CDC42;FLNB;MAP1S;PDLIM5;ABI1;RALBP1;ARL8A;YWHAE;ARF6;CAPZB;DYNC1H1;EZR;SOS1;MYO1E;MAPRE1;SPTAN1;EPB41L2;STAU1;CLIP1;MARCKS;ARHGEF2;SORBS2;PREX1;AKAP13;ARHGEF7;RHOT2;SMC3;NCK1;DYNLL2;CLASP1;KATNB1;HDAC6;ARHGAP4;KIF5B;SPTBN1;DOCK2;LMNB1;SMC1A;CKAP5;CEP192;ACTN4;ROCK1;CLIP2;NUMA1;KLC1;WASF1;RHOF;MYO9B;HOOK3;ALS2;TUBA4A,positive mortality association
MTORC1_SIGNALING,0.0073576977535443,0.0404673376444936,0.129006250027651,0.415008920904174,1.29545985988187,110,D1_center_primary,3875,GMPS;PHGDH;ENO1;PGK1;YKT6;PDAP1;ETF1;STIP1;LDHA;QDPR;SORD;NAMPT;PGM1;TES;CCT6A;USO1;GCLC;UBE2D3;GAPDH;ATP6V1D;CORO1A;PPA1;LTA4H;SLC7A5;NMT1;IDH1;DHCR7;EPRS1;COPS5;MAP2K3;NHERF1;HSPA4;PFKL;HPRT1;ABCF2;ARPC5L;EIF2S2;NIBAN1;GSK3B;TXNRD1;PSMC2;PSMC6;RAB1A;PITPNB;CACYBP;ALDOA;PSMC4;FDXR;SLC1A5;HSPA5;HSP90B1,positive mortality association
MYC_TARGETS_V1,2.24675702658143e-08,9.88573091695829e-07,0.232569324665012,0.515045937030151,1.62024898774769,129,D1_center_primary,3875,CNBP;RACK1;SERBP1;PGK1;HNRNPA1;ETF1;CUL1;LDHA;GLO1;EIF3B;SRSF1;G3BP1;RPLP0;EIF4H;EIF3D;DHX15;PABPC4;HNRNPA2B1;SYNCRIP;ACP1;PTGES3;NPM1;CCT3;PABPC1;CCT4;BUB3;EIF4A1;ILF2;HNRNPD;HSP90AB1;SRSF2;CCT7;PRPS2;LSM7;NME1;LSM2;SF3A1;PRDX4;CCT2;EPRS1;EIF1AX;CTPS1;TOMM70;SRSF7;HNRNPR;TCP1;COPS5;RPS6;RPS3;XPO1;EEF1B2;YWHAE;CCT5;PSMD8;GSPT1;RAN;HPRT1;PSMA1;EIF4E;SRSF3;EIF2S1;KARS1;RPL22;SNRPA;EIF2S2;KPNB1;APEX1;RPS5;PSMC6;RPL18;RPL34;RAD23B;PSMA6;RNPS1;PSMA7;PA2G4;PCBP1;HNRNPA3;PSMC4;IARS1;RPL14;PSMD3;ABCE1;YWHAQ;RPL6;SNRPB2;AIMP2;IMPDH2;RUVBL2;PSMD7;RPS2,positive mortality association
MYOGENESIS,0.0218978102189781,0.0875912408759124,0.0965275765869161,0.425488856734424,1.29338009040431,71,D1_center_primary,3875,AEBP1;COL1A1;AGL;LDB3;COL6A2;SOD3;COL6A3;MAPRE3;AGRN;MYL3;STC2;MYL4;CSRP3;AK1;COL3A1;GABARAPL2;MYL6B;MYL1;ENO3,positive mortality association
OXIDATIVE_PHOSPHORYLATION,1,1,0,0.160959465641745,0.496345064729751,89,D1_center_primary,3875,LDHA;ETFB;ATP6V1D;SUCLG1;ALDH6A1;ACAA2;ACAT1;BAX;IDH1;TOMM70;GPX4;ATP6V1E1;ATP6V1F;ATP6V1H;ATP6V1G1;MDH1;ACAA1;LDHB,positive mortality association
P53_PATHWAY,0.1097,0.229847619047619,0.0411104208438996,0.405655200518254,1.20399521919118,52,D1_center_primary,3875,HINT1;RACK1;BMP2;INHBB;GM2A;AK1;CDKN2AIP;HMOX1;EPS8L2;ABAT;CYFIP2;BAX;RPS12;DCXR;TCN2;MAPKAPK3;SLC3A2;RPL18;TNNI1;LDHB;FDXR,positive mortality association
PEROXISOME,0.0266026602660266,0.0900397732080901,0.0873572860780536,0.45527557130153,1.33614527705734,45,D1_center_primary,3875,CNBP;ALDH9A1;EPHX2;CTBP1;PABPC1;IDE;ECI2;IDH1;HMGCL;EHHADH;SERPINA6;VPS4B;CTPS1;ALDH1A1;HSD17B4;FDPS;FIS1;ACSL1;ISOC1;PRDX5;ACAA1;YWHAH;SCP2;MVP,positive mortality association
PI3K_AKT_MTOR_SIGNALING,0.201579842015798,0.36956304369563,0.0287150604792945,0.378875580708638,1.13295414295929,57,D1_center_primary,3875,PIN1;ARHGDIA;TRAF2;UBE2N;UBE2D3;CFL1;PRKAG1;RAC1;MAP2K3;DUSP3;EIF4E;PPP1CA;RPS6KA1;GSK3B;MAPK1;GRB2;ARF1;YWHAB;HSP90B1;AP2M1;ACTR2;PRKAR2A;GRK2;CAB39;PRKCB;ARPC3;RALB;RIT1;ACTR3;RPS6KA3;NCK1;PFN1,positive mortality association
PROTEIN_SECRETION,0.909009099090091,0.972617024011885,0.00456447141707323,0.26449571028362,0.803106936943468,70,D1_center_primary,3875,SEC24D;YKT6;IGF2R;USO1;RAB5A;SEC31A;SNX2;VPS4B;ARCN1;TSG101;AP2S1;ATP6V1H;RAB14;MAPK1;NAPA;RAB2A;ARF1;AP2B1;AP2M1;ATP1A1;COPB2;DNM1L;COPE;COPB1;RPS6KA3;OCRL;GNAS;RAB22A;AP3S1;VPS45;STX12;AP1G1;CLTC;STX7;AP3B1;ADAM10;SNAP23,positive mortality association
REACTIVE_OXYGEN_SPECIES_PATHWAY,0.352288767896753,0.553596635266327,0.0196890022793749,0.395999128735191,1.08214636220772,23,D1_center_primary,3875,PRDX6;GCLC;PRDX4;GPX4;PFKP;TXNRD1;OXSR1;GCLM;PTPA;MBP;G6PD;SELENOS;GSR;MSRA;MGST1;PDLIM1;LAMTOR5;PRNP;FES;NDUFS2,positive mortality association
SPERMATOGENESIS,0.379411171607179,0.57565832933503,0.0185758249932293,0.390218609336692,1.06634994351676,23,D1_center_primary,3875,PEBP1;STRBP;IDE;TALDO1;CLPB;AGFG1;HSPA1L;NF2;PRKAR2A;HBZ;GSTM3;MTOR;STAM2;SEPTIN4;HSPA2;ACE,positive mortality association
TGF_BETA_SIGNALING,0.448576350187456,0.636689013169292,0.0161888846368252,0.385049154440872,1.03138702180461,20,D1_center_primary,3875,BMP2;LTBP2;UBE2D3;RHOA;PPP1CA;PPM1A;CDH1;NCOR2;ENG;RAB31,positive mortality association
TNFA_SIGNALING_VIA_NFKB,0.632252901160464,0.843003868213952,0.0110104540947143,0.321673699193802,0.939116982622991,42,D1_center_primary,3875,BMP2;NAMPT;EHD1;B4GALT1;PDLIM5;TNC;MAP2K3;TRIP10;TNFAIP6;IRS2;RELA;PTX3;CCN1;EFNA1;CD44;NFKB1;DNAJB4;MARCKS;TNFAIP8;B4GALT5;LDLR;TLR2;IL6ST;RIGI,positive mortality association
UNFOLDED_PROTEIN_RESPONSE,0.033996600339966,0.106846458211322,0.0769581592091491,0.437029322820341,1.30158652025657,54,D1_center_primary,3875,PAIP1;EEF2;KHSRP;EIF4A3;TARS1;FUS;STC2;NPM1;DNAJA4;SHC1;SEC31A;LSM4;EIF4A1;EIF4G1;SLC7A5;EIF4A2;RPS14;LSM1;HYOU1;DCTN1;EIF4E;EIF2S1;IARS1;HSPA5;HSP90B1;SRPRA;DKC1;PDIA6,positive mortality association
UV_RESPONSE_DN,0.928407159284072,0.972617024011885,0.00400627661611152,0.255389621782369,0.755027920781631,49,D1_center_primary,3875,COL1A2;COL1A1;EFEMP1;SRI;COL3A1;NOTCH2;NRP1;PDLIM5;MAPK14;MAP1B;ATRN;SLC7A1;CCN1;FBLN5;NFKB1;PRKCA;LDLR;GRK5;PIK3CD;CELF2;COL5A2;NEK7;WDR37,positive mortality association
UV_RESPONSE_UP,0.435656434356564,0.636689013169292,0.0164205735977061,0.341419221999764,1.02480729285511,60,D1_center_primary,3875,SPR;BMP2;TST;YKT6;PDAP1;STIP1;IGFBP2;EIF5;TARS1;PPAT;HMOX1;OLFM1;SULT1A1;EIF2S3,positive mortality association
XENOBIOTIC_METABOLISM,0.0159517699892745,0.0779864310586754,0.111722689770913,0.429652169751939,1.30944412222462,74,D1_center_primary,3875,CBR1;MT2A;MTHFD1;UGDH;BLVRB;ALDH9A1;AHCY;FBLN1;F10;ADH1C;CNDP2;HMOX1;ACP1;PTGES3;GCLC;ALDH2;PGD;CYFIP2;GSTO1;ADH5;NMT1;IDH1;ITIH4;SERPINA6;PDLIM5;DCXR;TKFC;HPRT1;PTGDS;KARS1;ITIH1,positive mortality association
ADIPOGENESIS,0.195380461953805,0.336054394560544,0.0292801952825913,0.370695395567076,1.11565508239252,89,D1_center_primary_PHpass,3394,TST;QDPR;EPHX2;ETFB;PGM1;ANGPTL4;G3BP2;ALDH2;ITIH5;SULT1A1;SUCLG1;REEP5;SPARCL1;ACADS;ACAA2;TALDO1;UBQLN1;NMT1;IDH1;REEP6;DHCR7;GPX4;YWHAG;PFKL;SORBS1;CAVIN1;LAMA4,positive mortality association
ALLOGRAFT_REJECTION,0.2039,0.337219230769231,0.0285114565971186,0.388646909905818,1.13384665956019,56,D1_center_primary_PHpass,3394,INHBB;EIF3A;EIF5A;EIF3D;TRAF2;C2;UBE2N;HCLS1;AARS1;NME1;TIMP1;F2;ABI1;DARS1;HLA-A;RPS3A;WAS;RARS1;ABCE1;EIF4G3;PRKCB;CSK;CD247;STAT1;LCP2;SRGN;RPS9;RPS19;NCK1;CD40;CFP;MMP9,positive mortality association
ANDROGEN_RESPONSE,0.618990263976714,0.786354541816727,0.0113754966601252,0.342481399900385,0.939395329890872,29,D1_center_primary_PHpass,3394,SEC24D;SELENOP;SORD;B4GALT1;PDLIM5;FKBP5;PA2G4;H1-0;RAB4A;PTK2B;TNFAIP8;SMS;RPS6KA3;GSR,positive mortality association
ANGIOGENESIS,0.132252735907495,0.258493983819196,0.0376471513771701,0.503767982254666,1.26654865841062,15,D1_center_primary_PHpass,3394,POSTN;LUM;COL3A1;NRP1;LRPAP1;TIMP1,positive mortality association
APICAL_JUNCTION,0.724927507249275,0.865885633658856,0.00888699527341343,0.3080085650224,0.913552795240221,71,D1_center_primary_PHpass,3394,WASL;FSCN1;MYH10;EVL;PCDH1;B4GALT1;VASP;ZYX;CD99;MAPK14;MMP2;CTNNA1;CAP1;SYK;NECTIN2;CDH1;RAC2;EPB41L2;YWHAH;NF2;RRAS;INPPL1;CD274;PIK3CB;ARPC2;PFN1;CRAT;ACTB;MMP9;ADAM9;GNAI2;TUBG1;ACTA1;PECAM1;ACTN4;ICAM2;CTNND1;CNN2;FYB1;RHOF;MDK;LIMA1;MYL9;SKAP2,positive mortality association
APOPTOSIS,0.076,0.181555555555556,0.0503221564896615,0.421342883181428,1.22923457886361,56,D1_center_primary_PHpass,3394,LGALS3;LUM;ETF1;HMOX1;IGF2R;BAX;TIMP1;TNFSF10;F2;GPX4;PLCB2;BCL2L1;LMNA;MMP2;DPYD;DCN;GPX1;DNAJA1;PLAT;BGN;FDXR;RELA;SPTAN1;DNM1L;H1-0;CD38;CD14;TIMP3;ANXA1;ENO2;RHOT2;GSR,positive mortality association
BILE_ACID_METABOLISM,0.0303515977161174,0.0870079134528699,0.0816849181752493,0.490926344255173,1.36477904880354,33,D1_center_primary_PHpass,3394,ALDH9A1;EPHX2;AGXT;APOA1;IDH1;SERPINA6;ALDH1A1;HSD17B4;HAO1;PFKM;ACSL1;ISOC1;PRDX5;FDXR;GC;GCLM;SCP2,positive mortality association
CHOLESTEROL_HOMEOSTASIS,0.0284880209381921,0.0870079134528699,0.0846140864395759,0.516787888813982,1.40071366969598,26,D1_center_primary_PHpass,3394,LGALS3;ACSS2;ACAT2;ALDOC;DHCR7;FASN;LSS;S100A11;FDPS;PMVK;NIBAN1;GSTM2;ADH4,positive mortality association
COAGULATION,0.186181381861814,0.33357497583575,0.0301659967174125,0.379217734537458,1.12876640646633,75,D1_center_primary_PHpass,3394,HMGCS2;CRIP2;F9;C1S;F10;CTSB;CAPN2;C2;MMP1;A2M;APOA1;CFI;LTA4H;CSRP1;PRSS23;TIMP1;F2;C9;FN1;PEF1;RAC1;F8;FGA;MMP2;GNG12;FGG;ITIH1;ARF4;C1R;PLAT;SERPING1;SIRT2;C8A;C8G;CFB;PROS1;TIMP3;ANXA1,positive mortality association
COMPLEMENT,0.554244575542446,0.786354541816727,0.0129384085921383,0.328437191537132,0.984862246688432,84,D1_center_primary_PHpass,3394,LGALS3;C1S;F10;CTSB;XPNPEP1;USP14;C2;LTA4H;CSRP1;TIMP1;F2;C9;FN1;F8;LAP3;CP;ITIH1;LIPA;WAS;GRB2;C1R;PLAT;HSPA5;VCPIP1;SERPING1;HSPA1A;PPP2CB;GZMK;USP15;CFB;CALM1;COL4A2;LCP2;PRKCD;GNB2;PFN1;F7;FCER1G;GNB4;C1QC;S100A9;CD55;ADAM9;CD46;GNAI2;DOCK10;USP16;LYN,positive mortality association
DNA_REPAIR,0.0131440266423897,0.0537920644879794,0.120674297088992,0.494631281369404,1.39561637666754,38,D1_center_primary_PHpass,3394,APRT;BOLA2;AK1;EDF1;UMPS;RBX1;HCLS1;NME3;NME1;NT5C;DCTN4;GPX4;ITPA;UPF3B;HPRT1;TSG101;GMPR2;VPS28,positive mortality association
E2F_TARGETS,0.112391064810177,0.230134085087506,0.0405925238683272,0.446166665141712,1.24034679333372,33,D1_center_primary_PHpass,3394,SRSF1;ILF3;SYNCRIP;CSE1L;PRPS1;SRSF2;NME1;PRDX4;CTPS1;PAICS;XPO1;GSPT1;RAN;EIF2S1;PA2G4;NASP;LBR;RANBP1;IPO7;AK2;SMC3;TUBB;LMNB1;SMC1A,positive mortality association
EPITHELIAL_MESENCHYMAL_TRANSITION,0.00565528292461759,0.0468805454562502,0.129006250027651,0.453173703071601,1.35451343298412,80,D1_center_primary_PHpass,3394,NNMT;COL1A2;POSTN;LOX;COL1A1;LUM;COL6A2;TGM2;IGFBP2;COL6A3;FBLN1;COLGALT1;COL3A1;ECM1;ELN;MMP1;BASP1;TIMP1;PVR;FERMT2;FN1;WIPF1;TNC;PLOD1;MMP2;DCN;FSTL1;BGN;PLOD3;PTX3;CCN1;VEGFC;COPA;VIM;FBLN5;MGP;SERPINH1;COL4A2;PCOLCE2;TIMP3;ENO2,positive mortality association
ESTROGEN_RESPONSE_EARLY,0.00849115992382357,0.0481162722810454,0.120674297088992,0.512597711616327,1.44270324259335,37,D1_center_primary_PHpass,3394,BLVRB;INHBB;TGM2;CCN5;ABAT;THSD4;SLC7A5;PRSS23;FLNB;DHCR7;FASN;B4GALT1;FKBP5;NHERF1;TFF1,positive mortality association
ESTROGEN_RESPONSE_LATE,0.0138444187460519,0.0537920644879794,0.120674297088992,0.492482436121663,1.3967881939095,40,D1_center_primary_PHpass,3394,UGDH;BLVRB;TST;HMGCS2;SORD;ETFB;CCN5;ASS1;SLC7A5;PRSS23;FLNB;DHCR7;FKBP5;DCXR;NHERF1;TFF1;HPRT1,positive mortality association
FATTY_ACID_METABOLISM,0.00298162418348829,0.0320524599724991,0.136831791314999,0.470847553290476,1.39887307904612,73,D1_center_primary_PHpass,3394,CBR1;CBR3;MIF;UGDH;ALDH9A1;GRHPR;ADSL;HMGCS2;LDHA;CRYZ;PRDX6;ADH1C;PSME1;ENO3;ACAT2;SUCLG1;ACADS;SUCLG2;ACAA2;ECI2;IDH1;HMGCL;EHHADH;REEP6;FASN;ALDH1A1;HSD17B4;METAP1;ACSL1;ALDOA;BLVRA;MDH1;HSP90AA1;ACAA1;HSPH1;CPOX;YWHAH,positive mortality association
G2M_CHECKPOINT,0.015011738926878,0.0537920644879794,0.120674297088992,0.490634815963676,1.39154793794457,40,D1_center_primary_PHpass,3394,MT2A;CUL1;SRSF1;G3BP1;PRMT5;ILF3;SYNCRIP;CUL4A;BUB3;SRSF2;PAFAH1B1;SLC7A5;UPF1;HSPA8;XPO1;CUL3;MAPK14;GSPT1;PRP4K;KPNB1;RAD23B;CUL5;TOP1;SLC7A1;HMGN2;DTYMK;NASP,positive mortality association
GLYCOLYSIS,2.38175648128045e-05,0.000512077643475296,0.182442388419998,0.526076967752211,1.56590252599516,75,D1_center_primary_PHpass,3394,PMM2;MIF;AKR1A1;ENO1;ALDH9A1;AGL;PGK1;FUT8;LDHA;AGRN;GMPPA;ANGPTL4;GCLC;GMPPB;PRPS1;PKM;GALK1;TALDO1;PGLS;PGAM1;IDH1;B4GALT1;PYGL;PLOD1;GNPDA1;DCN;RPE;ALDOB;PFKP;PYGB;UGP2;ALDOA;MDH1;GFPT1;IRS2;PSMC4;HDLBP;RARS1;GYS1;HSPA5,positive mortality association
HEME_METABOLISM,0.0378962103789621,0.101846065393461,0.0727383231489883,0.416373247177511,1.24451871901324,80,D1_center_primary_PHpass,3394,HAGH;BLVRB;HTATIP2;FTCD;MYL4;CTSB;SELENBP1;GCLC;ALDH6A1;PGLS;FECH;CAST;BMP2K;MAP2K3;DCUN1D1;FBXO7;RNF123;RBM38;PICALM;SYNJ1;PSMD9;BLVRA;TOP1;CPOX;GCLM;HBZ;TNS1;H1-0;USP15;TRIM58;MARK3;BPGM;BSG;FN3K;DCAF11;GAPVD1;AHSP,positive mortality association
HYPOXIA,9.24590595597352e-05,0.0013252465203562,0.170659227573092,0.520510967110325,1.5405398552672,69,D1_center_primary_PHpass,3394,MT2A;MIF;PKLR;ENO1;LOX;PGK1;GRHPR;TGM2;LDHA;CSRP2;HMOX1;PGM1;SELENBP1;XPNPEP1;ANGPTL4;CCN5;ENO3;NAGK;GAPDH;GALK1;ALDOC;PFKL;DCN;CP;CAVIN1;ALDOB;PFKP;UGP2;ALDOA;IRS2;PRDX5;HDLBP;BGN;GYS1;HSPA5;CCN1;LXN;EFNA1,positive mortality association
IL2_STAT5_SIGNALING,0.018998100189981,0.0628398698591679,0.103804265291514,0.466915178937877,1.34998653793169,50,D1_center_primary_PHpass,3394,AHNAK;AHCY;TGM2;COL6A1;RNH1;IGF2R;ECM1;UMPS;CTSZ;ITIH5;ENO3;NRP1;GSTO1;CYFIP1;TNFSF10;GPX4;MAPKAPK2;BCL2L1,positive mortality association
IL6_JAK_STAT3_SIGNALING,0.6052738336714,0.786354541816727,0.0118599150432868,0.355832605344907,0.939578399374717,21,D1_center_primary_PHpass,3394,HMOX1;A2M;PTPN1;GRB2;CD38;CD14;STAT1;IL6ST;STAM2;STAT3;PTPN11;TYK2;IL17RA,positive mortality association
INFLAMMATORY_RESPONSE,0.640056022408964,0.786354541816727,0.0108265644292737,0.327618658374603,0.937380449340065,44,D1_center_primary_PHpass,3394,NAMPT;SRI;CCL24;TIMP1;PVR;TNFSF10;ABI1;MSR1;SCARF1;RELA;SLC7A1;NMI;BST2;NFKB1;CD14;SELENOS;MARCO;LCP2;CD40;LDLR;CD55;SELL;LYN;EIF2AK2;TAPBP;ATP2B1;CD69;ITGA5;KIF1B,positive mortality association
INTERFERON_ALPHA_RESPONSE,0.939157410187131,0.961518300905872,0.00369614047028081,0.248406348004546,0.694745116520127,35,D1_center_primary_PHpass,3394,C1S;PSME1;PSME2;LAP3;GMPR;LGALS3BP;CNP;NMI;IFI35;BST2;TRIM25;PARP9;TRIM21;CMPK2;SELL,positive mortality association
INTERFERON_GAMMA_RESPONSE,0.592540745925408,0.786354541816727,0.0119636854544207,0.327103780387209,0.969175866609113,70,D1_center_primary_PHpass,3394,MT2A;C1S;NAMPT;PSME1;SRI;PSME2;TNFSF10;LAP3;HLA-A;PFKP;PTPN1;ISOC1;C1R;OAS3;LGALS3BP;SERPING1;MVP;NMI;SELP;IFI35;BPGM;BST2;CFB;CD38;NFKB1;CD274;STAT1;LCP2;TRIM25;VAMP5;HLA-B;CD40;OAS2;TRIM21;STAT3;CMPK2;RIGI,positive mortality association
KRAS_SIGNALING_UP,0.846708024814889,0.888010855293664,0.00615260893357321,0.286099967728156,0.805226675409363,37,D1_center_primary_PHpass,3394,LCP1;ANGPTL4;WDR33;NRP1;SPARCL1;SPON1;EPB41L3;PLAT;CD37;APOD;BPGM;CFB;PIGR;FCER1G;MMP9;ADAM17;RETN;PECAM1;F13A1,positive mortality association
MITOTIC_SPINDLE,0.750924907509249,0.867392563482139,0.00830892873497481,0.303098666945426,0.912733936267762,90,D1_center_primary_PHpass,3394,WASL;WASF2;FSCN1;MYH10;SEPTIN9;ARHGDIA;CD2AP;PAFAH1B1;CDC42;FLNB;MAP1S;PDLIM5;ABI1;ARL8A;YWHAE;ARF6;CAPZB;DYNC1H1;EZR;SOS1;MYO1E;MAPRE1;SPTAN1;EPB41L2;STAU1;CLIP1;ARHGEF2;SORBS2;PREX1;AKAP13;ARHGEF7;RHOT2;SMC3;NCK1;DYNLL2;CLASP1;KATNB1;HDAC6;ARHGAP4;KIF5B;SPTBN1;LMNB1;SMC1A;CKAP5;ACTN4;ROCK1;CLIP2;KLC1;WASF1;RHOF;MYO9B;HOOK3;ALS2;TUBA4A,positive mortality association
MTORC1_SIGNALING,0.00895186461042705,0.0481162722810454,0.120674297088992,0.425541344289432,1.29051538184366,103,D1_center_primary_PHpass,3394,PHGDH;ENO1;PGK1;YKT6;PDAP1;ETF1;STIP1;LDHA;QDPR;SORD;NAMPT;PGM1;CCT6A;USO1;GCLC;UBE2D3;GAPDH;ATP6V1D;PPA1;LTA4H;SLC7A5;NMT1;IDH1;DHCR7;EPRS1;COPS5;MAP2K3;NHERF1;HSPA4;PFKL;HPRT1;ARPC5L;EIF2S2;NIBAN1;GSK3B;TXNRD1;PSMC2;PSMC6;RAB1A;PITPNB;CACYBP;ALDOA;PSMC4;FDXR;SLC1A5;HSPA5;HSP90B1,positive mortality association
MYC_TARGETS_V1,6.36728750432257e-09,2.7379336268587e-07,0.241348594177983,0.559664465878823,1.69653923838244,102,D1_center_primary_PHpass,3394,CNBP;RACK1;SERBP1;PGK1;ETF1;CUL1;LDHA;GLO1;EIF3B;SRSF1;G3BP1;RPLP0;EIF4H;EIF3D;PABPC4;HNRNPA2B1;SYNCRIP;ACP1;PTGES3;CCT3;PABPC1;CCT4;BUB3;EIF4A1;ILF2;HSP90AB1;SRSF2;CCT7;PRPS2;LSM7;NME1;LSM2;SF3A1;PRDX4;CCT2;EPRS1;EIF1AX;CTPS1;TOMM70;TCP1;COPS5;RPS6;RPS3;XPO1;EEF1B2;YWHAE;CCT5;PSMD8;GSPT1;RAN;HPRT1;PSMA1;EIF4E;EIF2S1;KARS1;RPL22;EIF2S2;KPNB1;RPS5;PSMC6;RAD23B;PSMA6;PSMA7;PA2G4;PCBP1;PSMC4;IARS1;PSMD3;ABCE1;YWHAQ;AIMP2;IMPDH2;RUVBL2,positive mortality association
MYOGENESIS,0.103289671032897,0.230134085087506,0.0425173739246544,0.405937662071686,1.19434664330403,63,D1_center_primary_PHpass,3394,AEBP1;COL1A1;AGL;COL6A2;SOD3;COL6A3;MAPRE3;AGRN;MYL4;AK1;COL3A1;GABARAPL2;MYL6B;MYL1;ENO3,positive mortality association
OXIDATIVE_PHOSPHORYLATION,0.999500049995001,0.999500049995001,0.000322660960096746,0.182750378507655,0.549670623900582,88,D1_center_primary_PHpass,3394,LDHA;ETFB;ATP6V1D;SUCLG1;ALDH6A1;ACAA2;ACAT1;BAX;IDH1;TOMM70;GPX4;ATP6V1E1;ATP6V1F;ATP6V1H;ATP6V1G1;MDH1;ACAA1;LDHB,positive mortality association
P53_PATHWAY,0.178235647129426,0.333223166372405,0.0309870513509388,0.406074111519773,1.1647103184521,45,D1_center_primary_PHpass,3394,HINT1;RACK1;INHBB;GM2A;AK1;CDKN2AIP;HMOX1;EPS8L2;ABAT;BAX;RPS12;DCXR;TCN2;MAPKAPK3;TNNI1;LDHB;FDXR,positive mortality association
PEROXISOME,0.0146026849328538,0.0537920644879794,0.120674297088992,0.477849863771828,1.37057904263586,45,D1_center_primary_PHpass,3394,CNBP;ALDH9A1;EPHX2;CTBP1;PABPC1;IDE;ECI2;IDH1;HMGCL;EHHADH;SERPINA6;VPS4B;CTPS1;ALDH1A1;HSD17B4;FDPS;FIS1;ACSL1;ISOC1;PRDX5;ACAA1;YWHAH;SCP2;MVP,positive mortality association
PI3K_AKT_MTOR_SIGNALING,0.1112,0.230134085087506,0.0407976722761687,0.411083642338389,1.19782447694577,55,D1_center_primary_PHpass,3394,PIN1;ARHGDIA;TRAF2;UBE2N;UBE2D3;CFL1;PRKAG1;RAC1;MAP2K3;DUSP3;EIF4E;PPP1CA;GSK3B;MAPK1;GRB2;ARF1;YWHAB;HSP90B1;AP2M1;ACTR2;PRKAR2A;GRK2;CAB39;PRKCB;ARPC3;RALB;RIT1;ACTR3;RPS6KA3;NCK1;PFN1,positive mortality association
PROTEIN_SECRETION,0.832116788321168,0.888010855293664,0.00648019717542161,0.28949097538077,0.85518151606201,67,D1_center_primary_PHpass,3394,SEC24D;YKT6;IGF2R;USO1;RAB5A;SEC31A;SNX2;VPS4B;ARCN1;TSG101;AP2S1;ATP6V1H;RAB14;MAPK1;NAPA;RAB2A;ARF1;AP2B1;AP2M1;COPB2;DNM1L;COPE;COPB1;RPS6KA3;OCRL;GNAS;AP3S1;VPS45;STX12;AP1G1;CLTC;STX7;AP3B1;ADAM10;SNAP23,positive mortality association
REACTIVE_OXYGEN_SPECIES_PATHWAY,0.260499949397834,0.400053493718103,0.0245080243927906,0.425862220964341,1.13731651587767,23,D1_center_primary_PHpass,3394,PRDX6;GCLC;PRDX4;GPX4;PFKP;TXNRD1;OXSR1;GCLM;PTPA;MBP;G6PD;SELENOS;GSR;MSRA;MGST1;PDLIM1;LAMTOR5;PRNP;FES;NDUFS2,positive mortality association
SPERMATOGENESIS,0.249087221095335,0.396694463225903,0.025288515200828,0.436220292781991,1.15184263136762,21,D1_center_primary_PHpass,3394,PEBP1;STRBP;IDE;TALDO1;CLPB;HSPA1L;NF2;PRKAR2A;HBZ;GSTM3;MTOR;STAM2;SEPTIN4;HSPA2,positive mortality association
TGF_BETA_SIGNALING,0.76653296307724,0.867392563482139,0.00843553051109676,0.324480769188509,0.823857038535387,16,D1_center_primary_PHpass,3394,UBE2D3;RHOA;PPP1CA;PPM1A;CDH1;RAB31;SMAD1;SPTBN1,positive mortality association
TNFA_SIGNALING_VIA_NFKB,0.635170340681363,0.786354541816727,0.0109655293991158,0.336964989461357,0.934099186482046,32,D1_center_primary_PHpass,3394,NAMPT;B4GALT1;PDLIM5;TNC;MAP2K3;TRIP10;IRS2;RELA;PTX3;CCN1;EFNA1;NFKB1;DNAJB4;TNFAIP8;B4GALT5;LDLR;IL6ST;RIGI,positive mortality association
UNFOLDED_PROTEIN_RESPONSE,0.0529052905290529,0.133819264279369,0.0610747871837814,0.441519239919391,1.26998166694024,47,D1_center_primary_PHpass,3394,PAIP1;EEF2;KHSRP;EIF4A3;TARS1;DNAJA4;SEC31A;LSM4;EIF4A1;EIF4G1;SLC7A5;EIF4A2;RPS14;LSM1;HYOU1;DCTN1;EIF4E;EIF2S1;IARS1;HSPA5;HSP90B1;SRPRA;PDIA6,positive mortality association
UV_RESPONSE_DN,0.832366473294659,0.888010855293664,0.00648019717542161,0.288574804184209,0.827696330654352,45,D1_center_primary_PHpass,3394,COL1A2;COL1A1;EFEMP1;SRI;COL3A1;NRP1;PDLIM5;MAPK14;MAP1B;ATRN;SLC7A1;CCN1;FBLN5;NFKB1;PRKCA;LDLR;GRK5;CELF2;COL5A2;NEK7;WDR37,positive mortality association
UV_RESPONSE_UP,0.31026897310269,0.46005399460054,0.0215114348302808,0.372576045345952,1.08234018605467,53,D1_center_primary_PHpass,3394,SPR;TST;YKT6;PDAP1;STIP1;IGFBP2;EIF5;TARS1;PPAT;HMOX1;SULT1A1;EIF2S3;AGO2;ATP6V1F;AP2S1;ALDOA;DNAJA1;ACAA1;PSMC3;MGAT1;CNP;BSG;ATP6V1C1;ENO2;PRKCD;DNAJB1;EPHX1;MARK2;GGH;IL6ST;HSPA2;APOM;LYN;RAB27A;CASP3;CLTB;C4BPB;RPN1,positive mortality association
XENOBIOTIC_METABOLISM,0.00654147145901165,0.0468805454562502,0.129006250027651,0.460350718205423,1.36248546833407,69,D1_center_primary_PHpass,3394,CBR1;MT2A;MTHFD1;UGDH;BLVRB;ALDH9A1;AHCY;FBLN1;F10;ADH1C;CNDP2;HMOX1;ACP1;PTGES3;GCLC;ALDH2;PGD;GSTO1;ADH5;NMT1;IDH1;ITIH4;SERPINA6;PDLIM5;DCXR;TKFC;HPRT1;PTGDS;KARS1;ITIH1,positive mortality association
ADIPOGENESIS,0.319990176817289,0.521465473331878,0.0372807383739711,-0.219399293717169,-1.0609118556836,94,D1_median_center_sensitivity,3875,UQCRC1;MTCH2;ESYT1;IMMT;RIOK3;GPD2;STAT5A;SAMM50;CYC1;LPCAT3;MYLK;CHUK;AGPAT3;RTN3;DHRS7;JAGN1;CAVIN2;ADCY6;SLC25A1;PREB;APOE;NDUFB7;ANGPT1;ACOX1;MGST3;RMDN3;GPAT4;ARAF;SLC25A10;MIGA2;LTC4S;CD36,negative mortality association
ALLOGRAFT_REJECTION,0.0605431586230756,0.140205209442912,0.0758099300882185,0.310149816649162,1.34763389748843,70,D1_median_center_sensitivity,3875,INHBB;EIF3A;EIF3D;EIF5A;STAB1;CAPG;TRAF2;PTPN6;C2;IL16;NPM1;UBE2N;F2;AARS1;HCLS1;NME1,positive mortality association
ANDROGEN_RESPONSE,0.180501513186338,0.345307242617342,0.0478123851715253,-0.325538280312849,-1.21019722734101,30,D1_median_center_sensitivity,3875,IQGAP2;INPP4B;ACSL3;SPCS3;VAPA;ACTN1;ITGAV;LMAN1;STK39;MYL12A,negative mortality association
ANGIOGENESIS,0.292514395393474,0.509741106351276,0.0340301242667663,0.368620487580701,1.13322541005265,17,D1_median_center_sensitivity,3875,POSTN;LUM;COL3A1;NRP1;LRPAP1;VCAN,positive mortality association
APICAL_JUNCTION,0.301210653753027,0.509741106351276,0.0382841005834183,-0.226305560973882,-1.07339921408524,85,D1_median_center_sensitivity,3875,CLDN5;JAM3;RSU1;STX4;ITGB1;PTK2;RASA1;IKBKG;MYH9;ITGA2;LDLRAP1;ACTN1;NEXN;EXOC4;FYB1;SKAP2;ACTN2;SRC;DLG1;CTNND1;GNAI1;RHOF;MYL9;VCL;LIMA1;TUBG1;CNN2;ICAM2;AKT2;PECAM1;ICAM4;ACTN4;GNAI2;NF1;ACTA1,negative mortality association
APOPTOSIS,0.586503067484663,0.782669999359098,0.0203473189263686,0.222028989886436,0.930083032255598,59,D1_median_center_sensitivity,3875,LGALS3;LUM;BMP2;ETF1;HMOX1;IGF2R;F2;TNFSF10;PLAT;BAX;MMP2;GPX4;DCN;TIMP1;LMNA;BGN;PLCB2;DPYD;FDXR;BCL2L1,positive mortality association
BILE_ACID_METABOLISM,0.728629329403095,0.890546958159339,0.0178382383085665,0.22521019300159,0.832337726809899,33,D1_median_center_sensitivity,3875,ALDH9A1;EPHX2;AGXT;APOA1;SERPINA6;ALDH1A1;IDH1;HAO1,positive mortality association
CHOLESTEROL_HOMEOSTASIS,0.348711243929772,0.547974811889642,0.030116310246396,0.303236449135174,1.07295151405956,28,D1_median_center_sensitivity,3875,LGALS3;ACSS2;ACAT2;S100A11;ALDOC;ADH4;DHCR7;FASN;LSS;PMVK;FDPS;GSTM2;LPL,positive mortality association
COAGULATION,0.00286519141552782,0.0126068422283224,0.136831791314999,0.367685161391479,1.65855013817712,85,D1_median_center_sensitivity,3875,CRIP2;F9;HMGCS2;F10;C1S;CTSB;CAPN2;MMP1;C2;PRSS23;MMP3;LRP1;A2M;APOA1;FBN1;CFI;F2;LTA4H;C9;FGA;FGG;PLAT;FN1;CSRP1;PEF1;ITIH1;MMP2;VWF;GNG12;C1R;C8A;TIMP1;RAC1;SERPING1;C8G,positive mortality association
COMPLEMENT,0.668635059895394,0.840569789582781,0.0178084284938846,0.195469992442184,0.901028308735713,97,D1_median_center_sensitivity,3875,LGALS3;F10;C1S;XPNPEP1;CTSB;C2;USP14;LRP1;EHD1;F2;LTA4H;PLA2G7;C9;PLAT;FN1;CSRP1;ITIH1;C1R;TIMP1;COL4A2;SERPING1;LIPA;C1QC;LAP3;CP;CDH13;F8;GNG2;WAS;CFB;GZMK;F7,positive mortality association
DNA_REPAIR,0.0699463327370304,0.153881932021467,0.0715673164948964,0.343398474194411,1.37321075974161,47,D1_median_center_sensitivity,3875,ALYREF;SRSF6;APRT;BOLA2;AK1;EDF1;UMPS;NUDT21;RBX1;NT5C;HCLS1;NME1;NME3;GPX4;DCTN4;SF3A3;ITPA;UPF3B;GMPR2;HPRT1;SUPT5H;TSG101,positive mortality association
E2F_TARGETS,0.00408809874201415,0.0158551361411195,0.129006250027651,0.419839204729578,1.69570554734982,49,D1_median_center_sensitivity,3875,HMGA1;SRSF1;ILF3;SYNCRIP;CSE1L;NUDT21;PRPS1;DNMT1;HNRNPD;SRSF2;NME1;RAD50;PRDX4;CTPS1;RAN;TMPO;PAICS;XPO1;EIF2S1;GSPT1,positive mortality association
EPITHELIAL_MESENCHYMAL_TRANSITION,0.000139171857704988,0.00153089043475487,0.164451346566605,0.393450030282437,1.82905424319088,102,D1_median_center_sensitivity,3875,NNMT;POSTN;COL1A2;LOX;COL1A1;LGALS1;LUM;IGFBP2;COL6A2;TGM2;COL6A3;FBLN1;COLGALT1;ELN;COL3A1;CAPG;THBS2;ECM1;VCAM1;ABI3BP;MMP1;LAMC2;MMP3;LRP1;BASP1;NOTCH2;FBN1;TNC;VCAN;PVR;FN1;MATN2;MGP;IGFBP4;FERMT2;MMP2;CCN1;DCN;WIPF1;TIMP1;COL4A2,positive mortality association
ESTROGEN_RESPONSE_EARLY,0.00928169262639612,0.027226298370762,0.120674297088992,0.40145352246895,1.62817106719343,50,D1_median_center_sensitivity,3875,BLVRB;INHBB;TGM2;STC2;OLFM1;CCN5;PRSS23;THSD4;PODXL;ABAT;TFF1;B4GALT1;FLNB;IGFBP4;MYBBP1A;SLC7A5;NCOR2;FKBP5;DHCR7;FASN,positive mortality association
ESTROGEN_RESPONSE_LATE,0.00432412803848713,0.0158551361411195,0.129006250027651,0.414213412881214,1.70033865405676,53,D1_median_center_sensitivity,3875,UGDH;BLVRB;TST;HMGCS2;OLFM1;CCN5;SORD;PTPN6;ETFB;LAMC2;PRSS23;ASS1;TFF1;FLNB;IGFBP4;SLC7A5;CDH1;DCXR;NCOR2;FKBP5;DHCR7;CXCL14,positive mortality association
FATTY_ACID_METABOLISM,0.00145135737913472,0.00709552496465864,0.144233372292081,0.387554582958691,1.72189788492492,78,D1_median_center_sensitivity,3875,CBR1;CBR3;MIF;LGALS1;UGDH;ADSL;ALDH9A1;PRDX6;HMGCS2;GRHPR;LDHA;CRYZ;ADH1C;ENO3;PSME1;REEP6;SUCLG1;ACAT2;ACAA2;ECI2;ALDH1A1;EHHADH;ACADS;IDH1;SUCLG2,positive mortality association
G2M_CHECKPOINT,6.33614435185782e-05,0.000929301171605814,0.170659227573092,0.485284206802654,2.02656513174108,58,D1_median_center_sensitivity,3875,MT2A;HMGA1;CUL1;PRMT5;EWSR1;G3BP1;SRSF1;ILF3;SYNCRIP;NOTCH2;CUL4A;NCL;BUB3;HNRNPD;SRSF2;PAFAH1B1;SFPQ;SLC7A5;UPF1;HSPA8;TMPO;PRP4K;MAPK14;XPO1;CUL3;GSPT1;HMGB3;MARCKS;SRSF10;TOP1;RAD23B;NASP;HMGN2;KPNB1;RBM14;SLC7A1;CUL5;DKC1,positive mortality association
GLYCOLYSIS,0.00137332661669208,0.00709552496465864,0.144233372292081,0.38907867433275,1.73688466973536,80,D1_median_center_sensitivity,3875,PMM2;MIF;ENO1;PGK1;AKR1A1;FUT8;ALDH9A1;STC2;AGL;LDHA;GMPPA;AGRN;ANGPTL4;GCLC;PRPS1;GMPPB;VCAN;GALK1;PKM;IDH1;B4GALT1;TALDO1;PGLS;PGAM1;B3GALT6;ALDOB;PYGL;DCN;GNPDA1;RPE;PLOD1,positive mortality association
HEME_METABOLISM,0.916368591381366,0.992913872639939,0.0133709021026481,0.166850450449279,0.751458763521246,84,D1_median_center_sensitivity,3875,GMPS;HAGH;BLVRB;HTATIP2;FTCD;MYL4;CTSB;SELENBP1;GCLC;ALDH6A1;PGLS;FECH;FBXO7;CAST;RNF123;BPGM;HBZ;BMP2K;DCUN1D1;MAP2K3;KHNYN;SYNJ1;PICALM;RBM38;PSMD9;AHSP;TOP1,positive mortality association
HYPOXIA,0.000194033214686971,0.00170749228924535,0.164451346566605,0.434290348953372,1.89681414067093,72,D1_median_center_sensitivity,3875,MT2A;MIF;LOX;PKLR;ENO1;PGK1;TGM2;STC2;GRHPR;LDHA;CSRP2;CCN5;ANGPTL4;XPNPEP1;HMOX1;ENO3;SELENBP1;PGM1;TES;GAPDH;NAGK;GALK1;B3GALT6;ALDOC;ALDOB;CCN1;DCN;CAVIN1;EFNA1;BGN;LXN;UGP2;PFKL;CP,positive mortality association
IL2_STAT5_SIGNALING,0.0274791550423945,0.0755676763665848,0.111722689770913,0.356956254844892,1.48065269290677,56,D1_median_center_sensitivity,3875,AHNAK;BMP2;COL6A1;TGM2;RNH1;AHCY;CAPG;ITIH5;ECM1;ENO3;UMPS;NRP1;IGF2R;CTSZ;GSTO1;TNFSF10;CYFIP1,positive mortality association
IL6_JAK_STAT3_SIGNALING,0.939844760672704,0.992913872639939,0.0164138967067338,-0.178288747701666,-0.656891074505314,29,D1_median_center_sensitivity,3875,CD9;ITGB3;PDGFC;STAT3;CD36;PLA2G2A;CXCL10;EBI3;STAT2;TGFB1;IL17RA;IL6ST;CXCL9,negative mortality association
INFLAMMATORY_RESPONSE,0.940332458442695,0.992913872639939,0.0133870474847746,0.171304958687001,0.710572079759203,56,D1_median_center_sensitivity,3875,CCL24;STAB1;NAMPT;SRI;TNFSF10;PVR;MSR1;TNFAIP6;ABI1;TIMP1;SELENOS;MARCO;BST2;C5AR1;CD14;SELL,positive mortality association
INTERFERON_ALPHA_RESPONSE,0.558550596553248,0.782669999359098,0.0248065053712848,-0.241503755976471,-0.941148248305,36,D1_median_center_sensitivity,3875,TAP1;RNF31;CD47;PARP12;DDX60;TRIM5;UBA7;PLSCR1;SAMD9,negative mortality association
INTERFERON_GAMMA_RESPONSE,0.970347648261759,0.992913872639939,0.0125476227856887,0.153272792906998,0.684224507406468,80,D1_median_center_sensitivity,3875,MT2A;C1S;PTPN6;NAMPT;SRI;VCAM1;PSME1;PSME2,positive mortality association
KRAS_SIGNALING_DN,0.587002499519323,0.782669999359098,0.021765354633772,0.305252121074981,0.906885239631436,15,D1_median_center_sensitivity,3875,SELENOP;IGFBP2;LFNG,positive mortality association
KRAS_SIGNALING_UP,0.540874865543206,0.782669999359098,0.0219514963412754,0.240148534160711,0.952089154869185,45,D1_median_center_sensitivity,3875,BMP2;ANGPTL4;LCP1;NRP1;ADAMDEC1;WDR33;SPARCL1;SPON1;PLAT,positive mortality association
MITOTIC_SPINDLE,0.123314537876931,0.258373317456426,0.0627208096593469,-0.248739476577613,-1.21001265560135,98,D1_median_center_sensitivity,3875,CYTH2;ARHGEF12;CDC27;MYO9B;NCK2;RABGAP1;RASA1;TLK1;MYH9;TBCD;FLNA;LRPPRC;CTTN;FGD4;ARFGEF1;TUBGCP3;CSNK1D;CKAP5;KLC1;ROCK1;TUBGCP2;ATG4B;RICTOR;DLG1;ARHGAP10;RANBP9;HOOK3;RHOF;VCL;OPHN1;RAB3GAP1;CDC42BPA;TUBA4A;KIF5B;ARHGEF7;ACTN4;CEP131;DYNLL2;EPB41;NF1,negative mortality association
MTORC1_SIGNALING,0.0426492724535876,0.110386352232815,0.0892755851408452,0.288017465429847,1.35365222558715,110,D1_median_center_sensitivity,3875,GMPS;PHGDH;PDAP1;ENO1;PGK1;YKT6;STIP1;ETF1;LDHA;SORD;CCT6A;QDPR;NAMPT;PGM1;TES;USO1;GCLC;UBE2D3;GAPDH;LTA4H;PPA1;CORO1A;ATP6V1D;NMT1;IDH1,positive mortality association
MYC_TARGETS_V1,2.41792420505992e-09,1.06388665022637e-07,0.245620582362235,0.472803378972231,2.28131547097909,129,D1_median_center_sensitivity,3875,CNBP;SERBP1;RACK1;PGK1;EIF3B;EIF3D;ETF1;HNRNPA1;LDHA;CUL1;EIF4H;GLO1;G3BP1;RPLP0;SRSF1;PABPC4;HNRNPA2B1;SYNCRIP;PTGES3;ACP1;DHX15;NPM1;CCT3;CCT4;ILF2;PABPC1;EIF4A1;BUB3;CCT7;HNRNPD;SF3A1;SRSF2;LSM7;HSP90AB1;NME1;PRPS2;LSM2;EIF1AX;CCT2;PRDX4;SRSF7;EPRS1;CTPS1;HNRNPR;RAN;TOMM70;COPS5;RPS6;TCP1;SRSF3;RPL22;PSMD8;SNRPA;PSMA1;XPO1;RPS3;EEF1B2;APEX1;EIF2S1;CCT5;GSPT1;HPRT1;EIF4E;EIF2S2;YWHAE;KARS1;PSMA6;RPS5;RNPS1;HNRNPA3;PSMA7;RPL18;RAD23B;RPL34;RPL6;SNRPB2;KPNB1;PA2G4,positive mortality association
MYOGENESIS,0.00564789549545053,0.0191159539846018,0.129006250027651,0.37195248305397,1.61886183726921,71,D1_median_center_sensitivity,3875,AEBP1;COL1A1;LDB3;COL6A2;COL6A3;SOD3;STC2;CSRP3;AGL;COL3A1;MYL3;AGRN;MAPRE3;MYL4;AK1;MYL1;ENO3;MYL6B;GABARAPL2,positive mortality association
OXIDATIVE_PHOSPHORYLATION,1.26059379702597e-05,0.000277330635345714,0.188057309511404,-0.42376089549125,-2.02807832673486,89,D1_median_center_sensitivity,3875,VDAC3;UQCRC1;COX6B1;UQCRB;NDUFA4;COX6C;IMMT;COX4I1;VDAC1;NDUFB1;TIMM9;CPT1A;COX7A2L;CYC1;SLC25A3;PHB2;SLC25A20;SURF1;SDHD;SLC25A12;LRPPRC;ATP5ME;UQCRFS1;ATP5PB;MAOB;MFN2;MTX2;NDUFB7;UQCRH;NDUFA8;SLC25A5;MGST3;VDAC2;NDUFC2;NDUFS8,negative mortality association
P53_PATHWAY,0.14950808151792,0.29901616303584,0.0473191617520585,0.302029693777398,1.23573772676996,52,D1_median_center_sensitivity,3875,HINT1;INHBB;RACK1;BMP2;GM2A;HMOX1;AK1;EPS8L2;CDKN2AIP;ABAT;TNNI1;TCN2;CYFIP2;BAX;DCXR,positive mortality association
PEROXISOME,0.475797776980997,0.721900075419443,0.024005411352952,0.248836576112,0.986533631275339,45,D1_median_center_sensitivity,3875,CNBP;ALDH9A1;EPHX2;CTBP1;SERPINA6;PABPC1;IDE;ECI2;ALDH1A1;EHHADH;IDH1;CTPS1;HMGCL;VPS4B;FIS1;ACAA1;HSD17B4;FDPS,positive mortality association
PI3K_AKT_MTOR_SIGNALING,0.999649061238814,0.999649061238814,0.0125399487417962,0.113318687817922,0.471519359331644,57,D1_median_center_sensitivity,3875,PIN1;TRAF2;ARHGDIA;UBE2D3;UBE2N;CFL1;RAC1;PRKAG1;MAP2K3;DUSP3;EIF4E;RPS6KA1,positive mortality association
PROTEIN_SECRETION,0.000305153689314088,0.00223779372163664,0.157999743098826,-0.409190778337484,-1.86501453205919,70,D1_median_center_sensitivity,3875,GOSR2;SCAMP1;VAMP7;TMED2;STX16;SEC22B;RER1;ZW10;VAMP3;TMX1;ATP7A;SCAMP3;AP3B1;TMED10;BET1;M6PR;ARFGEF1;GBF1;LMAN1;ARFIP1;YIPF6;CLTA;STX12;NAPG;CLTC;AP1G1;ADAM10;SNAP23;ARFGEF2;CLCN3;GLA;VPS45;STX7;AP3S1,negative mortality association
REACTIVE_OXYGEN_SPECIES_PATHWAY,0.964725643896976,0.992913872639939,0.0139490580992562,0.181352815242634,0.609781255860496,23,D1_median_center_sensitivity,3875,PRDX6;GCLC;PRDX4;GPX4;SELENOS;TXNRD1;OXSR1,positive mortality association
SPERMATOGENESIS,0.774729376633072,0.911797522434461,0.017127398564942,0.234186477228381,0.787429321120877,23,D1_median_center_sensitivity,3875,PEBP1;STRBP;IDE;TALDO1;CLPB;HBZ;AGFG1,positive mortality association
TGF_BETA_SIGNALING,0.283885542168675,0.509741106351276,0.0342425086513012,0.352768370854042,1.13747413709146,20,D1_median_center_sensitivity,3875,BMP2;LTBP2;UBE2D3;CDH1;NCOR2;RHOA,positive mortality association
TNFA_SIGNALING_VIA_NFKB,0.787461496647944,0.911797522434461,0.0164573576694934,0.207064130134623,0.808289999313933,42,D1_median_center_sensitivity,3875,BMP2;NAMPT;EHD1;TNC;B4GALT1;CCN1;TNFAIP6;PDLIM5;EFNA1;MAP2K3;TRIP10;PTX3;MARCKS;CD44,positive mortality association
UNFOLDED_PROTEIN_RESPONSE,0.0547848990342406,0.133918642083699,0.0804588724057859,0.33740111435942,1.38821318154164,54,D1_median_center_sensitivity,3875,PAIP1;STC2;TARS1;EEF2;EIF4A3;KHSRP;FUS;SHC1;DNAJA4;NPM1;EIF4G1;EIF4A1;SEC31A;LSM4;SLC7A5;EIF4A2;LSM1;RPS14;HYOU1,positive mortality association
UV_RESPONSE_DN,0.613970588235294,0.794550173010381,0.0238950778648558,-0.218720064705655,-0.920377449293029,49,D1_median_center_sensitivity,3875,ABCC1;ATP2C1;INPP4B;KALRN;DAB2;ITGB3;BDNF;FYN;ADD3;PRKAR2B;DLG1;IGF1R;MIOS;CDC42BPA;LAMC1;WDR37;DYRK1A;PEX14;NEK7;LTBP1;ATP2B1;MGLL;TFPI;FHL2,negative mortality association
UV_RESPONSE_UP,0.00732160594863336,0.0230107615528477,0.129006250027651,0.385646514198661,1.6205375083089,60,D1_median_center_sensitivity,3875,SPR;PDAP1;IGFBP2;BMP2;TST;YKT6;STIP1;TARS1;EIF5;OLFM1;HMOX1;PPAT,positive mortality association
XENOBIOTIC_METABOLISM,0.00113141845402846,0.00709552496465864,0.144233372292081,0.39870243527636,1.74876840726047,74,D1_median_center_sensitivity,3875,CBR1;MT2A;MTHFD1;UGDH;BLVRB;ALDH9A1;FBLN1;F10;AHCY;ADH1C;HMOX1;CNDP2;PTGES3;ACP1;GCLC;PGD;SERPINA6;PTGDS;ITIH4;ALDH2;GSTO1;CYFIP2;NMT1;ADH5;IDH1;IGFBP4;TKFC;DCXR;ITIH1,positive mortality association
ADIPOGENESIS,0.103960396039604,0.269073966220151,0.058872381059619,0.284705790849318,1.26237503792023,94,D3_center_primary,3875,ANGPTL4;ITIH5;LAMA4;ENPP2;REEP6;ETFB;SORBS1;TST;SPARCL1;REEP5;ACAA2;SUCLG1;COL15A1;UBQLN1;G3BP2;QDPR;EPHX2;ME1;LPL;MRPL15;COL4A1;ACADS;IDH1;SDHB;BCL2L13;MIGA2;SULT1A1;PEX14;NMT1;ALDH2;PGM1;CAVIN1,positive mortality association
ALLOGRAFT_REJECTION,0.0762620837808808,0.258117822027597,0.0752539051380473,-0.301177824399333,-1.30877382112786,70,D3_center_primary,3875,ITGAL;PTPRC;CD47;ITGB2;HLA-G;FGR;HLA-E;LYN;TLR2;JAK2;MBL2;CD40LG;F2R;MMP9;CD40;ACHE;TAPBP;TAP1;RPS9;RPS19;CSK;RPS3A;CD4;FYB1;HLA-A;LY75;STAT1;ELANE;UBE2N;SRGN;NME1;FLNA;TAP2,negative mortality association
ANDROGEN_RESPONSE,0.824111470113086,0.884412309389653,0.0173767215706435,0.217082489243596,0.759056948548876,30,D3_center_primary,3875,SELENOP;SORD;SEC24D,positive mortality association
ANGIOGENESIS,0.0989443179465949,0.269073966220151,0.0644263908163349,0.464847399246477,1.39278673651979,17,D3_center_primary,3875,VCAN;POSTN;COL3A1;LRPAP1;NRP1;COL5A2;LPL,positive mortality association
APICAL_JUNCTION,0.214062212405669,0.386888233870164,0.0397781136793806,0.264431218083318,1.15314477894189,85,D3_center_primary,3875,WASL;VCAN;LAMC2;FBN1;ADAMTS5;MYH10;MDK;CTNNA1;TNFRSF11B;VCAM1;FSCN1;MMP2;B4GALT1;ICAM1;NF2;AKT2;SHC1;ZYX;VASP;TSC1;LDLRAP1,positive mortality association
APOPTOSIS,0.421789294495934,0.598668676058744,0.026933847286694,0.251589058039096,1.01976811321884,59,D3_center_primary,3875,LGALS3;HMOX1;HGF;LMNA;ETF1;PLAT;BMP2,positive mortality association
BILE_ACID_METABOLISM,0.714714714714715,0.806344806344806,0.0193641858152283,-0.232541766941482,-0.84708783464837,33,D3_center_primary,3875,TTR;SERPINA6;GC;FDXR;SLC29A1;DHCR24;GSTK1;GNPAT,negative mortality association
CHOLESTEROL_HOMEOSTASIS,0.303448275862069,0.460404280618312,0.0338208621100742,-0.316403080138945,-1.10914275948139,28,D3_center_primary,3875,CLU;PDK3;NIBAN1;STX5;PLSCR1;ALCAM;CD9,negative mortality association
COAGULATION,0.226026136572796,0.386888233870164,0.0385679879229386,0.262432567662894,1.144428965,85,D3_center_primary,3875,MMP1;CRIP2;PRSS23;CAPN2;FBN1;HTRA1;PLAT;APOA1;C8A;LRP1;FGA;CFD;GNG12;FGG;MMP2;F10;C1R;MMP7;CPN1;PEF1;F2;USP11;HPN;HMGCS2;SERPING1;F8;APOC3;A2M,positive mortality association
COMPLEMENT,0.00187298345067481,0.0274704239432306,0.144233372292081,-0.355778789837519,-1.64726116139203,97,D3_center_primary,3875,CLU;PLG;CTSC;CFB;S100A9;MMP8;GNAI2;F5;GNAI3;FCER1G;LTA4H;CD46;LYN;ITIH1;PLSCR1;USP15;CD59;CDA;GCA;JAK2;ADAM9;CD36;CD55;F7;CASP4;CD40LG;CALM1;CR1;GNG2;GP1BA,negative mortality association
DNA_REPAIR,0.917254251347988,0.944381602408022,0.0162020144259439,-0.180725475572689,-0.720475614330485,47,D3_center_primary,3875,ITPA;CDA;SEC61A1;ADCY6;PNP;CANT1;TARBP2;DAD1;BCAP31;TMED2,negative mortality association
E2F_TARGETS,0.237408688965782,0.386888233870164,0.0384431401020779,0.295253913019404,1.15270016994851,49,D3_center_primary,3875,ILF3;HMGA1;NASP;SRSF2;H2AZ1;EIF2S1;SRSF1;H2AX;DNMT1;RAN;TFRC;NUDT21;HNRNPD;PRDX4;CDKN1A;PAN2;PRPS1,positive mortality association
EPITHELIAL_MESENCHYMAL_TRANSITION,1.3321506261535e-09,5.86146275507539e-08,0.249819528956881,0.529765072299562,2.38339633840494,102,D3_center_primary,3875,LOX;ELN;MMP1;VCAN;COL1A2;MATN2;VEGFC;COL1A1;POSTN;COL6A3;IGFBP2;COL6A2;LAMC2;IGFBP4;ABI3BP;WNT5A;FBN1;COL4A2;HTRA1;COL3A1;SFRP1;COLGALT1;LRP1;TNFRSF11B;NNMT;CCN1;PCOLCE2;THBS2;NOTCH2;TNC;VCAM1;CXCL12;MMP2;COL5A2;COL12A1;CTHRC1;MGP,positive mortality association
ESTROGEN_RESPONSE_EARLY,0.0186838401489381,0.0913432185059197,0.111722689770913,0.394945386358801,1.5503102579423,50,D3_center_primary,3875,INHBB;STC2;PRSS23;IGFBP4;CCN5;OLFM1;THSD4;TFF1;CXCL12;SNX24;ABAT;BLVRB;B4GALT1;FLNB;SEMA3B;MYBBP1A,positive mortality association
ESTROGEN_RESPONSE_LATE,0.00383088157682455,0.0313559909839162,0.136831791314999,0.429574985808472,1.70799001893125,53,D3_center_primary,3875,LSR;ASS1;UGDH;PRSS23;LAMC2;IGFBP4;ETFB;CCN5;OLFM1;TST;SORD;TFF1;MDK,positive mortality association
FATTY_ACID_METABOLISM,0.187441946869775,0.386888233870164,0.0430778341543233,0.275484972504701,1.18089998540859,78,D3_center_primary,3875,CBR1;CBR3;UGDH;REEP6;ADH1C;EPHX1;GRHPR;ACAA1;ACAA2;ETFDH;SUCLG1;EHHADH;ME1;H2AZ1;CRYZ;ENO3;ACADS;IDH1;HMGCS2,positive mortality association
G2M_CHECKPOINT,0.00427581695235221,0.0313559909839162,0.129006250027651,0.415325893885869,1.67969042254323,58,D3_center_primary,3875,MT2A;EWSR1;ILF3;HMGA1;CHMP1A;G3BP1;NASP;CUL1;HMGN2;SRSF2;NOTCH2;SFPQ;H2AZ1;NCL;BUB3;RAD23B;SRSF1;H2AX,positive mortality association
GLYCOLYSIS,0.18070044709389,0.386888233870164,0.0440309113940373,0.275710389242941,1.18587822956182,80,D3_center_primary,3875,ANGPTL4;STC2;VCAN;AGRN;EXT1;NASP;ALDOB;SLC37A4;AGL;B3GALT6;ME1;ENO1;B4GALT1;PYGL;GMPPA;P4HA1;PMM2,positive mortality association
HEME_METABOLISM,0.228962818003914,0.386888233870164,0.0420644872196636,-0.248973298094622,-1.12610041740556,84,D3_center_primary,3875,RIOK3;ALAD;SLC2A1;HBD;ABCB6;USP15;ANK1;EPB42;SLC4A1;ENDOD1;SLC11A2;LPIN2;AHSP;DMTN;SLC30A1;ADD2;KEL;MBOAT2;EPB41;DAAM1;BPGM;SPTB;ICAM4;BSG;PSMD9;ADD1,negative mortality association
HYPOXIA,0.00407306049547671,0.0313559909839162,0.129006250027651,0.391861630881263,1.65392986127641,72,D3_center_primary,3875,LOX;ANGPTL4;STC2;HMOX1;MT2A;CCN5;CSRP2;GRHPR;EXT1;PKLR;CCN1;ALDOB;SLC37A4;B3GALT6;ENO1;P4HA1;ENO3;JMJD6;GAPDH;PGK1,positive mortality association
IL2_STAT5_SIGNALING,0.490391861341372,0.674288809344386,0.0243234666954579,0.243420647288915,0.978444192209251,56,D3_center_primary,3875,AHNAK;ITIH5;COL6A1;CXCL10;FGL2;PRNP;BMP2;NRP1,positive mortality association
IL6_JAK_STAT3_SIGNALING,0.414880952380952,0.598668676058744,0.0280625306368806,-0.290945500889874,-1.02538025574644,29,D3_center_primary,3875,ITGA4;CD38;CD44;IL17RA;PDGFC;TLR2;CD36;ITGB3;CD9,negative mortality association
INFLAMMATORY_RESPONSE,0.0730720068172135,0.258117822027597,0.0766084781008854,-0.322803938177337,-1.33072943518856,56,D3_center_primary,3875,CD48;C5AR1;ITGA5;KCNA3;GNAI3;ATP2C1;LYN;CYBB;ATP2B1;TLR2;SLC11A2;ITGB3;CD55;FPR1;CD40;TAPBP;GP1BA,negative mortality association
INTERFERON_ALPHA_RESPONSE,0.248631109308457,0.390706028913289,0.0386038458652974,-0.308651526101865,-1.15000335295509,36,D3_center_primary,3875,CD47;RNF31;PLSCR1;TRIM5;HLA-C;PARP14;UBA7,negative mortality association
INTERFERON_GAMMA_RESPONSE,0.101424255502805,0.269073966220151,0.0650002507792486,-0.281201089047097,-1.25935962383466,80,D3_center_primary,3875,CFB;CD38;HLA-G;RNF31;HLA-B;MVP;PLSCR1;TNFAIP2;PARP14;JAK2;PNP;RIPK1;CASP4;PSMA2;FPR1;CD274;CD40;PML;TAPBP;ZNFX1;TAP1;VAMP8,negative mortality association
KRAS_SIGNALING_DN,0.0412008281573499,0.18128364389234,0.101377203467264,0.540508683561597,1.56998193318221,15,D3_center_primary,3875,LFNG;IGFBP2;SELENOP;GTF3C5;MYH7,positive mortality association
KRAS_SIGNALING_UP,0.0972815533980583,0.269073966220151,0.0628526173488668,0.347939898496408,1.33499655112702,45,D3_center_primary,3875,ANGPTL4;SPON1;CXCL10;PLAT;ST6GAL1;SPARCL1;ADAMDEC1;BMP2;APOD;WDR33;SLPI;NRP1,positive mortality association
MITOTIC_SPINDLE,0.76696379843551,0.843660178279061,0.0169001599534176,0.190883191509528,0.853005470863946,98,D3_center_primary,3875,WASL;SORBS2;MYH10;EZR;STAU1;WASF2;NOTCH2;CD2AP;FSCN1;ATG4B;SEPTIN9;MAPRE1;MYO1E,positive mortality association
MTORC1_SIGNALING,0.639838129496403,0.806344806344806,0.0228764801286867,-0.194967253788129,-0.921951072289888,110,D3_center_primary,3875,CTSC;NIBAN1;ITGB2;ERO1A;LTA4H;TBK1;PSMD14;SLC2A1;SLC7A5;FDXR;PNP;ACLY;SLC1A5;SEC11A;CD9;DHCR24;SSR1;ACTR3;COPS5;ARPC5L;RPN1;PSMB5;M6PR;CALR;HPRT1;CANX;PSMD13;SLC2A3;TUBG1;PDK1;G6PD;DAPP1;PPA1;PSMC4;CACYBP;USO1;PSMD12;ATP2A2;TUBA4A;ABCF2;PSMC6;RDH11;ACSL3,negative mortality association
MYC_TARGETS_V1,0.14754677020826,0.341687257324391,0.0477811569268953,0.255671054645421,1.19370080346962,129,D3_center_primary,3875,ETF1;CNBP;LSM2;ILF2;PABPC1;PABPC4;LSM7;NPM1;G3BP1;SERBP1;CUL1;SF3A1;DHX15;SRSF2;EIF4H;HNRNPC;HNRNPA1;H2AZ1;EIF2S1;BUB3;RAD23B;EIF3B;EIF1AX;SRSF1;HNRNPA2B1;KARS1;SSB;EPRS1;RAN;PGK1;EIF2S2;HNRNPD;RPLP0,positive mortality association
MYOGENESIS,1.59288979671775e-05,0.000350435755277906,0.182442388419998,0.486782106522673,2.04994817719093,71,D3_center_primary,3875,STC2;AEBP1;COL1A1;COL6A3;COL6A2;MYL6B;AGRN;MYL1;COL4A2;SORBS1;MYL4;TNNI1;COL3A1;LDB3;PRNP;CSRP3;APOD;CFD;MYL3;AGL;SOD3;COL15A1;MYH7;IGF1;AKT2;MAPRE3;ENO3,positive mortality association
OXIDATIVE_PHOSPHORYLATION,0.00574463074478747,0.0315954690963311,0.129006250027651,-0.343703157463444,-1.56775055184772,89,D3_center_primary,3875,UQCRB;SLC25A20;UQCRFS1;ATP5PB;IDH3G;COX7A2L;NDUFB1;LRPPRC;UQCRH;UQCRQ;MTX2;TIMM9;HCCS;OXA1L;TCIRG1;RHOT2;ATP6V1F;SLC25A5;SLC25A12;COX4I1;NDUFB7;NDUFS6;PHB2;MDH1;SLC25A3;RHOT1;NDUFS4;ATP6V1H;UQCRC2;NDUFA7;NDUFA3;ATP6V1C1;COX6A1;COX6C;NDUFC2;CPT1A;ABCB7;TIMM13,negative mortality association
P53_PATHWAY,0.196577946768061,0.386888233870164,0.0424944299209872,0.300519065523169,1.18939483656694,52,D3_center_primary,3875,INHBB;HMOX1;EPS8L2;TNNI1;EPHX1;BMP2;HINT1;TCN2;ABAT;GM2A;DCXR;EI24,positive mortality association
PEROXISOME,0.922918384171476,0.944381602408022,0.0160226152720815,-0.180861124482741,-0.712767309941947,45,D3_center_primary,3875,TTR;SERPINA6;MVP;ACSL4;DHCR24;GSTK1;GNPAT;ACOX1;IDE;ABCC5;HSD17B11;ACSL5;RDH11;PRDX5;CLN6;FDPS;ISOC1;SLC27A2,negative mortality association
PI3K_AKT_MTOR_SIGNALING,0.666168623265742,0.806344806344806,0.0214212990858571,-0.214587149673106,-0.888450238488229,57,D3_center_primary,3875,TBK1;SLC2A1;PIKFYVE;PRKAR2A;RIPK1;ITPR2;YWHAB;ACTR3;CLTC;CALR;PDK1;DAPP1;UBE2N;ARPC3;SQSTM1;ACTR2;PFN1;ACACA;CSNK2B;VAV3;PRKCB;MAPK1,negative mortality association
PROTEIN_SECRETION,0.00543766805095341,0.0315954690963311,0.129006250027651,-0.371466371124073,-1.61421400438813,70,D3_center_primary,3875,CTSC;ADAM10;ATP1A1;GOSR2;SNAP23;TMED10;COPB2;SEC22B;TMX1;GNAS;ARFGAP3;ATP7A;TMED2;ARFGEF2;CLTC;SCAMP3;M6PR;LMAN1;COG2;NAPG;ATP6V1H;ARFGEF1;GBF1;STX12;STX16;VAMP7;OCRL;VAMP3;USO1,negative mortality association
REACTIVE_OXYGEN_SPECIES_PATHWAY,0.949182588142604,0.949182588142604,0.0149608563572569,-0.192012270670732,-0.635501096542303,23,D3_center_primary,3875,ABCC1;MSRA;FES;G6PD;GCLM;GCLC;HMOX2;MPO;SELENOS;PTPA;PRDX6;GSR;TXNRD1,negative mortality association
SPERMATOGENESIS,0.672050423478432,0.806344806344806,0.0200493706916889,-0.259973632939212,-0.860432139195249,23,D3_center_primary,3875,PRKAR2A;JAM3;TSN;SLC12A2;ACE;PHKG2;IDE,negative mortality association
TGF_BETA_SIGNALING,0.684406182743103,0.806344806344806,0.0196716910524353,-0.266097364833836,-0.847963556724886,20,D3_center_primary,3875,NCOR2;ENG,negative mortality association
TNFA_SIGNALING_VIA_NFKB,0.533831628638867,0.711775504851823,0.0236413977831599,0.251842688133856,0.950053871954416,42,D3_center_primary,3875,CXCL10;TNFAIP6;BMP2;CCN1;TNC;B4GALT1;ICAM1;PDLIM5;TRIP10;B4GALT5;RIPK2;DNAJB4;PTX3;MAP2K3;NAMPT;CDKN1A,positive mortality association
UNFOLDED_PROTEIN_RESPONSE,0.236587677725119,0.386888233870164,0.0382139433709702,0.28914584309367,1.15209174494235,54,D3_center_primary,3875,STC2;PAIP1;HYOU1;NPM1;LSM4;KHSRP;DNAJA4;FUS;EIF2S1;EEF2;H2AX;SHC1;SRPRA;LSM1;SEC31A,positive mortality association
UV_RESPONSE_DN,0.711072664359862,0.806344806344806,0.0188317234491806,0.218718938700693,0.853900140502717,49,D3_center_primary,3875,COL1A2;COL1A1;COL3A1;CCN1;NRP1;NOTCH2;IGFBP5;COL5A2,positive mortality association
UV_RESPONSE_UP,0.0612939841089671,0.245175936435868,0.0789035841438956,0.337949227058464,1.37245551210272,60,D3_center_primary,3875,HMOX1;PDAP1;IGFBP2;OLFM1;TST;EPHX1;MGAT1;STIP1;ACAA1;BMP2;SPR;ICAM1;EIF5;PPAT;H2AX;EIF2S3,positive mortality association
XENOBIOTIC_METABOLISM,0.136628534426937,0.333980861932513,0.0555209399162646,-0.276413462623899,-1.21459639638066,74,D3_center_primary,3875,PLG;ACP2;VTN;HRG;CFB;FETUB;VNN1;APOE;SERPINA6;NFS1;ITIH1;CES1;CDA;CD36;SLC1A5;LPIN2;F11;MBL2,negative mortality association
ADIPOGENESIS,0.23957528957529,0.445736811368503,0.0383369304741241,0.255067487705111,1.12042288858575,85,D3_center_primary_PHpass,3732,ANGPTL4;ITIH5;LAMA4;ENPP2;REEP6;ETFB;SORBS1;TST;SPARCL1;COL15A1;UBQLN1;G3BP2;QDPR;EPHX2;ME1;MRPL15;COL4A1;IDH1;SDHB;BCL2L13;MIGA2;PEX14;NMT1;ALDH2;PGM1;CAVIN1,positive mortality association
ALLOGRAFT_REJECTION,0.0626530612244898,0.269408163265306,0.0811334140842608,-0.313046763996899,-1.34476751168413,69,D3_center_primary_PHpass,3732,ITGAL;PTPRC;CD47;ITGB2;HLA-G;FGR;HLA-E;LYN;TLR2;JAK2;MBL2;CD40LG;F2R;MMP9;CD40;ACHE;TAPBP;TAP1;RPS9;RPS19;CSK;RPS3A;CD4;FYB1;HLA-A;LY75;STAT1;ELANE;UBE2N;SRGN;NME1;FLNA;TAP2,negative mortality association
ANDROGEN_RESPONSE,0.748088610076456,0.824815647007374,0.0183678279613653,-0.233876139321995,-0.816742021008165,29,D3_center_primary_PHpass,3732,GNAI3;ITGAV;DHCR24;UBE2J1;SPCS3;TNFAIP8;ABCC4;LMAN1;RAB4A,negative mortality association
ANGIOGENESIS,0.103164556962025,0.336105105604524,0.0636600886299947,0.466085064518862,1.3875691969979,16,D3_center_primary_PHpass,3732,VCAN;POSTN;COL3A1;LRPAP1;NRP1;COL5A2,positive mortality association
APICAL_JUNCTION,0.181359223300971,0.410444557996934,0.0449612426330254,0.269199439710651,1.17404633743883,82,D3_center_primary_PHpass,3732,WASL;VCAN;LAMC2;FBN1;ADAMTS5;MYH10;CTNNA1;TNFRSF11B;VCAM1;FSCN1;MMP2;B4GALT1;ICAM1;NF2;AKT2;SHC1;ZYX;VASP;TSC1;LDLRAP1,positive mortality association
APOPTOSIS,0.385776718315455,0.614385143983873,0.0293924343196176,0.255242369392438,1.04153986267676,58,D3_center_primary_PHpass,3732,LGALS3;HMOX1;HGF;LMNA;ETF1;PLAT,positive mortality association
BILE_ACID_METABOLISM,0.864071973401135,0.906221825762165,0.0162184451049271,-0.204250272424963,-0.732881872926853,32,D3_center_primary_PHpass,3732,TTR;SERPINA6;GC;FDXR;DHCR24;GSTK1;GNPAT,negative mortality association
CHOLESTEROL_HOMEOSTASIS,0.248783336577769,0.445736811368503,0.0376978125856325,-0.346776879329906,-1.16557083280946,25,D3_center_primary_PHpass,3732,CLU;PDK3;NIBAN1;STX5;PLSCR1;ALCAM;CD9,negative mortality association
COAGULATION,0.152330797737468,0.379974082266461,0.0495841253138098,0.277609483447922,1.20559730239615,80,D3_center_primary_PHpass,3732,MMP1;CRIP2;PRSS23;CAPN2;FBN1;HTRA1;PLAT;APOA1;C8A;LRP1;FGA;CFD;GNG12;FGG;MMP2;F10;MMP7;CPN1;PEF1;F2;USP11;HPN;HMGCS2;SERPING1;F8;APOC3;A2M,positive mortality association
COMPLEMENT,0.0050937292670547,0.0338170956153082,0.129006250027651,-0.34907946261283,-1.58266637866568,92,D3_center_primary_PHpass,3732,CLU;PLG;CTSC;CFB;S100A9;MMP8;GNAI2;F5;GNAI3;FCER1G;LTA4H;CD46;LYN;ITIH1;PLSCR1;USP15;CD59;CDA;GCA;JAK2;CD36;CD55;F7;CASP4;CD40LG;CALM1;GNG2;GP1BA,negative mortality association
DNA_REPAIR,0.925713153724247,0.947753943098634,0.0154053345290688,-0.1812563462209,-0.711371057199102,46,D3_center_primary_PHpass,3732,ITPA;CDA;SEC61A1;ADCY6;PNP;CANT1;TARBP2;DAD1;BCAP31;TMED2,negative mortality association
E2F_TARGETS,0.159058918158053,0.379974082266461,0.0492427760728062,0.314218630005785,1.2320155901716,48,D3_center_primary_PHpass,3732,ILF3;HMGA1;NASP;SRSF2;H2AZ1;EIF2S1;SRSF1;H2AX;DNMT1;RAN;TFRC;NUDT21;HNRNPD;PRDX4;CDKN1A;PAN2;PRPS1,positive mortality association
EPITHELIAL_MESENCHYMAL_TRANSITION,2.88611515198333e-09,1.24102951535283e-07,0.245620582362235,0.532112543625417,2.40293839222356,98,D3_center_primary_PHpass,3732,LOX;ELN;MMP1;VCAN;COL1A2;MATN2;VEGFC;COL1A1;POSTN;COL6A3;IGFBP2;COL6A2;LAMC2;IGFBP4;ABI3BP;WNT5A;FBN1;COL4A2;HTRA1;COL3A1;COLGALT1;LRP1;TNFRSF11B;NNMT;CCN1;PCOLCE2;NOTCH2;TNC;VCAM1;CXCL12;MMP2;COL5A2;COL12A1;CTHRC1;MGP,positive mortality association
ESTROGEN_RESPONSE_EARLY,0.0490649507339634,0.234421431284492,0.0913212902305258,0.362359558370728,1.42077070717359,48,D3_center_primary_PHpass,3732,INHBB;STC2;PRSS23;IGFBP4;THSD4;TFF1;CXCL12;SNX24;ABAT;BLVRB;B4GALT1;FLNB;SEMA3B;MYBBP1A,positive mortality association
ESTROGEN_RESPONSE_LATE,0.0226767786192924,0.121887685078697,0.111722689770913,0.390602041272663,1.53751436300429,49,D3_center_primary_PHpass,3732,LSR;ASS1;UGDH;PRSS23;LAMC2;IGFBP4;ETFB;TST;SORD;TFF1;CXCL12;BLVRB;FLNB;DCXR;SEMA3B,positive mortality association
FATTY_ACID_METABOLISM,0.334634908238969,0.55343465593368,0.0317263630408613,0.249152102515392,1.06619715978052,74,D3_center_primary_PHpass,3732,CBR1;CBR3;UGDH;REEP6;ADH1C;EPHX1;GRHPR;ACAA1;ETFDH;EHHADH;ME1;H2AZ1;CRYZ;ENO3;IDH1;HMGCS2,positive mortality association
G2M_CHECKPOINT,0.00316472879141379,0.0338170956153082,0.136831791314999,0.423309402896142,1.72735278398999,58,D3_center_primary_PHpass,3732,MT2A;EWSR1;ILF3;HMGA1;CHMP1A;G3BP1;NASP;CUL1;HMGN2;SRSF2;NOTCH2;SFPQ;H2AZ1;NCL;BUB3;RAD23B;SRSF1;H2AX,positive mortality association
GLYCOLYSIS,0.109429569266589,0.336105105604524,0.0590382721694151,0.290763621009725,1.2603011671721,79,D3_center_primary_PHpass,3732,ANGPTL4;STC2;VCAN;AGRN;EXT1;NASP;ALDOB;SLC37A4;AGL;B3GALT6;ME1;ENO1;B4GALT1;PYGL;GMPPA;P4HA1;PMM2;FUT8;IDH1;PGK1;CHST12;PYGB;UGP2;ALDH9A1,positive mortality association
HEME_METABOLISM,0.289191419141914,0.497409240924092,0.0357347785090555,-0.247180985928921,-1.09073954618997,79,D3_center_primary_PHpass,3732,RIOK3;ALAD;SLC2A1;HBD;ABCB6;USP15;ANK1;EPB42;SLC4A1;ENDOD1;SLC11A2;LPIN2;DMTN;SLC30A1;ADD2;KEL;MBOAT2;EPB41;DAAM1;BPGM;SPTB;ICAM4;BSG;PSMD9;ADD1,negative mortality association
HYPOXIA,0.00550510858853854,0.0338170956153082,0.129006250027651,0.386814439441918,1.63677490630484,70,D3_center_primary_PHpass,3732,LOX;ANGPTL4;STC2;HMOX1;MT2A;CSRP2;GRHPR;EXT1;PKLR;CCN1;ALDOB;SLC37A4;B3GALT6;ENO1;P4HA1;ENO3;JMJD6;GAPDH;PGK1,positive mortality association
IL2_STAT5_SIGNALING,0.592814371257485,0.784826226589081,0.0221988544240694,0.22780787234042,0.920900005114855,55,D3_center_primary_PHpass,3732,AHNAK;ITIH5;COL6A1;CXCL10;FGL2;PRNP;NRP1,positive mortality association
IL6_JAK_STAT3_SIGNALING,0.438149382474025,0.672872265942252,0.026895039772578,-0.289785038592365,-1.01198702340474,29,D3_center_primary_PHpass,3732,ITGA4;CD38;CD44;IL17RA;PDGFC;TLR2;CD36;ITGB3;CD9,negative mortality association
INFLAMMATORY_RESPONSE,0.0804070231444533,0.314318363201045,0.0704483776028406,-0.328702169453502,-1.3347196060661,53,D3_center_primary_PHpass,3732,CD48;C5AR1;ITGA5;KCNA3;GNAI3;ATP2C1;LYN;CYBB;ATP2B1;TLR2;SLC11A2;ITGB3;CD55;FPR1;CD40;TAPBP;GP1BA,negative mortality association
INTERFERON_ALPHA_RESPONSE,0.240275049115914,0.445736811368503,0.0386577899933456,-0.319620145538716,-1.16383168971089,34,D3_center_primary_PHpass,3732,CD47;RNF31;PLSCR1;TRIM5;HLA-C;PARP14;UBA7,negative mortality association
INTERFERON_GAMMA_RESPONSE,0.0949457745037856,0.336105105604524,0.0654401996471083,-0.291815040478035,-1.28294848713533,77,D3_center_primary_PHpass,3732,CFB;CD38;HLA-G;RNF31;HLA-B;MVP;PLSCR1;TNFAIP2;PARP14;JAK2;PNP;RIPK1;CASP4;PSMA2;FPR1;CD274;CD40;PML;TAPBP;ZNFX1;TAP1;VAMP8,negative mortality association
KRAS_SIGNALING_UP,0.119481571486432,0.337308673469388,0.057642075315137,0.336741089728266,1.29470810833445,44,D3_center_primary_PHpass,3732,ANGPTL4;SPON1;CXCL10;PLAT;ST6GAL1;SPARCL1;ADAMDEC1;APOD;WDR33;SLPI;NRP1,positive mortality association
MITOTIC_SPINDLE,0.672856049004594,0.803689169644376,0.0195983892032361,0.199582957515568,0.899422609004789,97,D3_center_primary_PHpass,3732,WASL;SORBS2;MYH10;EZR;STAU1;WASF2;NOTCH2;CD2AP;FSCN1;ATG4B;SEPTIN9;MAPRE1;MYO1E;FLNB,positive mortality association
MTORC1_SIGNALING,0.602308499475341,0.784826226589081,0.0227423732290563,-0.200674357020492,-0.93713290371121,107,D3_center_primary_PHpass,3732,CTSC;NIBAN1;ITGB2;ERO1A;LTA4H;TBK1;PSMD14;SLC2A1;SLC7A5;FDXR;PNP;ACLY;SLC1A5;SEC11A;CD9;DHCR24;SSR1;ACTR3;COPS5;ARPC5L;RPN1;PSMB5;M6PR;CALR;HPRT1;CANX;PSMD13;SLC2A3;TUBG1;PDK1;G6PD;DAPP1;PSMC4;CACYBP;USO1;PSMD12;ATP2A2;TUBA4A;ABCF2;PSMC6;RDH11;ACSL3,negative mortality association
MYC_TARGETS_V1,0.545351259231206,0.756454972481996,0.0226869247386088,0.204961019876643,0.958201399240154,123,D3_center_primary_PHpass,3732,ETF1;CNBP;ILF2;PABPC4;G3BP1;CUL1;SF3A1;DHX15;SRSF2;EIF4H;HNRNPC;HNRNPA1;H2AZ1;EIF2S1;BUB3;RAD23B;EIF3B;EIF1AX;SRSF1;HNRNPA2B1;KARS1;SSB;EPRS1;RAN;PGK1;EIF2S2,positive mortality association
MYOGENESIS,7.00373850541687e-06,0.000150580377866463,0.193509375041476,0.50175892918279,2.11812298398404,69,D3_center_primary_PHpass,3732,STC2;AEBP1;COL1A1;COL6A3;COL6A2;MYL6B;AGRN;MYL1;COL4A2;SORBS1;MYL4;TNNI1;COL3A1;LDB3;PRNP;CSRP3;APOD;CFD;MYL3;AGL;SOD3;COL15A1,positive mortality association
OXIDATIVE_PHOSPHORYLATION,0.00239504959060315,0.0338170956153082,0.136831791314999,-0.371763143394591,-1.6549063554084,82,D3_center_primary_PHpass,3732,UQCRB;SLC25A20;UQCRFS1;ATP5PB;IDH3G;COX7A2L;NDUFB1;LRPPRC;UQCRH;UQCRQ;MTX2;TIMM9;HCCS;OXA1L;TCIRG1;RHOT2;ATP6V1F;SLC25A5;SLC25A12;COX4I1;NDUFS6;PHB2;MDH1;SLC25A3;RHOT1;NDUFS4;ATP6V1H;UQCRC2;NDUFA7;NDUFA3;ATP6V1C1;COX6A1;COX6C;NDUFC2;CPT1A;ABCB7;TIMM13;SDHD;CYB5R3;NDUFA5,negative mortality association
P53_PATHWAY,0.24347651545564,0.445736811368503,0.0388389802276081,0.288471609457577,1.14555648981419,51,D3_center_primary_PHpass,3732,INHBB;HMOX1;EPS8L2;TNNI1;EPHX1;HINT1;TCN2;ABAT;GM2A;DCXR;EI24,positive mortality association
PEROXISOME,0.828791469194313,0.890950829383886,0.0169661682065131,-0.203649437037854,-0.791382541300659,44,D3_center_primary_PHpass,3732,TTR;SERPINA6;MVP;ACSL4;DHCR24;GSTK1;GNPAT;ACOX1;IDE;ABCC5;HSD17B11;ACSL5;RDH11;PRDX5;CLN6;FDPS;ISOC1;SLC27A2,negative mortality association
PI3K_AKT_MTOR_SIGNALING,0.727529222087868,0.823256751309956,0.0191966110466459,-0.208002087151503,-0.858659888034905,57,D3_center_primary_PHpass,3732,TBK1;SLC2A1;PIKFYVE;PRKAR2A;RIPK1;ITPR2;YWHAB;ACTR3;CLTC;CALR;PDK1;DAPP1;UBE2N;ARPC3;SQSTM1;ACTR2;PFN1;ACACA;CSNK2B;VAV3;PRKCB;MAPK1,negative mortality association
PROTEIN_SECRETION,0.0054353727442123,0.0338170956153082,0.129006250027651,-0.377379800881197,-1.62112551272335,69,D3_center_primary_PHpass,3732,CTSC;ADAM10;ATP1A1;GOSR2;SNAP23;TMED10;COPB2;SEC22B;TMX1;GNAS;ARFGAP3;ATP7A;TMED2;ARFGEF2;CLTC;SCAMP3;M6PR;LMAN1;COG2;NAPG;ATP6V1H;ARFGEF1;GBF1;STX12;STX16;VAMP7;OCRL;VAMP3;USO1,negative mortality association
REACTIVE_OXYGEN_SPECIES_PATHWAY,0.95976010833817,0.95976010833817,0.0145417348582866,-0.184778666127099,-0.607578120552285,23,D3_center_primary_PHpass,3732,ABCC1;MSRA;FES;G6PD;GCLM;GCLC;HMOX2;MPO;SELENOS;PTPA;PRDX6;GSR;TXNRD1,negative mortality association
SPERMATOGENESIS,0.691623137937706,0.803778241387063,0.0193431139242589,-0.25722730318142,-0.845799380942602,23,D3_center_primary_PHpass,3732,PRKAR2A;JAM3;TSN;SLC12A2;ACE;PHKG2;IDE,negative mortality association
TGF_BETA_SIGNALING,0.499904049126847,0.716529137081814,0.0243108390832413,-0.316350662136664,-0.971224455512517,18,D3_center_primary_PHpass,3732,NCOR2;ENG,negative mortality association
TNFA_SIGNALING_VIA_NFKB,0.631048387096774,0.798090607210626,0.0213764791521987,0.235859008182525,0.893974301247983,41,D3_center_primary_PHpass,3732,CXCL10;TNFAIP6;CCN1;TNC;B4GALT1;ICAM1;PDLIM5;TRIP10;B4GALT5;RIPK2;DNAJB4;PTX3;MAP2K3;NAMPT;CDKN1A;CCRL2;MARCKS,positive mortality association
UNFOLDED_PROTEIN_RESPONSE,0.479927739863509,0.71161699359072,0.0257401831144075,0.24700203587514,0.9808756769033,51,D3_center_primary_PHpass,3732,STC2;PAIP1;HYOU1;KHSRP;DNAJA4;FUS;EIF2S1;EEF2;H2AX;SHC1,positive mortality association
UV_RESPONSE_DN,0.665260196905767,0.803689169644376,0.0205083132452928,0.224896145712352,0.885251528871739,49,D3_center_primary_PHpass,3732,COL1A2;COL1A1;COL3A1;CCN1;NRP1;NOTCH2;IGFBP5;COL5A2,positive mortality association
UV_RESPONSE_UP,0.227326968973747,0.445736811368503,0.040170145042181,0.285514168309445,1.15838980315534,56,D3_center_primary_PHpass,3732,HMOX1;IGFBP2;TST;EPHX1;MGAT1;STIP1;ACAA1;SPR;ICAM1;EIF5;PPAT;H2AX;EIF2S3,positive mortality association
XENOBIOTIC_METABOLISM,0.125510204081633,0.337308673469388,0.0563823226021518,-0.287061548785578,-1.24194584264907,71,D3_center_primary_PHpass,3732,PLG;ACP2;VTN;HRG;CFB;FETUB;VNN1;APOE;SERPINA6;NFS1;ITIH1;CES1;CDA;CD36;SLC1A5;LPIN2;F11;MBL2,negative mortality association
ADIPOGENESIS,0.142016082711086,0.338205249096338,0.0435598039078413,0.288802749704338,1.21711727697475,94,D3_median_center_sensitivity,3875,ANGPTL4;ETFB;ITIH5;TST;LAMA4;ENPP2;REEP5;REEP6;SORBS1;ACAA2;SPARCL1;NMT1;QDPR;UBQLN1;SUCLG1;G3BP2;EPHX2;ACADS;COL15A1;ME1;SULT1A1;BCL2L13;SDHB;IDH1;LPL;MRPL15;PGM1;ALDH2;COL4A1;CAVIN1;DHCR7;TALDO1;MIGA2;ATL2;RMDN3;PEX14,positive mortality association
ALLOGRAFT_REJECTION,0.161416141614161,0.338205249096338,0.0605325265846256,-0.265024788721901,-1.18239318720832,70,D3_median_center_sensitivity,3875,PTPRC;ITGAL;CD47;LYN;FGR;ITGB2;HLA-E;HLA-G;TAPBP;TAP1;CSK;JAK2;TLR2;CD40;MMP9;RPS9;CD40LG;F2R;FYB1;RPS3A;MBL2;ACHE;RPS19;TAP2;HLA-A;SRGN;STAT1;UBE2N,negative mortality association
ANDROGEN_RESPONSE,0.683148335015136,0.791013861596474,0.0174452466453642,0.253448579131546,0.853757633275447,30,D3_median_center_sensitivity,3875,SEC24D;SELENOP;SORD;PDLIM5,positive mortality association
ANGIOGENESIS,0.171163123101662,0.342326246203323,0.0443353901052009,0.439269281875251,1.27360981666626,17,D3_median_center_sensitivity,3875,VCAN;POSTN;COL3A1;LRPAP1;NRP1;COL5A2;APP;LPL;LUM,positive mortality association
APICAL_JUNCTION,0.155390659100829,0.338205249096338,0.0417328831423849,0.291903163820841,1.21067887044087,85,D3_median_center_sensitivity,3875,WASL;VCAN;MYH10;SHC1;LAMC2;FBN1;CTNNA1;ADAMTS5;MDK;TNFRSF11B;FSCN1;NF2;VCAM1;MMP2;VASP;CAP1;LDLRAP1;ZYX,positive mortality association
APOPTOSIS,0.702127659574468,0.792144026186579,0.0156740817381875,0.223722084769861,0.866082777573941,59,D3_median_center_sensitivity,3875,ETF1;LGALS3;LMNA;HMOX1;HGF;PLAT;BMP2;MMP2,positive mortality association
BILE_ACID_METABOLISM,0.669949494949495,0.791013861596474,0.0240115699207178,-0.23647947730106,-0.881121397000119,33,D3_median_center_sensitivity,3875,TTR;GC;GSTK1;SERPINA6;HSD17B11;FDXR;SLC29A1;DHCR24;PRDX5;ACSL5,negative mortality association
CHOLESTEROL_HOMEOSTASIS,0.16047874938935,0.338205249096338,0.054426785675636,-0.344835838120989,-1.2373492326903,28,D3_median_center_sensitivity,3875,CLU;NIBAN1;STX5;PDK3;PLSCR1,negative mortality association
COAGULATION,0.318201658664339,0.500031177901104,0.0272725432829734,0.260785545904412,1.08161743096638,85,D3_median_center_sensitivity,3875,MMP1;CRIP2;CAPN2;PRSS23;FBN1;HTRA1;APOA1;PLAT;LRP1;GNG12;C8A;MMP2;FGA;F8;FGG;CFD;F10;C1R;PEF1;MMP7;CPN1;SERPING1;HPN;F2;A2M;RAC1;F9;USP11;CSRP1,positive mortality association
COMPLEMENT,0.000668963749662337,0.0147172024925714,0.151273237061354,-0.359302999311608,-1.70736831684284,97,D3_median_center_sensitivity,3875,CLU;PLG;GNAI2;CTSC;S100A9;MMP8;CD46;LYN;GNAI3;FCER1G;CFB;PLSCR1;LTA4H;F5;USP15;CALM1;GCA;CD55;JAK2;GNB4;ITIH1;CD59;CD36;ADAM9;GPD2;CDA;PRKCD;CD40LG;GP1BA;F7;GNG2;GP9;CASP4;CR1;GNB2;ITGAM;CASP3,negative mortality association
DNA_REPAIR,0.491971032745592,0.703320743813593,0.0214013588301799,0.2629986018354,0.976693662298257,47,D3_median_center_sensitivity,3875,EDF1;ALYREF;RBX1;GTF3C5;SRSF6;HCLS1;TSG101;VPS28;SUPT5H;NME3;NUDT21;DCTN4;APRT;GMPR2;USP11,positive mortality association
E2F_TARGETS,0.0574155193992491,0.209140066282923,0.0739656151550254,0.374462148052418,1.40110841949008,49,D3_median_center_sensitivity,3875,HMGA1;EIF2S1;ILF3;SRSF2;NASP;H2AZ1;SRSF1;PRDX4;H2AX;RAN;DNMT1;NUDT21;HNRNPD;TFRC;SYNCRIP;PRPS1;RANBP1;PA2G4;TMPO,positive mortality association
EPITHELIAL_MESENCHYMAL_TRANSITION,6.7729681272535e-06,0.000298010597599154,0.193509375041476,0.465561340629812,1.98671390156519,102,D3_median_center_sensitivity,3875,LOX;MMP1;ELN;VCAN;VEGFC;COL1A2;MATN2;POSTN;COL6A3;COL1A1;COL6A2;IGFBP2;COLGALT1;ABI3BP;WNT5A;IGFBP4;LAMC2;FBN1;COL4A2;HTRA1;COL3A1;NNMT;LRP1;TNFRSF11B;NOTCH2;THBS2;WIPF1;CCN1;VCAM1;MMP2;SFRP1;TNC;PCOLCE2;CXCL12;COL5A2;COL12A1,positive mortality association
ESTROGEN_RESPONSE_EARLY,0.0901180857675575,0.269172147405784,0.0581681707411765,0.352571833566956,1.32653907500148,50,D3_median_center_sensitivity,3875,INHBB;STC2;PRSS23;IGFBP4;CCN5;OLFM1;THSD4;TFF1;BLVRB;CXCL12;FLNB;ABAT;B4GALT1;SNX24,positive mortality association
ESTROGEN_RESPONSE_LATE,0.0206836309413079,0.101119973490838,0.111722689770913,0.399658797949415,1.51837439053939,53,D3_median_center_sensitivity,3875,LSR;ASS1;UGDH;ETFB;TST;PRSS23;IGFBP4;LAMC2;SORD;CCN5;OLFM1;TFF1;MDK;BLVRB;CXCL12;FLNB;DCXR,positive mortality association
FATTY_ACID_METABOLISM,0.203011959249963,0.388370704652103,0.0361406555253854,0.286201033322056,1.1690534320639,78,D3_median_center_sensitivity,3875,CBR1;CBR3;UGDH;GRHPR;REEP6;ADH1C;ACAA1;ACAA2;EPHX1;SUCLG1;ETFDH;EHHADH;H2AZ1;ACADS;CRYZ;ME1;LDHA;IDH1;ALDH9A1;METAP1;LGALS1;ENO3;ACOT8;CPOX;HMGCS2;CA6;HMGCL;NSDHL;APEX1;ENO2;CRAT;ADSL;MIF,positive mortality association
G2M_CHECKPOINT,0.00293031671928302,0.0322334839121132,0.136831791314999,0.441036769095534,1.70276187304911,58,D3_median_center_sensitivity,3875,EWSR1;HMGA1;MT2A;ILF3;G3BP1;CHMP1A;CUL1;HMGN2;SRSF2;NASP;RAD23B;NOTCH2;SFPQ;H2AZ1;BUB3;NCL;SRSF1;TOP1,positive mortality association
GLYCOLYSIS,0.0559553532089881,0.209140066282923,0.0725393663199148,0.329060127035768,1.35029147250365,80,D3_median_center_sensitivity,3875,ANGPTL4;STC2;VCAN;AGRN;GMPPA;PMM2;NASP;ENO1;EXT1;AGL;PGK1;PYGL;P4HA1;ALDOB;PYGB;SLC37A4;B3GALT6;PFKP;ME1;FUT8;B4GALT1;LDHA;IDH1;ALDH9A1;UGP2,positive mortality association
HEME_METABOLISM,0.765917331399565,0.842509064539522,0.0136394593727001,0.202740814249443,0.840248467043117,84,D3_median_center_sensitivity,3875,MYL4;HTATIP2;FTCD;GMPS;TRIM58;RBM38;BLVRB;TNS1;FECH;HAGH;TOP1;BMP2K;MAP2K3;SYNJ1;OPTN;ALDH6A1;GDE1;KHNYN;FBXO7;TCEA1;CPOX;MARK3;TFRC,positive mortality association
HYPOXIA,0.0105955904353655,0.0666008541651546,0.120674297088992,0.385013911864269,1.54979031263276,72,D3_median_center_sensitivity,3875,LOX;ANGPTL4;STC2;HMOX1;MT2A;GRHPR;CCN5;CSRP2;PKLR;ENO1;EXT1;PGK1;CCN1;P4HA1;ALDOB;SLC37A4;B3GALT6;PFKP;GAPDH;LDHA;UGP2;PGM1;ENO3;JMJD6,positive mortality association
IL2_STAT5_SIGNALING,0.631448872412728,0.771770844060001,0.0173515684100079,0.235231864109246,0.900467432218079,56,D3_median_center_sensitivity,3875,AHNAK;ITIH5;COL6A1;FGL2;CXCL10;MYO1E;PRNP;BMP2;NRP1;P4HA1,positive mortality association
IL6_JAK_STAT3_SIGNALING,0.276741903827282,0.450986806237052,0.0404706920896309,-0.309961815515851,-1.11849810405106,29,D3_median_center_sensitivity,3875,CD38;ITGA4;CD44;IL17RA;PDGFC;TLR2;ITGB3;CD36;CD9,negative mortality association
INFLAMMATORY_RESPONSE,0.0617913832199547,0.209140066282923,0.0967541689411413,-0.316820150992704,-1.34357387960985,56,D3_median_center_sensitivity,3875,ITGA5;CD48;C5AR1;ATP2C1;LYN;GNAI3;TAPBP;CYBB;ATP2B1;KCNA3;CD55;TLR2;CD40;ITGB3;FPR1;SLC11A2;GP1BA,negative mortality association
INTERFERON_ALPHA_RESPONSE,0.215173485240808,0.394484722941481,0.0479378445437886,-0.306030587685665,-1.16771206683005,36,D3_median_center_sensitivity,3875,CD47;PLSCR1;HLA-C;RNF31;TAP1;UBA7;PARP14,negative mortality association
INTERFERON_GAMMA_RESPONSE,0.0917632320701535,0.269172147405784,0.0831123213823906,-0.273138782877264,-1.2507703963374,80,D3_median_center_sensitivity,3875,MVP;CD38;CFB;HLA-B;HLA-G;PLSCR1;TAPBP;RNF31;VAMP8;TAP1;TNFAIP2;PNP;JAK2;PARP14;CD40;FPR1;PSMA2;RIPK1;CASP4;CD274;PTPN1;PML;ZNFX1;CASP3;HLA-A;STAT1;CD69;BANK1;BPGM;TRIM21;NFKB1,negative mortality association
KRAS_SIGNALING_DN,0.143700787401575,0.338205249096338,0.0488413695513331,0.465421188531142,1.30871522697888,15,D3_median_center_sensitivity,3875,LFNG;SELENOP;IGFBP2;GTF3C5;MYH7,positive mortality association
KRAS_SIGNALING_UP,0.238841405508072,0.420360873694207,0.0342291416004622,0.31422290750481,1.15752097702254,45,D3_median_center_sensitivity,3875,ANGPTL4;SPON1;CXCL10;SPARCL1;ST6GAL1;PLAT;WDR33;ADAMDEC1;APOD;SLPI;BMP2;NRP1,positive mortality association
MITOTIC_SPINDLE,0.25485991995426,0.431301402999516,0.0309764734970582,0.264018645626196,1.11841336455984,98,D3_median_center_sensitivity,3875,WASL;WASF2;CD2AP;SEPTIN9;MYH10;MAPRE1;SORBS2;EZR;STAU1;PDLIM5;CLASP1;MYO1E;NOTCH2;FSCN1;FLNB;ABI1;KATNB1,positive mortality association
MTORC1_SIGNALING,0.606689246401355,0.771770844060001,0.0166157068450855,0.215557844834063,0.928067335528802,110,D3_median_center_sensitivity,3875,PDAP1;ETF1;FGL2;STIP1;SORD;GMPS;NMT1;QDPR;CFP;ENO1;CORO1A;EPRS1;CCT6A;PGK1;ATP6V1D;P4HA1;EIF2S2;SLC37A4;MAP2K3;GAPDH;IGFBP5;ME1;LDHA;GSK3B;YKT6;IDH1;PHGDH;PGM1;UBE2D3;NAMPT;TCEA1;TFRC,positive mortality association
MYC_TARGETS_V1,0.00585935415027855,0.0488540212796829,0.129006250027651,0.348065511318819,1.53551929214936,129,D3_median_center_sensitivity,3875,ETF1;CNBP;LSM2;EIF2S1;EIF3B;G3BP1;NPM1;EIF4H;LSM7;SERBP1;PABPC1;PABPC4;DHX15;ILF2;CUL1;SRSF2;KARS1;RAD23B;HNRNPC;SF3A1;EPRS1;HNRNPA1;PGK1;EIF1AX;RPLP0;EIF2S2;H2AZ1;BUB3;SRSF1;PRDX4;HNRNPA2B1;SSB;RAN;LDHA;CCT3;HNRNPD;CCT7,positive mortality association
MYOGENESIS,0.00140788000420544,0.0206489067283465,0.144233372292081,0.430573098308331,1.72794216092692,71,D3_median_center_sensitivity,3875,STC2;AEBP1;MYL6B;COL6A3;COL1A1;MYL4;COL6A2;AGRN;SORBS1;MYL1;COL4A2;TNNI1;COL3A1;AGL;PRNP;LDB3;APOD;SOD3;MYL3;CSRP3;COL15A1;CFD;MAPRE3;MYH7;AKT2;APP;IGF1;ENO3;GABARAPL2,positive mortality association
OXIDATIVE_PHOSPHORYLATION,0.0128603235889455,0.0707317797392001,0.120674297088992,-0.311791223978694,-1.45957974754579,89,D3_median_center_sensitivity,3875,ATP5PB;UQCRB;UQCRFS1;SLC25A20;LRPPRC;SLC25A5;COX4I1;PHB2;RHOT2;IDH3G;COX7A2L;NDUFB1;UQCRH;TCIRG1;SLC25A3;UQCRQ;ATP6V1F;MTX2;TIMM9;MDH1;ATP6V1H;HCCS;OXA1L;CPT1A;SLC25A12;NDUFB7;UQCRC2;COX6C;NDUFS6,negative mortality association
P53_PATHWAY,0.359169121066501,0.544946252652623,0.0262749079581434,0.280904158076365,1.06336809838573,52,D3_median_center_sensitivity,3875,INHBB;HMOX1;HINT1;EPS8L2;EPHX1;TNNI1;BMP2;MAPKAPK3;DCXR;TCN2;ABAT;GM2A;APP;PRKAB1;EI24,positive mortality association
PEROXISOME,0.964440825190011,0.986869681589779,0.0194361011621869,-0.16456585852097,-0.66387738481753,45,D3_median_center_sensitivity,3875,MVP;TTR;GSTK1;ACSL4;SERPINA6,negative mortality association
PI3K_AKT_MTOR_SIGNALING,0.946915351506456,0.986869681589779,0.0205593519935918,-0.168388139104057,-0.716039075384037,57,D3_median_center_sensitivity,3875,TBK1;PRKAR2A;ACTR3;YWHAB;SLC2A1;CALR;CLTC;PIKFYVE;ITPR2;RIPK1,negative mortality association
PROTEIN_SECRETION,0.00666191199268403,0.0488540212796829,0.129006250027651,-0.354048512632679,-1.57956752384168,70,D3_median_center_sensitivity,3875,CTSC;ADAM10;ATP1A1;TMED10;COPB2;SNAP23;TMX1;SEC22B;LMAN1;TMED2;GOSR2;CLTC;GNAS;M6PR;ATP6V1H;NAPG;STX12;VAMP3;GBF1;SCAMP3;ATP7A;ARFGEF1;VAMP7;USO1;CLTA;ARFGAP3;RAB2A;ARFGEF2,negative mortality association
REACTIVE_OXYGEN_SPECIES_PATHWAY,0.914827255278311,0.981765834932822,0.0183795090452486,-0.202122522454316,-0.685320547216938,23,D3_median_center_sensitivity,3875,ABCC1;MSRA;FES;G6PD,negative mortality association
SPERMATOGENESIS,0.995921305182342,0.995921305182342,0.017127398564942,-0.145337349569539,-0.492783638006341,23,D3_median_center_sensitivity,3875,PRKAR2A;JAM3;TSN;SLC12A2;ACE;IDE;PHKG2,negative mortality association
TGF_BETA_SIGNALING,0.598957428323197,0.771770844060001,0.0198942585004102,0.295333760221572,0.895959401915837,20,D3_median_center_sensitivity,3875,LTBP2;BMP2;SMAD1;RHOA;MAP3K7;UBE2D3,positive mortality association
TNFA_SIGNALING_VIA_NFKB,0.495521433141395,0.703320743813593,0.021536590896377,0.26886626492148,0.977539288950856,42,D3_median_center_sensitivity,3875,CXCL10;TNFAIP6;PDLIM5;TRIP10;BMP2;CCN1;TNC;DNAJB4;MAP2K3;B4GALT1;ICAM1;B4GALT5;NAMPT;PTX3;EHD1;RIPK2,positive mortality association
UNFOLDED_PROTEIN_RESPONSE,0.0286418232214352,0.126024022174315,0.104938859783548,0.389565004661942,1.48395453115654,54,D3_median_center_sensitivity,3875,STC2;PAIP1;HYOU1;SHC1;EIF2S1;LSM4;NPM1;EEF2;KHSRP;DNAJA4;LSM1;FUS;SRPRA;EIF4G1,positive mortality association
UV_RESPONSE_DN,0.567313019390582,0.771770844060001,0.0284326417178475,-0.228845280828537,-0.94271257599462,49,D3_median_center_sensitivity,3875,ABCC1;CELF2;ATP2C1;BDNF;WDR37;MGLL;ATP2B1;ATP2B4,negative mortality association
UV_RESPONSE_UP,0.10295242465963,0.283119167813982,0.0537293718609854,0.33281510329696,1.29184034342976,60,D3_median_center_sensitivity,3875,PDAP1;HMOX1;TST;IGFBP2;STIP1;OLFM1;ACAA1;EPHX1;EIF5;MGAT1;SPR;BMP2;EIF2S3;PPAT;H2AX;SULT1A1;YKT6;ICAM1,positive mortality association
XENOBIOTIC_METABOLISM,0.617599050304199,0.771770844060001,0.0170886583987616,0.226515779745796,0.91668421755714,74,D3_median_center_sensitivity,3875,CBR1;MTHFD1;HMOX1;UGDH;MT2A;IGFBP4;ADH1C;PDLIM5;EPHX1;NMT1;KARS1;ETFDH,positive mortality association
ADIPOGENESIS,0.1963,0.478417152434461,0.0291966379375075,0.271220126675741,1.15400281662087,94,D5_center_primary,3875,ACADS;ANGPTL4;ACAA2;SPARCL1;EPHX2;LAMA4;DHCR7;ARAF;G3BP2;NMT1;ITIH5;UBQLN1;COL15A1;COL4A1;REEP5;DLD;MTCH2;QDPR;BCL2L13;ENPP2;MGST3;CYC1;DHRS7;ETFB;ATP1B3;RMDN3;SLC25A10;AK2;IDH1;PFKL;NDUFA5;CAVIN1;GPX4;APLP2;RTN3;SAMM50;SCP2;GPD2;ALDH2;RAB34;CRAT;SDHB;TST;NDUFB7;GHITM;TKT;DBT;AGPAT3;PEX14;RNF11;ADCY6;IMMT;ESYT1;SLC1A5;LTC4S;GPAT4;PREB;REEP6;SLC25A1;PGM1;SULT1A1;STAT5A;ACOX1;UQCRC1;LPCAT3;RETN;AIFM1;POR,positive mortality association
ALLOGRAFT_REJECTION,0.169533906781356,0.478417152434461,0.031940289716243,0.289108741616688,1.19165432838383,70,D5_center_primary,3875,STAB1;IL16;INHBB;PTPN6;CAPG;GLMN;CFP;GALNT1;HCLS1;WAS;AARS1;LY75;EIF3A;ELANE;EIF5A;WARS1;EIF3D;RARS1;DARS1;IKBKB;PRKCB;TRAF2;STAT1;TLR2,positive mortality association
ANDROGEN_RESPONSE,0.65662100456621,0.780846600024682,0.0106557031405462,0.242919037992025,0.887635570621159,30,D5_center_primary,3875,B4GALT1;SELENOP;RPS6KA3;SEC24D;SORD;PA2G4;STK39;PDLIM5;SMS;ACSL3;CCND3;FKBP5;PTK2B;GUCY1A1;MYL12A;SPCS3;GNAI3;LMAN1;VAPA;TNFAIP8;IQGAP2;UBE2J1;RAB4A;ABCC4;ITGAV,positive mortality association
ANGIOGENESIS,0.170649185874392,0.478417152434461,0.0328914114303759,0.392535870887135,1.27222844844272,17,D5_center_primary,3875,POSTN;VCAN;NRP1;LRPAP1;COL3A1,positive mortality association
APICAL_JUNCTION,0.247024702470247,0.517575567080518,0.0251933248449863,0.267682413059504,1.12729787689277,85,D5_center_primary,3875,WASL;B4GALT1;VCAN;TNFRSF11B;ADAMTS5;FBN1;EVL;MMP2;VCAM1;VASP;LAMC2;SHC1;FSCN1;CD209;MYH10;PIK3CB;ZYX;IKBKG;CAP1;TUBG1;INPPL1;SYK;ARHGEF6;RASA1;RAC2;CTNNA1;EPB41L2;NECTIN2;ICAM1;BMP1;PTK2;CD99;STX4;AKT2;LIMA1,positive mortality association
APOPTOSIS,0.368758130691484,0.613817846994015,0.0188884125634743,0.263799465465744,1.06489765116362,59,D5_center_primary,3875,LGALS3;ETF1;HMOX1;PLAT;BMP2;IGF2R;LMNA;TNFSF10;MMP2;FDXR;DNAJC3;BAX;CASP6;SPTAN1;DNAJA1;GPX1;PLCB2;BCL2L1;PTK2;GPX4;RELA;RHOT2;ROCK1;CASP3;DPYD;TIMP1,positive mortality association
BILE_ACID_METABOLISM,0.0359886777193692,0.3412047228337,0.0751440930078969,0.395741241270737,1.47034324065157,33,D5_center_primary,3875,FDXR;EPHX2;OPTN;APOA1;NEDD4;HSD17B11;PRDX5;ABCD1;ABCD3;AGXT;SLC35B2;IDH1;ACSL1;HAO1;ALDH9A1;GSTK1;SCP2;GCLM;SLC27A2,positive mortality association
CHOLESTEROL_HOMEOSTASIS,0.884066829665852,0.94875464647067,0.00563308483940681,0.191963873274582,0.691962328602527,28,D5_center_primary,3875,LGALS3;SEMA3B;DHCR7;PLSCR1,positive mortality association
COAGULATION,0.824282428242824,0.923286986095829,0.00666489741855792,0.19509959820212,0.821627989385286,85,D5_center_primary,3875,FGG;FGA;FURIN;PLAT;FBN1;HTRA1;CAPN2;MMP2;C1R;MMP1;LRP1;CRIP2;APOA1;P2RY1,positive mortality association
COMPLEMENT,0.959404059594041,0.981715781910181,0.00296766943986263,0.162577335449157,0.694033345556506,97,D5_center_primary,3875,LGALS3;EHD1;PLAT;LIPA;C1QC;C1R;LRP1;WAS;USP8;APOA4;COL4A2;XPNPEP1;PLSCR1;RHOG;PLA2G7;VCPIP1;F8;ITGAM;FN1;CTSB;LAP3;GNB2;PRKCD;CSRP1;PRCP;STX4;PCSK9;C1S;GPD2;LCP2;CASP3;TIMP1;MMP14;PLA2G4A;PIK3CG;CR1;GNB4;GNAI2;PIK3CA,positive mortality association
DNA_REPAIR,0.445068163592622,0.675275834416392,0.0161463029844099,0.26172522742291,1.026259510311,47,D5_center_primary,3875,NME3;GMPR2;SRSF6;HCLS1;ALYREF;EDF1;IMPDH2;RBX1;APRT;NT5C3A;VPS28;SUPT5H;SEC61A1;BOLA2;GTF3C5;ARL6IP1;TSG101;GPX4;TMED2;DCTN4;SDCBP;UMPS;VPS37B,positive mortality association
E2F_TARGETS,0.287746718765655,0.554158831766353,0.0227312634781195,0.285685885606017,1.12651853445147,49,D5_center_primary,3875,GSPT1;LMNB1;HMGA1;RANBP1;TMPO;H2AZ1;CTPS1;LBR;ILF3;SRSF1;TUBG1;EIF2S1;PRKDC;CSE1L;PA2G4;RAD50;SMC1A;AK2,positive mortality association
EPITHELIAL_MESENCHYMAL_TRANSITION,1.28914932222138e-07,5.67225701777406e-06,0.218740739393273,0.451979369786838,1.9378599732838,102,D5_center_primary,3875,COLGALT1;POSTN;COL6A3;ABI3BP;VEGFC;COL6A2;TNC;LOX;IGFBP2;MATN2;VCAN;COL12A1;TNFRSF11B;ELN;FBN1;IGFBP4;THBS2;HTRA1;PTX3;LGALS1;COL1A2;WIPF1;CAPG;MMP2;COL1A1;VCAM1;MMP1;LRP1;CXCL12;PLOD1;COL4A2;LAMC2;COL3A1;LAMC1;NNMT;FBLN1;COL4A1;COMP;PCOLCE2,positive mortality association
ESTROGEN_RESPONSE_EARLY,0.0239406991886207,0.3412047228337,0.0922972084621158,0.367808953979766,1.45393150439003,50,D5_center_primary,3875,THSD4;B4GALT1;CCN5;STC2;INHBB;IGFBP4;OLFM1;SEMA3B;CXCL12;DHCR7;ABAT;BLVRB;DYNLT3;MYBBP1A;SNX24;RAB31,positive mortality association
ESTROGEN_RESPONSE_LATE,0.152829243865799,0.478417152434461,0.0340037974197033,0.308312386578482,1.22773406461912,53,D5_center_primary,3875,LSR;CCN5;PTPN6;IGFBP4;OLFM1;SEMA3B;CXCL12;DHCR7;LAMC2;BLVRB;DYNLT3;UGDH;RAB31;SORD;COX6C;ETFB;JAK1;FLNB;PRSS23;ALDH3A2;FKBP5;ADD3;SLC27A2;RABEP1;PAPSS2;ASS1;TST;HMGCS2;GLA;ALDH3B1;HPRT1;RPS6KA2;CDH1,positive mortality association
FATTY_ACID_METABOLISM,0.839351805541662,0.923286986095829,0.00631949971157326,0.192965233861316,0.804892980282301,78,D5_center_primary,3875,CBR1;CBR3;ACADS;LGALS1;ACAA2;SUCLG2;HMGCL;GRHPR;METAP1;H2AZ1;UGDH;HSD17B11;ECI2;DLD;ETFDH;ACAA1;MCEE;EPHX1;ACOT8;IDH1;ACSL1;SMS;ALDH9A1;ALDH3A2;CRYZ;RAP1GDS1;NSDHL;GPD2;CPOX;MIF;CRAT;HMGCS2,positive mortality association
G2M_CHECKPOINT,0.30724579663731,0.554158831766353,0.0216784291665622,0.273963968329202,1.10343115795596,58,D5_center_primary,3875,EWSR1;MARCKS;MT2A;G3BP1;GSPT1;LMNB1;DTYMK;HMGA1;TMPO;H2AZ1;SFPQ;LBR;ILF3;SRSF1;CUL1;CUL4A;SMC2;PML;CDC27;SMC1A;NOTCH2;HMGN2;UPF1;H2AX;CHMP1A,positive mortality association
GLYCOLYSIS,0.178935787157432,0.478417152434461,0.030913179318951,0.281489524224936,1.17759016646563,80,D5_center_primary,3875,AGRN;B4GALT1;VCAN;STC2;ENO1;P4HA1;ANGPTL4;GALK1;FUT8;IRS2;PMM2;PLOD1;PKM;AGL;PFKP;GYS1;DLD;CASP6;SLC16A3;RARS1;XYLT2;PGLS;B3GALT6;SLC25A10;IDH1;EXT1;CHST12;PGK1;PRPS1;ALDH9A1,positive mortality association
HEME_METABOLISM,0.598919783956791,0.775072661591142,0.0118106961726666,0.225910739973053,0.950106811545246,84,D5_center_primary,3875,GMPS;HTATIP2;SYNJ1;TRIM58;MAP2K3;OPTN;BLVRB;TNS1;ATP6V0A1;ARHGEF12;MYL4;ALDH6A1;MGST3;CTSB;CDC27;PGLS;TMCC2;KHNYN;HAGH;GAPVD1;FECH;PICALM;CCND3;GCLM;BMP2K;NEK7;CPOX;FTCD;SDCBP;MARK3;RBM38;GDE1,positive mortality association
HYPOXIA,0.0458183273309324,0.3412047228337,0.0658886340177412,0.324713510964021,1.3427194231966,72,D5_center_primary,3875,LOX;CCN5;STC2;ENO1;CSRP2;HMOX1;P4HA1;ANGPTL4;GALK1;MT2A;IRS2;GRHPR;XPNPEP1;PFKP;EFNA1;GYS1;CASP6;PRDX5;TES;TPST2;GAPDH;JMJD6;ILVBL;B3GALT6;PDK1;CCN1;PRKCA;PFKL;EXT1;PGK1;CAVIN1;PKLR;ERO1A;HEXA,positive mortality association
IL2_STAT5_SIGNALING,0.0648648648648649,0.407722007722008,0.0548301225441775,0.332076455280364,1.331793222081,56,D5_center_primary,3875,COL6A1;CXCL10;AHNAK;FURIN;FGL2;NRP1;P4HA1;PRNP;BMP2;IGF2R;CAPG;TNFSF10;MYO1E;SNX9;PLSCR1;ITIH5,positive mortality association
IL6_JAK_STAT3_SIGNALING,0.648409714459913,0.780846600024682,0.0108665231540028,0.244996165194663,0.889840663801732,29,D5_center_primary,3875,CXCL10;HMOX1;EBI3;STAT2;MYD88;STAT1;TLR2;CBL,positive mortality association
INFLAMMATORY_RESPONSE,0.57037037037037,0.760493827160494,0.0125373914801392,0.238835333314638,0.957849534479476,56,D5_center_primary,3875,MSR1;STAB1;TNFAIP6;CXCL10;TNFSF10;EBI3;CCL24;RHOG;SCARF1;CCRL2;TLR2;NFKB1;EIF2AK2;NAMPT;SELENOS;ABI1;ICAM1;PROK2;CXCL9;CYBB;RELA;SELE;LCP2;TIMP1;MMP14,positive mortality association
INTERFERON_ALPHA_RESPONSE,0.563255439161966,0.760493827160494,0.0128106027918377,0.253057137473431,0.953810692687178,36,D5_center_primary,3875,CXCL10;PLSCR1;LGALS3BP;GMPR;STAT2;IFI35;WARS1;PARP9;SAMD9;PARP14;CCRL2;LAP3;EIF2AK2;PARP12;C1S;CNP;HLA-C;TRIM25;RNF31;SELL;NCOA7;PSME2;NMI;TRIM21;TDRD7;BST2,positive mortality association
INTERFERON_GAMMA_RESPONSE,0.314862972594519,0.554158831766353,0.0212873291706118,0.260888653979747,1.09140798157557,80,D5_center_primary,3875,TNFAIP6;CXCL10;FGL2;PTPN6;MT2A;TNFSF10;C1R;VCAM1;RNF213;PLSCR1;LGALS3BP;STAT2;PFKP;IFI35;MYD88;SELP;WARS1;PARP14;PML;STAT1;NFKB1;LAP3;VAMP8;EIF2AK2;NAMPT;OAS2;PARP12;ICAM1;CXCL9;RIGI;TNFAIP2;C1S;LCP2;CASP3;MVP;HLA-A;OAS3;PLA2G4A;PTPN1;TRIM25,positive mortality association
KRAS_SIGNALING_DN,0.376660951564509,0.613817846994015,0.0195983892032361,0.343193882930242,1.07699541621101,15,D5_center_primary,3875,LFNG;IGFBP2;SELENOP,positive mortality association
KRAS_SIGNALING_UP,0.104518072289157,0.459879518072289,0.0423347135736638,0.33193431835363,1.29263308347743,45,D5_center_primary,3875,CXCL10;PLAT;ADAMDEC1;NRP1;ANGPTL4;BMP2;WDR33;SPON1;SEMA3B;SPARCL1;ST6GAL1,positive mortality association
MITOTIC_SPINDLE,0.185381461853815,0.478417152434461,0.030245880950138,0.27149794173193,1.16034900621664,98,D5_center_primary,3875,WASL;CD2AP;MARCKS;SEPTIN9;MAPRE1;WASF2;ARL8A;MYO1E;LMNB1;KATNB1;FSCN1;EZR;ARHGEF7;MYH10;CLASP1;ARF6;DYNC1H1;ARHGEF12;STAU1;SORBS2;SPTAN1;CDC42;SPTBN1;FLNB;CDC27;SMC1A;RASA1;PDLIM5;EPB41L2;NOTCH2;ARHGEF2;TUBGCP2;ABI1;DOCK2;MAP1S;RABGAP1;ARHGAP4;SOS1;HDAC6;DYNLL2;BCR;ARHGAP10;RHOT2;RALBP1;ROCK1;CCDC88A;MYO9B;FGD4;RICTOR;WASF1;PREX1;KLC1;SMC3;ATG4B;CDC42BPA;KIF5B;ARFGEF1;RHOF;KIF1B;CYTH2;CKAP5;DLG1;OPHN1;TUBGCP3;LRPPRC;TAOK2;MYH9;RAB3GAP1;HOOK3;NCK1;PAFAH1B1;ARHGAP5,positive mortality association
MTORC1_SIGNALING,0.788721127887211,0.913256042816771,0.00746695860243814,0.199157918944659,0.859500989957277,110,D5_center_primary,3875,CORO1A;ENO1;ETF1;FGL2;PDAP1;CCT6A;P4HA1;GMPS;CFP;FDXR;STIP1;DHCR7;MAP2K3;GSK3B;NMT1;EPRS1;WARS1;SORD;QDPR;ATP6V1D;CYB5B;TUBG1;HSPA4;TES;GAPDH;ACACA;IDH1;PDK1;NAMPT;PFKL;RIT1;PGK1;ABCF2;PPA1;ACSL3;UBE2D3;ERO1A;ADD3;TBK1;RAB1A;SDF2L1;TOMM40;PITPNB;GLA;SERPINH1;HSPE1;EEF1E1;HPRT1;PSMC2;CANX;IMMT;EIF2S2;HSP90B1;SLC37A4;SLC1A5;IGFBP5;PHGDH;HSPA5;PGM1;ACTR2;SEC11A;PSMC4;ARPC5L;NIBAN1;USO1;G6PD;CACYBP;SLC6A6;ITGB2;LDHA;RPN1,positive mortality association
MYC_TARGETS_V1,0.515448455154485,0.755991067559911,0.0139882090330077,0.226535567857652,0.991233758268169,129,D5_center_primary,3875,ETF1;G3BP1;EIF4H;GSPT1;PABPC1;KARS1;VDAC1;RPLP0;LSM7;SF3A1;CCT3;LSM2;DHX15;RANBP1;PRPS2;IMPDH2;PABPC4;H2AZ1;EIF3B;CTPS1;CNBP;CCT4;EPRS1;HNRNPA1;EIF3D;SRSF1;CUL1;SERBP1;CYC1;EIF2S1;TUFM;TCP1;PTGES3;PA2G4;ILF2;RACK1;ACP1;IARS1;HNRNPA2B1;C1QBP;EIF4E;PGK1;EIF1AX;NPM1;CCT2;CCT7;CCT5;AIMP2;TOMM70;SLC25A3;TARDBP;FAM120A;AP3S1,positive mortality association
MYOGENESIS,0.306461292258452,0.554158831766353,0.0217090382618752,0.266181101667911,1.09921849179222,71,D5_center_primary,3875,COL6A3;COL6A2;AGRN;STC2;AEBP1;MYL6B;PRNP;COL1A1;SOD3;COL4A2;COL3A1;AGL;APOD;MYL1;COL15A1;MYL4;MYL3;GABARAPL2;SPTAN1,positive mortality association
OXIDATIVE_PHOSPHORYLATION,0.128287171282872,0.478417152434461,0.037613471209552,0.28651900322192,1.21223210544002,89,D5_center_primary,3875,ACAA2;AFG3L2;SLC25A20;VDAC1;OPA1;ACAT1;NDUFB8;TIMM13;BAX;DLD;NDUFS2;ATP6V1D;ATP5ME;ATP6V1G1;COX6C;ALDH6A1;ETFDH;MGST3;CYC1;ETFB;NDUFB5;ACAA1;COX6B1;ATP6V1E1;ATP6AP1;ATP6V1C1;TCIRG1;IDH1;NDUFA5;COX7A2L;NDUFC2;GPX4;TOMM70;SLC25A3;UQCRC2;HADHA;RHOT2;UQCRFS1;MAOB;ATP5F1E;VDAC3;SDHB;MFN2;NDUFB7;UQCRH;NDUFS8;NDUFA3;HCCS;MTX2;VDAC2;GLUD1;COX4I1;PHB2;IMMT;SLC25A5;NDUFV1;ATP6V1H;CPT1A;SDHA;ATP5PB;NDUFA8;NDUFA7;UQCRC1;LRPPRC;AIFM1;POR,positive mortality association
P53_PATHWAY,0.206589224914881,0.478417152434461,0.0283023335695062,0.297309668150592,1.18091208934112,52,D5_center_primary,3875,HMOX1;INHBB;GM2A;BMP2;FDXR;DEF6;ABAT;TCN2;DGKA;MAPKAPK3;BAX;CYFIP2;EPS8L2;KIF13B;HINT1;EPHX1;RHBDF2;SEC61A1;RACK1;VAMP8;CDKN2AIP;ELP1,positive mortality association
PEROXISOME,0.169979919678715,0.478417152434461,0.0319630032939332,0.31421602495718,1.22363373342345,45,D5_center_primary,3875,VPS4B;EPHX2;PABPC1;HMGCL;CTPS1;HSD17B11;CNBP;ECI2;PRDX5;ABCD1;ABCD3;ACAA1;ACOT8;SLC35B2;IDH1;ACSL1;ALDH9A1;GSTK1;CTBP1;SCP2;SLC27A2;MVP;CRAT;FIS1,positive mortality association
PI3K_AKT_MTOR_SIGNALING,0.56016016016016,0.760493827160494,0.0128002127229092,0.239795450744744,0.963548686810758,57,D5_center_primary,3875,PIN1;MAP2K3;PRKAG1;GSK3B;ITPR2;RPS6KA3;RALB;STAT2;RPS6KA1;CFL1;GRK2;MYD88;PPP1CA;ACACA;PRKCB;TRAF2;SMAD2;VAV3;PDK1;RIT1;EIF4E,positive mortality association
PROTEIN_SECRETION,0.413482696539308,0.649758523133198,0.017187501667655,0.252286208767793,1.03987845884053,70,D5_center_primary,3875,RAB5A;VPS4B;SNX2;IGF2R;STX12;RPS6KA3;SEC24D;NAPG;RER1;OCRL;AP2B1;AP2S1;ARFIP1;VAMP3;TSG101;STX7;VPS45;AP2M1;TMED2;AP3B1;RAB14;RAB22A;AP3S1;SCAMP1;SEC31A;ARCN1;MON2;VAMP7;GLA;GNAS;NAPA;SCAMP3;TMX1;COPB2;RAB2A;COPB1;BET1;ATP6V1H;ARFGEF1;SEC22B;CLTA;KIF1B;ATP1A1;ARF1;LMAN1;TOM1L1;COPE;ZW10;TMED10;USO1;GBF1;SNAP23;CLTC;ARFGEF2;AP1G1;MAPK1,positive mortality association
REACTIVE_OXYGEN_SPECIES_PATHWAY,0.218075262183837,0.479765576804442,0.0278104263660417,0.349095604548124,1.21216838484016,23,D5_center_primary,3875,HMOX2;PRNP;FES;PFKP;NDUFS2;MPO;OXSR1;SELENOS;GPX4;GCLM;MGST1,positive mortality association
SPERMATOGENESIS,0.982418260333128,0.982418260333128,0.00311693056889912,0.144961346616526,0.50335082740403,23,D5_center_primary,3875,CLPB;MTOR;NCAPH;CSNK2A2;GSTM3;STRBP;NF2;VDAC3;AGFG1;TSN;HSPA1L;PRKAR2A;STAM2;JAM3;HSPA2;SEPTIN4;PEBP1;PHKG2;SLC12A2,positive mortality association
TGF_BETA_SIGNALING,0.0935873412450552,0.457538112753603,0.0459169499433583,0.408416646923607,1.37426567804301,20,D5_center_primary,3875,LTBP2;FURIN;BMP2;RAB31;RHOA;FNTA;PPP1CA;SPTBN1;ACVR1;UBE2D3,positive mortality association
TNFA_SIGNALING_VIA_NFKB,0.00438768174872507,0.0965289984719516,0.129006250027651,0.423782729743785,1.63524207088574,42,D5_center_primary,3875,TNFAIP6;TNC;CXCL10;B4GALT1;B4GALT5;EHD1;MARCKS;PTX3;BMP2;IRS2;MAP2K3;DNAJB4;EFNA1;CCRL2;TRIP10;TLR2;NFKB1;PDLIM5;CCN1;NAMPT,positive mortality association
UNFOLDED_PROTEIN_RESPONSE,0.0768922707248698,0.422907488986784,0.0500375312463182,0.330188128838697,1.31799926099661,54,D5_center_primary,3875,HYOU1;STC2;SRPRA;PAIP1;KHSRP;EXOC2;TARS1;SHC1;LSM4;EIF4A3;LSM1;DNAJC3;SRPRB;ATP6V0D1;EIF4G1;FUS;EIF2S1;EEF2;DCTN1;IARS1;EDC4;EIF4E;NPM1;CNOT2;SKIC3;ERO1A;H2AX,positive mortality association
UV_RESPONSE_DN,0.956417192666066,0.981715781910181,0.00314970615150096,0.15786649550751,0.622500242813412,49,D5_center_primary,3875,NRP1;COL1A2;COL1A1;EFEMP1;COL3A1;LAMC1;WDR37;NFKB1;PDLIM5;CCN1;NOTCH2;PRKCA;ADD3;NEK7;DYRK1A;FHL2;MAPK14;PEX14;PLCB4;CDC42BPA;COL5A2;IGFBP5;SRI;SLC7A1;FBLN5;IGF1R;ATP2C1;DLG1;MAP1B;PRKAR2B,positive mortality association
UV_RESPONSE_UP,0.04652791675005,0.3412047228337,0.0653662929462658,0.337081158630197,1.36333322789695,60,D5_center_primary,3875,IGFBP2;HMOX1;FURIN;PPAT;PDAP1;MGAT1;BMP2;OLFM1;STIP1;SPR;TARS1;RAB27A;CYB5B;EIF5;ACAA1;DNAJA1;EPHX1;GGH;ATP6V1C1;ARRB2;AP2S1;PRKCD;ICAM1;H2AX;GLS;CCND3;EIF2S3;CASP3;MMP14;MARK2;TST;CNP;CYB5R1,positive mortality association
XENOBIOTIC_METABOLISM,0.639955982392957,0.780846600024682,0.0108289131350231,0.223404348016132,0.926414989719057,74,D5_center_primary,3875,CBR1;HMOX1;LONP1;IGFBP4;MT2A;MTHFD1;KARS1;BLVRB;NMT1;FBLN1;UGDH;CNDP2;CYFIP2;CASP6;GART;ETFDH;DHRS7;EPHX1;PTGES3;COMT;IDH1;ACP1;PDLIM5;TKFC,positive mortality association
ADIPOGENESIS,0.3607,0.639647577092511,0.0192091004452495,0.249380562158719,1.06496934173953,88,D5_center_primary_PHpass,3588,ACADS;ANGPTL4;ACAA2;SPARCL1;EPHX2;LAMA4;DHCR7;ARAF;G3BP2;NMT1;ITIH5;UBQLN1;COL15A1;COL4A1;REEP5;DLD;MTCH2;QDPR;BCL2L13;ENPP2;MGST3;CYC1;DHRS7;ETFB;ATP1B3;RMDN3;AK2;IDH1;PFKL;NDUFA5;CAVIN1;GPX4;APLP2;RTN3;SAMM50;SCP2;GPD2;ALDH2;RAB34;CRAT;SDHB;TST;TKT;AGPAT3;ADCY6;IMMT;ESYT1;SLC1A5;LTC4S;GPAT4;PREB;REEP6;SLC25A1;PGM1;SULT1A1;STAT5A;ACOX1;UQCRC1;LPCAT3;RETN;AIFM1;POR,positive mortality association
ALLOGRAFT_REJECTION,0.138697087961573,0.525852585258526,0.0359739433803791,0.299321298349143,1.23029925518827,63,D5_center_primary_PHpass,3588,STAB1;IL16;INHBB;PTPN6;CAPG;GLMN;CFP;GALNT1;HCLS1;WAS;AARS1;LY75;EIF3A;ELANE;EIF5A;EIF3D;RARS1;DARS1;IKBKB;PRKCB;TRAF2;STAT1;TLR2,positive mortality association
ANDROGEN_RESPONSE,0.693646915088577,0.811639899186958,0.00986891889249086,0.235975243106551,0.855965919906255,28,D5_center_primary_PHpass,3588,B4GALT1;SELENOP;RPS6KA3;SEC24D;SORD;PA2G4;STK39;PDLIM5;SMS;ACSL3;FKBP5;PTK2B;GUCY1A1;MYL12A;SPCS3;GNAI3;LMAN1;VAPA;TNFAIP8;IQGAP2;UBE2J1;RAB4A;ABCC4;ITGAV,positive mortality association
ANGIOGENESIS,0.179696616102684,0.562781728939197,0.0319516418172933,0.386535907760404,1.25159779729869,17,D5_center_primary_PHpass,3588,POSTN;VCAN;NRP1;LRPAP1;COL3A1,positive mortality association
APICAL_JUNCTION,0.262426242624262,0.577337733773378,0.0241915132624324,0.263744817940595,1.12114904090056,84,D5_center_primary_PHpass,3588,WASL;B4GALT1;VCAN;TNFRSF11B;ADAMTS5;FBN1;EVL;MMP2;VCAM1;VASP;LAMC2;SHC1;FSCN1;CD209;MYH10;PIK3CB;ZYX;IKBKG;CAP1;TUBG1;INPPL1;SYK;ARHGEF6;RASA1;RAC2;CTNNA1;EPB41L2;NECTIN2;ICAM1;BMP1;PTK2;CD99;STX4;AKT2;LIMA1,positive mortality association
APOPTOSIS,0.405486583900681,0.66079295154185,0.0174887171408878,0.258329262819853,1.04854473042345,57,D5_center_primary_PHpass,3588,LGALS3;ETF1;HMOX1;PLAT;BMP2;IGF2R;LMNA;TNFSF10;MMP2;FDXR;DNAJC3;BAX;CASP6;SPTAN1;DNAJA1;GPX1;PLCB2;BCL2L1;PTK2;GPX4;RELA;RHOT2;ROCK1;CASP3;DPYD;TIMP1,positive mortality association
BILE_ACID_METABOLISM,0.164709486367814,0.5574782615526,0.03290357014243,0.348439640790556,1.25474590372848,27,D5_center_primary_PHpass,3588,FDXR;EPHX2;OPTN;APOA1;HSD17B11;PRDX5;AGXT;IDH1;ACSL1;HAO1;ALDH9A1;GSTK1;SCP2;GCLM;SLC27A2,positive mortality association
CHOLESTEROL_HOMEOSTASIS,0.244676465240412,0.577337733773378,0.0789998715494132,-0.191500232748166,-1.13624650000501,28,D5_center_primary_PHpass,3588,CLU;LDLR;ACSS2;ACAT2;CD9;ANTXR2;GNAI1;PMVK;EBP;HSD17B7;ALDOC;ALCAM;S100A11;PDK3;LPL;FASN;ADH4;STX5;FDPS;LSS,negative mortality association
COAGULATION,0.891178235647129,0.980296059211842,0.00504834922961713,0.180104851954717,0.763166548612094,81,D5_center_primary_PHpass,3588,FGG;FGA;FURIN;PLAT;FBN1;CAPN2;MMP2;C1R;MMP1;LRP1;CRIP2;APOA1;P2RY1,positive mortality association
COMPLEMENT,0.9688,0.993459981314232,0.00259316405079689,0.154781683386298,0.666963611748966,96,D5_center_primary_PHpass,3588,LGALS3;EHD1;PLAT;LIPA;C1QC;C1R;LRP1;WAS;USP8;APOA4;COL4A2;XPNPEP1;PLSCR1;RHOG;PLA2G7;VCPIP1;F8;ITGAM;FN1;CTSB;LAP3;GNB2;PRKCD;CSRP1;PRCP;STX4;PCSK9;C1S;GPD2;LCP2;CASP3;TIMP1;MMP14;PLA2G4A;PIK3CG;CR1;GNB4;GNAI2;PIK3CA,positive mortality association
DNA_REPAIR,0.441276852037743,0.689255012349768,0.0162909851051951,0.262255506936671,1.02978434182726,45,D5_center_primary_PHpass,3588,NME3;GMPR2;SRSF6;HCLS1;ALYREF;EDF1;IMPDH2;RBX1;APRT;NT5C3A;VPS28;SUPT5H;SEC61A1;BOLA2;GTF3C5;ARL6IP1;TSG101;GPX4;TMED2;DCTN4;SDCBP;UMPS;VPS37B,positive mortality association
E2F_TARGETS,0.324917342951608,0.639647577092511,0.020827290793207,0.277071029149538,1.10194612184786,49,D5_center_primary_PHpass,3588,GSPT1;LMNB1;HMGA1;RANBP1;TMPO;H2AZ1;CTPS1;LBR;ILF3;SRSF1;TUBG1;EIF2S1;PRKDC;CSE1L;PA2G4;RAD50;SMC1A;AK2,positive mortality association
EPITHELIAL_MESENCHYMAL_TRANSITION,3.34679029881865e-06,0.00014725877314802,0.198811983535242,0.42735708965095,1.8468423141314,99,D5_center_primary_PHpass,3588,COLGALT1;POSTN;COL6A3;ABI3BP;VEGFC;COL6A2;TNC;LOX;IGFBP2;MATN2;VCAN;COL12A1;TNFRSF11B;ELN;FBN1;IGFBP4;THBS2;PTX3;LGALS1;COL1A2;WIPF1;CAPG;MMP2;COL1A1;VCAM1;MMP1;LRP1;PLOD1;COL4A2;LAMC2;COL3A1;NNMT;FBLN1;COL4A1;COMP;PCOLCE2,positive mortality association
ESTROGEN_RESPONSE_EARLY,0.087863590772317,0.429555332664661,0.0465749092505758,0.331969554452034,1.31265775068051,47,D5_center_primary_PHpass,3588,THSD4;B4GALT1;CCN5;STC2;INHBB;IGFBP4;OLFM1;SEMA3B;DHCR7;ABAT;BLVRB;DYNLT3;MYBBP1A;RAB31,positive mortality association
ESTROGEN_RESPONSE_LATE,0.204647901432435,0.562781728939197,0.028476368955706,0.295731496094882,1.18272626888117,51,D5_center_primary_PHpass,3588,LSR;CCN5;PTPN6;IGFBP4;OLFM1;SEMA3B;DHCR7;LAMC2;BLVRB;DYNLT3;UGDH;RAB31;SORD;COX6C;ETFB;JAK1;FLNB;PRSS23;ALDH3A2;FKBP5;ADD3;SLC27A2;RABEP1;PAPSS2;ASS1;TST;HMGCS2;GLA;ALDH3B1;HPRT1;RPS6KA2;CDH1,positive mortality association
FATTY_ACID_METABOLISM,0.917166866746699,0.984276637484262,0.00434871275946696,0.173849945133811,0.729157690813577,74,D5_center_primary_PHpass,3588,CBR1;CBR3;ACADS;LGALS1;ACAA2;SUCLG2;HMGCL;GRHPR;METAP1;H2AZ1;UGDH;HSD17B11;ECI2;DLD;ETFDH;ACAA1;EPHX1;IDH1;ACSL1;SMS;ALDH9A1;ALDH3A2;CRYZ;RAP1GDS1;NSDHL;GPD2;CPOX;MIF;CRAT;HMGCS2,positive mortality association
G2M_CHECKPOINT,0.363436123348018,0.639647577092511,0.0191136699293952,0.263845896574765,1.07340306169132,58,D5_center_primary_PHpass,3588,EWSR1;MARCKS;MT2A;G3BP1;GSPT1;LMNB1;DTYMK;HMGA1;TMPO;H2AZ1;SFPQ;LBR;ILF3;SRSF1;CUL1;CUL4A;SMC2;PML;CDC27;SMC1A;NOTCH2;HMGN2;UPF1;H2AX;CHMP1A,positive mortality association
GLYCOLYSIS,0.19873974794959,0.562781728939197,0.0289763754722124,0.27672652352814,1.16614820514827,77,D5_center_primary_PHpass,3588,AGRN;B4GALT1;VCAN;STC2;ENO1;P4HA1;ANGPTL4;GALK1;FUT8;IRS2;PMM2;PLOD1;PKM;AGL;PFKP;GYS1;DLD;CASP6;SLC16A3;RARS1;XYLT2;PGLS;B3GALT6;IDH1;EXT1;CHST12;PGK1;PRPS1;ALDH9A1,positive mortality association
HEME_METABOLISM,0.672867286728673,0.811639899186958,0.0100625912214991,0.215150955295543,0.912644810158971,82,D5_center_primary_PHpass,3588,GMPS;HTATIP2;SYNJ1;TRIM58;MAP2K3;OPTN;BLVRB;TNS1;ATP6V0A1;ARHGEF12;MYL4;ALDH6A1;MGST3;CTSB;CDC27;PGLS;TMCC2;KHNYN;HAGH;GAPVD1;FECH;PICALM;GCLM;BMP2K;NEK7;CPOX;FTCD;SDCBP;MARK3;RBM38;GDE1,positive mortality association
HYPOXIA,0.0455136540962289,0.429555332664661,0.0661161203199431,0.323956243977807,1.34790073812936,69,D5_center_primary_PHpass,3588,LOX;CCN5;STC2;ENO1;CSRP2;HMOX1;P4HA1;ANGPTL4;GALK1;MT2A;IRS2;GRHPR;XPNPEP1;PFKP;EFNA1;GYS1;CASP6;PRDX5;TES;TPST2;GAPDH;JMJD6;ILVBL;B3GALT6;CCN1;PRKCA;PFKL;EXT1;PGK1;CAVIN1;PKLR;ERO1A;HEXA,positive mortality association
IL2_STAT5_SIGNALING,0.0411658653846154,0.429555332664661,0.0697294585228188,0.344790279323195,1.38682090583005,53,D5_center_primary_PHpass,3588,COL6A1;CXCL10;AHNAK;FURIN;FGL2;NRP1;P4HA1;PRNP;BMP2;IGF2R;CAPG;TNFSF10;MYO1E;SNX9;PLSCR1;ITIH5,positive mortality association
IL6_JAK_STAT3_SIGNALING,0.604968438199959,0.801110468478889,0.0119240875420497,0.253461664019642,0.919395371935611,28,D5_center_primary_PHpass,3588,CXCL10;HMOX1;EBI3;STAT2;MYD88;STAT1;TLR2;CBL,positive mortality association
INFLAMMATORY_RESPONSE,0.700961731116009,0.811639899186958,0.009453077664638,0.218991490408506,0.882454467646217,54,D5_center_primary_PHpass,3588,MSR1;STAB1;TNFAIP6;CXCL10;TNFSF10;EBI3;CCL24;RHOG;SCARF1;CCRL2;TLR2;NFKB1;EIF2AK2;NAMPT;SELENOS;ABI1;ICAM1;CXCL9;CYBB;RELA;SELE;LCP2;TIMP1;MMP14,positive mortality association
INTERFERON_ALPHA_RESPONSE,0.637246963562753,0.801110468478889,0.0110673252410282,0.242142987841694,0.900432886537036,32,D5_center_primary_PHpass,3588,CXCL10;PLSCR1;GMPR;STAT2;IFI35;PARP9;SAMD9;PARP14;CCRL2;LAP3;EIF2AK2;PARP12;C1S;CNP;HLA-C;TRIM25;RNF31;SELL;NCOA7;PSME2;NMI;TRIM21;TDRD7;BST2,positive mortality association
INTERFERON_GAMMA_RESPONSE,0.471794358871774,0.691965059678602,0.0152698638773102,0.240341304923015,1.01128664735977,76,D5_center_primary_PHpass,3588,TNFAIP6;CXCL10;FGL2;PTPN6;MT2A;TNFSF10;C1R;VCAM1;RNF213;PLSCR1;STAT2;PFKP;IFI35;MYD88;SELP;PARP14;PML;STAT1;NFKB1;LAP3;VAMP8;EIF2AK2;NAMPT;OAS2;PARP12;ICAM1;CXCL9;RIGI;TNFAIP2;C1S;LCP2;CASP3;MVP;HLA-A;OAS3;PLA2G4A;PTPN1;TRIM25,positive mortality association
KRAS_SIGNALING_DN,0.391500321957502,0.66079295154185,0.0190394964097323,0.338775961530684,1.06482424673321,15,D5_center_primary_PHpass,3588,LFNG;IGFBP2;SELENOP,positive mortality association
KRAS_SIGNALING_UP,0.0841872614024513,0.429555332664661,0.0477188632185394,0.339354716371605,1.32755260840454,44,D5_center_primary_PHpass,3588,CXCL10;PLAT;ADAMDEC1;NRP1;ANGPTL4;BMP2;WDR33;SPON1;SEMA3B;SPARCL1;ST6GAL1,positive mortality association
MITOTIC_SPINDLE,0.236,0.577337733773378,0.025961440532814,0.263660302709437,1.13232477232127,93,D5_center_primary_PHpass,3588,WASL;CD2AP;MARCKS;SEPTIN9;MAPRE1;WASF2;ARL8A;MYO1E;LMNB1;KATNB1;FSCN1;EZR;ARHGEF7;MYH10;CLASP1;ARF6;DYNC1H1;ARHGEF12;SORBS2;SPTAN1;CDC42;SPTBN1;FLNB;CDC27;SMC1A;RASA1;PDLIM5;EPB41L2;NOTCH2;ARHGEF2;TUBGCP2;ABI1;DOCK2;MAP1S;RABGAP1;ARHGAP4;SOS1;HDAC6;DYNLL2;BCR;ARHGAP10;RHOT2;RALBP1;ROCK1;MYO9B;FGD4;RICTOR;WASF1;PREX1;KLC1;SMC3;ATG4B;CDC42BPA;KIF5B;ARFGEF1;RHOF;KIF1B;CYTH2;CKAP5;DLG1;OPHN1;TUBGCP3;LRPPRC;MYH9;RAB3GAP1;HOOK3;NCK1;PAFAH1B1;ARHGAP5,positive mortality association
MTORC1_SIGNALING,0.852614738526147,0.961924320388474,0.00599828400538766,0.187330889635367,0.812400719501614,103,D5_center_primary_PHpass,3588,CORO1A;ENO1;ETF1;FGL2;PDAP1;CCT6A;P4HA1;GMPS;CFP;FDXR;STIP1;DHCR7;MAP2K3;GSK3B;NMT1;EPRS1;SORD;QDPR;ATP6V1D;CYB5B;TUBG1;HSPA4;TES;GAPDH;ACACA;IDH1;NAMPT;PFKL;RIT1;PGK1;ABCF2;PPA1;ACSL3;UBE2D3;ERO1A,positive mortality association
MYC_TARGETS_V1,0.605539446055395,0.801110468478889,0.0116442676780942,0.215406065341785,0.952295198463788,128,D5_center_primary_PHpass,3588,ETF1;G3BP1;EIF4H;GSPT1;PABPC1;KARS1;VDAC1;RPLP0;LSM7;SF3A1;CCT3;LSM2;DHX15;RANBP1;PRPS2;IMPDH2;PABPC4;H2AZ1;EIF3B;CTPS1;CNBP;CCT4;EPRS1;HNRNPA1;EIF3D;SRSF1;CUL1;SERBP1;CYC1;EIF2S1;TUFM;TCP1;PTGES3;PA2G4;ILF2;RACK1;ACP1;IARS1;HNRNPA2B1;C1QBP;EIF4E;PGK1;EIF1AX;NPM1;CCT2;CCT7;CCT5;AIMP2;TOMM70;SLC25A3;TARDBP;FAM120A;AP3S1;ABCE1;VDAC3;PCBP1;BUB3;HNRNPC;HSPE1;SSB;PHB1;SRSF2;HPRT1;XPO1;CANX;PHB2;EIF2S2;RAN;XPOT;EEF1B2,positive mortality association
MYOGENESIS,0.345569113822765,0.639647577092511,0.0198590780017481,0.258230459645851,1.07854804985565,71,D5_center_primary_PHpass,3588,COL6A3;COL6A2;AGRN;STC2;AEBP1;MYL6B;PRNP;COL1A1;SOD3;COL4A2;COL3A1;AGL;APOD;MYL1;COL15A1;MYL4;MYL3;GABARAPL2;SPTAN1,positive mortality association
OXIDATIVE_PHOSPHORYLATION,0.143414341434143,0.525852585258526,0.0352678679814223,0.284324176380328,1.20606940192195,82,D5_center_primary_PHpass,3588,ACAA2;AFG3L2;SLC25A20;VDAC1;OPA1;ACAT1;TIMM13;BAX;DLD;NDUFS2;ATP6V1D;ATP5ME;ATP6V1G1;COX6C;ALDH6A1;ETFDH;MGST3;CYC1;ETFB;ACAA1;COX6B1;ATP6V1E1;ATP6AP1;ATP6V1C1;TCIRG1;IDH1;NDUFA5;COX7A2L;NDUFC2;GPX4;TOMM70;SLC25A3;UQCRC2;HADHA;RHOT2;UQCRFS1;MAOB;ATP5F1E;VDAC3;SDHB;MFN2;UQCRH;NDUFS8;NDUFA3;HCCS;VDAC2;GLUD1;COX4I1;PHB2;IMMT;SLC25A5;NDUFV1;ATP6V1H;CPT1A;SDHA;ATP5PB;NDUFA8;NDUFA7;UQCRC1;LRPPRC;AIFM1;POR,positive mortality association
P53_PATHWAY,0.123370110330993,0.525852585258526,0.0385322134325831,0.319909052649468,1.26496870523667,47,D5_center_primary_PHpass,3588,HMOX1;INHBB;GM2A;BMP2;FDXR;DEF6;ABAT;DGKA;MAPKAPK3;BAX;CYFIP2;EPS8L2;KIF13B;HINT1;EPHX1;RHBDF2;SEC61A1;RACK1;VAMP8;CDKN2AIP;ELP1,positive mortality association
PEROXISOME,0.323038229376258,0.639647577092511,0.0209803258667237,0.287678721712554,1.10502280273928,39,D5_center_primary_PHpass,3588,VPS4B;EPHX2;PABPC1;HMGCL;CTPS1;HSD17B11;CNBP;ECI2;PRDX5;ACAA1;IDH1;ACSL1;ALDH9A1;GSTK1;CTBP1;SCP2;SLC27A2;MVP;CRAT;FIS1,positive mortality association
PI3K_AKT_MTOR_SIGNALING,0.571314102564103,0.801110468478889,0.0125220557994472,0.23788419434503,0.956821562753474,53,D5_center_primary_PHpass,3588,PIN1;MAP2K3;PRKAG1;GSK3B;ITPR2;RPS6KA3;RALB;STAT2;RPS6KA1;CFL1;GRK2;MYD88;PPP1CA;ACACA;PRKCB;TRAF2;SMAD2;VAV3;RIT1;EIF4E;UBE2D3;AP2M1,positive mortality association
PROTEIN_SECRETION,0.454281712685074,0.689255012349768,0.0158200612917092,0.246507127330577,1.02175138291841,67,D5_center_primary_PHpass,3588,RAB5A;VPS4B;SNX2;IGF2R;STX12;RPS6KA3;SEC24D;NAPG;RER1;OCRL;AP2B1;AP2S1;ARFIP1;VAMP3;TSG101;STX7;VPS45;AP2M1;TMED2;AP3B1;RAB14;RAB22A;AP3S1;SCAMP1;SEC31A;ARCN1;MON2;VAMP7;GLA;GNAS;NAPA;SCAMP3;TMX1;COPB2;RAB2A;COPB1;ATP6V1H;ARFGEF1;SEC22B;CLTA;KIF1B;ATP1A1;ARF1;LMAN1;COPE;ZW10;TMED10;USO1;GBF1;SNAP23;CLTC;ARFGEF2;AP1G1;MAPK1,positive mortality association
REACTIVE_OXYGEN_SPECIES_PATHWAY,0.253477588871716,0.577337733773378,0.0252612440670251,0.338696096232741,1.17805854721302,23,D5_center_primary_PHpass,3588,HMOX2;PRNP;FES;PFKP;NDUFS2;MPO;OXSR1;SELENOS;GPX4;GCLM;MGST1,positive mortality association
SPERMATOGENESIS,0.993459981314232,0.993459981314232,0.0030616651655549,0.130138004052297,0.44334773872954,21,D5_center_primary_PHpass,3588,CLPB;MTOR;CSNK2A2;GSTM3;NF2;VDAC3;AGFG1;TSN;HSPA1L;PRKAR2A;STAM2;JAM3;HSPA2;SEPTIN4;PEBP1;PHKG2;SLC12A2;HBZ;TALDO1,positive mortality association
TGF_BETA_SIGNALING,0.0600314300680985,0.429555332664661,0.0585444411550859,0.433707369632101,1.44408702508008,19,D5_center_primary_PHpass,3588,LTBP2;FURIN;BMP2;RAB31;RHOA;FNTA;PPP1CA;SPTBN1;ACVR1;UBE2D3,positive mortality association
TNFA_SIGNALING_VIA_NFKB,0.00414794267154745,0.0912547387740439,0.129006250027651,0.427788131178177,1.65000610576175,40,D5_center_primary_PHpass,3588,TNFAIP6;TNC;CXCL10;B4GALT1;B4GALT5;EHD1;MARCKS;PTX3;BMP2;IRS2;MAP2K3;DNAJB4;EFNA1;CCRL2;TRIP10;TLR2;NFKB1;PDLIM5;CCN1;NAMPT,positive mortality association
UNFOLDED_PROTEIN_RESPONSE,0.0769307823299609,0.429555332664661,0.0500375312463182,0.330293103887051,1.32094935965893,51,D5_center_primary_PHpass,3588,HYOU1;STC2;SRPRA;PAIP1;KHSRP;EXOC2;TARS1;SHC1;LSM4;EIF4A3;LSM1;DNAJC3;SRPRB;ATP6V0D1;EIF4G1;FUS;EIF2S1;EEF2;DCTN1;IARS1;EDC4;EIF4E;NPM1;SKIC3;ERO1A;H2AX,positive mortality association
UV_RESPONSE_DN,0.976025679606781,0.993459981314232,0.00240770384073916,0.14329679343786,0.564944139878586,46,D5_center_primary_PHpass,3588,NRP1;COL1A2;COL1A1;EFEMP1;COL3A1;WDR37;NFKB1;PDLIM5;CCN1;NOTCH2;PRKCA;ADD3;NEK7;DYRK1A;FHL2;MAPK14;PLCB4;CDC42BPA;COL5A2;IGFBP5;SRI;SLC7A1;FBLN5;IGF1R;ATP2C1;DLG1;MAP1B;PRKAR2B,positive mortality association
UV_RESPONSE_UP,0.0631758109731678,0.429555332664661,0.0556148644793071,0.327168406418968,1.33101774065027,58,D5_center_primary_PHpass,3588,IGFBP2;HMOX1;FURIN;PPAT;PDAP1;MGAT1;BMP2;OLFM1;STIP1;SPR;TARS1;RAB27A;CYB5B;EIF5;ACAA1;DNAJA1;EPHX1;GGH;ATP6V1C1;ARRB2;AP2S1;PRKCD;ICAM1;H2AX;GLS;EIF2S3;CASP3;MMP14;MARK2;TST;CNP;CYB5R1,positive mortality association
XENOBIOTIC_METABOLISM,0.622911455727864,0.801110468478889,0.011234016054238,0.225388896707227,0.932273976755856,66,D5_center_primary_PHpass,3588,CBR1;HMOX1;IGFBP4;MT2A;MTHFD1;KARS1;BLVRB;NMT1;FBLN1;UGDH;CNDP2;CYFIP2;CASP6;GART;ETFDH;DHRS7;EPHX1;PTGES3;COMT;IDH1;ACP1;PDLIM5;TKFC,positive mortality association
ADIPOGENESIS,0.756043468618319,0.807929174302455,0.0200627577742511,-0.182842244025218,-0.86771453959088,94,D5_median_center_sensitivity,3875,IMMT;RIOK3;CD36;ACOX1;POR;TALDO1;JAGN1;AIFM1;ATL2;IDH3G;LPCAT3;STOM;YWHAG;RTN3;CAVIN2;ACLY;APOE;STAT5A;ESYT1;C3;ALDOA;AK2;SCP2;MGLL;CHUK;GPX4;CMPK1,negative mortality association
ALLOGRAFT_REJECTION,0.304763976506417,0.446987165542745,0.0357496126221224,-0.241438503994024,-1.07990854009492,70,D5_median_center_sensitivity,3875,ITGAL;RPS9;RPS3A;F2;RPS19;UBE2N;FLNA;LYN;CD247;NME1;PTPRC;ACHE;TAP1;MMP9;FYB1;CD47;EIF4G3;JAK2;FGR;CSK,negative mortality association
ANDROGEN_RESPONSE,0.278060704827867,0.446987165542745,0.0362938648320271,-0.307612050463032,-1.12506104424753,30,D5_median_center_sensitivity,3875,GSR;SPCS3;LMAN1;ACTN1;VAPA;MYL12A;ACSL3;GNAI3;H1-0;RAB4A;ABCC4,negative mortality association
ANGIOGENESIS,0.118038740920097,0.263079222720478,0.0579034702901396,0.44182497469305,1.35226365519881,17,D5_median_center_sensitivity,3875,POSTN;VCAN;COL3A1;NRP1;LRPAP1,positive mortality association
APICAL_JUNCTION,0.30024159894575,0.446987165542745,0.0362630955927961,-0.231379371664957,-1.07802628424223,85,D5_median_center_sensitivity,3875,ICAM2;PECAM1;ARPC2;PFN1;ACTA1;ACTN4;ITGB1;MYH9;GNAI2;PTPRC;CTNND1;ACTN1;VCL;MYL9;NEXN;YWHAH;SKAP2;MMP9;ADAM9;FYB1;SRC;RSU1,negative mortality association
APOPTOSIS,0.771379086382334,0.807929174302455,0.0193937471638163,-0.196474956837771,-0.843957756106314,59,D5_median_center_sensitivity,3875,GSR;MADD;F2;CLU;BCAP31;CD44;DIABLO;TAP1;ROCK1;RELA;RHOT2;CASP4;CD38;H1-0;EBP;CD69;TIMP3;GPX4;DNM1L;HSPB1;HMGB2;RNASEL;GPX1;SPTAN1;ENO2;SQSTM1;ADD1,negative mortality association
BILE_ACID_METABOLISM,0.25747572815534,0.438688328174699,0.0369069830787364,0.310815878152431,1.14719653669902,33,D5_median_center_sensitivity,3875,APOA1;FDXR;NEDD4;OPTN;SLC35B2;LONP2;ABCD1;PEX19,positive mortality association
CHOLESTEROL_HOMEOSTASIS,0.0731954582319546,0.178922231233667,0.0746018195047473,-0.387233487833983,-1.39478271936632,28,D5_median_center_sensitivity,3875,STX5;CLU;CD9;LSS;ALDOC;ACSS2;FASN;FDPS;ACAT2;LDLR;EBP,negative mortality association
COAGULATION,0.237206237645508,0.438688328174699,0.0414723944801625,-0.239981188147964,-1.11810325477847,85,D5_median_center_sensitivity,3875,PLG;HRG;CPB2;GP1BA;GP9;F2;CLU;CD9;WDR1;PECAM1;PROS1;ITGB3;FYN;F11;ITIH1;CFB;MASP2;SPARC;CTSH;MMP9;ADAM9,negative mortality association
COMPLEMENT,0.00137897343399197,0.0151687077739117,0.144233372292081,-0.351032833921989,-1.67308454172842,97,D5_median_center_sensitivity,3875,PLG;CTSC;GP1BA;CD36;PPP2CB;KIF2A;USP15;GP9;GNB4;F2;CD55;CLU;FCER1G;CDA;LYN;PFN1;FYN;USP14;GNAI2;HSPA5;ITIH1;CFB;GNG2;F7;CTSH;ADAM9;CD46;CASP4;C4BPB;SRC;JAK2;GNAI3;TFPI2;HSPA1A;CD59,negative mortality association
DNA_REPAIR,0.726155150487495,0.798770665536244,0.0199870901936584,-0.20894305298496,-0.855633821337279,47,D5_median_center_sensitivity,3875,DAD1;DDB1;CDA;BCAP31;NME1;PNP,negative mortality association
E2F_TARGETS,0.119581464872945,0.263079222720478,0.0592614910050427,-0.304875761075595,-1.25872629696979,49,D5_median_center_sensitivity,3875,TUBB;XPO1;NME1;PAICS;SYNCRIP;DEK;NOP56;NAP1L1;IPO7;SNRPB;PRDX4;ZW10;AK2,negative mortality association
EPITHELIAL_MESENCHYMAL_TRANSITION,6.06752358584025e-09,2.66971037776971e-07,0.241348594177983,0.504257228509477,2.34728788948508,102,D5_median_center_sensitivity,3875,COLGALT1;COL6A3;COL6A2;POSTN;TNC;ABI3BP;LOX;IGFBP2;COL12A1;VCAN;MATN2;ELN;VEGFC;COL1A1;FBN1;HTRA1;IGFBP4;CXCL12;TNFRSF11B;COL1A2;COL4A2;COL3A1;LAMC2;LRP1;CTHRC1;COL4A1;PCOLCE2;PLOD1;THBS2;LAMC1;MMP1;VCAM1;MGP;WIPF1;COMP;FBLN1;LGALS1;MMP2;CCN1,positive mortality association
ESTROGEN_RESPONSE_EARLY,0.0101287752815742,0.0557082640486579,0.120674297088992,0.398916241083224,1.6201750035555,50,D5_median_center_sensitivity,3875,THSD4;CCN5;B4GALT1;SEMA3B;OLFM1;INHBB;STC2;IGFBP4;CXCL12;SNX24;DYNLT3;TSKU,positive mortality association
ESTROGEN_RESPONSE_LATE,0.066990110095167,0.178922231233667,0.0748173840772458,0.333684162692405,1.37042302997896,53,D5_median_center_sensitivity,3875,LSR;CCN5;SEMA3B;OLFM1;IGFBP4;CXCL12;PTPN6;LAMC2;DYNLT3,positive mortality association
FATTY_ACID_METABOLISM,0.0544662309368192,0.171179582944289,0.0901888162992841,-0.292769001014626,-1.34208895582603,78,D5_median_center_sensitivity,3875,GLUL;MDH1;ERP29;CD36;ACSL4;ACOX1;RDH11;SDHD;PRDX6;CPT1A;BLVRA;IDH3G;YWHAH;ACSL5;FASN;HSP90AA1;PSME1;ACAT2;HSD17B4;HSPH1;ALDOA;CA6;OSTC;UROD;MGLL,negative mortality association
G2M_CHECKPOINT,0.627937055399871,0.712401499730068,0.0225057021197395,-0.213475421499563,-0.914419847068718,58,D5_median_center_sensitivity,3875,SNRPD1;XPO1;CUL3;KIF5B;SLC7A5;SYNCRIP;PAFAH1B1;KPNB1;NUMA1;HNRNPU;DKC1;HSPA8,negative mortality association
GLYCOLYSIS,0.516438862209088,0.629358678730701,0.0231606595654431,0.21703130126384,0.966855202666121,80,D5_median_center_sensitivity,3875,AGRN;VCAN;B4GALT1;STC2;ANGPTL4;ENO1;FUT8;P4HA1;PLOD1;XYLT2;IRS2;PKM;EXT1,positive mortality association
HEME_METABOLISM,0.0139785744697949,0.0683396974078861,0.120674297088992,-0.325911883906118,-1.51661832757581,84,D5_median_center_sensitivity,3875,RIOK3;USP15;CLCN3;ENDOD1;LPIN2;GCLC;BLVRA;BPGM;DAAM1;XPO7;AHSP;ABCB6;MBOAT2;FN3K;RNF123;H1-0;SELENBP1;C3;PICALM;UROD;PSMD9;CAST;RBM38;TMEM9B;ALAD;HBD;GCLM;KEL;SLC30A1;ICAM4;BSG;SLC4A1;NEK7;ABCG2;EPB41;TOP1;SLC2A1;DMTN;ADD1;DCAF11;SPTA1;ERMAP;EPB42;ADD2;ANK1;SPTB;MPP1,negative mortality association
HYPOXIA,0.0658162322055833,0.178922231233667,0.0751440930078969,0.304970858204528,1.33316039045161,72,D5_median_center_sensitivity,3875,CCN5;LOX;STC2;HMOX1;ANGPTL4;CSRP2;ENO1;P4HA1;JMJD6;MT2A;PDK1;IRS2;EXT1;CCN1;NEDD4L;GALK1;SLC6A6;B3GALT6;TPST2;PFKP;TES;CDKN1A;GAPDH;SLC37A4;EFNA1;CAVIN1;GRHPR;PGM2;ILVBL;DCN;MIF;PKLR;CASP6,positive mortality association
IL2_STAT5_SIGNALING,0.0158507160578794,0.0697431506546692,0.111722689770913,0.372465392920578,1.547615743365,56,D5_median_center_sensitivity,3875,COL6A1;CXCL10;AHNAK;BMP2;FURIN;PRNP;FGL2;CCND3;NRP1;TNFSF10;MYO1E;P4HA1,positive mortality association
IL6_JAK_STAT3_SIGNALING,0.509035532994924,0.629358678730701,0.0249451814880503,-0.266426225334127,-0.966016486285156,29,D5_median_center_sensitivity,3875,STAT3;CD36;ITGA4;CD9;ITGB3;CD44,negative mortality association
INFLAMMATORY_RESPONSE,0.259224921194141,0.438688328174699,0.0357942052673273,0.270197117701881,1.12268500944044,56,D5_median_center_sensitivity,3875,MSR1;STAB1;CCL24;CXCL10;EBI3;TNFAIP6;TNFSF10;SELENOS;ICAM1;SELE;PROK2;SCARF1;MMP14,positive mortality association
INTERFERON_ALPHA_RESPONSE,0.631446783851652,0.712401499730068,0.0207043446503391,0.236360590425647,0.889275109272516,36,D5_median_center_sensitivity,3875,CXCL10;LGALS3BP;WARS1;STAT2;NCOA7;TDRD7;IFI35;SELL,positive mortality association
INTERFERON_GAMMA_RESPONSE,0.359992611747322,0.497156629116118,0.0293268456891866,0.236102069163825,1.05181378262931,80,D5_median_center_sensitivity,3875,CXCL10;TNFAIP6;FGL2;C1R;PTPN6;LGALS3BP;RNF213;TNFSF10;WARS1;MT2A;STAT2;VCAM1;OAS2;ICAM1;TDRD7,positive mortality association
KRAS_SIGNALING_DN,0.133024753471523,0.278718531083192,0.054250115182477,0.447748597538375,1.32592107236231,15,D5_median_center_sensitivity,3875,LFNG;IGFBP2;SELENOP;GTF3C5;VPS50;MTHFR,positive mortality association
KRAS_SIGNALING_UP,0.00707250295948276,0.0444557328881774,0.129006250027651,0.419543264369924,1.65992225837436,45,D5_median_center_sensitivity,3875,PLAT;CXCL10;ADAMDEC1;SEMA3B;SPON1;BMP2;ANGPTL4;APOD;ST6GAL1;NRP1;SLPI;SPARCL1;WDR33;RABGAP1L,positive mortality association
MITOTIC_SPINDLE,0.789567147613763,0.807929174302455,0.0194191420728089,-0.17917547340588,-0.854969730048933,98,D5_median_center_sensitivity,3875,MYO9B;TUBA4A;FLNA;ACTN4;MYH9;KLC1;KIF5B;CKAP5;CAPZB;VCL;ROCK1;NCK2;TLK1;PAFAH1B1;YWHAE;RHOT2;CLIP1;NUMA1;RALBP1;CTTN;CYTH2;HOOK3;MAP1S;ARHGEF2;RHOF;ARFGEF1;CSNK1D;LLGL1,negative mortality association
MTORC1_SIGNALING,0.00286953092206651,0.0252518721141853,0.136831791314999,-0.326475531810902,-1.59041991774325,110,D5_median_center_sensitivity,3875,CTSC;GSR;IMMT;CALR;SSR1;RPN1;CD9;TUBA4A;RDH11;SLC2A3;M6PR;PNP;ATP2A2;NHERF1;GCLC;COPS5;USO1;PSMD12;PSMB5;SEC11A;HSPA5;ACTR3;CANX;SLC7A5;SKAP2;ACTR2;EEF1E1;HSP90B1;TXNRD1;ACLY;ACSL3;PSMD14;UCHL5;G6PD;LDLR;ARPC5L;ALDOA;EBP;UFM1;PSMC6;PSMD13;HPRT1,negative mortality association
MYC_TARGETS_V1,5.51719853504688e-07,1.21378367771031e-05,0.209014013725794,-0.414696762564324,-2.07141863636741,129,D5_median_center_sensitivity,3875,CAD;RPS5;SNRPD1;RPS2;PHB2;GLO1;PCBP1;PHB1;YWHAQ;XPO1;NME1;HNRNPR;COPS5;CANX;PSMD8;SNRPD3;PSMA6;EIF4G2;UBE2L3;SF3B3;RPS3;RPS6;SYNCRIP;PSMA2;KPNB1;FBL;YWHAE;DEK;RPL18;PSMD7;FAM120A;NOP56;PSMD1;RPL22;PSMD14;RPL14;NAP1L1;TOMM70;TARDBP;HNRNPU;EIF4A1;RUVBL2;SNRPD2;RPL6;PRDX4;HSP90AB1;PSMA1;PSMC6;HNRNPA3;HPRT1;SNRPB2;DDX21;VBP1;PSMA7;HSPE1;PSMC4;ABCE1;LDHA;AIMP2;SLC25A3;SNRPA1;RAD23B;SRPK1;EEF1B2;PSMD3;EIF2S2;U2AF1;RPL34;IARS1,negative mortality association
MYOGENESIS,0.0379840652214193,0.139274905811871,0.0998483683168439,0.32287108706013,1.40619138588012,71,D5_median_center_sensitivity,3875,COL6A3;COL6A2;AGRN;AEBP1;STC2;MYL6B;COL1A1;PRNP;COL4A2;COL3A1;APOD;SOD3;MYL1;CFD,positive mortality association
OXIDATIVE_PHOSPHORYLATION,0.0421660008877053,0.142715695312233,0.103804265291514,-0.290742369260626,-1.36529386463607,89,D5_median_center_sensitivity,3875,NDUFA4;MDH1;IMMT;ATP6V1F;POR;PHB2;CYB5R3;SDHD;LDHB;CPT1A;AIFM1;HADHA;COX4I1;IDH3G;SLC25A12;ATP5PB;TIMM9;RHOT2;ABCB7;SLC25A5;TOMM70;UQCRB;RHOT1;NDUFV1;NDUFB1,negative mortality association
P53_PATHWAY,0.254338495988057,0.438688328174699,0.0363246982246538,0.277442692014823,1.13575787289806,52,D5_median_center_sensitivity,3875,INHBB;BMP2;HMOX1;FDXR;TCN2;CCND3;GM2A;ELP1;EI24;ABAT;TNNI1;IRAK1;CDKN2AIP;KIF13B;BAX;EPS8L2;SLC35D1;CDKN1A;EPHX1,positive mortality association
PEROXISOME,0.458228379513014,0.610971172684019,0.0273045097934503,-0.246462800179455,-1.00004622822251,45,D5_median_center_sensitivity,3875,TTR;ACSL4;SERPINA6;ACOX1;RDH11;IDE;MVP;YWHAH;ACSL5;FDPS;HSD17B4;GSTK1;SCP2;ABCC5,negative mortality association
PI3K_AKT_MTOR_SIGNALING,0.361568457538995,0.497156629116118,0.0322385276578444,-0.245826207203112,-1.04744270974044,57,D5_median_center_sensitivity,3875,CALR;UBE2N;PFN1;MAPK1;ARPC3;ACTR3;IRAK4;CLTC;ACTR2;HSP90B1;PRKAR2A;YWHAB;PIKFYVE;RIT1;AP2M1;CSNK2B;GRB2;NCK1;SLC2A1;SQSTM1;CAB39;TRAF2;ARF1;PTPN11;TBK1;RPTOR;RAC1;EIF4E;MAPKAP1,negative mortality association
PROTEIN_SECRETION,0.000371923135821274,0.00545487265871202,0.157999743098826,-0.412984555736433,-1.84720142516339,70,D5_median_center_sensitivity,3875,CTSC;ADAM10;RAB2A;CLCN3;ATP1A1;LMAN1;NAPA;MAPK1;M6PR;TMED10;SNAP23;TMX1;USO1;GBF1;AP3B1;CLTC;SEC22B;ATP7A;AP1G1;GNAS;RAB14;ARFGAP3;COPB1;STX16;COPB2;ZW10;VAMP7;ARCN1;COPE;CLTA;YKT6;DNM1L;STAM;ARFGEF1;VAMP3;TMED2;ATP6V1H,negative mortality association
REACTIVE_OXYGEN_SPECIES_PATHWAY,0.0699613585519626,0.178922231233667,0.0764929249833112,-0.414135789928862,-1.41063495904447,23,D5_median_center_sensitivity,3875,GSR;PRDX6;GCLC;LAMTOR5;ABCC1;PDLIM1;TXNRD1;PTPA;G6PD;PRDX4;GPX4;GCLM,negative mortality association
SPERMATOGENESIS,0.949969493593655,0.949969493593655,0.0154115243489639,-0.18664454961362,-0.635751202873116,23,D5_median_center_sensitivity,3875,TALDO1;IDE;PRKAR2A;HSPA1L;STAM2;JAM3;ACE,negative mortality association
TGF_BETA_SIGNALING,0.243569449940641,0.438688328174699,0.0385143573765071,0.367140783912746,1.17902890474542,20,D5_median_center_sensitivity,3875,LTBP2;BMP2;FURIN;FNTA;ACVR1,positive mortality association
TNFA_SIGNALING_VIA_NFKB,0.0207569291835594,0.0830277167342376,0.111722689770913,0.398782505067831,1.55532128183288,42,D5_median_center_sensitivity,3875,TNC;B4GALT5;CXCL10;B4GALT1;BMP2;TNFAIP6;MARCKS;EHD1;IRS2;ICAM1;CCN1,positive mortality association
UNFOLDED_PROTEIN_RESPONSE,0.529233434387181,0.629358678730701,0.025370686410986,-0.228468386746194,-0.960462299075569,54,D5_median_center_sensitivity,3875,CALR;SSR1;SPCS3;KIF5B;SEC11A;HSPA5;PDIA6;YWHAZ;SLC7A5;HSP90B1;PDIA5;NOP56;DKC1;EIF4A1,negative mortality association
UV_RESPONSE_DN,0.479225418311713,0.620174070756334,0.0246693542998985,0.244019009409302,0.985823358305384,49,D5_median_center_sensitivity,3875,COL1A1;COL1A2;COL3A1;NRP1;EFEMP1;LAMC1;IGFBP5;PLCB4;CCN1;CDC42BPA,positive mortality association
UV_RESPONSE_UP,0.292914264459736,0.446987165542745,0.0333736009028974,0.261543677880051,1.10001737045672,60,D5_median_center_sensitivity,3875,IGFBP2;OLFM1;BMP2;HMOX1;FURIN;MGAT1;CCND3;STIP1;PPAT;PDAP1,positive mortality association
XENOBIOTIC_METABOLISM,0.00392076238077945,0.0287522574590493,0.129006250027651,-0.36343111158355,-1.64654582784074,74,D5_median_center_sensitivity,3875,PLG;HRG;FETUB;GSR;CD36;SERPINA6;ACOX1;POR;PGRMC1;PROS1;CDA;LPIN2;ATP2A2;GCLC;GSTO1;F11;ITIH1;CFB,negative mortality association
