analysis,pathway,NES,padj,gene_symbol
D1_center_primary,ADIPOGENESIS,1.09656766669181,0.387330497719459,TKT
D1_center_primary,ADIPOGENESIS,1.09656766669181,0.387330497719459,TST
D1_center_primary,ADIPOGENESIS,1.09656766669181,0.387330497719459,QDPR
D1_center_primary,ADIPOGENESIS,1.09656766669181,0.387330497719459,EPHX2
D1_center_primary,ADIPOGENESIS,1.09656766669181,0.387330497719459,ETFB
D1_center_primary,ADIPOGENESIS,1.09656766669181,0.387330497719459,PGM1
D1_center_primary,ADIPOGENESIS,1.09656766669181,0.387330497719459,ANGPTL4
D1_center_primary,ADIPOGENESIS,1.09656766669181,0.387330497719459,G3BP2
D1_center_primary,ADIPOGENESIS,1.09656766669181,0.387330497719459,ALDH2
D1_center_primary,ADIPOGENESIS,1.09656766669181,0.387330497719459,ITIH5
D1_center_primary,ADIPOGENESIS,1.09656766669181,0.387330497719459,SULT1A1
D1_center_primary,ADIPOGENESIS,1.09656766669181,0.387330497719459,SUCLG1
D1_center_primary,ADIPOGENESIS,1.09656766669181,0.387330497719459,REEP5
D1_center_primary,ADIPOGENESIS,1.09656766669181,0.387330497719459,SPARCL1
D1_center_primary,ADIPOGENESIS,1.09656766669181,0.387330497719459,ACADS
D1_center_primary,ADIPOGENESIS,1.09656766669181,0.387330497719459,ACAA2
D1_center_primary,ADIPOGENESIS,1.09656766669181,0.387330497719459,TALDO1
D1_center_primary,ADIPOGENESIS,1.09656766669181,0.387330497719459,UBQLN1
D1_center_primary,ADIPOGENESIS,1.09656766669181,0.387330497719459,NMT1
D1_center_primary,ADIPOGENESIS,1.09656766669181,0.387330497719459,IDH1
D1_center_primary,ADIPOGENESIS,1.09656766669181,0.387330497719459,REEP6
D1_center_primary,ADIPOGENESIS,1.09656766669181,0.387330497719459,DHCR7
D1_center_primary,ADIPOGENESIS,1.09656766669181,0.387330497719459,GPX4
D1_center_primary,ADIPOGENESIS,1.09656766669181,0.387330497719459,YWHAG
D1_center_primary,ADIPOGENESIS,1.09656766669181,0.387330497719459,PFKL
D1_center_primary,ADIPOGENESIS,1.09656766669181,0.387330497719459,SORBS1
D1_center_primary,ADIPOGENESIS,1.09656766669181,0.387330497719459,CAVIN1
D1_center_primary,ADIPOGENESIS,1.09656766669181,0.387330497719459,LAMA4
D1_center_primary,ADIPOGENESIS,1.09656766669181,0.387330497719459,COL15A1
D1_center_primary,ADIPOGENESIS,1.09656766669181,0.387330497719459,ALDOA
D1_center_primary,ALLOGRAFT_REJECTION,1.11220616290494,0.387330497719459,INHBB
D1_center_primary,ALLOGRAFT_REJECTION,1.11220616290494,0.387330497719459,CAPG
D1_center_primary,ALLOGRAFT_REJECTION,1.11220616290494,0.387330497719459,STAB1
D1_center_primary,ALLOGRAFT_REJECTION,1.11220616290494,0.387330497719459,EIF3A
D1_center_primary,ALLOGRAFT_REJECTION,1.11220616290494,0.387330497719459,EIF5A
D1_center_primary,ALLOGRAFT_REJECTION,1.11220616290494,0.387330497719459,EIF3D
D1_center_primary,ALLOGRAFT_REJECTION,1.11220616290494,0.387330497719459,PTPN6
D1_center_primary,ALLOGRAFT_REJECTION,1.11220616290494,0.387330497719459,TRAF2
D1_center_primary,ALLOGRAFT_REJECTION,1.11220616290494,0.387330497719459,C2
D1_center_primary,ALLOGRAFT_REJECTION,1.11220616290494,0.387330497719459,UBE2N
D1_center_primary,ALLOGRAFT_REJECTION,1.11220616290494,0.387330497719459,NPM1
D1_center_primary,ALLOGRAFT_REJECTION,1.11220616290494,0.387330497719459,IL16
D1_center_primary,ALLOGRAFT_REJECTION,1.11220616290494,0.387330497719459,HCLS1
D1_center_primary,ALLOGRAFT_REJECTION,1.11220616290494,0.387330497719459,AARS1
D1_center_primary,ALLOGRAFT_REJECTION,1.11220616290494,0.387330497719459,NME1
D1_center_primary,ALLOGRAFT_REJECTION,1.11220616290494,0.387330497719459,TIMP1
D1_center_primary,ALLOGRAFT_REJECTION,1.11220616290494,0.387330497719459,F2
D1_center_primary,ALLOGRAFT_REJECTION,1.11220616290494,0.387330497719459,ABI1
D1_center_primary,ALLOGRAFT_REJECTION,1.11220616290494,0.387330497719459,LY75
D1_center_primary,ALLOGRAFT_REJECTION,1.11220616290494,0.387330497719459,DARS1
D1_center_primary,ALLOGRAFT_REJECTION,1.11220616290494,0.387330497719459,HLA-A
D1_center_primary,ALLOGRAFT_REJECTION,1.11220616290494,0.387330497719459,RPS3A
D1_center_primary,ALLOGRAFT_REJECTION,1.11220616290494,0.387330497719459,WAS
D1_center_primary,ALLOGRAFT_REJECTION,1.11220616290494,0.387330497719459,RARS1
D1_center_primary,ALLOGRAFT_REJECTION,1.11220616290494,0.387330497719459,ABCE1
D1_center_primary,ALLOGRAFT_REJECTION,1.11220616290494,0.387330497719459,EIF4G3
D1_center_primary,ALLOGRAFT_REJECTION,1.11220616290494,0.387330497719459,PRKCB
D1_center_primary,ALLOGRAFT_REJECTION,1.11220616290494,0.387330497719459,CSK
D1_center_primary,ALLOGRAFT_REJECTION,1.11220616290494,0.387330497719459,CD247
D1_center_primary,ALLOGRAFT_REJECTION,1.11220616290494,0.387330497719459,PTPRC
D1_center_primary,ALLOGRAFT_REJECTION,1.11220616290494,0.387330497719459,STAT1
D1_center_primary,ALLOGRAFT_REJECTION,1.11220616290494,0.387330497719459,LCP2
D1_center_primary,ALLOGRAFT_REJECTION,1.11220616290494,0.387330497719459,SRGN
D1_center_primary,ALLOGRAFT_REJECTION,1.11220616290494,0.387330497719459,RPS9
D1_center_primary,ALLOGRAFT_REJECTION,1.11220616290494,0.387330497719459,RPS19
D1_center_primary,ALLOGRAFT_REJECTION,1.11220616290494,0.387330497719459,NCK1
D1_center_primary,ALLOGRAFT_REJECTION,1.11220616290494,0.387330497719459,CD40
D1_center_primary,ALLOGRAFT_REJECTION,1.11220616290494,0.387330497719459,TLR2
D1_center_primary,ALLOGRAFT_REJECTION,1.11220616290494,0.387330497719459,FGR
D1_center_primary,ALLOGRAFT_REJECTION,1.11220616290494,0.387330497719459,CFP
D1_center_primary,ALLOGRAFT_REJECTION,1.11220616290494,0.387330497719459,MMP9
D1_center_primary,ANDROGEN_RESPONSE,0.830125658893592,0.952306044127419,SEC24D
D1_center_primary,ANDROGEN_RESPONSE,0.830125658893592,0.952306044127419,SELENOP
D1_center_primary,ANDROGEN_RESPONSE,0.830125658893592,0.952306044127419,SORD
D1_center_primary,ANDROGEN_RESPONSE,0.830125658893592,0.952306044127419,B4GALT1
D1_center_primary,ANDROGEN_RESPONSE,0.830125658893592,0.952306044127419,PDLIM5
D1_center_primary,ANDROGEN_RESPONSE,0.830125658893592,0.952306044127419,FKBP5
D1_center_primary,ANDROGEN_RESPONSE,0.830125658893592,0.952306044127419,PA2G4
D1_center_primary,ANDROGEN_RESPONSE,0.830125658893592,0.952306044127419,H1-0
D1_center_primary,ANDROGEN_RESPONSE,0.830125658893592,0.952306044127419,RAB4A
D1_center_primary,ANDROGEN_RESPONSE,0.830125658893592,0.952306044127419,PTK2B
D1_center_primary,ANDROGEN_RESPONSE,0.830125658893592,0.952306044127419,TNFAIP8
D1_center_primary,ANDROGEN_RESPONSE,0.830125658893592,0.952306044127419,SMS
D1_center_primary,ANDROGEN_RESPONSE,0.830125658893592,0.952306044127419,RPS6KA3
D1_center_primary,ANDROGEN_RESPONSE,0.830125658893592,0.952306044127419,GSR
D1_center_primary,ANGIOGENESIS,1.14426522662416,0.440211208248763,POSTN
D1_center_primary,ANGIOGENESIS,1.14426522662416,0.440211208248763,LUM
D1_center_primary,ANGIOGENESIS,1.14426522662416,0.440211208248763,COL3A1
D1_center_primary,ANGIOGENESIS,1.14426522662416,0.440211208248763,NRP1
D1_center_primary,ANGIOGENESIS,1.14426522662416,0.440211208248763,LRPAP1
D1_center_primary,ANGIOGENESIS,1.14426522662416,0.440211208248763,TIMP1
D1_center_primary,ANGIOGENESIS,1.14426522662416,0.440211208248763,FSTL1
D1_center_primary,ANGIOGENESIS,1.14426522662416,0.440211208248763,VCAN
D1_center_primary,APICAL_JUNCTION,0.922110108068367,0.910457525676004,WASL
D1_center_primary,APICAL_JUNCTION,0.922110108068367,0.910457525676004,FSCN1
D1_center_primary,APICAL_JUNCTION,0.922110108068367,0.910457525676004,MYH10
D1_center_primary,APICAL_JUNCTION,0.922110108068367,0.910457525676004,VCAM1
D1_center_primary,APICAL_JUNCTION,0.922110108068367,0.910457525676004,EVL
D1_center_primary,APICAL_JUNCTION,0.922110108068367,0.910457525676004,PCDH1
D1_center_primary,APICAL_JUNCTION,0.922110108068367,0.910457525676004,SHC1
D1_center_primary,APICAL_JUNCTION,0.922110108068367,0.910457525676004,LAMC2
D1_center_primary,APICAL_JUNCTION,0.922110108068367,0.910457525676004,B4GALT1
D1_center_primary,APICAL_JUNCTION,0.922110108068367,0.910457525676004,VASP
D1_center_primary,APICAL_JUNCTION,0.922110108068367,0.910457525676004,ZYX
D1_center_primary,APICAL_JUNCTION,0.922110108068367,0.910457525676004,FBN1
D1_center_primary,APICAL_JUNCTION,0.922110108068367,0.910457525676004,VWF
D1_center_primary,APICAL_JUNCTION,0.922110108068367,0.910457525676004,CD99
D1_center_primary,APICAL_JUNCTION,0.922110108068367,0.910457525676004,MAPK14
D1_center_primary,APICAL_JUNCTION,0.922110108068367,0.910457525676004,MMP2
D1_center_primary,APICAL_JUNCTION,0.922110108068367,0.910457525676004,CTNNA1
D1_center_primary,APICAL_JUNCTION,0.922110108068367,0.910457525676004,CAP1
D1_center_primary,APICAL_JUNCTION,0.922110108068367,0.910457525676004,SYK
D1_center_primary,APICAL_JUNCTION,0.922110108068367,0.910457525676004,NECTIN2
D1_center_primary,APICAL_JUNCTION,0.922110108068367,0.910457525676004,VCAN
D1_center_primary,APICAL_JUNCTION,0.922110108068367,0.910457525676004,CDH1
D1_center_primary,APICAL_JUNCTION,0.922110108068367,0.910457525676004,RAC2
D1_center_primary,APICAL_JUNCTION,0.922110108068367,0.910457525676004,ARHGEF6
D1_center_primary,APICAL_JUNCTION,0.922110108068367,0.910457525676004,EPB41L2
D1_center_primary,APICAL_JUNCTION,0.922110108068367,0.910457525676004,YWHAH
D1_center_primary,APICAL_JUNCTION,0.922110108068367,0.910457525676004,NF2
D1_center_primary,APICAL_JUNCTION,0.922110108068367,0.910457525676004,ADAMTS5
D1_center_primary,APICAL_JUNCTION,0.922110108068367,0.910457525676004,ITGA9
D1_center_primary,APICAL_JUNCTION,0.922110108068367,0.910457525676004,RRAS
D1_center_primary,APICAL_JUNCTION,0.922110108068367,0.910457525676004,INPPL1
D1_center_primary,APICAL_JUNCTION,0.922110108068367,0.910457525676004,CD274
D1_center_primary,APICAL_JUNCTION,0.922110108068367,0.910457525676004,PIK3CB
D1_center_primary,APICAL_JUNCTION,0.922110108068367,0.910457525676004,PTPRC
D1_center_primary,APICAL_JUNCTION,0.922110108068367,0.910457525676004,CD209
D1_center_primary,APICAL_JUNCTION,0.922110108068367,0.910457525676004,ARPC2
D1_center_primary,APICAL_JUNCTION,0.922110108068367,0.910457525676004,PFN1
D1_center_primary,APICAL_JUNCTION,0.922110108068367,0.910457525676004,CRAT
D1_center_primary,APICAL_JUNCTION,0.922110108068367,0.910457525676004,ACTB
D1_center_primary,APICAL_JUNCTION,0.922110108068367,0.910457525676004,MMP9
D1_center_primary,APICAL_JUNCTION,0.922110108068367,0.910457525676004,ADAM9
D1_center_primary,APICAL_JUNCTION,0.922110108068367,0.910457525676004,GNAI2
D1_center_primary,APICAL_JUNCTION,0.922110108068367,0.910457525676004,TUBG1
D1_center_primary,APICAL_JUNCTION,0.922110108068367,0.910457525676004,ACTA1
D1_center_primary,APICAL_JUNCTION,0.922110108068367,0.910457525676004,PECAM1
D1_center_primary,APICAL_JUNCTION,0.922110108068367,0.910457525676004,ACTN4
D1_center_primary,APICAL_JUNCTION,0.922110108068367,0.910457525676004,ICAM2
D1_center_primary,APICAL_JUNCTION,0.922110108068367,0.910457525676004,CTNND1
D1_center_primary,APICAL_JUNCTION,0.922110108068367,0.910457525676004,CNN2
D1_center_primary,APICAL_JUNCTION,0.922110108068367,0.910457525676004,FYB1
D1_center_primary,APICAL_JUNCTION,0.922110108068367,0.910457525676004,RHOF
D1_center_primary,APICAL_JUNCTION,0.922110108068367,0.910457525676004,MDK
D1_center_primary,APICAL_JUNCTION,0.922110108068367,0.910457525676004,LIMA1
D1_center_primary,APOPTOSIS,1.20545721256315,0.217558244175582,LGALS3
D1_center_primary,APOPTOSIS,1.20545721256315,0.217558244175582,BMP2
D1_center_primary,APOPTOSIS,1.20545721256315,0.217558244175582,LUM
D1_center_primary,APOPTOSIS,1.20545721256315,0.217558244175582,ETF1
D1_center_primary,APOPTOSIS,1.20545721256315,0.217558244175582,HMOX1
D1_center_primary,APOPTOSIS,1.20545721256315,0.217558244175582,IGF2R
D1_center_primary,APOPTOSIS,1.20545721256315,0.217558244175582,BAX
D1_center_primary,APOPTOSIS,1.20545721256315,0.217558244175582,TIMP1
D1_center_primary,APOPTOSIS,1.20545721256315,0.217558244175582,TNFSF10
D1_center_primary,APOPTOSIS,1.20545721256315,0.217558244175582,F2
D1_center_primary,APOPTOSIS,1.20545721256315,0.217558244175582,GPX4
D1_center_primary,APOPTOSIS,1.20545721256315,0.217558244175582,PLCB2
D1_center_primary,APOPTOSIS,1.20545721256315,0.217558244175582,BCL2L1
D1_center_primary,APOPTOSIS,1.20545721256315,0.217558244175582,LMNA
D1_center_primary,APOPTOSIS,1.20545721256315,0.217558244175582,MMP2
D1_center_primary,APOPTOSIS,1.20545721256315,0.217558244175582,DPYD
D1_center_primary,APOPTOSIS,1.20545721256315,0.217558244175582,DCN
D1_center_primary,APOPTOSIS,1.20545721256315,0.217558244175582,GPX1
D1_center_primary,APOPTOSIS,1.20545721256315,0.217558244175582,DNAJA1
D1_center_primary,APOPTOSIS,1.20545721256315,0.217558244175582,PLAT
D1_center_primary,APOPTOSIS,1.20545721256315,0.217558244175582,BGN
D1_center_primary,APOPTOSIS,1.20545721256315,0.217558244175582,FDXR
D1_center_primary,APOPTOSIS,1.20545721256315,0.217558244175582,RELA
D1_center_primary,APOPTOSIS,1.20545721256315,0.217558244175582,SPTAN1
D1_center_primary,APOPTOSIS,1.20545721256315,0.217558244175582,DNM1L
D1_center_primary,APOPTOSIS,1.20545721256315,0.217558244175582,H1-0
D1_center_primary,APOPTOSIS,1.20545721256315,0.217558244175582,CD44
D1_center_primary,APOPTOSIS,1.20545721256315,0.217558244175582,CD38
D1_center_primary,APOPTOSIS,1.20545721256315,0.217558244175582,CD14
D1_center_primary,APOPTOSIS,1.20545721256315,0.217558244175582,TIMP3
D1_center_primary,APOPTOSIS,1.20545721256315,0.217558244175582,ANXA1
D1_center_primary,APOPTOSIS,1.20545721256315,0.217558244175582,ENO2
D1_center_primary,BILE_ACID_METABOLISM,1.33775292127331,0.12348401323043,ALDH9A1
D1_center_primary,BILE_ACID_METABOLISM,1.33775292127331,0.12348401323043,EPHX2
D1_center_primary,BILE_ACID_METABOLISM,1.33775292127331,0.12348401323043,AGXT
D1_center_primary,BILE_ACID_METABOLISM,1.33775292127331,0.12348401323043,APOA1
D1_center_primary,BILE_ACID_METABOLISM,1.33775292127331,0.12348401323043,IDH1
D1_center_primary,BILE_ACID_METABOLISM,1.33775292127331,0.12348401323043,SERPINA6
D1_center_primary,BILE_ACID_METABOLISM,1.33775292127331,0.12348401323043,ALDH1A1
D1_center_primary,BILE_ACID_METABOLISM,1.33775292127331,0.12348401323043,HSD17B4
D1_center_primary,BILE_ACID_METABOLISM,1.33775292127331,0.12348401323043,HAO1
D1_center_primary,BILE_ACID_METABOLISM,1.33775292127331,0.12348401323043,PFKM
D1_center_primary,BILE_ACID_METABOLISM,1.33775292127331,0.12348401323043,ACSL1
D1_center_primary,BILE_ACID_METABOLISM,1.33775292127331,0.12348401323043,ISOC1
D1_center_primary,BILE_ACID_METABOLISM,1.33775292127331,0.12348401323043,PRDX5
D1_center_primary,BILE_ACID_METABOLISM,1.33775292127331,0.12348401323043,FDXR
D1_center_primary,BILE_ACID_METABOLISM,1.33775292127331,0.12348401323043,GC
D1_center_primary,BILE_ACID_METABOLISM,1.33775292127331,0.12348401323043,GCLM
D1_center_primary,BILE_ACID_METABOLISM,1.33775292127331,0.12348401323043,SCP2
D1_center_primary,CHOLESTEROL_HOMEOSTASIS,1.34340998158345,0.130439151844036,LGALS3
D1_center_primary,CHOLESTEROL_HOMEOSTASIS,1.34340998158345,0.130439151844036,ACSS2
D1_center_primary,CHOLESTEROL_HOMEOSTASIS,1.34340998158345,0.130439151844036,ACAT2
D1_center_primary,CHOLESTEROL_HOMEOSTASIS,1.34340998158345,0.130439151844036,ALDOC
D1_center_primary,CHOLESTEROL_HOMEOSTASIS,1.34340998158345,0.130439151844036,DHCR7
D1_center_primary,CHOLESTEROL_HOMEOSTASIS,1.34340998158345,0.130439151844036,FASN
D1_center_primary,CHOLESTEROL_HOMEOSTASIS,1.34340998158345,0.130439151844036,LSS
D1_center_primary,CHOLESTEROL_HOMEOSTASIS,1.34340998158345,0.130439151844036,S100A11
D1_center_primary,CHOLESTEROL_HOMEOSTASIS,1.34340998158345,0.130439151844036,FDPS
D1_center_primary,CHOLESTEROL_HOMEOSTASIS,1.34340998158345,0.130439151844036,PMVK
D1_center_primary,CHOLESTEROL_HOMEOSTASIS,1.34340998158345,0.130439151844036,NIBAN1
D1_center_primary,CHOLESTEROL_HOMEOSTASIS,1.34340998158345,0.130439151844036,GSTM2
D1_center_primary,CHOLESTEROL_HOMEOSTASIS,1.34340998158345,0.130439151844036,ADH4
D1_center_primary,COAGULATION,1.1218111701615,0.36956304369563,HMGCS2
D1_center_primary,COAGULATION,1.1218111701615,0.36956304369563,CRIP2
D1_center_primary,COAGULATION,1.1218111701615,0.36956304369563,F9
D1_center_primary,COAGULATION,1.1218111701615,0.36956304369563,C1S
D1_center_primary,COAGULATION,1.1218111701615,0.36956304369563,F10
D1_center_primary,COAGULATION,1.1218111701615,0.36956304369563,CTSB
D1_center_primary,COAGULATION,1.1218111701615,0.36956304369563,CAPN2
D1_center_primary,COAGULATION,1.1218111701615,0.36956304369563,C2
D1_center_primary,COAGULATION,1.1218111701615,0.36956304369563,LRP1
D1_center_primary,COAGULATION,1.1218111701615,0.36956304369563,MMP1
D1_center_primary,COAGULATION,1.1218111701615,0.36956304369563,A2M
D1_center_primary,COAGULATION,1.1218111701615,0.36956304369563,APOA1
D1_center_primary,COAGULATION,1.1218111701615,0.36956304369563,MMP3
D1_center_primary,COAGULATION,1.1218111701615,0.36956304369563,CFI
D1_center_primary,COAGULATION,1.1218111701615,0.36956304369563,LTA4H
D1_center_primary,COAGULATION,1.1218111701615,0.36956304369563,CSRP1
D1_center_primary,COAGULATION,1.1218111701615,0.36956304369563,PRSS23
D1_center_primary,COAGULATION,1.1218111701615,0.36956304369563,TIMP1
D1_center_primary,COAGULATION,1.1218111701615,0.36956304369563,F2
D1_center_primary,COAGULATION,1.1218111701615,0.36956304369563,C9
D1_center_primary,COAGULATION,1.1218111701615,0.36956304369563,FN1
D1_center_primary,COAGULATION,1.1218111701615,0.36956304369563,PEF1
D1_center_primary,COAGULATION,1.1218111701615,0.36956304369563,FBN1
D1_center_primary,COAGULATION,1.1218111701615,0.36956304369563,VWF
D1_center_primary,COAGULATION,1.1218111701615,0.36956304369563,RAC1
D1_center_primary,COAGULATION,1.1218111701615,0.36956304369563,F8
D1_center_primary,COAGULATION,1.1218111701615,0.36956304369563,FGA
D1_center_primary,COAGULATION,1.1218111701615,0.36956304369563,MMP2
D1_center_primary,COAGULATION,1.1218111701615,0.36956304369563,GNG12
D1_center_primary,COAGULATION,1.1218111701615,0.36956304369563,FGG
D1_center_primary,COMPLEMENT,0.891363768974022,0.952306044127419,LGALS3
D1_center_primary,COMPLEMENT,0.891363768974022,0.952306044127419,C1S
D1_center_primary,COMPLEMENT,0.891363768974022,0.952306044127419,F10
D1_center_primary,COMPLEMENT,0.891363768974022,0.952306044127419,CTSB
D1_center_primary,COMPLEMENT,0.891363768974022,0.952306044127419,XPNPEP1
D1_center_primary,COMPLEMENT,0.891363768974022,0.952306044127419,USP14
D1_center_primary,COMPLEMENT,0.891363768974022,0.952306044127419,EHD1
D1_center_primary,COMPLEMENT,0.891363768974022,0.952306044127419,C2
D1_center_primary,COMPLEMENT,0.891363768974022,0.952306044127419,LRP1
D1_center_primary,COMPLEMENT,0.891363768974022,0.952306044127419,LTA4H
D1_center_primary,COMPLEMENT,0.891363768974022,0.952306044127419,CSRP1
D1_center_primary,COMPLEMENT,0.891363768974022,0.952306044127419,TIMP1
D1_center_primary,COMPLEMENT,0.891363768974022,0.952306044127419,F2
D1_center_primary,COMPLEMENT,0.891363768974022,0.952306044127419,C9
D1_center_primary,COMPLEMENT,0.891363768974022,0.952306044127419,FN1
D1_center_primary,COMPLEMENT,0.891363768974022,0.952306044127419,F8
D1_center_primary,COMPLEMENT,0.891363768974022,0.952306044127419,LAP3
D1_center_primary,COMPLEMENT,0.891363768974022,0.952306044127419,CP
D1_center_primary,COMPLEMENT,0.891363768974022,0.952306044127419,PLA2G7
D1_center_primary,COMPLEMENT,0.891363768974022,0.952306044127419,ITIH1
D1_center_primary,COMPLEMENT,0.891363768974022,0.952306044127419,LIPA
D1_center_primary,COMPLEMENT,0.891363768974022,0.952306044127419,WAS
D1_center_primary,COMPLEMENT,0.891363768974022,0.952306044127419,RHOG
D1_center_primary,COMPLEMENT,0.891363768974022,0.952306044127419,GRB2
D1_center_primary,COMPLEMENT,0.891363768974022,0.952306044127419,C1R
D1_center_primary,COMPLEMENT,0.891363768974022,0.952306044127419,PLAT
D1_center_primary,COMPLEMENT,0.891363768974022,0.952306044127419,GNG2
D1_center_primary,COMPLEMENT,0.891363768974022,0.952306044127419,HSPA5
D1_center_primary,COMPLEMENT,0.891363768974022,0.952306044127419,VCPIP1
D1_center_primary,COMPLEMENT,0.891363768974022,0.952306044127419,SERPING1
D1_center_primary,COMPLEMENT,0.891363768974022,0.952306044127419,HSPA1A
D1_center_primary,COMPLEMENT,0.891363768974022,0.952306044127419,PPP2CB
D1_center_primary,COMPLEMENT,0.891363768974022,0.952306044127419,GZMK
D1_center_primary,COMPLEMENT,0.891363768974022,0.952306044127419,USP15
D1_center_primary,COMPLEMENT,0.891363768974022,0.952306044127419,CFB
D1_center_primary,COMPLEMENT,0.891363768974022,0.952306044127419,CALM1
D1_center_primary,COMPLEMENT,0.891363768974022,0.952306044127419,COL4A2
D1_center_primary,COMPLEMENT,0.891363768974022,0.952306044127419,LCP2
D1_center_primary,COMPLEMENT,0.891363768974022,0.952306044127419,PRKCD
D1_center_primary,COMPLEMENT,0.891363768974022,0.952306044127419,GNB2
D1_center_primary,COMPLEMENT,0.891363768974022,0.952306044127419,PFN1
D1_center_primary,COMPLEMENT,0.891363768974022,0.952306044127419,CDH13
D1_center_primary,COMPLEMENT,0.891363768974022,0.952306044127419,F7
D1_center_primary,COMPLEMENT,0.891363768974022,0.952306044127419,FCER1G
D1_center_primary,COMPLEMENT,0.891363768974022,0.952306044127419,GNB4
D1_center_primary,COMPLEMENT,0.891363768974022,0.952306044127419,C1QC
D1_center_primary,COMPLEMENT,0.891363768974022,0.952306044127419,S100A9
D1_center_primary,COMPLEMENT,0.891363768974022,0.952306044127419,CD55
D1_center_primary,COMPLEMENT,0.891363768974022,0.952306044127419,ADAM9
D1_center_primary,COMPLEMENT,0.891363768974022,0.952306044127419,CD46
D1_center_primary,COMPLEMENT,0.891363768974022,0.952306044127419,GNAI2
D1_center_primary,COMPLEMENT,0.891363768974022,0.952306044127419,DOCK10
D1_center_primary,COMPLEMENT,0.891363768974022,0.952306044127419,USP16
D1_center_primary,COMPLEMENT,0.891363768974022,0.952306044127419,LYN
D1_center_primary,DNA_REPAIR,1.45435764846356,0.0316056041353759,ALYREF
D1_center_primary,DNA_REPAIR,1.45435764846356,0.0316056041353759,SRSF6
D1_center_primary,DNA_REPAIR,1.45435764846356,0.0316056041353759,APRT
D1_center_primary,DNA_REPAIR,1.45435764846356,0.0316056041353759,BOLA2
D1_center_primary,DNA_REPAIR,1.45435764846356,0.0316056041353759,AK1
D1_center_primary,DNA_REPAIR,1.45435764846356,0.0316056041353759,EDF1
D1_center_primary,DNA_REPAIR,1.45435764846356,0.0316056041353759,UMPS
D1_center_primary,DNA_REPAIR,1.45435764846356,0.0316056041353759,NUDT21
D1_center_primary,DNA_REPAIR,1.45435764846356,0.0316056041353759,RBX1
D1_center_primary,DNA_REPAIR,1.45435764846356,0.0316056041353759,HCLS1
D1_center_primary,DNA_REPAIR,1.45435764846356,0.0316056041353759,NME3
D1_center_primary,DNA_REPAIR,1.45435764846356,0.0316056041353759,NME1
D1_center_primary,DNA_REPAIR,1.45435764846356,0.0316056041353759,NT5C
D1_center_primary,DNA_REPAIR,1.45435764846356,0.0316056041353759,DCTN4
D1_center_primary,DNA_REPAIR,1.45435764846356,0.0316056041353759,GPX4
D1_center_primary,DNA_REPAIR,1.45435764846356,0.0316056041353759,ITPA
D1_center_primary,DNA_REPAIR,1.45435764846356,0.0316056041353759,UPF3B
D1_center_primary,DNA_REPAIR,1.45435764846356,0.0316056041353759,HPRT1
D1_center_primary,DNA_REPAIR,1.45435764846356,0.0316056041353759,SF3A3
D1_center_primary,DNA_REPAIR,1.45435764846356,0.0316056041353759,TSG101
D1_center_primary,DNA_REPAIR,1.45435764846356,0.0316056041353759,GMPR2
D1_center_primary,DNA_REPAIR,1.45435764846356,0.0316056041353759,SUPT5H
D1_center_primary,DNA_REPAIR,1.45435764846356,0.0316056041353759,VPS28
D1_center_primary,E2F_TARGETS,1.25853387431768,0.14356459090933,HMGA1
D1_center_primary,E2F_TARGETS,1.25853387431768,0.14356459090933,SRSF1
D1_center_primary,E2F_TARGETS,1.25853387431768,0.14356459090933,ILF3
D1_center_primary,E2F_TARGETS,1.25853387431768,0.14356459090933,SYNCRIP
D1_center_primary,E2F_TARGETS,1.25853387431768,0.14356459090933,CSE1L
D1_center_primary,E2F_TARGETS,1.25853387431768,0.14356459090933,NUDT21
D1_center_primary,E2F_TARGETS,1.25853387431768,0.14356459090933,PRPS1
D1_center_primary,E2F_TARGETS,1.25853387431768,0.14356459090933,DNMT1
D1_center_primary,E2F_TARGETS,1.25853387431768,0.14356459090933,HNRNPD
D1_center_primary,E2F_TARGETS,1.25853387431768,0.14356459090933,SRSF2
D1_center_primary,E2F_TARGETS,1.25853387431768,0.14356459090933,NME1
D1_center_primary,E2F_TARGETS,1.25853387431768,0.14356459090933,RAD50
D1_center_primary,E2F_TARGETS,1.25853387431768,0.14356459090933,PRDX4
D1_center_primary,E2F_TARGETS,1.25853387431768,0.14356459090933,TMPO
D1_center_primary,E2F_TARGETS,1.25853387431768,0.14356459090933,CTPS1
D1_center_primary,E2F_TARGETS,1.25853387431768,0.14356459090933,PAICS
D1_center_primary,E2F_TARGETS,1.25853387431768,0.14356459090933,XPO1
D1_center_primary,E2F_TARGETS,1.25853387431768,0.14356459090933,GSPT1
D1_center_primary,E2F_TARGETS,1.25853387431768,0.14356459090933,RAN
D1_center_primary,E2F_TARGETS,1.25853387431768,0.14356459090933,EIF2S1
D1_center_primary,E2F_TARGETS,1.25853387431768,0.14356459090933,PA2G4
D1_center_primary,E2F_TARGETS,1.25853387431768,0.14356459090933,HMGB3
D1_center_primary,E2F_TARGETS,1.25853387431768,0.14356459090933,RBBP7
D1_center_primary,E2F_TARGETS,1.25853387431768,0.14356459090933,PNN
D1_center_primary,E2F_TARGETS,1.25853387431768,0.14356459090933,NASP
D1_center_primary,E2F_TARGETS,1.25853387431768,0.14356459090933,PRKDC
D1_center_primary,E2F_TARGETS,1.25853387431768,0.14356459090933,LBR
D1_center_primary,E2F_TARGETS,1.25853387431768,0.14356459090933,RANBP1
D1_center_primary,E2F_TARGETS,1.25853387431768,0.14356459090933,IPO7
D1_center_primary,E2F_TARGETS,1.25853387431768,0.14356459090933,NOP56
D1_center_primary,E2F_TARGETS,1.25853387431768,0.14356459090933,SNRPB
D1_center_primary,E2F_TARGETS,1.25853387431768,0.14356459090933,AK2
D1_center_primary,E2F_TARGETS,1.25853387431768,0.14356459090933,SMC3
D1_center_primary,E2F_TARGETS,1.25853387431768,0.14356459090933,TUBB
D1_center_primary,E2F_TARGETS,1.25853387431768,0.14356459090933,H2AZ1
D1_center_primary,E2F_TARGETS,1.25853387431768,0.14356459090933,LMNB1
D1_center_primary,E2F_TARGETS,1.25853387431768,0.14356459090933,SMC1A
D1_center_primary,EPITHELIAL_MESENCHYMAL_TRANSITION,1.35644876456295,0.0244221257262049,NNMT
D1_center_primary,EPITHELIAL_MESENCHYMAL_TRANSITION,1.35644876456295,0.0244221257262049,COL1A2
D1_center_primary,EPITHELIAL_MESENCHYMAL_TRANSITION,1.35644876456295,0.0244221257262049,POSTN
D1_center_primary,EPITHELIAL_MESENCHYMAL_TRANSITION,1.35644876456295,0.0244221257262049,LGALS1
D1_center_primary,EPITHELIAL_MESENCHYMAL_TRANSITION,1.35644876456295,0.0244221257262049,LOX
D1_center_primary,EPITHELIAL_MESENCHYMAL_TRANSITION,1.35644876456295,0.0244221257262049,COL1A1
D1_center_primary,EPITHELIAL_MESENCHYMAL_TRANSITION,1.35644876456295,0.0244221257262049,LUM
D1_center_primary,EPITHELIAL_MESENCHYMAL_TRANSITION,1.35644876456295,0.0244221257262049,COL6A2
D1_center_primary,EPITHELIAL_MESENCHYMAL_TRANSITION,1.35644876456295,0.0244221257262049,TGM2
D1_center_primary,EPITHELIAL_MESENCHYMAL_TRANSITION,1.35644876456295,0.0244221257262049,CAPG
D1_center_primary,EPITHELIAL_MESENCHYMAL_TRANSITION,1.35644876456295,0.0244221257262049,IGFBP2
D1_center_primary,EPITHELIAL_MESENCHYMAL_TRANSITION,1.35644876456295,0.0244221257262049,COL6A3
D1_center_primary,EPITHELIAL_MESENCHYMAL_TRANSITION,1.35644876456295,0.0244221257262049,FBLN1
D1_center_primary,EPITHELIAL_MESENCHYMAL_TRANSITION,1.35644876456295,0.0244221257262049,COLGALT1
D1_center_primary,EPITHELIAL_MESENCHYMAL_TRANSITION,1.35644876456295,0.0244221257262049,VCAM1
D1_center_primary,EPITHELIAL_MESENCHYMAL_TRANSITION,1.35644876456295,0.0244221257262049,THBS2
D1_center_primary,EPITHELIAL_MESENCHYMAL_TRANSITION,1.35644876456295,0.0244221257262049,COL3A1
D1_center_primary,EPITHELIAL_MESENCHYMAL_TRANSITION,1.35644876456295,0.0244221257262049,ECM1
D1_center_primary,EPITHELIAL_MESENCHYMAL_TRANSITION,1.35644876456295,0.0244221257262049,ELN
D1_center_primary,EPITHELIAL_MESENCHYMAL_TRANSITION,1.35644876456295,0.0244221257262049,LRP1
D1_center_primary,EPITHELIAL_MESENCHYMAL_TRANSITION,1.35644876456295,0.0244221257262049,MMP1
D1_center_primary,EPITHELIAL_MESENCHYMAL_TRANSITION,1.35644876456295,0.0244221257262049,NOTCH2
D1_center_primary,EPITHELIAL_MESENCHYMAL_TRANSITION,1.35644876456295,0.0244221257262049,BASP1
D1_center_primary,EPITHELIAL_MESENCHYMAL_TRANSITION,1.35644876456295,0.0244221257262049,ABI3BP
D1_center_primary,EPITHELIAL_MESENCHYMAL_TRANSITION,1.35644876456295,0.0244221257262049,MMP3
D1_center_primary,EPITHELIAL_MESENCHYMAL_TRANSITION,1.35644876456295,0.0244221257262049,LAMC2
D1_center_primary,EPITHELIAL_MESENCHYMAL_TRANSITION,1.35644876456295,0.0244221257262049,TIMP1
D1_center_primary,EPITHELIAL_MESENCHYMAL_TRANSITION,1.35644876456295,0.0244221257262049,PVR
D1_center_primary,EPITHELIAL_MESENCHYMAL_TRANSITION,1.35644876456295,0.0244221257262049,FERMT2
D1_center_primary,EPITHELIAL_MESENCHYMAL_TRANSITION,1.35644876456295,0.0244221257262049,FN1
D1_center_primary,EPITHELIAL_MESENCHYMAL_TRANSITION,1.35644876456295,0.0244221257262049,WIPF1
D1_center_primary,EPITHELIAL_MESENCHYMAL_TRANSITION,1.35644876456295,0.0244221257262049,TNC
D1_center_primary,EPITHELIAL_MESENCHYMAL_TRANSITION,1.35644876456295,0.0244221257262049,FBN1
D1_center_primary,EPITHELIAL_MESENCHYMAL_TRANSITION,1.35644876456295,0.0244221257262049,PLOD1
D1_center_primary,EPITHELIAL_MESENCHYMAL_TRANSITION,1.35644876456295,0.0244221257262049,MMP2
D1_center_primary,EPITHELIAL_MESENCHYMAL_TRANSITION,1.35644876456295,0.0244221257262049,DCN
D1_center_primary,EPITHELIAL_MESENCHYMAL_TRANSITION,1.35644876456295,0.0244221257262049,FSTL1
D1_center_primary,EPITHELIAL_MESENCHYMAL_TRANSITION,1.35644876456295,0.0244221257262049,MATN2
D1_center_primary,EPITHELIAL_MESENCHYMAL_TRANSITION,1.35644876456295,0.0244221257262049,VCAN
D1_center_primary,EPITHELIAL_MESENCHYMAL_TRANSITION,1.35644876456295,0.0244221257262049,BGN
D1_center_primary,EPITHELIAL_MESENCHYMAL_TRANSITION,1.35644876456295,0.0244221257262049,PLOD3
D1_center_primary,EPITHELIAL_MESENCHYMAL_TRANSITION,1.35644876456295,0.0244221257262049,IGFBP4
D1_center_primary,EPITHELIAL_MESENCHYMAL_TRANSITION,1.35644876456295,0.0244221257262049,PTX3
D1_center_primary,EPITHELIAL_MESENCHYMAL_TRANSITION,1.35644876456295,0.0244221257262049,CCN1
D1_center_primary,EPITHELIAL_MESENCHYMAL_TRANSITION,1.35644876456295,0.0244221257262049,VEGFC
D1_center_primary,EPITHELIAL_MESENCHYMAL_TRANSITION,1.35644876456295,0.0244221257262049,COPA
D1_center_primary,EPITHELIAL_MESENCHYMAL_TRANSITION,1.35644876456295,0.0244221257262049,VIM
D1_center_primary,EPITHELIAL_MESENCHYMAL_TRANSITION,1.35644876456295,0.0244221257262049,FBLN5
D1_center_primary,EPITHELIAL_MESENCHYMAL_TRANSITION,1.35644876456295,0.0244221257262049,CD44
D1_center_primary,EPITHELIAL_MESENCHYMAL_TRANSITION,1.35644876456295,0.0244221257262049,MGP
D1_center_primary,EPITHELIAL_MESENCHYMAL_TRANSITION,1.35644876456295,0.0244221257262049,SERPINH1
D1_center_primary,EPITHELIAL_MESENCHYMAL_TRANSITION,1.35644876456295,0.0244221257262049,COL4A2
D1_center_primary,EPITHELIAL_MESENCHYMAL_TRANSITION,1.35644876456295,0.0244221257262049,PCOLCE2
D1_center_primary,EPITHELIAL_MESENCHYMAL_TRANSITION,1.35644876456295,0.0244221257262049,TIMP3
D1_center_primary,ESTROGEN_RESPONSE_EARLY,1.34407357929093,0.08624,BLVRB
D1_center_primary,ESTROGEN_RESPONSE_EARLY,1.34407357929093,0.08624,INHBB
D1_center_primary,ESTROGEN_RESPONSE_EARLY,1.34407357929093,0.08624,TGM2
D1_center_primary,ESTROGEN_RESPONSE_EARLY,1.34407357929093,0.08624,STC2
D1_center_primary,ESTROGEN_RESPONSE_EARLY,1.34407357929093,0.08624,OLFM1
D1_center_primary,ESTROGEN_RESPONSE_EARLY,1.34407357929093,0.08624,CCN5
D1_center_primary,ESTROGEN_RESPONSE_EARLY,1.34407357929093,0.08624,ABAT
D1_center_primary,ESTROGEN_RESPONSE_EARLY,1.34407357929093,0.08624,THSD4
D1_center_primary,ESTROGEN_RESPONSE_EARLY,1.34407357929093,0.08624,PODXL
D1_center_primary,ESTROGEN_RESPONSE_EARLY,1.34407357929093,0.08624,SLC7A5
D1_center_primary,ESTROGEN_RESPONSE_EARLY,1.34407357929093,0.08624,PRSS23
D1_center_primary,ESTROGEN_RESPONSE_EARLY,1.34407357929093,0.08624,FLNB
D1_center_primary,ESTROGEN_RESPONSE_EARLY,1.34407357929093,0.08624,DHCR7
D1_center_primary,ESTROGEN_RESPONSE_EARLY,1.34407357929093,0.08624,FASN
D1_center_primary,ESTROGEN_RESPONSE_EARLY,1.34407357929093,0.08624,B4GALT1
D1_center_primary,ESTROGEN_RESPONSE_EARLY,1.34407357929093,0.08624,MYBBP1A
D1_center_primary,ESTROGEN_RESPONSE_EARLY,1.34407357929093,0.08624,FKBP5
D1_center_primary,ESTROGEN_RESPONSE_EARLY,1.34407357929093,0.08624,NHERF1
D1_center_primary,ESTROGEN_RESPONSE_EARLY,1.34407357929093,0.08624,TFF1
D1_center_primary,ESTROGEN_RESPONSE_LATE,1.25352681653275,0.14356459090933,UGDH
D1_center_primary,ESTROGEN_RESPONSE_LATE,1.25352681653275,0.14356459090933,BLVRB
D1_center_primary,ESTROGEN_RESPONSE_LATE,1.25352681653275,0.14356459090933,TST
D1_center_primary,ESTROGEN_RESPONSE_LATE,1.25352681653275,0.14356459090933,HMGCS2
D1_center_primary,ESTROGEN_RESPONSE_LATE,1.25352681653275,0.14356459090933,SORD
D1_center_primary,ESTROGEN_RESPONSE_LATE,1.25352681653275,0.14356459090933,ETFB
D1_center_primary,ESTROGEN_RESPONSE_LATE,1.25352681653275,0.14356459090933,PTPN6
D1_center_primary,ESTROGEN_RESPONSE_LATE,1.25352681653275,0.14356459090933,OLFM1
D1_center_primary,ESTROGEN_RESPONSE_LATE,1.25352681653275,0.14356459090933,CCN5
D1_center_primary,ESTROGEN_RESPONSE_LATE,1.25352681653275,0.14356459090933,ASS1
D1_center_primary,ESTROGEN_RESPONSE_LATE,1.25352681653275,0.14356459090933,SLC7A5
D1_center_primary,ESTROGEN_RESPONSE_LATE,1.25352681653275,0.14356459090933,PRSS23
D1_center_primary,ESTROGEN_RESPONSE_LATE,1.25352681653275,0.14356459090933,LAMC2
D1_center_primary,ESTROGEN_RESPONSE_LATE,1.25352681653275,0.14356459090933,FLNB
D1_center_primary,ESTROGEN_RESPONSE_LATE,1.25352681653275,0.14356459090933,DHCR7
D1_center_primary,ESTROGEN_RESPONSE_LATE,1.25352681653275,0.14356459090933,FKBP5
D1_center_primary,ESTROGEN_RESPONSE_LATE,1.25352681653275,0.14356459090933,DCXR
D1_center_primary,ESTROGEN_RESPONSE_LATE,1.25352681653275,0.14356459090933,NHERF1
D1_center_primary,ESTROGEN_RESPONSE_LATE,1.25352681653275,0.14356459090933,TFF1
D1_center_primary,ESTROGEN_RESPONSE_LATE,1.25352681653275,0.14356459090933,HPRT1
D1_center_primary,FATTY_ACID_METABOLISM,1.35766251706866,0.0404673376444936,CBR1
D1_center_primary,FATTY_ACID_METABOLISM,1.35766251706866,0.0404673376444936,CBR3
D1_center_primary,FATTY_ACID_METABOLISM,1.35766251706866,0.0404673376444936,MIF
D1_center_primary,FATTY_ACID_METABOLISM,1.35766251706866,0.0404673376444936,UGDH
D1_center_primary,FATTY_ACID_METABOLISM,1.35766251706866,0.0404673376444936,LGALS1
D1_center_primary,FATTY_ACID_METABOLISM,1.35766251706866,0.0404673376444936,ALDH9A1
D1_center_primary,FATTY_ACID_METABOLISM,1.35766251706866,0.0404673376444936,GRHPR
D1_center_primary,FATTY_ACID_METABOLISM,1.35766251706866,0.0404673376444936,ADSL
D1_center_primary,FATTY_ACID_METABOLISM,1.35766251706866,0.0404673376444936,HMGCS2
D1_center_primary,FATTY_ACID_METABOLISM,1.35766251706866,0.0404673376444936,LDHA
D1_center_primary,FATTY_ACID_METABOLISM,1.35766251706866,0.0404673376444936,CRYZ
D1_center_primary,FATTY_ACID_METABOLISM,1.35766251706866,0.0404673376444936,PRDX6
D1_center_primary,FATTY_ACID_METABOLISM,1.35766251706866,0.0404673376444936,ADH1C
D1_center_primary,FATTY_ACID_METABOLISM,1.35766251706866,0.0404673376444936,PSME1
D1_center_primary,FATTY_ACID_METABOLISM,1.35766251706866,0.0404673376444936,ENO3
D1_center_primary,FATTY_ACID_METABOLISM,1.35766251706866,0.0404673376444936,ACAT2
D1_center_primary,FATTY_ACID_METABOLISM,1.35766251706866,0.0404673376444936,SUCLG1
D1_center_primary,FATTY_ACID_METABOLISM,1.35766251706866,0.0404673376444936,ACADS
D1_center_primary,FATTY_ACID_METABOLISM,1.35766251706866,0.0404673376444936,SUCLG2
D1_center_primary,FATTY_ACID_METABOLISM,1.35766251706866,0.0404673376444936,ACAA2
D1_center_primary,FATTY_ACID_METABOLISM,1.35766251706866,0.0404673376444936,ECI2
D1_center_primary,FATTY_ACID_METABOLISM,1.35766251706866,0.0404673376444936,IDH1
D1_center_primary,FATTY_ACID_METABOLISM,1.35766251706866,0.0404673376444936,HMGCL
D1_center_primary,FATTY_ACID_METABOLISM,1.35766251706866,0.0404673376444936,EHHADH
D1_center_primary,FATTY_ACID_METABOLISM,1.35766251706866,0.0404673376444936,REEP6
D1_center_primary,FATTY_ACID_METABOLISM,1.35766251706866,0.0404673376444936,FASN
D1_center_primary,FATTY_ACID_METABOLISM,1.35766251706866,0.0404673376444936,ALDH1A1
D1_center_primary,FATTY_ACID_METABOLISM,1.35766251706866,0.0404673376444936,HSD17B4
D1_center_primary,FATTY_ACID_METABOLISM,1.35766251706866,0.0404673376444936,METAP1
D1_center_primary,FATTY_ACID_METABOLISM,1.35766251706866,0.0404673376444936,APEX1
D1_center_primary,FATTY_ACID_METABOLISM,1.35766251706866,0.0404673376444936,ACSL1
D1_center_primary,FATTY_ACID_METABOLISM,1.35766251706866,0.0404673376444936,ALDOA
D1_center_primary,FATTY_ACID_METABOLISM,1.35766251706866,0.0404673376444936,BLVRA
D1_center_primary,FATTY_ACID_METABOLISM,1.35766251706866,0.0404673376444936,MDH1
D1_center_primary,FATTY_ACID_METABOLISM,1.35766251706866,0.0404673376444936,HSP90AA1
D1_center_primary,FATTY_ACID_METABOLISM,1.35766251706866,0.0404673376444936,ACAA1
D1_center_primary,FATTY_ACID_METABOLISM,1.35766251706866,0.0404673376444936,HSPH1
D1_center_primary,FATTY_ACID_METABOLISM,1.35766251706866,0.0404673376444936,CPOX
D1_center_primary,FATTY_ACID_METABOLISM,1.35766251706866,0.0404673376444936,YWHAH
D1_center_primary,G2M_CHECKPOINT,1.37899125339494,0.0404673376444936,MT2A
D1_center_primary,G2M_CHECKPOINT,1.37899125339494,0.0404673376444936,HMGA1
D1_center_primary,G2M_CHECKPOINT,1.37899125339494,0.0404673376444936,CUL1
D1_center_primary,G2M_CHECKPOINT,1.37899125339494,0.0404673376444936,SRSF1
D1_center_primary,G2M_CHECKPOINT,1.37899125339494,0.0404673376444936,G3BP1
D1_center_primary,G2M_CHECKPOINT,1.37899125339494,0.0404673376444936,EWSR1
D1_center_primary,G2M_CHECKPOINT,1.37899125339494,0.0404673376444936,PRMT5
D1_center_primary,G2M_CHECKPOINT,1.37899125339494,0.0404673376444936,ILF3
D1_center_primary,G2M_CHECKPOINT,1.37899125339494,0.0404673376444936,SYNCRIP
D1_center_primary,G2M_CHECKPOINT,1.37899125339494,0.0404673376444936,CUL4A
D1_center_primary,G2M_CHECKPOINT,1.37899125339494,0.0404673376444936,NOTCH2
D1_center_primary,G2M_CHECKPOINT,1.37899125339494,0.0404673376444936,BUB3
D1_center_primary,G2M_CHECKPOINT,1.37899125339494,0.0404673376444936,NCL
D1_center_primary,G2M_CHECKPOINT,1.37899125339494,0.0404673376444936,HNRNPD
D1_center_primary,G2M_CHECKPOINT,1.37899125339494,0.0404673376444936,SRSF2
D1_center_primary,G2M_CHECKPOINT,1.37899125339494,0.0404673376444936,PAFAH1B1
D1_center_primary,G2M_CHECKPOINT,1.37899125339494,0.0404673376444936,SLC7A5
D1_center_primary,G2M_CHECKPOINT,1.37899125339494,0.0404673376444936,SFPQ
D1_center_primary,G2M_CHECKPOINT,1.37899125339494,0.0404673376444936,TMPO
D1_center_primary,G2M_CHECKPOINT,1.37899125339494,0.0404673376444936,UPF1
D1_center_primary,G2M_CHECKPOINT,1.37899125339494,0.0404673376444936,HSPA8
D1_center_primary,G2M_CHECKPOINT,1.37899125339494,0.0404673376444936,XPO1
D1_center_primary,G2M_CHECKPOINT,1.37899125339494,0.0404673376444936,CUL3
D1_center_primary,G2M_CHECKPOINT,1.37899125339494,0.0404673376444936,MAPK14
D1_center_primary,G2M_CHECKPOINT,1.37899125339494,0.0404673376444936,GSPT1
D1_center_primary,G2M_CHECKPOINT,1.37899125339494,0.0404673376444936,PRP4K
D1_center_primary,G2M_CHECKPOINT,1.37899125339494,0.0404673376444936,KPNB1
D1_center_primary,G2M_CHECKPOINT,1.37899125339494,0.0404673376444936,RAD23B
D1_center_primary,G2M_CHECKPOINT,1.37899125339494,0.0404673376444936,CUL5
D1_center_primary,G2M_CHECKPOINT,1.37899125339494,0.0404673376444936,HMGB3
D1_center_primary,G2M_CHECKPOINT,1.37899125339494,0.0404673376444936,TOP1
D1_center_primary,G2M_CHECKPOINT,1.37899125339494,0.0404673376444936,SRSF10
D1_center_primary,G2M_CHECKPOINT,1.37899125339494,0.0404673376444936,SLC7A1
D1_center_primary,G2M_CHECKPOINT,1.37899125339494,0.0404673376444936,DKC1
D1_center_primary,G2M_CHECKPOINT,1.37899125339494,0.0404673376444936,HMGN2
D1_center_primary,G2M_CHECKPOINT,1.37899125339494,0.0404673376444936,RBM14
D1_center_primary,G2M_CHECKPOINT,1.37899125339494,0.0404673376444936,DTYMK
D1_center_primary,G2M_CHECKPOINT,1.37899125339494,0.0404673376444936,PML
D1_center_primary,G2M_CHECKPOINT,1.37899125339494,0.0404673376444936,NASP
D1_center_primary,GLYCOLYSIS,1.54143050983816,0.000780658100690534,PMM2
D1_center_primary,GLYCOLYSIS,1.54143050983816,0.000780658100690534,MIF
D1_center_primary,GLYCOLYSIS,1.54143050983816,0.000780658100690534,AKR1A1
D1_center_primary,GLYCOLYSIS,1.54143050983816,0.000780658100690534,ENO1
D1_center_primary,GLYCOLYSIS,1.54143050983816,0.000780658100690534,ALDH9A1
D1_center_primary,GLYCOLYSIS,1.54143050983816,0.000780658100690534,AGL
D1_center_primary,GLYCOLYSIS,1.54143050983816,0.000780658100690534,PGK1
D1_center_primary,GLYCOLYSIS,1.54143050983816,0.000780658100690534,FUT8
D1_center_primary,GLYCOLYSIS,1.54143050983816,0.000780658100690534,LDHA
D1_center_primary,GLYCOLYSIS,1.54143050983816,0.000780658100690534,AGRN
D1_center_primary,GLYCOLYSIS,1.54143050983816,0.000780658100690534,GMPPA
D1_center_primary,GLYCOLYSIS,1.54143050983816,0.000780658100690534,STC2
D1_center_primary,GLYCOLYSIS,1.54143050983816,0.000780658100690534,ANGPTL4
D1_center_primary,GLYCOLYSIS,1.54143050983816,0.000780658100690534,GCLC
D1_center_primary,GLYCOLYSIS,1.54143050983816,0.000780658100690534,GMPPB
D1_center_primary,GLYCOLYSIS,1.54143050983816,0.000780658100690534,PRPS1
D1_center_primary,GLYCOLYSIS,1.54143050983816,0.000780658100690534,PKM
D1_center_primary,GLYCOLYSIS,1.54143050983816,0.000780658100690534,GALK1
D1_center_primary,GLYCOLYSIS,1.54143050983816,0.000780658100690534,TALDO1
D1_center_primary,GLYCOLYSIS,1.54143050983816,0.000780658100690534,PGLS
D1_center_primary,GLYCOLYSIS,1.54143050983816,0.000780658100690534,PGAM1
D1_center_primary,GLYCOLYSIS,1.54143050983816,0.000780658100690534,IDH1
D1_center_primary,GLYCOLYSIS,1.54143050983816,0.000780658100690534,B3GALT6
D1_center_primary,GLYCOLYSIS,1.54143050983816,0.000780658100690534,B4GALT1
D1_center_primary,GLYCOLYSIS,1.54143050983816,0.000780658100690534,PYGL
D1_center_primary,GLYCOLYSIS,1.54143050983816,0.000780658100690534,PLOD1
D1_center_primary,GLYCOLYSIS,1.54143050983816,0.000780658100690534,GNPDA1
D1_center_primary,GLYCOLYSIS,1.54143050983816,0.000780658100690534,DCN
D1_center_primary,GLYCOLYSIS,1.54143050983816,0.000780658100690534,RPE
D1_center_primary,GLYCOLYSIS,1.54143050983816,0.000780658100690534,ALDOB
D1_center_primary,GLYCOLYSIS,1.54143050983816,0.000780658100690534,PFKP
D1_center_primary,GLYCOLYSIS,1.54143050983816,0.000780658100690534,PYGB
D1_center_primary,GLYCOLYSIS,1.54143050983816,0.000780658100690534,UGP2
D1_center_primary,GLYCOLYSIS,1.54143050983816,0.000780658100690534,ALDOA
D1_center_primary,GLYCOLYSIS,1.54143050983816,0.000780658100690534,VCAN
D1_center_primary,GLYCOLYSIS,1.54143050983816,0.000780658100690534,MDH1
D1_center_primary,GLYCOLYSIS,1.54143050983816,0.000780658100690534,GFPT1
D1_center_primary,GLYCOLYSIS,1.54143050983816,0.000780658100690534,IRS2
D1_center_primary,GLYCOLYSIS,1.54143050983816,0.000780658100690534,PSMC4
D1_center_primary,GLYCOLYSIS,1.54143050983816,0.000780658100690534,HDLBP
D1_center_primary,GLYCOLYSIS,1.54143050983816,0.000780658100690534,RARS1
D1_center_primary,GLYCOLYSIS,1.54143050983816,0.000780658100690534,GYS1
D1_center_primary,GLYCOLYSIS,1.54143050983816,0.000780658100690534,HSPA5
D1_center_primary,HEME_METABOLISM,1.22404395533828,0.136127563714217,GMPS
D1_center_primary,HEME_METABOLISM,1.22404395533828,0.136127563714217,HAGH
D1_center_primary,HEME_METABOLISM,1.22404395533828,0.136127563714217,BLVRB
D1_center_primary,HEME_METABOLISM,1.22404395533828,0.136127563714217,HTATIP2
D1_center_primary,HEME_METABOLISM,1.22404395533828,0.136127563714217,FTCD
D1_center_primary,HEME_METABOLISM,1.22404395533828,0.136127563714217,MYL4
D1_center_primary,HEME_METABOLISM,1.22404395533828,0.136127563714217,CTSB
D1_center_primary,HEME_METABOLISM,1.22404395533828,0.136127563714217,SELENBP1
D1_center_primary,HEME_METABOLISM,1.22404395533828,0.136127563714217,GCLC
D1_center_primary,HEME_METABOLISM,1.22404395533828,0.136127563714217,ALDH6A1
D1_center_primary,HEME_METABOLISM,1.22404395533828,0.136127563714217,PGLS
D1_center_primary,HEME_METABOLISM,1.22404395533828,0.136127563714217,FECH
D1_center_primary,HEME_METABOLISM,1.22404395533828,0.136127563714217,CAST
D1_center_primary,HEME_METABOLISM,1.22404395533828,0.136127563714217,BMP2K
D1_center_primary,HEME_METABOLISM,1.22404395533828,0.136127563714217,MAP2K3
D1_center_primary,HEME_METABOLISM,1.22404395533828,0.136127563714217,DCUN1D1
D1_center_primary,HEME_METABOLISM,1.22404395533828,0.136127563714217,FBXO7
D1_center_primary,HEME_METABOLISM,1.22404395533828,0.136127563714217,RNF123
D1_center_primary,HEME_METABOLISM,1.22404395533828,0.136127563714217,RBM38
D1_center_primary,HEME_METABOLISM,1.22404395533828,0.136127563714217,PICALM
D1_center_primary,HEME_METABOLISM,1.22404395533828,0.136127563714217,SYNJ1
D1_center_primary,HEME_METABOLISM,1.22404395533828,0.136127563714217,PSMD9
D1_center_primary,HEME_METABOLISM,1.22404395533828,0.136127563714217,BLVRA
D1_center_primary,HEME_METABOLISM,1.22404395533828,0.136127563714217,KHNYN
D1_center_primary,HEME_METABOLISM,1.22404395533828,0.136127563714217,TOP1
D1_center_primary,HEME_METABOLISM,1.22404395533828,0.136127563714217,CPOX
D1_center_primary,HEME_METABOLISM,1.22404395533828,0.136127563714217,GCLM
D1_center_primary,HEME_METABOLISM,1.22404395533828,0.136127563714217,HBZ
D1_center_primary,HEME_METABOLISM,1.22404395533828,0.136127563714217,TNS1
D1_center_primary,HEME_METABOLISM,1.22404395533828,0.136127563714217,H1-0
D1_center_primary,HEME_METABOLISM,1.22404395533828,0.136127563714217,USP15
D1_center_primary,HEME_METABOLISM,1.22404395533828,0.136127563714217,TCEA1
D1_center_primary,HEME_METABOLISM,1.22404395533828,0.136127563714217,TRIM58
D1_center_primary,HEME_METABOLISM,1.22404395533828,0.136127563714217,MARK3
D1_center_primary,HEME_METABOLISM,1.22404395533828,0.136127563714217,BPGM
D1_center_primary,HEME_METABOLISM,1.22404395533828,0.136127563714217,BSG
D1_center_primary,HEME_METABOLISM,1.22404395533828,0.136127563714217,FN3K
D1_center_primary,HEME_METABOLISM,1.22404395533828,0.136127563714217,DCAF11
D1_center_primary,HEME_METABOLISM,1.22404395533828,0.136127563714217,GAPVD1
D1_center_primary,HEME_METABOLISM,1.22404395533828,0.136127563714217,AHSP
D1_center_primary,HEME_METABOLISM,1.22404395533828,0.136127563714217,SDCBP
D1_center_primary,HYPOXIA,1.56247724286976,0.000780658100690534,MT2A
D1_center_primary,HYPOXIA,1.56247724286976,0.000780658100690534,MIF
D1_center_primary,HYPOXIA,1.56247724286976,0.000780658100690534,PKLR
D1_center_primary,HYPOXIA,1.56247724286976,0.000780658100690534,ENO1
D1_center_primary,HYPOXIA,1.56247724286976,0.000780658100690534,LOX
D1_center_primary,HYPOXIA,1.56247724286976,0.000780658100690534,PGK1
D1_center_primary,HYPOXIA,1.56247724286976,0.000780658100690534,GRHPR
D1_center_primary,HYPOXIA,1.56247724286976,0.000780658100690534,TGM2
D1_center_primary,HYPOXIA,1.56247724286976,0.000780658100690534,LDHA
D1_center_primary,HYPOXIA,1.56247724286976,0.000780658100690534,CSRP2
D1_center_primary,HYPOXIA,1.56247724286976,0.000780658100690534,STC2
D1_center_primary,HYPOXIA,1.56247724286976,0.000780658100690534,HMOX1
D1_center_primary,HYPOXIA,1.56247724286976,0.000780658100690534,PGM1
D1_center_primary,HYPOXIA,1.56247724286976,0.000780658100690534,TES
D1_center_primary,HYPOXIA,1.56247724286976,0.000780658100690534,SELENBP1
D1_center_primary,HYPOXIA,1.56247724286976,0.000780658100690534,XPNPEP1
D1_center_primary,HYPOXIA,1.56247724286976,0.000780658100690534,ANGPTL4
D1_center_primary,HYPOXIA,1.56247724286976,0.000780658100690534,CCN5
D1_center_primary,HYPOXIA,1.56247724286976,0.000780658100690534,ENO3
D1_center_primary,HYPOXIA,1.56247724286976,0.000780658100690534,NAGK
D1_center_primary,HYPOXIA,1.56247724286976,0.000780658100690534,GAPDH
D1_center_primary,HYPOXIA,1.56247724286976,0.000780658100690534,GALK1
D1_center_primary,HYPOXIA,1.56247724286976,0.000780658100690534,ALDOC
D1_center_primary,HYPOXIA,1.56247724286976,0.000780658100690534,B3GALT6
D1_center_primary,HYPOXIA,1.56247724286976,0.000780658100690534,PFKL
D1_center_primary,HYPOXIA,1.56247724286976,0.000780658100690534,DCN
D1_center_primary,HYPOXIA,1.56247724286976,0.000780658100690534,CP
D1_center_primary,HYPOXIA,1.56247724286976,0.000780658100690534,CAVIN1
D1_center_primary,HYPOXIA,1.56247724286976,0.000780658100690534,ALDOB
D1_center_primary,HYPOXIA,1.56247724286976,0.000780658100690534,PFKP
D1_center_primary,HYPOXIA,1.56247724286976,0.000780658100690534,UGP2
D1_center_primary,HYPOXIA,1.56247724286976,0.000780658100690534,ALDOA
D1_center_primary,HYPOXIA,1.56247724286976,0.000780658100690534,IRS2
D1_center_primary,HYPOXIA,1.56247724286976,0.000780658100690534,PRDX5
D1_center_primary,HYPOXIA,1.56247724286976,0.000780658100690534,HDLBP
D1_center_primary,HYPOXIA,1.56247724286976,0.000780658100690534,BGN
D1_center_primary,HYPOXIA,1.56247724286976,0.000780658100690534,GYS1
D1_center_primary,HYPOXIA,1.56247724286976,0.000780658100690534,HSPA5
D1_center_primary,IL2_STAT5_SIGNALING,1.31581741572747,0.0900397732080901,AHNAK
D1_center_primary,IL2_STAT5_SIGNALING,1.31581741572747,0.0900397732080901,BMP2
D1_center_primary,IL2_STAT5_SIGNALING,1.31581741572747,0.0900397732080901,AHCY
D1_center_primary,IL2_STAT5_SIGNALING,1.31581741572747,0.0900397732080901,TGM2
D1_center_primary,IL2_STAT5_SIGNALING,1.31581741572747,0.0900397732080901,CAPG
D1_center_primary,IL2_STAT5_SIGNALING,1.31581741572747,0.0900397732080901,COL6A1
D1_center_primary,IL2_STAT5_SIGNALING,1.31581741572747,0.0900397732080901,RNH1
D1_center_primary,IL2_STAT5_SIGNALING,1.31581741572747,0.0900397732080901,IGF2R
D1_center_primary,IL2_STAT5_SIGNALING,1.31581741572747,0.0900397732080901,ECM1
D1_center_primary,IL2_STAT5_SIGNALING,1.31581741572747,0.0900397732080901,UMPS
D1_center_primary,IL2_STAT5_SIGNALING,1.31581741572747,0.0900397732080901,CTSZ
D1_center_primary,IL2_STAT5_SIGNALING,1.31581741572747,0.0900397732080901,ITIH5
D1_center_primary,IL2_STAT5_SIGNALING,1.31581741572747,0.0900397732080901,ENO3
D1_center_primary,IL2_STAT5_SIGNALING,1.31581741572747,0.0900397732080901,NRP1
D1_center_primary,IL2_STAT5_SIGNALING,1.31581741572747,0.0900397732080901,GSTO1
D1_center_primary,IL2_STAT5_SIGNALING,1.31581741572747,0.0900397732080901,CYFIP1
D1_center_primary,IL2_STAT5_SIGNALING,1.31581741572747,0.0900397732080901,TNFSF10
D1_center_primary,IL2_STAT5_SIGNALING,1.31581741572747,0.0900397732080901,GPX4
D1_center_primary,IL2_STAT5_SIGNALING,1.31581741572747,0.0900397732080901,MAPKAPK2
D1_center_primary,IL2_STAT5_SIGNALING,1.31581741572747,0.0900397732080901,BCL2L1
D1_center_primary,IL6_JAK_STAT3_SIGNALING,0.775007076799071,0.969003099690031,HMOX1
D1_center_primary,IL6_JAK_STAT3_SIGNALING,0.775007076799071,0.969003099690031,A2M
D1_center_primary,IL6_JAK_STAT3_SIGNALING,0.775007076799071,0.969003099690031,CBL
D1_center_primary,IL6_JAK_STAT3_SIGNALING,0.775007076799071,0.969003099690031,PTPN1
D1_center_primary,IL6_JAK_STAT3_SIGNALING,0.775007076799071,0.969003099690031,GRB2
D1_center_primary,IL6_JAK_STAT3_SIGNALING,0.775007076799071,0.969003099690031,CD44
D1_center_primary,IL6_JAK_STAT3_SIGNALING,0.775007076799071,0.969003099690031,CD38
D1_center_primary,IL6_JAK_STAT3_SIGNALING,0.775007076799071,0.969003099690031,CD14
D1_center_primary,IL6_JAK_STAT3_SIGNALING,0.775007076799071,0.969003099690031,STAT1
D1_center_primary,IL6_JAK_STAT3_SIGNALING,0.775007076799071,0.969003099690031,TLR2
D1_center_primary,IL6_JAK_STAT3_SIGNALING,0.775007076799071,0.969003099690031,ITGA4
D1_center_primary,IL6_JAK_STAT3_SIGNALING,0.775007076799071,0.969003099690031,IL6ST
D1_center_primary,IL6_JAK_STAT3_SIGNALING,0.775007076799071,0.969003099690031,STAM2
D1_center_primary,IL6_JAK_STAT3_SIGNALING,0.775007076799071,0.969003099690031,STAT3
D1_center_primary,IL6_JAK_STAT3_SIGNALING,0.775007076799071,0.969003099690031,PTPN11
D1_center_primary,IL6_JAK_STAT3_SIGNALING,0.775007076799071,0.969003099690031,TYK2
D1_center_primary,INFLAMMATORY_RESPONSE,0.90459144963643,0.910457525676004,STAB1
D1_center_primary,INFLAMMATORY_RESPONSE,0.90459144963643,0.910457525676004,NAMPT
D1_center_primary,INFLAMMATORY_RESPONSE,0.90459144963643,0.910457525676004,SRI
D1_center_primary,INFLAMMATORY_RESPONSE,0.90459144963643,0.910457525676004,CCL24
D1_center_primary,INFLAMMATORY_RESPONSE,0.90459144963643,0.910457525676004,TIMP1
D1_center_primary,INFLAMMATORY_RESPONSE,0.90459144963643,0.910457525676004,PVR
D1_center_primary,INFLAMMATORY_RESPONSE,0.90459144963643,0.910457525676004,TNFSF10
D1_center_primary,INFLAMMATORY_RESPONSE,0.90459144963643,0.910457525676004,ABI1
D1_center_primary,INFLAMMATORY_RESPONSE,0.90459144963643,0.910457525676004,MSR1
D1_center_primary,INFLAMMATORY_RESPONSE,0.90459144963643,0.910457525676004,TNFAIP6
D1_center_primary,INFLAMMATORY_RESPONSE,0.90459144963643,0.910457525676004,RHOG
D1_center_primary,INFLAMMATORY_RESPONSE,0.90459144963643,0.910457525676004,SCARF1
D1_center_primary,INFLAMMATORY_RESPONSE,0.90459144963643,0.910457525676004,RELA
D1_center_primary,INFLAMMATORY_RESPONSE,0.90459144963643,0.910457525676004,C5AR1
D1_center_primary,INFLAMMATORY_RESPONSE,0.90459144963643,0.910457525676004,SLC7A1
D1_center_primary,INFLAMMATORY_RESPONSE,0.90459144963643,0.910457525676004,NMI
D1_center_primary,INFLAMMATORY_RESPONSE,0.90459144963643,0.910457525676004,BST2
D1_center_primary,INFLAMMATORY_RESPONSE,0.90459144963643,0.910457525676004,NFKB1
D1_center_primary,INFLAMMATORY_RESPONSE,0.90459144963643,0.910457525676004,CD14
D1_center_primary,INFLAMMATORY_RESPONSE,0.90459144963643,0.910457525676004,SELENOS
D1_center_primary,INFLAMMATORY_RESPONSE,0.90459144963643,0.910457525676004,MARCO
D1_center_primary,INFLAMMATORY_RESPONSE,0.90459144963643,0.910457525676004,LCP2
D1_center_primary,INFLAMMATORY_RESPONSE,0.90459144963643,0.910457525676004,FPR1
D1_center_primary,INFLAMMATORY_RESPONSE,0.90459144963643,0.910457525676004,CD40
D1_center_primary,INFLAMMATORY_RESPONSE,0.90459144963643,0.910457525676004,LDLR
D1_center_primary,INFLAMMATORY_RESPONSE,0.90459144963643,0.910457525676004,TLR2
D1_center_primary,INFLAMMATORY_RESPONSE,0.90459144963643,0.910457525676004,CD48
D1_center_primary,INFLAMMATORY_RESPONSE,0.90459144963643,0.910457525676004,CD55
D1_center_primary,INFLAMMATORY_RESPONSE,0.90459144963643,0.910457525676004,SELL
D1_center_primary,INFLAMMATORY_RESPONSE,0.90459144963643,0.910457525676004,LYN
D1_center_primary,INFLAMMATORY_RESPONSE,0.90459144963643,0.910457525676004,GNAI3
D1_center_primary,INFLAMMATORY_RESPONSE,0.90459144963643,0.910457525676004,EIF2AK2
D1_center_primary,INFLAMMATORY_RESPONSE,0.90459144963643,0.910457525676004,TAPBP
D1_center_primary,INFLAMMATORY_RESPONSE,0.90459144963643,0.910457525676004,ATP2B1
D1_center_primary,INFLAMMATORY_RESPONSE,0.90459144963643,0.910457525676004,CYBB
D1_center_primary,INFLAMMATORY_RESPONSE,0.90459144963643,0.910457525676004,CD69
D1_center_primary,INFLAMMATORY_RESPONSE,0.90459144963643,0.910457525676004,ITGA5
D1_center_primary,INFLAMMATORY_RESPONSE,0.90459144963643,0.910457525676004,KIF1B
D1_center_primary,INTERFERON_ALPHA_RESPONSE,0.587200293498661,1,C1S
D1_center_primary,INTERFERON_ALPHA_RESPONSE,0.587200293498661,1,PSME1
D1_center_primary,INTERFERON_ALPHA_RESPONSE,0.587200293498661,1,PSME2
D1_center_primary,INTERFERON_ALPHA_RESPONSE,0.587200293498661,1,LAP3
D1_center_primary,INTERFERON_ALPHA_RESPONSE,0.587200293498661,1,GMPR
D1_center_primary,INTERFERON_ALPHA_RESPONSE,0.587200293498661,1,LGALS3BP
D1_center_primary,INTERFERON_ALPHA_RESPONSE,0.587200293498661,1,CNP
D1_center_primary,INTERFERON_ALPHA_RESPONSE,0.587200293498661,1,NMI
D1_center_primary,INTERFERON_ALPHA_RESPONSE,0.587200293498661,1,IFI35
D1_center_primary,INTERFERON_ALPHA_RESPONSE,0.587200293498661,1,BST2
D1_center_primary,INTERFERON_ALPHA_RESPONSE,0.587200293498661,1,TRIM25
D1_center_primary,INTERFERON_ALPHA_RESPONSE,0.587200293498661,1,PARP9
D1_center_primary,INTERFERON_ALPHA_RESPONSE,0.587200293498661,1,TRIM21
D1_center_primary,INTERFERON_ALPHA_RESPONSE,0.587200293498661,1,CMPK2
D1_center_primary,INTERFERON_ALPHA_RESPONSE,0.587200293498661,1,SELL
D1_center_primary,INTERFERON_GAMMA_RESPONSE,0.95860766419248,0.843003868213952,MT2A
D1_center_primary,INTERFERON_GAMMA_RESPONSE,0.95860766419248,0.843003868213952,C1S
D1_center_primary,INTERFERON_GAMMA_RESPONSE,0.95860766419248,0.843003868213952,NAMPT
D1_center_primary,INTERFERON_GAMMA_RESPONSE,0.95860766419248,0.843003868213952,PSME1
D1_center_primary,INTERFERON_GAMMA_RESPONSE,0.95860766419248,0.843003868213952,PTPN6
D1_center_primary,INTERFERON_GAMMA_RESPONSE,0.95860766419248,0.843003868213952,VCAM1
D1_center_primary,INTERFERON_GAMMA_RESPONSE,0.95860766419248,0.843003868213952,SRI
D1_center_primary,INTERFERON_GAMMA_RESPONSE,0.95860766419248,0.843003868213952,PSME2
D1_center_primary,INTERFERON_GAMMA_RESPONSE,0.95860766419248,0.843003868213952,TNFSF10
D1_center_primary,INTERFERON_GAMMA_RESPONSE,0.95860766419248,0.843003868213952,LAP3
D1_center_primary,INTERFERON_GAMMA_RESPONSE,0.95860766419248,0.843003868213952,HLA-A
D1_center_primary,INTERFERON_GAMMA_RESPONSE,0.95860766419248,0.843003868213952,PFKP
D1_center_primary,INTERFERON_GAMMA_RESPONSE,0.95860766419248,0.843003868213952,TNFAIP6
D1_center_primary,INTERFERON_GAMMA_RESPONSE,0.95860766419248,0.843003868213952,PTPN1
D1_center_primary,INTERFERON_GAMMA_RESPONSE,0.95860766419248,0.843003868213952,ISOC1
D1_center_primary,INTERFERON_GAMMA_RESPONSE,0.95860766419248,0.843003868213952,C1R
D1_center_primary,INTERFERON_GAMMA_RESPONSE,0.95860766419248,0.843003868213952,OAS3
D1_center_primary,INTERFERON_GAMMA_RESPONSE,0.95860766419248,0.843003868213952,LGALS3BP
D1_center_primary,INTERFERON_GAMMA_RESPONSE,0.95860766419248,0.843003868213952,SERPING1
D1_center_primary,INTERFERON_GAMMA_RESPONSE,0.95860766419248,0.843003868213952,MVP
D1_center_primary,INTERFERON_GAMMA_RESPONSE,0.95860766419248,0.843003868213952,NMI
D1_center_primary,INTERFERON_GAMMA_RESPONSE,0.95860766419248,0.843003868213952,SELP
D1_center_primary,INTERFERON_GAMMA_RESPONSE,0.95860766419248,0.843003868213952,IFI35
D1_center_primary,INTERFERON_GAMMA_RESPONSE,0.95860766419248,0.843003868213952,BPGM
D1_center_primary,INTERFERON_GAMMA_RESPONSE,0.95860766419248,0.843003868213952,BST2
D1_center_primary,INTERFERON_GAMMA_RESPONSE,0.95860766419248,0.843003868213952,CFB
D1_center_primary,INTERFERON_GAMMA_RESPONSE,0.95860766419248,0.843003868213952,PML
D1_center_primary,INTERFERON_GAMMA_RESPONSE,0.95860766419248,0.843003868213952,CD38
D1_center_primary,INTERFERON_GAMMA_RESPONSE,0.95860766419248,0.843003868213952,NFKB1
D1_center_primary,INTERFERON_GAMMA_RESPONSE,0.95860766419248,0.843003868213952,CD274
D1_center_primary,INTERFERON_GAMMA_RESPONSE,0.95860766419248,0.843003868213952,STAT1
D1_center_primary,INTERFERON_GAMMA_RESPONSE,0.95860766419248,0.843003868213952,LCP2
D1_center_primary,INTERFERON_GAMMA_RESPONSE,0.95860766419248,0.843003868213952,TRIM25
D1_center_primary,INTERFERON_GAMMA_RESPONSE,0.95860766419248,0.843003868213952,FPR1
D1_center_primary,INTERFERON_GAMMA_RESPONSE,0.95860766419248,0.843003868213952,SAMHD1
D1_center_primary,INTERFERON_GAMMA_RESPONSE,0.95860766419248,0.843003868213952,VAMP5
D1_center_primary,INTERFERON_GAMMA_RESPONSE,0.95860766419248,0.843003868213952,HLA-B
D1_center_primary,INTERFERON_GAMMA_RESPONSE,0.95860766419248,0.843003868213952,CD40
D1_center_primary,INTERFERON_GAMMA_RESPONSE,0.95860766419248,0.843003868213952,OAS2
D1_center_primary,INTERFERON_GAMMA_RESPONSE,0.95860766419248,0.843003868213952,ZNFX1
D1_center_primary,INTERFERON_GAMMA_RESPONSE,0.95860766419248,0.843003868213952,TRIM21
D1_center_primary,INTERFERON_GAMMA_RESPONSE,0.95860766419248,0.843003868213952,STAT3
D1_center_primary,INTERFERON_GAMMA_RESPONSE,0.95860766419248,0.843003868213952,CMPK2
D1_center_primary,INTERFERON_GAMMA_RESPONSE,0.95860766419248,0.843003868213952,RIGI
D1_center_primary,KRAS_SIGNALING_DN,1.20270379127347,0.36956304369563,SELENOP
D1_center_primary,KRAS_SIGNALING_DN,1.20270379127347,0.36956304369563,IGFBP2
D1_center_primary,KRAS_SIGNALING_DN,1.20270379127347,0.36956304369563,LFNG
D1_center_primary,KRAS_SIGNALING_UP,0.82667367534305,0.969003099690031,BMP2
D1_center_primary,KRAS_SIGNALING_UP,0.82667367534305,0.969003099690031,LCP1
D1_center_primary,KRAS_SIGNALING_UP,0.82667367534305,0.969003099690031,ANGPTL4
D1_center_primary,KRAS_SIGNALING_UP,0.82667367534305,0.969003099690031,WDR33
D1_center_primary,KRAS_SIGNALING_UP,0.82667367534305,0.969003099690031,ADAMDEC1
D1_center_primary,KRAS_SIGNALING_UP,0.82667367534305,0.969003099690031,NRP1
D1_center_primary,KRAS_SIGNALING_UP,0.82667367534305,0.969003099690031,SPARCL1
D1_center_primary,KRAS_SIGNALING_UP,0.82667367534305,0.969003099690031,CBL
D1_center_primary,KRAS_SIGNALING_UP,0.82667367534305,0.969003099690031,SPON1
D1_center_primary,KRAS_SIGNALING_UP,0.82667367534305,0.969003099690031,EPB41L3
D1_center_primary,KRAS_SIGNALING_UP,0.82667367534305,0.969003099690031,PLAT
D1_center_primary,KRAS_SIGNALING_UP,0.82667367534305,0.969003099690031,CD37
D1_center_primary,KRAS_SIGNALING_UP,0.82667367534305,0.969003099690031,APOD
D1_center_primary,KRAS_SIGNALING_UP,0.82667367534305,0.969003099690031,BPGM
D1_center_primary,KRAS_SIGNALING_UP,0.82667367534305,0.969003099690031,CFB
D1_center_primary,KRAS_SIGNALING_UP,0.82667367534305,0.969003099690031,ENG
D1_center_primary,KRAS_SIGNALING_UP,0.82667367534305,0.969003099690031,PIGR
D1_center_primary,KRAS_SIGNALING_UP,0.82667367534305,0.969003099690031,FCER1G
D1_center_primary,KRAS_SIGNALING_UP,0.82667367534305,0.969003099690031,MMP9
D1_center_primary,KRAS_SIGNALING_UP,0.82667367534305,0.969003099690031,DOCK2
D1_center_primary,KRAS_SIGNALING_UP,0.82667367534305,0.969003099690031,ADAM17
D1_center_primary,KRAS_SIGNALING_UP,0.82667367534305,0.969003099690031,RETN
D1_center_primary,KRAS_SIGNALING_UP,0.82667367534305,0.969003099690031,PECAM1
D1_center_primary,KRAS_SIGNALING_UP,0.82667367534305,0.969003099690031,ACE
D1_center_primary,KRAS_SIGNALING_UP,0.82667367534305,0.969003099690031,F13A1
D1_center_primary,KRAS_SIGNALING_UP,0.82667367534305,0.969003099690031,ITGB2
D1_center_primary,KRAS_SIGNALING_UP,0.82667367534305,0.969003099690031,GUCY1A1
D1_center_primary,KRAS_SIGNALING_UP,0.82667367534305,0.969003099690031,STRN
D1_center_primary,MITOTIC_SPINDLE,0.847216649924027,0.969003099690031,WASL
D1_center_primary,MITOTIC_SPINDLE,0.847216649924027,0.969003099690031,WASF2
D1_center_primary,MITOTIC_SPINDLE,0.847216649924027,0.969003099690031,FSCN1
D1_center_primary,MITOTIC_SPINDLE,0.847216649924027,0.969003099690031,MYH10
D1_center_primary,MITOTIC_SPINDLE,0.847216649924027,0.969003099690031,SEPTIN9
D1_center_primary,MITOTIC_SPINDLE,0.847216649924027,0.969003099690031,ARHGDIA
D1_center_primary,MITOTIC_SPINDLE,0.847216649924027,0.969003099690031,NOTCH2
D1_center_primary,MITOTIC_SPINDLE,0.847216649924027,0.969003099690031,CD2AP
D1_center_primary,MITOTIC_SPINDLE,0.847216649924027,0.969003099690031,PAFAH1B1
D1_center_primary,MITOTIC_SPINDLE,0.847216649924027,0.969003099690031,CDC42
D1_center_primary,MITOTIC_SPINDLE,0.847216649924027,0.969003099690031,FLNB
D1_center_primary,MITOTIC_SPINDLE,0.847216649924027,0.969003099690031,MAP1S
D1_center_primary,MITOTIC_SPINDLE,0.847216649924027,0.969003099690031,PDLIM5
D1_center_primary,MITOTIC_SPINDLE,0.847216649924027,0.969003099690031,ABI1
D1_center_primary,MITOTIC_SPINDLE,0.847216649924027,0.969003099690031,RALBP1
D1_center_primary,MITOTIC_SPINDLE,0.847216649924027,0.969003099690031,ARL8A
D1_center_primary,MITOTIC_SPINDLE,0.847216649924027,0.969003099690031,YWHAE
D1_center_primary,MITOTIC_SPINDLE,0.847216649924027,0.969003099690031,ARF6
D1_center_primary,MITOTIC_SPINDLE,0.847216649924027,0.969003099690031,CAPZB
D1_center_primary,MITOTIC_SPINDLE,0.847216649924027,0.969003099690031,DYNC1H1
D1_center_primary,MITOTIC_SPINDLE,0.847216649924027,0.969003099690031,EZR
D1_center_primary,MITOTIC_SPINDLE,0.847216649924027,0.969003099690031,SOS1
D1_center_primary,MITOTIC_SPINDLE,0.847216649924027,0.969003099690031,MYO1E
D1_center_primary,MITOTIC_SPINDLE,0.847216649924027,0.969003099690031,MAPRE1
D1_center_primary,MITOTIC_SPINDLE,0.847216649924027,0.969003099690031,SPTAN1
D1_center_primary,MITOTIC_SPINDLE,0.847216649924027,0.969003099690031,EPB41L2
D1_center_primary,MITOTIC_SPINDLE,0.847216649924027,0.969003099690031,STAU1
D1_center_primary,MITOTIC_SPINDLE,0.847216649924027,0.969003099690031,CLIP1
D1_center_primary,MITOTIC_SPINDLE,0.847216649924027,0.969003099690031,MARCKS
D1_center_primary,MITOTIC_SPINDLE,0.847216649924027,0.969003099690031,ARHGEF2
D1_center_primary,MITOTIC_SPINDLE,0.847216649924027,0.969003099690031,SORBS2
D1_center_primary,MITOTIC_SPINDLE,0.847216649924027,0.969003099690031,PREX1
D1_center_primary,MITOTIC_SPINDLE,0.847216649924027,0.969003099690031,AKAP13
D1_center_primary,MITOTIC_SPINDLE,0.847216649924027,0.969003099690031,ARHGEF7
D1_center_primary,MITOTIC_SPINDLE,0.847216649924027,0.969003099690031,RHOT2
D1_center_primary,MITOTIC_SPINDLE,0.847216649924027,0.969003099690031,SMC3
D1_center_primary,MITOTIC_SPINDLE,0.847216649924027,0.969003099690031,NCK1
D1_center_primary,MITOTIC_SPINDLE,0.847216649924027,0.969003099690031,DYNLL2
D1_center_primary,MITOTIC_SPINDLE,0.847216649924027,0.969003099690031,CLASP1
D1_center_primary,MITOTIC_SPINDLE,0.847216649924027,0.969003099690031,KATNB1
D1_center_primary,MITOTIC_SPINDLE,0.847216649924027,0.969003099690031,HDAC6
D1_center_primary,MITOTIC_SPINDLE,0.847216649924027,0.969003099690031,ARHGAP4
D1_center_primary,MITOTIC_SPINDLE,0.847216649924027,0.969003099690031,KIF5B
D1_center_primary,MITOTIC_SPINDLE,0.847216649924027,0.969003099690031,SPTBN1
D1_center_primary,MITOTIC_SPINDLE,0.847216649924027,0.969003099690031,DOCK2
D1_center_primary,MITOTIC_SPINDLE,0.847216649924027,0.969003099690031,LMNB1
D1_center_primary,MITOTIC_SPINDLE,0.847216649924027,0.969003099690031,SMC1A
D1_center_primary,MITOTIC_SPINDLE,0.847216649924027,0.969003099690031,CKAP5
D1_center_primary,MITOTIC_SPINDLE,0.847216649924027,0.969003099690031,CEP192
D1_center_primary,MITOTIC_SPINDLE,0.847216649924027,0.969003099690031,ACTN4
D1_center_primary,MITOTIC_SPINDLE,0.847216649924027,0.969003099690031,ROCK1
D1_center_primary,MITOTIC_SPINDLE,0.847216649924027,0.969003099690031,CLIP2
D1_center_primary,MITOTIC_SPINDLE,0.847216649924027,0.969003099690031,NUMA1
D1_center_primary,MITOTIC_SPINDLE,0.847216649924027,0.969003099690031,KLC1
D1_center_primary,MITOTIC_SPINDLE,0.847216649924027,0.969003099690031,WASF1
D1_center_primary,MITOTIC_SPINDLE,0.847216649924027,0.969003099690031,RHOF
D1_center_primary,MITOTIC_SPINDLE,0.847216649924027,0.969003099690031,MYO9B
D1_center_primary,MITOTIC_SPINDLE,0.847216649924027,0.969003099690031,HOOK3
D1_center_primary,MITOTIC_SPINDLE,0.847216649924027,0.969003099690031,ALS2
D1_center_primary,MITOTIC_SPINDLE,0.847216649924027,0.969003099690031,TUBA4A
D1_center_primary,MTORC1_SIGNALING,1.29545985988187,0.0404673376444936,GMPS
D1_center_primary,MTORC1_SIGNALING,1.29545985988187,0.0404673376444936,PHGDH
D1_center_primary,MTORC1_SIGNALING,1.29545985988187,0.0404673376444936,ENO1
D1_center_primary,MTORC1_SIGNALING,1.29545985988187,0.0404673376444936,PGK1
D1_center_primary,MTORC1_SIGNALING,1.29545985988187,0.0404673376444936,YKT6
D1_center_primary,MTORC1_SIGNALING,1.29545985988187,0.0404673376444936,PDAP1
D1_center_primary,MTORC1_SIGNALING,1.29545985988187,0.0404673376444936,ETF1
D1_center_primary,MTORC1_SIGNALING,1.29545985988187,0.0404673376444936,STIP1
D1_center_primary,MTORC1_SIGNALING,1.29545985988187,0.0404673376444936,LDHA
D1_center_primary,MTORC1_SIGNALING,1.29545985988187,0.0404673376444936,QDPR
D1_center_primary,MTORC1_SIGNALING,1.29545985988187,0.0404673376444936,SORD
D1_center_primary,MTORC1_SIGNALING,1.29545985988187,0.0404673376444936,NAMPT
D1_center_primary,MTORC1_SIGNALING,1.29545985988187,0.0404673376444936,PGM1
D1_center_primary,MTORC1_SIGNALING,1.29545985988187,0.0404673376444936,TES
D1_center_primary,MTORC1_SIGNALING,1.29545985988187,0.0404673376444936,CCT6A
D1_center_primary,MTORC1_SIGNALING,1.29545985988187,0.0404673376444936,USO1
D1_center_primary,MTORC1_SIGNALING,1.29545985988187,0.0404673376444936,GCLC
D1_center_primary,MTORC1_SIGNALING,1.29545985988187,0.0404673376444936,UBE2D3
D1_center_primary,MTORC1_SIGNALING,1.29545985988187,0.0404673376444936,GAPDH
D1_center_primary,MTORC1_SIGNALING,1.29545985988187,0.0404673376444936,ATP6V1D
D1_center_primary,MTORC1_SIGNALING,1.29545985988187,0.0404673376444936,CORO1A
D1_center_primary,MTORC1_SIGNALING,1.29545985988187,0.0404673376444936,PPA1
D1_center_primary,MTORC1_SIGNALING,1.29545985988187,0.0404673376444936,LTA4H
D1_center_primary,MTORC1_SIGNALING,1.29545985988187,0.0404673376444936,SLC7A5
D1_center_primary,MTORC1_SIGNALING,1.29545985988187,0.0404673376444936,NMT1
D1_center_primary,MTORC1_SIGNALING,1.29545985988187,0.0404673376444936,IDH1
D1_center_primary,MTORC1_SIGNALING,1.29545985988187,0.0404673376444936,DHCR7
D1_center_primary,MTORC1_SIGNALING,1.29545985988187,0.0404673376444936,EPRS1
D1_center_primary,MTORC1_SIGNALING,1.29545985988187,0.0404673376444936,COPS5
D1_center_primary,MTORC1_SIGNALING,1.29545985988187,0.0404673376444936,MAP2K3
D1_center_primary,MTORC1_SIGNALING,1.29545985988187,0.0404673376444936,NHERF1
D1_center_primary,MTORC1_SIGNALING,1.29545985988187,0.0404673376444936,HSPA4
D1_center_primary,MTORC1_SIGNALING,1.29545985988187,0.0404673376444936,PFKL
D1_center_primary,MTORC1_SIGNALING,1.29545985988187,0.0404673376444936,HPRT1
D1_center_primary,MTORC1_SIGNALING,1.29545985988187,0.0404673376444936,ABCF2
D1_center_primary,MTORC1_SIGNALING,1.29545985988187,0.0404673376444936,ARPC5L
D1_center_primary,MTORC1_SIGNALING,1.29545985988187,0.0404673376444936,EIF2S2
D1_center_primary,MTORC1_SIGNALING,1.29545985988187,0.0404673376444936,NIBAN1
D1_center_primary,MTORC1_SIGNALING,1.29545985988187,0.0404673376444936,GSK3B
D1_center_primary,MTORC1_SIGNALING,1.29545985988187,0.0404673376444936,TXNRD1
D1_center_primary,MTORC1_SIGNALING,1.29545985988187,0.0404673376444936,PSMC2
D1_center_primary,MTORC1_SIGNALING,1.29545985988187,0.0404673376444936,PSMC6
D1_center_primary,MTORC1_SIGNALING,1.29545985988187,0.0404673376444936,RAB1A
D1_center_primary,MTORC1_SIGNALING,1.29545985988187,0.0404673376444936,PITPNB
D1_center_primary,MTORC1_SIGNALING,1.29545985988187,0.0404673376444936,CACYBP
D1_center_primary,MTORC1_SIGNALING,1.29545985988187,0.0404673376444936,ALDOA
D1_center_primary,MTORC1_SIGNALING,1.29545985988187,0.0404673376444936,PSMC4
D1_center_primary,MTORC1_SIGNALING,1.29545985988187,0.0404673376444936,FDXR
D1_center_primary,MTORC1_SIGNALING,1.29545985988187,0.0404673376444936,SLC1A5
D1_center_primary,MTORC1_SIGNALING,1.29545985988187,0.0404673376444936,HSPA5
D1_center_primary,MTORC1_SIGNALING,1.29545985988187,0.0404673376444936,HSP90B1
D1_center_primary,MYC_TARGETS_V1,1.62024898774769,9.88573091695829e-07,CNBP
D1_center_primary,MYC_TARGETS_V1,1.62024898774769,9.88573091695829e-07,RACK1
D1_center_primary,MYC_TARGETS_V1,1.62024898774769,9.88573091695829e-07,SERBP1
D1_center_primary,MYC_TARGETS_V1,1.62024898774769,9.88573091695829e-07,PGK1
D1_center_primary,MYC_TARGETS_V1,1.62024898774769,9.88573091695829e-07,HNRNPA1
D1_center_primary,MYC_TARGETS_V1,1.62024898774769,9.88573091695829e-07,ETF1
D1_center_primary,MYC_TARGETS_V1,1.62024898774769,9.88573091695829e-07,CUL1
D1_center_primary,MYC_TARGETS_V1,1.62024898774769,9.88573091695829e-07,LDHA
D1_center_primary,MYC_TARGETS_V1,1.62024898774769,9.88573091695829e-07,GLO1
D1_center_primary,MYC_TARGETS_V1,1.62024898774769,9.88573091695829e-07,EIF3B
D1_center_primary,MYC_TARGETS_V1,1.62024898774769,9.88573091695829e-07,SRSF1
D1_center_primary,MYC_TARGETS_V1,1.62024898774769,9.88573091695829e-07,G3BP1
D1_center_primary,MYC_TARGETS_V1,1.62024898774769,9.88573091695829e-07,RPLP0
D1_center_primary,MYC_TARGETS_V1,1.62024898774769,9.88573091695829e-07,EIF4H
D1_center_primary,MYC_TARGETS_V1,1.62024898774769,9.88573091695829e-07,EIF3D
D1_center_primary,MYC_TARGETS_V1,1.62024898774769,9.88573091695829e-07,DHX15
D1_center_primary,MYC_TARGETS_V1,1.62024898774769,9.88573091695829e-07,PABPC4
D1_center_primary,MYC_TARGETS_V1,1.62024898774769,9.88573091695829e-07,HNRNPA2B1
D1_center_primary,MYC_TARGETS_V1,1.62024898774769,9.88573091695829e-07,SYNCRIP
D1_center_primary,MYC_TARGETS_V1,1.62024898774769,9.88573091695829e-07,ACP1
D1_center_primary,MYC_TARGETS_V1,1.62024898774769,9.88573091695829e-07,PTGES3
D1_center_primary,MYC_TARGETS_V1,1.62024898774769,9.88573091695829e-07,NPM1
D1_center_primary,MYC_TARGETS_V1,1.62024898774769,9.88573091695829e-07,CCT3
D1_center_primary,MYC_TARGETS_V1,1.62024898774769,9.88573091695829e-07,PABPC1
D1_center_primary,MYC_TARGETS_V1,1.62024898774769,9.88573091695829e-07,CCT4
D1_center_primary,MYC_TARGETS_V1,1.62024898774769,9.88573091695829e-07,BUB3
D1_center_primary,MYC_TARGETS_V1,1.62024898774769,9.88573091695829e-07,EIF4A1
D1_center_primary,MYC_TARGETS_V1,1.62024898774769,9.88573091695829e-07,ILF2
D1_center_primary,MYC_TARGETS_V1,1.62024898774769,9.88573091695829e-07,HNRNPD
D1_center_primary,MYC_TARGETS_V1,1.62024898774769,9.88573091695829e-07,HSP90AB1
D1_center_primary,MYC_TARGETS_V1,1.62024898774769,9.88573091695829e-07,SRSF2
D1_center_primary,MYC_TARGETS_V1,1.62024898774769,9.88573091695829e-07,CCT7
D1_center_primary,MYC_TARGETS_V1,1.62024898774769,9.88573091695829e-07,PRPS2
D1_center_primary,MYC_TARGETS_V1,1.62024898774769,9.88573091695829e-07,LSM7
D1_center_primary,MYC_TARGETS_V1,1.62024898774769,9.88573091695829e-07,NME1
D1_center_primary,MYC_TARGETS_V1,1.62024898774769,9.88573091695829e-07,LSM2
D1_center_primary,MYC_TARGETS_V1,1.62024898774769,9.88573091695829e-07,SF3A1
D1_center_primary,MYC_TARGETS_V1,1.62024898774769,9.88573091695829e-07,PRDX4
D1_center_primary,MYC_TARGETS_V1,1.62024898774769,9.88573091695829e-07,CCT2
D1_center_primary,MYC_TARGETS_V1,1.62024898774769,9.88573091695829e-07,EPRS1
D1_center_primary,MYC_TARGETS_V1,1.62024898774769,9.88573091695829e-07,EIF1AX
D1_center_primary,MYC_TARGETS_V1,1.62024898774769,9.88573091695829e-07,CTPS1
D1_center_primary,MYC_TARGETS_V1,1.62024898774769,9.88573091695829e-07,TOMM70
D1_center_primary,MYC_TARGETS_V1,1.62024898774769,9.88573091695829e-07,SRSF7
D1_center_primary,MYC_TARGETS_V1,1.62024898774769,9.88573091695829e-07,HNRNPR
D1_center_primary,MYC_TARGETS_V1,1.62024898774769,9.88573091695829e-07,TCP1
D1_center_primary,MYC_TARGETS_V1,1.62024898774769,9.88573091695829e-07,COPS5
D1_center_primary,MYC_TARGETS_V1,1.62024898774769,9.88573091695829e-07,RPS6
D1_center_primary,MYC_TARGETS_V1,1.62024898774769,9.88573091695829e-07,RPS3
D1_center_primary,MYC_TARGETS_V1,1.62024898774769,9.88573091695829e-07,XPO1
D1_center_primary,MYC_TARGETS_V1,1.62024898774769,9.88573091695829e-07,EEF1B2
D1_center_primary,MYC_TARGETS_V1,1.62024898774769,9.88573091695829e-07,YWHAE
D1_center_primary,MYC_TARGETS_V1,1.62024898774769,9.88573091695829e-07,CCT5
D1_center_primary,MYC_TARGETS_V1,1.62024898774769,9.88573091695829e-07,PSMD8
D1_center_primary,MYC_TARGETS_V1,1.62024898774769,9.88573091695829e-07,GSPT1
D1_center_primary,MYC_TARGETS_V1,1.62024898774769,9.88573091695829e-07,RAN
D1_center_primary,MYC_TARGETS_V1,1.62024898774769,9.88573091695829e-07,HPRT1
D1_center_primary,MYC_TARGETS_V1,1.62024898774769,9.88573091695829e-07,PSMA1
D1_center_primary,MYC_TARGETS_V1,1.62024898774769,9.88573091695829e-07,EIF4E
D1_center_primary,MYC_TARGETS_V1,1.62024898774769,9.88573091695829e-07,SRSF3
D1_center_primary,MYC_TARGETS_V1,1.62024898774769,9.88573091695829e-07,EIF2S1
D1_center_primary,MYC_TARGETS_V1,1.62024898774769,9.88573091695829e-07,KARS1
D1_center_primary,MYC_TARGETS_V1,1.62024898774769,9.88573091695829e-07,RPL22
D1_center_primary,MYC_TARGETS_V1,1.62024898774769,9.88573091695829e-07,SNRPA
D1_center_primary,MYC_TARGETS_V1,1.62024898774769,9.88573091695829e-07,EIF2S2
D1_center_primary,MYC_TARGETS_V1,1.62024898774769,9.88573091695829e-07,KPNB1
D1_center_primary,MYC_TARGETS_V1,1.62024898774769,9.88573091695829e-07,APEX1
D1_center_primary,MYC_TARGETS_V1,1.62024898774769,9.88573091695829e-07,RPS5
D1_center_primary,MYC_TARGETS_V1,1.62024898774769,9.88573091695829e-07,PSMC6
D1_center_primary,MYC_TARGETS_V1,1.62024898774769,9.88573091695829e-07,RPL18
D1_center_primary,MYC_TARGETS_V1,1.62024898774769,9.88573091695829e-07,RPL34
D1_center_primary,MYC_TARGETS_V1,1.62024898774769,9.88573091695829e-07,RAD23B
D1_center_primary,MYC_TARGETS_V1,1.62024898774769,9.88573091695829e-07,PSMA6
D1_center_primary,MYC_TARGETS_V1,1.62024898774769,9.88573091695829e-07,RNPS1
D1_center_primary,MYC_TARGETS_V1,1.62024898774769,9.88573091695829e-07,PSMA7
D1_center_primary,MYC_TARGETS_V1,1.62024898774769,9.88573091695829e-07,PA2G4
D1_center_primary,MYC_TARGETS_V1,1.62024898774769,9.88573091695829e-07,PCBP1
D1_center_primary,MYC_TARGETS_V1,1.62024898774769,9.88573091695829e-07,HNRNPA3
D1_center_primary,MYC_TARGETS_V1,1.62024898774769,9.88573091695829e-07,PSMC4
D1_center_primary,MYC_TARGETS_V1,1.62024898774769,9.88573091695829e-07,IARS1
D1_center_primary,MYC_TARGETS_V1,1.62024898774769,9.88573091695829e-07,RPL14
D1_center_primary,MYC_TARGETS_V1,1.62024898774769,9.88573091695829e-07,PSMD3
D1_center_primary,MYC_TARGETS_V1,1.62024898774769,9.88573091695829e-07,ABCE1
D1_center_primary,MYC_TARGETS_V1,1.62024898774769,9.88573091695829e-07,YWHAQ
D1_center_primary,MYC_TARGETS_V1,1.62024898774769,9.88573091695829e-07,RPL6
D1_center_primary,MYC_TARGETS_V1,1.62024898774769,9.88573091695829e-07,SNRPB2
D1_center_primary,MYC_TARGETS_V1,1.62024898774769,9.88573091695829e-07,AIMP2
D1_center_primary,MYC_TARGETS_V1,1.62024898774769,9.88573091695829e-07,IMPDH2
D1_center_primary,MYC_TARGETS_V1,1.62024898774769,9.88573091695829e-07,RUVBL2
D1_center_primary,MYC_TARGETS_V1,1.62024898774769,9.88573091695829e-07,PSMD7
D1_center_primary,MYC_TARGETS_V1,1.62024898774769,9.88573091695829e-07,RPS2
D1_center_primary,MYOGENESIS,1.29338009040431,0.0875912408759124,AEBP1
D1_center_primary,MYOGENESIS,1.29338009040431,0.0875912408759124,COL1A1
D1_center_primary,MYOGENESIS,1.29338009040431,0.0875912408759124,AGL
D1_center_primary,MYOGENESIS,1.29338009040431,0.0875912408759124,LDB3
D1_center_primary,MYOGENESIS,1.29338009040431,0.0875912408759124,COL6A2
D1_center_primary,MYOGENESIS,1.29338009040431,0.0875912408759124,SOD3
D1_center_primary,MYOGENESIS,1.29338009040431,0.0875912408759124,COL6A3
D1_center_primary,MYOGENESIS,1.29338009040431,0.0875912408759124,MAPRE3
D1_center_primary,MYOGENESIS,1.29338009040431,0.0875912408759124,AGRN
D1_center_primary,MYOGENESIS,1.29338009040431,0.0875912408759124,MYL3
D1_center_primary,MYOGENESIS,1.29338009040431,0.0875912408759124,STC2
D1_center_primary,MYOGENESIS,1.29338009040431,0.0875912408759124,MYL4
D1_center_primary,MYOGENESIS,1.29338009040431,0.0875912408759124,CSRP3
D1_center_primary,MYOGENESIS,1.29338009040431,0.0875912408759124,AK1
D1_center_primary,MYOGENESIS,1.29338009040431,0.0875912408759124,COL3A1
D1_center_primary,MYOGENESIS,1.29338009040431,0.0875912408759124,GABARAPL2
D1_center_primary,MYOGENESIS,1.29338009040431,0.0875912408759124,MYL6B
D1_center_primary,MYOGENESIS,1.29338009040431,0.0875912408759124,MYL1
D1_center_primary,MYOGENESIS,1.29338009040431,0.0875912408759124,ENO3
D1_center_primary,OXIDATIVE_PHOSPHORYLATION,0.496345064729751,1,LDHA
D1_center_primary,OXIDATIVE_PHOSPHORYLATION,0.496345064729751,1,ETFB
D1_center_primary,OXIDATIVE_PHOSPHORYLATION,0.496345064729751,1,ATP6V1D
D1_center_primary,OXIDATIVE_PHOSPHORYLATION,0.496345064729751,1,SUCLG1
D1_center_primary,OXIDATIVE_PHOSPHORYLATION,0.496345064729751,1,ALDH6A1
D1_center_primary,OXIDATIVE_PHOSPHORYLATION,0.496345064729751,1,ACAA2
D1_center_primary,OXIDATIVE_PHOSPHORYLATION,0.496345064729751,1,ACAT1
D1_center_primary,OXIDATIVE_PHOSPHORYLATION,0.496345064729751,1,BAX
D1_center_primary,OXIDATIVE_PHOSPHORYLATION,0.496345064729751,1,IDH1
D1_center_primary,OXIDATIVE_PHOSPHORYLATION,0.496345064729751,1,TOMM70
D1_center_primary,OXIDATIVE_PHOSPHORYLATION,0.496345064729751,1,GPX4
D1_center_primary,OXIDATIVE_PHOSPHORYLATION,0.496345064729751,1,ATP6V1E1
D1_center_primary,OXIDATIVE_PHOSPHORYLATION,0.496345064729751,1,ATP6V1F
D1_center_primary,OXIDATIVE_PHOSPHORYLATION,0.496345064729751,1,ATP6V1H
D1_center_primary,OXIDATIVE_PHOSPHORYLATION,0.496345064729751,1,ATP6V1G1
D1_center_primary,OXIDATIVE_PHOSPHORYLATION,0.496345064729751,1,MDH1
D1_center_primary,OXIDATIVE_PHOSPHORYLATION,0.496345064729751,1,ACAA1
D1_center_primary,OXIDATIVE_PHOSPHORYLATION,0.496345064729751,1,LDHB
D1_center_primary,P53_PATHWAY,1.20399521919118,0.229847619047619,HINT1
D1_center_primary,P53_PATHWAY,1.20399521919118,0.229847619047619,RACK1
D1_center_primary,P53_PATHWAY,1.20399521919118,0.229847619047619,BMP2
D1_center_primary,P53_PATHWAY,1.20399521919118,0.229847619047619,INHBB
D1_center_primary,P53_PATHWAY,1.20399521919118,0.229847619047619,GM2A
D1_center_primary,P53_PATHWAY,1.20399521919118,0.229847619047619,AK1
D1_center_primary,P53_PATHWAY,1.20399521919118,0.229847619047619,CDKN2AIP
D1_center_primary,P53_PATHWAY,1.20399521919118,0.229847619047619,HMOX1
D1_center_primary,P53_PATHWAY,1.20399521919118,0.229847619047619,EPS8L2
D1_center_primary,P53_PATHWAY,1.20399521919118,0.229847619047619,ABAT
D1_center_primary,P53_PATHWAY,1.20399521919118,0.229847619047619,CYFIP2
D1_center_primary,P53_PATHWAY,1.20399521919118,0.229847619047619,BAX
D1_center_primary,P53_PATHWAY,1.20399521919118,0.229847619047619,RPS12
D1_center_primary,P53_PATHWAY,1.20399521919118,0.229847619047619,DCXR
D1_center_primary,P53_PATHWAY,1.20399521919118,0.229847619047619,TCN2
D1_center_primary,P53_PATHWAY,1.20399521919118,0.229847619047619,MAPKAPK3
D1_center_primary,P53_PATHWAY,1.20399521919118,0.229847619047619,SLC3A2
D1_center_primary,P53_PATHWAY,1.20399521919118,0.229847619047619,RPL18
D1_center_primary,P53_PATHWAY,1.20399521919118,0.229847619047619,TNNI1
D1_center_primary,P53_PATHWAY,1.20399521919118,0.229847619047619,LDHB
D1_center_primary,P53_PATHWAY,1.20399521919118,0.229847619047619,FDXR
D1_center_primary,PEROXISOME,1.33614527705734,0.0900397732080901,CNBP
D1_center_primary,PEROXISOME,1.33614527705734,0.0900397732080901,ALDH9A1
D1_center_primary,PEROXISOME,1.33614527705734,0.0900397732080901,EPHX2
D1_center_primary,PEROXISOME,1.33614527705734,0.0900397732080901,CTBP1
D1_center_primary,PEROXISOME,1.33614527705734,0.0900397732080901,PABPC1
D1_center_primary,PEROXISOME,1.33614527705734,0.0900397732080901,IDE
D1_center_primary,PEROXISOME,1.33614527705734,0.0900397732080901,ECI2
D1_center_primary,PEROXISOME,1.33614527705734,0.0900397732080901,IDH1
D1_center_primary,PEROXISOME,1.33614527705734,0.0900397732080901,HMGCL
D1_center_primary,PEROXISOME,1.33614527705734,0.0900397732080901,EHHADH
D1_center_primary,PEROXISOME,1.33614527705734,0.0900397732080901,SERPINA6
D1_center_primary,PEROXISOME,1.33614527705734,0.0900397732080901,VPS4B
D1_center_primary,PEROXISOME,1.33614527705734,0.0900397732080901,CTPS1
D1_center_primary,PEROXISOME,1.33614527705734,0.0900397732080901,ALDH1A1
D1_center_primary,PEROXISOME,1.33614527705734,0.0900397732080901,HSD17B4
D1_center_primary,PEROXISOME,1.33614527705734,0.0900397732080901,FDPS
D1_center_primary,PEROXISOME,1.33614527705734,0.0900397732080901,FIS1
D1_center_primary,PEROXISOME,1.33614527705734,0.0900397732080901,ACSL1
D1_center_primary,PEROXISOME,1.33614527705734,0.0900397732080901,ISOC1
D1_center_primary,PEROXISOME,1.33614527705734,0.0900397732080901,PRDX5
D1_center_primary,PEROXISOME,1.33614527705734,0.0900397732080901,ACAA1
D1_center_primary,PEROXISOME,1.33614527705734,0.0900397732080901,YWHAH
D1_center_primary,PEROXISOME,1.33614527705734,0.0900397732080901,SCP2
D1_center_primary,PEROXISOME,1.33614527705734,0.0900397732080901,MVP
D1_center_primary,PI3K_AKT_MTOR_SIGNALING,1.13295414295929,0.36956304369563,PIN1
D1_center_primary,PI3K_AKT_MTOR_SIGNALING,1.13295414295929,0.36956304369563,ARHGDIA
D1_center_primary,PI3K_AKT_MTOR_SIGNALING,1.13295414295929,0.36956304369563,TRAF2
D1_center_primary,PI3K_AKT_MTOR_SIGNALING,1.13295414295929,0.36956304369563,UBE2N
D1_center_primary,PI3K_AKT_MTOR_SIGNALING,1.13295414295929,0.36956304369563,UBE2D3
D1_center_primary,PI3K_AKT_MTOR_SIGNALING,1.13295414295929,0.36956304369563,CFL1
D1_center_primary,PI3K_AKT_MTOR_SIGNALING,1.13295414295929,0.36956304369563,PRKAG1
D1_center_primary,PI3K_AKT_MTOR_SIGNALING,1.13295414295929,0.36956304369563,RAC1
D1_center_primary,PI3K_AKT_MTOR_SIGNALING,1.13295414295929,0.36956304369563,MAP2K3
D1_center_primary,PI3K_AKT_MTOR_SIGNALING,1.13295414295929,0.36956304369563,DUSP3
D1_center_primary,PI3K_AKT_MTOR_SIGNALING,1.13295414295929,0.36956304369563,EIF4E
D1_center_primary,PI3K_AKT_MTOR_SIGNALING,1.13295414295929,0.36956304369563,PPP1CA
D1_center_primary,PI3K_AKT_MTOR_SIGNALING,1.13295414295929,0.36956304369563,RPS6KA1
D1_center_primary,PI3K_AKT_MTOR_SIGNALING,1.13295414295929,0.36956304369563,GSK3B
D1_center_primary,PI3K_AKT_MTOR_SIGNALING,1.13295414295929,0.36956304369563,MAPK1
D1_center_primary,PI3K_AKT_MTOR_SIGNALING,1.13295414295929,0.36956304369563,GRB2
D1_center_primary,PI3K_AKT_MTOR_SIGNALING,1.13295414295929,0.36956304369563,ARF1
D1_center_primary,PI3K_AKT_MTOR_SIGNALING,1.13295414295929,0.36956304369563,YWHAB
D1_center_primary,PI3K_AKT_MTOR_SIGNALING,1.13295414295929,0.36956304369563,HSP90B1
D1_center_primary,PI3K_AKT_MTOR_SIGNALING,1.13295414295929,0.36956304369563,AP2M1
D1_center_primary,PI3K_AKT_MTOR_SIGNALING,1.13295414295929,0.36956304369563,ACTR2
D1_center_primary,PI3K_AKT_MTOR_SIGNALING,1.13295414295929,0.36956304369563,PRKAR2A
D1_center_primary,PI3K_AKT_MTOR_SIGNALING,1.13295414295929,0.36956304369563,GRK2
D1_center_primary,PI3K_AKT_MTOR_SIGNALING,1.13295414295929,0.36956304369563,CAB39
D1_center_primary,PI3K_AKT_MTOR_SIGNALING,1.13295414295929,0.36956304369563,PRKCB
D1_center_primary,PI3K_AKT_MTOR_SIGNALING,1.13295414295929,0.36956304369563,ARPC3
D1_center_primary,PI3K_AKT_MTOR_SIGNALING,1.13295414295929,0.36956304369563,RALB
D1_center_primary,PI3K_AKT_MTOR_SIGNALING,1.13295414295929,0.36956304369563,RIT1
D1_center_primary,PI3K_AKT_MTOR_SIGNALING,1.13295414295929,0.36956304369563,ACTR3
D1_center_primary,PI3K_AKT_MTOR_SIGNALING,1.13295414295929,0.36956304369563,RPS6KA3
D1_center_primary,PI3K_AKT_MTOR_SIGNALING,1.13295414295929,0.36956304369563,NCK1
D1_center_primary,PI3K_AKT_MTOR_SIGNALING,1.13295414295929,0.36956304369563,PFN1
D1_center_primary,PROTEIN_SECRETION,0.803106936943468,0.972617024011885,SEC24D
D1_center_primary,PROTEIN_SECRETION,0.803106936943468,0.972617024011885,YKT6
D1_center_primary,PROTEIN_SECRETION,0.803106936943468,0.972617024011885,IGF2R
D1_center_primary,PROTEIN_SECRETION,0.803106936943468,0.972617024011885,USO1
D1_center_primary,PROTEIN_SECRETION,0.803106936943468,0.972617024011885,RAB5A
D1_center_primary,PROTEIN_SECRETION,0.803106936943468,0.972617024011885,SEC31A
D1_center_primary,PROTEIN_SECRETION,0.803106936943468,0.972617024011885,SNX2
D1_center_primary,PROTEIN_SECRETION,0.803106936943468,0.972617024011885,VPS4B
D1_center_primary,PROTEIN_SECRETION,0.803106936943468,0.972617024011885,ARCN1
D1_center_primary,PROTEIN_SECRETION,0.803106936943468,0.972617024011885,TSG101
D1_center_primary,PROTEIN_SECRETION,0.803106936943468,0.972617024011885,AP2S1
D1_center_primary,PROTEIN_SECRETION,0.803106936943468,0.972617024011885,ATP6V1H
D1_center_primary,PROTEIN_SECRETION,0.803106936943468,0.972617024011885,RAB14
D1_center_primary,PROTEIN_SECRETION,0.803106936943468,0.972617024011885,MAPK1
D1_center_primary,PROTEIN_SECRETION,0.803106936943468,0.972617024011885,NAPA
D1_center_primary,PROTEIN_SECRETION,0.803106936943468,0.972617024011885,RAB2A
D1_center_primary,PROTEIN_SECRETION,0.803106936943468,0.972617024011885,ARF1
D1_center_primary,PROTEIN_SECRETION,0.803106936943468,0.972617024011885,AP2B1
D1_center_primary,PROTEIN_SECRETION,0.803106936943468,0.972617024011885,AP2M1
D1_center_primary,PROTEIN_SECRETION,0.803106936943468,0.972617024011885,ATP1A1
D1_center_primary,PROTEIN_SECRETION,0.803106936943468,0.972617024011885,COPB2
D1_center_primary,PROTEIN_SECRETION,0.803106936943468,0.972617024011885,DNM1L
D1_center_primary,PROTEIN_SECRETION,0.803106936943468,0.972617024011885,COPE
D1_center_primary,PROTEIN_SECRETION,0.803106936943468,0.972617024011885,COPB1
D1_center_primary,PROTEIN_SECRETION,0.803106936943468,0.972617024011885,RPS6KA3
D1_center_primary,PROTEIN_SECRETION,0.803106936943468,0.972617024011885,OCRL
D1_center_primary,PROTEIN_SECRETION,0.803106936943468,0.972617024011885,GNAS
D1_center_primary,PROTEIN_SECRETION,0.803106936943468,0.972617024011885,RAB22A
D1_center_primary,PROTEIN_SECRETION,0.803106936943468,0.972617024011885,AP3S1
D1_center_primary,PROTEIN_SECRETION,0.803106936943468,0.972617024011885,VPS45
D1_center_primary,PROTEIN_SECRETION,0.803106936943468,0.972617024011885,STX12
D1_center_primary,PROTEIN_SECRETION,0.803106936943468,0.972617024011885,AP1G1
D1_center_primary,PROTEIN_SECRETION,0.803106936943468,0.972617024011885,CLTC
D1_center_primary,PROTEIN_SECRETION,0.803106936943468,0.972617024011885,STX7
D1_center_primary,PROTEIN_SECRETION,0.803106936943468,0.972617024011885,AP3B1
D1_center_primary,PROTEIN_SECRETION,0.803106936943468,0.972617024011885,ADAM10
D1_center_primary,PROTEIN_SECRETION,0.803106936943468,0.972617024011885,SNAP23
D1_center_primary,REACTIVE_OXYGEN_SPECIES_PATHWAY,1.08214636220772,0.553596635266327,PRDX6
D1_center_primary,REACTIVE_OXYGEN_SPECIES_PATHWAY,1.08214636220772,0.553596635266327,GCLC
D1_center_primary,REACTIVE_OXYGEN_SPECIES_PATHWAY,1.08214636220772,0.553596635266327,PRDX4
D1_center_primary,REACTIVE_OXYGEN_SPECIES_PATHWAY,1.08214636220772,0.553596635266327,GPX4
D1_center_primary,REACTIVE_OXYGEN_SPECIES_PATHWAY,1.08214636220772,0.553596635266327,PFKP
D1_center_primary,REACTIVE_OXYGEN_SPECIES_PATHWAY,1.08214636220772,0.553596635266327,TXNRD1
D1_center_primary,REACTIVE_OXYGEN_SPECIES_PATHWAY,1.08214636220772,0.553596635266327,OXSR1
D1_center_primary,REACTIVE_OXYGEN_SPECIES_PATHWAY,1.08214636220772,0.553596635266327,GCLM
D1_center_primary,REACTIVE_OXYGEN_SPECIES_PATHWAY,1.08214636220772,0.553596635266327,PTPA
D1_center_primary,REACTIVE_OXYGEN_SPECIES_PATHWAY,1.08214636220772,0.553596635266327,MBP
D1_center_primary,REACTIVE_OXYGEN_SPECIES_PATHWAY,1.08214636220772,0.553596635266327,G6PD
D1_center_primary,REACTIVE_OXYGEN_SPECIES_PATHWAY,1.08214636220772,0.553596635266327,SELENOS
D1_center_primary,REACTIVE_OXYGEN_SPECIES_PATHWAY,1.08214636220772,0.553596635266327,GSR
D1_center_primary,REACTIVE_OXYGEN_SPECIES_PATHWAY,1.08214636220772,0.553596635266327,MSRA
D1_center_primary,REACTIVE_OXYGEN_SPECIES_PATHWAY,1.08214636220772,0.553596635266327,MGST1
D1_center_primary,REACTIVE_OXYGEN_SPECIES_PATHWAY,1.08214636220772,0.553596635266327,PDLIM1
D1_center_primary,REACTIVE_OXYGEN_SPECIES_PATHWAY,1.08214636220772,0.553596635266327,LAMTOR5
D1_center_primary,REACTIVE_OXYGEN_SPECIES_PATHWAY,1.08214636220772,0.553596635266327,PRNP
D1_center_primary,REACTIVE_OXYGEN_SPECIES_PATHWAY,1.08214636220772,0.553596635266327,FES
D1_center_primary,REACTIVE_OXYGEN_SPECIES_PATHWAY,1.08214636220772,0.553596635266327,NDUFS2
D1_center_primary,SPERMATOGENESIS,1.06634994351676,0.57565832933503,PEBP1
D1_center_primary,SPERMATOGENESIS,1.06634994351676,0.57565832933503,STRBP
D1_center_primary,SPERMATOGENESIS,1.06634994351676,0.57565832933503,IDE
D1_center_primary,SPERMATOGENESIS,1.06634994351676,0.57565832933503,TALDO1
D1_center_primary,SPERMATOGENESIS,1.06634994351676,0.57565832933503,CLPB
D1_center_primary,SPERMATOGENESIS,1.06634994351676,0.57565832933503,AGFG1
D1_center_primary,SPERMATOGENESIS,1.06634994351676,0.57565832933503,HSPA1L
D1_center_primary,SPERMATOGENESIS,1.06634994351676,0.57565832933503,NF2
D1_center_primary,SPERMATOGENESIS,1.06634994351676,0.57565832933503,PRKAR2A
D1_center_primary,SPERMATOGENESIS,1.06634994351676,0.57565832933503,HBZ
D1_center_primary,SPERMATOGENESIS,1.06634994351676,0.57565832933503,GSTM3
D1_center_primary,SPERMATOGENESIS,1.06634994351676,0.57565832933503,MTOR
D1_center_primary,SPERMATOGENESIS,1.06634994351676,0.57565832933503,STAM2
D1_center_primary,SPERMATOGENESIS,1.06634994351676,0.57565832933503,SEPTIN4
D1_center_primary,SPERMATOGENESIS,1.06634994351676,0.57565832933503,HSPA2
D1_center_primary,SPERMATOGENESIS,1.06634994351676,0.57565832933503,ACE
D1_center_primary,TGF_BETA_SIGNALING,1.03138702180461,0.636689013169292,BMP2
D1_center_primary,TGF_BETA_SIGNALING,1.03138702180461,0.636689013169292,LTBP2
D1_center_primary,TGF_BETA_SIGNALING,1.03138702180461,0.636689013169292,UBE2D3
D1_center_primary,TGF_BETA_SIGNALING,1.03138702180461,0.636689013169292,RHOA
D1_center_primary,TGF_BETA_SIGNALING,1.03138702180461,0.636689013169292,PPP1CA
D1_center_primary,TGF_BETA_SIGNALING,1.03138702180461,0.636689013169292,PPM1A
D1_center_primary,TGF_BETA_SIGNALING,1.03138702180461,0.636689013169292,CDH1
D1_center_primary,TGF_BETA_SIGNALING,1.03138702180461,0.636689013169292,NCOR2
D1_center_primary,TGF_BETA_SIGNALING,1.03138702180461,0.636689013169292,ENG
D1_center_primary,TGF_BETA_SIGNALING,1.03138702180461,0.636689013169292,RAB31
D1_center_primary,TNFA_SIGNALING_VIA_NFKB,0.939116982622991,0.843003868213952,BMP2
D1_center_primary,TNFA_SIGNALING_VIA_NFKB,0.939116982622991,0.843003868213952,NAMPT
D1_center_primary,TNFA_SIGNALING_VIA_NFKB,0.939116982622991,0.843003868213952,EHD1
D1_center_primary,TNFA_SIGNALING_VIA_NFKB,0.939116982622991,0.843003868213952,B4GALT1
D1_center_primary,TNFA_SIGNALING_VIA_NFKB,0.939116982622991,0.843003868213952,PDLIM5
D1_center_primary,TNFA_SIGNALING_VIA_NFKB,0.939116982622991,0.843003868213952,TNC
D1_center_primary,TNFA_SIGNALING_VIA_NFKB,0.939116982622991,0.843003868213952,MAP2K3
D1_center_primary,TNFA_SIGNALING_VIA_NFKB,0.939116982622991,0.843003868213952,TRIP10
D1_center_primary,TNFA_SIGNALING_VIA_NFKB,0.939116982622991,0.843003868213952,TNFAIP6
D1_center_primary,TNFA_SIGNALING_VIA_NFKB,0.939116982622991,0.843003868213952,IRS2
D1_center_primary,TNFA_SIGNALING_VIA_NFKB,0.939116982622991,0.843003868213952,RELA
D1_center_primary,TNFA_SIGNALING_VIA_NFKB,0.939116982622991,0.843003868213952,PTX3
D1_center_primary,TNFA_SIGNALING_VIA_NFKB,0.939116982622991,0.843003868213952,CCN1
D1_center_primary,TNFA_SIGNALING_VIA_NFKB,0.939116982622991,0.843003868213952,EFNA1
D1_center_primary,TNFA_SIGNALING_VIA_NFKB,0.939116982622991,0.843003868213952,CD44
D1_center_primary,TNFA_SIGNALING_VIA_NFKB,0.939116982622991,0.843003868213952,NFKB1
D1_center_primary,TNFA_SIGNALING_VIA_NFKB,0.939116982622991,0.843003868213952,DNAJB4
D1_center_primary,TNFA_SIGNALING_VIA_NFKB,0.939116982622991,0.843003868213952,MARCKS
D1_center_primary,TNFA_SIGNALING_VIA_NFKB,0.939116982622991,0.843003868213952,TNFAIP8
D1_center_primary,TNFA_SIGNALING_VIA_NFKB,0.939116982622991,0.843003868213952,B4GALT5
D1_center_primary,TNFA_SIGNALING_VIA_NFKB,0.939116982622991,0.843003868213952,LDLR
D1_center_primary,TNFA_SIGNALING_VIA_NFKB,0.939116982622991,0.843003868213952,TLR2
D1_center_primary,TNFA_SIGNALING_VIA_NFKB,0.939116982622991,0.843003868213952,IL6ST
D1_center_primary,TNFA_SIGNALING_VIA_NFKB,0.939116982622991,0.843003868213952,RIGI
D1_center_primary,UNFOLDED_PROTEIN_RESPONSE,1.30158652025657,0.106846458211322,PAIP1
D1_center_primary,UNFOLDED_PROTEIN_RESPONSE,1.30158652025657,0.106846458211322,EEF2
D1_center_primary,UNFOLDED_PROTEIN_RESPONSE,1.30158652025657,0.106846458211322,KHSRP
D1_center_primary,UNFOLDED_PROTEIN_RESPONSE,1.30158652025657,0.106846458211322,EIF4A3
D1_center_primary,UNFOLDED_PROTEIN_RESPONSE,1.30158652025657,0.106846458211322,TARS1
D1_center_primary,UNFOLDED_PROTEIN_RESPONSE,1.30158652025657,0.106846458211322,FUS
D1_center_primary,UNFOLDED_PROTEIN_RESPONSE,1.30158652025657,0.106846458211322,STC2
D1_center_primary,UNFOLDED_PROTEIN_RESPONSE,1.30158652025657,0.106846458211322,NPM1
D1_center_primary,UNFOLDED_PROTEIN_RESPONSE,1.30158652025657,0.106846458211322,DNAJA4
D1_center_primary,UNFOLDED_PROTEIN_RESPONSE,1.30158652025657,0.106846458211322,SHC1
D1_center_primary,UNFOLDED_PROTEIN_RESPONSE,1.30158652025657,0.106846458211322,SEC31A
D1_center_primary,UNFOLDED_PROTEIN_RESPONSE,1.30158652025657,0.106846458211322,LSM4
D1_center_primary,UNFOLDED_PROTEIN_RESPONSE,1.30158652025657,0.106846458211322,EIF4A1
D1_center_primary,UNFOLDED_PROTEIN_RESPONSE,1.30158652025657,0.106846458211322,EIF4G1
D1_center_primary,UNFOLDED_PROTEIN_RESPONSE,1.30158652025657,0.106846458211322,SLC7A5
D1_center_primary,UNFOLDED_PROTEIN_RESPONSE,1.30158652025657,0.106846458211322,EIF4A2
D1_center_primary,UNFOLDED_PROTEIN_RESPONSE,1.30158652025657,0.106846458211322,RPS14
D1_center_primary,UNFOLDED_PROTEIN_RESPONSE,1.30158652025657,0.106846458211322,LSM1
D1_center_primary,UNFOLDED_PROTEIN_RESPONSE,1.30158652025657,0.106846458211322,HYOU1
D1_center_primary,UNFOLDED_PROTEIN_RESPONSE,1.30158652025657,0.106846458211322,DCTN1
D1_center_primary,UNFOLDED_PROTEIN_RESPONSE,1.30158652025657,0.106846458211322,EIF4E
D1_center_primary,UNFOLDED_PROTEIN_RESPONSE,1.30158652025657,0.106846458211322,EIF2S1
D1_center_primary,UNFOLDED_PROTEIN_RESPONSE,1.30158652025657,0.106846458211322,IARS1
D1_center_primary,UNFOLDED_PROTEIN_RESPONSE,1.30158652025657,0.106846458211322,HSPA5
D1_center_primary,UNFOLDED_PROTEIN_RESPONSE,1.30158652025657,0.106846458211322,HSP90B1
D1_center_primary,UNFOLDED_PROTEIN_RESPONSE,1.30158652025657,0.106846458211322,SRPRA
D1_center_primary,UNFOLDED_PROTEIN_RESPONSE,1.30158652025657,0.106846458211322,DKC1
D1_center_primary,UNFOLDED_PROTEIN_RESPONSE,1.30158652025657,0.106846458211322,PDIA6
D1_center_primary,UV_RESPONSE_DN,0.755027920781631,0.972617024011885,COL1A2
D1_center_primary,UV_RESPONSE_DN,0.755027920781631,0.972617024011885,COL1A1
D1_center_primary,UV_RESPONSE_DN,0.755027920781631,0.972617024011885,EFEMP1
D1_center_primary,UV_RESPONSE_DN,0.755027920781631,0.972617024011885,SRI
D1_center_primary,UV_RESPONSE_DN,0.755027920781631,0.972617024011885,COL3A1
D1_center_primary,UV_RESPONSE_DN,0.755027920781631,0.972617024011885,NOTCH2
D1_center_primary,UV_RESPONSE_DN,0.755027920781631,0.972617024011885,NRP1
D1_center_primary,UV_RESPONSE_DN,0.755027920781631,0.972617024011885,PDLIM5
D1_center_primary,UV_RESPONSE_DN,0.755027920781631,0.972617024011885,MAPK14
D1_center_primary,UV_RESPONSE_DN,0.755027920781631,0.972617024011885,MAP1B
D1_center_primary,UV_RESPONSE_DN,0.755027920781631,0.972617024011885,ATRN
D1_center_primary,UV_RESPONSE_DN,0.755027920781631,0.972617024011885,SLC7A1
D1_center_primary,UV_RESPONSE_DN,0.755027920781631,0.972617024011885,CCN1
D1_center_primary,UV_RESPONSE_DN,0.755027920781631,0.972617024011885,FBLN5
D1_center_primary,UV_RESPONSE_DN,0.755027920781631,0.972617024011885,NFKB1
D1_center_primary,UV_RESPONSE_DN,0.755027920781631,0.972617024011885,PRKCA
D1_center_primary,UV_RESPONSE_DN,0.755027920781631,0.972617024011885,LDLR
D1_center_primary,UV_RESPONSE_DN,0.755027920781631,0.972617024011885,GRK5
D1_center_primary,UV_RESPONSE_DN,0.755027920781631,0.972617024011885,PIK3CD
D1_center_primary,UV_RESPONSE_DN,0.755027920781631,0.972617024011885,CELF2
D1_center_primary,UV_RESPONSE_DN,0.755027920781631,0.972617024011885,COL5A2
D1_center_primary,UV_RESPONSE_DN,0.755027920781631,0.972617024011885,NEK7
D1_center_primary,UV_RESPONSE_DN,0.755027920781631,0.972617024011885,WDR37
D1_center_primary,UV_RESPONSE_UP,1.02480729285511,0.636689013169292,SPR
D1_center_primary,UV_RESPONSE_UP,1.02480729285511,0.636689013169292,BMP2
D1_center_primary,UV_RESPONSE_UP,1.02480729285511,0.636689013169292,TST
D1_center_primary,UV_RESPONSE_UP,1.02480729285511,0.636689013169292,YKT6
D1_center_primary,UV_RESPONSE_UP,1.02480729285511,0.636689013169292,PDAP1
D1_center_primary,UV_RESPONSE_UP,1.02480729285511,0.636689013169292,STIP1
D1_center_primary,UV_RESPONSE_UP,1.02480729285511,0.636689013169292,IGFBP2
D1_center_primary,UV_RESPONSE_UP,1.02480729285511,0.636689013169292,EIF5
D1_center_primary,UV_RESPONSE_UP,1.02480729285511,0.636689013169292,TARS1
D1_center_primary,UV_RESPONSE_UP,1.02480729285511,0.636689013169292,PPAT
D1_center_primary,UV_RESPONSE_UP,1.02480729285511,0.636689013169292,HMOX1
D1_center_primary,UV_RESPONSE_UP,1.02480729285511,0.636689013169292,OLFM1
D1_center_primary,UV_RESPONSE_UP,1.02480729285511,0.636689013169292,SULT1A1
D1_center_primary,UV_RESPONSE_UP,1.02480729285511,0.636689013169292,EIF2S3
D1_center_primary,XENOBIOTIC_METABOLISM,1.30944412222462,0.0779864310586754,CBR1
D1_center_primary,XENOBIOTIC_METABOLISM,1.30944412222462,0.0779864310586754,MT2A
D1_center_primary,XENOBIOTIC_METABOLISM,1.30944412222462,0.0779864310586754,MTHFD1
D1_center_primary,XENOBIOTIC_METABOLISM,1.30944412222462,0.0779864310586754,UGDH
D1_center_primary,XENOBIOTIC_METABOLISM,1.30944412222462,0.0779864310586754,BLVRB
D1_center_primary,XENOBIOTIC_METABOLISM,1.30944412222462,0.0779864310586754,ALDH9A1
D1_center_primary,XENOBIOTIC_METABOLISM,1.30944412222462,0.0779864310586754,AHCY
D1_center_primary,XENOBIOTIC_METABOLISM,1.30944412222462,0.0779864310586754,FBLN1
D1_center_primary,XENOBIOTIC_METABOLISM,1.30944412222462,0.0779864310586754,F10
D1_center_primary,XENOBIOTIC_METABOLISM,1.30944412222462,0.0779864310586754,ADH1C
D1_center_primary,XENOBIOTIC_METABOLISM,1.30944412222462,0.0779864310586754,CNDP2
D1_center_primary,XENOBIOTIC_METABOLISM,1.30944412222462,0.0779864310586754,HMOX1
D1_center_primary,XENOBIOTIC_METABOLISM,1.30944412222462,0.0779864310586754,ACP1
D1_center_primary,XENOBIOTIC_METABOLISM,1.30944412222462,0.0779864310586754,PTGES3
D1_center_primary,XENOBIOTIC_METABOLISM,1.30944412222462,0.0779864310586754,GCLC
D1_center_primary,XENOBIOTIC_METABOLISM,1.30944412222462,0.0779864310586754,ALDH2
D1_center_primary,XENOBIOTIC_METABOLISM,1.30944412222462,0.0779864310586754,PGD
D1_center_primary,XENOBIOTIC_METABOLISM,1.30944412222462,0.0779864310586754,CYFIP2
D1_center_primary,XENOBIOTIC_METABOLISM,1.30944412222462,0.0779864310586754,GSTO1
D1_center_primary,XENOBIOTIC_METABOLISM,1.30944412222462,0.0779864310586754,ADH5
D1_center_primary,XENOBIOTIC_METABOLISM,1.30944412222462,0.0779864310586754,NMT1
D1_center_primary,XENOBIOTIC_METABOLISM,1.30944412222462,0.0779864310586754,IDH1
D1_center_primary,XENOBIOTIC_METABOLISM,1.30944412222462,0.0779864310586754,ITIH4
D1_center_primary,XENOBIOTIC_METABOLISM,1.30944412222462,0.0779864310586754,SERPINA6
D1_center_primary,XENOBIOTIC_METABOLISM,1.30944412222462,0.0779864310586754,PDLIM5
D1_center_primary,XENOBIOTIC_METABOLISM,1.30944412222462,0.0779864310586754,DCXR
D1_center_primary,XENOBIOTIC_METABOLISM,1.30944412222462,0.0779864310586754,TKFC
D1_center_primary,XENOBIOTIC_METABOLISM,1.30944412222462,0.0779864310586754,HPRT1
D1_center_primary,XENOBIOTIC_METABOLISM,1.30944412222462,0.0779864310586754,PTGDS
D1_center_primary,XENOBIOTIC_METABOLISM,1.30944412222462,0.0779864310586754,KARS1
D1_center_primary,XENOBIOTIC_METABOLISM,1.30944412222462,0.0779864310586754,ITIH1
D1_center_primary_PHpass,ADIPOGENESIS,1.11565508239252,0.336054394560544,TST
D1_center_primary_PHpass,ADIPOGENESIS,1.11565508239252,0.336054394560544,QDPR
D1_center_primary_PHpass,ADIPOGENESIS,1.11565508239252,0.336054394560544,EPHX2
D1_center_primary_PHpass,ADIPOGENESIS,1.11565508239252,0.336054394560544,ETFB
D1_center_primary_PHpass,ADIPOGENESIS,1.11565508239252,0.336054394560544,PGM1
D1_center_primary_PHpass,ADIPOGENESIS,1.11565508239252,0.336054394560544,ANGPTL4
D1_center_primary_PHpass,ADIPOGENESIS,1.11565508239252,0.336054394560544,G3BP2
D1_center_primary_PHpass,ADIPOGENESIS,1.11565508239252,0.336054394560544,ALDH2
D1_center_primary_PHpass,ADIPOGENESIS,1.11565508239252,0.336054394560544,ITIH5
D1_center_primary_PHpass,ADIPOGENESIS,1.11565508239252,0.336054394560544,SULT1A1
D1_center_primary_PHpass,ADIPOGENESIS,1.11565508239252,0.336054394560544,SUCLG1
D1_center_primary_PHpass,ADIPOGENESIS,1.11565508239252,0.336054394560544,REEP5
D1_center_primary_PHpass,ADIPOGENESIS,1.11565508239252,0.336054394560544,SPARCL1
D1_center_primary_PHpass,ADIPOGENESIS,1.11565508239252,0.336054394560544,ACADS
D1_center_primary_PHpass,ADIPOGENESIS,1.11565508239252,0.336054394560544,ACAA2
D1_center_primary_PHpass,ADIPOGENESIS,1.11565508239252,0.336054394560544,TALDO1
D1_center_primary_PHpass,ADIPOGENESIS,1.11565508239252,0.336054394560544,UBQLN1
D1_center_primary_PHpass,ADIPOGENESIS,1.11565508239252,0.336054394560544,NMT1
D1_center_primary_PHpass,ADIPOGENESIS,1.11565508239252,0.336054394560544,IDH1
D1_center_primary_PHpass,ADIPOGENESIS,1.11565508239252,0.336054394560544,REEP6
D1_center_primary_PHpass,ADIPOGENESIS,1.11565508239252,0.336054394560544,DHCR7
D1_center_primary_PHpass,ADIPOGENESIS,1.11565508239252,0.336054394560544,GPX4
D1_center_primary_PHpass,ADIPOGENESIS,1.11565508239252,0.336054394560544,YWHAG
D1_center_primary_PHpass,ADIPOGENESIS,1.11565508239252,0.336054394560544,PFKL
D1_center_primary_PHpass,ADIPOGENESIS,1.11565508239252,0.336054394560544,SORBS1
D1_center_primary_PHpass,ADIPOGENESIS,1.11565508239252,0.336054394560544,CAVIN1
D1_center_primary_PHpass,ADIPOGENESIS,1.11565508239252,0.336054394560544,LAMA4
D1_center_primary_PHpass,ALLOGRAFT_REJECTION,1.13384665956019,0.337219230769231,INHBB
D1_center_primary_PHpass,ALLOGRAFT_REJECTION,1.13384665956019,0.337219230769231,EIF3A
D1_center_primary_PHpass,ALLOGRAFT_REJECTION,1.13384665956019,0.337219230769231,EIF5A
D1_center_primary_PHpass,ALLOGRAFT_REJECTION,1.13384665956019,0.337219230769231,EIF3D
D1_center_primary_PHpass,ALLOGRAFT_REJECTION,1.13384665956019,0.337219230769231,TRAF2
D1_center_primary_PHpass,ALLOGRAFT_REJECTION,1.13384665956019,0.337219230769231,C2
D1_center_primary_PHpass,ALLOGRAFT_REJECTION,1.13384665956019,0.337219230769231,UBE2N
D1_center_primary_PHpass,ALLOGRAFT_REJECTION,1.13384665956019,0.337219230769231,HCLS1
D1_center_primary_PHpass,ALLOGRAFT_REJECTION,1.13384665956019,0.337219230769231,AARS1
D1_center_primary_PHpass,ALLOGRAFT_REJECTION,1.13384665956019,0.337219230769231,NME1
D1_center_primary_PHpass,ALLOGRAFT_REJECTION,1.13384665956019,0.337219230769231,TIMP1
D1_center_primary_PHpass,ALLOGRAFT_REJECTION,1.13384665956019,0.337219230769231,F2
D1_center_primary_PHpass,ALLOGRAFT_REJECTION,1.13384665956019,0.337219230769231,ABI1
D1_center_primary_PHpass,ALLOGRAFT_REJECTION,1.13384665956019,0.337219230769231,DARS1
D1_center_primary_PHpass,ALLOGRAFT_REJECTION,1.13384665956019,0.337219230769231,HLA-A
D1_center_primary_PHpass,ALLOGRAFT_REJECTION,1.13384665956019,0.337219230769231,RPS3A
D1_center_primary_PHpass,ALLOGRAFT_REJECTION,1.13384665956019,0.337219230769231,WAS
D1_center_primary_PHpass,ALLOGRAFT_REJECTION,1.13384665956019,0.337219230769231,RARS1
D1_center_primary_PHpass,ALLOGRAFT_REJECTION,1.13384665956019,0.337219230769231,ABCE1
D1_center_primary_PHpass,ALLOGRAFT_REJECTION,1.13384665956019,0.337219230769231,EIF4G3
D1_center_primary_PHpass,ALLOGRAFT_REJECTION,1.13384665956019,0.337219230769231,PRKCB
D1_center_primary_PHpass,ALLOGRAFT_REJECTION,1.13384665956019,0.337219230769231,CSK
D1_center_primary_PHpass,ALLOGRAFT_REJECTION,1.13384665956019,0.337219230769231,CD247
D1_center_primary_PHpass,ALLOGRAFT_REJECTION,1.13384665956019,0.337219230769231,STAT1
D1_center_primary_PHpass,ALLOGRAFT_REJECTION,1.13384665956019,0.337219230769231,LCP2
D1_center_primary_PHpass,ALLOGRAFT_REJECTION,1.13384665956019,0.337219230769231,SRGN
D1_center_primary_PHpass,ALLOGRAFT_REJECTION,1.13384665956019,0.337219230769231,RPS9
D1_center_primary_PHpass,ALLOGRAFT_REJECTION,1.13384665956019,0.337219230769231,RPS19
D1_center_primary_PHpass,ALLOGRAFT_REJECTION,1.13384665956019,0.337219230769231,NCK1
D1_center_primary_PHpass,ALLOGRAFT_REJECTION,1.13384665956019,0.337219230769231,CD40
D1_center_primary_PHpass,ALLOGRAFT_REJECTION,1.13384665956019,0.337219230769231,CFP
D1_center_primary_PHpass,ALLOGRAFT_REJECTION,1.13384665956019,0.337219230769231,MMP9
D1_center_primary_PHpass,ANDROGEN_RESPONSE,0.939395329890872,0.786354541816727,SEC24D
D1_center_primary_PHpass,ANDROGEN_RESPONSE,0.939395329890872,0.786354541816727,SELENOP
D1_center_primary_PHpass,ANDROGEN_RESPONSE,0.939395329890872,0.786354541816727,SORD
D1_center_primary_PHpass,ANDROGEN_RESPONSE,0.939395329890872,0.786354541816727,B4GALT1
D1_center_primary_PHpass,ANDROGEN_RESPONSE,0.939395329890872,0.786354541816727,PDLIM5
D1_center_primary_PHpass,ANDROGEN_RESPONSE,0.939395329890872,0.786354541816727,FKBP5
D1_center_primary_PHpass,ANDROGEN_RESPONSE,0.939395329890872,0.786354541816727,PA2G4
D1_center_primary_PHpass,ANDROGEN_RESPONSE,0.939395329890872,0.786354541816727,H1-0
D1_center_primary_PHpass,ANDROGEN_RESPONSE,0.939395329890872,0.786354541816727,RAB4A
D1_center_primary_PHpass,ANDROGEN_RESPONSE,0.939395329890872,0.786354541816727,PTK2B
D1_center_primary_PHpass,ANDROGEN_RESPONSE,0.939395329890872,0.786354541816727,TNFAIP8
D1_center_primary_PHpass,ANDROGEN_RESPONSE,0.939395329890872,0.786354541816727,SMS
D1_center_primary_PHpass,ANDROGEN_RESPONSE,0.939395329890872,0.786354541816727,RPS6KA3
D1_center_primary_PHpass,ANDROGEN_RESPONSE,0.939395329890872,0.786354541816727,GSR
D1_center_primary_PHpass,ANGIOGENESIS,1.26654865841062,0.258493983819196,POSTN
D1_center_primary_PHpass,ANGIOGENESIS,1.26654865841062,0.258493983819196,LUM
D1_center_primary_PHpass,ANGIOGENESIS,1.26654865841062,0.258493983819196,COL3A1
D1_center_primary_PHpass,ANGIOGENESIS,1.26654865841062,0.258493983819196,NRP1
D1_center_primary_PHpass,ANGIOGENESIS,1.26654865841062,0.258493983819196,LRPAP1
D1_center_primary_PHpass,ANGIOGENESIS,1.26654865841062,0.258493983819196,TIMP1
D1_center_primary_PHpass,APICAL_JUNCTION,0.913552795240221,0.865885633658856,WASL
D1_center_primary_PHpass,APICAL_JUNCTION,0.913552795240221,0.865885633658856,FSCN1
D1_center_primary_PHpass,APICAL_JUNCTION,0.913552795240221,0.865885633658856,MYH10
D1_center_primary_PHpass,APICAL_JUNCTION,0.913552795240221,0.865885633658856,EVL
D1_center_primary_PHpass,APICAL_JUNCTION,0.913552795240221,0.865885633658856,PCDH1
D1_center_primary_PHpass,APICAL_JUNCTION,0.913552795240221,0.865885633658856,B4GALT1
D1_center_primary_PHpass,APICAL_JUNCTION,0.913552795240221,0.865885633658856,VASP
D1_center_primary_PHpass,APICAL_JUNCTION,0.913552795240221,0.865885633658856,ZYX
D1_center_primary_PHpass,APICAL_JUNCTION,0.913552795240221,0.865885633658856,CD99
D1_center_primary_PHpass,APICAL_JUNCTION,0.913552795240221,0.865885633658856,MAPK14
D1_center_primary_PHpass,APICAL_JUNCTION,0.913552795240221,0.865885633658856,MMP2
D1_center_primary_PHpass,APICAL_JUNCTION,0.913552795240221,0.865885633658856,CTNNA1
D1_center_primary_PHpass,APICAL_JUNCTION,0.913552795240221,0.865885633658856,CAP1
D1_center_primary_PHpass,APICAL_JUNCTION,0.913552795240221,0.865885633658856,SYK
D1_center_primary_PHpass,APICAL_JUNCTION,0.913552795240221,0.865885633658856,NECTIN2
D1_center_primary_PHpass,APICAL_JUNCTION,0.913552795240221,0.865885633658856,CDH1
D1_center_primary_PHpass,APICAL_JUNCTION,0.913552795240221,0.865885633658856,RAC2
D1_center_primary_PHpass,APICAL_JUNCTION,0.913552795240221,0.865885633658856,EPB41L2
D1_center_primary_PHpass,APICAL_JUNCTION,0.913552795240221,0.865885633658856,YWHAH
D1_center_primary_PHpass,APICAL_JUNCTION,0.913552795240221,0.865885633658856,NF2
D1_center_primary_PHpass,APICAL_JUNCTION,0.913552795240221,0.865885633658856,RRAS
D1_center_primary_PHpass,APICAL_JUNCTION,0.913552795240221,0.865885633658856,INPPL1
D1_center_primary_PHpass,APICAL_JUNCTION,0.913552795240221,0.865885633658856,CD274
D1_center_primary_PHpass,APICAL_JUNCTION,0.913552795240221,0.865885633658856,PIK3CB
D1_center_primary_PHpass,APICAL_JUNCTION,0.913552795240221,0.865885633658856,ARPC2
D1_center_primary_PHpass,APICAL_JUNCTION,0.913552795240221,0.865885633658856,PFN1
D1_center_primary_PHpass,APICAL_JUNCTION,0.913552795240221,0.865885633658856,CRAT
D1_center_primary_PHpass,APICAL_JUNCTION,0.913552795240221,0.865885633658856,ACTB
D1_center_primary_PHpass,APICAL_JUNCTION,0.913552795240221,0.865885633658856,MMP9
D1_center_primary_PHpass,APICAL_JUNCTION,0.913552795240221,0.865885633658856,ADAM9
D1_center_primary_PHpass,APICAL_JUNCTION,0.913552795240221,0.865885633658856,GNAI2
D1_center_primary_PHpass,APICAL_JUNCTION,0.913552795240221,0.865885633658856,TUBG1
D1_center_primary_PHpass,APICAL_JUNCTION,0.913552795240221,0.865885633658856,ACTA1
D1_center_primary_PHpass,APICAL_JUNCTION,0.913552795240221,0.865885633658856,PECAM1
D1_center_primary_PHpass,APICAL_JUNCTION,0.913552795240221,0.865885633658856,ACTN4
D1_center_primary_PHpass,APICAL_JUNCTION,0.913552795240221,0.865885633658856,ICAM2
D1_center_primary_PHpass,APICAL_JUNCTION,0.913552795240221,0.865885633658856,CTNND1
D1_center_primary_PHpass,APICAL_JUNCTION,0.913552795240221,0.865885633658856,CNN2
D1_center_primary_PHpass,APICAL_JUNCTION,0.913552795240221,0.865885633658856,FYB1
D1_center_primary_PHpass,APICAL_JUNCTION,0.913552795240221,0.865885633658856,RHOF
D1_center_primary_PHpass,APICAL_JUNCTION,0.913552795240221,0.865885633658856,MDK
D1_center_primary_PHpass,APICAL_JUNCTION,0.913552795240221,0.865885633658856,LIMA1
D1_center_primary_PHpass,APICAL_JUNCTION,0.913552795240221,0.865885633658856,MYL9
D1_center_primary_PHpass,APICAL_JUNCTION,0.913552795240221,0.865885633658856,SKAP2
D1_center_primary_PHpass,APOPTOSIS,1.22923457886361,0.181555555555556,LGALS3
D1_center_primary_PHpass,APOPTOSIS,1.22923457886361,0.181555555555556,LUM
D1_center_primary_PHpass,APOPTOSIS,1.22923457886361,0.181555555555556,ETF1
D1_center_primary_PHpass,APOPTOSIS,1.22923457886361,0.181555555555556,HMOX1
D1_center_primary_PHpass,APOPTOSIS,1.22923457886361,0.181555555555556,IGF2R
D1_center_primary_PHpass,APOPTOSIS,1.22923457886361,0.181555555555556,BAX
D1_center_primary_PHpass,APOPTOSIS,1.22923457886361,0.181555555555556,TIMP1
D1_center_primary_PHpass,APOPTOSIS,1.22923457886361,0.181555555555556,TNFSF10
D1_center_primary_PHpass,APOPTOSIS,1.22923457886361,0.181555555555556,F2
D1_center_primary_PHpass,APOPTOSIS,1.22923457886361,0.181555555555556,GPX4
D1_center_primary_PHpass,APOPTOSIS,1.22923457886361,0.181555555555556,PLCB2
D1_center_primary_PHpass,APOPTOSIS,1.22923457886361,0.181555555555556,BCL2L1
D1_center_primary_PHpass,APOPTOSIS,1.22923457886361,0.181555555555556,LMNA
D1_center_primary_PHpass,APOPTOSIS,1.22923457886361,0.181555555555556,MMP2
D1_center_primary_PHpass,APOPTOSIS,1.22923457886361,0.181555555555556,DPYD
D1_center_primary_PHpass,APOPTOSIS,1.22923457886361,0.181555555555556,DCN
D1_center_primary_PHpass,APOPTOSIS,1.22923457886361,0.181555555555556,GPX1
D1_center_primary_PHpass,APOPTOSIS,1.22923457886361,0.181555555555556,DNAJA1
D1_center_primary_PHpass,APOPTOSIS,1.22923457886361,0.181555555555556,PLAT
D1_center_primary_PHpass,APOPTOSIS,1.22923457886361,0.181555555555556,BGN
D1_center_primary_PHpass,APOPTOSIS,1.22923457886361,0.181555555555556,FDXR
D1_center_primary_PHpass,APOPTOSIS,1.22923457886361,0.181555555555556,RELA
D1_center_primary_PHpass,APOPTOSIS,1.22923457886361,0.181555555555556,SPTAN1
D1_center_primary_PHpass,APOPTOSIS,1.22923457886361,0.181555555555556,DNM1L
D1_center_primary_PHpass,APOPTOSIS,1.22923457886361,0.181555555555556,H1-0
D1_center_primary_PHpass,APOPTOSIS,1.22923457886361,0.181555555555556,CD38
D1_center_primary_PHpass,APOPTOSIS,1.22923457886361,0.181555555555556,CD14
D1_center_primary_PHpass,APOPTOSIS,1.22923457886361,0.181555555555556,TIMP3
D1_center_primary_PHpass,APOPTOSIS,1.22923457886361,0.181555555555556,ANXA1
D1_center_primary_PHpass,APOPTOSIS,1.22923457886361,0.181555555555556,ENO2
D1_center_primary_PHpass,APOPTOSIS,1.22923457886361,0.181555555555556,RHOT2
D1_center_primary_PHpass,APOPTOSIS,1.22923457886361,0.181555555555556,GSR
D1_center_primary_PHpass,BILE_ACID_METABOLISM,1.36477904880354,0.0870079134528699,ALDH9A1
D1_center_primary_PHpass,BILE_ACID_METABOLISM,1.36477904880354,0.0870079134528699,EPHX2
D1_center_primary_PHpass,BILE_ACID_METABOLISM,1.36477904880354,0.0870079134528699,AGXT
D1_center_primary_PHpass,BILE_ACID_METABOLISM,1.36477904880354,0.0870079134528699,APOA1
D1_center_primary_PHpass,BILE_ACID_METABOLISM,1.36477904880354,0.0870079134528699,IDH1
D1_center_primary_PHpass,BILE_ACID_METABOLISM,1.36477904880354,0.0870079134528699,SERPINA6
D1_center_primary_PHpass,BILE_ACID_METABOLISM,1.36477904880354,0.0870079134528699,ALDH1A1
D1_center_primary_PHpass,BILE_ACID_METABOLISM,1.36477904880354,0.0870079134528699,HSD17B4
D1_center_primary_PHpass,BILE_ACID_METABOLISM,1.36477904880354,0.0870079134528699,HAO1
D1_center_primary_PHpass,BILE_ACID_METABOLISM,1.36477904880354,0.0870079134528699,PFKM
D1_center_primary_PHpass,BILE_ACID_METABOLISM,1.36477904880354,0.0870079134528699,ACSL1
D1_center_primary_PHpass,BILE_ACID_METABOLISM,1.36477904880354,0.0870079134528699,ISOC1
D1_center_primary_PHpass,BILE_ACID_METABOLISM,1.36477904880354,0.0870079134528699,PRDX5
D1_center_primary_PHpass,BILE_ACID_METABOLISM,1.36477904880354,0.0870079134528699,FDXR
D1_center_primary_PHpass,BILE_ACID_METABOLISM,1.36477904880354,0.0870079134528699,GC
D1_center_primary_PHpass,BILE_ACID_METABOLISM,1.36477904880354,0.0870079134528699,GCLM
D1_center_primary_PHpass,BILE_ACID_METABOLISM,1.36477904880354,0.0870079134528699,SCP2
D1_center_primary_PHpass,CHOLESTEROL_HOMEOSTASIS,1.40071366969598,0.0870079134528699,LGALS3
D1_center_primary_PHpass,CHOLESTEROL_HOMEOSTASIS,1.40071366969598,0.0870079134528699,ACSS2
D1_center_primary_PHpass,CHOLESTEROL_HOMEOSTASIS,1.40071366969598,0.0870079134528699,ACAT2
D1_center_primary_PHpass,CHOLESTEROL_HOMEOSTASIS,1.40071366969598,0.0870079134528699,ALDOC
D1_center_primary_PHpass,CHOLESTEROL_HOMEOSTASIS,1.40071366969598,0.0870079134528699,DHCR7
D1_center_primary_PHpass,CHOLESTEROL_HOMEOSTASIS,1.40071366969598,0.0870079134528699,FASN
D1_center_primary_PHpass,CHOLESTEROL_HOMEOSTASIS,1.40071366969598,0.0870079134528699,LSS
D1_center_primary_PHpass,CHOLESTEROL_HOMEOSTASIS,1.40071366969598,0.0870079134528699,S100A11
D1_center_primary_PHpass,CHOLESTEROL_HOMEOSTASIS,1.40071366969598,0.0870079134528699,FDPS
D1_center_primary_PHpass,CHOLESTEROL_HOMEOSTASIS,1.40071366969598,0.0870079134528699,PMVK
D1_center_primary_PHpass,CHOLESTEROL_HOMEOSTASIS,1.40071366969598,0.0870079134528699,NIBAN1
D1_center_primary_PHpass,CHOLESTEROL_HOMEOSTASIS,1.40071366969598,0.0870079134528699,GSTM2
D1_center_primary_PHpass,CHOLESTEROL_HOMEOSTASIS,1.40071366969598,0.0870079134528699,ADH4
D1_center_primary_PHpass,COAGULATION,1.12876640646633,0.33357497583575,HMGCS2
D1_center_primary_PHpass,COAGULATION,1.12876640646633,0.33357497583575,CRIP2
D1_center_primary_PHpass,COAGULATION,1.12876640646633,0.33357497583575,F9
D1_center_primary_PHpass,COAGULATION,1.12876640646633,0.33357497583575,C1S
D1_center_primary_PHpass,COAGULATION,1.12876640646633,0.33357497583575,F10
D1_center_primary_PHpass,COAGULATION,1.12876640646633,0.33357497583575,CTSB
D1_center_primary_PHpass,COAGULATION,1.12876640646633,0.33357497583575,CAPN2
D1_center_primary_PHpass,COAGULATION,1.12876640646633,0.33357497583575,C2
D1_center_primary_PHpass,COAGULATION,1.12876640646633,0.33357497583575,MMP1
D1_center_primary_PHpass,COAGULATION,1.12876640646633,0.33357497583575,A2M
D1_center_primary_PHpass,COAGULATION,1.12876640646633,0.33357497583575,APOA1
D1_center_primary_PHpass,COAGULATION,1.12876640646633,0.33357497583575,CFI
D1_center_primary_PHpass,COAGULATION,1.12876640646633,0.33357497583575,LTA4H
D1_center_primary_PHpass,COAGULATION,1.12876640646633,0.33357497583575,CSRP1
D1_center_primary_PHpass,COAGULATION,1.12876640646633,0.33357497583575,PRSS23
D1_center_primary_PHpass,COAGULATION,1.12876640646633,0.33357497583575,TIMP1
D1_center_primary_PHpass,COAGULATION,1.12876640646633,0.33357497583575,F2
D1_center_primary_PHpass,COAGULATION,1.12876640646633,0.33357497583575,C9
D1_center_primary_PHpass,COAGULATION,1.12876640646633,0.33357497583575,FN1
D1_center_primary_PHpass,COAGULATION,1.12876640646633,0.33357497583575,PEF1
D1_center_primary_PHpass,COAGULATION,1.12876640646633,0.33357497583575,RAC1
D1_center_primary_PHpass,COAGULATION,1.12876640646633,0.33357497583575,F8
D1_center_primary_PHpass,COAGULATION,1.12876640646633,0.33357497583575,FGA
D1_center_primary_PHpass,COAGULATION,1.12876640646633,0.33357497583575,MMP2
D1_center_primary_PHpass,COAGULATION,1.12876640646633,0.33357497583575,GNG12
D1_center_primary_PHpass,COAGULATION,1.12876640646633,0.33357497583575,FGG
D1_center_primary_PHpass,COAGULATION,1.12876640646633,0.33357497583575,ITIH1
D1_center_primary_PHpass,COAGULATION,1.12876640646633,0.33357497583575,ARF4
D1_center_primary_PHpass,COAGULATION,1.12876640646633,0.33357497583575,C1R
D1_center_primary_PHpass,COAGULATION,1.12876640646633,0.33357497583575,PLAT
D1_center_primary_PHpass,COAGULATION,1.12876640646633,0.33357497583575,SERPING1
D1_center_primary_PHpass,COAGULATION,1.12876640646633,0.33357497583575,SIRT2
D1_center_primary_PHpass,COAGULATION,1.12876640646633,0.33357497583575,C8A
D1_center_primary_PHpass,COAGULATION,1.12876640646633,0.33357497583575,C8G
D1_center_primary_PHpass,COAGULATION,1.12876640646633,0.33357497583575,CFB
D1_center_primary_PHpass,COAGULATION,1.12876640646633,0.33357497583575,PROS1
D1_center_primary_PHpass,COAGULATION,1.12876640646633,0.33357497583575,TIMP3
D1_center_primary_PHpass,COAGULATION,1.12876640646633,0.33357497583575,ANXA1
D1_center_primary_PHpass,COMPLEMENT,0.984862246688432,0.786354541816727,LGALS3
D1_center_primary_PHpass,COMPLEMENT,0.984862246688432,0.786354541816727,C1S
D1_center_primary_PHpass,COMPLEMENT,0.984862246688432,0.786354541816727,F10
D1_center_primary_PHpass,COMPLEMENT,0.984862246688432,0.786354541816727,CTSB
D1_center_primary_PHpass,COMPLEMENT,0.984862246688432,0.786354541816727,XPNPEP1
D1_center_primary_PHpass,COMPLEMENT,0.984862246688432,0.786354541816727,USP14
D1_center_primary_PHpass,COMPLEMENT,0.984862246688432,0.786354541816727,C2
D1_center_primary_PHpass,COMPLEMENT,0.984862246688432,0.786354541816727,LTA4H
D1_center_primary_PHpass,COMPLEMENT,0.984862246688432,0.786354541816727,CSRP1
D1_center_primary_PHpass,COMPLEMENT,0.984862246688432,0.786354541816727,TIMP1
D1_center_primary_PHpass,COMPLEMENT,0.984862246688432,0.786354541816727,F2
D1_center_primary_PHpass,COMPLEMENT,0.984862246688432,0.786354541816727,C9
D1_center_primary_PHpass,COMPLEMENT,0.984862246688432,0.786354541816727,FN1
D1_center_primary_PHpass,COMPLEMENT,0.984862246688432,0.786354541816727,F8
D1_center_primary_PHpass,COMPLEMENT,0.984862246688432,0.786354541816727,LAP3
D1_center_primary_PHpass,COMPLEMENT,0.984862246688432,0.786354541816727,CP
D1_center_primary_PHpass,COMPLEMENT,0.984862246688432,0.786354541816727,ITIH1
D1_center_primary_PHpass,COMPLEMENT,0.984862246688432,0.786354541816727,LIPA
D1_center_primary_PHpass,COMPLEMENT,0.984862246688432,0.786354541816727,WAS
D1_center_primary_PHpass,COMPLEMENT,0.984862246688432,0.786354541816727,GRB2
D1_center_primary_PHpass,COMPLEMENT,0.984862246688432,0.786354541816727,C1R
D1_center_primary_PHpass,COMPLEMENT,0.984862246688432,0.786354541816727,PLAT
D1_center_primary_PHpass,COMPLEMENT,0.984862246688432,0.786354541816727,HSPA5
D1_center_primary_PHpass,COMPLEMENT,0.984862246688432,0.786354541816727,VCPIP1
D1_center_primary_PHpass,COMPLEMENT,0.984862246688432,0.786354541816727,SERPING1
D1_center_primary_PHpass,COMPLEMENT,0.984862246688432,0.786354541816727,HSPA1A
D1_center_primary_PHpass,COMPLEMENT,0.984862246688432,0.786354541816727,PPP2CB
D1_center_primary_PHpass,COMPLEMENT,0.984862246688432,0.786354541816727,GZMK
D1_center_primary_PHpass,COMPLEMENT,0.984862246688432,0.786354541816727,USP15
D1_center_primary_PHpass,COMPLEMENT,0.984862246688432,0.786354541816727,CFB
D1_center_primary_PHpass,COMPLEMENT,0.984862246688432,0.786354541816727,CALM1
D1_center_primary_PHpass,COMPLEMENT,0.984862246688432,0.786354541816727,COL4A2
D1_center_primary_PHpass,COMPLEMENT,0.984862246688432,0.786354541816727,LCP2
D1_center_primary_PHpass,COMPLEMENT,0.984862246688432,0.786354541816727,PRKCD
D1_center_primary_PHpass,COMPLEMENT,0.984862246688432,0.786354541816727,GNB2
D1_center_primary_PHpass,COMPLEMENT,0.984862246688432,0.786354541816727,PFN1
D1_center_primary_PHpass,COMPLEMENT,0.984862246688432,0.786354541816727,F7
D1_center_primary_PHpass,COMPLEMENT,0.984862246688432,0.786354541816727,FCER1G
D1_center_primary_PHpass,COMPLEMENT,0.984862246688432,0.786354541816727,GNB4
D1_center_primary_PHpass,COMPLEMENT,0.984862246688432,0.786354541816727,C1QC
D1_center_primary_PHpass,COMPLEMENT,0.984862246688432,0.786354541816727,S100A9
D1_center_primary_PHpass,COMPLEMENT,0.984862246688432,0.786354541816727,CD55
D1_center_primary_PHpass,COMPLEMENT,0.984862246688432,0.786354541816727,ADAM9
D1_center_primary_PHpass,COMPLEMENT,0.984862246688432,0.786354541816727,CD46
D1_center_primary_PHpass,COMPLEMENT,0.984862246688432,0.786354541816727,GNAI2
D1_center_primary_PHpass,COMPLEMENT,0.984862246688432,0.786354541816727,DOCK10
D1_center_primary_PHpass,COMPLEMENT,0.984862246688432,0.786354541816727,USP16
D1_center_primary_PHpass,COMPLEMENT,0.984862246688432,0.786354541816727,LYN
D1_center_primary_PHpass,DNA_REPAIR,1.39561637666754,0.0537920644879794,APRT
D1_center_primary_PHpass,DNA_REPAIR,1.39561637666754,0.0537920644879794,BOLA2
D1_center_primary_PHpass,DNA_REPAIR,1.39561637666754,0.0537920644879794,AK1
D1_center_primary_PHpass,DNA_REPAIR,1.39561637666754,0.0537920644879794,EDF1
D1_center_primary_PHpass,DNA_REPAIR,1.39561637666754,0.0537920644879794,UMPS
D1_center_primary_PHpass,DNA_REPAIR,1.39561637666754,0.0537920644879794,RBX1
D1_center_primary_PHpass,DNA_REPAIR,1.39561637666754,0.0537920644879794,HCLS1
D1_center_primary_PHpass,DNA_REPAIR,1.39561637666754,0.0537920644879794,NME3
D1_center_primary_PHpass,DNA_REPAIR,1.39561637666754,0.0537920644879794,NME1
D1_center_primary_PHpass,DNA_REPAIR,1.39561637666754,0.0537920644879794,NT5C
D1_center_primary_PHpass,DNA_REPAIR,1.39561637666754,0.0537920644879794,DCTN4
D1_center_primary_PHpass,DNA_REPAIR,1.39561637666754,0.0537920644879794,GPX4
D1_center_primary_PHpass,DNA_REPAIR,1.39561637666754,0.0537920644879794,ITPA
D1_center_primary_PHpass,DNA_REPAIR,1.39561637666754,0.0537920644879794,UPF3B
D1_center_primary_PHpass,DNA_REPAIR,1.39561637666754,0.0537920644879794,HPRT1
D1_center_primary_PHpass,DNA_REPAIR,1.39561637666754,0.0537920644879794,TSG101
D1_center_primary_PHpass,DNA_REPAIR,1.39561637666754,0.0537920644879794,GMPR2
D1_center_primary_PHpass,DNA_REPAIR,1.39561637666754,0.0537920644879794,VPS28
D1_center_primary_PHpass,E2F_TARGETS,1.24034679333372,0.230134085087506,SRSF1
D1_center_primary_PHpass,E2F_TARGETS,1.24034679333372,0.230134085087506,ILF3
D1_center_primary_PHpass,E2F_TARGETS,1.24034679333372,0.230134085087506,SYNCRIP
D1_center_primary_PHpass,E2F_TARGETS,1.24034679333372,0.230134085087506,CSE1L
D1_center_primary_PHpass,E2F_TARGETS,1.24034679333372,0.230134085087506,PRPS1
D1_center_primary_PHpass,E2F_TARGETS,1.24034679333372,0.230134085087506,SRSF2
D1_center_primary_PHpass,E2F_TARGETS,1.24034679333372,0.230134085087506,NME1
D1_center_primary_PHpass,E2F_TARGETS,1.24034679333372,0.230134085087506,PRDX4
D1_center_primary_PHpass,E2F_TARGETS,1.24034679333372,0.230134085087506,CTPS1
D1_center_primary_PHpass,E2F_TARGETS,1.24034679333372,0.230134085087506,PAICS
D1_center_primary_PHpass,E2F_TARGETS,1.24034679333372,0.230134085087506,XPO1
D1_center_primary_PHpass,E2F_TARGETS,1.24034679333372,0.230134085087506,GSPT1
D1_center_primary_PHpass,E2F_TARGETS,1.24034679333372,0.230134085087506,RAN
D1_center_primary_PHpass,E2F_TARGETS,1.24034679333372,0.230134085087506,EIF2S1
D1_center_primary_PHpass,E2F_TARGETS,1.24034679333372,0.230134085087506,PA2G4
D1_center_primary_PHpass,E2F_TARGETS,1.24034679333372,0.230134085087506,NASP
D1_center_primary_PHpass,E2F_TARGETS,1.24034679333372,0.230134085087506,LBR
D1_center_primary_PHpass,E2F_TARGETS,1.24034679333372,0.230134085087506,RANBP1
D1_center_primary_PHpass,E2F_TARGETS,1.24034679333372,0.230134085087506,IPO7
D1_center_primary_PHpass,E2F_TARGETS,1.24034679333372,0.230134085087506,AK2
D1_center_primary_PHpass,E2F_TARGETS,1.24034679333372,0.230134085087506,SMC3
D1_center_primary_PHpass,E2F_TARGETS,1.24034679333372,0.230134085087506,TUBB
D1_center_primary_PHpass,E2F_TARGETS,1.24034679333372,0.230134085087506,LMNB1
D1_center_primary_PHpass,E2F_TARGETS,1.24034679333372,0.230134085087506,SMC1A
D1_center_primary_PHpass,EPITHELIAL_MESENCHYMAL_TRANSITION,1.35451343298412,0.0468805454562502,NNMT
D1_center_primary_PHpass,EPITHELIAL_MESENCHYMAL_TRANSITION,1.35451343298412,0.0468805454562502,COL1A2
D1_center_primary_PHpass,EPITHELIAL_MESENCHYMAL_TRANSITION,1.35451343298412,0.0468805454562502,POSTN
D1_center_primary_PHpass,EPITHELIAL_MESENCHYMAL_TRANSITION,1.35451343298412,0.0468805454562502,LOX
D1_center_primary_PHpass,EPITHELIAL_MESENCHYMAL_TRANSITION,1.35451343298412,0.0468805454562502,COL1A1
D1_center_primary_PHpass,EPITHELIAL_MESENCHYMAL_TRANSITION,1.35451343298412,0.0468805454562502,LUM
D1_center_primary_PHpass,EPITHELIAL_MESENCHYMAL_TRANSITION,1.35451343298412,0.0468805454562502,COL6A2
D1_center_primary_PHpass,EPITHELIAL_MESENCHYMAL_TRANSITION,1.35451343298412,0.0468805454562502,TGM2
D1_center_primary_PHpass,EPITHELIAL_MESENCHYMAL_TRANSITION,1.35451343298412,0.0468805454562502,IGFBP2
D1_center_primary_PHpass,EPITHELIAL_MESENCHYMAL_TRANSITION,1.35451343298412,0.0468805454562502,COL6A3
D1_center_primary_PHpass,EPITHELIAL_MESENCHYMAL_TRANSITION,1.35451343298412,0.0468805454562502,FBLN1
D1_center_primary_PHpass,EPITHELIAL_MESENCHYMAL_TRANSITION,1.35451343298412,0.0468805454562502,COLGALT1
D1_center_primary_PHpass,EPITHELIAL_MESENCHYMAL_TRANSITION,1.35451343298412,0.0468805454562502,COL3A1
D1_center_primary_PHpass,EPITHELIAL_MESENCHYMAL_TRANSITION,1.35451343298412,0.0468805454562502,ECM1
D1_center_primary_PHpass,EPITHELIAL_MESENCHYMAL_TRANSITION,1.35451343298412,0.0468805454562502,ELN
D1_center_primary_PHpass,EPITHELIAL_MESENCHYMAL_TRANSITION,1.35451343298412,0.0468805454562502,MMP1
D1_center_primary_PHpass,EPITHELIAL_MESENCHYMAL_TRANSITION,1.35451343298412,0.0468805454562502,BASP1
D1_center_primary_PHpass,EPITHELIAL_MESENCHYMAL_TRANSITION,1.35451343298412,0.0468805454562502,TIMP1
D1_center_primary_PHpass,EPITHELIAL_MESENCHYMAL_TRANSITION,1.35451343298412,0.0468805454562502,PVR
D1_center_primary_PHpass,EPITHELIAL_MESENCHYMAL_TRANSITION,1.35451343298412,0.0468805454562502,FERMT2
D1_center_primary_PHpass,EPITHELIAL_MESENCHYMAL_TRANSITION,1.35451343298412,0.0468805454562502,FN1
D1_center_primary_PHpass,EPITHELIAL_MESENCHYMAL_TRANSITION,1.35451343298412,0.0468805454562502,WIPF1
D1_center_primary_PHpass,EPITHELIAL_MESENCHYMAL_TRANSITION,1.35451343298412,0.0468805454562502,TNC
D1_center_primary_PHpass,EPITHELIAL_MESENCHYMAL_TRANSITION,1.35451343298412,0.0468805454562502,PLOD1
D1_center_primary_PHpass,EPITHELIAL_MESENCHYMAL_TRANSITION,1.35451343298412,0.0468805454562502,MMP2
D1_center_primary_PHpass,EPITHELIAL_MESENCHYMAL_TRANSITION,1.35451343298412,0.0468805454562502,DCN
D1_center_primary_PHpass,EPITHELIAL_MESENCHYMAL_TRANSITION,1.35451343298412,0.0468805454562502,FSTL1
D1_center_primary_PHpass,EPITHELIAL_MESENCHYMAL_TRANSITION,1.35451343298412,0.0468805454562502,BGN
D1_center_primary_PHpass,EPITHELIAL_MESENCHYMAL_TRANSITION,1.35451343298412,0.0468805454562502,PLOD3
D1_center_primary_PHpass,EPITHELIAL_MESENCHYMAL_TRANSITION,1.35451343298412,0.0468805454562502,PTX3
D1_center_primary_PHpass,EPITHELIAL_MESENCHYMAL_TRANSITION,1.35451343298412,0.0468805454562502,CCN1
D1_center_primary_PHpass,EPITHELIAL_MESENCHYMAL_TRANSITION,1.35451343298412,0.0468805454562502,VEGFC
D1_center_primary_PHpass,EPITHELIAL_MESENCHYMAL_TRANSITION,1.35451343298412,0.0468805454562502,COPA
D1_center_primary_PHpass,EPITHELIAL_MESENCHYMAL_TRANSITION,1.35451343298412,0.0468805454562502,VIM
D1_center_primary_PHpass,EPITHELIAL_MESENCHYMAL_TRANSITION,1.35451343298412,0.0468805454562502,FBLN5
D1_center_primary_PHpass,EPITHELIAL_MESENCHYMAL_TRANSITION,1.35451343298412,0.0468805454562502,MGP
D1_center_primary_PHpass,EPITHELIAL_MESENCHYMAL_TRANSITION,1.35451343298412,0.0468805454562502,SERPINH1
D1_center_primary_PHpass,EPITHELIAL_MESENCHYMAL_TRANSITION,1.35451343298412,0.0468805454562502,COL4A2
D1_center_primary_PHpass,EPITHELIAL_MESENCHYMAL_TRANSITION,1.35451343298412,0.0468805454562502,PCOLCE2
D1_center_primary_PHpass,EPITHELIAL_MESENCHYMAL_TRANSITION,1.35451343298412,0.0468805454562502,TIMP3
D1_center_primary_PHpass,EPITHELIAL_MESENCHYMAL_TRANSITION,1.35451343298412,0.0468805454562502,ENO2
D1_center_primary_PHpass,ESTROGEN_RESPONSE_EARLY,1.44270324259335,0.0481162722810454,BLVRB
D1_center_primary_PHpass,ESTROGEN_RESPONSE_EARLY,1.44270324259335,0.0481162722810454,INHBB
D1_center_primary_PHpass,ESTROGEN_RESPONSE_EARLY,1.44270324259335,0.0481162722810454,TGM2
D1_center_primary_PHpass,ESTROGEN_RESPONSE_EARLY,1.44270324259335,0.0481162722810454,CCN5
D1_center_primary_PHpass,ESTROGEN_RESPONSE_EARLY,1.44270324259335,0.0481162722810454,ABAT
D1_center_primary_PHpass,ESTROGEN_RESPONSE_EARLY,1.44270324259335,0.0481162722810454,THSD4
D1_center_primary_PHpass,ESTROGEN_RESPONSE_EARLY,1.44270324259335,0.0481162722810454,SLC7A5
D1_center_primary_PHpass,ESTROGEN_RESPONSE_EARLY,1.44270324259335,0.0481162722810454,PRSS23
D1_center_primary_PHpass,ESTROGEN_RESPONSE_EARLY,1.44270324259335,0.0481162722810454,FLNB
D1_center_primary_PHpass,ESTROGEN_RESPONSE_EARLY,1.44270324259335,0.0481162722810454,DHCR7
D1_center_primary_PHpass,ESTROGEN_RESPONSE_EARLY,1.44270324259335,0.0481162722810454,FASN
D1_center_primary_PHpass,ESTROGEN_RESPONSE_EARLY,1.44270324259335,0.0481162722810454,B4GALT1
D1_center_primary_PHpass,ESTROGEN_RESPONSE_EARLY,1.44270324259335,0.0481162722810454,FKBP5
D1_center_primary_PHpass,ESTROGEN_RESPONSE_EARLY,1.44270324259335,0.0481162722810454,NHERF1
D1_center_primary_PHpass,ESTROGEN_RESPONSE_EARLY,1.44270324259335,0.0481162722810454,TFF1
D1_center_primary_PHpass,ESTROGEN_RESPONSE_LATE,1.3967881939095,0.0537920644879794,UGDH
D1_center_primary_PHpass,ESTROGEN_RESPONSE_LATE,1.3967881939095,0.0537920644879794,BLVRB
D1_center_primary_PHpass,ESTROGEN_RESPONSE_LATE,1.3967881939095,0.0537920644879794,TST
D1_center_primary_PHpass,ESTROGEN_RESPONSE_LATE,1.3967881939095,0.0537920644879794,HMGCS2
D1_center_primary_PHpass,ESTROGEN_RESPONSE_LATE,1.3967881939095,0.0537920644879794,SORD
D1_center_primary_PHpass,ESTROGEN_RESPONSE_LATE,1.3967881939095,0.0537920644879794,ETFB
D1_center_primary_PHpass,ESTROGEN_RESPONSE_LATE,1.3967881939095,0.0537920644879794,CCN5
D1_center_primary_PHpass,ESTROGEN_RESPONSE_LATE,1.3967881939095,0.0537920644879794,ASS1
D1_center_primary_PHpass,ESTROGEN_RESPONSE_LATE,1.3967881939095,0.0537920644879794,SLC7A5
D1_center_primary_PHpass,ESTROGEN_RESPONSE_LATE,1.3967881939095,0.0537920644879794,PRSS23
D1_center_primary_PHpass,ESTROGEN_RESPONSE_LATE,1.3967881939095,0.0537920644879794,FLNB
D1_center_primary_PHpass,ESTROGEN_RESPONSE_LATE,1.3967881939095,0.0537920644879794,DHCR7
D1_center_primary_PHpass,ESTROGEN_RESPONSE_LATE,1.3967881939095,0.0537920644879794,FKBP5
D1_center_primary_PHpass,ESTROGEN_RESPONSE_LATE,1.3967881939095,0.0537920644879794,DCXR
D1_center_primary_PHpass,ESTROGEN_RESPONSE_LATE,1.3967881939095,0.0537920644879794,NHERF1
D1_center_primary_PHpass,ESTROGEN_RESPONSE_LATE,1.3967881939095,0.0537920644879794,TFF1
D1_center_primary_PHpass,ESTROGEN_RESPONSE_LATE,1.3967881939095,0.0537920644879794,HPRT1
D1_center_primary_PHpass,FATTY_ACID_METABOLISM,1.39887307904612,0.0320524599724991,CBR1
D1_center_primary_PHpass,FATTY_ACID_METABOLISM,1.39887307904612,0.0320524599724991,CBR3
D1_center_primary_PHpass,FATTY_ACID_METABOLISM,1.39887307904612,0.0320524599724991,MIF
D1_center_primary_PHpass,FATTY_ACID_METABOLISM,1.39887307904612,0.0320524599724991,UGDH
D1_center_primary_PHpass,FATTY_ACID_METABOLISM,1.39887307904612,0.0320524599724991,ALDH9A1
D1_center_primary_PHpass,FATTY_ACID_METABOLISM,1.39887307904612,0.0320524599724991,GRHPR
D1_center_primary_PHpass,FATTY_ACID_METABOLISM,1.39887307904612,0.0320524599724991,ADSL
D1_center_primary_PHpass,FATTY_ACID_METABOLISM,1.39887307904612,0.0320524599724991,HMGCS2
D1_center_primary_PHpass,FATTY_ACID_METABOLISM,1.39887307904612,0.0320524599724991,LDHA
D1_center_primary_PHpass,FATTY_ACID_METABOLISM,1.39887307904612,0.0320524599724991,CRYZ
D1_center_primary_PHpass,FATTY_ACID_METABOLISM,1.39887307904612,0.0320524599724991,PRDX6
D1_center_primary_PHpass,FATTY_ACID_METABOLISM,1.39887307904612,0.0320524599724991,ADH1C
D1_center_primary_PHpass,FATTY_ACID_METABOLISM,1.39887307904612,0.0320524599724991,PSME1
D1_center_primary_PHpass,FATTY_ACID_METABOLISM,1.39887307904612,0.0320524599724991,ENO3
D1_center_primary_PHpass,FATTY_ACID_METABOLISM,1.39887307904612,0.0320524599724991,ACAT2
D1_center_primary_PHpass,FATTY_ACID_METABOLISM,1.39887307904612,0.0320524599724991,SUCLG1
D1_center_primary_PHpass,FATTY_ACID_METABOLISM,1.39887307904612,0.0320524599724991,ACADS
D1_center_primary_PHpass,FATTY_ACID_METABOLISM,1.39887307904612,0.0320524599724991,SUCLG2
D1_center_primary_PHpass,FATTY_ACID_METABOLISM,1.39887307904612,0.0320524599724991,ACAA2
D1_center_primary_PHpass,FATTY_ACID_METABOLISM,1.39887307904612,0.0320524599724991,ECI2
D1_center_primary_PHpass,FATTY_ACID_METABOLISM,1.39887307904612,0.0320524599724991,IDH1
D1_center_primary_PHpass,FATTY_ACID_METABOLISM,1.39887307904612,0.0320524599724991,HMGCL
D1_center_primary_PHpass,FATTY_ACID_METABOLISM,1.39887307904612,0.0320524599724991,EHHADH
D1_center_primary_PHpass,FATTY_ACID_METABOLISM,1.39887307904612,0.0320524599724991,REEP6
D1_center_primary_PHpass,FATTY_ACID_METABOLISM,1.39887307904612,0.0320524599724991,FASN
D1_center_primary_PHpass,FATTY_ACID_METABOLISM,1.39887307904612,0.0320524599724991,ALDH1A1
D1_center_primary_PHpass,FATTY_ACID_METABOLISM,1.39887307904612,0.0320524599724991,HSD17B4
D1_center_primary_PHpass,FATTY_ACID_METABOLISM,1.39887307904612,0.0320524599724991,METAP1
D1_center_primary_PHpass,FATTY_ACID_METABOLISM,1.39887307904612,0.0320524599724991,ACSL1
D1_center_primary_PHpass,FATTY_ACID_METABOLISM,1.39887307904612,0.0320524599724991,ALDOA
D1_center_primary_PHpass,FATTY_ACID_METABOLISM,1.39887307904612,0.0320524599724991,BLVRA
D1_center_primary_PHpass,FATTY_ACID_METABOLISM,1.39887307904612,0.0320524599724991,MDH1
D1_center_primary_PHpass,FATTY_ACID_METABOLISM,1.39887307904612,0.0320524599724991,HSP90AA1
D1_center_primary_PHpass,FATTY_ACID_METABOLISM,1.39887307904612,0.0320524599724991,ACAA1
D1_center_primary_PHpass,FATTY_ACID_METABOLISM,1.39887307904612,0.0320524599724991,HSPH1
D1_center_primary_PHpass,FATTY_ACID_METABOLISM,1.39887307904612,0.0320524599724991,CPOX
D1_center_primary_PHpass,FATTY_ACID_METABOLISM,1.39887307904612,0.0320524599724991,YWHAH
D1_center_primary_PHpass,G2M_CHECKPOINT,1.39154793794457,0.0537920644879794,MT2A
D1_center_primary_PHpass,G2M_CHECKPOINT,1.39154793794457,0.0537920644879794,CUL1
D1_center_primary_PHpass,G2M_CHECKPOINT,1.39154793794457,0.0537920644879794,SRSF1
D1_center_primary_PHpass,G2M_CHECKPOINT,1.39154793794457,0.0537920644879794,G3BP1
D1_center_primary_PHpass,G2M_CHECKPOINT,1.39154793794457,0.0537920644879794,PRMT5
D1_center_primary_PHpass,G2M_CHECKPOINT,1.39154793794457,0.0537920644879794,ILF3
D1_center_primary_PHpass,G2M_CHECKPOINT,1.39154793794457,0.0537920644879794,SYNCRIP
D1_center_primary_PHpass,G2M_CHECKPOINT,1.39154793794457,0.0537920644879794,CUL4A
D1_center_primary_PHpass,G2M_CHECKPOINT,1.39154793794457,0.0537920644879794,BUB3
D1_center_primary_PHpass,G2M_CHECKPOINT,1.39154793794457,0.0537920644879794,SRSF2
D1_center_primary_PHpass,G2M_CHECKPOINT,1.39154793794457,0.0537920644879794,PAFAH1B1
D1_center_primary_PHpass,G2M_CHECKPOINT,1.39154793794457,0.0537920644879794,SLC7A5
D1_center_primary_PHpass,G2M_CHECKPOINT,1.39154793794457,0.0537920644879794,UPF1
D1_center_primary_PHpass,G2M_CHECKPOINT,1.39154793794457,0.0537920644879794,HSPA8
D1_center_primary_PHpass,G2M_CHECKPOINT,1.39154793794457,0.0537920644879794,XPO1
D1_center_primary_PHpass,G2M_CHECKPOINT,1.39154793794457,0.0537920644879794,CUL3
D1_center_primary_PHpass,G2M_CHECKPOINT,1.39154793794457,0.0537920644879794,MAPK14
D1_center_primary_PHpass,G2M_CHECKPOINT,1.39154793794457,0.0537920644879794,GSPT1
D1_center_primary_PHpass,G2M_CHECKPOINT,1.39154793794457,0.0537920644879794,PRP4K
D1_center_primary_PHpass,G2M_CHECKPOINT,1.39154793794457,0.0537920644879794,KPNB1
D1_center_primary_PHpass,G2M_CHECKPOINT,1.39154793794457,0.0537920644879794,RAD23B
D1_center_primary_PHpass,G2M_CHECKPOINT,1.39154793794457,0.0537920644879794,CUL5
D1_center_primary_PHpass,G2M_CHECKPOINT,1.39154793794457,0.0537920644879794,TOP1
D1_center_primary_PHpass,G2M_CHECKPOINT,1.39154793794457,0.0537920644879794,SLC7A1
D1_center_primary_PHpass,G2M_CHECKPOINT,1.39154793794457,0.0537920644879794,HMGN2
D1_center_primary_PHpass,G2M_CHECKPOINT,1.39154793794457,0.0537920644879794,DTYMK
D1_center_primary_PHpass,G2M_CHECKPOINT,1.39154793794457,0.0537920644879794,NASP
D1_center_primary_PHpass,GLYCOLYSIS,1.56590252599516,0.000512077643475296,PMM2
D1_center_primary_PHpass,GLYCOLYSIS,1.56590252599516,0.000512077643475296,MIF
D1_center_primary_PHpass,GLYCOLYSIS,1.56590252599516,0.000512077643475296,AKR1A1
D1_center_primary_PHpass,GLYCOLYSIS,1.56590252599516,0.000512077643475296,ENO1
D1_center_primary_PHpass,GLYCOLYSIS,1.56590252599516,0.000512077643475296,ALDH9A1
D1_center_primary_PHpass,GLYCOLYSIS,1.56590252599516,0.000512077643475296,AGL
D1_center_primary_PHpass,GLYCOLYSIS,1.56590252599516,0.000512077643475296,PGK1
D1_center_primary_PHpass,GLYCOLYSIS,1.56590252599516,0.000512077643475296,FUT8
D1_center_primary_PHpass,GLYCOLYSIS,1.56590252599516,0.000512077643475296,LDHA
D1_center_primary_PHpass,GLYCOLYSIS,1.56590252599516,0.000512077643475296,AGRN
D1_center_primary_PHpass,GLYCOLYSIS,1.56590252599516,0.000512077643475296,GMPPA
D1_center_primary_PHpass,GLYCOLYSIS,1.56590252599516,0.000512077643475296,ANGPTL4
D1_center_primary_PHpass,GLYCOLYSIS,1.56590252599516,0.000512077643475296,GCLC
D1_center_primary_PHpass,GLYCOLYSIS,1.56590252599516,0.000512077643475296,GMPPB
D1_center_primary_PHpass,GLYCOLYSIS,1.56590252599516,0.000512077643475296,PRPS1
D1_center_primary_PHpass,GLYCOLYSIS,1.56590252599516,0.000512077643475296,PKM
D1_center_primary_PHpass,GLYCOLYSIS,1.56590252599516,0.000512077643475296,GALK1
D1_center_primary_PHpass,GLYCOLYSIS,1.56590252599516,0.000512077643475296,TALDO1
D1_center_primary_PHpass,GLYCOLYSIS,1.56590252599516,0.000512077643475296,PGLS
D1_center_primary_PHpass,GLYCOLYSIS,1.56590252599516,0.000512077643475296,PGAM1
D1_center_primary_PHpass,GLYCOLYSIS,1.56590252599516,0.000512077643475296,IDH1
D1_center_primary_PHpass,GLYCOLYSIS,1.56590252599516,0.000512077643475296,B4GALT1
D1_center_primary_PHpass,GLYCOLYSIS,1.56590252599516,0.000512077643475296,PYGL
D1_center_primary_PHpass,GLYCOLYSIS,1.56590252599516,0.000512077643475296,PLOD1
D1_center_primary_PHpass,GLYCOLYSIS,1.56590252599516,0.000512077643475296,GNPDA1
D1_center_primary_PHpass,GLYCOLYSIS,1.56590252599516,0.000512077643475296,DCN
D1_center_primary_PHpass,GLYCOLYSIS,1.56590252599516,0.000512077643475296,RPE
D1_center_primary_PHpass,GLYCOLYSIS,1.56590252599516,0.000512077643475296,ALDOB
D1_center_primary_PHpass,GLYCOLYSIS,1.56590252599516,0.000512077643475296,PFKP
D1_center_primary_PHpass,GLYCOLYSIS,1.56590252599516,0.000512077643475296,PYGB
D1_center_primary_PHpass,GLYCOLYSIS,1.56590252599516,0.000512077643475296,UGP2
D1_center_primary_PHpass,GLYCOLYSIS,1.56590252599516,0.000512077643475296,ALDOA
D1_center_primary_PHpass,GLYCOLYSIS,1.56590252599516,0.000512077643475296,MDH1
D1_center_primary_PHpass,GLYCOLYSIS,1.56590252599516,0.000512077643475296,GFPT1
D1_center_primary_PHpass,GLYCOLYSIS,1.56590252599516,0.000512077643475296,IRS2
D1_center_primary_PHpass,GLYCOLYSIS,1.56590252599516,0.000512077643475296,PSMC4
D1_center_primary_PHpass,GLYCOLYSIS,1.56590252599516,0.000512077643475296,HDLBP
D1_center_primary_PHpass,GLYCOLYSIS,1.56590252599516,0.000512077643475296,RARS1
D1_center_primary_PHpass,GLYCOLYSIS,1.56590252599516,0.000512077643475296,GYS1
D1_center_primary_PHpass,GLYCOLYSIS,1.56590252599516,0.000512077643475296,HSPA5
D1_center_primary_PHpass,HEME_METABOLISM,1.24451871901324,0.101846065393461,HAGH
D1_center_primary_PHpass,HEME_METABOLISM,1.24451871901324,0.101846065393461,BLVRB
D1_center_primary_PHpass,HEME_METABOLISM,1.24451871901324,0.101846065393461,HTATIP2
D1_center_primary_PHpass,HEME_METABOLISM,1.24451871901324,0.101846065393461,FTCD
D1_center_primary_PHpass,HEME_METABOLISM,1.24451871901324,0.101846065393461,MYL4
D1_center_primary_PHpass,HEME_METABOLISM,1.24451871901324,0.101846065393461,CTSB
D1_center_primary_PHpass,HEME_METABOLISM,1.24451871901324,0.101846065393461,SELENBP1
D1_center_primary_PHpass,HEME_METABOLISM,1.24451871901324,0.101846065393461,GCLC
D1_center_primary_PHpass,HEME_METABOLISM,1.24451871901324,0.101846065393461,ALDH6A1
D1_center_primary_PHpass,HEME_METABOLISM,1.24451871901324,0.101846065393461,PGLS
D1_center_primary_PHpass,HEME_METABOLISM,1.24451871901324,0.101846065393461,FECH
D1_center_primary_PHpass,HEME_METABOLISM,1.24451871901324,0.101846065393461,CAST
D1_center_primary_PHpass,HEME_METABOLISM,1.24451871901324,0.101846065393461,BMP2K
D1_center_primary_PHpass,HEME_METABOLISM,1.24451871901324,0.101846065393461,MAP2K3
D1_center_primary_PHpass,HEME_METABOLISM,1.24451871901324,0.101846065393461,DCUN1D1
D1_center_primary_PHpass,HEME_METABOLISM,1.24451871901324,0.101846065393461,FBXO7
D1_center_primary_PHpass,HEME_METABOLISM,1.24451871901324,0.101846065393461,RNF123
D1_center_primary_PHpass,HEME_METABOLISM,1.24451871901324,0.101846065393461,RBM38
D1_center_primary_PHpass,HEME_METABOLISM,1.24451871901324,0.101846065393461,PICALM
D1_center_primary_PHpass,HEME_METABOLISM,1.24451871901324,0.101846065393461,SYNJ1
D1_center_primary_PHpass,HEME_METABOLISM,1.24451871901324,0.101846065393461,PSMD9
D1_center_primary_PHpass,HEME_METABOLISM,1.24451871901324,0.101846065393461,BLVRA
D1_center_primary_PHpass,HEME_METABOLISM,1.24451871901324,0.101846065393461,TOP1
D1_center_primary_PHpass,HEME_METABOLISM,1.24451871901324,0.101846065393461,CPOX
D1_center_primary_PHpass,HEME_METABOLISM,1.24451871901324,0.101846065393461,GCLM
D1_center_primary_PHpass,HEME_METABOLISM,1.24451871901324,0.101846065393461,HBZ
D1_center_primary_PHpass,HEME_METABOLISM,1.24451871901324,0.101846065393461,TNS1
D1_center_primary_PHpass,HEME_METABOLISM,1.24451871901324,0.101846065393461,H1-0
D1_center_primary_PHpass,HEME_METABOLISM,1.24451871901324,0.101846065393461,USP15
D1_center_primary_PHpass,HEME_METABOLISM,1.24451871901324,0.101846065393461,TRIM58
D1_center_primary_PHpass,HEME_METABOLISM,1.24451871901324,0.101846065393461,MARK3
D1_center_primary_PHpass,HEME_METABOLISM,1.24451871901324,0.101846065393461,BPGM
D1_center_primary_PHpass,HEME_METABOLISM,1.24451871901324,0.101846065393461,BSG
D1_center_primary_PHpass,HEME_METABOLISM,1.24451871901324,0.101846065393461,FN3K
D1_center_primary_PHpass,HEME_METABOLISM,1.24451871901324,0.101846065393461,DCAF11
D1_center_primary_PHpass,HEME_METABOLISM,1.24451871901324,0.101846065393461,GAPVD1
D1_center_primary_PHpass,HEME_METABOLISM,1.24451871901324,0.101846065393461,AHSP
D1_center_primary_PHpass,HYPOXIA,1.5405398552672,0.0013252465203562,MT2A
D1_center_primary_PHpass,HYPOXIA,1.5405398552672,0.0013252465203562,MIF
D1_center_primary_PHpass,HYPOXIA,1.5405398552672,0.0013252465203562,PKLR
D1_center_primary_PHpass,HYPOXIA,1.5405398552672,0.0013252465203562,ENO1
D1_center_primary_PHpass,HYPOXIA,1.5405398552672,0.0013252465203562,LOX
D1_center_primary_PHpass,HYPOXIA,1.5405398552672,0.0013252465203562,PGK1
D1_center_primary_PHpass,HYPOXIA,1.5405398552672,0.0013252465203562,GRHPR
D1_center_primary_PHpass,HYPOXIA,1.5405398552672,0.0013252465203562,TGM2
D1_center_primary_PHpass,HYPOXIA,1.5405398552672,0.0013252465203562,LDHA
D1_center_primary_PHpass,HYPOXIA,1.5405398552672,0.0013252465203562,CSRP2
D1_center_primary_PHpass,HYPOXIA,1.5405398552672,0.0013252465203562,HMOX1
D1_center_primary_PHpass,HYPOXIA,1.5405398552672,0.0013252465203562,PGM1
D1_center_primary_PHpass,HYPOXIA,1.5405398552672,0.0013252465203562,SELENBP1
D1_center_primary_PHpass,HYPOXIA,1.5405398552672,0.0013252465203562,XPNPEP1
D1_center_primary_PHpass,HYPOXIA,1.5405398552672,0.0013252465203562,ANGPTL4
D1_center_primary_PHpass,HYPOXIA,1.5405398552672,0.0013252465203562,CCN5
D1_center_primary_PHpass,HYPOXIA,1.5405398552672,0.0013252465203562,ENO3
D1_center_primary_PHpass,HYPOXIA,1.5405398552672,0.0013252465203562,NAGK
D1_center_primary_PHpass,HYPOXIA,1.5405398552672,0.0013252465203562,GAPDH
D1_center_primary_PHpass,HYPOXIA,1.5405398552672,0.0013252465203562,GALK1
D1_center_primary_PHpass,HYPOXIA,1.5405398552672,0.0013252465203562,ALDOC
D1_center_primary_PHpass,HYPOXIA,1.5405398552672,0.0013252465203562,PFKL
D1_center_primary_PHpass,HYPOXIA,1.5405398552672,0.0013252465203562,DCN
D1_center_primary_PHpass,HYPOXIA,1.5405398552672,0.0013252465203562,CP
D1_center_primary_PHpass,HYPOXIA,1.5405398552672,0.0013252465203562,CAVIN1
D1_center_primary_PHpass,HYPOXIA,1.5405398552672,0.0013252465203562,ALDOB
D1_center_primary_PHpass,HYPOXIA,1.5405398552672,0.0013252465203562,PFKP
D1_center_primary_PHpass,HYPOXIA,1.5405398552672,0.0013252465203562,UGP2
D1_center_primary_PHpass,HYPOXIA,1.5405398552672,0.0013252465203562,ALDOA
D1_center_primary_PHpass,HYPOXIA,1.5405398552672,0.0013252465203562,IRS2
D1_center_primary_PHpass,HYPOXIA,1.5405398552672,0.0013252465203562,PRDX5
D1_center_primary_PHpass,HYPOXIA,1.5405398552672,0.0013252465203562,HDLBP
D1_center_primary_PHpass,HYPOXIA,1.5405398552672,0.0013252465203562,BGN
D1_center_primary_PHpass,HYPOXIA,1.5405398552672,0.0013252465203562,GYS1
D1_center_primary_PHpass,HYPOXIA,1.5405398552672,0.0013252465203562,HSPA5
D1_center_primary_PHpass,HYPOXIA,1.5405398552672,0.0013252465203562,CCN1
D1_center_primary_PHpass,HYPOXIA,1.5405398552672,0.0013252465203562,LXN
D1_center_primary_PHpass,HYPOXIA,1.5405398552672,0.0013252465203562,EFNA1
D1_center_primary_PHpass,IL2_STAT5_SIGNALING,1.34998653793169,0.0628398698591679,AHNAK
D1_center_primary_PHpass,IL2_STAT5_SIGNALING,1.34998653793169,0.0628398698591679,AHCY
D1_center_primary_PHpass,IL2_STAT5_SIGNALING,1.34998653793169,0.0628398698591679,TGM2
D1_center_primary_PHpass,IL2_STAT5_SIGNALING,1.34998653793169,0.0628398698591679,COL6A1
D1_center_primary_PHpass,IL2_STAT5_SIGNALING,1.34998653793169,0.0628398698591679,RNH1
D1_center_primary_PHpass,IL2_STAT5_SIGNALING,1.34998653793169,0.0628398698591679,IGF2R
D1_center_primary_PHpass,IL2_STAT5_SIGNALING,1.34998653793169,0.0628398698591679,ECM1
D1_center_primary_PHpass,IL2_STAT5_SIGNALING,1.34998653793169,0.0628398698591679,UMPS
D1_center_primary_PHpass,IL2_STAT5_SIGNALING,1.34998653793169,0.0628398698591679,CTSZ
D1_center_primary_PHpass,IL2_STAT5_SIGNALING,1.34998653793169,0.0628398698591679,ITIH5
D1_center_primary_PHpass,IL2_STAT5_SIGNALING,1.34998653793169,0.0628398698591679,ENO3
D1_center_primary_PHpass,IL2_STAT5_SIGNALING,1.34998653793169,0.0628398698591679,NRP1
D1_center_primary_PHpass,IL2_STAT5_SIGNALING,1.34998653793169,0.0628398698591679,GSTO1
D1_center_primary_PHpass,IL2_STAT5_SIGNALING,1.34998653793169,0.0628398698591679,CYFIP1
D1_center_primary_PHpass,IL2_STAT5_SIGNALING,1.34998653793169,0.0628398698591679,TNFSF10
D1_center_primary_PHpass,IL2_STAT5_SIGNALING,1.34998653793169,0.0628398698591679,GPX4
D1_center_primary_PHpass,IL2_STAT5_SIGNALING,1.34998653793169,0.0628398698591679,MAPKAPK2
D1_center_primary_PHpass,IL2_STAT5_SIGNALING,1.34998653793169,0.0628398698591679,BCL2L1
D1_center_primary_PHpass,IL6_JAK_STAT3_SIGNALING,0.939578399374717,0.786354541816727,HMOX1
D1_center_primary_PHpass,IL6_JAK_STAT3_SIGNALING,0.939578399374717,0.786354541816727,A2M
D1_center_primary_PHpass,IL6_JAK_STAT3_SIGNALING,0.939578399374717,0.786354541816727,PTPN1
D1_center_primary_PHpass,IL6_JAK_STAT3_SIGNALING,0.939578399374717,0.786354541816727,GRB2
D1_center_primary_PHpass,IL6_JAK_STAT3_SIGNALING,0.939578399374717,0.786354541816727,CD38
D1_center_primary_PHpass,IL6_JAK_STAT3_SIGNALING,0.939578399374717,0.786354541816727,CD14
D1_center_primary_PHpass,IL6_JAK_STAT3_SIGNALING,0.939578399374717,0.786354541816727,STAT1
D1_center_primary_PHpass,IL6_JAK_STAT3_SIGNALING,0.939578399374717,0.786354541816727,IL6ST
D1_center_primary_PHpass,IL6_JAK_STAT3_SIGNALING,0.939578399374717,0.786354541816727,STAM2
D1_center_primary_PHpass,IL6_JAK_STAT3_SIGNALING,0.939578399374717,0.786354541816727,STAT3
D1_center_primary_PHpass,IL6_JAK_STAT3_SIGNALING,0.939578399374717,0.786354541816727,PTPN11
D1_center_primary_PHpass,IL6_JAK_STAT3_SIGNALING,0.939578399374717,0.786354541816727,TYK2
D1_center_primary_PHpass,IL6_JAK_STAT3_SIGNALING,0.939578399374717,0.786354541816727,IL17RA
D1_center_primary_PHpass,INFLAMMATORY_RESPONSE,0.937380449340065,0.786354541816727,NAMPT
D1_center_primary_PHpass,INFLAMMATORY_RESPONSE,0.937380449340065,0.786354541816727,SRI
D1_center_primary_PHpass,INFLAMMATORY_RESPONSE,0.937380449340065,0.786354541816727,CCL24
D1_center_primary_PHpass,INFLAMMATORY_RESPONSE,0.937380449340065,0.786354541816727,TIMP1
D1_center_primary_PHpass,INFLAMMATORY_RESPONSE,0.937380449340065,0.786354541816727,PVR
D1_center_primary_PHpass,INFLAMMATORY_RESPONSE,0.937380449340065,0.786354541816727,TNFSF10
D1_center_primary_PHpass,INFLAMMATORY_RESPONSE,0.937380449340065,0.786354541816727,ABI1
D1_center_primary_PHpass,INFLAMMATORY_RESPONSE,0.937380449340065,0.786354541816727,MSR1
D1_center_primary_PHpass,INFLAMMATORY_RESPONSE,0.937380449340065,0.786354541816727,SCARF1
D1_center_primary_PHpass,INFLAMMATORY_RESPONSE,0.937380449340065,0.786354541816727,RELA
D1_center_primary_PHpass,INFLAMMATORY_RESPONSE,0.937380449340065,0.786354541816727,SLC7A1
D1_center_primary_PHpass,INFLAMMATORY_RESPONSE,0.937380449340065,0.786354541816727,NMI
D1_center_primary_PHpass,INFLAMMATORY_RESPONSE,0.937380449340065,0.786354541816727,BST2
D1_center_primary_PHpass,INFLAMMATORY_RESPONSE,0.937380449340065,0.786354541816727,NFKB1
D1_center_primary_PHpass,INFLAMMATORY_RESPONSE,0.937380449340065,0.786354541816727,CD14
D1_center_primary_PHpass,INFLAMMATORY_RESPONSE,0.937380449340065,0.786354541816727,SELENOS
D1_center_primary_PHpass,INFLAMMATORY_RESPONSE,0.937380449340065,0.786354541816727,MARCO
D1_center_primary_PHpass,INFLAMMATORY_RESPONSE,0.937380449340065,0.786354541816727,LCP2
D1_center_primary_PHpass,INFLAMMATORY_RESPONSE,0.937380449340065,0.786354541816727,CD40
D1_center_primary_PHpass,INFLAMMATORY_RESPONSE,0.937380449340065,0.786354541816727,LDLR
D1_center_primary_PHpass,INFLAMMATORY_RESPONSE,0.937380449340065,0.786354541816727,CD55
D1_center_primary_PHpass,INFLAMMATORY_RESPONSE,0.937380449340065,0.786354541816727,SELL
D1_center_primary_PHpass,INFLAMMATORY_RESPONSE,0.937380449340065,0.786354541816727,LYN
D1_center_primary_PHpass,INFLAMMATORY_RESPONSE,0.937380449340065,0.786354541816727,EIF2AK2
D1_center_primary_PHpass,INFLAMMATORY_RESPONSE,0.937380449340065,0.786354541816727,TAPBP
D1_center_primary_PHpass,INFLAMMATORY_RESPONSE,0.937380449340065,0.786354541816727,ATP2B1
D1_center_primary_PHpass,INFLAMMATORY_RESPONSE,0.937380449340065,0.786354541816727,CD69
D1_center_primary_PHpass,INFLAMMATORY_RESPONSE,0.937380449340065,0.786354541816727,ITGA5
D1_center_primary_PHpass,INFLAMMATORY_RESPONSE,0.937380449340065,0.786354541816727,KIF1B
D1_center_primary_PHpass,INTERFERON_ALPHA_RESPONSE,0.694745116520127,0.961518300905872,C1S
D1_center_primary_PHpass,INTERFERON_ALPHA_RESPONSE,0.694745116520127,0.961518300905872,PSME1
D1_center_primary_PHpass,INTERFERON_ALPHA_RESPONSE,0.694745116520127,0.961518300905872,PSME2
D1_center_primary_PHpass,INTERFERON_ALPHA_RESPONSE,0.694745116520127,0.961518300905872,LAP3
D1_center_primary_PHpass,INTERFERON_ALPHA_RESPONSE,0.694745116520127,0.961518300905872,GMPR
D1_center_primary_PHpass,INTERFERON_ALPHA_RESPONSE,0.694745116520127,0.961518300905872,LGALS3BP
D1_center_primary_PHpass,INTERFERON_ALPHA_RESPONSE,0.694745116520127,0.961518300905872,CNP
D1_center_primary_PHpass,INTERFERON_ALPHA_RESPONSE,0.694745116520127,0.961518300905872,NMI
D1_center_primary_PHpass,INTERFERON_ALPHA_RESPONSE,0.694745116520127,0.961518300905872,IFI35
D1_center_primary_PHpass,INTERFERON_ALPHA_RESPONSE,0.694745116520127,0.961518300905872,BST2
D1_center_primary_PHpass,INTERFERON_ALPHA_RESPONSE,0.694745116520127,0.961518300905872,TRIM25
D1_center_primary_PHpass,INTERFERON_ALPHA_RESPONSE,0.694745116520127,0.961518300905872,PARP9
D1_center_primary_PHpass,INTERFERON_ALPHA_RESPONSE,0.694745116520127,0.961518300905872,TRIM21
D1_center_primary_PHpass,INTERFERON_ALPHA_RESPONSE,0.694745116520127,0.961518300905872,CMPK2
D1_center_primary_PHpass,INTERFERON_ALPHA_RESPONSE,0.694745116520127,0.961518300905872,SELL
D1_center_primary_PHpass,INTERFERON_GAMMA_RESPONSE,0.969175866609113,0.786354541816727,MT2A
D1_center_primary_PHpass,INTERFERON_GAMMA_RESPONSE,0.969175866609113,0.786354541816727,C1S
D1_center_primary_PHpass,INTERFERON_GAMMA_RESPONSE,0.969175866609113,0.786354541816727,NAMPT
D1_center_primary_PHpass,INTERFERON_GAMMA_RESPONSE,0.969175866609113,0.786354541816727,PSME1
D1_center_primary_PHpass,INTERFERON_GAMMA_RESPONSE,0.969175866609113,0.786354541816727,SRI
D1_center_primary_PHpass,INTERFERON_GAMMA_RESPONSE,0.969175866609113,0.786354541816727,PSME2
D1_center_primary_PHpass,INTERFERON_GAMMA_RESPONSE,0.969175866609113,0.786354541816727,TNFSF10
D1_center_primary_PHpass,INTERFERON_GAMMA_RESPONSE,0.969175866609113,0.786354541816727,LAP3
D1_center_primary_PHpass,INTERFERON_GAMMA_RESPONSE,0.969175866609113,0.786354541816727,HLA-A
D1_center_primary_PHpass,INTERFERON_GAMMA_RESPONSE,0.969175866609113,0.786354541816727,PFKP
D1_center_primary_PHpass,INTERFERON_GAMMA_RESPONSE,0.969175866609113,0.786354541816727,PTPN1
D1_center_primary_PHpass,INTERFERON_GAMMA_RESPONSE,0.969175866609113,0.786354541816727,ISOC1
D1_center_primary_PHpass,INTERFERON_GAMMA_RESPONSE,0.969175866609113,0.786354541816727,C1R
D1_center_primary_PHpass,INTERFERON_GAMMA_RESPONSE,0.969175866609113,0.786354541816727,OAS3
D1_center_primary_PHpass,INTERFERON_GAMMA_RESPONSE,0.969175866609113,0.786354541816727,LGALS3BP
D1_center_primary_PHpass,INTERFERON_GAMMA_RESPONSE,0.969175866609113,0.786354541816727,SERPING1
D1_center_primary_PHpass,INTERFERON_GAMMA_RESPONSE,0.969175866609113,0.786354541816727,MVP
D1_center_primary_PHpass,INTERFERON_GAMMA_RESPONSE,0.969175866609113,0.786354541816727,NMI
D1_center_primary_PHpass,INTERFERON_GAMMA_RESPONSE,0.969175866609113,0.786354541816727,SELP
D1_center_primary_PHpass,INTERFERON_GAMMA_RESPONSE,0.969175866609113,0.786354541816727,IFI35
D1_center_primary_PHpass,INTERFERON_GAMMA_RESPONSE,0.969175866609113,0.786354541816727,BPGM
D1_center_primary_PHpass,INTERFERON_GAMMA_RESPONSE,0.969175866609113,0.786354541816727,BST2
D1_center_primary_PHpass,INTERFERON_GAMMA_RESPONSE,0.969175866609113,0.786354541816727,CFB
D1_center_primary_PHpass,INTERFERON_GAMMA_RESPONSE,0.969175866609113,0.786354541816727,CD38
D1_center_primary_PHpass,INTERFERON_GAMMA_RESPONSE,0.969175866609113,0.786354541816727,NFKB1
D1_center_primary_PHpass,INTERFERON_GAMMA_RESPONSE,0.969175866609113,0.786354541816727,CD274
D1_center_primary_PHpass,INTERFERON_GAMMA_RESPONSE,0.969175866609113,0.786354541816727,STAT1
D1_center_primary_PHpass,INTERFERON_GAMMA_RESPONSE,0.969175866609113,0.786354541816727,LCP2
D1_center_primary_PHpass,INTERFERON_GAMMA_RESPONSE,0.969175866609113,0.786354541816727,TRIM25
D1_center_primary_PHpass,INTERFERON_GAMMA_RESPONSE,0.969175866609113,0.786354541816727,VAMP5
D1_center_primary_PHpass,INTERFERON_GAMMA_RESPONSE,0.969175866609113,0.786354541816727,HLA-B
D1_center_primary_PHpass,INTERFERON_GAMMA_RESPONSE,0.969175866609113,0.786354541816727,CD40
D1_center_primary_PHpass,INTERFERON_GAMMA_RESPONSE,0.969175866609113,0.786354541816727,OAS2
D1_center_primary_PHpass,INTERFERON_GAMMA_RESPONSE,0.969175866609113,0.786354541816727,TRIM21
D1_center_primary_PHpass,INTERFERON_GAMMA_RESPONSE,0.969175866609113,0.786354541816727,STAT3
D1_center_primary_PHpass,INTERFERON_GAMMA_RESPONSE,0.969175866609113,0.786354541816727,CMPK2
D1_center_primary_PHpass,INTERFERON_GAMMA_RESPONSE,0.969175866609113,0.786354541816727,RIGI
D1_center_primary_PHpass,KRAS_SIGNALING_UP,0.805226675409363,0.888010855293664,LCP1
D1_center_primary_PHpass,KRAS_SIGNALING_UP,0.805226675409363,0.888010855293664,ANGPTL4
D1_center_primary_PHpass,KRAS_SIGNALING_UP,0.805226675409363,0.888010855293664,WDR33
D1_center_primary_PHpass,KRAS_SIGNALING_UP,0.805226675409363,0.888010855293664,NRP1
D1_center_primary_PHpass,KRAS_SIGNALING_UP,0.805226675409363,0.888010855293664,SPARCL1
D1_center_primary_PHpass,KRAS_SIGNALING_UP,0.805226675409363,0.888010855293664,SPON1
D1_center_primary_PHpass,KRAS_SIGNALING_UP,0.805226675409363,0.888010855293664,EPB41L3
D1_center_primary_PHpass,KRAS_SIGNALING_UP,0.805226675409363,0.888010855293664,PLAT
D1_center_primary_PHpass,KRAS_SIGNALING_UP,0.805226675409363,0.888010855293664,CD37
D1_center_primary_PHpass,KRAS_SIGNALING_UP,0.805226675409363,0.888010855293664,APOD
D1_center_primary_PHpass,KRAS_SIGNALING_UP,0.805226675409363,0.888010855293664,BPGM
D1_center_primary_PHpass,KRAS_SIGNALING_UP,0.805226675409363,0.888010855293664,CFB
D1_center_primary_PHpass,KRAS_SIGNALING_UP,0.805226675409363,0.888010855293664,PIGR
D1_center_primary_PHpass,KRAS_SIGNALING_UP,0.805226675409363,0.888010855293664,FCER1G
D1_center_primary_PHpass,KRAS_SIGNALING_UP,0.805226675409363,0.888010855293664,MMP9
D1_center_primary_PHpass,KRAS_SIGNALING_UP,0.805226675409363,0.888010855293664,ADAM17
D1_center_primary_PHpass,KRAS_SIGNALING_UP,0.805226675409363,0.888010855293664,RETN
D1_center_primary_PHpass,KRAS_SIGNALING_UP,0.805226675409363,0.888010855293664,PECAM1
D1_center_primary_PHpass,KRAS_SIGNALING_UP,0.805226675409363,0.888010855293664,F13A1
D1_center_primary_PHpass,MITOTIC_SPINDLE,0.912733936267762,0.867392563482139,WASL
D1_center_primary_PHpass,MITOTIC_SPINDLE,0.912733936267762,0.867392563482139,WASF2
D1_center_primary_PHpass,MITOTIC_SPINDLE,0.912733936267762,0.867392563482139,FSCN1
D1_center_primary_PHpass,MITOTIC_SPINDLE,0.912733936267762,0.867392563482139,MYH10
D1_center_primary_PHpass,MITOTIC_SPINDLE,0.912733936267762,0.867392563482139,SEPTIN9
D1_center_primary_PHpass,MITOTIC_SPINDLE,0.912733936267762,0.867392563482139,ARHGDIA
D1_center_primary_PHpass,MITOTIC_SPINDLE,0.912733936267762,0.867392563482139,CD2AP
D1_center_primary_PHpass,MITOTIC_SPINDLE,0.912733936267762,0.867392563482139,PAFAH1B1
D1_center_primary_PHpass,MITOTIC_SPINDLE,0.912733936267762,0.867392563482139,CDC42
D1_center_primary_PHpass,MITOTIC_SPINDLE,0.912733936267762,0.867392563482139,FLNB
D1_center_primary_PHpass,MITOTIC_SPINDLE,0.912733936267762,0.867392563482139,MAP1S
D1_center_primary_PHpass,MITOTIC_SPINDLE,0.912733936267762,0.867392563482139,PDLIM5
D1_center_primary_PHpass,MITOTIC_SPINDLE,0.912733936267762,0.867392563482139,ABI1
D1_center_primary_PHpass,MITOTIC_SPINDLE,0.912733936267762,0.867392563482139,ARL8A
D1_center_primary_PHpass,MITOTIC_SPINDLE,0.912733936267762,0.867392563482139,YWHAE
D1_center_primary_PHpass,MITOTIC_SPINDLE,0.912733936267762,0.867392563482139,ARF6
D1_center_primary_PHpass,MITOTIC_SPINDLE,0.912733936267762,0.867392563482139,CAPZB
D1_center_primary_PHpass,MITOTIC_SPINDLE,0.912733936267762,0.867392563482139,DYNC1H1
D1_center_primary_PHpass,MITOTIC_SPINDLE,0.912733936267762,0.867392563482139,EZR
D1_center_primary_PHpass,MITOTIC_SPINDLE,0.912733936267762,0.867392563482139,SOS1
D1_center_primary_PHpass,MITOTIC_SPINDLE,0.912733936267762,0.867392563482139,MYO1E
D1_center_primary_PHpass,MITOTIC_SPINDLE,0.912733936267762,0.867392563482139,MAPRE1
D1_center_primary_PHpass,MITOTIC_SPINDLE,0.912733936267762,0.867392563482139,SPTAN1
D1_center_primary_PHpass,MITOTIC_SPINDLE,0.912733936267762,0.867392563482139,EPB41L2
D1_center_primary_PHpass,MITOTIC_SPINDLE,0.912733936267762,0.867392563482139,STAU1
D1_center_primary_PHpass,MITOTIC_SPINDLE,0.912733936267762,0.867392563482139,CLIP1
D1_center_primary_PHpass,MITOTIC_SPINDLE,0.912733936267762,0.867392563482139,ARHGEF2
D1_center_primary_PHpass,MITOTIC_SPINDLE,0.912733936267762,0.867392563482139,SORBS2
D1_center_primary_PHpass,MITOTIC_SPINDLE,0.912733936267762,0.867392563482139,PREX1
D1_center_primary_PHpass,MITOTIC_SPINDLE,0.912733936267762,0.867392563482139,AKAP13
D1_center_primary_PHpass,MITOTIC_SPINDLE,0.912733936267762,0.867392563482139,ARHGEF7
D1_center_primary_PHpass,MITOTIC_SPINDLE,0.912733936267762,0.867392563482139,RHOT2
D1_center_primary_PHpass,MITOTIC_SPINDLE,0.912733936267762,0.867392563482139,SMC3
D1_center_primary_PHpass,MITOTIC_SPINDLE,0.912733936267762,0.867392563482139,NCK1
D1_center_primary_PHpass,MITOTIC_SPINDLE,0.912733936267762,0.867392563482139,DYNLL2
D1_center_primary_PHpass,MITOTIC_SPINDLE,0.912733936267762,0.867392563482139,CLASP1
D1_center_primary_PHpass,MITOTIC_SPINDLE,0.912733936267762,0.867392563482139,KATNB1
D1_center_primary_PHpass,MITOTIC_SPINDLE,0.912733936267762,0.867392563482139,HDAC6
D1_center_primary_PHpass,MITOTIC_SPINDLE,0.912733936267762,0.867392563482139,ARHGAP4
D1_center_primary_PHpass,MITOTIC_SPINDLE,0.912733936267762,0.867392563482139,KIF5B
D1_center_primary_PHpass,MITOTIC_SPINDLE,0.912733936267762,0.867392563482139,SPTBN1
D1_center_primary_PHpass,MITOTIC_SPINDLE,0.912733936267762,0.867392563482139,LMNB1
D1_center_primary_PHpass,MITOTIC_SPINDLE,0.912733936267762,0.867392563482139,SMC1A
D1_center_primary_PHpass,MITOTIC_SPINDLE,0.912733936267762,0.867392563482139,CKAP5
D1_center_primary_PHpass,MITOTIC_SPINDLE,0.912733936267762,0.867392563482139,ACTN4
D1_center_primary_PHpass,MITOTIC_SPINDLE,0.912733936267762,0.867392563482139,ROCK1
D1_center_primary_PHpass,MITOTIC_SPINDLE,0.912733936267762,0.867392563482139,CLIP2
D1_center_primary_PHpass,MITOTIC_SPINDLE,0.912733936267762,0.867392563482139,KLC1
D1_center_primary_PHpass,MITOTIC_SPINDLE,0.912733936267762,0.867392563482139,WASF1
D1_center_primary_PHpass,MITOTIC_SPINDLE,0.912733936267762,0.867392563482139,RHOF
D1_center_primary_PHpass,MITOTIC_SPINDLE,0.912733936267762,0.867392563482139,MYO9B
D1_center_primary_PHpass,MITOTIC_SPINDLE,0.912733936267762,0.867392563482139,HOOK3
D1_center_primary_PHpass,MITOTIC_SPINDLE,0.912733936267762,0.867392563482139,ALS2
D1_center_primary_PHpass,MITOTIC_SPINDLE,0.912733936267762,0.867392563482139,TUBA4A
D1_center_primary_PHpass,MTORC1_SIGNALING,1.29051538184366,0.0481162722810454,PHGDH
D1_center_primary_PHpass,MTORC1_SIGNALING,1.29051538184366,0.0481162722810454,ENO1
D1_center_primary_PHpass,MTORC1_SIGNALING,1.29051538184366,0.0481162722810454,PGK1
D1_center_primary_PHpass,MTORC1_SIGNALING,1.29051538184366,0.0481162722810454,YKT6
D1_center_primary_PHpass,MTORC1_SIGNALING,1.29051538184366,0.0481162722810454,PDAP1
D1_center_primary_PHpass,MTORC1_SIGNALING,1.29051538184366,0.0481162722810454,ETF1
D1_center_primary_PHpass,MTORC1_SIGNALING,1.29051538184366,0.0481162722810454,STIP1
D1_center_primary_PHpass,MTORC1_SIGNALING,1.29051538184366,0.0481162722810454,LDHA
D1_center_primary_PHpass,MTORC1_SIGNALING,1.29051538184366,0.0481162722810454,QDPR
D1_center_primary_PHpass,MTORC1_SIGNALING,1.29051538184366,0.0481162722810454,SORD
D1_center_primary_PHpass,MTORC1_SIGNALING,1.29051538184366,0.0481162722810454,NAMPT
D1_center_primary_PHpass,MTORC1_SIGNALING,1.29051538184366,0.0481162722810454,PGM1
D1_center_primary_PHpass,MTORC1_SIGNALING,1.29051538184366,0.0481162722810454,CCT6A
D1_center_primary_PHpass,MTORC1_SIGNALING,1.29051538184366,0.0481162722810454,USO1
D1_center_primary_PHpass,MTORC1_SIGNALING,1.29051538184366,0.0481162722810454,GCLC
D1_center_primary_PHpass,MTORC1_SIGNALING,1.29051538184366,0.0481162722810454,UBE2D3
D1_center_primary_PHpass,MTORC1_SIGNALING,1.29051538184366,0.0481162722810454,GAPDH
D1_center_primary_PHpass,MTORC1_SIGNALING,1.29051538184366,0.0481162722810454,ATP6V1D
D1_center_primary_PHpass,MTORC1_SIGNALING,1.29051538184366,0.0481162722810454,PPA1
D1_center_primary_PHpass,MTORC1_SIGNALING,1.29051538184366,0.0481162722810454,LTA4H
D1_center_primary_PHpass,MTORC1_SIGNALING,1.29051538184366,0.0481162722810454,SLC7A5
D1_center_primary_PHpass,MTORC1_SIGNALING,1.29051538184366,0.0481162722810454,NMT1
D1_center_primary_PHpass,MTORC1_SIGNALING,1.29051538184366,0.0481162722810454,IDH1
D1_center_primary_PHpass,MTORC1_SIGNALING,1.29051538184366,0.0481162722810454,DHCR7
D1_center_primary_PHpass,MTORC1_SIGNALING,1.29051538184366,0.0481162722810454,EPRS1
D1_center_primary_PHpass,MTORC1_SIGNALING,1.29051538184366,0.0481162722810454,COPS5
D1_center_primary_PHpass,MTORC1_SIGNALING,1.29051538184366,0.0481162722810454,MAP2K3
D1_center_primary_PHpass,MTORC1_SIGNALING,1.29051538184366,0.0481162722810454,NHERF1
D1_center_primary_PHpass,MTORC1_SIGNALING,1.29051538184366,0.0481162722810454,HSPA4
D1_center_primary_PHpass,MTORC1_SIGNALING,1.29051538184366,0.0481162722810454,PFKL
D1_center_primary_PHpass,MTORC1_SIGNALING,1.29051538184366,0.0481162722810454,HPRT1
D1_center_primary_PHpass,MTORC1_SIGNALING,1.29051538184366,0.0481162722810454,ARPC5L
D1_center_primary_PHpass,MTORC1_SIGNALING,1.29051538184366,0.0481162722810454,EIF2S2
D1_center_primary_PHpass,MTORC1_SIGNALING,1.29051538184366,0.0481162722810454,NIBAN1
D1_center_primary_PHpass,MTORC1_SIGNALING,1.29051538184366,0.0481162722810454,GSK3B
D1_center_primary_PHpass,MTORC1_SIGNALING,1.29051538184366,0.0481162722810454,TXNRD1
D1_center_primary_PHpass,MTORC1_SIGNALING,1.29051538184366,0.0481162722810454,PSMC2
D1_center_primary_PHpass,MTORC1_SIGNALING,1.29051538184366,0.0481162722810454,PSMC6
D1_center_primary_PHpass,MTORC1_SIGNALING,1.29051538184366,0.0481162722810454,RAB1A
D1_center_primary_PHpass,MTORC1_SIGNALING,1.29051538184366,0.0481162722810454,PITPNB
D1_center_primary_PHpass,MTORC1_SIGNALING,1.29051538184366,0.0481162722810454,CACYBP
D1_center_primary_PHpass,MTORC1_SIGNALING,1.29051538184366,0.0481162722810454,ALDOA
D1_center_primary_PHpass,MTORC1_SIGNALING,1.29051538184366,0.0481162722810454,PSMC4
D1_center_primary_PHpass,MTORC1_SIGNALING,1.29051538184366,0.0481162722810454,FDXR
D1_center_primary_PHpass,MTORC1_SIGNALING,1.29051538184366,0.0481162722810454,SLC1A5
D1_center_primary_PHpass,MTORC1_SIGNALING,1.29051538184366,0.0481162722810454,HSPA5
D1_center_primary_PHpass,MTORC1_SIGNALING,1.29051538184366,0.0481162722810454,HSP90B1
D1_center_primary_PHpass,MYC_TARGETS_V1,1.69653923838244,2.7379336268587e-07,CNBP
D1_center_primary_PHpass,MYC_TARGETS_V1,1.69653923838244,2.7379336268587e-07,RACK1
D1_center_primary_PHpass,MYC_TARGETS_V1,1.69653923838244,2.7379336268587e-07,SERBP1
D1_center_primary_PHpass,MYC_TARGETS_V1,1.69653923838244,2.7379336268587e-07,PGK1
D1_center_primary_PHpass,MYC_TARGETS_V1,1.69653923838244,2.7379336268587e-07,ETF1
D1_center_primary_PHpass,MYC_TARGETS_V1,1.69653923838244,2.7379336268587e-07,CUL1
D1_center_primary_PHpass,MYC_TARGETS_V1,1.69653923838244,2.7379336268587e-07,LDHA
D1_center_primary_PHpass,MYC_TARGETS_V1,1.69653923838244,2.7379336268587e-07,GLO1
D1_center_primary_PHpass,MYC_TARGETS_V1,1.69653923838244,2.7379336268587e-07,EIF3B
D1_center_primary_PHpass,MYC_TARGETS_V1,1.69653923838244,2.7379336268587e-07,SRSF1
D1_center_primary_PHpass,MYC_TARGETS_V1,1.69653923838244,2.7379336268587e-07,G3BP1
D1_center_primary_PHpass,MYC_TARGETS_V1,1.69653923838244,2.7379336268587e-07,RPLP0
D1_center_primary_PHpass,MYC_TARGETS_V1,1.69653923838244,2.7379336268587e-07,EIF4H
D1_center_primary_PHpass,MYC_TARGETS_V1,1.69653923838244,2.7379336268587e-07,EIF3D
D1_center_primary_PHpass,MYC_TARGETS_V1,1.69653923838244,2.7379336268587e-07,PABPC4
D1_center_primary_PHpass,MYC_TARGETS_V1,1.69653923838244,2.7379336268587e-07,HNRNPA2B1
D1_center_primary_PHpass,MYC_TARGETS_V1,1.69653923838244,2.7379336268587e-07,SYNCRIP
D1_center_primary_PHpass,MYC_TARGETS_V1,1.69653923838244,2.7379336268587e-07,ACP1
D1_center_primary_PHpass,MYC_TARGETS_V1,1.69653923838244,2.7379336268587e-07,PTGES3
D1_center_primary_PHpass,MYC_TARGETS_V1,1.69653923838244,2.7379336268587e-07,CCT3
D1_center_primary_PHpass,MYC_TARGETS_V1,1.69653923838244,2.7379336268587e-07,PABPC1
D1_center_primary_PHpass,MYC_TARGETS_V1,1.69653923838244,2.7379336268587e-07,CCT4
D1_center_primary_PHpass,MYC_TARGETS_V1,1.69653923838244,2.7379336268587e-07,BUB3
D1_center_primary_PHpass,MYC_TARGETS_V1,1.69653923838244,2.7379336268587e-07,EIF4A1
D1_center_primary_PHpass,MYC_TARGETS_V1,1.69653923838244,2.7379336268587e-07,ILF2
D1_center_primary_PHpass,MYC_TARGETS_V1,1.69653923838244,2.7379336268587e-07,HSP90AB1
D1_center_primary_PHpass,MYC_TARGETS_V1,1.69653923838244,2.7379336268587e-07,SRSF2
D1_center_primary_PHpass,MYC_TARGETS_V1,1.69653923838244,2.7379336268587e-07,CCT7
D1_center_primary_PHpass,MYC_TARGETS_V1,1.69653923838244,2.7379336268587e-07,PRPS2
D1_center_primary_PHpass,MYC_TARGETS_V1,1.69653923838244,2.7379336268587e-07,LSM7
D1_center_primary_PHpass,MYC_TARGETS_V1,1.69653923838244,2.7379336268587e-07,NME1
D1_center_primary_PHpass,MYC_TARGETS_V1,1.69653923838244,2.7379336268587e-07,LSM2
D1_center_primary_PHpass,MYC_TARGETS_V1,1.69653923838244,2.7379336268587e-07,SF3A1
D1_center_primary_PHpass,MYC_TARGETS_V1,1.69653923838244,2.7379336268587e-07,PRDX4
D1_center_primary_PHpass,MYC_TARGETS_V1,1.69653923838244,2.7379336268587e-07,CCT2
D1_center_primary_PHpass,MYC_TARGETS_V1,1.69653923838244,2.7379336268587e-07,EPRS1
D1_center_primary_PHpass,MYC_TARGETS_V1,1.69653923838244,2.7379336268587e-07,EIF1AX
D1_center_primary_PHpass,MYC_TARGETS_V1,1.69653923838244,2.7379336268587e-07,CTPS1
D1_center_primary_PHpass,MYC_TARGETS_V1,1.69653923838244,2.7379336268587e-07,TOMM70
D1_center_primary_PHpass,MYC_TARGETS_V1,1.69653923838244,2.7379336268587e-07,TCP1
D1_center_primary_PHpass,MYC_TARGETS_V1,1.69653923838244,2.7379336268587e-07,COPS5
D1_center_primary_PHpass,MYC_TARGETS_V1,1.69653923838244,2.7379336268587e-07,RPS6
D1_center_primary_PHpass,MYC_TARGETS_V1,1.69653923838244,2.7379336268587e-07,RPS3
D1_center_primary_PHpass,MYC_TARGETS_V1,1.69653923838244,2.7379336268587e-07,XPO1
D1_center_primary_PHpass,MYC_TARGETS_V1,1.69653923838244,2.7379336268587e-07,EEF1B2
D1_center_primary_PHpass,MYC_TARGETS_V1,1.69653923838244,2.7379336268587e-07,YWHAE
D1_center_primary_PHpass,MYC_TARGETS_V1,1.69653923838244,2.7379336268587e-07,CCT5
D1_center_primary_PHpass,MYC_TARGETS_V1,1.69653923838244,2.7379336268587e-07,PSMD8
D1_center_primary_PHpass,MYC_TARGETS_V1,1.69653923838244,2.7379336268587e-07,GSPT1
D1_center_primary_PHpass,MYC_TARGETS_V1,1.69653923838244,2.7379336268587e-07,RAN
D1_center_primary_PHpass,MYC_TARGETS_V1,1.69653923838244,2.7379336268587e-07,HPRT1
D1_center_primary_PHpass,MYC_TARGETS_V1,1.69653923838244,2.7379336268587e-07,PSMA1
D1_center_primary_PHpass,MYC_TARGETS_V1,1.69653923838244,2.7379336268587e-07,EIF4E
D1_center_primary_PHpass,MYC_TARGETS_V1,1.69653923838244,2.7379336268587e-07,EIF2S1
D1_center_primary_PHpass,MYC_TARGETS_V1,1.69653923838244,2.7379336268587e-07,KARS1
D1_center_primary_PHpass,MYC_TARGETS_V1,1.69653923838244,2.7379336268587e-07,RPL22
D1_center_primary_PHpass,MYC_TARGETS_V1,1.69653923838244,2.7379336268587e-07,EIF2S2
D1_center_primary_PHpass,MYC_TARGETS_V1,1.69653923838244,2.7379336268587e-07,KPNB1
D1_center_primary_PHpass,MYC_TARGETS_V1,1.69653923838244,2.7379336268587e-07,RPS5
D1_center_primary_PHpass,MYC_TARGETS_V1,1.69653923838244,2.7379336268587e-07,PSMC6
D1_center_primary_PHpass,MYC_TARGETS_V1,1.69653923838244,2.7379336268587e-07,RAD23B
D1_center_primary_PHpass,MYC_TARGETS_V1,1.69653923838244,2.7379336268587e-07,PSMA6
D1_center_primary_PHpass,MYC_TARGETS_V1,1.69653923838244,2.7379336268587e-07,PSMA7
D1_center_primary_PHpass,MYC_TARGETS_V1,1.69653923838244,2.7379336268587e-07,PA2G4
D1_center_primary_PHpass,MYC_TARGETS_V1,1.69653923838244,2.7379336268587e-07,PCBP1
D1_center_primary_PHpass,MYC_TARGETS_V1,1.69653923838244,2.7379336268587e-07,PSMC4
D1_center_primary_PHpass,MYC_TARGETS_V1,1.69653923838244,2.7379336268587e-07,IARS1
D1_center_primary_PHpass,MYC_TARGETS_V1,1.69653923838244,2.7379336268587e-07,PSMD3
D1_center_primary_PHpass,MYC_TARGETS_V1,1.69653923838244,2.7379336268587e-07,ABCE1
D1_center_primary_PHpass,MYC_TARGETS_V1,1.69653923838244,2.7379336268587e-07,YWHAQ
D1_center_primary_PHpass,MYC_TARGETS_V1,1.69653923838244,2.7379336268587e-07,AIMP2
D1_center_primary_PHpass,MYC_TARGETS_V1,1.69653923838244,2.7379336268587e-07,IMPDH2
D1_center_primary_PHpass,MYC_TARGETS_V1,1.69653923838244,2.7379336268587e-07,RUVBL2
D1_center_primary_PHpass,MYOGENESIS,1.19434664330403,0.230134085087506,AEBP1
D1_center_primary_PHpass,MYOGENESIS,1.19434664330403,0.230134085087506,COL1A1
D1_center_primary_PHpass,MYOGENESIS,1.19434664330403,0.230134085087506,AGL
D1_center_primary_PHpass,MYOGENESIS,1.19434664330403,0.230134085087506,COL6A2
D1_center_primary_PHpass,MYOGENESIS,1.19434664330403,0.230134085087506,SOD3
D1_center_primary_PHpass,MYOGENESIS,1.19434664330403,0.230134085087506,COL6A3
D1_center_primary_PHpass,MYOGENESIS,1.19434664330403,0.230134085087506,MAPRE3
D1_center_primary_PHpass,MYOGENESIS,1.19434664330403,0.230134085087506,AGRN
D1_center_primary_PHpass,MYOGENESIS,1.19434664330403,0.230134085087506,MYL4
D1_center_primary_PHpass,MYOGENESIS,1.19434664330403,0.230134085087506,AK1
D1_center_primary_PHpass,MYOGENESIS,1.19434664330403,0.230134085087506,COL3A1
D1_center_primary_PHpass,MYOGENESIS,1.19434664330403,0.230134085087506,GABARAPL2
D1_center_primary_PHpass,MYOGENESIS,1.19434664330403,0.230134085087506,MYL6B
D1_center_primary_PHpass,MYOGENESIS,1.19434664330403,0.230134085087506,MYL1
D1_center_primary_PHpass,MYOGENESIS,1.19434664330403,0.230134085087506,ENO3
D1_center_primary_PHpass,OXIDATIVE_PHOSPHORYLATION,0.549670623900582,0.999500049995001,LDHA
D1_center_primary_PHpass,OXIDATIVE_PHOSPHORYLATION,0.549670623900582,0.999500049995001,ETFB
D1_center_primary_PHpass,OXIDATIVE_PHOSPHORYLATION,0.549670623900582,0.999500049995001,ATP6V1D
D1_center_primary_PHpass,OXIDATIVE_PHOSPHORYLATION,0.549670623900582,0.999500049995001,SUCLG1
D1_center_primary_PHpass,OXIDATIVE_PHOSPHORYLATION,0.549670623900582,0.999500049995001,ALDH6A1
D1_center_primary_PHpass,OXIDATIVE_PHOSPHORYLATION,0.549670623900582,0.999500049995001,ACAA2
D1_center_primary_PHpass,OXIDATIVE_PHOSPHORYLATION,0.549670623900582,0.999500049995001,ACAT1
D1_center_primary_PHpass,OXIDATIVE_PHOSPHORYLATION,0.549670623900582,0.999500049995001,BAX
D1_center_primary_PHpass,OXIDATIVE_PHOSPHORYLATION,0.549670623900582,0.999500049995001,IDH1
D1_center_primary_PHpass,OXIDATIVE_PHOSPHORYLATION,0.549670623900582,0.999500049995001,TOMM70
D1_center_primary_PHpass,OXIDATIVE_PHOSPHORYLATION,0.549670623900582,0.999500049995001,GPX4
D1_center_primary_PHpass,OXIDATIVE_PHOSPHORYLATION,0.549670623900582,0.999500049995001,ATP6V1E1
D1_center_primary_PHpass,OXIDATIVE_PHOSPHORYLATION,0.549670623900582,0.999500049995001,ATP6V1F
D1_center_primary_PHpass,OXIDATIVE_PHOSPHORYLATION,0.549670623900582,0.999500049995001,ATP6V1H
D1_center_primary_PHpass,OXIDATIVE_PHOSPHORYLATION,0.549670623900582,0.999500049995001,ATP6V1G1
D1_center_primary_PHpass,OXIDATIVE_PHOSPHORYLATION,0.549670623900582,0.999500049995001,MDH1
D1_center_primary_PHpass,OXIDATIVE_PHOSPHORYLATION,0.549670623900582,0.999500049995001,ACAA1
D1_center_primary_PHpass,OXIDATIVE_PHOSPHORYLATION,0.549670623900582,0.999500049995001,LDHB
D1_center_primary_PHpass,P53_PATHWAY,1.1647103184521,0.333223166372405,HINT1
D1_center_primary_PHpass,P53_PATHWAY,1.1647103184521,0.333223166372405,RACK1
D1_center_primary_PHpass,P53_PATHWAY,1.1647103184521,0.333223166372405,INHBB
D1_center_primary_PHpass,P53_PATHWAY,1.1647103184521,0.333223166372405,GM2A
D1_center_primary_PHpass,P53_PATHWAY,1.1647103184521,0.333223166372405,AK1
D1_center_primary_PHpass,P53_PATHWAY,1.1647103184521,0.333223166372405,CDKN2AIP
D1_center_primary_PHpass,P53_PATHWAY,1.1647103184521,0.333223166372405,HMOX1
D1_center_primary_PHpass,P53_PATHWAY,1.1647103184521,0.333223166372405,EPS8L2
D1_center_primary_PHpass,P53_PATHWAY,1.1647103184521,0.333223166372405,ABAT
D1_center_primary_PHpass,P53_PATHWAY,1.1647103184521,0.333223166372405,BAX
D1_center_primary_PHpass,P53_PATHWAY,1.1647103184521,0.333223166372405,RPS12
D1_center_primary_PHpass,P53_PATHWAY,1.1647103184521,0.333223166372405,DCXR
D1_center_primary_PHpass,P53_PATHWAY,1.1647103184521,0.333223166372405,TCN2
D1_center_primary_PHpass,P53_PATHWAY,1.1647103184521,0.333223166372405,MAPKAPK3
D1_center_primary_PHpass,P53_PATHWAY,1.1647103184521,0.333223166372405,TNNI1
D1_center_primary_PHpass,P53_PATHWAY,1.1647103184521,0.333223166372405,LDHB
D1_center_primary_PHpass,P53_PATHWAY,1.1647103184521,0.333223166372405,FDXR
D1_center_primary_PHpass,PEROXISOME,1.37057904263586,0.0537920644879794,CNBP
D1_center_primary_PHpass,PEROXISOME,1.37057904263586,0.0537920644879794,ALDH9A1
D1_center_primary_PHpass,PEROXISOME,1.37057904263586,0.0537920644879794,EPHX2
D1_center_primary_PHpass,PEROXISOME,1.37057904263586,0.0537920644879794,CTBP1
D1_center_primary_PHpass,PEROXISOME,1.37057904263586,0.0537920644879794,PABPC1
D1_center_primary_PHpass,PEROXISOME,1.37057904263586,0.0537920644879794,IDE
D1_center_primary_PHpass,PEROXISOME,1.37057904263586,0.0537920644879794,ECI2
D1_center_primary_PHpass,PEROXISOME,1.37057904263586,0.0537920644879794,IDH1
D1_center_primary_PHpass,PEROXISOME,1.37057904263586,0.0537920644879794,HMGCL
D1_center_primary_PHpass,PEROXISOME,1.37057904263586,0.0537920644879794,EHHADH
D1_center_primary_PHpass,PEROXISOME,1.37057904263586,0.0537920644879794,SERPINA6
D1_center_primary_PHpass,PEROXISOME,1.37057904263586,0.0537920644879794,VPS4B
D1_center_primary_PHpass,PEROXISOME,1.37057904263586,0.0537920644879794,CTPS1
D1_center_primary_PHpass,PEROXISOME,1.37057904263586,0.0537920644879794,ALDH1A1
D1_center_primary_PHpass,PEROXISOME,1.37057904263586,0.0537920644879794,HSD17B4
D1_center_primary_PHpass,PEROXISOME,1.37057904263586,0.0537920644879794,FDPS
D1_center_primary_PHpass,PEROXISOME,1.37057904263586,0.0537920644879794,FIS1
D1_center_primary_PHpass,PEROXISOME,1.37057904263586,0.0537920644879794,ACSL1
D1_center_primary_PHpass,PEROXISOME,1.37057904263586,0.0537920644879794,ISOC1
D1_center_primary_PHpass,PEROXISOME,1.37057904263586,0.0537920644879794,PRDX5
D1_center_primary_PHpass,PEROXISOME,1.37057904263586,0.0537920644879794,ACAA1
D1_center_primary_PHpass,PEROXISOME,1.37057904263586,0.0537920644879794,YWHAH
D1_center_primary_PHpass,PEROXISOME,1.37057904263586,0.0537920644879794,SCP2
D1_center_primary_PHpass,PEROXISOME,1.37057904263586,0.0537920644879794,MVP
D1_center_primary_PHpass,PI3K_AKT_MTOR_SIGNALING,1.19782447694577,0.230134085087506,PIN1
D1_center_primary_PHpass,PI3K_AKT_MTOR_SIGNALING,1.19782447694577,0.230134085087506,ARHGDIA
D1_center_primary_PHpass,PI3K_AKT_MTOR_SIGNALING,1.19782447694577,0.230134085087506,TRAF2
D1_center_primary_PHpass,PI3K_AKT_MTOR_SIGNALING,1.19782447694577,0.230134085087506,UBE2N
D1_center_primary_PHpass,PI3K_AKT_MTOR_SIGNALING,1.19782447694577,0.230134085087506,UBE2D3
D1_center_primary_PHpass,PI3K_AKT_MTOR_SIGNALING,1.19782447694577,0.230134085087506,CFL1
D1_center_primary_PHpass,PI3K_AKT_MTOR_SIGNALING,1.19782447694577,0.230134085087506,PRKAG1
D1_center_primary_PHpass,PI3K_AKT_MTOR_SIGNALING,1.19782447694577,0.230134085087506,RAC1
D1_center_primary_PHpass,PI3K_AKT_MTOR_SIGNALING,1.19782447694577,0.230134085087506,MAP2K3
D1_center_primary_PHpass,PI3K_AKT_MTOR_SIGNALING,1.19782447694577,0.230134085087506,DUSP3
D1_center_primary_PHpass,PI3K_AKT_MTOR_SIGNALING,1.19782447694577,0.230134085087506,EIF4E
D1_center_primary_PHpass,PI3K_AKT_MTOR_SIGNALING,1.19782447694577,0.230134085087506,PPP1CA
D1_center_primary_PHpass,PI3K_AKT_MTOR_SIGNALING,1.19782447694577,0.230134085087506,GSK3B
D1_center_primary_PHpass,PI3K_AKT_MTOR_SIGNALING,1.19782447694577,0.230134085087506,MAPK1
D1_center_primary_PHpass,PI3K_AKT_MTOR_SIGNALING,1.19782447694577,0.230134085087506,GRB2
D1_center_primary_PHpass,PI3K_AKT_MTOR_SIGNALING,1.19782447694577,0.230134085087506,ARF1
D1_center_primary_PHpass,PI3K_AKT_MTOR_SIGNALING,1.19782447694577,0.230134085087506,YWHAB
D1_center_primary_PHpass,PI3K_AKT_MTOR_SIGNALING,1.19782447694577,0.230134085087506,HSP90B1
D1_center_primary_PHpass,PI3K_AKT_MTOR_SIGNALING,1.19782447694577,0.230134085087506,AP2M1
D1_center_primary_PHpass,PI3K_AKT_MTOR_SIGNALING,1.19782447694577,0.230134085087506,ACTR2
D1_center_primary_PHpass,PI3K_AKT_MTOR_SIGNALING,1.19782447694577,0.230134085087506,PRKAR2A
D1_center_primary_PHpass,PI3K_AKT_MTOR_SIGNALING,1.19782447694577,0.230134085087506,GRK2
D1_center_primary_PHpass,PI3K_AKT_MTOR_SIGNALING,1.19782447694577,0.230134085087506,CAB39
D1_center_primary_PHpass,PI3K_AKT_MTOR_SIGNALING,1.19782447694577,0.230134085087506,PRKCB
D1_center_primary_PHpass,PI3K_AKT_MTOR_SIGNALING,1.19782447694577,0.230134085087506,ARPC3
D1_center_primary_PHpass,PI3K_AKT_MTOR_SIGNALING,1.19782447694577,0.230134085087506,RALB
D1_center_primary_PHpass,PI3K_AKT_MTOR_SIGNALING,1.19782447694577,0.230134085087506,RIT1
D1_center_primary_PHpass,PI3K_AKT_MTOR_SIGNALING,1.19782447694577,0.230134085087506,ACTR3
D1_center_primary_PHpass,PI3K_AKT_MTOR_SIGNALING,1.19782447694577,0.230134085087506,RPS6KA3
D1_center_primary_PHpass,PI3K_AKT_MTOR_SIGNALING,1.19782447694577,0.230134085087506,NCK1
D1_center_primary_PHpass,PI3K_AKT_MTOR_SIGNALING,1.19782447694577,0.230134085087506,PFN1
D1_center_primary_PHpass,PROTEIN_SECRETION,0.85518151606201,0.888010855293664,SEC24D
D1_center_primary_PHpass,PROTEIN_SECRETION,0.85518151606201,0.888010855293664,YKT6
D1_center_primary_PHpass,PROTEIN_SECRETION,0.85518151606201,0.888010855293664,IGF2R
D1_center_primary_PHpass,PROTEIN_SECRETION,0.85518151606201,0.888010855293664,USO1
D1_center_primary_PHpass,PROTEIN_SECRETION,0.85518151606201,0.888010855293664,RAB5A
D1_center_primary_PHpass,PROTEIN_SECRETION,0.85518151606201,0.888010855293664,SEC31A
D1_center_primary_PHpass,PROTEIN_SECRETION,0.85518151606201,0.888010855293664,SNX2
D1_center_primary_PHpass,PROTEIN_SECRETION,0.85518151606201,0.888010855293664,VPS4B
D1_center_primary_PHpass,PROTEIN_SECRETION,0.85518151606201,0.888010855293664,ARCN1
D1_center_primary_PHpass,PROTEIN_SECRETION,0.85518151606201,0.888010855293664,TSG101
D1_center_primary_PHpass,PROTEIN_SECRETION,0.85518151606201,0.888010855293664,AP2S1
D1_center_primary_PHpass,PROTEIN_SECRETION,0.85518151606201,0.888010855293664,ATP6V1H
D1_center_primary_PHpass,PROTEIN_SECRETION,0.85518151606201,0.888010855293664,RAB14
D1_center_primary_PHpass,PROTEIN_SECRETION,0.85518151606201,0.888010855293664,MAPK1
D1_center_primary_PHpass,PROTEIN_SECRETION,0.85518151606201,0.888010855293664,NAPA
D1_center_primary_PHpass,PROTEIN_SECRETION,0.85518151606201,0.888010855293664,RAB2A
D1_center_primary_PHpass,PROTEIN_SECRETION,0.85518151606201,0.888010855293664,ARF1
D1_center_primary_PHpass,PROTEIN_SECRETION,0.85518151606201,0.888010855293664,AP2B1
D1_center_primary_PHpass,PROTEIN_SECRETION,0.85518151606201,0.888010855293664,AP2M1
D1_center_primary_PHpass,PROTEIN_SECRETION,0.85518151606201,0.888010855293664,COPB2
D1_center_primary_PHpass,PROTEIN_SECRETION,0.85518151606201,0.888010855293664,DNM1L
D1_center_primary_PHpass,PROTEIN_SECRETION,0.85518151606201,0.888010855293664,COPE
D1_center_primary_PHpass,PROTEIN_SECRETION,0.85518151606201,0.888010855293664,COPB1
D1_center_primary_PHpass,PROTEIN_SECRETION,0.85518151606201,0.888010855293664,RPS6KA3
D1_center_primary_PHpass,PROTEIN_SECRETION,0.85518151606201,0.888010855293664,OCRL
D1_center_primary_PHpass,PROTEIN_SECRETION,0.85518151606201,0.888010855293664,GNAS
D1_center_primary_PHpass,PROTEIN_SECRETION,0.85518151606201,0.888010855293664,AP3S1
D1_center_primary_PHpass,PROTEIN_SECRETION,0.85518151606201,0.888010855293664,VPS45
D1_center_primary_PHpass,PROTEIN_SECRETION,0.85518151606201,0.888010855293664,STX12
D1_center_primary_PHpass,PROTEIN_SECRETION,0.85518151606201,0.888010855293664,AP1G1
D1_center_primary_PHpass,PROTEIN_SECRETION,0.85518151606201,0.888010855293664,CLTC
D1_center_primary_PHpass,PROTEIN_SECRETION,0.85518151606201,0.888010855293664,STX7
D1_center_primary_PHpass,PROTEIN_SECRETION,0.85518151606201,0.888010855293664,AP3B1
D1_center_primary_PHpass,PROTEIN_SECRETION,0.85518151606201,0.888010855293664,ADAM10
D1_center_primary_PHpass,PROTEIN_SECRETION,0.85518151606201,0.888010855293664,SNAP23
D1_center_primary_PHpass,REACTIVE_OXYGEN_SPECIES_PATHWAY,1.13731651587767,0.400053493718103,PRDX6
D1_center_primary_PHpass,REACTIVE_OXYGEN_SPECIES_PATHWAY,1.13731651587767,0.400053493718103,GCLC
D1_center_primary_PHpass,REACTIVE_OXYGEN_SPECIES_PATHWAY,1.13731651587767,0.400053493718103,PRDX4
D1_center_primary_PHpass,REACTIVE_OXYGEN_SPECIES_PATHWAY,1.13731651587767,0.400053493718103,GPX4
D1_center_primary_PHpass,REACTIVE_OXYGEN_SPECIES_PATHWAY,1.13731651587767,0.400053493718103,PFKP
D1_center_primary_PHpass,REACTIVE_OXYGEN_SPECIES_PATHWAY,1.13731651587767,0.400053493718103,TXNRD1
D1_center_primary_PHpass,REACTIVE_OXYGEN_SPECIES_PATHWAY,1.13731651587767,0.400053493718103,OXSR1
D1_center_primary_PHpass,REACTIVE_OXYGEN_SPECIES_PATHWAY,1.13731651587767,0.400053493718103,GCLM
D1_center_primary_PHpass,REACTIVE_OXYGEN_SPECIES_PATHWAY,1.13731651587767,0.400053493718103,PTPA
D1_center_primary_PHpass,REACTIVE_OXYGEN_SPECIES_PATHWAY,1.13731651587767,0.400053493718103,MBP
D1_center_primary_PHpass,REACTIVE_OXYGEN_SPECIES_PATHWAY,1.13731651587767,0.400053493718103,G6PD
D1_center_primary_PHpass,REACTIVE_OXYGEN_SPECIES_PATHWAY,1.13731651587767,0.400053493718103,SELENOS
D1_center_primary_PHpass,REACTIVE_OXYGEN_SPECIES_PATHWAY,1.13731651587767,0.400053493718103,GSR
D1_center_primary_PHpass,REACTIVE_OXYGEN_SPECIES_PATHWAY,1.13731651587767,0.400053493718103,MSRA
D1_center_primary_PHpass,REACTIVE_OXYGEN_SPECIES_PATHWAY,1.13731651587767,0.400053493718103,MGST1
D1_center_primary_PHpass,REACTIVE_OXYGEN_SPECIES_PATHWAY,1.13731651587767,0.400053493718103,PDLIM1
D1_center_primary_PHpass,REACTIVE_OXYGEN_SPECIES_PATHWAY,1.13731651587767,0.400053493718103,LAMTOR5
D1_center_primary_PHpass,REACTIVE_OXYGEN_SPECIES_PATHWAY,1.13731651587767,0.400053493718103,PRNP
D1_center_primary_PHpass,REACTIVE_OXYGEN_SPECIES_PATHWAY,1.13731651587767,0.400053493718103,FES
D1_center_primary_PHpass,REACTIVE_OXYGEN_SPECIES_PATHWAY,1.13731651587767,0.400053493718103,NDUFS2
D1_center_primary_PHpass,SPERMATOGENESIS,1.15184263136762,0.396694463225903,PEBP1
D1_center_primary_PHpass,SPERMATOGENESIS,1.15184263136762,0.396694463225903,STRBP
D1_center_primary_PHpass,SPERMATOGENESIS,1.15184263136762,0.396694463225903,IDE
D1_center_primary_PHpass,SPERMATOGENESIS,1.15184263136762,0.396694463225903,TALDO1
D1_center_primary_PHpass,SPERMATOGENESIS,1.15184263136762,0.396694463225903,CLPB
D1_center_primary_PHpass,SPERMATOGENESIS,1.15184263136762,0.396694463225903,HSPA1L
D1_center_primary_PHpass,SPERMATOGENESIS,1.15184263136762,0.396694463225903,NF2
D1_center_primary_PHpass,SPERMATOGENESIS,1.15184263136762,0.396694463225903,PRKAR2A
D1_center_primary_PHpass,SPERMATOGENESIS,1.15184263136762,0.396694463225903,HBZ
D1_center_primary_PHpass,SPERMATOGENESIS,1.15184263136762,0.396694463225903,GSTM3
D1_center_primary_PHpass,SPERMATOGENESIS,1.15184263136762,0.396694463225903,MTOR
D1_center_primary_PHpass,SPERMATOGENESIS,1.15184263136762,0.396694463225903,STAM2
D1_center_primary_PHpass,SPERMATOGENESIS,1.15184263136762,0.396694463225903,SEPTIN4
D1_center_primary_PHpass,SPERMATOGENESIS,1.15184263136762,0.396694463225903,HSPA2
D1_center_primary_PHpass,TGF_BETA_SIGNALING,0.823857038535387,0.867392563482139,UBE2D3
D1_center_primary_PHpass,TGF_BETA_SIGNALING,0.823857038535387,0.867392563482139,RHOA
D1_center_primary_PHpass,TGF_BETA_SIGNALING,0.823857038535387,0.867392563482139,PPP1CA
D1_center_primary_PHpass,TGF_BETA_SIGNALING,0.823857038535387,0.867392563482139,PPM1A
D1_center_primary_PHpass,TGF_BETA_SIGNALING,0.823857038535387,0.867392563482139,CDH1
D1_center_primary_PHpass,TGF_BETA_SIGNALING,0.823857038535387,0.867392563482139,RAB31
D1_center_primary_PHpass,TGF_BETA_SIGNALING,0.823857038535387,0.867392563482139,SMAD1
D1_center_primary_PHpass,TGF_BETA_SIGNALING,0.823857038535387,0.867392563482139,SPTBN1
D1_center_primary_PHpass,TNFA_SIGNALING_VIA_NFKB,0.934099186482046,0.786354541816727,NAMPT
D1_center_primary_PHpass,TNFA_SIGNALING_VIA_NFKB,0.934099186482046,0.786354541816727,B4GALT1
D1_center_primary_PHpass,TNFA_SIGNALING_VIA_NFKB,0.934099186482046,0.786354541816727,PDLIM5
D1_center_primary_PHpass,TNFA_SIGNALING_VIA_NFKB,0.934099186482046,0.786354541816727,TNC
D1_center_primary_PHpass,TNFA_SIGNALING_VIA_NFKB,0.934099186482046,0.786354541816727,MAP2K3
D1_center_primary_PHpass,TNFA_SIGNALING_VIA_NFKB,0.934099186482046,0.786354541816727,TRIP10
D1_center_primary_PHpass,TNFA_SIGNALING_VIA_NFKB,0.934099186482046,0.786354541816727,IRS2
D1_center_primary_PHpass,TNFA_SIGNALING_VIA_NFKB,0.934099186482046,0.786354541816727,RELA
D1_center_primary_PHpass,TNFA_SIGNALING_VIA_NFKB,0.934099186482046,0.786354541816727,PTX3
D1_center_primary_PHpass,TNFA_SIGNALING_VIA_NFKB,0.934099186482046,0.786354541816727,CCN1
D1_center_primary_PHpass,TNFA_SIGNALING_VIA_NFKB,0.934099186482046,0.786354541816727,EFNA1
D1_center_primary_PHpass,TNFA_SIGNALING_VIA_NFKB,0.934099186482046,0.786354541816727,NFKB1
D1_center_primary_PHpass,TNFA_SIGNALING_VIA_NFKB,0.934099186482046,0.786354541816727,DNAJB4
D1_center_primary_PHpass,TNFA_SIGNALING_VIA_NFKB,0.934099186482046,0.786354541816727,TNFAIP8
D1_center_primary_PHpass,TNFA_SIGNALING_VIA_NFKB,0.934099186482046,0.786354541816727,B4GALT5
D1_center_primary_PHpass,TNFA_SIGNALING_VIA_NFKB,0.934099186482046,0.786354541816727,LDLR
D1_center_primary_PHpass,TNFA_SIGNALING_VIA_NFKB,0.934099186482046,0.786354541816727,IL6ST
D1_center_primary_PHpass,TNFA_SIGNALING_VIA_NFKB,0.934099186482046,0.786354541816727,RIGI
D1_center_primary_PHpass,UNFOLDED_PROTEIN_RESPONSE,1.26998166694024,0.133819264279369,PAIP1
D1_center_primary_PHpass,UNFOLDED_PROTEIN_RESPONSE,1.26998166694024,0.133819264279369,EEF2
D1_center_primary_PHpass,UNFOLDED_PROTEIN_RESPONSE,1.26998166694024,0.133819264279369,KHSRP
D1_center_primary_PHpass,UNFOLDED_PROTEIN_RESPONSE,1.26998166694024,0.133819264279369,EIF4A3
D1_center_primary_PHpass,UNFOLDED_PROTEIN_RESPONSE,1.26998166694024,0.133819264279369,TARS1
D1_center_primary_PHpass,UNFOLDED_PROTEIN_RESPONSE,1.26998166694024,0.133819264279369,DNAJA4
D1_center_primary_PHpass,UNFOLDED_PROTEIN_RESPONSE,1.26998166694024,0.133819264279369,SEC31A
D1_center_primary_PHpass,UNFOLDED_PROTEIN_RESPONSE,1.26998166694024,0.133819264279369,LSM4
D1_center_primary_PHpass,UNFOLDED_PROTEIN_RESPONSE,1.26998166694024,0.133819264279369,EIF4A1
D1_center_primary_PHpass,UNFOLDED_PROTEIN_RESPONSE,1.26998166694024,0.133819264279369,EIF4G1
D1_center_primary_PHpass,UNFOLDED_PROTEIN_RESPONSE,1.26998166694024,0.133819264279369,SLC7A5
D1_center_primary_PHpass,UNFOLDED_PROTEIN_RESPONSE,1.26998166694024,0.133819264279369,EIF4A2
D1_center_primary_PHpass,UNFOLDED_PROTEIN_RESPONSE,1.26998166694024,0.133819264279369,RPS14
D1_center_primary_PHpass,UNFOLDED_PROTEIN_RESPONSE,1.26998166694024,0.133819264279369,LSM1
D1_center_primary_PHpass,UNFOLDED_PROTEIN_RESPONSE,1.26998166694024,0.133819264279369,HYOU1
D1_center_primary_PHpass,UNFOLDED_PROTEIN_RESPONSE,1.26998166694024,0.133819264279369,DCTN1
D1_center_primary_PHpass,UNFOLDED_PROTEIN_RESPONSE,1.26998166694024,0.133819264279369,EIF4E
D1_center_primary_PHpass,UNFOLDED_PROTEIN_RESPONSE,1.26998166694024,0.133819264279369,EIF2S1
D1_center_primary_PHpass,UNFOLDED_PROTEIN_RESPONSE,1.26998166694024,0.133819264279369,IARS1
D1_center_primary_PHpass,UNFOLDED_PROTEIN_RESPONSE,1.26998166694024,0.133819264279369,HSPA5
D1_center_primary_PHpass,UNFOLDED_PROTEIN_RESPONSE,1.26998166694024,0.133819264279369,HSP90B1
D1_center_primary_PHpass,UNFOLDED_PROTEIN_RESPONSE,1.26998166694024,0.133819264279369,SRPRA
D1_center_primary_PHpass,UNFOLDED_PROTEIN_RESPONSE,1.26998166694024,0.133819264279369,PDIA6
D1_center_primary_PHpass,UV_RESPONSE_DN,0.827696330654352,0.888010855293664,COL1A2
D1_center_primary_PHpass,UV_RESPONSE_DN,0.827696330654352,0.888010855293664,COL1A1
D1_center_primary_PHpass,UV_RESPONSE_DN,0.827696330654352,0.888010855293664,EFEMP1
D1_center_primary_PHpass,UV_RESPONSE_DN,0.827696330654352,0.888010855293664,SRI
D1_center_primary_PHpass,UV_RESPONSE_DN,0.827696330654352,0.888010855293664,COL3A1
D1_center_primary_PHpass,UV_RESPONSE_DN,0.827696330654352,0.888010855293664,NRP1
D1_center_primary_PHpass,UV_RESPONSE_DN,0.827696330654352,0.888010855293664,PDLIM5
D1_center_primary_PHpass,UV_RESPONSE_DN,0.827696330654352,0.888010855293664,MAPK14
D1_center_primary_PHpass,UV_RESPONSE_DN,0.827696330654352,0.888010855293664,MAP1B
D1_center_primary_PHpass,UV_RESPONSE_DN,0.827696330654352,0.888010855293664,ATRN
D1_center_primary_PHpass,UV_RESPONSE_DN,0.827696330654352,0.888010855293664,SLC7A1
D1_center_primary_PHpass,UV_RESPONSE_DN,0.827696330654352,0.888010855293664,CCN1
D1_center_primary_PHpass,UV_RESPONSE_DN,0.827696330654352,0.888010855293664,FBLN5
D1_center_primary_PHpass,UV_RESPONSE_DN,0.827696330654352,0.888010855293664,NFKB1
D1_center_primary_PHpass,UV_RESPONSE_DN,0.827696330654352,0.888010855293664,PRKCA
D1_center_primary_PHpass,UV_RESPONSE_DN,0.827696330654352,0.888010855293664,LDLR
D1_center_primary_PHpass,UV_RESPONSE_DN,0.827696330654352,0.888010855293664,GRK5
D1_center_primary_PHpass,UV_RESPONSE_DN,0.827696330654352,0.888010855293664,CELF2
D1_center_primary_PHpass,UV_RESPONSE_DN,0.827696330654352,0.888010855293664,COL5A2
D1_center_primary_PHpass,UV_RESPONSE_DN,0.827696330654352,0.888010855293664,NEK7
D1_center_primary_PHpass,UV_RESPONSE_DN,0.827696330654352,0.888010855293664,WDR37
D1_center_primary_PHpass,UV_RESPONSE_UP,1.08234018605467,0.46005399460054,SPR
D1_center_primary_PHpass,UV_RESPONSE_UP,1.08234018605467,0.46005399460054,TST
D1_center_primary_PHpass,UV_RESPONSE_UP,1.08234018605467,0.46005399460054,YKT6
D1_center_primary_PHpass,UV_RESPONSE_UP,1.08234018605467,0.46005399460054,PDAP1
D1_center_primary_PHpass,UV_RESPONSE_UP,1.08234018605467,0.46005399460054,STIP1
D1_center_primary_PHpass,UV_RESPONSE_UP,1.08234018605467,0.46005399460054,IGFBP2
D1_center_primary_PHpass,UV_RESPONSE_UP,1.08234018605467,0.46005399460054,EIF5
D1_center_primary_PHpass,UV_RESPONSE_UP,1.08234018605467,0.46005399460054,TARS1
D1_center_primary_PHpass,UV_RESPONSE_UP,1.08234018605467,0.46005399460054,PPAT
D1_center_primary_PHpass,UV_RESPONSE_UP,1.08234018605467,0.46005399460054,HMOX1
D1_center_primary_PHpass,UV_RESPONSE_UP,1.08234018605467,0.46005399460054,SULT1A1
D1_center_primary_PHpass,UV_RESPONSE_UP,1.08234018605467,0.46005399460054,EIF2S3
D1_center_primary_PHpass,UV_RESPONSE_UP,1.08234018605467,0.46005399460054,AGO2
D1_center_primary_PHpass,UV_RESPONSE_UP,1.08234018605467,0.46005399460054,ATP6V1F
D1_center_primary_PHpass,UV_RESPONSE_UP,1.08234018605467,0.46005399460054,AP2S1
D1_center_primary_PHpass,UV_RESPONSE_UP,1.08234018605467,0.46005399460054,ALDOA
D1_center_primary_PHpass,UV_RESPONSE_UP,1.08234018605467,0.46005399460054,DNAJA1
D1_center_primary_PHpass,UV_RESPONSE_UP,1.08234018605467,0.46005399460054,ACAA1
D1_center_primary_PHpass,UV_RESPONSE_UP,1.08234018605467,0.46005399460054,PSMC3
D1_center_primary_PHpass,UV_RESPONSE_UP,1.08234018605467,0.46005399460054,MGAT1
D1_center_primary_PHpass,UV_RESPONSE_UP,1.08234018605467,0.46005399460054,CNP
D1_center_primary_PHpass,UV_RESPONSE_UP,1.08234018605467,0.46005399460054,BSG
D1_center_primary_PHpass,UV_RESPONSE_UP,1.08234018605467,0.46005399460054,ATP6V1C1
D1_center_primary_PHpass,UV_RESPONSE_UP,1.08234018605467,0.46005399460054,ENO2
D1_center_primary_PHpass,UV_RESPONSE_UP,1.08234018605467,0.46005399460054,PRKCD
D1_center_primary_PHpass,UV_RESPONSE_UP,1.08234018605467,0.46005399460054,DNAJB1
D1_center_primary_PHpass,UV_RESPONSE_UP,1.08234018605467,0.46005399460054,EPHX1
D1_center_primary_PHpass,UV_RESPONSE_UP,1.08234018605467,0.46005399460054,MARK2
D1_center_primary_PHpass,UV_RESPONSE_UP,1.08234018605467,0.46005399460054,GGH
D1_center_primary_PHpass,UV_RESPONSE_UP,1.08234018605467,0.46005399460054,IL6ST
D1_center_primary_PHpass,UV_RESPONSE_UP,1.08234018605467,0.46005399460054,HSPA2
D1_center_primary_PHpass,UV_RESPONSE_UP,1.08234018605467,0.46005399460054,APOM
D1_center_primary_PHpass,UV_RESPONSE_UP,1.08234018605467,0.46005399460054,LYN
D1_center_primary_PHpass,UV_RESPONSE_UP,1.08234018605467,0.46005399460054,RAB27A
D1_center_primary_PHpass,UV_RESPONSE_UP,1.08234018605467,0.46005399460054,CASP3
D1_center_primary_PHpass,UV_RESPONSE_UP,1.08234018605467,0.46005399460054,CLTB
D1_center_primary_PHpass,UV_RESPONSE_UP,1.08234018605467,0.46005399460054,C4BPB
D1_center_primary_PHpass,UV_RESPONSE_UP,1.08234018605467,0.46005399460054,RPN1
D1_center_primary_PHpass,XENOBIOTIC_METABOLISM,1.36248546833407,0.0468805454562502,CBR1
D1_center_primary_PHpass,XENOBIOTIC_METABOLISM,1.36248546833407,0.0468805454562502,MT2A
D1_center_primary_PHpass,XENOBIOTIC_METABOLISM,1.36248546833407,0.0468805454562502,MTHFD1
D1_center_primary_PHpass,XENOBIOTIC_METABOLISM,1.36248546833407,0.0468805454562502,UGDH
D1_center_primary_PHpass,XENOBIOTIC_METABOLISM,1.36248546833407,0.0468805454562502,BLVRB
D1_center_primary_PHpass,XENOBIOTIC_METABOLISM,1.36248546833407,0.0468805454562502,ALDH9A1
D1_center_primary_PHpass,XENOBIOTIC_METABOLISM,1.36248546833407,0.0468805454562502,AHCY
D1_center_primary_PHpass,XENOBIOTIC_METABOLISM,1.36248546833407,0.0468805454562502,FBLN1
D1_center_primary_PHpass,XENOBIOTIC_METABOLISM,1.36248546833407,0.0468805454562502,F10
D1_center_primary_PHpass,XENOBIOTIC_METABOLISM,1.36248546833407,0.0468805454562502,ADH1C
D1_center_primary_PHpass,XENOBIOTIC_METABOLISM,1.36248546833407,0.0468805454562502,CNDP2
D1_center_primary_PHpass,XENOBIOTIC_METABOLISM,1.36248546833407,0.0468805454562502,HMOX1
D1_center_primary_PHpass,XENOBIOTIC_METABOLISM,1.36248546833407,0.0468805454562502,ACP1
D1_center_primary_PHpass,XENOBIOTIC_METABOLISM,1.36248546833407,0.0468805454562502,PTGES3
D1_center_primary_PHpass,XENOBIOTIC_METABOLISM,1.36248546833407,0.0468805454562502,GCLC
D1_center_primary_PHpass,XENOBIOTIC_METABOLISM,1.36248546833407,0.0468805454562502,ALDH2
D1_center_primary_PHpass,XENOBIOTIC_METABOLISM,1.36248546833407,0.0468805454562502,PGD
D1_center_primary_PHpass,XENOBIOTIC_METABOLISM,1.36248546833407,0.0468805454562502,GSTO1
D1_center_primary_PHpass,XENOBIOTIC_METABOLISM,1.36248546833407,0.0468805454562502,ADH5
D1_center_primary_PHpass,XENOBIOTIC_METABOLISM,1.36248546833407,0.0468805454562502,NMT1
D1_center_primary_PHpass,XENOBIOTIC_METABOLISM,1.36248546833407,0.0468805454562502,IDH1
D1_center_primary_PHpass,XENOBIOTIC_METABOLISM,1.36248546833407,0.0468805454562502,ITIH4
D1_center_primary_PHpass,XENOBIOTIC_METABOLISM,1.36248546833407,0.0468805454562502,SERPINA6
D1_center_primary_PHpass,XENOBIOTIC_METABOLISM,1.36248546833407,0.0468805454562502,PDLIM5
D1_center_primary_PHpass,XENOBIOTIC_METABOLISM,1.36248546833407,0.0468805454562502,DCXR
D1_center_primary_PHpass,XENOBIOTIC_METABOLISM,1.36248546833407,0.0468805454562502,TKFC
D1_center_primary_PHpass,XENOBIOTIC_METABOLISM,1.36248546833407,0.0468805454562502,HPRT1
D1_center_primary_PHpass,XENOBIOTIC_METABOLISM,1.36248546833407,0.0468805454562502,PTGDS
D1_center_primary_PHpass,XENOBIOTIC_METABOLISM,1.36248546833407,0.0468805454562502,KARS1
D1_center_primary_PHpass,XENOBIOTIC_METABOLISM,1.36248546833407,0.0468805454562502,ITIH1
D1_median_center_sensitivity,ADIPOGENESIS,-1.0609118556836,0.521465473331878,UQCRC1
D1_median_center_sensitivity,ADIPOGENESIS,-1.0609118556836,0.521465473331878,MTCH2
D1_median_center_sensitivity,ADIPOGENESIS,-1.0609118556836,0.521465473331878,ESYT1
D1_median_center_sensitivity,ADIPOGENESIS,-1.0609118556836,0.521465473331878,IMMT
D1_median_center_sensitivity,ADIPOGENESIS,-1.0609118556836,0.521465473331878,RIOK3
D1_median_center_sensitivity,ADIPOGENESIS,-1.0609118556836,0.521465473331878,GPD2
D1_median_center_sensitivity,ADIPOGENESIS,-1.0609118556836,0.521465473331878,STAT5A
D1_median_center_sensitivity,ADIPOGENESIS,-1.0609118556836,0.521465473331878,SAMM50
D1_median_center_sensitivity,ADIPOGENESIS,-1.0609118556836,0.521465473331878,CYC1
D1_median_center_sensitivity,ADIPOGENESIS,-1.0609118556836,0.521465473331878,LPCAT3
D1_median_center_sensitivity,ADIPOGENESIS,-1.0609118556836,0.521465473331878,MYLK
D1_median_center_sensitivity,ADIPOGENESIS,-1.0609118556836,0.521465473331878,CHUK
D1_median_center_sensitivity,ADIPOGENESIS,-1.0609118556836,0.521465473331878,AGPAT3
D1_median_center_sensitivity,ADIPOGENESIS,-1.0609118556836,0.521465473331878,RTN3
D1_median_center_sensitivity,ADIPOGENESIS,-1.0609118556836,0.521465473331878,DHRS7
D1_median_center_sensitivity,ADIPOGENESIS,-1.0609118556836,0.521465473331878,JAGN1
D1_median_center_sensitivity,ADIPOGENESIS,-1.0609118556836,0.521465473331878,CAVIN2
D1_median_center_sensitivity,ADIPOGENESIS,-1.0609118556836,0.521465473331878,ADCY6
D1_median_center_sensitivity,ADIPOGENESIS,-1.0609118556836,0.521465473331878,SLC25A1
D1_median_center_sensitivity,ADIPOGENESIS,-1.0609118556836,0.521465473331878,PREB
D1_median_center_sensitivity,ADIPOGENESIS,-1.0609118556836,0.521465473331878,APOE
D1_median_center_sensitivity,ADIPOGENESIS,-1.0609118556836,0.521465473331878,NDUFB7
D1_median_center_sensitivity,ADIPOGENESIS,-1.0609118556836,0.521465473331878,ANGPT1
D1_median_center_sensitivity,ADIPOGENESIS,-1.0609118556836,0.521465473331878,ACOX1
D1_median_center_sensitivity,ADIPOGENESIS,-1.0609118556836,0.521465473331878,MGST3
D1_median_center_sensitivity,ADIPOGENESIS,-1.0609118556836,0.521465473331878,RMDN3
D1_median_center_sensitivity,ADIPOGENESIS,-1.0609118556836,0.521465473331878,GPAT4
D1_median_center_sensitivity,ADIPOGENESIS,-1.0609118556836,0.521465473331878,ARAF
D1_median_center_sensitivity,ADIPOGENESIS,-1.0609118556836,0.521465473331878,SLC25A10
D1_median_center_sensitivity,ADIPOGENESIS,-1.0609118556836,0.521465473331878,MIGA2
D1_median_center_sensitivity,ADIPOGENESIS,-1.0609118556836,0.521465473331878,LTC4S
D1_median_center_sensitivity,ADIPOGENESIS,-1.0609118556836,0.521465473331878,CD36
D1_median_center_sensitivity,ALLOGRAFT_REJECTION,1.34763389748843,0.140205209442912,INHBB
D1_median_center_sensitivity,ALLOGRAFT_REJECTION,1.34763389748843,0.140205209442912,EIF3A
D1_median_center_sensitivity,ALLOGRAFT_REJECTION,1.34763389748843,0.140205209442912,EIF3D
D1_median_center_sensitivity,ALLOGRAFT_REJECTION,1.34763389748843,0.140205209442912,EIF5A
D1_median_center_sensitivity,ALLOGRAFT_REJECTION,1.34763389748843,0.140205209442912,STAB1
D1_median_center_sensitivity,ALLOGRAFT_REJECTION,1.34763389748843,0.140205209442912,CAPG
D1_median_center_sensitivity,ALLOGRAFT_REJECTION,1.34763389748843,0.140205209442912,TRAF2
D1_median_center_sensitivity,ALLOGRAFT_REJECTION,1.34763389748843,0.140205209442912,PTPN6
D1_median_center_sensitivity,ALLOGRAFT_REJECTION,1.34763389748843,0.140205209442912,C2
D1_median_center_sensitivity,ALLOGRAFT_REJECTION,1.34763389748843,0.140205209442912,IL16
D1_median_center_sensitivity,ALLOGRAFT_REJECTION,1.34763389748843,0.140205209442912,NPM1
D1_median_center_sensitivity,ALLOGRAFT_REJECTION,1.34763389748843,0.140205209442912,UBE2N
D1_median_center_sensitivity,ALLOGRAFT_REJECTION,1.34763389748843,0.140205209442912,F2
D1_median_center_sensitivity,ALLOGRAFT_REJECTION,1.34763389748843,0.140205209442912,AARS1
D1_median_center_sensitivity,ALLOGRAFT_REJECTION,1.34763389748843,0.140205209442912,HCLS1
D1_median_center_sensitivity,ALLOGRAFT_REJECTION,1.34763389748843,0.140205209442912,NME1
D1_median_center_sensitivity,ANDROGEN_RESPONSE,-1.21019722734101,0.345307242617342,IQGAP2
D1_median_center_sensitivity,ANDROGEN_RESPONSE,-1.21019722734101,0.345307242617342,INPP4B
D1_median_center_sensitivity,ANDROGEN_RESPONSE,-1.21019722734101,0.345307242617342,ACSL3
D1_median_center_sensitivity,ANDROGEN_RESPONSE,-1.21019722734101,0.345307242617342,SPCS3
D1_median_center_sensitivity,ANDROGEN_RESPONSE,-1.21019722734101,0.345307242617342,VAPA
D1_median_center_sensitivity,ANDROGEN_RESPONSE,-1.21019722734101,0.345307242617342,ACTN1
D1_median_center_sensitivity,ANDROGEN_RESPONSE,-1.21019722734101,0.345307242617342,ITGAV
D1_median_center_sensitivity,ANDROGEN_RESPONSE,-1.21019722734101,0.345307242617342,LMAN1
D1_median_center_sensitivity,ANDROGEN_RESPONSE,-1.21019722734101,0.345307242617342,STK39
D1_median_center_sensitivity,ANDROGEN_RESPONSE,-1.21019722734101,0.345307242617342,MYL12A
D1_median_center_sensitivity,ANGIOGENESIS,1.13322541005265,0.509741106351276,POSTN
D1_median_center_sensitivity,ANGIOGENESIS,1.13322541005265,0.509741106351276,LUM
D1_median_center_sensitivity,ANGIOGENESIS,1.13322541005265,0.509741106351276,COL3A1
D1_median_center_sensitivity,ANGIOGENESIS,1.13322541005265,0.509741106351276,NRP1
D1_median_center_sensitivity,ANGIOGENESIS,1.13322541005265,0.509741106351276,LRPAP1
D1_median_center_sensitivity,ANGIOGENESIS,1.13322541005265,0.509741106351276,VCAN
D1_median_center_sensitivity,APICAL_JUNCTION,-1.07339921408524,0.509741106351276,CLDN5
D1_median_center_sensitivity,APICAL_JUNCTION,-1.07339921408524,0.509741106351276,JAM3
D1_median_center_sensitivity,APICAL_JUNCTION,-1.07339921408524,0.509741106351276,RSU1
D1_median_center_sensitivity,APICAL_JUNCTION,-1.07339921408524,0.509741106351276,STX4
D1_median_center_sensitivity,APICAL_JUNCTION,-1.07339921408524,0.509741106351276,ITGB1
D1_median_center_sensitivity,APICAL_JUNCTION,-1.07339921408524,0.509741106351276,PTK2
D1_median_center_sensitivity,APICAL_JUNCTION,-1.07339921408524,0.509741106351276,RASA1
D1_median_center_sensitivity,APICAL_JUNCTION,-1.07339921408524,0.509741106351276,IKBKG
D1_median_center_sensitivity,APICAL_JUNCTION,-1.07339921408524,0.509741106351276,MYH9
D1_median_center_sensitivity,APICAL_JUNCTION,-1.07339921408524,0.509741106351276,ITGA2
D1_median_center_sensitivity,APICAL_JUNCTION,-1.07339921408524,0.509741106351276,LDLRAP1
D1_median_center_sensitivity,APICAL_JUNCTION,-1.07339921408524,0.509741106351276,ACTN1
D1_median_center_sensitivity,APICAL_JUNCTION,-1.07339921408524,0.509741106351276,NEXN
D1_median_center_sensitivity,APICAL_JUNCTION,-1.07339921408524,0.509741106351276,EXOC4
D1_median_center_sensitivity,APICAL_JUNCTION,-1.07339921408524,0.509741106351276,FYB1
D1_median_center_sensitivity,APICAL_JUNCTION,-1.07339921408524,0.509741106351276,SKAP2
D1_median_center_sensitivity,APICAL_JUNCTION,-1.07339921408524,0.509741106351276,ACTN2
D1_median_center_sensitivity,APICAL_JUNCTION,-1.07339921408524,0.509741106351276,SRC
D1_median_center_sensitivity,APICAL_JUNCTION,-1.07339921408524,0.509741106351276,DLG1
D1_median_center_sensitivity,APICAL_JUNCTION,-1.07339921408524,0.509741106351276,CTNND1
D1_median_center_sensitivity,APICAL_JUNCTION,-1.07339921408524,0.509741106351276,GNAI1
D1_median_center_sensitivity,APICAL_JUNCTION,-1.07339921408524,0.509741106351276,RHOF
D1_median_center_sensitivity,APICAL_JUNCTION,-1.07339921408524,0.509741106351276,MYL9
D1_median_center_sensitivity,APICAL_JUNCTION,-1.07339921408524,0.509741106351276,VCL
D1_median_center_sensitivity,APICAL_JUNCTION,-1.07339921408524,0.509741106351276,LIMA1
D1_median_center_sensitivity,APICAL_JUNCTION,-1.07339921408524,0.509741106351276,TUBG1
D1_median_center_sensitivity,APICAL_JUNCTION,-1.07339921408524,0.509741106351276,CNN2
D1_median_center_sensitivity,APICAL_JUNCTION,-1.07339921408524,0.509741106351276,ICAM2
D1_median_center_sensitivity,APICAL_JUNCTION,-1.07339921408524,0.509741106351276,AKT2
D1_median_center_sensitivity,APICAL_JUNCTION,-1.07339921408524,0.509741106351276,PECAM1
D1_median_center_sensitivity,APICAL_JUNCTION,-1.07339921408524,0.509741106351276,ICAM4
D1_median_center_sensitivity,APICAL_JUNCTION,-1.07339921408524,0.509741106351276,ACTN4
D1_median_center_sensitivity,APICAL_JUNCTION,-1.07339921408524,0.509741106351276,GNAI2
D1_median_center_sensitivity,APICAL_JUNCTION,-1.07339921408524,0.509741106351276,NF1
D1_median_center_sensitivity,APICAL_JUNCTION,-1.07339921408524,0.509741106351276,ACTA1
D1_median_center_sensitivity,APOPTOSIS,0.930083032255598,0.782669999359098,LGALS3
D1_median_center_sensitivity,APOPTOSIS,0.930083032255598,0.782669999359098,LUM
D1_median_center_sensitivity,APOPTOSIS,0.930083032255598,0.782669999359098,BMP2
D1_median_center_sensitivity,APOPTOSIS,0.930083032255598,0.782669999359098,ETF1
D1_median_center_sensitivity,APOPTOSIS,0.930083032255598,0.782669999359098,HMOX1
D1_median_center_sensitivity,APOPTOSIS,0.930083032255598,0.782669999359098,IGF2R
D1_median_center_sensitivity,APOPTOSIS,0.930083032255598,0.782669999359098,F2
D1_median_center_sensitivity,APOPTOSIS,0.930083032255598,0.782669999359098,TNFSF10
D1_median_center_sensitivity,APOPTOSIS,0.930083032255598,0.782669999359098,PLAT
D1_median_center_sensitivity,APOPTOSIS,0.930083032255598,0.782669999359098,BAX
D1_median_center_sensitivity,APOPTOSIS,0.930083032255598,0.782669999359098,MMP2
D1_median_center_sensitivity,APOPTOSIS,0.930083032255598,0.782669999359098,GPX4
D1_median_center_sensitivity,APOPTOSIS,0.930083032255598,0.782669999359098,DCN
D1_median_center_sensitivity,APOPTOSIS,0.930083032255598,0.782669999359098,TIMP1
D1_median_center_sensitivity,APOPTOSIS,0.930083032255598,0.782669999359098,LMNA
D1_median_center_sensitivity,APOPTOSIS,0.930083032255598,0.782669999359098,BGN
D1_median_center_sensitivity,APOPTOSIS,0.930083032255598,0.782669999359098,PLCB2
D1_median_center_sensitivity,APOPTOSIS,0.930083032255598,0.782669999359098,DPYD
D1_median_center_sensitivity,APOPTOSIS,0.930083032255598,0.782669999359098,FDXR
D1_median_center_sensitivity,APOPTOSIS,0.930083032255598,0.782669999359098,BCL2L1
D1_median_center_sensitivity,BILE_ACID_METABOLISM,0.832337726809899,0.890546958159339,ALDH9A1
D1_median_center_sensitivity,BILE_ACID_METABOLISM,0.832337726809899,0.890546958159339,EPHX2
D1_median_center_sensitivity,BILE_ACID_METABOLISM,0.832337726809899,0.890546958159339,AGXT
D1_median_center_sensitivity,BILE_ACID_METABOLISM,0.832337726809899,0.890546958159339,APOA1
D1_median_center_sensitivity,BILE_ACID_METABOLISM,0.832337726809899,0.890546958159339,SERPINA6
D1_median_center_sensitivity,BILE_ACID_METABOLISM,0.832337726809899,0.890546958159339,ALDH1A1
D1_median_center_sensitivity,BILE_ACID_METABOLISM,0.832337726809899,0.890546958159339,IDH1
D1_median_center_sensitivity,BILE_ACID_METABOLISM,0.832337726809899,0.890546958159339,HAO1
D1_median_center_sensitivity,CHOLESTEROL_HOMEOSTASIS,1.07295151405956,0.547974811889642,LGALS3
D1_median_center_sensitivity,CHOLESTEROL_HOMEOSTASIS,1.07295151405956,0.547974811889642,ACSS2
D1_median_center_sensitivity,CHOLESTEROL_HOMEOSTASIS,1.07295151405956,0.547974811889642,ACAT2
D1_median_center_sensitivity,CHOLESTEROL_HOMEOSTASIS,1.07295151405956,0.547974811889642,S100A11
D1_median_center_sensitivity,CHOLESTEROL_HOMEOSTASIS,1.07295151405956,0.547974811889642,ALDOC
D1_median_center_sensitivity,CHOLESTEROL_HOMEOSTASIS,1.07295151405956,0.547974811889642,ADH4
D1_median_center_sensitivity,CHOLESTEROL_HOMEOSTASIS,1.07295151405956,0.547974811889642,DHCR7
D1_median_center_sensitivity,CHOLESTEROL_HOMEOSTASIS,1.07295151405956,0.547974811889642,FASN
D1_median_center_sensitivity,CHOLESTEROL_HOMEOSTASIS,1.07295151405956,0.547974811889642,LSS
D1_median_center_sensitivity,CHOLESTEROL_HOMEOSTASIS,1.07295151405956,0.547974811889642,PMVK
D1_median_center_sensitivity,CHOLESTEROL_HOMEOSTASIS,1.07295151405956,0.547974811889642,FDPS
D1_median_center_sensitivity,CHOLESTEROL_HOMEOSTASIS,1.07295151405956,0.547974811889642,GSTM2
D1_median_center_sensitivity,CHOLESTEROL_HOMEOSTASIS,1.07295151405956,0.547974811889642,LPL
D1_median_center_sensitivity,COAGULATION,1.65855013817712,0.0126068422283224,CRIP2
D1_median_center_sensitivity,COAGULATION,1.65855013817712,0.0126068422283224,F9
D1_median_center_sensitivity,COAGULATION,1.65855013817712,0.0126068422283224,HMGCS2
D1_median_center_sensitivity,COAGULATION,1.65855013817712,0.0126068422283224,F10
D1_median_center_sensitivity,COAGULATION,1.65855013817712,0.0126068422283224,C1S
D1_median_center_sensitivity,COAGULATION,1.65855013817712,0.0126068422283224,CTSB
D1_median_center_sensitivity,COAGULATION,1.65855013817712,0.0126068422283224,CAPN2
D1_median_center_sensitivity,COAGULATION,1.65855013817712,0.0126068422283224,MMP1
D1_median_center_sensitivity,COAGULATION,1.65855013817712,0.0126068422283224,C2
D1_median_center_sensitivity,COAGULATION,1.65855013817712,0.0126068422283224,PRSS23
D1_median_center_sensitivity,COAGULATION,1.65855013817712,0.0126068422283224,MMP3
D1_median_center_sensitivity,COAGULATION,1.65855013817712,0.0126068422283224,LRP1
D1_median_center_sensitivity,COAGULATION,1.65855013817712,0.0126068422283224,A2M
D1_median_center_sensitivity,COAGULATION,1.65855013817712,0.0126068422283224,APOA1
D1_median_center_sensitivity,COAGULATION,1.65855013817712,0.0126068422283224,FBN1
D1_median_center_sensitivity,COAGULATION,1.65855013817712,0.0126068422283224,CFI
D1_median_center_sensitivity,COAGULATION,1.65855013817712,0.0126068422283224,F2
D1_median_center_sensitivity,COAGULATION,1.65855013817712,0.0126068422283224,LTA4H
D1_median_center_sensitivity,COAGULATION,1.65855013817712,0.0126068422283224,C9
D1_median_center_sensitivity,COAGULATION,1.65855013817712,0.0126068422283224,FGA
D1_median_center_sensitivity,COAGULATION,1.65855013817712,0.0126068422283224,FGG
D1_median_center_sensitivity,COAGULATION,1.65855013817712,0.0126068422283224,PLAT
D1_median_center_sensitivity,COAGULATION,1.65855013817712,0.0126068422283224,FN1
D1_median_center_sensitivity,COAGULATION,1.65855013817712,0.0126068422283224,CSRP1
D1_median_center_sensitivity,COAGULATION,1.65855013817712,0.0126068422283224,PEF1
D1_median_center_sensitivity,COAGULATION,1.65855013817712,0.0126068422283224,ITIH1
D1_median_center_sensitivity,COAGULATION,1.65855013817712,0.0126068422283224,MMP2
D1_median_center_sensitivity,COAGULATION,1.65855013817712,0.0126068422283224,VWF
D1_median_center_sensitivity,COAGULATION,1.65855013817712,0.0126068422283224,GNG12
D1_median_center_sensitivity,COAGULATION,1.65855013817712,0.0126068422283224,C1R
D1_median_center_sensitivity,COAGULATION,1.65855013817712,0.0126068422283224,C8A
D1_median_center_sensitivity,COAGULATION,1.65855013817712,0.0126068422283224,TIMP1
D1_median_center_sensitivity,COAGULATION,1.65855013817712,0.0126068422283224,RAC1
D1_median_center_sensitivity,COAGULATION,1.65855013817712,0.0126068422283224,SERPING1
D1_median_center_sensitivity,COAGULATION,1.65855013817712,0.0126068422283224,C8G
D1_median_center_sensitivity,COMPLEMENT,0.901028308735713,0.840569789582781,LGALS3
D1_median_center_sensitivity,COMPLEMENT,0.901028308735713,0.840569789582781,F10
D1_median_center_sensitivity,COMPLEMENT,0.901028308735713,0.840569789582781,C1S
D1_median_center_sensitivity,COMPLEMENT,0.901028308735713,0.840569789582781,XPNPEP1
D1_median_center_sensitivity,COMPLEMENT,0.901028308735713,0.840569789582781,CTSB
D1_median_center_sensitivity,COMPLEMENT,0.901028308735713,0.840569789582781,C2
D1_median_center_sensitivity,COMPLEMENT,0.901028308735713,0.840569789582781,USP14
D1_median_center_sensitivity,COMPLEMENT,0.901028308735713,0.840569789582781,LRP1
D1_median_center_sensitivity,COMPLEMENT,0.901028308735713,0.840569789582781,EHD1
D1_median_center_sensitivity,COMPLEMENT,0.901028308735713,0.840569789582781,F2
D1_median_center_sensitivity,COMPLEMENT,0.901028308735713,0.840569789582781,LTA4H
D1_median_center_sensitivity,COMPLEMENT,0.901028308735713,0.840569789582781,PLA2G7
D1_median_center_sensitivity,COMPLEMENT,0.901028308735713,0.840569789582781,C9
D1_median_center_sensitivity,COMPLEMENT,0.901028308735713,0.840569789582781,PLAT
D1_median_center_sensitivity,COMPLEMENT,0.901028308735713,0.840569789582781,FN1
D1_median_center_sensitivity,COMPLEMENT,0.901028308735713,0.840569789582781,CSRP1
D1_median_center_sensitivity,COMPLEMENT,0.901028308735713,0.840569789582781,ITIH1
D1_median_center_sensitivity,COMPLEMENT,0.901028308735713,0.840569789582781,C1R
D1_median_center_sensitivity,COMPLEMENT,0.901028308735713,0.840569789582781,TIMP1
D1_median_center_sensitivity,COMPLEMENT,0.901028308735713,0.840569789582781,COL4A2
D1_median_center_sensitivity,COMPLEMENT,0.901028308735713,0.840569789582781,SERPING1
D1_median_center_sensitivity,COMPLEMENT,0.901028308735713,0.840569789582781,LIPA
D1_median_center_sensitivity,COMPLEMENT,0.901028308735713,0.840569789582781,C1QC
D1_median_center_sensitivity,COMPLEMENT,0.901028308735713,0.840569789582781,LAP3
D1_median_center_sensitivity,COMPLEMENT,0.901028308735713,0.840569789582781,CP
D1_median_center_sensitivity,COMPLEMENT,0.901028308735713,0.840569789582781,CDH13
D1_median_center_sensitivity,COMPLEMENT,0.901028308735713,0.840569789582781,F8
D1_median_center_sensitivity,COMPLEMENT,0.901028308735713,0.840569789582781,GNG2
D1_median_center_sensitivity,COMPLEMENT,0.901028308735713,0.840569789582781,WAS
D1_median_center_sensitivity,COMPLEMENT,0.901028308735713,0.840569789582781,CFB
D1_median_center_sensitivity,COMPLEMENT,0.901028308735713,0.840569789582781,GZMK
D1_median_center_sensitivity,COMPLEMENT,0.901028308735713,0.840569789582781,F7
D1_median_center_sensitivity,DNA_REPAIR,1.37321075974161,0.153881932021467,ALYREF
D1_median_center_sensitivity,DNA_REPAIR,1.37321075974161,0.153881932021467,SRSF6
D1_median_center_sensitivity,DNA_REPAIR,1.37321075974161,0.153881932021467,APRT
D1_median_center_sensitivity,DNA_REPAIR,1.37321075974161,0.153881932021467,BOLA2
D1_median_center_sensitivity,DNA_REPAIR,1.37321075974161,0.153881932021467,AK1
D1_median_center_sensitivity,DNA_REPAIR,1.37321075974161,0.153881932021467,EDF1
D1_median_center_sensitivity,DNA_REPAIR,1.37321075974161,0.153881932021467,UMPS
D1_median_center_sensitivity,DNA_REPAIR,1.37321075974161,0.153881932021467,NUDT21
D1_median_center_sensitivity,DNA_REPAIR,1.37321075974161,0.153881932021467,RBX1
D1_median_center_sensitivity,DNA_REPAIR,1.37321075974161,0.153881932021467,NT5C
D1_median_center_sensitivity,DNA_REPAIR,1.37321075974161,0.153881932021467,HCLS1
D1_median_center_sensitivity,DNA_REPAIR,1.37321075974161,0.153881932021467,NME1
D1_median_center_sensitivity,DNA_REPAIR,1.37321075974161,0.153881932021467,NME3
D1_median_center_sensitivity,DNA_REPAIR,1.37321075974161,0.153881932021467,GPX4
D1_median_center_sensitivity,DNA_REPAIR,1.37321075974161,0.153881932021467,DCTN4
D1_median_center_sensitivity,DNA_REPAIR,1.37321075974161,0.153881932021467,SF3A3
D1_median_center_sensitivity,DNA_REPAIR,1.37321075974161,0.153881932021467,ITPA
D1_median_center_sensitivity,DNA_REPAIR,1.37321075974161,0.153881932021467,UPF3B
D1_median_center_sensitivity,DNA_REPAIR,1.37321075974161,0.153881932021467,GMPR2
D1_median_center_sensitivity,DNA_REPAIR,1.37321075974161,0.153881932021467,HPRT1
D1_median_center_sensitivity,DNA_REPAIR,1.37321075974161,0.153881932021467,SUPT5H
D1_median_center_sensitivity,DNA_REPAIR,1.37321075974161,0.153881932021467,TSG101
D1_median_center_sensitivity,E2F_TARGETS,1.69570554734982,0.0158551361411195,HMGA1
D1_median_center_sensitivity,E2F_TARGETS,1.69570554734982,0.0158551361411195,SRSF1
D1_median_center_sensitivity,E2F_TARGETS,1.69570554734982,0.0158551361411195,ILF3
D1_median_center_sensitivity,E2F_TARGETS,1.69570554734982,0.0158551361411195,SYNCRIP
D1_median_center_sensitivity,E2F_TARGETS,1.69570554734982,0.0158551361411195,CSE1L
D1_median_center_sensitivity,E2F_TARGETS,1.69570554734982,0.0158551361411195,NUDT21
D1_median_center_sensitivity,E2F_TARGETS,1.69570554734982,0.0158551361411195,PRPS1
D1_median_center_sensitivity,E2F_TARGETS,1.69570554734982,0.0158551361411195,DNMT1
D1_median_center_sensitivity,E2F_TARGETS,1.69570554734982,0.0158551361411195,HNRNPD
D1_median_center_sensitivity,E2F_TARGETS,1.69570554734982,0.0158551361411195,SRSF2
D1_median_center_sensitivity,E2F_TARGETS,1.69570554734982,0.0158551361411195,NME1
D1_median_center_sensitivity,E2F_TARGETS,1.69570554734982,0.0158551361411195,RAD50
D1_median_center_sensitivity,E2F_TARGETS,1.69570554734982,0.0158551361411195,PRDX4
D1_median_center_sensitivity,E2F_TARGETS,1.69570554734982,0.0158551361411195,CTPS1
D1_median_center_sensitivity,E2F_TARGETS,1.69570554734982,0.0158551361411195,RAN
D1_median_center_sensitivity,E2F_TARGETS,1.69570554734982,0.0158551361411195,TMPO
D1_median_center_sensitivity,E2F_TARGETS,1.69570554734982,0.0158551361411195,PAICS
D1_median_center_sensitivity,E2F_TARGETS,1.69570554734982,0.0158551361411195,XPO1
D1_median_center_sensitivity,E2F_TARGETS,1.69570554734982,0.0158551361411195,EIF2S1
D1_median_center_sensitivity,E2F_TARGETS,1.69570554734982,0.0158551361411195,GSPT1
D1_median_center_sensitivity,EPITHELIAL_MESENCHYMAL_TRANSITION,1.82905424319088,0.00153089043475487,NNMT
D1_median_center_sensitivity,EPITHELIAL_MESENCHYMAL_TRANSITION,1.82905424319088,0.00153089043475487,POSTN
D1_median_center_sensitivity,EPITHELIAL_MESENCHYMAL_TRANSITION,1.82905424319088,0.00153089043475487,COL1A2
D1_median_center_sensitivity,EPITHELIAL_MESENCHYMAL_TRANSITION,1.82905424319088,0.00153089043475487,LOX
D1_median_center_sensitivity,EPITHELIAL_MESENCHYMAL_TRANSITION,1.82905424319088,0.00153089043475487,COL1A1
D1_median_center_sensitivity,EPITHELIAL_MESENCHYMAL_TRANSITION,1.82905424319088,0.00153089043475487,LGALS1
D1_median_center_sensitivity,EPITHELIAL_MESENCHYMAL_TRANSITION,1.82905424319088,0.00153089043475487,LUM
D1_median_center_sensitivity,EPITHELIAL_MESENCHYMAL_TRANSITION,1.82905424319088,0.00153089043475487,IGFBP2
D1_median_center_sensitivity,EPITHELIAL_MESENCHYMAL_TRANSITION,1.82905424319088,0.00153089043475487,COL6A2
D1_median_center_sensitivity,EPITHELIAL_MESENCHYMAL_TRANSITION,1.82905424319088,0.00153089043475487,TGM2
D1_median_center_sensitivity,EPITHELIAL_MESENCHYMAL_TRANSITION,1.82905424319088,0.00153089043475487,COL6A3
D1_median_center_sensitivity,EPITHELIAL_MESENCHYMAL_TRANSITION,1.82905424319088,0.00153089043475487,FBLN1
D1_median_center_sensitivity,EPITHELIAL_MESENCHYMAL_TRANSITION,1.82905424319088,0.00153089043475487,COLGALT1
D1_median_center_sensitivity,EPITHELIAL_MESENCHYMAL_TRANSITION,1.82905424319088,0.00153089043475487,ELN
D1_median_center_sensitivity,EPITHELIAL_MESENCHYMAL_TRANSITION,1.82905424319088,0.00153089043475487,COL3A1
D1_median_center_sensitivity,EPITHELIAL_MESENCHYMAL_TRANSITION,1.82905424319088,0.00153089043475487,CAPG
D1_median_center_sensitivity,EPITHELIAL_MESENCHYMAL_TRANSITION,1.82905424319088,0.00153089043475487,THBS2
D1_median_center_sensitivity,EPITHELIAL_MESENCHYMAL_TRANSITION,1.82905424319088,0.00153089043475487,ECM1
D1_median_center_sensitivity,EPITHELIAL_MESENCHYMAL_TRANSITION,1.82905424319088,0.00153089043475487,VCAM1
D1_median_center_sensitivity,EPITHELIAL_MESENCHYMAL_TRANSITION,1.82905424319088,0.00153089043475487,ABI3BP
D1_median_center_sensitivity,EPITHELIAL_MESENCHYMAL_TRANSITION,1.82905424319088,0.00153089043475487,MMP1
D1_median_center_sensitivity,EPITHELIAL_MESENCHYMAL_TRANSITION,1.82905424319088,0.00153089043475487,LAMC2
D1_median_center_sensitivity,EPITHELIAL_MESENCHYMAL_TRANSITION,1.82905424319088,0.00153089043475487,MMP3
D1_median_center_sensitivity,EPITHELIAL_MESENCHYMAL_TRANSITION,1.82905424319088,0.00153089043475487,LRP1
D1_median_center_sensitivity,EPITHELIAL_MESENCHYMAL_TRANSITION,1.82905424319088,0.00153089043475487,BASP1
D1_median_center_sensitivity,EPITHELIAL_MESENCHYMAL_TRANSITION,1.82905424319088,0.00153089043475487,NOTCH2
D1_median_center_sensitivity,EPITHELIAL_MESENCHYMAL_TRANSITION,1.82905424319088,0.00153089043475487,FBN1
D1_median_center_sensitivity,EPITHELIAL_MESENCHYMAL_TRANSITION,1.82905424319088,0.00153089043475487,TNC
D1_median_center_sensitivity,EPITHELIAL_MESENCHYMAL_TRANSITION,1.82905424319088,0.00153089043475487,VCAN
D1_median_center_sensitivity,EPITHELIAL_MESENCHYMAL_TRANSITION,1.82905424319088,0.00153089043475487,PVR
D1_median_center_sensitivity,EPITHELIAL_MESENCHYMAL_TRANSITION,1.82905424319088,0.00153089043475487,FN1
D1_median_center_sensitivity,EPITHELIAL_MESENCHYMAL_TRANSITION,1.82905424319088,0.00153089043475487,MATN2
D1_median_center_sensitivity,EPITHELIAL_MESENCHYMAL_TRANSITION,1.82905424319088,0.00153089043475487,MGP
D1_median_center_sensitivity,EPITHELIAL_MESENCHYMAL_TRANSITION,1.82905424319088,0.00153089043475487,IGFBP4
D1_median_center_sensitivity,EPITHELIAL_MESENCHYMAL_TRANSITION,1.82905424319088,0.00153089043475487,FERMT2
D1_median_center_sensitivity,EPITHELIAL_MESENCHYMAL_TRANSITION,1.82905424319088,0.00153089043475487,MMP2
D1_median_center_sensitivity,EPITHELIAL_MESENCHYMAL_TRANSITION,1.82905424319088,0.00153089043475487,CCN1
D1_median_center_sensitivity,EPITHELIAL_MESENCHYMAL_TRANSITION,1.82905424319088,0.00153089043475487,DCN
D1_median_center_sensitivity,EPITHELIAL_MESENCHYMAL_TRANSITION,1.82905424319088,0.00153089043475487,WIPF1
D1_median_center_sensitivity,EPITHELIAL_MESENCHYMAL_TRANSITION,1.82905424319088,0.00153089043475487,TIMP1
D1_median_center_sensitivity,EPITHELIAL_MESENCHYMAL_TRANSITION,1.82905424319088,0.00153089043475487,COL4A2
D1_median_center_sensitivity,ESTROGEN_RESPONSE_EARLY,1.62817106719343,0.027226298370762,BLVRB
D1_median_center_sensitivity,ESTROGEN_RESPONSE_EARLY,1.62817106719343,0.027226298370762,INHBB
D1_median_center_sensitivity,ESTROGEN_RESPONSE_EARLY,1.62817106719343,0.027226298370762,TGM2
D1_median_center_sensitivity,ESTROGEN_RESPONSE_EARLY,1.62817106719343,0.027226298370762,STC2
D1_median_center_sensitivity,ESTROGEN_RESPONSE_EARLY,1.62817106719343,0.027226298370762,OLFM1
D1_median_center_sensitivity,ESTROGEN_RESPONSE_EARLY,1.62817106719343,0.027226298370762,CCN5
D1_median_center_sensitivity,ESTROGEN_RESPONSE_EARLY,1.62817106719343,0.027226298370762,PRSS23
D1_median_center_sensitivity,ESTROGEN_RESPONSE_EARLY,1.62817106719343,0.027226298370762,THSD4
D1_median_center_sensitivity,ESTROGEN_RESPONSE_EARLY,1.62817106719343,0.027226298370762,PODXL
D1_median_center_sensitivity,ESTROGEN_RESPONSE_EARLY,1.62817106719343,0.027226298370762,ABAT
D1_median_center_sensitivity,ESTROGEN_RESPONSE_EARLY,1.62817106719343,0.027226298370762,TFF1
D1_median_center_sensitivity,ESTROGEN_RESPONSE_EARLY,1.62817106719343,0.027226298370762,B4GALT1
D1_median_center_sensitivity,ESTROGEN_RESPONSE_EARLY,1.62817106719343,0.027226298370762,FLNB
D1_median_center_sensitivity,ESTROGEN_RESPONSE_EARLY,1.62817106719343,0.027226298370762,IGFBP4
D1_median_center_sensitivity,ESTROGEN_RESPONSE_EARLY,1.62817106719343,0.027226298370762,MYBBP1A
D1_median_center_sensitivity,ESTROGEN_RESPONSE_EARLY,1.62817106719343,0.027226298370762,SLC7A5
D1_median_center_sensitivity,ESTROGEN_RESPONSE_EARLY,1.62817106719343,0.027226298370762,NCOR2
D1_median_center_sensitivity,ESTROGEN_RESPONSE_EARLY,1.62817106719343,0.027226298370762,FKBP5
D1_median_center_sensitivity,ESTROGEN_RESPONSE_EARLY,1.62817106719343,0.027226298370762,DHCR7
D1_median_center_sensitivity,ESTROGEN_RESPONSE_EARLY,1.62817106719343,0.027226298370762,FASN
D1_median_center_sensitivity,ESTROGEN_RESPONSE_LATE,1.70033865405676,0.0158551361411195,UGDH
D1_median_center_sensitivity,ESTROGEN_RESPONSE_LATE,1.70033865405676,0.0158551361411195,BLVRB
D1_median_center_sensitivity,ESTROGEN_RESPONSE_LATE,1.70033865405676,0.0158551361411195,TST
D1_median_center_sensitivity,ESTROGEN_RESPONSE_LATE,1.70033865405676,0.0158551361411195,HMGCS2
D1_median_center_sensitivity,ESTROGEN_RESPONSE_LATE,1.70033865405676,0.0158551361411195,OLFM1
D1_median_center_sensitivity,ESTROGEN_RESPONSE_LATE,1.70033865405676,0.0158551361411195,CCN5
D1_median_center_sensitivity,ESTROGEN_RESPONSE_LATE,1.70033865405676,0.0158551361411195,SORD
D1_median_center_sensitivity,ESTROGEN_RESPONSE_LATE,1.70033865405676,0.0158551361411195,PTPN6
D1_median_center_sensitivity,ESTROGEN_RESPONSE_LATE,1.70033865405676,0.0158551361411195,ETFB
D1_median_center_sensitivity,ESTROGEN_RESPONSE_LATE,1.70033865405676,0.0158551361411195,LAMC2
D1_median_center_sensitivity,ESTROGEN_RESPONSE_LATE,1.70033865405676,0.0158551361411195,PRSS23
D1_median_center_sensitivity,ESTROGEN_RESPONSE_LATE,1.70033865405676,0.0158551361411195,ASS1
D1_median_center_sensitivity,ESTROGEN_RESPONSE_LATE,1.70033865405676,0.0158551361411195,TFF1
D1_median_center_sensitivity,ESTROGEN_RESPONSE_LATE,1.70033865405676,0.0158551361411195,FLNB
D1_median_center_sensitivity,ESTROGEN_RESPONSE_LATE,1.70033865405676,0.0158551361411195,IGFBP4
D1_median_center_sensitivity,ESTROGEN_RESPONSE_LATE,1.70033865405676,0.0158551361411195,SLC7A5
D1_median_center_sensitivity,ESTROGEN_RESPONSE_LATE,1.70033865405676,0.0158551361411195,CDH1
D1_median_center_sensitivity,ESTROGEN_RESPONSE_LATE,1.70033865405676,0.0158551361411195,DCXR
D1_median_center_sensitivity,ESTROGEN_RESPONSE_LATE,1.70033865405676,0.0158551361411195,NCOR2
D1_median_center_sensitivity,ESTROGEN_RESPONSE_LATE,1.70033865405676,0.0158551361411195,FKBP5
D1_median_center_sensitivity,ESTROGEN_RESPONSE_LATE,1.70033865405676,0.0158551361411195,DHCR7
D1_median_center_sensitivity,ESTROGEN_RESPONSE_LATE,1.70033865405676,0.0158551361411195,CXCL14
D1_median_center_sensitivity,FATTY_ACID_METABOLISM,1.72189788492492,0.00709552496465864,CBR1
D1_median_center_sensitivity,FATTY_ACID_METABOLISM,1.72189788492492,0.00709552496465864,CBR3
D1_median_center_sensitivity,FATTY_ACID_METABOLISM,1.72189788492492,0.00709552496465864,MIF
D1_median_center_sensitivity,FATTY_ACID_METABOLISM,1.72189788492492,0.00709552496465864,LGALS1
D1_median_center_sensitivity,FATTY_ACID_METABOLISM,1.72189788492492,0.00709552496465864,UGDH
D1_median_center_sensitivity,FATTY_ACID_METABOLISM,1.72189788492492,0.00709552496465864,ADSL
D1_median_center_sensitivity,FATTY_ACID_METABOLISM,1.72189788492492,0.00709552496465864,ALDH9A1
D1_median_center_sensitivity,FATTY_ACID_METABOLISM,1.72189788492492,0.00709552496465864,PRDX6
D1_median_center_sensitivity,FATTY_ACID_METABOLISM,1.72189788492492,0.00709552496465864,HMGCS2
D1_median_center_sensitivity,FATTY_ACID_METABOLISM,1.72189788492492,0.00709552496465864,GRHPR
D1_median_center_sensitivity,FATTY_ACID_METABOLISM,1.72189788492492,0.00709552496465864,LDHA
D1_median_center_sensitivity,FATTY_ACID_METABOLISM,1.72189788492492,0.00709552496465864,CRYZ
D1_median_center_sensitivity,FATTY_ACID_METABOLISM,1.72189788492492,0.00709552496465864,ADH1C
D1_median_center_sensitivity,FATTY_ACID_METABOLISM,1.72189788492492,0.00709552496465864,ENO3
D1_median_center_sensitivity,FATTY_ACID_METABOLISM,1.72189788492492,0.00709552496465864,PSME1
D1_median_center_sensitivity,FATTY_ACID_METABOLISM,1.72189788492492,0.00709552496465864,REEP6
D1_median_center_sensitivity,FATTY_ACID_METABOLISM,1.72189788492492,0.00709552496465864,SUCLG1
D1_median_center_sensitivity,FATTY_ACID_METABOLISM,1.72189788492492,0.00709552496465864,ACAT2
D1_median_center_sensitivity,FATTY_ACID_METABOLISM,1.72189788492492,0.00709552496465864,ACAA2
D1_median_center_sensitivity,FATTY_ACID_METABOLISM,1.72189788492492,0.00709552496465864,ECI2
D1_median_center_sensitivity,FATTY_ACID_METABOLISM,1.72189788492492,0.00709552496465864,ALDH1A1
D1_median_center_sensitivity,FATTY_ACID_METABOLISM,1.72189788492492,0.00709552496465864,EHHADH
D1_median_center_sensitivity,FATTY_ACID_METABOLISM,1.72189788492492,0.00709552496465864,ACADS
D1_median_center_sensitivity,FATTY_ACID_METABOLISM,1.72189788492492,0.00709552496465864,IDH1
D1_median_center_sensitivity,FATTY_ACID_METABOLISM,1.72189788492492,0.00709552496465864,SUCLG2
D1_median_center_sensitivity,G2M_CHECKPOINT,2.02656513174108,0.000929301171605814,MT2A
D1_median_center_sensitivity,G2M_CHECKPOINT,2.02656513174108,0.000929301171605814,HMGA1
D1_median_center_sensitivity,G2M_CHECKPOINT,2.02656513174108,0.000929301171605814,CUL1
D1_median_center_sensitivity,G2M_CHECKPOINT,2.02656513174108,0.000929301171605814,PRMT5
D1_median_center_sensitivity,G2M_CHECKPOINT,2.02656513174108,0.000929301171605814,EWSR1
D1_median_center_sensitivity,G2M_CHECKPOINT,2.02656513174108,0.000929301171605814,G3BP1
D1_median_center_sensitivity,G2M_CHECKPOINT,2.02656513174108,0.000929301171605814,SRSF1
D1_median_center_sensitivity,G2M_CHECKPOINT,2.02656513174108,0.000929301171605814,ILF3
D1_median_center_sensitivity,G2M_CHECKPOINT,2.02656513174108,0.000929301171605814,SYNCRIP
D1_median_center_sensitivity,G2M_CHECKPOINT,2.02656513174108,0.000929301171605814,NOTCH2
D1_median_center_sensitivity,G2M_CHECKPOINT,2.02656513174108,0.000929301171605814,CUL4A
D1_median_center_sensitivity,G2M_CHECKPOINT,2.02656513174108,0.000929301171605814,NCL
D1_median_center_sensitivity,G2M_CHECKPOINT,2.02656513174108,0.000929301171605814,BUB3
D1_median_center_sensitivity,G2M_CHECKPOINT,2.02656513174108,0.000929301171605814,HNRNPD
D1_median_center_sensitivity,G2M_CHECKPOINT,2.02656513174108,0.000929301171605814,SRSF2
D1_median_center_sensitivity,G2M_CHECKPOINT,2.02656513174108,0.000929301171605814,PAFAH1B1
D1_median_center_sensitivity,G2M_CHECKPOINT,2.02656513174108,0.000929301171605814,SFPQ
D1_median_center_sensitivity,G2M_CHECKPOINT,2.02656513174108,0.000929301171605814,SLC7A5
D1_median_center_sensitivity,G2M_CHECKPOINT,2.02656513174108,0.000929301171605814,UPF1
D1_median_center_sensitivity,G2M_CHECKPOINT,2.02656513174108,0.000929301171605814,HSPA8
D1_median_center_sensitivity,G2M_CHECKPOINT,2.02656513174108,0.000929301171605814,TMPO
D1_median_center_sensitivity,G2M_CHECKPOINT,2.02656513174108,0.000929301171605814,PRP4K
D1_median_center_sensitivity,G2M_CHECKPOINT,2.02656513174108,0.000929301171605814,MAPK14
D1_median_center_sensitivity,G2M_CHECKPOINT,2.02656513174108,0.000929301171605814,XPO1
D1_median_center_sensitivity,G2M_CHECKPOINT,2.02656513174108,0.000929301171605814,CUL3
D1_median_center_sensitivity,G2M_CHECKPOINT,2.02656513174108,0.000929301171605814,GSPT1
D1_median_center_sensitivity,G2M_CHECKPOINT,2.02656513174108,0.000929301171605814,HMGB3
D1_median_center_sensitivity,G2M_CHECKPOINT,2.02656513174108,0.000929301171605814,MARCKS
D1_median_center_sensitivity,G2M_CHECKPOINT,2.02656513174108,0.000929301171605814,SRSF10
D1_median_center_sensitivity,G2M_CHECKPOINT,2.02656513174108,0.000929301171605814,TOP1
D1_median_center_sensitivity,G2M_CHECKPOINT,2.02656513174108,0.000929301171605814,RAD23B
D1_median_center_sensitivity,G2M_CHECKPOINT,2.02656513174108,0.000929301171605814,NASP
D1_median_center_sensitivity,G2M_CHECKPOINT,2.02656513174108,0.000929301171605814,HMGN2
D1_median_center_sensitivity,G2M_CHECKPOINT,2.02656513174108,0.000929301171605814,KPNB1
D1_median_center_sensitivity,G2M_CHECKPOINT,2.02656513174108,0.000929301171605814,RBM14
D1_median_center_sensitivity,G2M_CHECKPOINT,2.02656513174108,0.000929301171605814,SLC7A1
D1_median_center_sensitivity,G2M_CHECKPOINT,2.02656513174108,0.000929301171605814,CUL5
D1_median_center_sensitivity,G2M_CHECKPOINT,2.02656513174108,0.000929301171605814,DKC1
D1_median_center_sensitivity,GLYCOLYSIS,1.73688466973536,0.00709552496465864,PMM2
D1_median_center_sensitivity,GLYCOLYSIS,1.73688466973536,0.00709552496465864,MIF
D1_median_center_sensitivity,GLYCOLYSIS,1.73688466973536,0.00709552496465864,ENO1
D1_median_center_sensitivity,GLYCOLYSIS,1.73688466973536,0.00709552496465864,PGK1
D1_median_center_sensitivity,GLYCOLYSIS,1.73688466973536,0.00709552496465864,AKR1A1
D1_median_center_sensitivity,GLYCOLYSIS,1.73688466973536,0.00709552496465864,FUT8
D1_median_center_sensitivity,GLYCOLYSIS,1.73688466973536,0.00709552496465864,ALDH9A1
D1_median_center_sensitivity,GLYCOLYSIS,1.73688466973536,0.00709552496465864,STC2
D1_median_center_sensitivity,GLYCOLYSIS,1.73688466973536,0.00709552496465864,AGL
D1_median_center_sensitivity,GLYCOLYSIS,1.73688466973536,0.00709552496465864,LDHA
D1_median_center_sensitivity,GLYCOLYSIS,1.73688466973536,0.00709552496465864,GMPPA
D1_median_center_sensitivity,GLYCOLYSIS,1.73688466973536,0.00709552496465864,AGRN
D1_median_center_sensitivity,GLYCOLYSIS,1.73688466973536,0.00709552496465864,ANGPTL4
D1_median_center_sensitivity,GLYCOLYSIS,1.73688466973536,0.00709552496465864,GCLC
D1_median_center_sensitivity,GLYCOLYSIS,1.73688466973536,0.00709552496465864,PRPS1
D1_median_center_sensitivity,GLYCOLYSIS,1.73688466973536,0.00709552496465864,GMPPB
D1_median_center_sensitivity,GLYCOLYSIS,1.73688466973536,0.00709552496465864,VCAN
D1_median_center_sensitivity,GLYCOLYSIS,1.73688466973536,0.00709552496465864,GALK1
D1_median_center_sensitivity,GLYCOLYSIS,1.73688466973536,0.00709552496465864,PKM
D1_median_center_sensitivity,GLYCOLYSIS,1.73688466973536,0.00709552496465864,IDH1
D1_median_center_sensitivity,GLYCOLYSIS,1.73688466973536,0.00709552496465864,B4GALT1
D1_median_center_sensitivity,GLYCOLYSIS,1.73688466973536,0.00709552496465864,TALDO1
D1_median_center_sensitivity,GLYCOLYSIS,1.73688466973536,0.00709552496465864,PGLS
D1_median_center_sensitivity,GLYCOLYSIS,1.73688466973536,0.00709552496465864,PGAM1
D1_median_center_sensitivity,GLYCOLYSIS,1.73688466973536,0.00709552496465864,B3GALT6
D1_median_center_sensitivity,GLYCOLYSIS,1.73688466973536,0.00709552496465864,ALDOB
D1_median_center_sensitivity,GLYCOLYSIS,1.73688466973536,0.00709552496465864,PYGL
D1_median_center_sensitivity,GLYCOLYSIS,1.73688466973536,0.00709552496465864,DCN
D1_median_center_sensitivity,GLYCOLYSIS,1.73688466973536,0.00709552496465864,GNPDA1
D1_median_center_sensitivity,GLYCOLYSIS,1.73688466973536,0.00709552496465864,RPE
D1_median_center_sensitivity,GLYCOLYSIS,1.73688466973536,0.00709552496465864,PLOD1
D1_median_center_sensitivity,HEME_METABOLISM,0.751458763521246,0.992913872639939,GMPS
D1_median_center_sensitivity,HEME_METABOLISM,0.751458763521246,0.992913872639939,HAGH
D1_median_center_sensitivity,HEME_METABOLISM,0.751458763521246,0.992913872639939,BLVRB
D1_median_center_sensitivity,HEME_METABOLISM,0.751458763521246,0.992913872639939,HTATIP2
D1_median_center_sensitivity,HEME_METABOLISM,0.751458763521246,0.992913872639939,FTCD
D1_median_center_sensitivity,HEME_METABOLISM,0.751458763521246,0.992913872639939,MYL4
D1_median_center_sensitivity,HEME_METABOLISM,0.751458763521246,0.992913872639939,CTSB
D1_median_center_sensitivity,HEME_METABOLISM,0.751458763521246,0.992913872639939,SELENBP1
D1_median_center_sensitivity,HEME_METABOLISM,0.751458763521246,0.992913872639939,GCLC
D1_median_center_sensitivity,HEME_METABOLISM,0.751458763521246,0.992913872639939,ALDH6A1
D1_median_center_sensitivity,HEME_METABOLISM,0.751458763521246,0.992913872639939,PGLS
D1_median_center_sensitivity,HEME_METABOLISM,0.751458763521246,0.992913872639939,FECH
D1_median_center_sensitivity,HEME_METABOLISM,0.751458763521246,0.992913872639939,FBXO7
D1_median_center_sensitivity,HEME_METABOLISM,0.751458763521246,0.992913872639939,CAST
D1_median_center_sensitivity,HEME_METABOLISM,0.751458763521246,0.992913872639939,RNF123
D1_median_center_sensitivity,HEME_METABOLISM,0.751458763521246,0.992913872639939,BPGM
D1_median_center_sensitivity,HEME_METABOLISM,0.751458763521246,0.992913872639939,HBZ
D1_median_center_sensitivity,HEME_METABOLISM,0.751458763521246,0.992913872639939,BMP2K
D1_median_center_sensitivity,HEME_METABOLISM,0.751458763521246,0.992913872639939,DCUN1D1
D1_median_center_sensitivity,HEME_METABOLISM,0.751458763521246,0.992913872639939,MAP2K3
D1_median_center_sensitivity,HEME_METABOLISM,0.751458763521246,0.992913872639939,KHNYN
D1_median_center_sensitivity,HEME_METABOLISM,0.751458763521246,0.992913872639939,SYNJ1
D1_median_center_sensitivity,HEME_METABOLISM,0.751458763521246,0.992913872639939,PICALM
D1_median_center_sensitivity,HEME_METABOLISM,0.751458763521246,0.992913872639939,RBM38
D1_median_center_sensitivity,HEME_METABOLISM,0.751458763521246,0.992913872639939,PSMD9
D1_median_center_sensitivity,HEME_METABOLISM,0.751458763521246,0.992913872639939,AHSP
D1_median_center_sensitivity,HEME_METABOLISM,0.751458763521246,0.992913872639939,TOP1
D1_median_center_sensitivity,HYPOXIA,1.89681414067093,0.00170749228924535,MT2A
D1_median_center_sensitivity,HYPOXIA,1.89681414067093,0.00170749228924535,MIF
D1_median_center_sensitivity,HYPOXIA,1.89681414067093,0.00170749228924535,LOX
D1_median_center_sensitivity,HYPOXIA,1.89681414067093,0.00170749228924535,PKLR
D1_median_center_sensitivity,HYPOXIA,1.89681414067093,0.00170749228924535,ENO1
D1_median_center_sensitivity,HYPOXIA,1.89681414067093,0.00170749228924535,PGK1
D1_median_center_sensitivity,HYPOXIA,1.89681414067093,0.00170749228924535,TGM2
D1_median_center_sensitivity,HYPOXIA,1.89681414067093,0.00170749228924535,STC2
D1_median_center_sensitivity,HYPOXIA,1.89681414067093,0.00170749228924535,GRHPR
D1_median_center_sensitivity,HYPOXIA,1.89681414067093,0.00170749228924535,LDHA
D1_median_center_sensitivity,HYPOXIA,1.89681414067093,0.00170749228924535,CSRP2
D1_median_center_sensitivity,HYPOXIA,1.89681414067093,0.00170749228924535,CCN5
D1_median_center_sensitivity,HYPOXIA,1.89681414067093,0.00170749228924535,ANGPTL4
D1_median_center_sensitivity,HYPOXIA,1.89681414067093,0.00170749228924535,XPNPEP1
D1_median_center_sensitivity,HYPOXIA,1.89681414067093,0.00170749228924535,HMOX1
D1_median_center_sensitivity,HYPOXIA,1.89681414067093,0.00170749228924535,ENO3
D1_median_center_sensitivity,HYPOXIA,1.89681414067093,0.00170749228924535,SELENBP1
D1_median_center_sensitivity,HYPOXIA,1.89681414067093,0.00170749228924535,PGM1
D1_median_center_sensitivity,HYPOXIA,1.89681414067093,0.00170749228924535,TES
D1_median_center_sensitivity,HYPOXIA,1.89681414067093,0.00170749228924535,GAPDH
D1_median_center_sensitivity,HYPOXIA,1.89681414067093,0.00170749228924535,NAGK
D1_median_center_sensitivity,HYPOXIA,1.89681414067093,0.00170749228924535,GALK1
D1_median_center_sensitivity,HYPOXIA,1.89681414067093,0.00170749228924535,B3GALT6
D1_median_center_sensitivity,HYPOXIA,1.89681414067093,0.00170749228924535,ALDOC
D1_median_center_sensitivity,HYPOXIA,1.89681414067093,0.00170749228924535,ALDOB
D1_median_center_sensitivity,HYPOXIA,1.89681414067093,0.00170749228924535,CCN1
D1_median_center_sensitivity,HYPOXIA,1.89681414067093,0.00170749228924535,DCN
D1_median_center_sensitivity,HYPOXIA,1.89681414067093,0.00170749228924535,CAVIN1
D1_median_center_sensitivity,HYPOXIA,1.89681414067093,0.00170749228924535,EFNA1
D1_median_center_sensitivity,HYPOXIA,1.89681414067093,0.00170749228924535,BGN
D1_median_center_sensitivity,HYPOXIA,1.89681414067093,0.00170749228924535,LXN
D1_median_center_sensitivity,HYPOXIA,1.89681414067093,0.00170749228924535,UGP2
D1_median_center_sensitivity,HYPOXIA,1.89681414067093,0.00170749228924535,PFKL
D1_median_center_sensitivity,HYPOXIA,1.89681414067093,0.00170749228924535,CP
D1_median_center_sensitivity,IL2_STAT5_SIGNALING,1.48065269290677,0.0755676763665848,AHNAK
D1_median_center_sensitivity,IL2_STAT5_SIGNALING,1.48065269290677,0.0755676763665848,BMP2
D1_median_center_sensitivity,IL2_STAT5_SIGNALING,1.48065269290677,0.0755676763665848,COL6A1
D1_median_center_sensitivity,IL2_STAT5_SIGNALING,1.48065269290677,0.0755676763665848,TGM2
D1_median_center_sensitivity,IL2_STAT5_SIGNALING,1.48065269290677,0.0755676763665848,RNH1
D1_median_center_sensitivity,IL2_STAT5_SIGNALING,1.48065269290677,0.0755676763665848,AHCY
D1_median_center_sensitivity,IL2_STAT5_SIGNALING,1.48065269290677,0.0755676763665848,CAPG
D1_median_center_sensitivity,IL2_STAT5_SIGNALING,1.48065269290677,0.0755676763665848,ITIH5
D1_median_center_sensitivity,IL2_STAT5_SIGNALING,1.48065269290677,0.0755676763665848,ECM1
D1_median_center_sensitivity,IL2_STAT5_SIGNALING,1.48065269290677,0.0755676763665848,ENO3
D1_median_center_sensitivity,IL2_STAT5_SIGNALING,1.48065269290677,0.0755676763665848,UMPS
D1_median_center_sensitivity,IL2_STAT5_SIGNALING,1.48065269290677,0.0755676763665848,NRP1
D1_median_center_sensitivity,IL2_STAT5_SIGNALING,1.48065269290677,0.0755676763665848,IGF2R
D1_median_center_sensitivity,IL2_STAT5_SIGNALING,1.48065269290677,0.0755676763665848,CTSZ
D1_median_center_sensitivity,IL2_STAT5_SIGNALING,1.48065269290677,0.0755676763665848,GSTO1
D1_median_center_sensitivity,IL2_STAT5_SIGNALING,1.48065269290677,0.0755676763665848,TNFSF10
D1_median_center_sensitivity,IL2_STAT5_SIGNALING,1.48065269290677,0.0755676763665848,CYFIP1
D1_median_center_sensitivity,IL6_JAK_STAT3_SIGNALING,-0.656891074505314,0.992913872639939,CD9
D1_median_center_sensitivity,IL6_JAK_STAT3_SIGNALING,-0.656891074505314,0.992913872639939,ITGB3
D1_median_center_sensitivity,IL6_JAK_STAT3_SIGNALING,-0.656891074505314,0.992913872639939,PDGFC
D1_median_center_sensitivity,IL6_JAK_STAT3_SIGNALING,-0.656891074505314,0.992913872639939,STAT3
D1_median_center_sensitivity,IL6_JAK_STAT3_SIGNALING,-0.656891074505314,0.992913872639939,CD36
D1_median_center_sensitivity,IL6_JAK_STAT3_SIGNALING,-0.656891074505314,0.992913872639939,PLA2G2A
D1_median_center_sensitivity,IL6_JAK_STAT3_SIGNALING,-0.656891074505314,0.992913872639939,CXCL10
D1_median_center_sensitivity,IL6_JAK_STAT3_SIGNALING,-0.656891074505314,0.992913872639939,EBI3
D1_median_center_sensitivity,IL6_JAK_STAT3_SIGNALING,-0.656891074505314,0.992913872639939,STAT2
D1_median_center_sensitivity,IL6_JAK_STAT3_SIGNALING,-0.656891074505314,0.992913872639939,TGFB1
D1_median_center_sensitivity,IL6_JAK_STAT3_SIGNALING,-0.656891074505314,0.992913872639939,IL17RA
D1_median_center_sensitivity,IL6_JAK_STAT3_SIGNALING,-0.656891074505314,0.992913872639939,IL6ST
D1_median_center_sensitivity,IL6_JAK_STAT3_SIGNALING,-0.656891074505314,0.992913872639939,CXCL9
D1_median_center_sensitivity,INFLAMMATORY_RESPONSE,0.710572079759203,0.992913872639939,CCL24
D1_median_center_sensitivity,INFLAMMATORY_RESPONSE,0.710572079759203,0.992913872639939,STAB1
D1_median_center_sensitivity,INFLAMMATORY_RESPONSE,0.710572079759203,0.992913872639939,NAMPT
D1_median_center_sensitivity,INFLAMMATORY_RESPONSE,0.710572079759203,0.992913872639939,SRI
D1_median_center_sensitivity,INFLAMMATORY_RESPONSE,0.710572079759203,0.992913872639939,TNFSF10
D1_median_center_sensitivity,INFLAMMATORY_RESPONSE,0.710572079759203,0.992913872639939,PVR
D1_median_center_sensitivity,INFLAMMATORY_RESPONSE,0.710572079759203,0.992913872639939,MSR1
D1_median_center_sensitivity,INFLAMMATORY_RESPONSE,0.710572079759203,0.992913872639939,TNFAIP6
D1_median_center_sensitivity,INFLAMMATORY_RESPONSE,0.710572079759203,0.992913872639939,ABI1
D1_median_center_sensitivity,INFLAMMATORY_RESPONSE,0.710572079759203,0.992913872639939,TIMP1
D1_median_center_sensitivity,INFLAMMATORY_RESPONSE,0.710572079759203,0.992913872639939,SELENOS
D1_median_center_sensitivity,INFLAMMATORY_RESPONSE,0.710572079759203,0.992913872639939,MARCO
D1_median_center_sensitivity,INFLAMMATORY_RESPONSE,0.710572079759203,0.992913872639939,BST2
D1_median_center_sensitivity,INFLAMMATORY_RESPONSE,0.710572079759203,0.992913872639939,C5AR1
D1_median_center_sensitivity,INFLAMMATORY_RESPONSE,0.710572079759203,0.992913872639939,CD14
D1_median_center_sensitivity,INFLAMMATORY_RESPONSE,0.710572079759203,0.992913872639939,SELL
D1_median_center_sensitivity,INTERFERON_ALPHA_RESPONSE,-0.941148248305,0.782669999359098,TAP1
D1_median_center_sensitivity,INTERFERON_ALPHA_RESPONSE,-0.941148248305,0.782669999359098,RNF31
D1_median_center_sensitivity,INTERFERON_ALPHA_RESPONSE,-0.941148248305,0.782669999359098,CD47
D1_median_center_sensitivity,INTERFERON_ALPHA_RESPONSE,-0.941148248305,0.782669999359098,PARP12
D1_median_center_sensitivity,INTERFERON_ALPHA_RESPONSE,-0.941148248305,0.782669999359098,DDX60
D1_median_center_sensitivity,INTERFERON_ALPHA_RESPONSE,-0.941148248305,0.782669999359098,TRIM5
D1_median_center_sensitivity,INTERFERON_ALPHA_RESPONSE,-0.941148248305,0.782669999359098,UBA7
D1_median_center_sensitivity,INTERFERON_ALPHA_RESPONSE,-0.941148248305,0.782669999359098,PLSCR1
D1_median_center_sensitivity,INTERFERON_ALPHA_RESPONSE,-0.941148248305,0.782669999359098,SAMD9
D1_median_center_sensitivity,INTERFERON_GAMMA_RESPONSE,0.684224507406468,0.992913872639939,MT2A
D1_median_center_sensitivity,INTERFERON_GAMMA_RESPONSE,0.684224507406468,0.992913872639939,C1S
D1_median_center_sensitivity,INTERFERON_GAMMA_RESPONSE,0.684224507406468,0.992913872639939,PTPN6
D1_median_center_sensitivity,INTERFERON_GAMMA_RESPONSE,0.684224507406468,0.992913872639939,NAMPT
D1_median_center_sensitivity,INTERFERON_GAMMA_RESPONSE,0.684224507406468,0.992913872639939,SRI
D1_median_center_sensitivity,INTERFERON_GAMMA_RESPONSE,0.684224507406468,0.992913872639939,VCAM1
D1_median_center_sensitivity,INTERFERON_GAMMA_RESPONSE,0.684224507406468,0.992913872639939,PSME1
D1_median_center_sensitivity,INTERFERON_GAMMA_RESPONSE,0.684224507406468,0.992913872639939,PSME2
D1_median_center_sensitivity,KRAS_SIGNALING_DN,0.906885239631436,0.782669999359098,SELENOP
D1_median_center_sensitivity,KRAS_SIGNALING_DN,0.906885239631436,0.782669999359098,IGFBP2
D1_median_center_sensitivity,KRAS_SIGNALING_DN,0.906885239631436,0.782669999359098,LFNG
D1_median_center_sensitivity,KRAS_SIGNALING_UP,0.952089154869185,0.782669999359098,BMP2
D1_median_center_sensitivity,KRAS_SIGNALING_UP,0.952089154869185,0.782669999359098,ANGPTL4
D1_median_center_sensitivity,KRAS_SIGNALING_UP,0.952089154869185,0.782669999359098,LCP1
D1_median_center_sensitivity,KRAS_SIGNALING_UP,0.952089154869185,0.782669999359098,NRP1
D1_median_center_sensitivity,KRAS_SIGNALING_UP,0.952089154869185,0.782669999359098,ADAMDEC1
D1_median_center_sensitivity,KRAS_SIGNALING_UP,0.952089154869185,0.782669999359098,WDR33
D1_median_center_sensitivity,KRAS_SIGNALING_UP,0.952089154869185,0.782669999359098,SPARCL1
D1_median_center_sensitivity,KRAS_SIGNALING_UP,0.952089154869185,0.782669999359098,SPON1
D1_median_center_sensitivity,KRAS_SIGNALING_UP,0.952089154869185,0.782669999359098,PLAT
D1_median_center_sensitivity,MITOTIC_SPINDLE,-1.21001265560135,0.258373317456426,CYTH2
D1_median_center_sensitivity,MITOTIC_SPINDLE,-1.21001265560135,0.258373317456426,ARHGEF12
D1_median_center_sensitivity,MITOTIC_SPINDLE,-1.21001265560135,0.258373317456426,CDC27
D1_median_center_sensitivity,MITOTIC_SPINDLE,-1.21001265560135,0.258373317456426,MYO9B
D1_median_center_sensitivity,MITOTIC_SPINDLE,-1.21001265560135,0.258373317456426,NCK2
D1_median_center_sensitivity,MITOTIC_SPINDLE,-1.21001265560135,0.258373317456426,RABGAP1
D1_median_center_sensitivity,MITOTIC_SPINDLE,-1.21001265560135,0.258373317456426,RASA1
D1_median_center_sensitivity,MITOTIC_SPINDLE,-1.21001265560135,0.258373317456426,TLK1
D1_median_center_sensitivity,MITOTIC_SPINDLE,-1.21001265560135,0.258373317456426,MYH9
D1_median_center_sensitivity,MITOTIC_SPINDLE,-1.21001265560135,0.258373317456426,TBCD
D1_median_center_sensitivity,MITOTIC_SPINDLE,-1.21001265560135,0.258373317456426,FLNA
D1_median_center_sensitivity,MITOTIC_SPINDLE,-1.21001265560135,0.258373317456426,LRPPRC
D1_median_center_sensitivity,MITOTIC_SPINDLE,-1.21001265560135,0.258373317456426,CTTN
D1_median_center_sensitivity,MITOTIC_SPINDLE,-1.21001265560135,0.258373317456426,FGD4
D1_median_center_sensitivity,MITOTIC_SPINDLE,-1.21001265560135,0.258373317456426,ARFGEF1
D1_median_center_sensitivity,MITOTIC_SPINDLE,-1.21001265560135,0.258373317456426,TUBGCP3
D1_median_center_sensitivity,MITOTIC_SPINDLE,-1.21001265560135,0.258373317456426,CSNK1D
D1_median_center_sensitivity,MITOTIC_SPINDLE,-1.21001265560135,0.258373317456426,CKAP5
D1_median_center_sensitivity,MITOTIC_SPINDLE,-1.21001265560135,0.258373317456426,KLC1
D1_median_center_sensitivity,MITOTIC_SPINDLE,-1.21001265560135,0.258373317456426,ROCK1
D1_median_center_sensitivity,MITOTIC_SPINDLE,-1.21001265560135,0.258373317456426,TUBGCP2
D1_median_center_sensitivity,MITOTIC_SPINDLE,-1.21001265560135,0.258373317456426,ATG4B
D1_median_center_sensitivity,MITOTIC_SPINDLE,-1.21001265560135,0.258373317456426,RICTOR
D1_median_center_sensitivity,MITOTIC_SPINDLE,-1.21001265560135,0.258373317456426,DLG1
D1_median_center_sensitivity,MITOTIC_SPINDLE,-1.21001265560135,0.258373317456426,ARHGAP10
D1_median_center_sensitivity,MITOTIC_SPINDLE,-1.21001265560135,0.258373317456426,RANBP9
D1_median_center_sensitivity,MITOTIC_SPINDLE,-1.21001265560135,0.258373317456426,HOOK3
D1_median_center_sensitivity,MITOTIC_SPINDLE,-1.21001265560135,0.258373317456426,RHOF
D1_median_center_sensitivity,MITOTIC_SPINDLE,-1.21001265560135,0.258373317456426,VCL
D1_median_center_sensitivity,MITOTIC_SPINDLE,-1.21001265560135,0.258373317456426,OPHN1
D1_median_center_sensitivity,MITOTIC_SPINDLE,-1.21001265560135,0.258373317456426,RAB3GAP1
D1_median_center_sensitivity,MITOTIC_SPINDLE,-1.21001265560135,0.258373317456426,CDC42BPA
D1_median_center_sensitivity,MITOTIC_SPINDLE,-1.21001265560135,0.258373317456426,TUBA4A
D1_median_center_sensitivity,MITOTIC_SPINDLE,-1.21001265560135,0.258373317456426,KIF5B
D1_median_center_sensitivity,MITOTIC_SPINDLE,-1.21001265560135,0.258373317456426,ARHGEF7
D1_median_center_sensitivity,MITOTIC_SPINDLE,-1.21001265560135,0.258373317456426,ACTN4
D1_median_center_sensitivity,MITOTIC_SPINDLE,-1.21001265560135,0.258373317456426,CEP131
D1_median_center_sensitivity,MITOTIC_SPINDLE,-1.21001265560135,0.258373317456426,DYNLL2
D1_median_center_sensitivity,MITOTIC_SPINDLE,-1.21001265560135,0.258373317456426,EPB41
D1_median_center_sensitivity,MITOTIC_SPINDLE,-1.21001265560135,0.258373317456426,NF1
D1_median_center_sensitivity,MTORC1_SIGNALING,1.35365222558715,0.110386352232815,GMPS
D1_median_center_sensitivity,MTORC1_SIGNALING,1.35365222558715,0.110386352232815,PHGDH
D1_median_center_sensitivity,MTORC1_SIGNALING,1.35365222558715,0.110386352232815,PDAP1
D1_median_center_sensitivity,MTORC1_SIGNALING,1.35365222558715,0.110386352232815,ENO1
D1_median_center_sensitivity,MTORC1_SIGNALING,1.35365222558715,0.110386352232815,PGK1
D1_median_center_sensitivity,MTORC1_SIGNALING,1.35365222558715,0.110386352232815,YKT6
D1_median_center_sensitivity,MTORC1_SIGNALING,1.35365222558715,0.110386352232815,STIP1
D1_median_center_sensitivity,MTORC1_SIGNALING,1.35365222558715,0.110386352232815,ETF1
D1_median_center_sensitivity,MTORC1_SIGNALING,1.35365222558715,0.110386352232815,LDHA
D1_median_center_sensitivity,MTORC1_SIGNALING,1.35365222558715,0.110386352232815,SORD
D1_median_center_sensitivity,MTORC1_SIGNALING,1.35365222558715,0.110386352232815,CCT6A
D1_median_center_sensitivity,MTORC1_SIGNALING,1.35365222558715,0.110386352232815,QDPR
D1_median_center_sensitivity,MTORC1_SIGNALING,1.35365222558715,0.110386352232815,NAMPT
D1_median_center_sensitivity,MTORC1_SIGNALING,1.35365222558715,0.110386352232815,PGM1
D1_median_center_sensitivity,MTORC1_SIGNALING,1.35365222558715,0.110386352232815,TES
D1_median_center_sensitivity,MTORC1_SIGNALING,1.35365222558715,0.110386352232815,USO1
D1_median_center_sensitivity,MTORC1_SIGNALING,1.35365222558715,0.110386352232815,GCLC
D1_median_center_sensitivity,MTORC1_SIGNALING,1.35365222558715,0.110386352232815,UBE2D3
D1_median_center_sensitivity,MTORC1_SIGNALING,1.35365222558715,0.110386352232815,GAPDH
D1_median_center_sensitivity,MTORC1_SIGNALING,1.35365222558715,0.110386352232815,LTA4H
D1_median_center_sensitivity,MTORC1_SIGNALING,1.35365222558715,0.110386352232815,PPA1
D1_median_center_sensitivity,MTORC1_SIGNALING,1.35365222558715,0.110386352232815,CORO1A
D1_median_center_sensitivity,MTORC1_SIGNALING,1.35365222558715,0.110386352232815,ATP6V1D
D1_median_center_sensitivity,MTORC1_SIGNALING,1.35365222558715,0.110386352232815,NMT1
D1_median_center_sensitivity,MTORC1_SIGNALING,1.35365222558715,0.110386352232815,IDH1
D1_median_center_sensitivity,MYC_TARGETS_V1,2.28131547097909,1.06388665022637e-07,CNBP
D1_median_center_sensitivity,MYC_TARGETS_V1,2.28131547097909,1.06388665022637e-07,SERBP1
D1_median_center_sensitivity,MYC_TARGETS_V1,2.28131547097909,1.06388665022637e-07,RACK1
D1_median_center_sensitivity,MYC_TARGETS_V1,2.28131547097909,1.06388665022637e-07,PGK1
D1_median_center_sensitivity,MYC_TARGETS_V1,2.28131547097909,1.06388665022637e-07,EIF3B
D1_median_center_sensitivity,MYC_TARGETS_V1,2.28131547097909,1.06388665022637e-07,EIF3D
D1_median_center_sensitivity,MYC_TARGETS_V1,2.28131547097909,1.06388665022637e-07,ETF1
D1_median_center_sensitivity,MYC_TARGETS_V1,2.28131547097909,1.06388665022637e-07,HNRNPA1
D1_median_center_sensitivity,MYC_TARGETS_V1,2.28131547097909,1.06388665022637e-07,LDHA
D1_median_center_sensitivity,MYC_TARGETS_V1,2.28131547097909,1.06388665022637e-07,CUL1
D1_median_center_sensitivity,MYC_TARGETS_V1,2.28131547097909,1.06388665022637e-07,EIF4H
D1_median_center_sensitivity,MYC_TARGETS_V1,2.28131547097909,1.06388665022637e-07,GLO1
D1_median_center_sensitivity,MYC_TARGETS_V1,2.28131547097909,1.06388665022637e-07,G3BP1
D1_median_center_sensitivity,MYC_TARGETS_V1,2.28131547097909,1.06388665022637e-07,RPLP0
D1_median_center_sensitivity,MYC_TARGETS_V1,2.28131547097909,1.06388665022637e-07,SRSF1
D1_median_center_sensitivity,MYC_TARGETS_V1,2.28131547097909,1.06388665022637e-07,PABPC4
D1_median_center_sensitivity,MYC_TARGETS_V1,2.28131547097909,1.06388665022637e-07,HNRNPA2B1
D1_median_center_sensitivity,MYC_TARGETS_V1,2.28131547097909,1.06388665022637e-07,SYNCRIP
D1_median_center_sensitivity,MYC_TARGETS_V1,2.28131547097909,1.06388665022637e-07,PTGES3
D1_median_center_sensitivity,MYC_TARGETS_V1,2.28131547097909,1.06388665022637e-07,ACP1
D1_median_center_sensitivity,MYC_TARGETS_V1,2.28131547097909,1.06388665022637e-07,DHX15
D1_median_center_sensitivity,MYC_TARGETS_V1,2.28131547097909,1.06388665022637e-07,NPM1
D1_median_center_sensitivity,MYC_TARGETS_V1,2.28131547097909,1.06388665022637e-07,CCT3
D1_median_center_sensitivity,MYC_TARGETS_V1,2.28131547097909,1.06388665022637e-07,CCT4
D1_median_center_sensitivity,MYC_TARGETS_V1,2.28131547097909,1.06388665022637e-07,ILF2
D1_median_center_sensitivity,MYC_TARGETS_V1,2.28131547097909,1.06388665022637e-07,PABPC1
D1_median_center_sensitivity,MYC_TARGETS_V1,2.28131547097909,1.06388665022637e-07,EIF4A1
D1_median_center_sensitivity,MYC_TARGETS_V1,2.28131547097909,1.06388665022637e-07,BUB3
D1_median_center_sensitivity,MYC_TARGETS_V1,2.28131547097909,1.06388665022637e-07,CCT7
D1_median_center_sensitivity,MYC_TARGETS_V1,2.28131547097909,1.06388665022637e-07,HNRNPD
D1_median_center_sensitivity,MYC_TARGETS_V1,2.28131547097909,1.06388665022637e-07,SF3A1
D1_median_center_sensitivity,MYC_TARGETS_V1,2.28131547097909,1.06388665022637e-07,SRSF2
D1_median_center_sensitivity,MYC_TARGETS_V1,2.28131547097909,1.06388665022637e-07,LSM7
D1_median_center_sensitivity,MYC_TARGETS_V1,2.28131547097909,1.06388665022637e-07,HSP90AB1
D1_median_center_sensitivity,MYC_TARGETS_V1,2.28131547097909,1.06388665022637e-07,NME1
D1_median_center_sensitivity,MYC_TARGETS_V1,2.28131547097909,1.06388665022637e-07,PRPS2
D1_median_center_sensitivity,MYC_TARGETS_V1,2.28131547097909,1.06388665022637e-07,LSM2
D1_median_center_sensitivity,MYC_TARGETS_V1,2.28131547097909,1.06388665022637e-07,EIF1AX
D1_median_center_sensitivity,MYC_TARGETS_V1,2.28131547097909,1.06388665022637e-07,CCT2
D1_median_center_sensitivity,MYC_TARGETS_V1,2.28131547097909,1.06388665022637e-07,PRDX4
D1_median_center_sensitivity,MYC_TARGETS_V1,2.28131547097909,1.06388665022637e-07,SRSF7
D1_median_center_sensitivity,MYC_TARGETS_V1,2.28131547097909,1.06388665022637e-07,EPRS1
D1_median_center_sensitivity,MYC_TARGETS_V1,2.28131547097909,1.06388665022637e-07,CTPS1
D1_median_center_sensitivity,MYC_TARGETS_V1,2.28131547097909,1.06388665022637e-07,HNRNPR
D1_median_center_sensitivity,MYC_TARGETS_V1,2.28131547097909,1.06388665022637e-07,RAN
D1_median_center_sensitivity,MYC_TARGETS_V1,2.28131547097909,1.06388665022637e-07,TOMM70
D1_median_center_sensitivity,MYC_TARGETS_V1,2.28131547097909,1.06388665022637e-07,COPS5
D1_median_center_sensitivity,MYC_TARGETS_V1,2.28131547097909,1.06388665022637e-07,RPS6
D1_median_center_sensitivity,MYC_TARGETS_V1,2.28131547097909,1.06388665022637e-07,TCP1
D1_median_center_sensitivity,MYC_TARGETS_V1,2.28131547097909,1.06388665022637e-07,SRSF3
D1_median_center_sensitivity,MYC_TARGETS_V1,2.28131547097909,1.06388665022637e-07,RPL22
D1_median_center_sensitivity,MYC_TARGETS_V1,2.28131547097909,1.06388665022637e-07,PSMD8
D1_median_center_sensitivity,MYC_TARGETS_V1,2.28131547097909,1.06388665022637e-07,SNRPA
D1_median_center_sensitivity,MYC_TARGETS_V1,2.28131547097909,1.06388665022637e-07,PSMA1
D1_median_center_sensitivity,MYC_TARGETS_V1,2.28131547097909,1.06388665022637e-07,XPO1
D1_median_center_sensitivity,MYC_TARGETS_V1,2.28131547097909,1.06388665022637e-07,RPS3
D1_median_center_sensitivity,MYC_TARGETS_V1,2.28131547097909,1.06388665022637e-07,EEF1B2
D1_median_center_sensitivity,MYC_TARGETS_V1,2.28131547097909,1.06388665022637e-07,APEX1
D1_median_center_sensitivity,MYC_TARGETS_V1,2.28131547097909,1.06388665022637e-07,EIF2S1
D1_median_center_sensitivity,MYC_TARGETS_V1,2.28131547097909,1.06388665022637e-07,CCT5
D1_median_center_sensitivity,MYC_TARGETS_V1,2.28131547097909,1.06388665022637e-07,GSPT1
D1_median_center_sensitivity,MYC_TARGETS_V1,2.28131547097909,1.06388665022637e-07,HPRT1
D1_median_center_sensitivity,MYC_TARGETS_V1,2.28131547097909,1.06388665022637e-07,EIF4E
D1_median_center_sensitivity,MYC_TARGETS_V1,2.28131547097909,1.06388665022637e-07,EIF2S2
D1_median_center_sensitivity,MYC_TARGETS_V1,2.28131547097909,1.06388665022637e-07,YWHAE
D1_median_center_sensitivity,MYC_TARGETS_V1,2.28131547097909,1.06388665022637e-07,KARS1
D1_median_center_sensitivity,MYC_TARGETS_V1,2.28131547097909,1.06388665022637e-07,PSMA6
D1_median_center_sensitivity,MYC_TARGETS_V1,2.28131547097909,1.06388665022637e-07,RPS5
D1_median_center_sensitivity,MYC_TARGETS_V1,2.28131547097909,1.06388665022637e-07,RNPS1
D1_median_center_sensitivity,MYC_TARGETS_V1,2.28131547097909,1.06388665022637e-07,HNRNPA3
D1_median_center_sensitivity,MYC_TARGETS_V1,2.28131547097909,1.06388665022637e-07,PSMA7
D1_median_center_sensitivity,MYC_TARGETS_V1,2.28131547097909,1.06388665022637e-07,RPL18
D1_median_center_sensitivity,MYC_TARGETS_V1,2.28131547097909,1.06388665022637e-07,RAD23B
D1_median_center_sensitivity,MYC_TARGETS_V1,2.28131547097909,1.06388665022637e-07,RPL34
D1_median_center_sensitivity,MYC_TARGETS_V1,2.28131547097909,1.06388665022637e-07,RPL6
D1_median_center_sensitivity,MYC_TARGETS_V1,2.28131547097909,1.06388665022637e-07,SNRPB2
D1_median_center_sensitivity,MYC_TARGETS_V1,2.28131547097909,1.06388665022637e-07,KPNB1
D1_median_center_sensitivity,MYC_TARGETS_V1,2.28131547097909,1.06388665022637e-07,PA2G4
D1_median_center_sensitivity,MYOGENESIS,1.61886183726921,0.0191159539846018,AEBP1
D1_median_center_sensitivity,MYOGENESIS,1.61886183726921,0.0191159539846018,COL1A1
D1_median_center_sensitivity,MYOGENESIS,1.61886183726921,0.0191159539846018,LDB3
D1_median_center_sensitivity,MYOGENESIS,1.61886183726921,0.0191159539846018,COL6A2
D1_median_center_sensitivity,MYOGENESIS,1.61886183726921,0.0191159539846018,COL6A3
D1_median_center_sensitivity,MYOGENESIS,1.61886183726921,0.0191159539846018,SOD3
D1_median_center_sensitivity,MYOGENESIS,1.61886183726921,0.0191159539846018,STC2
D1_median_center_sensitivity,MYOGENESIS,1.61886183726921,0.0191159539846018,CSRP3
D1_median_center_sensitivity,MYOGENESIS,1.61886183726921,0.0191159539846018,AGL
D1_median_center_sensitivity,MYOGENESIS,1.61886183726921,0.0191159539846018,COL3A1
D1_median_center_sensitivity,MYOGENESIS,1.61886183726921,0.0191159539846018,MYL3
D1_median_center_sensitivity,MYOGENESIS,1.61886183726921,0.0191159539846018,AGRN
D1_median_center_sensitivity,MYOGENESIS,1.61886183726921,0.0191159539846018,MAPRE3
D1_median_center_sensitivity,MYOGENESIS,1.61886183726921,0.0191159539846018,MYL4
D1_median_center_sensitivity,MYOGENESIS,1.61886183726921,0.0191159539846018,AK1
D1_median_center_sensitivity,MYOGENESIS,1.61886183726921,0.0191159539846018,MYL1
D1_median_center_sensitivity,MYOGENESIS,1.61886183726921,0.0191159539846018,ENO3
D1_median_center_sensitivity,MYOGENESIS,1.61886183726921,0.0191159539846018,MYL6B
D1_median_center_sensitivity,MYOGENESIS,1.61886183726921,0.0191159539846018,GABARAPL2
D1_median_center_sensitivity,OXIDATIVE_PHOSPHORYLATION,-2.02807832673486,0.000277330635345714,VDAC3
D1_median_center_sensitivity,OXIDATIVE_PHOSPHORYLATION,-2.02807832673486,0.000277330635345714,UQCRC1
D1_median_center_sensitivity,OXIDATIVE_PHOSPHORYLATION,-2.02807832673486,0.000277330635345714,COX6B1
D1_median_center_sensitivity,OXIDATIVE_PHOSPHORYLATION,-2.02807832673486,0.000277330635345714,UQCRB
D1_median_center_sensitivity,OXIDATIVE_PHOSPHORYLATION,-2.02807832673486,0.000277330635345714,NDUFA4
D1_median_center_sensitivity,OXIDATIVE_PHOSPHORYLATION,-2.02807832673486,0.000277330635345714,COX6C
D1_median_center_sensitivity,OXIDATIVE_PHOSPHORYLATION,-2.02807832673486,0.000277330635345714,IMMT
D1_median_center_sensitivity,OXIDATIVE_PHOSPHORYLATION,-2.02807832673486,0.000277330635345714,COX4I1
D1_median_center_sensitivity,OXIDATIVE_PHOSPHORYLATION,-2.02807832673486,0.000277330635345714,VDAC1
D1_median_center_sensitivity,OXIDATIVE_PHOSPHORYLATION,-2.02807832673486,0.000277330635345714,NDUFB1
D1_median_center_sensitivity,OXIDATIVE_PHOSPHORYLATION,-2.02807832673486,0.000277330635345714,TIMM9
D1_median_center_sensitivity,OXIDATIVE_PHOSPHORYLATION,-2.02807832673486,0.000277330635345714,CPT1A
D1_median_center_sensitivity,OXIDATIVE_PHOSPHORYLATION,-2.02807832673486,0.000277330635345714,COX7A2L
D1_median_center_sensitivity,OXIDATIVE_PHOSPHORYLATION,-2.02807832673486,0.000277330635345714,CYC1
D1_median_center_sensitivity,OXIDATIVE_PHOSPHORYLATION,-2.02807832673486,0.000277330635345714,SLC25A3
D1_median_center_sensitivity,OXIDATIVE_PHOSPHORYLATION,-2.02807832673486,0.000277330635345714,PHB2
D1_median_center_sensitivity,OXIDATIVE_PHOSPHORYLATION,-2.02807832673486,0.000277330635345714,SLC25A20
D1_median_center_sensitivity,OXIDATIVE_PHOSPHORYLATION,-2.02807832673486,0.000277330635345714,SURF1
D1_median_center_sensitivity,OXIDATIVE_PHOSPHORYLATION,-2.02807832673486,0.000277330635345714,SDHD
D1_median_center_sensitivity,OXIDATIVE_PHOSPHORYLATION,-2.02807832673486,0.000277330635345714,SLC25A12
D1_median_center_sensitivity,OXIDATIVE_PHOSPHORYLATION,-2.02807832673486,0.000277330635345714,LRPPRC
D1_median_center_sensitivity,OXIDATIVE_PHOSPHORYLATION,-2.02807832673486,0.000277330635345714,ATP5ME
D1_median_center_sensitivity,OXIDATIVE_PHOSPHORYLATION,-2.02807832673486,0.000277330635345714,UQCRFS1
D1_median_center_sensitivity,OXIDATIVE_PHOSPHORYLATION,-2.02807832673486,0.000277330635345714,ATP5PB
D1_median_center_sensitivity,OXIDATIVE_PHOSPHORYLATION,-2.02807832673486,0.000277330635345714,MAOB
D1_median_center_sensitivity,OXIDATIVE_PHOSPHORYLATION,-2.02807832673486,0.000277330635345714,MFN2
D1_median_center_sensitivity,OXIDATIVE_PHOSPHORYLATION,-2.02807832673486,0.000277330635345714,MTX2
D1_median_center_sensitivity,OXIDATIVE_PHOSPHORYLATION,-2.02807832673486,0.000277330635345714,NDUFB7
D1_median_center_sensitivity,OXIDATIVE_PHOSPHORYLATION,-2.02807832673486,0.000277330635345714,UQCRH
D1_median_center_sensitivity,OXIDATIVE_PHOSPHORYLATION,-2.02807832673486,0.000277330635345714,NDUFA8
D1_median_center_sensitivity,OXIDATIVE_PHOSPHORYLATION,-2.02807832673486,0.000277330635345714,SLC25A5
D1_median_center_sensitivity,OXIDATIVE_PHOSPHORYLATION,-2.02807832673486,0.000277330635345714,MGST3
D1_median_center_sensitivity,OXIDATIVE_PHOSPHORYLATION,-2.02807832673486,0.000277330635345714,VDAC2
D1_median_center_sensitivity,OXIDATIVE_PHOSPHORYLATION,-2.02807832673486,0.000277330635345714,NDUFC2
D1_median_center_sensitivity,OXIDATIVE_PHOSPHORYLATION,-2.02807832673486,0.000277330635345714,NDUFS8
D1_median_center_sensitivity,P53_PATHWAY,1.23573772676996,0.29901616303584,HINT1
D1_median_center_sensitivity,P53_PATHWAY,1.23573772676996,0.29901616303584,INHBB
D1_median_center_sensitivity,P53_PATHWAY,1.23573772676996,0.29901616303584,RACK1
D1_median_center_sensitivity,P53_PATHWAY,1.23573772676996,0.29901616303584,BMP2
D1_median_center_sensitivity,P53_PATHWAY,1.23573772676996,0.29901616303584,GM2A
D1_median_center_sensitivity,P53_PATHWAY,1.23573772676996,0.29901616303584,HMOX1
D1_median_center_sensitivity,P53_PATHWAY,1.23573772676996,0.29901616303584,AK1
D1_median_center_sensitivity,P53_PATHWAY,1.23573772676996,0.29901616303584,EPS8L2
D1_median_center_sensitivity,P53_PATHWAY,1.23573772676996,0.29901616303584,CDKN2AIP
D1_median_center_sensitivity,P53_PATHWAY,1.23573772676996,0.29901616303584,ABAT
D1_median_center_sensitivity,P53_PATHWAY,1.23573772676996,0.29901616303584,TNNI1
D1_median_center_sensitivity,P53_PATHWAY,1.23573772676996,0.29901616303584,TCN2
D1_median_center_sensitivity,P53_PATHWAY,1.23573772676996,0.29901616303584,CYFIP2
D1_median_center_sensitivity,P53_PATHWAY,1.23573772676996,0.29901616303584,BAX
D1_median_center_sensitivity,P53_PATHWAY,1.23573772676996,0.29901616303584,DCXR
D1_median_center_sensitivity,PEROXISOME,0.986533631275339,0.721900075419443,CNBP
D1_median_center_sensitivity,PEROXISOME,0.986533631275339,0.721900075419443,ALDH9A1
D1_median_center_sensitivity,PEROXISOME,0.986533631275339,0.721900075419443,EPHX2
D1_median_center_sensitivity,PEROXISOME,0.986533631275339,0.721900075419443,CTBP1
D1_median_center_sensitivity,PEROXISOME,0.986533631275339,0.721900075419443,SERPINA6
D1_median_center_sensitivity,PEROXISOME,0.986533631275339,0.721900075419443,PABPC1
D1_median_center_sensitivity,PEROXISOME,0.986533631275339,0.721900075419443,IDE
D1_median_center_sensitivity,PEROXISOME,0.986533631275339,0.721900075419443,ECI2
D1_median_center_sensitivity,PEROXISOME,0.986533631275339,0.721900075419443,ALDH1A1
D1_median_center_sensitivity,PEROXISOME,0.986533631275339,0.721900075419443,EHHADH
D1_median_center_sensitivity,PEROXISOME,0.986533631275339,0.721900075419443,IDH1
D1_median_center_sensitivity,PEROXISOME,0.986533631275339,0.721900075419443,CTPS1
D1_median_center_sensitivity,PEROXISOME,0.986533631275339,0.721900075419443,HMGCL
D1_median_center_sensitivity,PEROXISOME,0.986533631275339,0.721900075419443,VPS4B
D1_median_center_sensitivity,PEROXISOME,0.986533631275339,0.721900075419443,FIS1
D1_median_center_sensitivity,PEROXISOME,0.986533631275339,0.721900075419443,ACAA1
D1_median_center_sensitivity,PEROXISOME,0.986533631275339,0.721900075419443,HSD17B4
D1_median_center_sensitivity,PEROXISOME,0.986533631275339,0.721900075419443,FDPS
D1_median_center_sensitivity,PI3K_AKT_MTOR_SIGNALING,0.471519359331644,0.999649061238814,PIN1
D1_median_center_sensitivity,PI3K_AKT_MTOR_SIGNALING,0.471519359331644,0.999649061238814,TRAF2
D1_median_center_sensitivity,PI3K_AKT_MTOR_SIGNALING,0.471519359331644,0.999649061238814,ARHGDIA
D1_median_center_sensitivity,PI3K_AKT_MTOR_SIGNALING,0.471519359331644,0.999649061238814,UBE2D3
D1_median_center_sensitivity,PI3K_AKT_MTOR_SIGNALING,0.471519359331644,0.999649061238814,UBE2N
D1_median_center_sensitivity,PI3K_AKT_MTOR_SIGNALING,0.471519359331644,0.999649061238814,CFL1
D1_median_center_sensitivity,PI3K_AKT_MTOR_SIGNALING,0.471519359331644,0.999649061238814,RAC1
D1_median_center_sensitivity,PI3K_AKT_MTOR_SIGNALING,0.471519359331644,0.999649061238814,PRKAG1
D1_median_center_sensitivity,PI3K_AKT_MTOR_SIGNALING,0.471519359331644,0.999649061238814,MAP2K3
D1_median_center_sensitivity,PI3K_AKT_MTOR_SIGNALING,0.471519359331644,0.999649061238814,DUSP3
D1_median_center_sensitivity,PI3K_AKT_MTOR_SIGNALING,0.471519359331644,0.999649061238814,EIF4E
D1_median_center_sensitivity,PI3K_AKT_MTOR_SIGNALING,0.471519359331644,0.999649061238814,RPS6KA1
D1_median_center_sensitivity,PROTEIN_SECRETION,-1.86501453205919,0.00223779372163664,GOSR2
D1_median_center_sensitivity,PROTEIN_SECRETION,-1.86501453205919,0.00223779372163664,SCAMP1
D1_median_center_sensitivity,PROTEIN_SECRETION,-1.86501453205919,0.00223779372163664,VAMP7
D1_median_center_sensitivity,PROTEIN_SECRETION,-1.86501453205919,0.00223779372163664,TMED2
D1_median_center_sensitivity,PROTEIN_SECRETION,-1.86501453205919,0.00223779372163664,STX16
D1_median_center_sensitivity,PROTEIN_SECRETION,-1.86501453205919,0.00223779372163664,SEC22B
D1_median_center_sensitivity,PROTEIN_SECRETION,-1.86501453205919,0.00223779372163664,RER1
D1_median_center_sensitivity,PROTEIN_SECRETION,-1.86501453205919,0.00223779372163664,ZW10
D1_median_center_sensitivity,PROTEIN_SECRETION,-1.86501453205919,0.00223779372163664,VAMP3
D1_median_center_sensitivity,PROTEIN_SECRETION,-1.86501453205919,0.00223779372163664,TMX1
D1_median_center_sensitivity,PROTEIN_SECRETION,-1.86501453205919,0.00223779372163664,ATP7A
D1_median_center_sensitivity,PROTEIN_SECRETION,-1.86501453205919,0.00223779372163664,SCAMP3
D1_median_center_sensitivity,PROTEIN_SECRETION,-1.86501453205919,0.00223779372163664,AP3B1
D1_median_center_sensitivity,PROTEIN_SECRETION,-1.86501453205919,0.00223779372163664,TMED10
D1_median_center_sensitivity,PROTEIN_SECRETION,-1.86501453205919,0.00223779372163664,BET1
D1_median_center_sensitivity,PROTEIN_SECRETION,-1.86501453205919,0.00223779372163664,M6PR
D1_median_center_sensitivity,PROTEIN_SECRETION,-1.86501453205919,0.00223779372163664,ARFGEF1
D1_median_center_sensitivity,PROTEIN_SECRETION,-1.86501453205919,0.00223779372163664,GBF1
D1_median_center_sensitivity,PROTEIN_SECRETION,-1.86501453205919,0.00223779372163664,LMAN1
D1_median_center_sensitivity,PROTEIN_SECRETION,-1.86501453205919,0.00223779372163664,ARFIP1
D1_median_center_sensitivity,PROTEIN_SECRETION,-1.86501453205919,0.00223779372163664,YIPF6
D1_median_center_sensitivity,PROTEIN_SECRETION,-1.86501453205919,0.00223779372163664,CLTA
D1_median_center_sensitivity,PROTEIN_SECRETION,-1.86501453205919,0.00223779372163664,STX12
D1_median_center_sensitivity,PROTEIN_SECRETION,-1.86501453205919,0.00223779372163664,NAPG
D1_median_center_sensitivity,PROTEIN_SECRETION,-1.86501453205919,0.00223779372163664,CLTC
D1_median_center_sensitivity,PROTEIN_SECRETION,-1.86501453205919,0.00223779372163664,AP1G1
D1_median_center_sensitivity,PROTEIN_SECRETION,-1.86501453205919,0.00223779372163664,ADAM10
D1_median_center_sensitivity,PROTEIN_SECRETION,-1.86501453205919,0.00223779372163664,SNAP23
D1_median_center_sensitivity,PROTEIN_SECRETION,-1.86501453205919,0.00223779372163664,ARFGEF2
D1_median_center_sensitivity,PROTEIN_SECRETION,-1.86501453205919,0.00223779372163664,CLCN3
D1_median_center_sensitivity,PROTEIN_SECRETION,-1.86501453205919,0.00223779372163664,GLA
D1_median_center_sensitivity,PROTEIN_SECRETION,-1.86501453205919,0.00223779372163664,VPS45
D1_median_center_sensitivity,PROTEIN_SECRETION,-1.86501453205919,0.00223779372163664,STX7
D1_median_center_sensitivity,PROTEIN_SECRETION,-1.86501453205919,0.00223779372163664,AP3S1
D1_median_center_sensitivity,REACTIVE_OXYGEN_SPECIES_PATHWAY,0.609781255860496,0.992913872639939,PRDX6
D1_median_center_sensitivity,REACTIVE_OXYGEN_SPECIES_PATHWAY,0.609781255860496,0.992913872639939,GCLC
D1_median_center_sensitivity,REACTIVE_OXYGEN_SPECIES_PATHWAY,0.609781255860496,0.992913872639939,PRDX4
D1_median_center_sensitivity,REACTIVE_OXYGEN_SPECIES_PATHWAY,0.609781255860496,0.992913872639939,GPX4
D1_median_center_sensitivity,REACTIVE_OXYGEN_SPECIES_PATHWAY,0.609781255860496,0.992913872639939,SELENOS
D1_median_center_sensitivity,REACTIVE_OXYGEN_SPECIES_PATHWAY,0.609781255860496,0.992913872639939,TXNRD1
D1_median_center_sensitivity,REACTIVE_OXYGEN_SPECIES_PATHWAY,0.609781255860496,0.992913872639939,OXSR1
D1_median_center_sensitivity,SPERMATOGENESIS,0.787429321120877,0.911797522434461,PEBP1
D1_median_center_sensitivity,SPERMATOGENESIS,0.787429321120877,0.911797522434461,STRBP
D1_median_center_sensitivity,SPERMATOGENESIS,0.787429321120877,0.911797522434461,IDE
D1_median_center_sensitivity,SPERMATOGENESIS,0.787429321120877,0.911797522434461,TALDO1
D1_median_center_sensitivity,SPERMATOGENESIS,0.787429321120877,0.911797522434461,CLPB
D1_median_center_sensitivity,SPERMATOGENESIS,0.787429321120877,0.911797522434461,HBZ
D1_median_center_sensitivity,SPERMATOGENESIS,0.787429321120877,0.911797522434461,AGFG1
D1_median_center_sensitivity,TGF_BETA_SIGNALING,1.13747413709146,0.509741106351276,BMP2
D1_median_center_sensitivity,TGF_BETA_SIGNALING,1.13747413709146,0.509741106351276,LTBP2
D1_median_center_sensitivity,TGF_BETA_SIGNALING,1.13747413709146,0.509741106351276,UBE2D3
D1_median_center_sensitivity,TGF_BETA_SIGNALING,1.13747413709146,0.509741106351276,CDH1
D1_median_center_sensitivity,TGF_BETA_SIGNALING,1.13747413709146,0.509741106351276,NCOR2
D1_median_center_sensitivity,TGF_BETA_SIGNALING,1.13747413709146,0.509741106351276,RHOA
D1_median_center_sensitivity,TNFA_SIGNALING_VIA_NFKB,0.808289999313933,0.911797522434461,BMP2
D1_median_center_sensitivity,TNFA_SIGNALING_VIA_NFKB,0.808289999313933,0.911797522434461,NAMPT
D1_median_center_sensitivity,TNFA_SIGNALING_VIA_NFKB,0.808289999313933,0.911797522434461,EHD1
D1_median_center_sensitivity,TNFA_SIGNALING_VIA_NFKB,0.808289999313933,0.911797522434461,TNC
D1_median_center_sensitivity,TNFA_SIGNALING_VIA_NFKB,0.808289999313933,0.911797522434461,B4GALT1
D1_median_center_sensitivity,TNFA_SIGNALING_VIA_NFKB,0.808289999313933,0.911797522434461,CCN1
D1_median_center_sensitivity,TNFA_SIGNALING_VIA_NFKB,0.808289999313933,0.911797522434461,TNFAIP6
D1_median_center_sensitivity,TNFA_SIGNALING_VIA_NFKB,0.808289999313933,0.911797522434461,PDLIM5
D1_median_center_sensitivity,TNFA_SIGNALING_VIA_NFKB,0.808289999313933,0.911797522434461,EFNA1
D1_median_center_sensitivity,TNFA_SIGNALING_VIA_NFKB,0.808289999313933,0.911797522434461,MAP2K3
D1_median_center_sensitivity,TNFA_SIGNALING_VIA_NFKB,0.808289999313933,0.911797522434461,TRIP10
D1_median_center_sensitivity,TNFA_SIGNALING_VIA_NFKB,0.808289999313933,0.911797522434461,PTX3
D1_median_center_sensitivity,TNFA_SIGNALING_VIA_NFKB,0.808289999313933,0.911797522434461,MARCKS
D1_median_center_sensitivity,TNFA_SIGNALING_VIA_NFKB,0.808289999313933,0.911797522434461,CD44
D1_median_center_sensitivity,UNFOLDED_PROTEIN_RESPONSE,1.38821318154164,0.133918642083699,PAIP1
D1_median_center_sensitivity,UNFOLDED_PROTEIN_RESPONSE,1.38821318154164,0.133918642083699,STC2
D1_median_center_sensitivity,UNFOLDED_PROTEIN_RESPONSE,1.38821318154164,0.133918642083699,TARS1
D1_median_center_sensitivity,UNFOLDED_PROTEIN_RESPONSE,1.38821318154164,0.133918642083699,EEF2
D1_median_center_sensitivity,UNFOLDED_PROTEIN_RESPONSE,1.38821318154164,0.133918642083699,EIF4A3
D1_median_center_sensitivity,UNFOLDED_PROTEIN_RESPONSE,1.38821318154164,0.133918642083699,KHSRP
D1_median_center_sensitivity,UNFOLDED_PROTEIN_RESPONSE,1.38821318154164,0.133918642083699,FUS
D1_median_center_sensitivity,UNFOLDED_PROTEIN_RESPONSE,1.38821318154164,0.133918642083699,SHC1
D1_median_center_sensitivity,UNFOLDED_PROTEIN_RESPONSE,1.38821318154164,0.133918642083699,DNAJA4
D1_median_center_sensitivity,UNFOLDED_PROTEIN_RESPONSE,1.38821318154164,0.133918642083699,NPM1
D1_median_center_sensitivity,UNFOLDED_PROTEIN_RESPONSE,1.38821318154164,0.133918642083699,EIF4G1
D1_median_center_sensitivity,UNFOLDED_PROTEIN_RESPONSE,1.38821318154164,0.133918642083699,EIF4A1
D1_median_center_sensitivity,UNFOLDED_PROTEIN_RESPONSE,1.38821318154164,0.133918642083699,SEC31A
D1_median_center_sensitivity,UNFOLDED_PROTEIN_RESPONSE,1.38821318154164,0.133918642083699,LSM4
D1_median_center_sensitivity,UNFOLDED_PROTEIN_RESPONSE,1.38821318154164,0.133918642083699,SLC7A5
D1_median_center_sensitivity,UNFOLDED_PROTEIN_RESPONSE,1.38821318154164,0.133918642083699,EIF4A2
D1_median_center_sensitivity,UNFOLDED_PROTEIN_RESPONSE,1.38821318154164,0.133918642083699,LSM1
D1_median_center_sensitivity,UNFOLDED_PROTEIN_RESPONSE,1.38821318154164,0.133918642083699,RPS14
D1_median_center_sensitivity,UNFOLDED_PROTEIN_RESPONSE,1.38821318154164,0.133918642083699,HYOU1
D1_median_center_sensitivity,UV_RESPONSE_DN,-0.920377449293029,0.794550173010381,ABCC1
D1_median_center_sensitivity,UV_RESPONSE_DN,-0.920377449293029,0.794550173010381,ATP2C1
D1_median_center_sensitivity,UV_RESPONSE_DN,-0.920377449293029,0.794550173010381,INPP4B
D1_median_center_sensitivity,UV_RESPONSE_DN,-0.920377449293029,0.794550173010381,KALRN
D1_median_center_sensitivity,UV_RESPONSE_DN,-0.920377449293029,0.794550173010381,DAB2
D1_median_center_sensitivity,UV_RESPONSE_DN,-0.920377449293029,0.794550173010381,ITGB3
D1_median_center_sensitivity,UV_RESPONSE_DN,-0.920377449293029,0.794550173010381,BDNF
D1_median_center_sensitivity,UV_RESPONSE_DN,-0.920377449293029,0.794550173010381,FYN
D1_median_center_sensitivity,UV_RESPONSE_DN,-0.920377449293029,0.794550173010381,ADD3
D1_median_center_sensitivity,UV_RESPONSE_DN,-0.920377449293029,0.794550173010381,PRKAR2B
D1_median_center_sensitivity,UV_RESPONSE_DN,-0.920377449293029,0.794550173010381,DLG1
D1_median_center_sensitivity,UV_RESPONSE_DN,-0.920377449293029,0.794550173010381,IGF1R
D1_median_center_sensitivity,UV_RESPONSE_DN,-0.920377449293029,0.794550173010381,MIOS
D1_median_center_sensitivity,UV_RESPONSE_DN,-0.920377449293029,0.794550173010381,CDC42BPA
D1_median_center_sensitivity,UV_RESPONSE_DN,-0.920377449293029,0.794550173010381,LAMC1
D1_median_center_sensitivity,UV_RESPONSE_DN,-0.920377449293029,0.794550173010381,WDR37
D1_median_center_sensitivity,UV_RESPONSE_DN,-0.920377449293029,0.794550173010381,DYRK1A
D1_median_center_sensitivity,UV_RESPONSE_DN,-0.920377449293029,0.794550173010381,PEX14
D1_median_center_sensitivity,UV_RESPONSE_DN,-0.920377449293029,0.794550173010381,NEK7
D1_median_center_sensitivity,UV_RESPONSE_DN,-0.920377449293029,0.794550173010381,LTBP1
D1_median_center_sensitivity,UV_RESPONSE_DN,-0.920377449293029,0.794550173010381,ATP2B1
D1_median_center_sensitivity,UV_RESPONSE_DN,-0.920377449293029,0.794550173010381,MGLL
D1_median_center_sensitivity,UV_RESPONSE_DN,-0.920377449293029,0.794550173010381,TFPI
D1_median_center_sensitivity,UV_RESPONSE_DN,-0.920377449293029,0.794550173010381,FHL2
D1_median_center_sensitivity,UV_RESPONSE_UP,1.6205375083089,0.0230107615528477,SPR
D1_median_center_sensitivity,UV_RESPONSE_UP,1.6205375083089,0.0230107615528477,PDAP1
D1_median_center_sensitivity,UV_RESPONSE_UP,1.6205375083089,0.0230107615528477,IGFBP2
D1_median_center_sensitivity,UV_RESPONSE_UP,1.6205375083089,0.0230107615528477,BMP2
D1_median_center_sensitivity,UV_RESPONSE_UP,1.6205375083089,0.0230107615528477,TST
D1_median_center_sensitivity,UV_RESPONSE_UP,1.6205375083089,0.0230107615528477,YKT6
D1_median_center_sensitivity,UV_RESPONSE_UP,1.6205375083089,0.0230107615528477,STIP1
D1_median_center_sensitivity,UV_RESPONSE_UP,1.6205375083089,0.0230107615528477,TARS1
D1_median_center_sensitivity,UV_RESPONSE_UP,1.6205375083089,0.0230107615528477,EIF5
D1_median_center_sensitivity,UV_RESPONSE_UP,1.6205375083089,0.0230107615528477,OLFM1
D1_median_center_sensitivity,UV_RESPONSE_UP,1.6205375083089,0.0230107615528477,HMOX1
D1_median_center_sensitivity,UV_RESPONSE_UP,1.6205375083089,0.0230107615528477,PPAT
D1_median_center_sensitivity,XENOBIOTIC_METABOLISM,1.74876840726047,0.00709552496465864,CBR1
D1_median_center_sensitivity,XENOBIOTIC_METABOLISM,1.74876840726047,0.00709552496465864,MT2A
D1_median_center_sensitivity,XENOBIOTIC_METABOLISM,1.74876840726047,0.00709552496465864,MTHFD1
D1_median_center_sensitivity,XENOBIOTIC_METABOLISM,1.74876840726047,0.00709552496465864,UGDH
D1_median_center_sensitivity,XENOBIOTIC_METABOLISM,1.74876840726047,0.00709552496465864,BLVRB
D1_median_center_sensitivity,XENOBIOTIC_METABOLISM,1.74876840726047,0.00709552496465864,ALDH9A1
D1_median_center_sensitivity,XENOBIOTIC_METABOLISM,1.74876840726047,0.00709552496465864,FBLN1
D1_median_center_sensitivity,XENOBIOTIC_METABOLISM,1.74876840726047,0.00709552496465864,F10
D1_median_center_sensitivity,XENOBIOTIC_METABOLISM,1.74876840726047,0.00709552496465864,AHCY
D1_median_center_sensitivity,XENOBIOTIC_METABOLISM,1.74876840726047,0.00709552496465864,ADH1C
D1_median_center_sensitivity,XENOBIOTIC_METABOLISM,1.74876840726047,0.00709552496465864,HMOX1
D1_median_center_sensitivity,XENOBIOTIC_METABOLISM,1.74876840726047,0.00709552496465864,CNDP2
D1_median_center_sensitivity,XENOBIOTIC_METABOLISM,1.74876840726047,0.00709552496465864,PTGES3
D1_median_center_sensitivity,XENOBIOTIC_METABOLISM,1.74876840726047,0.00709552496465864,ACP1
D1_median_center_sensitivity,XENOBIOTIC_METABOLISM,1.74876840726047,0.00709552496465864,GCLC
D1_median_center_sensitivity,XENOBIOTIC_METABOLISM,1.74876840726047,0.00709552496465864,PGD
D1_median_center_sensitivity,XENOBIOTIC_METABOLISM,1.74876840726047,0.00709552496465864,SERPINA6
D1_median_center_sensitivity,XENOBIOTIC_METABOLISM,1.74876840726047,0.00709552496465864,PTGDS
D1_median_center_sensitivity,XENOBIOTIC_METABOLISM,1.74876840726047,0.00709552496465864,ITIH4
D1_median_center_sensitivity,XENOBIOTIC_METABOLISM,1.74876840726047,0.00709552496465864,ALDH2
D1_median_center_sensitivity,XENOBIOTIC_METABOLISM,1.74876840726047,0.00709552496465864,GSTO1
D1_median_center_sensitivity,XENOBIOTIC_METABOLISM,1.74876840726047,0.00709552496465864,CYFIP2
D1_median_center_sensitivity,XENOBIOTIC_METABOLISM,1.74876840726047,0.00709552496465864,NMT1
D1_median_center_sensitivity,XENOBIOTIC_METABOLISM,1.74876840726047,0.00709552496465864,ADH5
D1_median_center_sensitivity,XENOBIOTIC_METABOLISM,1.74876840726047,0.00709552496465864,IDH1
D1_median_center_sensitivity,XENOBIOTIC_METABOLISM,1.74876840726047,0.00709552496465864,IGFBP4
D1_median_center_sensitivity,XENOBIOTIC_METABOLISM,1.74876840726047,0.00709552496465864,TKFC
D1_median_center_sensitivity,XENOBIOTIC_METABOLISM,1.74876840726047,0.00709552496465864,DCXR
D1_median_center_sensitivity,XENOBIOTIC_METABOLISM,1.74876840726047,0.00709552496465864,ITIH1
D3_center_primary,ADIPOGENESIS,1.26237503792023,0.269073966220151,ANGPTL4
D3_center_primary,ADIPOGENESIS,1.26237503792023,0.269073966220151,ITIH5
D3_center_primary,ADIPOGENESIS,1.26237503792023,0.269073966220151,LAMA4
D3_center_primary,ADIPOGENESIS,1.26237503792023,0.269073966220151,ENPP2
D3_center_primary,ADIPOGENESIS,1.26237503792023,0.269073966220151,REEP6
D3_center_primary,ADIPOGENESIS,1.26237503792023,0.269073966220151,ETFB
D3_center_primary,ADIPOGENESIS,1.26237503792023,0.269073966220151,SORBS1
D3_center_primary,ADIPOGENESIS,1.26237503792023,0.269073966220151,TST
D3_center_primary,ADIPOGENESIS,1.26237503792023,0.269073966220151,SPARCL1
D3_center_primary,ADIPOGENESIS,1.26237503792023,0.269073966220151,REEP5
D3_center_primary,ADIPOGENESIS,1.26237503792023,0.269073966220151,ACAA2
D3_center_primary,ADIPOGENESIS,1.26237503792023,0.269073966220151,SUCLG1
D3_center_primary,ADIPOGENESIS,1.26237503792023,0.269073966220151,COL15A1
D3_center_primary,ADIPOGENESIS,1.26237503792023,0.269073966220151,UBQLN1
D3_center_primary,ADIPOGENESIS,1.26237503792023,0.269073966220151,G3BP2
D3_center_primary,ADIPOGENESIS,1.26237503792023,0.269073966220151,QDPR
D3_center_primary,ADIPOGENESIS,1.26237503792023,0.269073966220151,EPHX2
D3_center_primary,ADIPOGENESIS,1.26237503792023,0.269073966220151,ME1
D3_center_primary,ADIPOGENESIS,1.26237503792023,0.269073966220151,LPL
D3_center_primary,ADIPOGENESIS,1.26237503792023,0.269073966220151,MRPL15
D3_center_primary,ADIPOGENESIS,1.26237503792023,0.269073966220151,COL4A1
D3_center_primary,ADIPOGENESIS,1.26237503792023,0.269073966220151,ACADS
D3_center_primary,ADIPOGENESIS,1.26237503792023,0.269073966220151,IDH1
D3_center_primary,ADIPOGENESIS,1.26237503792023,0.269073966220151,SDHB
D3_center_primary,ADIPOGENESIS,1.26237503792023,0.269073966220151,BCL2L13
D3_center_primary,ADIPOGENESIS,1.26237503792023,0.269073966220151,MIGA2
D3_center_primary,ADIPOGENESIS,1.26237503792023,0.269073966220151,SULT1A1
D3_center_primary,ADIPOGENESIS,1.26237503792023,0.269073966220151,PEX14
D3_center_primary,ADIPOGENESIS,1.26237503792023,0.269073966220151,NMT1
D3_center_primary,ADIPOGENESIS,1.26237503792023,0.269073966220151,ALDH2
D3_center_primary,ADIPOGENESIS,1.26237503792023,0.269073966220151,PGM1
D3_center_primary,ADIPOGENESIS,1.26237503792023,0.269073966220151,CAVIN1
D3_center_primary,ALLOGRAFT_REJECTION,-1.30877382112786,0.258117822027597,ITGAL
D3_center_primary,ALLOGRAFT_REJECTION,-1.30877382112786,0.258117822027597,PTPRC
D3_center_primary,ALLOGRAFT_REJECTION,-1.30877382112786,0.258117822027597,CD47
D3_center_primary,ALLOGRAFT_REJECTION,-1.30877382112786,0.258117822027597,ITGB2
D3_center_primary,ALLOGRAFT_REJECTION,-1.30877382112786,0.258117822027597,HLA-G
D3_center_primary,ALLOGRAFT_REJECTION,-1.30877382112786,0.258117822027597,FGR
D3_center_primary,ALLOGRAFT_REJECTION,-1.30877382112786,0.258117822027597,HLA-E
D3_center_primary,ALLOGRAFT_REJECTION,-1.30877382112786,0.258117822027597,LYN
D3_center_primary,ALLOGRAFT_REJECTION,-1.30877382112786,0.258117822027597,TLR2
D3_center_primary,ALLOGRAFT_REJECTION,-1.30877382112786,0.258117822027597,JAK2
D3_center_primary,ALLOGRAFT_REJECTION,-1.30877382112786,0.258117822027597,MBL2
D3_center_primary,ALLOGRAFT_REJECTION,-1.30877382112786,0.258117822027597,CD40LG
D3_center_primary,ALLOGRAFT_REJECTION,-1.30877382112786,0.258117822027597,F2R
D3_center_primary,ALLOGRAFT_REJECTION,-1.30877382112786,0.258117822027597,MMP9
D3_center_primary,ALLOGRAFT_REJECTION,-1.30877382112786,0.258117822027597,CD40
D3_center_primary,ALLOGRAFT_REJECTION,-1.30877382112786,0.258117822027597,ACHE
D3_center_primary,ALLOGRAFT_REJECTION,-1.30877382112786,0.258117822027597,TAPBP
D3_center_primary,ALLOGRAFT_REJECTION,-1.30877382112786,0.258117822027597,TAP1
D3_center_primary,ALLOGRAFT_REJECTION,-1.30877382112786,0.258117822027597,RPS9
D3_center_primary,ALLOGRAFT_REJECTION,-1.30877382112786,0.258117822027597,RPS19
D3_center_primary,ALLOGRAFT_REJECTION,-1.30877382112786,0.258117822027597,CSK
D3_center_primary,ALLOGRAFT_REJECTION,-1.30877382112786,0.258117822027597,RPS3A
D3_center_primary,ALLOGRAFT_REJECTION,-1.30877382112786,0.258117822027597,CD4
D3_center_primary,ALLOGRAFT_REJECTION,-1.30877382112786,0.258117822027597,FYB1
D3_center_primary,ALLOGRAFT_REJECTION,-1.30877382112786,0.258117822027597,HLA-A
D3_center_primary,ALLOGRAFT_REJECTION,-1.30877382112786,0.258117822027597,LY75
D3_center_primary,ALLOGRAFT_REJECTION,-1.30877382112786,0.258117822027597,STAT1
D3_center_primary,ALLOGRAFT_REJECTION,-1.30877382112786,0.258117822027597,ELANE
D3_center_primary,ALLOGRAFT_REJECTION,-1.30877382112786,0.258117822027597,UBE2N
D3_center_primary,ALLOGRAFT_REJECTION,-1.30877382112786,0.258117822027597,SRGN
D3_center_primary,ALLOGRAFT_REJECTION,-1.30877382112786,0.258117822027597,NME1
D3_center_primary,ALLOGRAFT_REJECTION,-1.30877382112786,0.258117822027597,FLNA
D3_center_primary,ALLOGRAFT_REJECTION,-1.30877382112786,0.258117822027597,TAP2
D3_center_primary,ANDROGEN_RESPONSE,0.759056948548876,0.884412309389653,SELENOP
D3_center_primary,ANDROGEN_RESPONSE,0.759056948548876,0.884412309389653,SORD
D3_center_primary,ANDROGEN_RESPONSE,0.759056948548876,0.884412309389653,SEC24D
D3_center_primary,ANGIOGENESIS,1.39278673651979,0.269073966220151,VCAN
D3_center_primary,ANGIOGENESIS,1.39278673651979,0.269073966220151,POSTN
D3_center_primary,ANGIOGENESIS,1.39278673651979,0.269073966220151,COL3A1
D3_center_primary,ANGIOGENESIS,1.39278673651979,0.269073966220151,LRPAP1
D3_center_primary,ANGIOGENESIS,1.39278673651979,0.269073966220151,NRP1
D3_center_primary,ANGIOGENESIS,1.39278673651979,0.269073966220151,COL5A2
D3_center_primary,ANGIOGENESIS,1.39278673651979,0.269073966220151,LPL
D3_center_primary,APICAL_JUNCTION,1.15314477894189,0.386888233870164,WASL
D3_center_primary,APICAL_JUNCTION,1.15314477894189,0.386888233870164,VCAN
D3_center_primary,APICAL_JUNCTION,1.15314477894189,0.386888233870164,LAMC2
D3_center_primary,APICAL_JUNCTION,1.15314477894189,0.386888233870164,FBN1
D3_center_primary,APICAL_JUNCTION,1.15314477894189,0.386888233870164,ADAMTS5
D3_center_primary,APICAL_JUNCTION,1.15314477894189,0.386888233870164,MYH10
D3_center_primary,APICAL_JUNCTION,1.15314477894189,0.386888233870164,MDK
D3_center_primary,APICAL_JUNCTION,1.15314477894189,0.386888233870164,CTNNA1
D3_center_primary,APICAL_JUNCTION,1.15314477894189,0.386888233870164,TNFRSF11B
D3_center_primary,APICAL_JUNCTION,1.15314477894189,0.386888233870164,VCAM1
D3_center_primary,APICAL_JUNCTION,1.15314477894189,0.386888233870164,FSCN1
D3_center_primary,APICAL_JUNCTION,1.15314477894189,0.386888233870164,MMP2
D3_center_primary,APICAL_JUNCTION,1.15314477894189,0.386888233870164,B4GALT1
D3_center_primary,APICAL_JUNCTION,1.15314477894189,0.386888233870164,ICAM1
D3_center_primary,APICAL_JUNCTION,1.15314477894189,0.386888233870164,NF2
D3_center_primary,APICAL_JUNCTION,1.15314477894189,0.386888233870164,AKT2
D3_center_primary,APICAL_JUNCTION,1.15314477894189,0.386888233870164,SHC1
D3_center_primary,APICAL_JUNCTION,1.15314477894189,0.386888233870164,ZYX
D3_center_primary,APICAL_JUNCTION,1.15314477894189,0.386888233870164,VASP
D3_center_primary,APICAL_JUNCTION,1.15314477894189,0.386888233870164,TSC1
D3_center_primary,APICAL_JUNCTION,1.15314477894189,0.386888233870164,LDLRAP1
D3_center_primary,APOPTOSIS,1.01976811321884,0.598668676058744,LGALS3
D3_center_primary,APOPTOSIS,1.01976811321884,0.598668676058744,HMOX1
D3_center_primary,APOPTOSIS,1.01976811321884,0.598668676058744,HGF
D3_center_primary,APOPTOSIS,1.01976811321884,0.598668676058744,LMNA
D3_center_primary,APOPTOSIS,1.01976811321884,0.598668676058744,ETF1
D3_center_primary,APOPTOSIS,1.01976811321884,0.598668676058744,PLAT
D3_center_primary,APOPTOSIS,1.01976811321884,0.598668676058744,BMP2
D3_center_primary,BILE_ACID_METABOLISM,-0.84708783464837,0.806344806344806,TTR
D3_center_primary,BILE_ACID_METABOLISM,-0.84708783464837,0.806344806344806,SERPINA6
D3_center_primary,BILE_ACID_METABOLISM,-0.84708783464837,0.806344806344806,GC
D3_center_primary,BILE_ACID_METABOLISM,-0.84708783464837,0.806344806344806,FDXR
D3_center_primary,BILE_ACID_METABOLISM,-0.84708783464837,0.806344806344806,SLC29A1
D3_center_primary,BILE_ACID_METABOLISM,-0.84708783464837,0.806344806344806,DHCR24
D3_center_primary,BILE_ACID_METABOLISM,-0.84708783464837,0.806344806344806,GSTK1
D3_center_primary,BILE_ACID_METABOLISM,-0.84708783464837,0.806344806344806,GNPAT
D3_center_primary,CHOLESTEROL_HOMEOSTASIS,-1.10914275948139,0.460404280618312,CLU
D3_center_primary,CHOLESTEROL_HOMEOSTASIS,-1.10914275948139,0.460404280618312,PDK3
D3_center_primary,CHOLESTEROL_HOMEOSTASIS,-1.10914275948139,0.460404280618312,NIBAN1
D3_center_primary,CHOLESTEROL_HOMEOSTASIS,-1.10914275948139,0.460404280618312,STX5
D3_center_primary,CHOLESTEROL_HOMEOSTASIS,-1.10914275948139,0.460404280618312,PLSCR1
D3_center_primary,CHOLESTEROL_HOMEOSTASIS,-1.10914275948139,0.460404280618312,ALCAM
D3_center_primary,CHOLESTEROL_HOMEOSTASIS,-1.10914275948139,0.460404280618312,CD9
D3_center_primary,COAGULATION,1.144428965,0.386888233870164,MMP1
D3_center_primary,COAGULATION,1.144428965,0.386888233870164,CRIP2
D3_center_primary,COAGULATION,1.144428965,0.386888233870164,PRSS23
D3_center_primary,COAGULATION,1.144428965,0.386888233870164,CAPN2
D3_center_primary,COAGULATION,1.144428965,0.386888233870164,FBN1
D3_center_primary,COAGULATION,1.144428965,0.386888233870164,HTRA1
D3_center_primary,COAGULATION,1.144428965,0.386888233870164,PLAT
D3_center_primary,COAGULATION,1.144428965,0.386888233870164,APOA1
D3_center_primary,COAGULATION,1.144428965,0.386888233870164,C8A
D3_center_primary,COAGULATION,1.144428965,0.386888233870164,LRP1
D3_center_primary,COAGULATION,1.144428965,0.386888233870164,FGA
D3_center_primary,COAGULATION,1.144428965,0.386888233870164,CFD
D3_center_primary,COAGULATION,1.144428965,0.386888233870164,GNG12
D3_center_primary,COAGULATION,1.144428965,0.386888233870164,FGG
D3_center_primary,COAGULATION,1.144428965,0.386888233870164,MMP2
D3_center_primary,COAGULATION,1.144428965,0.386888233870164,F10
D3_center_primary,COAGULATION,1.144428965,0.386888233870164,C1R
D3_center_primary,COAGULATION,1.144428965,0.386888233870164,MMP7
D3_center_primary,COAGULATION,1.144428965,0.386888233870164,CPN1
D3_center_primary,COAGULATION,1.144428965,0.386888233870164,PEF1
D3_center_primary,COAGULATION,1.144428965,0.386888233870164,F2
D3_center_primary,COAGULATION,1.144428965,0.386888233870164,USP11
D3_center_primary,COAGULATION,1.144428965,0.386888233870164,HPN
D3_center_primary,COAGULATION,1.144428965,0.386888233870164,HMGCS2
D3_center_primary,COAGULATION,1.144428965,0.386888233870164,SERPING1
D3_center_primary,COAGULATION,1.144428965,0.386888233870164,F8
D3_center_primary,COAGULATION,1.144428965,0.386888233870164,APOC3
D3_center_primary,COAGULATION,1.144428965,0.386888233870164,A2M
D3_center_primary,COMPLEMENT,-1.64726116139203,0.0274704239432306,CLU
D3_center_primary,COMPLEMENT,-1.64726116139203,0.0274704239432306,PLG
D3_center_primary,COMPLEMENT,-1.64726116139203,0.0274704239432306,CTSC
D3_center_primary,COMPLEMENT,-1.64726116139203,0.0274704239432306,CFB
D3_center_primary,COMPLEMENT,-1.64726116139203,0.0274704239432306,S100A9
D3_center_primary,COMPLEMENT,-1.64726116139203,0.0274704239432306,MMP8
D3_center_primary,COMPLEMENT,-1.64726116139203,0.0274704239432306,GNAI2
D3_center_primary,COMPLEMENT,-1.64726116139203,0.0274704239432306,F5
D3_center_primary,COMPLEMENT,-1.64726116139203,0.0274704239432306,GNAI3
D3_center_primary,COMPLEMENT,-1.64726116139203,0.0274704239432306,FCER1G
D3_center_primary,COMPLEMENT,-1.64726116139203,0.0274704239432306,LTA4H
D3_center_primary,COMPLEMENT,-1.64726116139203,0.0274704239432306,CD46
D3_center_primary,COMPLEMENT,-1.64726116139203,0.0274704239432306,LYN
D3_center_primary,COMPLEMENT,-1.64726116139203,0.0274704239432306,ITIH1
D3_center_primary,COMPLEMENT,-1.64726116139203,0.0274704239432306,PLSCR1
D3_center_primary,COMPLEMENT,-1.64726116139203,0.0274704239432306,USP15
D3_center_primary,COMPLEMENT,-1.64726116139203,0.0274704239432306,CD59
D3_center_primary,COMPLEMENT,-1.64726116139203,0.0274704239432306,CDA
D3_center_primary,COMPLEMENT,-1.64726116139203,0.0274704239432306,GCA
D3_center_primary,COMPLEMENT,-1.64726116139203,0.0274704239432306,JAK2
D3_center_primary,COMPLEMENT,-1.64726116139203,0.0274704239432306,ADAM9
D3_center_primary,COMPLEMENT,-1.64726116139203,0.0274704239432306,CD36
D3_center_primary,COMPLEMENT,-1.64726116139203,0.0274704239432306,CD55
D3_center_primary,COMPLEMENT,-1.64726116139203,0.0274704239432306,F7
D3_center_primary,COMPLEMENT,-1.64726116139203,0.0274704239432306,CASP4
D3_center_primary,COMPLEMENT,-1.64726116139203,0.0274704239432306,CD40LG
D3_center_primary,COMPLEMENT,-1.64726116139203,0.0274704239432306,CALM1
D3_center_primary,COMPLEMENT,-1.64726116139203,0.0274704239432306,CR1
D3_center_primary,COMPLEMENT,-1.64726116139203,0.0274704239432306,GNG2
D3_center_primary,COMPLEMENT,-1.64726116139203,0.0274704239432306,GP1BA
D3_center_primary,DNA_REPAIR,-0.720475614330485,0.944381602408022,ITPA
D3_center_primary,DNA_REPAIR,-0.720475614330485,0.944381602408022,CDA
D3_center_primary,DNA_REPAIR,-0.720475614330485,0.944381602408022,SEC61A1
D3_center_primary,DNA_REPAIR,-0.720475614330485,0.944381602408022,ADCY6
D3_center_primary,DNA_REPAIR,-0.720475614330485,0.944381602408022,PNP
D3_center_primary,DNA_REPAIR,-0.720475614330485,0.944381602408022,CANT1
D3_center_primary,DNA_REPAIR,-0.720475614330485,0.944381602408022,TARBP2
D3_center_primary,DNA_REPAIR,-0.720475614330485,0.944381602408022,DAD1
D3_center_primary,DNA_REPAIR,-0.720475614330485,0.944381602408022,BCAP31
D3_center_primary,DNA_REPAIR,-0.720475614330485,0.944381602408022,TMED2
D3_center_primary,E2F_TARGETS,1.15270016994851,0.386888233870164,ILF3
D3_center_primary,E2F_TARGETS,1.15270016994851,0.386888233870164,HMGA1
D3_center_primary,E2F_TARGETS,1.15270016994851,0.386888233870164,NASP
D3_center_primary,E2F_TARGETS,1.15270016994851,0.386888233870164,SRSF2
D3_center_primary,E2F_TARGETS,1.15270016994851,0.386888233870164,H2AZ1
D3_center_primary,E2F_TARGETS,1.15270016994851,0.386888233870164,EIF2S1
D3_center_primary,E2F_TARGETS,1.15270016994851,0.386888233870164,SRSF1
D3_center_primary,E2F_TARGETS,1.15270016994851,0.386888233870164,H2AX
D3_center_primary,E2F_TARGETS,1.15270016994851,0.386888233870164,DNMT1
D3_center_primary,E2F_TARGETS,1.15270016994851,0.386888233870164,RAN
D3_center_primary,E2F_TARGETS,1.15270016994851,0.386888233870164,TFRC
D3_center_primary,E2F_TARGETS,1.15270016994851,0.386888233870164,NUDT21
D3_center_primary,E2F_TARGETS,1.15270016994851,0.386888233870164,HNRNPD
D3_center_primary,E2F_TARGETS,1.15270016994851,0.386888233870164,PRDX4
D3_center_primary,E2F_TARGETS,1.15270016994851,0.386888233870164,CDKN1A
D3_center_primary,E2F_TARGETS,1.15270016994851,0.386888233870164,PAN2
D3_center_primary,E2F_TARGETS,1.15270016994851,0.386888233870164,PRPS1
D3_center_primary,EPITHELIAL_MESENCHYMAL_TRANSITION,2.38339633840494,5.86146275507539e-08,LOX
D3_center_primary,EPITHELIAL_MESENCHYMAL_TRANSITION,2.38339633840494,5.86146275507539e-08,ELN
D3_center_primary,EPITHELIAL_MESENCHYMAL_TRANSITION,2.38339633840494,5.86146275507539e-08,MMP1
D3_center_primary,EPITHELIAL_MESENCHYMAL_TRANSITION,2.38339633840494,5.86146275507539e-08,VCAN
D3_center_primary,EPITHELIAL_MESENCHYMAL_TRANSITION,2.38339633840494,5.86146275507539e-08,COL1A2
D3_center_primary,EPITHELIAL_MESENCHYMAL_TRANSITION,2.38339633840494,5.86146275507539e-08,MATN2
D3_center_primary,EPITHELIAL_MESENCHYMAL_TRANSITION,2.38339633840494,5.86146275507539e-08,VEGFC
D3_center_primary,EPITHELIAL_MESENCHYMAL_TRANSITION,2.38339633840494,5.86146275507539e-08,COL1A1
D3_center_primary,EPITHELIAL_MESENCHYMAL_TRANSITION,2.38339633840494,5.86146275507539e-08,POSTN
D3_center_primary,EPITHELIAL_MESENCHYMAL_TRANSITION,2.38339633840494,5.86146275507539e-08,COL6A3
D3_center_primary,EPITHELIAL_MESENCHYMAL_TRANSITION,2.38339633840494,5.86146275507539e-08,IGFBP2
D3_center_primary,EPITHELIAL_MESENCHYMAL_TRANSITION,2.38339633840494,5.86146275507539e-08,COL6A2
D3_center_primary,EPITHELIAL_MESENCHYMAL_TRANSITION,2.38339633840494,5.86146275507539e-08,LAMC2
D3_center_primary,EPITHELIAL_MESENCHYMAL_TRANSITION,2.38339633840494,5.86146275507539e-08,IGFBP4
D3_center_primary,EPITHELIAL_MESENCHYMAL_TRANSITION,2.38339633840494,5.86146275507539e-08,ABI3BP
D3_center_primary,EPITHELIAL_MESENCHYMAL_TRANSITION,2.38339633840494,5.86146275507539e-08,WNT5A
D3_center_primary,EPITHELIAL_MESENCHYMAL_TRANSITION,2.38339633840494,5.86146275507539e-08,FBN1
D3_center_primary,EPITHELIAL_MESENCHYMAL_TRANSITION,2.38339633840494,5.86146275507539e-08,COL4A2
D3_center_primary,EPITHELIAL_MESENCHYMAL_TRANSITION,2.38339633840494,5.86146275507539e-08,HTRA1
D3_center_primary,EPITHELIAL_MESENCHYMAL_TRANSITION,2.38339633840494,5.86146275507539e-08,COL3A1
D3_center_primary,EPITHELIAL_MESENCHYMAL_TRANSITION,2.38339633840494,5.86146275507539e-08,SFRP1
D3_center_primary,EPITHELIAL_MESENCHYMAL_TRANSITION,2.38339633840494,5.86146275507539e-08,COLGALT1
D3_center_primary,EPITHELIAL_MESENCHYMAL_TRANSITION,2.38339633840494,5.86146275507539e-08,LRP1
D3_center_primary,EPITHELIAL_MESENCHYMAL_TRANSITION,2.38339633840494,5.86146275507539e-08,TNFRSF11B
D3_center_primary,EPITHELIAL_MESENCHYMAL_TRANSITION,2.38339633840494,5.86146275507539e-08,NNMT
D3_center_primary,EPITHELIAL_MESENCHYMAL_TRANSITION,2.38339633840494,5.86146275507539e-08,CCN1
D3_center_primary,EPITHELIAL_MESENCHYMAL_TRANSITION,2.38339633840494,5.86146275507539e-08,PCOLCE2
D3_center_primary,EPITHELIAL_MESENCHYMAL_TRANSITION,2.38339633840494,5.86146275507539e-08,THBS2
D3_center_primary,EPITHELIAL_MESENCHYMAL_TRANSITION,2.38339633840494,5.86146275507539e-08,NOTCH2
D3_center_primary,EPITHELIAL_MESENCHYMAL_TRANSITION,2.38339633840494,5.86146275507539e-08,TNC
D3_center_primary,EPITHELIAL_MESENCHYMAL_TRANSITION,2.38339633840494,5.86146275507539e-08,VCAM1
D3_center_primary,EPITHELIAL_MESENCHYMAL_TRANSITION,2.38339633840494,5.86146275507539e-08,CXCL12
D3_center_primary,EPITHELIAL_MESENCHYMAL_TRANSITION,2.38339633840494,5.86146275507539e-08,MMP2
D3_center_primary,EPITHELIAL_MESENCHYMAL_TRANSITION,2.38339633840494,5.86146275507539e-08,COL5A2
D3_center_primary,EPITHELIAL_MESENCHYMAL_TRANSITION,2.38339633840494,5.86146275507539e-08,COL12A1
D3_center_primary,EPITHELIAL_MESENCHYMAL_TRANSITION,2.38339633840494,5.86146275507539e-08,CTHRC1
D3_center_primary,EPITHELIAL_MESENCHYMAL_TRANSITION,2.38339633840494,5.86146275507539e-08,MGP
D3_center_primary,ESTROGEN_RESPONSE_EARLY,1.5503102579423,0.0913432185059197,INHBB
D3_center_primary,ESTROGEN_RESPONSE_EARLY,1.5503102579423,0.0913432185059197,STC2
D3_center_primary,ESTROGEN_RESPONSE_EARLY,1.5503102579423,0.0913432185059197,PRSS23
D3_center_primary,ESTROGEN_RESPONSE_EARLY,1.5503102579423,0.0913432185059197,IGFBP4
D3_center_primary,ESTROGEN_RESPONSE_EARLY,1.5503102579423,0.0913432185059197,CCN5
D3_center_primary,ESTROGEN_RESPONSE_EARLY,1.5503102579423,0.0913432185059197,OLFM1
D3_center_primary,ESTROGEN_RESPONSE_EARLY,1.5503102579423,0.0913432185059197,THSD4
D3_center_primary,ESTROGEN_RESPONSE_EARLY,1.5503102579423,0.0913432185059197,TFF1
D3_center_primary,ESTROGEN_RESPONSE_EARLY,1.5503102579423,0.0913432185059197,CXCL12
D3_center_primary,ESTROGEN_RESPONSE_EARLY,1.5503102579423,0.0913432185059197,SNX24
D3_center_primary,ESTROGEN_RESPONSE_EARLY,1.5503102579423,0.0913432185059197,ABAT
D3_center_primary,ESTROGEN_RESPONSE_EARLY,1.5503102579423,0.0913432185059197,BLVRB
D3_center_primary,ESTROGEN_RESPONSE_EARLY,1.5503102579423,0.0913432185059197,B4GALT1
D3_center_primary,ESTROGEN_RESPONSE_EARLY,1.5503102579423,0.0913432185059197,FLNB
D3_center_primary,ESTROGEN_RESPONSE_EARLY,1.5503102579423,0.0913432185059197,SEMA3B
D3_center_primary,ESTROGEN_RESPONSE_EARLY,1.5503102579423,0.0913432185059197,MYBBP1A
D3_center_primary,ESTROGEN_RESPONSE_LATE,1.70799001893125,0.0313559909839162,LSR
D3_center_primary,ESTROGEN_RESPONSE_LATE,1.70799001893125,0.0313559909839162,ASS1
D3_center_primary,ESTROGEN_RESPONSE_LATE,1.70799001893125,0.0313559909839162,UGDH
D3_center_primary,ESTROGEN_RESPONSE_LATE,1.70799001893125,0.0313559909839162,PRSS23
D3_center_primary,ESTROGEN_RESPONSE_LATE,1.70799001893125,0.0313559909839162,LAMC2
D3_center_primary,ESTROGEN_RESPONSE_LATE,1.70799001893125,0.0313559909839162,IGFBP4
D3_center_primary,ESTROGEN_RESPONSE_LATE,1.70799001893125,0.0313559909839162,ETFB
D3_center_primary,ESTROGEN_RESPONSE_LATE,1.70799001893125,0.0313559909839162,CCN5
D3_center_primary,ESTROGEN_RESPONSE_LATE,1.70799001893125,0.0313559909839162,OLFM1
D3_center_primary,ESTROGEN_RESPONSE_LATE,1.70799001893125,0.0313559909839162,TST
D3_center_primary,ESTROGEN_RESPONSE_LATE,1.70799001893125,0.0313559909839162,SORD
D3_center_primary,ESTROGEN_RESPONSE_LATE,1.70799001893125,0.0313559909839162,TFF1
D3_center_primary,ESTROGEN_RESPONSE_LATE,1.70799001893125,0.0313559909839162,MDK
D3_center_primary,FATTY_ACID_METABOLISM,1.18089998540859,0.386888233870164,CBR1
D3_center_primary,FATTY_ACID_METABOLISM,1.18089998540859,0.386888233870164,CBR3
D3_center_primary,FATTY_ACID_METABOLISM,1.18089998540859,0.386888233870164,UGDH
D3_center_primary,FATTY_ACID_METABOLISM,1.18089998540859,0.386888233870164,REEP6
D3_center_primary,FATTY_ACID_METABOLISM,1.18089998540859,0.386888233870164,ADH1C
D3_center_primary,FATTY_ACID_METABOLISM,1.18089998540859,0.386888233870164,EPHX1
D3_center_primary,FATTY_ACID_METABOLISM,1.18089998540859,0.386888233870164,GRHPR
D3_center_primary,FATTY_ACID_METABOLISM,1.18089998540859,0.386888233870164,ACAA1
D3_center_primary,FATTY_ACID_METABOLISM,1.18089998540859,0.386888233870164,ACAA2
D3_center_primary,FATTY_ACID_METABOLISM,1.18089998540859,0.386888233870164,ETFDH
D3_center_primary,FATTY_ACID_METABOLISM,1.18089998540859,0.386888233870164,SUCLG1
D3_center_primary,FATTY_ACID_METABOLISM,1.18089998540859,0.386888233870164,EHHADH
D3_center_primary,FATTY_ACID_METABOLISM,1.18089998540859,0.386888233870164,ME1
D3_center_primary,FATTY_ACID_METABOLISM,1.18089998540859,0.386888233870164,H2AZ1
D3_center_primary,FATTY_ACID_METABOLISM,1.18089998540859,0.386888233870164,CRYZ
D3_center_primary,FATTY_ACID_METABOLISM,1.18089998540859,0.386888233870164,ENO3
D3_center_primary,FATTY_ACID_METABOLISM,1.18089998540859,0.386888233870164,ACADS
D3_center_primary,FATTY_ACID_METABOLISM,1.18089998540859,0.386888233870164,IDH1
D3_center_primary,FATTY_ACID_METABOLISM,1.18089998540859,0.386888233870164,HMGCS2
D3_center_primary,G2M_CHECKPOINT,1.67969042254323,0.0313559909839162,MT2A
D3_center_primary,G2M_CHECKPOINT,1.67969042254323,0.0313559909839162,EWSR1
D3_center_primary,G2M_CHECKPOINT,1.67969042254323,0.0313559909839162,ILF3
D3_center_primary,G2M_CHECKPOINT,1.67969042254323,0.0313559909839162,HMGA1
D3_center_primary,G2M_CHECKPOINT,1.67969042254323,0.0313559909839162,CHMP1A
D3_center_primary,G2M_CHECKPOINT,1.67969042254323,0.0313559909839162,G3BP1
D3_center_primary,G2M_CHECKPOINT,1.67969042254323,0.0313559909839162,NASP
D3_center_primary,G2M_CHECKPOINT,1.67969042254323,0.0313559909839162,CUL1
D3_center_primary,G2M_CHECKPOINT,1.67969042254323,0.0313559909839162,HMGN2
D3_center_primary,G2M_CHECKPOINT,1.67969042254323,0.0313559909839162,SRSF2
D3_center_primary,G2M_CHECKPOINT,1.67969042254323,0.0313559909839162,NOTCH2
D3_center_primary,G2M_CHECKPOINT,1.67969042254323,0.0313559909839162,SFPQ
D3_center_primary,G2M_CHECKPOINT,1.67969042254323,0.0313559909839162,H2AZ1
D3_center_primary,G2M_CHECKPOINT,1.67969042254323,0.0313559909839162,NCL
D3_center_primary,G2M_CHECKPOINT,1.67969042254323,0.0313559909839162,BUB3
D3_center_primary,G2M_CHECKPOINT,1.67969042254323,0.0313559909839162,RAD23B
D3_center_primary,G2M_CHECKPOINT,1.67969042254323,0.0313559909839162,SRSF1
D3_center_primary,G2M_CHECKPOINT,1.67969042254323,0.0313559909839162,H2AX
D3_center_primary,GLYCOLYSIS,1.18587822956182,0.386888233870164,ANGPTL4
D3_center_primary,GLYCOLYSIS,1.18587822956182,0.386888233870164,STC2
D3_center_primary,GLYCOLYSIS,1.18587822956182,0.386888233870164,VCAN
D3_center_primary,GLYCOLYSIS,1.18587822956182,0.386888233870164,AGRN
D3_center_primary,GLYCOLYSIS,1.18587822956182,0.386888233870164,EXT1
D3_center_primary,GLYCOLYSIS,1.18587822956182,0.386888233870164,NASP
D3_center_primary,GLYCOLYSIS,1.18587822956182,0.386888233870164,ALDOB
D3_center_primary,GLYCOLYSIS,1.18587822956182,0.386888233870164,SLC37A4
D3_center_primary,GLYCOLYSIS,1.18587822956182,0.386888233870164,AGL
D3_center_primary,GLYCOLYSIS,1.18587822956182,0.386888233870164,B3GALT6
D3_center_primary,GLYCOLYSIS,1.18587822956182,0.386888233870164,ME1
D3_center_primary,GLYCOLYSIS,1.18587822956182,0.386888233870164,ENO1
D3_center_primary,GLYCOLYSIS,1.18587822956182,0.386888233870164,B4GALT1
D3_center_primary,GLYCOLYSIS,1.18587822956182,0.386888233870164,PYGL
D3_center_primary,GLYCOLYSIS,1.18587822956182,0.386888233870164,GMPPA
D3_center_primary,GLYCOLYSIS,1.18587822956182,0.386888233870164,P4HA1
D3_center_primary,GLYCOLYSIS,1.18587822956182,0.386888233870164,PMM2
D3_center_primary,HEME_METABOLISM,-1.12610041740556,0.386888233870164,RIOK3
D3_center_primary,HEME_METABOLISM,-1.12610041740556,0.386888233870164,ALAD
D3_center_primary,HEME_METABOLISM,-1.12610041740556,0.386888233870164,SLC2A1
D3_center_primary,HEME_METABOLISM,-1.12610041740556,0.386888233870164,HBD
D3_center_primary,HEME_METABOLISM,-1.12610041740556,0.386888233870164,ABCB6
D3_center_primary,HEME_METABOLISM,-1.12610041740556,0.386888233870164,USP15
D3_center_primary,HEME_METABOLISM,-1.12610041740556,0.386888233870164,ANK1
D3_center_primary,HEME_METABOLISM,-1.12610041740556,0.386888233870164,EPB42
D3_center_primary,HEME_METABOLISM,-1.12610041740556,0.386888233870164,SLC4A1
D3_center_primary,HEME_METABOLISM,-1.12610041740556,0.386888233870164,ENDOD1
D3_center_primary,HEME_METABOLISM,-1.12610041740556,0.386888233870164,SLC11A2
D3_center_primary,HEME_METABOLISM,-1.12610041740556,0.386888233870164,LPIN2
D3_center_primary,HEME_METABOLISM,-1.12610041740556,0.386888233870164,AHSP
D3_center_primary,HEME_METABOLISM,-1.12610041740556,0.386888233870164,DMTN
D3_center_primary,HEME_METABOLISM,-1.12610041740556,0.386888233870164,SLC30A1
D3_center_primary,HEME_METABOLISM,-1.12610041740556,0.386888233870164,ADD2
D3_center_primary,HEME_METABOLISM,-1.12610041740556,0.386888233870164,KEL
D3_center_primary,HEME_METABOLISM,-1.12610041740556,0.386888233870164,MBOAT2
D3_center_primary,HEME_METABOLISM,-1.12610041740556,0.386888233870164,EPB41
D3_center_primary,HEME_METABOLISM,-1.12610041740556,0.386888233870164,DAAM1
D3_center_primary,HEME_METABOLISM,-1.12610041740556,0.386888233870164,BPGM
D3_center_primary,HEME_METABOLISM,-1.12610041740556,0.386888233870164,SPTB
D3_center_primary,HEME_METABOLISM,-1.12610041740556,0.386888233870164,ICAM4
D3_center_primary,HEME_METABOLISM,-1.12610041740556,0.386888233870164,BSG
D3_center_primary,HEME_METABOLISM,-1.12610041740556,0.386888233870164,PSMD9
D3_center_primary,HEME_METABOLISM,-1.12610041740556,0.386888233870164,ADD1
D3_center_primary,HYPOXIA,1.65392986127641,0.0313559909839162,LOX
D3_center_primary,HYPOXIA,1.65392986127641,0.0313559909839162,ANGPTL4
D3_center_primary,HYPOXIA,1.65392986127641,0.0313559909839162,STC2
D3_center_primary,HYPOXIA,1.65392986127641,0.0313559909839162,HMOX1
D3_center_primary,HYPOXIA,1.65392986127641,0.0313559909839162,MT2A
D3_center_primary,HYPOXIA,1.65392986127641,0.0313559909839162,CCN5
D3_center_primary,HYPOXIA,1.65392986127641,0.0313559909839162,CSRP2
D3_center_primary,HYPOXIA,1.65392986127641,0.0313559909839162,GRHPR
D3_center_primary,HYPOXIA,1.65392986127641,0.0313559909839162,EXT1
D3_center_primary,HYPOXIA,1.65392986127641,0.0313559909839162,PKLR
D3_center_primary,HYPOXIA,1.65392986127641,0.0313559909839162,CCN1
D3_center_primary,HYPOXIA,1.65392986127641,0.0313559909839162,ALDOB
D3_center_primary,HYPOXIA,1.65392986127641,0.0313559909839162,SLC37A4
D3_center_primary,HYPOXIA,1.65392986127641,0.0313559909839162,B3GALT6
D3_center_primary,HYPOXIA,1.65392986127641,0.0313559909839162,ENO1
D3_center_primary,HYPOXIA,1.65392986127641,0.0313559909839162,P4HA1
D3_center_primary,HYPOXIA,1.65392986127641,0.0313559909839162,ENO3
D3_center_primary,HYPOXIA,1.65392986127641,0.0313559909839162,JMJD6
D3_center_primary,HYPOXIA,1.65392986127641,0.0313559909839162,GAPDH
D3_center_primary,HYPOXIA,1.65392986127641,0.0313559909839162,PGK1
D3_center_primary,IL2_STAT5_SIGNALING,0.978444192209251,0.674288809344386,AHNAK
D3_center_primary,IL2_STAT5_SIGNALING,0.978444192209251,0.674288809344386,ITIH5
D3_center_primary,IL2_STAT5_SIGNALING,0.978444192209251,0.674288809344386,COL6A1
D3_center_primary,IL2_STAT5_SIGNALING,0.978444192209251,0.674288809344386,CXCL10
D3_center_primary,IL2_STAT5_SIGNALING,0.978444192209251,0.674288809344386,FGL2
D3_center_primary,IL2_STAT5_SIGNALING,0.978444192209251,0.674288809344386,PRNP
D3_center_primary,IL2_STAT5_SIGNALING,0.978444192209251,0.674288809344386,BMP2
D3_center_primary,IL2_STAT5_SIGNALING,0.978444192209251,0.674288809344386,NRP1
D3_center_primary,IL6_JAK_STAT3_SIGNALING,-1.02538025574644,0.598668676058744,ITGA4
D3_center_primary,IL6_JAK_STAT3_SIGNALING,-1.02538025574644,0.598668676058744,CD38
D3_center_primary,IL6_JAK_STAT3_SIGNALING,-1.02538025574644,0.598668676058744,CD44
D3_center_primary,IL6_JAK_STAT3_SIGNALING,-1.02538025574644,0.598668676058744,IL17RA
D3_center_primary,IL6_JAK_STAT3_SIGNALING,-1.02538025574644,0.598668676058744,PDGFC
D3_center_primary,IL6_JAK_STAT3_SIGNALING,-1.02538025574644,0.598668676058744,TLR2
D3_center_primary,IL6_JAK_STAT3_SIGNALING,-1.02538025574644,0.598668676058744,CD36
D3_center_primary,IL6_JAK_STAT3_SIGNALING,-1.02538025574644,0.598668676058744,ITGB3
D3_center_primary,IL6_JAK_STAT3_SIGNALING,-1.02538025574644,0.598668676058744,CD9
D3_center_primary,INFLAMMATORY_RESPONSE,-1.33072943518856,0.258117822027597,CD48
D3_center_primary,INFLAMMATORY_RESPONSE,-1.33072943518856,0.258117822027597,C5AR1
D3_center_primary,INFLAMMATORY_RESPONSE,-1.33072943518856,0.258117822027597,ITGA5
D3_center_primary,INFLAMMATORY_RESPONSE,-1.33072943518856,0.258117822027597,KCNA3
D3_center_primary,INFLAMMATORY_RESPONSE,-1.33072943518856,0.258117822027597,GNAI3
D3_center_primary,INFLAMMATORY_RESPONSE,-1.33072943518856,0.258117822027597,ATP2C1
D3_center_primary,INFLAMMATORY_RESPONSE,-1.33072943518856,0.258117822027597,LYN
D3_center_primary,INFLAMMATORY_RESPONSE,-1.33072943518856,0.258117822027597,CYBB
D3_center_primary,INFLAMMATORY_RESPONSE,-1.33072943518856,0.258117822027597,ATP2B1
D3_center_primary,INFLAMMATORY_RESPONSE,-1.33072943518856,0.258117822027597,TLR2
D3_center_primary,INFLAMMATORY_RESPONSE,-1.33072943518856,0.258117822027597,SLC11A2
D3_center_primary,INFLAMMATORY_RESPONSE,-1.33072943518856,0.258117822027597,ITGB3
D3_center_primary,INFLAMMATORY_RESPONSE,-1.33072943518856,0.258117822027597,CD55
D3_center_primary,INFLAMMATORY_RESPONSE,-1.33072943518856,0.258117822027597,FPR1
D3_center_primary,INFLAMMATORY_RESPONSE,-1.33072943518856,0.258117822027597,CD40
D3_center_primary,INFLAMMATORY_RESPONSE,-1.33072943518856,0.258117822027597,TAPBP
D3_center_primary,INFLAMMATORY_RESPONSE,-1.33072943518856,0.258117822027597,GP1BA
D3_center_primary,INTERFERON_ALPHA_RESPONSE,-1.15000335295509,0.390706028913289,CD47
D3_center_primary,INTERFERON_ALPHA_RESPONSE,-1.15000335295509,0.390706028913289,RNF31
D3_center_primary,INTERFERON_ALPHA_RESPONSE,-1.15000335295509,0.390706028913289,PLSCR1
D3_center_primary,INTERFERON_ALPHA_RESPONSE,-1.15000335295509,0.390706028913289,TRIM5
D3_center_primary,INTERFERON_ALPHA_RESPONSE,-1.15000335295509,0.390706028913289,HLA-C
D3_center_primary,INTERFERON_ALPHA_RESPONSE,-1.15000335295509,0.390706028913289,PARP14
D3_center_primary,INTERFERON_ALPHA_RESPONSE,-1.15000335295509,0.390706028913289,UBA7
D3_center_primary,INTERFERON_GAMMA_RESPONSE,-1.25935962383466,0.269073966220151,CFB
D3_center_primary,INTERFERON_GAMMA_RESPONSE,-1.25935962383466,0.269073966220151,CD38
D3_center_primary,INTERFERON_GAMMA_RESPONSE,-1.25935962383466,0.269073966220151,HLA-G
D3_center_primary,INTERFERON_GAMMA_RESPONSE,-1.25935962383466,0.269073966220151,RNF31
D3_center_primary,INTERFERON_GAMMA_RESPONSE,-1.25935962383466,0.269073966220151,HLA-B
D3_center_primary,INTERFERON_GAMMA_RESPONSE,-1.25935962383466,0.269073966220151,MVP
D3_center_primary,INTERFERON_GAMMA_RESPONSE,-1.25935962383466,0.269073966220151,PLSCR1
D3_center_primary,INTERFERON_GAMMA_RESPONSE,-1.25935962383466,0.269073966220151,TNFAIP2
D3_center_primary,INTERFERON_GAMMA_RESPONSE,-1.25935962383466,0.269073966220151,PARP14
D3_center_primary,INTERFERON_GAMMA_RESPONSE,-1.25935962383466,0.269073966220151,JAK2
D3_center_primary,INTERFERON_GAMMA_RESPONSE,-1.25935962383466,0.269073966220151,PNP
D3_center_primary,INTERFERON_GAMMA_RESPONSE,-1.25935962383466,0.269073966220151,RIPK1
D3_center_primary,INTERFERON_GAMMA_RESPONSE,-1.25935962383466,0.269073966220151,CASP4
D3_center_primary,INTERFERON_GAMMA_RESPONSE,-1.25935962383466,0.269073966220151,PSMA2
D3_center_primary,INTERFERON_GAMMA_RESPONSE,-1.25935962383466,0.269073966220151,FPR1
D3_center_primary,INTERFERON_GAMMA_RESPONSE,-1.25935962383466,0.269073966220151,CD274
D3_center_primary,INTERFERON_GAMMA_RESPONSE,-1.25935962383466,0.269073966220151,CD40
D3_center_primary,INTERFERON_GAMMA_RESPONSE,-1.25935962383466,0.269073966220151,PML
D3_center_primary,INTERFERON_GAMMA_RESPONSE,-1.25935962383466,0.269073966220151,TAPBP
D3_center_primary,INTERFERON_GAMMA_RESPONSE,-1.25935962383466,0.269073966220151,ZNFX1
D3_center_primary,INTERFERON_GAMMA_RESPONSE,-1.25935962383466,0.269073966220151,TAP1
D3_center_primary,INTERFERON_GAMMA_RESPONSE,-1.25935962383466,0.269073966220151,VAMP8
D3_center_primary,KRAS_SIGNALING_DN,1.56998193318221,0.18128364389234,LFNG
D3_center_primary,KRAS_SIGNALING_DN,1.56998193318221,0.18128364389234,IGFBP2
D3_center_primary,KRAS_SIGNALING_DN,1.56998193318221,0.18128364389234,SELENOP
D3_center_primary,KRAS_SIGNALING_DN,1.56998193318221,0.18128364389234,GTF3C5
D3_center_primary,KRAS_SIGNALING_DN,1.56998193318221,0.18128364389234,MYH7
D3_center_primary,KRAS_SIGNALING_UP,1.33499655112702,0.269073966220151,ANGPTL4
D3_center_primary,KRAS_SIGNALING_UP,1.33499655112702,0.269073966220151,SPON1
D3_center_primary,KRAS_SIGNALING_UP,1.33499655112702,0.269073966220151,CXCL10
D3_center_primary,KRAS_SIGNALING_UP,1.33499655112702,0.269073966220151,PLAT
D3_center_primary,KRAS_SIGNALING_UP,1.33499655112702,0.269073966220151,ST6GAL1
D3_center_primary,KRAS_SIGNALING_UP,1.33499655112702,0.269073966220151,SPARCL1
D3_center_primary,KRAS_SIGNALING_UP,1.33499655112702,0.269073966220151,ADAMDEC1
D3_center_primary,KRAS_SIGNALING_UP,1.33499655112702,0.269073966220151,BMP2
D3_center_primary,KRAS_SIGNALING_UP,1.33499655112702,0.269073966220151,APOD
D3_center_primary,KRAS_SIGNALING_UP,1.33499655112702,0.269073966220151,WDR33
D3_center_primary,KRAS_SIGNALING_UP,1.33499655112702,0.269073966220151,SLPI
D3_center_primary,KRAS_SIGNALING_UP,1.33499655112702,0.269073966220151,NRP1
D3_center_primary,MITOTIC_SPINDLE,0.853005470863946,0.843660178279061,WASL
D3_center_primary,MITOTIC_SPINDLE,0.853005470863946,0.843660178279061,SORBS2
D3_center_primary,MITOTIC_SPINDLE,0.853005470863946,0.843660178279061,MYH10
D3_center_primary,MITOTIC_SPINDLE,0.853005470863946,0.843660178279061,EZR
D3_center_primary,MITOTIC_SPINDLE,0.853005470863946,0.843660178279061,STAU1
D3_center_primary,MITOTIC_SPINDLE,0.853005470863946,0.843660178279061,WASF2
D3_center_primary,MITOTIC_SPINDLE,0.853005470863946,0.843660178279061,NOTCH2
D3_center_primary,MITOTIC_SPINDLE,0.853005470863946,0.843660178279061,CD2AP
D3_center_primary,MITOTIC_SPINDLE,0.853005470863946,0.843660178279061,FSCN1
D3_center_primary,MITOTIC_SPINDLE,0.853005470863946,0.843660178279061,ATG4B
D3_center_primary,MITOTIC_SPINDLE,0.853005470863946,0.843660178279061,SEPTIN9
D3_center_primary,MITOTIC_SPINDLE,0.853005470863946,0.843660178279061,MAPRE1
D3_center_primary,MITOTIC_SPINDLE,0.853005470863946,0.843660178279061,MYO1E
D3_center_primary,MTORC1_SIGNALING,-0.921951072289888,0.806344806344806,CTSC
D3_center_primary,MTORC1_SIGNALING,-0.921951072289888,0.806344806344806,NIBAN1
D3_center_primary,MTORC1_SIGNALING,-0.921951072289888,0.806344806344806,ITGB2
D3_center_primary,MTORC1_SIGNALING,-0.921951072289888,0.806344806344806,ERO1A
D3_center_primary,MTORC1_SIGNALING,-0.921951072289888,0.806344806344806,LTA4H
D3_center_primary,MTORC1_SIGNALING,-0.921951072289888,0.806344806344806,TBK1
D3_center_primary,MTORC1_SIGNALING,-0.921951072289888,0.806344806344806,PSMD14
D3_center_primary,MTORC1_SIGNALING,-0.921951072289888,0.806344806344806,SLC2A1
D3_center_primary,MTORC1_SIGNALING,-0.921951072289888,0.806344806344806,SLC7A5
D3_center_primary,MTORC1_SIGNALING,-0.921951072289888,0.806344806344806,FDXR
D3_center_primary,MTORC1_SIGNALING,-0.921951072289888,0.806344806344806,PNP
D3_center_primary,MTORC1_SIGNALING,-0.921951072289888,0.806344806344806,ACLY
D3_center_primary,MTORC1_SIGNALING,-0.921951072289888,0.806344806344806,SLC1A5
D3_center_primary,MTORC1_SIGNALING,-0.921951072289888,0.806344806344806,SEC11A
D3_center_primary,MTORC1_SIGNALING,-0.921951072289888,0.806344806344806,CD9
D3_center_primary,MTORC1_SIGNALING,-0.921951072289888,0.806344806344806,DHCR24
D3_center_primary,MTORC1_SIGNALING,-0.921951072289888,0.806344806344806,SSR1
D3_center_primary,MTORC1_SIGNALING,-0.921951072289888,0.806344806344806,ACTR3
D3_center_primary,MTORC1_SIGNALING,-0.921951072289888,0.806344806344806,COPS5
D3_center_primary,MTORC1_SIGNALING,-0.921951072289888,0.806344806344806,ARPC5L
D3_center_primary,MTORC1_SIGNALING,-0.921951072289888,0.806344806344806,RPN1
D3_center_primary,MTORC1_SIGNALING,-0.921951072289888,0.806344806344806,PSMB5
D3_center_primary,MTORC1_SIGNALING,-0.921951072289888,0.806344806344806,M6PR
D3_center_primary,MTORC1_SIGNALING,-0.921951072289888,0.806344806344806,CALR
D3_center_primary,MTORC1_SIGNALING,-0.921951072289888,0.806344806344806,HPRT1
D3_center_primary,MTORC1_SIGNALING,-0.921951072289888,0.806344806344806,CANX
D3_center_primary,MTORC1_SIGNALING,-0.921951072289888,0.806344806344806,PSMD13
D3_center_primary,MTORC1_SIGNALING,-0.921951072289888,0.806344806344806,SLC2A3
D3_center_primary,MTORC1_SIGNALING,-0.921951072289888,0.806344806344806,TUBG1
D3_center_primary,MTORC1_SIGNALING,-0.921951072289888,0.806344806344806,PDK1
D3_center_primary,MTORC1_SIGNALING,-0.921951072289888,0.806344806344806,G6PD
D3_center_primary,MTORC1_SIGNALING,-0.921951072289888,0.806344806344806,DAPP1
D3_center_primary,MTORC1_SIGNALING,-0.921951072289888,0.806344806344806,PPA1
D3_center_primary,MTORC1_SIGNALING,-0.921951072289888,0.806344806344806,PSMC4
D3_center_primary,MTORC1_SIGNALING,-0.921951072289888,0.806344806344806,CACYBP
D3_center_primary,MTORC1_SIGNALING,-0.921951072289888,0.806344806344806,USO1
D3_center_primary,MTORC1_SIGNALING,-0.921951072289888,0.806344806344806,PSMD12
D3_center_primary,MTORC1_SIGNALING,-0.921951072289888,0.806344806344806,ATP2A2
D3_center_primary,MTORC1_SIGNALING,-0.921951072289888,0.806344806344806,TUBA4A
D3_center_primary,MTORC1_SIGNALING,-0.921951072289888,0.806344806344806,ABCF2
D3_center_primary,MTORC1_SIGNALING,-0.921951072289888,0.806344806344806,PSMC6
D3_center_primary,MTORC1_SIGNALING,-0.921951072289888,0.806344806344806,RDH11
D3_center_primary,MTORC1_SIGNALING,-0.921951072289888,0.806344806344806,ACSL3
D3_center_primary,MYC_TARGETS_V1,1.19370080346962,0.341687257324391,ETF1
D3_center_primary,MYC_TARGETS_V1,1.19370080346962,0.341687257324391,CNBP
D3_center_primary,MYC_TARGETS_V1,1.19370080346962,0.341687257324391,LSM2
D3_center_primary,MYC_TARGETS_V1,1.19370080346962,0.341687257324391,ILF2
D3_center_primary,MYC_TARGETS_V1,1.19370080346962,0.341687257324391,PABPC1
D3_center_primary,MYC_TARGETS_V1,1.19370080346962,0.341687257324391,PABPC4
D3_center_primary,MYC_TARGETS_V1,1.19370080346962,0.341687257324391,LSM7
D3_center_primary,MYC_TARGETS_V1,1.19370080346962,0.341687257324391,NPM1
D3_center_primary,MYC_TARGETS_V1,1.19370080346962,0.341687257324391,G3BP1
D3_center_primary,MYC_TARGETS_V1,1.19370080346962,0.341687257324391,SERBP1
D3_center_primary,MYC_TARGETS_V1,1.19370080346962,0.341687257324391,CUL1
D3_center_primary,MYC_TARGETS_V1,1.19370080346962,0.341687257324391,SF3A1
D3_center_primary,MYC_TARGETS_V1,1.19370080346962,0.341687257324391,DHX15
D3_center_primary,MYC_TARGETS_V1,1.19370080346962,0.341687257324391,SRSF2
D3_center_primary,MYC_TARGETS_V1,1.19370080346962,0.341687257324391,EIF4H
D3_center_primary,MYC_TARGETS_V1,1.19370080346962,0.341687257324391,HNRNPC
D3_center_primary,MYC_TARGETS_V1,1.19370080346962,0.341687257324391,HNRNPA1
D3_center_primary,MYC_TARGETS_V1,1.19370080346962,0.341687257324391,H2AZ1
D3_center_primary,MYC_TARGETS_V1,1.19370080346962,0.341687257324391,EIF2S1
D3_center_primary,MYC_TARGETS_V1,1.19370080346962,0.341687257324391,BUB3
D3_center_primary,MYC_TARGETS_V1,1.19370080346962,0.341687257324391,RAD23B
D3_center_primary,MYC_TARGETS_V1,1.19370080346962,0.341687257324391,EIF3B
D3_center_primary,MYC_TARGETS_V1,1.19370080346962,0.341687257324391,EIF1AX
D3_center_primary,MYC_TARGETS_V1,1.19370080346962,0.341687257324391,SRSF1
D3_center_primary,MYC_TARGETS_V1,1.19370080346962,0.341687257324391,HNRNPA2B1
D3_center_primary,MYC_TARGETS_V1,1.19370080346962,0.341687257324391,KARS1
D3_center_primary,MYC_TARGETS_V1,1.19370080346962,0.341687257324391,SSB
D3_center_primary,MYC_TARGETS_V1,1.19370080346962,0.341687257324391,EPRS1
D3_center_primary,MYC_TARGETS_V1,1.19370080346962,0.341687257324391,RAN
D3_center_primary,MYC_TARGETS_V1,1.19370080346962,0.341687257324391,PGK1
D3_center_primary,MYC_TARGETS_V1,1.19370080346962,0.341687257324391,EIF2S2
D3_center_primary,MYC_TARGETS_V1,1.19370080346962,0.341687257324391,HNRNPD
D3_center_primary,MYC_TARGETS_V1,1.19370080346962,0.341687257324391,RPLP0
D3_center_primary,MYOGENESIS,2.04994817719093,0.000350435755277906,STC2
D3_center_primary,MYOGENESIS,2.04994817719093,0.000350435755277906,AEBP1
D3_center_primary,MYOGENESIS,2.04994817719093,0.000350435755277906,COL1A1
D3_center_primary,MYOGENESIS,2.04994817719093,0.000350435755277906,COL6A3
D3_center_primary,MYOGENESIS,2.04994817719093,0.000350435755277906,COL6A2
D3_center_primary,MYOGENESIS,2.04994817719093,0.000350435755277906,MYL6B
D3_center_primary,MYOGENESIS,2.04994817719093,0.000350435755277906,AGRN
D3_center_primary,MYOGENESIS,2.04994817719093,0.000350435755277906,MYL1
D3_center_primary,MYOGENESIS,2.04994817719093,0.000350435755277906,COL4A2
D3_center_primary,MYOGENESIS,2.04994817719093,0.000350435755277906,SORBS1
D3_center_primary,MYOGENESIS,2.04994817719093,0.000350435755277906,MYL4
D3_center_primary,MYOGENESIS,2.04994817719093,0.000350435755277906,TNNI1
D3_center_primary,MYOGENESIS,2.04994817719093,0.000350435755277906,COL3A1
D3_center_primary,MYOGENESIS,2.04994817719093,0.000350435755277906,LDB3
D3_center_primary,MYOGENESIS,2.04994817719093,0.000350435755277906,PRNP
D3_center_primary,MYOGENESIS,2.04994817719093,0.000350435755277906,CSRP3
D3_center_primary,MYOGENESIS,2.04994817719093,0.000350435755277906,APOD
D3_center_primary,MYOGENESIS,2.04994817719093,0.000350435755277906,CFD
D3_center_primary,MYOGENESIS,2.04994817719093,0.000350435755277906,MYL3
D3_center_primary,MYOGENESIS,2.04994817719093,0.000350435755277906,AGL
D3_center_primary,MYOGENESIS,2.04994817719093,0.000350435755277906,SOD3
D3_center_primary,MYOGENESIS,2.04994817719093,0.000350435755277906,COL15A1
D3_center_primary,MYOGENESIS,2.04994817719093,0.000350435755277906,MYH7
D3_center_primary,MYOGENESIS,2.04994817719093,0.000350435755277906,IGF1
D3_center_primary,MYOGENESIS,2.04994817719093,0.000350435755277906,AKT2
D3_center_primary,MYOGENESIS,2.04994817719093,0.000350435755277906,MAPRE3
D3_center_primary,MYOGENESIS,2.04994817719093,0.000350435755277906,ENO3
D3_center_primary,OXIDATIVE_PHOSPHORYLATION,-1.56775055184772,0.0315954690963311,UQCRB
D3_center_primary,OXIDATIVE_PHOSPHORYLATION,-1.56775055184772,0.0315954690963311,SLC25A20
D3_center_primary,OXIDATIVE_PHOSPHORYLATION,-1.56775055184772,0.0315954690963311,UQCRFS1
D3_center_primary,OXIDATIVE_PHOSPHORYLATION,-1.56775055184772,0.0315954690963311,ATP5PB
D3_center_primary,OXIDATIVE_PHOSPHORYLATION,-1.56775055184772,0.0315954690963311,IDH3G
D3_center_primary,OXIDATIVE_PHOSPHORYLATION,-1.56775055184772,0.0315954690963311,COX7A2L
D3_center_primary,OXIDATIVE_PHOSPHORYLATION,-1.56775055184772,0.0315954690963311,NDUFB1
D3_center_primary,OXIDATIVE_PHOSPHORYLATION,-1.56775055184772,0.0315954690963311,LRPPRC
D3_center_primary,OXIDATIVE_PHOSPHORYLATION,-1.56775055184772,0.0315954690963311,UQCRH
D3_center_primary,OXIDATIVE_PHOSPHORYLATION,-1.56775055184772,0.0315954690963311,UQCRQ
D3_center_primary,OXIDATIVE_PHOSPHORYLATION,-1.56775055184772,0.0315954690963311,MTX2
D3_center_primary,OXIDATIVE_PHOSPHORYLATION,-1.56775055184772,0.0315954690963311,TIMM9
D3_center_primary,OXIDATIVE_PHOSPHORYLATION,-1.56775055184772,0.0315954690963311,HCCS
D3_center_primary,OXIDATIVE_PHOSPHORYLATION,-1.56775055184772,0.0315954690963311,OXA1L
D3_center_primary,OXIDATIVE_PHOSPHORYLATION,-1.56775055184772,0.0315954690963311,TCIRG1
D3_center_primary,OXIDATIVE_PHOSPHORYLATION,-1.56775055184772,0.0315954690963311,RHOT2
D3_center_primary,OXIDATIVE_PHOSPHORYLATION,-1.56775055184772,0.0315954690963311,ATP6V1F
D3_center_primary,OXIDATIVE_PHOSPHORYLATION,-1.56775055184772,0.0315954690963311,SLC25A5
D3_center_primary,OXIDATIVE_PHOSPHORYLATION,-1.56775055184772,0.0315954690963311,SLC25A12
D3_center_primary,OXIDATIVE_PHOSPHORYLATION,-1.56775055184772,0.0315954690963311,COX4I1
D3_center_primary,OXIDATIVE_PHOSPHORYLATION,-1.56775055184772,0.0315954690963311,NDUFB7
D3_center_primary,OXIDATIVE_PHOSPHORYLATION,-1.56775055184772,0.0315954690963311,NDUFS6
D3_center_primary,OXIDATIVE_PHOSPHORYLATION,-1.56775055184772,0.0315954690963311,PHB2
D3_center_primary,OXIDATIVE_PHOSPHORYLATION,-1.56775055184772,0.0315954690963311,MDH1
D3_center_primary,OXIDATIVE_PHOSPHORYLATION,-1.56775055184772,0.0315954690963311,SLC25A3
D3_center_primary,OXIDATIVE_PHOSPHORYLATION,-1.56775055184772,0.0315954690963311,RHOT1
D3_center_primary,OXIDATIVE_PHOSPHORYLATION,-1.56775055184772,0.0315954690963311,NDUFS4
D3_center_primary,OXIDATIVE_PHOSPHORYLATION,-1.56775055184772,0.0315954690963311,ATP6V1H
D3_center_primary,OXIDATIVE_PHOSPHORYLATION,-1.56775055184772,0.0315954690963311,UQCRC2
D3_center_primary,OXIDATIVE_PHOSPHORYLATION,-1.56775055184772,0.0315954690963311,NDUFA7
D3_center_primary,OXIDATIVE_PHOSPHORYLATION,-1.56775055184772,0.0315954690963311,NDUFA3
D3_center_primary,OXIDATIVE_PHOSPHORYLATION,-1.56775055184772,0.0315954690963311,ATP6V1C1
D3_center_primary,OXIDATIVE_PHOSPHORYLATION,-1.56775055184772,0.0315954690963311,COX6A1
D3_center_primary,OXIDATIVE_PHOSPHORYLATION,-1.56775055184772,0.0315954690963311,COX6C
D3_center_primary,OXIDATIVE_PHOSPHORYLATION,-1.56775055184772,0.0315954690963311,NDUFC2
D3_center_primary,OXIDATIVE_PHOSPHORYLATION,-1.56775055184772,0.0315954690963311,CPT1A
D3_center_primary,OXIDATIVE_PHOSPHORYLATION,-1.56775055184772,0.0315954690963311,ABCB7
D3_center_primary,OXIDATIVE_PHOSPHORYLATION,-1.56775055184772,0.0315954690963311,TIMM13
D3_center_primary,P53_PATHWAY,1.18939483656694,0.386888233870164,INHBB
D3_center_primary,P53_PATHWAY,1.18939483656694,0.386888233870164,HMOX1
D3_center_primary,P53_PATHWAY,1.18939483656694,0.386888233870164,EPS8L2
D3_center_primary,P53_PATHWAY,1.18939483656694,0.386888233870164,TNNI1
D3_center_primary,P53_PATHWAY,1.18939483656694,0.386888233870164,EPHX1
D3_center_primary,P53_PATHWAY,1.18939483656694,0.386888233870164,BMP2
D3_center_primary,P53_PATHWAY,1.18939483656694,0.386888233870164,HINT1
D3_center_primary,P53_PATHWAY,1.18939483656694,0.386888233870164,TCN2
D3_center_primary,P53_PATHWAY,1.18939483656694,0.386888233870164,ABAT
D3_center_primary,P53_PATHWAY,1.18939483656694,0.386888233870164,GM2A
D3_center_primary,P53_PATHWAY,1.18939483656694,0.386888233870164,DCXR
D3_center_primary,P53_PATHWAY,1.18939483656694,0.386888233870164,EI24
D3_center_primary,PEROXISOME,-0.712767309941947,0.944381602408022,TTR
D3_center_primary,PEROXISOME,-0.712767309941947,0.944381602408022,SERPINA6
D3_center_primary,PEROXISOME,-0.712767309941947,0.944381602408022,MVP
D3_center_primary,PEROXISOME,-0.712767309941947,0.944381602408022,ACSL4
D3_center_primary,PEROXISOME,-0.712767309941947,0.944381602408022,DHCR24
D3_center_primary,PEROXISOME,-0.712767309941947,0.944381602408022,GSTK1
D3_center_primary,PEROXISOME,-0.712767309941947,0.944381602408022,GNPAT
D3_center_primary,PEROXISOME,-0.712767309941947,0.944381602408022,ACOX1
D3_center_primary,PEROXISOME,-0.712767309941947,0.944381602408022,IDE
D3_center_primary,PEROXISOME,-0.712767309941947,0.944381602408022,ABCC5
D3_center_primary,PEROXISOME,-0.712767309941947,0.944381602408022,HSD17B11
D3_center_primary,PEROXISOME,-0.712767309941947,0.944381602408022,ACSL5
D3_center_primary,PEROXISOME,-0.712767309941947,0.944381602408022,RDH11
D3_center_primary,PEROXISOME,-0.712767309941947,0.944381602408022,PRDX5
D3_center_primary,PEROXISOME,-0.712767309941947,0.944381602408022,CLN6
D3_center_primary,PEROXISOME,-0.712767309941947,0.944381602408022,FDPS
D3_center_primary,PEROXISOME,-0.712767309941947,0.944381602408022,ISOC1
D3_center_primary,PEROXISOME,-0.712767309941947,0.944381602408022,SLC27A2
D3_center_primary,PI3K_AKT_MTOR_SIGNALING,-0.888450238488229,0.806344806344806,TBK1
D3_center_primary,PI3K_AKT_MTOR_SIGNALING,-0.888450238488229,0.806344806344806,SLC2A1
D3_center_primary,PI3K_AKT_MTOR_SIGNALING,-0.888450238488229,0.806344806344806,PIKFYVE
D3_center_primary,PI3K_AKT_MTOR_SIGNALING,-0.888450238488229,0.806344806344806,PRKAR2A
D3_center_primary,PI3K_AKT_MTOR_SIGNALING,-0.888450238488229,0.806344806344806,RIPK1
D3_center_primary,PI3K_AKT_MTOR_SIGNALING,-0.888450238488229,0.806344806344806,ITPR2
D3_center_primary,PI3K_AKT_MTOR_SIGNALING,-0.888450238488229,0.806344806344806,YWHAB
D3_center_primary,PI3K_AKT_MTOR_SIGNALING,-0.888450238488229,0.806344806344806,ACTR3
D3_center_primary,PI3K_AKT_MTOR_SIGNALING,-0.888450238488229,0.806344806344806,CLTC
D3_center_primary,PI3K_AKT_MTOR_SIGNALING,-0.888450238488229,0.806344806344806,CALR
D3_center_primary,PI3K_AKT_MTOR_SIGNALING,-0.888450238488229,0.806344806344806,PDK1
D3_center_primary,PI3K_AKT_MTOR_SIGNALING,-0.888450238488229,0.806344806344806,DAPP1
D3_center_primary,PI3K_AKT_MTOR_SIGNALING,-0.888450238488229,0.806344806344806,UBE2N
D3_center_primary,PI3K_AKT_MTOR_SIGNALING,-0.888450238488229,0.806344806344806,ARPC3
D3_center_primary,PI3K_AKT_MTOR_SIGNALING,-0.888450238488229,0.806344806344806,SQSTM1
D3_center_primary,PI3K_AKT_MTOR_SIGNALING,-0.888450238488229,0.806344806344806,ACTR2
D3_center_primary,PI3K_AKT_MTOR_SIGNALING,-0.888450238488229,0.806344806344806,PFN1
D3_center_primary,PI3K_AKT_MTOR_SIGNALING,-0.888450238488229,0.806344806344806,ACACA
D3_center_primary,PI3K_AKT_MTOR_SIGNALING,-0.888450238488229,0.806344806344806,CSNK2B
D3_center_primary,PI3K_AKT_MTOR_SIGNALING,-0.888450238488229,0.806344806344806,VAV3
D3_center_primary,PI3K_AKT_MTOR_SIGNALING,-0.888450238488229,0.806344806344806,PRKCB
D3_center_primary,PI3K_AKT_MTOR_SIGNALING,-0.888450238488229,0.806344806344806,MAPK1
D3_center_primary,PROTEIN_SECRETION,-1.61421400438813,0.0315954690963311,CTSC
D3_center_primary,PROTEIN_SECRETION,-1.61421400438813,0.0315954690963311,ADAM10
D3_center_primary,PROTEIN_SECRETION,-1.61421400438813,0.0315954690963311,ATP1A1
D3_center_primary,PROTEIN_SECRETION,-1.61421400438813,0.0315954690963311,GOSR2
D3_center_primary,PROTEIN_SECRETION,-1.61421400438813,0.0315954690963311,SNAP23
D3_center_primary,PROTEIN_SECRETION,-1.61421400438813,0.0315954690963311,TMED10
D3_center_primary,PROTEIN_SECRETION,-1.61421400438813,0.0315954690963311,COPB2
D3_center_primary,PROTEIN_SECRETION,-1.61421400438813,0.0315954690963311,SEC22B
D3_center_primary,PROTEIN_SECRETION,-1.61421400438813,0.0315954690963311,TMX1
D3_center_primary,PROTEIN_SECRETION,-1.61421400438813,0.0315954690963311,GNAS
D3_center_primary,PROTEIN_SECRETION,-1.61421400438813,0.0315954690963311,ARFGAP3
D3_center_primary,PROTEIN_SECRETION,-1.61421400438813,0.0315954690963311,ATP7A
D3_center_primary,PROTEIN_SECRETION,-1.61421400438813,0.0315954690963311,TMED2
D3_center_primary,PROTEIN_SECRETION,-1.61421400438813,0.0315954690963311,ARFGEF2
D3_center_primary,PROTEIN_SECRETION,-1.61421400438813,0.0315954690963311,CLTC
D3_center_primary,PROTEIN_SECRETION,-1.61421400438813,0.0315954690963311,SCAMP3
D3_center_primary,PROTEIN_SECRETION,-1.61421400438813,0.0315954690963311,M6PR
D3_center_primary,PROTEIN_SECRETION,-1.61421400438813,0.0315954690963311,LMAN1
D3_center_primary,PROTEIN_SECRETION,-1.61421400438813,0.0315954690963311,COG2
D3_center_primary,PROTEIN_SECRETION,-1.61421400438813,0.0315954690963311,NAPG
D3_center_primary,PROTEIN_SECRETION,-1.61421400438813,0.0315954690963311,ATP6V1H
D3_center_primary,PROTEIN_SECRETION,-1.61421400438813,0.0315954690963311,ARFGEF1
D3_center_primary,PROTEIN_SECRETION,-1.61421400438813,0.0315954690963311,GBF1
D3_center_primary,PROTEIN_SECRETION,-1.61421400438813,0.0315954690963311,STX12
D3_center_primary,PROTEIN_SECRETION,-1.61421400438813,0.0315954690963311,STX16
D3_center_primary,PROTEIN_SECRETION,-1.61421400438813,0.0315954690963311,VAMP7
D3_center_primary,PROTEIN_SECRETION,-1.61421400438813,0.0315954690963311,OCRL
D3_center_primary,PROTEIN_SECRETION,-1.61421400438813,0.0315954690963311,VAMP3
D3_center_primary,PROTEIN_SECRETION,-1.61421400438813,0.0315954690963311,USO1
D3_center_primary,REACTIVE_OXYGEN_SPECIES_PATHWAY,-0.635501096542303,0.949182588142604,ABCC1
D3_center_primary,REACTIVE_OXYGEN_SPECIES_PATHWAY,-0.635501096542303,0.949182588142604,MSRA
D3_center_primary,REACTIVE_OXYGEN_SPECIES_PATHWAY,-0.635501096542303,0.949182588142604,FES
D3_center_primary,REACTIVE_OXYGEN_SPECIES_PATHWAY,-0.635501096542303,0.949182588142604,G6PD
D3_center_primary,REACTIVE_OXYGEN_SPECIES_PATHWAY,-0.635501096542303,0.949182588142604,GCLM
D3_center_primary,REACTIVE_OXYGEN_SPECIES_PATHWAY,-0.635501096542303,0.949182588142604,GCLC
D3_center_primary,REACTIVE_OXYGEN_SPECIES_PATHWAY,-0.635501096542303,0.949182588142604,HMOX2
D3_center_primary,REACTIVE_OXYGEN_SPECIES_PATHWAY,-0.635501096542303,0.949182588142604,MPO
D3_center_primary,REACTIVE_OXYGEN_SPECIES_PATHWAY,-0.635501096542303,0.949182588142604,SELENOS
D3_center_primary,REACTIVE_OXYGEN_SPECIES_PATHWAY,-0.635501096542303,0.949182588142604,PTPA
D3_center_primary,REACTIVE_OXYGEN_SPECIES_PATHWAY,-0.635501096542303,0.949182588142604,PRDX6
D3_center_primary,REACTIVE_OXYGEN_SPECIES_PATHWAY,-0.635501096542303,0.949182588142604,GSR
D3_center_primary,REACTIVE_OXYGEN_SPECIES_PATHWAY,-0.635501096542303,0.949182588142604,TXNRD1
D3_center_primary,SPERMATOGENESIS,-0.860432139195249,0.806344806344806,PRKAR2A
D3_center_primary,SPERMATOGENESIS,-0.860432139195249,0.806344806344806,JAM3
D3_center_primary,SPERMATOGENESIS,-0.860432139195249,0.806344806344806,TSN
D3_center_primary,SPERMATOGENESIS,-0.860432139195249,0.806344806344806,SLC12A2
D3_center_primary,SPERMATOGENESIS,-0.860432139195249,0.806344806344806,ACE
D3_center_primary,SPERMATOGENESIS,-0.860432139195249,0.806344806344806,PHKG2
D3_center_primary,SPERMATOGENESIS,-0.860432139195249,0.806344806344806,IDE
D3_center_primary,TGF_BETA_SIGNALING,-0.847963556724886,0.806344806344806,NCOR2
D3_center_primary,TGF_BETA_SIGNALING,-0.847963556724886,0.806344806344806,ENG
D3_center_primary,TNFA_SIGNALING_VIA_NFKB,0.950053871954416,0.711775504851823,CXCL10
D3_center_primary,TNFA_SIGNALING_VIA_NFKB,0.950053871954416,0.711775504851823,TNFAIP6
D3_center_primary,TNFA_SIGNALING_VIA_NFKB,0.950053871954416,0.711775504851823,BMP2
D3_center_primary,TNFA_SIGNALING_VIA_NFKB,0.950053871954416,0.711775504851823,CCN1
D3_center_primary,TNFA_SIGNALING_VIA_NFKB,0.950053871954416,0.711775504851823,TNC
D3_center_primary,TNFA_SIGNALING_VIA_NFKB,0.950053871954416,0.711775504851823,B4GALT1
D3_center_primary,TNFA_SIGNALING_VIA_NFKB,0.950053871954416,0.711775504851823,ICAM1
D3_center_primary,TNFA_SIGNALING_VIA_NFKB,0.950053871954416,0.711775504851823,PDLIM5
D3_center_primary,TNFA_SIGNALING_VIA_NFKB,0.950053871954416,0.711775504851823,TRIP10
D3_center_primary,TNFA_SIGNALING_VIA_NFKB,0.950053871954416,0.711775504851823,B4GALT5
D3_center_primary,TNFA_SIGNALING_VIA_NFKB,0.950053871954416,0.711775504851823,RIPK2
D3_center_primary,TNFA_SIGNALING_VIA_NFKB,0.950053871954416,0.711775504851823,DNAJB4
D3_center_primary,TNFA_SIGNALING_VIA_NFKB,0.950053871954416,0.711775504851823,PTX3
D3_center_primary,TNFA_SIGNALING_VIA_NFKB,0.950053871954416,0.711775504851823,MAP2K3
D3_center_primary,TNFA_SIGNALING_VIA_NFKB,0.950053871954416,0.711775504851823,NAMPT
D3_center_primary,TNFA_SIGNALING_VIA_NFKB,0.950053871954416,0.711775504851823,CDKN1A
D3_center_primary,UNFOLDED_PROTEIN_RESPONSE,1.15209174494235,0.386888233870164,STC2
D3_center_primary,UNFOLDED_PROTEIN_RESPONSE,1.15209174494235,0.386888233870164,PAIP1
D3_center_primary,UNFOLDED_PROTEIN_RESPONSE,1.15209174494235,0.386888233870164,HYOU1
D3_center_primary,UNFOLDED_PROTEIN_RESPONSE,1.15209174494235,0.386888233870164,NPM1
D3_center_primary,UNFOLDED_PROTEIN_RESPONSE,1.15209174494235,0.386888233870164,LSM4
D3_center_primary,UNFOLDED_PROTEIN_RESPONSE,1.15209174494235,0.386888233870164,KHSRP
D3_center_primary,UNFOLDED_PROTEIN_RESPONSE,1.15209174494235,0.386888233870164,DNAJA4
D3_center_primary,UNFOLDED_PROTEIN_RESPONSE,1.15209174494235,0.386888233870164,FUS
D3_center_primary,UNFOLDED_PROTEIN_RESPONSE,1.15209174494235,0.386888233870164,EIF2S1
D3_center_primary,UNFOLDED_PROTEIN_RESPONSE,1.15209174494235,0.386888233870164,EEF2
D3_center_primary,UNFOLDED_PROTEIN_RESPONSE,1.15209174494235,0.386888233870164,H2AX
D3_center_primary,UNFOLDED_PROTEIN_RESPONSE,1.15209174494235,0.386888233870164,SHC1
D3_center_primary,UNFOLDED_PROTEIN_RESPONSE,1.15209174494235,0.386888233870164,SRPRA
D3_center_primary,UNFOLDED_PROTEIN_RESPONSE,1.15209174494235,0.386888233870164,LSM1
D3_center_primary,UNFOLDED_PROTEIN_RESPONSE,1.15209174494235,0.386888233870164,SEC31A
D3_center_primary,UV_RESPONSE_DN,0.853900140502717,0.806344806344806,COL1A2
D3_center_primary,UV_RESPONSE_DN,0.853900140502717,0.806344806344806,COL1A1
D3_center_primary,UV_RESPONSE_DN,0.853900140502717,0.806344806344806,COL3A1
D3_center_primary,UV_RESPONSE_DN,0.853900140502717,0.806344806344806,CCN1
D3_center_primary,UV_RESPONSE_DN,0.853900140502717,0.806344806344806,NRP1
D3_center_primary,UV_RESPONSE_DN,0.853900140502717,0.806344806344806,NOTCH2
D3_center_primary,UV_RESPONSE_DN,0.853900140502717,0.806344806344806,IGFBP5
D3_center_primary,UV_RESPONSE_DN,0.853900140502717,0.806344806344806,COL5A2
D3_center_primary,UV_RESPONSE_UP,1.37245551210272,0.245175936435868,HMOX1
D3_center_primary,UV_RESPONSE_UP,1.37245551210272,0.245175936435868,PDAP1
D3_center_primary,UV_RESPONSE_UP,1.37245551210272,0.245175936435868,IGFBP2
D3_center_primary,UV_RESPONSE_UP,1.37245551210272,0.245175936435868,OLFM1
D3_center_primary,UV_RESPONSE_UP,1.37245551210272,0.245175936435868,TST
D3_center_primary,UV_RESPONSE_UP,1.37245551210272,0.245175936435868,EPHX1
D3_center_primary,UV_RESPONSE_UP,1.37245551210272,0.245175936435868,MGAT1
D3_center_primary,UV_RESPONSE_UP,1.37245551210272,0.245175936435868,STIP1
D3_center_primary,UV_RESPONSE_UP,1.37245551210272,0.245175936435868,ACAA1
D3_center_primary,UV_RESPONSE_UP,1.37245551210272,0.245175936435868,BMP2
D3_center_primary,UV_RESPONSE_UP,1.37245551210272,0.245175936435868,SPR
D3_center_primary,UV_RESPONSE_UP,1.37245551210272,0.245175936435868,ICAM1
D3_center_primary,UV_RESPONSE_UP,1.37245551210272,0.245175936435868,EIF5
D3_center_primary,UV_RESPONSE_UP,1.37245551210272,0.245175936435868,PPAT
D3_center_primary,UV_RESPONSE_UP,1.37245551210272,0.245175936435868,H2AX
D3_center_primary,UV_RESPONSE_UP,1.37245551210272,0.245175936435868,EIF2S3
D3_center_primary,XENOBIOTIC_METABOLISM,-1.21459639638066,0.333980861932513,PLG
D3_center_primary,XENOBIOTIC_METABOLISM,-1.21459639638066,0.333980861932513,ACP2
D3_center_primary,XENOBIOTIC_METABOLISM,-1.21459639638066,0.333980861932513,VTN
D3_center_primary,XENOBIOTIC_METABOLISM,-1.21459639638066,0.333980861932513,HRG
D3_center_primary,XENOBIOTIC_METABOLISM,-1.21459639638066,0.333980861932513,CFB
D3_center_primary,XENOBIOTIC_METABOLISM,-1.21459639638066,0.333980861932513,FETUB
D3_center_primary,XENOBIOTIC_METABOLISM,-1.21459639638066,0.333980861932513,VNN1
D3_center_primary,XENOBIOTIC_METABOLISM,-1.21459639638066,0.333980861932513,APOE
D3_center_primary,XENOBIOTIC_METABOLISM,-1.21459639638066,0.333980861932513,SERPINA6
D3_center_primary,XENOBIOTIC_METABOLISM,-1.21459639638066,0.333980861932513,NFS1
D3_center_primary,XENOBIOTIC_METABOLISM,-1.21459639638066,0.333980861932513,ITIH1
D3_center_primary,XENOBIOTIC_METABOLISM,-1.21459639638066,0.333980861932513,CES1
D3_center_primary,XENOBIOTIC_METABOLISM,-1.21459639638066,0.333980861932513,CDA
D3_center_primary,XENOBIOTIC_METABOLISM,-1.21459639638066,0.333980861932513,CD36
D3_center_primary,XENOBIOTIC_METABOLISM,-1.21459639638066,0.333980861932513,SLC1A5
D3_center_primary,XENOBIOTIC_METABOLISM,-1.21459639638066,0.333980861932513,LPIN2
D3_center_primary,XENOBIOTIC_METABOLISM,-1.21459639638066,0.333980861932513,F11
D3_center_primary,XENOBIOTIC_METABOLISM,-1.21459639638066,0.333980861932513,MBL2
D3_center_primary_PHpass,ADIPOGENESIS,1.12042288858575,0.445736811368503,ANGPTL4
D3_center_primary_PHpass,ADIPOGENESIS,1.12042288858575,0.445736811368503,ITIH5
D3_center_primary_PHpass,ADIPOGENESIS,1.12042288858575,0.445736811368503,LAMA4
D3_center_primary_PHpass,ADIPOGENESIS,1.12042288858575,0.445736811368503,ENPP2
D3_center_primary_PHpass,ADIPOGENESIS,1.12042288858575,0.445736811368503,REEP6
D3_center_primary_PHpass,ADIPOGENESIS,1.12042288858575,0.445736811368503,ETFB
D3_center_primary_PHpass,ADIPOGENESIS,1.12042288858575,0.445736811368503,SORBS1
D3_center_primary_PHpass,ADIPOGENESIS,1.12042288858575,0.445736811368503,TST
D3_center_primary_PHpass,ADIPOGENESIS,1.12042288858575,0.445736811368503,SPARCL1
D3_center_primary_PHpass,ADIPOGENESIS,1.12042288858575,0.445736811368503,COL15A1
D3_center_primary_PHpass,ADIPOGENESIS,1.12042288858575,0.445736811368503,UBQLN1
D3_center_primary_PHpass,ADIPOGENESIS,1.12042288858575,0.445736811368503,G3BP2
D3_center_primary_PHpass,ADIPOGENESIS,1.12042288858575,0.445736811368503,QDPR
D3_center_primary_PHpass,ADIPOGENESIS,1.12042288858575,0.445736811368503,EPHX2
D3_center_primary_PHpass,ADIPOGENESIS,1.12042288858575,0.445736811368503,ME1
D3_center_primary_PHpass,ADIPOGENESIS,1.12042288858575,0.445736811368503,MRPL15
D3_center_primary_PHpass,ADIPOGENESIS,1.12042288858575,0.445736811368503,COL4A1
D3_center_primary_PHpass,ADIPOGENESIS,1.12042288858575,0.445736811368503,IDH1
D3_center_primary_PHpass,ADIPOGENESIS,1.12042288858575,0.445736811368503,SDHB
D3_center_primary_PHpass,ADIPOGENESIS,1.12042288858575,0.445736811368503,BCL2L13
D3_center_primary_PHpass,ADIPOGENESIS,1.12042288858575,0.445736811368503,MIGA2
D3_center_primary_PHpass,ADIPOGENESIS,1.12042288858575,0.445736811368503,PEX14
D3_center_primary_PHpass,ADIPOGENESIS,1.12042288858575,0.445736811368503,NMT1
D3_center_primary_PHpass,ADIPOGENESIS,1.12042288858575,0.445736811368503,ALDH2
D3_center_primary_PHpass,ADIPOGENESIS,1.12042288858575,0.445736811368503,PGM1
D3_center_primary_PHpass,ADIPOGENESIS,1.12042288858575,0.445736811368503,CAVIN1
D3_center_primary_PHpass,ALLOGRAFT_REJECTION,-1.34476751168413,0.269408163265306,ITGAL
D3_center_primary_PHpass,ALLOGRAFT_REJECTION,-1.34476751168413,0.269408163265306,PTPRC
D3_center_primary_PHpass,ALLOGRAFT_REJECTION,-1.34476751168413,0.269408163265306,CD47
D3_center_primary_PHpass,ALLOGRAFT_REJECTION,-1.34476751168413,0.269408163265306,ITGB2
D3_center_primary_PHpass,ALLOGRAFT_REJECTION,-1.34476751168413,0.269408163265306,HLA-G
D3_center_primary_PHpass,ALLOGRAFT_REJECTION,-1.34476751168413,0.269408163265306,FGR
D3_center_primary_PHpass,ALLOGRAFT_REJECTION,-1.34476751168413,0.269408163265306,HLA-E
D3_center_primary_PHpass,ALLOGRAFT_REJECTION,-1.34476751168413,0.269408163265306,LYN
D3_center_primary_PHpass,ALLOGRAFT_REJECTION,-1.34476751168413,0.269408163265306,TLR2
D3_center_primary_PHpass,ALLOGRAFT_REJECTION,-1.34476751168413,0.269408163265306,JAK2
D3_center_primary_PHpass,ALLOGRAFT_REJECTION,-1.34476751168413,0.269408163265306,MBL2
D3_center_primary_PHpass,ALLOGRAFT_REJECTION,-1.34476751168413,0.269408163265306,CD40LG
D3_center_primary_PHpass,ALLOGRAFT_REJECTION,-1.34476751168413,0.269408163265306,F2R
D3_center_primary_PHpass,ALLOGRAFT_REJECTION,-1.34476751168413,0.269408163265306,MMP9
D3_center_primary_PHpass,ALLOGRAFT_REJECTION,-1.34476751168413,0.269408163265306,CD40
D3_center_primary_PHpass,ALLOGRAFT_REJECTION,-1.34476751168413,0.269408163265306,ACHE
D3_center_primary_PHpass,ALLOGRAFT_REJECTION,-1.34476751168413,0.269408163265306,TAPBP
D3_center_primary_PHpass,ALLOGRAFT_REJECTION,-1.34476751168413,0.269408163265306,TAP1
D3_center_primary_PHpass,ALLOGRAFT_REJECTION,-1.34476751168413,0.269408163265306,RPS9
D3_center_primary_PHpass,ALLOGRAFT_REJECTION,-1.34476751168413,0.269408163265306,RPS19
D3_center_primary_PHpass,ALLOGRAFT_REJECTION,-1.34476751168413,0.269408163265306,CSK
D3_center_primary_PHpass,ALLOGRAFT_REJECTION,-1.34476751168413,0.269408163265306,RPS3A
D3_center_primary_PHpass,ALLOGRAFT_REJECTION,-1.34476751168413,0.269408163265306,CD4
D3_center_primary_PHpass,ALLOGRAFT_REJECTION,-1.34476751168413,0.269408163265306,FYB1
D3_center_primary_PHpass,ALLOGRAFT_REJECTION,-1.34476751168413,0.269408163265306,HLA-A
D3_center_primary_PHpass,ALLOGRAFT_REJECTION,-1.34476751168413,0.269408163265306,LY75
D3_center_primary_PHpass,ALLOGRAFT_REJECTION,-1.34476751168413,0.269408163265306,STAT1
D3_center_primary_PHpass,ALLOGRAFT_REJECTION,-1.34476751168413,0.269408163265306,ELANE
D3_center_primary_PHpass,ALLOGRAFT_REJECTION,-1.34476751168413,0.269408163265306,UBE2N
D3_center_primary_PHpass,ALLOGRAFT_REJECTION,-1.34476751168413,0.269408163265306,SRGN
D3_center_primary_PHpass,ALLOGRAFT_REJECTION,-1.34476751168413,0.269408163265306,NME1
D3_center_primary_PHpass,ALLOGRAFT_REJECTION,-1.34476751168413,0.269408163265306,FLNA
D3_center_primary_PHpass,ALLOGRAFT_REJECTION,-1.34476751168413,0.269408163265306,TAP2
D3_center_primary_PHpass,ANDROGEN_RESPONSE,-0.816742021008165,0.824815647007374,GNAI3
D3_center_primary_PHpass,ANDROGEN_RESPONSE,-0.816742021008165,0.824815647007374,ITGAV
D3_center_primary_PHpass,ANDROGEN_RESPONSE,-0.816742021008165,0.824815647007374,DHCR24
D3_center_primary_PHpass,ANDROGEN_RESPONSE,-0.816742021008165,0.824815647007374,UBE2J1
D3_center_primary_PHpass,ANDROGEN_RESPONSE,-0.816742021008165,0.824815647007374,SPCS3
D3_center_primary_PHpass,ANDROGEN_RESPONSE,-0.816742021008165,0.824815647007374,TNFAIP8
D3_center_primary_PHpass,ANDROGEN_RESPONSE,-0.816742021008165,0.824815647007374,ABCC4
D3_center_primary_PHpass,ANDROGEN_RESPONSE,-0.816742021008165,0.824815647007374,LMAN1
D3_center_primary_PHpass,ANDROGEN_RESPONSE,-0.816742021008165,0.824815647007374,RAB4A
D3_center_primary_PHpass,ANGIOGENESIS,1.3875691969979,0.336105105604524,VCAN
D3_center_primary_PHpass,ANGIOGENESIS,1.3875691969979,0.336105105604524,POSTN
D3_center_primary_PHpass,ANGIOGENESIS,1.3875691969979,0.336105105604524,COL3A1
D3_center_primary_PHpass,ANGIOGENESIS,1.3875691969979,0.336105105604524,LRPAP1
D3_center_primary_PHpass,ANGIOGENESIS,1.3875691969979,0.336105105604524,NRP1
D3_center_primary_PHpass,ANGIOGENESIS,1.3875691969979,0.336105105604524,COL5A2
D3_center_primary_PHpass,APICAL_JUNCTION,1.17404633743883,0.410444557996934,WASL
D3_center_primary_PHpass,APICAL_JUNCTION,1.17404633743883,0.410444557996934,VCAN
D3_center_primary_PHpass,APICAL_JUNCTION,1.17404633743883,0.410444557996934,LAMC2
D3_center_primary_PHpass,APICAL_JUNCTION,1.17404633743883,0.410444557996934,FBN1
D3_center_primary_PHpass,APICAL_JUNCTION,1.17404633743883,0.410444557996934,ADAMTS5
D3_center_primary_PHpass,APICAL_JUNCTION,1.17404633743883,0.410444557996934,MYH10
D3_center_primary_PHpass,APICAL_JUNCTION,1.17404633743883,0.410444557996934,CTNNA1
D3_center_primary_PHpass,APICAL_JUNCTION,1.17404633743883,0.410444557996934,TNFRSF11B
D3_center_primary_PHpass,APICAL_JUNCTION,1.17404633743883,0.410444557996934,VCAM1
D3_center_primary_PHpass,APICAL_JUNCTION,1.17404633743883,0.410444557996934,FSCN1
D3_center_primary_PHpass,APICAL_JUNCTION,1.17404633743883,0.410444557996934,MMP2
D3_center_primary_PHpass,APICAL_JUNCTION,1.17404633743883,0.410444557996934,B4GALT1
D3_center_primary_PHpass,APICAL_JUNCTION,1.17404633743883,0.410444557996934,ICAM1
D3_center_primary_PHpass,APICAL_JUNCTION,1.17404633743883,0.410444557996934,NF2
D3_center_primary_PHpass,APICAL_JUNCTION,1.17404633743883,0.410444557996934,AKT2
D3_center_primary_PHpass,APICAL_JUNCTION,1.17404633743883,0.410444557996934,SHC1
D3_center_primary_PHpass,APICAL_JUNCTION,1.17404633743883,0.410444557996934,ZYX
D3_center_primary_PHpass,APICAL_JUNCTION,1.17404633743883,0.410444557996934,VASP
D3_center_primary_PHpass,APICAL_JUNCTION,1.17404633743883,0.410444557996934,TSC1
D3_center_primary_PHpass,APICAL_JUNCTION,1.17404633743883,0.410444557996934,LDLRAP1
D3_center_primary_PHpass,APOPTOSIS,1.04153986267676,0.614385143983873,LGALS3
D3_center_primary_PHpass,APOPTOSIS,1.04153986267676,0.614385143983873,HMOX1
D3_center_primary_PHpass,APOPTOSIS,1.04153986267676,0.614385143983873,HGF
D3_center_primary_PHpass,APOPTOSIS,1.04153986267676,0.614385143983873,LMNA
D3_center_primary_PHpass,APOPTOSIS,1.04153986267676,0.614385143983873,ETF1
D3_center_primary_PHpass,APOPTOSIS,1.04153986267676,0.614385143983873,PLAT
D3_center_primary_PHpass,BILE_ACID_METABOLISM,-0.732881872926853,0.906221825762165,TTR
D3_center_primary_PHpass,BILE_ACID_METABOLISM,-0.732881872926853,0.906221825762165,SERPINA6
D3_center_primary_PHpass,BILE_ACID_METABOLISM,-0.732881872926853,0.906221825762165,GC
D3_center_primary_PHpass,BILE_ACID_METABOLISM,-0.732881872926853,0.906221825762165,FDXR
D3_center_primary_PHpass,BILE_ACID_METABOLISM,-0.732881872926853,0.906221825762165,DHCR24
D3_center_primary_PHpass,BILE_ACID_METABOLISM,-0.732881872926853,0.906221825762165,GSTK1
D3_center_primary_PHpass,BILE_ACID_METABOLISM,-0.732881872926853,0.906221825762165,GNPAT
D3_center_primary_PHpass,CHOLESTEROL_HOMEOSTASIS,-1.16557083280946,0.445736811368503,CLU
D3_center_primary_PHpass,CHOLESTEROL_HOMEOSTASIS,-1.16557083280946,0.445736811368503,PDK3
D3_center_primary_PHpass,CHOLESTEROL_HOMEOSTASIS,-1.16557083280946,0.445736811368503,NIBAN1
D3_center_primary_PHpass,CHOLESTEROL_HOMEOSTASIS,-1.16557083280946,0.445736811368503,STX5
D3_center_primary_PHpass,CHOLESTEROL_HOMEOSTASIS,-1.16557083280946,0.445736811368503,PLSCR1
D3_center_primary_PHpass,CHOLESTEROL_HOMEOSTASIS,-1.16557083280946,0.445736811368503,ALCAM
D3_center_primary_PHpass,CHOLESTEROL_HOMEOSTASIS,-1.16557083280946,0.445736811368503,CD9
D3_center_primary_PHpass,COAGULATION,1.20559730239615,0.379974082266461,MMP1
D3_center_primary_PHpass,COAGULATION,1.20559730239615,0.379974082266461,CRIP2
D3_center_primary_PHpass,COAGULATION,1.20559730239615,0.379974082266461,PRSS23
D3_center_primary_PHpass,COAGULATION,1.20559730239615,0.379974082266461,CAPN2
D3_center_primary_PHpass,COAGULATION,1.20559730239615,0.379974082266461,FBN1
D3_center_primary_PHpass,COAGULATION,1.20559730239615,0.379974082266461,HTRA1
D3_center_primary_PHpass,COAGULATION,1.20559730239615,0.379974082266461,PLAT
D3_center_primary_PHpass,COAGULATION,1.20559730239615,0.379974082266461,APOA1
D3_center_primary_PHpass,COAGULATION,1.20559730239615,0.379974082266461,C8A
D3_center_primary_PHpass,COAGULATION,1.20559730239615,0.379974082266461,LRP1
D3_center_primary_PHpass,COAGULATION,1.20559730239615,0.379974082266461,FGA
D3_center_primary_PHpass,COAGULATION,1.20559730239615,0.379974082266461,CFD
D3_center_primary_PHpass,COAGULATION,1.20559730239615,0.379974082266461,GNG12
D3_center_primary_PHpass,COAGULATION,1.20559730239615,0.379974082266461,FGG
D3_center_primary_PHpass,COAGULATION,1.20559730239615,0.379974082266461,MMP2
D3_center_primary_PHpass,COAGULATION,1.20559730239615,0.379974082266461,F10
D3_center_primary_PHpass,COAGULATION,1.20559730239615,0.379974082266461,MMP7
D3_center_primary_PHpass,COAGULATION,1.20559730239615,0.379974082266461,CPN1
D3_center_primary_PHpass,COAGULATION,1.20559730239615,0.379974082266461,PEF1
D3_center_primary_PHpass,COAGULATION,1.20559730239615,0.379974082266461,F2
D3_center_primary_PHpass,COAGULATION,1.20559730239615,0.379974082266461,USP11
D3_center_primary_PHpass,COAGULATION,1.20559730239615,0.379974082266461,HPN
D3_center_primary_PHpass,COAGULATION,1.20559730239615,0.379974082266461,HMGCS2
D3_center_primary_PHpass,COAGULATION,1.20559730239615,0.379974082266461,SERPING1
D3_center_primary_PHpass,COAGULATION,1.20559730239615,0.379974082266461,F8
D3_center_primary_PHpass,COAGULATION,1.20559730239615,0.379974082266461,APOC3
D3_center_primary_PHpass,COAGULATION,1.20559730239615,0.379974082266461,A2M
D3_center_primary_PHpass,COMPLEMENT,-1.58266637866568,0.0338170956153082,CLU
D3_center_primary_PHpass,COMPLEMENT,-1.58266637866568,0.0338170956153082,PLG
D3_center_primary_PHpass,COMPLEMENT,-1.58266637866568,0.0338170956153082,CTSC
D3_center_primary_PHpass,COMPLEMENT,-1.58266637866568,0.0338170956153082,CFB
D3_center_primary_PHpass,COMPLEMENT,-1.58266637866568,0.0338170956153082,S100A9
D3_center_primary_PHpass,COMPLEMENT,-1.58266637866568,0.0338170956153082,MMP8
D3_center_primary_PHpass,COMPLEMENT,-1.58266637866568,0.0338170956153082,GNAI2
D3_center_primary_PHpass,COMPLEMENT,-1.58266637866568,0.0338170956153082,F5
D3_center_primary_PHpass,COMPLEMENT,-1.58266637866568,0.0338170956153082,GNAI3
D3_center_primary_PHpass,COMPLEMENT,-1.58266637866568,0.0338170956153082,FCER1G
D3_center_primary_PHpass,COMPLEMENT,-1.58266637866568,0.0338170956153082,LTA4H
D3_center_primary_PHpass,COMPLEMENT,-1.58266637866568,0.0338170956153082,CD46
D3_center_primary_PHpass,COMPLEMENT,-1.58266637866568,0.0338170956153082,LYN
D3_center_primary_PHpass,COMPLEMENT,-1.58266637866568,0.0338170956153082,ITIH1
D3_center_primary_PHpass,COMPLEMENT,-1.58266637866568,0.0338170956153082,PLSCR1
D3_center_primary_PHpass,COMPLEMENT,-1.58266637866568,0.0338170956153082,USP15
D3_center_primary_PHpass,COMPLEMENT,-1.58266637866568,0.0338170956153082,CD59
D3_center_primary_PHpass,COMPLEMENT,-1.58266637866568,0.0338170956153082,CDA
D3_center_primary_PHpass,COMPLEMENT,-1.58266637866568,0.0338170956153082,GCA
D3_center_primary_PHpass,COMPLEMENT,-1.58266637866568,0.0338170956153082,JAK2
D3_center_primary_PHpass,COMPLEMENT,-1.58266637866568,0.0338170956153082,CD36
D3_center_primary_PHpass,COMPLEMENT,-1.58266637866568,0.0338170956153082,CD55
D3_center_primary_PHpass,COMPLEMENT,-1.58266637866568,0.0338170956153082,F7
D3_center_primary_PHpass,COMPLEMENT,-1.58266637866568,0.0338170956153082,CASP4
D3_center_primary_PHpass,COMPLEMENT,-1.58266637866568,0.0338170956153082,CD40LG
D3_center_primary_PHpass,COMPLEMENT,-1.58266637866568,0.0338170956153082,CALM1
D3_center_primary_PHpass,COMPLEMENT,-1.58266637866568,0.0338170956153082,GNG2
D3_center_primary_PHpass,COMPLEMENT,-1.58266637866568,0.0338170956153082,GP1BA
D3_center_primary_PHpass,DNA_REPAIR,-0.711371057199102,0.947753943098634,ITPA
D3_center_primary_PHpass,DNA_REPAIR,-0.711371057199102,0.947753943098634,CDA
D3_center_primary_PHpass,DNA_REPAIR,-0.711371057199102,0.947753943098634,SEC61A1
D3_center_primary_PHpass,DNA_REPAIR,-0.711371057199102,0.947753943098634,ADCY6
D3_center_primary_PHpass,DNA_REPAIR,-0.711371057199102,0.947753943098634,PNP
D3_center_primary_PHpass,DNA_REPAIR,-0.711371057199102,0.947753943098634,CANT1
D3_center_primary_PHpass,DNA_REPAIR,-0.711371057199102,0.947753943098634,TARBP2
D3_center_primary_PHpass,DNA_REPAIR,-0.711371057199102,0.947753943098634,DAD1
D3_center_primary_PHpass,DNA_REPAIR,-0.711371057199102,0.947753943098634,BCAP31
D3_center_primary_PHpass,DNA_REPAIR,-0.711371057199102,0.947753943098634,TMED2
D3_center_primary_PHpass,E2F_TARGETS,1.2320155901716,0.379974082266461,ILF3
D3_center_primary_PHpass,E2F_TARGETS,1.2320155901716,0.379974082266461,HMGA1
D3_center_primary_PHpass,E2F_TARGETS,1.2320155901716,0.379974082266461,NASP
D3_center_primary_PHpass,E2F_TARGETS,1.2320155901716,0.379974082266461,SRSF2
D3_center_primary_PHpass,E2F_TARGETS,1.2320155901716,0.379974082266461,H2AZ1
D3_center_primary_PHpass,E2F_TARGETS,1.2320155901716,0.379974082266461,EIF2S1
D3_center_primary_PHpass,E2F_TARGETS,1.2320155901716,0.379974082266461,SRSF1
D3_center_primary_PHpass,E2F_TARGETS,1.2320155901716,0.379974082266461,H2AX
D3_center_primary_PHpass,E2F_TARGETS,1.2320155901716,0.379974082266461,DNMT1
D3_center_primary_PHpass,E2F_TARGETS,1.2320155901716,0.379974082266461,RAN
D3_center_primary_PHpass,E2F_TARGETS,1.2320155901716,0.379974082266461,TFRC
D3_center_primary_PHpass,E2F_TARGETS,1.2320155901716,0.379974082266461,NUDT21
D3_center_primary_PHpass,E2F_TARGETS,1.2320155901716,0.379974082266461,HNRNPD
D3_center_primary_PHpass,E2F_TARGETS,1.2320155901716,0.379974082266461,PRDX4
D3_center_primary_PHpass,E2F_TARGETS,1.2320155901716,0.379974082266461,CDKN1A
D3_center_primary_PHpass,E2F_TARGETS,1.2320155901716,0.379974082266461,PAN2
D3_center_primary_PHpass,E2F_TARGETS,1.2320155901716,0.379974082266461,PRPS1
D3_center_primary_PHpass,EPITHELIAL_MESENCHYMAL_TRANSITION,2.40293839222356,1.24102951535283e-07,LOX
D3_center_primary_PHpass,EPITHELIAL_MESENCHYMAL_TRANSITION,2.40293839222356,1.24102951535283e-07,ELN
D3_center_primary_PHpass,EPITHELIAL_MESENCHYMAL_TRANSITION,2.40293839222356,1.24102951535283e-07,MMP1
D3_center_primary_PHpass,EPITHELIAL_MESENCHYMAL_TRANSITION,2.40293839222356,1.24102951535283e-07,VCAN
D3_center_primary_PHpass,EPITHELIAL_MESENCHYMAL_TRANSITION,2.40293839222356,1.24102951535283e-07,COL1A2
D3_center_primary_PHpass,EPITHELIAL_MESENCHYMAL_TRANSITION,2.40293839222356,1.24102951535283e-07,MATN2
D3_center_primary_PHpass,EPITHELIAL_MESENCHYMAL_TRANSITION,2.40293839222356,1.24102951535283e-07,VEGFC
D3_center_primary_PHpass,EPITHELIAL_MESENCHYMAL_TRANSITION,2.40293839222356,1.24102951535283e-07,COL1A1
D3_center_primary_PHpass,EPITHELIAL_MESENCHYMAL_TRANSITION,2.40293839222356,1.24102951535283e-07,POSTN
D3_center_primary_PHpass,EPITHELIAL_MESENCHYMAL_TRANSITION,2.40293839222356,1.24102951535283e-07,COL6A3
D3_center_primary_PHpass,EPITHELIAL_MESENCHYMAL_TRANSITION,2.40293839222356,1.24102951535283e-07,IGFBP2
D3_center_primary_PHpass,EPITHELIAL_MESENCHYMAL_TRANSITION,2.40293839222356,1.24102951535283e-07,COL6A2
D3_center_primary_PHpass,EPITHELIAL_MESENCHYMAL_TRANSITION,2.40293839222356,1.24102951535283e-07,LAMC2
D3_center_primary_PHpass,EPITHELIAL_MESENCHYMAL_TRANSITION,2.40293839222356,1.24102951535283e-07,IGFBP4
D3_center_primary_PHpass,EPITHELIAL_MESENCHYMAL_TRANSITION,2.40293839222356,1.24102951535283e-07,ABI3BP
D3_center_primary_PHpass,EPITHELIAL_MESENCHYMAL_TRANSITION,2.40293839222356,1.24102951535283e-07,WNT5A
D3_center_primary_PHpass,EPITHELIAL_MESENCHYMAL_TRANSITION,2.40293839222356,1.24102951535283e-07,FBN1
D3_center_primary_PHpass,EPITHELIAL_MESENCHYMAL_TRANSITION,2.40293839222356,1.24102951535283e-07,COL4A2
D3_center_primary_PHpass,EPITHELIAL_MESENCHYMAL_TRANSITION,2.40293839222356,1.24102951535283e-07,HTRA1
D3_center_primary_PHpass,EPITHELIAL_MESENCHYMAL_TRANSITION,2.40293839222356,1.24102951535283e-07,COL3A1
D3_center_primary_PHpass,EPITHELIAL_MESENCHYMAL_TRANSITION,2.40293839222356,1.24102951535283e-07,COLGALT1
D3_center_primary_PHpass,EPITHELIAL_MESENCHYMAL_TRANSITION,2.40293839222356,1.24102951535283e-07,LRP1
D3_center_primary_PHpass,EPITHELIAL_MESENCHYMAL_TRANSITION,2.40293839222356,1.24102951535283e-07,TNFRSF11B
D3_center_primary_PHpass,EPITHELIAL_MESENCHYMAL_TRANSITION,2.40293839222356,1.24102951535283e-07,NNMT
D3_center_primary_PHpass,EPITHELIAL_MESENCHYMAL_TRANSITION,2.40293839222356,1.24102951535283e-07,CCN1
D3_center_primary_PHpass,EPITHELIAL_MESENCHYMAL_TRANSITION,2.40293839222356,1.24102951535283e-07,PCOLCE2
D3_center_primary_PHpass,EPITHELIAL_MESENCHYMAL_TRANSITION,2.40293839222356,1.24102951535283e-07,NOTCH2
D3_center_primary_PHpass,EPITHELIAL_MESENCHYMAL_TRANSITION,2.40293839222356,1.24102951535283e-07,TNC
D3_center_primary_PHpass,EPITHELIAL_MESENCHYMAL_TRANSITION,2.40293839222356,1.24102951535283e-07,VCAM1
D3_center_primary_PHpass,EPITHELIAL_MESENCHYMAL_TRANSITION,2.40293839222356,1.24102951535283e-07,CXCL12
D3_center_primary_PHpass,EPITHELIAL_MESENCHYMAL_TRANSITION,2.40293839222356,1.24102951535283e-07,MMP2
D3_center_primary_PHpass,EPITHELIAL_MESENCHYMAL_TRANSITION,2.40293839222356,1.24102951535283e-07,COL5A2
D3_center_primary_PHpass,EPITHELIAL_MESENCHYMAL_TRANSITION,2.40293839222356,1.24102951535283e-07,COL12A1
D3_center_primary_PHpass,EPITHELIAL_MESENCHYMAL_TRANSITION,2.40293839222356,1.24102951535283e-07,CTHRC1
D3_center_primary_PHpass,EPITHELIAL_MESENCHYMAL_TRANSITION,2.40293839222356,1.24102951535283e-07,MGP
D3_center_primary_PHpass,ESTROGEN_RESPONSE_EARLY,1.42077070717359,0.234421431284492,INHBB
D3_center_primary_PHpass,ESTROGEN_RESPONSE_EARLY,1.42077070717359,0.234421431284492,STC2
D3_center_primary_PHpass,ESTROGEN_RESPONSE_EARLY,1.42077070717359,0.234421431284492,PRSS23
D3_center_primary_PHpass,ESTROGEN_RESPONSE_EARLY,1.42077070717359,0.234421431284492,IGFBP4
D3_center_primary_PHpass,ESTROGEN_RESPONSE_EARLY,1.42077070717359,0.234421431284492,THSD4
D3_center_primary_PHpass,ESTROGEN_RESPONSE_EARLY,1.42077070717359,0.234421431284492,TFF1
D3_center_primary_PHpass,ESTROGEN_RESPONSE_EARLY,1.42077070717359,0.234421431284492,CXCL12
D3_center_primary_PHpass,ESTROGEN_RESPONSE_EARLY,1.42077070717359,0.234421431284492,SNX24
D3_center_primary_PHpass,ESTROGEN_RESPONSE_EARLY,1.42077070717359,0.234421431284492,ABAT
D3_center_primary_PHpass,ESTROGEN_RESPONSE_EARLY,1.42077070717359,0.234421431284492,BLVRB
D3_center_primary_PHpass,ESTROGEN_RESPONSE_EARLY,1.42077070717359,0.234421431284492,B4GALT1
D3_center_primary_PHpass,ESTROGEN_RESPONSE_EARLY,1.42077070717359,0.234421431284492,FLNB
D3_center_primary_PHpass,ESTROGEN_RESPONSE_EARLY,1.42077070717359,0.234421431284492,SEMA3B
D3_center_primary_PHpass,ESTROGEN_RESPONSE_EARLY,1.42077070717359,0.234421431284492,MYBBP1A
D3_center_primary_PHpass,ESTROGEN_RESPONSE_LATE,1.53751436300429,0.121887685078697,LSR
D3_center_primary_PHpass,ESTROGEN_RESPONSE_LATE,1.53751436300429,0.121887685078697,ASS1
D3_center_primary_PHpass,ESTROGEN_RESPONSE_LATE,1.53751436300429,0.121887685078697,UGDH
D3_center_primary_PHpass,ESTROGEN_RESPONSE_LATE,1.53751436300429,0.121887685078697,PRSS23
D3_center_primary_PHpass,ESTROGEN_RESPONSE_LATE,1.53751436300429,0.121887685078697,LAMC2
D3_center_primary_PHpass,ESTROGEN_RESPONSE_LATE,1.53751436300429,0.121887685078697,IGFBP4
D3_center_primary_PHpass,ESTROGEN_RESPONSE_LATE,1.53751436300429,0.121887685078697,ETFB
D3_center_primary_PHpass,ESTROGEN_RESPONSE_LATE,1.53751436300429,0.121887685078697,TST
D3_center_primary_PHpass,ESTROGEN_RESPONSE_LATE,1.53751436300429,0.121887685078697,SORD
D3_center_primary_PHpass,ESTROGEN_RESPONSE_LATE,1.53751436300429,0.121887685078697,TFF1
D3_center_primary_PHpass,ESTROGEN_RESPONSE_LATE,1.53751436300429,0.121887685078697,CXCL12
D3_center_primary_PHpass,ESTROGEN_RESPONSE_LATE,1.53751436300429,0.121887685078697,BLVRB
D3_center_primary_PHpass,ESTROGEN_RESPONSE_LATE,1.53751436300429,0.121887685078697,FLNB
D3_center_primary_PHpass,ESTROGEN_RESPONSE_LATE,1.53751436300429,0.121887685078697,DCXR
D3_center_primary_PHpass,ESTROGEN_RESPONSE_LATE,1.53751436300429,0.121887685078697,SEMA3B
D3_center_primary_PHpass,FATTY_ACID_METABOLISM,1.06619715978052,0.55343465593368,CBR1
D3_center_primary_PHpass,FATTY_ACID_METABOLISM,1.06619715978052,0.55343465593368,CBR3
D3_center_primary_PHpass,FATTY_ACID_METABOLISM,1.06619715978052,0.55343465593368,UGDH
D3_center_primary_PHpass,FATTY_ACID_METABOLISM,1.06619715978052,0.55343465593368,REEP6
D3_center_primary_PHpass,FATTY_ACID_METABOLISM,1.06619715978052,0.55343465593368,ADH1C
D3_center_primary_PHpass,FATTY_ACID_METABOLISM,1.06619715978052,0.55343465593368,EPHX1
D3_center_primary_PHpass,FATTY_ACID_METABOLISM,1.06619715978052,0.55343465593368,GRHPR
D3_center_primary_PHpass,FATTY_ACID_METABOLISM,1.06619715978052,0.55343465593368,ACAA1
D3_center_primary_PHpass,FATTY_ACID_METABOLISM,1.06619715978052,0.55343465593368,ETFDH
D3_center_primary_PHpass,FATTY_ACID_METABOLISM,1.06619715978052,0.55343465593368,EHHADH
D3_center_primary_PHpass,FATTY_ACID_METABOLISM,1.06619715978052,0.55343465593368,ME1
D3_center_primary_PHpass,FATTY_ACID_METABOLISM,1.06619715978052,0.55343465593368,H2AZ1
D3_center_primary_PHpass,FATTY_ACID_METABOLISM,1.06619715978052,0.55343465593368,CRYZ
D3_center_primary_PHpass,FATTY_ACID_METABOLISM,1.06619715978052,0.55343465593368,ENO3
D3_center_primary_PHpass,FATTY_ACID_METABOLISM,1.06619715978052,0.55343465593368,IDH1
D3_center_primary_PHpass,FATTY_ACID_METABOLISM,1.06619715978052,0.55343465593368,HMGCS2
D3_center_primary_PHpass,G2M_CHECKPOINT,1.72735278398999,0.0338170956153082,MT2A
D3_center_primary_PHpass,G2M_CHECKPOINT,1.72735278398999,0.0338170956153082,EWSR1
D3_center_primary_PHpass,G2M_CHECKPOINT,1.72735278398999,0.0338170956153082,ILF3
D3_center_primary_PHpass,G2M_CHECKPOINT,1.72735278398999,0.0338170956153082,HMGA1
D3_center_primary_PHpass,G2M_CHECKPOINT,1.72735278398999,0.0338170956153082,CHMP1A
D3_center_primary_PHpass,G2M_CHECKPOINT,1.72735278398999,0.0338170956153082,G3BP1
D3_center_primary_PHpass,G2M_CHECKPOINT,1.72735278398999,0.0338170956153082,NASP
D3_center_primary_PHpass,G2M_CHECKPOINT,1.72735278398999,0.0338170956153082,CUL1
D3_center_primary_PHpass,G2M_CHECKPOINT,1.72735278398999,0.0338170956153082,HMGN2
D3_center_primary_PHpass,G2M_CHECKPOINT,1.72735278398999,0.0338170956153082,SRSF2
D3_center_primary_PHpass,G2M_CHECKPOINT,1.72735278398999,0.0338170956153082,NOTCH2
D3_center_primary_PHpass,G2M_CHECKPOINT,1.72735278398999,0.0338170956153082,SFPQ
D3_center_primary_PHpass,G2M_CHECKPOINT,1.72735278398999,0.0338170956153082,H2AZ1
D3_center_primary_PHpass,G2M_CHECKPOINT,1.72735278398999,0.0338170956153082,NCL
D3_center_primary_PHpass,G2M_CHECKPOINT,1.72735278398999,0.0338170956153082,BUB3
D3_center_primary_PHpass,G2M_CHECKPOINT,1.72735278398999,0.0338170956153082,RAD23B
D3_center_primary_PHpass,G2M_CHECKPOINT,1.72735278398999,0.0338170956153082,SRSF1
D3_center_primary_PHpass,G2M_CHECKPOINT,1.72735278398999,0.0338170956153082,H2AX
D3_center_primary_PHpass,GLYCOLYSIS,1.2603011671721,0.336105105604524,ANGPTL4
D3_center_primary_PHpass,GLYCOLYSIS,1.2603011671721,0.336105105604524,STC2
D3_center_primary_PHpass,GLYCOLYSIS,1.2603011671721,0.336105105604524,VCAN
D3_center_primary_PHpass,GLYCOLYSIS,1.2603011671721,0.336105105604524,AGRN
D3_center_primary_PHpass,GLYCOLYSIS,1.2603011671721,0.336105105604524,EXT1
D3_center_primary_PHpass,GLYCOLYSIS,1.2603011671721,0.336105105604524,NASP
D3_center_primary_PHpass,GLYCOLYSIS,1.2603011671721,0.336105105604524,ALDOB
D3_center_primary_PHpass,GLYCOLYSIS,1.2603011671721,0.336105105604524,SLC37A4
D3_center_primary_PHpass,GLYCOLYSIS,1.2603011671721,0.336105105604524,AGL
D3_center_primary_PHpass,GLYCOLYSIS,1.2603011671721,0.336105105604524,B3GALT6
D3_center_primary_PHpass,GLYCOLYSIS,1.2603011671721,0.336105105604524,ME1
D3_center_primary_PHpass,GLYCOLYSIS,1.2603011671721,0.336105105604524,ENO1
D3_center_primary_PHpass,GLYCOLYSIS,1.2603011671721,0.336105105604524,B4GALT1
D3_center_primary_PHpass,GLYCOLYSIS,1.2603011671721,0.336105105604524,PYGL
D3_center_primary_PHpass,GLYCOLYSIS,1.2603011671721,0.336105105604524,GMPPA
D3_center_primary_PHpass,GLYCOLYSIS,1.2603011671721,0.336105105604524,P4HA1
D3_center_primary_PHpass,GLYCOLYSIS,1.2603011671721,0.336105105604524,PMM2
D3_center_primary_PHpass,GLYCOLYSIS,1.2603011671721,0.336105105604524,FUT8
D3_center_primary_PHpass,GLYCOLYSIS,1.2603011671721,0.336105105604524,IDH1
D3_center_primary_PHpass,GLYCOLYSIS,1.2603011671721,0.336105105604524,PGK1
D3_center_primary_PHpass,GLYCOLYSIS,1.2603011671721,0.336105105604524,CHST12
D3_center_primary_PHpass,GLYCOLYSIS,1.2603011671721,0.336105105604524,PYGB
D3_center_primary_PHpass,GLYCOLYSIS,1.2603011671721,0.336105105604524,UGP2
D3_center_primary_PHpass,GLYCOLYSIS,1.2603011671721,0.336105105604524,ALDH9A1
D3_center_primary_PHpass,HEME_METABOLISM,-1.09073954618997,0.497409240924092,RIOK3
D3_center_primary_PHpass,HEME_METABOLISM,-1.09073954618997,0.497409240924092,ALAD
D3_center_primary_PHpass,HEME_METABOLISM,-1.09073954618997,0.497409240924092,SLC2A1
D3_center_primary_PHpass,HEME_METABOLISM,-1.09073954618997,0.497409240924092,HBD
D3_center_primary_PHpass,HEME_METABOLISM,-1.09073954618997,0.497409240924092,ABCB6
D3_center_primary_PHpass,HEME_METABOLISM,-1.09073954618997,0.497409240924092,USP15
D3_center_primary_PHpass,HEME_METABOLISM,-1.09073954618997,0.497409240924092,ANK1
D3_center_primary_PHpass,HEME_METABOLISM,-1.09073954618997,0.497409240924092,EPB42
D3_center_primary_PHpass,HEME_METABOLISM,-1.09073954618997,0.497409240924092,SLC4A1
D3_center_primary_PHpass,HEME_METABOLISM,-1.09073954618997,0.497409240924092,ENDOD1
D3_center_primary_PHpass,HEME_METABOLISM,-1.09073954618997,0.497409240924092,SLC11A2
D3_center_primary_PHpass,HEME_METABOLISM,-1.09073954618997,0.497409240924092,LPIN2
D3_center_primary_PHpass,HEME_METABOLISM,-1.09073954618997,0.497409240924092,DMTN
D3_center_primary_PHpass,HEME_METABOLISM,-1.09073954618997,0.497409240924092,SLC30A1
D3_center_primary_PHpass,HEME_METABOLISM,-1.09073954618997,0.497409240924092,ADD2
D3_center_primary_PHpass,HEME_METABOLISM,-1.09073954618997,0.497409240924092,KEL
D3_center_primary_PHpass,HEME_METABOLISM,-1.09073954618997,0.497409240924092,MBOAT2
D3_center_primary_PHpass,HEME_METABOLISM,-1.09073954618997,0.497409240924092,EPB41
D3_center_primary_PHpass,HEME_METABOLISM,-1.09073954618997,0.497409240924092,DAAM1
D3_center_primary_PHpass,HEME_METABOLISM,-1.09073954618997,0.497409240924092,BPGM
D3_center_primary_PHpass,HEME_METABOLISM,-1.09073954618997,0.497409240924092,SPTB
D3_center_primary_PHpass,HEME_METABOLISM,-1.09073954618997,0.497409240924092,ICAM4
D3_center_primary_PHpass,HEME_METABOLISM,-1.09073954618997,0.497409240924092,BSG
D3_center_primary_PHpass,HEME_METABOLISM,-1.09073954618997,0.497409240924092,PSMD9
D3_center_primary_PHpass,HEME_METABOLISM,-1.09073954618997,0.497409240924092,ADD1
D3_center_primary_PHpass,HYPOXIA,1.63677490630484,0.0338170956153082,LOX
D3_center_primary_PHpass,HYPOXIA,1.63677490630484,0.0338170956153082,ANGPTL4
D3_center_primary_PHpass,HYPOXIA,1.63677490630484,0.0338170956153082,STC2
D3_center_primary_PHpass,HYPOXIA,1.63677490630484,0.0338170956153082,HMOX1
D3_center_primary_PHpass,HYPOXIA,1.63677490630484,0.0338170956153082,MT2A
D3_center_primary_PHpass,HYPOXIA,1.63677490630484,0.0338170956153082,CSRP2
D3_center_primary_PHpass,HYPOXIA,1.63677490630484,0.0338170956153082,GRHPR
D3_center_primary_PHpass,HYPOXIA,1.63677490630484,0.0338170956153082,EXT1
D3_center_primary_PHpass,HYPOXIA,1.63677490630484,0.0338170956153082,PKLR
D3_center_primary_PHpass,HYPOXIA,1.63677490630484,0.0338170956153082,CCN1
D3_center_primary_PHpass,HYPOXIA,1.63677490630484,0.0338170956153082,ALDOB
D3_center_primary_PHpass,HYPOXIA,1.63677490630484,0.0338170956153082,SLC37A4
D3_center_primary_PHpass,HYPOXIA,1.63677490630484,0.0338170956153082,B3GALT6
D3_center_primary_PHpass,HYPOXIA,1.63677490630484,0.0338170956153082,ENO1
D3_center_primary_PHpass,HYPOXIA,1.63677490630484,0.0338170956153082,P4HA1
D3_center_primary_PHpass,HYPOXIA,1.63677490630484,0.0338170956153082,ENO3
D3_center_primary_PHpass,HYPOXIA,1.63677490630484,0.0338170956153082,JMJD6
D3_center_primary_PHpass,HYPOXIA,1.63677490630484,0.0338170956153082,GAPDH
D3_center_primary_PHpass,HYPOXIA,1.63677490630484,0.0338170956153082,PGK1
D3_center_primary_PHpass,IL2_STAT5_SIGNALING,0.920900005114855,0.784826226589081,AHNAK
D3_center_primary_PHpass,IL2_STAT5_SIGNALING,0.920900005114855,0.784826226589081,ITIH5
D3_center_primary_PHpass,IL2_STAT5_SIGNALING,0.920900005114855,0.784826226589081,COL6A1
D3_center_primary_PHpass,IL2_STAT5_SIGNALING,0.920900005114855,0.784826226589081,CXCL10
D3_center_primary_PHpass,IL2_STAT5_SIGNALING,0.920900005114855,0.784826226589081,FGL2
D3_center_primary_PHpass,IL2_STAT5_SIGNALING,0.920900005114855,0.784826226589081,PRNP
D3_center_primary_PHpass,IL2_STAT5_SIGNALING,0.920900005114855,0.784826226589081,NRP1
D3_center_primary_PHpass,IL6_JAK_STAT3_SIGNALING,-1.01198702340474,0.672872265942252,ITGA4
D3_center_primary_PHpass,IL6_JAK_STAT3_SIGNALING,-1.01198702340474,0.672872265942252,CD38
D3_center_primary_PHpass,IL6_JAK_STAT3_SIGNALING,-1.01198702340474,0.672872265942252,CD44
D3_center_primary_PHpass,IL6_JAK_STAT3_SIGNALING,-1.01198702340474,0.672872265942252,IL17RA
D3_center_primary_PHpass,IL6_JAK_STAT3_SIGNALING,-1.01198702340474,0.672872265942252,PDGFC
D3_center_primary_PHpass,IL6_JAK_STAT3_SIGNALING,-1.01198702340474,0.672872265942252,TLR2
D3_center_primary_PHpass,IL6_JAK_STAT3_SIGNALING,-1.01198702340474,0.672872265942252,CD36
D3_center_primary_PHpass,IL6_JAK_STAT3_SIGNALING,-1.01198702340474,0.672872265942252,ITGB3
D3_center_primary_PHpass,IL6_JAK_STAT3_SIGNALING,-1.01198702340474,0.672872265942252,CD9
D3_center_primary_PHpass,INFLAMMATORY_RESPONSE,-1.3347196060661,0.314318363201045,CD48
D3_center_primary_PHpass,INFLAMMATORY_RESPONSE,-1.3347196060661,0.314318363201045,C5AR1
D3_center_primary_PHpass,INFLAMMATORY_RESPONSE,-1.3347196060661,0.314318363201045,ITGA5
D3_center_primary_PHpass,INFLAMMATORY_RESPONSE,-1.3347196060661,0.314318363201045,KCNA3
D3_center_primary_PHpass,INFLAMMATORY_RESPONSE,-1.3347196060661,0.314318363201045,GNAI3
D3_center_primary_PHpass,INFLAMMATORY_RESPONSE,-1.3347196060661,0.314318363201045,ATP2C1
D3_center_primary_PHpass,INFLAMMATORY_RESPONSE,-1.3347196060661,0.314318363201045,LYN
D3_center_primary_PHpass,INFLAMMATORY_RESPONSE,-1.3347196060661,0.314318363201045,CYBB
D3_center_primary_PHpass,INFLAMMATORY_RESPONSE,-1.3347196060661,0.314318363201045,ATP2B1
D3_center_primary_PHpass,INFLAMMATORY_RESPONSE,-1.3347196060661,0.314318363201045,TLR2
D3_center_primary_PHpass,INFLAMMATORY_RESPONSE,-1.3347196060661,0.314318363201045,SLC11A2
D3_center_primary_PHpass,INFLAMMATORY_RESPONSE,-1.3347196060661,0.314318363201045,ITGB3
D3_center_primary_PHpass,INFLAMMATORY_RESPONSE,-1.3347196060661,0.314318363201045,CD55
D3_center_primary_PHpass,INFLAMMATORY_RESPONSE,-1.3347196060661,0.314318363201045,FPR1
D3_center_primary_PHpass,INFLAMMATORY_RESPONSE,-1.3347196060661,0.314318363201045,CD40
D3_center_primary_PHpass,INFLAMMATORY_RESPONSE,-1.3347196060661,0.314318363201045,TAPBP
D3_center_primary_PHpass,INFLAMMATORY_RESPONSE,-1.3347196060661,0.314318363201045,GP1BA
D3_center_primary_PHpass,INTERFERON_ALPHA_RESPONSE,-1.16383168971089,0.445736811368503,CD47
D3_center_primary_PHpass,INTERFERON_ALPHA_RESPONSE,-1.16383168971089,0.445736811368503,RNF31
D3_center_primary_PHpass,INTERFERON_ALPHA_RESPONSE,-1.16383168971089,0.445736811368503,PLSCR1
D3_center_primary_PHpass,INTERFERON_ALPHA_RESPONSE,-1.16383168971089,0.445736811368503,TRIM5
D3_center_primary_PHpass,INTERFERON_ALPHA_RESPONSE,-1.16383168971089,0.445736811368503,HLA-C
D3_center_primary_PHpass,INTERFERON_ALPHA_RESPONSE,-1.16383168971089,0.445736811368503,PARP14
D3_center_primary_PHpass,INTERFERON_ALPHA_RESPONSE,-1.16383168971089,0.445736811368503,UBA7
D3_center_primary_PHpass,INTERFERON_GAMMA_RESPONSE,-1.28294848713533,0.336105105604524,CFB
D3_center_primary_PHpass,INTERFERON_GAMMA_RESPONSE,-1.28294848713533,0.336105105604524,CD38
D3_center_primary_PHpass,INTERFERON_GAMMA_RESPONSE,-1.28294848713533,0.336105105604524,HLA-G
D3_center_primary_PHpass,INTERFERON_GAMMA_RESPONSE,-1.28294848713533,0.336105105604524,RNF31
D3_center_primary_PHpass,INTERFERON_GAMMA_RESPONSE,-1.28294848713533,0.336105105604524,HLA-B
D3_center_primary_PHpass,INTERFERON_GAMMA_RESPONSE,-1.28294848713533,0.336105105604524,MVP
D3_center_primary_PHpass,INTERFERON_GAMMA_RESPONSE,-1.28294848713533,0.336105105604524,PLSCR1
D3_center_primary_PHpass,INTERFERON_GAMMA_RESPONSE,-1.28294848713533,0.336105105604524,TNFAIP2
D3_center_primary_PHpass,INTERFERON_GAMMA_RESPONSE,-1.28294848713533,0.336105105604524,PARP14
D3_center_primary_PHpass,INTERFERON_GAMMA_RESPONSE,-1.28294848713533,0.336105105604524,JAK2
D3_center_primary_PHpass,INTERFERON_GAMMA_RESPONSE,-1.28294848713533,0.336105105604524,PNP
D3_center_primary_PHpass,INTERFERON_GAMMA_RESPONSE,-1.28294848713533,0.336105105604524,RIPK1
D3_center_primary_PHpass,INTERFERON_GAMMA_RESPONSE,-1.28294848713533,0.336105105604524,CASP4
D3_center_primary_PHpass,INTERFERON_GAMMA_RESPONSE,-1.28294848713533,0.336105105604524,PSMA2
D3_center_primary_PHpass,INTERFERON_GAMMA_RESPONSE,-1.28294848713533,0.336105105604524,FPR1
D3_center_primary_PHpass,INTERFERON_GAMMA_RESPONSE,-1.28294848713533,0.336105105604524,CD274
D3_center_primary_PHpass,INTERFERON_GAMMA_RESPONSE,-1.28294848713533,0.336105105604524,CD40
D3_center_primary_PHpass,INTERFERON_GAMMA_RESPONSE,-1.28294848713533,0.336105105604524,PML
D3_center_primary_PHpass,INTERFERON_GAMMA_RESPONSE,-1.28294848713533,0.336105105604524,TAPBP
D3_center_primary_PHpass,INTERFERON_GAMMA_RESPONSE,-1.28294848713533,0.336105105604524,ZNFX1
D3_center_primary_PHpass,INTERFERON_GAMMA_RESPONSE,-1.28294848713533,0.336105105604524,TAP1
D3_center_primary_PHpass,INTERFERON_GAMMA_RESPONSE,-1.28294848713533,0.336105105604524,VAMP8
D3_center_primary_PHpass,KRAS_SIGNALING_UP,1.29470810833445,0.337308673469388,ANGPTL4
D3_center_primary_PHpass,KRAS_SIGNALING_UP,1.29470810833445,0.337308673469388,SPON1
D3_center_primary_PHpass,KRAS_SIGNALING_UP,1.29470810833445,0.337308673469388,CXCL10
D3_center_primary_PHpass,KRAS_SIGNALING_UP,1.29470810833445,0.337308673469388,PLAT
D3_center_primary_PHpass,KRAS_SIGNALING_UP,1.29470810833445,0.337308673469388,ST6GAL1
D3_center_primary_PHpass,KRAS_SIGNALING_UP,1.29470810833445,0.337308673469388,SPARCL1
D3_center_primary_PHpass,KRAS_SIGNALING_UP,1.29470810833445,0.337308673469388,ADAMDEC1
D3_center_primary_PHpass,KRAS_SIGNALING_UP,1.29470810833445,0.337308673469388,APOD
D3_center_primary_PHpass,KRAS_SIGNALING_UP,1.29470810833445,0.337308673469388,WDR33
D3_center_primary_PHpass,KRAS_SIGNALING_UP,1.29470810833445,0.337308673469388,SLPI
D3_center_primary_PHpass,KRAS_SIGNALING_UP,1.29470810833445,0.337308673469388,NRP1
D3_center_primary_PHpass,MITOTIC_SPINDLE,0.899422609004789,0.803689169644376,WASL
D3_center_primary_PHpass,MITOTIC_SPINDLE,0.899422609004789,0.803689169644376,SORBS2
D3_center_primary_PHpass,MITOTIC_SPINDLE,0.899422609004789,0.803689169644376,MYH10
D3_center_primary_PHpass,MITOTIC_SPINDLE,0.899422609004789,0.803689169644376,EZR
D3_center_primary_PHpass,MITOTIC_SPINDLE,0.899422609004789,0.803689169644376,STAU1
D3_center_primary_PHpass,MITOTIC_SPINDLE,0.899422609004789,0.803689169644376,WASF2
D3_center_primary_PHpass,MITOTIC_SPINDLE,0.899422609004789,0.803689169644376,NOTCH2
D3_center_primary_PHpass,MITOTIC_SPINDLE,0.899422609004789,0.803689169644376,CD2AP
D3_center_primary_PHpass,MITOTIC_SPINDLE,0.899422609004789,0.803689169644376,FSCN1
D3_center_primary_PHpass,MITOTIC_SPINDLE,0.899422609004789,0.803689169644376,ATG4B
D3_center_primary_PHpass,MITOTIC_SPINDLE,0.899422609004789,0.803689169644376,SEPTIN9
D3_center_primary_PHpass,MITOTIC_SPINDLE,0.899422609004789,0.803689169644376,MAPRE1
D3_center_primary_PHpass,MITOTIC_SPINDLE,0.899422609004789,0.803689169644376,MYO1E
D3_center_primary_PHpass,MITOTIC_SPINDLE,0.899422609004789,0.803689169644376,FLNB
D3_center_primary_PHpass,MTORC1_SIGNALING,-0.93713290371121,0.784826226589081,CTSC
D3_center_primary_PHpass,MTORC1_SIGNALING,-0.93713290371121,0.784826226589081,NIBAN1
D3_center_primary_PHpass,MTORC1_SIGNALING,-0.93713290371121,0.784826226589081,ITGB2
D3_center_primary_PHpass,MTORC1_SIGNALING,-0.93713290371121,0.784826226589081,ERO1A
D3_center_primary_PHpass,MTORC1_SIGNALING,-0.93713290371121,0.784826226589081,LTA4H
D3_center_primary_PHpass,MTORC1_SIGNALING,-0.93713290371121,0.784826226589081,TBK1
D3_center_primary_PHpass,MTORC1_SIGNALING,-0.93713290371121,0.784826226589081,PSMD14
D3_center_primary_PHpass,MTORC1_SIGNALING,-0.93713290371121,0.784826226589081,SLC2A1
D3_center_primary_PHpass,MTORC1_SIGNALING,-0.93713290371121,0.784826226589081,SLC7A5
D3_center_primary_PHpass,MTORC1_SIGNALING,-0.93713290371121,0.784826226589081,FDXR
D3_center_primary_PHpass,MTORC1_SIGNALING,-0.93713290371121,0.784826226589081,PNP
D3_center_primary_PHpass,MTORC1_SIGNALING,-0.93713290371121,0.784826226589081,ACLY
D3_center_primary_PHpass,MTORC1_SIGNALING,-0.93713290371121,0.784826226589081,SLC1A5
D3_center_primary_PHpass,MTORC1_SIGNALING,-0.93713290371121,0.784826226589081,SEC11A
D3_center_primary_PHpass,MTORC1_SIGNALING,-0.93713290371121,0.784826226589081,CD9
D3_center_primary_PHpass,MTORC1_SIGNALING,-0.93713290371121,0.784826226589081,DHCR24
D3_center_primary_PHpass,MTORC1_SIGNALING,-0.93713290371121,0.784826226589081,SSR1
D3_center_primary_PHpass,MTORC1_SIGNALING,-0.93713290371121,0.784826226589081,ACTR3
D3_center_primary_PHpass,MTORC1_SIGNALING,-0.93713290371121,0.784826226589081,COPS5
D3_center_primary_PHpass,MTORC1_SIGNALING,-0.93713290371121,0.784826226589081,ARPC5L
D3_center_primary_PHpass,MTORC1_SIGNALING,-0.93713290371121,0.784826226589081,RPN1
D3_center_primary_PHpass,MTORC1_SIGNALING,-0.93713290371121,0.784826226589081,PSMB5
D3_center_primary_PHpass,MTORC1_SIGNALING,-0.93713290371121,0.784826226589081,M6PR
D3_center_primary_PHpass,MTORC1_SIGNALING,-0.93713290371121,0.784826226589081,CALR
D3_center_primary_PHpass,MTORC1_SIGNALING,-0.93713290371121,0.784826226589081,HPRT1
D3_center_primary_PHpass,MTORC1_SIGNALING,-0.93713290371121,0.784826226589081,CANX
D3_center_primary_PHpass,MTORC1_SIGNALING,-0.93713290371121,0.784826226589081,PSMD13
D3_center_primary_PHpass,MTORC1_SIGNALING,-0.93713290371121,0.784826226589081,SLC2A3
D3_center_primary_PHpass,MTORC1_SIGNALING,-0.93713290371121,0.784826226589081,TUBG1
D3_center_primary_PHpass,MTORC1_SIGNALING,-0.93713290371121,0.784826226589081,PDK1
D3_center_primary_PHpass,MTORC1_SIGNALING,-0.93713290371121,0.784826226589081,G6PD
D3_center_primary_PHpass,MTORC1_SIGNALING,-0.93713290371121,0.784826226589081,DAPP1
D3_center_primary_PHpass,MTORC1_SIGNALING,-0.93713290371121,0.784826226589081,PSMC4
D3_center_primary_PHpass,MTORC1_SIGNALING,-0.93713290371121,0.784826226589081,CACYBP
D3_center_primary_PHpass,MTORC1_SIGNALING,-0.93713290371121,0.784826226589081,USO1
D3_center_primary_PHpass,MTORC1_SIGNALING,-0.93713290371121,0.784826226589081,PSMD12
D3_center_primary_PHpass,MTORC1_SIGNALING,-0.93713290371121,0.784826226589081,ATP2A2
D3_center_primary_PHpass,MTORC1_SIGNALING,-0.93713290371121,0.784826226589081,TUBA4A
D3_center_primary_PHpass,MTORC1_SIGNALING,-0.93713290371121,0.784826226589081,ABCF2
D3_center_primary_PHpass,MTORC1_SIGNALING,-0.93713290371121,0.784826226589081,PSMC6
D3_center_primary_PHpass,MTORC1_SIGNALING,-0.93713290371121,0.784826226589081,RDH11
D3_center_primary_PHpass,MTORC1_SIGNALING,-0.93713290371121,0.784826226589081,ACSL3
D3_center_primary_PHpass,MYC_TARGETS_V1,0.958201399240154,0.756454972481996,ETF1
D3_center_primary_PHpass,MYC_TARGETS_V1,0.958201399240154,0.756454972481996,CNBP
D3_center_primary_PHpass,MYC_TARGETS_V1,0.958201399240154,0.756454972481996,ILF2
D3_center_primary_PHpass,MYC_TARGETS_V1,0.958201399240154,0.756454972481996,PABPC4
D3_center_primary_PHpass,MYC_TARGETS_V1,0.958201399240154,0.756454972481996,G3BP1
D3_center_primary_PHpass,MYC_TARGETS_V1,0.958201399240154,0.756454972481996,CUL1
D3_center_primary_PHpass,MYC_TARGETS_V1,0.958201399240154,0.756454972481996,SF3A1
D3_center_primary_PHpass,MYC_TARGETS_V1,0.958201399240154,0.756454972481996,DHX15
D3_center_primary_PHpass,MYC_TARGETS_V1,0.958201399240154,0.756454972481996,SRSF2
D3_center_primary_PHpass,MYC_TARGETS_V1,0.958201399240154,0.756454972481996,EIF4H
D3_center_primary_PHpass,MYC_TARGETS_V1,0.958201399240154,0.756454972481996,HNRNPC
D3_center_primary_PHpass,MYC_TARGETS_V1,0.958201399240154,0.756454972481996,HNRNPA1
D3_center_primary_PHpass,MYC_TARGETS_V1,0.958201399240154,0.756454972481996,H2AZ1
D3_center_primary_PHpass,MYC_TARGETS_V1,0.958201399240154,0.756454972481996,EIF2S1
D3_center_primary_PHpass,MYC_TARGETS_V1,0.958201399240154,0.756454972481996,BUB3
D3_center_primary_PHpass,MYC_TARGETS_V1,0.958201399240154,0.756454972481996,RAD23B
D3_center_primary_PHpass,MYC_TARGETS_V1,0.958201399240154,0.756454972481996,EIF3B
D3_center_primary_PHpass,MYC_TARGETS_V1,0.958201399240154,0.756454972481996,EIF1AX
D3_center_primary_PHpass,MYC_TARGETS_V1,0.958201399240154,0.756454972481996,SRSF1
D3_center_primary_PHpass,MYC_TARGETS_V1,0.958201399240154,0.756454972481996,HNRNPA2B1
D3_center_primary_PHpass,MYC_TARGETS_V1,0.958201399240154,0.756454972481996,KARS1
D3_center_primary_PHpass,MYC_TARGETS_V1,0.958201399240154,0.756454972481996,SSB
D3_center_primary_PHpass,MYC_TARGETS_V1,0.958201399240154,0.756454972481996,EPRS1
D3_center_primary_PHpass,MYC_TARGETS_V1,0.958201399240154,0.756454972481996,RAN
D3_center_primary_PHpass,MYC_TARGETS_V1,0.958201399240154,0.756454972481996,PGK1
D3_center_primary_PHpass,MYC_TARGETS_V1,0.958201399240154,0.756454972481996,EIF2S2
D3_center_primary_PHpass,MYOGENESIS,2.11812298398404,0.000150580377866463,STC2
D3_center_primary_PHpass,MYOGENESIS,2.11812298398404,0.000150580377866463,AEBP1
D3_center_primary_PHpass,MYOGENESIS,2.11812298398404,0.000150580377866463,COL1A1
D3_center_primary_PHpass,MYOGENESIS,2.11812298398404,0.000150580377866463,COL6A3
D3_center_primary_PHpass,MYOGENESIS,2.11812298398404,0.000150580377866463,COL6A2
D3_center_primary_PHpass,MYOGENESIS,2.11812298398404,0.000150580377866463,MYL6B
D3_center_primary_PHpass,MYOGENESIS,2.11812298398404,0.000150580377866463,AGRN
D3_center_primary_PHpass,MYOGENESIS,2.11812298398404,0.000150580377866463,MYL1
D3_center_primary_PHpass,MYOGENESIS,2.11812298398404,0.000150580377866463,COL4A2
D3_center_primary_PHpass,MYOGENESIS,2.11812298398404,0.000150580377866463,SORBS1
D3_center_primary_PHpass,MYOGENESIS,2.11812298398404,0.000150580377866463,MYL4
D3_center_primary_PHpass,MYOGENESIS,2.11812298398404,0.000150580377866463,TNNI1
D3_center_primary_PHpass,MYOGENESIS,2.11812298398404,0.000150580377866463,COL3A1
D3_center_primary_PHpass,MYOGENESIS,2.11812298398404,0.000150580377866463,LDB3
D3_center_primary_PHpass,MYOGENESIS,2.11812298398404,0.000150580377866463,PRNP
D3_center_primary_PHpass,MYOGENESIS,2.11812298398404,0.000150580377866463,CSRP3
D3_center_primary_PHpass,MYOGENESIS,2.11812298398404,0.000150580377866463,APOD
D3_center_primary_PHpass,MYOGENESIS,2.11812298398404,0.000150580377866463,CFD
D3_center_primary_PHpass,MYOGENESIS,2.11812298398404,0.000150580377866463,MYL3
D3_center_primary_PHpass,MYOGENESIS,2.11812298398404,0.000150580377866463,AGL
D3_center_primary_PHpass,MYOGENESIS,2.11812298398404,0.000150580377866463,SOD3
D3_center_primary_PHpass,MYOGENESIS,2.11812298398404,0.000150580377866463,COL15A1
D3_center_primary_PHpass,OXIDATIVE_PHOSPHORYLATION,-1.6549063554084,0.0338170956153082,UQCRB
D3_center_primary_PHpass,OXIDATIVE_PHOSPHORYLATION,-1.6549063554084,0.0338170956153082,SLC25A20
D3_center_primary_PHpass,OXIDATIVE_PHOSPHORYLATION,-1.6549063554084,0.0338170956153082,UQCRFS1
D3_center_primary_PHpass,OXIDATIVE_PHOSPHORYLATION,-1.6549063554084,0.0338170956153082,ATP5PB
D3_center_primary_PHpass,OXIDATIVE_PHOSPHORYLATION,-1.6549063554084,0.0338170956153082,IDH3G
D3_center_primary_PHpass,OXIDATIVE_PHOSPHORYLATION,-1.6549063554084,0.0338170956153082,COX7A2L
D3_center_primary_PHpass,OXIDATIVE_PHOSPHORYLATION,-1.6549063554084,0.0338170956153082,NDUFB1
D3_center_primary_PHpass,OXIDATIVE_PHOSPHORYLATION,-1.6549063554084,0.0338170956153082,LRPPRC
D3_center_primary_PHpass,OXIDATIVE_PHOSPHORYLATION,-1.6549063554084,0.0338170956153082,UQCRH
D3_center_primary_PHpass,OXIDATIVE_PHOSPHORYLATION,-1.6549063554084,0.0338170956153082,UQCRQ
D3_center_primary_PHpass,OXIDATIVE_PHOSPHORYLATION,-1.6549063554084,0.0338170956153082,MTX2
D3_center_primary_PHpass,OXIDATIVE_PHOSPHORYLATION,-1.6549063554084,0.0338170956153082,TIMM9
D3_center_primary_PHpass,OXIDATIVE_PHOSPHORYLATION,-1.6549063554084,0.0338170956153082,HCCS
D3_center_primary_PHpass,OXIDATIVE_PHOSPHORYLATION,-1.6549063554084,0.0338170956153082,OXA1L
D3_center_primary_PHpass,OXIDATIVE_PHOSPHORYLATION,-1.6549063554084,0.0338170956153082,TCIRG1
D3_center_primary_PHpass,OXIDATIVE_PHOSPHORYLATION,-1.6549063554084,0.0338170956153082,RHOT2
D3_center_primary_PHpass,OXIDATIVE_PHOSPHORYLATION,-1.6549063554084,0.0338170956153082,ATP6V1F
D3_center_primary_PHpass,OXIDATIVE_PHOSPHORYLATION,-1.6549063554084,0.0338170956153082,SLC25A5
D3_center_primary_PHpass,OXIDATIVE_PHOSPHORYLATION,-1.6549063554084,0.0338170956153082,SLC25A12
D3_center_primary_PHpass,OXIDATIVE_PHOSPHORYLATION,-1.6549063554084,0.0338170956153082,COX4I1
D3_center_primary_PHpass,OXIDATIVE_PHOSPHORYLATION,-1.6549063554084,0.0338170956153082,NDUFS6
D3_center_primary_PHpass,OXIDATIVE_PHOSPHORYLATION,-1.6549063554084,0.0338170956153082,PHB2
D3_center_primary_PHpass,OXIDATIVE_PHOSPHORYLATION,-1.6549063554084,0.0338170956153082,MDH1
D3_center_primary_PHpass,OXIDATIVE_PHOSPHORYLATION,-1.6549063554084,0.0338170956153082,SLC25A3
D3_center_primary_PHpass,OXIDATIVE_PHOSPHORYLATION,-1.6549063554084,0.0338170956153082,RHOT1
D3_center_primary_PHpass,OXIDATIVE_PHOSPHORYLATION,-1.6549063554084,0.0338170956153082,NDUFS4
D3_center_primary_PHpass,OXIDATIVE_PHOSPHORYLATION,-1.6549063554084,0.0338170956153082,ATP6V1H
D3_center_primary_PHpass,OXIDATIVE_PHOSPHORYLATION,-1.6549063554084,0.0338170956153082,UQCRC2
D3_center_primary_PHpass,OXIDATIVE_PHOSPHORYLATION,-1.6549063554084,0.0338170956153082,NDUFA7
D3_center_primary_PHpass,OXIDATIVE_PHOSPHORYLATION,-1.6549063554084,0.0338170956153082,NDUFA3
D3_center_primary_PHpass,OXIDATIVE_PHOSPHORYLATION,-1.6549063554084,0.0338170956153082,ATP6V1C1
D3_center_primary_PHpass,OXIDATIVE_PHOSPHORYLATION,-1.6549063554084,0.0338170956153082,COX6A1
D3_center_primary_PHpass,OXIDATIVE_PHOSPHORYLATION,-1.6549063554084,0.0338170956153082,COX6C
D3_center_primary_PHpass,OXIDATIVE_PHOSPHORYLATION,-1.6549063554084,0.0338170956153082,NDUFC2
D3_center_primary_PHpass,OXIDATIVE_PHOSPHORYLATION,-1.6549063554084,0.0338170956153082,CPT1A
D3_center_primary_PHpass,OXIDATIVE_PHOSPHORYLATION,-1.6549063554084,0.0338170956153082,ABCB7
D3_center_primary_PHpass,OXIDATIVE_PHOSPHORYLATION,-1.6549063554084,0.0338170956153082,TIMM13
D3_center_primary_PHpass,OXIDATIVE_PHOSPHORYLATION,-1.6549063554084,0.0338170956153082,SDHD
D3_center_primary_PHpass,OXIDATIVE_PHOSPHORYLATION,-1.6549063554084,0.0338170956153082,CYB5R3
D3_center_primary_PHpass,OXIDATIVE_PHOSPHORYLATION,-1.6549063554084,0.0338170956153082,NDUFA5
D3_center_primary_PHpass,P53_PATHWAY,1.14555648981419,0.445736811368503,INHBB
D3_center_primary_PHpass,P53_PATHWAY,1.14555648981419,0.445736811368503,HMOX1
D3_center_primary_PHpass,P53_PATHWAY,1.14555648981419,0.445736811368503,EPS8L2
D3_center_primary_PHpass,P53_PATHWAY,1.14555648981419,0.445736811368503,TNNI1
D3_center_primary_PHpass,P53_PATHWAY,1.14555648981419,0.445736811368503,EPHX1
D3_center_primary_PHpass,P53_PATHWAY,1.14555648981419,0.445736811368503,HINT1
D3_center_primary_PHpass,P53_PATHWAY,1.14555648981419,0.445736811368503,TCN2
D3_center_primary_PHpass,P53_PATHWAY,1.14555648981419,0.445736811368503,ABAT
D3_center_primary_PHpass,P53_PATHWAY,1.14555648981419,0.445736811368503,GM2A
D3_center_primary_PHpass,P53_PATHWAY,1.14555648981419,0.445736811368503,DCXR
D3_center_primary_PHpass,P53_PATHWAY,1.14555648981419,0.445736811368503,EI24
D3_center_primary_PHpass,PEROXISOME,-0.791382541300659,0.890950829383886,TTR
D3_center_primary_PHpass,PEROXISOME,-0.791382541300659,0.890950829383886,SERPINA6
D3_center_primary_PHpass,PEROXISOME,-0.791382541300659,0.890950829383886,MVP
D3_center_primary_PHpass,PEROXISOME,-0.791382541300659,0.890950829383886,ACSL4
D3_center_primary_PHpass,PEROXISOME,-0.791382541300659,0.890950829383886,DHCR24
D3_center_primary_PHpass,PEROXISOME,-0.791382541300659,0.890950829383886,GSTK1
D3_center_primary_PHpass,PEROXISOME,-0.791382541300659,0.890950829383886,GNPAT
D3_center_primary_PHpass,PEROXISOME,-0.791382541300659,0.890950829383886,ACOX1
D3_center_primary_PHpass,PEROXISOME,-0.791382541300659,0.890950829383886,IDE
D3_center_primary_PHpass,PEROXISOME,-0.791382541300659,0.890950829383886,ABCC5
D3_center_primary_PHpass,PEROXISOME,-0.791382541300659,0.890950829383886,HSD17B11
D3_center_primary_PHpass,PEROXISOME,-0.791382541300659,0.890950829383886,ACSL5
D3_center_primary_PHpass,PEROXISOME,-0.791382541300659,0.890950829383886,RDH11
D3_center_primary_PHpass,PEROXISOME,-0.791382541300659,0.890950829383886,PRDX5
D3_center_primary_PHpass,PEROXISOME,-0.791382541300659,0.890950829383886,CLN6
D3_center_primary_PHpass,PEROXISOME,-0.791382541300659,0.890950829383886,FDPS
D3_center_primary_PHpass,PEROXISOME,-0.791382541300659,0.890950829383886,ISOC1
D3_center_primary_PHpass,PEROXISOME,-0.791382541300659,0.890950829383886,SLC27A2
D3_center_primary_PHpass,PI3K_AKT_MTOR_SIGNALING,-0.858659888034905,0.823256751309956,TBK1
D3_center_primary_PHpass,PI3K_AKT_MTOR_SIGNALING,-0.858659888034905,0.823256751309956,SLC2A1
D3_center_primary_PHpass,PI3K_AKT_MTOR_SIGNALING,-0.858659888034905,0.823256751309956,PIKFYVE
D3_center_primary_PHpass,PI3K_AKT_MTOR_SIGNALING,-0.858659888034905,0.823256751309956,PRKAR2A
D3_center_primary_PHpass,PI3K_AKT_MTOR_SIGNALING,-0.858659888034905,0.823256751309956,RIPK1
D3_center_primary_PHpass,PI3K_AKT_MTOR_SIGNALING,-0.858659888034905,0.823256751309956,ITPR2
D3_center_primary_PHpass,PI3K_AKT_MTOR_SIGNALING,-0.858659888034905,0.823256751309956,YWHAB
D3_center_primary_PHpass,PI3K_AKT_MTOR_SIGNALING,-0.858659888034905,0.823256751309956,ACTR3
D3_center_primary_PHpass,PI3K_AKT_MTOR_SIGNALING,-0.858659888034905,0.823256751309956,CLTC
D3_center_primary_PHpass,PI3K_AKT_MTOR_SIGNALING,-0.858659888034905,0.823256751309956,CALR
D3_center_primary_PHpass,PI3K_AKT_MTOR_SIGNALING,-0.858659888034905,0.823256751309956,PDK1
D3_center_primary_PHpass,PI3K_AKT_MTOR_SIGNALING,-0.858659888034905,0.823256751309956,DAPP1
D3_center_primary_PHpass,PI3K_AKT_MTOR_SIGNALING,-0.858659888034905,0.823256751309956,UBE2N
D3_center_primary_PHpass,PI3K_AKT_MTOR_SIGNALING,-0.858659888034905,0.823256751309956,ARPC3
D3_center_primary_PHpass,PI3K_AKT_MTOR_SIGNALING,-0.858659888034905,0.823256751309956,SQSTM1
D3_center_primary_PHpass,PI3K_AKT_MTOR_SIGNALING,-0.858659888034905,0.823256751309956,ACTR2
D3_center_primary_PHpass,PI3K_AKT_MTOR_SIGNALING,-0.858659888034905,0.823256751309956,PFN1
D3_center_primary_PHpass,PI3K_AKT_MTOR_SIGNALING,-0.858659888034905,0.823256751309956,ACACA
D3_center_primary_PHpass,PI3K_AKT_MTOR_SIGNALING,-0.858659888034905,0.823256751309956,CSNK2B
D3_center_primary_PHpass,PI3K_AKT_MTOR_SIGNALING,-0.858659888034905,0.823256751309956,VAV3
D3_center_primary_PHpass,PI3K_AKT_MTOR_SIGNALING,-0.858659888034905,0.823256751309956,PRKCB
D3_center_primary_PHpass,PI3K_AKT_MTOR_SIGNALING,-0.858659888034905,0.823256751309956,MAPK1
D3_center_primary_PHpass,PROTEIN_SECRETION,-1.62112551272335,0.0338170956153082,CTSC
D3_center_primary_PHpass,PROTEIN_SECRETION,-1.62112551272335,0.0338170956153082,ADAM10
D3_center_primary_PHpass,PROTEIN_SECRETION,-1.62112551272335,0.0338170956153082,ATP1A1
D3_center_primary_PHpass,PROTEIN_SECRETION,-1.62112551272335,0.0338170956153082,GOSR2
D3_center_primary_PHpass,PROTEIN_SECRETION,-1.62112551272335,0.0338170956153082,SNAP23
D3_center_primary_PHpass,PROTEIN_SECRETION,-1.62112551272335,0.0338170956153082,TMED10
D3_center_primary_PHpass,PROTEIN_SECRETION,-1.62112551272335,0.0338170956153082,COPB2
D3_center_primary_PHpass,PROTEIN_SECRETION,-1.62112551272335,0.0338170956153082,SEC22B
D3_center_primary_PHpass,PROTEIN_SECRETION,-1.62112551272335,0.0338170956153082,TMX1
D3_center_primary_PHpass,PROTEIN_SECRETION,-1.62112551272335,0.0338170956153082,GNAS
D3_center_primary_PHpass,PROTEIN_SECRETION,-1.62112551272335,0.0338170956153082,ARFGAP3
D3_center_primary_PHpass,PROTEIN_SECRETION,-1.62112551272335,0.0338170956153082,ATP7A
D3_center_primary_PHpass,PROTEIN_SECRETION,-1.62112551272335,0.0338170956153082,TMED2
D3_center_primary_PHpass,PROTEIN_SECRETION,-1.62112551272335,0.0338170956153082,ARFGEF2
D3_center_primary_PHpass,PROTEIN_SECRETION,-1.62112551272335,0.0338170956153082,CLTC
D3_center_primary_PHpass,PROTEIN_SECRETION,-1.62112551272335,0.0338170956153082,SCAMP3
D3_center_primary_PHpass,PROTEIN_SECRETION,-1.62112551272335,0.0338170956153082,M6PR
D3_center_primary_PHpass,PROTEIN_SECRETION,-1.62112551272335,0.0338170956153082,LMAN1
D3_center_primary_PHpass,PROTEIN_SECRETION,-1.62112551272335,0.0338170956153082,COG2
D3_center_primary_PHpass,PROTEIN_SECRETION,-1.62112551272335,0.0338170956153082,NAPG
D3_center_primary_PHpass,PROTEIN_SECRETION,-1.62112551272335,0.0338170956153082,ATP6V1H
D3_center_primary_PHpass,PROTEIN_SECRETION,-1.62112551272335,0.0338170956153082,ARFGEF1
D3_center_primary_PHpass,PROTEIN_SECRETION,-1.62112551272335,0.0338170956153082,GBF1
D3_center_primary_PHpass,PROTEIN_SECRETION,-1.62112551272335,0.0338170956153082,STX12
D3_center_primary_PHpass,PROTEIN_SECRETION,-1.62112551272335,0.0338170956153082,STX16
D3_center_primary_PHpass,PROTEIN_SECRETION,-1.62112551272335,0.0338170956153082,VAMP7
D3_center_primary_PHpass,PROTEIN_SECRETION,-1.62112551272335,0.0338170956153082,OCRL
D3_center_primary_PHpass,PROTEIN_SECRETION,-1.62112551272335,0.0338170956153082,VAMP3
D3_center_primary_PHpass,PROTEIN_SECRETION,-1.62112551272335,0.0338170956153082,USO1
D3_center_primary_PHpass,REACTIVE_OXYGEN_SPECIES_PATHWAY,-0.607578120552285,0.95976010833817,ABCC1
D3_center_primary_PHpass,REACTIVE_OXYGEN_SPECIES_PATHWAY,-0.607578120552285,0.95976010833817,MSRA
D3_center_primary_PHpass,REACTIVE_OXYGEN_SPECIES_PATHWAY,-0.607578120552285,0.95976010833817,FES
D3_center_primary_PHpass,REACTIVE_OXYGEN_SPECIES_PATHWAY,-0.607578120552285,0.95976010833817,G6PD
D3_center_primary_PHpass,REACTIVE_OXYGEN_SPECIES_PATHWAY,-0.607578120552285,0.95976010833817,GCLM
D3_center_primary_PHpass,REACTIVE_OXYGEN_SPECIES_PATHWAY,-0.607578120552285,0.95976010833817,GCLC
D3_center_primary_PHpass,REACTIVE_OXYGEN_SPECIES_PATHWAY,-0.607578120552285,0.95976010833817,HMOX2
D3_center_primary_PHpass,REACTIVE_OXYGEN_SPECIES_PATHWAY,-0.607578120552285,0.95976010833817,MPO
D3_center_primary_PHpass,REACTIVE_OXYGEN_SPECIES_PATHWAY,-0.607578120552285,0.95976010833817,SELENOS
D3_center_primary_PHpass,REACTIVE_OXYGEN_SPECIES_PATHWAY,-0.607578120552285,0.95976010833817,PTPA
D3_center_primary_PHpass,REACTIVE_OXYGEN_SPECIES_PATHWAY,-0.607578120552285,0.95976010833817,PRDX6
D3_center_primary_PHpass,REACTIVE_OXYGEN_SPECIES_PATHWAY,-0.607578120552285,0.95976010833817,GSR
D3_center_primary_PHpass,REACTIVE_OXYGEN_SPECIES_PATHWAY,-0.607578120552285,0.95976010833817,TXNRD1
D3_center_primary_PHpass,SPERMATOGENESIS,-0.845799380942602,0.803778241387063,PRKAR2A
D3_center_primary_PHpass,SPERMATOGENESIS,-0.845799380942602,0.803778241387063,JAM3
D3_center_primary_PHpass,SPERMATOGENESIS,-0.845799380942602,0.803778241387063,TSN
D3_center_primary_PHpass,SPERMATOGENESIS,-0.845799380942602,0.803778241387063,SLC12A2
D3_center_primary_PHpass,SPERMATOGENESIS,-0.845799380942602,0.803778241387063,ACE
D3_center_primary_PHpass,SPERMATOGENESIS,-0.845799380942602,0.803778241387063,PHKG2
D3_center_primary_PHpass,SPERMATOGENESIS,-0.845799380942602,0.803778241387063,IDE
D3_center_primary_PHpass,TGF_BETA_SIGNALING,-0.971224455512517,0.716529137081814,NCOR2
D3_center_primary_PHpass,TGF_BETA_SIGNALING,-0.971224455512517,0.716529137081814,ENG
D3_center_primary_PHpass,TNFA_SIGNALING_VIA_NFKB,0.893974301247983,0.798090607210626,CXCL10
D3_center_primary_PHpass,TNFA_SIGNALING_VIA_NFKB,0.893974301247983,0.798090607210626,TNFAIP6
D3_center_primary_PHpass,TNFA_SIGNALING_VIA_NFKB,0.893974301247983,0.798090607210626,CCN1
D3_center_primary_PHpass,TNFA_SIGNALING_VIA_NFKB,0.893974301247983,0.798090607210626,TNC
D3_center_primary_PHpass,TNFA_SIGNALING_VIA_NFKB,0.893974301247983,0.798090607210626,B4GALT1
D3_center_primary_PHpass,TNFA_SIGNALING_VIA_NFKB,0.893974301247983,0.798090607210626,ICAM1
D3_center_primary_PHpass,TNFA_SIGNALING_VIA_NFKB,0.893974301247983,0.798090607210626,PDLIM5
D3_center_primary_PHpass,TNFA_SIGNALING_VIA_NFKB,0.893974301247983,0.798090607210626,TRIP10
D3_center_primary_PHpass,TNFA_SIGNALING_VIA_NFKB,0.893974301247983,0.798090607210626,B4GALT5
D3_center_primary_PHpass,TNFA_SIGNALING_VIA_NFKB,0.893974301247983,0.798090607210626,RIPK2
D3_center_primary_PHpass,TNFA_SIGNALING_VIA_NFKB,0.893974301247983,0.798090607210626,DNAJB4
D3_center_primary_PHpass,TNFA_SIGNALING_VIA_NFKB,0.893974301247983,0.798090607210626,PTX3
D3_center_primary_PHpass,TNFA_SIGNALING_VIA_NFKB,0.893974301247983,0.798090607210626,MAP2K3
D3_center_primary_PHpass,TNFA_SIGNALING_VIA_NFKB,0.893974301247983,0.798090607210626,NAMPT
D3_center_primary_PHpass,TNFA_SIGNALING_VIA_NFKB,0.893974301247983,0.798090607210626,CDKN1A
D3_center_primary_PHpass,TNFA_SIGNALING_VIA_NFKB,0.893974301247983,0.798090607210626,CCRL2
D3_center_primary_PHpass,TNFA_SIGNALING_VIA_NFKB,0.893974301247983,0.798090607210626,MARCKS
D3_center_primary_PHpass,UNFOLDED_PROTEIN_RESPONSE,0.9808756769033,0.71161699359072,STC2
D3_center_primary_PHpass,UNFOLDED_PROTEIN_RESPONSE,0.9808756769033,0.71161699359072,PAIP1
D3_center_primary_PHpass,UNFOLDED_PROTEIN_RESPONSE,0.9808756769033,0.71161699359072,HYOU1
D3_center_primary_PHpass,UNFOLDED_PROTEIN_RESPONSE,0.9808756769033,0.71161699359072,KHSRP
D3_center_primary_PHpass,UNFOLDED_PROTEIN_RESPONSE,0.9808756769033,0.71161699359072,DNAJA4
D3_center_primary_PHpass,UNFOLDED_PROTEIN_RESPONSE,0.9808756769033,0.71161699359072,FUS
D3_center_primary_PHpass,UNFOLDED_PROTEIN_RESPONSE,0.9808756769033,0.71161699359072,EIF2S1
D3_center_primary_PHpass,UNFOLDED_PROTEIN_RESPONSE,0.9808756769033,0.71161699359072,EEF2
D3_center_primary_PHpass,UNFOLDED_PROTEIN_RESPONSE,0.9808756769033,0.71161699359072,H2AX
D3_center_primary_PHpass,UNFOLDED_PROTEIN_RESPONSE,0.9808756769033,0.71161699359072,SHC1
D3_center_primary_PHpass,UV_RESPONSE_DN,0.885251528871739,0.803689169644376,COL1A2
D3_center_primary_PHpass,UV_RESPONSE_DN,0.885251528871739,0.803689169644376,COL1A1
D3_center_primary_PHpass,UV_RESPONSE_DN,0.885251528871739,0.803689169644376,COL3A1
D3_center_primary_PHpass,UV_RESPONSE_DN,0.885251528871739,0.803689169644376,CCN1
D3_center_primary_PHpass,UV_RESPONSE_DN,0.885251528871739,0.803689169644376,NRP1
D3_center_primary_PHpass,UV_RESPONSE_DN,0.885251528871739,0.803689169644376,NOTCH2
D3_center_primary_PHpass,UV_RESPONSE_DN,0.885251528871739,0.803689169644376,IGFBP5
D3_center_primary_PHpass,UV_RESPONSE_DN,0.885251528871739,0.803689169644376,COL5A2
D3_center_primary_PHpass,UV_RESPONSE_UP,1.15838980315534,0.445736811368503,HMOX1
D3_center_primary_PHpass,UV_RESPONSE_UP,1.15838980315534,0.445736811368503,IGFBP2
D3_center_primary_PHpass,UV_RESPONSE_UP,1.15838980315534,0.445736811368503,TST
D3_center_primary_PHpass,UV_RESPONSE_UP,1.15838980315534,0.445736811368503,EPHX1
D3_center_primary_PHpass,UV_RESPONSE_UP,1.15838980315534,0.445736811368503,MGAT1
D3_center_primary_PHpass,UV_RESPONSE_UP,1.15838980315534,0.445736811368503,STIP1
D3_center_primary_PHpass,UV_RESPONSE_UP,1.15838980315534,0.445736811368503,ACAA1
D3_center_primary_PHpass,UV_RESPONSE_UP,1.15838980315534,0.445736811368503,SPR
D3_center_primary_PHpass,UV_RESPONSE_UP,1.15838980315534,0.445736811368503,ICAM1
D3_center_primary_PHpass,UV_RESPONSE_UP,1.15838980315534,0.445736811368503,EIF5
D3_center_primary_PHpass,UV_RESPONSE_UP,1.15838980315534,0.445736811368503,PPAT
D3_center_primary_PHpass,UV_RESPONSE_UP,1.15838980315534,0.445736811368503,H2AX
D3_center_primary_PHpass,UV_RESPONSE_UP,1.15838980315534,0.445736811368503,EIF2S3
D3_center_primary_PHpass,XENOBIOTIC_METABOLISM,-1.24194584264907,0.337308673469388,PLG
D3_center_primary_PHpass,XENOBIOTIC_METABOLISM,-1.24194584264907,0.337308673469388,ACP2
D3_center_primary_PHpass,XENOBIOTIC_METABOLISM,-1.24194584264907,0.337308673469388,VTN
D3_center_primary_PHpass,XENOBIOTIC_METABOLISM,-1.24194584264907,0.337308673469388,HRG
D3_center_primary_PHpass,XENOBIOTIC_METABOLISM,-1.24194584264907,0.337308673469388,CFB
D3_center_primary_PHpass,XENOBIOTIC_METABOLISM,-1.24194584264907,0.337308673469388,FETUB
D3_center_primary_PHpass,XENOBIOTIC_METABOLISM,-1.24194584264907,0.337308673469388,VNN1
D3_center_primary_PHpass,XENOBIOTIC_METABOLISM,-1.24194584264907,0.337308673469388,APOE
D3_center_primary_PHpass,XENOBIOTIC_METABOLISM,-1.24194584264907,0.337308673469388,SERPINA6
D3_center_primary_PHpass,XENOBIOTIC_METABOLISM,-1.24194584264907,0.337308673469388,NFS1
D3_center_primary_PHpass,XENOBIOTIC_METABOLISM,-1.24194584264907,0.337308673469388,ITIH1
D3_center_primary_PHpass,XENOBIOTIC_METABOLISM,-1.24194584264907,0.337308673469388,CES1
D3_center_primary_PHpass,XENOBIOTIC_METABOLISM,-1.24194584264907,0.337308673469388,CDA
D3_center_primary_PHpass,XENOBIOTIC_METABOLISM,-1.24194584264907,0.337308673469388,CD36
D3_center_primary_PHpass,XENOBIOTIC_METABOLISM,-1.24194584264907,0.337308673469388,SLC1A5
D3_center_primary_PHpass,XENOBIOTIC_METABOLISM,-1.24194584264907,0.337308673469388,LPIN2
D3_center_primary_PHpass,XENOBIOTIC_METABOLISM,-1.24194584264907,0.337308673469388,F11
D3_center_primary_PHpass,XENOBIOTIC_METABOLISM,-1.24194584264907,0.337308673469388,MBL2
D3_median_center_sensitivity,ADIPOGENESIS,1.21711727697475,0.338205249096338,ANGPTL4
D3_median_center_sensitivity,ADIPOGENESIS,1.21711727697475,0.338205249096338,ETFB
D3_median_center_sensitivity,ADIPOGENESIS,1.21711727697475,0.338205249096338,ITIH5
D3_median_center_sensitivity,ADIPOGENESIS,1.21711727697475,0.338205249096338,TST
D3_median_center_sensitivity,ADIPOGENESIS,1.21711727697475,0.338205249096338,LAMA4
D3_median_center_sensitivity,ADIPOGENESIS,1.21711727697475,0.338205249096338,ENPP2
D3_median_center_sensitivity,ADIPOGENESIS,1.21711727697475,0.338205249096338,REEP5
D3_median_center_sensitivity,ADIPOGENESIS,1.21711727697475,0.338205249096338,REEP6
D3_median_center_sensitivity,ADIPOGENESIS,1.21711727697475,0.338205249096338,SORBS1
D3_median_center_sensitivity,ADIPOGENESIS,1.21711727697475,0.338205249096338,ACAA2
D3_median_center_sensitivity,ADIPOGENESIS,1.21711727697475,0.338205249096338,SPARCL1
D3_median_center_sensitivity,ADIPOGENESIS,1.21711727697475,0.338205249096338,NMT1
D3_median_center_sensitivity,ADIPOGENESIS,1.21711727697475,0.338205249096338,QDPR
D3_median_center_sensitivity,ADIPOGENESIS,1.21711727697475,0.338205249096338,UBQLN1
D3_median_center_sensitivity,ADIPOGENESIS,1.21711727697475,0.338205249096338,SUCLG1
D3_median_center_sensitivity,ADIPOGENESIS,1.21711727697475,0.338205249096338,G3BP2
D3_median_center_sensitivity,ADIPOGENESIS,1.21711727697475,0.338205249096338,EPHX2
D3_median_center_sensitivity,ADIPOGENESIS,1.21711727697475,0.338205249096338,ACADS
D3_median_center_sensitivity,ADIPOGENESIS,1.21711727697475,0.338205249096338,COL15A1
D3_median_center_sensitivity,ADIPOGENESIS,1.21711727697475,0.338205249096338,ME1
D3_median_center_sensitivity,ADIPOGENESIS,1.21711727697475,0.338205249096338,SULT1A1
D3_median_center_sensitivity,ADIPOGENESIS,1.21711727697475,0.338205249096338,BCL2L13
D3_median_center_sensitivity,ADIPOGENESIS,1.21711727697475,0.338205249096338,SDHB
D3_median_center_sensitivity,ADIPOGENESIS,1.21711727697475,0.338205249096338,IDH1
D3_median_center_sensitivity,ADIPOGENESIS,1.21711727697475,0.338205249096338,LPL
D3_median_center_sensitivity,ADIPOGENESIS,1.21711727697475,0.338205249096338,MRPL15
D3_median_center_sensitivity,ADIPOGENESIS,1.21711727697475,0.338205249096338,PGM1
D3_median_center_sensitivity,ADIPOGENESIS,1.21711727697475,0.338205249096338,ALDH2
D3_median_center_sensitivity,ADIPOGENESIS,1.21711727697475,0.338205249096338,COL4A1
D3_median_center_sensitivity,ADIPOGENESIS,1.21711727697475,0.338205249096338,CAVIN1
D3_median_center_sensitivity,ADIPOGENESIS,1.21711727697475,0.338205249096338,DHCR7
D3_median_center_sensitivity,ADIPOGENESIS,1.21711727697475,0.338205249096338,TALDO1
D3_median_center_sensitivity,ADIPOGENESIS,1.21711727697475,0.338205249096338,MIGA2
D3_median_center_sensitivity,ADIPOGENESIS,1.21711727697475,0.338205249096338,ATL2
D3_median_center_sensitivity,ADIPOGENESIS,1.21711727697475,0.338205249096338,RMDN3
D3_median_center_sensitivity,ADIPOGENESIS,1.21711727697475,0.338205249096338,PEX14
D3_median_center_sensitivity,ALLOGRAFT_REJECTION,-1.18239318720832,0.338205249096338,PTPRC
D3_median_center_sensitivity,ALLOGRAFT_REJECTION,-1.18239318720832,0.338205249096338,ITGAL
D3_median_center_sensitivity,ALLOGRAFT_REJECTION,-1.18239318720832,0.338205249096338,CD47
D3_median_center_sensitivity,ALLOGRAFT_REJECTION,-1.18239318720832,0.338205249096338,LYN
D3_median_center_sensitivity,ALLOGRAFT_REJECTION,-1.18239318720832,0.338205249096338,FGR
D3_median_center_sensitivity,ALLOGRAFT_REJECTION,-1.18239318720832,0.338205249096338,ITGB2
D3_median_center_sensitivity,ALLOGRAFT_REJECTION,-1.18239318720832,0.338205249096338,HLA-E
D3_median_center_sensitivity,ALLOGRAFT_REJECTION,-1.18239318720832,0.338205249096338,HLA-G
D3_median_center_sensitivity,ALLOGRAFT_REJECTION,-1.18239318720832,0.338205249096338,TAPBP
D3_median_center_sensitivity,ALLOGRAFT_REJECTION,-1.18239318720832,0.338205249096338,TAP1
D3_median_center_sensitivity,ALLOGRAFT_REJECTION,-1.18239318720832,0.338205249096338,CSK
D3_median_center_sensitivity,ALLOGRAFT_REJECTION,-1.18239318720832,0.338205249096338,JAK2
D3_median_center_sensitivity,ALLOGRAFT_REJECTION,-1.18239318720832,0.338205249096338,TLR2
D3_median_center_sensitivity,ALLOGRAFT_REJECTION,-1.18239318720832,0.338205249096338,CD40
D3_median_center_sensitivity,ALLOGRAFT_REJECTION,-1.18239318720832,0.338205249096338,MMP9
D3_median_center_sensitivity,ALLOGRAFT_REJECTION,-1.18239318720832,0.338205249096338,RPS9
D3_median_center_sensitivity,ALLOGRAFT_REJECTION,-1.18239318720832,0.338205249096338,CD40LG
D3_median_center_sensitivity,ALLOGRAFT_REJECTION,-1.18239318720832,0.338205249096338,F2R
D3_median_center_sensitivity,ALLOGRAFT_REJECTION,-1.18239318720832,0.338205249096338,FYB1
D3_median_center_sensitivity,ALLOGRAFT_REJECTION,-1.18239318720832,0.338205249096338,RPS3A
D3_median_center_sensitivity,ALLOGRAFT_REJECTION,-1.18239318720832,0.338205249096338,MBL2
D3_median_center_sensitivity,ALLOGRAFT_REJECTION,-1.18239318720832,0.338205249096338,ACHE
D3_median_center_sensitivity,ALLOGRAFT_REJECTION,-1.18239318720832,0.338205249096338,RPS19
D3_median_center_sensitivity,ALLOGRAFT_REJECTION,-1.18239318720832,0.338205249096338,TAP2
D3_median_center_sensitivity,ALLOGRAFT_REJECTION,-1.18239318720832,0.338205249096338,HLA-A
D3_median_center_sensitivity,ALLOGRAFT_REJECTION,-1.18239318720832,0.338205249096338,SRGN
D3_median_center_sensitivity,ALLOGRAFT_REJECTION,-1.18239318720832,0.338205249096338,STAT1
D3_median_center_sensitivity,ALLOGRAFT_REJECTION,-1.18239318720832,0.338205249096338,UBE2N
D3_median_center_sensitivity,ANDROGEN_RESPONSE,0.853757633275447,0.791013861596474,SEC24D
D3_median_center_sensitivity,ANDROGEN_RESPONSE,0.853757633275447,0.791013861596474,SELENOP
D3_median_center_sensitivity,ANDROGEN_RESPONSE,0.853757633275447,0.791013861596474,SORD
D3_median_center_sensitivity,ANDROGEN_RESPONSE,0.853757633275447,0.791013861596474,PDLIM5
D3_median_center_sensitivity,ANGIOGENESIS,1.27360981666626,0.342326246203323,VCAN
D3_median_center_sensitivity,ANGIOGENESIS,1.27360981666626,0.342326246203323,POSTN
D3_median_center_sensitivity,ANGIOGENESIS,1.27360981666626,0.342326246203323,COL3A1
D3_median_center_sensitivity,ANGIOGENESIS,1.27360981666626,0.342326246203323,LRPAP1
D3_median_center_sensitivity,ANGIOGENESIS,1.27360981666626,0.342326246203323,NRP1
D3_median_center_sensitivity,ANGIOGENESIS,1.27360981666626,0.342326246203323,COL5A2
D3_median_center_sensitivity,ANGIOGENESIS,1.27360981666626,0.342326246203323,APP
D3_median_center_sensitivity,ANGIOGENESIS,1.27360981666626,0.342326246203323,LPL
D3_median_center_sensitivity,ANGIOGENESIS,1.27360981666626,0.342326246203323,LUM
D3_median_center_sensitivity,APICAL_JUNCTION,1.21067887044087,0.338205249096338,WASL
D3_median_center_sensitivity,APICAL_JUNCTION,1.21067887044087,0.338205249096338,VCAN
D3_median_center_sensitivity,APICAL_JUNCTION,1.21067887044087,0.338205249096338,MYH10
D3_median_center_sensitivity,APICAL_JUNCTION,1.21067887044087,0.338205249096338,SHC1
D3_median_center_sensitivity,APICAL_JUNCTION,1.21067887044087,0.338205249096338,LAMC2
D3_median_center_sensitivity,APICAL_JUNCTION,1.21067887044087,0.338205249096338,FBN1
D3_median_center_sensitivity,APICAL_JUNCTION,1.21067887044087,0.338205249096338,CTNNA1
D3_median_center_sensitivity,APICAL_JUNCTION,1.21067887044087,0.338205249096338,ADAMTS5
D3_median_center_sensitivity,APICAL_JUNCTION,1.21067887044087,0.338205249096338,MDK
D3_median_center_sensitivity,APICAL_JUNCTION,1.21067887044087,0.338205249096338,TNFRSF11B
D3_median_center_sensitivity,APICAL_JUNCTION,1.21067887044087,0.338205249096338,FSCN1
D3_median_center_sensitivity,APICAL_JUNCTION,1.21067887044087,0.338205249096338,NF2
D3_median_center_sensitivity,APICAL_JUNCTION,1.21067887044087,0.338205249096338,VCAM1
D3_median_center_sensitivity,APICAL_JUNCTION,1.21067887044087,0.338205249096338,MMP2
D3_median_center_sensitivity,APICAL_JUNCTION,1.21067887044087,0.338205249096338,VASP
D3_median_center_sensitivity,APICAL_JUNCTION,1.21067887044087,0.338205249096338,CAP1
D3_median_center_sensitivity,APICAL_JUNCTION,1.21067887044087,0.338205249096338,LDLRAP1
D3_median_center_sensitivity,APICAL_JUNCTION,1.21067887044087,0.338205249096338,ZYX
D3_median_center_sensitivity,APOPTOSIS,0.866082777573941,0.792144026186579,ETF1
D3_median_center_sensitivity,APOPTOSIS,0.866082777573941,0.792144026186579,LGALS3
D3_median_center_sensitivity,APOPTOSIS,0.866082777573941,0.792144026186579,LMNA
D3_median_center_sensitivity,APOPTOSIS,0.866082777573941,0.792144026186579,HMOX1
D3_median_center_sensitivity,APOPTOSIS,0.866082777573941,0.792144026186579,HGF
D3_median_center_sensitivity,APOPTOSIS,0.866082777573941,0.792144026186579,PLAT
D3_median_center_sensitivity,APOPTOSIS,0.866082777573941,0.792144026186579,BMP2
D3_median_center_sensitivity,APOPTOSIS,0.866082777573941,0.792144026186579,MMP2
D3_median_center_sensitivity,BILE_ACID_METABOLISM,-0.881121397000119,0.791013861596474,TTR
D3_median_center_sensitivity,BILE_ACID_METABOLISM,-0.881121397000119,0.791013861596474,GC
D3_median_center_sensitivity,BILE_ACID_METABOLISM,-0.881121397000119,0.791013861596474,GSTK1
D3_median_center_sensitivity,BILE_ACID_METABOLISM,-0.881121397000119,0.791013861596474,SERPINA6
D3_median_center_sensitivity,BILE_ACID_METABOLISM,-0.881121397000119,0.791013861596474,HSD17B11
D3_median_center_sensitivity,BILE_ACID_METABOLISM,-0.881121397000119,0.791013861596474,FDXR
D3_median_center_sensitivity,BILE_ACID_METABOLISM,-0.881121397000119,0.791013861596474,SLC29A1
D3_median_center_sensitivity,BILE_ACID_METABOLISM,-0.881121397000119,0.791013861596474,DHCR24
D3_median_center_sensitivity,BILE_ACID_METABOLISM,-0.881121397000119,0.791013861596474,PRDX5
D3_median_center_sensitivity,BILE_ACID_METABOLISM,-0.881121397000119,0.791013861596474,ACSL5
D3_median_center_sensitivity,CHOLESTEROL_HOMEOSTASIS,-1.2373492326903,0.338205249096338,CLU
D3_median_center_sensitivity,CHOLESTEROL_HOMEOSTASIS,-1.2373492326903,0.338205249096338,NIBAN1
D3_median_center_sensitivity,CHOLESTEROL_HOMEOSTASIS,-1.2373492326903,0.338205249096338,STX5
D3_median_center_sensitivity,CHOLESTEROL_HOMEOSTASIS,-1.2373492326903,0.338205249096338,PDK3
D3_median_center_sensitivity,CHOLESTEROL_HOMEOSTASIS,-1.2373492326903,0.338205249096338,PLSCR1
D3_median_center_sensitivity,COAGULATION,1.08161743096638,0.500031177901104,MMP1
D3_median_center_sensitivity,COAGULATION,1.08161743096638,0.500031177901104,CRIP2
D3_median_center_sensitivity,COAGULATION,1.08161743096638,0.500031177901104,CAPN2
D3_median_center_sensitivity,COAGULATION,1.08161743096638,0.500031177901104,PRSS23
D3_median_center_sensitivity,COAGULATION,1.08161743096638,0.500031177901104,FBN1
D3_median_center_sensitivity,COAGULATION,1.08161743096638,0.500031177901104,HTRA1
D3_median_center_sensitivity,COAGULATION,1.08161743096638,0.500031177901104,APOA1
D3_median_center_sensitivity,COAGULATION,1.08161743096638,0.500031177901104,PLAT
D3_median_center_sensitivity,COAGULATION,1.08161743096638,0.500031177901104,LRP1
D3_median_center_sensitivity,COAGULATION,1.08161743096638,0.500031177901104,GNG12
D3_median_center_sensitivity,COAGULATION,1.08161743096638,0.500031177901104,C8A
D3_median_center_sensitivity,COAGULATION,1.08161743096638,0.500031177901104,MMP2
D3_median_center_sensitivity,COAGULATION,1.08161743096638,0.500031177901104,FGA
D3_median_center_sensitivity,COAGULATION,1.08161743096638,0.500031177901104,F8
D3_median_center_sensitivity,COAGULATION,1.08161743096638,0.500031177901104,FGG
D3_median_center_sensitivity,COAGULATION,1.08161743096638,0.500031177901104,CFD
D3_median_center_sensitivity,COAGULATION,1.08161743096638,0.500031177901104,F10
D3_median_center_sensitivity,COAGULATION,1.08161743096638,0.500031177901104,C1R
D3_median_center_sensitivity,COAGULATION,1.08161743096638,0.500031177901104,PEF1
D3_median_center_sensitivity,COAGULATION,1.08161743096638,0.500031177901104,MMP7
D3_median_center_sensitivity,COAGULATION,1.08161743096638,0.500031177901104,CPN1
D3_median_center_sensitivity,COAGULATION,1.08161743096638,0.500031177901104,SERPING1
D3_median_center_sensitivity,COAGULATION,1.08161743096638,0.500031177901104,HPN
D3_median_center_sensitivity,COAGULATION,1.08161743096638,0.500031177901104,F2
D3_median_center_sensitivity,COAGULATION,1.08161743096638,0.500031177901104,A2M
D3_median_center_sensitivity,COAGULATION,1.08161743096638,0.500031177901104,RAC1
D3_median_center_sensitivity,COAGULATION,1.08161743096638,0.500031177901104,F9
D3_median_center_sensitivity,COAGULATION,1.08161743096638,0.500031177901104,USP11
D3_median_center_sensitivity,COAGULATION,1.08161743096638,0.500031177901104,CSRP1
D3_median_center_sensitivity,COMPLEMENT,-1.70736831684284,0.0147172024925714,CLU
D3_median_center_sensitivity,COMPLEMENT,-1.70736831684284,0.0147172024925714,PLG
D3_median_center_sensitivity,COMPLEMENT,-1.70736831684284,0.0147172024925714,GNAI2
D3_median_center_sensitivity,COMPLEMENT,-1.70736831684284,0.0147172024925714,CTSC
D3_median_center_sensitivity,COMPLEMENT,-1.70736831684284,0.0147172024925714,S100A9
D3_median_center_sensitivity,COMPLEMENT,-1.70736831684284,0.0147172024925714,MMP8
D3_median_center_sensitivity,COMPLEMENT,-1.70736831684284,0.0147172024925714,CD46
D3_median_center_sensitivity,COMPLEMENT,-1.70736831684284,0.0147172024925714,LYN
D3_median_center_sensitivity,COMPLEMENT,-1.70736831684284,0.0147172024925714,GNAI3
D3_median_center_sensitivity,COMPLEMENT,-1.70736831684284,0.0147172024925714,FCER1G
D3_median_center_sensitivity,COMPLEMENT,-1.70736831684284,0.0147172024925714,CFB
D3_median_center_sensitivity,COMPLEMENT,-1.70736831684284,0.0147172024925714,PLSCR1
D3_median_center_sensitivity,COMPLEMENT,-1.70736831684284,0.0147172024925714,LTA4H
D3_median_center_sensitivity,COMPLEMENT,-1.70736831684284,0.0147172024925714,F5
D3_median_center_sensitivity,COMPLEMENT,-1.70736831684284,0.0147172024925714,USP15
D3_median_center_sensitivity,COMPLEMENT,-1.70736831684284,0.0147172024925714,CALM1
D3_median_center_sensitivity,COMPLEMENT,-1.70736831684284,0.0147172024925714,GCA
D3_median_center_sensitivity,COMPLEMENT,-1.70736831684284,0.0147172024925714,CD55
D3_median_center_sensitivity,COMPLEMENT,-1.70736831684284,0.0147172024925714,JAK2
D3_median_center_sensitivity,COMPLEMENT,-1.70736831684284,0.0147172024925714,GNB4
D3_median_center_sensitivity,COMPLEMENT,-1.70736831684284,0.0147172024925714,ITIH1
D3_median_center_sensitivity,COMPLEMENT,-1.70736831684284,0.0147172024925714,CD59
D3_median_center_sensitivity,COMPLEMENT,-1.70736831684284,0.0147172024925714,CD36
D3_median_center_sensitivity,COMPLEMENT,-1.70736831684284,0.0147172024925714,ADAM9
D3_median_center_sensitivity,COMPLEMENT,-1.70736831684284,0.0147172024925714,GPD2
D3_median_center_sensitivity,COMPLEMENT,-1.70736831684284,0.0147172024925714,CDA
D3_median_center_sensitivity,COMPLEMENT,-1.70736831684284,0.0147172024925714,PRKCD
D3_median_center_sensitivity,COMPLEMENT,-1.70736831684284,0.0147172024925714,CD40LG
D3_median_center_sensitivity,COMPLEMENT,-1.70736831684284,0.0147172024925714,GP1BA
D3_median_center_sensitivity,COMPLEMENT,-1.70736831684284,0.0147172024925714,F7
D3_median_center_sensitivity,COMPLEMENT,-1.70736831684284,0.0147172024925714,GNG2
D3_median_center_sensitivity,COMPLEMENT,-1.70736831684284,0.0147172024925714,GP9
D3_median_center_sensitivity,COMPLEMENT,-1.70736831684284,0.0147172024925714,CASP4
D3_median_center_sensitivity,COMPLEMENT,-1.70736831684284,0.0147172024925714,CR1
D3_median_center_sensitivity,COMPLEMENT,-1.70736831684284,0.0147172024925714,GNB2
D3_median_center_sensitivity,COMPLEMENT,-1.70736831684284,0.0147172024925714,ITGAM
D3_median_center_sensitivity,COMPLEMENT,-1.70736831684284,0.0147172024925714,CASP3
D3_median_center_sensitivity,DNA_REPAIR,0.976693662298257,0.703320743813593,EDF1
D3_median_center_sensitivity,DNA_REPAIR,0.976693662298257,0.703320743813593,ALYREF
D3_median_center_sensitivity,DNA_REPAIR,0.976693662298257,0.703320743813593,RBX1
D3_median_center_sensitivity,DNA_REPAIR,0.976693662298257,0.703320743813593,GTF3C5
D3_median_center_sensitivity,DNA_REPAIR,0.976693662298257,0.703320743813593,SRSF6
D3_median_center_sensitivity,DNA_REPAIR,0.976693662298257,0.703320743813593,HCLS1
D3_median_center_sensitivity,DNA_REPAIR,0.976693662298257,0.703320743813593,TSG101
D3_median_center_sensitivity,DNA_REPAIR,0.976693662298257,0.703320743813593,VPS28
D3_median_center_sensitivity,DNA_REPAIR,0.976693662298257,0.703320743813593,SUPT5H
D3_median_center_sensitivity,DNA_REPAIR,0.976693662298257,0.703320743813593,NME3
D3_median_center_sensitivity,DNA_REPAIR,0.976693662298257,0.703320743813593,NUDT21
D3_median_center_sensitivity,DNA_REPAIR,0.976693662298257,0.703320743813593,DCTN4
D3_median_center_sensitivity,DNA_REPAIR,0.976693662298257,0.703320743813593,APRT
D3_median_center_sensitivity,DNA_REPAIR,0.976693662298257,0.703320743813593,GMPR2
D3_median_center_sensitivity,DNA_REPAIR,0.976693662298257,0.703320743813593,USP11
D3_median_center_sensitivity,E2F_TARGETS,1.40110841949008,0.209140066282923,HMGA1
D3_median_center_sensitivity,E2F_TARGETS,1.40110841949008,0.209140066282923,EIF2S1
D3_median_center_sensitivity,E2F_TARGETS,1.40110841949008,0.209140066282923,ILF3
D3_median_center_sensitivity,E2F_TARGETS,1.40110841949008,0.209140066282923,SRSF2
D3_median_center_sensitivity,E2F_TARGETS,1.40110841949008,0.209140066282923,NASP
D3_median_center_sensitivity,E2F_TARGETS,1.40110841949008,0.209140066282923,H2AZ1
D3_median_center_sensitivity,E2F_TARGETS,1.40110841949008,0.209140066282923,SRSF1
D3_median_center_sensitivity,E2F_TARGETS,1.40110841949008,0.209140066282923,PRDX4
D3_median_center_sensitivity,E2F_TARGETS,1.40110841949008,0.209140066282923,H2AX
D3_median_center_sensitivity,E2F_TARGETS,1.40110841949008,0.209140066282923,RAN
D3_median_center_sensitivity,E2F_TARGETS,1.40110841949008,0.209140066282923,DNMT1
D3_median_center_sensitivity,E2F_TARGETS,1.40110841949008,0.209140066282923,NUDT21
D3_median_center_sensitivity,E2F_TARGETS,1.40110841949008,0.209140066282923,HNRNPD
D3_median_center_sensitivity,E2F_TARGETS,1.40110841949008,0.209140066282923,TFRC
D3_median_center_sensitivity,E2F_TARGETS,1.40110841949008,0.209140066282923,SYNCRIP
D3_median_center_sensitivity,E2F_TARGETS,1.40110841949008,0.209140066282923,PRPS1
D3_median_center_sensitivity,E2F_TARGETS,1.40110841949008,0.209140066282923,RANBP1
D3_median_center_sensitivity,E2F_TARGETS,1.40110841949008,0.209140066282923,PA2G4
D3_median_center_sensitivity,E2F_TARGETS,1.40110841949008,0.209140066282923,TMPO
D3_median_center_sensitivity,EPITHELIAL_MESENCHYMAL_TRANSITION,1.98671390156519,0.000298010597599154,LOX
D3_median_center_sensitivity,EPITHELIAL_MESENCHYMAL_TRANSITION,1.98671390156519,0.000298010597599154,MMP1
D3_median_center_sensitivity,EPITHELIAL_MESENCHYMAL_TRANSITION,1.98671390156519,0.000298010597599154,ELN
D3_median_center_sensitivity,EPITHELIAL_MESENCHYMAL_TRANSITION,1.98671390156519,0.000298010597599154,VCAN
D3_median_center_sensitivity,EPITHELIAL_MESENCHYMAL_TRANSITION,1.98671390156519,0.000298010597599154,VEGFC
D3_median_center_sensitivity,EPITHELIAL_MESENCHYMAL_TRANSITION,1.98671390156519,0.000298010597599154,COL1A2
D3_median_center_sensitivity,EPITHELIAL_MESENCHYMAL_TRANSITION,1.98671390156519,0.000298010597599154,MATN2
D3_median_center_sensitivity,EPITHELIAL_MESENCHYMAL_TRANSITION,1.98671390156519,0.000298010597599154,POSTN
D3_median_center_sensitivity,EPITHELIAL_MESENCHYMAL_TRANSITION,1.98671390156519,0.000298010597599154,COL6A3
D3_median_center_sensitivity,EPITHELIAL_MESENCHYMAL_TRANSITION,1.98671390156519,0.000298010597599154,COL1A1
D3_median_center_sensitivity,EPITHELIAL_MESENCHYMAL_TRANSITION,1.98671390156519,0.000298010597599154,COL6A2
D3_median_center_sensitivity,EPITHELIAL_MESENCHYMAL_TRANSITION,1.98671390156519,0.000298010597599154,IGFBP2
D3_median_center_sensitivity,EPITHELIAL_MESENCHYMAL_TRANSITION,1.98671390156519,0.000298010597599154,COLGALT1
D3_median_center_sensitivity,EPITHELIAL_MESENCHYMAL_TRANSITION,1.98671390156519,0.000298010597599154,ABI3BP
D3_median_center_sensitivity,EPITHELIAL_MESENCHYMAL_TRANSITION,1.98671390156519,0.000298010597599154,WNT5A
D3_median_center_sensitivity,EPITHELIAL_MESENCHYMAL_TRANSITION,1.98671390156519,0.000298010597599154,IGFBP4
D3_median_center_sensitivity,EPITHELIAL_MESENCHYMAL_TRANSITION,1.98671390156519,0.000298010597599154,LAMC2
D3_median_center_sensitivity,EPITHELIAL_MESENCHYMAL_TRANSITION,1.98671390156519,0.000298010597599154,FBN1
D3_median_center_sensitivity,EPITHELIAL_MESENCHYMAL_TRANSITION,1.98671390156519,0.000298010597599154,COL4A2
D3_median_center_sensitivity,EPITHELIAL_MESENCHYMAL_TRANSITION,1.98671390156519,0.000298010597599154,HTRA1
D3_median_center_sensitivity,EPITHELIAL_MESENCHYMAL_TRANSITION,1.98671390156519,0.000298010597599154,COL3A1
D3_median_center_sensitivity,EPITHELIAL_MESENCHYMAL_TRANSITION,1.98671390156519,0.000298010597599154,NNMT
D3_median_center_sensitivity,EPITHELIAL_MESENCHYMAL_TRANSITION,1.98671390156519,0.000298010597599154,LRP1
D3_median_center_sensitivity,EPITHELIAL_MESENCHYMAL_TRANSITION,1.98671390156519,0.000298010597599154,TNFRSF11B
D3_median_center_sensitivity,EPITHELIAL_MESENCHYMAL_TRANSITION,1.98671390156519,0.000298010597599154,NOTCH2
D3_median_center_sensitivity,EPITHELIAL_MESENCHYMAL_TRANSITION,1.98671390156519,0.000298010597599154,THBS2
D3_median_center_sensitivity,EPITHELIAL_MESENCHYMAL_TRANSITION,1.98671390156519,0.000298010597599154,WIPF1
D3_median_center_sensitivity,EPITHELIAL_MESENCHYMAL_TRANSITION,1.98671390156519,0.000298010597599154,CCN1
D3_median_center_sensitivity,EPITHELIAL_MESENCHYMAL_TRANSITION,1.98671390156519,0.000298010597599154,VCAM1
D3_median_center_sensitivity,EPITHELIAL_MESENCHYMAL_TRANSITION,1.98671390156519,0.000298010597599154,MMP2
D3_median_center_sensitivity,EPITHELIAL_MESENCHYMAL_TRANSITION,1.98671390156519,0.000298010597599154,SFRP1
D3_median_center_sensitivity,EPITHELIAL_MESENCHYMAL_TRANSITION,1.98671390156519,0.000298010597599154,TNC
D3_median_center_sensitivity,EPITHELIAL_MESENCHYMAL_TRANSITION,1.98671390156519,0.000298010597599154,PCOLCE2
D3_median_center_sensitivity,EPITHELIAL_MESENCHYMAL_TRANSITION,1.98671390156519,0.000298010597599154,CXCL12
D3_median_center_sensitivity,EPITHELIAL_MESENCHYMAL_TRANSITION,1.98671390156519,0.000298010597599154,COL5A2
D3_median_center_sensitivity,EPITHELIAL_MESENCHYMAL_TRANSITION,1.98671390156519,0.000298010597599154,COL12A1
D3_median_center_sensitivity,ESTROGEN_RESPONSE_EARLY,1.32653907500148,0.269172147405784,INHBB
D3_median_center_sensitivity,ESTROGEN_RESPONSE_EARLY,1.32653907500148,0.269172147405784,STC2
D3_median_center_sensitivity,ESTROGEN_RESPONSE_EARLY,1.32653907500148,0.269172147405784,PRSS23
D3_median_center_sensitivity,ESTROGEN_RESPONSE_EARLY,1.32653907500148,0.269172147405784,IGFBP4
D3_median_center_sensitivity,ESTROGEN_RESPONSE_EARLY,1.32653907500148,0.269172147405784,CCN5
D3_median_center_sensitivity,ESTROGEN_RESPONSE_EARLY,1.32653907500148,0.269172147405784,OLFM1
D3_median_center_sensitivity,ESTROGEN_RESPONSE_EARLY,1.32653907500148,0.269172147405784,THSD4
D3_median_center_sensitivity,ESTROGEN_RESPONSE_EARLY,1.32653907500148,0.269172147405784,TFF1
D3_median_center_sensitivity,ESTROGEN_RESPONSE_EARLY,1.32653907500148,0.269172147405784,BLVRB
D3_median_center_sensitivity,ESTROGEN_RESPONSE_EARLY,1.32653907500148,0.269172147405784,CXCL12
D3_median_center_sensitivity,ESTROGEN_RESPONSE_EARLY,1.32653907500148,0.269172147405784,FLNB
D3_median_center_sensitivity,ESTROGEN_RESPONSE_EARLY,1.32653907500148,0.269172147405784,ABAT
D3_median_center_sensitivity,ESTROGEN_RESPONSE_EARLY,1.32653907500148,0.269172147405784,B4GALT1
D3_median_center_sensitivity,ESTROGEN_RESPONSE_EARLY,1.32653907500148,0.269172147405784,SNX24
D3_median_center_sensitivity,ESTROGEN_RESPONSE_LATE,1.51837439053939,0.101119973490838,LSR
D3_median_center_sensitivity,ESTROGEN_RESPONSE_LATE,1.51837439053939,0.101119973490838,ASS1
D3_median_center_sensitivity,ESTROGEN_RESPONSE_LATE,1.51837439053939,0.101119973490838,UGDH
D3_median_center_sensitivity,ESTROGEN_RESPONSE_LATE,1.51837439053939,0.101119973490838,ETFB
D3_median_center_sensitivity,ESTROGEN_RESPONSE_LATE,1.51837439053939,0.101119973490838,TST
D3_median_center_sensitivity,ESTROGEN_RESPONSE_LATE,1.51837439053939,0.101119973490838,PRSS23
D3_median_center_sensitivity,ESTROGEN_RESPONSE_LATE,1.51837439053939,0.101119973490838,IGFBP4
D3_median_center_sensitivity,ESTROGEN_RESPONSE_LATE,1.51837439053939,0.101119973490838,LAMC2
D3_median_center_sensitivity,ESTROGEN_RESPONSE_LATE,1.51837439053939,0.101119973490838,SORD
D3_median_center_sensitivity,ESTROGEN_RESPONSE_LATE,1.51837439053939,0.101119973490838,CCN5
D3_median_center_sensitivity,ESTROGEN_RESPONSE_LATE,1.51837439053939,0.101119973490838,OLFM1
D3_median_center_sensitivity,ESTROGEN_RESPONSE_LATE,1.51837439053939,0.101119973490838,TFF1
D3_median_center_sensitivity,ESTROGEN_RESPONSE_LATE,1.51837439053939,0.101119973490838,MDK
D3_median_center_sensitivity,ESTROGEN_RESPONSE_LATE,1.51837439053939,0.101119973490838,BLVRB
D3_median_center_sensitivity,ESTROGEN_RESPONSE_LATE,1.51837439053939,0.101119973490838,CXCL12
D3_median_center_sensitivity,ESTROGEN_RESPONSE_LATE,1.51837439053939,0.101119973490838,FLNB
D3_median_center_sensitivity,ESTROGEN_RESPONSE_LATE,1.51837439053939,0.101119973490838,DCXR
D3_median_center_sensitivity,FATTY_ACID_METABOLISM,1.1690534320639,0.388370704652103,CBR1
D3_median_center_sensitivity,FATTY_ACID_METABOLISM,1.1690534320639,0.388370704652103,CBR3
D3_median_center_sensitivity,FATTY_ACID_METABOLISM,1.1690534320639,0.388370704652103,UGDH
D3_median_center_sensitivity,FATTY_ACID_METABOLISM,1.1690534320639,0.388370704652103,GRHPR
D3_median_center_sensitivity,FATTY_ACID_METABOLISM,1.1690534320639,0.388370704652103,REEP6
D3_median_center_sensitivity,FATTY_ACID_METABOLISM,1.1690534320639,0.388370704652103,ADH1C
D3_median_center_sensitivity,FATTY_ACID_METABOLISM,1.1690534320639,0.388370704652103,ACAA1
D3_median_center_sensitivity,FATTY_ACID_METABOLISM,1.1690534320639,0.388370704652103,ACAA2
D3_median_center_sensitivity,FATTY_ACID_METABOLISM,1.1690534320639,0.388370704652103,EPHX1
D3_median_center_sensitivity,FATTY_ACID_METABOLISM,1.1690534320639,0.388370704652103,SUCLG1
D3_median_center_sensitivity,FATTY_ACID_METABOLISM,1.1690534320639,0.388370704652103,ETFDH
D3_median_center_sensitivity,FATTY_ACID_METABOLISM,1.1690534320639,0.388370704652103,EHHADH
D3_median_center_sensitivity,FATTY_ACID_METABOLISM,1.1690534320639,0.388370704652103,H2AZ1
D3_median_center_sensitivity,FATTY_ACID_METABOLISM,1.1690534320639,0.388370704652103,ACADS
D3_median_center_sensitivity,FATTY_ACID_METABOLISM,1.1690534320639,0.388370704652103,CRYZ
D3_median_center_sensitivity,FATTY_ACID_METABOLISM,1.1690534320639,0.388370704652103,ME1
D3_median_center_sensitivity,FATTY_ACID_METABOLISM,1.1690534320639,0.388370704652103,LDHA
D3_median_center_sensitivity,FATTY_ACID_METABOLISM,1.1690534320639,0.388370704652103,IDH1
D3_median_center_sensitivity,FATTY_ACID_METABOLISM,1.1690534320639,0.388370704652103,ALDH9A1
D3_median_center_sensitivity,FATTY_ACID_METABOLISM,1.1690534320639,0.388370704652103,METAP1
D3_median_center_sensitivity,FATTY_ACID_METABOLISM,1.1690534320639,0.388370704652103,LGALS1
D3_median_center_sensitivity,FATTY_ACID_METABOLISM,1.1690534320639,0.388370704652103,ENO3
D3_median_center_sensitivity,FATTY_ACID_METABOLISM,1.1690534320639,0.388370704652103,ACOT8
D3_median_center_sensitivity,FATTY_ACID_METABOLISM,1.1690534320639,0.388370704652103,CPOX
D3_median_center_sensitivity,FATTY_ACID_METABOLISM,1.1690534320639,0.388370704652103,HMGCS2
D3_median_center_sensitivity,FATTY_ACID_METABOLISM,1.1690534320639,0.388370704652103,CA6
D3_median_center_sensitivity,FATTY_ACID_METABOLISM,1.1690534320639,0.388370704652103,HMGCL
D3_median_center_sensitivity,FATTY_ACID_METABOLISM,1.1690534320639,0.388370704652103,NSDHL
D3_median_center_sensitivity,FATTY_ACID_METABOLISM,1.1690534320639,0.388370704652103,APEX1
D3_median_center_sensitivity,FATTY_ACID_METABOLISM,1.1690534320639,0.388370704652103,ENO2
D3_median_center_sensitivity,FATTY_ACID_METABOLISM,1.1690534320639,0.388370704652103,CRAT
D3_median_center_sensitivity,FATTY_ACID_METABOLISM,1.1690534320639,0.388370704652103,ADSL
D3_median_center_sensitivity,FATTY_ACID_METABOLISM,1.1690534320639,0.388370704652103,MIF
D3_median_center_sensitivity,G2M_CHECKPOINT,1.70276187304911,0.0322334839121132,EWSR1
D3_median_center_sensitivity,G2M_CHECKPOINT,1.70276187304911,0.0322334839121132,HMGA1
D3_median_center_sensitivity,G2M_CHECKPOINT,1.70276187304911,0.0322334839121132,MT2A
D3_median_center_sensitivity,G2M_CHECKPOINT,1.70276187304911,0.0322334839121132,ILF3
D3_median_center_sensitivity,G2M_CHECKPOINT,1.70276187304911,0.0322334839121132,G3BP1
D3_median_center_sensitivity,G2M_CHECKPOINT,1.70276187304911,0.0322334839121132,CHMP1A
D3_median_center_sensitivity,G2M_CHECKPOINT,1.70276187304911,0.0322334839121132,CUL1
D3_median_center_sensitivity,G2M_CHECKPOINT,1.70276187304911,0.0322334839121132,HMGN2
D3_median_center_sensitivity,G2M_CHECKPOINT,1.70276187304911,0.0322334839121132,SRSF2
D3_median_center_sensitivity,G2M_CHECKPOINT,1.70276187304911,0.0322334839121132,NASP
D3_median_center_sensitivity,G2M_CHECKPOINT,1.70276187304911,0.0322334839121132,RAD23B
D3_median_center_sensitivity,G2M_CHECKPOINT,1.70276187304911,0.0322334839121132,NOTCH2
D3_median_center_sensitivity,G2M_CHECKPOINT,1.70276187304911,0.0322334839121132,SFPQ
D3_median_center_sensitivity,G2M_CHECKPOINT,1.70276187304911,0.0322334839121132,H2AZ1
D3_median_center_sensitivity,G2M_CHECKPOINT,1.70276187304911,0.0322334839121132,BUB3
D3_median_center_sensitivity,G2M_CHECKPOINT,1.70276187304911,0.0322334839121132,NCL
D3_median_center_sensitivity,G2M_CHECKPOINT,1.70276187304911,0.0322334839121132,SRSF1
D3_median_center_sensitivity,G2M_CHECKPOINT,1.70276187304911,0.0322334839121132,TOP1
D3_median_center_sensitivity,GLYCOLYSIS,1.35029147250365,0.209140066282923,ANGPTL4
D3_median_center_sensitivity,GLYCOLYSIS,1.35029147250365,0.209140066282923,STC2
D3_median_center_sensitivity,GLYCOLYSIS,1.35029147250365,0.209140066282923,VCAN
D3_median_center_sensitivity,GLYCOLYSIS,1.35029147250365,0.209140066282923,AGRN
D3_median_center_sensitivity,GLYCOLYSIS,1.35029147250365,0.209140066282923,GMPPA
D3_median_center_sensitivity,GLYCOLYSIS,1.35029147250365,0.209140066282923,PMM2
D3_median_center_sensitivity,GLYCOLYSIS,1.35029147250365,0.209140066282923,NASP
D3_median_center_sensitivity,GLYCOLYSIS,1.35029147250365,0.209140066282923,ENO1
D3_median_center_sensitivity,GLYCOLYSIS,1.35029147250365,0.209140066282923,EXT1
D3_median_center_sensitivity,GLYCOLYSIS,1.35029147250365,0.209140066282923,AGL
D3_median_center_sensitivity,GLYCOLYSIS,1.35029147250365,0.209140066282923,PGK1
D3_median_center_sensitivity,GLYCOLYSIS,1.35029147250365,0.209140066282923,PYGL
D3_median_center_sensitivity,GLYCOLYSIS,1.35029147250365,0.209140066282923,P4HA1
D3_median_center_sensitivity,GLYCOLYSIS,1.35029147250365,0.209140066282923,ALDOB
D3_median_center_sensitivity,GLYCOLYSIS,1.35029147250365,0.209140066282923,PYGB
D3_median_center_sensitivity,GLYCOLYSIS,1.35029147250365,0.209140066282923,SLC37A4
D3_median_center_sensitivity,GLYCOLYSIS,1.35029147250365,0.209140066282923,B3GALT6
D3_median_center_sensitivity,GLYCOLYSIS,1.35029147250365,0.209140066282923,PFKP
D3_median_center_sensitivity,GLYCOLYSIS,1.35029147250365,0.209140066282923,ME1
D3_median_center_sensitivity,GLYCOLYSIS,1.35029147250365,0.209140066282923,FUT8
D3_median_center_sensitivity,GLYCOLYSIS,1.35029147250365,0.209140066282923,B4GALT1
D3_median_center_sensitivity,GLYCOLYSIS,1.35029147250365,0.209140066282923,LDHA
D3_median_center_sensitivity,GLYCOLYSIS,1.35029147250365,0.209140066282923,IDH1
D3_median_center_sensitivity,GLYCOLYSIS,1.35029147250365,0.209140066282923,ALDH9A1
D3_median_center_sensitivity,GLYCOLYSIS,1.35029147250365,0.209140066282923,UGP2
D3_median_center_sensitivity,HEME_METABOLISM,0.840248467043117,0.842509064539522,MYL4
D3_median_center_sensitivity,HEME_METABOLISM,0.840248467043117,0.842509064539522,HTATIP2
D3_median_center_sensitivity,HEME_METABOLISM,0.840248467043117,0.842509064539522,FTCD
D3_median_center_sensitivity,HEME_METABOLISM,0.840248467043117,0.842509064539522,GMPS
D3_median_center_sensitivity,HEME_METABOLISM,0.840248467043117,0.842509064539522,TRIM58
D3_median_center_sensitivity,HEME_METABOLISM,0.840248467043117,0.842509064539522,RBM38
D3_median_center_sensitivity,HEME_METABOLISM,0.840248467043117,0.842509064539522,BLVRB
D3_median_center_sensitivity,HEME_METABOLISM,0.840248467043117,0.842509064539522,TNS1
D3_median_center_sensitivity,HEME_METABOLISM,0.840248467043117,0.842509064539522,FECH
D3_median_center_sensitivity,HEME_METABOLISM,0.840248467043117,0.842509064539522,HAGH
D3_median_center_sensitivity,HEME_METABOLISM,0.840248467043117,0.842509064539522,TOP1
D3_median_center_sensitivity,HEME_METABOLISM,0.840248467043117,0.842509064539522,BMP2K
D3_median_center_sensitivity,HEME_METABOLISM,0.840248467043117,0.842509064539522,MAP2K3
D3_median_center_sensitivity,HEME_METABOLISM,0.840248467043117,0.842509064539522,SYNJ1
D3_median_center_sensitivity,HEME_METABOLISM,0.840248467043117,0.842509064539522,OPTN
D3_median_center_sensitivity,HEME_METABOLISM,0.840248467043117,0.842509064539522,ALDH6A1
D3_median_center_sensitivity,HEME_METABOLISM,0.840248467043117,0.842509064539522,GDE1
D3_median_center_sensitivity,HEME_METABOLISM,0.840248467043117,0.842509064539522,KHNYN
D3_median_center_sensitivity,HEME_METABOLISM,0.840248467043117,0.842509064539522,FBXO7
D3_median_center_sensitivity,HEME_METABOLISM,0.840248467043117,0.842509064539522,TCEA1
D3_median_center_sensitivity,HEME_METABOLISM,0.840248467043117,0.842509064539522,CPOX
D3_median_center_sensitivity,HEME_METABOLISM,0.840248467043117,0.842509064539522,MARK3
D3_median_center_sensitivity,HEME_METABOLISM,0.840248467043117,0.842509064539522,TFRC
D3_median_center_sensitivity,HYPOXIA,1.54979031263276,0.0666008541651546,LOX
D3_median_center_sensitivity,HYPOXIA,1.54979031263276,0.0666008541651546,ANGPTL4
D3_median_center_sensitivity,HYPOXIA,1.54979031263276,0.0666008541651546,STC2
D3_median_center_sensitivity,HYPOXIA,1.54979031263276,0.0666008541651546,HMOX1
D3_median_center_sensitivity,HYPOXIA,1.54979031263276,0.0666008541651546,MT2A
D3_median_center_sensitivity,HYPOXIA,1.54979031263276,0.0666008541651546,GRHPR
D3_median_center_sensitivity,HYPOXIA,1.54979031263276,0.0666008541651546,CCN5
D3_median_center_sensitivity,HYPOXIA,1.54979031263276,0.0666008541651546,CSRP2
D3_median_center_sensitivity,HYPOXIA,1.54979031263276,0.0666008541651546,PKLR
D3_median_center_sensitivity,HYPOXIA,1.54979031263276,0.0666008541651546,ENO1
D3_median_center_sensitivity,HYPOXIA,1.54979031263276,0.0666008541651546,EXT1
D3_median_center_sensitivity,HYPOXIA,1.54979031263276,0.0666008541651546,PGK1
D3_median_center_sensitivity,HYPOXIA,1.54979031263276,0.0666008541651546,CCN1
D3_median_center_sensitivity,HYPOXIA,1.54979031263276,0.0666008541651546,P4HA1
D3_median_center_sensitivity,HYPOXIA,1.54979031263276,0.0666008541651546,ALDOB
D3_median_center_sensitivity,HYPOXIA,1.54979031263276,0.0666008541651546,SLC37A4
D3_median_center_sensitivity,HYPOXIA,1.54979031263276,0.0666008541651546,B3GALT6
D3_median_center_sensitivity,HYPOXIA,1.54979031263276,0.0666008541651546,PFKP
D3_median_center_sensitivity,HYPOXIA,1.54979031263276,0.0666008541651546,GAPDH
D3_median_center_sensitivity,HYPOXIA,1.54979031263276,0.0666008541651546,LDHA
D3_median_center_sensitivity,HYPOXIA,1.54979031263276,0.0666008541651546,UGP2
D3_median_center_sensitivity,HYPOXIA,1.54979031263276,0.0666008541651546,PGM1
D3_median_center_sensitivity,HYPOXIA,1.54979031263276,0.0666008541651546,ENO3
D3_median_center_sensitivity,HYPOXIA,1.54979031263276,0.0666008541651546,JMJD6
D3_median_center_sensitivity,IL2_STAT5_SIGNALING,0.900467432218079,0.771770844060001,AHNAK
D3_median_center_sensitivity,IL2_STAT5_SIGNALING,0.900467432218079,0.771770844060001,ITIH5
D3_median_center_sensitivity,IL2_STAT5_SIGNALING,0.900467432218079,0.771770844060001,COL6A1
D3_median_center_sensitivity,IL2_STAT5_SIGNALING,0.900467432218079,0.771770844060001,FGL2
D3_median_center_sensitivity,IL2_STAT5_SIGNALING,0.900467432218079,0.771770844060001,CXCL10
D3_median_center_sensitivity,IL2_STAT5_SIGNALING,0.900467432218079,0.771770844060001,MYO1E
D3_median_center_sensitivity,IL2_STAT5_SIGNALING,0.900467432218079,0.771770844060001,PRNP
D3_median_center_sensitivity,IL2_STAT5_SIGNALING,0.900467432218079,0.771770844060001,BMP2
D3_median_center_sensitivity,IL2_STAT5_SIGNALING,0.900467432218079,0.771770844060001,NRP1
D3_median_center_sensitivity,IL2_STAT5_SIGNALING,0.900467432218079,0.771770844060001,P4HA1
D3_median_center_sensitivity,IL6_JAK_STAT3_SIGNALING,-1.11849810405106,0.450986806237052,CD38
D3_median_center_sensitivity,IL6_JAK_STAT3_SIGNALING,-1.11849810405106,0.450986806237052,ITGA4
D3_median_center_sensitivity,IL6_JAK_STAT3_SIGNALING,-1.11849810405106,0.450986806237052,CD44
D3_median_center_sensitivity,IL6_JAK_STAT3_SIGNALING,-1.11849810405106,0.450986806237052,IL17RA
D3_median_center_sensitivity,IL6_JAK_STAT3_SIGNALING,-1.11849810405106,0.450986806237052,PDGFC
D3_median_center_sensitivity,IL6_JAK_STAT3_SIGNALING,-1.11849810405106,0.450986806237052,TLR2
D3_median_center_sensitivity,IL6_JAK_STAT3_SIGNALING,-1.11849810405106,0.450986806237052,ITGB3
D3_median_center_sensitivity,IL6_JAK_STAT3_SIGNALING,-1.11849810405106,0.450986806237052,CD36
D3_median_center_sensitivity,IL6_JAK_STAT3_SIGNALING,-1.11849810405106,0.450986806237052,CD9
D3_median_center_sensitivity,INFLAMMATORY_RESPONSE,-1.34357387960985,0.209140066282923,ITGA5
D3_median_center_sensitivity,INFLAMMATORY_RESPONSE,-1.34357387960985,0.209140066282923,CD48
D3_median_center_sensitivity,INFLAMMATORY_RESPONSE,-1.34357387960985,0.209140066282923,C5AR1
D3_median_center_sensitivity,INFLAMMATORY_RESPONSE,-1.34357387960985,0.209140066282923,ATP2C1
D3_median_center_sensitivity,INFLAMMATORY_RESPONSE,-1.34357387960985,0.209140066282923,LYN
D3_median_center_sensitivity,INFLAMMATORY_RESPONSE,-1.34357387960985,0.209140066282923,GNAI3
D3_median_center_sensitivity,INFLAMMATORY_RESPONSE,-1.34357387960985,0.209140066282923,TAPBP
D3_median_center_sensitivity,INFLAMMATORY_RESPONSE,-1.34357387960985,0.209140066282923,CYBB
D3_median_center_sensitivity,INFLAMMATORY_RESPONSE,-1.34357387960985,0.209140066282923,ATP2B1
D3_median_center_sensitivity,INFLAMMATORY_RESPONSE,-1.34357387960985,0.209140066282923,KCNA3
D3_median_center_sensitivity,INFLAMMATORY_RESPONSE,-1.34357387960985,0.209140066282923,CD55
D3_median_center_sensitivity,INFLAMMATORY_RESPONSE,-1.34357387960985,0.209140066282923,TLR2
D3_median_center_sensitivity,INFLAMMATORY_RESPONSE,-1.34357387960985,0.209140066282923,CD40
D3_median_center_sensitivity,INFLAMMATORY_RESPONSE,-1.34357387960985,0.209140066282923,ITGB3
D3_median_center_sensitivity,INFLAMMATORY_RESPONSE,-1.34357387960985,0.209140066282923,FPR1
D3_median_center_sensitivity,INFLAMMATORY_RESPONSE,-1.34357387960985,0.209140066282923,SLC11A2
D3_median_center_sensitivity,INFLAMMATORY_RESPONSE,-1.34357387960985,0.209140066282923,GP1BA
D3_median_center_sensitivity,INTERFERON_ALPHA_RESPONSE,-1.16771206683005,0.394484722941481,CD47
D3_median_center_sensitivity,INTERFERON_ALPHA_RESPONSE,-1.16771206683005,0.394484722941481,PLSCR1
D3_median_center_sensitivity,INTERFERON_ALPHA_RESPONSE,-1.16771206683005,0.394484722941481,HLA-C
D3_median_center_sensitivity,INTERFERON_ALPHA_RESPONSE,-1.16771206683005,0.394484722941481,RNF31
D3_median_center_sensitivity,INTERFERON_ALPHA_RESPONSE,-1.16771206683005,0.394484722941481,TAP1
D3_median_center_sensitivity,INTERFERON_ALPHA_RESPONSE,-1.16771206683005,0.394484722941481,UBA7
D3_median_center_sensitivity,INTERFERON_ALPHA_RESPONSE,-1.16771206683005,0.394484722941481,PARP14
D3_median_center_sensitivity,INTERFERON_GAMMA_RESPONSE,-1.2507703963374,0.269172147405784,MVP
D3_median_center_sensitivity,INTERFERON_GAMMA_RESPONSE,-1.2507703963374,0.269172147405784,CD38
D3_median_center_sensitivity,INTERFERON_GAMMA_RESPONSE,-1.2507703963374,0.269172147405784,CFB
D3_median_center_sensitivity,INTERFERON_GAMMA_RESPONSE,-1.2507703963374,0.269172147405784,HLA-B
D3_median_center_sensitivity,INTERFERON_GAMMA_RESPONSE,-1.2507703963374,0.269172147405784,HLA-G
D3_median_center_sensitivity,INTERFERON_GAMMA_RESPONSE,-1.2507703963374,0.269172147405784,PLSCR1
D3_median_center_sensitivity,INTERFERON_GAMMA_RESPONSE,-1.2507703963374,0.269172147405784,TAPBP
D3_median_center_sensitivity,INTERFERON_GAMMA_RESPONSE,-1.2507703963374,0.269172147405784,RNF31
D3_median_center_sensitivity,INTERFERON_GAMMA_RESPONSE,-1.2507703963374,0.269172147405784,VAMP8
D3_median_center_sensitivity,INTERFERON_GAMMA_RESPONSE,-1.2507703963374,0.269172147405784,TAP1
D3_median_center_sensitivity,INTERFERON_GAMMA_RESPONSE,-1.2507703963374,0.269172147405784,TNFAIP2
D3_median_center_sensitivity,INTERFERON_GAMMA_RESPONSE,-1.2507703963374,0.269172147405784,PNP
D3_median_center_sensitivity,INTERFERON_GAMMA_RESPONSE,-1.2507703963374,0.269172147405784,JAK2
D3_median_center_sensitivity,INTERFERON_GAMMA_RESPONSE,-1.2507703963374,0.269172147405784,PARP14
D3_median_center_sensitivity,INTERFERON_GAMMA_RESPONSE,-1.2507703963374,0.269172147405784,CD40
D3_median_center_sensitivity,INTERFERON_GAMMA_RESPONSE,-1.2507703963374,0.269172147405784,FPR1
D3_median_center_sensitivity,INTERFERON_GAMMA_RESPONSE,-1.2507703963374,0.269172147405784,PSMA2
D3_median_center_sensitivity,INTERFERON_GAMMA_RESPONSE,-1.2507703963374,0.269172147405784,RIPK1
D3_median_center_sensitivity,INTERFERON_GAMMA_RESPONSE,-1.2507703963374,0.269172147405784,CASP4
D3_median_center_sensitivity,INTERFERON_GAMMA_RESPONSE,-1.2507703963374,0.269172147405784,CD274
D3_median_center_sensitivity,INTERFERON_GAMMA_RESPONSE,-1.2507703963374,0.269172147405784,PTPN1
D3_median_center_sensitivity,INTERFERON_GAMMA_RESPONSE,-1.2507703963374,0.269172147405784,PML
D3_median_center_sensitivity,INTERFERON_GAMMA_RESPONSE,-1.2507703963374,0.269172147405784,ZNFX1
D3_median_center_sensitivity,INTERFERON_GAMMA_RESPONSE,-1.2507703963374,0.269172147405784,CASP3
D3_median_center_sensitivity,INTERFERON_GAMMA_RESPONSE,-1.2507703963374,0.269172147405784,HLA-A
D3_median_center_sensitivity,INTERFERON_GAMMA_RESPONSE,-1.2507703963374,0.269172147405784,STAT1
D3_median_center_sensitivity,INTERFERON_GAMMA_RESPONSE,-1.2507703963374,0.269172147405784,CD69
D3_median_center_sensitivity,INTERFERON_GAMMA_RESPONSE,-1.2507703963374,0.269172147405784,BANK1
D3_median_center_sensitivity,INTERFERON_GAMMA_RESPONSE,-1.2507703963374,0.269172147405784,BPGM
D3_median_center_sensitivity,INTERFERON_GAMMA_RESPONSE,-1.2507703963374,0.269172147405784,TRIM21
D3_median_center_sensitivity,INTERFERON_GAMMA_RESPONSE,-1.2507703963374,0.269172147405784,NFKB1
D3_median_center_sensitivity,KRAS_SIGNALING_DN,1.30871522697888,0.338205249096338,LFNG
D3_median_center_sensitivity,KRAS_SIGNALING_DN,1.30871522697888,0.338205249096338,SELENOP
D3_median_center_sensitivity,KRAS_SIGNALING_DN,1.30871522697888,0.338205249096338,IGFBP2
D3_median_center_sensitivity,KRAS_SIGNALING_DN,1.30871522697888,0.338205249096338,GTF3C5
D3_median_center_sensitivity,KRAS_SIGNALING_DN,1.30871522697888,0.338205249096338,MYH7
D3_median_center_sensitivity,KRAS_SIGNALING_UP,1.15752097702254,0.420360873694207,ANGPTL4
D3_median_center_sensitivity,KRAS_SIGNALING_UP,1.15752097702254,0.420360873694207,SPON1
D3_median_center_sensitivity,KRAS_SIGNALING_UP,1.15752097702254,0.420360873694207,CXCL10
D3_median_center_sensitivity,KRAS_SIGNALING_UP,1.15752097702254,0.420360873694207,SPARCL1
D3_median_center_sensitivity,KRAS_SIGNALING_UP,1.15752097702254,0.420360873694207,ST6GAL1
D3_median_center_sensitivity,KRAS_SIGNALING_UP,1.15752097702254,0.420360873694207,PLAT
D3_median_center_sensitivity,KRAS_SIGNALING_UP,1.15752097702254,0.420360873694207,WDR33
D3_median_center_sensitivity,KRAS_SIGNALING_UP,1.15752097702254,0.420360873694207,ADAMDEC1
D3_median_center_sensitivity,KRAS_SIGNALING_UP,1.15752097702254,0.420360873694207,APOD
D3_median_center_sensitivity,KRAS_SIGNALING_UP,1.15752097702254,0.420360873694207,SLPI
D3_median_center_sensitivity,KRAS_SIGNALING_UP,1.15752097702254,0.420360873694207,BMP2
D3_median_center_sensitivity,KRAS_SIGNALING_UP,1.15752097702254,0.420360873694207,NRP1
D3_median_center_sensitivity,MITOTIC_SPINDLE,1.11841336455984,0.431301402999516,WASL
D3_median_center_sensitivity,MITOTIC_SPINDLE,1.11841336455984,0.431301402999516,WASF2
D3_median_center_sensitivity,MITOTIC_SPINDLE,1.11841336455984,0.431301402999516,CD2AP
D3_median_center_sensitivity,MITOTIC_SPINDLE,1.11841336455984,0.431301402999516,SEPTIN9
D3_median_center_sensitivity,MITOTIC_SPINDLE,1.11841336455984,0.431301402999516,MYH10
D3_median_center_sensitivity,MITOTIC_SPINDLE,1.11841336455984,0.431301402999516,MAPRE1
D3_median_center_sensitivity,MITOTIC_SPINDLE,1.11841336455984,0.431301402999516,SORBS2
D3_median_center_sensitivity,MITOTIC_SPINDLE,1.11841336455984,0.431301402999516,EZR
D3_median_center_sensitivity,MITOTIC_SPINDLE,1.11841336455984,0.431301402999516,STAU1
D3_median_center_sensitivity,MITOTIC_SPINDLE,1.11841336455984,0.431301402999516,PDLIM5
D3_median_center_sensitivity,MITOTIC_SPINDLE,1.11841336455984,0.431301402999516,CLASP1
D3_median_center_sensitivity,MITOTIC_SPINDLE,1.11841336455984,0.431301402999516,MYO1E
D3_median_center_sensitivity,MITOTIC_SPINDLE,1.11841336455984,0.431301402999516,NOTCH2
D3_median_center_sensitivity,MITOTIC_SPINDLE,1.11841336455984,0.431301402999516,FSCN1
D3_median_center_sensitivity,MITOTIC_SPINDLE,1.11841336455984,0.431301402999516,FLNB
D3_median_center_sensitivity,MITOTIC_SPINDLE,1.11841336455984,0.431301402999516,ABI1
D3_median_center_sensitivity,MITOTIC_SPINDLE,1.11841336455984,0.431301402999516,KATNB1
D3_median_center_sensitivity,MTORC1_SIGNALING,0.928067335528802,0.771770844060001,PDAP1
D3_median_center_sensitivity,MTORC1_SIGNALING,0.928067335528802,0.771770844060001,ETF1
D3_median_center_sensitivity,MTORC1_SIGNALING,0.928067335528802,0.771770844060001,FGL2
D3_median_center_sensitivity,MTORC1_SIGNALING,0.928067335528802,0.771770844060001,STIP1
D3_median_center_sensitivity,MTORC1_SIGNALING,0.928067335528802,0.771770844060001,SORD
D3_median_center_sensitivity,MTORC1_SIGNALING,0.928067335528802,0.771770844060001,GMPS
D3_median_center_sensitivity,MTORC1_SIGNALING,0.928067335528802,0.771770844060001,NMT1
D3_median_center_sensitivity,MTORC1_SIGNALING,0.928067335528802,0.771770844060001,QDPR
D3_median_center_sensitivity,MTORC1_SIGNALING,0.928067335528802,0.771770844060001,CFP
D3_median_center_sensitivity,MTORC1_SIGNALING,0.928067335528802,0.771770844060001,ENO1
D3_median_center_sensitivity,MTORC1_SIGNALING,0.928067335528802,0.771770844060001,CORO1A
D3_median_center_sensitivity,MTORC1_SIGNALING,0.928067335528802,0.771770844060001,EPRS1
D3_median_center_sensitivity,MTORC1_SIGNALING,0.928067335528802,0.771770844060001,CCT6A
D3_median_center_sensitivity,MTORC1_SIGNALING,0.928067335528802,0.771770844060001,PGK1
D3_median_center_sensitivity,MTORC1_SIGNALING,0.928067335528802,0.771770844060001,ATP6V1D
D3_median_center_sensitivity,MTORC1_SIGNALING,0.928067335528802,0.771770844060001,P4HA1
D3_median_center_sensitivity,MTORC1_SIGNALING,0.928067335528802,0.771770844060001,EIF2S2
D3_median_center_sensitivity,MTORC1_SIGNALING,0.928067335528802,0.771770844060001,SLC37A4
D3_median_center_sensitivity,MTORC1_SIGNALING,0.928067335528802,0.771770844060001,MAP2K3
D3_median_center_sensitivity,MTORC1_SIGNALING,0.928067335528802,0.771770844060001,GAPDH
D3_median_center_sensitivity,MTORC1_SIGNALING,0.928067335528802,0.771770844060001,IGFBP5
D3_median_center_sensitivity,MTORC1_SIGNALING,0.928067335528802,0.771770844060001,ME1
D3_median_center_sensitivity,MTORC1_SIGNALING,0.928067335528802,0.771770844060001,LDHA
D3_median_center_sensitivity,MTORC1_SIGNALING,0.928067335528802,0.771770844060001,GSK3B
D3_median_center_sensitivity,MTORC1_SIGNALING,0.928067335528802,0.771770844060001,YKT6
D3_median_center_sensitivity,MTORC1_SIGNALING,0.928067335528802,0.771770844060001,IDH1
D3_median_center_sensitivity,MTORC1_SIGNALING,0.928067335528802,0.771770844060001,PHGDH
D3_median_center_sensitivity,MTORC1_SIGNALING,0.928067335528802,0.771770844060001,PGM1
D3_median_center_sensitivity,MTORC1_SIGNALING,0.928067335528802,0.771770844060001,UBE2D3
D3_median_center_sensitivity,MTORC1_SIGNALING,0.928067335528802,0.771770844060001,NAMPT
D3_median_center_sensitivity,MTORC1_SIGNALING,0.928067335528802,0.771770844060001,TCEA1
D3_median_center_sensitivity,MTORC1_SIGNALING,0.928067335528802,0.771770844060001,TFRC
D3_median_center_sensitivity,MYC_TARGETS_V1,1.53551929214936,0.0488540212796829,ETF1
D3_median_center_sensitivity,MYC_TARGETS_V1,1.53551929214936,0.0488540212796829,CNBP
D3_median_center_sensitivity,MYC_TARGETS_V1,1.53551929214936,0.0488540212796829,LSM2
D3_median_center_sensitivity,MYC_TARGETS_V1,1.53551929214936,0.0488540212796829,EIF2S1
D3_median_center_sensitivity,MYC_TARGETS_V1,1.53551929214936,0.0488540212796829,EIF3B
D3_median_center_sensitivity,MYC_TARGETS_V1,1.53551929214936,0.0488540212796829,G3BP1
D3_median_center_sensitivity,MYC_TARGETS_V1,1.53551929214936,0.0488540212796829,NPM1
D3_median_center_sensitivity,MYC_TARGETS_V1,1.53551929214936,0.0488540212796829,EIF4H
D3_median_center_sensitivity,MYC_TARGETS_V1,1.53551929214936,0.0488540212796829,LSM7
D3_median_center_sensitivity,MYC_TARGETS_V1,1.53551929214936,0.0488540212796829,SERBP1
D3_median_center_sensitivity,MYC_TARGETS_V1,1.53551929214936,0.0488540212796829,PABPC1
D3_median_center_sensitivity,MYC_TARGETS_V1,1.53551929214936,0.0488540212796829,PABPC4
D3_median_center_sensitivity,MYC_TARGETS_V1,1.53551929214936,0.0488540212796829,DHX15
D3_median_center_sensitivity,MYC_TARGETS_V1,1.53551929214936,0.0488540212796829,ILF2
D3_median_center_sensitivity,MYC_TARGETS_V1,1.53551929214936,0.0488540212796829,CUL1
D3_median_center_sensitivity,MYC_TARGETS_V1,1.53551929214936,0.0488540212796829,SRSF2
D3_median_center_sensitivity,MYC_TARGETS_V1,1.53551929214936,0.0488540212796829,KARS1
D3_median_center_sensitivity,MYC_TARGETS_V1,1.53551929214936,0.0488540212796829,RAD23B
D3_median_center_sensitivity,MYC_TARGETS_V1,1.53551929214936,0.0488540212796829,HNRNPC
D3_median_center_sensitivity,MYC_TARGETS_V1,1.53551929214936,0.0488540212796829,SF3A1
D3_median_center_sensitivity,MYC_TARGETS_V1,1.53551929214936,0.0488540212796829,EPRS1
D3_median_center_sensitivity,MYC_TARGETS_V1,1.53551929214936,0.0488540212796829,HNRNPA1
D3_median_center_sensitivity,MYC_TARGETS_V1,1.53551929214936,0.0488540212796829,PGK1
D3_median_center_sensitivity,MYC_TARGETS_V1,1.53551929214936,0.0488540212796829,EIF1AX
D3_median_center_sensitivity,MYC_TARGETS_V1,1.53551929214936,0.0488540212796829,RPLP0
D3_median_center_sensitivity,MYC_TARGETS_V1,1.53551929214936,0.0488540212796829,EIF2S2
D3_median_center_sensitivity,MYC_TARGETS_V1,1.53551929214936,0.0488540212796829,H2AZ1
D3_median_center_sensitivity,MYC_TARGETS_V1,1.53551929214936,0.0488540212796829,BUB3
D3_median_center_sensitivity,MYC_TARGETS_V1,1.53551929214936,0.0488540212796829,SRSF1
D3_median_center_sensitivity,MYC_TARGETS_V1,1.53551929214936,0.0488540212796829,PRDX4
D3_median_center_sensitivity,MYC_TARGETS_V1,1.53551929214936,0.0488540212796829,HNRNPA2B1
D3_median_center_sensitivity,MYC_TARGETS_V1,1.53551929214936,0.0488540212796829,SSB
D3_median_center_sensitivity,MYC_TARGETS_V1,1.53551929214936,0.0488540212796829,RAN
D3_median_center_sensitivity,MYC_TARGETS_V1,1.53551929214936,0.0488540212796829,LDHA
D3_median_center_sensitivity,MYC_TARGETS_V1,1.53551929214936,0.0488540212796829,CCT3
D3_median_center_sensitivity,MYC_TARGETS_V1,1.53551929214936,0.0488540212796829,HNRNPD
D3_median_center_sensitivity,MYC_TARGETS_V1,1.53551929214936,0.0488540212796829,CCT7
D3_median_center_sensitivity,MYOGENESIS,1.72794216092692,0.0206489067283465,STC2
D3_median_center_sensitivity,MYOGENESIS,1.72794216092692,0.0206489067283465,AEBP1
D3_median_center_sensitivity,MYOGENESIS,1.72794216092692,0.0206489067283465,MYL6B
D3_median_center_sensitivity,MYOGENESIS,1.72794216092692,0.0206489067283465,COL6A3
D3_median_center_sensitivity,MYOGENESIS,1.72794216092692,0.0206489067283465,COL1A1
D3_median_center_sensitivity,MYOGENESIS,1.72794216092692,0.0206489067283465,MYL4
D3_median_center_sensitivity,MYOGENESIS,1.72794216092692,0.0206489067283465,COL6A2
D3_median_center_sensitivity,MYOGENESIS,1.72794216092692,0.0206489067283465,AGRN
D3_median_center_sensitivity,MYOGENESIS,1.72794216092692,0.0206489067283465,SORBS1
D3_median_center_sensitivity,MYOGENESIS,1.72794216092692,0.0206489067283465,MYL1
D3_median_center_sensitivity,MYOGENESIS,1.72794216092692,0.0206489067283465,COL4A2
D3_median_center_sensitivity,MYOGENESIS,1.72794216092692,0.0206489067283465,TNNI1
D3_median_center_sensitivity,MYOGENESIS,1.72794216092692,0.0206489067283465,COL3A1
D3_median_center_sensitivity,MYOGENESIS,1.72794216092692,0.0206489067283465,AGL
D3_median_center_sensitivity,MYOGENESIS,1.72794216092692,0.0206489067283465,PRNP
D3_median_center_sensitivity,MYOGENESIS,1.72794216092692,0.0206489067283465,LDB3
D3_median_center_sensitivity,MYOGENESIS,1.72794216092692,0.0206489067283465,APOD
D3_median_center_sensitivity,MYOGENESIS,1.72794216092692,0.0206489067283465,SOD3
D3_median_center_sensitivity,MYOGENESIS,1.72794216092692,0.0206489067283465,MYL3
D3_median_center_sensitivity,MYOGENESIS,1.72794216092692,0.0206489067283465,CSRP3
D3_median_center_sensitivity,MYOGENESIS,1.72794216092692,0.0206489067283465,COL15A1
D3_median_center_sensitivity,MYOGENESIS,1.72794216092692,0.0206489067283465,CFD
D3_median_center_sensitivity,MYOGENESIS,1.72794216092692,0.0206489067283465,MAPRE3
D3_median_center_sensitivity,MYOGENESIS,1.72794216092692,0.0206489067283465,MYH7
D3_median_center_sensitivity,MYOGENESIS,1.72794216092692,0.0206489067283465,AKT2
D3_median_center_sensitivity,MYOGENESIS,1.72794216092692,0.0206489067283465,APP
D3_median_center_sensitivity,MYOGENESIS,1.72794216092692,0.0206489067283465,IGF1
D3_median_center_sensitivity,MYOGENESIS,1.72794216092692,0.0206489067283465,ENO3
D3_median_center_sensitivity,MYOGENESIS,1.72794216092692,0.0206489067283465,GABARAPL2
D3_median_center_sensitivity,OXIDATIVE_PHOSPHORYLATION,-1.45957974754579,0.0707317797392001,ATP5PB
D3_median_center_sensitivity,OXIDATIVE_PHOSPHORYLATION,-1.45957974754579,0.0707317797392001,UQCRB
D3_median_center_sensitivity,OXIDATIVE_PHOSPHORYLATION,-1.45957974754579,0.0707317797392001,UQCRFS1
D3_median_center_sensitivity,OXIDATIVE_PHOSPHORYLATION,-1.45957974754579,0.0707317797392001,SLC25A20
D3_median_center_sensitivity,OXIDATIVE_PHOSPHORYLATION,-1.45957974754579,0.0707317797392001,LRPPRC
D3_median_center_sensitivity,OXIDATIVE_PHOSPHORYLATION,-1.45957974754579,0.0707317797392001,SLC25A5
D3_median_center_sensitivity,OXIDATIVE_PHOSPHORYLATION,-1.45957974754579,0.0707317797392001,COX4I1
D3_median_center_sensitivity,OXIDATIVE_PHOSPHORYLATION,-1.45957974754579,0.0707317797392001,PHB2
D3_median_center_sensitivity,OXIDATIVE_PHOSPHORYLATION,-1.45957974754579,0.0707317797392001,RHOT2
D3_median_center_sensitivity,OXIDATIVE_PHOSPHORYLATION,-1.45957974754579,0.0707317797392001,IDH3G
D3_median_center_sensitivity,OXIDATIVE_PHOSPHORYLATION,-1.45957974754579,0.0707317797392001,COX7A2L
D3_median_center_sensitivity,OXIDATIVE_PHOSPHORYLATION,-1.45957974754579,0.0707317797392001,NDUFB1
D3_median_center_sensitivity,OXIDATIVE_PHOSPHORYLATION,-1.45957974754579,0.0707317797392001,UQCRH
D3_median_center_sensitivity,OXIDATIVE_PHOSPHORYLATION,-1.45957974754579,0.0707317797392001,TCIRG1
D3_median_center_sensitivity,OXIDATIVE_PHOSPHORYLATION,-1.45957974754579,0.0707317797392001,SLC25A3
D3_median_center_sensitivity,OXIDATIVE_PHOSPHORYLATION,-1.45957974754579,0.0707317797392001,UQCRQ
D3_median_center_sensitivity,OXIDATIVE_PHOSPHORYLATION,-1.45957974754579,0.0707317797392001,ATP6V1F
D3_median_center_sensitivity,OXIDATIVE_PHOSPHORYLATION,-1.45957974754579,0.0707317797392001,MTX2
D3_median_center_sensitivity,OXIDATIVE_PHOSPHORYLATION,-1.45957974754579,0.0707317797392001,TIMM9
D3_median_center_sensitivity,OXIDATIVE_PHOSPHORYLATION,-1.45957974754579,0.0707317797392001,MDH1
D3_median_center_sensitivity,OXIDATIVE_PHOSPHORYLATION,-1.45957974754579,0.0707317797392001,ATP6V1H
D3_median_center_sensitivity,OXIDATIVE_PHOSPHORYLATION,-1.45957974754579,0.0707317797392001,HCCS
D3_median_center_sensitivity,OXIDATIVE_PHOSPHORYLATION,-1.45957974754579,0.0707317797392001,OXA1L
D3_median_center_sensitivity,OXIDATIVE_PHOSPHORYLATION,-1.45957974754579,0.0707317797392001,CPT1A
D3_median_center_sensitivity,OXIDATIVE_PHOSPHORYLATION,-1.45957974754579,0.0707317797392001,SLC25A12
D3_median_center_sensitivity,OXIDATIVE_PHOSPHORYLATION,-1.45957974754579,0.0707317797392001,NDUFB7
D3_median_center_sensitivity,OXIDATIVE_PHOSPHORYLATION,-1.45957974754579,0.0707317797392001,UQCRC2
D3_median_center_sensitivity,OXIDATIVE_PHOSPHORYLATION,-1.45957974754579,0.0707317797392001,COX6C
D3_median_center_sensitivity,OXIDATIVE_PHOSPHORYLATION,-1.45957974754579,0.0707317797392001,NDUFS6
D3_median_center_sensitivity,P53_PATHWAY,1.06336809838573,0.544946252652623,INHBB
D3_median_center_sensitivity,P53_PATHWAY,1.06336809838573,0.544946252652623,HMOX1
D3_median_center_sensitivity,P53_PATHWAY,1.06336809838573,0.544946252652623,HINT1
D3_median_center_sensitivity,P53_PATHWAY,1.06336809838573,0.544946252652623,EPS8L2
D3_median_center_sensitivity,P53_PATHWAY,1.06336809838573,0.544946252652623,EPHX1
D3_median_center_sensitivity,P53_PATHWAY,1.06336809838573,0.544946252652623,TNNI1
D3_median_center_sensitivity,P53_PATHWAY,1.06336809838573,0.544946252652623,BMP2
D3_median_center_sensitivity,P53_PATHWAY,1.06336809838573,0.544946252652623,MAPKAPK3
D3_median_center_sensitivity,P53_PATHWAY,1.06336809838573,0.544946252652623,DCXR
D3_median_center_sensitivity,P53_PATHWAY,1.06336809838573,0.544946252652623,TCN2
D3_median_center_sensitivity,P53_PATHWAY,1.06336809838573,0.544946252652623,ABAT
D3_median_center_sensitivity,P53_PATHWAY,1.06336809838573,0.544946252652623,GM2A
D3_median_center_sensitivity,P53_PATHWAY,1.06336809838573,0.544946252652623,APP
D3_median_center_sensitivity,P53_PATHWAY,1.06336809838573,0.544946252652623,PRKAB1
D3_median_center_sensitivity,P53_PATHWAY,1.06336809838573,0.544946252652623,EI24
D3_median_center_sensitivity,PEROXISOME,-0.66387738481753,0.986869681589779,MVP
D3_median_center_sensitivity,PEROXISOME,-0.66387738481753,0.986869681589779,TTR
D3_median_center_sensitivity,PEROXISOME,-0.66387738481753,0.986869681589779,GSTK1
D3_median_center_sensitivity,PEROXISOME,-0.66387738481753,0.986869681589779,ACSL4
D3_median_center_sensitivity,PEROXISOME,-0.66387738481753,0.986869681589779,SERPINA6
D3_median_center_sensitivity,PI3K_AKT_MTOR_SIGNALING,-0.716039075384037,0.986869681589779,TBK1
D3_median_center_sensitivity,PI3K_AKT_MTOR_SIGNALING,-0.716039075384037,0.986869681589779,PRKAR2A
D3_median_center_sensitivity,PI3K_AKT_MTOR_SIGNALING,-0.716039075384037,0.986869681589779,ACTR3
D3_median_center_sensitivity,PI3K_AKT_MTOR_SIGNALING,-0.716039075384037,0.986869681589779,YWHAB
D3_median_center_sensitivity,PI3K_AKT_MTOR_SIGNALING,-0.716039075384037,0.986869681589779,SLC2A1
D3_median_center_sensitivity,PI3K_AKT_MTOR_SIGNALING,-0.716039075384037,0.986869681589779,CALR
D3_median_center_sensitivity,PI3K_AKT_MTOR_SIGNALING,-0.716039075384037,0.986869681589779,CLTC
D3_median_center_sensitivity,PI3K_AKT_MTOR_SIGNALING,-0.716039075384037,0.986869681589779,PIKFYVE
D3_median_center_sensitivity,PI3K_AKT_MTOR_SIGNALING,-0.716039075384037,0.986869681589779,ITPR2
D3_median_center_sensitivity,PI3K_AKT_MTOR_SIGNALING,-0.716039075384037,0.986869681589779,RIPK1
D3_median_center_sensitivity,PROTEIN_SECRETION,-1.57956752384168,0.0488540212796829,CTSC
D3_median_center_sensitivity,PROTEIN_SECRETION,-1.57956752384168,0.0488540212796829,ADAM10
D3_median_center_sensitivity,PROTEIN_SECRETION,-1.57956752384168,0.0488540212796829,ATP1A1
D3_median_center_sensitivity,PROTEIN_SECRETION,-1.57956752384168,0.0488540212796829,TMED10
D3_median_center_sensitivity,PROTEIN_SECRETION,-1.57956752384168,0.0488540212796829,COPB2
D3_median_center_sensitivity,PROTEIN_SECRETION,-1.57956752384168,0.0488540212796829,SNAP23
D3_median_center_sensitivity,PROTEIN_SECRETION,-1.57956752384168,0.0488540212796829,TMX1
D3_median_center_sensitivity,PROTEIN_SECRETION,-1.57956752384168,0.0488540212796829,SEC22B
D3_median_center_sensitivity,PROTEIN_SECRETION,-1.57956752384168,0.0488540212796829,LMAN1
D3_median_center_sensitivity,PROTEIN_SECRETION,-1.57956752384168,0.0488540212796829,TMED2
D3_median_center_sensitivity,PROTEIN_SECRETION,-1.57956752384168,0.0488540212796829,GOSR2
D3_median_center_sensitivity,PROTEIN_SECRETION,-1.57956752384168,0.0488540212796829,CLTC
D3_median_center_sensitivity,PROTEIN_SECRETION,-1.57956752384168,0.0488540212796829,GNAS
D3_median_center_sensitivity,PROTEIN_SECRETION,-1.57956752384168,0.0488540212796829,M6PR
D3_median_center_sensitivity,PROTEIN_SECRETION,-1.57956752384168,0.0488540212796829,ATP6V1H
D3_median_center_sensitivity,PROTEIN_SECRETION,-1.57956752384168,0.0488540212796829,NAPG
D3_median_center_sensitivity,PROTEIN_SECRETION,-1.57956752384168,0.0488540212796829,STX12
D3_median_center_sensitivity,PROTEIN_SECRETION,-1.57956752384168,0.0488540212796829,VAMP3
D3_median_center_sensitivity,PROTEIN_SECRETION,-1.57956752384168,0.0488540212796829,GBF1
D3_median_center_sensitivity,PROTEIN_SECRETION,-1.57956752384168,0.0488540212796829,SCAMP3
D3_median_center_sensitivity,PROTEIN_SECRETION,-1.57956752384168,0.0488540212796829,ATP7A
D3_median_center_sensitivity,PROTEIN_SECRETION,-1.57956752384168,0.0488540212796829,ARFGEF1
D3_median_center_sensitivity,PROTEIN_SECRETION,-1.57956752384168,0.0488540212796829,VAMP7
D3_median_center_sensitivity,PROTEIN_SECRETION,-1.57956752384168,0.0488540212796829,USO1
D3_median_center_sensitivity,PROTEIN_SECRETION,-1.57956752384168,0.0488540212796829,CLTA
D3_median_center_sensitivity,PROTEIN_SECRETION,-1.57956752384168,0.0488540212796829,ARFGAP3
D3_median_center_sensitivity,PROTEIN_SECRETION,-1.57956752384168,0.0488540212796829,RAB2A
D3_median_center_sensitivity,PROTEIN_SECRETION,-1.57956752384168,0.0488540212796829,ARFGEF2
D3_median_center_sensitivity,REACTIVE_OXYGEN_SPECIES_PATHWAY,-0.685320547216938,0.981765834932822,ABCC1
D3_median_center_sensitivity,REACTIVE_OXYGEN_SPECIES_PATHWAY,-0.685320547216938,0.981765834932822,MSRA
D3_median_center_sensitivity,REACTIVE_OXYGEN_SPECIES_PATHWAY,-0.685320547216938,0.981765834932822,FES
D3_median_center_sensitivity,REACTIVE_OXYGEN_SPECIES_PATHWAY,-0.685320547216938,0.981765834932822,G6PD
D3_median_center_sensitivity,SPERMATOGENESIS,-0.492783638006341,0.995921305182342,PRKAR2A
D3_median_center_sensitivity,SPERMATOGENESIS,-0.492783638006341,0.995921305182342,JAM3
D3_median_center_sensitivity,SPERMATOGENESIS,-0.492783638006341,0.995921305182342,TSN
D3_median_center_sensitivity,SPERMATOGENESIS,-0.492783638006341,0.995921305182342,SLC12A2
D3_median_center_sensitivity,SPERMATOGENESIS,-0.492783638006341,0.995921305182342,ACE
D3_median_center_sensitivity,SPERMATOGENESIS,-0.492783638006341,0.995921305182342,IDE
D3_median_center_sensitivity,SPERMATOGENESIS,-0.492783638006341,0.995921305182342,PHKG2
D3_median_center_sensitivity,TGF_BETA_SIGNALING,0.895959401915837,0.771770844060001,LTBP2
D3_median_center_sensitivity,TGF_BETA_SIGNALING,0.895959401915837,0.771770844060001,BMP2
D3_median_center_sensitivity,TGF_BETA_SIGNALING,0.895959401915837,0.771770844060001,SMAD1
D3_median_center_sensitivity,TGF_BETA_SIGNALING,0.895959401915837,0.771770844060001,RHOA
D3_median_center_sensitivity,TGF_BETA_SIGNALING,0.895959401915837,0.771770844060001,MAP3K7
D3_median_center_sensitivity,TGF_BETA_SIGNALING,0.895959401915837,0.771770844060001,UBE2D3
D3_median_center_sensitivity,TNFA_SIGNALING_VIA_NFKB,0.977539288950856,0.703320743813593,CXCL10
D3_median_center_sensitivity,TNFA_SIGNALING_VIA_NFKB,0.977539288950856,0.703320743813593,TNFAIP6
D3_median_center_sensitivity,TNFA_SIGNALING_VIA_NFKB,0.977539288950856,0.703320743813593,PDLIM5
D3_median_center_sensitivity,TNFA_SIGNALING_VIA_NFKB,0.977539288950856,0.703320743813593,TRIP10
D3_median_center_sensitivity,TNFA_SIGNALING_VIA_NFKB,0.977539288950856,0.703320743813593,BMP2
D3_median_center_sensitivity,TNFA_SIGNALING_VIA_NFKB,0.977539288950856,0.703320743813593,CCN1
D3_median_center_sensitivity,TNFA_SIGNALING_VIA_NFKB,0.977539288950856,0.703320743813593,TNC
D3_median_center_sensitivity,TNFA_SIGNALING_VIA_NFKB,0.977539288950856,0.703320743813593,DNAJB4
D3_median_center_sensitivity,TNFA_SIGNALING_VIA_NFKB,0.977539288950856,0.703320743813593,MAP2K3
D3_median_center_sensitivity,TNFA_SIGNALING_VIA_NFKB,0.977539288950856,0.703320743813593,B4GALT1
D3_median_center_sensitivity,TNFA_SIGNALING_VIA_NFKB,0.977539288950856,0.703320743813593,ICAM1
D3_median_center_sensitivity,TNFA_SIGNALING_VIA_NFKB,0.977539288950856,0.703320743813593,B4GALT5
D3_median_center_sensitivity,TNFA_SIGNALING_VIA_NFKB,0.977539288950856,0.703320743813593,NAMPT
D3_median_center_sensitivity,TNFA_SIGNALING_VIA_NFKB,0.977539288950856,0.703320743813593,PTX3
D3_median_center_sensitivity,TNFA_SIGNALING_VIA_NFKB,0.977539288950856,0.703320743813593,EHD1
D3_median_center_sensitivity,TNFA_SIGNALING_VIA_NFKB,0.977539288950856,0.703320743813593,RIPK2
D3_median_center_sensitivity,UNFOLDED_PROTEIN_RESPONSE,1.48395453115654,0.126024022174315,STC2
D3_median_center_sensitivity,UNFOLDED_PROTEIN_RESPONSE,1.48395453115654,0.126024022174315,PAIP1
D3_median_center_sensitivity,UNFOLDED_PROTEIN_RESPONSE,1.48395453115654,0.126024022174315,HYOU1
D3_median_center_sensitivity,UNFOLDED_PROTEIN_RESPONSE,1.48395453115654,0.126024022174315,SHC1
D3_median_center_sensitivity,UNFOLDED_PROTEIN_RESPONSE,1.48395453115654,0.126024022174315,EIF2S1
D3_median_center_sensitivity,UNFOLDED_PROTEIN_RESPONSE,1.48395453115654,0.126024022174315,LSM4
D3_median_center_sensitivity,UNFOLDED_PROTEIN_RESPONSE,1.48395453115654,0.126024022174315,NPM1
D3_median_center_sensitivity,UNFOLDED_PROTEIN_RESPONSE,1.48395453115654,0.126024022174315,EEF2
D3_median_center_sensitivity,UNFOLDED_PROTEIN_RESPONSE,1.48395453115654,0.126024022174315,KHSRP
D3_median_center_sensitivity,UNFOLDED_PROTEIN_RESPONSE,1.48395453115654,0.126024022174315,DNAJA4
D3_median_center_sensitivity,UNFOLDED_PROTEIN_RESPONSE,1.48395453115654,0.126024022174315,LSM1
D3_median_center_sensitivity,UNFOLDED_PROTEIN_RESPONSE,1.48395453115654,0.126024022174315,FUS
D3_median_center_sensitivity,UNFOLDED_PROTEIN_RESPONSE,1.48395453115654,0.126024022174315,SRPRA
D3_median_center_sensitivity,UNFOLDED_PROTEIN_RESPONSE,1.48395453115654,0.126024022174315,EIF4G1
D3_median_center_sensitivity,UV_RESPONSE_DN,-0.94271257599462,0.771770844060001,ABCC1
D3_median_center_sensitivity,UV_RESPONSE_DN,-0.94271257599462,0.771770844060001,CELF2
D3_median_center_sensitivity,UV_RESPONSE_DN,-0.94271257599462,0.771770844060001,ATP2C1
D3_median_center_sensitivity,UV_RESPONSE_DN,-0.94271257599462,0.771770844060001,BDNF
D3_median_center_sensitivity,UV_RESPONSE_DN,-0.94271257599462,0.771770844060001,WDR37
D3_median_center_sensitivity,UV_RESPONSE_DN,-0.94271257599462,0.771770844060001,MGLL
D3_median_center_sensitivity,UV_RESPONSE_DN,-0.94271257599462,0.771770844060001,ATP2B1
D3_median_center_sensitivity,UV_RESPONSE_DN,-0.94271257599462,0.771770844060001,ATP2B4
D3_median_center_sensitivity,UV_RESPONSE_UP,1.29184034342976,0.283119167813982,PDAP1
D3_median_center_sensitivity,UV_RESPONSE_UP,1.29184034342976,0.283119167813982,HMOX1
D3_median_center_sensitivity,UV_RESPONSE_UP,1.29184034342976,0.283119167813982,TST
D3_median_center_sensitivity,UV_RESPONSE_UP,1.29184034342976,0.283119167813982,IGFBP2
D3_median_center_sensitivity,UV_RESPONSE_UP,1.29184034342976,0.283119167813982,STIP1
D3_median_center_sensitivity,UV_RESPONSE_UP,1.29184034342976,0.283119167813982,OLFM1
D3_median_center_sensitivity,UV_RESPONSE_UP,1.29184034342976,0.283119167813982,ACAA1
D3_median_center_sensitivity,UV_RESPONSE_UP,1.29184034342976,0.283119167813982,EPHX1
D3_median_center_sensitivity,UV_RESPONSE_UP,1.29184034342976,0.283119167813982,EIF5
D3_median_center_sensitivity,UV_RESPONSE_UP,1.29184034342976,0.283119167813982,MGAT1
D3_median_center_sensitivity,UV_RESPONSE_UP,1.29184034342976,0.283119167813982,SPR
D3_median_center_sensitivity,UV_RESPONSE_UP,1.29184034342976,0.283119167813982,BMP2
D3_median_center_sensitivity,UV_RESPONSE_UP,1.29184034342976,0.283119167813982,EIF2S3
D3_median_center_sensitivity,UV_RESPONSE_UP,1.29184034342976,0.283119167813982,PPAT
D3_median_center_sensitivity,UV_RESPONSE_UP,1.29184034342976,0.283119167813982,H2AX
D3_median_center_sensitivity,UV_RESPONSE_UP,1.29184034342976,0.283119167813982,SULT1A1
D3_median_center_sensitivity,UV_RESPONSE_UP,1.29184034342976,0.283119167813982,YKT6
D3_median_center_sensitivity,UV_RESPONSE_UP,1.29184034342976,0.283119167813982,ICAM1
D3_median_center_sensitivity,XENOBIOTIC_METABOLISM,0.91668421755714,0.771770844060001,CBR1
D3_median_center_sensitivity,XENOBIOTIC_METABOLISM,0.91668421755714,0.771770844060001,MTHFD1
D3_median_center_sensitivity,XENOBIOTIC_METABOLISM,0.91668421755714,0.771770844060001,HMOX1
D3_median_center_sensitivity,XENOBIOTIC_METABOLISM,0.91668421755714,0.771770844060001,UGDH
D3_median_center_sensitivity,XENOBIOTIC_METABOLISM,0.91668421755714,0.771770844060001,MT2A
D3_median_center_sensitivity,XENOBIOTIC_METABOLISM,0.91668421755714,0.771770844060001,IGFBP4
D3_median_center_sensitivity,XENOBIOTIC_METABOLISM,0.91668421755714,0.771770844060001,ADH1C
D3_median_center_sensitivity,XENOBIOTIC_METABOLISM,0.91668421755714,0.771770844060001,PDLIM5
D3_median_center_sensitivity,XENOBIOTIC_METABOLISM,0.91668421755714,0.771770844060001,EPHX1
D3_median_center_sensitivity,XENOBIOTIC_METABOLISM,0.91668421755714,0.771770844060001,NMT1
D3_median_center_sensitivity,XENOBIOTIC_METABOLISM,0.91668421755714,0.771770844060001,KARS1
D3_median_center_sensitivity,XENOBIOTIC_METABOLISM,0.91668421755714,0.771770844060001,ETFDH
D5_center_primary,ADIPOGENESIS,1.15400281662087,0.478417152434461,ACADS
D5_center_primary,ADIPOGENESIS,1.15400281662087,0.478417152434461,ANGPTL4
D5_center_primary,ADIPOGENESIS,1.15400281662087,0.478417152434461,ACAA2
D5_center_primary,ADIPOGENESIS,1.15400281662087,0.478417152434461,SPARCL1
D5_center_primary,ADIPOGENESIS,1.15400281662087,0.478417152434461,EPHX2
D5_center_primary,ADIPOGENESIS,1.15400281662087,0.478417152434461,LAMA4
D5_center_primary,ADIPOGENESIS,1.15400281662087,0.478417152434461,DHCR7
D5_center_primary,ADIPOGENESIS,1.15400281662087,0.478417152434461,ARAF
D5_center_primary,ADIPOGENESIS,1.15400281662087,0.478417152434461,G3BP2
D5_center_primary,ADIPOGENESIS,1.15400281662087,0.478417152434461,NMT1
D5_center_primary,ADIPOGENESIS,1.15400281662087,0.478417152434461,ITIH5
D5_center_primary,ADIPOGENESIS,1.15400281662087,0.478417152434461,UBQLN1
D5_center_primary,ADIPOGENESIS,1.15400281662087,0.478417152434461,COL15A1
D5_center_primary,ADIPOGENESIS,1.15400281662087,0.478417152434461,COL4A1
D5_center_primary,ADIPOGENESIS,1.15400281662087,0.478417152434461,REEP5
D5_center_primary,ADIPOGENESIS,1.15400281662087,0.478417152434461,DLD
D5_center_primary,ADIPOGENESIS,1.15400281662087,0.478417152434461,MTCH2
D5_center_primary,ADIPOGENESIS,1.15400281662087,0.478417152434461,QDPR
D5_center_primary,ADIPOGENESIS,1.15400281662087,0.478417152434461,BCL2L13
D5_center_primary,ADIPOGENESIS,1.15400281662087,0.478417152434461,ENPP2
D5_center_primary,ADIPOGENESIS,1.15400281662087,0.478417152434461,MGST3
D5_center_primary,ADIPOGENESIS,1.15400281662087,0.478417152434461,CYC1
D5_center_primary,ADIPOGENESIS,1.15400281662087,0.478417152434461,DHRS7
D5_center_primary,ADIPOGENESIS,1.15400281662087,0.478417152434461,ETFB
D5_center_primary,ADIPOGENESIS,1.15400281662087,0.478417152434461,ATP1B3
D5_center_primary,ADIPOGENESIS,1.15400281662087,0.478417152434461,RMDN3
D5_center_primary,ADIPOGENESIS,1.15400281662087,0.478417152434461,SLC25A10
D5_center_primary,ADIPOGENESIS,1.15400281662087,0.478417152434461,AK2
D5_center_primary,ADIPOGENESIS,1.15400281662087,0.478417152434461,IDH1
D5_center_primary,ADIPOGENESIS,1.15400281662087,0.478417152434461,PFKL
D5_center_primary,ADIPOGENESIS,1.15400281662087,0.478417152434461,NDUFA5
D5_center_primary,ADIPOGENESIS,1.15400281662087,0.478417152434461,CAVIN1
D5_center_primary,ADIPOGENESIS,1.15400281662087,0.478417152434461,GPX4
D5_center_primary,ADIPOGENESIS,1.15400281662087,0.478417152434461,APLP2
D5_center_primary,ADIPOGENESIS,1.15400281662087,0.478417152434461,RTN3
D5_center_primary,ADIPOGENESIS,1.15400281662087,0.478417152434461,SAMM50
D5_center_primary,ADIPOGENESIS,1.15400281662087,0.478417152434461,SCP2
D5_center_primary,ADIPOGENESIS,1.15400281662087,0.478417152434461,GPD2
D5_center_primary,ADIPOGENESIS,1.15400281662087,0.478417152434461,ALDH2
D5_center_primary,ADIPOGENESIS,1.15400281662087,0.478417152434461,RAB34
D5_center_primary,ADIPOGENESIS,1.15400281662087,0.478417152434461,CRAT
D5_center_primary,ADIPOGENESIS,1.15400281662087,0.478417152434461,SDHB
D5_center_primary,ADIPOGENESIS,1.15400281662087,0.478417152434461,TST
D5_center_primary,ADIPOGENESIS,1.15400281662087,0.478417152434461,NDUFB7
D5_center_primary,ADIPOGENESIS,1.15400281662087,0.478417152434461,GHITM
D5_center_primary,ADIPOGENESIS,1.15400281662087,0.478417152434461,TKT
D5_center_primary,ADIPOGENESIS,1.15400281662087,0.478417152434461,DBT
D5_center_primary,ADIPOGENESIS,1.15400281662087,0.478417152434461,AGPAT3
D5_center_primary,ADIPOGENESIS,1.15400281662087,0.478417152434461,PEX14
D5_center_primary,ADIPOGENESIS,1.15400281662087,0.478417152434461,RNF11
D5_center_primary,ADIPOGENESIS,1.15400281662087,0.478417152434461,ADCY6
D5_center_primary,ADIPOGENESIS,1.15400281662087,0.478417152434461,IMMT
D5_center_primary,ADIPOGENESIS,1.15400281662087,0.478417152434461,ESYT1
D5_center_primary,ADIPOGENESIS,1.15400281662087,0.478417152434461,SLC1A5
D5_center_primary,ADIPOGENESIS,1.15400281662087,0.478417152434461,LTC4S
D5_center_primary,ADIPOGENESIS,1.15400281662087,0.478417152434461,GPAT4
D5_center_primary,ADIPOGENESIS,1.15400281662087,0.478417152434461,PREB
D5_center_primary,ADIPOGENESIS,1.15400281662087,0.478417152434461,REEP6
D5_center_primary,ADIPOGENESIS,1.15400281662087,0.478417152434461,SLC25A1
D5_center_primary,ADIPOGENESIS,1.15400281662087,0.478417152434461,PGM1
D5_center_primary,ADIPOGENESIS,1.15400281662087,0.478417152434461,SULT1A1
D5_center_primary,ADIPOGENESIS,1.15400281662087,0.478417152434461,STAT5A
D5_center_primary,ADIPOGENESIS,1.15400281662087,0.478417152434461,ACOX1
D5_center_primary,ADIPOGENESIS,1.15400281662087,0.478417152434461,UQCRC1
D5_center_primary,ADIPOGENESIS,1.15400281662087,0.478417152434461,LPCAT3
D5_center_primary,ADIPOGENESIS,1.15400281662087,0.478417152434461,RETN
D5_center_primary,ADIPOGENESIS,1.15400281662087,0.478417152434461,AIFM1
D5_center_primary,ADIPOGENESIS,1.15400281662087,0.478417152434461,POR
D5_center_primary,ALLOGRAFT_REJECTION,1.19165432838383,0.478417152434461,STAB1
D5_center_primary,ALLOGRAFT_REJECTION,1.19165432838383,0.478417152434461,IL16
D5_center_primary,ALLOGRAFT_REJECTION,1.19165432838383,0.478417152434461,INHBB
D5_center_primary,ALLOGRAFT_REJECTION,1.19165432838383,0.478417152434461,PTPN6
D5_center_primary,ALLOGRAFT_REJECTION,1.19165432838383,0.478417152434461,CAPG
D5_center_primary,ALLOGRAFT_REJECTION,1.19165432838383,0.478417152434461,GLMN
D5_center_primary,ALLOGRAFT_REJECTION,1.19165432838383,0.478417152434461,CFP
D5_center_primary,ALLOGRAFT_REJECTION,1.19165432838383,0.478417152434461,GALNT1
D5_center_primary,ALLOGRAFT_REJECTION,1.19165432838383,0.478417152434461,HCLS1
D5_center_primary,ALLOGRAFT_REJECTION,1.19165432838383,0.478417152434461,WAS
D5_center_primary,ALLOGRAFT_REJECTION,1.19165432838383,0.478417152434461,AARS1
D5_center_primary,ALLOGRAFT_REJECTION,1.19165432838383,0.478417152434461,LY75
D5_center_primary,ALLOGRAFT_REJECTION,1.19165432838383,0.478417152434461,EIF3A
D5_center_primary,ALLOGRAFT_REJECTION,1.19165432838383,0.478417152434461,ELANE
D5_center_primary,ALLOGRAFT_REJECTION,1.19165432838383,0.478417152434461,EIF5A
D5_center_primary,ALLOGRAFT_REJECTION,1.19165432838383,0.478417152434461,WARS1
D5_center_primary,ALLOGRAFT_REJECTION,1.19165432838383,0.478417152434461,EIF3D
D5_center_primary,ALLOGRAFT_REJECTION,1.19165432838383,0.478417152434461,RARS1
D5_center_primary,ALLOGRAFT_REJECTION,1.19165432838383,0.478417152434461,DARS1
D5_center_primary,ALLOGRAFT_REJECTION,1.19165432838383,0.478417152434461,IKBKB
D5_center_primary,ALLOGRAFT_REJECTION,1.19165432838383,0.478417152434461,PRKCB
D5_center_primary,ALLOGRAFT_REJECTION,1.19165432838383,0.478417152434461,TRAF2
D5_center_primary,ALLOGRAFT_REJECTION,1.19165432838383,0.478417152434461,STAT1
D5_center_primary,ALLOGRAFT_REJECTION,1.19165432838383,0.478417152434461,TLR2
D5_center_primary,ANDROGEN_RESPONSE,0.887635570621159,0.780846600024682,B4GALT1
D5_center_primary,ANDROGEN_RESPONSE,0.887635570621159,0.780846600024682,SELENOP
D5_center_primary,ANDROGEN_RESPONSE,0.887635570621159,0.780846600024682,RPS6KA3
D5_center_primary,ANDROGEN_RESPONSE,0.887635570621159,0.780846600024682,SEC24D
D5_center_primary,ANDROGEN_RESPONSE,0.887635570621159,0.780846600024682,SORD
D5_center_primary,ANDROGEN_RESPONSE,0.887635570621159,0.780846600024682,PA2G4
D5_center_primary,ANDROGEN_RESPONSE,0.887635570621159,0.780846600024682,STK39
D5_center_primary,ANDROGEN_RESPONSE,0.887635570621159,0.780846600024682,PDLIM5
D5_center_primary,ANDROGEN_RESPONSE,0.887635570621159,0.780846600024682,SMS
D5_center_primary,ANDROGEN_RESPONSE,0.887635570621159,0.780846600024682,ACSL3
D5_center_primary,ANDROGEN_RESPONSE,0.887635570621159,0.780846600024682,CCND3
D5_center_primary,ANDROGEN_RESPONSE,0.887635570621159,0.780846600024682,FKBP5
D5_center_primary,ANDROGEN_RESPONSE,0.887635570621159,0.780846600024682,PTK2B
D5_center_primary,ANDROGEN_RESPONSE,0.887635570621159,0.780846600024682,GUCY1A1
D5_center_primary,ANDROGEN_RESPONSE,0.887635570621159,0.780846600024682,MYL12A
D5_center_primary,ANDROGEN_RESPONSE,0.887635570621159,0.780846600024682,SPCS3
D5_center_primary,ANDROGEN_RESPONSE,0.887635570621159,0.780846600024682,GNAI3
D5_center_primary,ANDROGEN_RESPONSE,0.887635570621159,0.780846600024682,LMAN1
D5_center_primary,ANDROGEN_RESPONSE,0.887635570621159,0.780846600024682,VAPA
D5_center_primary,ANDROGEN_RESPONSE,0.887635570621159,0.780846600024682,TNFAIP8
D5_center_primary,ANDROGEN_RESPONSE,0.887635570621159,0.780846600024682,IQGAP2
D5_center_primary,ANDROGEN_RESPONSE,0.887635570621159,0.780846600024682,UBE2J1
D5_center_primary,ANDROGEN_RESPONSE,0.887635570621159,0.780846600024682,RAB4A
D5_center_primary,ANDROGEN_RESPONSE,0.887635570621159,0.780846600024682,ABCC4
D5_center_primary,ANDROGEN_RESPONSE,0.887635570621159,0.780846600024682,ITGAV
D5_center_primary,ANGIOGENESIS,1.27222844844272,0.478417152434461,POSTN
D5_center_primary,ANGIOGENESIS,1.27222844844272,0.478417152434461,VCAN
D5_center_primary,ANGIOGENESIS,1.27222844844272,0.478417152434461,NRP1
D5_center_primary,ANGIOGENESIS,1.27222844844272,0.478417152434461,LRPAP1
D5_center_primary,ANGIOGENESIS,1.27222844844272,0.478417152434461,COL3A1
D5_center_primary,APICAL_JUNCTION,1.12729787689277,0.517575567080518,WASL
D5_center_primary,APICAL_JUNCTION,1.12729787689277,0.517575567080518,B4GALT1
D5_center_primary,APICAL_JUNCTION,1.12729787689277,0.517575567080518,VCAN
D5_center_primary,APICAL_JUNCTION,1.12729787689277,0.517575567080518,TNFRSF11B
D5_center_primary,APICAL_JUNCTION,1.12729787689277,0.517575567080518,ADAMTS5
D5_center_primary,APICAL_JUNCTION,1.12729787689277,0.517575567080518,FBN1
D5_center_primary,APICAL_JUNCTION,1.12729787689277,0.517575567080518,EVL
D5_center_primary,APICAL_JUNCTION,1.12729787689277,0.517575567080518,MMP2
D5_center_primary,APICAL_JUNCTION,1.12729787689277,0.517575567080518,VCAM1
D5_center_primary,APICAL_JUNCTION,1.12729787689277,0.517575567080518,VASP
D5_center_primary,APICAL_JUNCTION,1.12729787689277,0.517575567080518,LAMC2
D5_center_primary,APICAL_JUNCTION,1.12729787689277,0.517575567080518,SHC1
D5_center_primary,APICAL_JUNCTION,1.12729787689277,0.517575567080518,FSCN1
D5_center_primary,APICAL_JUNCTION,1.12729787689277,0.517575567080518,CD209
D5_center_primary,APICAL_JUNCTION,1.12729787689277,0.517575567080518,MYH10
D5_center_primary,APICAL_JUNCTION,1.12729787689277,0.517575567080518,PIK3CB
D5_center_primary,APICAL_JUNCTION,1.12729787689277,0.517575567080518,ZYX
D5_center_primary,APICAL_JUNCTION,1.12729787689277,0.517575567080518,IKBKG
D5_center_primary,APICAL_JUNCTION,1.12729787689277,0.517575567080518,CAP1
D5_center_primary,APICAL_JUNCTION,1.12729787689277,0.517575567080518,TUBG1
D5_center_primary,APICAL_JUNCTION,1.12729787689277,0.517575567080518,INPPL1
D5_center_primary,APICAL_JUNCTION,1.12729787689277,0.517575567080518,SYK
D5_center_primary,APICAL_JUNCTION,1.12729787689277,0.517575567080518,ARHGEF6
D5_center_primary,APICAL_JUNCTION,1.12729787689277,0.517575567080518,RASA1
D5_center_primary,APICAL_JUNCTION,1.12729787689277,0.517575567080518,RAC2
D5_center_primary,APICAL_JUNCTION,1.12729787689277,0.517575567080518,CTNNA1
D5_center_primary,APICAL_JUNCTION,1.12729787689277,0.517575567080518,EPB41L2
D5_center_primary,APICAL_JUNCTION,1.12729787689277,0.517575567080518,NECTIN2
D5_center_primary,APICAL_JUNCTION,1.12729787689277,0.517575567080518,ICAM1
D5_center_primary,APICAL_JUNCTION,1.12729787689277,0.517575567080518,BMP1
D5_center_primary,APICAL_JUNCTION,1.12729787689277,0.517575567080518,PTK2
D5_center_primary,APICAL_JUNCTION,1.12729787689277,0.517575567080518,CD99
D5_center_primary,APICAL_JUNCTION,1.12729787689277,0.517575567080518,STX4
D5_center_primary,APICAL_JUNCTION,1.12729787689277,0.517575567080518,AKT2
D5_center_primary,APICAL_JUNCTION,1.12729787689277,0.517575567080518,LIMA1
D5_center_primary,APOPTOSIS,1.06489765116362,0.613817846994015,LGALS3
D5_center_primary,APOPTOSIS,1.06489765116362,0.613817846994015,ETF1
D5_center_primary,APOPTOSIS,1.06489765116362,0.613817846994015,HMOX1
D5_center_primary,APOPTOSIS,1.06489765116362,0.613817846994015,PLAT
D5_center_primary,APOPTOSIS,1.06489765116362,0.613817846994015,BMP2
D5_center_primary,APOPTOSIS,1.06489765116362,0.613817846994015,IGF2R
D5_center_primary,APOPTOSIS,1.06489765116362,0.613817846994015,LMNA
D5_center_primary,APOPTOSIS,1.06489765116362,0.613817846994015,TNFSF10
D5_center_primary,APOPTOSIS,1.06489765116362,0.613817846994015,MMP2
D5_center_primary,APOPTOSIS,1.06489765116362,0.613817846994015,FDXR
D5_center_primary,APOPTOSIS,1.06489765116362,0.613817846994015,DNAJC3
D5_center_primary,APOPTOSIS,1.06489765116362,0.613817846994015,BAX
D5_center_primary,APOPTOSIS,1.06489765116362,0.613817846994015,CASP6
D5_center_primary,APOPTOSIS,1.06489765116362,0.613817846994015,SPTAN1
D5_center_primary,APOPTOSIS,1.06489765116362,0.613817846994015,DNAJA1
D5_center_primary,APOPTOSIS,1.06489765116362,0.613817846994015,GPX1
D5_center_primary,APOPTOSIS,1.06489765116362,0.613817846994015,PLCB2
D5_center_primary,APOPTOSIS,1.06489765116362,0.613817846994015,BCL2L1
D5_center_primary,APOPTOSIS,1.06489765116362,0.613817846994015,PTK2
D5_center_primary,APOPTOSIS,1.06489765116362,0.613817846994015,GPX4
D5_center_primary,APOPTOSIS,1.06489765116362,0.613817846994015,RELA
D5_center_primary,APOPTOSIS,1.06489765116362,0.613817846994015,RHOT2
D5_center_primary,APOPTOSIS,1.06489765116362,0.613817846994015,ROCK1
D5_center_primary,APOPTOSIS,1.06489765116362,0.613817846994015,CASP3
D5_center_primary,APOPTOSIS,1.06489765116362,0.613817846994015,DPYD
D5_center_primary,APOPTOSIS,1.06489765116362,0.613817846994015,TIMP1
D5_center_primary,BILE_ACID_METABOLISM,1.47034324065157,0.3412047228337,FDXR
D5_center_primary,BILE_ACID_METABOLISM,1.47034324065157,0.3412047228337,EPHX2
D5_center_primary,BILE_ACID_METABOLISM,1.47034324065157,0.3412047228337,OPTN
D5_center_primary,BILE_ACID_METABOLISM,1.47034324065157,0.3412047228337,APOA1
D5_center_primary,BILE_ACID_METABOLISM,1.47034324065157,0.3412047228337,NEDD4
D5_center_primary,BILE_ACID_METABOLISM,1.47034324065157,0.3412047228337,HSD17B11
D5_center_primary,BILE_ACID_METABOLISM,1.47034324065157,0.3412047228337,PRDX5
D5_center_primary,BILE_ACID_METABOLISM,1.47034324065157,0.3412047228337,ABCD1
D5_center_primary,BILE_ACID_METABOLISM,1.47034324065157,0.3412047228337,ABCD3
D5_center_primary,BILE_ACID_METABOLISM,1.47034324065157,0.3412047228337,AGXT
D5_center_primary,BILE_ACID_METABOLISM,1.47034324065157,0.3412047228337,SLC35B2
D5_center_primary,BILE_ACID_METABOLISM,1.47034324065157,0.3412047228337,IDH1
D5_center_primary,BILE_ACID_METABOLISM,1.47034324065157,0.3412047228337,ACSL1
D5_center_primary,BILE_ACID_METABOLISM,1.47034324065157,0.3412047228337,HAO1
D5_center_primary,BILE_ACID_METABOLISM,1.47034324065157,0.3412047228337,ALDH9A1
D5_center_primary,BILE_ACID_METABOLISM,1.47034324065157,0.3412047228337,GSTK1
D5_center_primary,BILE_ACID_METABOLISM,1.47034324065157,0.3412047228337,SCP2
D5_center_primary,BILE_ACID_METABOLISM,1.47034324065157,0.3412047228337,GCLM
D5_center_primary,BILE_ACID_METABOLISM,1.47034324065157,0.3412047228337,SLC27A2
D5_center_primary,CHOLESTEROL_HOMEOSTASIS,0.691962328602527,0.94875464647067,LGALS3
D5_center_primary,CHOLESTEROL_HOMEOSTASIS,0.691962328602527,0.94875464647067,SEMA3B
D5_center_primary,CHOLESTEROL_HOMEOSTASIS,0.691962328602527,0.94875464647067,DHCR7
D5_center_primary,CHOLESTEROL_HOMEOSTASIS,0.691962328602527,0.94875464647067,PLSCR1
D5_center_primary,COAGULATION,0.821627989385286,0.923286986095829,FGG
D5_center_primary,COAGULATION,0.821627989385286,0.923286986095829,FGA
D5_center_primary,COAGULATION,0.821627989385286,0.923286986095829,FURIN
D5_center_primary,COAGULATION,0.821627989385286,0.923286986095829,PLAT
D5_center_primary,COAGULATION,0.821627989385286,0.923286986095829,FBN1
D5_center_primary,COAGULATION,0.821627989385286,0.923286986095829,HTRA1
D5_center_primary,COAGULATION,0.821627989385286,0.923286986095829,CAPN2
D5_center_primary,COAGULATION,0.821627989385286,0.923286986095829,MMP2
D5_center_primary,COAGULATION,0.821627989385286,0.923286986095829,C1R
D5_center_primary,COAGULATION,0.821627989385286,0.923286986095829,MMP1
D5_center_primary,COAGULATION,0.821627989385286,0.923286986095829,LRP1
D5_center_primary,COAGULATION,0.821627989385286,0.923286986095829,CRIP2
D5_center_primary,COAGULATION,0.821627989385286,0.923286986095829,APOA1
D5_center_primary,COAGULATION,0.821627989385286,0.923286986095829,P2RY1
D5_center_primary,COMPLEMENT,0.694033345556506,0.981715781910181,LGALS3
D5_center_primary,COMPLEMENT,0.694033345556506,0.981715781910181,EHD1
D5_center_primary,COMPLEMENT,0.694033345556506,0.981715781910181,PLAT
D5_center_primary,COMPLEMENT,0.694033345556506,0.981715781910181,LIPA
D5_center_primary,COMPLEMENT,0.694033345556506,0.981715781910181,C1QC
D5_center_primary,COMPLEMENT,0.694033345556506,0.981715781910181,C1R
D5_center_primary,COMPLEMENT,0.694033345556506,0.981715781910181,LRP1
D5_center_primary,COMPLEMENT,0.694033345556506,0.981715781910181,WAS
D5_center_primary,COMPLEMENT,0.694033345556506,0.981715781910181,USP8
D5_center_primary,COMPLEMENT,0.694033345556506,0.981715781910181,APOA4
D5_center_primary,COMPLEMENT,0.694033345556506,0.981715781910181,COL4A2
D5_center_primary,COMPLEMENT,0.694033345556506,0.981715781910181,XPNPEP1
D5_center_primary,COMPLEMENT,0.694033345556506,0.981715781910181,PLSCR1
D5_center_primary,COMPLEMENT,0.694033345556506,0.981715781910181,RHOG
D5_center_primary,COMPLEMENT,0.694033345556506,0.981715781910181,PLA2G7
D5_center_primary,COMPLEMENT,0.694033345556506,0.981715781910181,VCPIP1
D5_center_primary,COMPLEMENT,0.694033345556506,0.981715781910181,F8
D5_center_primary,COMPLEMENT,0.694033345556506,0.981715781910181,ITGAM
D5_center_primary,COMPLEMENT,0.694033345556506,0.981715781910181,FN1
D5_center_primary,COMPLEMENT,0.694033345556506,0.981715781910181,CTSB
D5_center_primary,COMPLEMENT,0.694033345556506,0.981715781910181,LAP3
D5_center_primary,COMPLEMENT,0.694033345556506,0.981715781910181,GNB2
D5_center_primary,COMPLEMENT,0.694033345556506,0.981715781910181,PRKCD
D5_center_primary,COMPLEMENT,0.694033345556506,0.981715781910181,CSRP1
D5_center_primary,COMPLEMENT,0.694033345556506,0.981715781910181,PRCP
D5_center_primary,COMPLEMENT,0.694033345556506,0.981715781910181,STX4
D5_center_primary,COMPLEMENT,0.694033345556506,0.981715781910181,PCSK9
D5_center_primary,COMPLEMENT,0.694033345556506,0.981715781910181,C1S
D5_center_primary,COMPLEMENT,0.694033345556506,0.981715781910181,GPD2
D5_center_primary,COMPLEMENT,0.694033345556506,0.981715781910181,LCP2
D5_center_primary,COMPLEMENT,0.694033345556506,0.981715781910181,CASP3
D5_center_primary,COMPLEMENT,0.694033345556506,0.981715781910181,TIMP1
D5_center_primary,COMPLEMENT,0.694033345556506,0.981715781910181,MMP14
D5_center_primary,COMPLEMENT,0.694033345556506,0.981715781910181,PLA2G4A
D5_center_primary,COMPLEMENT,0.694033345556506,0.981715781910181,PIK3CG
D5_center_primary,COMPLEMENT,0.694033345556506,0.981715781910181,CR1
D5_center_primary,COMPLEMENT,0.694033345556506,0.981715781910181,GNB4
D5_center_primary,COMPLEMENT,0.694033345556506,0.981715781910181,GNAI2
D5_center_primary,COMPLEMENT,0.694033345556506,0.981715781910181,PIK3CA
D5_center_primary,DNA_REPAIR,1.026259510311,0.675275834416392,NME3
D5_center_primary,DNA_REPAIR,1.026259510311,0.675275834416392,GMPR2
D5_center_primary,DNA_REPAIR,1.026259510311,0.675275834416392,SRSF6
D5_center_primary,DNA_REPAIR,1.026259510311,0.675275834416392,HCLS1
D5_center_primary,DNA_REPAIR,1.026259510311,0.675275834416392,ALYREF
D5_center_primary,DNA_REPAIR,1.026259510311,0.675275834416392,EDF1
D5_center_primary,DNA_REPAIR,1.026259510311,0.675275834416392,IMPDH2
D5_center_primary,DNA_REPAIR,1.026259510311,0.675275834416392,RBX1
D5_center_primary,DNA_REPAIR,1.026259510311,0.675275834416392,APRT
D5_center_primary,DNA_REPAIR,1.026259510311,0.675275834416392,NT5C3A
D5_center_primary,DNA_REPAIR,1.026259510311,0.675275834416392,VPS28
D5_center_primary,DNA_REPAIR,1.026259510311,0.675275834416392,SUPT5H
D5_center_primary,DNA_REPAIR,1.026259510311,0.675275834416392,SEC61A1
D5_center_primary,DNA_REPAIR,1.026259510311,0.675275834416392,BOLA2
D5_center_primary,DNA_REPAIR,1.026259510311,0.675275834416392,GTF3C5
D5_center_primary,DNA_REPAIR,1.026259510311,0.675275834416392,ARL6IP1
D5_center_primary,DNA_REPAIR,1.026259510311,0.675275834416392,TSG101
D5_center_primary,DNA_REPAIR,1.026259510311,0.675275834416392,GPX4
D5_center_primary,DNA_REPAIR,1.026259510311,0.675275834416392,TMED2
D5_center_primary,DNA_REPAIR,1.026259510311,0.675275834416392,DCTN4
D5_center_primary,DNA_REPAIR,1.026259510311,0.675275834416392,SDCBP
D5_center_primary,DNA_REPAIR,1.026259510311,0.675275834416392,UMPS
D5_center_primary,DNA_REPAIR,1.026259510311,0.675275834416392,VPS37B
D5_center_primary,E2F_TARGETS,1.12651853445147,0.554158831766353,GSPT1
D5_center_primary,E2F_TARGETS,1.12651853445147,0.554158831766353,LMNB1
D5_center_primary,E2F_TARGETS,1.12651853445147,0.554158831766353,HMGA1
D5_center_primary,E2F_TARGETS,1.12651853445147,0.554158831766353,RANBP1
D5_center_primary,E2F_TARGETS,1.12651853445147,0.554158831766353,TMPO
D5_center_primary,E2F_TARGETS,1.12651853445147,0.554158831766353,H2AZ1
D5_center_primary,E2F_TARGETS,1.12651853445147,0.554158831766353,CTPS1
D5_center_primary,E2F_TARGETS,1.12651853445147,0.554158831766353,LBR
D5_center_primary,E2F_TARGETS,1.12651853445147,0.554158831766353,ILF3
D5_center_primary,E2F_TARGETS,1.12651853445147,0.554158831766353,SRSF1
D5_center_primary,E2F_TARGETS,1.12651853445147,0.554158831766353,TUBG1
D5_center_primary,E2F_TARGETS,1.12651853445147,0.554158831766353,EIF2S1
D5_center_primary,E2F_TARGETS,1.12651853445147,0.554158831766353,PRKDC
D5_center_primary,E2F_TARGETS,1.12651853445147,0.554158831766353,CSE1L
D5_center_primary,E2F_TARGETS,1.12651853445147,0.554158831766353,PA2G4
D5_center_primary,E2F_TARGETS,1.12651853445147,0.554158831766353,RAD50
D5_center_primary,E2F_TARGETS,1.12651853445147,0.554158831766353,SMC1A
D5_center_primary,E2F_TARGETS,1.12651853445147,0.554158831766353,AK2
D5_center_primary,EPITHELIAL_MESENCHYMAL_TRANSITION,1.9378599732838,5.67225701777406e-06,COLGALT1
D5_center_primary,EPITHELIAL_MESENCHYMAL_TRANSITION,1.9378599732838,5.67225701777406e-06,POSTN
D5_center_primary,EPITHELIAL_MESENCHYMAL_TRANSITION,1.9378599732838,5.67225701777406e-06,COL6A3
D5_center_primary,EPITHELIAL_MESENCHYMAL_TRANSITION,1.9378599732838,5.67225701777406e-06,ABI3BP
D5_center_primary,EPITHELIAL_MESENCHYMAL_TRANSITION,1.9378599732838,5.67225701777406e-06,VEGFC
D5_center_primary,EPITHELIAL_MESENCHYMAL_TRANSITION,1.9378599732838,5.67225701777406e-06,COL6A2
D5_center_primary,EPITHELIAL_MESENCHYMAL_TRANSITION,1.9378599732838,5.67225701777406e-06,TNC
D5_center_primary,EPITHELIAL_MESENCHYMAL_TRANSITION,1.9378599732838,5.67225701777406e-06,LOX
D5_center_primary,EPITHELIAL_MESENCHYMAL_TRANSITION,1.9378599732838,5.67225701777406e-06,IGFBP2
D5_center_primary,EPITHELIAL_MESENCHYMAL_TRANSITION,1.9378599732838,5.67225701777406e-06,MATN2
D5_center_primary,EPITHELIAL_MESENCHYMAL_TRANSITION,1.9378599732838,5.67225701777406e-06,VCAN
D5_center_primary,EPITHELIAL_MESENCHYMAL_TRANSITION,1.9378599732838,5.67225701777406e-06,COL12A1
D5_center_primary,EPITHELIAL_MESENCHYMAL_TRANSITION,1.9378599732838,5.67225701777406e-06,TNFRSF11B
D5_center_primary,EPITHELIAL_MESENCHYMAL_TRANSITION,1.9378599732838,5.67225701777406e-06,ELN
D5_center_primary,EPITHELIAL_MESENCHYMAL_TRANSITION,1.9378599732838,5.67225701777406e-06,FBN1
D5_center_primary,EPITHELIAL_MESENCHYMAL_TRANSITION,1.9378599732838,5.67225701777406e-06,IGFBP4
D5_center_primary,EPITHELIAL_MESENCHYMAL_TRANSITION,1.9378599732838,5.67225701777406e-06,THBS2
D5_center_primary,EPITHELIAL_MESENCHYMAL_TRANSITION,1.9378599732838,5.67225701777406e-06,HTRA1
D5_center_primary,EPITHELIAL_MESENCHYMAL_TRANSITION,1.9378599732838,5.67225701777406e-06,PTX3
D5_center_primary,EPITHELIAL_MESENCHYMAL_TRANSITION,1.9378599732838,5.67225701777406e-06,LGALS1
D5_center_primary,EPITHELIAL_MESENCHYMAL_TRANSITION,1.9378599732838,5.67225701777406e-06,COL1A2
D5_center_primary,EPITHELIAL_MESENCHYMAL_TRANSITION,1.9378599732838,5.67225701777406e-06,WIPF1
D5_center_primary,EPITHELIAL_MESENCHYMAL_TRANSITION,1.9378599732838,5.67225701777406e-06,CAPG
D5_center_primary,EPITHELIAL_MESENCHYMAL_TRANSITION,1.9378599732838,5.67225701777406e-06,MMP2
D5_center_primary,EPITHELIAL_MESENCHYMAL_TRANSITION,1.9378599732838,5.67225701777406e-06,COL1A1
D5_center_primary,EPITHELIAL_MESENCHYMAL_TRANSITION,1.9378599732838,5.67225701777406e-06,VCAM1
D5_center_primary,EPITHELIAL_MESENCHYMAL_TRANSITION,1.9378599732838,5.67225701777406e-06,MMP1
D5_center_primary,EPITHELIAL_MESENCHYMAL_TRANSITION,1.9378599732838,5.67225701777406e-06,LRP1
D5_center_primary,EPITHELIAL_MESENCHYMAL_TRANSITION,1.9378599732838,5.67225701777406e-06,CXCL12
D5_center_primary,EPITHELIAL_MESENCHYMAL_TRANSITION,1.9378599732838,5.67225701777406e-06,PLOD1
D5_center_primary,EPITHELIAL_MESENCHYMAL_TRANSITION,1.9378599732838,5.67225701777406e-06,COL4A2
D5_center_primary,EPITHELIAL_MESENCHYMAL_TRANSITION,1.9378599732838,5.67225701777406e-06,LAMC2
D5_center_primary,EPITHELIAL_MESENCHYMAL_TRANSITION,1.9378599732838,5.67225701777406e-06,COL3A1
D5_center_primary,EPITHELIAL_MESENCHYMAL_TRANSITION,1.9378599732838,5.67225701777406e-06,LAMC1
D5_center_primary,EPITHELIAL_MESENCHYMAL_TRANSITION,1.9378599732838,5.67225701777406e-06,NNMT
D5_center_primary,EPITHELIAL_MESENCHYMAL_TRANSITION,1.9378599732838,5.67225701777406e-06,FBLN1
D5_center_primary,EPITHELIAL_MESENCHYMAL_TRANSITION,1.9378599732838,5.67225701777406e-06,COL4A1
D5_center_primary,EPITHELIAL_MESENCHYMAL_TRANSITION,1.9378599732838,5.67225701777406e-06,COMP
D5_center_primary,EPITHELIAL_MESENCHYMAL_TRANSITION,1.9378599732838,5.67225701777406e-06,PCOLCE2
D5_center_primary,ESTROGEN_RESPONSE_EARLY,1.45393150439003,0.3412047228337,THSD4
D5_center_primary,ESTROGEN_RESPONSE_EARLY,1.45393150439003,0.3412047228337,B4GALT1
D5_center_primary,ESTROGEN_RESPONSE_EARLY,1.45393150439003,0.3412047228337,CCN5
D5_center_primary,ESTROGEN_RESPONSE_EARLY,1.45393150439003,0.3412047228337,STC2
D5_center_primary,ESTROGEN_RESPONSE_EARLY,1.45393150439003,0.3412047228337,INHBB
D5_center_primary,ESTROGEN_RESPONSE_EARLY,1.45393150439003,0.3412047228337,IGFBP4
D5_center_primary,ESTROGEN_RESPONSE_EARLY,1.45393150439003,0.3412047228337,OLFM1
D5_center_primary,ESTROGEN_RESPONSE_EARLY,1.45393150439003,0.3412047228337,SEMA3B
D5_center_primary,ESTROGEN_RESPONSE_EARLY,1.45393150439003,0.3412047228337,CXCL12
D5_center_primary,ESTROGEN_RESPONSE_EARLY,1.45393150439003,0.3412047228337,DHCR7
D5_center_primary,ESTROGEN_RESPONSE_EARLY,1.45393150439003,0.3412047228337,ABAT
D5_center_primary,ESTROGEN_RESPONSE_EARLY,1.45393150439003,0.3412047228337,BLVRB
D5_center_primary,ESTROGEN_RESPONSE_EARLY,1.45393150439003,0.3412047228337,DYNLT3
D5_center_primary,ESTROGEN_RESPONSE_EARLY,1.45393150439003,0.3412047228337,MYBBP1A
D5_center_primary,ESTROGEN_RESPONSE_EARLY,1.45393150439003,0.3412047228337,SNX24
D5_center_primary,ESTROGEN_RESPONSE_EARLY,1.45393150439003,0.3412047228337,RAB31
D5_center_primary,ESTROGEN_RESPONSE_LATE,1.22773406461912,0.478417152434461,LSR
D5_center_primary,ESTROGEN_RESPONSE_LATE,1.22773406461912,0.478417152434461,CCN5
D5_center_primary,ESTROGEN_RESPONSE_LATE,1.22773406461912,0.478417152434461,PTPN6
D5_center_primary,ESTROGEN_RESPONSE_LATE,1.22773406461912,0.478417152434461,IGFBP4
D5_center_primary,ESTROGEN_RESPONSE_LATE,1.22773406461912,0.478417152434461,OLFM1
D5_center_primary,ESTROGEN_RESPONSE_LATE,1.22773406461912,0.478417152434461,SEMA3B
D5_center_primary,ESTROGEN_RESPONSE_LATE,1.22773406461912,0.478417152434461,CXCL12
D5_center_primary,ESTROGEN_RESPONSE_LATE,1.22773406461912,0.478417152434461,DHCR7
D5_center_primary,ESTROGEN_RESPONSE_LATE,1.22773406461912,0.478417152434461,LAMC2
D5_center_primary,ESTROGEN_RESPONSE_LATE,1.22773406461912,0.478417152434461,BLVRB
D5_center_primary,ESTROGEN_RESPONSE_LATE,1.22773406461912,0.478417152434461,DYNLT3
D5_center_primary,ESTROGEN_RESPONSE_LATE,1.22773406461912,0.478417152434461,UGDH
D5_center_primary,ESTROGEN_RESPONSE_LATE,1.22773406461912,0.478417152434461,RAB31
D5_center_primary,ESTROGEN_RESPONSE_LATE,1.22773406461912,0.478417152434461,SORD
D5_center_primary,ESTROGEN_RESPONSE_LATE,1.22773406461912,0.478417152434461,COX6C
D5_center_primary,ESTROGEN_RESPONSE_LATE,1.22773406461912,0.478417152434461,ETFB
D5_center_primary,ESTROGEN_RESPONSE_LATE,1.22773406461912,0.478417152434461,JAK1
D5_center_primary,ESTROGEN_RESPONSE_LATE,1.22773406461912,0.478417152434461,FLNB
D5_center_primary,ESTROGEN_RESPONSE_LATE,1.22773406461912,0.478417152434461,PRSS23
D5_center_primary,ESTROGEN_RESPONSE_LATE,1.22773406461912,0.478417152434461,ALDH3A2
D5_center_primary,ESTROGEN_RESPONSE_LATE,1.22773406461912,0.478417152434461,FKBP5
D5_center_primary,ESTROGEN_RESPONSE_LATE,1.22773406461912,0.478417152434461,ADD3
D5_center_primary,ESTROGEN_RESPONSE_LATE,1.22773406461912,0.478417152434461,SLC27A2
D5_center_primary,ESTROGEN_RESPONSE_LATE,1.22773406461912,0.478417152434461,RABEP1
D5_center_primary,ESTROGEN_RESPONSE_LATE,1.22773406461912,0.478417152434461,PAPSS2
D5_center_primary,ESTROGEN_RESPONSE_LATE,1.22773406461912,0.478417152434461,ASS1
D5_center_primary,ESTROGEN_RESPONSE_LATE,1.22773406461912,0.478417152434461,TST
D5_center_primary,ESTROGEN_RESPONSE_LATE,1.22773406461912,0.478417152434461,HMGCS2
D5_center_primary,ESTROGEN_RESPONSE_LATE,1.22773406461912,0.478417152434461,GLA
D5_center_primary,ESTROGEN_RESPONSE_LATE,1.22773406461912,0.478417152434461,ALDH3B1
D5_center_primary,ESTROGEN_RESPONSE_LATE,1.22773406461912,0.478417152434461,HPRT1
D5_center_primary,ESTROGEN_RESPONSE_LATE,1.22773406461912,0.478417152434461,RPS6KA2
D5_center_primary,ESTROGEN_RESPONSE_LATE,1.22773406461912,0.478417152434461,CDH1
D5_center_primary,FATTY_ACID_METABOLISM,0.804892980282301,0.923286986095829,CBR1
D5_center_primary,FATTY_ACID_METABOLISM,0.804892980282301,0.923286986095829,CBR3
D5_center_primary,FATTY_ACID_METABOLISM,0.804892980282301,0.923286986095829,ACADS
D5_center_primary,FATTY_ACID_METABOLISM,0.804892980282301,0.923286986095829,LGALS1
D5_center_primary,FATTY_ACID_METABOLISM,0.804892980282301,0.923286986095829,ACAA2
D5_center_primary,FATTY_ACID_METABOLISM,0.804892980282301,0.923286986095829,SUCLG2
D5_center_primary,FATTY_ACID_METABOLISM,0.804892980282301,0.923286986095829,HMGCL
D5_center_primary,FATTY_ACID_METABOLISM,0.804892980282301,0.923286986095829,GRHPR
D5_center_primary,FATTY_ACID_METABOLISM,0.804892980282301,0.923286986095829,METAP1
D5_center_primary,FATTY_ACID_METABOLISM,0.804892980282301,0.923286986095829,H2AZ1
D5_center_primary,FATTY_ACID_METABOLISM,0.804892980282301,0.923286986095829,UGDH
D5_center_primary,FATTY_ACID_METABOLISM,0.804892980282301,0.923286986095829,HSD17B11
D5_center_primary,FATTY_ACID_METABOLISM,0.804892980282301,0.923286986095829,ECI2
D5_center_primary,FATTY_ACID_METABOLISM,0.804892980282301,0.923286986095829,DLD
D5_center_primary,FATTY_ACID_METABOLISM,0.804892980282301,0.923286986095829,ETFDH
D5_center_primary,FATTY_ACID_METABOLISM,0.804892980282301,0.923286986095829,ACAA1
D5_center_primary,FATTY_ACID_METABOLISM,0.804892980282301,0.923286986095829,MCEE
D5_center_primary,FATTY_ACID_METABOLISM,0.804892980282301,0.923286986095829,EPHX1
D5_center_primary,FATTY_ACID_METABOLISM,0.804892980282301,0.923286986095829,ACOT8
D5_center_primary,FATTY_ACID_METABOLISM,0.804892980282301,0.923286986095829,IDH1
D5_center_primary,FATTY_ACID_METABOLISM,0.804892980282301,0.923286986095829,ACSL1
D5_center_primary,FATTY_ACID_METABOLISM,0.804892980282301,0.923286986095829,SMS
D5_center_primary,FATTY_ACID_METABOLISM,0.804892980282301,0.923286986095829,ALDH9A1
D5_center_primary,FATTY_ACID_METABOLISM,0.804892980282301,0.923286986095829,ALDH3A2
D5_center_primary,FATTY_ACID_METABOLISM,0.804892980282301,0.923286986095829,CRYZ
D5_center_primary,FATTY_ACID_METABOLISM,0.804892980282301,0.923286986095829,RAP1GDS1
D5_center_primary,FATTY_ACID_METABOLISM,0.804892980282301,0.923286986095829,NSDHL
D5_center_primary,FATTY_ACID_METABOLISM,0.804892980282301,0.923286986095829,GPD2
D5_center_primary,FATTY_ACID_METABOLISM,0.804892980282301,0.923286986095829,CPOX
D5_center_primary,FATTY_ACID_METABOLISM,0.804892980282301,0.923286986095829,MIF
D5_center_primary,FATTY_ACID_METABOLISM,0.804892980282301,0.923286986095829,CRAT
D5_center_primary,FATTY_ACID_METABOLISM,0.804892980282301,0.923286986095829,HMGCS2
D5_center_primary,G2M_CHECKPOINT,1.10343115795596,0.554158831766353,EWSR1
D5_center_primary,G2M_CHECKPOINT,1.10343115795596,0.554158831766353,MARCKS
D5_center_primary,G2M_CHECKPOINT,1.10343115795596,0.554158831766353,MT2A
D5_center_primary,G2M_CHECKPOINT,1.10343115795596,0.554158831766353,G3BP1
D5_center_primary,G2M_CHECKPOINT,1.10343115795596,0.554158831766353,GSPT1
D5_center_primary,G2M_CHECKPOINT,1.10343115795596,0.554158831766353,LMNB1
D5_center_primary,G2M_CHECKPOINT,1.10343115795596,0.554158831766353,DTYMK
D5_center_primary,G2M_CHECKPOINT,1.10343115795596,0.554158831766353,HMGA1
D5_center_primary,G2M_CHECKPOINT,1.10343115795596,0.554158831766353,TMPO
D5_center_primary,G2M_CHECKPOINT,1.10343115795596,0.554158831766353,H2AZ1
D5_center_primary,G2M_CHECKPOINT,1.10343115795596,0.554158831766353,SFPQ
D5_center_primary,G2M_CHECKPOINT,1.10343115795596,0.554158831766353,LBR
D5_center_primary,G2M_CHECKPOINT,1.10343115795596,0.554158831766353,ILF3
D5_center_primary,G2M_CHECKPOINT,1.10343115795596,0.554158831766353,SRSF1
D5_center_primary,G2M_CHECKPOINT,1.10343115795596,0.554158831766353,CUL1
D5_center_primary,G2M_CHECKPOINT,1.10343115795596,0.554158831766353,CUL4A
D5_center_primary,G2M_CHECKPOINT,1.10343115795596,0.554158831766353,SMC2
D5_center_primary,G2M_CHECKPOINT,1.10343115795596,0.554158831766353,PML
D5_center_primary,G2M_CHECKPOINT,1.10343115795596,0.554158831766353,CDC27
D5_center_primary,G2M_CHECKPOINT,1.10343115795596,0.554158831766353,SMC1A
D5_center_primary,G2M_CHECKPOINT,1.10343115795596,0.554158831766353,NOTCH2
D5_center_primary,G2M_CHECKPOINT,1.10343115795596,0.554158831766353,HMGN2
D5_center_primary,G2M_CHECKPOINT,1.10343115795596,0.554158831766353,UPF1
D5_center_primary,G2M_CHECKPOINT,1.10343115795596,0.554158831766353,H2AX
D5_center_primary,G2M_CHECKPOINT,1.10343115795596,0.554158831766353,CHMP1A
D5_center_primary,GLYCOLYSIS,1.17759016646563,0.478417152434461,AGRN
D5_center_primary,GLYCOLYSIS,1.17759016646563,0.478417152434461,B4GALT1
D5_center_primary,GLYCOLYSIS,1.17759016646563,0.478417152434461,VCAN
D5_center_primary,GLYCOLYSIS,1.17759016646563,0.478417152434461,STC2
D5_center_primary,GLYCOLYSIS,1.17759016646563,0.478417152434461,ENO1
D5_center_primary,GLYCOLYSIS,1.17759016646563,0.478417152434461,P4HA1
D5_center_primary,GLYCOLYSIS,1.17759016646563,0.478417152434461,ANGPTL4
D5_center_primary,GLYCOLYSIS,1.17759016646563,0.478417152434461,GALK1
D5_center_primary,GLYCOLYSIS,1.17759016646563,0.478417152434461,FUT8
D5_center_primary,GLYCOLYSIS,1.17759016646563,0.478417152434461,IRS2
D5_center_primary,GLYCOLYSIS,1.17759016646563,0.478417152434461,PMM2
D5_center_primary,GLYCOLYSIS,1.17759016646563,0.478417152434461,PLOD1
D5_center_primary,GLYCOLYSIS,1.17759016646563,0.478417152434461,PKM
D5_center_primary,GLYCOLYSIS,1.17759016646563,0.478417152434461,AGL
D5_center_primary,GLYCOLYSIS,1.17759016646563,0.478417152434461,PFKP
D5_center_primary,GLYCOLYSIS,1.17759016646563,0.478417152434461,GYS1
D5_center_primary,GLYCOLYSIS,1.17759016646563,0.478417152434461,DLD
D5_center_primary,GLYCOLYSIS,1.17759016646563,0.478417152434461,CASP6
D5_center_primary,GLYCOLYSIS,1.17759016646563,0.478417152434461,SLC16A3
D5_center_primary,GLYCOLYSIS,1.17759016646563,0.478417152434461,RARS1
D5_center_primary,GLYCOLYSIS,1.17759016646563,0.478417152434461,XYLT2
D5_center_primary,GLYCOLYSIS,1.17759016646563,0.478417152434461,PGLS
D5_center_primary,GLYCOLYSIS,1.17759016646563,0.478417152434461,B3GALT6
D5_center_primary,GLYCOLYSIS,1.17759016646563,0.478417152434461,SLC25A10
D5_center_primary,GLYCOLYSIS,1.17759016646563,0.478417152434461,IDH1
D5_center_primary,GLYCOLYSIS,1.17759016646563,0.478417152434461,EXT1
D5_center_primary,GLYCOLYSIS,1.17759016646563,0.478417152434461,CHST12
D5_center_primary,GLYCOLYSIS,1.17759016646563,0.478417152434461,PGK1
D5_center_primary,GLYCOLYSIS,1.17759016646563,0.478417152434461,PRPS1
D5_center_primary,GLYCOLYSIS,1.17759016646563,0.478417152434461,ALDH9A1
D5_center_primary,HEME_METABOLISM,0.950106811545246,0.775072661591142,GMPS
D5_center_primary,HEME_METABOLISM,0.950106811545246,0.775072661591142,HTATIP2
D5_center_primary,HEME_METABOLISM,0.950106811545246,0.775072661591142,SYNJ1
D5_center_primary,HEME_METABOLISM,0.950106811545246,0.775072661591142,TRIM58
D5_center_primary,HEME_METABOLISM,0.950106811545246,0.775072661591142,MAP2K3
D5_center_primary,HEME_METABOLISM,0.950106811545246,0.775072661591142,OPTN
D5_center_primary,HEME_METABOLISM,0.950106811545246,0.775072661591142,BLVRB
D5_center_primary,HEME_METABOLISM,0.950106811545246,0.775072661591142,TNS1
D5_center_primary,HEME_METABOLISM,0.950106811545246,0.775072661591142,ATP6V0A1
D5_center_primary,HEME_METABOLISM,0.950106811545246,0.775072661591142,ARHGEF12
D5_center_primary,HEME_METABOLISM,0.950106811545246,0.775072661591142,MYL4
D5_center_primary,HEME_METABOLISM,0.950106811545246,0.775072661591142,ALDH6A1
D5_center_primary,HEME_METABOLISM,0.950106811545246,0.775072661591142,MGST3
D5_center_primary,HEME_METABOLISM,0.950106811545246,0.775072661591142,CTSB
D5_center_primary,HEME_METABOLISM,0.950106811545246,0.775072661591142,CDC27
D5_center_primary,HEME_METABOLISM,0.950106811545246,0.775072661591142,PGLS
D5_center_primary,HEME_METABOLISM,0.950106811545246,0.775072661591142,TMCC2
D5_center_primary,HEME_METABOLISM,0.950106811545246,0.775072661591142,KHNYN
D5_center_primary,HEME_METABOLISM,0.950106811545246,0.775072661591142,HAGH
D5_center_primary,HEME_METABOLISM,0.950106811545246,0.775072661591142,GAPVD1
D5_center_primary,HEME_METABOLISM,0.950106811545246,0.775072661591142,FECH
D5_center_primary,HEME_METABOLISM,0.950106811545246,0.775072661591142,PICALM
D5_center_primary,HEME_METABOLISM,0.950106811545246,0.775072661591142,CCND3
D5_center_primary,HEME_METABOLISM,0.950106811545246,0.775072661591142,GCLM
D5_center_primary,HEME_METABOLISM,0.950106811545246,0.775072661591142,BMP2K
D5_center_primary,HEME_METABOLISM,0.950106811545246,0.775072661591142,NEK7
D5_center_primary,HEME_METABOLISM,0.950106811545246,0.775072661591142,CPOX
D5_center_primary,HEME_METABOLISM,0.950106811545246,0.775072661591142,FTCD
D5_center_primary,HEME_METABOLISM,0.950106811545246,0.775072661591142,SDCBP
D5_center_primary,HEME_METABOLISM,0.950106811545246,0.775072661591142,MARK3
D5_center_primary,HEME_METABOLISM,0.950106811545246,0.775072661591142,RBM38
D5_center_primary,HEME_METABOLISM,0.950106811545246,0.775072661591142,GDE1
D5_center_primary,HYPOXIA,1.3427194231966,0.3412047228337,LOX
D5_center_primary,HYPOXIA,1.3427194231966,0.3412047228337,CCN5
D5_center_primary,HYPOXIA,1.3427194231966,0.3412047228337,STC2
D5_center_primary,HYPOXIA,1.3427194231966,0.3412047228337,ENO1
D5_center_primary,HYPOXIA,1.3427194231966,0.3412047228337,CSRP2
D5_center_primary,HYPOXIA,1.3427194231966,0.3412047228337,HMOX1
D5_center_primary,HYPOXIA,1.3427194231966,0.3412047228337,P4HA1
D5_center_primary,HYPOXIA,1.3427194231966,0.3412047228337,ANGPTL4
D5_center_primary,HYPOXIA,1.3427194231966,0.3412047228337,GALK1
D5_center_primary,HYPOXIA,1.3427194231966,0.3412047228337,MT2A
D5_center_primary,HYPOXIA,1.3427194231966,0.3412047228337,IRS2
D5_center_primary,HYPOXIA,1.3427194231966,0.3412047228337,GRHPR
D5_center_primary,HYPOXIA,1.3427194231966,0.3412047228337,XPNPEP1
D5_center_primary,HYPOXIA,1.3427194231966,0.3412047228337,PFKP
D5_center_primary,HYPOXIA,1.3427194231966,0.3412047228337,EFNA1
D5_center_primary,HYPOXIA,1.3427194231966,0.3412047228337,GYS1
D5_center_primary,HYPOXIA,1.3427194231966,0.3412047228337,CASP6
D5_center_primary,HYPOXIA,1.3427194231966,0.3412047228337,PRDX5
D5_center_primary,HYPOXIA,1.3427194231966,0.3412047228337,TES
D5_center_primary,HYPOXIA,1.3427194231966,0.3412047228337,TPST2
D5_center_primary,HYPOXIA,1.3427194231966,0.3412047228337,GAPDH
D5_center_primary,HYPOXIA,1.3427194231966,0.3412047228337,JMJD6
D5_center_primary,HYPOXIA,1.3427194231966,0.3412047228337,ILVBL
D5_center_primary,HYPOXIA,1.3427194231966,0.3412047228337,B3GALT6
D5_center_primary,HYPOXIA,1.3427194231966,0.3412047228337,PDK1
D5_center_primary,HYPOXIA,1.3427194231966,0.3412047228337,CCN1
D5_center_primary,HYPOXIA,1.3427194231966,0.3412047228337,PRKCA
D5_center_primary,HYPOXIA,1.3427194231966,0.3412047228337,PFKL
D5_center_primary,HYPOXIA,1.3427194231966,0.3412047228337,EXT1
D5_center_primary,HYPOXIA,1.3427194231966,0.3412047228337,PGK1
D5_center_primary,HYPOXIA,1.3427194231966,0.3412047228337,CAVIN1
D5_center_primary,HYPOXIA,1.3427194231966,0.3412047228337,PKLR
D5_center_primary,HYPOXIA,1.3427194231966,0.3412047228337,ERO1A
D5_center_primary,HYPOXIA,1.3427194231966,0.3412047228337,HEXA
D5_center_primary,IL2_STAT5_SIGNALING,1.331793222081,0.407722007722008,COL6A1
D5_center_primary,IL2_STAT5_SIGNALING,1.331793222081,0.407722007722008,CXCL10
D5_center_primary,IL2_STAT5_SIGNALING,1.331793222081,0.407722007722008,AHNAK
D5_center_primary,IL2_STAT5_SIGNALING,1.331793222081,0.407722007722008,FURIN
D5_center_primary,IL2_STAT5_SIGNALING,1.331793222081,0.407722007722008,FGL2
D5_center_primary,IL2_STAT5_SIGNALING,1.331793222081,0.407722007722008,NRP1
D5_center_primary,IL2_STAT5_SIGNALING,1.331793222081,0.407722007722008,P4HA1
D5_center_primary,IL2_STAT5_SIGNALING,1.331793222081,0.407722007722008,PRNP
D5_center_primary,IL2_STAT5_SIGNALING,1.331793222081,0.407722007722008,BMP2
D5_center_primary,IL2_STAT5_SIGNALING,1.331793222081,0.407722007722008,IGF2R
D5_center_primary,IL2_STAT5_SIGNALING,1.331793222081,0.407722007722008,CAPG
D5_center_primary,IL2_STAT5_SIGNALING,1.331793222081,0.407722007722008,TNFSF10
D5_center_primary,IL2_STAT5_SIGNALING,1.331793222081,0.407722007722008,MYO1E
D5_center_primary,IL2_STAT5_SIGNALING,1.331793222081,0.407722007722008,SNX9
D5_center_primary,IL2_STAT5_SIGNALING,1.331793222081,0.407722007722008,PLSCR1
D5_center_primary,IL2_STAT5_SIGNALING,1.331793222081,0.407722007722008,ITIH5
D5_center_primary,IL6_JAK_STAT3_SIGNALING,0.889840663801732,0.780846600024682,CXCL10
D5_center_primary,IL6_JAK_STAT3_SIGNALING,0.889840663801732,0.780846600024682,HMOX1
D5_center_primary,IL6_JAK_STAT3_SIGNALING,0.889840663801732,0.780846600024682,EBI3
D5_center_primary,IL6_JAK_STAT3_SIGNALING,0.889840663801732,0.780846600024682,STAT2
D5_center_primary,IL6_JAK_STAT3_SIGNALING,0.889840663801732,0.780846600024682,MYD88
D5_center_primary,IL6_JAK_STAT3_SIGNALING,0.889840663801732,0.780846600024682,STAT1
D5_center_primary,IL6_JAK_STAT3_SIGNALING,0.889840663801732,0.780846600024682,TLR2
D5_center_primary,IL6_JAK_STAT3_SIGNALING,0.889840663801732,0.780846600024682,CBL
D5_center_primary,INFLAMMATORY_RESPONSE,0.957849534479476,0.760493827160494,MSR1
D5_center_primary,INFLAMMATORY_RESPONSE,0.957849534479476,0.760493827160494,STAB1
D5_center_primary,INFLAMMATORY_RESPONSE,0.957849534479476,0.760493827160494,TNFAIP6
D5_center_primary,INFLAMMATORY_RESPONSE,0.957849534479476,0.760493827160494,CXCL10
D5_center_primary,INFLAMMATORY_RESPONSE,0.957849534479476,0.760493827160494,TNFSF10
D5_center_primary,INFLAMMATORY_RESPONSE,0.957849534479476,0.760493827160494,EBI3
D5_center_primary,INFLAMMATORY_RESPONSE,0.957849534479476,0.760493827160494,CCL24
D5_center_primary,INFLAMMATORY_RESPONSE,0.957849534479476,0.760493827160494,RHOG
D5_center_primary,INFLAMMATORY_RESPONSE,0.957849534479476,0.760493827160494,SCARF1
D5_center_primary,INFLAMMATORY_RESPONSE,0.957849534479476,0.760493827160494,CCRL2
D5_center_primary,INFLAMMATORY_RESPONSE,0.957849534479476,0.760493827160494,TLR2
D5_center_primary,INFLAMMATORY_RESPONSE,0.957849534479476,0.760493827160494,NFKB1
D5_center_primary,INFLAMMATORY_RESPONSE,0.957849534479476,0.760493827160494,EIF2AK2
D5_center_primary,INFLAMMATORY_RESPONSE,0.957849534479476,0.760493827160494,NAMPT
D5_center_primary,INFLAMMATORY_RESPONSE,0.957849534479476,0.760493827160494,SELENOS
D5_center_primary,INFLAMMATORY_RESPONSE,0.957849534479476,0.760493827160494,ABI1
D5_center_primary,INFLAMMATORY_RESPONSE,0.957849534479476,0.760493827160494,ICAM1
D5_center_primary,INFLAMMATORY_RESPONSE,0.957849534479476,0.760493827160494,PROK2
D5_center_primary,INFLAMMATORY_RESPONSE,0.957849534479476,0.760493827160494,CXCL9
D5_center_primary,INFLAMMATORY_RESPONSE,0.957849534479476,0.760493827160494,CYBB
D5_center_primary,INFLAMMATORY_RESPONSE,0.957849534479476,0.760493827160494,RELA
D5_center_primary,INFLAMMATORY_RESPONSE,0.957849534479476,0.760493827160494,SELE
D5_center_primary,INFLAMMATORY_RESPONSE,0.957849534479476,0.760493827160494,LCP2
D5_center_primary,INFLAMMATORY_RESPONSE,0.957849534479476,0.760493827160494,TIMP1
D5_center_primary,INFLAMMATORY_RESPONSE,0.957849534479476,0.760493827160494,MMP14
D5_center_primary,INTERFERON_ALPHA_RESPONSE,0.953810692687178,0.760493827160494,CXCL10
D5_center_primary,INTERFERON_ALPHA_RESPONSE,0.953810692687178,0.760493827160494,PLSCR1
D5_center_primary,INTERFERON_ALPHA_RESPONSE,0.953810692687178,0.760493827160494,LGALS3BP
D5_center_primary,INTERFERON_ALPHA_RESPONSE,0.953810692687178,0.760493827160494,GMPR
D5_center_primary,INTERFERON_ALPHA_RESPONSE,0.953810692687178,0.760493827160494,STAT2
D5_center_primary,INTERFERON_ALPHA_RESPONSE,0.953810692687178,0.760493827160494,IFI35
D5_center_primary,INTERFERON_ALPHA_RESPONSE,0.953810692687178,0.760493827160494,WARS1
D5_center_primary,INTERFERON_ALPHA_RESPONSE,0.953810692687178,0.760493827160494,PARP9
D5_center_primary,INTERFERON_ALPHA_RESPONSE,0.953810692687178,0.760493827160494,SAMD9
D5_center_primary,INTERFERON_ALPHA_RESPONSE,0.953810692687178,0.760493827160494,PARP14
D5_center_primary,INTERFERON_ALPHA_RESPONSE,0.953810692687178,0.760493827160494,CCRL2
D5_center_primary,INTERFERON_ALPHA_RESPONSE,0.953810692687178,0.760493827160494,LAP3
D5_center_primary,INTERFERON_ALPHA_RESPONSE,0.953810692687178,0.760493827160494,EIF2AK2
D5_center_primary,INTERFERON_ALPHA_RESPONSE,0.953810692687178,0.760493827160494,PARP12
D5_center_primary,INTERFERON_ALPHA_RESPONSE,0.953810692687178,0.760493827160494,C1S
D5_center_primary,INTERFERON_ALPHA_RESPONSE,0.953810692687178,0.760493827160494,CNP
D5_center_primary,INTERFERON_ALPHA_RESPONSE,0.953810692687178,0.760493827160494,HLA-C
D5_center_primary,INTERFERON_ALPHA_RESPONSE,0.953810692687178,0.760493827160494,TRIM25
D5_center_primary,INTERFERON_ALPHA_RESPONSE,0.953810692687178,0.760493827160494,RNF31
D5_center_primary,INTERFERON_ALPHA_RESPONSE,0.953810692687178,0.760493827160494,SELL
D5_center_primary,INTERFERON_ALPHA_RESPONSE,0.953810692687178,0.760493827160494,NCOA7
D5_center_primary,INTERFERON_ALPHA_RESPONSE,0.953810692687178,0.760493827160494,PSME2
D5_center_primary,INTERFERON_ALPHA_RESPONSE,0.953810692687178,0.760493827160494,NMI
D5_center_primary,INTERFERON_ALPHA_RESPONSE,0.953810692687178,0.760493827160494,TRIM21
D5_center_primary,INTERFERON_ALPHA_RESPONSE,0.953810692687178,0.760493827160494,TDRD7
D5_center_primary,INTERFERON_ALPHA_RESPONSE,0.953810692687178,0.760493827160494,BST2
D5_center_primary,INTERFERON_GAMMA_RESPONSE,1.09140798157557,0.554158831766353,TNFAIP6
D5_center_primary,INTERFERON_GAMMA_RESPONSE,1.09140798157557,0.554158831766353,CXCL10
D5_center_primary,INTERFERON_GAMMA_RESPONSE,1.09140798157557,0.554158831766353,FGL2
D5_center_primary,INTERFERON_GAMMA_RESPONSE,1.09140798157557,0.554158831766353,PTPN6
D5_center_primary,INTERFERON_GAMMA_RESPONSE,1.09140798157557,0.554158831766353,MT2A
D5_center_primary,INTERFERON_GAMMA_RESPONSE,1.09140798157557,0.554158831766353,TNFSF10
D5_center_primary,INTERFERON_GAMMA_RESPONSE,1.09140798157557,0.554158831766353,C1R
D5_center_primary,INTERFERON_GAMMA_RESPONSE,1.09140798157557,0.554158831766353,VCAM1
D5_center_primary,INTERFERON_GAMMA_RESPONSE,1.09140798157557,0.554158831766353,RNF213
D5_center_primary,INTERFERON_GAMMA_RESPONSE,1.09140798157557,0.554158831766353,PLSCR1
D5_center_primary,INTERFERON_GAMMA_RESPONSE,1.09140798157557,0.554158831766353,LGALS3BP
D5_center_primary,INTERFERON_GAMMA_RESPONSE,1.09140798157557,0.554158831766353,STAT2
D5_center_primary,INTERFERON_GAMMA_RESPONSE,1.09140798157557,0.554158831766353,PFKP
D5_center_primary,INTERFERON_GAMMA_RESPONSE,1.09140798157557,0.554158831766353,IFI35
D5_center_primary,INTERFERON_GAMMA_RESPONSE,1.09140798157557,0.554158831766353,MYD88
D5_center_primary,INTERFERON_GAMMA_RESPONSE,1.09140798157557,0.554158831766353,SELP
D5_center_primary,INTERFERON_GAMMA_RESPONSE,1.09140798157557,0.554158831766353,WARS1
D5_center_primary,INTERFERON_GAMMA_RESPONSE,1.09140798157557,0.554158831766353,PARP14
D5_center_primary,INTERFERON_GAMMA_RESPONSE,1.09140798157557,0.554158831766353,PML
D5_center_primary,INTERFERON_GAMMA_RESPONSE,1.09140798157557,0.554158831766353,STAT1
D5_center_primary,INTERFERON_GAMMA_RESPONSE,1.09140798157557,0.554158831766353,NFKB1
D5_center_primary,INTERFERON_GAMMA_RESPONSE,1.09140798157557,0.554158831766353,LAP3
D5_center_primary,INTERFERON_GAMMA_RESPONSE,1.09140798157557,0.554158831766353,VAMP8
D5_center_primary,INTERFERON_GAMMA_RESPONSE,1.09140798157557,0.554158831766353,EIF2AK2
D5_center_primary,INTERFERON_GAMMA_RESPONSE,1.09140798157557,0.554158831766353,NAMPT
D5_center_primary,INTERFERON_GAMMA_RESPONSE,1.09140798157557,0.554158831766353,OAS2
D5_center_primary,INTERFERON_GAMMA_RESPONSE,1.09140798157557,0.554158831766353,PARP12
D5_center_primary,INTERFERON_GAMMA_RESPONSE,1.09140798157557,0.554158831766353,ICAM1
D5_center_primary,INTERFERON_GAMMA_RESPONSE,1.09140798157557,0.554158831766353,CXCL9
D5_center_primary,INTERFERON_GAMMA_RESPONSE,1.09140798157557,0.554158831766353,RIGI
D5_center_primary,INTERFERON_GAMMA_RESPONSE,1.09140798157557,0.554158831766353,TNFAIP2
D5_center_primary,INTERFERON_GAMMA_RESPONSE,1.09140798157557,0.554158831766353,C1S
D5_center_primary,INTERFERON_GAMMA_RESPONSE,1.09140798157557,0.554158831766353,LCP2
D5_center_primary,INTERFERON_GAMMA_RESPONSE,1.09140798157557,0.554158831766353,CASP3
D5_center_primary,INTERFERON_GAMMA_RESPONSE,1.09140798157557,0.554158831766353,MVP
D5_center_primary,INTERFERON_GAMMA_RESPONSE,1.09140798157557,0.554158831766353,HLA-A
D5_center_primary,INTERFERON_GAMMA_RESPONSE,1.09140798157557,0.554158831766353,OAS3
D5_center_primary,INTERFERON_GAMMA_RESPONSE,1.09140798157557,0.554158831766353,PLA2G4A
D5_center_primary,INTERFERON_GAMMA_RESPONSE,1.09140798157557,0.554158831766353,PTPN1
D5_center_primary,INTERFERON_GAMMA_RESPONSE,1.09140798157557,0.554158831766353,TRIM25
D5_center_primary,KRAS_SIGNALING_DN,1.07699541621101,0.613817846994015,LFNG
D5_center_primary,KRAS_SIGNALING_DN,1.07699541621101,0.613817846994015,IGFBP2
D5_center_primary,KRAS_SIGNALING_DN,1.07699541621101,0.613817846994015,SELENOP
D5_center_primary,KRAS_SIGNALING_UP,1.29263308347743,0.459879518072289,CXCL10
D5_center_primary,KRAS_SIGNALING_UP,1.29263308347743,0.459879518072289,PLAT
D5_center_primary,KRAS_SIGNALING_UP,1.29263308347743,0.459879518072289,ADAMDEC1
D5_center_primary,KRAS_SIGNALING_UP,1.29263308347743,0.459879518072289,NRP1
D5_center_primary,KRAS_SIGNALING_UP,1.29263308347743,0.459879518072289,ANGPTL4
D5_center_primary,KRAS_SIGNALING_UP,1.29263308347743,0.459879518072289,BMP2
D5_center_primary,KRAS_SIGNALING_UP,1.29263308347743,0.459879518072289,WDR33
D5_center_primary,KRAS_SIGNALING_UP,1.29263308347743,0.459879518072289,SPON1
D5_center_primary,KRAS_SIGNALING_UP,1.29263308347743,0.459879518072289,SEMA3B
D5_center_primary,KRAS_SIGNALING_UP,1.29263308347743,0.459879518072289,SPARCL1
D5_center_primary,KRAS_SIGNALING_UP,1.29263308347743,0.459879518072289,ST6GAL1
D5_center_primary,MITOTIC_SPINDLE,1.16034900621664,0.478417152434461,WASL
D5_center_primary,MITOTIC_SPINDLE,1.16034900621664,0.478417152434461,CD2AP
D5_center_primary,MITOTIC_SPINDLE,1.16034900621664,0.478417152434461,MARCKS
D5_center_primary,MITOTIC_SPINDLE,1.16034900621664,0.478417152434461,SEPTIN9
D5_center_primary,MITOTIC_SPINDLE,1.16034900621664,0.478417152434461,MAPRE1
D5_center_primary,MITOTIC_SPINDLE,1.16034900621664,0.478417152434461,WASF2
D5_center_primary,MITOTIC_SPINDLE,1.16034900621664,0.478417152434461,ARL8A
D5_center_primary,MITOTIC_SPINDLE,1.16034900621664,0.478417152434461,MYO1E
D5_center_primary,MITOTIC_SPINDLE,1.16034900621664,0.478417152434461,LMNB1
D5_center_primary,MITOTIC_SPINDLE,1.16034900621664,0.478417152434461,KATNB1
D5_center_primary,MITOTIC_SPINDLE,1.16034900621664,0.478417152434461,FSCN1
D5_center_primary,MITOTIC_SPINDLE,1.16034900621664,0.478417152434461,EZR
D5_center_primary,MITOTIC_SPINDLE,1.16034900621664,0.478417152434461,ARHGEF7
D5_center_primary,MITOTIC_SPINDLE,1.16034900621664,0.478417152434461,MYH10
D5_center_primary,MITOTIC_SPINDLE,1.16034900621664,0.478417152434461,CLASP1
D5_center_primary,MITOTIC_SPINDLE,1.16034900621664,0.478417152434461,ARF6
D5_center_primary,MITOTIC_SPINDLE,1.16034900621664,0.478417152434461,DYNC1H1
D5_center_primary,MITOTIC_SPINDLE,1.16034900621664,0.478417152434461,ARHGEF12
D5_center_primary,MITOTIC_SPINDLE,1.16034900621664,0.478417152434461,STAU1
D5_center_primary,MITOTIC_SPINDLE,1.16034900621664,0.478417152434461,SORBS2
D5_center_primary,MITOTIC_SPINDLE,1.16034900621664,0.478417152434461,SPTAN1
D5_center_primary,MITOTIC_SPINDLE,1.16034900621664,0.478417152434461,CDC42
D5_center_primary,MITOTIC_SPINDLE,1.16034900621664,0.478417152434461,SPTBN1
D5_center_primary,MITOTIC_SPINDLE,1.16034900621664,0.478417152434461,FLNB
D5_center_primary,MITOTIC_SPINDLE,1.16034900621664,0.478417152434461,CDC27
D5_center_primary,MITOTIC_SPINDLE,1.16034900621664,0.478417152434461,SMC1A
D5_center_primary,MITOTIC_SPINDLE,1.16034900621664,0.478417152434461,RASA1
D5_center_primary,MITOTIC_SPINDLE,1.16034900621664,0.478417152434461,PDLIM5
D5_center_primary,MITOTIC_SPINDLE,1.16034900621664,0.478417152434461,EPB41L2
D5_center_primary,MITOTIC_SPINDLE,1.16034900621664,0.478417152434461,NOTCH2
D5_center_primary,MITOTIC_SPINDLE,1.16034900621664,0.478417152434461,ARHGEF2
D5_center_primary,MITOTIC_SPINDLE,1.16034900621664,0.478417152434461,TUBGCP2
D5_center_primary,MITOTIC_SPINDLE,1.16034900621664,0.478417152434461,ABI1
D5_center_primary,MITOTIC_SPINDLE,1.16034900621664,0.478417152434461,DOCK2
D5_center_primary,MITOTIC_SPINDLE,1.16034900621664,0.478417152434461,MAP1S
D5_center_primary,MITOTIC_SPINDLE,1.16034900621664,0.478417152434461,RABGAP1
D5_center_primary,MITOTIC_SPINDLE,1.16034900621664,0.478417152434461,ARHGAP4
D5_center_primary,MITOTIC_SPINDLE,1.16034900621664,0.478417152434461,SOS1
D5_center_primary,MITOTIC_SPINDLE,1.16034900621664,0.478417152434461,HDAC6
D5_center_primary,MITOTIC_SPINDLE,1.16034900621664,0.478417152434461,DYNLL2
D5_center_primary,MITOTIC_SPINDLE,1.16034900621664,0.478417152434461,BCR
D5_center_primary,MITOTIC_SPINDLE,1.16034900621664,0.478417152434461,ARHGAP10
D5_center_primary,MITOTIC_SPINDLE,1.16034900621664,0.478417152434461,RHOT2
D5_center_primary,MITOTIC_SPINDLE,1.16034900621664,0.478417152434461,RALBP1
D5_center_primary,MITOTIC_SPINDLE,1.16034900621664,0.478417152434461,ROCK1
D5_center_primary,MITOTIC_SPINDLE,1.16034900621664,0.478417152434461,CCDC88A
D5_center_primary,MITOTIC_SPINDLE,1.16034900621664,0.478417152434461,MYO9B
D5_center_primary,MITOTIC_SPINDLE,1.16034900621664,0.478417152434461,FGD4
D5_center_primary,MITOTIC_SPINDLE,1.16034900621664,0.478417152434461,RICTOR
D5_center_primary,MITOTIC_SPINDLE,1.16034900621664,0.478417152434461,WASF1
D5_center_primary,MITOTIC_SPINDLE,1.16034900621664,0.478417152434461,PREX1
D5_center_primary,MITOTIC_SPINDLE,1.16034900621664,0.478417152434461,KLC1
D5_center_primary,MITOTIC_SPINDLE,1.16034900621664,0.478417152434461,SMC3
D5_center_primary,MITOTIC_SPINDLE,1.16034900621664,0.478417152434461,ATG4B
D5_center_primary,MITOTIC_SPINDLE,1.16034900621664,0.478417152434461,CDC42BPA
D5_center_primary,MITOTIC_SPINDLE,1.16034900621664,0.478417152434461,KIF5B
D5_center_primary,MITOTIC_SPINDLE,1.16034900621664,0.478417152434461,ARFGEF1
D5_center_primary,MITOTIC_SPINDLE,1.16034900621664,0.478417152434461,RHOF
D5_center_primary,MITOTIC_SPINDLE,1.16034900621664,0.478417152434461,KIF1B
D5_center_primary,MITOTIC_SPINDLE,1.16034900621664,0.478417152434461,CYTH2
D5_center_primary,MITOTIC_SPINDLE,1.16034900621664,0.478417152434461,CKAP5
D5_center_primary,MITOTIC_SPINDLE,1.16034900621664,0.478417152434461,DLG1
D5_center_primary,MITOTIC_SPINDLE,1.16034900621664,0.478417152434461,OPHN1
D5_center_primary,MITOTIC_SPINDLE,1.16034900621664,0.478417152434461,TUBGCP3
D5_center_primary,MITOTIC_SPINDLE,1.16034900621664,0.478417152434461,LRPPRC
D5_center_primary,MITOTIC_SPINDLE,1.16034900621664,0.478417152434461,TAOK2
D5_center_primary,MITOTIC_SPINDLE,1.16034900621664,0.478417152434461,MYH9
D5_center_primary,MITOTIC_SPINDLE,1.16034900621664,0.478417152434461,RAB3GAP1
D5_center_primary,MITOTIC_SPINDLE,1.16034900621664,0.478417152434461,HOOK3
D5_center_primary,MITOTIC_SPINDLE,1.16034900621664,0.478417152434461,NCK1
D5_center_primary,MITOTIC_SPINDLE,1.16034900621664,0.478417152434461,PAFAH1B1
D5_center_primary,MITOTIC_SPINDLE,1.16034900621664,0.478417152434461,ARHGAP5
D5_center_primary,MTORC1_SIGNALING,0.859500989957277,0.913256042816771,CORO1A
D5_center_primary,MTORC1_SIGNALING,0.859500989957277,0.913256042816771,ENO1
D5_center_primary,MTORC1_SIGNALING,0.859500989957277,0.913256042816771,ETF1
D5_center_primary,MTORC1_SIGNALING,0.859500989957277,0.913256042816771,FGL2
D5_center_primary,MTORC1_SIGNALING,0.859500989957277,0.913256042816771,PDAP1
D5_center_primary,MTORC1_SIGNALING,0.859500989957277,0.913256042816771,CCT6A
D5_center_primary,MTORC1_SIGNALING,0.859500989957277,0.913256042816771,P4HA1
D5_center_primary,MTORC1_SIGNALING,0.859500989957277,0.913256042816771,GMPS
D5_center_primary,MTORC1_SIGNALING,0.859500989957277,0.913256042816771,CFP
D5_center_primary,MTORC1_SIGNALING,0.859500989957277,0.913256042816771,FDXR
D5_center_primary,MTORC1_SIGNALING,0.859500989957277,0.913256042816771,STIP1
D5_center_primary,MTORC1_SIGNALING,0.859500989957277,0.913256042816771,DHCR7
D5_center_primary,MTORC1_SIGNALING,0.859500989957277,0.913256042816771,MAP2K3
D5_center_primary,MTORC1_SIGNALING,0.859500989957277,0.913256042816771,GSK3B
D5_center_primary,MTORC1_SIGNALING,0.859500989957277,0.913256042816771,NMT1
D5_center_primary,MTORC1_SIGNALING,0.859500989957277,0.913256042816771,EPRS1
D5_center_primary,MTORC1_SIGNALING,0.859500989957277,0.913256042816771,WARS1
D5_center_primary,MTORC1_SIGNALING,0.859500989957277,0.913256042816771,SORD
D5_center_primary,MTORC1_SIGNALING,0.859500989957277,0.913256042816771,QDPR
D5_center_primary,MTORC1_SIGNALING,0.859500989957277,0.913256042816771,ATP6V1D
D5_center_primary,MTORC1_SIGNALING,0.859500989957277,0.913256042816771,CYB5B
D5_center_primary,MTORC1_SIGNALING,0.859500989957277,0.913256042816771,TUBG1
D5_center_primary,MTORC1_SIGNALING,0.859500989957277,0.913256042816771,HSPA4
D5_center_primary,MTORC1_SIGNALING,0.859500989957277,0.913256042816771,TES
D5_center_primary,MTORC1_SIGNALING,0.859500989957277,0.913256042816771,GAPDH
D5_center_primary,MTORC1_SIGNALING,0.859500989957277,0.913256042816771,ACACA
D5_center_primary,MTORC1_SIGNALING,0.859500989957277,0.913256042816771,IDH1
D5_center_primary,MTORC1_SIGNALING,0.859500989957277,0.913256042816771,PDK1
D5_center_primary,MTORC1_SIGNALING,0.859500989957277,0.913256042816771,NAMPT
D5_center_primary,MTORC1_SIGNALING,0.859500989957277,0.913256042816771,PFKL
D5_center_primary,MTORC1_SIGNALING,0.859500989957277,0.913256042816771,RIT1
D5_center_primary,MTORC1_SIGNALING,0.859500989957277,0.913256042816771,PGK1
D5_center_primary,MTORC1_SIGNALING,0.859500989957277,0.913256042816771,ABCF2
D5_center_primary,MTORC1_SIGNALING,0.859500989957277,0.913256042816771,PPA1
D5_center_primary,MTORC1_SIGNALING,0.859500989957277,0.913256042816771,ACSL3
D5_center_primary,MTORC1_SIGNALING,0.859500989957277,0.913256042816771,UBE2D3
D5_center_primary,MTORC1_SIGNALING,0.859500989957277,0.913256042816771,ERO1A
D5_center_primary,MTORC1_SIGNALING,0.859500989957277,0.913256042816771,ADD3
D5_center_primary,MTORC1_SIGNALING,0.859500989957277,0.913256042816771,TBK1
D5_center_primary,MTORC1_SIGNALING,0.859500989957277,0.913256042816771,RAB1A
D5_center_primary,MTORC1_SIGNALING,0.859500989957277,0.913256042816771,SDF2L1
D5_center_primary,MTORC1_SIGNALING,0.859500989957277,0.913256042816771,TOMM40
D5_center_primary,MTORC1_SIGNALING,0.859500989957277,0.913256042816771,PITPNB
D5_center_primary,MTORC1_SIGNALING,0.859500989957277,0.913256042816771,GLA
D5_center_primary,MTORC1_SIGNALING,0.859500989957277,0.913256042816771,SERPINH1
D5_center_primary,MTORC1_SIGNALING,0.859500989957277,0.913256042816771,HSPE1
D5_center_primary,MTORC1_SIGNALING,0.859500989957277,0.913256042816771,EEF1E1
D5_center_primary,MTORC1_SIGNALING,0.859500989957277,0.913256042816771,HPRT1
D5_center_primary,MTORC1_SIGNALING,0.859500989957277,0.913256042816771,PSMC2
D5_center_primary,MTORC1_SIGNALING,0.859500989957277,0.913256042816771,CANX
D5_center_primary,MTORC1_SIGNALING,0.859500989957277,0.913256042816771,IMMT
D5_center_primary,MTORC1_SIGNALING,0.859500989957277,0.913256042816771,EIF2S2
D5_center_primary,MTORC1_SIGNALING,0.859500989957277,0.913256042816771,HSP90B1
D5_center_primary,MTORC1_SIGNALING,0.859500989957277,0.913256042816771,SLC37A4
D5_center_primary,MTORC1_SIGNALING,0.859500989957277,0.913256042816771,SLC1A5
D5_center_primary,MTORC1_SIGNALING,0.859500989957277,0.913256042816771,IGFBP5
D5_center_primary,MTORC1_SIGNALING,0.859500989957277,0.913256042816771,PHGDH
D5_center_primary,MTORC1_SIGNALING,0.859500989957277,0.913256042816771,HSPA5
D5_center_primary,MTORC1_SIGNALING,0.859500989957277,0.913256042816771,PGM1
D5_center_primary,MTORC1_SIGNALING,0.859500989957277,0.913256042816771,ACTR2
D5_center_primary,MTORC1_SIGNALING,0.859500989957277,0.913256042816771,SEC11A
D5_center_primary,MTORC1_SIGNALING,0.859500989957277,0.913256042816771,PSMC4
D5_center_primary,MTORC1_SIGNALING,0.859500989957277,0.913256042816771,ARPC5L
D5_center_primary,MTORC1_SIGNALING,0.859500989957277,0.913256042816771,NIBAN1
D5_center_primary,MTORC1_SIGNALING,0.859500989957277,0.913256042816771,USO1
D5_center_primary,MTORC1_SIGNALING,0.859500989957277,0.913256042816771,G6PD
D5_center_primary,MTORC1_SIGNALING,0.859500989957277,0.913256042816771,CACYBP
D5_center_primary,MTORC1_SIGNALING,0.859500989957277,0.913256042816771,SLC6A6
D5_center_primary,MTORC1_SIGNALING,0.859500989957277,0.913256042816771,ITGB2
D5_center_primary,MTORC1_SIGNALING,0.859500989957277,0.913256042816771,LDHA
D5_center_primary,MTORC1_SIGNALING,0.859500989957277,0.913256042816771,RPN1
D5_center_primary,MYC_TARGETS_V1,0.991233758268169,0.755991067559911,ETF1
D5_center_primary,MYC_TARGETS_V1,0.991233758268169,0.755991067559911,G3BP1
D5_center_primary,MYC_TARGETS_V1,0.991233758268169,0.755991067559911,EIF4H
D5_center_primary,MYC_TARGETS_V1,0.991233758268169,0.755991067559911,GSPT1
D5_center_primary,MYC_TARGETS_V1,0.991233758268169,0.755991067559911,PABPC1
D5_center_primary,MYC_TARGETS_V1,0.991233758268169,0.755991067559911,KARS1
D5_center_primary,MYC_TARGETS_V1,0.991233758268169,0.755991067559911,VDAC1
D5_center_primary,MYC_TARGETS_V1,0.991233758268169,0.755991067559911,RPLP0
D5_center_primary,MYC_TARGETS_V1,0.991233758268169,0.755991067559911,LSM7
D5_center_primary,MYC_TARGETS_V1,0.991233758268169,0.755991067559911,SF3A1
D5_center_primary,MYC_TARGETS_V1,0.991233758268169,0.755991067559911,CCT3
D5_center_primary,MYC_TARGETS_V1,0.991233758268169,0.755991067559911,LSM2
D5_center_primary,MYC_TARGETS_V1,0.991233758268169,0.755991067559911,DHX15
D5_center_primary,MYC_TARGETS_V1,0.991233758268169,0.755991067559911,RANBP1
D5_center_primary,MYC_TARGETS_V1,0.991233758268169,0.755991067559911,PRPS2
D5_center_primary,MYC_TARGETS_V1,0.991233758268169,0.755991067559911,IMPDH2
D5_center_primary,MYC_TARGETS_V1,0.991233758268169,0.755991067559911,PABPC4
D5_center_primary,MYC_TARGETS_V1,0.991233758268169,0.755991067559911,H2AZ1
D5_center_primary,MYC_TARGETS_V1,0.991233758268169,0.755991067559911,EIF3B
D5_center_primary,MYC_TARGETS_V1,0.991233758268169,0.755991067559911,CTPS1
D5_center_primary,MYC_TARGETS_V1,0.991233758268169,0.755991067559911,CNBP
D5_center_primary,MYC_TARGETS_V1,0.991233758268169,0.755991067559911,CCT4
D5_center_primary,MYC_TARGETS_V1,0.991233758268169,0.755991067559911,EPRS1
D5_center_primary,MYC_TARGETS_V1,0.991233758268169,0.755991067559911,HNRNPA1
D5_center_primary,MYC_TARGETS_V1,0.991233758268169,0.755991067559911,EIF3D
D5_center_primary,MYC_TARGETS_V1,0.991233758268169,0.755991067559911,SRSF1
D5_center_primary,MYC_TARGETS_V1,0.991233758268169,0.755991067559911,CUL1
D5_center_primary,MYC_TARGETS_V1,0.991233758268169,0.755991067559911,SERBP1
D5_center_primary,MYC_TARGETS_V1,0.991233758268169,0.755991067559911,CYC1
D5_center_primary,MYC_TARGETS_V1,0.991233758268169,0.755991067559911,EIF2S1
D5_center_primary,MYC_TARGETS_V1,0.991233758268169,0.755991067559911,TUFM
D5_center_primary,MYC_TARGETS_V1,0.991233758268169,0.755991067559911,TCP1
D5_center_primary,MYC_TARGETS_V1,0.991233758268169,0.755991067559911,PTGES3
D5_center_primary,MYC_TARGETS_V1,0.991233758268169,0.755991067559911,PA2G4
D5_center_primary,MYC_TARGETS_V1,0.991233758268169,0.755991067559911,ILF2
D5_center_primary,MYC_TARGETS_V1,0.991233758268169,0.755991067559911,RACK1
D5_center_primary,MYC_TARGETS_V1,0.991233758268169,0.755991067559911,ACP1
D5_center_primary,MYC_TARGETS_V1,0.991233758268169,0.755991067559911,IARS1
D5_center_primary,MYC_TARGETS_V1,0.991233758268169,0.755991067559911,HNRNPA2B1
D5_center_primary,MYC_TARGETS_V1,0.991233758268169,0.755991067559911,C1QBP
D5_center_primary,MYC_TARGETS_V1,0.991233758268169,0.755991067559911,EIF4E
D5_center_primary,MYC_TARGETS_V1,0.991233758268169,0.755991067559911,PGK1
D5_center_primary,MYC_TARGETS_V1,0.991233758268169,0.755991067559911,EIF1AX
D5_center_primary,MYC_TARGETS_V1,0.991233758268169,0.755991067559911,NPM1
D5_center_primary,MYC_TARGETS_V1,0.991233758268169,0.755991067559911,CCT2
D5_center_primary,MYC_TARGETS_V1,0.991233758268169,0.755991067559911,CCT7
D5_center_primary,MYC_TARGETS_V1,0.991233758268169,0.755991067559911,CCT5
D5_center_primary,MYC_TARGETS_V1,0.991233758268169,0.755991067559911,AIMP2
D5_center_primary,MYC_TARGETS_V1,0.991233758268169,0.755991067559911,TOMM70
D5_center_primary,MYC_TARGETS_V1,0.991233758268169,0.755991067559911,SLC25A3
D5_center_primary,MYC_TARGETS_V1,0.991233758268169,0.755991067559911,TARDBP
D5_center_primary,MYC_TARGETS_V1,0.991233758268169,0.755991067559911,FAM120A
D5_center_primary,MYC_TARGETS_V1,0.991233758268169,0.755991067559911,AP3S1
D5_center_primary,MYOGENESIS,1.09921849179222,0.554158831766353,COL6A3
D5_center_primary,MYOGENESIS,1.09921849179222,0.554158831766353,COL6A2
D5_center_primary,MYOGENESIS,1.09921849179222,0.554158831766353,AGRN
D5_center_primary,MYOGENESIS,1.09921849179222,0.554158831766353,STC2
D5_center_primary,MYOGENESIS,1.09921849179222,0.554158831766353,AEBP1
D5_center_primary,MYOGENESIS,1.09921849179222,0.554158831766353,MYL6B
D5_center_primary,MYOGENESIS,1.09921849179222,0.554158831766353,PRNP
D5_center_primary,MYOGENESIS,1.09921849179222,0.554158831766353,COL1A1
D5_center_primary,MYOGENESIS,1.09921849179222,0.554158831766353,SOD3
D5_center_primary,MYOGENESIS,1.09921849179222,0.554158831766353,COL4A2
D5_center_primary,MYOGENESIS,1.09921849179222,0.554158831766353,COL3A1
D5_center_primary,MYOGENESIS,1.09921849179222,0.554158831766353,AGL
D5_center_primary,MYOGENESIS,1.09921849179222,0.554158831766353,APOD
D5_center_primary,MYOGENESIS,1.09921849179222,0.554158831766353,MYL1
D5_center_primary,MYOGENESIS,1.09921849179222,0.554158831766353,COL15A1
D5_center_primary,MYOGENESIS,1.09921849179222,0.554158831766353,MYL4
D5_center_primary,MYOGENESIS,1.09921849179222,0.554158831766353,MYL3
D5_center_primary,MYOGENESIS,1.09921849179222,0.554158831766353,GABARAPL2
D5_center_primary,MYOGENESIS,1.09921849179222,0.554158831766353,SPTAN1
D5_center_primary,OXIDATIVE_PHOSPHORYLATION,1.21223210544002,0.478417152434461,ACAA2
D5_center_primary,OXIDATIVE_PHOSPHORYLATION,1.21223210544002,0.478417152434461,AFG3L2
D5_center_primary,OXIDATIVE_PHOSPHORYLATION,1.21223210544002,0.478417152434461,SLC25A20
D5_center_primary,OXIDATIVE_PHOSPHORYLATION,1.21223210544002,0.478417152434461,VDAC1
D5_center_primary,OXIDATIVE_PHOSPHORYLATION,1.21223210544002,0.478417152434461,OPA1
D5_center_primary,OXIDATIVE_PHOSPHORYLATION,1.21223210544002,0.478417152434461,ACAT1
D5_center_primary,OXIDATIVE_PHOSPHORYLATION,1.21223210544002,0.478417152434461,NDUFB8
D5_center_primary,OXIDATIVE_PHOSPHORYLATION,1.21223210544002,0.478417152434461,TIMM13
D5_center_primary,OXIDATIVE_PHOSPHORYLATION,1.21223210544002,0.478417152434461,BAX
D5_center_primary,OXIDATIVE_PHOSPHORYLATION,1.21223210544002,0.478417152434461,DLD
D5_center_primary,OXIDATIVE_PHOSPHORYLATION,1.21223210544002,0.478417152434461,NDUFS2
D5_center_primary,OXIDATIVE_PHOSPHORYLATION,1.21223210544002,0.478417152434461,ATP6V1D
D5_center_primary,OXIDATIVE_PHOSPHORYLATION,1.21223210544002,0.478417152434461,ATP5ME
D5_center_primary,OXIDATIVE_PHOSPHORYLATION,1.21223210544002,0.478417152434461,ATP6V1G1
D5_center_primary,OXIDATIVE_PHOSPHORYLATION,1.21223210544002,0.478417152434461,COX6C
D5_center_primary,OXIDATIVE_PHOSPHORYLATION,1.21223210544002,0.478417152434461,ALDH6A1
D5_center_primary,OXIDATIVE_PHOSPHORYLATION,1.21223210544002,0.478417152434461,ETFDH
D5_center_primary,OXIDATIVE_PHOSPHORYLATION,1.21223210544002,0.478417152434461,MGST3
D5_center_primary,OXIDATIVE_PHOSPHORYLATION,1.21223210544002,0.478417152434461,CYC1
D5_center_primary,OXIDATIVE_PHOSPHORYLATION,1.21223210544002,0.478417152434461,ETFB
D5_center_primary,OXIDATIVE_PHOSPHORYLATION,1.21223210544002,0.478417152434461,NDUFB5
D5_center_primary,OXIDATIVE_PHOSPHORYLATION,1.21223210544002,0.478417152434461,ACAA1
D5_center_primary,OXIDATIVE_PHOSPHORYLATION,1.21223210544002,0.478417152434461,COX6B1
D5_center_primary,OXIDATIVE_PHOSPHORYLATION,1.21223210544002,0.478417152434461,ATP6V1E1
D5_center_primary,OXIDATIVE_PHOSPHORYLATION,1.21223210544002,0.478417152434461,ATP6AP1
D5_center_primary,OXIDATIVE_PHOSPHORYLATION,1.21223210544002,0.478417152434461,ATP6V1C1
D5_center_primary,OXIDATIVE_PHOSPHORYLATION,1.21223210544002,0.478417152434461,TCIRG1
D5_center_primary,OXIDATIVE_PHOSPHORYLATION,1.21223210544002,0.478417152434461,IDH1
D5_center_primary,OXIDATIVE_PHOSPHORYLATION,1.21223210544002,0.478417152434461,NDUFA5
D5_center_primary,OXIDATIVE_PHOSPHORYLATION,1.21223210544002,0.478417152434461,COX7A2L
D5_center_primary,OXIDATIVE_PHOSPHORYLATION,1.21223210544002,0.478417152434461,NDUFC2
D5_center_primary,OXIDATIVE_PHOSPHORYLATION,1.21223210544002,0.478417152434461,GPX4
D5_center_primary,OXIDATIVE_PHOSPHORYLATION,1.21223210544002,0.478417152434461,TOMM70
D5_center_primary,OXIDATIVE_PHOSPHORYLATION,1.21223210544002,0.478417152434461,SLC25A3
D5_center_primary,OXIDATIVE_PHOSPHORYLATION,1.21223210544002,0.478417152434461,UQCRC2
D5_center_primary,OXIDATIVE_PHOSPHORYLATION,1.21223210544002,0.478417152434461,HADHA
D5_center_primary,OXIDATIVE_PHOSPHORYLATION,1.21223210544002,0.478417152434461,RHOT2
D5_center_primary,OXIDATIVE_PHOSPHORYLATION,1.21223210544002,0.478417152434461,UQCRFS1
D5_center_primary,OXIDATIVE_PHOSPHORYLATION,1.21223210544002,0.478417152434461,MAOB
D5_center_primary,OXIDATIVE_PHOSPHORYLATION,1.21223210544002,0.478417152434461,ATP5F1E
D5_center_primary,OXIDATIVE_PHOSPHORYLATION,1.21223210544002,0.478417152434461,VDAC3
D5_center_primary,OXIDATIVE_PHOSPHORYLATION,1.21223210544002,0.478417152434461,SDHB
D5_center_primary,OXIDATIVE_PHOSPHORYLATION,1.21223210544002,0.478417152434461,MFN2
D5_center_primary,OXIDATIVE_PHOSPHORYLATION,1.21223210544002,0.478417152434461,NDUFB7
D5_center_primary,OXIDATIVE_PHOSPHORYLATION,1.21223210544002,0.478417152434461,UQCRH
D5_center_primary,OXIDATIVE_PHOSPHORYLATION,1.21223210544002,0.478417152434461,NDUFS8
D5_center_primary,OXIDATIVE_PHOSPHORYLATION,1.21223210544002,0.478417152434461,NDUFA3
D5_center_primary,OXIDATIVE_PHOSPHORYLATION,1.21223210544002,0.478417152434461,HCCS
D5_center_primary,OXIDATIVE_PHOSPHORYLATION,1.21223210544002,0.478417152434461,MTX2
D5_center_primary,OXIDATIVE_PHOSPHORYLATION,1.21223210544002,0.478417152434461,VDAC2
D5_center_primary,OXIDATIVE_PHOSPHORYLATION,1.21223210544002,0.478417152434461,GLUD1
D5_center_primary,OXIDATIVE_PHOSPHORYLATION,1.21223210544002,0.478417152434461,COX4I1
D5_center_primary,OXIDATIVE_PHOSPHORYLATION,1.21223210544002,0.478417152434461,PHB2
D5_center_primary,OXIDATIVE_PHOSPHORYLATION,1.21223210544002,0.478417152434461,IMMT
D5_center_primary,OXIDATIVE_PHOSPHORYLATION,1.21223210544002,0.478417152434461,SLC25A5
D5_center_primary,OXIDATIVE_PHOSPHORYLATION,1.21223210544002,0.478417152434461,NDUFV1
D5_center_primary,OXIDATIVE_PHOSPHORYLATION,1.21223210544002,0.478417152434461,ATP6V1H
D5_center_primary,OXIDATIVE_PHOSPHORYLATION,1.21223210544002,0.478417152434461,CPT1A
D5_center_primary,OXIDATIVE_PHOSPHORYLATION,1.21223210544002,0.478417152434461,SDHA
D5_center_primary,OXIDATIVE_PHOSPHORYLATION,1.21223210544002,0.478417152434461,ATP5PB
D5_center_primary,OXIDATIVE_PHOSPHORYLATION,1.21223210544002,0.478417152434461,NDUFA8
D5_center_primary,OXIDATIVE_PHOSPHORYLATION,1.21223210544002,0.478417152434461,NDUFA7
D5_center_primary,OXIDATIVE_PHOSPHORYLATION,1.21223210544002,0.478417152434461,UQCRC1
D5_center_primary,OXIDATIVE_PHOSPHORYLATION,1.21223210544002,0.478417152434461,LRPPRC
D5_center_primary,OXIDATIVE_PHOSPHORYLATION,1.21223210544002,0.478417152434461,AIFM1
D5_center_primary,OXIDATIVE_PHOSPHORYLATION,1.21223210544002,0.478417152434461,POR
D5_center_primary,P53_PATHWAY,1.18091208934112,0.478417152434461,HMOX1
D5_center_primary,P53_PATHWAY,1.18091208934112,0.478417152434461,INHBB
D5_center_primary,P53_PATHWAY,1.18091208934112,0.478417152434461,GM2A
D5_center_primary,P53_PATHWAY,1.18091208934112,0.478417152434461,BMP2
D5_center_primary,P53_PATHWAY,1.18091208934112,0.478417152434461,FDXR
D5_center_primary,P53_PATHWAY,1.18091208934112,0.478417152434461,DEF6
D5_center_primary,P53_PATHWAY,1.18091208934112,0.478417152434461,ABAT
D5_center_primary,P53_PATHWAY,1.18091208934112,0.478417152434461,TCN2
D5_center_primary,P53_PATHWAY,1.18091208934112,0.478417152434461,DGKA
D5_center_primary,P53_PATHWAY,1.18091208934112,0.478417152434461,MAPKAPK3
D5_center_primary,P53_PATHWAY,1.18091208934112,0.478417152434461,BAX
D5_center_primary,P53_PATHWAY,1.18091208934112,0.478417152434461,CYFIP2
D5_center_primary,P53_PATHWAY,1.18091208934112,0.478417152434461,EPS8L2
D5_center_primary,P53_PATHWAY,1.18091208934112,0.478417152434461,KIF13B
D5_center_primary,P53_PATHWAY,1.18091208934112,0.478417152434461,HINT1
D5_center_primary,P53_PATHWAY,1.18091208934112,0.478417152434461,EPHX1
D5_center_primary,P53_PATHWAY,1.18091208934112,0.478417152434461,RHBDF2
D5_center_primary,P53_PATHWAY,1.18091208934112,0.478417152434461,SEC61A1
D5_center_primary,P53_PATHWAY,1.18091208934112,0.478417152434461,RACK1
D5_center_primary,P53_PATHWAY,1.18091208934112,0.478417152434461,VAMP8
D5_center_primary,P53_PATHWAY,1.18091208934112,0.478417152434461,CDKN2AIP
D5_center_primary,P53_PATHWAY,1.18091208934112,0.478417152434461,ELP1
D5_center_primary,PEROXISOME,1.22363373342345,0.478417152434461,VPS4B
D5_center_primary,PEROXISOME,1.22363373342345,0.478417152434461,EPHX2
D5_center_primary,PEROXISOME,1.22363373342345,0.478417152434461,PABPC1
D5_center_primary,PEROXISOME,1.22363373342345,0.478417152434461,HMGCL
D5_center_primary,PEROXISOME,1.22363373342345,0.478417152434461,CTPS1
D5_center_primary,PEROXISOME,1.22363373342345,0.478417152434461,HSD17B11
D5_center_primary,PEROXISOME,1.22363373342345,0.478417152434461,CNBP
D5_center_primary,PEROXISOME,1.22363373342345,0.478417152434461,ECI2
D5_center_primary,PEROXISOME,1.22363373342345,0.478417152434461,PRDX5
D5_center_primary,PEROXISOME,1.22363373342345,0.478417152434461,ABCD1
D5_center_primary,PEROXISOME,1.22363373342345,0.478417152434461,ABCD3
D5_center_primary,PEROXISOME,1.22363373342345,0.478417152434461,ACAA1
D5_center_primary,PEROXISOME,1.22363373342345,0.478417152434461,ACOT8
D5_center_primary,PEROXISOME,1.22363373342345,0.478417152434461,SLC35B2
D5_center_primary,PEROXISOME,1.22363373342345,0.478417152434461,IDH1
D5_center_primary,PEROXISOME,1.22363373342345,0.478417152434461,ACSL1
D5_center_primary,PEROXISOME,1.22363373342345,0.478417152434461,ALDH9A1
D5_center_primary,PEROXISOME,1.22363373342345,0.478417152434461,GSTK1
D5_center_primary,PEROXISOME,1.22363373342345,0.478417152434461,CTBP1
D5_center_primary,PEROXISOME,1.22363373342345,0.478417152434461,SCP2
D5_center_primary,PEROXISOME,1.22363373342345,0.478417152434461,SLC27A2
D5_center_primary,PEROXISOME,1.22363373342345,0.478417152434461,MVP
D5_center_primary,PEROXISOME,1.22363373342345,0.478417152434461,CRAT
D5_center_primary,PEROXISOME,1.22363373342345,0.478417152434461,FIS1
D5_center_primary,PI3K_AKT_MTOR_SIGNALING,0.963548686810758,0.760493827160494,PIN1
D5_center_primary,PI3K_AKT_MTOR_SIGNALING,0.963548686810758,0.760493827160494,MAP2K3
D5_center_primary,PI3K_AKT_MTOR_SIGNALING,0.963548686810758,0.760493827160494,PRKAG1
D5_center_primary,PI3K_AKT_MTOR_SIGNALING,0.963548686810758,0.760493827160494,GSK3B
D5_center_primary,PI3K_AKT_MTOR_SIGNALING,0.963548686810758,0.760493827160494,ITPR2
D5_center_primary,PI3K_AKT_MTOR_SIGNALING,0.963548686810758,0.760493827160494,RPS6KA3
D5_center_primary,PI3K_AKT_MTOR_SIGNALING,0.963548686810758,0.760493827160494,RALB
D5_center_primary,PI3K_AKT_MTOR_SIGNALING,0.963548686810758,0.760493827160494,STAT2
D5_center_primary,PI3K_AKT_MTOR_SIGNALING,0.963548686810758,0.760493827160494,RPS6KA1
D5_center_primary,PI3K_AKT_MTOR_SIGNALING,0.963548686810758,0.760493827160494,CFL1
D5_center_primary,PI3K_AKT_MTOR_SIGNALING,0.963548686810758,0.760493827160494,GRK2
D5_center_primary,PI3K_AKT_MTOR_SIGNALING,0.963548686810758,0.760493827160494,MYD88
D5_center_primary,PI3K_AKT_MTOR_SIGNALING,0.963548686810758,0.760493827160494,PPP1CA
D5_center_primary,PI3K_AKT_MTOR_SIGNALING,0.963548686810758,0.760493827160494,ACACA
D5_center_primary,PI3K_AKT_MTOR_SIGNALING,0.963548686810758,0.760493827160494,PRKCB
D5_center_primary,PI3K_AKT_MTOR_SIGNALING,0.963548686810758,0.760493827160494,TRAF2
D5_center_primary,PI3K_AKT_MTOR_SIGNALING,0.963548686810758,0.760493827160494,SMAD2
D5_center_primary,PI3K_AKT_MTOR_SIGNALING,0.963548686810758,0.760493827160494,VAV3
D5_center_primary,PI3K_AKT_MTOR_SIGNALING,0.963548686810758,0.760493827160494,PDK1
D5_center_primary,PI3K_AKT_MTOR_SIGNALING,0.963548686810758,0.760493827160494,RIT1
D5_center_primary,PI3K_AKT_MTOR_SIGNALING,0.963548686810758,0.760493827160494,EIF4E
D5_center_primary,PROTEIN_SECRETION,1.03987845884053,0.649758523133198,RAB5A
D5_center_primary,PROTEIN_SECRETION,1.03987845884053,0.649758523133198,VPS4B
D5_center_primary,PROTEIN_SECRETION,1.03987845884053,0.649758523133198,SNX2
D5_center_primary,PROTEIN_SECRETION,1.03987845884053,0.649758523133198,IGF2R
D5_center_primary,PROTEIN_SECRETION,1.03987845884053,0.649758523133198,STX12
D5_center_primary,PROTEIN_SECRETION,1.03987845884053,0.649758523133198,RPS6KA3
D5_center_primary,PROTEIN_SECRETION,1.03987845884053,0.649758523133198,SEC24D
D5_center_primary,PROTEIN_SECRETION,1.03987845884053,0.649758523133198,NAPG
D5_center_primary,PROTEIN_SECRETION,1.03987845884053,0.649758523133198,RER1
D5_center_primary,PROTEIN_SECRETION,1.03987845884053,0.649758523133198,OCRL
D5_center_primary,PROTEIN_SECRETION,1.03987845884053,0.649758523133198,AP2B1
D5_center_primary,PROTEIN_SECRETION,1.03987845884053,0.649758523133198,AP2S1
D5_center_primary,PROTEIN_SECRETION,1.03987845884053,0.649758523133198,ARFIP1
D5_center_primary,PROTEIN_SECRETION,1.03987845884053,0.649758523133198,VAMP3
D5_center_primary,PROTEIN_SECRETION,1.03987845884053,0.649758523133198,TSG101
D5_center_primary,PROTEIN_SECRETION,1.03987845884053,0.649758523133198,STX7
D5_center_primary,PROTEIN_SECRETION,1.03987845884053,0.649758523133198,VPS45
D5_center_primary,PROTEIN_SECRETION,1.03987845884053,0.649758523133198,AP2M1
D5_center_primary,PROTEIN_SECRETION,1.03987845884053,0.649758523133198,TMED2
D5_center_primary,PROTEIN_SECRETION,1.03987845884053,0.649758523133198,AP3B1
D5_center_primary,PROTEIN_SECRETION,1.03987845884053,0.649758523133198,RAB14
D5_center_primary,PROTEIN_SECRETION,1.03987845884053,0.649758523133198,RAB22A
D5_center_primary,PROTEIN_SECRETION,1.03987845884053,0.649758523133198,AP3S1
D5_center_primary,PROTEIN_SECRETION,1.03987845884053,0.649758523133198,SCAMP1
D5_center_primary,PROTEIN_SECRETION,1.03987845884053,0.649758523133198,SEC31A
D5_center_primary,PROTEIN_SECRETION,1.03987845884053,0.649758523133198,ARCN1
D5_center_primary,PROTEIN_SECRETION,1.03987845884053,0.649758523133198,MON2
D5_center_primary,PROTEIN_SECRETION,1.03987845884053,0.649758523133198,VAMP7
D5_center_primary,PROTEIN_SECRETION,1.03987845884053,0.649758523133198,GLA
D5_center_primary,PROTEIN_SECRETION,1.03987845884053,0.649758523133198,GNAS
D5_center_primary,PROTEIN_SECRETION,1.03987845884053,0.649758523133198,NAPA
D5_center_primary,PROTEIN_SECRETION,1.03987845884053,0.649758523133198,SCAMP3
D5_center_primary,PROTEIN_SECRETION,1.03987845884053,0.649758523133198,TMX1
D5_center_primary,PROTEIN_SECRETION,1.03987845884053,0.649758523133198,COPB2
D5_center_primary,PROTEIN_SECRETION,1.03987845884053,0.649758523133198,RAB2A
D5_center_primary,PROTEIN_SECRETION,1.03987845884053,0.649758523133198,COPB1
D5_center_primary,PROTEIN_SECRETION,1.03987845884053,0.649758523133198,BET1
D5_center_primary,PROTEIN_SECRETION,1.03987845884053,0.649758523133198,ATP6V1H
D5_center_primary,PROTEIN_SECRETION,1.03987845884053,0.649758523133198,ARFGEF1
D5_center_primary,PROTEIN_SECRETION,1.03987845884053,0.649758523133198,SEC22B
D5_center_primary,PROTEIN_SECRETION,1.03987845884053,0.649758523133198,CLTA
D5_center_primary,PROTEIN_SECRETION,1.03987845884053,0.649758523133198,KIF1B
D5_center_primary,PROTEIN_SECRETION,1.03987845884053,0.649758523133198,ATP1A1
D5_center_primary,PROTEIN_SECRETION,1.03987845884053,0.649758523133198,ARF1
D5_center_primary,PROTEIN_SECRETION,1.03987845884053,0.649758523133198,LMAN1
D5_center_primary,PROTEIN_SECRETION,1.03987845884053,0.649758523133198,TOM1L1
D5_center_primary,PROTEIN_SECRETION,1.03987845884053,0.649758523133198,COPE
D5_center_primary,PROTEIN_SECRETION,1.03987845884053,0.649758523133198,ZW10
D5_center_primary,PROTEIN_SECRETION,1.03987845884053,0.649758523133198,TMED10
D5_center_primary,PROTEIN_SECRETION,1.03987845884053,0.649758523133198,USO1
D5_center_primary,PROTEIN_SECRETION,1.03987845884053,0.649758523133198,GBF1
D5_center_primary,PROTEIN_SECRETION,1.03987845884053,0.649758523133198,SNAP23
D5_center_primary,PROTEIN_SECRETION,1.03987845884053,0.649758523133198,CLTC
D5_center_primary,PROTEIN_SECRETION,1.03987845884053,0.649758523133198,ARFGEF2
D5_center_primary,PROTEIN_SECRETION,1.03987845884053,0.649758523133198,AP1G1
D5_center_primary,PROTEIN_SECRETION,1.03987845884053,0.649758523133198,MAPK1
D5_center_primary,REACTIVE_OXYGEN_SPECIES_PATHWAY,1.21216838484016,0.479765576804442,HMOX2
D5_center_primary,REACTIVE_OXYGEN_SPECIES_PATHWAY,1.21216838484016,0.479765576804442,PRNP
D5_center_primary,REACTIVE_OXYGEN_SPECIES_PATHWAY,1.21216838484016,0.479765576804442,FES
D5_center_primary,REACTIVE_OXYGEN_SPECIES_PATHWAY,1.21216838484016,0.479765576804442,PFKP
D5_center_primary,REACTIVE_OXYGEN_SPECIES_PATHWAY,1.21216838484016,0.479765576804442,NDUFS2
D5_center_primary,REACTIVE_OXYGEN_SPECIES_PATHWAY,1.21216838484016,0.479765576804442,MPO
D5_center_primary,REACTIVE_OXYGEN_SPECIES_PATHWAY,1.21216838484016,0.479765576804442,OXSR1
D5_center_primary,REACTIVE_OXYGEN_SPECIES_PATHWAY,1.21216838484016,0.479765576804442,SELENOS
D5_center_primary,REACTIVE_OXYGEN_SPECIES_PATHWAY,1.21216838484016,0.479765576804442,GPX4
D5_center_primary,REACTIVE_OXYGEN_SPECIES_PATHWAY,1.21216838484016,0.479765576804442,GCLM
D5_center_primary,REACTIVE_OXYGEN_SPECIES_PATHWAY,1.21216838484016,0.479765576804442,MGST1
D5_center_primary,SPERMATOGENESIS,0.50335082740403,0.982418260333128,CLPB
D5_center_primary,SPERMATOGENESIS,0.50335082740403,0.982418260333128,MTOR
D5_center_primary,SPERMATOGENESIS,0.50335082740403,0.982418260333128,NCAPH
D5_center_primary,SPERMATOGENESIS,0.50335082740403,0.982418260333128,CSNK2A2
D5_center_primary,SPERMATOGENESIS,0.50335082740403,0.982418260333128,GSTM3
D5_center_primary,SPERMATOGENESIS,0.50335082740403,0.982418260333128,STRBP
D5_center_primary,SPERMATOGENESIS,0.50335082740403,0.982418260333128,NF2
D5_center_primary,SPERMATOGENESIS,0.50335082740403,0.982418260333128,VDAC3
D5_center_primary,SPERMATOGENESIS,0.50335082740403,0.982418260333128,AGFG1
D5_center_primary,SPERMATOGENESIS,0.50335082740403,0.982418260333128,TSN
D5_center_primary,SPERMATOGENESIS,0.50335082740403,0.982418260333128,HSPA1L
D5_center_primary,SPERMATOGENESIS,0.50335082740403,0.982418260333128,PRKAR2A
D5_center_primary,SPERMATOGENESIS,0.50335082740403,0.982418260333128,STAM2
D5_center_primary,SPERMATOGENESIS,0.50335082740403,0.982418260333128,JAM3
D5_center_primary,SPERMATOGENESIS,0.50335082740403,0.982418260333128,HSPA2
D5_center_primary,SPERMATOGENESIS,0.50335082740403,0.982418260333128,SEPTIN4
D5_center_primary,SPERMATOGENESIS,0.50335082740403,0.982418260333128,PEBP1
D5_center_primary,SPERMATOGENESIS,0.50335082740403,0.982418260333128,PHKG2
D5_center_primary,SPERMATOGENESIS,0.50335082740403,0.982418260333128,SLC12A2
D5_center_primary,TGF_BETA_SIGNALING,1.37426567804301,0.457538112753603,LTBP2
D5_center_primary,TGF_BETA_SIGNALING,1.37426567804301,0.457538112753603,FURIN
D5_center_primary,TGF_BETA_SIGNALING,1.37426567804301,0.457538112753603,BMP2
D5_center_primary,TGF_BETA_SIGNALING,1.37426567804301,0.457538112753603,RAB31
D5_center_primary,TGF_BETA_SIGNALING,1.37426567804301,0.457538112753603,RHOA
D5_center_primary,TGF_BETA_SIGNALING,1.37426567804301,0.457538112753603,FNTA
D5_center_primary,TGF_BETA_SIGNALING,1.37426567804301,0.457538112753603,PPP1CA
D5_center_primary,TGF_BETA_SIGNALING,1.37426567804301,0.457538112753603,SPTBN1
D5_center_primary,TGF_BETA_SIGNALING,1.37426567804301,0.457538112753603,ACVR1
D5_center_primary,TGF_BETA_SIGNALING,1.37426567804301,0.457538112753603,UBE2D3
D5_center_primary,TNFA_SIGNALING_VIA_NFKB,1.63524207088574,0.0965289984719516,TNFAIP6
D5_center_primary,TNFA_SIGNALING_VIA_NFKB,1.63524207088574,0.0965289984719516,TNC
D5_center_primary,TNFA_SIGNALING_VIA_NFKB,1.63524207088574,0.0965289984719516,CXCL10
D5_center_primary,TNFA_SIGNALING_VIA_NFKB,1.63524207088574,0.0965289984719516,B4GALT1
D5_center_primary,TNFA_SIGNALING_VIA_NFKB,1.63524207088574,0.0965289984719516,B4GALT5
D5_center_primary,TNFA_SIGNALING_VIA_NFKB,1.63524207088574,0.0965289984719516,EHD1
D5_center_primary,TNFA_SIGNALING_VIA_NFKB,1.63524207088574,0.0965289984719516,MARCKS
D5_center_primary,TNFA_SIGNALING_VIA_NFKB,1.63524207088574,0.0965289984719516,PTX3
D5_center_primary,TNFA_SIGNALING_VIA_NFKB,1.63524207088574,0.0965289984719516,BMP2
D5_center_primary,TNFA_SIGNALING_VIA_NFKB,1.63524207088574,0.0965289984719516,IRS2
D5_center_primary,TNFA_SIGNALING_VIA_NFKB,1.63524207088574,0.0965289984719516,MAP2K3
D5_center_primary,TNFA_SIGNALING_VIA_NFKB,1.63524207088574,0.0965289984719516,DNAJB4
D5_center_primary,TNFA_SIGNALING_VIA_NFKB,1.63524207088574,0.0965289984719516,EFNA1
D5_center_primary,TNFA_SIGNALING_VIA_NFKB,1.63524207088574,0.0965289984719516,CCRL2
D5_center_primary,TNFA_SIGNALING_VIA_NFKB,1.63524207088574,0.0965289984719516,TRIP10
D5_center_primary,TNFA_SIGNALING_VIA_NFKB,1.63524207088574,0.0965289984719516,TLR2
D5_center_primary,TNFA_SIGNALING_VIA_NFKB,1.63524207088574,0.0965289984719516,NFKB1
D5_center_primary,TNFA_SIGNALING_VIA_NFKB,1.63524207088574,0.0965289984719516,PDLIM5
D5_center_primary,TNFA_SIGNALING_VIA_NFKB,1.63524207088574,0.0965289984719516,CCN1
D5_center_primary,TNFA_SIGNALING_VIA_NFKB,1.63524207088574,0.0965289984719516,NAMPT
D5_center_primary,UNFOLDED_PROTEIN_RESPONSE,1.31799926099661,0.422907488986784,HYOU1
D5_center_primary,UNFOLDED_PROTEIN_RESPONSE,1.31799926099661,0.422907488986784,STC2
D5_center_primary,UNFOLDED_PROTEIN_RESPONSE,1.31799926099661,0.422907488986784,SRPRA
D5_center_primary,UNFOLDED_PROTEIN_RESPONSE,1.31799926099661,0.422907488986784,PAIP1
D5_center_primary,UNFOLDED_PROTEIN_RESPONSE,1.31799926099661,0.422907488986784,KHSRP
D5_center_primary,UNFOLDED_PROTEIN_RESPONSE,1.31799926099661,0.422907488986784,EXOC2
D5_center_primary,UNFOLDED_PROTEIN_RESPONSE,1.31799926099661,0.422907488986784,TARS1
D5_center_primary,UNFOLDED_PROTEIN_RESPONSE,1.31799926099661,0.422907488986784,SHC1
D5_center_primary,UNFOLDED_PROTEIN_RESPONSE,1.31799926099661,0.422907488986784,LSM4
D5_center_primary,UNFOLDED_PROTEIN_RESPONSE,1.31799926099661,0.422907488986784,EIF4A3
D5_center_primary,UNFOLDED_PROTEIN_RESPONSE,1.31799926099661,0.422907488986784,LSM1
D5_center_primary,UNFOLDED_PROTEIN_RESPONSE,1.31799926099661,0.422907488986784,DNAJC3
D5_center_primary,UNFOLDED_PROTEIN_RESPONSE,1.31799926099661,0.422907488986784,SRPRB
D5_center_primary,UNFOLDED_PROTEIN_RESPONSE,1.31799926099661,0.422907488986784,ATP6V0D1
D5_center_primary,UNFOLDED_PROTEIN_RESPONSE,1.31799926099661,0.422907488986784,EIF4G1
D5_center_primary,UNFOLDED_PROTEIN_RESPONSE,1.31799926099661,0.422907488986784,FUS
D5_center_primary,UNFOLDED_PROTEIN_RESPONSE,1.31799926099661,0.422907488986784,EIF2S1
D5_center_primary,UNFOLDED_PROTEIN_RESPONSE,1.31799926099661,0.422907488986784,EEF2
D5_center_primary,UNFOLDED_PROTEIN_RESPONSE,1.31799926099661,0.422907488986784,DCTN1
D5_center_primary,UNFOLDED_PROTEIN_RESPONSE,1.31799926099661,0.422907488986784,IARS1
D5_center_primary,UNFOLDED_PROTEIN_RESPONSE,1.31799926099661,0.422907488986784,EDC4
D5_center_primary,UNFOLDED_PROTEIN_RESPONSE,1.31799926099661,0.422907488986784,EIF4E
D5_center_primary,UNFOLDED_PROTEIN_RESPONSE,1.31799926099661,0.422907488986784,NPM1
D5_center_primary,UNFOLDED_PROTEIN_RESPONSE,1.31799926099661,0.422907488986784,CNOT2
D5_center_primary,UNFOLDED_PROTEIN_RESPONSE,1.31799926099661,0.422907488986784,SKIC3
D5_center_primary,UNFOLDED_PROTEIN_RESPONSE,1.31799926099661,0.422907488986784,ERO1A
D5_center_primary,UNFOLDED_PROTEIN_RESPONSE,1.31799926099661,0.422907488986784,H2AX
D5_center_primary,UV_RESPONSE_DN,0.622500242813412,0.981715781910181,NRP1
D5_center_primary,UV_RESPONSE_DN,0.622500242813412,0.981715781910181,COL1A2
D5_center_primary,UV_RESPONSE_DN,0.622500242813412,0.981715781910181,COL1A1
D5_center_primary,UV_RESPONSE_DN,0.622500242813412,0.981715781910181,EFEMP1
D5_center_primary,UV_RESPONSE_DN,0.622500242813412,0.981715781910181,COL3A1
D5_center_primary,UV_RESPONSE_DN,0.622500242813412,0.981715781910181,LAMC1
D5_center_primary,UV_RESPONSE_DN,0.622500242813412,0.981715781910181,WDR37
D5_center_primary,UV_RESPONSE_DN,0.622500242813412,0.981715781910181,NFKB1
D5_center_primary,UV_RESPONSE_DN,0.622500242813412,0.981715781910181,PDLIM5
D5_center_primary,UV_RESPONSE_DN,0.622500242813412,0.981715781910181,CCN1
D5_center_primary,UV_RESPONSE_DN,0.622500242813412,0.981715781910181,NOTCH2
D5_center_primary,UV_RESPONSE_DN,0.622500242813412,0.981715781910181,PRKCA
D5_center_primary,UV_RESPONSE_DN,0.622500242813412,0.981715781910181,ADD3
D5_center_primary,UV_RESPONSE_DN,0.622500242813412,0.981715781910181,NEK7
D5_center_primary,UV_RESPONSE_DN,0.622500242813412,0.981715781910181,DYRK1A
D5_center_primary,UV_RESPONSE_DN,0.622500242813412,0.981715781910181,FHL2
D5_center_primary,UV_RESPONSE_DN,0.622500242813412,0.981715781910181,MAPK14
D5_center_primary,UV_RESPONSE_DN,0.622500242813412,0.981715781910181,PEX14
D5_center_primary,UV_RESPONSE_DN,0.622500242813412,0.981715781910181,PLCB4
D5_center_primary,UV_RESPONSE_DN,0.622500242813412,0.981715781910181,CDC42BPA
D5_center_primary,UV_RESPONSE_DN,0.622500242813412,0.981715781910181,COL5A2
D5_center_primary,UV_RESPONSE_DN,0.622500242813412,0.981715781910181,IGFBP5
D5_center_primary,UV_RESPONSE_DN,0.622500242813412,0.981715781910181,SRI
D5_center_primary,UV_RESPONSE_DN,0.622500242813412,0.981715781910181,SLC7A1
D5_center_primary,UV_RESPONSE_DN,0.622500242813412,0.981715781910181,FBLN5
D5_center_primary,UV_RESPONSE_DN,0.622500242813412,0.981715781910181,IGF1R
D5_center_primary,UV_RESPONSE_DN,0.622500242813412,0.981715781910181,ATP2C1
D5_center_primary,UV_RESPONSE_DN,0.622500242813412,0.981715781910181,DLG1
D5_center_primary,UV_RESPONSE_DN,0.622500242813412,0.981715781910181,MAP1B
D5_center_primary,UV_RESPONSE_DN,0.622500242813412,0.981715781910181,PRKAR2B
D5_center_primary,UV_RESPONSE_UP,1.36333322789695,0.3412047228337,IGFBP2
D5_center_primary,UV_RESPONSE_UP,1.36333322789695,0.3412047228337,HMOX1
D5_center_primary,UV_RESPONSE_UP,1.36333322789695,0.3412047228337,FURIN
D5_center_primary,UV_RESPONSE_UP,1.36333322789695,0.3412047228337,PPAT
D5_center_primary,UV_RESPONSE_UP,1.36333322789695,0.3412047228337,PDAP1
D5_center_primary,UV_RESPONSE_UP,1.36333322789695,0.3412047228337,MGAT1
D5_center_primary,UV_RESPONSE_UP,1.36333322789695,0.3412047228337,BMP2
D5_center_primary,UV_RESPONSE_UP,1.36333322789695,0.3412047228337,OLFM1
D5_center_primary,UV_RESPONSE_UP,1.36333322789695,0.3412047228337,STIP1
D5_center_primary,UV_RESPONSE_UP,1.36333322789695,0.3412047228337,SPR
D5_center_primary,UV_RESPONSE_UP,1.36333322789695,0.3412047228337,TARS1
D5_center_primary,UV_RESPONSE_UP,1.36333322789695,0.3412047228337,RAB27A
D5_center_primary,UV_RESPONSE_UP,1.36333322789695,0.3412047228337,CYB5B
D5_center_primary,UV_RESPONSE_UP,1.36333322789695,0.3412047228337,EIF5
D5_center_primary,UV_RESPONSE_UP,1.36333322789695,0.3412047228337,ACAA1
D5_center_primary,UV_RESPONSE_UP,1.36333322789695,0.3412047228337,DNAJA1
D5_center_primary,UV_RESPONSE_UP,1.36333322789695,0.3412047228337,EPHX1
D5_center_primary,UV_RESPONSE_UP,1.36333322789695,0.3412047228337,GGH
D5_center_primary,UV_RESPONSE_UP,1.36333322789695,0.3412047228337,ATP6V1C1
D5_center_primary,UV_RESPONSE_UP,1.36333322789695,0.3412047228337,ARRB2
D5_center_primary,UV_RESPONSE_UP,1.36333322789695,0.3412047228337,AP2S1
D5_center_primary,UV_RESPONSE_UP,1.36333322789695,0.3412047228337,PRKCD
D5_center_primary,UV_RESPONSE_UP,1.36333322789695,0.3412047228337,ICAM1
D5_center_primary,UV_RESPONSE_UP,1.36333322789695,0.3412047228337,H2AX
D5_center_primary,UV_RESPONSE_UP,1.36333322789695,0.3412047228337,GLS
D5_center_primary,UV_RESPONSE_UP,1.36333322789695,0.3412047228337,CCND3
D5_center_primary,UV_RESPONSE_UP,1.36333322789695,0.3412047228337,EIF2S3
D5_center_primary,UV_RESPONSE_UP,1.36333322789695,0.3412047228337,CASP3
D5_center_primary,UV_RESPONSE_UP,1.36333322789695,0.3412047228337,MMP14
D5_center_primary,UV_RESPONSE_UP,1.36333322789695,0.3412047228337,MARK2
D5_center_primary,UV_RESPONSE_UP,1.36333322789695,0.3412047228337,TST
D5_center_primary,UV_RESPONSE_UP,1.36333322789695,0.3412047228337,CNP
D5_center_primary,UV_RESPONSE_UP,1.36333322789695,0.3412047228337,CYB5R1
D5_center_primary,XENOBIOTIC_METABOLISM,0.926414989719057,0.780846600024682,CBR1
D5_center_primary,XENOBIOTIC_METABOLISM,0.926414989719057,0.780846600024682,HMOX1
D5_center_primary,XENOBIOTIC_METABOLISM,0.926414989719057,0.780846600024682,LONP1
D5_center_primary,XENOBIOTIC_METABOLISM,0.926414989719057,0.780846600024682,IGFBP4
D5_center_primary,XENOBIOTIC_METABOLISM,0.926414989719057,0.780846600024682,MT2A
D5_center_primary,XENOBIOTIC_METABOLISM,0.926414989719057,0.780846600024682,MTHFD1
D5_center_primary,XENOBIOTIC_METABOLISM,0.926414989719057,0.780846600024682,KARS1
D5_center_primary,XENOBIOTIC_METABOLISM,0.926414989719057,0.780846600024682,BLVRB
D5_center_primary,XENOBIOTIC_METABOLISM,0.926414989719057,0.780846600024682,NMT1
D5_center_primary,XENOBIOTIC_METABOLISM,0.926414989719057,0.780846600024682,FBLN1
D5_center_primary,XENOBIOTIC_METABOLISM,0.926414989719057,0.780846600024682,UGDH
D5_center_primary,XENOBIOTIC_METABOLISM,0.926414989719057,0.780846600024682,CNDP2
D5_center_primary,XENOBIOTIC_METABOLISM,0.926414989719057,0.780846600024682,CYFIP2
D5_center_primary,XENOBIOTIC_METABOLISM,0.926414989719057,0.780846600024682,CASP6
D5_center_primary,XENOBIOTIC_METABOLISM,0.926414989719057,0.780846600024682,GART
D5_center_primary,XENOBIOTIC_METABOLISM,0.926414989719057,0.780846600024682,ETFDH
D5_center_primary,XENOBIOTIC_METABOLISM,0.926414989719057,0.780846600024682,DHRS7
D5_center_primary,XENOBIOTIC_METABOLISM,0.926414989719057,0.780846600024682,EPHX1
D5_center_primary,XENOBIOTIC_METABOLISM,0.926414989719057,0.780846600024682,PTGES3
D5_center_primary,XENOBIOTIC_METABOLISM,0.926414989719057,0.780846600024682,COMT
D5_center_primary,XENOBIOTIC_METABOLISM,0.926414989719057,0.780846600024682,IDH1
D5_center_primary,XENOBIOTIC_METABOLISM,0.926414989719057,0.780846600024682,ACP1
D5_center_primary,XENOBIOTIC_METABOLISM,0.926414989719057,0.780846600024682,PDLIM5
D5_center_primary,XENOBIOTIC_METABOLISM,0.926414989719057,0.780846600024682,TKFC
D5_center_primary_PHpass,ADIPOGENESIS,1.06496934173953,0.639647577092511,ACADS
D5_center_primary_PHpass,ADIPOGENESIS,1.06496934173953,0.639647577092511,ANGPTL4
D5_center_primary_PHpass,ADIPOGENESIS,1.06496934173953,0.639647577092511,ACAA2
D5_center_primary_PHpass,ADIPOGENESIS,1.06496934173953,0.639647577092511,SPARCL1
D5_center_primary_PHpass,ADIPOGENESIS,1.06496934173953,0.639647577092511,EPHX2
D5_center_primary_PHpass,ADIPOGENESIS,1.06496934173953,0.639647577092511,LAMA4
D5_center_primary_PHpass,ADIPOGENESIS,1.06496934173953,0.639647577092511,DHCR7
D5_center_primary_PHpass,ADIPOGENESIS,1.06496934173953,0.639647577092511,ARAF
D5_center_primary_PHpass,ADIPOGENESIS,1.06496934173953,0.639647577092511,G3BP2
D5_center_primary_PHpass,ADIPOGENESIS,1.06496934173953,0.639647577092511,NMT1
D5_center_primary_PHpass,ADIPOGENESIS,1.06496934173953,0.639647577092511,ITIH5
D5_center_primary_PHpass,ADIPOGENESIS,1.06496934173953,0.639647577092511,UBQLN1
D5_center_primary_PHpass,ADIPOGENESIS,1.06496934173953,0.639647577092511,COL15A1
D5_center_primary_PHpass,ADIPOGENESIS,1.06496934173953,0.639647577092511,COL4A1
D5_center_primary_PHpass,ADIPOGENESIS,1.06496934173953,0.639647577092511,REEP5
D5_center_primary_PHpass,ADIPOGENESIS,1.06496934173953,0.639647577092511,DLD
D5_center_primary_PHpass,ADIPOGENESIS,1.06496934173953,0.639647577092511,MTCH2
D5_center_primary_PHpass,ADIPOGENESIS,1.06496934173953,0.639647577092511,QDPR
D5_center_primary_PHpass,ADIPOGENESIS,1.06496934173953,0.639647577092511,BCL2L13
D5_center_primary_PHpass,ADIPOGENESIS,1.06496934173953,0.639647577092511,ENPP2
D5_center_primary_PHpass,ADIPOGENESIS,1.06496934173953,0.639647577092511,MGST3
D5_center_primary_PHpass,ADIPOGENESIS,1.06496934173953,0.639647577092511,CYC1
D5_center_primary_PHpass,ADIPOGENESIS,1.06496934173953,0.639647577092511,DHRS7
D5_center_primary_PHpass,ADIPOGENESIS,1.06496934173953,0.639647577092511,ETFB
D5_center_primary_PHpass,ADIPOGENESIS,1.06496934173953,0.639647577092511,ATP1B3
D5_center_primary_PHpass,ADIPOGENESIS,1.06496934173953,0.639647577092511,RMDN3
D5_center_primary_PHpass,ADIPOGENESIS,1.06496934173953,0.639647577092511,AK2
D5_center_primary_PHpass,ADIPOGENESIS,1.06496934173953,0.639647577092511,IDH1
D5_center_primary_PHpass,ADIPOGENESIS,1.06496934173953,0.639647577092511,PFKL
D5_center_primary_PHpass,ADIPOGENESIS,1.06496934173953,0.639647577092511,NDUFA5
D5_center_primary_PHpass,ADIPOGENESIS,1.06496934173953,0.639647577092511,CAVIN1
D5_center_primary_PHpass,ADIPOGENESIS,1.06496934173953,0.639647577092511,GPX4
D5_center_primary_PHpass,ADIPOGENESIS,1.06496934173953,0.639647577092511,APLP2
D5_center_primary_PHpass,ADIPOGENESIS,1.06496934173953,0.639647577092511,RTN3
D5_center_primary_PHpass,ADIPOGENESIS,1.06496934173953,0.639647577092511,SAMM50
D5_center_primary_PHpass,ADIPOGENESIS,1.06496934173953,0.639647577092511,SCP2
D5_center_primary_PHpass,ADIPOGENESIS,1.06496934173953,0.639647577092511,GPD2
D5_center_primary_PHpass,ADIPOGENESIS,1.06496934173953,0.639647577092511,ALDH2
D5_center_primary_PHpass,ADIPOGENESIS,1.06496934173953,0.639647577092511,RAB34
D5_center_primary_PHpass,ADIPOGENESIS,1.06496934173953,0.639647577092511,CRAT
D5_center_primary_PHpass,ADIPOGENESIS,1.06496934173953,0.639647577092511,SDHB
D5_center_primary_PHpass,ADIPOGENESIS,1.06496934173953,0.639647577092511,TST
D5_center_primary_PHpass,ADIPOGENESIS,1.06496934173953,0.639647577092511,TKT
D5_center_primary_PHpass,ADIPOGENESIS,1.06496934173953,0.639647577092511,AGPAT3
D5_center_primary_PHpass,ADIPOGENESIS,1.06496934173953,0.639647577092511,ADCY6
D5_center_primary_PHpass,ADIPOGENESIS,1.06496934173953,0.639647577092511,IMMT
D5_center_primary_PHpass,ADIPOGENESIS,1.06496934173953,0.639647577092511,ESYT1
D5_center_primary_PHpass,ADIPOGENESIS,1.06496934173953,0.639647577092511,SLC1A5
D5_center_primary_PHpass,ADIPOGENESIS,1.06496934173953,0.639647577092511,LTC4S
D5_center_primary_PHpass,ADIPOGENESIS,1.06496934173953,0.639647577092511,GPAT4
D5_center_primary_PHpass,ADIPOGENESIS,1.06496934173953,0.639647577092511,PREB
D5_center_primary_PHpass,ADIPOGENESIS,1.06496934173953,0.639647577092511,REEP6
D5_center_primary_PHpass,ADIPOGENESIS,1.06496934173953,0.639647577092511,SLC25A1
D5_center_primary_PHpass,ADIPOGENESIS,1.06496934173953,0.639647577092511,PGM1
D5_center_primary_PHpass,ADIPOGENESIS,1.06496934173953,0.639647577092511,SULT1A1
D5_center_primary_PHpass,ADIPOGENESIS,1.06496934173953,0.639647577092511,STAT5A
D5_center_primary_PHpass,ADIPOGENESIS,1.06496934173953,0.639647577092511,ACOX1
D5_center_primary_PHpass,ADIPOGENESIS,1.06496934173953,0.639647577092511,UQCRC1
D5_center_primary_PHpass,ADIPOGENESIS,1.06496934173953,0.639647577092511,LPCAT3
D5_center_primary_PHpass,ADIPOGENESIS,1.06496934173953,0.639647577092511,RETN
D5_center_primary_PHpass,ADIPOGENESIS,1.06496934173953,0.639647577092511,AIFM1
D5_center_primary_PHpass,ADIPOGENESIS,1.06496934173953,0.639647577092511,POR
D5_center_primary_PHpass,ALLOGRAFT_REJECTION,1.23029925518827,0.525852585258526,STAB1
D5_center_primary_PHpass,ALLOGRAFT_REJECTION,1.23029925518827,0.525852585258526,IL16
D5_center_primary_PHpass,ALLOGRAFT_REJECTION,1.23029925518827,0.525852585258526,INHBB
D5_center_primary_PHpass,ALLOGRAFT_REJECTION,1.23029925518827,0.525852585258526,PTPN6
D5_center_primary_PHpass,ALLOGRAFT_REJECTION,1.23029925518827,0.525852585258526,CAPG
D5_center_primary_PHpass,ALLOGRAFT_REJECTION,1.23029925518827,0.525852585258526,GLMN
D5_center_primary_PHpass,ALLOGRAFT_REJECTION,1.23029925518827,0.525852585258526,CFP
D5_center_primary_PHpass,ALLOGRAFT_REJECTION,1.23029925518827,0.525852585258526,GALNT1
D5_center_primary_PHpass,ALLOGRAFT_REJECTION,1.23029925518827,0.525852585258526,HCLS1
D5_center_primary_PHpass,ALLOGRAFT_REJECTION,1.23029925518827,0.525852585258526,WAS
D5_center_primary_PHpass,ALLOGRAFT_REJECTION,1.23029925518827,0.525852585258526,AARS1
D5_center_primary_PHpass,ALLOGRAFT_REJECTION,1.23029925518827,0.525852585258526,LY75
D5_center_primary_PHpass,ALLOGRAFT_REJECTION,1.23029925518827,0.525852585258526,EIF3A
D5_center_primary_PHpass,ALLOGRAFT_REJECTION,1.23029925518827,0.525852585258526,ELANE
D5_center_primary_PHpass,ALLOGRAFT_REJECTION,1.23029925518827,0.525852585258526,EIF5A
D5_center_primary_PHpass,ALLOGRAFT_REJECTION,1.23029925518827,0.525852585258526,EIF3D
D5_center_primary_PHpass,ALLOGRAFT_REJECTION,1.23029925518827,0.525852585258526,RARS1
D5_center_primary_PHpass,ALLOGRAFT_REJECTION,1.23029925518827,0.525852585258526,DARS1
D5_center_primary_PHpass,ALLOGRAFT_REJECTION,1.23029925518827,0.525852585258526,IKBKB
D5_center_primary_PHpass,ALLOGRAFT_REJECTION,1.23029925518827,0.525852585258526,PRKCB
D5_center_primary_PHpass,ALLOGRAFT_REJECTION,1.23029925518827,0.525852585258526,TRAF2
D5_center_primary_PHpass,ALLOGRAFT_REJECTION,1.23029925518827,0.525852585258526,STAT1
D5_center_primary_PHpass,ALLOGRAFT_REJECTION,1.23029925518827,0.525852585258526,TLR2
D5_center_primary_PHpass,ANDROGEN_RESPONSE,0.855965919906255,0.811639899186958,B4GALT1
D5_center_primary_PHpass,ANDROGEN_RESPONSE,0.855965919906255,0.811639899186958,SELENOP
D5_center_primary_PHpass,ANDROGEN_RESPONSE,0.855965919906255,0.811639899186958,RPS6KA3
D5_center_primary_PHpass,ANDROGEN_RESPONSE,0.855965919906255,0.811639899186958,SEC24D
D5_center_primary_PHpass,ANDROGEN_RESPONSE,0.855965919906255,0.811639899186958,SORD
D5_center_primary_PHpass,ANDROGEN_RESPONSE,0.855965919906255,0.811639899186958,PA2G4
D5_center_primary_PHpass,ANDROGEN_RESPONSE,0.855965919906255,0.811639899186958,STK39
D5_center_primary_PHpass,ANDROGEN_RESPONSE,0.855965919906255,0.811639899186958,PDLIM5
D5_center_primary_PHpass,ANDROGEN_RESPONSE,0.855965919906255,0.811639899186958,SMS
D5_center_primary_PHpass,ANDROGEN_RESPONSE,0.855965919906255,0.811639899186958,ACSL3
D5_center_primary_PHpass,ANDROGEN_RESPONSE,0.855965919906255,0.811639899186958,FKBP5
D5_center_primary_PHpass,ANDROGEN_RESPONSE,0.855965919906255,0.811639899186958,PTK2B
D5_center_primary_PHpass,ANDROGEN_RESPONSE,0.855965919906255,0.811639899186958,GUCY1A1
D5_center_primary_PHpass,ANDROGEN_RESPONSE,0.855965919906255,0.811639899186958,MYL12A
D5_center_primary_PHpass,ANDROGEN_RESPONSE,0.855965919906255,0.811639899186958,SPCS3
D5_center_primary_PHpass,ANDROGEN_RESPONSE,0.855965919906255,0.811639899186958,GNAI3
D5_center_primary_PHpass,ANDROGEN_RESPONSE,0.855965919906255,0.811639899186958,LMAN1
D5_center_primary_PHpass,ANDROGEN_RESPONSE,0.855965919906255,0.811639899186958,VAPA
D5_center_primary_PHpass,ANDROGEN_RESPONSE,0.855965919906255,0.811639899186958,TNFAIP8
D5_center_primary_PHpass,ANDROGEN_RESPONSE,0.855965919906255,0.811639899186958,IQGAP2
D5_center_primary_PHpass,ANDROGEN_RESPONSE,0.855965919906255,0.811639899186958,UBE2J1
D5_center_primary_PHpass,ANDROGEN_RESPONSE,0.855965919906255,0.811639899186958,RAB4A
D5_center_primary_PHpass,ANDROGEN_RESPONSE,0.855965919906255,0.811639899186958,ABCC4
D5_center_primary_PHpass,ANDROGEN_RESPONSE,0.855965919906255,0.811639899186958,ITGAV
D5_center_primary_PHpass,ANGIOGENESIS,1.25159779729869,0.562781728939197,POSTN
D5_center_primary_PHpass,ANGIOGENESIS,1.25159779729869,0.562781728939197,VCAN
D5_center_primary_PHpass,ANGIOGENESIS,1.25159779729869,0.562781728939197,NRP1
D5_center_primary_PHpass,ANGIOGENESIS,1.25159779729869,0.562781728939197,LRPAP1
D5_center_primary_PHpass,ANGIOGENESIS,1.25159779729869,0.562781728939197,COL3A1
D5_center_primary_PHpass,APICAL_JUNCTION,1.12114904090056,0.577337733773378,WASL
D5_center_primary_PHpass,APICAL_JUNCTION,1.12114904090056,0.577337733773378,B4GALT1
D5_center_primary_PHpass,APICAL_JUNCTION,1.12114904090056,0.577337733773378,VCAN
D5_center_primary_PHpass,APICAL_JUNCTION,1.12114904090056,0.577337733773378,TNFRSF11B
D5_center_primary_PHpass,APICAL_JUNCTION,1.12114904090056,0.577337733773378,ADAMTS5
D5_center_primary_PHpass,APICAL_JUNCTION,1.12114904090056,0.577337733773378,FBN1
D5_center_primary_PHpass,APICAL_JUNCTION,1.12114904090056,0.577337733773378,EVL
D5_center_primary_PHpass,APICAL_JUNCTION,1.12114904090056,0.577337733773378,MMP2
D5_center_primary_PHpass,APICAL_JUNCTION,1.12114904090056,0.577337733773378,VCAM1
D5_center_primary_PHpass,APICAL_JUNCTION,1.12114904090056,0.577337733773378,VASP
D5_center_primary_PHpass,APICAL_JUNCTION,1.12114904090056,0.577337733773378,LAMC2
D5_center_primary_PHpass,APICAL_JUNCTION,1.12114904090056,0.577337733773378,SHC1
D5_center_primary_PHpass,APICAL_JUNCTION,1.12114904090056,0.577337733773378,FSCN1
D5_center_primary_PHpass,APICAL_JUNCTION,1.12114904090056,0.577337733773378,CD209
D5_center_primary_PHpass,APICAL_JUNCTION,1.12114904090056,0.577337733773378,MYH10
D5_center_primary_PHpass,APICAL_JUNCTION,1.12114904090056,0.577337733773378,PIK3CB
D5_center_primary_PHpass,APICAL_JUNCTION,1.12114904090056,0.577337733773378,ZYX
D5_center_primary_PHpass,APICAL_JUNCTION,1.12114904090056,0.577337733773378,IKBKG
D5_center_primary_PHpass,APICAL_JUNCTION,1.12114904090056,0.577337733773378,CAP1
D5_center_primary_PHpass,APICAL_JUNCTION,1.12114904090056,0.577337733773378,TUBG1
D5_center_primary_PHpass,APICAL_JUNCTION,1.12114904090056,0.577337733773378,INPPL1
D5_center_primary_PHpass,APICAL_JUNCTION,1.12114904090056,0.577337733773378,SYK
D5_center_primary_PHpass,APICAL_JUNCTION,1.12114904090056,0.577337733773378,ARHGEF6
D5_center_primary_PHpass,APICAL_JUNCTION,1.12114904090056,0.577337733773378,RASA1
D5_center_primary_PHpass,APICAL_JUNCTION,1.12114904090056,0.577337733773378,RAC2
D5_center_primary_PHpass,APICAL_JUNCTION,1.12114904090056,0.577337733773378,CTNNA1
D5_center_primary_PHpass,APICAL_JUNCTION,1.12114904090056,0.577337733773378,EPB41L2
D5_center_primary_PHpass,APICAL_JUNCTION,1.12114904090056,0.577337733773378,NECTIN2
D5_center_primary_PHpass,APICAL_JUNCTION,1.12114904090056,0.577337733773378,ICAM1
D5_center_primary_PHpass,APICAL_JUNCTION,1.12114904090056,0.577337733773378,BMP1
D5_center_primary_PHpass,APICAL_JUNCTION,1.12114904090056,0.577337733773378,PTK2
D5_center_primary_PHpass,APICAL_JUNCTION,1.12114904090056,0.577337733773378,CD99
D5_center_primary_PHpass,APICAL_JUNCTION,1.12114904090056,0.577337733773378,STX4
D5_center_primary_PHpass,APICAL_JUNCTION,1.12114904090056,0.577337733773378,AKT2
D5_center_primary_PHpass,APICAL_JUNCTION,1.12114904090056,0.577337733773378,LIMA1
D5_center_primary_PHpass,APOPTOSIS,1.04854473042345,0.66079295154185,LGALS3
D5_center_primary_PHpass,APOPTOSIS,1.04854473042345,0.66079295154185,ETF1
D5_center_primary_PHpass,APOPTOSIS,1.04854473042345,0.66079295154185,HMOX1
D5_center_primary_PHpass,APOPTOSIS,1.04854473042345,0.66079295154185,PLAT
D5_center_primary_PHpass,APOPTOSIS,1.04854473042345,0.66079295154185,BMP2
D5_center_primary_PHpass,APOPTOSIS,1.04854473042345,0.66079295154185,IGF2R
D5_center_primary_PHpass,APOPTOSIS,1.04854473042345,0.66079295154185,LMNA
D5_center_primary_PHpass,APOPTOSIS,1.04854473042345,0.66079295154185,TNFSF10
D5_center_primary_PHpass,APOPTOSIS,1.04854473042345,0.66079295154185,MMP2
D5_center_primary_PHpass,APOPTOSIS,1.04854473042345,0.66079295154185,FDXR
D5_center_primary_PHpass,APOPTOSIS,1.04854473042345,0.66079295154185,DNAJC3
D5_center_primary_PHpass,APOPTOSIS,1.04854473042345,0.66079295154185,BAX
D5_center_primary_PHpass,APOPTOSIS,1.04854473042345,0.66079295154185,CASP6
D5_center_primary_PHpass,APOPTOSIS,1.04854473042345,0.66079295154185,SPTAN1
D5_center_primary_PHpass,APOPTOSIS,1.04854473042345,0.66079295154185,DNAJA1
D5_center_primary_PHpass,APOPTOSIS,1.04854473042345,0.66079295154185,GPX1
D5_center_primary_PHpass,APOPTOSIS,1.04854473042345,0.66079295154185,PLCB2
D5_center_primary_PHpass,APOPTOSIS,1.04854473042345,0.66079295154185,BCL2L1
D5_center_primary_PHpass,APOPTOSIS,1.04854473042345,0.66079295154185,PTK2
D5_center_primary_PHpass,APOPTOSIS,1.04854473042345,0.66079295154185,GPX4
D5_center_primary_PHpass,APOPTOSIS,1.04854473042345,0.66079295154185,RELA
D5_center_primary_PHpass,APOPTOSIS,1.04854473042345,0.66079295154185,RHOT2
D5_center_primary_PHpass,APOPTOSIS,1.04854473042345,0.66079295154185,ROCK1
D5_center_primary_PHpass,APOPTOSIS,1.04854473042345,0.66079295154185,CASP3
D5_center_primary_PHpass,APOPTOSIS,1.04854473042345,0.66079295154185,DPYD
D5_center_primary_PHpass,APOPTOSIS,1.04854473042345,0.66079295154185,TIMP1
D5_center_primary_PHpass,BILE_ACID_METABOLISM,1.25474590372848,0.5574782615526,FDXR
D5_center_primary_PHpass,BILE_ACID_METABOLISM,1.25474590372848,0.5574782615526,EPHX2
D5_center_primary_PHpass,BILE_ACID_METABOLISM,1.25474590372848,0.5574782615526,OPTN
D5_center_primary_PHpass,BILE_ACID_METABOLISM,1.25474590372848,0.5574782615526,APOA1
D5_center_primary_PHpass,BILE_ACID_METABOLISM,1.25474590372848,0.5574782615526,HSD17B11
D5_center_primary_PHpass,BILE_ACID_METABOLISM,1.25474590372848,0.5574782615526,PRDX5
D5_center_primary_PHpass,BILE_ACID_METABOLISM,1.25474590372848,0.5574782615526,AGXT
D5_center_primary_PHpass,BILE_ACID_METABOLISM,1.25474590372848,0.5574782615526,IDH1
D5_center_primary_PHpass,BILE_ACID_METABOLISM,1.25474590372848,0.5574782615526,ACSL1
D5_center_primary_PHpass,BILE_ACID_METABOLISM,1.25474590372848,0.5574782615526,HAO1
D5_center_primary_PHpass,BILE_ACID_METABOLISM,1.25474590372848,0.5574782615526,ALDH9A1
D5_center_primary_PHpass,BILE_ACID_METABOLISM,1.25474590372848,0.5574782615526,GSTK1
D5_center_primary_PHpass,BILE_ACID_METABOLISM,1.25474590372848,0.5574782615526,SCP2
D5_center_primary_PHpass,BILE_ACID_METABOLISM,1.25474590372848,0.5574782615526,GCLM
D5_center_primary_PHpass,BILE_ACID_METABOLISM,1.25474590372848,0.5574782615526,SLC27A2
D5_center_primary_PHpass,CHOLESTEROL_HOMEOSTASIS,-1.13624650000501,0.577337733773378,CLU
D5_center_primary_PHpass,CHOLESTEROL_HOMEOSTASIS,-1.13624650000501,0.577337733773378,LDLR
D5_center_primary_PHpass,CHOLESTEROL_HOMEOSTASIS,-1.13624650000501,0.577337733773378,ACSS2
D5_center_primary_PHpass,CHOLESTEROL_HOMEOSTASIS,-1.13624650000501,0.577337733773378,ACAT2
D5_center_primary_PHpass,CHOLESTEROL_HOMEOSTASIS,-1.13624650000501,0.577337733773378,CD9
D5_center_primary_PHpass,CHOLESTEROL_HOMEOSTASIS,-1.13624650000501,0.577337733773378,ANTXR2
D5_center_primary_PHpass,CHOLESTEROL_HOMEOSTASIS,-1.13624650000501,0.577337733773378,GNAI1
D5_center_primary_PHpass,CHOLESTEROL_HOMEOSTASIS,-1.13624650000501,0.577337733773378,PMVK
D5_center_primary_PHpass,CHOLESTEROL_HOMEOSTASIS,-1.13624650000501,0.577337733773378,EBP
D5_center_primary_PHpass,CHOLESTEROL_HOMEOSTASIS,-1.13624650000501,0.577337733773378,HSD17B7
D5_center_primary_PHpass,CHOLESTEROL_HOMEOSTASIS,-1.13624650000501,0.577337733773378,ALDOC
D5_center_primary_PHpass,CHOLESTEROL_HOMEOSTASIS,-1.13624650000501,0.577337733773378,ALCAM
D5_center_primary_PHpass,CHOLESTEROL_HOMEOSTASIS,-1.13624650000501,0.577337733773378,S100A11
D5_center_primary_PHpass,CHOLESTEROL_HOMEOSTASIS,-1.13624650000501,0.577337733773378,PDK3
D5_center_primary_PHpass,CHOLESTEROL_HOMEOSTASIS,-1.13624650000501,0.577337733773378,LPL
D5_center_primary_PHpass,CHOLESTEROL_HOMEOSTASIS,-1.13624650000501,0.577337733773378,FASN
D5_center_primary_PHpass,CHOLESTEROL_HOMEOSTASIS,-1.13624650000501,0.577337733773378,ADH4
D5_center_primary_PHpass,CHOLESTEROL_HOMEOSTASIS,-1.13624650000501,0.577337733773378,STX5
D5_center_primary_PHpass,CHOLESTEROL_HOMEOSTASIS,-1.13624650000501,0.577337733773378,FDPS
D5_center_primary_PHpass,CHOLESTEROL_HOMEOSTASIS,-1.13624650000501,0.577337733773378,LSS
D5_center_primary_PHpass,COAGULATION,0.763166548612094,0.980296059211842,FGG
D5_center_primary_PHpass,COAGULATION,0.763166548612094,0.980296059211842,FGA
D5_center_primary_PHpass,COAGULATION,0.763166548612094,0.980296059211842,FURIN
D5_center_primary_PHpass,COAGULATION,0.763166548612094,0.980296059211842,PLAT
D5_center_primary_PHpass,COAGULATION,0.763166548612094,0.980296059211842,FBN1
D5_center_primary_PHpass,COAGULATION,0.763166548612094,0.980296059211842,CAPN2
D5_center_primary_PHpass,COAGULATION,0.763166548612094,0.980296059211842,MMP2
D5_center_primary_PHpass,COAGULATION,0.763166548612094,0.980296059211842,C1R
D5_center_primary_PHpass,COAGULATION,0.763166548612094,0.980296059211842,MMP1
D5_center_primary_PHpass,COAGULATION,0.763166548612094,0.980296059211842,LRP1
D5_center_primary_PHpass,COAGULATION,0.763166548612094,0.980296059211842,CRIP2
D5_center_primary_PHpass,COAGULATION,0.763166548612094,0.980296059211842,APOA1
D5_center_primary_PHpass,COAGULATION,0.763166548612094,0.980296059211842,P2RY1
D5_center_primary_PHpass,COMPLEMENT,0.666963611748966,0.993459981314232,LGALS3
D5_center_primary_PHpass,COMPLEMENT,0.666963611748966,0.993459981314232,EHD1
D5_center_primary_PHpass,COMPLEMENT,0.666963611748966,0.993459981314232,PLAT
D5_center_primary_PHpass,COMPLEMENT,0.666963611748966,0.993459981314232,LIPA
D5_center_primary_PHpass,COMPLEMENT,0.666963611748966,0.993459981314232,C1QC
D5_center_primary_PHpass,COMPLEMENT,0.666963611748966,0.993459981314232,C1R
D5_center_primary_PHpass,COMPLEMENT,0.666963611748966,0.993459981314232,LRP1
D5_center_primary_PHpass,COMPLEMENT,0.666963611748966,0.993459981314232,WAS
D5_center_primary_PHpass,COMPLEMENT,0.666963611748966,0.993459981314232,USP8
D5_center_primary_PHpass,COMPLEMENT,0.666963611748966,0.993459981314232,APOA4
D5_center_primary_PHpass,COMPLEMENT,0.666963611748966,0.993459981314232,COL4A2
D5_center_primary_PHpass,COMPLEMENT,0.666963611748966,0.993459981314232,XPNPEP1
D5_center_primary_PHpass,COMPLEMENT,0.666963611748966,0.993459981314232,PLSCR1
D5_center_primary_PHpass,COMPLEMENT,0.666963611748966,0.993459981314232,RHOG
D5_center_primary_PHpass,COMPLEMENT,0.666963611748966,0.993459981314232,PLA2G7
D5_center_primary_PHpass,COMPLEMENT,0.666963611748966,0.993459981314232,VCPIP1
D5_center_primary_PHpass,COMPLEMENT,0.666963611748966,0.993459981314232,F8
D5_center_primary_PHpass,COMPLEMENT,0.666963611748966,0.993459981314232,ITGAM
D5_center_primary_PHpass,COMPLEMENT,0.666963611748966,0.993459981314232,FN1
D5_center_primary_PHpass,COMPLEMENT,0.666963611748966,0.993459981314232,CTSB
D5_center_primary_PHpass,COMPLEMENT,0.666963611748966,0.993459981314232,LAP3
D5_center_primary_PHpass,COMPLEMENT,0.666963611748966,0.993459981314232,GNB2
D5_center_primary_PHpass,COMPLEMENT,0.666963611748966,0.993459981314232,PRKCD
D5_center_primary_PHpass,COMPLEMENT,0.666963611748966,0.993459981314232,CSRP1
D5_center_primary_PHpass,COMPLEMENT,0.666963611748966,0.993459981314232,PRCP
D5_center_primary_PHpass,COMPLEMENT,0.666963611748966,0.993459981314232,STX4
D5_center_primary_PHpass,COMPLEMENT,0.666963611748966,0.993459981314232,PCSK9
D5_center_primary_PHpass,COMPLEMENT,0.666963611748966,0.993459981314232,C1S
D5_center_primary_PHpass,COMPLEMENT,0.666963611748966,0.993459981314232,GPD2
D5_center_primary_PHpass,COMPLEMENT,0.666963611748966,0.993459981314232,LCP2
D5_center_primary_PHpass,COMPLEMENT,0.666963611748966,0.993459981314232,CASP3
D5_center_primary_PHpass,COMPLEMENT,0.666963611748966,0.993459981314232,TIMP1
D5_center_primary_PHpass,COMPLEMENT,0.666963611748966,0.993459981314232,MMP14
D5_center_primary_PHpass,COMPLEMENT,0.666963611748966,0.993459981314232,PLA2G4A
D5_center_primary_PHpass,COMPLEMENT,0.666963611748966,0.993459981314232,PIK3CG
D5_center_primary_PHpass,COMPLEMENT,0.666963611748966,0.993459981314232,CR1
D5_center_primary_PHpass,COMPLEMENT,0.666963611748966,0.993459981314232,GNB4
D5_center_primary_PHpass,COMPLEMENT,0.666963611748966,0.993459981314232,GNAI2
D5_center_primary_PHpass,COMPLEMENT,0.666963611748966,0.993459981314232,PIK3CA
D5_center_primary_PHpass,DNA_REPAIR,1.02978434182726,0.689255012349768,NME3
D5_center_primary_PHpass,DNA_REPAIR,1.02978434182726,0.689255012349768,GMPR2
D5_center_primary_PHpass,DNA_REPAIR,1.02978434182726,0.689255012349768,SRSF6
D5_center_primary_PHpass,DNA_REPAIR,1.02978434182726,0.689255012349768,HCLS1
D5_center_primary_PHpass,DNA_REPAIR,1.02978434182726,0.689255012349768,ALYREF
D5_center_primary_PHpass,DNA_REPAIR,1.02978434182726,0.689255012349768,EDF1
D5_center_primary_PHpass,DNA_REPAIR,1.02978434182726,0.689255012349768,IMPDH2
D5_center_primary_PHpass,DNA_REPAIR,1.02978434182726,0.689255012349768,RBX1
D5_center_primary_PHpass,DNA_REPAIR,1.02978434182726,0.689255012349768,APRT
D5_center_primary_PHpass,DNA_REPAIR,1.02978434182726,0.689255012349768,NT5C3A
D5_center_primary_PHpass,DNA_REPAIR,1.02978434182726,0.689255012349768,VPS28
D5_center_primary_PHpass,DNA_REPAIR,1.02978434182726,0.689255012349768,SUPT5H
D5_center_primary_PHpass,DNA_REPAIR,1.02978434182726,0.689255012349768,SEC61A1
D5_center_primary_PHpass,DNA_REPAIR,1.02978434182726,0.689255012349768,BOLA2
D5_center_primary_PHpass,DNA_REPAIR,1.02978434182726,0.689255012349768,GTF3C5
D5_center_primary_PHpass,DNA_REPAIR,1.02978434182726,0.689255012349768,ARL6IP1
D5_center_primary_PHpass,DNA_REPAIR,1.02978434182726,0.689255012349768,TSG101
D5_center_primary_PHpass,DNA_REPAIR,1.02978434182726,0.689255012349768,GPX4
D5_center_primary_PHpass,DNA_REPAIR,1.02978434182726,0.689255012349768,TMED2
D5_center_primary_PHpass,DNA_REPAIR,1.02978434182726,0.689255012349768,DCTN4
D5_center_primary_PHpass,DNA_REPAIR,1.02978434182726,0.689255012349768,SDCBP
D5_center_primary_PHpass,DNA_REPAIR,1.02978434182726,0.689255012349768,UMPS
D5_center_primary_PHpass,DNA_REPAIR,1.02978434182726,0.689255012349768,VPS37B
D5_center_primary_PHpass,E2F_TARGETS,1.10194612184786,0.639647577092511,GSPT1
D5_center_primary_PHpass,E2F_TARGETS,1.10194612184786,0.639647577092511,LMNB1
D5_center_primary_PHpass,E2F_TARGETS,1.10194612184786,0.639647577092511,HMGA1
D5_center_primary_PHpass,E2F_TARGETS,1.10194612184786,0.639647577092511,RANBP1
D5_center_primary_PHpass,E2F_TARGETS,1.10194612184786,0.639647577092511,TMPO
D5_center_primary_PHpass,E2F_TARGETS,1.10194612184786,0.639647577092511,H2AZ1
D5_center_primary_PHpass,E2F_TARGETS,1.10194612184786,0.639647577092511,CTPS1
D5_center_primary_PHpass,E2F_TARGETS,1.10194612184786,0.639647577092511,LBR
D5_center_primary_PHpass,E2F_TARGETS,1.10194612184786,0.639647577092511,ILF3
D5_center_primary_PHpass,E2F_TARGETS,1.10194612184786,0.639647577092511,SRSF1
D5_center_primary_PHpass,E2F_TARGETS,1.10194612184786,0.639647577092511,TUBG1
D5_center_primary_PHpass,E2F_TARGETS,1.10194612184786,0.639647577092511,EIF2S1
D5_center_primary_PHpass,E2F_TARGETS,1.10194612184786,0.639647577092511,PRKDC
D5_center_primary_PHpass,E2F_TARGETS,1.10194612184786,0.639647577092511,CSE1L
D5_center_primary_PHpass,E2F_TARGETS,1.10194612184786,0.639647577092511,PA2G4
D5_center_primary_PHpass,E2F_TARGETS,1.10194612184786,0.639647577092511,RAD50
D5_center_primary_PHpass,E2F_TARGETS,1.10194612184786,0.639647577092511,SMC1A
D5_center_primary_PHpass,E2F_TARGETS,1.10194612184786,0.639647577092511,AK2
D5_center_primary_PHpass,EPITHELIAL_MESENCHYMAL_TRANSITION,1.8468423141314,0.00014725877314802,COLGALT1
D5_center_primary_PHpass,EPITHELIAL_MESENCHYMAL_TRANSITION,1.8468423141314,0.00014725877314802,POSTN
D5_center_primary_PHpass,EPITHELIAL_MESENCHYMAL_TRANSITION,1.8468423141314,0.00014725877314802,COL6A3
D5_center_primary_PHpass,EPITHELIAL_MESENCHYMAL_TRANSITION,1.8468423141314,0.00014725877314802,ABI3BP
D5_center_primary_PHpass,EPITHELIAL_MESENCHYMAL_TRANSITION,1.8468423141314,0.00014725877314802,VEGFC
D5_center_primary_PHpass,EPITHELIAL_MESENCHYMAL_TRANSITION,1.8468423141314,0.00014725877314802,COL6A2
D5_center_primary_PHpass,EPITHELIAL_MESENCHYMAL_TRANSITION,1.8468423141314,0.00014725877314802,TNC
D5_center_primary_PHpass,EPITHELIAL_MESENCHYMAL_TRANSITION,1.8468423141314,0.00014725877314802,LOX
D5_center_primary_PHpass,EPITHELIAL_MESENCHYMAL_TRANSITION,1.8468423141314,0.00014725877314802,IGFBP2
D5_center_primary_PHpass,EPITHELIAL_MESENCHYMAL_TRANSITION,1.8468423141314,0.00014725877314802,MATN2
D5_center_primary_PHpass,EPITHELIAL_MESENCHYMAL_TRANSITION,1.8468423141314,0.00014725877314802,VCAN
D5_center_primary_PHpass,EPITHELIAL_MESENCHYMAL_TRANSITION,1.8468423141314,0.00014725877314802,COL12A1
D5_center_primary_PHpass,EPITHELIAL_MESENCHYMAL_TRANSITION,1.8468423141314,0.00014725877314802,TNFRSF11B
D5_center_primary_PHpass,EPITHELIAL_MESENCHYMAL_TRANSITION,1.8468423141314,0.00014725877314802,ELN
D5_center_primary_PHpass,EPITHELIAL_MESENCHYMAL_TRANSITION,1.8468423141314,0.00014725877314802,FBN1
D5_center_primary_PHpass,EPITHELIAL_MESENCHYMAL_TRANSITION,1.8468423141314,0.00014725877314802,IGFBP4
D5_center_primary_PHpass,EPITHELIAL_MESENCHYMAL_TRANSITION,1.8468423141314,0.00014725877314802,THBS2
D5_center_primary_PHpass,EPITHELIAL_MESENCHYMAL_TRANSITION,1.8468423141314,0.00014725877314802,PTX3
D5_center_primary_PHpass,EPITHELIAL_MESENCHYMAL_TRANSITION,1.8468423141314,0.00014725877314802,LGALS1
D5_center_primary_PHpass,EPITHELIAL_MESENCHYMAL_TRANSITION,1.8468423141314,0.00014725877314802,COL1A2
D5_center_primary_PHpass,EPITHELIAL_MESENCHYMAL_TRANSITION,1.8468423141314,0.00014725877314802,WIPF1
D5_center_primary_PHpass,EPITHELIAL_MESENCHYMAL_TRANSITION,1.8468423141314,0.00014725877314802,CAPG
D5_center_primary_PHpass,EPITHELIAL_MESENCHYMAL_TRANSITION,1.8468423141314,0.00014725877314802,MMP2
D5_center_primary_PHpass,EPITHELIAL_MESENCHYMAL_TRANSITION,1.8468423141314,0.00014725877314802,COL1A1
D5_center_primary_PHpass,EPITHELIAL_MESENCHYMAL_TRANSITION,1.8468423141314,0.00014725877314802,VCAM1
D5_center_primary_PHpass,EPITHELIAL_MESENCHYMAL_TRANSITION,1.8468423141314,0.00014725877314802,MMP1
D5_center_primary_PHpass,EPITHELIAL_MESENCHYMAL_TRANSITION,1.8468423141314,0.00014725877314802,LRP1
D5_center_primary_PHpass,EPITHELIAL_MESENCHYMAL_TRANSITION,1.8468423141314,0.00014725877314802,PLOD1
D5_center_primary_PHpass,EPITHELIAL_MESENCHYMAL_TRANSITION,1.8468423141314,0.00014725877314802,COL4A2
D5_center_primary_PHpass,EPITHELIAL_MESENCHYMAL_TRANSITION,1.8468423141314,0.00014725877314802,LAMC2
D5_center_primary_PHpass,EPITHELIAL_MESENCHYMAL_TRANSITION,1.8468423141314,0.00014725877314802,COL3A1
D5_center_primary_PHpass,EPITHELIAL_MESENCHYMAL_TRANSITION,1.8468423141314,0.00014725877314802,NNMT
D5_center_primary_PHpass,EPITHELIAL_MESENCHYMAL_TRANSITION,1.8468423141314,0.00014725877314802,FBLN1
D5_center_primary_PHpass,EPITHELIAL_MESENCHYMAL_TRANSITION,1.8468423141314,0.00014725877314802,COL4A1
D5_center_primary_PHpass,EPITHELIAL_MESENCHYMAL_TRANSITION,1.8468423141314,0.00014725877314802,COMP
D5_center_primary_PHpass,EPITHELIAL_MESENCHYMAL_TRANSITION,1.8468423141314,0.00014725877314802,PCOLCE2
D5_center_primary_PHpass,ESTROGEN_RESPONSE_EARLY,1.31265775068051,0.429555332664661,THSD4
D5_center_primary_PHpass,ESTROGEN_RESPONSE_EARLY,1.31265775068051,0.429555332664661,B4GALT1
D5_center_primary_PHpass,ESTROGEN_RESPONSE_EARLY,1.31265775068051,0.429555332664661,CCN5
D5_center_primary_PHpass,ESTROGEN_RESPONSE_EARLY,1.31265775068051,0.429555332664661,STC2
D5_center_primary_PHpass,ESTROGEN_RESPONSE_EARLY,1.31265775068051,0.429555332664661,INHBB
D5_center_primary_PHpass,ESTROGEN_RESPONSE_EARLY,1.31265775068051,0.429555332664661,IGFBP4
D5_center_primary_PHpass,ESTROGEN_RESPONSE_EARLY,1.31265775068051,0.429555332664661,OLFM1
D5_center_primary_PHpass,ESTROGEN_RESPONSE_EARLY,1.31265775068051,0.429555332664661,SEMA3B
D5_center_primary_PHpass,ESTROGEN_RESPONSE_EARLY,1.31265775068051,0.429555332664661,DHCR7
D5_center_primary_PHpass,ESTROGEN_RESPONSE_EARLY,1.31265775068051,0.429555332664661,ABAT
D5_center_primary_PHpass,ESTROGEN_RESPONSE_EARLY,1.31265775068051,0.429555332664661,BLVRB
D5_center_primary_PHpass,ESTROGEN_RESPONSE_EARLY,1.31265775068051,0.429555332664661,DYNLT3
D5_center_primary_PHpass,ESTROGEN_RESPONSE_EARLY,1.31265775068051,0.429555332664661,MYBBP1A
D5_center_primary_PHpass,ESTROGEN_RESPONSE_EARLY,1.31265775068051,0.429555332664661,RAB31
D5_center_primary_PHpass,ESTROGEN_RESPONSE_LATE,1.18272626888117,0.562781728939197,LSR
D5_center_primary_PHpass,ESTROGEN_RESPONSE_LATE,1.18272626888117,0.562781728939197,CCN5
D5_center_primary_PHpass,ESTROGEN_RESPONSE_LATE,1.18272626888117,0.562781728939197,PTPN6
D5_center_primary_PHpass,ESTROGEN_RESPONSE_LATE,1.18272626888117,0.562781728939197,IGFBP4
D5_center_primary_PHpass,ESTROGEN_RESPONSE_LATE,1.18272626888117,0.562781728939197,OLFM1
D5_center_primary_PHpass,ESTROGEN_RESPONSE_LATE,1.18272626888117,0.562781728939197,SEMA3B
D5_center_primary_PHpass,ESTROGEN_RESPONSE_LATE,1.18272626888117,0.562781728939197,DHCR7
D5_center_primary_PHpass,ESTROGEN_RESPONSE_LATE,1.18272626888117,0.562781728939197,LAMC2
D5_center_primary_PHpass,ESTROGEN_RESPONSE_LATE,1.18272626888117,0.562781728939197,BLVRB
D5_center_primary_PHpass,ESTROGEN_RESPONSE_LATE,1.18272626888117,0.562781728939197,DYNLT3
D5_center_primary_PHpass,ESTROGEN_RESPONSE_LATE,1.18272626888117,0.562781728939197,UGDH
D5_center_primary_PHpass,ESTROGEN_RESPONSE_LATE,1.18272626888117,0.562781728939197,RAB31
D5_center_primary_PHpass,ESTROGEN_RESPONSE_LATE,1.18272626888117,0.562781728939197,SORD
D5_center_primary_PHpass,ESTROGEN_RESPONSE_LATE,1.18272626888117,0.562781728939197,COX6C
D5_center_primary_PHpass,ESTROGEN_RESPONSE_LATE,1.18272626888117,0.562781728939197,ETFB
D5_center_primary_PHpass,ESTROGEN_RESPONSE_LATE,1.18272626888117,0.562781728939197,JAK1
D5_center_primary_PHpass,ESTROGEN_RESPONSE_LATE,1.18272626888117,0.562781728939197,FLNB
D5_center_primary_PHpass,ESTROGEN_RESPONSE_LATE,1.18272626888117,0.562781728939197,PRSS23
D5_center_primary_PHpass,ESTROGEN_RESPONSE_LATE,1.18272626888117,0.562781728939197,ALDH3A2
D5_center_primary_PHpass,ESTROGEN_RESPONSE_LATE,1.18272626888117,0.562781728939197,FKBP5
D5_center_primary_PHpass,ESTROGEN_RESPONSE_LATE,1.18272626888117,0.562781728939197,ADD3
D5_center_primary_PHpass,ESTROGEN_RESPONSE_LATE,1.18272626888117,0.562781728939197,SLC27A2
D5_center_primary_PHpass,ESTROGEN_RESPONSE_LATE,1.18272626888117,0.562781728939197,RABEP1
D5_center_primary_PHpass,ESTROGEN_RESPONSE_LATE,1.18272626888117,0.562781728939197,PAPSS2
D5_center_primary_PHpass,ESTROGEN_RESPONSE_LATE,1.18272626888117,0.562781728939197,ASS1
D5_center_primary_PHpass,ESTROGEN_RESPONSE_LATE,1.18272626888117,0.562781728939197,TST
D5_center_primary_PHpass,ESTROGEN_RESPONSE_LATE,1.18272626888117,0.562781728939197,HMGCS2
D5_center_primary_PHpass,ESTROGEN_RESPONSE_LATE,1.18272626888117,0.562781728939197,GLA
D5_center_primary_PHpass,ESTROGEN_RESPONSE_LATE,1.18272626888117,0.562781728939197,ALDH3B1
D5_center_primary_PHpass,ESTROGEN_RESPONSE_LATE,1.18272626888117,0.562781728939197,HPRT1
D5_center_primary_PHpass,ESTROGEN_RESPONSE_LATE,1.18272626888117,0.562781728939197,RPS6KA2
D5_center_primary_PHpass,ESTROGEN_RESPONSE_LATE,1.18272626888117,0.562781728939197,CDH1
D5_center_primary_PHpass,FATTY_ACID_METABOLISM,0.729157690813577,0.984276637484262,CBR1
D5_center_primary_PHpass,FATTY_ACID_METABOLISM,0.729157690813577,0.984276637484262,CBR3
D5_center_primary_PHpass,FATTY_ACID_METABOLISM,0.729157690813577,0.984276637484262,ACADS
D5_center_primary_PHpass,FATTY_ACID_METABOLISM,0.729157690813577,0.984276637484262,LGALS1
D5_center_primary_PHpass,FATTY_ACID_METABOLISM,0.729157690813577,0.984276637484262,ACAA2
D5_center_primary_PHpass,FATTY_ACID_METABOLISM,0.729157690813577,0.984276637484262,SUCLG2
D5_center_primary_PHpass,FATTY_ACID_METABOLISM,0.729157690813577,0.984276637484262,HMGCL
D5_center_primary_PHpass,FATTY_ACID_METABOLISM,0.729157690813577,0.984276637484262,GRHPR
D5_center_primary_PHpass,FATTY_ACID_METABOLISM,0.729157690813577,0.984276637484262,METAP1
D5_center_primary_PHpass,FATTY_ACID_METABOLISM,0.729157690813577,0.984276637484262,H2AZ1
D5_center_primary_PHpass,FATTY_ACID_METABOLISM,0.729157690813577,0.984276637484262,UGDH
D5_center_primary_PHpass,FATTY_ACID_METABOLISM,0.729157690813577,0.984276637484262,HSD17B11
D5_center_primary_PHpass,FATTY_ACID_METABOLISM,0.729157690813577,0.984276637484262,ECI2
D5_center_primary_PHpass,FATTY_ACID_METABOLISM,0.729157690813577,0.984276637484262,DLD
D5_center_primary_PHpass,FATTY_ACID_METABOLISM,0.729157690813577,0.984276637484262,ETFDH
D5_center_primary_PHpass,FATTY_ACID_METABOLISM,0.729157690813577,0.984276637484262,ACAA1
D5_center_primary_PHpass,FATTY_ACID_METABOLISM,0.729157690813577,0.984276637484262,EPHX1
D5_center_primary_PHpass,FATTY_ACID_METABOLISM,0.729157690813577,0.984276637484262,IDH1
D5_center_primary_PHpass,FATTY_ACID_METABOLISM,0.729157690813577,0.984276637484262,ACSL1
D5_center_primary_PHpass,FATTY_ACID_METABOLISM,0.729157690813577,0.984276637484262,SMS
D5_center_primary_PHpass,FATTY_ACID_METABOLISM,0.729157690813577,0.984276637484262,ALDH9A1
D5_center_primary_PHpass,FATTY_ACID_METABOLISM,0.729157690813577,0.984276637484262,ALDH3A2
D5_center_primary_PHpass,FATTY_ACID_METABOLISM,0.729157690813577,0.984276637484262,CRYZ
D5_center_primary_PHpass,FATTY_ACID_METABOLISM,0.729157690813577,0.984276637484262,RAP1GDS1
D5_center_primary_PHpass,FATTY_ACID_METABOLISM,0.729157690813577,0.984276637484262,NSDHL
D5_center_primary_PHpass,FATTY_ACID_METABOLISM,0.729157690813577,0.984276637484262,GPD2
D5_center_primary_PHpass,FATTY_ACID_METABOLISM,0.729157690813577,0.984276637484262,CPOX
D5_center_primary_PHpass,FATTY_ACID_METABOLISM,0.729157690813577,0.984276637484262,MIF
D5_center_primary_PHpass,FATTY_ACID_METABOLISM,0.729157690813577,0.984276637484262,CRAT
D5_center_primary_PHpass,FATTY_ACID_METABOLISM,0.729157690813577,0.984276637484262,HMGCS2
D5_center_primary_PHpass,G2M_CHECKPOINT,1.07340306169132,0.639647577092511,EWSR1
D5_center_primary_PHpass,G2M_CHECKPOINT,1.07340306169132,0.639647577092511,MARCKS
D5_center_primary_PHpass,G2M_CHECKPOINT,1.07340306169132,0.639647577092511,MT2A
D5_center_primary_PHpass,G2M_CHECKPOINT,1.07340306169132,0.639647577092511,G3BP1
D5_center_primary_PHpass,G2M_CHECKPOINT,1.07340306169132,0.639647577092511,GSPT1
D5_center_primary_PHpass,G2M_CHECKPOINT,1.07340306169132,0.639647577092511,LMNB1
D5_center_primary_PHpass,G2M_CHECKPOINT,1.07340306169132,0.639647577092511,DTYMK
D5_center_primary_PHpass,G2M_CHECKPOINT,1.07340306169132,0.639647577092511,HMGA1
D5_center_primary_PHpass,G2M_CHECKPOINT,1.07340306169132,0.639647577092511,TMPO
D5_center_primary_PHpass,G2M_CHECKPOINT,1.07340306169132,0.639647577092511,H2AZ1
D5_center_primary_PHpass,G2M_CHECKPOINT,1.07340306169132,0.639647577092511,SFPQ
D5_center_primary_PHpass,G2M_CHECKPOINT,1.07340306169132,0.639647577092511,LBR
D5_center_primary_PHpass,G2M_CHECKPOINT,1.07340306169132,0.639647577092511,ILF3
D5_center_primary_PHpass,G2M_CHECKPOINT,1.07340306169132,0.639647577092511,SRSF1
D5_center_primary_PHpass,G2M_CHECKPOINT,1.07340306169132,0.639647577092511,CUL1
D5_center_primary_PHpass,G2M_CHECKPOINT,1.07340306169132,0.639647577092511,CUL4A
D5_center_primary_PHpass,G2M_CHECKPOINT,1.07340306169132,0.639647577092511,SMC2
D5_center_primary_PHpass,G2M_CHECKPOINT,1.07340306169132,0.639647577092511,PML
D5_center_primary_PHpass,G2M_CHECKPOINT,1.07340306169132,0.639647577092511,CDC27
D5_center_primary_PHpass,G2M_CHECKPOINT,1.07340306169132,0.639647577092511,SMC1A
D5_center_primary_PHpass,G2M_CHECKPOINT,1.07340306169132,0.639647577092511,NOTCH2
D5_center_primary_PHpass,G2M_CHECKPOINT,1.07340306169132,0.639647577092511,HMGN2
D5_center_primary_PHpass,G2M_CHECKPOINT,1.07340306169132,0.639647577092511,UPF1
D5_center_primary_PHpass,G2M_CHECKPOINT,1.07340306169132,0.639647577092511,H2AX
D5_center_primary_PHpass,G2M_CHECKPOINT,1.07340306169132,0.639647577092511,CHMP1A
D5_center_primary_PHpass,GLYCOLYSIS,1.16614820514827,0.562781728939197,AGRN
D5_center_primary_PHpass,GLYCOLYSIS,1.16614820514827,0.562781728939197,B4GALT1
D5_center_primary_PHpass,GLYCOLYSIS,1.16614820514827,0.562781728939197,VCAN
D5_center_primary_PHpass,GLYCOLYSIS,1.16614820514827,0.562781728939197,STC2
D5_center_primary_PHpass,GLYCOLYSIS,1.16614820514827,0.562781728939197,ENO1
D5_center_primary_PHpass,GLYCOLYSIS,1.16614820514827,0.562781728939197,P4HA1
D5_center_primary_PHpass,GLYCOLYSIS,1.16614820514827,0.562781728939197,ANGPTL4
D5_center_primary_PHpass,GLYCOLYSIS,1.16614820514827,0.562781728939197,GALK1
D5_center_primary_PHpass,GLYCOLYSIS,1.16614820514827,0.562781728939197,FUT8
D5_center_primary_PHpass,GLYCOLYSIS,1.16614820514827,0.562781728939197,IRS2
D5_center_primary_PHpass,GLYCOLYSIS,1.16614820514827,0.562781728939197,PMM2
D5_center_primary_PHpass,GLYCOLYSIS,1.16614820514827,0.562781728939197,PLOD1
D5_center_primary_PHpass,GLYCOLYSIS,1.16614820514827,0.562781728939197,PKM
D5_center_primary_PHpass,GLYCOLYSIS,1.16614820514827,0.562781728939197,AGL
D5_center_primary_PHpass,GLYCOLYSIS,1.16614820514827,0.562781728939197,PFKP
D5_center_primary_PHpass,GLYCOLYSIS,1.16614820514827,0.562781728939197,GYS1
D5_center_primary_PHpass,GLYCOLYSIS,1.16614820514827,0.562781728939197,DLD
D5_center_primary_PHpass,GLYCOLYSIS,1.16614820514827,0.562781728939197,CASP6
D5_center_primary_PHpass,GLYCOLYSIS,1.16614820514827,0.562781728939197,SLC16A3
D5_center_primary_PHpass,GLYCOLYSIS,1.16614820514827,0.562781728939197,RARS1
D5_center_primary_PHpass,GLYCOLYSIS,1.16614820514827,0.562781728939197,XYLT2
D5_center_primary_PHpass,GLYCOLYSIS,1.16614820514827,0.562781728939197,PGLS
D5_center_primary_PHpass,GLYCOLYSIS,1.16614820514827,0.562781728939197,B3GALT6
D5_center_primary_PHpass,GLYCOLYSIS,1.16614820514827,0.562781728939197,IDH1
D5_center_primary_PHpass,GLYCOLYSIS,1.16614820514827,0.562781728939197,EXT1
D5_center_primary_PHpass,GLYCOLYSIS,1.16614820514827,0.562781728939197,CHST12
D5_center_primary_PHpass,GLYCOLYSIS,1.16614820514827,0.562781728939197,PGK1
D5_center_primary_PHpass,GLYCOLYSIS,1.16614820514827,0.562781728939197,PRPS1
D5_center_primary_PHpass,GLYCOLYSIS,1.16614820514827,0.562781728939197,ALDH9A1
D5_center_primary_PHpass,HEME_METABOLISM,0.912644810158971,0.811639899186958,GMPS
D5_center_primary_PHpass,HEME_METABOLISM,0.912644810158971,0.811639899186958,HTATIP2
D5_center_primary_PHpass,HEME_METABOLISM,0.912644810158971,0.811639899186958,SYNJ1
D5_center_primary_PHpass,HEME_METABOLISM,0.912644810158971,0.811639899186958,TRIM58
D5_center_primary_PHpass,HEME_METABOLISM,0.912644810158971,0.811639899186958,MAP2K3
D5_center_primary_PHpass,HEME_METABOLISM,0.912644810158971,0.811639899186958,OPTN
D5_center_primary_PHpass,HEME_METABOLISM,0.912644810158971,0.811639899186958,BLVRB
D5_center_primary_PHpass,HEME_METABOLISM,0.912644810158971,0.811639899186958,TNS1
D5_center_primary_PHpass,HEME_METABOLISM,0.912644810158971,0.811639899186958,ATP6V0A1
D5_center_primary_PHpass,HEME_METABOLISM,0.912644810158971,0.811639899186958,ARHGEF12
D5_center_primary_PHpass,HEME_METABOLISM,0.912644810158971,0.811639899186958,MYL4
D5_center_primary_PHpass,HEME_METABOLISM,0.912644810158971,0.811639899186958,ALDH6A1
D5_center_primary_PHpass,HEME_METABOLISM,0.912644810158971,0.811639899186958,MGST3
D5_center_primary_PHpass,HEME_METABOLISM,0.912644810158971,0.811639899186958,CTSB
D5_center_primary_PHpass,HEME_METABOLISM,0.912644810158971,0.811639899186958,CDC27
D5_center_primary_PHpass,HEME_METABOLISM,0.912644810158971,0.811639899186958,PGLS
D5_center_primary_PHpass,HEME_METABOLISM,0.912644810158971,0.811639899186958,TMCC2
D5_center_primary_PHpass,HEME_METABOLISM,0.912644810158971,0.811639899186958,KHNYN
D5_center_primary_PHpass,HEME_METABOLISM,0.912644810158971,0.811639899186958,HAGH
D5_center_primary_PHpass,HEME_METABOLISM,0.912644810158971,0.811639899186958,GAPVD1
D5_center_primary_PHpass,HEME_METABOLISM,0.912644810158971,0.811639899186958,FECH
D5_center_primary_PHpass,HEME_METABOLISM,0.912644810158971,0.811639899186958,PICALM
D5_center_primary_PHpass,HEME_METABOLISM,0.912644810158971,0.811639899186958,GCLM
D5_center_primary_PHpass,HEME_METABOLISM,0.912644810158971,0.811639899186958,BMP2K
D5_center_primary_PHpass,HEME_METABOLISM,0.912644810158971,0.811639899186958,NEK7
D5_center_primary_PHpass,HEME_METABOLISM,0.912644810158971,0.811639899186958,CPOX
D5_center_primary_PHpass,HEME_METABOLISM,0.912644810158971,0.811639899186958,FTCD
D5_center_primary_PHpass,HEME_METABOLISM,0.912644810158971,0.811639899186958,SDCBP
D5_center_primary_PHpass,HEME_METABOLISM,0.912644810158971,0.811639899186958,MARK3
D5_center_primary_PHpass,HEME_METABOLISM,0.912644810158971,0.811639899186958,RBM38
D5_center_primary_PHpass,HEME_METABOLISM,0.912644810158971,0.811639899186958,GDE1
D5_center_primary_PHpass,HYPOXIA,1.34790073812936,0.429555332664661,LOX
D5_center_primary_PHpass,HYPOXIA,1.34790073812936,0.429555332664661,CCN5
D5_center_primary_PHpass,HYPOXIA,1.34790073812936,0.429555332664661,STC2
D5_center_primary_PHpass,HYPOXIA,1.34790073812936,0.429555332664661,ENO1
D5_center_primary_PHpass,HYPOXIA,1.34790073812936,0.429555332664661,CSRP2
D5_center_primary_PHpass,HYPOXIA,1.34790073812936,0.429555332664661,HMOX1
D5_center_primary_PHpass,HYPOXIA,1.34790073812936,0.429555332664661,P4HA1
D5_center_primary_PHpass,HYPOXIA,1.34790073812936,0.429555332664661,ANGPTL4
D5_center_primary_PHpass,HYPOXIA,1.34790073812936,0.429555332664661,GALK1
D5_center_primary_PHpass,HYPOXIA,1.34790073812936,0.429555332664661,MT2A
D5_center_primary_PHpass,HYPOXIA,1.34790073812936,0.429555332664661,IRS2
D5_center_primary_PHpass,HYPOXIA,1.34790073812936,0.429555332664661,GRHPR
D5_center_primary_PHpass,HYPOXIA,1.34790073812936,0.429555332664661,XPNPEP1
D5_center_primary_PHpass,HYPOXIA,1.34790073812936,0.429555332664661,PFKP
D5_center_primary_PHpass,HYPOXIA,1.34790073812936,0.429555332664661,EFNA1
D5_center_primary_PHpass,HYPOXIA,1.34790073812936,0.429555332664661,GYS1
D5_center_primary_PHpass,HYPOXIA,1.34790073812936,0.429555332664661,CASP6
D5_center_primary_PHpass,HYPOXIA,1.34790073812936,0.429555332664661,PRDX5
D5_center_primary_PHpass,HYPOXIA,1.34790073812936,0.429555332664661,TES
D5_center_primary_PHpass,HYPOXIA,1.34790073812936,0.429555332664661,TPST2
D5_center_primary_PHpass,HYPOXIA,1.34790073812936,0.429555332664661,GAPDH
D5_center_primary_PHpass,HYPOXIA,1.34790073812936,0.429555332664661,JMJD6
D5_center_primary_PHpass,HYPOXIA,1.34790073812936,0.429555332664661,ILVBL
D5_center_primary_PHpass,HYPOXIA,1.34790073812936,0.429555332664661,B3GALT6
D5_center_primary_PHpass,HYPOXIA,1.34790073812936,0.429555332664661,CCN1
D5_center_primary_PHpass,HYPOXIA,1.34790073812936,0.429555332664661,PRKCA
D5_center_primary_PHpass,HYPOXIA,1.34790073812936,0.429555332664661,PFKL
D5_center_primary_PHpass,HYPOXIA,1.34790073812936,0.429555332664661,EXT1
D5_center_primary_PHpass,HYPOXIA,1.34790073812936,0.429555332664661,PGK1
D5_center_primary_PHpass,HYPOXIA,1.34790073812936,0.429555332664661,CAVIN1
D5_center_primary_PHpass,HYPOXIA,1.34790073812936,0.429555332664661,PKLR
D5_center_primary_PHpass,HYPOXIA,1.34790073812936,0.429555332664661,ERO1A
D5_center_primary_PHpass,HYPOXIA,1.34790073812936,0.429555332664661,HEXA
D5_center_primary_PHpass,IL2_STAT5_SIGNALING,1.38682090583005,0.429555332664661,COL6A1
D5_center_primary_PHpass,IL2_STAT5_SIGNALING,1.38682090583005,0.429555332664661,CXCL10
D5_center_primary_PHpass,IL2_STAT5_SIGNALING,1.38682090583005,0.429555332664661,AHNAK
D5_center_primary_PHpass,IL2_STAT5_SIGNALING,1.38682090583005,0.429555332664661,FURIN
D5_center_primary_PHpass,IL2_STAT5_SIGNALING,1.38682090583005,0.429555332664661,FGL2
D5_center_primary_PHpass,IL2_STAT5_SIGNALING,1.38682090583005,0.429555332664661,NRP1
D5_center_primary_PHpass,IL2_STAT5_SIGNALING,1.38682090583005,0.429555332664661,P4HA1
D5_center_primary_PHpass,IL2_STAT5_SIGNALING,1.38682090583005,0.429555332664661,PRNP
D5_center_primary_PHpass,IL2_STAT5_SIGNALING,1.38682090583005,0.429555332664661,BMP2
D5_center_primary_PHpass,IL2_STAT5_SIGNALING,1.38682090583005,0.429555332664661,IGF2R
D5_center_primary_PHpass,IL2_STAT5_SIGNALING,1.38682090583005,0.429555332664661,CAPG
D5_center_primary_PHpass,IL2_STAT5_SIGNALING,1.38682090583005,0.429555332664661,TNFSF10
D5_center_primary_PHpass,IL2_STAT5_SIGNALING,1.38682090583005,0.429555332664661,MYO1E
D5_center_primary_PHpass,IL2_STAT5_SIGNALING,1.38682090583005,0.429555332664661,SNX9
D5_center_primary_PHpass,IL2_STAT5_SIGNALING,1.38682090583005,0.429555332664661,PLSCR1
D5_center_primary_PHpass,IL2_STAT5_SIGNALING,1.38682090583005,0.429555332664661,ITIH5
D5_center_primary_PHpass,IL6_JAK_STAT3_SIGNALING,0.919395371935611,0.801110468478889,CXCL10
D5_center_primary_PHpass,IL6_JAK_STAT3_SIGNALING,0.919395371935611,0.801110468478889,HMOX1
D5_center_primary_PHpass,IL6_JAK_STAT3_SIGNALING,0.919395371935611,0.801110468478889,EBI3
D5_center_primary_PHpass,IL6_JAK_STAT3_SIGNALING,0.919395371935611,0.801110468478889,STAT2
D5_center_primary_PHpass,IL6_JAK_STAT3_SIGNALING,0.919395371935611,0.801110468478889,MYD88
D5_center_primary_PHpass,IL6_JAK_STAT3_SIGNALING,0.919395371935611,0.801110468478889,STAT1
D5_center_primary_PHpass,IL6_JAK_STAT3_SIGNALING,0.919395371935611,0.801110468478889,TLR2
D5_center_primary_PHpass,IL6_JAK_STAT3_SIGNALING,0.919395371935611,0.801110468478889,CBL
D5_center_primary_PHpass,INFLAMMATORY_RESPONSE,0.882454467646217,0.811639899186958,MSR1
D5_center_primary_PHpass,INFLAMMATORY_RESPONSE,0.882454467646217,0.811639899186958,STAB1
D5_center_primary_PHpass,INFLAMMATORY_RESPONSE,0.882454467646217,0.811639899186958,TNFAIP6
D5_center_primary_PHpass,INFLAMMATORY_RESPONSE,0.882454467646217,0.811639899186958,CXCL10
D5_center_primary_PHpass,INFLAMMATORY_RESPONSE,0.882454467646217,0.811639899186958,TNFSF10
D5_center_primary_PHpass,INFLAMMATORY_RESPONSE,0.882454467646217,0.811639899186958,EBI3
D5_center_primary_PHpass,INFLAMMATORY_RESPONSE,0.882454467646217,0.811639899186958,CCL24
D5_center_primary_PHpass,INFLAMMATORY_RESPONSE,0.882454467646217,0.811639899186958,RHOG
D5_center_primary_PHpass,INFLAMMATORY_RESPONSE,0.882454467646217,0.811639899186958,SCARF1
D5_center_primary_PHpass,INFLAMMATORY_RESPONSE,0.882454467646217,0.811639899186958,CCRL2
D5_center_primary_PHpass,INFLAMMATORY_RESPONSE,0.882454467646217,0.811639899186958,TLR2
D5_center_primary_PHpass,INFLAMMATORY_RESPONSE,0.882454467646217,0.811639899186958,NFKB1
D5_center_primary_PHpass,INFLAMMATORY_RESPONSE,0.882454467646217,0.811639899186958,EIF2AK2
D5_center_primary_PHpass,INFLAMMATORY_RESPONSE,0.882454467646217,0.811639899186958,NAMPT
D5_center_primary_PHpass,INFLAMMATORY_RESPONSE,0.882454467646217,0.811639899186958,SELENOS
D5_center_primary_PHpass,INFLAMMATORY_RESPONSE,0.882454467646217,0.811639899186958,ABI1
D5_center_primary_PHpass,INFLAMMATORY_RESPONSE,0.882454467646217,0.811639899186958,ICAM1
D5_center_primary_PHpass,INFLAMMATORY_RESPONSE,0.882454467646217,0.811639899186958,CXCL9
D5_center_primary_PHpass,INFLAMMATORY_RESPONSE,0.882454467646217,0.811639899186958,CYBB
D5_center_primary_PHpass,INFLAMMATORY_RESPONSE,0.882454467646217,0.811639899186958,RELA
D5_center_primary_PHpass,INFLAMMATORY_RESPONSE,0.882454467646217,0.811639899186958,SELE
D5_center_primary_PHpass,INFLAMMATORY_RESPONSE,0.882454467646217,0.811639899186958,LCP2
D5_center_primary_PHpass,INFLAMMATORY_RESPONSE,0.882454467646217,0.811639899186958,TIMP1
D5_center_primary_PHpass,INFLAMMATORY_RESPONSE,0.882454467646217,0.811639899186958,MMP14
D5_center_primary_PHpass,INTERFERON_ALPHA_RESPONSE,0.900432886537036,0.801110468478889,CXCL10
D5_center_primary_PHpass,INTERFERON_ALPHA_RESPONSE,0.900432886537036,0.801110468478889,PLSCR1
D5_center_primary_PHpass,INTERFERON_ALPHA_RESPONSE,0.900432886537036,0.801110468478889,GMPR
D5_center_primary_PHpass,INTERFERON_ALPHA_RESPONSE,0.900432886537036,0.801110468478889,STAT2
D5_center_primary_PHpass,INTERFERON_ALPHA_RESPONSE,0.900432886537036,0.801110468478889,IFI35
D5_center_primary_PHpass,INTERFERON_ALPHA_RESPONSE,0.900432886537036,0.801110468478889,PARP9
D5_center_primary_PHpass,INTERFERON_ALPHA_RESPONSE,0.900432886537036,0.801110468478889,SAMD9
D5_center_primary_PHpass,INTERFERON_ALPHA_RESPONSE,0.900432886537036,0.801110468478889,PARP14
D5_center_primary_PHpass,INTERFERON_ALPHA_RESPONSE,0.900432886537036,0.801110468478889,CCRL2
D5_center_primary_PHpass,INTERFERON_ALPHA_RESPONSE,0.900432886537036,0.801110468478889,LAP3
D5_center_primary_PHpass,INTERFERON_ALPHA_RESPONSE,0.900432886537036,0.801110468478889,EIF2AK2
D5_center_primary_PHpass,INTERFERON_ALPHA_RESPONSE,0.900432886537036,0.801110468478889,PARP12
D5_center_primary_PHpass,INTERFERON_ALPHA_RESPONSE,0.900432886537036,0.801110468478889,C1S
D5_center_primary_PHpass,INTERFERON_ALPHA_RESPONSE,0.900432886537036,0.801110468478889,CNP
D5_center_primary_PHpass,INTERFERON_ALPHA_RESPONSE,0.900432886537036,0.801110468478889,HLA-C
D5_center_primary_PHpass,INTERFERON_ALPHA_RESPONSE,0.900432886537036,0.801110468478889,TRIM25
D5_center_primary_PHpass,INTERFERON_ALPHA_RESPONSE,0.900432886537036,0.801110468478889,RNF31
D5_center_primary_PHpass,INTERFERON_ALPHA_RESPONSE,0.900432886537036,0.801110468478889,SELL
D5_center_primary_PHpass,INTERFERON_ALPHA_RESPONSE,0.900432886537036,0.801110468478889,NCOA7
D5_center_primary_PHpass,INTERFERON_ALPHA_RESPONSE,0.900432886537036,0.801110468478889,PSME2
D5_center_primary_PHpass,INTERFERON_ALPHA_RESPONSE,0.900432886537036,0.801110468478889,NMI
D5_center_primary_PHpass,INTERFERON_ALPHA_RESPONSE,0.900432886537036,0.801110468478889,TRIM21
D5_center_primary_PHpass,INTERFERON_ALPHA_RESPONSE,0.900432886537036,0.801110468478889,TDRD7
D5_center_primary_PHpass,INTERFERON_ALPHA_RESPONSE,0.900432886537036,0.801110468478889,BST2
D5_center_primary_PHpass,INTERFERON_GAMMA_RESPONSE,1.01128664735977,0.691965059678602,TNFAIP6
D5_center_primary_PHpass,INTERFERON_GAMMA_RESPONSE,1.01128664735977,0.691965059678602,CXCL10
D5_center_primary_PHpass,INTERFERON_GAMMA_RESPONSE,1.01128664735977,0.691965059678602,FGL2
D5_center_primary_PHpass,INTERFERON_GAMMA_RESPONSE,1.01128664735977,0.691965059678602,PTPN6
D5_center_primary_PHpass,INTERFERON_GAMMA_RESPONSE,1.01128664735977,0.691965059678602,MT2A
D5_center_primary_PHpass,INTERFERON_GAMMA_RESPONSE,1.01128664735977,0.691965059678602,TNFSF10
D5_center_primary_PHpass,INTERFERON_GAMMA_RESPONSE,1.01128664735977,0.691965059678602,C1R
D5_center_primary_PHpass,INTERFERON_GAMMA_RESPONSE,1.01128664735977,0.691965059678602,VCAM1
D5_center_primary_PHpass,INTERFERON_GAMMA_RESPONSE,1.01128664735977,0.691965059678602,RNF213
D5_center_primary_PHpass,INTERFERON_GAMMA_RESPONSE,1.01128664735977,0.691965059678602,PLSCR1
D5_center_primary_PHpass,INTERFERON_GAMMA_RESPONSE,1.01128664735977,0.691965059678602,STAT2
D5_center_primary_PHpass,INTERFERON_GAMMA_RESPONSE,1.01128664735977,0.691965059678602,PFKP
D5_center_primary_PHpass,INTERFERON_GAMMA_RESPONSE,1.01128664735977,0.691965059678602,IFI35
D5_center_primary_PHpass,INTERFERON_GAMMA_RESPONSE,1.01128664735977,0.691965059678602,MYD88
D5_center_primary_PHpass,INTERFERON_GAMMA_RESPONSE,1.01128664735977,0.691965059678602,SELP
D5_center_primary_PHpass,INTERFERON_GAMMA_RESPONSE,1.01128664735977,0.691965059678602,PARP14
D5_center_primary_PHpass,INTERFERON_GAMMA_RESPONSE,1.01128664735977,0.691965059678602,PML
D5_center_primary_PHpass,INTERFERON_GAMMA_RESPONSE,1.01128664735977,0.691965059678602,STAT1
D5_center_primary_PHpass,INTERFERON_GAMMA_RESPONSE,1.01128664735977,0.691965059678602,NFKB1
D5_center_primary_PHpass,INTERFERON_GAMMA_RESPONSE,1.01128664735977,0.691965059678602,LAP3
D5_center_primary_PHpass,INTERFERON_GAMMA_RESPONSE,1.01128664735977,0.691965059678602,VAMP8
D5_center_primary_PHpass,INTERFERON_GAMMA_RESPONSE,1.01128664735977,0.691965059678602,EIF2AK2
D5_center_primary_PHpass,INTERFERON_GAMMA_RESPONSE,1.01128664735977,0.691965059678602,NAMPT
D5_center_primary_PHpass,INTERFERON_GAMMA_RESPONSE,1.01128664735977,0.691965059678602,OAS2
D5_center_primary_PHpass,INTERFERON_GAMMA_RESPONSE,1.01128664735977,0.691965059678602,PARP12
D5_center_primary_PHpass,INTERFERON_GAMMA_RESPONSE,1.01128664735977,0.691965059678602,ICAM1
D5_center_primary_PHpass,INTERFERON_GAMMA_RESPONSE,1.01128664735977,0.691965059678602,CXCL9
D5_center_primary_PHpass,INTERFERON_GAMMA_RESPONSE,1.01128664735977,0.691965059678602,RIGI
D5_center_primary_PHpass,INTERFERON_GAMMA_RESPONSE,1.01128664735977,0.691965059678602,TNFAIP2
D5_center_primary_PHpass,INTERFERON_GAMMA_RESPONSE,1.01128664735977,0.691965059678602,C1S
D5_center_primary_PHpass,INTERFERON_GAMMA_RESPONSE,1.01128664735977,0.691965059678602,LCP2
D5_center_primary_PHpass,INTERFERON_GAMMA_RESPONSE,1.01128664735977,0.691965059678602,CASP3
D5_center_primary_PHpass,INTERFERON_GAMMA_RESPONSE,1.01128664735977,0.691965059678602,MVP
D5_center_primary_PHpass,INTERFERON_GAMMA_RESPONSE,1.01128664735977,0.691965059678602,HLA-A
D5_center_primary_PHpass,INTERFERON_GAMMA_RESPONSE,1.01128664735977,0.691965059678602,OAS3
D5_center_primary_PHpass,INTERFERON_GAMMA_RESPONSE,1.01128664735977,0.691965059678602,PLA2G4A
D5_center_primary_PHpass,INTERFERON_GAMMA_RESPONSE,1.01128664735977,0.691965059678602,PTPN1
D5_center_primary_PHpass,INTERFERON_GAMMA_RESPONSE,1.01128664735977,0.691965059678602,TRIM25
D5_center_primary_PHpass,KRAS_SIGNALING_DN,1.06482424673321,0.66079295154185,LFNG
D5_center_primary_PHpass,KRAS_SIGNALING_DN,1.06482424673321,0.66079295154185,IGFBP2
D5_center_primary_PHpass,KRAS_SIGNALING_DN,1.06482424673321,0.66079295154185,SELENOP
D5_center_primary_PHpass,KRAS_SIGNALING_UP,1.32755260840454,0.429555332664661,CXCL10
D5_center_primary_PHpass,KRAS_SIGNALING_UP,1.32755260840454,0.429555332664661,PLAT
D5_center_primary_PHpass,KRAS_SIGNALING_UP,1.32755260840454,0.429555332664661,ADAMDEC1
D5_center_primary_PHpass,KRAS_SIGNALING_UP,1.32755260840454,0.429555332664661,NRP1
D5_center_primary_PHpass,KRAS_SIGNALING_UP,1.32755260840454,0.429555332664661,ANGPTL4
D5_center_primary_PHpass,KRAS_SIGNALING_UP,1.32755260840454,0.429555332664661,BMP2
D5_center_primary_PHpass,KRAS_SIGNALING_UP,1.32755260840454,0.429555332664661,WDR33
D5_center_primary_PHpass,KRAS_SIGNALING_UP,1.32755260840454,0.429555332664661,SPON1
D5_center_primary_PHpass,KRAS_SIGNALING_UP,1.32755260840454,0.429555332664661,SEMA3B
D5_center_primary_PHpass,KRAS_SIGNALING_UP,1.32755260840454,0.429555332664661,SPARCL1
D5_center_primary_PHpass,KRAS_SIGNALING_UP,1.32755260840454,0.429555332664661,ST6GAL1
D5_center_primary_PHpass,MITOTIC_SPINDLE,1.13232477232127,0.577337733773378,WASL
D5_center_primary_PHpass,MITOTIC_SPINDLE,1.13232477232127,0.577337733773378,CD2AP
D5_center_primary_PHpass,MITOTIC_SPINDLE,1.13232477232127,0.577337733773378,MARCKS
D5_center_primary_PHpass,MITOTIC_SPINDLE,1.13232477232127,0.577337733773378,SEPTIN9
D5_center_primary_PHpass,MITOTIC_SPINDLE,1.13232477232127,0.577337733773378,MAPRE1
D5_center_primary_PHpass,MITOTIC_SPINDLE,1.13232477232127,0.577337733773378,WASF2
D5_center_primary_PHpass,MITOTIC_SPINDLE,1.13232477232127,0.577337733773378,ARL8A
D5_center_primary_PHpass,MITOTIC_SPINDLE,1.13232477232127,0.577337733773378,MYO1E
D5_center_primary_PHpass,MITOTIC_SPINDLE,1.13232477232127,0.577337733773378,LMNB1
D5_center_primary_PHpass,MITOTIC_SPINDLE,1.13232477232127,0.577337733773378,KATNB1
D5_center_primary_PHpass,MITOTIC_SPINDLE,1.13232477232127,0.577337733773378,FSCN1
D5_center_primary_PHpass,MITOTIC_SPINDLE,1.13232477232127,0.577337733773378,EZR
D5_center_primary_PHpass,MITOTIC_SPINDLE,1.13232477232127,0.577337733773378,ARHGEF7
D5_center_primary_PHpass,MITOTIC_SPINDLE,1.13232477232127,0.577337733773378,MYH10
D5_center_primary_PHpass,MITOTIC_SPINDLE,1.13232477232127,0.577337733773378,CLASP1
D5_center_primary_PHpass,MITOTIC_SPINDLE,1.13232477232127,0.577337733773378,ARF6
D5_center_primary_PHpass,MITOTIC_SPINDLE,1.13232477232127,0.577337733773378,DYNC1H1
D5_center_primary_PHpass,MITOTIC_SPINDLE,1.13232477232127,0.577337733773378,ARHGEF12
D5_center_primary_PHpass,MITOTIC_SPINDLE,1.13232477232127,0.577337733773378,SORBS2
D5_center_primary_PHpass,MITOTIC_SPINDLE,1.13232477232127,0.577337733773378,SPTAN1
D5_center_primary_PHpass,MITOTIC_SPINDLE,1.13232477232127,0.577337733773378,CDC42
D5_center_primary_PHpass,MITOTIC_SPINDLE,1.13232477232127,0.577337733773378,SPTBN1
D5_center_primary_PHpass,MITOTIC_SPINDLE,1.13232477232127,0.577337733773378,FLNB
D5_center_primary_PHpass,MITOTIC_SPINDLE,1.13232477232127,0.577337733773378,CDC27
D5_center_primary_PHpass,MITOTIC_SPINDLE,1.13232477232127,0.577337733773378,SMC1A
D5_center_primary_PHpass,MITOTIC_SPINDLE,1.13232477232127,0.577337733773378,RASA1
D5_center_primary_PHpass,MITOTIC_SPINDLE,1.13232477232127,0.577337733773378,PDLIM5
D5_center_primary_PHpass,MITOTIC_SPINDLE,1.13232477232127,0.577337733773378,EPB41L2
D5_center_primary_PHpass,MITOTIC_SPINDLE,1.13232477232127,0.577337733773378,NOTCH2
D5_center_primary_PHpass,MITOTIC_SPINDLE,1.13232477232127,0.577337733773378,ARHGEF2
D5_center_primary_PHpass,MITOTIC_SPINDLE,1.13232477232127,0.577337733773378,TUBGCP2
D5_center_primary_PHpass,MITOTIC_SPINDLE,1.13232477232127,0.577337733773378,ABI1
D5_center_primary_PHpass,MITOTIC_SPINDLE,1.13232477232127,0.577337733773378,DOCK2
D5_center_primary_PHpass,MITOTIC_SPINDLE,1.13232477232127,0.577337733773378,MAP1S
D5_center_primary_PHpass,MITOTIC_SPINDLE,1.13232477232127,0.577337733773378,RABGAP1
D5_center_primary_PHpass,MITOTIC_SPINDLE,1.13232477232127,0.577337733773378,ARHGAP4
D5_center_primary_PHpass,MITOTIC_SPINDLE,1.13232477232127,0.577337733773378,SOS1
D5_center_primary_PHpass,MITOTIC_SPINDLE,1.13232477232127,0.577337733773378,HDAC6
D5_center_primary_PHpass,MITOTIC_SPINDLE,1.13232477232127,0.577337733773378,DYNLL2
D5_center_primary_PHpass,MITOTIC_SPINDLE,1.13232477232127,0.577337733773378,BCR
D5_center_primary_PHpass,MITOTIC_SPINDLE,1.13232477232127,0.577337733773378,ARHGAP10
D5_center_primary_PHpass,MITOTIC_SPINDLE,1.13232477232127,0.577337733773378,RHOT2
D5_center_primary_PHpass,MITOTIC_SPINDLE,1.13232477232127,0.577337733773378,RALBP1
D5_center_primary_PHpass,MITOTIC_SPINDLE,1.13232477232127,0.577337733773378,ROCK1
D5_center_primary_PHpass,MITOTIC_SPINDLE,1.13232477232127,0.577337733773378,MYO9B
D5_center_primary_PHpass,MITOTIC_SPINDLE,1.13232477232127,0.577337733773378,FGD4
D5_center_primary_PHpass,MITOTIC_SPINDLE,1.13232477232127,0.577337733773378,RICTOR
D5_center_primary_PHpass,MITOTIC_SPINDLE,1.13232477232127,0.577337733773378,WASF1
D5_center_primary_PHpass,MITOTIC_SPINDLE,1.13232477232127,0.577337733773378,PREX1
D5_center_primary_PHpass,MITOTIC_SPINDLE,1.13232477232127,0.577337733773378,KLC1
D5_center_primary_PHpass,MITOTIC_SPINDLE,1.13232477232127,0.577337733773378,SMC3
D5_center_primary_PHpass,MITOTIC_SPINDLE,1.13232477232127,0.577337733773378,ATG4B
D5_center_primary_PHpass,MITOTIC_SPINDLE,1.13232477232127,0.577337733773378,CDC42BPA
D5_center_primary_PHpass,MITOTIC_SPINDLE,1.13232477232127,0.577337733773378,KIF5B
D5_center_primary_PHpass,MITOTIC_SPINDLE,1.13232477232127,0.577337733773378,ARFGEF1
D5_center_primary_PHpass,MITOTIC_SPINDLE,1.13232477232127,0.577337733773378,RHOF
D5_center_primary_PHpass,MITOTIC_SPINDLE,1.13232477232127,0.577337733773378,KIF1B
D5_center_primary_PHpass,MITOTIC_SPINDLE,1.13232477232127,0.577337733773378,CYTH2
D5_center_primary_PHpass,MITOTIC_SPINDLE,1.13232477232127,0.577337733773378,CKAP5
D5_center_primary_PHpass,MITOTIC_SPINDLE,1.13232477232127,0.577337733773378,DLG1
D5_center_primary_PHpass,MITOTIC_SPINDLE,1.13232477232127,0.577337733773378,OPHN1
D5_center_primary_PHpass,MITOTIC_SPINDLE,1.13232477232127,0.577337733773378,TUBGCP3
D5_center_primary_PHpass,MITOTIC_SPINDLE,1.13232477232127,0.577337733773378,LRPPRC
D5_center_primary_PHpass,MITOTIC_SPINDLE,1.13232477232127,0.577337733773378,MYH9
D5_center_primary_PHpass,MITOTIC_SPINDLE,1.13232477232127,0.577337733773378,RAB3GAP1
D5_center_primary_PHpass,MITOTIC_SPINDLE,1.13232477232127,0.577337733773378,HOOK3
D5_center_primary_PHpass,MITOTIC_SPINDLE,1.13232477232127,0.577337733773378,NCK1
D5_center_primary_PHpass,MITOTIC_SPINDLE,1.13232477232127,0.577337733773378,PAFAH1B1
D5_center_primary_PHpass,MITOTIC_SPINDLE,1.13232477232127,0.577337733773378,ARHGAP5
D5_center_primary_PHpass,MTORC1_SIGNALING,0.812400719501614,0.961924320388474,CORO1A
D5_center_primary_PHpass,MTORC1_SIGNALING,0.812400719501614,0.961924320388474,ENO1
D5_center_primary_PHpass,MTORC1_SIGNALING,0.812400719501614,0.961924320388474,ETF1
D5_center_primary_PHpass,MTORC1_SIGNALING,0.812400719501614,0.961924320388474,FGL2
D5_center_primary_PHpass,MTORC1_SIGNALING,0.812400719501614,0.961924320388474,PDAP1
D5_center_primary_PHpass,MTORC1_SIGNALING,0.812400719501614,0.961924320388474,CCT6A
D5_center_primary_PHpass,MTORC1_SIGNALING,0.812400719501614,0.961924320388474,P4HA1
D5_center_primary_PHpass,MTORC1_SIGNALING,0.812400719501614,0.961924320388474,GMPS
D5_center_primary_PHpass,MTORC1_SIGNALING,0.812400719501614,0.961924320388474,CFP
D5_center_primary_PHpass,MTORC1_SIGNALING,0.812400719501614,0.961924320388474,FDXR
D5_center_primary_PHpass,MTORC1_SIGNALING,0.812400719501614,0.961924320388474,STIP1
D5_center_primary_PHpass,MTORC1_SIGNALING,0.812400719501614,0.961924320388474,DHCR7
D5_center_primary_PHpass,MTORC1_SIGNALING,0.812400719501614,0.961924320388474,MAP2K3
D5_center_primary_PHpass,MTORC1_SIGNALING,0.812400719501614,0.961924320388474,GSK3B
D5_center_primary_PHpass,MTORC1_SIGNALING,0.812400719501614,0.961924320388474,NMT1
D5_center_primary_PHpass,MTORC1_SIGNALING,0.812400719501614,0.961924320388474,EPRS1
D5_center_primary_PHpass,MTORC1_SIGNALING,0.812400719501614,0.961924320388474,SORD
D5_center_primary_PHpass,MTORC1_SIGNALING,0.812400719501614,0.961924320388474,QDPR
D5_center_primary_PHpass,MTORC1_SIGNALING,0.812400719501614,0.961924320388474,ATP6V1D
D5_center_primary_PHpass,MTORC1_SIGNALING,0.812400719501614,0.961924320388474,CYB5B
D5_center_primary_PHpass,MTORC1_SIGNALING,0.812400719501614,0.961924320388474,TUBG1
D5_center_primary_PHpass,MTORC1_SIGNALING,0.812400719501614,0.961924320388474,HSPA4
D5_center_primary_PHpass,MTORC1_SIGNALING,0.812400719501614,0.961924320388474,TES
D5_center_primary_PHpass,MTORC1_SIGNALING,0.812400719501614,0.961924320388474,GAPDH
D5_center_primary_PHpass,MTORC1_SIGNALING,0.812400719501614,0.961924320388474,ACACA
D5_center_primary_PHpass,MTORC1_SIGNALING,0.812400719501614,0.961924320388474,IDH1
D5_center_primary_PHpass,MTORC1_SIGNALING,0.812400719501614,0.961924320388474,NAMPT
D5_center_primary_PHpass,MTORC1_SIGNALING,0.812400719501614,0.961924320388474,PFKL
D5_center_primary_PHpass,MTORC1_SIGNALING,0.812400719501614,0.961924320388474,RIT1
D5_center_primary_PHpass,MTORC1_SIGNALING,0.812400719501614,0.961924320388474,PGK1
D5_center_primary_PHpass,MTORC1_SIGNALING,0.812400719501614,0.961924320388474,ABCF2
D5_center_primary_PHpass,MTORC1_SIGNALING,0.812400719501614,0.961924320388474,PPA1
D5_center_primary_PHpass,MTORC1_SIGNALING,0.812400719501614,0.961924320388474,ACSL3
D5_center_primary_PHpass,MTORC1_SIGNALING,0.812400719501614,0.961924320388474,UBE2D3
D5_center_primary_PHpass,MTORC1_SIGNALING,0.812400719501614,0.961924320388474,ERO1A
D5_center_primary_PHpass,MYC_TARGETS_V1,0.952295198463788,0.801110468478889,ETF1
D5_center_primary_PHpass,MYC_TARGETS_V1,0.952295198463788,0.801110468478889,G3BP1
D5_center_primary_PHpass,MYC_TARGETS_V1,0.952295198463788,0.801110468478889,EIF4H
D5_center_primary_PHpass,MYC_TARGETS_V1,0.952295198463788,0.801110468478889,GSPT1
D5_center_primary_PHpass,MYC_TARGETS_V1,0.952295198463788,0.801110468478889,PABPC1
D5_center_primary_PHpass,MYC_TARGETS_V1,0.952295198463788,0.801110468478889,KARS1
D5_center_primary_PHpass,MYC_TARGETS_V1,0.952295198463788,0.801110468478889,VDAC1
D5_center_primary_PHpass,MYC_TARGETS_V1,0.952295198463788,0.801110468478889,RPLP0
D5_center_primary_PHpass,MYC_TARGETS_V1,0.952295198463788,0.801110468478889,LSM7
D5_center_primary_PHpass,MYC_TARGETS_V1,0.952295198463788,0.801110468478889,SF3A1
D5_center_primary_PHpass,MYC_TARGETS_V1,0.952295198463788,0.801110468478889,CCT3
D5_center_primary_PHpass,MYC_TARGETS_V1,0.952295198463788,0.801110468478889,LSM2
D5_center_primary_PHpass,MYC_TARGETS_V1,0.952295198463788,0.801110468478889,DHX15
D5_center_primary_PHpass,MYC_TARGETS_V1,0.952295198463788,0.801110468478889,RANBP1
D5_center_primary_PHpass,MYC_TARGETS_V1,0.952295198463788,0.801110468478889,PRPS2
D5_center_primary_PHpass,MYC_TARGETS_V1,0.952295198463788,0.801110468478889,IMPDH2
D5_center_primary_PHpass,MYC_TARGETS_V1,0.952295198463788,0.801110468478889,PABPC4
D5_center_primary_PHpass,MYC_TARGETS_V1,0.952295198463788,0.801110468478889,H2AZ1
D5_center_primary_PHpass,MYC_TARGETS_V1,0.952295198463788,0.801110468478889,EIF3B
D5_center_primary_PHpass,MYC_TARGETS_V1,0.952295198463788,0.801110468478889,CTPS1
D5_center_primary_PHpass,MYC_TARGETS_V1,0.952295198463788,0.801110468478889,CNBP
D5_center_primary_PHpass,MYC_TARGETS_V1,0.952295198463788,0.801110468478889,CCT4
D5_center_primary_PHpass,MYC_TARGETS_V1,0.952295198463788,0.801110468478889,EPRS1
D5_center_primary_PHpass,MYC_TARGETS_V1,0.952295198463788,0.801110468478889,HNRNPA1
D5_center_primary_PHpass,MYC_TARGETS_V1,0.952295198463788,0.801110468478889,EIF3D
D5_center_primary_PHpass,MYC_TARGETS_V1,0.952295198463788,0.801110468478889,SRSF1
D5_center_primary_PHpass,MYC_TARGETS_V1,0.952295198463788,0.801110468478889,CUL1
D5_center_primary_PHpass,MYC_TARGETS_V1,0.952295198463788,0.801110468478889,SERBP1
D5_center_primary_PHpass,MYC_TARGETS_V1,0.952295198463788,0.801110468478889,CYC1
D5_center_primary_PHpass,MYC_TARGETS_V1,0.952295198463788,0.801110468478889,EIF2S1
D5_center_primary_PHpass,MYC_TARGETS_V1,0.952295198463788,0.801110468478889,TUFM
D5_center_primary_PHpass,MYC_TARGETS_V1,0.952295198463788,0.801110468478889,TCP1
D5_center_primary_PHpass,MYC_TARGETS_V1,0.952295198463788,0.801110468478889,PTGES3
D5_center_primary_PHpass,MYC_TARGETS_V1,0.952295198463788,0.801110468478889,PA2G4
D5_center_primary_PHpass,MYC_TARGETS_V1,0.952295198463788,0.801110468478889,ILF2
D5_center_primary_PHpass,MYC_TARGETS_V1,0.952295198463788,0.801110468478889,RACK1
D5_center_primary_PHpass,MYC_TARGETS_V1,0.952295198463788,0.801110468478889,ACP1
D5_center_primary_PHpass,MYC_TARGETS_V1,0.952295198463788,0.801110468478889,IARS1
D5_center_primary_PHpass,MYC_TARGETS_V1,0.952295198463788,0.801110468478889,HNRNPA2B1
D5_center_primary_PHpass,MYC_TARGETS_V1,0.952295198463788,0.801110468478889,C1QBP
D5_center_primary_PHpass,MYC_TARGETS_V1,0.952295198463788,0.801110468478889,EIF4E
D5_center_primary_PHpass,MYC_TARGETS_V1,0.952295198463788,0.801110468478889,PGK1
D5_center_primary_PHpass,MYC_TARGETS_V1,0.952295198463788,0.801110468478889,EIF1AX
D5_center_primary_PHpass,MYC_TARGETS_V1,0.952295198463788,0.801110468478889,NPM1
D5_center_primary_PHpass,MYC_TARGETS_V1,0.952295198463788,0.801110468478889,CCT2
D5_center_primary_PHpass,MYC_TARGETS_V1,0.952295198463788,0.801110468478889,CCT7
D5_center_primary_PHpass,MYC_TARGETS_V1,0.952295198463788,0.801110468478889,CCT5
D5_center_primary_PHpass,MYC_TARGETS_V1,0.952295198463788,0.801110468478889,AIMP2
D5_center_primary_PHpass,MYC_TARGETS_V1,0.952295198463788,0.801110468478889,TOMM70
D5_center_primary_PHpass,MYC_TARGETS_V1,0.952295198463788,0.801110468478889,SLC25A3
D5_center_primary_PHpass,MYC_TARGETS_V1,0.952295198463788,0.801110468478889,TARDBP
D5_center_primary_PHpass,MYC_TARGETS_V1,0.952295198463788,0.801110468478889,FAM120A
D5_center_primary_PHpass,MYC_TARGETS_V1,0.952295198463788,0.801110468478889,AP3S1
D5_center_primary_PHpass,MYC_TARGETS_V1,0.952295198463788,0.801110468478889,ABCE1
D5_center_primary_PHpass,MYC_TARGETS_V1,0.952295198463788,0.801110468478889,VDAC3
D5_center_primary_PHpass,MYC_TARGETS_V1,0.952295198463788,0.801110468478889,PCBP1
D5_center_primary_PHpass,MYC_TARGETS_V1,0.952295198463788,0.801110468478889,BUB3
D5_center_primary_PHpass,MYC_TARGETS_V1,0.952295198463788,0.801110468478889,HNRNPC
D5_center_primary_PHpass,MYC_TARGETS_V1,0.952295198463788,0.801110468478889,HSPE1
D5_center_primary_PHpass,MYC_TARGETS_V1,0.952295198463788,0.801110468478889,SSB
D5_center_primary_PHpass,MYC_TARGETS_V1,0.952295198463788,0.801110468478889,PHB1
D5_center_primary_PHpass,MYC_TARGETS_V1,0.952295198463788,0.801110468478889,SRSF2
D5_center_primary_PHpass,MYC_TARGETS_V1,0.952295198463788,0.801110468478889,HPRT1
D5_center_primary_PHpass,MYC_TARGETS_V1,0.952295198463788,0.801110468478889,XPO1
D5_center_primary_PHpass,MYC_TARGETS_V1,0.952295198463788,0.801110468478889,CANX
D5_center_primary_PHpass,MYC_TARGETS_V1,0.952295198463788,0.801110468478889,PHB2
D5_center_primary_PHpass,MYC_TARGETS_V1,0.952295198463788,0.801110468478889,EIF2S2
D5_center_primary_PHpass,MYC_TARGETS_V1,0.952295198463788,0.801110468478889,RAN
D5_center_primary_PHpass,MYC_TARGETS_V1,0.952295198463788,0.801110468478889,XPOT
D5_center_primary_PHpass,MYC_TARGETS_V1,0.952295198463788,0.801110468478889,EEF1B2
D5_center_primary_PHpass,MYOGENESIS,1.07854804985565,0.639647577092511,COL6A3
D5_center_primary_PHpass,MYOGENESIS,1.07854804985565,0.639647577092511,COL6A2
D5_center_primary_PHpass,MYOGENESIS,1.07854804985565,0.639647577092511,AGRN
D5_center_primary_PHpass,MYOGENESIS,1.07854804985565,0.639647577092511,STC2
D5_center_primary_PHpass,MYOGENESIS,1.07854804985565,0.639647577092511,AEBP1
D5_center_primary_PHpass,MYOGENESIS,1.07854804985565,0.639647577092511,MYL6B
D5_center_primary_PHpass,MYOGENESIS,1.07854804985565,0.639647577092511,PRNP
D5_center_primary_PHpass,MYOGENESIS,1.07854804985565,0.639647577092511,COL1A1
D5_center_primary_PHpass,MYOGENESIS,1.07854804985565,0.639647577092511,SOD3
D5_center_primary_PHpass,MYOGENESIS,1.07854804985565,0.639647577092511,COL4A2
D5_center_primary_PHpass,MYOGENESIS,1.07854804985565,0.639647577092511,COL3A1
D5_center_primary_PHpass,MYOGENESIS,1.07854804985565,0.639647577092511,AGL
D5_center_primary_PHpass,MYOGENESIS,1.07854804985565,0.639647577092511,APOD
D5_center_primary_PHpass,MYOGENESIS,1.07854804985565,0.639647577092511,MYL1
D5_center_primary_PHpass,MYOGENESIS,1.07854804985565,0.639647577092511,COL15A1
D5_center_primary_PHpass,MYOGENESIS,1.07854804985565,0.639647577092511,MYL4
D5_center_primary_PHpass,MYOGENESIS,1.07854804985565,0.639647577092511,MYL3
D5_center_primary_PHpass,MYOGENESIS,1.07854804985565,0.639647577092511,GABARAPL2
D5_center_primary_PHpass,MYOGENESIS,1.07854804985565,0.639647577092511,SPTAN1
D5_center_primary_PHpass,OXIDATIVE_PHOSPHORYLATION,1.20606940192195,0.525852585258526,ACAA2
D5_center_primary_PHpass,OXIDATIVE_PHOSPHORYLATION,1.20606940192195,0.525852585258526,AFG3L2
D5_center_primary_PHpass,OXIDATIVE_PHOSPHORYLATION,1.20606940192195,0.525852585258526,SLC25A20
D5_center_primary_PHpass,OXIDATIVE_PHOSPHORYLATION,1.20606940192195,0.525852585258526,VDAC1
D5_center_primary_PHpass,OXIDATIVE_PHOSPHORYLATION,1.20606940192195,0.525852585258526,OPA1
D5_center_primary_PHpass,OXIDATIVE_PHOSPHORYLATION,1.20606940192195,0.525852585258526,ACAT1
D5_center_primary_PHpass,OXIDATIVE_PHOSPHORYLATION,1.20606940192195,0.525852585258526,TIMM13
D5_center_primary_PHpass,OXIDATIVE_PHOSPHORYLATION,1.20606940192195,0.525852585258526,BAX
D5_center_primary_PHpass,OXIDATIVE_PHOSPHORYLATION,1.20606940192195,0.525852585258526,DLD
D5_center_primary_PHpass,OXIDATIVE_PHOSPHORYLATION,1.20606940192195,0.525852585258526,NDUFS2
D5_center_primary_PHpass,OXIDATIVE_PHOSPHORYLATION,1.20606940192195,0.525852585258526,ATP6V1D
D5_center_primary_PHpass,OXIDATIVE_PHOSPHORYLATION,1.20606940192195,0.525852585258526,ATP5ME
D5_center_primary_PHpass,OXIDATIVE_PHOSPHORYLATION,1.20606940192195,0.525852585258526,ATP6V1G1
D5_center_primary_PHpass,OXIDATIVE_PHOSPHORYLATION,1.20606940192195,0.525852585258526,COX6C
D5_center_primary_PHpass,OXIDATIVE_PHOSPHORYLATION,1.20606940192195,0.525852585258526,ALDH6A1
D5_center_primary_PHpass,OXIDATIVE_PHOSPHORYLATION,1.20606940192195,0.525852585258526,ETFDH
D5_center_primary_PHpass,OXIDATIVE_PHOSPHORYLATION,1.20606940192195,0.525852585258526,MGST3
D5_center_primary_PHpass,OXIDATIVE_PHOSPHORYLATION,1.20606940192195,0.525852585258526,CYC1
D5_center_primary_PHpass,OXIDATIVE_PHOSPHORYLATION,1.20606940192195,0.525852585258526,ETFB
D5_center_primary_PHpass,OXIDATIVE_PHOSPHORYLATION,1.20606940192195,0.525852585258526,ACAA1
D5_center_primary_PHpass,OXIDATIVE_PHOSPHORYLATION,1.20606940192195,0.525852585258526,COX6B1
D5_center_primary_PHpass,OXIDATIVE_PHOSPHORYLATION,1.20606940192195,0.525852585258526,ATP6V1E1
D5_center_primary_PHpass,OXIDATIVE_PHOSPHORYLATION,1.20606940192195,0.525852585258526,ATP6AP1
D5_center_primary_PHpass,OXIDATIVE_PHOSPHORYLATION,1.20606940192195,0.525852585258526,ATP6V1C1
D5_center_primary_PHpass,OXIDATIVE_PHOSPHORYLATION,1.20606940192195,0.525852585258526,TCIRG1
D5_center_primary_PHpass,OXIDATIVE_PHOSPHORYLATION,1.20606940192195,0.525852585258526,IDH1
D5_center_primary_PHpass,OXIDATIVE_PHOSPHORYLATION,1.20606940192195,0.525852585258526,NDUFA5
D5_center_primary_PHpass,OXIDATIVE_PHOSPHORYLATION,1.20606940192195,0.525852585258526,COX7A2L
D5_center_primary_PHpass,OXIDATIVE_PHOSPHORYLATION,1.20606940192195,0.525852585258526,NDUFC2
D5_center_primary_PHpass,OXIDATIVE_PHOSPHORYLATION,1.20606940192195,0.525852585258526,GPX4
D5_center_primary_PHpass,OXIDATIVE_PHOSPHORYLATION,1.20606940192195,0.525852585258526,TOMM70
D5_center_primary_PHpass,OXIDATIVE_PHOSPHORYLATION,1.20606940192195,0.525852585258526,SLC25A3
D5_center_primary_PHpass,OXIDATIVE_PHOSPHORYLATION,1.20606940192195,0.525852585258526,UQCRC2
D5_center_primary_PHpass,OXIDATIVE_PHOSPHORYLATION,1.20606940192195,0.525852585258526,HADHA
D5_center_primary_PHpass,OXIDATIVE_PHOSPHORYLATION,1.20606940192195,0.525852585258526,RHOT2
D5_center_primary_PHpass,OXIDATIVE_PHOSPHORYLATION,1.20606940192195,0.525852585258526,UQCRFS1
D5_center_primary_PHpass,OXIDATIVE_PHOSPHORYLATION,1.20606940192195,0.525852585258526,MAOB
D5_center_primary_PHpass,OXIDATIVE_PHOSPHORYLATION,1.20606940192195,0.525852585258526,ATP5F1E
D5_center_primary_PHpass,OXIDATIVE_PHOSPHORYLATION,1.20606940192195,0.525852585258526,VDAC3
D5_center_primary_PHpass,OXIDATIVE_PHOSPHORYLATION,1.20606940192195,0.525852585258526,SDHB
D5_center_primary_PHpass,OXIDATIVE_PHOSPHORYLATION,1.20606940192195,0.525852585258526,MFN2
D5_center_primary_PHpass,OXIDATIVE_PHOSPHORYLATION,1.20606940192195,0.525852585258526,UQCRH
D5_center_primary_PHpass,OXIDATIVE_PHOSPHORYLATION,1.20606940192195,0.525852585258526,NDUFS8
D5_center_primary_PHpass,OXIDATIVE_PHOSPHORYLATION,1.20606940192195,0.525852585258526,NDUFA3
D5_center_primary_PHpass,OXIDATIVE_PHOSPHORYLATION,1.20606940192195,0.525852585258526,HCCS
D5_center_primary_PHpass,OXIDATIVE_PHOSPHORYLATION,1.20606940192195,0.525852585258526,VDAC2
D5_center_primary_PHpass,OXIDATIVE_PHOSPHORYLATION,1.20606940192195,0.525852585258526,GLUD1
D5_center_primary_PHpass,OXIDATIVE_PHOSPHORYLATION,1.20606940192195,0.525852585258526,COX4I1
D5_center_primary_PHpass,OXIDATIVE_PHOSPHORYLATION,1.20606940192195,0.525852585258526,PHB2
D5_center_primary_PHpass,OXIDATIVE_PHOSPHORYLATION,1.20606940192195,0.525852585258526,IMMT
D5_center_primary_PHpass,OXIDATIVE_PHOSPHORYLATION,1.20606940192195,0.525852585258526,SLC25A5
D5_center_primary_PHpass,OXIDATIVE_PHOSPHORYLATION,1.20606940192195,0.525852585258526,NDUFV1
D5_center_primary_PHpass,OXIDATIVE_PHOSPHORYLATION,1.20606940192195,0.525852585258526,ATP6V1H
D5_center_primary_PHpass,OXIDATIVE_PHOSPHORYLATION,1.20606940192195,0.525852585258526,CPT1A
D5_center_primary_PHpass,OXIDATIVE_PHOSPHORYLATION,1.20606940192195,0.525852585258526,SDHA
D5_center_primary_PHpass,OXIDATIVE_PHOSPHORYLATION,1.20606940192195,0.525852585258526,ATP5PB
D5_center_primary_PHpass,OXIDATIVE_PHOSPHORYLATION,1.20606940192195,0.525852585258526,NDUFA8
D5_center_primary_PHpass,OXIDATIVE_PHOSPHORYLATION,1.20606940192195,0.525852585258526,NDUFA7
D5_center_primary_PHpass,OXIDATIVE_PHOSPHORYLATION,1.20606940192195,0.525852585258526,UQCRC1
D5_center_primary_PHpass,OXIDATIVE_PHOSPHORYLATION,1.20606940192195,0.525852585258526,LRPPRC
D5_center_primary_PHpass,OXIDATIVE_PHOSPHORYLATION,1.20606940192195,0.525852585258526,AIFM1
D5_center_primary_PHpass,OXIDATIVE_PHOSPHORYLATION,1.20606940192195,0.525852585258526,POR
D5_center_primary_PHpass,P53_PATHWAY,1.26496870523667,0.525852585258526,HMOX1
D5_center_primary_PHpass,P53_PATHWAY,1.26496870523667,0.525852585258526,INHBB
D5_center_primary_PHpass,P53_PATHWAY,1.26496870523667,0.525852585258526,GM2A
D5_center_primary_PHpass,P53_PATHWAY,1.26496870523667,0.525852585258526,BMP2
D5_center_primary_PHpass,P53_PATHWAY,1.26496870523667,0.525852585258526,FDXR
D5_center_primary_PHpass,P53_PATHWAY,1.26496870523667,0.525852585258526,DEF6
D5_center_primary_PHpass,P53_PATHWAY,1.26496870523667,0.525852585258526,ABAT
D5_center_primary_PHpass,P53_PATHWAY,1.26496870523667,0.525852585258526,DGKA
D5_center_primary_PHpass,P53_PATHWAY,1.26496870523667,0.525852585258526,MAPKAPK3
D5_center_primary_PHpass,P53_PATHWAY,1.26496870523667,0.525852585258526,BAX
D5_center_primary_PHpass,P53_PATHWAY,1.26496870523667,0.525852585258526,CYFIP2
D5_center_primary_PHpass,P53_PATHWAY,1.26496870523667,0.525852585258526,EPS8L2
D5_center_primary_PHpass,P53_PATHWAY,1.26496870523667,0.525852585258526,KIF13B
D5_center_primary_PHpass,P53_PATHWAY,1.26496870523667,0.525852585258526,HINT1
D5_center_primary_PHpass,P53_PATHWAY,1.26496870523667,0.525852585258526,EPHX1
D5_center_primary_PHpass,P53_PATHWAY,1.26496870523667,0.525852585258526,RHBDF2
D5_center_primary_PHpass,P53_PATHWAY,1.26496870523667,0.525852585258526,SEC61A1
D5_center_primary_PHpass,P53_PATHWAY,1.26496870523667,0.525852585258526,RACK1
D5_center_primary_PHpass,P53_PATHWAY,1.26496870523667,0.525852585258526,VAMP8
D5_center_primary_PHpass,P53_PATHWAY,1.26496870523667,0.525852585258526,CDKN2AIP
D5_center_primary_PHpass,P53_PATHWAY,1.26496870523667,0.525852585258526,ELP1
D5_center_primary_PHpass,PEROXISOME,1.10502280273928,0.639647577092511,VPS4B
D5_center_primary_PHpass,PEROXISOME,1.10502280273928,0.639647577092511,EPHX2
D5_center_primary_PHpass,PEROXISOME,1.10502280273928,0.639647577092511,PABPC1
D5_center_primary_PHpass,PEROXISOME,1.10502280273928,0.639647577092511,HMGCL
D5_center_primary_PHpass,PEROXISOME,1.10502280273928,0.639647577092511,CTPS1
D5_center_primary_PHpass,PEROXISOME,1.10502280273928,0.639647577092511,HSD17B11
D5_center_primary_PHpass,PEROXISOME,1.10502280273928,0.639647577092511,CNBP
D5_center_primary_PHpass,PEROXISOME,1.10502280273928,0.639647577092511,ECI2
D5_center_primary_PHpass,PEROXISOME,1.10502280273928,0.639647577092511,PRDX5
D5_center_primary_PHpass,PEROXISOME,1.10502280273928,0.639647577092511,ACAA1
D5_center_primary_PHpass,PEROXISOME,1.10502280273928,0.639647577092511,IDH1
D5_center_primary_PHpass,PEROXISOME,1.10502280273928,0.639647577092511,ACSL1
D5_center_primary_PHpass,PEROXISOME,1.10502280273928,0.639647577092511,ALDH9A1
D5_center_primary_PHpass,PEROXISOME,1.10502280273928,0.639647577092511,GSTK1
D5_center_primary_PHpass,PEROXISOME,1.10502280273928,0.639647577092511,CTBP1
D5_center_primary_PHpass,PEROXISOME,1.10502280273928,0.639647577092511,SCP2
D5_center_primary_PHpass,PEROXISOME,1.10502280273928,0.639647577092511,SLC27A2
D5_center_primary_PHpass,PEROXISOME,1.10502280273928,0.639647577092511,MVP
D5_center_primary_PHpass,PEROXISOME,1.10502280273928,0.639647577092511,CRAT
D5_center_primary_PHpass,PEROXISOME,1.10502280273928,0.639647577092511,FIS1
D5_center_primary_PHpass,PI3K_AKT_MTOR_SIGNALING,0.956821562753474,0.801110468478889,PIN1
D5_center_primary_PHpass,PI3K_AKT_MTOR_SIGNALING,0.956821562753474,0.801110468478889,MAP2K3
D5_center_primary_PHpass,PI3K_AKT_MTOR_SIGNALING,0.956821562753474,0.801110468478889,PRKAG1
D5_center_primary_PHpass,PI3K_AKT_MTOR_SIGNALING,0.956821562753474,0.801110468478889,GSK3B
D5_center_primary_PHpass,PI3K_AKT_MTOR_SIGNALING,0.956821562753474,0.801110468478889,ITPR2
D5_center_primary_PHpass,PI3K_AKT_MTOR_SIGNALING,0.956821562753474,0.801110468478889,RPS6KA3
D5_center_primary_PHpass,PI3K_AKT_MTOR_SIGNALING,0.956821562753474,0.801110468478889,RALB
D5_center_primary_PHpass,PI3K_AKT_MTOR_SIGNALING,0.956821562753474,0.801110468478889,STAT2
D5_center_primary_PHpass,PI3K_AKT_MTOR_SIGNALING,0.956821562753474,0.801110468478889,RPS6KA1
D5_center_primary_PHpass,PI3K_AKT_MTOR_SIGNALING,0.956821562753474,0.801110468478889,CFL1
D5_center_primary_PHpass,PI3K_AKT_MTOR_SIGNALING,0.956821562753474,0.801110468478889,GRK2
D5_center_primary_PHpass,PI3K_AKT_MTOR_SIGNALING,0.956821562753474,0.801110468478889,MYD88
D5_center_primary_PHpass,PI3K_AKT_MTOR_SIGNALING,0.956821562753474,0.801110468478889,PPP1CA
D5_center_primary_PHpass,PI3K_AKT_MTOR_SIGNALING,0.956821562753474,0.801110468478889,ACACA
D5_center_primary_PHpass,PI3K_AKT_MTOR_SIGNALING,0.956821562753474,0.801110468478889,PRKCB
D5_center_primary_PHpass,PI3K_AKT_MTOR_SIGNALING,0.956821562753474,0.801110468478889,TRAF2
D5_center_primary_PHpass,PI3K_AKT_MTOR_SIGNALING,0.956821562753474,0.801110468478889,SMAD2
D5_center_primary_PHpass,PI3K_AKT_MTOR_SIGNALING,0.956821562753474,0.801110468478889,VAV3
D5_center_primary_PHpass,PI3K_AKT_MTOR_SIGNALING,0.956821562753474,0.801110468478889,RIT1
D5_center_primary_PHpass,PI3K_AKT_MTOR_SIGNALING,0.956821562753474,0.801110468478889,EIF4E
D5_center_primary_PHpass,PI3K_AKT_MTOR_SIGNALING,0.956821562753474,0.801110468478889,UBE2D3
D5_center_primary_PHpass,PI3K_AKT_MTOR_SIGNALING,0.956821562753474,0.801110468478889,AP2M1
D5_center_primary_PHpass,PROTEIN_SECRETION,1.02175138291841,0.689255012349768,RAB5A
D5_center_primary_PHpass,PROTEIN_SECRETION,1.02175138291841,0.689255012349768,VPS4B
D5_center_primary_PHpass,PROTEIN_SECRETION,1.02175138291841,0.689255012349768,SNX2
D5_center_primary_PHpass,PROTEIN_SECRETION,1.02175138291841,0.689255012349768,IGF2R
D5_center_primary_PHpass,PROTEIN_SECRETION,1.02175138291841,0.689255012349768,STX12
D5_center_primary_PHpass,PROTEIN_SECRETION,1.02175138291841,0.689255012349768,RPS6KA3
D5_center_primary_PHpass,PROTEIN_SECRETION,1.02175138291841,0.689255012349768,SEC24D
D5_center_primary_PHpass,PROTEIN_SECRETION,1.02175138291841,0.689255012349768,NAPG
D5_center_primary_PHpass,PROTEIN_SECRETION,1.02175138291841,0.689255012349768,RER1
D5_center_primary_PHpass,PROTEIN_SECRETION,1.02175138291841,0.689255012349768,OCRL
D5_center_primary_PHpass,PROTEIN_SECRETION,1.02175138291841,0.689255012349768,AP2B1
D5_center_primary_PHpass,PROTEIN_SECRETION,1.02175138291841,0.689255012349768,AP2S1
D5_center_primary_PHpass,PROTEIN_SECRETION,1.02175138291841,0.689255012349768,ARFIP1
D5_center_primary_PHpass,PROTEIN_SECRETION,1.02175138291841,0.689255012349768,VAMP3
D5_center_primary_PHpass,PROTEIN_SECRETION,1.02175138291841,0.689255012349768,TSG101
D5_center_primary_PHpass,PROTEIN_SECRETION,1.02175138291841,0.689255012349768,STX7
D5_center_primary_PHpass,PROTEIN_SECRETION,1.02175138291841,0.689255012349768,VPS45
D5_center_primary_PHpass,PROTEIN_SECRETION,1.02175138291841,0.689255012349768,AP2M1
D5_center_primary_PHpass,PROTEIN_SECRETION,1.02175138291841,0.689255012349768,TMED2
D5_center_primary_PHpass,PROTEIN_SECRETION,1.02175138291841,0.689255012349768,AP3B1
D5_center_primary_PHpass,PROTEIN_SECRETION,1.02175138291841,0.689255012349768,RAB14
D5_center_primary_PHpass,PROTEIN_SECRETION,1.02175138291841,0.689255012349768,RAB22A
D5_center_primary_PHpass,PROTEIN_SECRETION,1.02175138291841,0.689255012349768,AP3S1
D5_center_primary_PHpass,PROTEIN_SECRETION,1.02175138291841,0.689255012349768,SCAMP1
D5_center_primary_PHpass,PROTEIN_SECRETION,1.02175138291841,0.689255012349768,SEC31A
D5_center_primary_PHpass,PROTEIN_SECRETION,1.02175138291841,0.689255012349768,ARCN1
D5_center_primary_PHpass,PROTEIN_SECRETION,1.02175138291841,0.689255012349768,MON2
D5_center_primary_PHpass,PROTEIN_SECRETION,1.02175138291841,0.689255012349768,VAMP7
D5_center_primary_PHpass,PROTEIN_SECRETION,1.02175138291841,0.689255012349768,GLA
D5_center_primary_PHpass,PROTEIN_SECRETION,1.02175138291841,0.689255012349768,GNAS
D5_center_primary_PHpass,PROTEIN_SECRETION,1.02175138291841,0.689255012349768,NAPA
D5_center_primary_PHpass,PROTEIN_SECRETION,1.02175138291841,0.689255012349768,SCAMP3
D5_center_primary_PHpass,PROTEIN_SECRETION,1.02175138291841,0.689255012349768,TMX1
D5_center_primary_PHpass,PROTEIN_SECRETION,1.02175138291841,0.689255012349768,COPB2
D5_center_primary_PHpass,PROTEIN_SECRETION,1.02175138291841,0.689255012349768,RAB2A
D5_center_primary_PHpass,PROTEIN_SECRETION,1.02175138291841,0.689255012349768,COPB1
D5_center_primary_PHpass,PROTEIN_SECRETION,1.02175138291841,0.689255012349768,ATP6V1H
D5_center_primary_PHpass,PROTEIN_SECRETION,1.02175138291841,0.689255012349768,ARFGEF1
D5_center_primary_PHpass,PROTEIN_SECRETION,1.02175138291841,0.689255012349768,SEC22B
D5_center_primary_PHpass,PROTEIN_SECRETION,1.02175138291841,0.689255012349768,CLTA
D5_center_primary_PHpass,PROTEIN_SECRETION,1.02175138291841,0.689255012349768,KIF1B
D5_center_primary_PHpass,PROTEIN_SECRETION,1.02175138291841,0.689255012349768,ATP1A1
D5_center_primary_PHpass,PROTEIN_SECRETION,1.02175138291841,0.689255012349768,ARF1
D5_center_primary_PHpass,PROTEIN_SECRETION,1.02175138291841,0.689255012349768,LMAN1
D5_center_primary_PHpass,PROTEIN_SECRETION,1.02175138291841,0.689255012349768,COPE
D5_center_primary_PHpass,PROTEIN_SECRETION,1.02175138291841,0.689255012349768,ZW10
D5_center_primary_PHpass,PROTEIN_SECRETION,1.02175138291841,0.689255012349768,TMED10
D5_center_primary_PHpass,PROTEIN_SECRETION,1.02175138291841,0.689255012349768,USO1
D5_center_primary_PHpass,PROTEIN_SECRETION,1.02175138291841,0.689255012349768,GBF1
D5_center_primary_PHpass,PROTEIN_SECRETION,1.02175138291841,0.689255012349768,SNAP23
D5_center_primary_PHpass,PROTEIN_SECRETION,1.02175138291841,0.689255012349768,CLTC
D5_center_primary_PHpass,PROTEIN_SECRETION,1.02175138291841,0.689255012349768,ARFGEF2
D5_center_primary_PHpass,PROTEIN_SECRETION,1.02175138291841,0.689255012349768,AP1G1
D5_center_primary_PHpass,PROTEIN_SECRETION,1.02175138291841,0.689255012349768,MAPK1
D5_center_primary_PHpass,REACTIVE_OXYGEN_SPECIES_PATHWAY,1.17805854721302,0.577337733773378,HMOX2
D5_center_primary_PHpass,REACTIVE_OXYGEN_SPECIES_PATHWAY,1.17805854721302,0.577337733773378,PRNP
D5_center_primary_PHpass,REACTIVE_OXYGEN_SPECIES_PATHWAY,1.17805854721302,0.577337733773378,FES
D5_center_primary_PHpass,REACTIVE_OXYGEN_SPECIES_PATHWAY,1.17805854721302,0.577337733773378,PFKP
D5_center_primary_PHpass,REACTIVE_OXYGEN_SPECIES_PATHWAY,1.17805854721302,0.577337733773378,NDUFS2
D5_center_primary_PHpass,REACTIVE_OXYGEN_SPECIES_PATHWAY,1.17805854721302,0.577337733773378,MPO
D5_center_primary_PHpass,REACTIVE_OXYGEN_SPECIES_PATHWAY,1.17805854721302,0.577337733773378,OXSR1
D5_center_primary_PHpass,REACTIVE_OXYGEN_SPECIES_PATHWAY,1.17805854721302,0.577337733773378,SELENOS
D5_center_primary_PHpass,REACTIVE_OXYGEN_SPECIES_PATHWAY,1.17805854721302,0.577337733773378,GPX4
D5_center_primary_PHpass,REACTIVE_OXYGEN_SPECIES_PATHWAY,1.17805854721302,0.577337733773378,GCLM
D5_center_primary_PHpass,REACTIVE_OXYGEN_SPECIES_PATHWAY,1.17805854721302,0.577337733773378,MGST1
D5_center_primary_PHpass,SPERMATOGENESIS,0.44334773872954,0.993459981314232,CLPB
D5_center_primary_PHpass,SPERMATOGENESIS,0.44334773872954,0.993459981314232,MTOR
D5_center_primary_PHpass,SPERMATOGENESIS,0.44334773872954,0.993459981314232,CSNK2A2
D5_center_primary_PHpass,SPERMATOGENESIS,0.44334773872954,0.993459981314232,GSTM3
D5_center_primary_PHpass,SPERMATOGENESIS,0.44334773872954,0.993459981314232,NF2
D5_center_primary_PHpass,SPERMATOGENESIS,0.44334773872954,0.993459981314232,VDAC3
D5_center_primary_PHpass,SPERMATOGENESIS,0.44334773872954,0.993459981314232,AGFG1
D5_center_primary_PHpass,SPERMATOGENESIS,0.44334773872954,0.993459981314232,TSN
D5_center_primary_PHpass,SPERMATOGENESIS,0.44334773872954,0.993459981314232,HSPA1L
D5_center_primary_PHpass,SPERMATOGENESIS,0.44334773872954,0.993459981314232,PRKAR2A
D5_center_primary_PHpass,SPERMATOGENESIS,0.44334773872954,0.993459981314232,STAM2
D5_center_primary_PHpass,SPERMATOGENESIS,0.44334773872954,0.993459981314232,JAM3
D5_center_primary_PHpass,SPERMATOGENESIS,0.44334773872954,0.993459981314232,HSPA2
D5_center_primary_PHpass,SPERMATOGENESIS,0.44334773872954,0.993459981314232,SEPTIN4
D5_center_primary_PHpass,SPERMATOGENESIS,0.44334773872954,0.993459981314232,PEBP1
D5_center_primary_PHpass,SPERMATOGENESIS,0.44334773872954,0.993459981314232,PHKG2
D5_center_primary_PHpass,SPERMATOGENESIS,0.44334773872954,0.993459981314232,SLC12A2
D5_center_primary_PHpass,SPERMATOGENESIS,0.44334773872954,0.993459981314232,HBZ
D5_center_primary_PHpass,SPERMATOGENESIS,0.44334773872954,0.993459981314232,TALDO1
D5_center_primary_PHpass,TGF_BETA_SIGNALING,1.44408702508008,0.429555332664661,LTBP2
D5_center_primary_PHpass,TGF_BETA_SIGNALING,1.44408702508008,0.429555332664661,FURIN
D5_center_primary_PHpass,TGF_BETA_SIGNALING,1.44408702508008,0.429555332664661,BMP2
D5_center_primary_PHpass,TGF_BETA_SIGNALING,1.44408702508008,0.429555332664661,RAB31
D5_center_primary_PHpass,TGF_BETA_SIGNALING,1.44408702508008,0.429555332664661,RHOA
D5_center_primary_PHpass,TGF_BETA_SIGNALING,1.44408702508008,0.429555332664661,FNTA
D5_center_primary_PHpass,TGF_BETA_SIGNALING,1.44408702508008,0.429555332664661,PPP1CA
D5_center_primary_PHpass,TGF_BETA_SIGNALING,1.44408702508008,0.429555332664661,SPTBN1
D5_center_primary_PHpass,TGF_BETA_SIGNALING,1.44408702508008,0.429555332664661,ACVR1
D5_center_primary_PHpass,TGF_BETA_SIGNALING,1.44408702508008,0.429555332664661,UBE2D3
D5_center_primary_PHpass,TNFA_SIGNALING_VIA_NFKB,1.65000610576175,0.0912547387740439,TNFAIP6
D5_center_primary_PHpass,TNFA_SIGNALING_VIA_NFKB,1.65000610576175,0.0912547387740439,TNC
D5_center_primary_PHpass,TNFA_SIGNALING_VIA_NFKB,1.65000610576175,0.0912547387740439,CXCL10
D5_center_primary_PHpass,TNFA_SIGNALING_VIA_NFKB,1.65000610576175,0.0912547387740439,B4GALT1
D5_center_primary_PHpass,TNFA_SIGNALING_VIA_NFKB,1.65000610576175,0.0912547387740439,B4GALT5
D5_center_primary_PHpass,TNFA_SIGNALING_VIA_NFKB,1.65000610576175,0.0912547387740439,EHD1
D5_center_primary_PHpass,TNFA_SIGNALING_VIA_NFKB,1.65000610576175,0.0912547387740439,MARCKS
D5_center_primary_PHpass,TNFA_SIGNALING_VIA_NFKB,1.65000610576175,0.0912547387740439,PTX3
D5_center_primary_PHpass,TNFA_SIGNALING_VIA_NFKB,1.65000610576175,0.0912547387740439,BMP2
D5_center_primary_PHpass,TNFA_SIGNALING_VIA_NFKB,1.65000610576175,0.0912547387740439,IRS2
D5_center_primary_PHpass,TNFA_SIGNALING_VIA_NFKB,1.65000610576175,0.0912547387740439,MAP2K3
D5_center_primary_PHpass,TNFA_SIGNALING_VIA_NFKB,1.65000610576175,0.0912547387740439,DNAJB4
D5_center_primary_PHpass,TNFA_SIGNALING_VIA_NFKB,1.65000610576175,0.0912547387740439,EFNA1
D5_center_primary_PHpass,TNFA_SIGNALING_VIA_NFKB,1.65000610576175,0.0912547387740439,CCRL2
D5_center_primary_PHpass,TNFA_SIGNALING_VIA_NFKB,1.65000610576175,0.0912547387740439,TRIP10
D5_center_primary_PHpass,TNFA_SIGNALING_VIA_NFKB,1.65000610576175,0.0912547387740439,TLR2
D5_center_primary_PHpass,TNFA_SIGNALING_VIA_NFKB,1.65000610576175,0.0912547387740439,NFKB1
D5_center_primary_PHpass,TNFA_SIGNALING_VIA_NFKB,1.65000610576175,0.0912547387740439,PDLIM5
D5_center_primary_PHpass,TNFA_SIGNALING_VIA_NFKB,1.65000610576175,0.0912547387740439,CCN1
D5_center_primary_PHpass,TNFA_SIGNALING_VIA_NFKB,1.65000610576175,0.0912547387740439,NAMPT
D5_center_primary_PHpass,UNFOLDED_PROTEIN_RESPONSE,1.32094935965893,0.429555332664661,HYOU1
D5_center_primary_PHpass,UNFOLDED_PROTEIN_RESPONSE,1.32094935965893,0.429555332664661,STC2
D5_center_primary_PHpass,UNFOLDED_PROTEIN_RESPONSE,1.32094935965893,0.429555332664661,SRPRA
D5_center_primary_PHpass,UNFOLDED_PROTEIN_RESPONSE,1.32094935965893,0.429555332664661,PAIP1
D5_center_primary_PHpass,UNFOLDED_PROTEIN_RESPONSE,1.32094935965893,0.429555332664661,KHSRP
D5_center_primary_PHpass,UNFOLDED_PROTEIN_RESPONSE,1.32094935965893,0.429555332664661,EXOC2
D5_center_primary_PHpass,UNFOLDED_PROTEIN_RESPONSE,1.32094935965893,0.429555332664661,TARS1
D5_center_primary_PHpass,UNFOLDED_PROTEIN_RESPONSE,1.32094935965893,0.429555332664661,SHC1
D5_center_primary_PHpass,UNFOLDED_PROTEIN_RESPONSE,1.32094935965893,0.429555332664661,LSM4
D5_center_primary_PHpass,UNFOLDED_PROTEIN_RESPONSE,1.32094935965893,0.429555332664661,EIF4A3
D5_center_primary_PHpass,UNFOLDED_PROTEIN_RESPONSE,1.32094935965893,0.429555332664661,LSM1
D5_center_primary_PHpass,UNFOLDED_PROTEIN_RESPONSE,1.32094935965893,0.429555332664661,DNAJC3
D5_center_primary_PHpass,UNFOLDED_PROTEIN_RESPONSE,1.32094935965893,0.429555332664661,SRPRB
D5_center_primary_PHpass,UNFOLDED_PROTEIN_RESPONSE,1.32094935965893,0.429555332664661,ATP6V0D1
D5_center_primary_PHpass,UNFOLDED_PROTEIN_RESPONSE,1.32094935965893,0.429555332664661,EIF4G1
D5_center_primary_PHpass,UNFOLDED_PROTEIN_RESPONSE,1.32094935965893,0.429555332664661,FUS
D5_center_primary_PHpass,UNFOLDED_PROTEIN_RESPONSE,1.32094935965893,0.429555332664661,EIF2S1
D5_center_primary_PHpass,UNFOLDED_PROTEIN_RESPONSE,1.32094935965893,0.429555332664661,EEF2
D5_center_primary_PHpass,UNFOLDED_PROTEIN_RESPONSE,1.32094935965893,0.429555332664661,DCTN1
D5_center_primary_PHpass,UNFOLDED_PROTEIN_RESPONSE,1.32094935965893,0.429555332664661,IARS1
D5_center_primary_PHpass,UNFOLDED_PROTEIN_RESPONSE,1.32094935965893,0.429555332664661,EDC4
D5_center_primary_PHpass,UNFOLDED_PROTEIN_RESPONSE,1.32094935965893,0.429555332664661,EIF4E
D5_center_primary_PHpass,UNFOLDED_PROTEIN_RESPONSE,1.32094935965893,0.429555332664661,NPM1
D5_center_primary_PHpass,UNFOLDED_PROTEIN_RESPONSE,1.32094935965893,0.429555332664661,SKIC3
D5_center_primary_PHpass,UNFOLDED_PROTEIN_RESPONSE,1.32094935965893,0.429555332664661,ERO1A
D5_center_primary_PHpass,UNFOLDED_PROTEIN_RESPONSE,1.32094935965893,0.429555332664661,H2AX
D5_center_primary_PHpass,UV_RESPONSE_DN,0.564944139878586,0.993459981314232,NRP1
D5_center_primary_PHpass,UV_RESPONSE_DN,0.564944139878586,0.993459981314232,COL1A2
D5_center_primary_PHpass,UV_RESPONSE_DN,0.564944139878586,0.993459981314232,COL1A1
D5_center_primary_PHpass,UV_RESPONSE_DN,0.564944139878586,0.993459981314232,EFEMP1
D5_center_primary_PHpass,UV_RESPONSE_DN,0.564944139878586,0.993459981314232,COL3A1
D5_center_primary_PHpass,UV_RESPONSE_DN,0.564944139878586,0.993459981314232,WDR37
D5_center_primary_PHpass,UV_RESPONSE_DN,0.564944139878586,0.993459981314232,NFKB1
D5_center_primary_PHpass,UV_RESPONSE_DN,0.564944139878586,0.993459981314232,PDLIM5
D5_center_primary_PHpass,UV_RESPONSE_DN,0.564944139878586,0.993459981314232,CCN1
D5_center_primary_PHpass,UV_RESPONSE_DN,0.564944139878586,0.993459981314232,NOTCH2
D5_center_primary_PHpass,UV_RESPONSE_DN,0.564944139878586,0.993459981314232,PRKCA
D5_center_primary_PHpass,UV_RESPONSE_DN,0.564944139878586,0.993459981314232,ADD3
D5_center_primary_PHpass,UV_RESPONSE_DN,0.564944139878586,0.993459981314232,NEK7
D5_center_primary_PHpass,UV_RESPONSE_DN,0.564944139878586,0.993459981314232,DYRK1A
D5_center_primary_PHpass,UV_RESPONSE_DN,0.564944139878586,0.993459981314232,FHL2
D5_center_primary_PHpass,UV_RESPONSE_DN,0.564944139878586,0.993459981314232,MAPK14
D5_center_primary_PHpass,UV_RESPONSE_DN,0.564944139878586,0.993459981314232,PLCB4
D5_center_primary_PHpass,UV_RESPONSE_DN,0.564944139878586,0.993459981314232,CDC42BPA
D5_center_primary_PHpass,UV_RESPONSE_DN,0.564944139878586,0.993459981314232,COL5A2
D5_center_primary_PHpass,UV_RESPONSE_DN,0.564944139878586,0.993459981314232,IGFBP5
D5_center_primary_PHpass,UV_RESPONSE_DN,0.564944139878586,0.993459981314232,SRI
D5_center_primary_PHpass,UV_RESPONSE_DN,0.564944139878586,0.993459981314232,SLC7A1
D5_center_primary_PHpass,UV_RESPONSE_DN,0.564944139878586,0.993459981314232,FBLN5
D5_center_primary_PHpass,UV_RESPONSE_DN,0.564944139878586,0.993459981314232,IGF1R
D5_center_primary_PHpass,UV_RESPONSE_DN,0.564944139878586,0.993459981314232,ATP2C1
D5_center_primary_PHpass,UV_RESPONSE_DN,0.564944139878586,0.993459981314232,DLG1
D5_center_primary_PHpass,UV_RESPONSE_DN,0.564944139878586,0.993459981314232,MAP1B
D5_center_primary_PHpass,UV_RESPONSE_DN,0.564944139878586,0.993459981314232,PRKAR2B
D5_center_primary_PHpass,UV_RESPONSE_UP,1.33101774065027,0.429555332664661,IGFBP2
D5_center_primary_PHpass,UV_RESPONSE_UP,1.33101774065027,0.429555332664661,HMOX1
D5_center_primary_PHpass,UV_RESPONSE_UP,1.33101774065027,0.429555332664661,FURIN
D5_center_primary_PHpass,UV_RESPONSE_UP,1.33101774065027,0.429555332664661,PPAT
D5_center_primary_PHpass,UV_RESPONSE_UP,1.33101774065027,0.429555332664661,PDAP1
D5_center_primary_PHpass,UV_RESPONSE_UP,1.33101774065027,0.429555332664661,MGAT1
D5_center_primary_PHpass,UV_RESPONSE_UP,1.33101774065027,0.429555332664661,BMP2
D5_center_primary_PHpass,UV_RESPONSE_UP,1.33101774065027,0.429555332664661,OLFM1
D5_center_primary_PHpass,UV_RESPONSE_UP,1.33101774065027,0.429555332664661,STIP1
D5_center_primary_PHpass,UV_RESPONSE_UP,1.33101774065027,0.429555332664661,SPR
D5_center_primary_PHpass,UV_RESPONSE_UP,1.33101774065027,0.429555332664661,TARS1
D5_center_primary_PHpass,UV_RESPONSE_UP,1.33101774065027,0.429555332664661,RAB27A
D5_center_primary_PHpass,UV_RESPONSE_UP,1.33101774065027,0.429555332664661,CYB5B
D5_center_primary_PHpass,UV_RESPONSE_UP,1.33101774065027,0.429555332664661,EIF5
D5_center_primary_PHpass,UV_RESPONSE_UP,1.33101774065027,0.429555332664661,ACAA1
D5_center_primary_PHpass,UV_RESPONSE_UP,1.33101774065027,0.429555332664661,DNAJA1
D5_center_primary_PHpass,UV_RESPONSE_UP,1.33101774065027,0.429555332664661,EPHX1
D5_center_primary_PHpass,UV_RESPONSE_UP,1.33101774065027,0.429555332664661,GGH
D5_center_primary_PHpass,UV_RESPONSE_UP,1.33101774065027,0.429555332664661,ATP6V1C1
D5_center_primary_PHpass,UV_RESPONSE_UP,1.33101774065027,0.429555332664661,ARRB2
D5_center_primary_PHpass,UV_RESPONSE_UP,1.33101774065027,0.429555332664661,AP2S1
D5_center_primary_PHpass,UV_RESPONSE_UP,1.33101774065027,0.429555332664661,PRKCD
D5_center_primary_PHpass,UV_RESPONSE_UP,1.33101774065027,0.429555332664661,ICAM1
D5_center_primary_PHpass,UV_RESPONSE_UP,1.33101774065027,0.429555332664661,H2AX
D5_center_primary_PHpass,UV_RESPONSE_UP,1.33101774065027,0.429555332664661,GLS
D5_center_primary_PHpass,UV_RESPONSE_UP,1.33101774065027,0.429555332664661,EIF2S3
D5_center_primary_PHpass,UV_RESPONSE_UP,1.33101774065027,0.429555332664661,CASP3
D5_center_primary_PHpass,UV_RESPONSE_UP,1.33101774065027,0.429555332664661,MMP14
D5_center_primary_PHpass,UV_RESPONSE_UP,1.33101774065027,0.429555332664661,MARK2
D5_center_primary_PHpass,UV_RESPONSE_UP,1.33101774065027,0.429555332664661,TST
D5_center_primary_PHpass,UV_RESPONSE_UP,1.33101774065027,0.429555332664661,CNP
D5_center_primary_PHpass,UV_RESPONSE_UP,1.33101774065027,0.429555332664661,CYB5R1
D5_center_primary_PHpass,XENOBIOTIC_METABOLISM,0.932273976755856,0.801110468478889,CBR1
D5_center_primary_PHpass,XENOBIOTIC_METABOLISM,0.932273976755856,0.801110468478889,HMOX1
D5_center_primary_PHpass,XENOBIOTIC_METABOLISM,0.932273976755856,0.801110468478889,IGFBP4
D5_center_primary_PHpass,XENOBIOTIC_METABOLISM,0.932273976755856,0.801110468478889,MT2A
D5_center_primary_PHpass,XENOBIOTIC_METABOLISM,0.932273976755856,0.801110468478889,MTHFD1
D5_center_primary_PHpass,XENOBIOTIC_METABOLISM,0.932273976755856,0.801110468478889,KARS1
D5_center_primary_PHpass,XENOBIOTIC_METABOLISM,0.932273976755856,0.801110468478889,BLVRB
D5_center_primary_PHpass,XENOBIOTIC_METABOLISM,0.932273976755856,0.801110468478889,NMT1
D5_center_primary_PHpass,XENOBIOTIC_METABOLISM,0.932273976755856,0.801110468478889,FBLN1
D5_center_primary_PHpass,XENOBIOTIC_METABOLISM,0.932273976755856,0.801110468478889,UGDH
D5_center_primary_PHpass,XENOBIOTIC_METABOLISM,0.932273976755856,0.801110468478889,CNDP2
D5_center_primary_PHpass,XENOBIOTIC_METABOLISM,0.932273976755856,0.801110468478889,CYFIP2
D5_center_primary_PHpass,XENOBIOTIC_METABOLISM,0.932273976755856,0.801110468478889,CASP6
D5_center_primary_PHpass,XENOBIOTIC_METABOLISM,0.932273976755856,0.801110468478889,GART
D5_center_primary_PHpass,XENOBIOTIC_METABOLISM,0.932273976755856,0.801110468478889,ETFDH
D5_center_primary_PHpass,XENOBIOTIC_METABOLISM,0.932273976755856,0.801110468478889,DHRS7
D5_center_primary_PHpass,XENOBIOTIC_METABOLISM,0.932273976755856,0.801110468478889,EPHX1
D5_center_primary_PHpass,XENOBIOTIC_METABOLISM,0.932273976755856,0.801110468478889,PTGES3
D5_center_primary_PHpass,XENOBIOTIC_METABOLISM,0.932273976755856,0.801110468478889,COMT
D5_center_primary_PHpass,XENOBIOTIC_METABOLISM,0.932273976755856,0.801110468478889,IDH1
D5_center_primary_PHpass,XENOBIOTIC_METABOLISM,0.932273976755856,0.801110468478889,ACP1
D5_center_primary_PHpass,XENOBIOTIC_METABOLISM,0.932273976755856,0.801110468478889,PDLIM5
D5_center_primary_PHpass,XENOBIOTIC_METABOLISM,0.932273976755856,0.801110468478889,TKFC
D5_median_center_sensitivity,ADIPOGENESIS,-0.86771453959088,0.807929174302455,IMMT
D5_median_center_sensitivity,ADIPOGENESIS,-0.86771453959088,0.807929174302455,RIOK3
D5_median_center_sensitivity,ADIPOGENESIS,-0.86771453959088,0.807929174302455,CD36
D5_median_center_sensitivity,ADIPOGENESIS,-0.86771453959088,0.807929174302455,ACOX1
D5_median_center_sensitivity,ADIPOGENESIS,-0.86771453959088,0.807929174302455,POR
D5_median_center_sensitivity,ADIPOGENESIS,-0.86771453959088,0.807929174302455,TALDO1
D5_median_center_sensitivity,ADIPOGENESIS,-0.86771453959088,0.807929174302455,JAGN1
D5_median_center_sensitivity,ADIPOGENESIS,-0.86771453959088,0.807929174302455,AIFM1
D5_median_center_sensitivity,ADIPOGENESIS,-0.86771453959088,0.807929174302455,ATL2
D5_median_center_sensitivity,ADIPOGENESIS,-0.86771453959088,0.807929174302455,IDH3G
D5_median_center_sensitivity,ADIPOGENESIS,-0.86771453959088,0.807929174302455,LPCAT3
D5_median_center_sensitivity,ADIPOGENESIS,-0.86771453959088,0.807929174302455,STOM
D5_median_center_sensitivity,ADIPOGENESIS,-0.86771453959088,0.807929174302455,YWHAG
D5_median_center_sensitivity,ADIPOGENESIS,-0.86771453959088,0.807929174302455,RTN3
D5_median_center_sensitivity,ADIPOGENESIS,-0.86771453959088,0.807929174302455,CAVIN2
D5_median_center_sensitivity,ADIPOGENESIS,-0.86771453959088,0.807929174302455,ACLY
D5_median_center_sensitivity,ADIPOGENESIS,-0.86771453959088,0.807929174302455,APOE
D5_median_center_sensitivity,ADIPOGENESIS,-0.86771453959088,0.807929174302455,STAT5A
D5_median_center_sensitivity,ADIPOGENESIS,-0.86771453959088,0.807929174302455,ESYT1
D5_median_center_sensitivity,ADIPOGENESIS,-0.86771453959088,0.807929174302455,C3
D5_median_center_sensitivity,ADIPOGENESIS,-0.86771453959088,0.807929174302455,ALDOA
D5_median_center_sensitivity,ADIPOGENESIS,-0.86771453959088,0.807929174302455,AK2
D5_median_center_sensitivity,ADIPOGENESIS,-0.86771453959088,0.807929174302455,SCP2
D5_median_center_sensitivity,ADIPOGENESIS,-0.86771453959088,0.807929174302455,MGLL
D5_median_center_sensitivity,ADIPOGENESIS,-0.86771453959088,0.807929174302455,CHUK
D5_median_center_sensitivity,ADIPOGENESIS,-0.86771453959088,0.807929174302455,GPX4
D5_median_center_sensitivity,ADIPOGENESIS,-0.86771453959088,0.807929174302455,CMPK1
D5_median_center_sensitivity,ALLOGRAFT_REJECTION,-1.07990854009492,0.446987165542745,ITGAL
D5_median_center_sensitivity,ALLOGRAFT_REJECTION,-1.07990854009492,0.446987165542745,RPS9
D5_median_center_sensitivity,ALLOGRAFT_REJECTION,-1.07990854009492,0.446987165542745,RPS3A
D5_median_center_sensitivity,ALLOGRAFT_REJECTION,-1.07990854009492,0.446987165542745,F2
D5_median_center_sensitivity,ALLOGRAFT_REJECTION,-1.07990854009492,0.446987165542745,RPS19
D5_median_center_sensitivity,ALLOGRAFT_REJECTION,-1.07990854009492,0.446987165542745,UBE2N
D5_median_center_sensitivity,ALLOGRAFT_REJECTION,-1.07990854009492,0.446987165542745,FLNA
D5_median_center_sensitivity,ALLOGRAFT_REJECTION,-1.07990854009492,0.446987165542745,LYN
D5_median_center_sensitivity,ALLOGRAFT_REJECTION,-1.07990854009492,0.446987165542745,CD247
D5_median_center_sensitivity,ALLOGRAFT_REJECTION,-1.07990854009492,0.446987165542745,NME1
D5_median_center_sensitivity,ALLOGRAFT_REJECTION,-1.07990854009492,0.446987165542745,PTPRC
D5_median_center_sensitivity,ALLOGRAFT_REJECTION,-1.07990854009492,0.446987165542745,ACHE
D5_median_center_sensitivity,ALLOGRAFT_REJECTION,-1.07990854009492,0.446987165542745,TAP1
D5_median_center_sensitivity,ALLOGRAFT_REJECTION,-1.07990854009492,0.446987165542745,MMP9
D5_median_center_sensitivity,ALLOGRAFT_REJECTION,-1.07990854009492,0.446987165542745,FYB1
D5_median_center_sensitivity,ALLOGRAFT_REJECTION,-1.07990854009492,0.446987165542745,CD47
D5_median_center_sensitivity,ALLOGRAFT_REJECTION,-1.07990854009492,0.446987165542745,EIF4G3
D5_median_center_sensitivity,ALLOGRAFT_REJECTION,-1.07990854009492,0.446987165542745,JAK2
D5_median_center_sensitivity,ALLOGRAFT_REJECTION,-1.07990854009492,0.446987165542745,FGR
D5_median_center_sensitivity,ALLOGRAFT_REJECTION,-1.07990854009492,0.446987165542745,CSK
D5_median_center_sensitivity,ANDROGEN_RESPONSE,-1.12506104424753,0.446987165542745,GSR
D5_median_center_sensitivity,ANDROGEN_RESPONSE,-1.12506104424753,0.446987165542745,SPCS3
D5_median_center_sensitivity,ANDROGEN_RESPONSE,-1.12506104424753,0.446987165542745,LMAN1
D5_median_center_sensitivity,ANDROGEN_RESPONSE,-1.12506104424753,0.446987165542745,ACTN1
D5_median_center_sensitivity,ANDROGEN_RESPONSE,-1.12506104424753,0.446987165542745,VAPA
D5_median_center_sensitivity,ANDROGEN_RESPONSE,-1.12506104424753,0.446987165542745,MYL12A
D5_median_center_sensitivity,ANDROGEN_RESPONSE,-1.12506104424753,0.446987165542745,ACSL3
D5_median_center_sensitivity,ANDROGEN_RESPONSE,-1.12506104424753,0.446987165542745,GNAI3
D5_median_center_sensitivity,ANDROGEN_RESPONSE,-1.12506104424753,0.446987165542745,H1-0
D5_median_center_sensitivity,ANDROGEN_RESPONSE,-1.12506104424753,0.446987165542745,RAB4A
D5_median_center_sensitivity,ANDROGEN_RESPONSE,-1.12506104424753,0.446987165542745,ABCC4
D5_median_center_sensitivity,ANGIOGENESIS,1.35226365519881,0.263079222720478,POSTN
D5_median_center_sensitivity,ANGIOGENESIS,1.35226365519881,0.263079222720478,VCAN
D5_median_center_sensitivity,ANGIOGENESIS,1.35226365519881,0.263079222720478,COL3A1
D5_median_center_sensitivity,ANGIOGENESIS,1.35226365519881,0.263079222720478,NRP1
D5_median_center_sensitivity,ANGIOGENESIS,1.35226365519881,0.263079222720478,LRPAP1
D5_median_center_sensitivity,APICAL_JUNCTION,-1.07802628424223,0.446987165542745,ICAM2
D5_median_center_sensitivity,APICAL_JUNCTION,-1.07802628424223,0.446987165542745,PECAM1
D5_median_center_sensitivity,APICAL_JUNCTION,-1.07802628424223,0.446987165542745,ARPC2
D5_median_center_sensitivity,APICAL_JUNCTION,-1.07802628424223,0.446987165542745,PFN1
D5_median_center_sensitivity,APICAL_JUNCTION,-1.07802628424223,0.446987165542745,ACTA1
D5_median_center_sensitivity,APICAL_JUNCTION,-1.07802628424223,0.446987165542745,ACTN4
D5_median_center_sensitivity,APICAL_JUNCTION,-1.07802628424223,0.446987165542745,ITGB1
D5_median_center_sensitivity,APICAL_JUNCTION,-1.07802628424223,0.446987165542745,MYH9
D5_median_center_sensitivity,APICAL_JUNCTION,-1.07802628424223,0.446987165542745,GNAI2
D5_median_center_sensitivity,APICAL_JUNCTION,-1.07802628424223,0.446987165542745,PTPRC
D5_median_center_sensitivity,APICAL_JUNCTION,-1.07802628424223,0.446987165542745,CTNND1
D5_median_center_sensitivity,APICAL_JUNCTION,-1.07802628424223,0.446987165542745,ACTN1
D5_median_center_sensitivity,APICAL_JUNCTION,-1.07802628424223,0.446987165542745,VCL
D5_median_center_sensitivity,APICAL_JUNCTION,-1.07802628424223,0.446987165542745,MYL9
D5_median_center_sensitivity,APICAL_JUNCTION,-1.07802628424223,0.446987165542745,NEXN
D5_median_center_sensitivity,APICAL_JUNCTION,-1.07802628424223,0.446987165542745,YWHAH
D5_median_center_sensitivity,APICAL_JUNCTION,-1.07802628424223,0.446987165542745,SKAP2
D5_median_center_sensitivity,APICAL_JUNCTION,-1.07802628424223,0.446987165542745,MMP9
D5_median_center_sensitivity,APICAL_JUNCTION,-1.07802628424223,0.446987165542745,ADAM9
D5_median_center_sensitivity,APICAL_JUNCTION,-1.07802628424223,0.446987165542745,FYB1
D5_median_center_sensitivity,APICAL_JUNCTION,-1.07802628424223,0.446987165542745,SRC
D5_median_center_sensitivity,APICAL_JUNCTION,-1.07802628424223,0.446987165542745,RSU1
D5_median_center_sensitivity,APOPTOSIS,-0.843957756106314,0.807929174302455,GSR
D5_median_center_sensitivity,APOPTOSIS,-0.843957756106314,0.807929174302455,MADD
D5_median_center_sensitivity,APOPTOSIS,-0.843957756106314,0.807929174302455,F2
D5_median_center_sensitivity,APOPTOSIS,-0.843957756106314,0.807929174302455,CLU
D5_median_center_sensitivity,APOPTOSIS,-0.843957756106314,0.807929174302455,BCAP31
D5_median_center_sensitivity,APOPTOSIS,-0.843957756106314,0.807929174302455,CD44
D5_median_center_sensitivity,APOPTOSIS,-0.843957756106314,0.807929174302455,DIABLO
D5_median_center_sensitivity,APOPTOSIS,-0.843957756106314,0.807929174302455,TAP1
D5_median_center_sensitivity,APOPTOSIS,-0.843957756106314,0.807929174302455,ROCK1
D5_median_center_sensitivity,APOPTOSIS,-0.843957756106314,0.807929174302455,RELA
D5_median_center_sensitivity,APOPTOSIS,-0.843957756106314,0.807929174302455,RHOT2
D5_median_center_sensitivity,APOPTOSIS,-0.843957756106314,0.807929174302455,CASP4
D5_median_center_sensitivity,APOPTOSIS,-0.843957756106314,0.807929174302455,CD38
D5_median_center_sensitivity,APOPTOSIS,-0.843957756106314,0.807929174302455,H1-0
D5_median_center_sensitivity,APOPTOSIS,-0.843957756106314,0.807929174302455,EBP
D5_median_center_sensitivity,APOPTOSIS,-0.843957756106314,0.807929174302455,CD69
D5_median_center_sensitivity,APOPTOSIS,-0.843957756106314,0.807929174302455,TIMP3
D5_median_center_sensitivity,APOPTOSIS,-0.843957756106314,0.807929174302455,GPX4
D5_median_center_sensitivity,APOPTOSIS,-0.843957756106314,0.807929174302455,DNM1L
D5_median_center_sensitivity,APOPTOSIS,-0.843957756106314,0.807929174302455,HSPB1
D5_median_center_sensitivity,APOPTOSIS,-0.843957756106314,0.807929174302455,HMGB2
D5_median_center_sensitivity,APOPTOSIS,-0.843957756106314,0.807929174302455,RNASEL
D5_median_center_sensitivity,APOPTOSIS,-0.843957756106314,0.807929174302455,GPX1
D5_median_center_sensitivity,APOPTOSIS,-0.843957756106314,0.807929174302455,SPTAN1
D5_median_center_sensitivity,APOPTOSIS,-0.843957756106314,0.807929174302455,ENO2
D5_median_center_sensitivity,APOPTOSIS,-0.843957756106314,0.807929174302455,SQSTM1
D5_median_center_sensitivity,APOPTOSIS,-0.843957756106314,0.807929174302455,ADD1
D5_median_center_sensitivity,BILE_ACID_METABOLISM,1.14719653669902,0.438688328174699,APOA1
D5_median_center_sensitivity,BILE_ACID_METABOLISM,1.14719653669902,0.438688328174699,FDXR
D5_median_center_sensitivity,BILE_ACID_METABOLISM,1.14719653669902,0.438688328174699,NEDD4
D5_median_center_sensitivity,BILE_ACID_METABOLISM,1.14719653669902,0.438688328174699,OPTN
D5_median_center_sensitivity,BILE_ACID_METABOLISM,1.14719653669902,0.438688328174699,SLC35B2
D5_median_center_sensitivity,BILE_ACID_METABOLISM,1.14719653669902,0.438688328174699,LONP2
D5_median_center_sensitivity,BILE_ACID_METABOLISM,1.14719653669902,0.438688328174699,ABCD1
D5_median_center_sensitivity,BILE_ACID_METABOLISM,1.14719653669902,0.438688328174699,PEX19
D5_median_center_sensitivity,CHOLESTEROL_HOMEOSTASIS,-1.39478271936632,0.178922231233667,STX5
D5_median_center_sensitivity,CHOLESTEROL_HOMEOSTASIS,-1.39478271936632,0.178922231233667,CLU
D5_median_center_sensitivity,CHOLESTEROL_HOMEOSTASIS,-1.39478271936632,0.178922231233667,CD9
D5_median_center_sensitivity,CHOLESTEROL_HOMEOSTASIS,-1.39478271936632,0.178922231233667,LSS
D5_median_center_sensitivity,CHOLESTEROL_HOMEOSTASIS,-1.39478271936632,0.178922231233667,ALDOC
D5_median_center_sensitivity,CHOLESTEROL_HOMEOSTASIS,-1.39478271936632,0.178922231233667,ACSS2
D5_median_center_sensitivity,CHOLESTEROL_HOMEOSTASIS,-1.39478271936632,0.178922231233667,FASN
D5_median_center_sensitivity,CHOLESTEROL_HOMEOSTASIS,-1.39478271936632,0.178922231233667,FDPS
D5_median_center_sensitivity,CHOLESTEROL_HOMEOSTASIS,-1.39478271936632,0.178922231233667,ACAT2
D5_median_center_sensitivity,CHOLESTEROL_HOMEOSTASIS,-1.39478271936632,0.178922231233667,LDLR
D5_median_center_sensitivity,CHOLESTEROL_HOMEOSTASIS,-1.39478271936632,0.178922231233667,EBP
D5_median_center_sensitivity,COAGULATION,-1.11810325477847,0.438688328174699,PLG
D5_median_center_sensitivity,COAGULATION,-1.11810325477847,0.438688328174699,HRG
D5_median_center_sensitivity,COAGULATION,-1.11810325477847,0.438688328174699,CPB2
D5_median_center_sensitivity,COAGULATION,-1.11810325477847,0.438688328174699,GP1BA
D5_median_center_sensitivity,COAGULATION,-1.11810325477847,0.438688328174699,GP9
D5_median_center_sensitivity,COAGULATION,-1.11810325477847,0.438688328174699,F2
D5_median_center_sensitivity,COAGULATION,-1.11810325477847,0.438688328174699,CLU
D5_median_center_sensitivity,COAGULATION,-1.11810325477847,0.438688328174699,CD9
D5_median_center_sensitivity,COAGULATION,-1.11810325477847,0.438688328174699,WDR1
D5_median_center_sensitivity,COAGULATION,-1.11810325477847,0.438688328174699,PECAM1
D5_median_center_sensitivity,COAGULATION,-1.11810325477847,0.438688328174699,PROS1
D5_median_center_sensitivity,COAGULATION,-1.11810325477847,0.438688328174699,ITGB3
D5_median_center_sensitivity,COAGULATION,-1.11810325477847,0.438688328174699,FYN
D5_median_center_sensitivity,COAGULATION,-1.11810325477847,0.438688328174699,F11
D5_median_center_sensitivity,COAGULATION,-1.11810325477847,0.438688328174699,ITIH1
D5_median_center_sensitivity,COAGULATION,-1.11810325477847,0.438688328174699,CFB
D5_median_center_sensitivity,COAGULATION,-1.11810325477847,0.438688328174699,MASP2
D5_median_center_sensitivity,COAGULATION,-1.11810325477847,0.438688328174699,SPARC
D5_median_center_sensitivity,COAGULATION,-1.11810325477847,0.438688328174699,CTSH
D5_median_center_sensitivity,COAGULATION,-1.11810325477847,0.438688328174699,MMP9
D5_median_center_sensitivity,COAGULATION,-1.11810325477847,0.438688328174699,ADAM9
D5_median_center_sensitivity,COMPLEMENT,-1.67308454172842,0.0151687077739117,PLG
D5_median_center_sensitivity,COMPLEMENT,-1.67308454172842,0.0151687077739117,CTSC
D5_median_center_sensitivity,COMPLEMENT,-1.67308454172842,0.0151687077739117,GP1BA
D5_median_center_sensitivity,COMPLEMENT,-1.67308454172842,0.0151687077739117,CD36
D5_median_center_sensitivity,COMPLEMENT,-1.67308454172842,0.0151687077739117,PPP2CB
D5_median_center_sensitivity,COMPLEMENT,-1.67308454172842,0.0151687077739117,KIF2A
D5_median_center_sensitivity,COMPLEMENT,-1.67308454172842,0.0151687077739117,USP15
D5_median_center_sensitivity,COMPLEMENT,-1.67308454172842,0.0151687077739117,GP9
D5_median_center_sensitivity,COMPLEMENT,-1.67308454172842,0.0151687077739117,GNB4
D5_median_center_sensitivity,COMPLEMENT,-1.67308454172842,0.0151687077739117,F2
D5_median_center_sensitivity,COMPLEMENT,-1.67308454172842,0.0151687077739117,CD55
D5_median_center_sensitivity,COMPLEMENT,-1.67308454172842,0.0151687077739117,CLU
D5_median_center_sensitivity,COMPLEMENT,-1.67308454172842,0.0151687077739117,FCER1G
D5_median_center_sensitivity,COMPLEMENT,-1.67308454172842,0.0151687077739117,CDA
D5_median_center_sensitivity,COMPLEMENT,-1.67308454172842,0.0151687077739117,LYN
D5_median_center_sensitivity,COMPLEMENT,-1.67308454172842,0.0151687077739117,PFN1
D5_median_center_sensitivity,COMPLEMENT,-1.67308454172842,0.0151687077739117,FYN
D5_median_center_sensitivity,COMPLEMENT,-1.67308454172842,0.0151687077739117,USP14
D5_median_center_sensitivity,COMPLEMENT,-1.67308454172842,0.0151687077739117,GNAI2
D5_median_center_sensitivity,COMPLEMENT,-1.67308454172842,0.0151687077739117,HSPA5
D5_median_center_sensitivity,COMPLEMENT,-1.67308454172842,0.0151687077739117,ITIH1
D5_median_center_sensitivity,COMPLEMENT,-1.67308454172842,0.0151687077739117,CFB
D5_median_center_sensitivity,COMPLEMENT,-1.67308454172842,0.0151687077739117,GNG2
D5_median_center_sensitivity,COMPLEMENT,-1.67308454172842,0.0151687077739117,F7
D5_median_center_sensitivity,COMPLEMENT,-1.67308454172842,0.0151687077739117,CTSH
D5_median_center_sensitivity,COMPLEMENT,-1.67308454172842,0.0151687077739117,ADAM9
D5_median_center_sensitivity,COMPLEMENT,-1.67308454172842,0.0151687077739117,CD46
D5_median_center_sensitivity,COMPLEMENT,-1.67308454172842,0.0151687077739117,CASP4
D5_median_center_sensitivity,COMPLEMENT,-1.67308454172842,0.0151687077739117,C4BPB
D5_median_center_sensitivity,COMPLEMENT,-1.67308454172842,0.0151687077739117,SRC
D5_median_center_sensitivity,COMPLEMENT,-1.67308454172842,0.0151687077739117,JAK2
D5_median_center_sensitivity,COMPLEMENT,-1.67308454172842,0.0151687077739117,GNAI3
D5_median_center_sensitivity,COMPLEMENT,-1.67308454172842,0.0151687077739117,TFPI2
D5_median_center_sensitivity,COMPLEMENT,-1.67308454172842,0.0151687077739117,HSPA1A
D5_median_center_sensitivity,COMPLEMENT,-1.67308454172842,0.0151687077739117,CD59
D5_median_center_sensitivity,DNA_REPAIR,-0.855633821337279,0.798770665536244,DAD1
D5_median_center_sensitivity,DNA_REPAIR,-0.855633821337279,0.798770665536244,DDB1
D5_median_center_sensitivity,DNA_REPAIR,-0.855633821337279,0.798770665536244,CDA
D5_median_center_sensitivity,DNA_REPAIR,-0.855633821337279,0.798770665536244,BCAP31
D5_median_center_sensitivity,DNA_REPAIR,-0.855633821337279,0.798770665536244,NME1
D5_median_center_sensitivity,DNA_REPAIR,-0.855633821337279,0.798770665536244,PNP
D5_median_center_sensitivity,E2F_TARGETS,-1.25872629696979,0.263079222720478,TUBB
D5_median_center_sensitivity,E2F_TARGETS,-1.25872629696979,0.263079222720478,XPO1
D5_median_center_sensitivity,E2F_TARGETS,-1.25872629696979,0.263079222720478,NME1
D5_median_center_sensitivity,E2F_TARGETS,-1.25872629696979,0.263079222720478,PAICS
D5_median_center_sensitivity,E2F_TARGETS,-1.25872629696979,0.263079222720478,SYNCRIP
D5_median_center_sensitivity,E2F_TARGETS,-1.25872629696979,0.263079222720478,DEK
D5_median_center_sensitivity,E2F_TARGETS,-1.25872629696979,0.263079222720478,NOP56
D5_median_center_sensitivity,E2F_TARGETS,-1.25872629696979,0.263079222720478,NAP1L1
D5_median_center_sensitivity,E2F_TARGETS,-1.25872629696979,0.263079222720478,IPO7
D5_median_center_sensitivity,E2F_TARGETS,-1.25872629696979,0.263079222720478,SNRPB
D5_median_center_sensitivity,E2F_TARGETS,-1.25872629696979,0.263079222720478,PRDX4
D5_median_center_sensitivity,E2F_TARGETS,-1.25872629696979,0.263079222720478,ZW10
D5_median_center_sensitivity,E2F_TARGETS,-1.25872629696979,0.263079222720478,AK2
D5_median_center_sensitivity,EPITHELIAL_MESENCHYMAL_TRANSITION,2.34728788948508,2.66971037776971e-07,COLGALT1
D5_median_center_sensitivity,EPITHELIAL_MESENCHYMAL_TRANSITION,2.34728788948508,2.66971037776971e-07,COL6A3
D5_median_center_sensitivity,EPITHELIAL_MESENCHYMAL_TRANSITION,2.34728788948508,2.66971037776971e-07,COL6A2
D5_median_center_sensitivity,EPITHELIAL_MESENCHYMAL_TRANSITION,2.34728788948508,2.66971037776971e-07,POSTN
D5_median_center_sensitivity,EPITHELIAL_MESENCHYMAL_TRANSITION,2.34728788948508,2.66971037776971e-07,TNC
D5_median_center_sensitivity,EPITHELIAL_MESENCHYMAL_TRANSITION,2.34728788948508,2.66971037776971e-07,ABI3BP
D5_median_center_sensitivity,EPITHELIAL_MESENCHYMAL_TRANSITION,2.34728788948508,2.66971037776971e-07,LOX
D5_median_center_sensitivity,EPITHELIAL_MESENCHYMAL_TRANSITION,2.34728788948508,2.66971037776971e-07,IGFBP2
D5_median_center_sensitivity,EPITHELIAL_MESENCHYMAL_TRANSITION,2.34728788948508,2.66971037776971e-07,COL12A1
D5_median_center_sensitivity,EPITHELIAL_MESENCHYMAL_TRANSITION,2.34728788948508,2.66971037776971e-07,VCAN
D5_median_center_sensitivity,EPITHELIAL_MESENCHYMAL_TRANSITION,2.34728788948508,2.66971037776971e-07,MATN2
D5_median_center_sensitivity,EPITHELIAL_MESENCHYMAL_TRANSITION,2.34728788948508,2.66971037776971e-07,ELN
D5_median_center_sensitivity,EPITHELIAL_MESENCHYMAL_TRANSITION,2.34728788948508,2.66971037776971e-07,VEGFC
D5_median_center_sensitivity,EPITHELIAL_MESENCHYMAL_TRANSITION,2.34728788948508,2.66971037776971e-07,COL1A1
D5_median_center_sensitivity,EPITHELIAL_MESENCHYMAL_TRANSITION,2.34728788948508,2.66971037776971e-07,FBN1
D5_median_center_sensitivity,EPITHELIAL_MESENCHYMAL_TRANSITION,2.34728788948508,2.66971037776971e-07,HTRA1
D5_median_center_sensitivity,EPITHELIAL_MESENCHYMAL_TRANSITION,2.34728788948508,2.66971037776971e-07,IGFBP4
D5_median_center_sensitivity,EPITHELIAL_MESENCHYMAL_TRANSITION,2.34728788948508,2.66971037776971e-07,CXCL12
D5_median_center_sensitivity,EPITHELIAL_MESENCHYMAL_TRANSITION,2.34728788948508,2.66971037776971e-07,TNFRSF11B
D5_median_center_sensitivity,EPITHELIAL_MESENCHYMAL_TRANSITION,2.34728788948508,2.66971037776971e-07,COL1A2
D5_median_center_sensitivity,EPITHELIAL_MESENCHYMAL_TRANSITION,2.34728788948508,2.66971037776971e-07,COL4A2
D5_median_center_sensitivity,EPITHELIAL_MESENCHYMAL_TRANSITION,2.34728788948508,2.66971037776971e-07,COL3A1
D5_median_center_sensitivity,EPITHELIAL_MESENCHYMAL_TRANSITION,2.34728788948508,2.66971037776971e-07,LAMC2
D5_median_center_sensitivity,EPITHELIAL_MESENCHYMAL_TRANSITION,2.34728788948508,2.66971037776971e-07,LRP1
D5_median_center_sensitivity,EPITHELIAL_MESENCHYMAL_TRANSITION,2.34728788948508,2.66971037776971e-07,CTHRC1
D5_median_center_sensitivity,EPITHELIAL_MESENCHYMAL_TRANSITION,2.34728788948508,2.66971037776971e-07,COL4A1
D5_median_center_sensitivity,EPITHELIAL_MESENCHYMAL_TRANSITION,2.34728788948508,2.66971037776971e-07,PCOLCE2
D5_median_center_sensitivity,EPITHELIAL_MESENCHYMAL_TRANSITION,2.34728788948508,2.66971037776971e-07,PLOD1
D5_median_center_sensitivity,EPITHELIAL_MESENCHYMAL_TRANSITION,2.34728788948508,2.66971037776971e-07,THBS2
D5_median_center_sensitivity,EPITHELIAL_MESENCHYMAL_TRANSITION,2.34728788948508,2.66971037776971e-07,LAMC1
D5_median_center_sensitivity,EPITHELIAL_MESENCHYMAL_TRANSITION,2.34728788948508,2.66971037776971e-07,MMP1
D5_median_center_sensitivity,EPITHELIAL_MESENCHYMAL_TRANSITION,2.34728788948508,2.66971037776971e-07,VCAM1
D5_median_center_sensitivity,EPITHELIAL_MESENCHYMAL_TRANSITION,2.34728788948508,2.66971037776971e-07,MGP
D5_median_center_sensitivity,EPITHELIAL_MESENCHYMAL_TRANSITION,2.34728788948508,2.66971037776971e-07,WIPF1
D5_median_center_sensitivity,EPITHELIAL_MESENCHYMAL_TRANSITION,2.34728788948508,2.66971037776971e-07,COMP
D5_median_center_sensitivity,EPITHELIAL_MESENCHYMAL_TRANSITION,2.34728788948508,2.66971037776971e-07,FBLN1
D5_median_center_sensitivity,EPITHELIAL_MESENCHYMAL_TRANSITION,2.34728788948508,2.66971037776971e-07,LGALS1
D5_median_center_sensitivity,EPITHELIAL_MESENCHYMAL_TRANSITION,2.34728788948508,2.66971037776971e-07,MMP2
D5_median_center_sensitivity,EPITHELIAL_MESENCHYMAL_TRANSITION,2.34728788948508,2.66971037776971e-07,CCN1
D5_median_center_sensitivity,ESTROGEN_RESPONSE_EARLY,1.6201750035555,0.0557082640486579,THSD4
D5_median_center_sensitivity,ESTROGEN_RESPONSE_EARLY,1.6201750035555,0.0557082640486579,CCN5
D5_median_center_sensitivity,ESTROGEN_RESPONSE_EARLY,1.6201750035555,0.0557082640486579,B4GALT1
D5_median_center_sensitivity,ESTROGEN_RESPONSE_EARLY,1.6201750035555,0.0557082640486579,SEMA3B
D5_median_center_sensitivity,ESTROGEN_RESPONSE_EARLY,1.6201750035555,0.0557082640486579,OLFM1
D5_median_center_sensitivity,ESTROGEN_RESPONSE_EARLY,1.6201750035555,0.0557082640486579,INHBB
D5_median_center_sensitivity,ESTROGEN_RESPONSE_EARLY,1.6201750035555,0.0557082640486579,STC2
D5_median_center_sensitivity,ESTROGEN_RESPONSE_EARLY,1.6201750035555,0.0557082640486579,IGFBP4
D5_median_center_sensitivity,ESTROGEN_RESPONSE_EARLY,1.6201750035555,0.0557082640486579,CXCL12
D5_median_center_sensitivity,ESTROGEN_RESPONSE_EARLY,1.6201750035555,0.0557082640486579,SNX24
D5_median_center_sensitivity,ESTROGEN_RESPONSE_EARLY,1.6201750035555,0.0557082640486579,DYNLT3
D5_median_center_sensitivity,ESTROGEN_RESPONSE_EARLY,1.6201750035555,0.0557082640486579,TSKU
D5_median_center_sensitivity,ESTROGEN_RESPONSE_LATE,1.37042302997896,0.178922231233667,LSR
D5_median_center_sensitivity,ESTROGEN_RESPONSE_LATE,1.37042302997896,0.178922231233667,CCN5
D5_median_center_sensitivity,ESTROGEN_RESPONSE_LATE,1.37042302997896,0.178922231233667,SEMA3B
D5_median_center_sensitivity,ESTROGEN_RESPONSE_LATE,1.37042302997896,0.178922231233667,OLFM1
D5_median_center_sensitivity,ESTROGEN_RESPONSE_LATE,1.37042302997896,0.178922231233667,IGFBP4
D5_median_center_sensitivity,ESTROGEN_RESPONSE_LATE,1.37042302997896,0.178922231233667,CXCL12
D5_median_center_sensitivity,ESTROGEN_RESPONSE_LATE,1.37042302997896,0.178922231233667,PTPN6
D5_median_center_sensitivity,ESTROGEN_RESPONSE_LATE,1.37042302997896,0.178922231233667,LAMC2
D5_median_center_sensitivity,ESTROGEN_RESPONSE_LATE,1.37042302997896,0.178922231233667,DYNLT3
D5_median_center_sensitivity,FATTY_ACID_METABOLISM,-1.34208895582603,0.171179582944289,GLUL
D5_median_center_sensitivity,FATTY_ACID_METABOLISM,-1.34208895582603,0.171179582944289,MDH1
D5_median_center_sensitivity,FATTY_ACID_METABOLISM,-1.34208895582603,0.171179582944289,ERP29
D5_median_center_sensitivity,FATTY_ACID_METABOLISM,-1.34208895582603,0.171179582944289,CD36
D5_median_center_sensitivity,FATTY_ACID_METABOLISM,-1.34208895582603,0.171179582944289,ACSL4
D5_median_center_sensitivity,FATTY_ACID_METABOLISM,-1.34208895582603,0.171179582944289,ACOX1
D5_median_center_sensitivity,FATTY_ACID_METABOLISM,-1.34208895582603,0.171179582944289,RDH11
D5_median_center_sensitivity,FATTY_ACID_METABOLISM,-1.34208895582603,0.171179582944289,SDHD
D5_median_center_sensitivity,FATTY_ACID_METABOLISM,-1.34208895582603,0.171179582944289,PRDX6
D5_median_center_sensitivity,FATTY_ACID_METABOLISM,-1.34208895582603,0.171179582944289,CPT1A
D5_median_center_sensitivity,FATTY_ACID_METABOLISM,-1.34208895582603,0.171179582944289,BLVRA
D5_median_center_sensitivity,FATTY_ACID_METABOLISM,-1.34208895582603,0.171179582944289,IDH3G
D5_median_center_sensitivity,FATTY_ACID_METABOLISM,-1.34208895582603,0.171179582944289,YWHAH
D5_median_center_sensitivity,FATTY_ACID_METABOLISM,-1.34208895582603,0.171179582944289,ACSL5
D5_median_center_sensitivity,FATTY_ACID_METABOLISM,-1.34208895582603,0.171179582944289,FASN
D5_median_center_sensitivity,FATTY_ACID_METABOLISM,-1.34208895582603,0.171179582944289,HSP90AA1
D5_median_center_sensitivity,FATTY_ACID_METABOLISM,-1.34208895582603,0.171179582944289,PSME1
D5_median_center_sensitivity,FATTY_ACID_METABOLISM,-1.34208895582603,0.171179582944289,ACAT2
D5_median_center_sensitivity,FATTY_ACID_METABOLISM,-1.34208895582603,0.171179582944289,HSD17B4
D5_median_center_sensitivity,FATTY_ACID_METABOLISM,-1.34208895582603,0.171179582944289,HSPH1
D5_median_center_sensitivity,FATTY_ACID_METABOLISM,-1.34208895582603,0.171179582944289,ALDOA
D5_median_center_sensitivity,FATTY_ACID_METABOLISM,-1.34208895582603,0.171179582944289,CA6
D5_median_center_sensitivity,FATTY_ACID_METABOLISM,-1.34208895582603,0.171179582944289,OSTC
D5_median_center_sensitivity,FATTY_ACID_METABOLISM,-1.34208895582603,0.171179582944289,UROD
D5_median_center_sensitivity,FATTY_ACID_METABOLISM,-1.34208895582603,0.171179582944289,MGLL
D5_median_center_sensitivity,G2M_CHECKPOINT,-0.914419847068718,0.712401499730068,SNRPD1
D5_median_center_sensitivity,G2M_CHECKPOINT,-0.914419847068718,0.712401499730068,XPO1
D5_median_center_sensitivity,G2M_CHECKPOINT,-0.914419847068718,0.712401499730068,CUL3
D5_median_center_sensitivity,G2M_CHECKPOINT,-0.914419847068718,0.712401499730068,KIF5B
D5_median_center_sensitivity,G2M_CHECKPOINT,-0.914419847068718,0.712401499730068,SLC7A5
D5_median_center_sensitivity,G2M_CHECKPOINT,-0.914419847068718,0.712401499730068,SYNCRIP
D5_median_center_sensitivity,G2M_CHECKPOINT,-0.914419847068718,0.712401499730068,PAFAH1B1
D5_median_center_sensitivity,G2M_CHECKPOINT,-0.914419847068718,0.712401499730068,KPNB1
D5_median_center_sensitivity,G2M_CHECKPOINT,-0.914419847068718,0.712401499730068,NUMA1
D5_median_center_sensitivity,G2M_CHECKPOINT,-0.914419847068718,0.712401499730068,HNRNPU
D5_median_center_sensitivity,G2M_CHECKPOINT,-0.914419847068718,0.712401499730068,DKC1
D5_median_center_sensitivity,G2M_CHECKPOINT,-0.914419847068718,0.712401499730068,HSPA8
D5_median_center_sensitivity,GLYCOLYSIS,0.966855202666121,0.629358678730701,AGRN
D5_median_center_sensitivity,GLYCOLYSIS,0.966855202666121,0.629358678730701,VCAN
D5_median_center_sensitivity,GLYCOLYSIS,0.966855202666121,0.629358678730701,B4GALT1
D5_median_center_sensitivity,GLYCOLYSIS,0.966855202666121,0.629358678730701,STC2
D5_median_center_sensitivity,GLYCOLYSIS,0.966855202666121,0.629358678730701,ANGPTL4
D5_median_center_sensitivity,GLYCOLYSIS,0.966855202666121,0.629358678730701,ENO1
D5_median_center_sensitivity,GLYCOLYSIS,0.966855202666121,0.629358678730701,FUT8
D5_median_center_sensitivity,GLYCOLYSIS,0.966855202666121,0.629358678730701,P4HA1
D5_median_center_sensitivity,GLYCOLYSIS,0.966855202666121,0.629358678730701,PLOD1
D5_median_center_sensitivity,GLYCOLYSIS,0.966855202666121,0.629358678730701,XYLT2
D5_median_center_sensitivity,GLYCOLYSIS,0.966855202666121,0.629358678730701,IRS2
D5_median_center_sensitivity,GLYCOLYSIS,0.966855202666121,0.629358678730701,PKM
D5_median_center_sensitivity,GLYCOLYSIS,0.966855202666121,0.629358678730701,EXT1
D5_median_center_sensitivity,HEME_METABOLISM,-1.51661832757581,0.0683396974078861,RIOK3
D5_median_center_sensitivity,HEME_METABOLISM,-1.51661832757581,0.0683396974078861,USP15
D5_median_center_sensitivity,HEME_METABOLISM,-1.51661832757581,0.0683396974078861,CLCN3
D5_median_center_sensitivity,HEME_METABOLISM,-1.51661832757581,0.0683396974078861,ENDOD1
D5_median_center_sensitivity,HEME_METABOLISM,-1.51661832757581,0.0683396974078861,LPIN2
D5_median_center_sensitivity,HEME_METABOLISM,-1.51661832757581,0.0683396974078861,GCLC
D5_median_center_sensitivity,HEME_METABOLISM,-1.51661832757581,0.0683396974078861,BLVRA
D5_median_center_sensitivity,HEME_METABOLISM,-1.51661832757581,0.0683396974078861,BPGM
D5_median_center_sensitivity,HEME_METABOLISM,-1.51661832757581,0.0683396974078861,DAAM1
D5_median_center_sensitivity,HEME_METABOLISM,-1.51661832757581,0.0683396974078861,XPO7
D5_median_center_sensitivity,HEME_METABOLISM,-1.51661832757581,0.0683396974078861,AHSP
D5_median_center_sensitivity,HEME_METABOLISM,-1.51661832757581,0.0683396974078861,ABCB6
D5_median_center_sensitivity,HEME_METABOLISM,-1.51661832757581,0.0683396974078861,MBOAT2
D5_median_center_sensitivity,HEME_METABOLISM,-1.51661832757581,0.0683396974078861,FN3K
D5_median_center_sensitivity,HEME_METABOLISM,-1.51661832757581,0.0683396974078861,RNF123
D5_median_center_sensitivity,HEME_METABOLISM,-1.51661832757581,0.0683396974078861,H1-0
D5_median_center_sensitivity,HEME_METABOLISM,-1.51661832757581,0.0683396974078861,SELENBP1
D5_median_center_sensitivity,HEME_METABOLISM,-1.51661832757581,0.0683396974078861,C3
D5_median_center_sensitivity,HEME_METABOLISM,-1.51661832757581,0.0683396974078861,PICALM
D5_median_center_sensitivity,HEME_METABOLISM,-1.51661832757581,0.0683396974078861,UROD
D5_median_center_sensitivity,HEME_METABOLISM,-1.51661832757581,0.0683396974078861,PSMD9
D5_median_center_sensitivity,HEME_METABOLISM,-1.51661832757581,0.0683396974078861,CAST
D5_median_center_sensitivity,HEME_METABOLISM,-1.51661832757581,0.0683396974078861,RBM38
D5_median_center_sensitivity,HEME_METABOLISM,-1.51661832757581,0.0683396974078861,TMEM9B
D5_median_center_sensitivity,HEME_METABOLISM,-1.51661832757581,0.0683396974078861,ALAD
D5_median_center_sensitivity,HEME_METABOLISM,-1.51661832757581,0.0683396974078861,HBD
D5_median_center_sensitivity,HEME_METABOLISM,-1.51661832757581,0.0683396974078861,GCLM
D5_median_center_sensitivity,HEME_METABOLISM,-1.51661832757581,0.0683396974078861,KEL
D5_median_center_sensitivity,HEME_METABOLISM,-1.51661832757581,0.0683396974078861,SLC30A1
D5_median_center_sensitivity,HEME_METABOLISM,-1.51661832757581,0.0683396974078861,ICAM4
D5_median_center_sensitivity,HEME_METABOLISM,-1.51661832757581,0.0683396974078861,BSG
D5_median_center_sensitivity,HEME_METABOLISM,-1.51661832757581,0.0683396974078861,SLC4A1
D5_median_center_sensitivity,HEME_METABOLISM,-1.51661832757581,0.0683396974078861,NEK7
D5_median_center_sensitivity,HEME_METABOLISM,-1.51661832757581,0.0683396974078861,ABCG2
D5_median_center_sensitivity,HEME_METABOLISM,-1.51661832757581,0.0683396974078861,EPB41
D5_median_center_sensitivity,HEME_METABOLISM,-1.51661832757581,0.0683396974078861,TOP1
D5_median_center_sensitivity,HEME_METABOLISM,-1.51661832757581,0.0683396974078861,SLC2A1
D5_median_center_sensitivity,HEME_METABOLISM,-1.51661832757581,0.0683396974078861,DMTN
D5_median_center_sensitivity,HEME_METABOLISM,-1.51661832757581,0.0683396974078861,ADD1
D5_median_center_sensitivity,HEME_METABOLISM,-1.51661832757581,0.0683396974078861,DCAF11
D5_median_center_sensitivity,HEME_METABOLISM,-1.51661832757581,0.0683396974078861,SPTA1
D5_median_center_sensitivity,HEME_METABOLISM,-1.51661832757581,0.0683396974078861,ERMAP
D5_median_center_sensitivity,HEME_METABOLISM,-1.51661832757581,0.0683396974078861,EPB42
D5_median_center_sensitivity,HEME_METABOLISM,-1.51661832757581,0.0683396974078861,ADD2
D5_median_center_sensitivity,HEME_METABOLISM,-1.51661832757581,0.0683396974078861,ANK1
D5_median_center_sensitivity,HEME_METABOLISM,-1.51661832757581,0.0683396974078861,SPTB
D5_median_center_sensitivity,HEME_METABOLISM,-1.51661832757581,0.0683396974078861,MPP1
D5_median_center_sensitivity,HYPOXIA,1.33316039045161,0.178922231233667,CCN5
D5_median_center_sensitivity,HYPOXIA,1.33316039045161,0.178922231233667,LOX
D5_median_center_sensitivity,HYPOXIA,1.33316039045161,0.178922231233667,STC2
D5_median_center_sensitivity,HYPOXIA,1.33316039045161,0.178922231233667,HMOX1
D5_median_center_sensitivity,HYPOXIA,1.33316039045161,0.178922231233667,ANGPTL4
D5_median_center_sensitivity,HYPOXIA,1.33316039045161,0.178922231233667,CSRP2
D5_median_center_sensitivity,HYPOXIA,1.33316039045161,0.178922231233667,ENO1
D5_median_center_sensitivity,HYPOXIA,1.33316039045161,0.178922231233667,P4HA1
D5_median_center_sensitivity,HYPOXIA,1.33316039045161,0.178922231233667,JMJD6
D5_median_center_sensitivity,HYPOXIA,1.33316039045161,0.178922231233667,MT2A
D5_median_center_sensitivity,HYPOXIA,1.33316039045161,0.178922231233667,PDK1
D5_median_center_sensitivity,HYPOXIA,1.33316039045161,0.178922231233667,IRS2
D5_median_center_sensitivity,HYPOXIA,1.33316039045161,0.178922231233667,EXT1
D5_median_center_sensitivity,HYPOXIA,1.33316039045161,0.178922231233667,CCN1
D5_median_center_sensitivity,HYPOXIA,1.33316039045161,0.178922231233667,NEDD4L
D5_median_center_sensitivity,HYPOXIA,1.33316039045161,0.178922231233667,GALK1
D5_median_center_sensitivity,HYPOXIA,1.33316039045161,0.178922231233667,SLC6A6
D5_median_center_sensitivity,HYPOXIA,1.33316039045161,0.178922231233667,B3GALT6
D5_median_center_sensitivity,HYPOXIA,1.33316039045161,0.178922231233667,TPST2
D5_median_center_sensitivity,HYPOXIA,1.33316039045161,0.178922231233667,PFKP
D5_median_center_sensitivity,HYPOXIA,1.33316039045161,0.178922231233667,TES
D5_median_center_sensitivity,HYPOXIA,1.33316039045161,0.178922231233667,CDKN1A
D5_median_center_sensitivity,HYPOXIA,1.33316039045161,0.178922231233667,GAPDH
D5_median_center_sensitivity,HYPOXIA,1.33316039045161,0.178922231233667,SLC37A4
D5_median_center_sensitivity,HYPOXIA,1.33316039045161,0.178922231233667,EFNA1
D5_median_center_sensitivity,HYPOXIA,1.33316039045161,0.178922231233667,CAVIN1
D5_median_center_sensitivity,HYPOXIA,1.33316039045161,0.178922231233667,GRHPR
D5_median_center_sensitivity,HYPOXIA,1.33316039045161,0.178922231233667,PGM2
D5_median_center_sensitivity,HYPOXIA,1.33316039045161,0.178922231233667,ILVBL
D5_median_center_sensitivity,HYPOXIA,1.33316039045161,0.178922231233667,DCN
D5_median_center_sensitivity,HYPOXIA,1.33316039045161,0.178922231233667,MIF
D5_median_center_sensitivity,HYPOXIA,1.33316039045161,0.178922231233667,PKLR
D5_median_center_sensitivity,HYPOXIA,1.33316039045161,0.178922231233667,CASP6
D5_median_center_sensitivity,IL2_STAT5_SIGNALING,1.547615743365,0.0697431506546692,COL6A1
D5_median_center_sensitivity,IL2_STAT5_SIGNALING,1.547615743365,0.0697431506546692,CXCL10
D5_median_center_sensitivity,IL2_STAT5_SIGNALING,1.547615743365,0.0697431506546692,AHNAK
D5_median_center_sensitivity,IL2_STAT5_SIGNALING,1.547615743365,0.0697431506546692,BMP2
D5_median_center_sensitivity,IL2_STAT5_SIGNALING,1.547615743365,0.0697431506546692,FURIN
D5_median_center_sensitivity,IL2_STAT5_SIGNALING,1.547615743365,0.0697431506546692,PRNP
D5_median_center_sensitivity,IL2_STAT5_SIGNALING,1.547615743365,0.0697431506546692,FGL2
D5_median_center_sensitivity,IL2_STAT5_SIGNALING,1.547615743365,0.0697431506546692,CCND3
D5_median_center_sensitivity,IL2_STAT5_SIGNALING,1.547615743365,0.0697431506546692,NRP1
D5_median_center_sensitivity,IL2_STAT5_SIGNALING,1.547615743365,0.0697431506546692,TNFSF10
D5_median_center_sensitivity,IL2_STAT5_SIGNALING,1.547615743365,0.0697431506546692,MYO1E
D5_median_center_sensitivity,IL2_STAT5_SIGNALING,1.547615743365,0.0697431506546692,P4HA1
D5_median_center_sensitivity,IL6_JAK_STAT3_SIGNALING,-0.966016486285156,0.629358678730701,STAT3
D5_median_center_sensitivity,IL6_JAK_STAT3_SIGNALING,-0.966016486285156,0.629358678730701,CD36
D5_median_center_sensitivity,IL6_JAK_STAT3_SIGNALING,-0.966016486285156,0.629358678730701,ITGA4
D5_median_center_sensitivity,IL6_JAK_STAT3_SIGNALING,-0.966016486285156,0.629358678730701,CD9
D5_median_center_sensitivity,IL6_JAK_STAT3_SIGNALING,-0.966016486285156,0.629358678730701,ITGB3
D5_median_center_sensitivity,IL6_JAK_STAT3_SIGNALING,-0.966016486285156,0.629358678730701,CD44
D5_median_center_sensitivity,INFLAMMATORY_RESPONSE,1.12268500944044,0.438688328174699,MSR1
D5_median_center_sensitivity,INFLAMMATORY_RESPONSE,1.12268500944044,0.438688328174699,STAB1
D5_median_center_sensitivity,INFLAMMATORY_RESPONSE,1.12268500944044,0.438688328174699,CCL24
D5_median_center_sensitivity,INFLAMMATORY_RESPONSE,1.12268500944044,0.438688328174699,CXCL10
D5_median_center_sensitivity,INFLAMMATORY_RESPONSE,1.12268500944044,0.438688328174699,EBI3
D5_median_center_sensitivity,INFLAMMATORY_RESPONSE,1.12268500944044,0.438688328174699,TNFAIP6
D5_median_center_sensitivity,INFLAMMATORY_RESPONSE,1.12268500944044,0.438688328174699,TNFSF10
D5_median_center_sensitivity,INFLAMMATORY_RESPONSE,1.12268500944044,0.438688328174699,SELENOS
D5_median_center_sensitivity,INFLAMMATORY_RESPONSE,1.12268500944044,0.438688328174699,ICAM1
D5_median_center_sensitivity,INFLAMMATORY_RESPONSE,1.12268500944044,0.438688328174699,SELE
D5_median_center_sensitivity,INFLAMMATORY_RESPONSE,1.12268500944044,0.438688328174699,PROK2
D5_median_center_sensitivity,INFLAMMATORY_RESPONSE,1.12268500944044,0.438688328174699,SCARF1
D5_median_center_sensitivity,INFLAMMATORY_RESPONSE,1.12268500944044,0.438688328174699,MMP14
D5_median_center_sensitivity,INTERFERON_ALPHA_RESPONSE,0.889275109272516,0.712401499730068,CXCL10
D5_median_center_sensitivity,INTERFERON_ALPHA_RESPONSE,0.889275109272516,0.712401499730068,LGALS3BP
D5_median_center_sensitivity,INTERFERON_ALPHA_RESPONSE,0.889275109272516,0.712401499730068,WARS1
D5_median_center_sensitivity,INTERFERON_ALPHA_RESPONSE,0.889275109272516,0.712401499730068,STAT2
D5_median_center_sensitivity,INTERFERON_ALPHA_RESPONSE,0.889275109272516,0.712401499730068,NCOA7
D5_median_center_sensitivity,INTERFERON_ALPHA_RESPONSE,0.889275109272516,0.712401499730068,TDRD7
D5_median_center_sensitivity,INTERFERON_ALPHA_RESPONSE,0.889275109272516,0.712401499730068,IFI35
D5_median_center_sensitivity,INTERFERON_ALPHA_RESPONSE,0.889275109272516,0.712401499730068,SELL
D5_median_center_sensitivity,INTERFERON_GAMMA_RESPONSE,1.05181378262931,0.497156629116118,CXCL10
D5_median_center_sensitivity,INTERFERON_GAMMA_RESPONSE,1.05181378262931,0.497156629116118,TNFAIP6
D5_median_center_sensitivity,INTERFERON_GAMMA_RESPONSE,1.05181378262931,0.497156629116118,FGL2
D5_median_center_sensitivity,INTERFERON_GAMMA_RESPONSE,1.05181378262931,0.497156629116118,C1R
D5_median_center_sensitivity,INTERFERON_GAMMA_RESPONSE,1.05181378262931,0.497156629116118,PTPN6
D5_median_center_sensitivity,INTERFERON_GAMMA_RESPONSE,1.05181378262931,0.497156629116118,LGALS3BP
D5_median_center_sensitivity,INTERFERON_GAMMA_RESPONSE,1.05181378262931,0.497156629116118,RNF213
D5_median_center_sensitivity,INTERFERON_GAMMA_RESPONSE,1.05181378262931,0.497156629116118,TNFSF10
D5_median_center_sensitivity,INTERFERON_GAMMA_RESPONSE,1.05181378262931,0.497156629116118,WARS1
D5_median_center_sensitivity,INTERFERON_GAMMA_RESPONSE,1.05181378262931,0.497156629116118,MT2A
D5_median_center_sensitivity,INTERFERON_GAMMA_RESPONSE,1.05181378262931,0.497156629116118,STAT2
D5_median_center_sensitivity,INTERFERON_GAMMA_RESPONSE,1.05181378262931,0.497156629116118,VCAM1
D5_median_center_sensitivity,INTERFERON_GAMMA_RESPONSE,1.05181378262931,0.497156629116118,OAS2
D5_median_center_sensitivity,INTERFERON_GAMMA_RESPONSE,1.05181378262931,0.497156629116118,ICAM1
D5_median_center_sensitivity,INTERFERON_GAMMA_RESPONSE,1.05181378262931,0.497156629116118,TDRD7
D5_median_center_sensitivity,KRAS_SIGNALING_DN,1.32592107236231,0.278718531083192,LFNG
D5_median_center_sensitivity,KRAS_SIGNALING_DN,1.32592107236231,0.278718531083192,IGFBP2
D5_median_center_sensitivity,KRAS_SIGNALING_DN,1.32592107236231,0.278718531083192,SELENOP
D5_median_center_sensitivity,KRAS_SIGNALING_DN,1.32592107236231,0.278718531083192,GTF3C5
D5_median_center_sensitivity,KRAS_SIGNALING_DN,1.32592107236231,0.278718531083192,VPS50
D5_median_center_sensitivity,KRAS_SIGNALING_DN,1.32592107236231,0.278718531083192,MTHFR
D5_median_center_sensitivity,KRAS_SIGNALING_UP,1.65992225837436,0.0444557328881774,PLAT
D5_median_center_sensitivity,KRAS_SIGNALING_UP,1.65992225837436,0.0444557328881774,CXCL10
D5_median_center_sensitivity,KRAS_SIGNALING_UP,1.65992225837436,0.0444557328881774,ADAMDEC1
D5_median_center_sensitivity,KRAS_SIGNALING_UP,1.65992225837436,0.0444557328881774,SEMA3B
D5_median_center_sensitivity,KRAS_SIGNALING_UP,1.65992225837436,0.0444557328881774,SPON1
D5_median_center_sensitivity,KRAS_SIGNALING_UP,1.65992225837436,0.0444557328881774,BMP2
D5_median_center_sensitivity,KRAS_SIGNALING_UP,1.65992225837436,0.0444557328881774,ANGPTL4
D5_median_center_sensitivity,KRAS_SIGNALING_UP,1.65992225837436,0.0444557328881774,APOD
D5_median_center_sensitivity,KRAS_SIGNALING_UP,1.65992225837436,0.0444557328881774,ST6GAL1
D5_median_center_sensitivity,KRAS_SIGNALING_UP,1.65992225837436,0.0444557328881774,NRP1
D5_median_center_sensitivity,KRAS_SIGNALING_UP,1.65992225837436,0.0444557328881774,SLPI
D5_median_center_sensitivity,KRAS_SIGNALING_UP,1.65992225837436,0.0444557328881774,SPARCL1
D5_median_center_sensitivity,KRAS_SIGNALING_UP,1.65992225837436,0.0444557328881774,WDR33
D5_median_center_sensitivity,KRAS_SIGNALING_UP,1.65992225837436,0.0444557328881774,RABGAP1L
D5_median_center_sensitivity,MITOTIC_SPINDLE,-0.854969730048933,0.807929174302455,MYO9B
D5_median_center_sensitivity,MITOTIC_SPINDLE,-0.854969730048933,0.807929174302455,TUBA4A
D5_median_center_sensitivity,MITOTIC_SPINDLE,-0.854969730048933,0.807929174302455,FLNA
D5_median_center_sensitivity,MITOTIC_SPINDLE,-0.854969730048933,0.807929174302455,ACTN4
D5_median_center_sensitivity,MITOTIC_SPINDLE,-0.854969730048933,0.807929174302455,MYH9
D5_median_center_sensitivity,MITOTIC_SPINDLE,-0.854969730048933,0.807929174302455,KLC1
D5_median_center_sensitivity,MITOTIC_SPINDLE,-0.854969730048933,0.807929174302455,KIF5B
D5_median_center_sensitivity,MITOTIC_SPINDLE,-0.854969730048933,0.807929174302455,CKAP5
D5_median_center_sensitivity,MITOTIC_SPINDLE,-0.854969730048933,0.807929174302455,CAPZB
D5_median_center_sensitivity,MITOTIC_SPINDLE,-0.854969730048933,0.807929174302455,VCL
D5_median_center_sensitivity,MITOTIC_SPINDLE,-0.854969730048933,0.807929174302455,ROCK1
D5_median_center_sensitivity,MITOTIC_SPINDLE,-0.854969730048933,0.807929174302455,NCK2
D5_median_center_sensitivity,MITOTIC_SPINDLE,-0.854969730048933,0.807929174302455,TLK1
D5_median_center_sensitivity,MITOTIC_SPINDLE,-0.854969730048933,0.807929174302455,PAFAH1B1
D5_median_center_sensitivity,MITOTIC_SPINDLE,-0.854969730048933,0.807929174302455,YWHAE
D5_median_center_sensitivity,MITOTIC_SPINDLE,-0.854969730048933,0.807929174302455,RHOT2
D5_median_center_sensitivity,MITOTIC_SPINDLE,-0.854969730048933,0.807929174302455,CLIP1
D5_median_center_sensitivity,MITOTIC_SPINDLE,-0.854969730048933,0.807929174302455,NUMA1
D5_median_center_sensitivity,MITOTIC_SPINDLE,-0.854969730048933,0.807929174302455,RALBP1
D5_median_center_sensitivity,MITOTIC_SPINDLE,-0.854969730048933,0.807929174302455,CTTN
D5_median_center_sensitivity,MITOTIC_SPINDLE,-0.854969730048933,0.807929174302455,CYTH2
D5_median_center_sensitivity,MITOTIC_SPINDLE,-0.854969730048933,0.807929174302455,HOOK3
D5_median_center_sensitivity,MITOTIC_SPINDLE,-0.854969730048933,0.807929174302455,MAP1S
D5_median_center_sensitivity,MITOTIC_SPINDLE,-0.854969730048933,0.807929174302455,ARHGEF2
D5_median_center_sensitivity,MITOTIC_SPINDLE,-0.854969730048933,0.807929174302455,RHOF
D5_median_center_sensitivity,MITOTIC_SPINDLE,-0.854969730048933,0.807929174302455,ARFGEF1
D5_median_center_sensitivity,MITOTIC_SPINDLE,-0.854969730048933,0.807929174302455,CSNK1D
D5_median_center_sensitivity,MITOTIC_SPINDLE,-0.854969730048933,0.807929174302455,LLGL1
D5_median_center_sensitivity,MTORC1_SIGNALING,-1.59041991774325,0.0252518721141853,CTSC
D5_median_center_sensitivity,MTORC1_SIGNALING,-1.59041991774325,0.0252518721141853,GSR
D5_median_center_sensitivity,MTORC1_SIGNALING,-1.59041991774325,0.0252518721141853,IMMT
D5_median_center_sensitivity,MTORC1_SIGNALING,-1.59041991774325,0.0252518721141853,CALR
D5_median_center_sensitivity,MTORC1_SIGNALING,-1.59041991774325,0.0252518721141853,SSR1
D5_median_center_sensitivity,MTORC1_SIGNALING,-1.59041991774325,0.0252518721141853,RPN1
D5_median_center_sensitivity,MTORC1_SIGNALING,-1.59041991774325,0.0252518721141853,CD9
D5_median_center_sensitivity,MTORC1_SIGNALING,-1.59041991774325,0.0252518721141853,TUBA4A
D5_median_center_sensitivity,MTORC1_SIGNALING,-1.59041991774325,0.0252518721141853,RDH11
D5_median_center_sensitivity,MTORC1_SIGNALING,-1.59041991774325,0.0252518721141853,SLC2A3
D5_median_center_sensitivity,MTORC1_SIGNALING,-1.59041991774325,0.0252518721141853,M6PR
D5_median_center_sensitivity,MTORC1_SIGNALING,-1.59041991774325,0.0252518721141853,PNP
D5_median_center_sensitivity,MTORC1_SIGNALING,-1.59041991774325,0.0252518721141853,ATP2A2
D5_median_center_sensitivity,MTORC1_SIGNALING,-1.59041991774325,0.0252518721141853,NHERF1
D5_median_center_sensitivity,MTORC1_SIGNALING,-1.59041991774325,0.0252518721141853,GCLC
D5_median_center_sensitivity,MTORC1_SIGNALING,-1.59041991774325,0.0252518721141853,COPS5
D5_median_center_sensitivity,MTORC1_SIGNALING,-1.59041991774325,0.0252518721141853,USO1
D5_median_center_sensitivity,MTORC1_SIGNALING,-1.59041991774325,0.0252518721141853,PSMD12
D5_median_center_sensitivity,MTORC1_SIGNALING,-1.59041991774325,0.0252518721141853,PSMB5
D5_median_center_sensitivity,MTORC1_SIGNALING,-1.59041991774325,0.0252518721141853,SEC11A
D5_median_center_sensitivity,MTORC1_SIGNALING,-1.59041991774325,0.0252518721141853,HSPA5
D5_median_center_sensitivity,MTORC1_SIGNALING,-1.59041991774325,0.0252518721141853,ACTR3
D5_median_center_sensitivity,MTORC1_SIGNALING,-1.59041991774325,0.0252518721141853,CANX
D5_median_center_sensitivity,MTORC1_SIGNALING,-1.59041991774325,0.0252518721141853,SLC7A5
D5_median_center_sensitivity,MTORC1_SIGNALING,-1.59041991774325,0.0252518721141853,SKAP2
D5_median_center_sensitivity,MTORC1_SIGNALING,-1.59041991774325,0.0252518721141853,ACTR2
D5_median_center_sensitivity,MTORC1_SIGNALING,-1.59041991774325,0.0252518721141853,EEF1E1
D5_median_center_sensitivity,MTORC1_SIGNALING,-1.59041991774325,0.0252518721141853,HSP90B1
D5_median_center_sensitivity,MTORC1_SIGNALING,-1.59041991774325,0.0252518721141853,TXNRD1
D5_median_center_sensitivity,MTORC1_SIGNALING,-1.59041991774325,0.0252518721141853,ACLY
D5_median_center_sensitivity,MTORC1_SIGNALING,-1.59041991774325,0.0252518721141853,ACSL3
D5_median_center_sensitivity,MTORC1_SIGNALING,-1.59041991774325,0.0252518721141853,PSMD14
D5_median_center_sensitivity,MTORC1_SIGNALING,-1.59041991774325,0.0252518721141853,UCHL5
D5_median_center_sensitivity,MTORC1_SIGNALING,-1.59041991774325,0.0252518721141853,G6PD
D5_median_center_sensitivity,MTORC1_SIGNALING,-1.59041991774325,0.0252518721141853,LDLR
D5_median_center_sensitivity,MTORC1_SIGNALING,-1.59041991774325,0.0252518721141853,ARPC5L
D5_median_center_sensitivity,MTORC1_SIGNALING,-1.59041991774325,0.0252518721141853,ALDOA
D5_median_center_sensitivity,MTORC1_SIGNALING,-1.59041991774325,0.0252518721141853,EBP
D5_median_center_sensitivity,MTORC1_SIGNALING,-1.59041991774325,0.0252518721141853,UFM1
D5_median_center_sensitivity,MTORC1_SIGNALING,-1.59041991774325,0.0252518721141853,PSMC6
D5_median_center_sensitivity,MTORC1_SIGNALING,-1.59041991774325,0.0252518721141853,PSMD13
D5_median_center_sensitivity,MTORC1_SIGNALING,-1.59041991774325,0.0252518721141853,HPRT1
D5_median_center_sensitivity,MYC_TARGETS_V1,-2.07141863636741,1.21378367771031e-05,CAD
D5_median_center_sensitivity,MYC_TARGETS_V1,-2.07141863636741,1.21378367771031e-05,RPS5
D5_median_center_sensitivity,MYC_TARGETS_V1,-2.07141863636741,1.21378367771031e-05,SNRPD1
D5_median_center_sensitivity,MYC_TARGETS_V1,-2.07141863636741,1.21378367771031e-05,RPS2
D5_median_center_sensitivity,MYC_TARGETS_V1,-2.07141863636741,1.21378367771031e-05,PHB2
D5_median_center_sensitivity,MYC_TARGETS_V1,-2.07141863636741,1.21378367771031e-05,GLO1
D5_median_center_sensitivity,MYC_TARGETS_V1,-2.07141863636741,1.21378367771031e-05,PCBP1
D5_median_center_sensitivity,MYC_TARGETS_V1,-2.07141863636741,1.21378367771031e-05,PHB1
D5_median_center_sensitivity,MYC_TARGETS_V1,-2.07141863636741,1.21378367771031e-05,YWHAQ
D5_median_center_sensitivity,MYC_TARGETS_V1,-2.07141863636741,1.21378367771031e-05,XPO1
D5_median_center_sensitivity,MYC_TARGETS_V1,-2.07141863636741,1.21378367771031e-05,NME1
D5_median_center_sensitivity,MYC_TARGETS_V1,-2.07141863636741,1.21378367771031e-05,HNRNPR
D5_median_center_sensitivity,MYC_TARGETS_V1,-2.07141863636741,1.21378367771031e-05,COPS5
D5_median_center_sensitivity,MYC_TARGETS_V1,-2.07141863636741,1.21378367771031e-05,CANX
D5_median_center_sensitivity,MYC_TARGETS_V1,-2.07141863636741,1.21378367771031e-05,PSMD8
D5_median_center_sensitivity,MYC_TARGETS_V1,-2.07141863636741,1.21378367771031e-05,SNRPD3
D5_median_center_sensitivity,MYC_TARGETS_V1,-2.07141863636741,1.21378367771031e-05,PSMA6
D5_median_center_sensitivity,MYC_TARGETS_V1,-2.07141863636741,1.21378367771031e-05,EIF4G2
D5_median_center_sensitivity,MYC_TARGETS_V1,-2.07141863636741,1.21378367771031e-05,UBE2L3
D5_median_center_sensitivity,MYC_TARGETS_V1,-2.07141863636741,1.21378367771031e-05,SF3B3
D5_median_center_sensitivity,MYC_TARGETS_V1,-2.07141863636741,1.21378367771031e-05,RPS3
D5_median_center_sensitivity,MYC_TARGETS_V1,-2.07141863636741,1.21378367771031e-05,RPS6
D5_median_center_sensitivity,MYC_TARGETS_V1,-2.07141863636741,1.21378367771031e-05,SYNCRIP
D5_median_center_sensitivity,MYC_TARGETS_V1,-2.07141863636741,1.21378367771031e-05,PSMA2
D5_median_center_sensitivity,MYC_TARGETS_V1,-2.07141863636741,1.21378367771031e-05,KPNB1
D5_median_center_sensitivity,MYC_TARGETS_V1,-2.07141863636741,1.21378367771031e-05,FBL
D5_median_center_sensitivity,MYC_TARGETS_V1,-2.07141863636741,1.21378367771031e-05,YWHAE
D5_median_center_sensitivity,MYC_TARGETS_V1,-2.07141863636741,1.21378367771031e-05,DEK
D5_median_center_sensitivity,MYC_TARGETS_V1,-2.07141863636741,1.21378367771031e-05,RPL18
D5_median_center_sensitivity,MYC_TARGETS_V1,-2.07141863636741,1.21378367771031e-05,PSMD7
D5_median_center_sensitivity,MYC_TARGETS_V1,-2.07141863636741,1.21378367771031e-05,FAM120A
D5_median_center_sensitivity,MYC_TARGETS_V1,-2.07141863636741,1.21378367771031e-05,NOP56
D5_median_center_sensitivity,MYC_TARGETS_V1,-2.07141863636741,1.21378367771031e-05,PSMD1
D5_median_center_sensitivity,MYC_TARGETS_V1,-2.07141863636741,1.21378367771031e-05,RPL22
D5_median_center_sensitivity,MYC_TARGETS_V1,-2.07141863636741,1.21378367771031e-05,PSMD14
D5_median_center_sensitivity,MYC_TARGETS_V1,-2.07141863636741,1.21378367771031e-05,RPL14
D5_median_center_sensitivity,MYC_TARGETS_V1,-2.07141863636741,1.21378367771031e-05,NAP1L1
D5_median_center_sensitivity,MYC_TARGETS_V1,-2.07141863636741,1.21378367771031e-05,TOMM70
D5_median_center_sensitivity,MYC_TARGETS_V1,-2.07141863636741,1.21378367771031e-05,TARDBP
D5_median_center_sensitivity,MYC_TARGETS_V1,-2.07141863636741,1.21378367771031e-05,HNRNPU
D5_median_center_sensitivity,MYC_TARGETS_V1,-2.07141863636741,1.21378367771031e-05,EIF4A1
D5_median_center_sensitivity,MYC_TARGETS_V1,-2.07141863636741,1.21378367771031e-05,RUVBL2
D5_median_center_sensitivity,MYC_TARGETS_V1,-2.07141863636741,1.21378367771031e-05,SNRPD2
D5_median_center_sensitivity,MYC_TARGETS_V1,-2.07141863636741,1.21378367771031e-05,RPL6
D5_median_center_sensitivity,MYC_TARGETS_V1,-2.07141863636741,1.21378367771031e-05,PRDX4
D5_median_center_sensitivity,MYC_TARGETS_V1,-2.07141863636741,1.21378367771031e-05,HSP90AB1
D5_median_center_sensitivity,MYC_TARGETS_V1,-2.07141863636741,1.21378367771031e-05,PSMA1
D5_median_center_sensitivity,MYC_TARGETS_V1,-2.07141863636741,1.21378367771031e-05,PSMC6
D5_median_center_sensitivity,MYC_TARGETS_V1,-2.07141863636741,1.21378367771031e-05,HNRNPA3
D5_median_center_sensitivity,MYC_TARGETS_V1,-2.07141863636741,1.21378367771031e-05,HPRT1
D5_median_center_sensitivity,MYC_TARGETS_V1,-2.07141863636741,1.21378367771031e-05,SNRPB2
D5_median_center_sensitivity,MYC_TARGETS_V1,-2.07141863636741,1.21378367771031e-05,DDX21
D5_median_center_sensitivity,MYC_TARGETS_V1,-2.07141863636741,1.21378367771031e-05,VBP1
D5_median_center_sensitivity,MYC_TARGETS_V1,-2.07141863636741,1.21378367771031e-05,PSMA7
D5_median_center_sensitivity,MYC_TARGETS_V1,-2.07141863636741,1.21378367771031e-05,HSPE1
D5_median_center_sensitivity,MYC_TARGETS_V1,-2.07141863636741,1.21378367771031e-05,PSMC4
D5_median_center_sensitivity,MYC_TARGETS_V1,-2.07141863636741,1.21378367771031e-05,ABCE1
D5_median_center_sensitivity,MYC_TARGETS_V1,-2.07141863636741,1.21378367771031e-05,LDHA
D5_median_center_sensitivity,MYC_TARGETS_V1,-2.07141863636741,1.21378367771031e-05,AIMP2
D5_median_center_sensitivity,MYC_TARGETS_V1,-2.07141863636741,1.21378367771031e-05,SLC25A3
D5_median_center_sensitivity,MYC_TARGETS_V1,-2.07141863636741,1.21378367771031e-05,SNRPA1
D5_median_center_sensitivity,MYC_TARGETS_V1,-2.07141863636741,1.21378367771031e-05,RAD23B
D5_median_center_sensitivity,MYC_TARGETS_V1,-2.07141863636741,1.21378367771031e-05,SRPK1
D5_median_center_sensitivity,MYC_TARGETS_V1,-2.07141863636741,1.21378367771031e-05,EEF1B2
D5_median_center_sensitivity,MYC_TARGETS_V1,-2.07141863636741,1.21378367771031e-05,PSMD3
D5_median_center_sensitivity,MYC_TARGETS_V1,-2.07141863636741,1.21378367771031e-05,EIF2S2
D5_median_center_sensitivity,MYC_TARGETS_V1,-2.07141863636741,1.21378367771031e-05,U2AF1
D5_median_center_sensitivity,MYC_TARGETS_V1,-2.07141863636741,1.21378367771031e-05,RPL34
D5_median_center_sensitivity,MYC_TARGETS_V1,-2.07141863636741,1.21378367771031e-05,IARS1
D5_median_center_sensitivity,MYOGENESIS,1.40619138588012,0.139274905811871,COL6A3
D5_median_center_sensitivity,MYOGENESIS,1.40619138588012,0.139274905811871,COL6A2
D5_median_center_sensitivity,MYOGENESIS,1.40619138588012,0.139274905811871,AGRN
D5_median_center_sensitivity,MYOGENESIS,1.40619138588012,0.139274905811871,AEBP1
D5_median_center_sensitivity,MYOGENESIS,1.40619138588012,0.139274905811871,STC2
D5_median_center_sensitivity,MYOGENESIS,1.40619138588012,0.139274905811871,MYL6B
D5_median_center_sensitivity,MYOGENESIS,1.40619138588012,0.139274905811871,COL1A1
D5_median_center_sensitivity,MYOGENESIS,1.40619138588012,0.139274905811871,PRNP
D5_median_center_sensitivity,MYOGENESIS,1.40619138588012,0.139274905811871,COL4A2
D5_median_center_sensitivity,MYOGENESIS,1.40619138588012,0.139274905811871,COL3A1
D5_median_center_sensitivity,MYOGENESIS,1.40619138588012,0.139274905811871,APOD
D5_median_center_sensitivity,MYOGENESIS,1.40619138588012,0.139274905811871,SOD3
D5_median_center_sensitivity,MYOGENESIS,1.40619138588012,0.139274905811871,MYL1
D5_median_center_sensitivity,MYOGENESIS,1.40619138588012,0.139274905811871,CFD
D5_median_center_sensitivity,OXIDATIVE_PHOSPHORYLATION,-1.36529386463607,0.142715695312233,NDUFA4
D5_median_center_sensitivity,OXIDATIVE_PHOSPHORYLATION,-1.36529386463607,0.142715695312233,MDH1
D5_median_center_sensitivity,OXIDATIVE_PHOSPHORYLATION,-1.36529386463607,0.142715695312233,IMMT
D5_median_center_sensitivity,OXIDATIVE_PHOSPHORYLATION,-1.36529386463607,0.142715695312233,ATP6V1F
D5_median_center_sensitivity,OXIDATIVE_PHOSPHORYLATION,-1.36529386463607,0.142715695312233,POR
D5_median_center_sensitivity,OXIDATIVE_PHOSPHORYLATION,-1.36529386463607,0.142715695312233,PHB2
D5_median_center_sensitivity,OXIDATIVE_PHOSPHORYLATION,-1.36529386463607,0.142715695312233,CYB5R3
D5_median_center_sensitivity,OXIDATIVE_PHOSPHORYLATION,-1.36529386463607,0.142715695312233,SDHD
D5_median_center_sensitivity,OXIDATIVE_PHOSPHORYLATION,-1.36529386463607,0.142715695312233,LDHB
D5_median_center_sensitivity,OXIDATIVE_PHOSPHORYLATION,-1.36529386463607,0.142715695312233,CPT1A
D5_median_center_sensitivity,OXIDATIVE_PHOSPHORYLATION,-1.36529386463607,0.142715695312233,AIFM1
D5_median_center_sensitivity,OXIDATIVE_PHOSPHORYLATION,-1.36529386463607,0.142715695312233,HADHA
D5_median_center_sensitivity,OXIDATIVE_PHOSPHORYLATION,-1.36529386463607,0.142715695312233,COX4I1
D5_median_center_sensitivity,OXIDATIVE_PHOSPHORYLATION,-1.36529386463607,0.142715695312233,IDH3G
D5_median_center_sensitivity,OXIDATIVE_PHOSPHORYLATION,-1.36529386463607,0.142715695312233,SLC25A12
D5_median_center_sensitivity,OXIDATIVE_PHOSPHORYLATION,-1.36529386463607,0.142715695312233,ATP5PB
D5_median_center_sensitivity,OXIDATIVE_PHOSPHORYLATION,-1.36529386463607,0.142715695312233,TIMM9
D5_median_center_sensitivity,OXIDATIVE_PHOSPHORYLATION,-1.36529386463607,0.142715695312233,RHOT2
D5_median_center_sensitivity,OXIDATIVE_PHOSPHORYLATION,-1.36529386463607,0.142715695312233,ABCB7
D5_median_center_sensitivity,OXIDATIVE_PHOSPHORYLATION,-1.36529386463607,0.142715695312233,SLC25A5
D5_median_center_sensitivity,OXIDATIVE_PHOSPHORYLATION,-1.36529386463607,0.142715695312233,TOMM70
D5_median_center_sensitivity,OXIDATIVE_PHOSPHORYLATION,-1.36529386463607,0.142715695312233,UQCRB
D5_median_center_sensitivity,OXIDATIVE_PHOSPHORYLATION,-1.36529386463607,0.142715695312233,RHOT1
D5_median_center_sensitivity,OXIDATIVE_PHOSPHORYLATION,-1.36529386463607,0.142715695312233,NDUFV1
D5_median_center_sensitivity,OXIDATIVE_PHOSPHORYLATION,-1.36529386463607,0.142715695312233,NDUFB1
D5_median_center_sensitivity,P53_PATHWAY,1.13575787289806,0.438688328174699,INHBB
D5_median_center_sensitivity,P53_PATHWAY,1.13575787289806,0.438688328174699,BMP2
D5_median_center_sensitivity,P53_PATHWAY,1.13575787289806,0.438688328174699,HMOX1
D5_median_center_sensitivity,P53_PATHWAY,1.13575787289806,0.438688328174699,FDXR
D5_median_center_sensitivity,P53_PATHWAY,1.13575787289806,0.438688328174699,TCN2
D5_median_center_sensitivity,P53_PATHWAY,1.13575787289806,0.438688328174699,CCND3
D5_median_center_sensitivity,P53_PATHWAY,1.13575787289806,0.438688328174699,GM2A
D5_median_center_sensitivity,P53_PATHWAY,1.13575787289806,0.438688328174699,ELP1
D5_median_center_sensitivity,P53_PATHWAY,1.13575787289806,0.438688328174699,EI24
D5_median_center_sensitivity,P53_PATHWAY,1.13575787289806,0.438688328174699,ABAT
D5_median_center_sensitivity,P53_PATHWAY,1.13575787289806,0.438688328174699,TNNI1
D5_median_center_sensitivity,P53_PATHWAY,1.13575787289806,0.438688328174699,IRAK1
D5_median_center_sensitivity,P53_PATHWAY,1.13575787289806,0.438688328174699,CDKN2AIP
D5_median_center_sensitivity,P53_PATHWAY,1.13575787289806,0.438688328174699,KIF13B
D5_median_center_sensitivity,P53_PATHWAY,1.13575787289806,0.438688328174699,BAX
D5_median_center_sensitivity,P53_PATHWAY,1.13575787289806,0.438688328174699,EPS8L2
D5_median_center_sensitivity,P53_PATHWAY,1.13575787289806,0.438688328174699,SLC35D1
D5_median_center_sensitivity,P53_PATHWAY,1.13575787289806,0.438688328174699,CDKN1A
D5_median_center_sensitivity,P53_PATHWAY,1.13575787289806,0.438688328174699,EPHX1
D5_median_center_sensitivity,PEROXISOME,-1.00004622822251,0.610971172684019,TTR
D5_median_center_sensitivity,PEROXISOME,-1.00004622822251,0.610971172684019,ACSL4
D5_median_center_sensitivity,PEROXISOME,-1.00004622822251,0.610971172684019,SERPINA6
D5_median_center_sensitivity,PEROXISOME,-1.00004622822251,0.610971172684019,ACOX1
D5_median_center_sensitivity,PEROXISOME,-1.00004622822251,0.610971172684019,RDH11
D5_median_center_sensitivity,PEROXISOME,-1.00004622822251,0.610971172684019,IDE
D5_median_center_sensitivity,PEROXISOME,-1.00004622822251,0.610971172684019,MVP
D5_median_center_sensitivity,PEROXISOME,-1.00004622822251,0.610971172684019,YWHAH
D5_median_center_sensitivity,PEROXISOME,-1.00004622822251,0.610971172684019,ACSL5
D5_median_center_sensitivity,PEROXISOME,-1.00004622822251,0.610971172684019,FDPS
D5_median_center_sensitivity,PEROXISOME,-1.00004622822251,0.610971172684019,HSD17B4
D5_median_center_sensitivity,PEROXISOME,-1.00004622822251,0.610971172684019,GSTK1
D5_median_center_sensitivity,PEROXISOME,-1.00004622822251,0.610971172684019,SCP2
D5_median_center_sensitivity,PEROXISOME,-1.00004622822251,0.610971172684019,ABCC5
D5_median_center_sensitivity,PI3K_AKT_MTOR_SIGNALING,-1.04744270974044,0.497156629116118,CALR
D5_median_center_sensitivity,PI3K_AKT_MTOR_SIGNALING,-1.04744270974044,0.497156629116118,UBE2N
D5_median_center_sensitivity,PI3K_AKT_MTOR_SIGNALING,-1.04744270974044,0.497156629116118,PFN1
D5_median_center_sensitivity,PI3K_AKT_MTOR_SIGNALING,-1.04744270974044,0.497156629116118,MAPK1
D5_median_center_sensitivity,PI3K_AKT_MTOR_SIGNALING,-1.04744270974044,0.497156629116118,ARPC3
D5_median_center_sensitivity,PI3K_AKT_MTOR_SIGNALING,-1.04744270974044,0.497156629116118,ACTR3
D5_median_center_sensitivity,PI3K_AKT_MTOR_SIGNALING,-1.04744270974044,0.497156629116118,IRAK4
D5_median_center_sensitivity,PI3K_AKT_MTOR_SIGNALING,-1.04744270974044,0.497156629116118,CLTC
D5_median_center_sensitivity,PI3K_AKT_MTOR_SIGNALING,-1.04744270974044,0.497156629116118,ACTR2
D5_median_center_sensitivity,PI3K_AKT_MTOR_SIGNALING,-1.04744270974044,0.497156629116118,HSP90B1
D5_median_center_sensitivity,PI3K_AKT_MTOR_SIGNALING,-1.04744270974044,0.497156629116118,PRKAR2A
D5_median_center_sensitivity,PI3K_AKT_MTOR_SIGNALING,-1.04744270974044,0.497156629116118,YWHAB
D5_median_center_sensitivity,PI3K_AKT_MTOR_SIGNALING,-1.04744270974044,0.497156629116118,PIKFYVE
D5_median_center_sensitivity,PI3K_AKT_MTOR_SIGNALING,-1.04744270974044,0.497156629116118,RIT1
D5_median_center_sensitivity,PI3K_AKT_MTOR_SIGNALING,-1.04744270974044,0.497156629116118,AP2M1
D5_median_center_sensitivity,PI3K_AKT_MTOR_SIGNALING,-1.04744270974044,0.497156629116118,CSNK2B
D5_median_center_sensitivity,PI3K_AKT_MTOR_SIGNALING,-1.04744270974044,0.497156629116118,GRB2
D5_median_center_sensitivity,PI3K_AKT_MTOR_SIGNALING,-1.04744270974044,0.497156629116118,NCK1
D5_median_center_sensitivity,PI3K_AKT_MTOR_SIGNALING,-1.04744270974044,0.497156629116118,SLC2A1
D5_median_center_sensitivity,PI3K_AKT_MTOR_SIGNALING,-1.04744270974044,0.497156629116118,SQSTM1
D5_median_center_sensitivity,PI3K_AKT_MTOR_SIGNALING,-1.04744270974044,0.497156629116118,CAB39
D5_median_center_sensitivity,PI3K_AKT_MTOR_SIGNALING,-1.04744270974044,0.497156629116118,TRAF2
D5_median_center_sensitivity,PI3K_AKT_MTOR_SIGNALING,-1.04744270974044,0.497156629116118,ARF1
D5_median_center_sensitivity,PI3K_AKT_MTOR_SIGNALING,-1.04744270974044,0.497156629116118,PTPN11
D5_median_center_sensitivity,PI3K_AKT_MTOR_SIGNALING,-1.04744270974044,0.497156629116118,TBK1
D5_median_center_sensitivity,PI3K_AKT_MTOR_SIGNALING,-1.04744270974044,0.497156629116118,RPTOR
D5_median_center_sensitivity,PI3K_AKT_MTOR_SIGNALING,-1.04744270974044,0.497156629116118,RAC1
D5_median_center_sensitivity,PI3K_AKT_MTOR_SIGNALING,-1.04744270974044,0.497156629116118,EIF4E
D5_median_center_sensitivity,PI3K_AKT_MTOR_SIGNALING,-1.04744270974044,0.497156629116118,MAPKAP1
D5_median_center_sensitivity,PROTEIN_SECRETION,-1.84720142516339,0.00545487265871202,CTSC
D5_median_center_sensitivity,PROTEIN_SECRETION,-1.84720142516339,0.00545487265871202,ADAM10
D5_median_center_sensitivity,PROTEIN_SECRETION,-1.84720142516339,0.00545487265871202,RAB2A
D5_median_center_sensitivity,PROTEIN_SECRETION,-1.84720142516339,0.00545487265871202,CLCN3
D5_median_center_sensitivity,PROTEIN_SECRETION,-1.84720142516339,0.00545487265871202,ATP1A1
D5_median_center_sensitivity,PROTEIN_SECRETION,-1.84720142516339,0.00545487265871202,LMAN1
D5_median_center_sensitivity,PROTEIN_SECRETION,-1.84720142516339,0.00545487265871202,NAPA
D5_median_center_sensitivity,PROTEIN_SECRETION,-1.84720142516339,0.00545487265871202,MAPK1
D5_median_center_sensitivity,PROTEIN_SECRETION,-1.84720142516339,0.00545487265871202,M6PR
D5_median_center_sensitivity,PROTEIN_SECRETION,-1.84720142516339,0.00545487265871202,TMED10
D5_median_center_sensitivity,PROTEIN_SECRETION,-1.84720142516339,0.00545487265871202,SNAP23
D5_median_center_sensitivity,PROTEIN_SECRETION,-1.84720142516339,0.00545487265871202,TMX1
D5_median_center_sensitivity,PROTEIN_SECRETION,-1.84720142516339,0.00545487265871202,USO1
D5_median_center_sensitivity,PROTEIN_SECRETION,-1.84720142516339,0.00545487265871202,GBF1
D5_median_center_sensitivity,PROTEIN_SECRETION,-1.84720142516339,0.00545487265871202,AP3B1
D5_median_center_sensitivity,PROTEIN_SECRETION,-1.84720142516339,0.00545487265871202,CLTC
D5_median_center_sensitivity,PROTEIN_SECRETION,-1.84720142516339,0.00545487265871202,SEC22B
D5_median_center_sensitivity,PROTEIN_SECRETION,-1.84720142516339,0.00545487265871202,ATP7A
D5_median_center_sensitivity,PROTEIN_SECRETION,-1.84720142516339,0.00545487265871202,AP1G1
D5_median_center_sensitivity,PROTEIN_SECRETION,-1.84720142516339,0.00545487265871202,GNAS
D5_median_center_sensitivity,PROTEIN_SECRETION,-1.84720142516339,0.00545487265871202,RAB14
D5_median_center_sensitivity,PROTEIN_SECRETION,-1.84720142516339,0.00545487265871202,ARFGAP3
D5_median_center_sensitivity,PROTEIN_SECRETION,-1.84720142516339,0.00545487265871202,COPB1
D5_median_center_sensitivity,PROTEIN_SECRETION,-1.84720142516339,0.00545487265871202,STX16
D5_median_center_sensitivity,PROTEIN_SECRETION,-1.84720142516339,0.00545487265871202,COPB2
D5_median_center_sensitivity,PROTEIN_SECRETION,-1.84720142516339,0.00545487265871202,ZW10
D5_median_center_sensitivity,PROTEIN_SECRETION,-1.84720142516339,0.00545487265871202,VAMP7
D5_median_center_sensitivity,PROTEIN_SECRETION,-1.84720142516339,0.00545487265871202,ARCN1
D5_median_center_sensitivity,PROTEIN_SECRETION,-1.84720142516339,0.00545487265871202,COPE
D5_median_center_sensitivity,PROTEIN_SECRETION,-1.84720142516339,0.00545487265871202,CLTA
D5_median_center_sensitivity,PROTEIN_SECRETION,-1.84720142516339,0.00545487265871202,YKT6
D5_median_center_sensitivity,PROTEIN_SECRETION,-1.84720142516339,0.00545487265871202,DNM1L
D5_median_center_sensitivity,PROTEIN_SECRETION,-1.84720142516339,0.00545487265871202,STAM
D5_median_center_sensitivity,PROTEIN_SECRETION,-1.84720142516339,0.00545487265871202,ARFGEF1
D5_median_center_sensitivity,PROTEIN_SECRETION,-1.84720142516339,0.00545487265871202,VAMP3
D5_median_center_sensitivity,PROTEIN_SECRETION,-1.84720142516339,0.00545487265871202,TMED2
D5_median_center_sensitivity,PROTEIN_SECRETION,-1.84720142516339,0.00545487265871202,ATP6V1H
D5_median_center_sensitivity,REACTIVE_OXYGEN_SPECIES_PATHWAY,-1.41063495904447,0.178922231233667,GSR
D5_median_center_sensitivity,REACTIVE_OXYGEN_SPECIES_PATHWAY,-1.41063495904447,0.178922231233667,PRDX6
D5_median_center_sensitivity,REACTIVE_OXYGEN_SPECIES_PATHWAY,-1.41063495904447,0.178922231233667,GCLC
D5_median_center_sensitivity,REACTIVE_OXYGEN_SPECIES_PATHWAY,-1.41063495904447,0.178922231233667,LAMTOR5
D5_median_center_sensitivity,REACTIVE_OXYGEN_SPECIES_PATHWAY,-1.41063495904447,0.178922231233667,ABCC1
D5_median_center_sensitivity,REACTIVE_OXYGEN_SPECIES_PATHWAY,-1.41063495904447,0.178922231233667,PDLIM1
D5_median_center_sensitivity,REACTIVE_OXYGEN_SPECIES_PATHWAY,-1.41063495904447,0.178922231233667,TXNRD1
D5_median_center_sensitivity,REACTIVE_OXYGEN_SPECIES_PATHWAY,-1.41063495904447,0.178922231233667,PTPA
D5_median_center_sensitivity,REACTIVE_OXYGEN_SPECIES_PATHWAY,-1.41063495904447,0.178922231233667,G6PD
D5_median_center_sensitivity,REACTIVE_OXYGEN_SPECIES_PATHWAY,-1.41063495904447,0.178922231233667,PRDX4
D5_median_center_sensitivity,REACTIVE_OXYGEN_SPECIES_PATHWAY,-1.41063495904447,0.178922231233667,GPX4
D5_median_center_sensitivity,REACTIVE_OXYGEN_SPECIES_PATHWAY,-1.41063495904447,0.178922231233667,GCLM
D5_median_center_sensitivity,SPERMATOGENESIS,-0.635751202873116,0.949969493593655,TALDO1
D5_median_center_sensitivity,SPERMATOGENESIS,-0.635751202873116,0.949969493593655,IDE
D5_median_center_sensitivity,SPERMATOGENESIS,-0.635751202873116,0.949969493593655,PRKAR2A
D5_median_center_sensitivity,SPERMATOGENESIS,-0.635751202873116,0.949969493593655,HSPA1L
D5_median_center_sensitivity,SPERMATOGENESIS,-0.635751202873116,0.949969493593655,STAM2
D5_median_center_sensitivity,SPERMATOGENESIS,-0.635751202873116,0.949969493593655,JAM3
D5_median_center_sensitivity,SPERMATOGENESIS,-0.635751202873116,0.949969493593655,ACE
D5_median_center_sensitivity,TGF_BETA_SIGNALING,1.17902890474542,0.438688328174699,LTBP2
D5_median_center_sensitivity,TGF_BETA_SIGNALING,1.17902890474542,0.438688328174699,BMP2
D5_median_center_sensitivity,TGF_BETA_SIGNALING,1.17902890474542,0.438688328174699,FURIN
D5_median_center_sensitivity,TGF_BETA_SIGNALING,1.17902890474542,0.438688328174699,FNTA
D5_median_center_sensitivity,TGF_BETA_SIGNALING,1.17902890474542,0.438688328174699,ACVR1
D5_median_center_sensitivity,TNFA_SIGNALING_VIA_NFKB,1.55532128183288,0.0830277167342376,TNC
D5_median_center_sensitivity,TNFA_SIGNALING_VIA_NFKB,1.55532128183288,0.0830277167342376,B4GALT5
D5_median_center_sensitivity,TNFA_SIGNALING_VIA_NFKB,1.55532128183288,0.0830277167342376,CXCL10
D5_median_center_sensitivity,TNFA_SIGNALING_VIA_NFKB,1.55532128183288,0.0830277167342376,B4GALT1
D5_median_center_sensitivity,TNFA_SIGNALING_VIA_NFKB,1.55532128183288,0.0830277167342376,BMP2
D5_median_center_sensitivity,TNFA_SIGNALING_VIA_NFKB,1.55532128183288,0.0830277167342376,TNFAIP6
D5_median_center_sensitivity,TNFA_SIGNALING_VIA_NFKB,1.55532128183288,0.0830277167342376,MARCKS
D5_median_center_sensitivity,TNFA_SIGNALING_VIA_NFKB,1.55532128183288,0.0830277167342376,EHD1
D5_median_center_sensitivity,TNFA_SIGNALING_VIA_NFKB,1.55532128183288,0.0830277167342376,IRS2
D5_median_center_sensitivity,TNFA_SIGNALING_VIA_NFKB,1.55532128183288,0.0830277167342376,ICAM1
D5_median_center_sensitivity,TNFA_SIGNALING_VIA_NFKB,1.55532128183288,0.0830277167342376,CCN1
D5_median_center_sensitivity,UNFOLDED_PROTEIN_RESPONSE,-0.960462299075569,0.629358678730701,CALR
D5_median_center_sensitivity,UNFOLDED_PROTEIN_RESPONSE,-0.960462299075569,0.629358678730701,SSR1
D5_median_center_sensitivity,UNFOLDED_PROTEIN_RESPONSE,-0.960462299075569,0.629358678730701,SPCS3
D5_median_center_sensitivity,UNFOLDED_PROTEIN_RESPONSE,-0.960462299075569,0.629358678730701,KIF5B
D5_median_center_sensitivity,UNFOLDED_PROTEIN_RESPONSE,-0.960462299075569,0.629358678730701,SEC11A
D5_median_center_sensitivity,UNFOLDED_PROTEIN_RESPONSE,-0.960462299075569,0.629358678730701,HSPA5
D5_median_center_sensitivity,UNFOLDED_PROTEIN_RESPONSE,-0.960462299075569,0.629358678730701,PDIA6
D5_median_center_sensitivity,UNFOLDED_PROTEIN_RESPONSE,-0.960462299075569,0.629358678730701,YWHAZ
D5_median_center_sensitivity,UNFOLDED_PROTEIN_RESPONSE,-0.960462299075569,0.629358678730701,SLC7A5
D5_median_center_sensitivity,UNFOLDED_PROTEIN_RESPONSE,-0.960462299075569,0.629358678730701,HSP90B1
D5_median_center_sensitivity,UNFOLDED_PROTEIN_RESPONSE,-0.960462299075569,0.629358678730701,PDIA5
D5_median_center_sensitivity,UNFOLDED_PROTEIN_RESPONSE,-0.960462299075569,0.629358678730701,NOP56
D5_median_center_sensitivity,UNFOLDED_PROTEIN_RESPONSE,-0.960462299075569,0.629358678730701,DKC1
D5_median_center_sensitivity,UNFOLDED_PROTEIN_RESPONSE,-0.960462299075569,0.629358678730701,EIF4A1
D5_median_center_sensitivity,UV_RESPONSE_DN,0.985823358305384,0.620174070756334,COL1A1
D5_median_center_sensitivity,UV_RESPONSE_DN,0.985823358305384,0.620174070756334,COL1A2
D5_median_center_sensitivity,UV_RESPONSE_DN,0.985823358305384,0.620174070756334,COL3A1
D5_median_center_sensitivity,UV_RESPONSE_DN,0.985823358305384,0.620174070756334,NRP1
D5_median_center_sensitivity,UV_RESPONSE_DN,0.985823358305384,0.620174070756334,EFEMP1
D5_median_center_sensitivity,UV_RESPONSE_DN,0.985823358305384,0.620174070756334,LAMC1
D5_median_center_sensitivity,UV_RESPONSE_DN,0.985823358305384,0.620174070756334,IGFBP5
D5_median_center_sensitivity,UV_RESPONSE_DN,0.985823358305384,0.620174070756334,PLCB4
D5_median_center_sensitivity,UV_RESPONSE_DN,0.985823358305384,0.620174070756334,CCN1
D5_median_center_sensitivity,UV_RESPONSE_DN,0.985823358305384,0.620174070756334,CDC42BPA
D5_median_center_sensitivity,UV_RESPONSE_UP,1.10001737045672,0.446987165542745,IGFBP2
D5_median_center_sensitivity,UV_RESPONSE_UP,1.10001737045672,0.446987165542745,OLFM1
D5_median_center_sensitivity,UV_RESPONSE_UP,1.10001737045672,0.446987165542745,BMP2
D5_median_center_sensitivity,UV_RESPONSE_UP,1.10001737045672,0.446987165542745,HMOX1
D5_median_center_sensitivity,UV_RESPONSE_UP,1.10001737045672,0.446987165542745,FURIN
D5_median_center_sensitivity,UV_RESPONSE_UP,1.10001737045672,0.446987165542745,MGAT1
D5_median_center_sensitivity,UV_RESPONSE_UP,1.10001737045672,0.446987165542745,CCND3
D5_median_center_sensitivity,UV_RESPONSE_UP,1.10001737045672,0.446987165542745,STIP1
D5_median_center_sensitivity,UV_RESPONSE_UP,1.10001737045672,0.446987165542745,PPAT
D5_median_center_sensitivity,UV_RESPONSE_UP,1.10001737045672,0.446987165542745,PDAP1
D5_median_center_sensitivity,XENOBIOTIC_METABOLISM,-1.64654582784074,0.0287522574590493,PLG
D5_median_center_sensitivity,XENOBIOTIC_METABOLISM,-1.64654582784074,0.0287522574590493,HRG
D5_median_center_sensitivity,XENOBIOTIC_METABOLISM,-1.64654582784074,0.0287522574590493,FETUB
D5_median_center_sensitivity,XENOBIOTIC_METABOLISM,-1.64654582784074,0.0287522574590493,GSR
D5_median_center_sensitivity,XENOBIOTIC_METABOLISM,-1.64654582784074,0.0287522574590493,CD36
D5_median_center_sensitivity,XENOBIOTIC_METABOLISM,-1.64654582784074,0.0287522574590493,SERPINA6
D5_median_center_sensitivity,XENOBIOTIC_METABOLISM,-1.64654582784074,0.0287522574590493,ACOX1
D5_median_center_sensitivity,XENOBIOTIC_METABOLISM,-1.64654582784074,0.0287522574590493,POR
D5_median_center_sensitivity,XENOBIOTIC_METABOLISM,-1.64654582784074,0.0287522574590493,PGRMC1
D5_median_center_sensitivity,XENOBIOTIC_METABOLISM,-1.64654582784074,0.0287522574590493,PROS1
D5_median_center_sensitivity,XENOBIOTIC_METABOLISM,-1.64654582784074,0.0287522574590493,CDA
D5_median_center_sensitivity,XENOBIOTIC_METABOLISM,-1.64654582784074,0.0287522574590493,LPIN2
D5_median_center_sensitivity,XENOBIOTIC_METABOLISM,-1.64654582784074,0.0287522574590493,ATP2A2
D5_median_center_sensitivity,XENOBIOTIC_METABOLISM,-1.64654582784074,0.0287522574590493,GCLC
D5_median_center_sensitivity,XENOBIOTIC_METABOLISM,-1.64654582784074,0.0287522574590493,GSTO1
D5_median_center_sensitivity,XENOBIOTIC_METABOLISM,-1.64654582784074,0.0287522574590493,F11
D5_median_center_sensitivity,XENOBIOTIC_METABOLISM,-1.64654582784074,0.0287522574590493,ITIH1
D5_median_center_sensitivity,XENOBIOTIC_METABOLISM,-1.64654582784074,0.0287522574590493,CFB
