pathway	pval	padj	log2err	ES	NES	size	analysis	direction	leadingEdge_text
ADIPOGENESIS	0.801243252085719	0.801243252085719	0.014726150763679	0.16897972949576	0.862511270445129	176	entry4_SOFA_D3__all_valid	positive-risk	BCL6;GADD45A;PFKFB3;POR;RTN3;ACOX1;ITGA7;SQOR;CCNG2;STOM;PGM1;ELMOD3;GPAT4;LPCAT3;IFNGR1;TOB1;PPARG;DHRS7B;DHCR7;PPM1B;ORM1;TALDO1;TKT;GRPEL1;ALDOA;STAT5A;GBE1;CDKN2C;NABP1;BAZ2A;DHRS7;CHUK;CD151;PIM3;ITSN1
ALLOGRAFT_REJECTION	0.000673615375053706	0.00206294708610198	0.151273237061354	-0.30497902613751	-1.61636819079774	169	entry4_SOFA_D3__all_valid	negative-risk	RPS3A;HLA-DRA;ABCE1;NPM1;HLA-DMB;CD3D;EIF3A;ITK;HLA-DMA;SIT1;RPL9;LY75;TRAT1;CD3G;DARS1;HLA-DOA;RPL39;CTSS;ETS1;CD28;CD86;UBE2N;CD4;CD40LG;EIF3D;IL7;LY86;CD8B;LCK;CD74;RPS19;IRF4;CCND2;HLA-DQA1;TNF;IRF8;CD8A;CD2;FCGR2B;STAT4;ZAP70;CCR2;CD3E;IL15;CD79A;CCR5;HDAC9;CXCR3;CD40;NME1;CD247;MRPL3
ANDROGEN_RESPONSE	0.00582376714681088	0.01396289104962	0.129006250027651	0.348007765005502	1.57560681019126	86	entry4_SOFA_D3__all_valid	positive-risk	NDRG1;CCND3;CAMKK2;GSR;ACTN1;FKBP5;HPGD;PTK2B;IDI1;SLC38A2;HERC3;MYL12A;RPS6KA3;ACSL3;MERTK;UBE2J1;MAK;IQGAP2;VAPA;B4GALT1;ARID5B;GNAI3;SRF;PIAS1
ANGIOGENESIS	0.720943083440781	0.767961110621702	0.0179921333745853	0.248225751016295	0.826699601996034	22	entry4_SOFA_D3__all_valid	positive-risk	LRPAP1;PGLYRP1;JAG1;FGFR1;APP;S100A4;TIMP1;FSTL1;VEGFA;PF4
APICAL_JUNCTION	0.00598409616412286	0.01396289104962	0.129006250027651	0.309142565696081	1.50909596490436	131	entry4_SOFA_D3__all_valid	positive-risk	MAPK14;SIRPA;ADAM9;MMP9;ACTN1;SKAP2;CAP1;PIK3CB;ALOX15B;PTEN;SYK;VASP;RAC2;MAPK13;COL17A1;NF1;CNN2;CD274;ACTB;B4GALT1;IKBKG;MAP3K20;THBS3;ZYX;MYH9;ICAM5;ARPC2;MSN;ITGA10;ICAM1;CTNNA1;RASA1;FYB1;PTPRC;PBX2;GNAI2;INPPL1;ACTN4;NECTIN2;SHC1;PCDH1;YWHAH;MYH10;VCL;RSU1;CLDN15;PFN1;STX4;TAOK2;TUBG1;MYL12B;BAIAP2;MPZL1;PARD6G
APICAL_SURFACE	0.462229556288962	0.580749955337414	0.0248525597253793	0.276868362162189	0.994015574682677	29	entry4_SOFA_D3__all_valid	positive-risk	FLOT2;LYN;PCSK9;CRYBG1;B4GALT1;NCOA6;APP;IL2RG;DCBLD2;BRCA1;ADIPOR2
APOPTOSIS	0.0435871743486974	0.0755572034771145	0.0882143061853503	0.268945320870957	1.32660269960569	140	entry4_SOFA_D3__all_valid	positive-risk	GADD45A;CFLAR;GSR;TIMP2;ADD1;HGF;GSN;RARA;IGF2R;RNASEL;PSEN1;CCNA1;IFNGR1;CD44;IFITM3;FAS;CREBBP;ROCK1;HMGB2;PPP2R5B;TSPO;GADD45B;CDKN1B;CTNNB1;IER3;CLU;EMP1;CASP2;NEDD9;CASP4;XIAP;DNAJC3;DPYD;BCAP31;TAP1;IRF1;PPP3R1;GNA15;CASP9;GPX3;ANXA1;TNFSF10;TXNIP;APP
BILE_ACID_METABOLISM	0.626772019521264	0.697996112648681	0.0237434513601957	-0.19859990964501	-0.918232284369322	75	entry4_SOFA_D3__all_valid	negative-risk	ABCD2;CYP27A1;SLC23A2;PEX12;PAOX;LCK;NR3C2;EFHC1;SLC35B2;EPHX2;PHYH;IDH2;SCP2;PEX7;HSD17B4;ACSL5;HACL1
CHOLESTEROL_HOMEOSTASIS	0.000395340540840818	0.00129144576674667	0.157999743098826	0.430266225129498	1.85758767810138	67	entry4_SOFA_D3__all_valid	positive-risk	NFIL3;PLSCR1;NIBAN1;IDI1;PDK3;ALCAM;ABCA2;LDLR;CHKA;ANTXR2;PPARG;DHCR7;PNRC1;ACSS2;JAG1;CTNNB1;S100A11;CLU;FBXO6
COAGULATION	0.0298936035597149	0.0542513546083714	0.111722689770913	0.311564165258485	1.41483160140496	87	entry4_SOFA_D3__all_valid	positive-risk	ADAM9;MMP9;FURIN;SERPINA1;KLF7;GSN;RAC1;WDR1;RABIF;SERPINE1;F12;MMP8;F2RL2;CTSK;CLU;GNB2;LAMP2;THBS1;C1R;HPN;F8;CASP9;ANXA1;PLEK;PLAU;GP1BA;ITGB3;MSRB2;TIMP1;PEF1;P2RY1;CTSB;SPARC;CFB;CPQ;PF4;VWF;FN1;SERPINB2;ISCU;ARF4
COMPLEMENT	0.000350368406125997	0.00122628942144099	0.157999743098826	0.330572439155847	1.68154743291526	169	entry4_SOFA_D3__all_valid	positive-risk	ITGAM;CR1;ADAM9;PRKCD;HSPA1A;TIMP2;PLSCR1;PIK3CG;GCA;LYN;S100A12;PCSK9;SERPINA1;LCP2;RHOG;CD59;DGKH;PIM1;CD55;MSRB1;IRF2;PSEN1;EHD1;RABIF;S100A9;CDK5R1;F5;CDA;COL4A2;JAK2;GRB2;RAF1;SERPINE1;CEBPB;AKAP10;TNFAIP3;PIK3R5;MMP8;VCPIP1;CLU;PIK3CA;GNB2;GNAI3;LAMP2;PRSS36;CASP4;USP15;C1R;BRPF3;CTSD;CA2
DNA_REPAIR	0.00247669445395129	0.00674211268020074	0.136831791314999	-0.299500066963644	-1.55113730865596	144	entry4_SOFA_D3__all_valid	negative-risk	GTF2H3;RNMT;GTF2H1;ERCC8;NELFCD;NUDT21;ADA;MRPL40;SRSF6;SF3A3;NCBP2;POLR1H;ERCC4;APRT;POLR2D;LIG1;NFX1;DUT;IMPDH2;ERCC3;ITPA;EDF1;POLR1C;UMPS;RPA3;RFC3;PCNA;POLR2K;POLR2C;ERCC5;NME1;GTF2A2;NME3;TP53;RFC4;AK3;AAAS;TAF9;SEC61A1;SSRP1;DDB2;TMED2;GTF2H5;DDB1;PDE4B;RFC5;POLB;REV3L;POLR2H;GSDME;SNAPC5;HPRT1;TARBP2;NELFE;ELOA;MPG;TAF1C;ALYREF;NUDT9;SMAD5;POLD1;CSTF3;POLR3C;UPF3B;RALA;RAD52
E2F_TARGETS	1.02372848018235e-05	5.57363283654835e-05	0.188057309511404	-0.329380172089039	-1.79104562429361	200	entry4_SOFA_D3__all_valid	negative-risk	SYNCRIP;EED;MAD2L1;NOP56;RAN;PPP1R8;MYC;NUDT21;CNOT9;AK2;STMN1;PAICS;ASF1A;EIF2S1;PMS2;KIF22;TMPO;RAD50;PHF5A;WDR90;IPO7;HNRNPD;LIG1;DCTPP1;DUT;CDC25B;PRDX4;MLH1;RPA3;RFC3;DNMT1;RAD1;PCNA;SLBP;PAN2;NUP205;NME1;NUP107;CDK4;RBBP7;TP53;CSE1L;RANBP1;ILF3;MRE11;SRSF2;SMC1A;SMC3;MCM3;RFC1;SSRP1;CTPS1;CBX5;MSH2;TBRG4;NOLC1;RPA1;NAP1L1;CENPM;XRCC6;MCM5;HELLS;ZW10;CCNE1;CKS1B;CDKN2A;MCM7;RNASEH2A;RRM2;UBE2T;POLD2;SRSF1;LYAR;SMC4;POLE;MTHFD2;PRPS1;CDK1;PRIM2;POLD1;TRA2B;DSCC1;RAD51C;GINS3;SNRPB;UBR7;POLE4;LUC7L3;TIMELESS;BRMS1L;TIPIN;TUBB;EXOSC8;ORC6;MMS22L;DCK;PLK4;TCF19;EZH2;UNG
EPITHELIAL_MESENCHYMAL_TRANSITION	0.206346512811811	0.297381739052315	0.0387843992887662	0.237642891955746	1.14179058123221	119	entry4_SOFA_D3__all_valid	positive-risk	GADD45A;BASP1;FBN2;PCOLCE2;CD59;QSOX1;EFEMP2;CD44;FAS;CAPG;COL4A2;SERPINE1;TGFB1;COLGALT1;AREG;COL7A1;NOTCH2;GADD45B;TNFAIP3;LOXL1;TPM1;PFN2;PLOD1;THBS1;COPA;COL6A3;PDLIM4
ESTROGEN_RESPONSE_EARLY	0.0104617315131578	0.0213593685060305	0.120674297088992	0.295840646832179	1.46337811310101	143	entry4_SOFA_D3__all_valid	positive-risk	IGF1R;AFF1;FKBP5;RAB31;SVIL;MED13L;RARA;MREG;TIPARP;TTC39A;UGCG;SLC2A1;FOXC1;KDM4B;MINDY1;GAB2;KAZN;CD44;TOB1;CANT1;OLFML3;JAK2;CHPT1;DHCR7;GLA;RHOBTB3;INHBB;SIAH2;FHL2;AREG;B4GALT1;NADSYN1;CISH;ANXA9;CA12;SH3BP5;KCNK5;TUBB2B;FLNB;TMEM164;MAST4;ALDH3B1;DLC1;IL17RB;AMFR;RAPGEFL1;SLC7A5;ABHD2;IL6ST
ESTROGEN_RESPONSE_LATE	0.179024716098864	0.265824578449829	0.0416455870120122	0.234095113768653	1.15470017802988	140	entry4_SOFA_D3__all_valid	positive-risk	ATP2B4;AFF1;FKBP5;RAB31;SERPINA1;IMPA2;FOXC1;CCNA1;BATF;MAPK13;S100A9;CD44;TOB1;SNX10;JAK2;ST6GALNAC2;CHPT1;DHCR7;GLA;SIAH2;AREG;PTPN6;JAK1;CISH;ANXA9;CA12;CA2;KCNK5;FLNB;CKB;ZFP36;ALDH3B1;IL17RB;AMFR;RAPGEFL1;XRCC3;SLC7A5;ABHD2;IL6ST;HSPA4L
FATTY_ACID_METABOLISM	0.0933431589290101	0.147542412500693	0.0726386507219513	-0.240250142322005	-1.22844970636841	131	entry4_SOFA_D3__all_valid	negative-risk	OSTC;MDH1;METAP1;APEX1;ECHS1;ACSS1;ACAA2;SUCLG2;ECI1;HADH;ACAT2;HSD17B10;MCEE;CBR1;ACADM;SDHD;BPHL;ADSL;HSD17B4;ACOT2;ECI2;ACSL5;UGDH;PDHA1;BCKDHB;PSME1;MIX23;BLVRA;CPT2;ODC1;RAP1GDS1;CD36;PCBD1;ALDH3A2;GCDH;HMGCS1;NTHL1;MIF;SUCLA2;HSD17B7;HSPH1;PTS;SMS;FH;ENO2;MDH2;XIST;EHHADH;ACO2;S100A10;IDH3B;MLYCD;CD1D;CRYZ;ALDH1A1;ECH1;IDH3G;RDH11;ALDH9A1;CPOX;HSP90AA1;UROS;DLST;ERP29
G2M_CHECKPOINT	0.770393536617149	0.786443401963339	0.022273511774139	-0.164555918365865	-0.889264315262106	191	entry4_SOFA_D3__all_valid	negative-risk	BUB3;SYNCRIP;G3BP1;SLC38A1;SRSF10;MAD2L1;PURA;NCL;MYC;CUL5;STMN1;KIF22;TMPO;RPS6KA5;HNRNPD;CDC25B;H2AZ2;HSPA8;PRP4K;SLC12A2;CDK4;TENT4A;ORC5;MTF2;ILF3;SRSF2;SMC1A;UCK2;MCM3;SS18;SNRPD1;ODC1;NOLC1;CUL1;DTYMK;SMAD3;FBXO5;HMGN2;MCM5;ABL1;NDC80;SMARCC1;SMC2;CKS1B;RASAL2;ODF2;MNAT1;GINS2
GLYCOLYSIS	0.0898507952123299	0.146756298846805	0.0599454721514683	0.244200166711081	1.23781111854907	166	entry4_SOFA_D3__all_valid	positive-risk	TGFA;PYGL;PHKA2;IRS2;TPST1;HK2;PKM;B4GALT4;PDK3;P4HA2;RRAGD;ABCB6;QSOX1;DSC2;SPAG4;MERTK;EXT1;CD44;LCT;LDHA;SLC16A3;PGM2;G6PD;PAM;ANKZF1;IL13RA1;PKP2;TALDO1;PGK1;B4GALT1;IER3;SAP30;ALDOA;ME2;DEPDC1;PLOD1
HEDGEHOG_SIGNALING	0.133345628919218	0.204185494282553	0.0516977810497724	0.385103319868321	1.29990471551572	23	entry4_SOFA_D3__all_valid	positive-risk	ETS2;SLIT1;CDK5R1;NF1;TLE3;GLI1;MYH9;TLE1;RASA1
HEME_METABOLISM	2.35298386343066e-11	3.84320697693675e-10	0.273663582629998	0.448127061208765	2.31322948980737	189	entry4_SOFA_D3__all_valid	positive-risk	NFE2;CCND3;SLC22A4;GCLM;ADD1;ATP6V0A1;MBOAT2;NARF;SLC25A37;LPIN2;LRP10;FBXO34;P4HA2;FBXO9;EZH1;ABCB6;MAP2K3;MARK3;MPP1;CAST;SLC2A1;HTATIP2;ERMAP;KHNYN;GAPVD1;FOXO3;PSMD9;NR3C1;SDCBP;DCAF10;PPP2R5B;SMOX;SPTB;GDE1;PICALM;ALAD;FOXJ2;RHAG;ADIPOR1;LAMP2;SEC14L1;NUDT4;EIF2AK1;RCL1;USP15;RAP1GAP;KDM7A;CA2;HDGF;MARCHF2;TNRC6B;RANBP10;SLC66A2;LMO2;RHD;TMCC2;ANK1;KEL;ARHGEF12;RBM5;SYNJ1;TAL1;BCAM;MARCHF8;KLF3;NEK7;DMTN;E2F2;RBM38;DCAF11;CTNS;EPOR;RNF19A;HTRA2;FN3K;GATA1;BTRC;RHCE;XPO7;KAT2B;CTSB;NFE2L1;TOP1;SLC6A8;FBXO7;DAAM1;UBAC1;TRIM58;YPEL5;HAGH;CLIC2;CCDC28A;MXI1;BSG;VEZF1;HMBS;CDC27;KLF1;CDR2;OSBP2;RNF123;XK;AGPAT4;MKRN1;SLC6A9;PDZK1IP1
HYPOXIA	1.69126932137746e-08	2.07180491868739e-07	0.232569324665012	0.432050401926309	2.16341857206327	153	entry4_SOFA_D3__all_valid	positive-risk	NDRG1;PFKFB3;FOSL2;SLC2A3;NFIL3;AMPD3;TPST2;IRS2;NDST2;HK2;RBPJ;SLC6A6;KLF7;JMJD6;KLF6;PDK3;P4HA2;CCNG2;RRAGD;TIPARP;PIM1;PGM1;SLC2A1;ADM;WSB1;IDS;EXT1;FOXO3;LDHA;NR3C1;PNRC1;PGM2;SERPINE1;PPP1R15A;PAM;SIAH2;ANKZF1;TNFAIP3;PGK1;CDKN1B;NDST1;IER3;CSRP2;HK1;MAP3K1;SAP30;DUSP1;MYH9;ALDOA;CA12;GBE1;GAPDH;PYGM;PLAC8;PRDX5;TMEM45A;PHKG1;ZFP36;GYS1;GLRX;ZNF292;NEDD4L;UGP2;CITED2;DDIT4
IL2_STAT5_SIGNALING	0.00120954631898561	0.00348633939001734	0.144233372292081	0.310472471580519	1.58562321379911	177	entry4_SOFA_D3__all_valid	positive-risk	CST7;NDRG1;MAPKAPK2;IL1R2;CCND3;IGF1R;SLC2A3;NFIL3;CKAP4;PLSCR1;FURIN;SCN9A;HK2;HIPK2;MXD1;IL4R;HYCC2;IL18R1;KLF6;ALCAM;IGF2R;RRAGD;PIM1;ADAM19;SELL;DENND5A;IFNGR1;BATF;CD44;IFITM3;PLEC;SMPDL3A;CAPG;CAPN3;IL1RL1;CSF1;MAP3K8;ST3GAL4;GLIPR2;GADD45B;GABARAPL1;SLC39A8;DCPS;F2RL2;SPRED2;ETFBKMT;CISH;EMP1
IL6_JAK_STAT3_SIGNALING	4.09818942582719e-07	4.01622563731064e-06	0.213932663476247	0.510929494102793	2.24106222627068	72	entry4_SOFA_D3__all_valid	positive-risk	IL1R2;IL1R1;IL17RA;STAT3;SOCS3;IFNAR1;IL10RB;TNFRSF1A;ACVR1B;IL4R;IFNGR2;IL18R1;TLR2;PTPN1;PIM1;CSF3R;PDGFC;CSF2RB;IFNGR1;CSF2RA;CD44;FAS;CBL;GRB2;MYD88;CSF1;MAP3K8;TGFB1;IL13RA1;PIK3R5
INFLAMMATORY_RESPONSE	7.08844045749202e-06	4.34166978021386e-05	0.193509375041476	0.378294577107659	1.9022031364708	157	entry4_SOFA_D3__all_valid	positive-risk	IL1R1;KIF1B;IL18RAP;IFNAR1;LYN;ACVR1B;PTPRE;MXD1;IL4R;LCP2;IFITM1;IFNGR2;PROK2;IL18R1;RHOG;FPR1;KLF6;AQP9;MEFV;TLR2;RNF144B;OSM;IRAK2;NFKB1;CD55;NFKBIA;CSF3R;SELL;CD82;LDLR;PSEN1;C3AR1;ADM;PTAFR;HIF1A;SEMA4D;NLRP3;SGMS2;RAF1;CSF1;TAPBP;ADGRE1;SERPINE1;PIK3R5;EIF2AK2;SLC31A2;FFAR2;KCNJ2;CLEC5A;GNAI3;NAMPT;TLR1;HPN;ICAM1;NOD2
INTERFERON_ALPHA_RESPONSE	0.0275935199709486	0.0520031722529415	0.111722689770913	0.309014805205234	1.42329493616154	94	entry4_SOFA_D3__all_valid	positive-risk	TRIM25;PLSCR1;ADAR;IL4R;IFITM1;IFITM2;IRF2;SELL;TRAFD1;TMEM140;TRIM21;IFITM3;CSF1;TRIM5;PARP9;EIF2AK2;IRF9;TDRD7;GMPR;SP110;HELZ2;GBP2;TAP1;IRF1;NMI;SLC25A28;OGFR;TXNIP;HLA-C;IRF7;RNF31;BATF2;MOV10
INTERFERON_GAMMA_RESPONSE	0.00644294645507644	0.0143501989226702	0.129006250027651	0.283130485163046	1.46151804797504	189	entry4_SOFA_D3__all_valid	positive-risk	TRIM25;UPP1;STAT3;LATS2;EIF4E3;PLSCR1;SOCS3;ADAR;IL4R;LCP2;FPR1;NLRC5;PTPN1;NFKB1;PIM1;NFKBIA;IFITM2;IRF2;TRAFD1;CSF2RB;ZNFX1;TRIM21;IFITM3;HIF1A;FAS;JAK2;MYD88;TAPBP;TMT1B;MVP;CD274;PTPN6;TNFAIP3;EIF2AK2;PELI1;ARID5B;RNF213;RIPK1;TOR1B;NAMPT;IRF9;TDRD7;CASP4;C1R;FCGR1A;ICAM1;SP110;SOCS1;IFNAR2;HELZ2;TAP1;MX2;IRF1;NMI;RBCK1;TNFAIP6;SLC25A28;OGFR;PML;SPPL2A;TNFSF10;TXNIP;SELP;ST8SIA4
KRAS_SIGNALING_DN	0.290249035426166	0.395061187107837	0.0324018254719922	0.243912652487651	1.09697470313146	82	entry4_SOFA_D3__all_valid	positive-risk	ZBTB16;PTPRJ;ASB7;ENTPD7;CPEB3;TG;MEFV;CCNA1;STAG3;KCND1;MAST3;NR6A1;PTGFR;HSD11B2;KMT2D;BARD1
KRAS_SIGNALING_UP	0.60458500669344	0.690932411377548	0.0191841342809855	0.188782329043392	0.932531277539271	142	entry4_SOFA_D3__all_valid	positive-risk	MMP9;ARG1;LAT2;AVL9;CDADC1;GALNT3;TLR8;C3AR1;CSF2RA;DOCK2;TOR1AIP2;F2RL1;LCP1;CBL;PTBP2;NIN;PPP1R15A;ADAM17;GADD45G;TNFAIP3;MAP3K1;TRIB1;MTMR10;EMP1;ADAM8;LY96;TFPI;CA2;ALDH1A2;ITGB2;IKZF1;SPRY2;FCER1G;GLRX;RETN;LAPTM5
MITOTIC_SPINDLE	1.87818077513856e-05	9.20308579817897e-05	0.182442388419998	0.347606695239602	1.79791736374285	193	entry4_SOFA_D3__all_valid	positive-risk	CDK5RAP2;KIF1B;CLASP1;RANBP9;TUBA4A;ARL8A;AKAP13;FGD4;PREX1;GSN;KLC1;KIF3C;CDC42EP2;PPP4R2;SSH2;WASF2;SPTBN1;LMNB1;ARHGEF11;CSNK1D;PAFAH1B1;DOCK2;CNTROB;ROCK1;PXN;RASA2;CDC42EP4;NCK2;NF1;NIN;CLIP1;NOTCH2;STAU1;RALBP1;ARFGEF1;MYH9;CDC42BPA;NEDD9;ARHGEF2;CAPZB;CDC42EP1;MARCKS;TUBD1;CDC42;FLNB;RASA1;ITSN1;KPTN;APC;MARK4;ABR;ACTN4;ARHGAP27;ECT2;ARHGEF12;KIF4A;ABI1;PRC1;TTK;KIF11;MYH10;VCL;MAP1S;MYO9B;KIF5B;CYTH2;ARAP3;TAOK2;HDAC6;PDLIM5;MAP3K11;TLK1;TUBGCP3;CEP192;TUBGCP2;KIF23;DYNLL2;SOS1;BCR;KATNB1;AURKA;ARHGDIA;RAB3GAP1;KIF15;CLIP2;SUN2;WASF1;MAPRE1;ARHGEF7;NUSAP1
MTORC1_SIGNALING	0.763330706593118	0.786443401963339	0.0225439202236334	-0.16480923757132	-0.894987741355905	198	entry4_SOFA_D3__all_valid	negative-risk	UFM1;FGL2;GTF2H1;ATP5MC1;EEF1E1;PPIA;HSPA9;HSPD1;GGA2;M6PR;HSP90B1;PSMD14;EPRS1;PSMC2;SHMT2;SLC37A4;CACYBP;MTHFD2L;MLLT11;TCEA1;IMMT;PRDX1;STARD4;USO1;CYB5B;SC5D;INSIG1;SEC11A;NUP205;HSPA4;RRP9;CXCR4;SSR1;PITPNB;SORD;SYTL2;PPA1;UCHL5;CANX;RPA1;PSMA3;ARPC5L;XBP1;HMGCS1;PHGDH;CCT6A;FKBP2;EBP;QDPR;EDEM1;HSPE1;SERPINH1;EIF2S2;PSMG1;SDF2L1;NUFIP1;RPN1;CALR
MYC_TARGETS_V1	1.12722012425269e-26	5.5233786088382e-25	0.425427328036047	-0.566730471375769	-3.07759948415921	198	entry4_SOFA_D3__all_valid	negative-risk	DDX18;SRSF7;BUB3;SYNCRIP;HNRNPR;SNRPA1;ABCE1;NPM1;G3BP1;RPL34;EEF1B2;FBL;TOMM70;RPL22;CLNS1A;MAD2L1;MRPS18B;NOP56;SET;RPL6;RAN;CCT4;RPS5;RPS2;RPLP0;SNRPD2;PPIA;NDUFAB1;DDX21;ILF2;HSPD1;APEX1;RPS6;SSBP1;MYC;RSL1D1;RPS10;EIF3D;GLO1;CCT2;STARD7;PSMD14;EPRS1;VDAC1;EIF2S1;PHB1;RPL18;RPS3;IARS1;POLE3;PSMD8;NCBP2;HNRNPD;PSMA2;DUT;IMPDH2;DHX15;PRDX4;RACK1;HNRNPA1;GNL3;YWHAQ;ERH;HNRNPA3;PRPS2;SRSF3;CCT7;PCNA;C1QBP;KARS1;MRPL23;MRPL9;SERBP1;NME1;SNRPA;CDK4;TUFM;HDAC2;RFC4;PABPC4;RRP9;RANBP1;SRSF2;RPL14;ACP1;VDAC3;SRM;TXNL4A;CTPS1;SNRPD1;UBE2E1;ODC1;SLC25A3;EIF4A1;CANX;SNRPD3;NOLC1;CUL1;NAP1L1;PHB2;HDDC2;COX5A;XRCC6;SSB;AIMP2;SNRPB2;PSMA1;MCM5;UBA2;EIF4E;HSPE1;SMARCC1;NCBP1;EIF2S2;RRM1;LSM7;HPRT1;MCM7;CSTF2;CCT3;PSMB2;POLD2;SF3B3;COPS5;GOT2;SRSF1;HSP90AB1;PRDX3;NHP2;PPM1G;PWP1;PSMA4;SNRPG;XPOT
MYC_TARGETS_V2	3.6499558684978e-06	2.55496910794846e-05	0.198811983535242	-0.511523240511828	-2.21864661795001	57	entry4_SOFA_D3__all_valid	negative-risk	DDX18;WDR43;NPM1;NOP56;UTP20;NDUFAF4;HSPD1;MYC;PPAN;PHB1;PES1;PUS1;MRTO4;DCTPP1;GNL3;GRWD1;CDK4;RRP9;TFB2M;SRM;SORD;MPHOSPH10;LAS1L;IMP4;TBRG4;NOLC1;AIMP2;MCM5;PRMT3;HSPE1;MYBBP1A;TMEM97;NOP16;NIP7;NOP2;DUSP2;IPO4
MYOGENESIS	0.231780167264038	0.324492234169654	0.0364020639179082	0.235240712201648	1.12341222480696	115	entry4_SOFA_D3__all_valid	positive-risk	ACSL1;MEF2A;SVIL;GSN;MYBPC3;ITGA7;FOXO4;DAPK2;COL4A2;KLF5;PDLIM7;TGFB1;MYOM1;TPM3;GADD45B;RIT1;KIFC3;MYH9;CLU;PYGM;COL6A3;NQO1;DMPK;NOTCH1;MYL6B;CKB;ATP6AP1;IFRD1;MYH11;LSP1;GPX3;APP;HDAC5;MAPRE3;GABARAPL2;SMTN;BAG1;ACHE;MYLK;FLII;SLC6A8;SPARC;AK1;TAGLN;AKT2;HBEGF;NCAM1;ITGB5
NOTCH_SIGNALING	0.689398907103825	0.750678809957498	0.021257756377706	-0.235392309622581	-0.847313705637321	26	entry4_SOFA_D3__all_valid	negative-risk	DTX4;MAML2;LFNG;PSEN2;HES1;CUL1;ARRB1;FZD1
OXIDATIVE_PHOSPHORYLATION	5.73019481864562e-12	1.40389773056818e-10	0.281162603477836	-0.428206987672558	-2.32842871718327	200	entry4_SOFA_D3__all_valid	negative-risk	MRPS30;LRPPRC;LDHB;PDP1;TIMM17A;CYCS;TOMM70;MRPL35;DLAT;MRPL15;MDH1;OXA1L;ATP5PO;ATP5MC1;ABCB7;NDUFB5;COX7C;NDUFAB1;HSPA9;COX6C;COX10;ECHS1;ATP5MC2;NDUFS3;ACAA2;SLC25A4;VDAC1;NDUFB2;TOMM22;UQCRC2;PDK4;ATP5MC3;TIMM13;ATP5F1A;BDH2;NDUFV1;VDAC2;MRPL11;ECI1;NDUFA4;HSD17B10;CASP7;COX7A2;IMMT;SLC25A5;NDUFA8;GLUD1;SLC25A6;PHYH;IDH2;NDUFA5;ATP5PB;ACADM;PMPCA;ACADSB;MRPS12;TIMM10;NDUFB8;SDHD;TIMM9;TIMM50;UQCRQ;MGST3;PDHA1;NDUFA6;OPA1;COX4I1;VDAC3;SLC25A3;UQCRFS1;FDX1;UQCR10;SLC25A20;PHB2;NNT;MTX2;COX5A;ATP5F1C;ETFA;MRPS11;NDUFS6;SLC25A12;SUCLA2;ATP5PD;IDH3A;ATP6V1F
P53_PATHWAY	0.0157813963706146	0.0309315368864047	0.111722689770913	0.271118112435838	1.39125638550033	181	entry4_SOFA_D3__all_valid	positive-risk	UPP1;NDRG1;CCND3;GADD45A;TGFA;ZBTB16;ABHD4;DRAM1;ACVR1B;ALOX15B;PTPRE;MXD1;APAF1;STOM;CEBPA;CD82;TRAFD1;NUPR1;SP1;PRMT2;FOXO3;HEXIM1;TOB1;CDK5R1;FAS;RXRA;RNF19B;PRKAB1;PPP1R15A;RHBDF2;INHBB;TGFB1;IER3;CTSD;SOCS1;CSRNP2;GPX2;PPM1D;NOTCH1;SERTAD3;ZFP36L1;TAP1;VDR;CCP110;PLK3;FGF13;MKNK2;DEF6;CYFIP2;GM2A;DDIT4;STEAP3;IP6K2;TXNIP;APP;HSPA4L
PEROXISOME	0.58727948003714	0.690932411377548	0.0247933781576858	-0.197290552364713	-0.934737071745989	86	entry4_SOFA_D3__all_valid	negative-risk	ABCD2;SLC23A2;CLN6;SLC25A4;HRAS;SLC35B2;ERCC3;EPHX2;DHRS3;IDH2;PRDX1;SLC25A19;CADM1;SCP2;ABCB1;HSD17B4;ABCB4;ECI2;ACSL5
PI3K_AKT_MTOR_SIGNALING	7.12093472450786e-05	0.000290771501250737	0.170659227573092	0.411863812459736	1.89158319718858	92	entry4_SOFA_D3__all_valid	positive-risk	MKNK1;CAB39;PRKCB;SLA;MAP2K6;MAPK1;TNFRSF1A;PRKAR2A;DUSP3;RAC1;RALB;VAV3;GSK3B;MAP2K3;PTEN;SLC2A1;RPS6KA3;RPS6KA1;GRB2;RAF1;MYD88;CFL1;RIT1;YWHAB;CDKN1B;UBE2D3;RIPK1;IRAK4;ACTR2;AKT1S1;SMAD2;PIKFYVE;ACTR3;GRK2;ARF1;MKNK2;CLTC;MAPK10;IL2RG;E2F1;PDK1;PFN1;ITPR2;NFKBIB;TBK1;AP2M1
PROTEIN_SECRETION	0.412839248434238	0.532345346665202	0.0258681820896116	0.223773258052038	1.021798533209	89	entry4_SOFA_D3__all_valid	positive-risk	KIF1B;MAPK1;IGF2R;RPS6KA3;STX16;GNAS;AP2B1;CD63;GLA;PAM;ARFGEF1;RAB5A;STX7;LAMP2;VAMP3;AP1G1;ARF1;CLTC;SEC22B;STAM;AP3S1;RAB2A;AP2M1;RAB14;CLN5;COPB1;ARFGAP3;ATP6V1H;NAPA;VPS4B;ABCA1;PPT1;ATP7A;AP2S1;SNAP23;YKT6;SGMS1
REACTIVE_OXYGEN_SPECIES_PATHWAY	0.000160038850852214	0.0006032233609045	0.164451346566605	0.49095872550744	1.98207188578584	48	entry4_SOFA_D3__all_valid	positive-risk	GCLM;GSR;HHEX;FES;MSRA;MBP;SBNO2;CDKN2D;G6PD;OXSR1;TXNRD1;SRXN1;LAMTOR5;TXN;NQO1;FTL;JUNB;GLRX;EGLN2;LSP1;GPX3;PRDX6
SPERMATOGENESIS	0.60632844263744	0.690932411377548	0.0199693537129219	0.209244177550742	0.917796345265791	72	entry4_SOFA_D3__all_valid	positive-risk	PGS1;AGFG1;TLE4;PRKAR2A;CCNA1;CLVS1;BRAF;IP6K1;TALDO1;PHF7;SHE;H1-6;CHFR;GMCL1;MAST2;TTK
TGF_BETA_SIGNALING	0.00271718410486936	0.00700747479676834	0.136831791314999	0.431500051871968	1.74202855982768	48	entry4_SOFA_D3__all_valid	positive-risk	FKBP1A;RAB31;FURIN;HIPK2;IFNGR2;SPTBN1;TGFBR1;SERPINE1;PPP1R15A;TGFB1;SKI;SMAD1;CTNNB1;UBE2D3;THBS1;XIAP;PPM1A;SMURF1;APC;JUNB;RHOA
TNFA_SIGNALING_VIA_NFKB	1.62630625845345e-06	1.32815011107031e-05	0.203976791242268	0.380520420995041	1.93782544894283	173	entry4_SOFA_D3__all_valid	positive-risk	BCL6;GADD45A;PFKFB3;ETS2;FOSL2;CFLAR;SLC2A3;B4GALT5;NFIL3;BCL2A1;IRS2;SOCS3;DRAM1;LITAF;PTPRE;MXD1;IFNGR2;KLF6;KLF9;TLR2;RCAN1;NFKB1;TIPARP;MAP2K3;NFKBIA;TNIP1;LDLR;DENND5A;EHD1;CD44;F2RL1;BCL3;PER1;RNF19B;CSF1;PNRC1;MAP3K8;SERPINE1;PPP1R15A;ZC3H12A;CEBPB;CEBPD;KDM6B;AREG;GADD45B;TNFAIP3;B4GALT1;NFE2L2;JAG1;IER3;DUSP1;TRIB1;STAT5A;NAMPT;MARCKS;ICAM1;NFAT5;TUBB2A;TNIP2;TAP1;REL;IRF1;JUNB;ZFP36;TNFAIP6
UNFOLDED_PROTEIN_RESPONSE	5.88328297449189e-05	0.000262073514318275	0.17664908299824	-0.379627358867465	-1.87916994808493	109	entry4_SOFA_D3__all_valid	negative-risk	NPM1;IMP3;NOP56;EXOSC2;EIF2AK3;HSPA9;EXOSC9;SPCS1;HSP90B1;EIF2S1;RPS14;PDIA6;IARS1;CEBPG;SKIC3;SLC30A5;DNAJB9;LSM4;SRPRB;SEC31A;EIF4A2;MTREX;WFS1;BANF1;SEC11A;RRP9;SSR1;EIF4EBP1;FUS;HERPUD1;BAG3;DDX10;EIF4A1;HYOU1;EXOC2;NOLC1;YIF1A;ALDH18A1;SPCS3;NOP14;FKBP14;XBP1;CNOT2;EIF4E;EDEM1;SDAD1;CKS1B;CALR;PAIP1;EEF2;NHP2;GOSR2;EXOSC1;XPOT;MTHFD2;NFYB;SLC1A4;KHSRP;HSPA5;TSPYL2;PREB;LSM1;CXXC1;PARN;DKC1;GEMIN4;SERP1
UV_RESPONSE_DN	0.0447175285884963	0.0755572034771145	0.0880409553363699	0.282043456924599	1.34692275189298	115	entry4_SOFA_D3__all_valid	positive-risk	MAPK14;ATP2B4;IGF1R;ATXN1;SYNE1;DYRK1A;WDR37;NFKB1;PTEN;LDLR;GCNT1;CELF2;SCN8A;PPARG;RXRA;NR3C1;RASA2;PIK3CD;SERPINE1;TGFBR2;FHL2;NOTCH2;CDKN1B;SCAF8;DUSP1;APBB2;CDC42BPA;PTGFR;PRDM2;TFPI;CACNA1A;NIPBL
UV_RESPONSE_UP	0.36	0.476756756756757	0.0277854840418346	0.214947248487776	1.04331654233002	127	entry4_SOFA_D3__all_valid	positive-risk	CCND3;ARRB2;ATP6V1C1;GRINA;PRKCD;TUBA4A;ALAS1;FURIN;LYN;MAOA;NFKBIA;RAB27A;AGO2;MARK2;CHKA;ACAA1;NUP58;GRPEL1;ALDOA;CA2;ICAM1;PDAP1;TAP1;IRF1;CDC34;JUNB;PRKACA;STARD3;GPX3;APOM
WNT_BETA_CATENIN_SIGNALING	0.486287502300755	0.595702190318424	0.0240795170552961	0.265978174149464	0.97786760991952	32	entry4_SOFA_D3__all_valid	positive-risk	RBPJ;NUMB;MAML1;ADAM17;FRAT1;JAG1;CTNNB1;NCSTN;NKD1;NOTCH1
XENOBIOTIC_METABOLISM	0.00837648283195789	0.0178455503811277	0.120674297088992	0.300262559802697	1.48324611293215	141	entry4_SOFA_D3__all_valid	positive-risk	UPP1;PGD;IL1R1;ETS2;GSR;POR;DDAH2;TPST1;ALAS1;ACOX1;ARG1;TNFRSF1A;LPIN2;SLC6A6;MAOA;AQP9;PINK1;VNN1;UPB1;FAS;CDA;SLC46A3;ESR1;MARCHF6;SERPINE1;ABCC2;SMOX;GABARAPL1;SLC22A1;ITIH4;RAP1GAP;CA2;CSAD;NQO1;DHRS7
ADIPOGENESIS	0.818419761164731	0.835470172855663	0.014420099525711	0.168400188850322	0.849932426263224	163	entry4_SOFA_D3__PH_pass	positive-risk	BCL6;GADD45A;PFKFB3;POR;RTN3;ACOX1;ITGA7;SQOR;CCNG2;STOM;PGM1;ELMOD3;GPAT4;LPCAT3;IFNGR1;TOB1;PPARG;DHRS7B;DHCR7;PPM1B;ORM1;TALDO1;TKT;GRPEL1;ALDOA;STAT5A;GBE1;CDKN2C;BAZ2A;CHUK;CD151;PIM3;ITSN1
ALLOGRAFT_REJECTION	0.000221898189375814	0.000906084273284575	0.164451346566605	-0.327623087291071	-1.72211128647989	153	entry4_SOFA_D3__PH_pass	negative-risk	RPS3A;HLA-DRA;ABCE1;NPM1;HLA-DMB;CD3D;EIF3A;ITK;HLA-DMA;SIT1;RPL9;LY75;TRAT1;CD3G;DARS1;HLA-DOA;RPL39;CTSS;CD28;CD86;UBE2N;CD4;CD40LG;EIF3D;IL7;LY86;CD8B;LCK;CD74;RPS19;IRF4;HLA-DQA1;TNF;IRF8;CD8A;CD2;FCGR2B;STAT4;ZAP70;CCR2;CD3E;IL15;CD79A;CCR5;HDAC9;CXCR3;CD40;NME1;CD247;MRPL3
ANDROGEN_RESPONSE	0.00138220602272699	0.00398400559491896	0.144233372292081	0.388490712783513	1.72389708309469	77	entry4_SOFA_D3__PH_pass	positive-risk	CCND3;CAMKK2;GSR;ACTN1;FKBP5;HPGD;PTK2B;IDI1;SLC38A2;HERC3;MYL12A;RPS6KA3;ACSL3;MERTK;UBE2J1;MAK;IQGAP2;VAPA;B4GALT1;ARID5B;GNAI3;SRF;PIAS1
ANGIOGENESIS	0.507646400596792	0.621866840731071	0.0235936628401341	0.298480746690591	0.960576765820323	20	entry4_SOFA_D3__PH_pass	positive-risk	LRPAP1;PGLYRP1;JAG1;FGFR1;APP;S100A4;TIMP1;FSTL1;VEGFA;PF4
APICAL_JUNCTION	0.0121028964493054	0.0257844315659115	0.120674297088992	0.30430782368707	1.46605524293424	121	entry4_SOFA_D3__PH_pass	positive-risk	MAPK14;SIRPA;ADAM9;MMP9;ACTN1;SKAP2;CAP1;PIK3CB;ALOX15B;PTEN;VASP;RAC2;MAPK13;COL17A1;NF1;CNN2;ACTB;B4GALT1;IKBKG;MAP3K20;THBS3;ZYX;MYH9;ICAM5;ARPC2;ITGA10;ICAM1;CTNNA1;RASA1;FYB1;PBX2;GNAI2;INPPL1;ACTN4;NECTIN2;SHC1;PCDH1;YWHAH;MYH10;VCL;RSU1;CLDN15;PFN1;STX4;TAOK2;TUBG1;MYL12B;BAIAP2;MPZL1;PARD6G
APICAL_SURFACE	0.476017441860465	0.598073196183661	0.0242165392930001	0.27921513031159	0.987291607159248	28	entry4_SOFA_D3__PH_pass	positive-risk	FLOT2;LYN;PCSK9;CRYBG1;B4GALT1;NCOA6;APP;IL2RG;DCBLD2;BRCA1;ADIPOR2
APOPTOSIS	0.130092204526404	0.199203688181056	0.0497572002748371	0.251017543769008	1.21170812534964	122	entry4_SOFA_D3__PH_pass	positive-risk	GADD45A;CFLAR;GSR;TIMP2;ADD1;HGF;GSN;RARA;IGF2R;PSEN1;CCNA1;IFNGR1;CD44;IFITM3;CREBBP;HMGB2;PPP2R5B;TSPO;CTNNB1;IER3;CLU;EMP1;NEDD9;XIAP;DNAJC3;DPYD;BCAP31;TAP1;IRF1;PPP3R1;GNA15;CASP9;GPX3;ANXA1;TXNIP;APP
BILE_ACID_METABOLISM	0.542202478372691	0.632569558101473	0.0262601546166628	-0.210506128576056	-0.952879394732767	69	entry4_SOFA_D3__PH_pass	negative-risk	ABCD2;CYP27A1;SLC23A2;PEX12;PAOX;LCK;NR3C2;EFHC1;SLC35B2;EPHX2;PHYH;IDH2;SCP2;PEX7;HSD17B4;ACSL5;HACL1
CHOLESTEROL_HOMEOSTASIS	0.000434577279663583	0.0014196191135677	0.157999743098826	0.43471169737068	1.85436857024645	64	entry4_SOFA_D3__PH_pass	positive-risk	NFIL3;PLSCR1;NIBAN1;IDI1;PDK3;ALCAM;ABCA2;LDLR;CHKA;ANTXR2;PPARG;DHCR7;PNRC1;ACSS2;JAG1;CTNNB1;S100A11;CLU
COAGULATION	0.0140054508476977	0.0285944621473827	0.120674297088992	0.341718199201257	1.52355893628671	79	entry4_SOFA_D3__PH_pass	positive-risk	ADAM9;MMP9;FURIN;SERPINA1;KLF7;GSN;RAC1;WDR1;RABIF;SERPINE1;F12;MMP8;F2RL2;CTSK;CLU;GNB2;LAMP2;THBS1;C1R;HPN;F8;CASP9;ANXA1;PLAU;GP1BA;ITGB3;MSRB2;TIMP1;PEF1;P2RY1;CTSB;SPARC;CFB;CPQ;PF4
COMPLEMENT	0.000298388197308566	0.00104435869057998	0.157999743098826	0.345104169701058	1.7160817278949	149	entry4_SOFA_D3__PH_pass	positive-risk	ITGAM;CR1;ADAM9;PRKCD;HSPA1A;TIMP2;PLSCR1;PIK3CG;GCA;LYN;S100A12;PCSK9;SERPINA1;LCP2;RHOG;CD59;DGKH;PIM1;CD55;MSRB1;IRF2;PSEN1;EHD1;RABIF;S100A9;CDK5R1;F5;CDA;COL4A2;GRB2;RAF1;SERPINE1;CEBPB;AKAP10;TNFAIP3;PIK3R5;MMP8;CLU;PIK3CA;GNB2;GNAI3;LAMP2;PRSS36;C1R;BRPF3;CTSD;CA2
DNA_REPAIR	0.00742566656258521	0.0173265553126988	0.129006250027651	-0.288429544773916	-1.47857096250634	133	entry4_SOFA_D3__PH_pass	negative-risk	GTF2H3;RNMT;GTF2H1;ERCC8;NUDT21;ADA;MRPL40;SF3A3;NCBP2;POLR1H;ERCC4;APRT;POLR2D;LIG1;NFX1;DUT;IMPDH2;ERCC3;ITPA;EDF1;POLR1C;UMPS;RPA3;RFC3;PCNA;POLR2K;POLR2C;NME1;GTF2A2;NME3;TP53;RFC4;AK3;AAAS;TAF9;SEC61A1;SSRP1;DDB2;TMED2;GTF2H5;PDE4B;RFC5;POLB;REV3L;POLR2H;GSDME;SNAPC5;HPRT1;TARBP2;NELFE;MPG;TAF1C;ALYREF;NUDT9;SMAD5;POLD1;CSTF3;POLR3C;UPF3B;RALA;RAD52
E2F_TARGETS	2.45505805262551e-05	0.000150372305723313	0.182442388419998	-0.33441862684473	-1.79060750915783	175	entry4_SOFA_D3__PH_pass	negative-risk	SYNCRIP;EED;MAD2L1;NOP56;RAN;PPP1R8;MYC;NUDT21;AK2;STMN1;PAICS;EIF2S1;KIF22;TMPO;RAD50;PHF5A;WDR90;IPO7;HNRNPD;LIG1;DCTPP1;DUT;PRDX4;MLH1;RPA3;RFC3;RAD1;PCNA;SLBP;NME1;NUP107;CDK4;RBBP7;TP53;CSE1L;RANBP1;ILF3;MRE11;SRSF2;SMC3;RFC1;SSRP1;CTPS1;MSH2;TBRG4;NOLC1;RPA1;NAP1L1;CENPM;XRCC6;MCM5;HELLS;ZW10;CCNE1;CKS1B;CDKN2A;MCM7;RNASEH2A;RRM2;UBE2T;POLD2;SRSF1;LYAR;SMC4;MTHFD2;PRPS1;CDK1;PRIM2;POLD1;TRA2B;DSCC1;RAD51C;GINS3;SNRPB;UBR7;POLE4;TIMELESS;BRMS1L;TIPIN;TUBB;EXOSC8;ORC6;MMS22L;DCK;PLK4;TCF19;EZH2;UNG
EPITHELIAL_MESENCHYMAL_TRANSITION	0.358861402914266	0.462742335336817	0.0278354169200699	0.22273766070438	1.04827037196374	106	entry4_SOFA_D3__PH_pass	positive-risk	GADD45A;BASP1;FBN2;PCOLCE2;CD59;QSOX1;EFEMP2;CD44;CAPG;COL4A2;SERPINE1;TGFB1;COLGALT1;AREG;COL7A1;TNFAIP3;LOXL1;TPM1;PLOD1;THBS1;COPA;PDLIM4;VIM;WIPF1;CXCL1;ANPEP;ITGA5;SFRP4;ACTA2;ITGB3;PTX3;TIMP1;FSTL1;MYLK;SLC6A8;LGALS1;VEGFA;SPARC;TAGLN;TGM2;TPM4;FN1;ITGB5
ESTROGEN_RESPONSE_EARLY	0.00294184593329572	0.00758686582797316	0.136831791314999	0.329958484421152	1.59922246204864	125	entry4_SOFA_D3__PH_pass	positive-risk	IGF1R;AFF1;FKBP5;RAB31;SVIL;MED13L;RARA;MREG;TIPARP;TTC39A;UGCG;SLC2A1;FOXC1;KDM4B;MINDY1;GAB2;KAZN;CD44;TOB1;CANT1;OLFML3;CHPT1;DHCR7;GLA;RHOBTB3;INHBB;SIAH2;FHL2;AREG;B4GALT1;NADSYN1;CISH;ANXA9;CA12;SH3BP5;KCNK5;TUBB2B;FLNB;TMEM164;ALDH3B1;DLC1;IL17RB;AMFR;RAPGEFL1;SLC7A5
ESTROGEN_RESPONSE_LATE	0.199202525336435	0.294824924042437	0.0390962704702094	0.235449801971942	1.14632620819665	129	entry4_SOFA_D3__PH_pass	positive-risk	ATP2B4;AFF1;FKBP5;RAB31;SERPINA1;IMPA2;FOXC1;CCNA1;MAPK13;S100A9;CD44;TOB1;SNX10;ST6GALNAC2;CHPT1;DHCR7;GLA;SIAH2;AREG;PTPN6;JAK1;CISH;ANXA9;CA12;CA2;KCNK5;FLNB;CKB;ZFP36;ALDH3B1;IL17RB;AMFR;RAPGEFL1;XRCC3;SLC7A5;IL6ST;HSPA4L
FATTY_ACID_METABOLISM	0.0604477611940299	0.102135872362326	0.0915140765993025	-0.250833242864586	-1.27265415317206	126	entry4_SOFA_D3__PH_pass	negative-risk	OSTC;MDH1;METAP1;APEX1;ECHS1;ACSS1;ACAA2;SUCLG2;ECI1;HADH;ACAT2;HSD17B10;MCEE;CBR1;ACADM;SDHD;BPHL;ADSL;HSD17B4;ACOT2;ECI2;ACSL5;UGDH;PDHA1;BCKDHB;PSME1;MIX23;BLVRA;CPT2;ODC1;RAP1GDS1;CD36;PCBD1;ALDH3A2;GCDH;HMGCS1;NTHL1;MIF;SUCLA2;HSD17B7;HSPH1;PTS;SMS;FH;ENO2;MDH2;XIST;EHHADH;ACO2;S100A10;IDH3B;CD1D;CRYZ;ALDH1A1;ECH1;IDH3G;RDH11;ALDH9A1;CPOX;HSP90AA1;UROS;DLST;ERP29
G2M_CHECKPOINT	0.782339271882262	0.815630304728316	0.0218839514223438	-0.166252577331251	-0.879062306819424	161	entry4_SOFA_D3__PH_pass	negative-risk	BUB3;SYNCRIP;G3BP1;SLC38A1;SRSF10;MAD2L1;PURA;NCL;MYC;CUL5;STMN1;KIF22;TMPO;RPS6KA5
GLYCOLYSIS	0.0722240419259745	0.117965935145758	0.067207783715993	0.251302630491641	1.26267795830056	159	entry4_SOFA_D3__PH_pass	positive-risk	TGFA;PYGL;PHKA2;IRS2;TPST1;HK2;PKM;B4GALT4;PDK3;P4HA2;RRAGD;ABCB6;QSOX1;DSC2;SPAG4;MERTK;EXT1;CD44;LCT;LDHA;SLC16A3;PGM2;G6PD;PAM;ANKZF1;IL13RA1;PKP2;TALDO1;PGK1;B4GALT1;IER3;SAP30;ALDOA;ME2;DEPDC1;PLOD1
HEDGEHOG_SIGNALING	0.0598179453836151	0.102135872362326	0.0791568051442498	0.450064523591239	1.466714994938	21	entry4_SOFA_D3__PH_pass	positive-risk	ETS2;SLIT1;CDK5R1;NF1;TLE3;GLI1;MYH9;TLE1;RASA1;PML;VLDLR;ACHE;VEGFA
HEME_METABOLISM	4.22047563371415e-11	6.89344353506644e-10	0.26983593142799	0.453744886316212	2.31660425620011	176	entry4_SOFA_D3__PH_pass	positive-risk	NFE2;CCND3;SLC22A4;GCLM;ADD1;ATP6V0A1;MBOAT2;NARF;SLC25A37;LPIN2;LRP10;FBXO34;P4HA2;FBXO9;EZH1;ABCB6;MAP2K3;MARK3;MPP1;CAST;SLC2A1;ERMAP;KHNYN;GAPVD1;FOXO3;PSMD9;NR3C1;SDCBP;DCAF10;PPP2R5B;SMOX;SPTB;GDE1;PICALM;ALAD;FOXJ2;RHAG;ADIPOR1;LAMP2;SEC14L1;NUDT4;EIF2AK1;RCL1;RAP1GAP;KDM7A;CA2;HDGF;MARCHF2;TNRC6B;RANBP10;SLC66A2;LMO2;RHD;TMCC2;ANK1;KEL;ARHGEF12;RBM5;SYNJ1;TAL1;BCAM;MARCHF8;KLF3;NEK7;DMTN
HYPOXIA	2.60809653100615e-08	3.19491825048253e-07	0.232569324665012	0.441915658097208	2.17486373204224	139	entry4_SOFA_D3__PH_pass	positive-risk	PFKFB3;FOSL2;SLC2A3;NFIL3;AMPD3;TPST2;IRS2;NDST2;HK2;RBPJ;SLC6A6;KLF7;JMJD6;KLF6;PDK3;P4HA2;CCNG2;RRAGD;TIPARP;PIM1;PGM1;SLC2A1;ADM;WSB1;IDS;EXT1;FOXO3;LDHA;NR3C1;PNRC1;PGM2;SERPINE1;PPP1R15A;PAM;SIAH2;ANKZF1;TNFAIP3;PGK1;NDST1;IER3;CSRP2;HK1;MAP3K1;SAP30;DUSP1;MYH9;ALDOA;CA12;GBE1;GAPDH;PYGM
IL2_STAT5_SIGNALING	0.00238706785357116	0.00649812915694371	0.136831791314999	0.310058996305022	1.56253598498767	161	entry4_SOFA_D3__PH_pass	positive-risk	CST7;MAPKAPK2;IL1R2;CCND3;IGF1R;SLC2A3;NFIL3;CKAP4;PLSCR1;FURIN;SCN9A;HK2;HIPK2;MXD1;IL4R;HYCC2;IL18R1;KLF6;ALCAM;IGF2R;RRAGD;PIM1;ADAM19;SELL;DENND5A;IFNGR1;CD44;IFITM3;PLEC;SMPDL3A;CAPG;CAPN3;CSF1;MAP3K8;ST3GAL4;GLIPR2;GABARAPL1;SLC39A8;DCPS;F2RL2;SPRED2;ETFBKMT;CISH;EMP1
IL6_JAK_STAT3_SIGNALING	7.96204018636206e-06	5.57342813045344e-05	0.188057309511404	0.485408445750974	2.10119543077364	68	entry4_SOFA_D3__PH_pass	positive-risk	IL1R2;IL1R1;IL17RA;STAT3;SOCS3;IFNAR1;IL10RB;TNFRSF1A;ACVR1B;IL4R;IFNGR2;IL18R1;PTPN1;PIM1;CSF3R;PDGFC;CSF2RB;IFNGR1;CSF2RA;CD44;GRB2;MYD88;CSF1;MAP3K8;TGFB1;IL13RA1;PIK3R5
INFLAMMATORY_RESPONSE	3.86974543663852e-05	0.000181643191822371	0.17664908299824	0.374087641691917	1.84105186049325	139	entry4_SOFA_D3__PH_pass	positive-risk	IL1R1;KIF1B;IL18RAP;IFNAR1;LYN;ACVR1B;PTPRE;MXD1;IL4R;LCP2;IFNGR2;PROK2;IL18R1;RHOG;FPR1;KLF6;AQP9;MEFV;RNF144B;OSM;IRAK2;NFKB1;CD55;NFKBIA;CSF3R;SELL;CD82;LDLR;PSEN1;C3AR1;ADM;PTAFR;SEMA4D;SGMS2;RAF1;CSF1;TAPBP;ADGRE1;SERPINE1;PIK3R5;EIF2AK2;SLC31A2;FFAR2;KCNJ2;CLEC5A;GNAI3;HPN;ICAM1;NOD2
INTERFERON_ALPHA_RESPONSE	0.109443183801711	0.172990838912381	0.0558040307839881	0.287330866966494	1.27297473671277	76	entry4_SOFA_D3__PH_pass	positive-risk	TRIM25;PLSCR1;ADAR;IL4R;IFITM2;IRF2;SELL;TRAFD1;TMEM140;IFITM3;CSF1;TRIM5;EIF2AK2;IRF9;TDRD7;GMPR;SP110;HELZ2;TAP1;IRF1;SLC25A28;OGFR;TXNIP;HLA-C
INTERFERON_GAMMA_RESPONSE	0.0408096637283709	0.0740619823218583	0.0901888162992841	0.261109334755416	1.31942362580525	164	entry4_SOFA_D3__PH_pass	positive-risk	TRIM25;UPP1;STAT3;LATS2;EIF4E3;PLSCR1;SOCS3;ADAR;IL4R;LCP2;FPR1;NLRC5;PTPN1;NFKB1;PIM1;NFKBIA;IFITM2;IRF2;TRAFD1;CSF2RB;ZNFX1;IFITM3;MYD88;TAPBP;TMT1B;MVP;PTPN6;TNFAIP3;EIF2AK2;ARID5B;RNF213;RIPK1;TOR1B;IRF9;TDRD7;C1R;FCGR1A;ICAM1;SP110;SOCS1;IFNAR2;HELZ2;TAP1;MX2;IRF1;RBCK1;SLC25A28;OGFR;PML;SPPL2A;TXNIP;SELP;ST8SIA4
KRAS_SIGNALING_DN	0.306592256714336	0.413560929350403	0.0312434265369516	0.246661277190788	1.08917732614063	75	entry4_SOFA_D3__PH_pass	positive-risk	ZBTB16;ASB7;ENTPD7;CPEB3;TG;MEFV;CCNA1;STAG3;KCND1;MAST3;NR6A1;PTGFR;HSD11B2;KMT2D;BARD1
KRAS_SIGNALING_UP	0.777759225246285	0.815630304728316	0.0154518269525634	0.176652004493685	0.858469774369259	128	entry4_SOFA_D3__PH_pass	positive-risk	MMP9;ARG1;LAT2;AVL9;CDADC1;TLR8;C3AR1;CSF2RA;DOCK2;TOR1AIP2;F2RL1;LCP1;PTBP2;PPP1R15A;ADAM17;GADD45G;TNFAIP3;MAP3K1;TRIB1;MTMR10;EMP1;ADAM8;TFPI;CA2;ALDH1A2;ITGB2;SPRY2;FCER1G;RETN;LAPTM5
MITOTIC_SPINDLE	3.70303058847599e-05	0.000181643191822371	0.17664908299824	0.352809854086031	1.79929000983427	174	entry4_SOFA_D3__PH_pass	positive-risk	KIF1B;CLASP1;RANBP9;TUBA4A;ARL8A;AKAP13;FGD4;PREX1;GSN;KLC1;KIF3C;CDC42EP2;SSH2;WASF2;SPTBN1;LMNB1;ARHGEF11;CSNK1D;PAFAH1B1;DOCK2;CNTROB;PXN;RASA2;CDC42EP4;NCK2;NF1;CLIP1;STAU1;RALBP1;ARFGEF1;MYH9;CDC42BPA;NEDD9;ARHGEF2;CAPZB;CDC42EP1;MARCKS;TUBD1;CDC42;FLNB;RASA1;ITSN1;KPTN;MARK4;ABR;ACTN4;ARHGAP27;ECT2;ARHGEF12;KIF4A;ABI1;PRC1;TTK;KIF11;MYH10;VCL;MAP1S;MYO9B;CYTH2;ARAP3;TAOK2;HDAC6;PDLIM5;MAP3K11;TLK1;TUBGCP3;CEP192;TUBGCP2;KIF23;DYNLL2;SOS1;BCR;KATNB1;AURKA;ARHGDIA;RAB3GAP1;KIF15;CLIP2;SUN2;WASF1;MAPRE1;NUSAP1
MTORC1_SIGNALING	0.58109166884304	0.632744261629088	0.0269727730438533	-0.177701635934569	-0.956793631056835	181	entry4_SOFA_D3__PH_pass	negative-risk	UFM1;FGL2;GTF2H1;ATP5MC1;EEF1E1;PPIA;HSPA9;HSPD1;GGA2;M6PR;HSP90B1;PSMD14;EPRS1;PSMC2;SHMT2;SLC37A4;CACYBP;MTHFD2L;MLLT11;TCEA1;IMMT;PRDX1;STARD4;USO1;CYB5B;SC5D;INSIG1;SEC11A;HSPA4;RRP9;CXCR4;SSR1;PITPNB;SORD;SYTL2;PPA1;UCHL5;CANX;RPA1;PSMA3;ARPC5L;XBP1;HMGCS1;PHGDH;CCT6A;FKBP2;EBP;QDPR;EDEM1;HSPE1;SERPINH1;EIF2S2;PSMG1;SDF2L1;NUFIP1;RPN1;CALR;HPRT1
MYC_TARGETS_V1	6.48932544933339e-26	3.17976947017336e-24	0.418028027451589	-0.568442974939706	-3.08105219277629	189	entry4_SOFA_D3__PH_pass	negative-risk	DDX18;SRSF7;BUB3;SYNCRIP;HNRNPR;SNRPA1;ABCE1;NPM1;G3BP1;RPL34;EEF1B2;FBL;TOMM70;RPL22;CLNS1A;MAD2L1;MRPS18B;NOP56;SET;RPL6;RAN;CCT4;RPS5;RPS2;RPLP0;SNRPD2;PPIA;NDUFAB1;DDX21;ILF2;HSPD1;APEX1;RPS6;SSBP1;MYC;RSL1D1;RPS10;EIF3D;GLO1;CCT2;STARD7;PSMD14;EPRS1;VDAC1;EIF2S1;PHB1;RPL18;RPS3;IARS1;POLE3;PSMD8;NCBP2;HNRNPD;PSMA2;DUT;IMPDH2;DHX15;PRDX4;RACK1;HNRNPA1;GNL3;YWHAQ;HNRNPA3;PRPS2;SRSF3;CCT7;PCNA;C1QBP;KARS1;MRPL23;MRPL9;SERBP1;NME1;SNRPA;CDK4;TUFM;HDAC2;RFC4;RRP9;RANBP1;SRSF2;RPL14;ACP1;VDAC3;SRM;TXNL4A;CTPS1;SNRPD1;UBE2E1;ODC1;SLC25A3;EIF4A1;CANX;SNRPD3;NOLC1;CUL1;NAP1L1;PHB2;HDDC2;COX5A;XRCC6;SSB;AIMP2;SNRPB2;PSMA1;MCM5;UBA2;HSPE1;NCBP1;EIF2S2;RRM1;LSM7;HPRT1;MCM7;CSTF2;CCT3;PSMB2;POLD2;SF3B3;GOT2;SRSF1;HSP90AB1;PRDX3;NHP2;PPM1G;PWP1;PSMA4;SNRPG;XPOT
MYC_TARGETS_V2	2.86354885270941e-06	2.33856489637935e-05	0.198811983535242	-0.519080421129799	-2.23554252754583	55	entry4_SOFA_D3__PH_pass	negative-risk	DDX18;WDR43;NPM1;NOP56;UTP20;NDUFAF4;HSPD1;MYC;PPAN;PHB1;PES1;PUS1;MRTO4;DCTPP1;GNL3;GRWD1;CDK4;RRP9;TFB2M;SRM;SORD;MPHOSPH10;LAS1L;IMP4;TBRG4;NOLC1;AIMP2;MCM5;PRMT3;HSPE1;MYBBP1A;TMEM97;NOP16;NIP7;NOP2;DUSP2;IPO4
MYOGENESIS	0.204572396274344	0.294824924042437	0.0389303792602627	0.244220707234736	1.15357842285364	108	entry4_SOFA_D3__PH_pass	positive-risk	ACSL1;MEF2A;SVIL;GSN;MYBPC3;ITGA7;FOXO4;DAPK2;COL4A2;KLF5;PDLIM7;TGFB1;MYOM1;TPM3;RIT1;KIFC3;MYH9;CLU;PYGM;NQO1;DMPK;NOTCH1;MYL6B;CKB;ATP6AP1;IFRD1;MYH11;LSP1;GPX3;APP;HDAC5;MAPRE3;GABARAPL2;SMTN;BAG1;ACHE;MYLK;FLII;SLC6A8;SPARC;AK1;TAGLN;AKT2;HBEGF;NCAM1;ITGB5;MYO1C;IGFBP7;KCNH2;ENO3;SIRT2;TSC2;NAV2;PICK1;MAPK12;RB1;CRAT;SCD
NOTCH_SIGNALING	0.933968391426716	0.933968391426716	0.0165649600655104	-0.188974245992286	-0.638227267587587	21	entry4_SOFA_D3__PH_pass	negative-risk	MAML2;LFNG;PSEN2;HES1;CUL1;FZD1;SKP1;DTX1;PPARD;KAT2A
OXIDATIVE_PHOSPHORYLATION	1.73333323745159e-12	4.24666643175641e-11	0.288466744584162	-0.44743648698279	-2.40911896390876	181	entry4_SOFA_D3__PH_pass	negative-risk	MRPS30;LRPPRC;LDHB;PDP1;TIMM17A;CYCS;TOMM70;MRPL35;DLAT;MRPL15;MDH1;OXA1L;ATP5PO;ATP5MC1;ABCB7;NDUFB5;COX7C;NDUFAB1;HSPA9;COX6C;COX10;ECHS1;ATP5MC2;NDUFS3;ACAA2;SLC25A4;VDAC1;NDUFB2;TOMM22;UQCRC2;PDK4;ATP5MC3;TIMM13;ATP5F1A;BDH2;NDUFV1;VDAC2;MRPL11;ECI1;NDUFA4;HSD17B10;CASP7;COX7A2;IMMT;SLC25A5;NDUFA8;GLUD1;SLC25A6;PHYH;IDH2;NDUFA5;ATP5PB;ACADM;ACADSB;MRPS12;SDHD;TIMM9;TIMM50;UQCRQ;MGST3;PDHA1;NDUFA6;OPA1;COX4I1;VDAC3;SLC25A3;UQCRFS1;FDX1;UQCR10;SLC25A20;PHB2;NNT;MTX2;COX5A;ATP5F1C;ETFA;MRPS11;NDUFS6;SLC25A12;SUCLA2;IDH3A;ATP6V1F
P53_PATHWAY	0.0158013529687394	0.0309706518187292	0.111722689770913	0.281460338258266	1.41859798453991	162	entry4_SOFA_D3__PH_pass	positive-risk	UPP1;CCND3;GADD45A;TGFA;ZBTB16;ABHD4;DRAM1;ACVR1B;ALOX15B;PTPRE;MXD1;APAF1;STOM;CEBPA;CD82;TRAFD1;NUPR1;SP1;PRMT2;FOXO3;HEXIM1;TOB1;CDK5R1;RXRA;RNF19B;PRKAB1;PPP1R15A;RHBDF2;INHBB;TGFB1;IER3;CTSD;SOCS1;CSRNP2;GPX2;PPM1D;NOTCH1;SERTAD3;ZFP36L1;TAP1;VDR;PLK3;FGF13;MKNK2;DEF6;CYFIP2;GM2A;DDIT4;STEAP3;TXNIP;APP;HSPA4L
PEROXISOME	0.528239981251465	0.631311197105409	0.0267486380487619	-0.206407952356003	-0.966850917344446	81	entry4_SOFA_D3__PH_pass	negative-risk	ABCD2;SLC23A2;CLN6;SLC25A4;HRAS;SLC35B2;ERCC3;EPHX2;DHRS3;IDH2;PRDX1;SLC25A19;CADM1;SCP2;ABCB1;HSD17B4;ABCB4;ECI2;ACSL5
PI3K_AKT_MTOR_SIGNALING	0.000246913237885461	0.000930672973568276	0.157999743098826	0.41245999499081	1.84283515123364	80	entry4_SOFA_D3__PH_pass	positive-risk	MKNK1;CAB39;PRKCB;SLA;MAP2K6;MAPK1;TNFRSF1A;PRKAR2A;DUSP3;RAC1;GSK3B;MAP2K3;PTEN;SLC2A1;RPS6KA3;RPS6KA1;GRB2;RAF1;MYD88;CFL1;RIT1;YWHAB;UBE2D3;RIPK1;IRAK4;ACTR2;AKT1S1;SMAD2;PIKFYVE;ACTR3;GRK2;ARF1;MKNK2;CLTC;IL2RG;E2F1;PFN1;ITPR2;NFKBIB;AP2M1
PROTEIN_SECRETION	0.228646288209607	0.32010480349345	0.0371823354857534	0.258185901238987	1.14567969682736	77	entry4_SOFA_D3__PH_pass	positive-risk	KIF1B;MAPK1;IGF2R;RPS6KA3;STX16;GNAS;AP2B1;CD63;GLA;PAM;ARFGEF1;RAB5A;STX7;LAMP2;VAMP3;AP1G1;ARF1;CLTC;SEC22B;STAM;AP3S1;RAB2A;AP2M1;RAB14;CLN5;ARFGAP3;ATP6V1H;NAPA;VPS4B;ABCA1;PPT1;ATP7A;AP2S1;SNAP23
REACTIVE_OXYGEN_SPECIES_PATHWAY	0.000816022573123281	0.00249906913019005	0.151273237061354	0.48324387185596	1.89050436617545	42	entry4_SOFA_D3__PH_pass	positive-risk	GCLM;GSR;FES;MSRA;MBP;SBNO2;CDKN2D;G6PD;OXSR1;TXNRD1;SRXN1;LAMTOR5;TXN;NQO1;FTL;JUNB;EGLN2;LSP1;GPX3;PRDX6
SPERMATOGENESIS	0.573891625615764	0.632744261629088	0.0207373241452539	0.219853165842159	0.935983112289325	63	entry4_SOFA_D3__PH_pass	positive-risk	PGS1;AGFG1;TLE4;PRKAR2A;CCNA1;CLVS1;BRAF;IP6K1;TALDO1;PHF7;SHE;H1-6;CHFR;GMCL1;TTK
TGF_BETA_SIGNALING	0.0034626509650601	0.00848349486439725	0.136831791314999	0.440897454835567	1.74353160681785	44	entry4_SOFA_D3__PH_pass	positive-risk	FKBP1A;RAB31;FURIN;HIPK2;IFNGR2;SPTBN1;TGFBR1;SERPINE1;PPP1R15A;TGFB1;SKI;SMAD1;CTNNB1;UBE2D3;THBS1;XIAP;PPM1A;SMURF1;JUNB;RHOA
TNFA_SIGNALING_VIA_NFKB	9.62454757537237e-07	9.43205662386493e-06	0.203976791242268	0.398236757093316	1.99075727238164	154	entry4_SOFA_D3__PH_pass	positive-risk	BCL6;GADD45A;PFKFB3;ETS2;FOSL2;CFLAR;SLC2A3;B4GALT5;NFIL3;IRS2;SOCS3;DRAM1;LITAF;PTPRE;MXD1;IFNGR2;KLF6;KLF9;RCAN1;NFKB1;TIPARP;MAP2K3;NFKBIA;TNIP1;LDLR;DENND5A;EHD1;CD44;F2RL1;BCL3;PER1;RNF19B;CSF1;PNRC1;MAP3K8;SERPINE1;PPP1R15A;ZC3H12A;CEBPB;CEBPD;KDM6B;AREG;TNFAIP3;B4GALT1;NFE2L2;JAG1;IER3;DUSP1;TRIB1;STAT5A;MARCKS;ICAM1;NFAT5;TUBB2A;TNIP2;TAP1;REL;IRF1;JUNB;ZFP36
UNFOLDED_PROTEIN_RESPONSE	4.07770430621649e-05	0.000181643191822371	0.17664908299824	-0.400747062781602	-1.9346958547846	96	entry4_SOFA_D3__PH_pass	negative-risk	NPM1;IMP3;NOP56;EXOSC2;EIF2AK3;HSPA9;EXOSC9;SPCS1;HSP90B1;EIF2S1;RPS14;PDIA6;IARS1;CEBPG;SKIC3;SLC30A5;DNAJB9;LSM4;SRPRB;EIF4A2;MTREX;WFS1;BANF1;SEC11A;RRP9;SSR1;EIF4EBP1;FUS;BAG3;DDX10;EIF4A1;HYOU1;EXOC2;NOLC1;YIF1A;ALDH18A1;SPCS3;NOP14;FKBP14;XBP1;CNOT2;EDEM1;SDAD1;CKS1B;CALR;EEF2;NHP2;GOSR2;EXOSC1;XPOT;MTHFD2;NFYB;KHSRP;HSPA5;TSPYL2;PREB;CXXC1;PARN;DKC1;GEMIN4;SERP1
UV_RESPONSE_DN	0.0326864147088866	0.0616013200282863	0.103250260704189	0.303532357984747	1.403877524322	96	entry4_SOFA_D3__PH_pass	positive-risk	MAPK14;ATP2B4;IGF1R;ATXN1;SYNE1;DYRK1A;WDR37;NFKB1;PTEN;LDLR;GCNT1;CELF2;SCN8A;PPARG;RXRA;NR3C1;RASA2;PIK3CD;SERPINE1;TGFBR2;FHL2;SCAF8;DUSP1;APBB2;CDC42BPA;PTGFR;PRDM2;TFPI;CACNA1A
UV_RESPONSE_UP	0.312280701754386	0.413560929350403	0.030096487257355	0.222936515134205	1.07262846723866	119	entry4_SOFA_D3__PH_pass	positive-risk	CCND3;ARRB2;ATP6V1C1;GRINA;PRKCD;TUBA4A;ALAS1;FURIN;LYN;MAOA;NFKBIA;RAB27A;AGO2;MARK2;CHKA;ACAA1;NUP58;GRPEL1;ALDOA;CA2;ICAM1;PDAP1;TAP1;IRF1;CDC34;JUNB;PRKACA;STARD3;GPX3;APOM
WNT_BETA_CATENIN_SIGNALING	0.579985390796202	0.632744261629088	0.021149930696909	0.258905704899969	0.922488479012875	29	entry4_SOFA_D3__PH_pass	positive-risk	RBPJ;NUMB;ADAM17;FRAT1;JAG1;CTNNB1;NCSTN;NKD1;NOTCH1
XENOBIOTIC_METABOLISM	0.0110182190435647	0.0245405787788486	0.120674297088992	0.301344940787531	1.4738119319892	134	entry4_SOFA_D3__PH_pass	positive-risk	UPP1;PGD;IL1R1;ETS2;GSR;POR;DDAH2;TPST1;ALAS1;ACOX1;ARG1;TNFRSF1A;LPIN2;SLC6A6;MAOA;AQP9;PINK1;VNN1;UPB1;CDA;SLC46A3;ESR1;MARCHF6;SERPINE1;ABCC2;SMOX;GABARAPL1;SLC22A1;ITIH4;RAP1GAP;CA2;CSAD;NQO1
ADIPOGENESIS	0.784076990376203	0.800411927675707	0.0160128995173261	0.167655791312556	0.870770855404489	176	entry4_SOFA_noD3__all_valid	positive-risk	BCL6;PFKFB3;GADD45A;POR;RTN3;ACOX1;SQOR;ITGA7;CCNG2;GPAT4;STOM;ELMOD3;IFNGR1;PGM1;LPCAT3;TOB1;DHRS7B;DHCR7;PPARG;PPM1B;ORM1;TALDO1;GBE1;STAT5A;CDKN2C;GRPEL1;TKT;NABP1;ALDOA;CHUK
ALLOGRAFT_REJECTION	0.00199927927263176	0.00515603601889242	0.136831791314999	-0.291315439650779	-1.54506942511057	169	entry4_SOFA_noD3__all_valid	negative-risk	RPS3A;HLA-DRA;NPM1;ABCE1;EIF3A;HLA-DMB;ITK;HLA-DMA;RPL9;LY75;CD3D;SIT1;HLA-DOA;TRAT1;CD3G;CTSS;DARS1;CD86;CD40LG;CD28;ETS1;CD4;RPL39;EIF3D;UBE2N;IL7;LY86;CD74;LCK;CD8B;CCND2;IRF4;RPS19;IRF8;TNF;CD8A;CD2;HLA-DQA1;FCGR2B;CD3E;CCR2;CD79A;ZAP70;IL15
ANDROGEN_RESPONSE	0.00655935720354993	0.0153051668082832	0.129006250027651	0.341444728362084	1.56890846780394	86	entry4_SOFA_noD3__all_valid	positive-risk	NDRG1;CAMKK2;CCND3;GSR;HPGD;IDI1;ACTN1;FKBP5;PTK2B;SLC38A2;ACSL3;RPS6KA3;HERC3;MYL12A;UBE2J1;MERTK;MAK;IQGAP2;VAPA;ARID5B;GNAI3;B4GALT1;SRF;PIAS1
ANGIOGENESIS	0.807224334600761	0.807224334600761	0.0167966209516589	0.226365247193045	0.76264149181852	22	entry4_SOFA_noD3__all_valid	positive-risk	LRPAP1;PGLYRP1;JAG1;FGFR1;APP;S100A4;FSTL1;PF4;TIMP1
APICAL_JUNCTION	0.00792803366548491	0.0168901586786418	0.120674297088992	0.298419266303366	1.47968785615912	131	entry4_SOFA_noD3__all_valid	positive-risk	MAPK14;SIRPA;ADAM9;MMP9;SKAP2;CAP1;ACTN1;ALOX15B;PIK3CB;PTEN;SYK;VASP;MAPK13;RAC2;COL17A1;CD274;NF1;CNN2;MAP3K20;THBS3;ACTB;IKBKG;ZYX;B4GALT1;ARPC2;MYH9;ICAM5;PTPRC;CTNNA1;RASA1;ICAM1;FYB1;MSN;ITGA10;INPPL1;GNAI2;NECTIN2;PBX2;ACTN4;RSU1;MYH10;CLDN15;YWHAH;SHC1;STX4;PFN1;MYL12B;VCL
APICAL_SURFACE	0.557480015226494	0.670042094576926	0.0224187911294372	0.256742217046078	0.93237014900037	29	entry4_SOFA_noD3__all_valid	positive-risk	FLOT2;LYN;PCSK9;CRYBG1;B4GALT1;NCOA6;IL2RG;APP;BRCA1;DCBLD2;ADIPOR2
APOPTOSIS	0.028100987004897	0.052959552432306	0.111722689770913	0.27280059977902	1.36930630382751	140	entry4_SOFA_noD3__all_valid	positive-risk	GADD45A;CFLAR;GSR;TIMP2;HGF;ADD1;GSN;RNASEL;RARA;IFNGR1;CCNA1;PSEN1;FAS;IGF2R;CD44;ROCK1;IFITM3;CREBBP;TSPO;GADD45B;PPP2R5B;HMGB2;CDKN1B;CTNNB1;IER3;CASP4;XIAP;CLU;DNAJC3;NEDD9;DPYD;CASP2;TAP1;EMP1;BCAP31;IRF1;PPP3R1;GNA15;TNFSF10;ANXA1;GPX3;CASP9;DNAJA1;APP;F2R;CTH;GCH1
BILE_ACID_METABOLISM	0.663093698022547	0.738445254616018	0.0192884950916415	0.199422941097378	0.894548265837229	75	entry4_SOFA_noD3__all_valid	positive-risk	GCLM;ACSL1;ATXN1;PECR;IDI1;SULT1B1;AQP9;ABCA2
CHOLESTEROL_HOMEOSTASIS	0.000282124734837529	0.000921607467135927	0.157999743098826	0.426737480647656	1.87114564390117	67	entry4_SOFA_noD3__all_valid	positive-risk	NFIL3;PLSCR1;NIBAN1;IDI1;PDK3;ALCAM;ABCA2;LDLR;ANTXR2;CHKA;DHCR7;PNRC1;PPARG;ACSS2;CTNNB1;CLU;FBXO6;JAG1;S100A11
COAGULATION	0.0341514803319589	0.0579047738143621	0.101988395621134	0.303157499395465	1.39795659598145	87	entry4_SOFA_noD3__all_valid	positive-risk	ADAM9;MMP9;FURIN;KLF7;SERPINA1;RAC1;GSN;WDR1;RABIF;SERPINE1;MMP8;F12;THBS1;F2RL2;CLU;GNB2;LAMP2;CTSK;C1R;F8;HPN;ANXA1;PLEK;CASP9;GP1BA;ITGB3;MSRB2;PLAU;PF4;PEF1;P2RY1;TIMP1;SPARC;CTSB;CPQ;VWF;ARF4;CFB;ISCU
COMPLEMENT	0.000204801380463254	0.000716804831621389	0.164451346566605	0.330357827606368	1.70692843421006	169	entry4_SOFA_noD3__all_valid	positive-risk	ITGAM;ADAM9;CR1;PLSCR1;HSPA1A;PRKCD;GCA;TIMP2;PIK3CG;LYN;S100A12;PCSK9;RHOG;SERPINA1;CD59;LCP2;MSRB1;PIM1;CD55;DGKH;IRF2;PSEN1;EHD1;RABIF;JAK2;S100A9;CDK5R1;F5;COL4A2;CDA;SERPINE1;GRB2;RAF1;VCPIP1;AKAP10;CEBPB;TNFAIP3;MMP8;PIK3CA;PRSS36;GNAI3;CASP4;PIK3R5;USP15;CLU;GNB2;LAMP2
DNA_REPAIR	0.00170070014643187	0.00462968373195343	0.144233372292081	-0.305386667849439	-1.5803221177962	144	entry4_SOFA_noD3__all_valid	negative-risk	GTF2H3;RNMT;GTF2H1;ERCC8;NUDT21;NELFCD;ADA;SRSF6;SF3A3;MRPL40;NFX1;NCBP2;POLR2D;ERCC3;ERCC4;POLR1H;LIG1;APRT;DUT;EDF1;POLR1C;IMPDH2;UMPS;ITPA;RFC3;POLR2K;AAAS;PCNA;TP53;ERCC5;RPA3;NME3;POLR2C;AK3;NME1;SSRP1;SEC61A1;RFC4;TAF9;DDB2;GTF2A2;TMED2;DDB1;RFC5;REV3L;POLR2H;TARBP2;SNAPC5;POLB;GSDME;GTF2H5;PDE4B;ELOA;HPRT1;NELFE;SMAD5;ALYREF;MPG;TAF1C;POLR3C;NUDT9
E2F_TARGETS	4.93340876966434e-06	2.68596699681725e-05	0.193509375041476	-0.336025769305731	-1.82458206139389	200	entry4_SOFA_noD3__all_valid	negative-risk	SYNCRIP;MAD2L1;NOP56;EED;RAN;NUDT21;AK2;PPP1R8;CNOT9;MYC;STMN1;PMS2;PAICS;EIF2S1;RAD50;ASF1A;KIF22;TMPO;IPO7;PHF5A;WDR90;LIG1;CDC25B;DUT;DCTPP1;HNRNPD;MLH1;RFC3;SLBP;PRDX4;PAN2;DNMT1;RAD1;PCNA;TP53;RBBP7;NUP205;RPA3;CDK4;CSE1L;MRE11;MCM3;ILF3;RANBP1;NME1;SSRP1;NUP107;CTPS1;CBX5;SMC1A;RPA1;SMC3;RFC1;NOLC1;CENPM;XRCC6;TBRG4;CCNE1;MSH2;UBE2T;MCM5;NAP1L1;HELLS;CKS1B;CDKN2A;ZW10;SRSF2;SRSF1;POLD2;RRM2;LYAR;MCM7;RNASEH2A;POLE;PRPS1;PRIM2;GINS3;SMC4;RAD51C;TUBB;LUC7L3;CDK1;MTHFD2;POLD1;TIPIN;TIMELESS;POLE4;UBR7
EPITHELIAL_MESENCHYMAL_TRANSITION	0.21353979114152	0.317074235331347	0.0393390661709319	0.232330381453372	1.13417088893446	119	entry4_SOFA_noD3__all_valid	positive-risk	GADD45A;BASP1;PCOLCE2;CD59;FBN2;QSOX1;FAS;CD44;EFEMP2;CAPG;COL4A2;SERPINE1;TGFB1;GADD45B;TNFAIP3;LOXL1;TPM1;COLGALT1;AREG;PFN2;THBS1;NOTCH2;COL7A1;COL6A3;PLOD1;COPA;PDLIM4;VIM;WIPF1;CXCL1;SFRP4;ANPEP;ITGA5;ITGB3;FSTL1;ACTA2;TIMP1;PTX3;SPARC;MYLK;TPM4;LGALS1
ESTROGEN_RESPONSE_EARLY	0.0139342894091029	0.0284491742102517	0.120674297088992	0.285889995213432	1.43788007576578	143	entry4_SOFA_noD3__all_valid	positive-risk	IGF1R;AFF1;RAB31;FKBP5;SVIL;TIPARP;RARA;MED13L;UGCG;MREG;TTC39A;KDM4B;SLC2A1;CD44;JAK2;FOXC1;MINDY1;OLFML3;GAB2;KAZN;TOB1;CANT1;DHCR7;CHPT1;GLA;FHL2;AREG;SH3BP5;NADSYN1;SIAH2;RHOBTB3;B4GALT1;CISH;INHBB;ANXA9;KCNK5;CA12;MAST4;FLNB;IL6ST;DLC1;ALDH3B1;IL17RB;TMEM164;AMFR;TUBB2B;RAPGEFL1;SLC24A3;SLC7A5
ESTROGEN_RESPONSE_LATE	0.238903625110522	0.344302283247517	0.0365110590073531	0.221193939604146	1.11026975788817	140	entry4_SOFA_noD3__all_valid	positive-risk	ATP2B4;AFF1;RAB31;FKBP5;SERPINA1;IMPA2;CCNA1;BATF;CD44;JAK2;SNX10;MAPK13;FOXC1;S100A9;TOB1;ST6GALNAC2;DHCR7;CHPT1;GLA;PTPN6;AREG;SIAH2;JAK1;CISH;ANXA9;KCNK5;CA12;FLNB;CA2;IL6ST;ZFP36;CKB;ALDH3B1;IL17RB;AMFR;XRCC3;RAPGEFL1;SLC24A3;SLC7A5
FATTY_ACID_METABOLISM	0.0504845616407483	0.0824581173465555	0.0954173509538673	-0.25479180934899	-1.30140861848713	131	entry4_SOFA_noD3__all_valid	negative-risk	OSTC;MDH1;METAP1;APEX1;ECHS1;ACSS1;ACAA2;HADH;HSD17B10;MCEE;ECI1;CBR1;SUCLG2;ACAT2;ACADM;HSD17B4;BPHL;ACOT2;ADSL;SDHD;BCKDHB;UGDH;ECI2;BLVRA;PDHA1;CPT2;MIX23;ACSL5;PCBD1;ALDH3A2;CD36;ODC1;RAP1GDS1;PSME1;NTHL1;SUCLA2;SMS;HSPH1;GCDH;HMGCS1;MIF;HSD17B7;FH;PTS;MDH2;EHHADH;MLYCD;S100A10;IDH3B;CD1D;ACO2;ALDH1A1;ENO2;ECH1;CPOX;CRYZ;AOC3;ALDH9A1;UROS;DLST;XIST;ERP29;RDH11;ACSM3;IDH3G;HSP90AA1
G2M_CHECKPOINT	0.658444914258868	0.738445254616018	0.0231204769713147	-0.171528430660212	-0.926378095668997	191	entry4_SOFA_noD3__all_valid	negative-risk	BUB3;SYNCRIP;G3BP1;SLC38A1;SRSF10;PURA;MAD2L1;NCL;MYC;STMN1;CUL5;KIF22;TMPO;RPS6KA5;H2AZ2;CDC25B;HSPA8;HNRNPD;PRP4K;CDK4;TENT4A;SLC12A2;MCM3;UCK2;ILF3;ORC5;MTF2;SMC1A;NOLC1;SS18;ODC1;CUL1;SNRPD1;RASAL2;DTYMK;SMAD3;HMGN2;ABL1;NDC80;FBXO5;MCM5;ODF2;CKS1B;SMC2;SRSF2;SRSF1;MNAT1;GINS2;SMARCC1
GLYCOLYSIS	0.0659533415190318	0.104248830142986	0.0730396943187741	0.244844121942227	1.2617199091241	166	entry4_SOFA_noD3__all_valid	positive-risk	TGFA;PYGL;PHKA2;IRS2;TPST1;PKM;B4GALT4;PDK3;HK2;ABCB6;RRAGD;P4HA2;DSC2;QSOX1;MERTK;CD44;EXT1;SPAG4;LCT;LDHA;PAM;SLC16A3;PGM2;G6PD;PGK1;IL13RA1;ANKZF1;TALDO1;IER3;ME2;B4GALT1;SAP30;TXN;ALDOA;PKP2;PLOD1;NDST3;UGP2;RBCK1;DEPDC1;GYS1;GLRX
HEDGEHOG_SIGNALING	0.0978820835718374	0.149881940469376	0.0620731825163625	0.400499466049949	1.366771248464	23	entry4_SOFA_noD3__all_valid	positive-risk	ETS2;SLIT1;CDK5R1;NF1;TLE3;GLI1;MYH9;TLE1;RASA1
HEME_METABOLISM	4.94965157284985e-11	8.08443090232142e-10	0.26983593142799	0.437908905224276	2.29804339646371	189	entry4_SOFA_noD3__all_valid	positive-risk	NFE2;CCND3;SLC22A4;GCLM;MBOAT2;NARF;LRP10;SLC25A37;ADD1;LPIN2;ATP6V0A1;FBXO34;ABCB6;FBXO9;MARK3;P4HA2;MAP2K3;MPP1;CAST;HTATIP2;EZH1;SLC2A1;KHNYN;GAPVD1;PSMD9;NR3C1;ERMAP;FOXO3;SDCBP;DCAF10;PPP2R5B;SMOX;PICALM;RHAG;GDE1;ALAD;SPTB;USP15;LAMP2;KDM7A;ADIPOR1;FOXJ2;EIF2AK1;SLC66A2;MARCHF2;RAP1GAP;SEC14L1;NUDT4;RCL1;LMO2;HDGF;CA2;TNRC6B;ANK1;TAL1;ARHGEF12;SYNJ1;RHD;NEK7;RBM5;RANBP10;RNF19A;TMCC2;E2F2;KLF3;DMTN;HTRA2;DCAF11;EPOR;KEL;MARCHF8;RBM38;BCAM;TOP1;CTNS;BTRC;GATA1;KAT2B;CCDC28A;FN3K;YPEL5;CTSB;NFE2L1;RHCE
HYPOXIA	1.44448710919129e-08	1.76949670875932e-07	0.23699961464824	0.428497592289182	2.18204262969695	153	entry4_SOFA_noD3__all_valid	positive-risk	NDRG1;PFKFB3;NFIL3;SLC2A3;TPST2;FOSL2;AMPD3;IRS2;NDST2;RBPJ;PDK3;SLC6A6;KLF7;HK2;JMJD6;KLF6;RRAGD;TIPARP;CCNG2;P4HA2;PIM1;WSB1;PGM1;ADM;SLC2A1;EXT1;LDHA;NR3C1;IDS;FOXO3;SERPINE1;PAM;PNRC1;PGM2;PPP1R15A;CDKN1B;PGK1;TNFAIP3;ANKZF1;MAP3K1;IER3;SIAH2;DUSP1;HK1;GBE1;CSRP2;SAP30;PLAC8;GAPDH;MYH9;ALDOA;NDST1;CA12;UGP2;GYS1;GLRX;PYGM;PRDX5;TMEM45A;ZNF292;ZFP36
IL2_STAT5_SIGNALING	0.00119378131921855	0.00344089909657111	0.144233372292081	0.305914706874009	1.58913850058167	177	entry4_SOFA_noD3__all_valid	positive-risk	CST7;MAPKAPK2;NDRG1;IL1R2;CCND3;NFIL3;SLC2A3;CKAP4;IGF1R;PLSCR1;SCN9A;FURIN;HYCC2;IL4R;MXD1;HIPK2;HK2;ALCAM;KLF6;IL18R1;RRAGD;PIM1;SELL;IFNGR1;BATF;DENND5A;ADAM19;IGF2R;CD44;SMPDL3A;PLEC;CAPG;IFITM3;CAPN3;MAP3K8;CSF1;ST3GAL4;IL1RL1;DCPS;SLC39A8;GADD45B;GLIPR2;ETFBKMT;GABARAPL1;F2RL2
IL6_JAK_STAT3_SIGNALING	6.81095414420899e-08	6.67473506132481e-07	0.223445379541825	0.525915151520248	2.33707569663866	72	entry4_SOFA_noD3__all_valid	positive-risk	IL1R1;IL1R2;IL17RA;STAT3;IFNAR1;SOCS3;IL10RB;TNFRSF1A;IL4R;ACVR1B;IFNGR2;TLR2;IL18R1;PTPN1;PIM1;IFNGR1;CSF3R;PDGFC;FAS;CSF2RB;CD44;CSF2RA;MAP3K8;CSF1;GRB2;TGFB1;MYD88;CBL;IL13RA1;IRF9;PIK3R5;SOCS1;OSMR;IRF1;IL6ST;TYK2;CXCL1;IL17RB;IL2RG;ACVRL1;CCR1;PTPN11;ITGB3
INFLAMMATORY_RESPONSE	2.22603270443717e-06	1.55822289310602e-05	0.198811983535242	0.384717180597799	1.96526537599256	157	entry4_SOFA_noD3__all_valid	positive-risk	IL1R1;IL18RAP;KIF1B;IFNAR1;LYN;IL4R;PTPRE;PROK2;MXD1;ACVR1B;IFNGR2;RHOG;TLR2;LCP2;IFITM1;KLF6;RNF144B;FPR1;IL18R1;IRAK2;AQP9;OSM;NFKB1;NFKBIA;CD82;SELL;CD55;MEFV;LDLR;CSF3R;PSEN1;ADM;C3AR1;HIF1A;PTAFR;SGMS2;CSF1;SERPINE1;NLRP3;TAPBP;SEMA4D;RAF1;ADGRE1;EIF2AK2;GNAI3;FFAR2;CLEC5A;PIK3R5;NAMPT;KCNJ2;SLC31A2;TLR1;ICAM1;NMI;GPR132;OSMR;ABI1;TNFAIP6;IRF1;GNA15;HPN;TNFSF10;IRF7;NOD2;PTGER2
INTERFERON_ALPHA_RESPONSE	0.00760473501916685	0.0168901586786418	0.129006250027651	0.329423095503813	1.54017744525075	94	entry4_SOFA_noD3__all_valid	positive-risk	TRIM25;PLSCR1;IL4R;ADAR;IFITM1;TRAFD1;SELL;IRF2;IFITM2;TMEM140;TRIM21;IFITM3;CSF1;TRIM5;PARP9;EIF2AK2;IRF9;TDRD7;SP110;NMI;HELZ2;GMPR;GBP2;TAP1;SLC25A28;IRF1;OGFR
INTERFERON_GAMMA_RESPONSE	0.000631907040842037	0.00193521531257874	0.151273237061354	0.307295263583931	1.61261358885122	189	entry4_SOFA_noD3__all_valid	positive-risk	TRIM25;UPP1;PLSCR1;STAT3;LATS2;EIF4E3;SOCS3;IL4R;NLRC5;ADAR;LCP2;FPR1;NFKB1;NFKBIA;PTPN1;PIM1;TRAFD1;IRF2;IFITM2;FAS;CSF2RB;JAK2;HIF1A;TRIM21;ZNFX1;IFITM3;CD274;TAPBP;MVP;MYD88;TMT1B;TNFAIP3;PELI1;PTPN6;ARID5B;EIF2AK2;CASP4;TOR1B;IRF9;RNF213;NAMPT;FCGR1A;TDRD7;RIPK1;SP110;ICAM1;NMI;HELZ2;SOCS1;C1R;IFNAR2;TAP1;MX2;RBCK1;SLC25A28;TNFAIP6;IRF1;OGFR;SPPL2A;SELP;TNFSF10;PML;ST8SIA4;IRF7
KRAS_SIGNALING_DN	0.47619926199262	0.614046416779957	0.0244632244059292	0.216342448182149	0.98786611187954	82	entry4_SOFA_noD3__all_valid	positive-risk	ZBTB16;PTPRJ;ENTPD7;CPEB3;ASB7;TG;MEFV;CCNA1;STAG3;KCND1;MAST3;NR6A1;KMT2D;BARD1;PTGFR;HSD11B2;MAGIX
KRAS_SIGNALING_UP	0.67859673990078	0.738916450114182	0.0183134605078164	0.179381848459742	0.902194692304393	142	entry4_SOFA_noD3__all_valid	positive-risk	MMP9;LAT2;ARG1;GALNT3;AVL9;CDADC1;TLR8;C3AR1;TOR1AIP2;CSF2RA;LCP1;F2RL1;NIN;DOCK2;PTBP2;PPP1R15A;CBL;ADAM17;TNFAIP3;GADD45G;MAP3K1;TRIB1;LY96;MTMR10;TFPI;ADAM8;ALDH1A2;EMP1;GLRX;CA2;RETN;ITGB2;FCER1G;SPRY2;IL2RG;IKZF1;LAPTM5
MITOTIC_SPINDLE	1.74174958901188e-05	8.5345729861582e-05	0.182442388419998	0.344310878595565	1.8119339813634	193	entry4_SOFA_noD3__all_valid	positive-risk	CDK5RAP2;KIF1B;CLASP1;RANBP9;TUBA4A;ARL8A;AKAP13;FGD4;PREX1;GSN;KIF3C;PPP4R2;LMNB1;KLC1;CDC42EP2;SPTBN1;SSH2;WASF2;PAFAH1B1;CSNK1D;ROCK1;ARHGEF11;RASA2;NIN;DOCK2;NCK2;PXN;CDC42EP4;NF1;CLIP1;CNTROB;ARFGEF1;STAU1;RALBP1;MARCKS;CDC42BPA;MYH9;CAPZB;NOTCH2;ARHGEF2;NEDD9;RASA1;CDC42;TUBD1;APC;CDC42EP1;FLNB;ARHGAP27;ABI1;ECT2;MARK4;ABR;ARHGEF12;KIF5B;KPTN;ACTN4;KIF11;MYH10;TTK;ITSN1;KIF4A;TLK1;MAP1S;MYO9B;VCL;PDLIM5;ARAP3;HDAC6;CYTH2;TAOK2;MAP3K11;TUBGCP2;PRC1;TUBGCP3;RAB3GAP1;SOS1;DYNLL2;CEP192;KIF23;KATNB1;ARHGDIA;CLIP2;MAPRE1;SUN2
MTORC1_SIGNALING	0.742339832869081	0.790753300230108	0.0167348942194235	0.168317185548617	0.8894851609735	198	entry4_SOFA_noD3__all_valid	positive-risk	NFIL3;SLC2A3;SLA;GSR;SKAP2;TUBA4A;NIBAN1;IDI1;SLC6A6;HK2;GSK3B;MAP2K3;ACSL3;LDLR;NUPR1;PGM1;SLC2A1;LDHA;DHCR7;RAB1A;PPP1R15A;G6PD;GLA;NFYC;RIT1;PGK1;UBE2D3;TXNRD1;NAMPT;GBE1;ACTR2;GAPDH;ALDOA;PDAP1
MYC_TARGETS_V1	9.7838157285729e-26	4.79406970700072e-24	0.418028027451589	-0.558312788694324	-3.03311088914165	198	entry4_SOFA_noD3__all_valid	negative-risk	DDX18;SRSF7;BUB3;SYNCRIP;SNRPA1;HNRNPR;G3BP1;NPM1;ABCE1;RPL34;EEF1B2;RPL22;FBL;TOMM70;CLNS1A;SET;MRPS18B;MAD2L1;RPS5;CCT4;NOP56;RAN;RPS2;DDX21;RPL6;SNRPD2;PPIA;RPLP0;APEX1;ILF2;HSPD1;RSL1D1;RPS6;MYC;SSBP1;NDUFAB1;EIF3D;CCT2;RPS10;GLO1;STARD7;EPRS1;VDAC1;PHB1;EIF2S1;RPL18;PSMD14;IARS1;POLE3;RPS3;PSMD8;NCBP2;DUT;RACK1;HNRNPA1;IMPDH2;PSMA2;GNL3;DHX15;HNRNPD;PRDX4;CCT7;YWHAQ;SRSF3;PCNA;MRPL9;KARS1;C1QBP;TUFM;HNRNPA3;PRPS2;SNRPA;CDK4;PABPC4;MRPL23;RRP9;ERH;RPL14;RANBP1;NME1;HDAC2;CANX;RFC4;SERBP1;CTPS1;EIF4A1;SNRPD3;NOLC1;ACP1;VDAC3;SRM;AIMP2;ODC1;XRCC6;CUL1;SNRPD1;UBE2E1;SSB;TXNL4A;HDDC2;COX5A;SLC25A3;MCM5;UBA2;NAP1L1;HSPE1;SNRPB2;NCBP1;PHB2;SF3B3;CCT3;CSTF2;RRM1;PSMB2;SRSF2;HSP90AB1;GOT2;SRSF1;POLD2;NOP16;SMARCC1;EIF4E;MCM7;PSMA1;LSM7;PPM1G;XPOT;EIF2S2
MYC_TARGETS_V2	2.63985267142067e-06	1.61690976124516e-05	0.198811983535242	-0.515545716963475	-2.23520568665358	57	entry4_SOFA_noD3__all_valid	negative-risk	DDX18;WDR43;NPM1;UTP20;NOP56;NDUFAF4;HSPD1;MYC;PPAN;PHB1;PES1;MRTO4;PUS1;DCTPP1;GNL3;GRWD1;CDK4;SORD;RRP9;LAS1L;NOLC1;MPHOSPH10;IMP4;SRM;AIMP2;TFB2M;TBRG4;PRMT3;MCM5;HSPE1;NOP16;MYBBP1A
MYOGENESIS	0.284315503173164	0.38698499043014	0.0334619270886029	0.224048798435857	1.08604914251183	115	entry4_SOFA_noD3__all_valid	positive-risk	ACSL1;MEF2A;MYBPC3;GSN;ITGA7;SVIL;FOXO4;COL4A2;DAPK2;KLF5;TGFB1;PDLIM7;TPM3;GADD45B;RIT1;KIFC3;MYOM1;CLU;MYH9;COL6A3;DMPK;NQO1;MYL6B;NOTCH1;PYGM;ATP6AP1;IFRD1;LSP1;CKB;MYH11;GPX3
NOTCH_SIGNALING	0.560647466890898	0.670042094576926	0.023925627520731	-0.2578745582709	-0.927015268330314	26	entry4_SOFA_noD3__all_valid	negative-risk	DTX4;MAML2;LFNG;PSEN2;HES1;ARRB1;CUL1;FZD1;DTX1;PPARD;SKP1;KAT2A
OXIDATIVE_PHOSPHORYLATION	3.7793664983966e-11	8.08443090232142e-10	0.26983593142799	-0.418045833609606	-2.26994176792003	200	entry4_SOFA_noD3__all_valid	negative-risk	MRPS30;LRPPRC;LDHB;PDP1;MRPL35;TOMM70;TIMM17A;CYCS;OXA1L;DLAT;ABCB7;MDH1;MRPL15;ATP5MC1;NDUFB5;ATP5PO;HSPA9;COX7C;ECHS1;COX10;NDUFAB1;COX6C;ATP5MC2;VDAC1;ACAA2;TOMM22;SLC25A4;NDUFS3;PDK4;NDUFB2;UQCRC2;BDH2;NDUFV1;ATP5MC3;MRPL11;TIMM13;VDAC2;NDUFA8;HSD17B10;ATP5F1A;ECI1;PHYH;SLC25A6;GLUD1;IMMT;SLC25A5;IDH2;PMPCA;CASP7;NDUFA4;ACADM;NDUFA5;TIMM10;ACADSB;TIMM9;MGST3;MRPS12;NDUFB8;COX7A2;SDHD;TIMM50;UQCRQ;ATP5PB;NDUFA6;PDHA1;COX4I1;UQCRFS1;VDAC3;FDX1;UQCR10;OPA1;NDUFS6;NNT;COX5A;MRPS11;IDH3A;ATP6V1F;SLC25A20;MTX2;SLC25A3;SUCLA2;ETFA;COX11;ATP5F1C;PHB2;FH;ATP5PD;GOT2;MDH2;SLC25A12;UQCRB;ATP1B1;ATP5PF;IDH3B;ACO2;ALDH6A1;FXN;NDUFB4;ATP5F1B;NDUFA9;ECH1;NDUFS7;BAX;ATP6V1G1;ACAT1;PRDX3;MRPL34;AIFM1
P53_PATHWAY	0.0324834090115264	0.0579047738143621	0.104938859783548	0.254823434013631	1.33001845654628	181	entry4_SOFA_noD3__all_valid	positive-risk	UPP1;NDRG1;TGFA;GADD45A;CCND3;ZBTB16;DRAM1;ABHD4;ALOX15B;PTPRE;MXD1;ACVR1B;STOM;APAF1;TRAFD1;CD82;CEBPA;NUPR1;PRMT2;FAS;HEXIM1;CDK5R1;SP1;TOB1;FOXO3;RHBDF2;RXRA;RNF19B;PRKAB1;PPP1R15A;TGFB1;IER3;INHBB;SOCS1;CTSD;GPX2;CSRNP2;PLK3;TAP1;CCP110;NOTCH1;PPM1D;ZFP36L1;SERTAD3;MKNK2;GM2A;VDR;DDIT4;FGF13
PEROXISOME	0.558548772539648	0.670042094576926	0.0245272739043374	-0.200302933100223	-0.947453260144077	86	entry4_SOFA_noD3__all_valid	negative-risk	SLC23A2;ABCD2;CLN6;SLC25A4;HRAS;SLC35B2;ERCC3;EPHX2;IDH2;DHRS3;CADM1;PRDX1;HSD17B4;SLC25A19;ABCB4;ABCB1;SCP2;ECI2;CTPS1;ACSL5;SOD1;MSH2;SLC27A2;SMARCC1;EHHADH;IDE;ITGB1BP1;ABCD3;MLYCD;ISOC1;PEX11B;ALDH1A1;ECH1
PI3K_AKT_MTOR_SIGNALING	2.70467333442001e-05	0.00012048090307871	0.182442388419998	0.419578679464737	1.95573627073285	92	entry4_SOFA_noD3__all_valid	positive-risk	MKNK1;CAB39;MAP2K6;SLA;PRKCB;TNFRSF1A;MAPK1;PRKAR2A;DUSP3;RAC1;VAV3;PTEN;GSK3B;MAP2K3;RPS6KA3;RALB;SLC2A1;RPS6KA1;GRB2;RAF1;MYD88;CDKN1B;RIT1;YWHAB;CFL1;UBE2D3;IRAK4;ACTR2;RIPK1;SMAD2;ACTR3;AKT1S1;PIKFYVE;GRK2;CLTC;MKNK2;MAPK10;ARF1;TBK1;IL2RG;E2F1;PDK1;ITPR2;PTPN11;PFN1;AP2M1;NFKBIB
PROTEIN_SECRETION	0.445308162132149	0.589732430931765	0.0256345020849711	0.216845924599595	1.00287436282369	89	entry4_SOFA_noD3__all_valid	positive-risk	KIF1B;MAPK1;RPS6KA3;STX16;IGF2R;GNAS;AP2B1;PAM;CD63;GLA;ARFGEF1;STX7;RAB5A;VAMP3;LAMP2;AP1G1;SEC22B;CLTC;ARF1;AP3S1;STAM;ARFGAP3;RAB2A;COPB1;VPS4B;AP2M1;ATP6V1H;CLN5;RAB14
REACTIVE_OXYGEN_SPECIES_PATHWAY	0.000141430955454687	0.000533085909021513	0.164451346566605	0.490915698406574	2.00531171514395	48	entry4_SOFA_noD3__all_valid	positive-risk	GCLM;GSR;HHEX;FES;MSRA;MBP;SBNO2;CDKN2D;G6PD;OXSR1;TXNRD1;LAMTOR5;SRXN1;TXN;NQO1;GLRX;JUNB;EGLN2;FTL;PRDX6;LSP1;GPX3
SPERMATOGENESIS	0.765957446808511	0.798551380715256	0.0172942616467341	0.18941043854645	0.841707129632936	72	entry4_SOFA_noD3__all_valid	positive-risk	PGS1;AGFG1;TLE4;PRKAR2A;CCNA1;CLVS1;BRAF;TALDO1;IP6K1;PHF7;H1-6;CHFR;SHE
TGF_BETA_SIGNALING	0.00455191723872335	0.0111521972348722	0.129006250027651	0.416437082991027	1.70107854332795	48	entry4_SOFA_noD3__all_valid	positive-risk	FKBP1A;RAB31;FURIN;IFNGR2;HIPK2;TGFBR1;SPTBN1;SERPINE1;PPP1R15A;TGFB1;UBE2D3;CTNNB1;THBS1;XIAP;SKI;PPM1A;SMAD1;APC;JUNB;SMURF1;RHOA
TNFA_SIGNALING_VIA_NFKB	4.49060107799318e-07	3.66732421369443e-06	0.213932663476247	0.385691586622274	1.99933150100215	173	entry4_SOFA_noD3__all_valid	positive-risk	BCL6;PFKFB3;ETS2;GADD45A;CFLAR;NFIL3;SLC2A3;B4GALT5;FOSL2;BCL2A1;SOCS3;IRS2;DRAM1;LITAF;PTPRE;MXD1;IFNGR2;TLR2;KLF6;TIPARP;RCAN1;NFKB1;KLF9;NFKBIA;MAP2K3;TNIP1;LDLR;EHD1;DENND5A;CD44;BCL3;F2RL1;MAP3K8;PER1;CSF1;SERPINE1;PNRC1;RNF19B;ZC3H12A;PPP1R15A;CEBPD;GADD45B;KDM6B;CEBPB;TNFAIP3;NFE2L2;AREG;IER3;NAMPT;DUSP1;TRIB1;B4GALT1;STAT5A;MARCKS;JAG1;ICAM1;NFAT5;TAP1;REL;TNFAIP6;IRF1;TNIP2;JUNB;PHLDA1;IL6ST;ZFP36
UNFOLDED_PROTEIN_RESPONSE	0.000133792085325656	0.000533085909021513	0.164451346566605	-0.369776292588332	-1.8295132600532	109	entry4_SOFA_noD3__all_valid	negative-risk	NPM1;IMP3;NOP56;EXOSC2;EIF2AK3;HSPA9;EXOSC9;SPCS1;CEBPG;HSP90B1;SKIC3;RPS14;EIF2S1;IARS1;PDIA6;SLC30A5;SEC31A;DNAJB9;LSM4;SRPRB;BANF1;EIF4A2;WFS1;MTREX;SEC11A;BAG3;RRP9;EIF4EBP1;FUS;EIF4A1;DDX10;HYOU1;SSR1;NOLC1;ALDH18A1;YIF1A;NOP14;FKBP14;HERPUD1;EXOC2;XBP1;CKS1B;CNOT2;EDEM1;SPCS3;SDAD1;CALR;EIF4E;EEF2;XPOT;SLC1A4;EXOSC1;NHP2;PAIP1;NFYB;GOSR2;KHSRP
UV_RESPONSE_DN	0.0342701722574796	0.0579047738143621	0.104084546739236	0.281851541931409	1.36624087059265	115	entry4_SOFA_noD3__all_valid	positive-risk	MAPK14;ATP2B4;ATXN1;IGF1R;SYNE1;DYRK1A;WDR37;PTEN;NFKB1;LDLR;GCNT1;SCN8A;CELF2;NR3C1;RASA2;RXRA;SERPINE1;TGFBR2;PPARG;PIK3CD;CDKN1B;FHL2;DUSP1;SCAF8;TFPI;APBB2;CDC42BPA;NOTCH2;NIPBL;CACNA1A;PRDM2;PTGFR
UV_RESPONSE_UP	0.259292674124865	0.363009743774811	0.0352248527088057	0.223853253291094	1.10380537610469	127	entry4_SOFA_noD3__all_valid	positive-risk	CCND3;ATP6V1C1;ARRB2;GRINA;PRKCD;TUBA4A;FURIN;LYN;ALAS1;MAOA;NFKBIA;RAB27A;MARK2;CHKA;NUP58;AGO2;ACAA1;GRPEL1;ALDOA;PDAP1;ICAM1;TAP1;IRF1;JUNB;CA2;IL6ST;PRKACA;CDC34;STARD3;APOM;GPX3
WNT_BETA_CATENIN_SIGNALING	0.628062787136294	0.732739918325676	0.0206480144245338	0.239637857388577	0.891483666400112	32	entry4_SOFA_noD3__all_valid	positive-risk	RBPJ;NUMB;ADAM17;MAML1;FRAT1;CTNNB1;JAG1;NKD1;NCSTN;NOTCH1
XENOBIOTIC_METABOLISM	0.0215573203735529	0.0422523479321636	0.111722689770913	0.277503403838681	1.39487598416367	141	entry4_SOFA_noD3__all_valid	positive-risk	UPP1;IL1R1;PGD;ETS2;POR;GSR;DDAH2;TPST1;ALAS1;ACOX1;TNFRSF1A;ARG1;SLC6A6;LPIN2;MAOA;AQP9;PINK1;VNN1;FAS;UPB1;SLC46A3;CDA;SERPINE1;ESR1;MARCHF6;SMOX;GABARAPL1;ABCC2;DHRS7;CSAD;NQO1;RAP1GAP;ITIH4;SLC22A1
ADIPOGENESIS	0.598938464090231	0.663714148554647	0.0191924507224364	0.185182169413149	0.94158846108335	176	entry4_PF_PLT_D3__all_valid	positive-risk	BCL6;GADD45A;PFKFB3;POR;RTN3;ACOX1;SQOR;STOM;ITGA7;CCNG2;PGM1;GPAT4;IFNGR1;ELMOD3;LPCAT3;TOB1;DHCR7;TALDO1;PPARG;DHRS7B;ORM1;PPM1B;ALDOA;GBE1;TKT;CDKN2C;GRPEL1;CD151;DHRS7;STAT5A;CHUK;RETN;NABP1;PIM3;ITSN1
ALLOGRAFT_REJECTION	0.000519786283318268	0.0015918454926622	0.151273237061354	-0.308611665637285	-1.62303486830091	169	entry4_PF_PLT_D3__all_valid	negative-risk	RPS3A;HLA-DRA;ABCE1;NPM1;ITK;HLA-DMB;CD3D;HLA-DMA;SIT1;RPL9;TRAT1;LY75;EIF3A;CD3G;HLA-DOA;CD28;DARS1;RPL39;CTSS;ETS1;CD86;CD4;CD40LG;IL7;EIF3D;CD8B;UBE2N;LY86;LCK;CD74;HLA-DQA1;IRF4;IRF8;TNF;CD8A;CD2;FCGR2B;RPS19;CCND2;IL15;STAT4;CD3E;ZAP70;CCR2;CD79A;HDAC9;CCR5;CXCR3;CD40;CD247
ANDROGEN_RESPONSE	0.00428514156647825	0.00940692665014048	0.129006250027651	0.355912898432152	1.60623442156559	86	entry4_PF_PLT_D3__all_valid	positive-risk	NDRG1;CCND3;CAMKK2;GSR;ACTN1;HPGD;FKBP5;IDI1;MYL12A;PTK2B;SLC38A2;ACSL3;RPS6KA3;HERC3;UBE2J1;MERTK;MAK;IQGAP2;VAPA;B4GALT1;GNAI3;ARID5B;SRF
ANGIOGENESIS	0.500371195248701	0.583766394456818	0.0237494808465761	0.290261811766238	0.963628468920194	22	entry4_PF_PLT_D3__all_valid	positive-risk	LRPAP1;PGLYRP1;JAG1;FGFR1;APP;S100A4;TIMP1;FSTL1;PF4;VEGFA
APICAL_JUNCTION	0.00423319281360642	0.00940692665014048	0.129006250027651	0.32213881944894	1.56589441142299	131	entry4_PF_PLT_D3__all_valid	positive-risk	MAPK14;SIRPA;ADAM9;MMP9;CAP1;ACTN1;SKAP2;PIK3CB;ALOX15B;PTEN;SYK;RAC2;VASP;COL17A1;CD274;CNN2;ACTB;MAPK13;NF1;B4GALT1;MAP3K20;MSN;IKBKG;ZYX;CTNNA1;ARPC2;ICAM5;MYH9;ICAM1;ITGA10;THBS3;RASA1;PTPRC;GNAI2;FYB1;YWHAH;NECTIN2;PCDH1;PFN1;ACTN4;INPPL1;VCL;PBX2;RSU1;SHC1;MYH10;TUBG1;MYL12B
APICAL_SURFACE	0.350471610874792	0.451923919285916	0.0298414327424622	0.298239223671295	1.06740972300163	29	entry4_PF_PLT_D3__all_valid	positive-risk	FLOT2;LYN;PCSK9;CRYBG1;B4GALT1;NCOA6;APP;IL2RG;DCBLD2;ADIPOR2;BRCA1;SLC2A4
APOPTOSIS	0.0230910452284574	0.0404093291498004	0.111722689770913	0.282688653163269	1.38893533682423	140	entry4_PF_PLT_D3__all_valid	positive-risk	GADD45A;GSR;CFLAR;TIMP2;HGF;ADD1;GSN;RARA;RNASEL;IGF2R;CCNA1;IFNGR1;PSEN1;IFITM3;CD44;FAS;TSPO;ROCK1;CREBBP;PPP2R5B;HMGB2;GADD45B;IER3;CLU;CTNNB1;CDKN1B;EMP1;XIAP;BCAP31;DNAJC3;NEDD9;CASP2;CASP4;DPYD;TAP1;PPP3R1;CASP9;ANXA1;IRF1;APP;GNA15;TXNIP;TNFSF10;TIMP1;DNAJA1;CTH;IL18;GPX3;F2R;IL1B;BRCA1;GCH1
BILE_ACID_METABOLISM	0.621300726563884	0.663714148554647	0.0196371415963502	0.207301448621856	0.91372629423665	75	entry4_PF_PLT_D3__all_valid	positive-risk	GCLM;ACSL1;PECR;ATXN1;IDI1;SULT1B1;AQP9;ABCA2;RXRA;NEDD4;HSD3B7
CHOLESTEROL_HOMEOSTASIS	9.79710589361298e-05	0.000436416535260942	0.170659227573092	0.45540285921153	1.95929163083379	67	entry4_PF_PLT_D3__all_valid	positive-risk	NFIL3;PLSCR1;NIBAN1;IDI1;ALCAM;PDK3;LDLR;ABCA2;DHCR7;CHKA;ANTXR2;ACSS2;PNRC1;PPARG;CLU;CTNNB1;JAG1;FBXO6;S100A11
COAGULATION	0.0140211656777575	0.026424504546543	0.120674297088992	0.329743567666585	1.49225472870956	87	entry4_PF_PLT_D3__all_valid	positive-risk	ADAM9;MMP9;GSN;FURIN;SERPINA1;KLF7;RAC1;WDR1;RABIF;SERPINE1;MMP8;CLU;F12;F2RL2;GNB2;LAMP2;THBS1;CTSK;C1R;CASP9;F8;HPN;ANXA1;PLEK;PLAU;TIMP1;PEF1;ITGB3;MSRB2;CTSB;P2RY1;GP1BA;PF4;SPARC;CFB;VWF;SERPINB2;CPQ;ARF4;ISCU
COMPLEMENT	0.000348528918644751	0.00121985121525663	0.157999743098826	0.330927439757622	1.67722594223463	169	entry4_PF_PLT_D3__all_valid	positive-risk	ITGAM;ADAM9;CR1;HSPA1A;PRKCD;TIMP2;PLSCR1;GCA;S100A12;PIK3CG;LYN;PCSK9;SERPINA1;RHOG;CD59;LCP2;MSRB1;PIM1;CD55;DGKH;IRF2;RABIF;PSEN1;CDA;EHD1;S100A9;F5;JAK2;CDK5R1;COL4A2;SERPINE1;GRB2;CEBPB;RAF1;MMP8;CLU;AKAP10;TNFAIP3;PIK3CA;VCPIP1;GNB2;LAMP2;GNAI3;CA2;PIK3R5;CTSD;USP15;CASP4;PRSS36;C1R;BRPF3;GNAI2;CASP9;F8;IRF1;FCER1G;PFN1;CPM
DNA_REPAIR	0.00374983685589387	0.00918710029693997	0.136831791314999	-0.295821193495038	-1.52109448518532	144	entry4_PF_PLT_D3__all_valid	negative-risk	GTF2H3;RNMT;ERCC8;GTF2H1;NELFCD;ADA;MRPL40;SRSF6;NUDT21;NCBP2;SF3A3;ERCC4;ERCC3;LIG1;POLR2D;NFX1;IMPDH2;POLR1H;POLR1C;ITPA;EDF1;APRT;UMPS;DUT;ERCC5;RFC3;RPA3;TP53;POLR2C;NME3;NME1;POLR2K;AAAS;GTF2A2;TAF9;RFC4;PCNA;AK3;DDB2;SSRP1;GTF2H5;SEC61A1;POLB;REV3L;PDE4B;SNAPC5;GSDME;DDB1;POLR2H;TARBP2;TMED2;ELOA;TAF1C;RFC5;NELFE;RAD52;HPRT1;MPG;POLR3C;POLD1;ALYREF;UPF3B;GTF2F1;NUDT9;SMAD5;USP11;CSTF3;RALA
E2F_TARGETS	0.000183317569159127	0.000748546740733101	0.164451346566605	-0.306365961194899	-1.6527602955424	200	entry4_PF_PLT_D3__all_valid	negative-risk	SYNCRIP;EED;NOP56;MAD2L1;MYC;RAN;CNOT9;PPP1R8;PAICS;PMS2;ASF1A;AK2;KIF22;NUDT21;RAD50;TMPO;HNRNPD;PHF5A;STMN1;WDR90;EIF2S1;LIG1;CDC25B;IPO7;DCTPP1;DNMT1;DUT;PRDX4;MLH1;RAD1;RFC3;RPA3;TP53;PAN2;ILF3;NME1;MRE11;CDK4;NUP205;SRSF2;SLBP;RANBP1;RBBP7;CSE1L;NUP107;CTPS1;SMC1A;PCNA;MCM3;SMC3;SSRP1;RFC1;CBX5;NOLC1;NAP1L1;MSH2;MCM5;TBRG4;CENPM;RPA1;HELLS;CCNE1;CDKN2A;ZW10;XRCC6;UBE2T;POLD2;SRSF1;MCM7;LYAR;CKS1B;PRPS1;RNASEH2A;TRA2B;POLE;RRM2;SMC4;POLD1;RAD51C
EPITHELIAL_MESENCHYMAL_TRANSITION	0.0820998278829604	0.12977069568597	0.0644973452335783	0.264865708763137	1.2671310398308	119	entry4_PF_PLT_D3__all_valid	positive-risk	GADD45A;BASP1;FBN2;PCOLCE2;CD59;QSOX1;CAPG;CD44;EFEMP2;FAS;COL4A2;SERPINE1;TGFB1;COLGALT1;GADD45B;TPM1;AREG;NOTCH2;TNFAIP3;LOXL1;COL7A1;PFN2;THBS1;COL6A3;PLOD1;COPA;VIM;PDLIM4;CXCL1;SFRP4;WIPF1;TIMP1;PTX3;ITGB3;ANPEP;FSTL1;ACTA2;ITGA5;MYLK;SLC6A8;TPM4;LGALS1;VEGFA;TGM2;SPARC
ESTROGEN_RESPONSE_EARLY	0.004415496182719	0.00940692665014048	0.129006250027651	0.311964882969025	1.53704194108571	143	entry4_PF_PLT_D3__all_valid	positive-risk	IGF1R;AFF1;RAB31;FKBP5;SVIL;MED13L;MREG;TIPARP;UGCG;RARA;TTC39A;SLC2A1;FOXC1;TOB1;CD44;DHCR7;GAB2;KAZN;KDM4B;GLA;MINDY1;JAK2;CANT1;CHPT1;SIAH2;OLFML3;RHOBTB3;FHL2;INHBB;AREG;B4GALT1;CISH;NADSYN1;SH3BP5;KCNK5;TUBB2B;CA12;ANXA9;FLNB;TMEM164;MAST4;ALDH3B1;AMFR;SLC7A5;IL17RB;DLC1
ESTROGEN_RESPONSE_LATE	0.121422523285351	0.180294049726734	0.0519305727398163	0.245092093433581	1.20421200333611	140	entry4_PF_PLT_D3__all_valid	positive-risk	ATP2B4;AFF1;RAB31;FKBP5;SERPINA1;CCNA1;IMPA2;BATF;FOXC1;S100A9;TOB1;CD44;DHCR7;SNX10;GLA;JAK2;ST6GALNAC2;CHPT1;SIAH2;MAPK13;PTPN6;AREG;JAK1;CISH;CA2;KCNK5;CA12;ANXA9;FLNB;CKB;ALDH3B1;AMFR;SLC7A5;IL17RB;ZFP36;HSPA4L;IL6ST;SLC24A3;STIL;ABHD2;XRCC3;RAPGEFL1
FATTY_ACID_METABOLISM	0.372440375813057	0.467937908072815	0.0337431773241498	-0.203460187257798	-1.03332616496209	131	entry4_PF_PLT_D3__all_valid	negative-risk	OSTC;MDH1;METAP1;APEX1;ACSS1;ECHS1;ACAA2;SUCLG2;HADH;MCEE;CBR1;ECI1;ACAT2;ACADM;HSD17B10;BPHL;ADSL;ECI2;MIX23;ACSL5;HSD17B4;BCKDHB;SDHD;CPT2;UGDH;ACOT2;PDHA1;BLVRA;PSME1;ODC1;RAP1GDS1;CD36;HSD17B7;PTS;SUCLA2;GCDH;MIF;NTHL1;ALDH3A2;PCBD1;ENO2;SMS;HMGCS1;FH;ACO2;XIST;MLYCD;MDH2;ALDH1A1;IDH3B;HSPH1;S100A10;CRYZ;IDH3G;CD1D
G2M_CHECKPOINT	0.932160163223667	0.932160163223667	0.0190107710067738	-0.151118041780339	-0.810182956299102	191	entry4_PF_PLT_D3__all_valid	negative-risk	BUB3;SYNCRIP;G3BP1;SLC38A1;SRSF10;PURA;NCL;MAD2L1;MYC;CUL5;RPS6KA5;KIF22;TMPO;HNRNPD;STMN1;CDC25B;H2AZ2;PRP4K;ORC5;ILF3;CDK4;TENT4A;SRSF2;HSPA8;SMC1A;UCK2;SS18;MTF2;MCM3;SNRPD1;SLC12A2;ODC1;SMARCC1;NOLC1;SMAD3;DTYMK
GLYCOLYSIS	0.0270873981884151	0.0457683624562876	0.111722689770913	0.267848576206081	1.35240207610881	166	entry4_PF_PLT_D3__all_valid	positive-risk	TGFA;PYGL;PHKA2;IRS2;TPST1;HK2;PKM;B4GALT4;PDK3;RRAGD;P4HA2;QSOX1;ABCB6;DSC2;MERTK;SPAG4;LDHA;CD44;EXT1;LCT;SLC16A3;TALDO1;PGK1;PAM;PGM2;PKP2;G6PD;IER3;IL13RA1;B4GALT1;ALDOA;DEPDC1;ANKZF1;ME2;SAP30;TXN;PLOD1
HEDGEHOG_SIGNALING	0.117592420583318	0.180063394018205	0.0555209399162646	0.393933087449677	1.32560208749018	23	entry4_PF_PLT_D3__all_valid	positive-risk	ETS2;SLIT1;CDK5R1;NF1;TLE3;MYH9;TLE1;GLI1;RASA1;PML;VLDLR;ACHE
HEME_METABOLISM	7.52624489121441e-14	1.84392999834753e-12	0.302546474122708	0.476684357235709	2.45039993652939	189	entry4_PF_PLT_D3__all_valid	positive-risk	NFE2;CCND3;SLC22A4;GCLM;NARF;MBOAT2;ADD1;ATP6V0A1;LPIN2;SLC25A37;FBXO34;FBXO9;LRP10;P4HA2;ABCB6;MPP1;MARK3;MAP2K3;SLC2A1;HTATIP2;CAST;EZH1;ERMAP;FOXO3;GAPVD1;KHNYN;PSMD9;NR3C1;SDCBP;DCAF10;GDE1;SMOX;PPP2R5B;SPTB;ALAD;RHAG;ADIPOR1;NUDT4;PICALM;FOXJ2;LAMP2;CA2;EIF2AK1;SEC14L1;RCL1;KDM7A;HDGF;USP15;MARCHF2;RAP1GAP;TMCC2;RANBP10;KEL;ARHGEF12;ANK1;TAL1;RHD;BCAM;NEK7;MARCHF8;LMO2;SLC66A2;KLF3;TNRC6B;SYNJ1;DMTN;RBM38;DCAF11;E2F2;RBM5;EPOR;RNF19A;FN3K;CTNS;GATA1;XPO7;RHCE;CTSB;BTRC;KAT2B;FBXO7;HTRA2;SLC6A8;UBAC1;YPEL5;TRIM58;DAAM1;TOP1;CCDC28A;NFE2L1;CLIC2;HAGH;BSG;MXI1;HMBS;KLF1;CDR2;MKRN1;PDZK1IP1;CDC27;SLC6A9;XK;RNF123;OSBP2
HYPOXIA	3.24551362398532e-09	3.97575418938202e-08	0.245620582362235	0.445733704824616	2.22477326355746	153	entry4_PF_PLT_D3__all_valid	positive-risk	NDRG1;PFKFB3;NFIL3;SLC2A3;FOSL2;TPST2;AMPD3;IRS2;HK2;NDST2;RBPJ;KLF7;JMJD6;KLF6;PDK3;CCNG2;RRAGD;PGM1;PIM1;P4HA2;SLC6A6;TIPARP;SLC2A1;ADM;WSB1;FOXO3;LDHA;EXT1;IDS;NR3C1;SERPINE1;SIAH2;PNRC1;PGK1;PAM;PGM2;PPP1R15A;HK1;IER3;GAPDH;TNFAIP3;MAP3K1;ALDOA;DUSP1;CDKN1B;GBE1;ANKZF1;NDST1;SAP30;CSRP2;MYH9;PLAC8;CA12;PRDX5;TMEM45A;PYGM;GLRX;ENO1;GYS1;NEDD4L;UGP2;CITED2;ZNF292;PHKG1;ZFP36;DDIT4
IL2_STAT5_SIGNALING	0.000892758792518173	0.00257324593137591	0.151273237061354	0.315577291995433	1.60574336991184	177	entry4_PF_PLT_D3__all_valid	positive-risk	CST7;NDRG1;IL1R2;CCND3;MAPKAPK2;NFIL3;CKAP4;SLC2A3;IGF1R;PLSCR1;SCN9A;HK2;FURIN;HIPK2;MXD1;HYCC2;IL18R1;ALCAM;KLF6;RRAGD;PIM1;SELL;IL4R;IGF2R;IFNGR1;BATF;ADAM19;DENND5A;CAPG;IFITM3;SMPDL3A;CD44;PLEC;CAPN3;GLIPR2;MAP3K8;CSF1;IL1RL1;GADD45B;SLC39A8;ST3GAL4;GABARAPL1;CISH;EMP1;F2RL2;SPRED2;CA2
IL6_JAK_STAT3_SIGNALING	1.13679978853584e-07	1.11406379276513e-06	0.223445379541825	0.526998961155279	2.30245048630249	72	entry4_PF_PLT_D3__all_valid	positive-risk	IL1R2;IL1R1;IL17RA;STAT3;SOCS3;IFNAR1;IL10RB;IFNGR2;TNFRSF1A;ACVR1B;IL18R1;TLR2;PTPN1;PIM1;IL4R;PDGFC;IFNGR1;CSF3R;CSF2RB;CSF2RA;CD44;MYD88;CBL;FAS;MAP3K8;CSF1;GRB2;TGFB1;IL13RA1;PIK3R5;SOCS1;IRF9;IRF1;IL17RB;OSMR;CXCL1;IL6ST;IL2RG;ACVRL1;TYK2;CCR1;ITGB3;PTPN11
INFLAMMATORY_RESPONSE	4.58368667480847e-06	2.80750808832019e-05	0.193509375041476	0.38320069885883	1.91899967019153	157	entry4_PF_PLT_D3__all_valid	positive-risk	KIF1B;IL1R1;IL18RAP;IFNAR1;LYN;IFNGR2;ACVR1B;IFITM1;MXD1;RHOG;PTPRE;PROK2;FPR1;AQP9;IL18R1;KLF6;LCP2;RNF144B;TLR2;IRAK2;OSM;SELL;NFKB1;IL4R;MEFV;NFKBIA;CD55;LDLR;CD82;PTAFR;ADM;C3AR1;PSEN1;CSF3R;HIF1A;NLRP3;SGMS2;SERPINE1;ADGRE1;CSF1;SEMA4D;TAPBP;SLC31A2;RAF1;CLEC5A;FFAR2;EIF2AK2;GNAI3;KCNJ2;NAMPT;PIK3R5;NOD2;ICAM1;TLR1
INTERFERON_ALPHA_RESPONSE	0.0170225888376911	0.0308928464091431	0.111722689770913	0.317693342534099	1.45806792351975	94	entry4_PF_PLT_D3__all_valid	positive-risk	TRIM25;PLSCR1;IFITM1;ADAR;SELL;IL4R;TRAFD1;IFITM2;IRF2;TRIM21;TMEM140;IFITM3;CSF1;TRIM5;EIF2AK2;PARP9;GMPR;TDRD7;IRF9;TAP1;NMI;GBP2;IRF1;HLA-C;HELZ2;SP110;SLC25A28;TXNIP;OGFR
INTERFERON_GAMMA_RESPONSE	0.0107543634711867	0.0210785524035258	0.120674297088992	0.277982127343764	1.42896945716774	189	entry4_PF_PLT_D3__all_valid	positive-risk	UPP1;TRIM25;STAT3;LATS2;PLSCR1;SOCS3;EIF4E3;FPR1;ADAR;LCP2;PTPN1;PIM1;NFKB1;IL4R;NFKBIA;TRAFD1;IFITM2;IRF2;TRIM21;CSF2RB;ZNFX1;NLRC5;IFITM3;HIF1A;MYD88;JAK2;FAS;TMT1B;CD274;TAPBP;PTPN6;MVP;TOR1B;PELI1;TNFAIP3;EIF2AK2;ARID5B;NAMPT;RNF213;FCGR1A;TDRD7;SOCS1;CASP4;IRF9;ICAM1;RIPK1;C1R;TAP1;NMI;TNFAIP6;IRF1;HELZ2;SP110;IFNAR2;SELP;SLC25A28;TXNIP;OGFR;SPPL2A;RBCK1;ST8SIA4;TNFSF10
KRAS_SIGNALING_DN	0.306832298136646	0.406345475910693	0.0315598002303516	0.242317040882667	1.08580535000563	82	entry4_PF_PLT_D3__all_valid	positive-risk	ZBTB16;PTPRJ;ENTPD7;ASB7;TG;CPEB3;MEFV;CCNA1;KCND1;STAG3;PTGFR;BARD1;NR6A1;MAST3;MAGIX;KLHDC8A;KMT2D;HSD11B2
KRAS_SIGNALING_UP	0.400779528893408	0.489176146909186	0.0259254902939482	0.207906693258662	1.02319681080675	142	entry4_PF_PLT_D3__all_valid	positive-risk	MMP9;ARG1;LAT2;GALNT3;CDADC1;AVL9;TLR8;C3AR1;LCP1;CSF2RA;F2RL1;TOR1AIP2;CBL;DOCK2;NIN;GADD45G;PTBP2;PPP1R15A;ADAM17;TNFAIP3;MAP3K1;TRIB1;EMP1;CA2;ADAM8;MTMR10;LY96;TFPI;RETN;LAPTM5;SPRY2;ITGB2;GLRX;IKZF1;ALDH1A2;FCER1G
MITOTIC_SPINDLE	1.30303729065687e-05	7.09431413802073e-05	0.188057309511404	0.35170302005921	1.81204155941958	193	entry4_PF_PLT_D3__all_valid	positive-risk	CDK5RAP2;KIF1B;CLASP1;RANBP9;TUBA4A;ARL8A;GSN;AKAP13;FGD4;KIF3C;KLC1;PREX1;PPP4R2;CDC42EP2;LMNB1;SSH2;SPTBN1;WASF2;ARHGEF11;PAFAH1B1;CSNK1D;DOCK2;CNTROB;ROCK1;NCK2;RASA2;NIN;CDC42EP4;CLIP1;RALBP1;PXN;NF1;ARFGEF1;NOTCH2;STAU1;CDC42BPA;MYH9;MARCKS;CDC42EP1;NEDD9;CDC42;TUBD1;CAPZB;RASA1;FLNB;PRC1;KIF4A;ARHGEF12;ARHGEF2;ITSN1;APC;KPTN;ECT2;TTK;ACTN4;ABI1;ABR;KIF11;VCL;ARHGAP27;KIF5B;MARK4;MYH10;MAP1S;PDLIM5;MYO9B;CYTH2;KIF23;HDAC6;TAOK2;ARAP3;CEP192;AURKA;TLK1;TUBGCP3;MAP3K11;KIF15;SOS1;MAPRE1;DYNLL2;NUSAP1;ARHGDIA;KATNB1;TUBGCP2;CLIP2;BCR;RAB3GAP1
MTORC1_SIGNALING	0.565524028210595	0.644434357728353	0.0198898554179259	0.184689097515105	0.956245166151948	198	entry4_PF_PLT_D3__all_valid	positive-risk	NFIL3;GSR;SLC2A3;SLA;TUBA4A;SKAP2;NIBAN1;HK2;IDI1;PGM1;SLC6A6;LDLR;MAP2K3;SLC2A1;GSK3B;ACSL3;LDHA;NUPR1;DHCR7;GLA;NFYC;PGK1;G6PD;PPP1R15A;RAB1A;RIT1;GAPDH;ALDOA;GBE1;TXNRD1;UBE2D3;NAMPT
MYC_TARGETS_V1	1.21887255365509e-23	5.97247551290994e-22	0.400231365284062	-0.546147301160349	-2.94419111774764	198	entry4_PF_PLT_D3__all_valid	negative-risk	DDX18;SRSF7;BUB3;SYNCRIP;SNRPA1;ABCE1;NPM1;HNRNPR;RPL34;G3BP1;EEF1B2;FBL;RPL22;CLNS1A;TOMM70;MRPS18B;RPL6;RPS5;RPS2;NOP56;MAD2L1;RPLP0;MYC;SSBP1;SNRPD2;CCT4;SET;RPS6;RAN;RSL1D1;PPIA;NDUFAB1;APEX1;DDX21;RPS10;ILF2;EIF3D;GLO1;CCT2;HSPD1;STARD7;IARS1;PHB1;EPRS1;PSMD14;RPL18;HNRNPD;NCBP2;RPS3;VDAC1;PSMD8;EIF2S1;POLE3;IMPDH2;GNL3;PSMA2;HNRNPA1;HNRNPA3;ERH;RACK1;DHX15;DUT;PRDX4;SRSF3;PRPS2;YWHAQ;MRPL9;SNRPA;PABPC4;C1QBP;NME1;TUFM;CDK4;RRP9;MRPL23;RPL14;CCT7;SRSF2;RANBP1;HDAC2;SERBP1;CTPS1;RFC4;KARS1;ACP1;PCNA;VDAC3;SRM;TXNL4A;SNRPD1;HDDC2;ODC1;SMARCC1;PHB2;NOLC1;COX5A;SNRPD3;SLC25A3;EIF4A1;UBE2E1;CUL1;NAP1L1;SSB;MCM5;EIF4E;AIMP2;SNRPB2;UBA2;NCBP1;HSPE1;COPS5;EIF2S2;XRCC6;PSMA1;CANX;LSM7;POLD2;CSTF2;SF3B3;SRSF1;SNRPG;MCM7;CAD;PWP1;NHP2;NOP16;CCT3;GOT2;HPRT1;PPM1G;PSMB2
MYC_TARGETS_V2	2.58674133999108e-06	1.81071893799375e-05	0.198811983535242	-0.516936310933352	-2.22888239849331	57	entry4_PF_PLT_D3__all_valid	negative-risk	DDX18;WDR43;NPM1;NDUFAF4;NOP56;UTP20;MYC;PPAN;HSPD1;PHB1;PUS1;PES1;MRTO4;GNL3;DCTPP1;GRWD1;CDK4;RRP9;SORD;MPHOSPH10;LAS1L;SRM;TFB2M;NOLC1;IMP4;MCM5;TBRG4;PRMT3;AIMP2;MYBBP1A;HSPE1;TMEM97;NOP16;IPO4;NOP2;NIP7
MYOGENESIS	0.164760914760915	0.237449553626024	0.0445155648828312	0.2475232501929	1.17680404963856	115	entry4_PF_PLT_D3__all_valid	positive-risk	ACSL1;GSN;MEF2A;SVIL;ITGA7;FOXO4;MYBPC3;COL4A2;DAPK2;KLF5;TPM3;TGFB1;GADD45B;MYOM1;RIT1;CLU;PDLIM7;KIFC3;COL6A3;MYH9;DMPK;MYL6B;CKB;ATP6AP1;NQO1;PYGM;NOTCH1;LSP1;APP;IFRD1;MYH11;GABARAPL2;GPX3;ACHE;BAG1;HDAC5;SMTN;MYLK;SLC6A8;MAPRE3;SPARC;IGFBP7;AK1;FLII;ITGB5;HBEGF
NOTCH_SIGNALING	0.623078588439056	0.663714148554647	0.0226979944189286	-0.248394456581777	-0.889375416102477	26	entry4_PF_PLT_D3__all_valid	negative-risk	DTX4;MAML2;LFNG;PSEN2;HES1;ARRB1;CUL1;FZD1;DTX1;PPARD;SKP1
OXIDATIVE_PHOSPHORYLATION	1.10900543934966e-10	1.81137555093778e-09	0.265953197614423	-0.413771307005961	-2.23218266476767	200	entry4_PF_PLT_D3__all_valid	negative-risk	MRPS30;LRPPRC;LDHB;PDP1;CYCS;MRPL35;TIMM17A;TOMM70;DLAT;MRPL15;MDH1;OXA1L;ATP5MC1;ATP5PO;ABCB7;COX7C;NDUFB5;COX10;COX6C;NDUFAB1;HSPA9;ECHS1;SLC25A4;ACAA2;PDK4;TOMM22;ATP5MC2;NDUFB2;NDUFS3;UQCRC2;BDH2;VDAC1;NDUFV1;TIMM13;ATP5MC3;MRPL11;ECI1;NDUFA5;VDAC2;NDUFA8;SLC25A6;ATP5F1A;CASP7;PHYH;GLUD1;IDH2;COX7A2;PMPCA;NDUFA4;ACADM;TIMM10;ACADSB;HSD17B10;SLC25A5;IMMT;ATP5PB;NDUFB8;TIMM9;MRPS12;UQCRQ;MGST3;SDHD;TIMM50;NDUFA6;PDHA1;VDAC3;OPA1;FDX1;PHB2;SLC25A20;ETFA;COX4I1;COX5A;SLC25A3;MRPS11;UQCR10;UQCRFS1;NDUFS6;MTX2;SLC25A12;ATP5F1C;SUCLA2
P53_PATHWAY	0.00571358936762108	0.011665244958893	0.129006250027651	0.288876282719829	1.47678701808741	181	entry4_PF_PLT_D3__all_valid	positive-risk	UPP1;NDRG1;CCND3;GADD45A;TGFA;ZBTB16;ABHD4;DRAM1;ACVR1B;MXD1;PTPRE;ALOX15B;APAF1;STOM;CEBPA;TRAFD1;CD82;PRMT2;FOXO3;SP1;TOB1;NUPR1;CDK5R1;FAS;HEXIM1;RNF19B;RXRA;PRKAB1;TGFB1;PPP1R15A;INHBB;IER3;RHBDF2;CTSD;SOCS1;SERTAD3;CSRNP2;TAP1;PPM1D;CYFIP2;CCP110;GM2A;NOTCH1;VDR;APP;FGF13;STEAP3;MKNK2;ZFP36L1;GPX2;DEF6;DDIT4;TXNIP;HSPA4L;PLK3
PEROXISOME	0.775131669338219	0.791280245782765	0.0201703841075602	-0.182121236149199	-0.856511998484443	86	entry4_PF_PLT_D3__all_valid	negative-risk	ABCD2;SLC23A2;CLN6;SLC25A4;HRAS;ERCC3;SLC35B2;EPHX2;DHRS3;IDH2;SLC25A19;CADM1;ABCB4;PRDX1;ABCB1;ECI2;ACSL5;HSD17B4;CTPS1;SCP2;SMARCC1;SOD1;MSH2
PI3K_AKT_MTOR_SIGNALING	3.72568452966025e-05	0.000182558541953352	0.17664908299824	0.42642250523954	1.95036679663796	92	entry4_PF_PLT_D3__all_valid	positive-risk	MKNK1;CAB39;SLA;MAP2K6;PRKCB;PRKAR2A;MAPK1;TNFRSF1A;DUSP3;RALB;VAV3;PTEN;RAC1;MAP2K3;SLC2A1;GSK3B;RPS6KA3;RPS6KA1;MYD88;GRB2;CFL1;YWHAB;RAF1;RIT1;CDKN1B;UBE2D3;ACTR2;IRAK4;RIPK1;SMAD2;AKT1S1;ARF1;ACTR3;PIKFYVE;GRK2;MKNK2;PFN1;CLTC;MAPK10;E2F1;IL2RG;AP2M1;NFKBIB;PTPN11;PDK1;ITPR2;TBK1
PROTEIN_SECRETION	0.28030303030303	0.381523569023569	0.0331737704034897	0.241858401330433	1.10005181491018	89	entry4_PF_PLT_D3__all_valid	positive-risk	KIF1B;MAPK1;IGF2R;RPS6KA3;GNAS;CD63;GLA;STX16;AP2B1;PAM;ARFGEF1;VAMP3;RAB5A;LAMP2;STX7;ARF1;AP1G1;CLTC;AP3S1;SEC22B;STAM;RAB2A;AP2M1;ARFGAP3;COPB1;RAB14;ATP6V1H;VPS4B;NAPA;AP2S1;PPT1;SNAP23;YKT6;ATP7A;CLN5;SGMS1;ARCN1;ABCA1
REACTIVE_OXYGEN_SPECIES_PATHWAY	0.000205369013083913	0.00077408320316244	0.164451346566605	0.489528800088755	1.96898533008965	48	entry4_PF_PLT_D3__all_valid	positive-risk	GCLM;GSR;HHEX;FES;MSRA;MBP;CDKN2D;SBNO2;OXSR1;G6PD;SRXN1;TXNRD1;LAMTOR5;TXN;FTL;NQO1;PRDX6;GLRX;JUNB;LSP1;EGLN2
SPERMATOGENESIS	0.409310653536258	0.489176146909186	0.0265058069055153	0.234389197269393	1.02404285589844	72	entry4_PF_PLT_D3__all_valid	positive-risk	PGS1;AGFG1;TLE4;PRKAR2A;CCNA1;CLVS1;BRAF;TALDO1;IP6K1;PHF7;SHE;H1-6;GMCL1;TTK;MAST2;HSPA4L;CHFR;NCAPH
TGF_BETA_SIGNALING	0.00339931337046606	0.00876665027120194	0.136831791314999	0.429202094874973	1.7263389371562	48	entry4_PF_PLT_D3__all_valid	positive-risk	FKBP1A;RAB31;IFNGR2;FURIN;HIPK2;SPTBN1;TGFBR1;SERPINE1;TGFB1;PPP1R15A;SMAD1;CTNNB1;SKI;UBE2D3;THBS1;XIAP;PPM1A;RHOA;APC;JUNB
TNFA_SIGNALING_VIA_NFKB	4.60825105078701e-07	3.76340502480939e-06	0.213932663476247	0.390842386426939	1.98379949143188	173	entry4_PF_PLT_D3__all_valid	positive-risk	BCL6;GADD45A;ETS2;PFKFB3;NFIL3;SLC2A3;B4GALT5;FOSL2;BCL2A1;CFLAR;SOCS3;IRS2;DRAM1;LITAF;IFNGR2;MXD1;PTPRE;KLF6;TLR2;RCAN1;KLF9;NFKB1;TIPARP;NFKBIA;LDLR;MAP2K3;EHD1;TNIP1;DENND5A;F2RL1;CD44;RNF19B;SERPINE1;MAP3K8;CSF1;BCL3;PNRC1;PER1;CEBPD;ZC3H12A;CEBPB;PPP1R15A;GADD45B;AREG;IER3;NFE2L2;TNFAIP3;B4GALT1;TRIB1;JAG1;DUSP1;KDM6B;NAMPT;MARCKS;ICAM1;STAT5A;TUBB2A;TAP1;NFAT5;TNIP2;JUNB;TNFAIP6;IRF1;REL;PHLDA1;PLEK;ZFP36;DNAJB4;CXCL1;IL6ST;PLAU
UNFOLDED_PROTEIN_RESPONSE	0.0003743534788139	0.00122288803079207	0.157999743098826	-0.356349935955582	-1.75182202267968	109	entry4_PF_PLT_D3__all_valid	negative-risk	NPM1;IMP3;EXOSC2;NOP56;EXOSC9;EIF2AK3;HSPA9;SPCS1;IARS1;RPS14;HSP90B1;SKIC3;CEBPG;EIF2S1;PDIA6;SLC30A5;SRPRB;LSM4;DNAJB9;WFS1;SEC31A;EIF4A2;MTREX;FUS;BANF1;RRP9;HERPUD1;SEC11A;DDX10;BAG3;EIF4EBP1;HYOU1;SSR1;NOP14;FKBP14;NOLC1;EIF4A1;EXOC2;YIF1A;ALDH18A1;EIF4E;CNOT2;SDAD1;SPCS3;EDEM1;EEF2;XBP1;GOSR2;EXOSC1;NHP2;CKS1B;PAIP1;KHSRP;CALR;PARN;TSPYL2;NFYB;SLC1A4;XPOT;CXXC1;MTHFD2
UV_RESPONSE_DN	0.0561330561330561	0.0916839916839917	0.0789035841438956	0.277660207761252	1.32008470582977	115	entry4_PF_PLT_D3__all_valid	positive-risk	MAPK14;ATP2B4;IGF1R;SYNE1;ATXN1;DYRK1A;WDR37;NFKB1;PTEN;LDLR;GCNT1;SCN8A;NR3C1;CELF2;SERPINE1;PPARG;FHL2;RASA2;RXRA;TGFBR2;PIK3CD;NOTCH2;CDC42BPA;DUSP1;CDKN1B;PTGFR;SCAF8;APBB2;TFPI;PRDM2;NIPBL;NEK7;CITED2;CACNA1A;DLC1
UV_RESPONSE_UP	0.253140595422475	0.354396833591464	0.034746068639257	0.229477980787843	1.10887449600042	127	entry4_PF_PLT_D3__all_valid	positive-risk	CCND3;ATP6V1C1;ARRB2;GRINA;TUBA4A;PRKCD;ALAS1;LYN;FURIN;MAOA;NFKBIA;RAB27A;CHKA;AGO2;MARK2;ACAA1;NUP58;ALDOA;GRPEL1;CA2;ICAM1;CDC34;TAP1;JUNB;IRF1;TMBIM6;STARD3;IL6ST;PDAP1;PRKACA;DNAJA1;HYAL2;GPX3;DNAJB1;CYB5R1;GCH1;APOM;SLC6A8;AP2S1;PPT1;EPHX1
WNT_BETA_CATENIN_SIGNALING	0.665736087846641	0.694065283074157	0.019334695250735	0.237911055530339	0.871380714625447	32	entry4_PF_PLT_D3__all_valid	positive-risk	RBPJ;NUMB;MAML1;ADAM17;CTNNB1;JAG1;FRAT1;NCSTN;NOTCH1;NKD1
XENOBIOTIC_METABOLISM	0.00309869332407436	0.00843533182664687	0.136831791314999	0.315735584364012	1.55348357207922	141	entry4_PF_PLT_D3__all_valid	positive-risk	UPP1;PGD;ETS2;IL1R1;GSR;POR;DDAH2;ARG1;ALAS1;ACOX1;TPST1;TNFRSF1A;LPIN2;AQP9;MAOA;PINK1;SLC6A6;VNN1;CDA;UPB1;FAS;SERPINE1;ESR1;MARCHF6;SMOX;SLC46A3;ABCC2;GABARAPL1;CA2;SLC22A1;DHRS7;RAP1GAP;ITIH4;NQO1;CYFIP2;CES1;MAN1A1;CSAD;FAH;TMBIM6;ARG2;ALDH2;HES6
ADIPOGENESIS	0.385655810642463	0.484541915935402	0.0274331775259348	0.199431719637005	1.02636681038965	176	entry4_PF_PLT_noD3__all_valid	positive-risk	GADD45A;PFKFB3;BCL6;POR;RTN3;SQOR;STOM;GPAT4;ACOX1;IFNGR1;CCNG2;ITGA7;PGM1;DHCR7;LPCAT3;ELMOD3;TALDO1;TOB1;DHRS7B;ORM1;CDKN2C;GBE1;CD151;PPM1B;ALDOA;PPARG;DHRS7;GRPEL1;CHUK;TKT;PIM3;RETN
ALLOGRAFT_REJECTION	0.00207458998396419	0.00564749495634696	0.136831791314999	-0.294326093173224	-1.54074172604453	169	entry4_PF_PLT_noD3__all_valid	negative-risk	RPS3A;HLA-DRA;NPM1;ABCE1;HLA-DMB;ITK;RPL9;HLA-DMA;LY75;EIF3A;CD3D;TRAT1;SIT1;HLA-DOA;CD28;CD3G;CD86;CTSS;CD40LG;CD4;RPL39;EIF3D;ETS1;DARS1;IL7;CD74;LY86;UBE2N;CD8B;LCK;TNF;IRF4;IRF8;HLA-DQA1;CD2;CD8A;FCGR2B;CCND2;CD3E;IL15;CCR2;CD79A;HDAC9;ZAP70;RPS19;CD40;STAT4
ANDROGEN_RESPONSE	0.0033428420408035	0.00818996299996858	0.136831791314999	0.356454857806666	1.62538271302167	86	entry4_PF_PLT_noD3__all_valid	positive-risk	CCND3;CAMKK2;NDRG1;GSR;IDI1;HPGD;ACTN1;MYL12A;FKBP5;ACSL3;UBE2J1;PTK2B;SLC38A2;RPS6KA3;MERTK;HERC3;MAK;VAPA;IQGAP2;GNAI3;B4GALT1;ARID5B;SRF
ANGIOGENESIS	0.546569566883864	0.602723291197044	0.022842815888673	0.279302359630966	0.93503548117321	22	entry4_PF_PLT_noD3__all_valid	positive-risk	LRPAP1;PGLYRP1;JAG1;APP;S100A4;PF4;FSTL1;TIMP1;FGFR1
APICAL_JUNCTION	0.00821375216279458	0.0154797636914206	0.120674297088992	0.308382736000835	1.5161787628967	131	entry4_PF_PLT_noD3__all_valid	positive-risk	MAPK14;SIRPA;ADAM9;MMP9;CAP1;SKAP2;ACTN1;PTEN;ALOX15B;PIK3CB;VASP;RAC2;SYK;COL17A1;CD274;ACTB;CNN2;MAPK13;MAP3K20;NF1;CTNNA1;IKBKG;B4GALT1;ZYX;ARPC2;MSN;RASA1;MYH9;THBS3;ICAM5;PTPRC;ICAM1;ITGA10;FYB1;GNAI2;PFN1;YWHAH;NECTIN2;RSU1;INPPL1;MYL12B;VCL;MYH10;TUBG1
APICAL_SURFACE	0.471017274472169	0.549520153550864	0.0253021730548634	0.273564842448326	0.986695111468836	29	entry4_PF_PLT_noD3__all_valid	positive-risk	FLOT2;LYN;PCSK9;CRYBG1;B4GALT1;APP;NCOA6;IL2RG;BRCA1;SLC2A4;HSPB1;ADIPOR2;DCBLD2
APOPTOSIS	0.00652913902529022	0.0133303255099675	0.129006250027651	0.301870907495861	1.50067612085573	140	entry4_PF_PLT_noD3__all_valid	positive-risk	GADD45A;GSR;CFLAR;TIMP2;HGF;GSN;ADD1;IFNGR1;CCNA1;RNASEL;RARA;ROCK1;TSPO;PSEN1;CD44;FAS;IGF2R;IFITM3;PPP2R5B;GADD45B;CLU;HMGB2;XIAP;IER3;CTNNB1;BCAP31;CDKN1B;CREBBP;CASP4;EMP1;DNAJC3;TAP1;DPYD;NEDD9;ANXA1;GNA15;CASP2;CASP9;PPP3R1;APP;IRF1;TNFSF10;CTH;F2R;GCH1
BILE_ACID_METABOLISM	0.596807511737089	0.635729740763421	0.0211401753523723	0.208082011304141	0.925325263023663	75	entry4_PF_PLT_noD3__all_valid	positive-risk	GCLM;ACSL1;PECR;IDI1;ATXN1;AQP9;SULT1B1;ABCA2;NEDD4;RXRA;HSD3B7
CHOLESTEROL_HOMEOSTASIS	0.000123398355875552	0.000503876619825171	0.164451346566605	0.449080555346001	1.95206202781012	67	entry4_PF_PLT_noD3__all_valid	positive-risk	NFIL3;PLSCR1;IDI1;NIBAN1;ALCAM;PDK3;LDLR;ABCA2;DHCR7;ANTXR2;CHKA;ACSS2;PNRC1;CLU;FBXO6;CTNNB1;PPARG;JAG1;S100A11;STX5
COAGULATION	0.00768295079871275	0.015058583565477	0.129006250027651	0.339698830737939	1.55344139847173	87	entry4_PF_PLT_noD3__all_valid	positive-risk	ADAM9;MMP9;FURIN;GSN;SERPINA1;KLF7;RAC1;RABIF;WDR1;SERPINE1;MMP8;CLU;THBS1;F12;GNB2;F2RL2;LAMP2;ANXA1;CASP9;C1R;PLEK;CTSK;F8;ITGB3;PEF1;MSRB2;PF4;HPN;P2RY1;TIMP1;CTSB;GP1BA;PLAU;SPARC
COMPLEMENT	0.000177581901426898	0.000621536654994144	0.164451346566605	0.333900124785614	1.70980164116156	169	entry4_PF_PLT_noD3__all_valid	positive-risk	ITGAM;ADAM9;PLSCR1;GCA;HSPA1A;PRKCD;TIMP2;CR1;S100A12;LYN;PCSK9;RHOG;CD59;PIK3CG;MSRB1;SERPINA1;PIM1;DGKH;CD55;JAK2;RABIF;LCP2;CDA;EHD1;S100A9;PSEN1;SERPINE1;IRF2;MMP8;CDK5R1;F5;PIK3CA;CLU;COL4A2;GRB2;VCPIP1;TNFAIP3;CEBPB;GNB2;AKAP10;RAF1;GNAI3;PRSS36;LAMP2;CASP4;USP15;CA2;CTSD;PIK3R5;CASP9;C1R;GNAI2;PFN1;IRF1;PLEK;F8;IRF7;FCER1G;PPP4C;USP8;BRPF3;CXCL1;TIMP1;CTSB;GP1BA;CPM;WAS;SIRT6
DNA_REPAIR	0.00462341952852609	0.0105930935693721	0.129006250027651	-0.296628965161889	-1.51495446100009	144	entry4_PF_PLT_noD3__all_valid	negative-risk	GTF2H3;RNMT;GTF2H1;ERCC8;NELFCD;ADA;NUDT21;SRSF6;ERCC3;SF3A3;MRPL40;NFX1;NCBP2;ERCC4;POLR2D;EDF1;POLR1C;LIG1;IMPDH2;UMPS;TP53;POLR1H;RFC3;ERCC5;AAAS;ITPA;APRT;DUT;POLR2K;TAF9;DDB2;NME3;POLR2C;SSRP1;AK3;RPA3;NME1;RFC4;PCNA;GTF2A2;REV3L;POLB;SNAPC5;SEC61A1;TARBP2;DDB1;GSDME;GTF2H5;PDE4B;POLR2H;ELOA;TAF1C;RFC5;TMED2;RAD52;GTF2F1;NELFE;POLR3C
E2F_TARGETS	0.000141324223967632	0.000532683613416459	0.164451346566605	-0.311123258706064	-1.66773383430912	200	entry4_PF_PLT_noD3__all_valid	negative-risk	SYNCRIP;EED;MYC;RAN;MAD2L1;CNOT9;PMS2;NOP56;AK2;PPP1R8;PAICS;NUDT21;RAD50;PHF5A;HNRNPD;ASF1A;KIF22;STMN1;CDC25B;IPO7;TMPO;LIG1;WDR90;EIF2S1;TP53;RFC3;PAN2;MRE11;DCTPP1;DNMT1;MLH1;DUT;RAD1;ILF3;CDK4;NUP205;CTPS1;PRDX4;CSE1L;SSRP1;RBBP7;RPA3;SLBP;MCM3;NME1;NOLC1;RANBP1;CBX5;CCNE1;SMC1A;SMC3;RFC1;PCNA;UBE2T;RPA1;NUP107;CENPM;MCM5;SRSF1;ZW10;MSH2;SRSF2;HELLS;CDKN2A;XRCC6;TBRG4;NAP1L1;POLD2
EPITHELIAL_MESENCHYMAL_TRANSITION	0.0701497990500548	0.110881940433958	0.0722438159950612	0.265940205251494	1.28692360208091	119	entry4_PF_PLT_noD3__all_valid	positive-risk	GADD45A;BASP1;PCOLCE2;CD59;FBN2;QSOX1;CAPG;SERPINE1;CD44;FAS;EFEMP2;TPM1;GADD45B;TGFB1;COLGALT1;COL4A2;LOXL1;THBS1;TNFAIP3;AREG;COL6A3;PFN2;VIM;NOTCH2;PLOD1;COPA;COL7A1;ITGB3;PDLIM4;CXCL1;SFRP4;TPM4;PTX3;FSTL1;TIMP1;WIPF1;MYLK;ACTA2;SPARC;ITGB5;LGALS1;SLC6A8;ANPEP;ITGA5;TGM2
ESTROGEN_RESPONSE_EARLY	0.00543765433724014	0.0115845679358594	0.129006250027651	0.304791529796857	1.52063684144155	143	entry4_PF_PLT_noD3__all_valid	positive-risk	IGF1R;RAB31;AFF1;UGCG;FKBP5;TIPARP;MREG;SLC2A1;RARA;TTC39A;SVIL;JAK2;DHCR7;MED13L;CD44;FOXC1;GLA;KDM4B;KAZN;CANT1;TOB1;CHPT1;FHL2;SIAH2;GAB2;OLFML3;MINDY1;RHOBTB3;AREG;SH3BP5;CISH;B4GALT1;KCNK5;NADSYN1;INHBB;MAST4;AMFR;SLC7A5;IL6ST;FLNB;SLC24A3;TUBB2B;CA12;IL17RB;ALDH3B1;ANXA9
ESTROGEN_RESPONSE_LATE	0.0983222081905106	0.150555881291719	0.0601199218047462	0.247740233064754	1.23157893888998	140	entry4_PF_PLT_noD3__all_valid	positive-risk	ATP2B4;RAB31;AFF1;FKBP5;SERPINA1;CCNA1;BATF;IMPA2;SNX10;JAK2;DHCR7;S100A9;CD44;FOXC1;GLA;ST6GALNAC2;TOB1;CHPT1;SIAH2;MAPK13;PTPN6;AREG;CISH;JAK1;KCNK5;CA2;AMFR;SLC7A5;IL6ST;CKB;FLNB;SLC24A3;CA12;IL17RB;ALDH3B1;ANXA9
FATTY_ACID_METABOLISM	0.342041177772858	0.441053097654475	0.0337560952568549	-0.207661863718276	-1.04707908274937	131	entry4_PF_PLT_noD3__all_valid	negative-risk	METAP1;OSTC;MDH1;APEX1;ACSS1;ACAA2;ECHS1;MCEE;HADH;CBR1;SUCLG2;HSD17B10;ECI1;ACADM;ACAT2;CPT2;HSD17B4;ADSL;BPHL;MIX23;BCKDHB;ECI2;ACOT2;PDHA1;UGDH;BLVRA;ACSL5;CD36;SDHD;HSD17B7;PTS;RAP1GDS1;SUCLA2;SMS;PSME1;PCBD1;AOC3;ODC1;ALDH3A2;NTHL1;MIF;FH;HMGCS1;GCDH;ENO2;ALDH1A1;ACO2;MLYCD;MDH2;IDH3B;CD1D;HSPH1;DLST;S100A10;CRYZ;IDH3G;EHHADH;XIST;ERP29
G2M_CHECKPOINT	0.931890741397659	0.931890741397659	0.0137135194949595	0.153171853451588	0.797538977516577	191	entry4_PF_PLT_noD3__all_valid	positive-risk	MAPK14;E2F3;PRMT5;RAD23B;LMNB1;KMT5A;DR1;LBR;HIF1A;PAFAH1B1;KPNB1;BCL3;TGFB1;JPT1;TACC3;CDKN2C;BARD1;MARCKS;SAP30;CDKN1B;MAP3K20;TLE3;UBE2C;CUL3;AURKB;TFDP1;NOTCH2;NUP98;KIF5B;NUP50;SLC7A5;KIF4A;E2F1;UPF1;TTK;KIF11;E2F2;PRC1
GLYCOLYSIS	0.0133606630517923	0.0225749134323387	0.120674297088992	0.276401179803029	1.41052896591298	166	entry4_PF_PLT_noD3__all_valid	positive-risk	TGFA;PYGL;PKM;PHKA2;IRS2;B4GALT4;ABCB6;RRAGD;PDK3;TPST1;HK2;QSOX1;P4HA2;DSC2;LDHA;MERTK;SPAG4;CD44;LCT;PAM;SLC16A3;PGK1;TALDO1;EXT1;G6PD;TXN;PGM2;PKP2;IER3;SAP30;ALDOA;IL13RA1;ME2;ANKZF1;B4GALT1;DEPDC1;UGP2;NDST3;PLOD1;GYS1;GLRX;DDIT4;ENO1;ZNF292;CITED2
HEDGEHOG_SIGNALING	0.10467577448528	0.15542766514481	0.0601783862400583	0.398395233675424	1.35054295019616	23	entry4_PF_PLT_noD3__all_valid	positive-risk	ETS2;SLIT1;CDK5R1;TLE1;NF1;TLE3;RASA1;MYH9;GLI1
HEME_METABOLISM	4.3943425771801e-15	1.07661393140912e-13	0.315999486197653	0.487713174711105	2.53642644669834	189	entry4_PF_PLT_noD3__all_valid	positive-risk	NFE2;CCND3;GCLM;SLC22A4;NARF;MBOAT2;FBXO34;ADD1;ABCB6;SLC25A37;LPIN2;LRP10;FBXO9;HTATIP2;MARK3;MPP1;MAP2K3;SLC2A1;P4HA2;CAST;ATP6V0A1;ERMAP;FOXO3;PSMD9;KHNYN;NR3C1;SDCBP;EZH1;DCAF10;GAPVD1;PPP2R5B;SMOX;GDE1;ALAD;RHAG;SPTB;ADIPOR1;LAMP2;NUDT4;KDM7A;MARCHF2;EIF2AK1;USP15;CA2;HDGF;PICALM;NEK7;SLC66A2;RAP1GAP;RCL1;TAL1;ARHGEF12;ANK1;SEC14L1;FOXJ2;TMCC2;RHD;LMO2;DCAF11;RANBP10;DMTN;RBM38;E2F2;KEL;RNF19A;MARCHF8;EPOR;SYNJ1;KLF3;BCAM;GATA1;TNRC6B;CTSB;FN3K;HTRA2;RBM5;YPEL5;RHCE;KAT2B;UBAC1;CCDC28A;XPO7;BTRC;CTNS;TRIM58;SLC6A8;TOP1;FBXO7;CLIC2;HAGH;CDR2;HMBS;MXI1;BSG;DAAM1;XK;RNF123;RIOK3;KLF1;MKRN1;CDC27
HYPOXIA	2.61313417962143e-09	3.83372182143582e-08	0.245620582362235	0.442726122278201	2.23378039471223	153	entry4_PF_PLT_noD3__all_valid	positive-risk	NDRG1;TPST2;PFKFB3;NFIL3;SLC2A3;FOSL2;AMPD3;IRS2;NDST2;RRAGD;PDK3;HK2;PIM1;RBPJ;KLF6;CCNG2;KLF7;TIPARP;JMJD6;SLC2A1;P4HA2;ADM;PGM1;SLC6A6;LDHA;WSB1;SERPINE1;FOXO3;NR3C1;PAM;PGK1;EXT1;PNRC1;SIAH2;IDS;GAPDH;HK1;PGM2;GBE1;PPP1R15A;TNFAIP3;PLAC8;IER3;SAP30;DUSP1;MAP3K1;ALDOA;CDKN1B;ANKZF1;UGP2;CSRP2;NDST1;MYH9;GYS1;GLRX;DDIT4;ENO1;PRDX5;ZNF292;CITED2;TMEM45A
IL2_STAT5_SIGNALING	0.000289767452176797	0.000946573677110871	0.157999743098826	0.322828446316194	1.66268437029006	177	entry4_PF_PLT_noD3__all_valid	positive-risk	CST7;CCND3;MAPKAPK2;NDRG1;IL1R2;CKAP4;NFIL3;SLC2A3;PLSCR1;SCN9A;IGF1R;FURIN;ALCAM;RRAGD;HYCC2;SELL;HK2;HIPK2;PIM1;MXD1;KLF6;IFNGR1;IL18R1;BATF;IL4R;CAPG;SMPDL3A;CD44;IGF2R;DENND5A;MAP3K8;IFITM3;ADAM19;PLEC;CSF1;SLC39A8;CAPN3;GADD45B;GLIPR2;IL1RL1;ST3GAL4;CISH;F2RL2;GABARAPL1;DCPS;EMP1;CA2;SOCS1;ETFBKMT
IL6_JAK_STAT3_SIGNALING	1.68585273505563e-08	1.65213568035452e-07	0.232569324665012	0.542454680397544	2.39163427674797	72	entry4_PF_PLT_noD3__all_valid	positive-risk	IL1R2;IL1R1;IL17RA;IFNAR1;STAT3;SOCS3;IFNGR2;IL10RB;TNFRSF1A;ACVR1B;TLR2;PIM1;IFNGR1;IL18R1;PTPN1;IL4R;PDGFC;CSF2RB;CD44;CSF3R;FAS;MAP3K8;CSF2RA;MYD88;CSF1;TGFB1;GRB2;CBL;IL13RA1;SOCS1;IRF9;PIK3R5;IL6ST;OSMR;IRF1;IL17RB;ITGB3;PTPN11;TYK2;ACVRL1;IL2RG;CXCL1;PF4;CCR1
INFLAMMATORY_RESPONSE	6.00987048630144e-07	4.206909340411e-06	0.209014013725794	0.396856909457131	2.00874161597813	157	entry4_PF_PLT_noD3__all_valid	positive-risk	IL1R1;KIF1B;IL18RAP;IFNAR1;IFNGR2;LYN;RHOG;PROK2;IRAK2;AQP9;ACVR1B;TLR2;RNF144B;SELL;PTPRE;FPR1;MXD1;KLF6;OSM;IFITM1;IL18R1;NFKB1;NFKBIA;LDLR;IL4R;CD82;ADM;CD55;PTAFR;LCP2;MEFV;HIF1A;C3AR1;PSEN1;SERPINE1;CSF3R;SGMS2;NLRP3;CSF1;ADGRE1;TAPBP;CLEC5A;SLC31A2;SEMA4D;FFAR2;RAF1;GNAI3;EIF2AK2;NAMPT;KCNJ2;NMI;TLR1;PIK3R5;PTGER2;ICAM1;TNFAIP6;GNA15;NOD2;OSMR;IRF1;FZD5;ABI1;ITGB3;TNFSF10;GPR132;GCH1;IRF7
INTERFERON_ALPHA_RESPONSE	0.00988743097633532	0.0173030042085868	0.120674297088992	0.327574393438506	1.51968596099509	94	entry4_PF_PLT_noD3__all_valid	positive-risk	TRIM25;PLSCR1;TRAFD1;SELL;IFITM1;ADAR;IL4R;TMEM140;TRIM21;IFITM2;IRF2;IFITM3;CSF1;TRIM5;EIF2AK2;PARP9;GMPR;NMI;IRF9;TAP1;TDRD7;HELZ2;GBP2;OGFR;IRF1;SLC25A28;SP110;HLA-C;IRF7
INTERFERON_GAMMA_RESPONSE	0.00142255692461863	0.00410031113566547	0.144233372292081	0.300124110691839	1.56084102526351	189	entry4_PF_PLT_noD3__all_valid	positive-risk	UPP1;TRIM25;PLSCR1;STAT3;SOCS3;LATS2;EIF4E3;TRAFD1;PIM1;FPR1;ADAR;NFKB1;PTPN1;NFKBIA;IL4R;NLRC5;JAK2;LCP2;CSF2RB;HIF1A;TRIM21;IFITM2;IRF2;FAS;ZNFX1;MYD88;IFITM3;CD274;TOR1B;TAPBP;MVP;TMT1B;PELI1;PTPN6;TNFAIP3;EIF2AK2;NAMPT;FCGR1A;CASP4;ARID5B;RNF213;SOCS1;NMI;IRF9;TAP1;TDRD7;SELP;ICAM1;HELZ2;TNFAIP6;RIPK1;C1R;SPPL2A;OGFR;IRF1;RBCK1;SLC25A28;SP110;TNFSF10;ST8SIA4;IFNAR2;GCH1;IRF7
KRAS_SIGNALING_DN	0.553521389874837	0.602723291197044	0.0222361262287478	0.209308512970815	0.948099071636613	82	entry4_PF_PLT_noD3__all_valid	positive-risk	ZBTB16;ENTPD7;PTPRJ;ASB7;CPEB3;CCNA1;TG;MEFV;STAG3;BARD1;KCND1;PTGFR;MAST3;MAGIX;NR6A1;KMT2D;KLHDC8A;HSD11B2;GTF3C5;GP1BA;CHST2;RYR2;NR4A2
KRAS_SIGNALING_UP	0.453597122302158	0.549520153550864	0.0248459701133656	0.200591203982886	1.00014335945404	142	entry4_PF_PLT_noD3__all_valid	positive-risk	MMP9;ARG1;LAT2;GALNT3;CDADC1;AVL9;TLR8;C3AR1;LCP1;TOR1AIP2;F2RL1;CSF2RA;NIN;PTBP2;PPP1R15A;DOCK2;TNFAIP3;GADD45G;CBL;TRIB1;TFPI;MAP3K1;ADAM17;ADAM8;EMP1;CA2;RETN;LY96;MTMR10;LAPTM5;GLRX;SPRY2;ITGB2
MITOTIC_SPINDLE	1.342145170402e-05	6.57651133496978e-05	0.188057309511404	0.346969125234178	1.80936564994476	193	entry4_PF_PLT_noD3__all_valid	positive-risk	CDK5RAP2;RANBP9;KIF1B;CLASP1;TUBA4A;ARL8A;GSN;PPP4R2;FGD4;AKAP13;PREX1;KIF3C;LMNB1;CDC42EP2;SPTBN1;KLC1;WASF2;ROCK1;PAFAH1B1;SSH2;NCK2;CSNK1D;NIN;ARHGEF11;RASA2;CDC42EP4;CNTROB;ARFGEF1;RALBP1;DOCK2;PXN;CLIP1;CDC42BPA;MARCKS;NF1;STAU1;RASA1;MYH9;NOTCH2;CDC42EP1;CAPZB;ARHGEF12;APC;KIF5B;NEDD9;CDC42;TUBD1;KIF4A;ECT2;FLNB;TTK;KIF11;KPTN;ARHGAP27;ABI1;PRC1;ARHGEF2;VCL;MYH10;ABR;ITSN1;ACTN4;MARK4;PDLIM5;MAP1S;KIF23;SOS1;TLK1;HDAC6;MAPRE1;MYO9B;AURKA;KIF15;MAP3K11;TAOK2;DYNLL2;RAB3GAP1;CYTH2;ARHGDIA;CEP192;KATNB1;TUBGCP2;CLIP2;ARAP3
MTORC1_SIGNALING	0.326194690265487	0.431987562784023	0.0303565056020427	0.201316662682552	1.0542171670149	198	entry4_PF_PLT_noD3__all_valid	positive-risk	NFIL3;SLC2A3;GSR;SLA;TUBA4A;IDI1;NIBAN1;SKAP2;HK2;ACSL3;LDLR;MAP2K3;SLC2A1;PGM1;SLC6A6;LDHA;DHCR7;GSK3B;NUPR1;GLA;PGK1;GAPDH;RAB1A;G6PD;RIT1;GBE1;PPP1R15A;TXNRD1;NFYC;ALDOA;ACTR2;UBE2D3;NAMPT
MYC_TARGETS_V1	7.15872327738677e-23	3.50777440591952e-21	0.392357191921239	-0.541905184795937	-2.90504577542737	198	entry4_PF_PLT_noD3__all_valid	negative-risk	DDX18;SRSF7;BUB3;SNRPA1;SYNCRIP;NPM1;G3BP1;HNRNPR;ABCE1;RPL34;EEF1B2;RPL22;FBL;TOMM70;CLNS1A;MRPS18B;RPS5;RPS2;RPL6;MYC;RSL1D1;SET;SNRPD2;RPS6;SSBP1;RAN;MAD2L1;CCT4;APEX1;PPIA;NOP56;RPLP0;DDX21;EIF3D;ILF2;RPS10;PHB1;CCT2;NDUFAB1;HSPD1;GLO1;IARS1;EPRS1;NCBP2;HNRNPD;PSMD8;STARD7;VDAC1;RPL18;PSMD14;POLE3;HNRNPA1;GNL3;IMPDH2;EIF2S1;RPS3;RACK1;SRSF3;PSMA2;MRPL9;DHX15;DUT;PABPC4;ERH;HNRNPA3;SNRPA;RPL14;PRPS2;TUFM;CDK4;CTPS1;PRDX4;CCT7;RRP9;YWHAQ;HDAC2;KARS1;C1QBP;NME1;NOLC1;RANBP1;RFC4;VDAC3;SMARCC1;MRPL23;SNRPD3;AIMP2;SERBP1;COX5A;PCNA;HDDC2;EIF4A1;SSB;ACP1;UBE2E1;SRM;MCM5;PHB2;NCBP1;CUL1;SNRPD1;UBA2;SRSF1;NOP16;HSPE1;TXNL4A;CANX;SNRPB2;ODC1;EIF4E;SRSF2;SF3B3;XRCC6;NAP1L1;POLD2;SLC25A3;CAD;CSTF2;COPS5;EIF2S2;GOT2;PSMB2;PWP1;LSM7;CCT3;PPM1G;SNRPG;NHP2
MYC_TARGETS_V2	7.06311611429426e-07	4.32615862000524e-06	0.209014013725794	-0.536058022018557	-2.29975657055518	57	entry4_PF_PLT_noD3__all_valid	negative-risk	DDX18;WDR43;NPM1;UTP20;NDUFAF4;MYC;NOP56;PPAN;PHB1;HSPD1;PES1;MRTO4;PUS1;GNL3;DCTPP1;SORD;GRWD1;CDK4;RRP9;LAS1L;MPHOSPH10;NOLC1;IMP4;AIMP2;PRMT3;SRM;MCM5;TFB2M;NOP16;HSPE1;MYBBP1A;TBRG4;TMEM97;NOP2;IPO4
MYOGENESIS	0.141462516117149	0.203872449698244	0.0500375312463182	0.24890645463271	1.19562724741837	115	entry4_PF_PLT_noD3__all_valid	positive-risk	ACSL1;GSN;MEF2A;ITGA7;MYBPC3;FOXO4;SVIL;KLF5;TPM3;GADD45B;TGFB1;CLU;COL4A2;RIT1;DAPK2;PDLIM7;COL6A3;KIFC3;MYOM1;DMPK;MYH9;MYL6B;ATP6AP1;NQO1;CKB;LSP1;APP;NOTCH1;IFRD1;GABARAPL2;MYLK;PYGM;SPARC;MYH11;AK1;ITGB5;BAG1;HDAC5;SMTN;SLC6A8;AKT2;GPX3;IGFBP7;ACHE;FLII
NOTCH_SIGNALING	0.468736973739058	0.549520153550864	0.0267870022009905	-0.276829166722943	-0.98529159792947	26	entry4_PF_PLT_noD3__all_valid	negative-risk	DTX4;MAML2;LFNG;HES1;PSEN2;ARRB1
OXIDATIVE_PHOSPHORYLATION	3.12956883382516e-09	3.83372182143582e-08	0.245620582362235	-0.396066794217103	-2.12306208191994	200	entry4_PF_PLT_noD3__all_valid	negative-risk	MRPS30;LRPPRC;LDHB;PDP1;MRPL35;CYCS;TOMM70;DLAT;OXA1L;TIMM17A;MRPL15;ABCB7;MDH1;ATP5MC1;ATP5PO;COX7C;NDUFB5;PDK4;COX10;COX6C;HSPA9;ATP5MC2;SLC25A4;ACAA2;TOMM22;ECHS1;NDUFAB1;BDH2;NDUFS3;NDUFA8;MRPL11;NDUFB2;UQCRC2;NDUFV1;VDAC1;ATP5MC3;PHYH;NDUFA5;SLC25A6;PMPCA;TIMM13;TIMM10;VDAC2;HSD17B10;ACADSB;TIMM9;ECI1;IDH2;ACADM;GLUD1;ATP5F1A;CASP7;IMMT;MGST3;NDUFB8;SLC25A5;NDUFA6;NDUFA4;COX7A2;MRPS12;UQCRQ;PDHA1;UQCR10;TIMM50;VDAC3;NDUFS6;ATP5PB;SDHD;COX5A;ETFA;MRPS11;COX4I1;FDX1;IDH3A;UQCRFS1;SUCLA2;ATP6V1F;MTX2;PHB2;OPA1;SLC25A20;COX11;ATP5F1C;SLC25A3;FH;ATP5PD;NDUFB4;UQCRB;ATP1B1;NNT;GOT2;SLC25A12;ACO2;MDH2;FXN;BAX;ATP6V1G1;IDH3B
P53_PATHWAY	0.00902307255407344	0.0163752057462814	0.120674297088992	0.278460445065834	1.43971882173253	181	entry4_PF_PLT_noD3__all_valid	positive-risk	UPP1;CCND3;NDRG1;TGFA;GADD45A;ZBTB16;DRAM1;STOM;TRAFD1;ABHD4;ACVR1B;PTPRE;MXD1;ALOX15B;CEBPA;APAF1;PRMT2;CD82;NUPR1;FAS;FOXO3;HEXIM1;CDK5R1;TOB1;TGFB1;RNF19B;RXRA;RHBDF2;PRKAB1;SP1;PPP1R15A;IER3;SOCS1;INHBB;TAP1;CTSD;SERTAD3;CCP110;DDIT4;GM2A;MKNK2;PLK3;APP;CSRNP2;STEAP3;NOTCH1;CYFIP2;PPM1D;F2R;S100A4;GPX2;FGF13;DEF6;ZFP36L1;VDR;TAX1BP3;TXNIP;HSPA4L;IP6K2;DNTTIP2
PEROXISOME	0.797728733661881	0.814348082279837	0.0187351417089681	-0.180429919861602	-0.842909065406782	86	entry4_PF_PLT_noD3__all_valid	negative-risk	SLC23A2;ABCD2;CLN6;SLC25A4;ERCC3;EPHX2;HRAS;SLC35B2;DHRS3;ABCB4;CADM1;IDH2;SLC25A19;HSD17B4;PRDX1;ECI2;CTPS1;ABCB1;ACSL5;SMARCC1
PI3K_AKT_MTOR_SIGNALING	5.35259673679876e-06	2.91419155670155e-05	0.193509375041476	0.44456530948327	2.05366089401043	92	entry4_PF_PLT_noD3__all_valid	positive-risk	MKNK1;CAB39;SLA;MAP2K6;PRKCB;PRKAR2A;TNFRSF1A;VAV3;DUSP3;MAPK1;PTEN;RALB;MAP2K3;SLC2A1;RAC1;RPS6KA3;GSK3B;RPS6KA1;CFL1;MYD88;YWHAB;GRB2;RIT1;CDKN1B;RAF1;ACTR2;UBE2D3;AKT1S1;SMAD2;IRAK4;ACTR3;ARF1;RIPK1;MKNK2;E2F1;PFN1;GRK2;MAPK10;CLTC;PIKFYVE;AP2M1;PTPN11;TBK1;IL2RG;PDK1;NFKBIB
PROTEIN_SECRETION	0.223950524737631	0.304821547559554	0.0391705735779892	0.247993147113631	1.13769537498153	89	entry4_PF_PLT_noD3__all_valid	positive-risk	KIF1B;MAPK1;RPS6KA3;GNAS;GLA;IGF2R;STX16;CD63;PAM;AP2B1;ARFGEF1;VAMP3;RAB5A;LAMP2;STX7;ARF1;AP3S1;AP1G1;CLTC;ARFGAP3;SEC22B;AP2M1;COPB1;VPS4B;ATP6V1H;RAB2A;STAM;NAPA;RAB14;SNAP23;AP2S1;PPT1;YKT6;ICA1;ATP7A;CLN5;SGMS1;ARCN1;STX12
REACTIVE_OXYGEN_SPECIES_PATHWAY	5.08698196546605e-05	0.000226601923916215	0.17664908299824	0.51247596077789	2.07665207550628	48	entry4_PF_PLT_noD3__all_valid	positive-risk	GCLM;GSR;HHEX;FES;MSRA;CDKN2D;MBP;SBNO2;G6PD;TXN;OXSR1;LAMTOR5;SRXN1;TXNRD1;PRDX6;FTL;GLRX;JUNB;NQO1;LSP1;EGLN2
SPERMATOGENESIS	0.539013791800491	0.602723291197044	0.0228372141395502	0.215662422306944	0.950836374050238	72	entry4_PF_PLT_noD3__all_valid	positive-risk	PGS1;AGFG1;TLE4;PRKAR2A;CCNA1;CLVS1;TALDO1;BRAF;IP6K1;PHF7;GMCL1;SHE;H1-6;TTK;NCAPH;CHFR
TGF_BETA_SIGNALING	0.00239240463084745	0.00616988562692237	0.136831791314999	0.43482312627935	1.76198771605893	48	entry4_PF_PLT_noD3__all_valid	positive-risk	FKBP1A;RAB31;IFNGR2;FURIN;HIPK2;SPTBN1;TGFBR1;SERPINE1;TGFB1;THBS1;PPP1R15A;XIAP;CTNNB1;SMAD1;UBE2D3;SKI;PPM1A;RHOA;APC;JUNB
TNFA_SIGNALING_VIA_NFKB	2.00078727540474e-07	1.63397627491387e-06	0.218740739393273	0.392953138002279	2.01864943279757	173	entry4_PF_PLT_noD3__all_valid	positive-risk	ETS2;GADD45A;PFKFB3;BCL6;NFIL3;B4GALT5;SLC2A3;BCL2A1;CFLAR;SOCS3;FOSL2;DRAM1;IFNGR2;LITAF;IRS2;RCAN1;TLR2;PTPRE;MXD1;KLF6;TIPARP;NFKB1;NFKBIA;LDLR;KLF9;MAP2K3;EHD1;TNIP1;SERPINE1;CD44;DENND5A;F2RL1;MAP3K8;BCL3;PNRC1;CSF1;GADD45B;CEBPD;ZC3H12A;RNF19B;PER1;PPP1R15A;TNFAIP3;NFE2L2;AREG;IER3;CEBPB;MARCKS;DUSP1;TRIB1;NAMPT;B4GALT1;KDM6B;TAP1;JAG1;STAT5A;ICAM1;TNIP2;TNFAIP6;IL6ST;JUNB;PHLDA1;NFAT5;IRF1;TUBB2A;DNAJB4;PLEK
UNFOLDED_PROTEIN_RESPONSE	0.000663625086418694	0.00203235182715725	0.151273237061354	-0.349573676453625	-1.70763776803358	109	entry4_PF_PLT_noD3__all_valid	negative-risk	NPM1;IMP3;EXOSC2;NOP56;EXOSC9;EIF2AK3;HSPA9;SPCS1;IARS1;RPS14;CEBPG;HSP90B1;SKIC3;SLC30A5;PDIA6;SRPRB;EIF2S1;SEC31A;LSM4;FUS;EIF4A2;MTREX;BANF1;WFS1;BAG3;DNAJB9;DDX10;RRP9;HERPUD1;EIF4EBP1;NOLC1;NOP14;SEC11A;HYOU1;FKBP14;EIF4A1;SSR1;CNOT2;ALDH18A1;YIF1A;SDAD1;EXOC2;EIF4E;EXOSC1;EEF2;PARN;KHSRP;GOSR2;CKS1B;NHP2;EDEM1;SLC1A4;XBP1;SPCS3;NFYB;XPOT;CXXC1;DKC1;TSPYL2;GEMIN4;CALR;PAIP1
UV_RESPONSE_DN	0.0523116596058206	0.0854423773561736	0.0844603778325338	0.275371223026643	1.32275130386397	115	entry4_PF_PLT_noD3__all_valid	positive-risk	MAPK14;ATP2B4;SYNE1;IGF1R;ATXN1;DYRK1A;WDR37;PTEN;NFKB1;LDLR;GCNT1;SCN8A;SERPINE1;NR3C1;FHL2;RASA2;TGFBR2;RXRA;CELF2;PIK3CD;CDC42BPA;DUSP1;TFPI;CDKN1B;PPARG;PTGFR;NEK7;NOTCH2;SCAF8;NIPBL;LTBP1;APBB2;CACNA1A;CITED2
UV_RESPONSE_UP	0.220879120879121	0.304821547559554	0.0389670906894879	0.23114901618182	1.12959771931764	127	entry4_PF_PLT_noD3__all_valid	positive-risk	CCND3;ATP6V1C1;GRINA;ARRB2;TUBA4A;PRKCD;FURIN;LYN;ALAS1;MAOA;NFKBIA;RAB27A;CHKA;NUP58;AGO2;MARK2;ACAA1;ALDOA;GRPEL1;CA2;TAP1;ICAM1;CDC34;IL6ST;JUNB;IRF1;TMBIM6;STARD3;PDAP1;GCH1;DNAJA1;HYAL2;PRKACA;DNAJB1
WNT_BETA_CATENIN_SIGNALING	0.786925941249483	0.814348082279837	0.0184146181537193	-0.212134081140579	-0.797153724830068	32	entry4_PF_PLT_noD3__all_valid	negative-risk	MYC;LEF1;TCF7;CCND2;SKP2;TP53;PSEN2;HDAC2;CSNK1E;CUL1;AXIN2;PPARD
XENOBIOTIC_METABOLISM	0.00475608282706501	0.0105930935693721	0.129006250027651	0.305326058628717	1.52093153091621	141	entry4_PF_PLT_noD3__all_valid	positive-risk	UPP1;PGD;ETS2;IL1R1;POR;GSR;DDAH2;ARG1;TNFRSF1A;ALAS1;ACOX1;PINK1;LPIN2;AQP9;TPST1;MAOA;VNN1;SLC6A6;CDA;SERPINE1;FAS;SLC46A3;UPB1;SMOX;MARCHF6;ESR1;DHRS7;GABARAPL1;CA2;ABCC2;RAP1GAP;FAH;MAN1A1;NQO1;SLC22A1;TMBIM6;CYFIP2;CSAD;ITIH4;GCH1;ARG2;HES6;AKR1C3;ALDH2;PTGR1;IDH1;PDLIM5;CES1
ADIPOGENESIS	0.687087186261559	0.731897220148182	0.0170921753876313	0.177938604069725	0.906638036007956	176	entry3.75_SOFA_D3__all_valid	positive-risk	BCL6;GADD45A;PFKFB3;POR;RTN3;ACOX1;ITGA7;SQOR;STOM;CCNG2;PGM1;LPCAT3;GPAT4;ELMOD3;IFNGR1;TOB1;DHCR7;PPARG;DHRS7B;PPM1B;TALDO1;ORM1;TKT;GBE1;ALDOA;GRPEL1;STAT5A;CDKN2C;NABP1;CHUK;DHRS7;BAZ2A;ITSN1;CD151;PIM3
ALLOGRAFT_REJECTION	0.000341341302707073	0.00119469455947476	0.157999743098826	-0.313725628539256	-1.65468468829088	169	entry3.75_SOFA_D3__all_valid	negative-risk	RPS3A;HLA-DRA;ABCE1;NPM1;CD3D;ITK;HLA-DMB;HLA-DMA;EIF3A;SIT1;RPL9;TRAT1;LY75;CD3G;DARS1;HLA-DOA;RPL39;CTSS;ETS1;CD28;CD86;CD40LG;UBE2N;CD4;IL7;CD8B;EIF3D;LCK;LY86;CD74;CCND2;RPS19;IRF4;CD8A;TNF;CD2;FCGR2B;ZAP70;IRF8;HLA-DQA1;STAT4;CD3E;CCR2;IL15;CCR5;CXCR3;CD79A;CD247;HDAC9;NME1;CD40;CCL5
ANDROGEN_RESPONSE	0.0055046642051579	0.0134864273026368	0.129006250027651	0.348059018472224	1.57353417908551	86	entry3.75_SOFA_D3__all_valid	positive-risk	NDRG1;CCND3;CAMKK2;GSR;FKBP5;HPGD;ACTN1;IDI1;PTK2B;SLC38A2;HERC3;MYL12A;RPS6KA3;ACSL3;MERTK;UBE2J1;MAK;IQGAP2;VAPA;B4GALT1;ARID5B;GNAI3
ANGIOGENESIS	0.756576509818451	0.772338520439669	0.0173659355473519	0.241434787766327	0.802933986412091	22	entry3.75_SOFA_D3__all_valid	positive-risk	LRPAP1;PGLYRP1;JAG1;FGFR1;APP;S100A4;TIMP1;FSTL1;PF4;VEGFA
APICAL_JUNCTION	0.00631210947380656	0.014728255438882	0.129006250027651	0.309280822443595	1.50630184365662	131	entry3.75_SOFA_D3__all_valid	positive-risk	MAPK14;SIRPA;MMP9;ADAM9;SKAP2;CAP1;ACTN1;PIK3CB;ALOX15B;SYK;PTEN;RAC2;VASP;MAPK13;COL17A1;NF1;CD274;CNN2;ACTB;MAP3K20;B4GALT1;THBS3;ICAM5;IKBKG;MSN;ZYX;ARPC2;CTNNA1;MYH9;ITGA10;RASA1;PTPRC;FYB1;ICAM1;PBX2;GNAI2;NECTIN2;INPPL1;ACTN4;YWHAH;SHC1;PFN1;PCDH1;VCL;RSU1;MYH10;TUBG1;STX4;MYL12B;CLDN15;MPZL1
APICAL_SURFACE	0.448975825798118	0.549995386602694	0.0254464858615218	0.279553072793115	1.00230975997886	29	entry3.75_SOFA_D3__all_valid	positive-risk	FLOT2;LYN;PCSK9;CRYBG1;B4GALT1;NCOA6;IL2RG;APP;DCBLD2;ADIPOR2;BRCA1;SLC2A4
APOPTOSIS	0.0460526315789474	0.0778130671506352	0.0861969619137114	0.268144267276536	1.32001803068667	140	entry3.75_SOFA_D3__all_valid	positive-risk	GADD45A;GSR;CFLAR;TIMP2;HGF;ADD1;GSN;RNASEL;IGF2R;RARA;PSEN1;IFNGR1;CCNA1;CD44;IFITM3;FAS;ROCK1;CREBBP;TSPO;HMGB2;CDKN1B;GADD45B;CTNNB1;CLU;IER3;CASP2;PPP2R5B;NEDD9;EMP1;XIAP;DNAJC3;CASP4;DPYD;BCAP31;PPP3R1;ANXA1;GNA15;CASP9;TAP1;IRF1;TNFSF10;TXNIP;APP
BILE_ACID_METABOLISM	0.659536856991338	0.731897220148182	0.0187031143080358	0.202782095630234	0.895366401538492	75	entry3.75_SOFA_D3__all_valid	positive-risk	GCLM;ATXN1;ACSL1;PECR;SULT1B1;IDI1;AQP9;ABCA2;NEDD4;HSD3B7;RXRA
CHOLESTEROL_HOMEOSTASIS	0.000336418511337522	0.00119469455947476	0.157999743098826	0.430739431893195	1.85692937625586	67	entry3.75_SOFA_D3__all_valid	positive-risk	NFIL3;PLSCR1;NIBAN1;IDI1;ALCAM;PDK3;ABCA2;LDLR;CHKA;DHCR7;PPARG;ANTXR2;PNRC1;ACSS2;CTNNB1;JAG1;CLU;S100A11
COAGULATION	0.0255758752396498	0.0482006879516477	0.111722689770913	0.315374904442778	1.42968449731774	87	entry3.75_SOFA_D3__all_valid	positive-risk	MMP9;ADAM9;SERPINA1;FURIN;KLF7;GSN;RAC1;WDR1;RABIF;SERPINE1;MMP8;F12;CLU;THBS1;F2RL2;CTSK;LAMP2;GNB2;C1R;HPN;F8;ANXA1;CASP9;PLEK;MSRB2;GP1BA;P2RY1;PLAU;ITGB3;TIMP1;PEF1;CTSB;CFB;CPQ;SERPINB2;PF4;SPARC;VWF;ARF4;FN1
COMPLEMENT	0.000720860948463819	0.00220763665467045	0.151273237061354	0.322253976696668	1.63628312331987	169	entry3.75_SOFA_D3__all_valid	positive-risk	ITGAM;CR1;ADAM9;PRKCD;TIMP2;HSPA1A;PLSCR1;GCA;PIK3CG;S100A12;LYN;PCSK9;SERPINA1;RHOG;LCP2;CD59;DGKH;CD55;MSRB1;IRF2;PIM1;PSEN1;S100A9;EHD1;F5;RABIF;CDA;CDK5R1;JAK2;COL4A2;GRB2;SERPINE1;RAF1;CEBPB;AKAP10;MMP8;TNFAIP3;CLU;VCPIP1;PIK3CA;LAMP2;PIK3R5;GNAI3;USP15;GNB2;PRSS36;CASP4;C1R;CTSD
DNA_REPAIR	0.0030181719756333	0.00778370667400168	0.136831791314999	-0.297811245291842	-1.53546973341132	144	entry3.75_SOFA_D3__all_valid	negative-risk	GTF2H3;RNMT;GTF2H1;ERCC8;NELFCD;NUDT21;ADA;MRPL40;SRSF6;SF3A3;ERCC4;NCBP2;POLR1H;LIG1;DUT;NFX1;POLR2D;APRT;IMPDH2;EDF1;ITPA;UMPS;ERCC3;POLR1C;RPA3;RFC3;PCNA;POLR2K;NME1;POLR2C;ERCC5;TP53;NME3;RFC4;GTF2A2;AAAS;TAF9;AK3;SSRP1;SEC61A1;DDB2;TMED2;GTF2H5;PDE4B;POLB;DDB1;RFC5;POLR2H;REV3L;TARBP2;SNAPC5;GSDME;NELFE;HPRT1;TAF1C;ELOA;ALYREF;POLD1;MPG;SMAD5;NUDT9;POLR3C;UPF3B;POLE4;RALA
E2F_TARGETS	8.67058134034306e-06	4.72064984085344e-05	0.188057309511404	-0.332553277111774	-1.80004102946708	200	entry3.75_SOFA_D3__all_valid	negative-risk	SYNCRIP;MAD2L1;NOP56;EED;RAN;PPP1R8;MYC;CNOT9;NUDT21;STMN1;AK2;PAICS;ASF1A;PMS2;EIF2S1;KIF22;TMPO;RAD50;PHF5A;LIG1;WDR90;CDC25B;DUT;IPO7;DCTPP1;PRDX4;MLH1;HNRNPD;RPA3;DNMT1;RFC3;SLBP;RAD1;PCNA;NUP107;NME1;NUP205;CDK4;TP53;RANBP1;CSE1L;RBBP7;ILF3;PAN2;SRSF2;MRE11;MCM3;SMC3;CTPS1;SSRP1;RFC1;SMC1A;MSH2;TBRG4;NAP1L1;CBX5;RPA1;NOLC1;CENPM;MCM5;XRCC6;HELLS;CDKN2A;ZW10;POLD2;CKS1B;UBE2T;CCNE1;MCM7;RNASEH2A;SMC4;LYAR;POLE;SRSF1;RRM2;POLD1;PRIM2;PRPS1
EPITHELIAL_MESENCHYMAL_TRANSITION	0.12926452940168	0.197936310646323	0.0505385116524035	0.252768651634117	1.21178464347557	119	entry3.75_SOFA_D3__all_valid	positive-risk	GADD45A;BASP1;FBN2;PCOLCE2;CD59;QSOX1;CD44;EFEMP2;CAPG;FAS;COL4A2;SERPINE1;COLGALT1;AREG;GADD45B;TNFAIP3;TPM1;TGFB1;COL7A1;NOTCH2;LOXL1;PFN2;THBS1;COPA;PLOD1
ESTROGEN_RESPONSE_EARLY	0.00847071138357703	0.018016414336732	0.120674297088992	0.300333028553564	1.48245464579345	143	entry3.75_SOFA_D3__all_valid	positive-risk	IGF1R;AFF1;FKBP5;RAB31;SVIL;MED13L;TIPARP;MREG;RARA;UGCG;TTC39A;FOXC1;SLC2A1;CD44;KAZN;TOB1;MINDY1;KDM4B;OLFML3;DHCR7;GAB2;JAK2;CANT1;CHPT1;GLA;AREG;INHBB;SIAH2;RHOBTB3;FHL2;B4GALT1;NADSYN1;CA12;ANXA9;SH3BP5;CISH;FLNB;KCNK5;TUBB2B;DLC1;MAST4;ALDH3B1;TMEM164;IL17RB;IL6ST;ABHD2;AMFR;RAPGEFL1
ESTROGEN_RESPONSE_LATE	0.165654520917679	0.238737397793125	0.043731835171746	0.236677707880355	1.1651147534751	140	entry3.75_SOFA_D3__all_valid	positive-risk	ATP2B4;AFF1;FKBP5;RAB31;SERPINA1;IMPA2;FOXC1;CCNA1;CD44;S100A9;BATF;TOB1;DHCR7;JAK2;MAPK13;SNX10;ST6GALNAC2;CHPT1;GLA;AREG;PTPN6;SIAH2;JAK1;CA12;ANXA9;CISH;FLNB;KCNK5;CA2;CKB;ALDH3B1;ZFP36;IL17RB;IL6ST;ABHD2;AMFR;RAPGEFL1;HSPA4L;ADD3;SLC7A5;XRCC3;SLC24A3
FATTY_ACID_METABOLISM	0.151947737720784	0.225619368130861	0.0557565734717297	-0.229269070184091	-1.16741310401166	131	entry3.75_SOFA_D3__all_valid	negative-risk	OSTC;MDH1;METAP1;APEX1;ECHS1;ACSS1;ACAA2;SUCLG2;ECI1;HADH;ACAT2;MCEE;HSD17B10;CBR1;ACADM;BPHL;SDHD;ADSL;ACOT2;BCKDHB;ECI2;UGDH;HSD17B4;PDHA1;ACSL5;PSME1;ODC1;MIX23;BLVRA;CPT2;ALDH3A2;RAP1GDS1;PCBD1;GCDH;CD36;HMGCS1;MIF;SUCLA2;NTHL1;HSPH1;HSD17B7;PTS;SMS;FH;ENO2;ACO2;MLYCD;MDH2;EHHADH;IDH3B;CRYZ;ALDH1A1;XIST;S100A10;UROS;CPOX;RDH11;DLST;HSP90AA1;IDH3G;CD1D;ERP29;AOC3
G2M_CHECKPOINT	0.738083034341363	0.769490823036741	0.0226869247386088	-0.167539646215373	-0.900996268011147	191	entry3.75_SOFA_D3__all_valid	negative-risk	BUB3;SYNCRIP;G3BP1;SLC38A1;SRSF10;MAD2L1;NCL;PURA;MYC;STMN1;CUL5;KIF22;TMPO;RPS6KA5;CDC25B;H2AZ2;HSPA8;HNRNPD;SLC12A2;CDK4;PRP4K;TENT4A;ILF3;ORC5;SRSF2;UCK2;ODC1;MCM3;MTF2;SNRPD1;SMC1A;SS18;DTYMK;NOLC1;CUL1;SMAD3;SMARCC1;MCM5;NDC80;FBXO5;ABL1
GLYCOLYSIS	0.0490147375393277	0.0800574046475686	0.0826765785309944	0.25558526775654	1.29303105976049	166	entry3.75_SOFA_D3__all_valid	positive-risk	TGFA;PYGL;PHKA2;IRS2;TPST1;HK2;PKM;B4GALT4;P4HA2;PDK3;RRAGD;DSC2;ABCB6;QSOX1;MERTK;CD44;EXT1;SPAG4;LDHA;LCT;PGM2;SLC16A3;G6PD;ANKZF1;PAM;TALDO1;PGK1;PKP2;IL13RA1;B4GALT1;IER3;SAP30;ME2;ALDOA;DEPDC1;PLOD1
HEDGEHOG_SIGNALING	0.108740025978846	0.171879395902047	0.0578509291080087	0.398733250378648	1.34383955604223	23	entry3.75_SOFA_D3__all_valid	positive-risk	ETS2;SLIT1;CDK5R1;NF1;TLE3;GLI1;MYH9;TLE1;RASA1
HEME_METABOLISM	5.71854243838523e-11	9.34028598269587e-10	0.26983593142799	0.444210985211634	2.2881261506849	189	entry3.75_SOFA_D3__all_valid	positive-risk	NFE2;CCND3;SLC22A4;GCLM;MBOAT2;NARF;ATP6V0A1;ADD1;LPIN2;SLC25A37;LRP10;FBXO34;P4HA2;FBXO9;EZH1;ABCB6;CAST;MARK3;MPP1;SLC2A1;MAP2K3;HTATIP2;ERMAP;GAPVD1;KHNYN;FOXO3;NR3C1;PSMD9;SDCBP;DCAF10;PICALM;GDE1;SMOX;RHAG;LAMP2;ALAD;PPP2R5B;SPTB;USP15;ADIPOR1;FOXJ2;KDM7A;SEC14L1;NUDT4;RCL1;RAP1GAP;EIF2AK1;CA2;MARCHF2;TNRC6B;HDGF;TMCC2;BCAM;LMO2;SYNJ1;SLC66A2;NEK7;RBM5;KEL;RANBP10;RHD;TAL1;ARHGEF12;ANK1;KLF3;MARCHF8;DMTN;CTNS;DCAF11;E2F2;RNF19A;RBM38;FN3K;HTRA2;BTRC;EPOR;GATA1;CTSB;DAAM1;XPO7;KAT2B;CCDC28A;NFE2L1;TOP1;RHCE;YPEL5;FBXO7
HYPOXIA	1.76412906640123e-08	2.16105810634151e-07	0.232569324665012	0.43322116938722	2.1659905562205	153	entry3.75_SOFA_D3__all_valid	positive-risk	NDRG1;PFKFB3;SLC2A3;FOSL2;NFIL3;AMPD3;TPST2;IRS2;NDST2;HK2;RBPJ;SLC6A6;KLF7;JMJD6;KLF6;P4HA2;PDK3;CCNG2;TIPARP;PGM1;RRAGD;PIM1;WSB1;ADM;SLC2A1;EXT1;IDS;LDHA;FOXO3;NR3C1;PGM2;SERPINE1;PNRC1;ANKZF1;PAM;PPP1R15A;PGK1;SIAH2;CDKN1B;MAP3K1;TNFAIP3;CSRP2;DUSP1;NDST1;IER3;SAP30;GBE1;ALDOA;HK1;GAPDH;CA12;MYH9;PLAC8;PYGM;TMEM45A;PRDX5;DDIT4;GLRX;UGP2;ZFP36;ZNF292;GYS1;ENO1;NEDD4L;PHKG1
IL2_STAT5_SIGNALING	0.00106306803722934	0.0030641372837787	0.144233372292081	0.312110616578017	1.59107788113353	177	entry3.75_SOFA_D3__all_valid	positive-risk	CST7;NDRG1;MAPKAPK2;IL1R2;CCND3;IGF1R;SLC2A3;NFIL3;CKAP4;PLSCR1;HK2;HIPK2;SCN9A;FURIN;MXD1;IL4R;HYCC2;IL18R1;ALCAM;KLF6;RRAGD;IGF2R;SELL;ADAM19;PIM1;IFNGR1;DENND5A;CD44;BATF;IFITM3;SMPDL3A;CAPG;PLEC;CAPN3;IL1RL1;MAP3K8;ST3GAL4;GLIPR2;CSF1;GADD45B;SLC39A8;SPRED2;GABARAPL1;DCPS;ETFBKMT;F2RL2
IL6_JAK_STAT3_SIGNALING	4.96115367313468e-07	4.86193059967199e-06	0.209014013725794	0.509735100323275	2.23050741715712	72	entry3.75_SOFA_D3__all_valid	positive-risk	IL1R2;IL1R1;IL17RA;STAT3;SOCS3;IFNAR1;IL10RB;ACVR1B;TNFRSF1A;IFNGR2;IL4R;IL18R1;PTPN1;TLR2;CSF3R;PDGFC;PIM1;IFNGR1;CD44;CSF2RA;CSF2RB;CBL;FAS;GRB2;MYD88;MAP3K8;CSF1;IL13RA1;TGFB1;PIK3R5;IRF9;SOCS1;OSMR;IL17RB;IRF1;IL6ST;TYK2;IL2RG;CXCL1;CCR1;ACVRL1;PTPN11;ITGB3
INFLAMMATORY_RESPONSE	4.1061742839303e-06	2.51503174890731e-05	0.193509375041476	0.383941636852246	1.92714314348398	157	entry3.75_SOFA_D3__all_valid	positive-risk	IL1R1;KIF1B;IL18RAP;IFNAR1;LYN;ACVR1B;PTPRE;MXD1;IFNGR2;IL4R;IFITM1;RHOG;IL18R1;PROK2;FPR1;LCP2;AQP9;KLF6;TLR2;RNF144B;MEFV;OSM;CD55;IRAK2;NFKB1;SELL;CD82;NFKBIA;CSF3R;LDLR;PSEN1;C3AR1;ADM;PTAFR;HIF1A;SGMS2;SEMA4D;NLRP3;ADGRE1;SERPINE1;RAF1;TAPBP;CSF1;SLC31A2;EIF2AK2;CLEC5A;PIK3R5;FFAR2;GNAI3;NAMPT;KCNJ2;TLR1
INTERFERON_ALPHA_RESPONSE	0.0421918767507003	0.0738357843137255	0.0919032203847858	0.298305321075739	1.37137240805197	94	entry3.75_SOFA_D3__all_valid	positive-risk	TRIM25;PLSCR1;IL4R;IFITM1;ADAR;SELL;IRF2;IFITM2;TRAFD1;IFITM3;TRIM21;TMEM140;TRIM5;CSF1;EIF2AK2;PARP9;TDRD7;IRF9;SP110;GMPR;SLC25A28;NMI;GBP2;TAP1;HELZ2;IRF1;OGFR;TXNIP;HLA-C;IRF7;RNF31;BATF2;ELF1
INTERFERON_GAMMA_RESPONSE	0.0088243662057463	0.018016414336732	0.120674297088992	0.279140615863011	1.437850400233	189	entry3.75_SOFA_D3__all_valid	positive-risk	TRIM25;UPP1;STAT3;LATS2;EIF4E3;PLSCR1;SOCS3;IL4R;ADAR;FPR1;LCP2;PTPN1;NLRC5;NFKB1;NFKBIA;IRF2;IFITM2;PIM1;TRAFD1;ZNFX1;CSF2RB;HIF1A;IFITM3;TRIM21;JAK2;FAS;MYD88;TMT1B;TAPBP;CD274;PTPN6;MVP;TNFAIP3;ARID5B;EIF2AK2;PELI1;TOR1B;NAMPT;RIPK1;RNF213;TDRD7;CASP4;FCGR1A;C1R;IRF9;SP110;ICAM1;SOCS1;IFNAR2;SLC25A28;NMI;TNFAIP6;MX2;TAP1;HELZ2;SELP;IRF1;SPPL2A;OGFR;TNFSF10;RBCK1;TXNIP;ST8SIA4
KRAS_SIGNALING_DN	0.358960763520679	0.475380470608466	0.0285819161089634	0.23398171289318	1.05062710692722	82	entry3.75_SOFA_D3__all_valid	positive-risk	ZBTB16;PTPRJ;ENTPD7;ASB7;CPEB3;TG;MEFV;CCNA1;STAG3;KCND1;NR6A1;PTGFR;MAST3;HSD11B2;BARD1;KMT2D;MAGIX;KLHDC8A
KRAS_SIGNALING_UP	0.445120920006765	0.549995386602694	0.0241416122075463	0.203713439076681	1.00420255247526	142	entry3.75_SOFA_D3__all_valid	positive-risk	MMP9;ARG1;LAT2;AVL9;CDADC1;TLR8;GALNT3;C3AR1;CSF2RA;LCP1;TOR1AIP2;DOCK2;F2RL1;CBL;PTBP2;NIN;ADAM17;PPP1R15A;GADD45G;MAP3K1;TNFAIP3;TRIB1;MTMR10;EMP1;LY96;TFPI;ADAM8;CA2;ALDH1A2;SPRY2;LAPTM5;ITGB2;FCER1G;RETN;IKZF1;GLRX
MITOTIC_SPINDLE	3.34181860812949e-05	0.000163749111798345	0.17664908299824	0.343892053912159	1.77527124469763	193	entry3.75_SOFA_D3__all_valid	positive-risk	CDK5RAP2;KIF1B;CLASP1;RANBP9;TUBA4A;ARL8A;AKAP13;FGD4;GSN;KIF3C;KLC1;PREX1;PPP4R2;SSH2;LMNB1;CDC42EP2;SPTBN1;CSNK1D;ARHGEF11;PAFAH1B1;WASF2;DOCK2;ROCK1;RASA2;NF1;NIN;CLIP1;CDC42EP4;NCK2;PXN;CNTROB;ARFGEF1;NOTCH2;STAU1;RALBP1;NEDD9;CAPZB;CDC42BPA;MYH9;FLNB;ARHGEF2;MARCKS;CDC42;CDC42EP1;RASA1;TUBD1;APC;ITSN1;ABI1;PRC1;KPTN;KIF4A;ECT2;TTK;ARHGAP27;ABR;ACTN4;MARK4;ARHGEF12;KIF11;KIF5B;VCL;MYH10;PDLIM5;MAP1S;TUBGCP3;CYTH2;MYO9B;TLK1;HDAC6;ARAP3;TAOK2;TUBGCP2;MAP3K11;CEP192;KIF23;RAB3GAP1;SOS1;MAPRE1;KATNB1;KIF15;ARHGEF7;AURKA;DYNLL2;BCR;CLIP2;WASF1;ARHGDIA
MTORC1_SIGNALING	0.778938775510204	0.778938775510204	0.0151054119895797	0.168763681970401	0.875652206416093	198	entry3.75_SOFA_D3__all_valid	positive-risk	GSR;SLC2A3;NFIL3;SLA;TUBA4A;SKAP2;NIBAN1;HK2;IDI1;SLC6A6;PGM1;GSK3B;LDLR;NUPR1;ACSL3;SLC2A1;MAP2K3;LDHA;DHCR7;NFYC;G6PD;RAB1A;GLA;PPP1R15A;PGK1;RIT1;UBE2D3;GBE1;ALDOA;NAMPT;GAPDH
MYC_TARGETS_V1	1.21243639295742e-25	5.94093832549138e-24	0.41553231543021	-0.56055859930928	-3.02996820878921	198	entry3.75_SOFA_D3__all_valid	negative-risk	DDX18;SRSF7;BUB3;SYNCRIP;HNRNPR;ABCE1;SNRPA1;NPM1;G3BP1;RPL34;EEF1B2;TOMM70;FBL;RPL22;CLNS1A;MAD2L1;NOP56;MRPS18B;SET;RAN;RPL6;CCT4;RPS5;RPS2;PPIA;RPLP0;NDUFAB1;SNRPD2;HSPD1;DDX21;ILF2;SSBP1;APEX1;MYC;RPS6;RSL1D1;RPS10;CCT2;GLO1;STARD7;EPRS1;EIF3D;PSMD14;PHB1;EIF2S1;IARS1;RPS3;RPL18;VDAC1;POLE3;PSMD8;NCBP2;DUT;PSMA2;IMPDH2;PRDX4;HNRNPD;GNL3;RACK1;HNRNPA1;YWHAQ;DHX15;SRSF3;HNRNPA3;CCT7;PRPS2;ERH;C1QBP;PCNA;KARS1;MRPL23;SERBP1;NME1;MRPL9;CDK4;SNRPA;RANBP1;RFC4;PABPC4;TUFM;RRP9;ACP1;HDAC2;TXNL4A;RPL14;SRSF2;ODC1;SRM;SNRPD1;CTPS1;VDAC3;EIF4A1;UBE2E1;NAP1L1;SNRPD3;SLC25A3;CANX;NOLC1;CUL1;HDDC2;PHB2;COX5A;SSB;SMARCC1;MCM5;XRCC6;AIMP2;HSPE1;SNRPB2;UBA2;LSM7;EIF4E;PSMA1;NCBP1;POLD2;SF3B3;RRM1;MCM7;CCT3;CSTF2;PSMB2;EIF2S2;SNRPG;COPS5;HPRT1;HSP90AB1;NHP2;GOT2;SRSF1;PPM1G;PWP1;NOP16
MYC_TARGETS_V2	1.84040769108523e-06	1.2999522590736e-05	0.203976791242268	-0.519133571036059	-2.24332202947313	57	entry3.75_SOFA_D3__all_valid	negative-risk	DDX18;WDR43;NPM1;NOP56;UTP20;HSPD1;NDUFAF4;MYC;PPAN;PHB1;PES1;PUS1;MRTO4;DCTPP1;GNL3;GRWD1;CDK4;RRP9;SORD;SRM;TFB2M;MPHOSPH10;LAS1L;TBRG4;IMP4;NOLC1;MCM5;AIMP2;HSPE1;PRMT3;MYBBP1A
MYOGENESIS	0.252978760145053	0.354170264203074	0.0348294155746012	0.232401363072082	1.10686518518026	115	entry3.75_SOFA_D3__all_valid	positive-risk	ACSL1;MEF2A;GSN;SVIL;ITGA7;MYBPC3;FOXO4;DAPK2;COL4A2;TPM3;KLF5;MYOM1;PDLIM7;GADD45B;RIT1;TGFB1;KIFC3;CLU;MYH9;COL6A3;PYGM;ATP6AP1;NQO1;MYL6B;CKB;DMPK;IFRD1;NOTCH1;LSP1;APP;MYH11;GPX3;MAPRE3;SMTN;GABARAPL2;ACHE;MYLK;HDAC5;FLII;BAG1;HBEGF;SPARC;NCAM1;ITGB5;SLC6A8;AK1;IGFBP7;TAGLN;AKT2;KCNH2
NOTCH_SIGNALING	0.680703277621011	0.731897220148182	0.0213466902091972	-0.237664089312576	-0.852265335228155	26	entry3.75_SOFA_D3__all_valid	negative-risk	DTX4;MAML2;LFNG;PSEN2;HES1;CUL1;ARRB1;FZD1;SKP1;DTX1;PPARD;KAT2A
OXIDATIVE_PHOSPHORYLATION	2.17978833955569e-11	5.34048143191144e-10	0.273663582629998	-0.421452540448466	-2.28123406682109	200	entry3.75_SOFA_D3__all_valid	negative-risk	MRPS30;LRPPRC;LDHB;PDP1;TIMM17A;CYCS;TOMM70;MRPL35;MDH1;ATP5MC1;MRPL15;DLAT;ABCB7;OXA1L;ATP5PO;NDUFB5;COX7C;HSPA9;NDUFAB1;COX10;COX6C;ECHS1;SLC25A4;ATP5MC2;NDUFS3;NDUFB2;TOMM22;VDAC1;UQCRC2;ACAA2;TIMM13;ATP5MC3;BDH2;ATP5F1A;NDUFV1;ECI1;MRPL11;VDAC2;COX7A2;NDUFA4;CASP7;HSD17B10;NDUFA8;SLC25A6;SLC25A5;IMMT;GLUD1;PHYH;NDUFA5;IDH2;PDK4;ACADM;PMPCA;TIMM10;MRPS12;ACADSB;NDUFB8;ATP5PB;SDHD;MGST3;TIMM9;TIMM50;UQCRQ;NDUFA6;PDHA1;OPA1;COX4I1;VDAC3;UQCR10;FDX1;UQCRFS1;SLC25A3;MRPS11;MTX2;PHB2;NNT;COX5A;ETFA;NDUFS6;ATP6V1F;SUCLA2;ATP5F1C;SLC25A20;IDH3A;COX11;ATP5PD;SLC25A12;UQCRB;ATP5PF;FH;BAX;NDUFB6;ACO2;GOT2;MDH2;FXN;IDH3B;ATP6V1G1;ATP5F1D;AIFM1;NDUFA9;ACAT1;PRDX3;NDUFB4;ATP5F1B;MRPS22;ATP1B1;NDUFS7
P53_PATHWAY	0.0164834435549174	0.0323075493676381	0.111722689770913	0.270942371702252	1.38776027179474	181	entry3.75_SOFA_D3__all_valid	positive-risk	UPP1;NDRG1;CCND3;GADD45A;TGFA;ZBTB16;ACVR1B;DRAM1;ABHD4;ALOX15B;PTPRE;MXD1;APAF1;STOM;CEBPA;CD82;NUPR1;SP1;TRAFD1;PRMT2;TOB1;CDK5R1;HEXIM1;FOXO3;FAS;PRKAB1;RXRA;RNF19B;RHBDF2;INHBB;PPP1R15A;TGFB1;IER3;CTSD;CSRNP2;SERTAD3;SOCS1;PPM1D;GPX2;CCP110;GM2A;PLK3;FGF13;ZFP36L1;VDR;CYFIP2;DDIT4;NOTCH1;DEF6;TAP1;MKNK2;STEAP3;TXNIP;APP;IP6K2;HSPA4L
PEROXISOME	0.593979779411765	0.709878272955524	0.0244376967102848	-0.197770352414756	-0.932440476351612	86	entry3.75_SOFA_D3__all_valid	negative-risk	ABCD2;SLC23A2;SLC25A4;CLN6;HRAS;SLC35B2;EPHX2;DHRS3;ERCC3;IDH2;PRDX1;CADM1;SLC25A19;ABCB1;SCP2;ECI2;HSD17B4;ABCB4;ACSL5;CTPS1;SOD1;MSH2
PI3K_AKT_MTOR_SIGNALING	8.94523025654629e-05	0.000398469347791607	0.170659227573092	0.409920354578893	1.87774763807343	92	entry3.75_SOFA_D3__all_valid	positive-risk	MKNK1;CAB39;SLA;MAP2K6;PRKCB;MAPK1;PRKAR2A;TNFRSF1A;DUSP3;RALB;RAC1;VAV3;PTEN;GSK3B;RPS6KA3;SLC2A1;MAP2K3;RPS6KA1;GRB2;MYD88;RAF1;CFL1;YWHAB;CDKN1B;RIT1;UBE2D3;RIPK1;IRAK4;ACTR2;PIKFYVE;SMAD2;ACTR3;AKT1S1;ARF1;CLTC;GRK2;MAPK10;MKNK2;IL2RG;PFN1;ITPR2;TBK1;PTPN11;NFKBIB;PDK1;E2F1
PROTEIN_SECRETION	0.403444034440344	0.520230465462549	0.0264308634155429	0.225126058984921	1.02569307479771	89	entry3.75_SOFA_D3__all_valid	positive-risk	KIF1B;MAPK1;IGF2R;RPS6KA3;STX16;GNAS;CD63;AP2B1;GLA;PAM;ARFGEF1;STX7;RAB5A;LAMP2;VAMP3;AP1G1;ARF1;CLTC;SEC22B;STAM;RAB2A;AP3S1;ARFGAP3;COPB1;RAB14;ATP6V1H;VPS4B;CLN5;ABCA1;AP2M1;SNAP23
REACTIVE_OXYGEN_SPECIES_PATHWAY	0.000481378954699912	0.00157250458535305	0.157999743098826	0.471515327924844	1.89989936746786	48	entry3.75_SOFA_D3__all_valid	positive-risk	GSR;GCLM;HHEX;FES;MSRA;MBP;CDKN2D;SBNO2;G6PD;OXSR1;TXNRD1;SRXN1;LAMTOR5;TXN;NQO1;FTL;JUNB;GLRX;LSP1;EGLN2;PRDX6;GPX3
SPERMATOGENESIS	0.642971959278443	0.731897220148182	0.0192382916559956	0.205620338159803	0.89975693079195	72	entry3.75_SOFA_D3__all_valid	positive-risk	PGS1;AGFG1;TLE4;PRKAR2A;CCNA1;CLVS1;BRAF;TALDO1;IP6K1;SHE;H1-6;PHF7;CHFR;GMCL1;TTK;MAST2
TGF_BETA_SIGNALING	0.00230759786812945	0.00628179419657461	0.136831791314999	0.437172211553514	1.76151899846071	48	entry3.75_SOFA_D3__all_valid	positive-risk	FKBP1A;RAB31;HIPK2;FURIN;IFNGR2;TGFBR1;SPTBN1;SERPINE1;PPP1R15A;SMAD1;CTNNB1;TGFB1;THBS1;UBE2D3;SKI;XIAP;PPM1A;SMURF1;APC;RHOA;JUNB
TNFA_SIGNALING_VIA_NFKB	1.85707465581943e-06	1.2999522590736e-05	0.203976791242268	0.378680163100847	1.92512094328559	173	entry3.75_SOFA_D3__all_valid	positive-risk	BCL6;GADD45A;PFKFB3;ETS2;SLC2A3;FOSL2;NFIL3;CFLAR;B4GALT5;BCL2A1;IRS2;SOCS3;DRAM1;LITAF;PTPRE;MXD1;IFNGR2;KLF9;KLF6;TLR2;TIPARP;RCAN1;NFKB1;NFKBIA;LDLR;DENND5A;TNIP1;CD44;MAP2K3;EHD1;F2RL1;PER1;BCL3;SERPINE1;MAP3K8;PNRC1;CEBPB;CEBPD;ZC3H12A;AREG;RNF19B;CSF1;PPP1R15A;GADD45B;TNFAIP3;B4GALT1;JAG1;NFE2L2;DUSP1;TRIB1;KDM6B;IER3;NAMPT;STAT5A;NFAT5;MARCKS;REL;ICAM1;TUBB2A;TNFAIP6;TNIP2;JUNB;ZFP36;TAP1;IRF1;IL6ST;PHLDA1;TANK;CXCL1;DNAJB4;EFNA1;PLEK
UNFOLDED_PROTEIN_RESPONSE	0.000111618667696912	0.000455776226429058	0.170659227573092	-0.373077908491591	-1.83819141934517	109	entry3.75_SOFA_D3__all_valid	negative-risk	NPM1;IMP3;NOP56;EIF2AK3;EXOSC2;HSPA9;EXOSC9;SPCS1;HSP90B1;RPS14;EIF2S1;IARS1;PDIA6;SKIC3;CEBPG;SLC30A5;LSM4;DNAJB9;EIF4A2;SRPRB;SEC31A;BANF1;WFS1;MTREX;SEC11A;RRP9;SSR1;FUS;BAG3;EIF4EBP1;HERPUD1;DDX10;HYOU1;EIF4A1;YIF1A;XBP1;NOLC1;NOP14;ALDH18A1;EXOC2;FKBP14;SPCS3;CNOT2;EIF4E;SDAD1;EDEM1;CKS1B;CALR;PAIP1;EEF2;EXOSC1;NHP2;GOSR2;NFYB;XPOT;KHSRP;SLC1A4;TSPYL2
UV_RESPONSE_DN	0.0412709376618891	0.0738357843137255	0.0922972084621158	0.28374354234834	1.35139417597859	115	entry3.75_SOFA_D3__all_valid	positive-risk	MAPK14;ATP2B4;IGF1R;ATXN1;SYNE1;DYRK1A;WDR37;PTEN;NFKB1;LDLR;GCNT1;CELF2;SCN8A;PPARG;NR3C1;RASA2;SERPINE1;TGFBR2;RXRA;PIK3CD;CDKN1B;FHL2;NOTCH2;DUSP1;PTGFR;APBB2;SCAF8;CDC42BPA;PRDM2;TFPI
UV_RESPONSE_UP	0.309629883481837	0.421440674739167	0.0307250552134108	0.221210627352128	1.07119908488699	127	entry3.75_SOFA_D3__all_valid	positive-risk	CCND3;ATP6V1C1;ARRB2;GRINA;PRKCD;TUBA4A;ALAS1;LYN;FURIN;MAOA;RAB27A;NFKBIA;AGO2;CHKA;MARK2;ACAA1;NUP58;ALDOA;GRPEL1;CA2;ICAM1;PDAP1;JUNB;TAP1;PRKACA;CDC34;IRF1;IL6ST;STARD3;APOM;GPX3;CYB5R1;TMBIM6
WNT_BETA_CATENIN_SIGNALING	0.634490439948023	0.731897220148182	0.0200226403024846	0.242134225958154	0.888357275532245	32	entry3.75_SOFA_D3__all_valid	positive-risk	RBPJ;NUMB;ADAM17;MAML1;CTNNB1;JAG1;NCSTN;FRAT1;NKD1
XENOBIOTIC_METABOLISM	0.00830252618992149	0.018016414336732	0.120674297088992	0.29958919761042	1.47699770425343	141	entry3.75_SOFA_D3__all_valid	positive-risk	UPP1;PGD;IL1R1;ETS2;GSR;POR;DDAH2;ALAS1;TPST1;ARG1;ACOX1;TNFRSF1A;LPIN2;SLC6A6;MAOA;AQP9;VNN1;PINK1;UPB1;CDA;FAS;SLC46A3;ESR1;SERPINE1;MARCHF6;ABCC2;SMOX;GABARAPL1;ITIH4;SLC22A1;DHRS7;RAP1GAP;CA2;CSAD;NQO1
ADIPOGENESIS	0.801243252085719	0.801243252085719	0.014726150763679	0.16897972949576	0.862511270445129	176	entry4.25_SOFA_D3__all_valid	positive-risk	BCL6;GADD45A;PFKFB3;POR;RTN3;ACOX1;ITGA7;SQOR;CCNG2;STOM;PGM1;ELMOD3;GPAT4;LPCAT3;IFNGR1;TOB1;PPARG;DHRS7B;DHCR7;PPM1B;ORM1;TALDO1;TKT;GRPEL1;ALDOA;STAT5A;GBE1;CDKN2C;NABP1;BAZ2A;DHRS7;CHUK;CD151;PIM3;ITSN1
ALLOGRAFT_REJECTION	0.000673615375053706	0.00206294708610198	0.151273237061354	-0.30497902613751	-1.61636819079774	169	entry4.25_SOFA_D3__all_valid	negative-risk	RPS3A;HLA-DRA;ABCE1;NPM1;HLA-DMB;CD3D;EIF3A;ITK;HLA-DMA;SIT1;RPL9;LY75;TRAT1;CD3G;DARS1;HLA-DOA;RPL39;CTSS;ETS1;CD28;CD86;UBE2N;CD4;CD40LG;EIF3D;IL7;LY86;CD8B;LCK;CD74;RPS19;IRF4;CCND2;HLA-DQA1;TNF;IRF8;CD8A;CD2;FCGR2B;STAT4;ZAP70;CCR2;CD3E;IL15;CD79A;CCR5;HDAC9;CXCR3;CD40;NME1;CD247;MRPL3
ANDROGEN_RESPONSE	0.00582376714681088	0.01396289104962	0.129006250027651	0.348007765005502	1.57560681019126	86	entry4.25_SOFA_D3__all_valid	positive-risk	NDRG1;CCND3;CAMKK2;GSR;ACTN1;FKBP5;HPGD;PTK2B;IDI1;SLC38A2;HERC3;MYL12A;RPS6KA3;ACSL3;MERTK;UBE2J1;MAK;IQGAP2;VAPA;B4GALT1;ARID5B;GNAI3;SRF;PIAS1
ANGIOGENESIS	0.720943083440781	0.767961110621702	0.0179921333745853	0.248225751016295	0.826699601996034	22	entry4.25_SOFA_D3__all_valid	positive-risk	LRPAP1;PGLYRP1;JAG1;FGFR1;APP;S100A4;TIMP1;FSTL1;VEGFA;PF4
APICAL_JUNCTION	0.00598409616412286	0.01396289104962	0.129006250027651	0.309142565696081	1.50909596490436	131	entry4.25_SOFA_D3__all_valid	positive-risk	MAPK14;SIRPA;ADAM9;MMP9;ACTN1;SKAP2;CAP1;PIK3CB;ALOX15B;PTEN;SYK;VASP;RAC2;MAPK13;COL17A1;NF1;CNN2;CD274;ACTB;B4GALT1;IKBKG;MAP3K20;THBS3;ZYX;MYH9;ICAM5;ARPC2;MSN;ITGA10;ICAM1;CTNNA1;RASA1;FYB1;PTPRC;PBX2;GNAI2;INPPL1;ACTN4;NECTIN2;SHC1;PCDH1;YWHAH;MYH10;VCL;RSU1;CLDN15;PFN1;STX4;TAOK2;TUBG1;MYL12B;BAIAP2;MPZL1;PARD6G
APICAL_SURFACE	0.462229556288962	0.580749955337414	0.0248525597253793	0.276868362162189	0.994015574682677	29	entry4.25_SOFA_D3__all_valid	positive-risk	FLOT2;LYN;PCSK9;CRYBG1;B4GALT1;NCOA6;APP;IL2RG;DCBLD2;BRCA1;ADIPOR2
APOPTOSIS	0.0435871743486974	0.0755572034771145	0.0882143061853503	0.268945320870957	1.32660269960569	140	entry4.25_SOFA_D3__all_valid	positive-risk	GADD45A;CFLAR;GSR;TIMP2;ADD1;HGF;GSN;RARA;IGF2R;RNASEL;PSEN1;CCNA1;IFNGR1;CD44;IFITM3;FAS;CREBBP;ROCK1;HMGB2;PPP2R5B;TSPO;GADD45B;CDKN1B;CTNNB1;IER3;CLU;EMP1;CASP2;NEDD9;CASP4;XIAP;DNAJC3;DPYD;BCAP31;TAP1;IRF1;PPP3R1;GNA15;CASP9;GPX3;ANXA1;TNFSF10;TXNIP;APP
BILE_ACID_METABOLISM	0.626772019521264	0.697996112648681	0.0237434513601957	-0.19859990964501	-0.918232284369322	75	entry4.25_SOFA_D3__all_valid	negative-risk	ABCD2;CYP27A1;SLC23A2;PEX12;PAOX;LCK;NR3C2;EFHC1;SLC35B2;EPHX2;PHYH;IDH2;SCP2;PEX7;HSD17B4;ACSL5;HACL1
CHOLESTEROL_HOMEOSTASIS	0.000395340540840818	0.00129144576674667	0.157999743098826	0.430266225129498	1.85758767810138	67	entry4.25_SOFA_D3__all_valid	positive-risk	NFIL3;PLSCR1;NIBAN1;IDI1;PDK3;ALCAM;ABCA2;LDLR;CHKA;ANTXR2;PPARG;DHCR7;PNRC1;ACSS2;JAG1;CTNNB1;S100A11;CLU;FBXO6
COAGULATION	0.0298936035597149	0.0542513546083714	0.111722689770913	0.311564165258485	1.41483160140496	87	entry4.25_SOFA_D3__all_valid	positive-risk	ADAM9;MMP9;FURIN;SERPINA1;KLF7;GSN;RAC1;WDR1;RABIF;SERPINE1;F12;MMP8;F2RL2;CTSK;CLU;GNB2;LAMP2;THBS1;C1R;HPN;F8;CASP9;ANXA1;PLEK;PLAU;GP1BA;ITGB3;MSRB2;TIMP1;PEF1;P2RY1;CTSB;SPARC;CFB;CPQ;PF4;VWF;FN1;SERPINB2;ISCU;ARF4
COMPLEMENT	0.000350368406125997	0.00122628942144099	0.157999743098826	0.330572439155847	1.68154743291526	169	entry4.25_SOFA_D3__all_valid	positive-risk	ITGAM;CR1;ADAM9;PRKCD;HSPA1A;TIMP2;PLSCR1;PIK3CG;GCA;LYN;S100A12;PCSK9;SERPINA1;LCP2;RHOG;CD59;DGKH;PIM1;CD55;MSRB1;IRF2;PSEN1;EHD1;RABIF;S100A9;CDK5R1;F5;CDA;COL4A2;JAK2;GRB2;RAF1;SERPINE1;CEBPB;AKAP10;TNFAIP3;PIK3R5;MMP8;VCPIP1;CLU;PIK3CA;GNB2;GNAI3;LAMP2;PRSS36;CASP4;USP15;C1R;BRPF3;CTSD;CA2
DNA_REPAIR	0.00247669445395129	0.00674211268020074	0.136831791314999	-0.299500066963644	-1.55113730865596	144	entry4.25_SOFA_D3__all_valid	negative-risk	GTF2H3;RNMT;GTF2H1;ERCC8;NELFCD;NUDT21;ADA;MRPL40;SRSF6;SF3A3;NCBP2;POLR1H;ERCC4;APRT;POLR2D;LIG1;NFX1;DUT;IMPDH2;ERCC3;ITPA;EDF1;POLR1C;UMPS;RPA3;RFC3;PCNA;POLR2K;POLR2C;ERCC5;NME1;GTF2A2;NME3;TP53;RFC4;AK3;AAAS;TAF9;SEC61A1;SSRP1;DDB2;TMED2;GTF2H5;DDB1;PDE4B;RFC5;POLB;REV3L;POLR2H;GSDME;SNAPC5;HPRT1;TARBP2;NELFE;ELOA;MPG;TAF1C;ALYREF;NUDT9;SMAD5;POLD1;CSTF3;POLR3C;UPF3B;RALA;RAD52
E2F_TARGETS	1.02372848018235e-05	5.57363283654835e-05	0.188057309511404	-0.329380172089039	-1.79104562429361	200	entry4.25_SOFA_D3__all_valid	negative-risk	SYNCRIP;EED;MAD2L1;NOP56;RAN;PPP1R8;MYC;NUDT21;CNOT9;AK2;STMN1;PAICS;ASF1A;EIF2S1;PMS2;KIF22;TMPO;RAD50;PHF5A;WDR90;IPO7;HNRNPD;LIG1;DCTPP1;DUT;CDC25B;PRDX4;MLH1;RPA3;RFC3;DNMT1;RAD1;PCNA;SLBP;PAN2;NUP205;NME1;NUP107;CDK4;RBBP7;TP53;CSE1L;RANBP1;ILF3;MRE11;SRSF2;SMC1A;SMC3;MCM3;RFC1;SSRP1;CTPS1;CBX5;MSH2;TBRG4;NOLC1;RPA1;NAP1L1;CENPM;XRCC6;MCM5;HELLS;ZW10;CCNE1;CKS1B;CDKN2A;MCM7;RNASEH2A;RRM2;UBE2T;POLD2;SRSF1;LYAR;SMC4;POLE;MTHFD2;PRPS1;CDK1;PRIM2;POLD1;TRA2B;DSCC1;RAD51C;GINS3;SNRPB;UBR7;POLE4;LUC7L3;TIMELESS;BRMS1L;TIPIN;TUBB;EXOSC8;ORC6;MMS22L;DCK;PLK4;TCF19;EZH2;UNG
EPITHELIAL_MESENCHYMAL_TRANSITION	0.206346512811811	0.297381739052315	0.0387843992887662	0.237642891955746	1.14179058123221	119	entry4.25_SOFA_D3__all_valid	positive-risk	GADD45A;BASP1;FBN2;PCOLCE2;CD59;QSOX1;EFEMP2;CD44;FAS;CAPG;COL4A2;SERPINE1;TGFB1;COLGALT1;AREG;COL7A1;NOTCH2;GADD45B;TNFAIP3;LOXL1;TPM1;PFN2;PLOD1;THBS1;COPA;COL6A3;PDLIM4
ESTROGEN_RESPONSE_EARLY	0.0104617315131578	0.0213593685060305	0.120674297088992	0.295840646832179	1.46337811310101	143	entry4.25_SOFA_D3__all_valid	positive-risk	IGF1R;AFF1;FKBP5;RAB31;SVIL;MED13L;RARA;MREG;TIPARP;TTC39A;UGCG;SLC2A1;FOXC1;KDM4B;MINDY1;GAB2;KAZN;CD44;TOB1;CANT1;OLFML3;JAK2;CHPT1;DHCR7;GLA;RHOBTB3;INHBB;SIAH2;FHL2;AREG;B4GALT1;NADSYN1;CISH;ANXA9;CA12;SH3BP5;KCNK5;TUBB2B;FLNB;TMEM164;MAST4;ALDH3B1;DLC1;IL17RB;AMFR;RAPGEFL1;SLC7A5;ABHD2;IL6ST
ESTROGEN_RESPONSE_LATE	0.179024716098864	0.265824578449829	0.0416455870120122	0.234095113768653	1.15470017802988	140	entry4.25_SOFA_D3__all_valid	positive-risk	ATP2B4;AFF1;FKBP5;RAB31;SERPINA1;IMPA2;FOXC1;CCNA1;BATF;MAPK13;S100A9;CD44;TOB1;SNX10;JAK2;ST6GALNAC2;CHPT1;DHCR7;GLA;SIAH2;AREG;PTPN6;JAK1;CISH;ANXA9;CA12;CA2;KCNK5;FLNB;CKB;ZFP36;ALDH3B1;IL17RB;AMFR;RAPGEFL1;XRCC3;SLC7A5;ABHD2;IL6ST;HSPA4L
FATTY_ACID_METABOLISM	0.0933431589290101	0.147542412500693	0.0726386507219513	-0.240250142322005	-1.22844970636841	131	entry4.25_SOFA_D3__all_valid	negative-risk	OSTC;MDH1;METAP1;APEX1;ECHS1;ACSS1;ACAA2;SUCLG2;ECI1;HADH;ACAT2;HSD17B10;MCEE;CBR1;ACADM;SDHD;BPHL;ADSL;HSD17B4;ACOT2;ECI2;ACSL5;UGDH;PDHA1;BCKDHB;PSME1;MIX23;BLVRA;CPT2;ODC1;RAP1GDS1;CD36;PCBD1;ALDH3A2;GCDH;HMGCS1;NTHL1;MIF;SUCLA2;HSD17B7;HSPH1;PTS;SMS;FH;ENO2;MDH2;XIST;EHHADH;ACO2;S100A10;IDH3B;MLYCD;CD1D;CRYZ;ALDH1A1;ECH1;IDH3G;RDH11;ALDH9A1;CPOX;HSP90AA1;UROS;DLST;ERP29
G2M_CHECKPOINT	0.770393536617149	0.786443401963339	0.022273511774139	-0.164555918365865	-0.889264315262106	191	entry4.25_SOFA_D3__all_valid	negative-risk	BUB3;SYNCRIP;G3BP1;SLC38A1;SRSF10;MAD2L1;PURA;NCL;MYC;CUL5;STMN1;KIF22;TMPO;RPS6KA5;HNRNPD;CDC25B;H2AZ2;HSPA8;PRP4K;SLC12A2;CDK4;TENT4A;ORC5;MTF2;ILF3;SRSF2;SMC1A;UCK2;MCM3;SS18;SNRPD1;ODC1;NOLC1;CUL1;DTYMK;SMAD3;FBXO5;HMGN2;MCM5;ABL1;NDC80;SMARCC1;SMC2;CKS1B;RASAL2;ODF2;MNAT1;GINS2
GLYCOLYSIS	0.0898507952123299	0.146756298846805	0.0599454721514683	0.244200166711081	1.23781111854907	166	entry4.25_SOFA_D3__all_valid	positive-risk	TGFA;PYGL;PHKA2;IRS2;TPST1;HK2;PKM;B4GALT4;PDK3;P4HA2;RRAGD;ABCB6;QSOX1;DSC2;SPAG4;MERTK;EXT1;CD44;LCT;LDHA;SLC16A3;PGM2;G6PD;PAM;ANKZF1;IL13RA1;PKP2;TALDO1;PGK1;B4GALT1;IER3;SAP30;ALDOA;ME2;DEPDC1;PLOD1
HEDGEHOG_SIGNALING	0.133345628919218	0.204185494282553	0.0516977810497724	0.385103319868321	1.29990471551572	23	entry4.25_SOFA_D3__all_valid	positive-risk	ETS2;SLIT1;CDK5R1;NF1;TLE3;GLI1;MYH9;TLE1;RASA1
HEME_METABOLISM	2.35298386343066e-11	3.84320697693675e-10	0.273663582629998	0.448127061208765	2.31322948980737	189	entry4.25_SOFA_D3__all_valid	positive-risk	NFE2;CCND3;SLC22A4;GCLM;ADD1;ATP6V0A1;MBOAT2;NARF;SLC25A37;LPIN2;LRP10;FBXO34;P4HA2;FBXO9;EZH1;ABCB6;MAP2K3;MARK3;MPP1;CAST;SLC2A1;HTATIP2;ERMAP;KHNYN;GAPVD1;FOXO3;PSMD9;NR3C1;SDCBP;DCAF10;PPP2R5B;SMOX;SPTB;GDE1;PICALM;ALAD;FOXJ2;RHAG;ADIPOR1;LAMP2;SEC14L1;NUDT4;EIF2AK1;RCL1;USP15;RAP1GAP;KDM7A;CA2;HDGF;MARCHF2;TNRC6B;RANBP10;SLC66A2;LMO2;RHD;TMCC2;ANK1;KEL;ARHGEF12;RBM5;SYNJ1;TAL1;BCAM;MARCHF8;KLF3;NEK7;DMTN;E2F2;RBM38;DCAF11;CTNS;EPOR;RNF19A;HTRA2;FN3K;GATA1;BTRC;RHCE;XPO7;KAT2B;CTSB;NFE2L1;TOP1;SLC6A8;FBXO7;DAAM1;UBAC1;TRIM58;YPEL5;HAGH;CLIC2;CCDC28A;MXI1;BSG;VEZF1;HMBS;CDC27;KLF1;CDR2;OSBP2;RNF123;XK;AGPAT4;MKRN1;SLC6A9;PDZK1IP1
HYPOXIA	1.69126932137746e-08	2.07180491868739e-07	0.232569324665012	0.432050401926309	2.16341857206327	153	entry4.25_SOFA_D3__all_valid	positive-risk	NDRG1;PFKFB3;FOSL2;SLC2A3;NFIL3;AMPD3;TPST2;IRS2;NDST2;HK2;RBPJ;SLC6A6;KLF7;JMJD6;KLF6;PDK3;P4HA2;CCNG2;RRAGD;TIPARP;PIM1;PGM1;SLC2A1;ADM;WSB1;IDS;EXT1;FOXO3;LDHA;NR3C1;PNRC1;PGM2;SERPINE1;PPP1R15A;PAM;SIAH2;ANKZF1;TNFAIP3;PGK1;CDKN1B;NDST1;IER3;CSRP2;HK1;MAP3K1;SAP30;DUSP1;MYH9;ALDOA;CA12;GBE1;GAPDH;PYGM;PLAC8;PRDX5;TMEM45A;PHKG1;ZFP36;GYS1;GLRX;ZNF292;NEDD4L;UGP2;CITED2;DDIT4
IL2_STAT5_SIGNALING	0.00120954631898561	0.00348633939001734	0.144233372292081	0.310472471580519	1.58562321379911	177	entry4.25_SOFA_D3__all_valid	positive-risk	CST7;NDRG1;MAPKAPK2;IL1R2;CCND3;IGF1R;SLC2A3;NFIL3;CKAP4;PLSCR1;FURIN;SCN9A;HK2;HIPK2;MXD1;IL4R;HYCC2;IL18R1;KLF6;ALCAM;IGF2R;RRAGD;PIM1;ADAM19;SELL;DENND5A;IFNGR1;BATF;CD44;IFITM3;PLEC;SMPDL3A;CAPG;CAPN3;IL1RL1;CSF1;MAP3K8;ST3GAL4;GLIPR2;GADD45B;GABARAPL1;SLC39A8;DCPS;F2RL2;SPRED2;ETFBKMT;CISH;EMP1
IL6_JAK_STAT3_SIGNALING	4.09818942582719e-07	4.01622563731064e-06	0.213932663476247	0.510929494102793	2.24106222627068	72	entry4.25_SOFA_D3__all_valid	positive-risk	IL1R2;IL1R1;IL17RA;STAT3;SOCS3;IFNAR1;IL10RB;TNFRSF1A;ACVR1B;IL4R;IFNGR2;IL18R1;TLR2;PTPN1;PIM1;CSF3R;PDGFC;CSF2RB;IFNGR1;CSF2RA;CD44;FAS;CBL;GRB2;MYD88;CSF1;MAP3K8;TGFB1;IL13RA1;PIK3R5
INFLAMMATORY_RESPONSE	7.08844045749202e-06	4.34166978021386e-05	0.193509375041476	0.378294577107659	1.9022031364708	157	entry4.25_SOFA_D3__all_valid	positive-risk	IL1R1;KIF1B;IL18RAP;IFNAR1;LYN;ACVR1B;PTPRE;MXD1;IL4R;LCP2;IFITM1;IFNGR2;PROK2;IL18R1;RHOG;FPR1;KLF6;AQP9;MEFV;TLR2;RNF144B;OSM;IRAK2;NFKB1;CD55;NFKBIA;CSF3R;SELL;CD82;LDLR;PSEN1;C3AR1;ADM;PTAFR;HIF1A;SEMA4D;NLRP3;SGMS2;RAF1;CSF1;TAPBP;ADGRE1;SERPINE1;PIK3R5;EIF2AK2;SLC31A2;FFAR2;KCNJ2;CLEC5A;GNAI3;NAMPT;TLR1;HPN;ICAM1;NOD2
INTERFERON_ALPHA_RESPONSE	0.0275935199709486	0.0520031722529415	0.111722689770913	0.309014805205234	1.42329493616154	94	entry4.25_SOFA_D3__all_valid	positive-risk	TRIM25;PLSCR1;ADAR;IL4R;IFITM1;IFITM2;IRF2;SELL;TRAFD1;TMEM140;TRIM21;IFITM3;CSF1;TRIM5;PARP9;EIF2AK2;IRF9;TDRD7;GMPR;SP110;HELZ2;GBP2;TAP1;IRF1;NMI;SLC25A28;OGFR;TXNIP;HLA-C;IRF7;RNF31;BATF2;MOV10
INTERFERON_GAMMA_RESPONSE	0.00644294645507644	0.0143501989226702	0.129006250027651	0.283130485163046	1.46151804797504	189	entry4.25_SOFA_D3__all_valid	positive-risk	TRIM25;UPP1;STAT3;LATS2;EIF4E3;PLSCR1;SOCS3;ADAR;IL4R;LCP2;FPR1;NLRC5;PTPN1;NFKB1;PIM1;NFKBIA;IFITM2;IRF2;TRAFD1;CSF2RB;ZNFX1;TRIM21;IFITM3;HIF1A;FAS;JAK2;MYD88;TAPBP;TMT1B;MVP;CD274;PTPN6;TNFAIP3;EIF2AK2;PELI1;ARID5B;RNF213;RIPK1;TOR1B;NAMPT;IRF9;TDRD7;CASP4;C1R;FCGR1A;ICAM1;SP110;SOCS1;IFNAR2;HELZ2;TAP1;MX2;IRF1;NMI;RBCK1;TNFAIP6;SLC25A28;OGFR;PML;SPPL2A;TNFSF10;TXNIP;SELP;ST8SIA4
KRAS_SIGNALING_DN	0.290249035426166	0.395061187107837	0.0324018254719922	0.243912652487651	1.09697470313146	82	entry4.25_SOFA_D3__all_valid	positive-risk	ZBTB16;PTPRJ;ASB7;ENTPD7;CPEB3;TG;MEFV;CCNA1;STAG3;KCND1;MAST3;NR6A1;PTGFR;HSD11B2;KMT2D;BARD1
KRAS_SIGNALING_UP	0.60458500669344	0.690932411377548	0.0191841342809855	0.188782329043392	0.932531277539271	142	entry4.25_SOFA_D3__all_valid	positive-risk	MMP9;ARG1;LAT2;AVL9;CDADC1;GALNT3;TLR8;C3AR1;CSF2RA;DOCK2;TOR1AIP2;F2RL1;LCP1;CBL;PTBP2;NIN;PPP1R15A;ADAM17;GADD45G;TNFAIP3;MAP3K1;TRIB1;MTMR10;EMP1;ADAM8;LY96;TFPI;CA2;ALDH1A2;ITGB2;IKZF1;SPRY2;FCER1G;GLRX;RETN;LAPTM5
MITOTIC_SPINDLE	1.87818077513856e-05	9.20308579817897e-05	0.182442388419998	0.347606695239602	1.79791736374285	193	entry4.25_SOFA_D3__all_valid	positive-risk	CDK5RAP2;KIF1B;CLASP1;RANBP9;TUBA4A;ARL8A;AKAP13;FGD4;PREX1;GSN;KLC1;KIF3C;CDC42EP2;PPP4R2;SSH2;WASF2;SPTBN1;LMNB1;ARHGEF11;CSNK1D;PAFAH1B1;DOCK2;CNTROB;ROCK1;PXN;RASA2;CDC42EP4;NCK2;NF1;NIN;CLIP1;NOTCH2;STAU1;RALBP1;ARFGEF1;MYH9;CDC42BPA;NEDD9;ARHGEF2;CAPZB;CDC42EP1;MARCKS;TUBD1;CDC42;FLNB;RASA1;ITSN1;KPTN;APC;MARK4;ABR;ACTN4;ARHGAP27;ECT2;ARHGEF12;KIF4A;ABI1;PRC1;TTK;KIF11;MYH10;VCL;MAP1S;MYO9B;KIF5B;CYTH2;ARAP3;TAOK2;HDAC6;PDLIM5;MAP3K11;TLK1;TUBGCP3;CEP192;TUBGCP2;KIF23;DYNLL2;SOS1;BCR;KATNB1;AURKA;ARHGDIA;RAB3GAP1;KIF15;CLIP2;SUN2;WASF1;MAPRE1;ARHGEF7;NUSAP1
MTORC1_SIGNALING	0.763330706593118	0.786443401963339	0.0225439202236334	-0.16480923757132	-0.894987741355905	198	entry4.25_SOFA_D3__all_valid	negative-risk	UFM1;FGL2;GTF2H1;ATP5MC1;EEF1E1;PPIA;HSPA9;HSPD1;GGA2;M6PR;HSP90B1;PSMD14;EPRS1;PSMC2;SHMT2;SLC37A4;CACYBP;MTHFD2L;MLLT11;TCEA1;IMMT;PRDX1;STARD4;USO1;CYB5B;SC5D;INSIG1;SEC11A;NUP205;HSPA4;RRP9;CXCR4;SSR1;PITPNB;SORD;SYTL2;PPA1;UCHL5;CANX;RPA1;PSMA3;ARPC5L;XBP1;HMGCS1;PHGDH;CCT6A;FKBP2;EBP;QDPR;EDEM1;HSPE1;SERPINH1;EIF2S2;PSMG1;SDF2L1;NUFIP1;RPN1;CALR
MYC_TARGETS_V1	1.12722012425269e-26	5.5233786088382e-25	0.425427328036047	-0.566730471375769	-3.07759948415921	198	entry4.25_SOFA_D3__all_valid	negative-risk	DDX18;SRSF7;BUB3;SYNCRIP;HNRNPR;SNRPA1;ABCE1;NPM1;G3BP1;RPL34;EEF1B2;FBL;TOMM70;RPL22;CLNS1A;MAD2L1;MRPS18B;NOP56;SET;RPL6;RAN;CCT4;RPS5;RPS2;RPLP0;SNRPD2;PPIA;NDUFAB1;DDX21;ILF2;HSPD1;APEX1;RPS6;SSBP1;MYC;RSL1D1;RPS10;EIF3D;GLO1;CCT2;STARD7;PSMD14;EPRS1;VDAC1;EIF2S1;PHB1;RPL18;RPS3;IARS1;POLE3;PSMD8;NCBP2;HNRNPD;PSMA2;DUT;IMPDH2;DHX15;PRDX4;RACK1;HNRNPA1;GNL3;YWHAQ;ERH;HNRNPA3;PRPS2;SRSF3;CCT7;PCNA;C1QBP;KARS1;MRPL23;MRPL9;SERBP1;NME1;SNRPA;CDK4;TUFM;HDAC2;RFC4;PABPC4;RRP9;RANBP1;SRSF2;RPL14;ACP1;VDAC3;SRM;TXNL4A;CTPS1;SNRPD1;UBE2E1;ODC1;SLC25A3;EIF4A1;CANX;SNRPD3;NOLC1;CUL1;NAP1L1;PHB2;HDDC2;COX5A;XRCC6;SSB;AIMP2;SNRPB2;PSMA1;MCM5;UBA2;EIF4E;HSPE1;SMARCC1;NCBP1;EIF2S2;RRM1;LSM7;HPRT1;MCM7;CSTF2;CCT3;PSMB2;POLD2;SF3B3;COPS5;GOT2;SRSF1;HSP90AB1;PRDX3;NHP2;PPM1G;PWP1;PSMA4;SNRPG;XPOT
MYC_TARGETS_V2	3.6499558684978e-06	2.55496910794846e-05	0.198811983535242	-0.511523240511828	-2.21864661795001	57	entry4.25_SOFA_D3__all_valid	negative-risk	DDX18;WDR43;NPM1;NOP56;UTP20;NDUFAF4;HSPD1;MYC;PPAN;PHB1;PES1;PUS1;MRTO4;DCTPP1;GNL3;GRWD1;CDK4;RRP9;TFB2M;SRM;SORD;MPHOSPH10;LAS1L;IMP4;TBRG4;NOLC1;AIMP2;MCM5;PRMT3;HSPE1;MYBBP1A;TMEM97;NOP16;NIP7;NOP2;DUSP2;IPO4
MYOGENESIS	0.231780167264038	0.324492234169654	0.0364020639179082	0.235240712201648	1.12341222480696	115	entry4.25_SOFA_D3__all_valid	positive-risk	ACSL1;MEF2A;SVIL;GSN;MYBPC3;ITGA7;FOXO4;DAPK2;COL4A2;KLF5;PDLIM7;TGFB1;MYOM1;TPM3;GADD45B;RIT1;KIFC3;MYH9;CLU;PYGM;COL6A3;NQO1;DMPK;NOTCH1;MYL6B;CKB;ATP6AP1;IFRD1;MYH11;LSP1;GPX3;APP;HDAC5;MAPRE3;GABARAPL2;SMTN;BAG1;ACHE;MYLK;FLII;SLC6A8;SPARC;AK1;TAGLN;AKT2;HBEGF;NCAM1;ITGB5
NOTCH_SIGNALING	0.689398907103825	0.750678809957498	0.021257756377706	-0.235392309622581	-0.847313705637321	26	entry4.25_SOFA_D3__all_valid	negative-risk	DTX4;MAML2;LFNG;PSEN2;HES1;CUL1;ARRB1;FZD1
OXIDATIVE_PHOSPHORYLATION	5.73019481864562e-12	1.40389773056818e-10	0.281162603477836	-0.428206987672558	-2.32842871718327	200	entry4.25_SOFA_D3__all_valid	negative-risk	MRPS30;LRPPRC;LDHB;PDP1;TIMM17A;CYCS;TOMM70;MRPL35;DLAT;MRPL15;MDH1;OXA1L;ATP5PO;ATP5MC1;ABCB7;NDUFB5;COX7C;NDUFAB1;HSPA9;COX6C;COX10;ECHS1;ATP5MC2;NDUFS3;ACAA2;SLC25A4;VDAC1;NDUFB2;TOMM22;UQCRC2;PDK4;ATP5MC3;TIMM13;ATP5F1A;BDH2;NDUFV1;VDAC2;MRPL11;ECI1;NDUFA4;HSD17B10;CASP7;COX7A2;IMMT;SLC25A5;NDUFA8;GLUD1;SLC25A6;PHYH;IDH2;NDUFA5;ATP5PB;ACADM;PMPCA;ACADSB;MRPS12;TIMM10;NDUFB8;SDHD;TIMM9;TIMM50;UQCRQ;MGST3;PDHA1;NDUFA6;OPA1;COX4I1;VDAC3;SLC25A3;UQCRFS1;FDX1;UQCR10;SLC25A20;PHB2;NNT;MTX2;COX5A;ATP5F1C;ETFA;MRPS11;NDUFS6;SLC25A12;SUCLA2;ATP5PD;IDH3A;ATP6V1F
P53_PATHWAY	0.0157813963706146	0.0309315368864047	0.111722689770913	0.271118112435838	1.39125638550033	181	entry4.25_SOFA_D3__all_valid	positive-risk	UPP1;NDRG1;CCND3;GADD45A;TGFA;ZBTB16;ABHD4;DRAM1;ACVR1B;ALOX15B;PTPRE;MXD1;APAF1;STOM;CEBPA;CD82;TRAFD1;NUPR1;SP1;PRMT2;FOXO3;HEXIM1;TOB1;CDK5R1;FAS;RXRA;RNF19B;PRKAB1;PPP1R15A;RHBDF2;INHBB;TGFB1;IER3;CTSD;SOCS1;CSRNP2;GPX2;PPM1D;NOTCH1;SERTAD3;ZFP36L1;TAP1;VDR;CCP110;PLK3;FGF13;MKNK2;DEF6;CYFIP2;GM2A;DDIT4;STEAP3;IP6K2;TXNIP;APP;HSPA4L
PEROXISOME	0.58727948003714	0.690932411377548	0.0247933781576858	-0.197290552364713	-0.934737071745989	86	entry4.25_SOFA_D3__all_valid	negative-risk	ABCD2;SLC23A2;CLN6;SLC25A4;HRAS;SLC35B2;ERCC3;EPHX2;DHRS3;IDH2;PRDX1;SLC25A19;CADM1;SCP2;ABCB1;HSD17B4;ABCB4;ECI2;ACSL5
PI3K_AKT_MTOR_SIGNALING	7.12093472450786e-05	0.000290771501250737	0.170659227573092	0.411863812459736	1.89158319718858	92	entry4.25_SOFA_D3__all_valid	positive-risk	MKNK1;CAB39;PRKCB;SLA;MAP2K6;MAPK1;TNFRSF1A;PRKAR2A;DUSP3;RAC1;RALB;VAV3;GSK3B;MAP2K3;PTEN;SLC2A1;RPS6KA3;RPS6KA1;GRB2;RAF1;MYD88;CFL1;RIT1;YWHAB;CDKN1B;UBE2D3;RIPK1;IRAK4;ACTR2;AKT1S1;SMAD2;PIKFYVE;ACTR3;GRK2;ARF1;MKNK2;CLTC;MAPK10;IL2RG;E2F1;PDK1;PFN1;ITPR2;NFKBIB;TBK1;AP2M1
PROTEIN_SECRETION	0.412839248434238	0.532345346665202	0.0258681820896116	0.223773258052038	1.021798533209	89	entry4.25_SOFA_D3__all_valid	positive-risk	KIF1B;MAPK1;IGF2R;RPS6KA3;STX16;GNAS;AP2B1;CD63;GLA;PAM;ARFGEF1;RAB5A;STX7;LAMP2;VAMP3;AP1G1;ARF1;CLTC;SEC22B;STAM;AP3S1;RAB2A;AP2M1;RAB14;CLN5;COPB1;ARFGAP3;ATP6V1H;NAPA;VPS4B;ABCA1;PPT1;ATP7A;AP2S1;SNAP23;YKT6;SGMS1
REACTIVE_OXYGEN_SPECIES_PATHWAY	0.000160038850852214	0.0006032233609045	0.164451346566605	0.49095872550744	1.98207188578584	48	entry4.25_SOFA_D3__all_valid	positive-risk	GCLM;GSR;HHEX;FES;MSRA;MBP;SBNO2;CDKN2D;G6PD;OXSR1;TXNRD1;SRXN1;LAMTOR5;TXN;NQO1;FTL;JUNB;GLRX;EGLN2;LSP1;GPX3;PRDX6
SPERMATOGENESIS	0.60632844263744	0.690932411377548	0.0199693537129219	0.209244177550742	0.917796345265791	72	entry4.25_SOFA_D3__all_valid	positive-risk	PGS1;AGFG1;TLE4;PRKAR2A;CCNA1;CLVS1;BRAF;IP6K1;TALDO1;PHF7;SHE;H1-6;CHFR;GMCL1;MAST2;TTK
TGF_BETA_SIGNALING	0.00271718410486936	0.00700747479676834	0.136831791314999	0.431500051871968	1.74202855982768	48	entry4.25_SOFA_D3__all_valid	positive-risk	FKBP1A;RAB31;FURIN;HIPK2;IFNGR2;SPTBN1;TGFBR1;SERPINE1;PPP1R15A;TGFB1;SKI;SMAD1;CTNNB1;UBE2D3;THBS1;XIAP;PPM1A;SMURF1;APC;JUNB;RHOA
TNFA_SIGNALING_VIA_NFKB	1.62630625845345e-06	1.32815011107031e-05	0.203976791242268	0.380520420995041	1.93782544894283	173	entry4.25_SOFA_D3__all_valid	positive-risk	BCL6;GADD45A;PFKFB3;ETS2;FOSL2;CFLAR;SLC2A3;B4GALT5;NFIL3;BCL2A1;IRS2;SOCS3;DRAM1;LITAF;PTPRE;MXD1;IFNGR2;KLF6;KLF9;TLR2;RCAN1;NFKB1;TIPARP;MAP2K3;NFKBIA;TNIP1;LDLR;DENND5A;EHD1;CD44;F2RL1;BCL3;PER1;RNF19B;CSF1;PNRC1;MAP3K8;SERPINE1;PPP1R15A;ZC3H12A;CEBPB;CEBPD;KDM6B;AREG;GADD45B;TNFAIP3;B4GALT1;NFE2L2;JAG1;IER3;DUSP1;TRIB1;STAT5A;NAMPT;MARCKS;ICAM1;NFAT5;TUBB2A;TNIP2;TAP1;REL;IRF1;JUNB;ZFP36;TNFAIP6
UNFOLDED_PROTEIN_RESPONSE	5.88328297449189e-05	0.000262073514318275	0.17664908299824	-0.379627358867465	-1.87916994808493	109	entry4.25_SOFA_D3__all_valid	negative-risk	NPM1;IMP3;NOP56;EXOSC2;EIF2AK3;HSPA9;EXOSC9;SPCS1;HSP90B1;EIF2S1;RPS14;PDIA6;IARS1;CEBPG;SKIC3;SLC30A5;DNAJB9;LSM4;SRPRB;SEC31A;EIF4A2;MTREX;WFS1;BANF1;SEC11A;RRP9;SSR1;EIF4EBP1;FUS;HERPUD1;BAG3;DDX10;EIF4A1;HYOU1;EXOC2;NOLC1;YIF1A;ALDH18A1;SPCS3;NOP14;FKBP14;XBP1;CNOT2;EIF4E;EDEM1;SDAD1;CKS1B;CALR;PAIP1;EEF2;NHP2;GOSR2;EXOSC1;XPOT;MTHFD2;NFYB;SLC1A4;KHSRP;HSPA5;TSPYL2;PREB;LSM1;CXXC1;PARN;DKC1;GEMIN4;SERP1
UV_RESPONSE_DN	0.0447175285884963	0.0755572034771145	0.0880409553363699	0.282043456924599	1.34692275189298	115	entry4.25_SOFA_D3__all_valid	positive-risk	MAPK14;ATP2B4;IGF1R;ATXN1;SYNE1;DYRK1A;WDR37;NFKB1;PTEN;LDLR;GCNT1;CELF2;SCN8A;PPARG;RXRA;NR3C1;RASA2;PIK3CD;SERPINE1;TGFBR2;FHL2;NOTCH2;CDKN1B;SCAF8;DUSP1;APBB2;CDC42BPA;PTGFR;PRDM2;TFPI;CACNA1A;NIPBL
UV_RESPONSE_UP	0.36	0.476756756756757	0.0277854840418346	0.214947248487776	1.04331654233002	127	entry4.25_SOFA_D3__all_valid	positive-risk	CCND3;ARRB2;ATP6V1C1;GRINA;PRKCD;TUBA4A;ALAS1;FURIN;LYN;MAOA;NFKBIA;RAB27A;AGO2;MARK2;CHKA;ACAA1;NUP58;GRPEL1;ALDOA;CA2;ICAM1;PDAP1;TAP1;IRF1;CDC34;JUNB;PRKACA;STARD3;GPX3;APOM
WNT_BETA_CATENIN_SIGNALING	0.486287502300755	0.595702190318424	0.0240795170552961	0.265978174149464	0.97786760991952	32	entry4.25_SOFA_D3__all_valid	positive-risk	RBPJ;NUMB;MAML1;ADAM17;FRAT1;JAG1;CTNNB1;NCSTN;NKD1;NOTCH1
XENOBIOTIC_METABOLISM	0.00837648283195789	0.0178455503811277	0.120674297088992	0.300262559802697	1.48324611293215	141	entry4.25_SOFA_D3__all_valid	positive-risk	UPP1;PGD;IL1R1;ETS2;GSR;POR;DDAH2;TPST1;ALAS1;ACOX1;ARG1;TNFRSF1A;LPIN2;SLC6A6;MAOA;AQP9;PINK1;VNN1;UPB1;FAS;CDA;SLC46A3;ESR1;MARCHF6;SERPINE1;ABCC2;SMOX;GABARAPL1;SLC22A1;ITIH4;RAP1GAP;CA2;CSAD;NQO1;DHRS7
