pathway	NES_unweighted	FDR_unweighted	leadingEdge_unweighted	NES_weighted	FDR_weighted	leadingEdge_weighted	delta_NES	direction_agreement	FDR_class	leading_edge_jaccard	scenario
ADIPOGENESIS	-0.842850732348807	0.924298752933932	NDUFAB1;MRPL15;ATP5PO;DLAT;ECHS1;AK2;NDUFS3;SLC66A3;ACAA2;DBT;DNAJB9;HADH;ATP1B3;MAP4K3;ENPP2;PDCD4;IMMT;SCP2;PHYH;EPHX2;ANGPT1;JAGN1;ESYT1;PTCD3;DNAJC15;ACADM;SLC25A10;NDUFA5;REEP5;SSPN	0.862511270445129	0.801243252085719	BCL6;GADD45A;PFKFB3;POR;RTN3;ACOX1;ITGA7;SQOR;CCNG2;STOM;PGM1;ELMOD3;GPAT4;LPCAT3;IFNGR1;TOB1;PPARG;DHRS7B;DHCR7;PPM1B;ORM1;TALDO1;TKT;GRPEL1;ALDOA;STAT5A;GBE1;CDKN2C;NABP1;BAZ2A;DHRS7;CHUK;CD151;PIM3;ITSN1	1.70536200279394	FALSE	neither	0	entry4_SOFA_D3
ALLOGRAFT_REJECTION	-1.48616253396557	0.00941629553128753	HLA-DRA;NPM1;ABCE1;RPS3A;LY75;HLA-DMB;HLA-DMA;ITK;CD3D;SIT1;TRAT1;CD3G;EIF3A;CD86;DARS1;RPL9;CTSS;CD28;UBE2N;RPL39;CCND2;CD4;IL7;ETS1;HLA-DOA;LY86;CD40LG;RPS19;EIF3D;HDAC9;CD8B;TNF;LCK;IRF8;IRF4;CD74;RIPK2;HLA-DQA1;CCR2;FCGR2B;MRPL3;CD2;STAT4;ZAP70;CD8A;NME1;CD3E;CD79A;IL15	-1.61636819079774	0.00206294708610198	RPS3A;HLA-DRA;ABCE1;NPM1;HLA-DMB;CD3D;EIF3A;ITK;HLA-DMA;SIT1;RPL9;LY75;TRAT1;CD3G;DARS1;HLA-DOA;RPL39;CTSS;ETS1;CD28;CD86;UBE2N;CD4;CD40LG;EIF3D;IL7;LY86;CD8B;LCK;CD74;RPS19;IRF4;CCND2;HLA-DQA1;TNF;IRF8;CD8A;CD2;FCGR2B;STAT4;ZAP70;CCR2;CD3E;IL15;CD79A;CCR5;HDAC9;CXCR3;CD40;NME1;CD247;MRPL3	-0.130205656832175	TRUE	both	0.905660377358491	entry4_SOFA_D3
ANDROGEN_RESPONSE	1.35359925996968	0.102575207983686	FKBP5;NDRG1;CAMKK2;GSR;CCND3;HPGD;PTK2B;SLC38A2;HERC3;ACTN1;MAK;RPS6KA3;IQGAP2;ACSL3;IDI1;MERTK;MYL12A;ARID5B	1.57560681019126	0.01396289104962	NDRG1;CCND3;CAMKK2;GSR;ACTN1;FKBP5;HPGD;PTK2B;IDI1;SLC38A2;HERC3;MYL12A;RPS6KA3;ACSL3;MERTK;UBE2J1;MAK;IQGAP2;VAPA;B4GALT1;ARID5B;GNAI3;SRF;PIAS1	0.222007550221578	TRUE	IPW_only	0.75	entry4_SOFA_D3
ANGIOGENESIS	0.587533439159886	0.969400462551148	LRPAP1;JAG1;FGFR1;PGLYRP1;APP;S100A4;TIMP1;FSTL1;VEGFA;PF4	0.826699601996034	0.767961110621702	LRPAP1;PGLYRP1;JAG1;FGFR1;APP;S100A4;TIMP1;FSTL1;VEGFA;PF4	0.239166162836148	TRUE	neither	1	entry4_SOFA_D3
APICAL_JUNCTION	1.56856372937783	0.00941629553128753	MAPK14;SIRPA;ADAM9;PIK3CB;SKAP2;MMP9;CAP1;ALOX15B;ACTN1;MAPK13;PTEN;NF1;ITGA10;THBS3;RAC2;VASP;SYK;CD274;MAP3K20;IKBKG;ZYX;PTPRC;ACTB;CNN2;PCDH1;B4GALT1;COL17A1;MYH9;FYB1;RASA1;ICAM5;PBX2;INPPL1;ARPC2;CTNNA1;STX4;CLDN15;NECTIN2;CLDN9;ACTN4;MSN;GNAI2;SHC1;ICAM1;YWHAH;TUBG1;TAOK2;VCL;MPZL1;KCNH2;MYH10;PARD6G;BAIAP2	1.50909596490436	0.01396289104962	MAPK14;SIRPA;ADAM9;MMP9;ACTN1;SKAP2;CAP1;PIK3CB;ALOX15B;PTEN;SYK;VASP;RAC2;MAPK13;COL17A1;NF1;CNN2;CD274;ACTB;B4GALT1;IKBKG;MAP3K20;THBS3;ZYX;MYH9;ICAM5;ARPC2;MSN;ITGA10;ICAM1;CTNNA1;RASA1;FYB1;PTPRC;PBX2;GNAI2;INPPL1;ACTN4;NECTIN2;SHC1;PCDH1;YWHAH;MYH10;VCL;RSU1;CLDN15;PFN1;STX4;TAOK2;TUBG1;MYL12B;BAIAP2;MPZL1;PARD6G	-0.0594677644734671	TRUE	both	0.910714285714286	entry4_SOFA_D3
APICAL_SURFACE	1.09325902396773	0.443269155742821	FLOT2;LYN;PCSK9;CRYBG1;NCOA6;B4GALT1;DCBLD2;SLC2A4;BRCA1;ADIPOR2;APP;HSPB1;IL2RG	0.994015574682677	0.580749955337414	FLOT2;LYN;PCSK9;CRYBG1;B4GALT1;NCOA6;APP;IL2RG;DCBLD2;BRCA1;ADIPOR2	-0.099243449285053	TRUE	neither	0.846153846153846	entry4_SOFA_D3
APOPTOSIS	1.13350390309143	0.312393095941533	GADD45A;CFLAR;GSR;RNASEL;HGF;IGF2R;ADD1;TIMP2;GSN;RARA;PSEN1;CREBBP;FAS;ROCK1;CCNA1;IFITM3;EMP1;CD44;HMGB2;CASP4;NEDD9;DPYD;IFNGR1;PPP2R5B;CTNNB1;CLU;CDKN1B;XIAP;CASP2;TSPO;DNAJC3;GADD45B;TNFSF10;IER3;TXNIP;BCAP31;PPP3R1;IRF1;ANXA1;TAP1;GNA15;BRCA1;GPX3;F2R;APP;BCL2L1;CASP8;DNAJA1;CTH;TIMP1;CASP9;CASP1;PLCB2;HSPB1	1.32660269960569	0.0755572034771145	GADD45A;CFLAR;GSR;TIMP2;ADD1;HGF;GSN;RARA;IGF2R;RNASEL;PSEN1;CCNA1;IFNGR1;CD44;IFITM3;FAS;CREBBP;ROCK1;HMGB2;PPP2R5B;TSPO;GADD45B;CDKN1B;CTNNB1;IER3;CLU;EMP1;CASP2;NEDD9;CASP4;XIAP;DNAJC3;DPYD;BCAP31;TAP1;IRF1;PPP3R1;GNA15;CASP9;GPX3;ANXA1;TNFSF10;TXNIP;APP	0.193098796514263	TRUE	neither	0.814814814814815	entry4_SOFA_D3
BILE_ACID_METABOLISM	-1.08165512420141	0.43187874998139	ABCD2;CYP27A1;NR3C2;HACL1;PAOX;SLC23A2;PEX12;EFHC1;LCK;SCP2;SLC35B2;PHYH;EPHX2;IDH2;HSD17B4;PEX7;ACSL5;SOD1;SLC29A1;TFCP2L1;ABCD3;PXMP2;AMACR	-0.918232284369322	0.697996112648681	ABCD2;CYP27A1;SLC23A2;PEX12;PAOX;LCK;NR3C2;EFHC1;SLC35B2;EPHX2;PHYH;IDH2;SCP2;PEX7;HSD17B4;ACSL5;HACL1	0.163422839832088	TRUE	neither	0.739130434782609	entry4_SOFA_D3
CHOLESTEROL_HOMEOSTASIS	1.57291832423411	0.0233813743764083	PLSCR1;ABCA2;NFIL3;NIBAN1;PDK3;ALCAM;LDLR;IDI1;ANTXR2;PPARG;S100A11;PNRC1;CHKA;ACSS2;DHCR7;CTNNB1;CLU;JAG1;FBXO6	1.85758767810138	0.00129144576674667	NFIL3;PLSCR1;NIBAN1;IDI1;PDK3;ALCAM;ABCA2;LDLR;CHKA;ANTXR2;PPARG;DHCR7;PNRC1;ACSS2;JAG1;CTNNB1;S100A11;CLU;FBXO6	0.284669353867272	TRUE	both	1	entry4_SOFA_D3
COAGULATION	1.27021708704192	0.159524045923193	ADAM9;MMP9;KLF7;FURIN;RAC1;GSN;SERPINA1;RABIF;CTSK;WDR1;HPN;F2RL2;SERPINE1;F12;C1R;CLU;LAMP2;MMP8;GNB2;THBS1;ANXA1;F8;FN1;PLAU;GP1BA;ITGB3;TIMP1;CASP9;P2RY1;CTSB;CFB;PEF1;SERPINB2;PLEK;CPQ;ISCU;SPARC;VWF;MST1;PF4	1.41483160140496	0.0542513546083714	ADAM9;MMP9;FURIN;SERPINA1;KLF7;GSN;RAC1;WDR1;RABIF;SERPINE1;F12;MMP8;F2RL2;CTSK;CLU;GNB2;LAMP2;THBS1;C1R;HPN;F8;CASP9;ANXA1;PLEK;PLAU;GP1BA;ITGB3;MSRB2;TIMP1;PEF1;P2RY1;CTSB;SPARC;CFB;CPQ;PF4;VWF;FN1;SERPINB2;ISCU;ARF4	0.14461451436304	TRUE	neither	0.928571428571429	entry4_SOFA_D3
COMPLEMENT	1.56024599719434	0.00582955878127514	ITGAM;CR1;ADAM9;PLSCR1;PIK3CG;LCP2;HSPA1A;PRKCD;DGKH;LYN;PCSK9;IRF2;TIMP2;COL4A2;CD55;S100A12;PSEN1;RHOG;SERPINA1;PIM1;CDK5R1;GCA;JAK2;RAF1;RABIF;F5;EHD1;CD59;USP15;S100A9;GRB2;PIK3R5;CA2;CEBPB;CASP4;CDA;VCPIP1;MSRB1;PIK3CA;SERPINE1;PRSS36;C1R;CLU;BRPF3;TNFAIP3;AKAP10;WAS;LAMP2;CPM;GNAI3;MMP8;GNB2;CTSD	1.68154743291526	0.00122628942144099	ITGAM;CR1;ADAM9;PRKCD;HSPA1A;TIMP2;PLSCR1;PIK3CG;GCA;LYN;S100A12;PCSK9;SERPINA1;LCP2;RHOG;CD59;DGKH;PIM1;CD55;MSRB1;IRF2;PSEN1;EHD1;RABIF;S100A9;CDK5R1;F5;CDA;COL4A2;JAK2;GRB2;RAF1;SERPINE1;CEBPB;AKAP10;TNFAIP3;PIK3R5;MMP8;VCPIP1;CLU;PIK3CA;GNB2;GNAI3;LAMP2;PRSS36;CASP4;USP15;C1R;BRPF3;CTSD;CA2	0.121301435720916	TRUE	both	0.962264150943396	entry4_SOFA_D3
DNA_REPAIR	-1.623592292962	0.00292295890245397	RNMT;GTF2H1;GTF2H3;NUDT21;ERCC8;NELFCD;SRSF6;ADA;APRT;NCBP2;POLR2D;IMPDH2;DUT;POLR1H;ERCC4;LIG1;PCNA;SF3A3;ITPA;MRPL40;POLR2K;RFC3;POLR1C;POLR2C;RPA3;NFX1;UMPS;NME3;SEC61A1;ERCC3;AK3;EDF1;NME1;TMED2;PDE4B;GTF2A2;TP53;RFC4;TAF9;ERCC5	-1.55113730865596	0.00674211268020074	GTF2H3;RNMT;GTF2H1;ERCC8;NELFCD;NUDT21;ADA;MRPL40;SRSF6;SF3A3;NCBP2;POLR1H;ERCC4;APRT;POLR2D;LIG1;NFX1;DUT;IMPDH2;ERCC3;ITPA;EDF1;POLR1C;UMPS;RPA3;RFC3;PCNA;POLR2K;POLR2C;ERCC5;NME1;GTF2A2;NME3;TP53;RFC4;AK3;AAAS;TAF9;SEC61A1;SSRP1;DDB2;TMED2;GTF2H5;DDB1;PDE4B;RFC5;POLB;REV3L;POLR2H;GSDME;SNAPC5;HPRT1;TARBP2;NELFE;ELOA;MPG;TAF1C;ALYREF;NUDT9;SMAD5;POLD1;CSTF3;POLR3C;UPF3B;RALA;RAD52	0.0724549843060425	TRUE	both	0.606060606060606	entry4_SOFA_D3
E2F_TARGETS	-1.88748337101442	1.38080356824587e-05	SYNCRIP;NOP56;EED;NUDT21;MAD2L1;RAN;PPP1R8;CNOT9;MYC;EIF2S1;AK2;PAICS;KIF22;SLBP;STMN1;SRSF2;ASF1A;PMS2;TMPO;DCTPP1;DUT;RAD50;WDR90;PHF5A;LIG1;PCNA;PRDX4;IPO7;RFC3;MLH1;HNRNPD;CSE1L;RAD1;RPA3;CDC25B;NUP205;RBBP7;CDK4;NUP107;DNMT1;NME1;TBRG4;SMC3;TP53;RPA1;ILF3;MCM3;CENPM;NAP1L1;PAN2;XRCC6;MRE11;CTPS1;SSRP1;SMC1A;RFC1;TRA2B;RANBP1;CDK1;MSH2;SNRPB;MCM5;POLE;SMC4;ZW10;RNASEH2A;CKS1B;CBX5;SRSF1;MTHFD2;NOLC1;POLD1;DSCC1;UBR7;RRM2;MCM7	-1.79104562429361	5.57363283654835e-05	SYNCRIP;EED;MAD2L1;NOP56;RAN;PPP1R8;MYC;NUDT21;CNOT9;AK2;STMN1;PAICS;ASF1A;EIF2S1;PMS2;KIF22;TMPO;RAD50;PHF5A;WDR90;IPO7;HNRNPD;LIG1;DCTPP1;DUT;CDC25B;PRDX4;MLH1;RPA3;RFC3;DNMT1;RAD1;PCNA;SLBP;PAN2;NUP205;NME1;NUP107;CDK4;RBBP7;TP53;CSE1L;RANBP1;ILF3;MRE11;SRSF2;SMC1A;SMC3;MCM3;RFC1;SSRP1;CTPS1;CBX5;MSH2;TBRG4;NOLC1;RPA1;NAP1L1;CENPM;XRCC6;MCM5;HELLS;ZW10;CCNE1;CKS1B;CDKN2A;MCM7;RNASEH2A;RRM2;UBE2T;POLD2;SRSF1;LYAR;SMC4;POLE;MTHFD2;PRPS1;CDK1;PRIM2;POLD1;TRA2B;DSCC1;RAD51C;GINS3;SNRPB;UBR7;POLE4;LUC7L3;TIMELESS;BRMS1L;TIPIN;TUBB;EXOSC8;ORC6;MMS22L;DCK;PLK4;TCF19;EZH2;UNG	0.0964377467208053	TRUE	both	0.76	entry4_SOFA_D3
EPITHELIAL_MESENCHYMAL_TRANSITION	1.05349506756673	0.458508738496062	GADD45A;BASP1;COL4A2;FBN2;FAS;PCOLCE2;EFEMP2;QSOX1;CAPG;CD59;CD44;NOTCH2;COL7A1;PFN2;TGFB1;SERPINE1;AREG;WIPF1;COLGALT1;TNFAIP3;PDLIM4;TPM1;PLOD1;COPA;GADD45B;COL6A3;LOXL1;THBS1;ACTA2;ANPEP;ITGA5;VIM	1.14179058123221	0.297381739052315	GADD45A;BASP1;FBN2;PCOLCE2;CD59;QSOX1;EFEMP2;CD44;FAS;CAPG;COL4A2;SERPINE1;TGFB1;COLGALT1;AREG;COL7A1;NOTCH2;GADD45B;TNFAIP3;LOXL1;TPM1;PFN2;PLOD1;THBS1;COPA;COL6A3;PDLIM4	0.0882955136654751	TRUE	neither	0.84375	entry4_SOFA_D3
ESTROGEN_RESPONSE_EARLY	1.37502066992804	0.0572057678165915	FKBP5;AFF1;IGF1R;SVIL;MREG;KAZN;MED13L;OLFML3;CA12;RARA;TTC39A;KDM4B;RAB31;SLC2A1;TIPARP;JAK2;SIAH2;GAB2;CHPT1;MINDY1;INHBB;FOXC1;RHOBTB3;TOB1;UGCG;CD44;ANXA9;FHL2;GLA;CANT1;AREG;TUBB2B;DHCR7;NADSYN1;B4GALT1;SH3BP5;FLNB;CISH;AMFR;DLC1;RAPGEFL1;BAG1;SLC7A5;TMEM164;KCNK5;MAST4;IL17RB;ALDH3B1;IL6ST;ABHD2;PODXL;SEMA3B;ELF3;ADD3;ITPK1;TGM2;SLC24A3;ELF1;MAPT;ARL3;ABAT	1.46337811310101	0.0213593685060305	IGF1R;AFF1;FKBP5;RAB31;SVIL;MED13L;RARA;MREG;TIPARP;TTC39A;UGCG;SLC2A1;FOXC1;KDM4B;MINDY1;GAB2;KAZN;CD44;TOB1;CANT1;OLFML3;JAK2;CHPT1;DHCR7;GLA;RHOBTB3;INHBB;SIAH2;FHL2;AREG;B4GALT1;NADSYN1;CISH;ANXA9;CA12;SH3BP5;KCNK5;TUBB2B;FLNB;TMEM164;MAST4;ALDH3B1;DLC1;IL17RB;AMFR;RAPGEFL1;SLC7A5;ABHD2;IL6ST	0.0883574431729746	TRUE	IPW_only	0.80327868852459	entry4_SOFA_D3
ESTROGEN_RESPONSE_LATE	1.06854169632649	0.441051158451252	ATP2B4;FKBP5;AFF1;MAPK13;CA12;RAB31;SERPINA1;JAK2;CCNA1;SIAH2;IMPA2;CHPT1;FOXC1;TOB1;BATF;S100A9;CD44;ANXA9;SNX10;CA2;GLA;JAK1;AREG;DHCR7;PTPN6;ST6GALNAC2;FLNB;CISH;CKB;AMFR;XRCC3;RAPGEFL1;BAG1;SLC7A5;HSPA4L;ZFP36;KCNK5	1.15470017802988	0.265824578449829	ATP2B4;AFF1;FKBP5;RAB31;SERPINA1;IMPA2;FOXC1;CCNA1;BATF;MAPK13;S100A9;CD44;TOB1;SNX10;JAK2;ST6GALNAC2;CHPT1;DHCR7;GLA;SIAH2;AREG;PTPN6;JAK1;CISH;ANXA9;CA12;CA2;KCNK5;FLNB;CKB;ZFP36;ALDH3B1;IL17RB;AMFR;RAPGEFL1;XRCC3;SLC7A5;ABHD2;IL6ST;HSPA4L	0.0861584817033863	TRUE	neither	0.878048780487805	entry4_SOFA_D3
FATTY_ACID_METABOLISM	-1.33413893267166	0.0698921337225046	OSTC;MDH1;METAP1;APEX1;ECHS1;ACSS1;ACAA2;ACAT2;ECI1;HADH;SUCLG2;HSD17B10;MCEE;CBR1;ADSL;ACADM;PSME1;HSPH1;SDHD;ALDH3A2;BCKDHB;HSD17B4;ACOT2;BPHL;ACSL5;PCBD1;HMGCS1;HSP90AA1;PDHA1;UGDH;ODC1;ECI2;CPT2;SUCLA2;GCDH;RAP1GDS1;PTS;XIST;CD36;MIF;ENO2;BLVRA;MIX23;EHHADH;NTHL1;ALDH9A1;ACO2;HSD17B7;SMS;IDH3B;MDH2;FH;CPOX;RDH11;ECH1;MLYCD;TP53INP2;S100A10;ALDH1A1;DLST;H2AZ1;IDH3G	-1.22844970636841	0.147542412500693	OSTC;MDH1;METAP1;APEX1;ECHS1;ACSS1;ACAA2;SUCLG2;ECI1;HADH;ACAT2;HSD17B10;MCEE;CBR1;ACADM;SDHD;BPHL;ADSL;HSD17B4;ACOT2;ECI2;ACSL5;UGDH;PDHA1;BCKDHB;PSME1;MIX23;BLVRA;CPT2;ODC1;RAP1GDS1;CD36;PCBD1;ALDH3A2;GCDH;HMGCS1;NTHL1;MIF;SUCLA2;HSD17B7;HSPH1;PTS;SMS;FH;ENO2;MDH2;XIST;EHHADH;ACO2;S100A10;IDH3B;MLYCD;CD1D;CRYZ;ALDH1A1;ECH1;IDH3G;RDH11;ALDH9A1;CPOX;HSP90AA1;UROS;DLST;ERP29	0.105689226303251	TRUE	neither	0.909090909090909	entry4_SOFA_D3
G2M_CHECKPOINT	-1.00025304536745	0.537539295392954	SYNCRIP;BUB3;SLC38A1;G3BP1;SRSF10;MAD2L1;PURA;MYC;SLC12A2;NCL;KIF22;STMN1;SRSF2;CUL5;HSPA8;H2AZ2;TMPO;ORC5;HNRNPD;RPS6KA5;TENT4A;CDC25B;MTF2;CDK4;HMGN2;PRP4K;ILF3;MCM3;CUL1;UCK2;SNRPD1;ODC1;SMC1A;SS18;DTYMK;ABL1;TRA2B;SMC2;CDK1;FBXO5;MCM5;POLE;SMC4;NDC80;CKS1B;SRSF1;SMARCC1;CCNT1;NOLC1;SMAD3	-0.889264315262106	0.786443401963339	BUB3;SYNCRIP;G3BP1;SLC38A1;SRSF10;MAD2L1;PURA;NCL;MYC;CUL5;STMN1;KIF22;TMPO;RPS6KA5;HNRNPD;CDC25B;H2AZ2;HSPA8;PRP4K;SLC12A2;CDK4;TENT4A;ORC5;MTF2;ILF3;SRSF2;SMC1A;UCK2;MCM3;SS18;SNRPD1;ODC1;NOLC1;CUL1;DTYMK;SMAD3;FBXO5;HMGN2;MCM5;ABL1;NDC80;SMARCC1;SMC2;CKS1B;RASAL2;ODF2;MNAT1;GINS2	0.110988730105344	TRUE	neither	0.814814814814815	entry4_SOFA_D3
GLYCOLYSIS	1.02165845669308	0.516894612960487	TGFA;PYGL;PHKA2;TPST1;IRS2;ABCB6;HK2;B4GALT4;PDK3;PKM;EXT1;DSC2;P4HA2;LCT;QSOX1;ANKZF1;SAP30;MERTK;PKP2;CD44;SPAG4;RRAGD;IL13RA1;LDHA;G6PD;DEPDC1;PGM2;SLC16A3;B4GALT1;TALDO1;PAM;ALDOA;PGK1;PLOD1;ZNF292;ME2;IER3;RBCK1	1.23781111854907	0.146756298846805	TGFA;PYGL;PHKA2;IRS2;TPST1;HK2;PKM;B4GALT4;PDK3;P4HA2;RRAGD;ABCB6;QSOX1;DSC2;SPAG4;MERTK;EXT1;CD44;LCT;LDHA;SLC16A3;PGM2;G6PD;PAM;ANKZF1;IL13RA1;PKP2;TALDO1;PGK1;B4GALT1;IER3;SAP30;ALDOA;ME2;DEPDC1;PLOD1	0.21615266185599	TRUE	neither	0.947368421052632	entry4_SOFA_D3
HEDGEHOG_SIGNALING	1.44153558930456	0.108086397715102	ETS2;SLIT1;CDK5R1;NF1;GLI1;TLE3;TLE1;MYH9;RASA1;ACHE;PML	1.29990471551572	0.204185494282553	ETS2;SLIT1;CDK5R1;NF1;TLE3;GLI1;MYH9;TLE1;RASA1	-0.141630873788836	TRUE	neither	0.818181818181818	entry4_SOFA_D3
HEME_METABOLISM	2.30859510794709	6.60754938033427e-11	NFE2;SLC22A4;CCND3;ATP6V0A1;GCLM;EZH1;LPIN2;ABCB6;SLC25A37;ADD1;MBOAT2;NARF;LRP10;MARK3;FBXO34;CAST;ERMAP;GAPVD1;MAP2K3;SLC2A1;P4HA2;FOXO3;KHNYN;MPP1;FBXO9;PSMD9;RCL1;USP15;HTATIP2;CA2;NR3C1;NUDT4;SMOX;RHAG;ALAD;TNRC6B;SPTB;ADIPOR1;PICALM;PPP2R5B;KDM7A;BCAM;GDE1;TMCC2;DCAF10;SDCBP;EIF2AK1;HDGF;RAP1GAP;LAMP2;FOXJ2;RBM5;TAL1;RANBP10;KEL;ARHGEF12;DMTN;ANK1;MARCHF8;SEC14L1;SYNJ1;MARCHF2;SLC66A2;LMO2;RHD;RNF19A;KLF3;NEK7;AGPAT4;CTNS;FBXO7;GATA1;RBM38;FN3K;TOP1;XPO7;E2F2;BTRC;DAAM1;UBAC1;DCAF11;HAGH;SPTA1;RHCE;KAT2B;KLF1;MXI1;CLIC2;HTRA2;SLC6A8;SLC6A9;GYPC;CTSB;PDZK1IP1;EPOR;TRIM58;NFE2L1	2.31322948980737	3.84320697693675e-10	NFE2;CCND3;SLC22A4;GCLM;ADD1;ATP6V0A1;MBOAT2;NARF;SLC25A37;LPIN2;LRP10;FBXO34;P4HA2;FBXO9;EZH1;ABCB6;MAP2K3;MARK3;MPP1;CAST;SLC2A1;HTATIP2;ERMAP;KHNYN;GAPVD1;FOXO3;PSMD9;NR3C1;SDCBP;DCAF10;PPP2R5B;SMOX;SPTB;GDE1;PICALM;ALAD;FOXJ2;RHAG;ADIPOR1;LAMP2;SEC14L1;NUDT4;EIF2AK1;RCL1;USP15;RAP1GAP;KDM7A;CA2;HDGF;MARCHF2;TNRC6B;RANBP10;SLC66A2;LMO2;RHD;TMCC2;ANK1;KEL;ARHGEF12;RBM5;SYNJ1;TAL1;BCAM;MARCHF8;KLF3;NEK7;DMTN;E2F2;RBM38;DCAF11;CTNS;EPOR;RNF19A;HTRA2;FN3K;GATA1;BTRC;RHCE;XPO7;KAT2B;CTSB;NFE2L1;TOP1;SLC6A8;FBXO7;DAAM1;UBAC1;TRIM58;YPEL5;HAGH;CLIC2;CCDC28A;MXI1;BSG;VEZF1;HMBS;CDC27;KLF1;CDR2;OSBP2;RNF123;XK;AGPAT4;MKRN1;SLC6A9;PDZK1IP1	0.00463438186028276	TRUE	both	0.87962962962963	entry4_SOFA_D3
HYPOXIA	1.94438984481066	1.62107066849125e-05	PFKFB3;NDRG1;FOSL2;SLC2A3;IRS2;SLC6A6;KLF7;TPST2;NFIL3;HK2;AMPD3;PDK3;RBPJ;PGM1;CA12;EXT1;NDST2;KLF6;PIM1;JMJD6;SLC2A1;TIPARP;P4HA2;WSB1;SIAH2;IDS;ANKZF1;SAP30;CCNG2;FOXO3;ADM;NEDD4L;PNRC1;RRAGD;LDHA;NR3C1;CSRP2;PYGM;SERPINE1;PGM2;PPP1R15A;HK1;NDST1;MAP3K1;CDKN1B;PAM;TNFAIP3;ALDOA;MYH9;TMEM45A;GAPDH;PGK1;PHKG1;ZNF292;IER3;ZFP36;KDM3A;CP;CITED2;GBE1;PLAC8;DUSP1;PDK1;ENO1;PRDX5;GYS1;NOCT;VLDLR;DDIT4;S100A4;UGP2;TGM2;GLRX;ATP7A;EFNA1;MXI1	2.16341857206327	2.07180491868739e-07	NDRG1;PFKFB3;FOSL2;SLC2A3;NFIL3;AMPD3;TPST2;IRS2;NDST2;HK2;RBPJ;SLC6A6;KLF7;JMJD6;KLF6;PDK3;P4HA2;CCNG2;RRAGD;TIPARP;PIM1;PGM1;SLC2A1;ADM;WSB1;IDS;EXT1;FOXO3;LDHA;NR3C1;PNRC1;PGM2;SERPINE1;PPP1R15A;PAM;SIAH2;ANKZF1;TNFAIP3;PGK1;CDKN1B;NDST1;IER3;CSRP2;HK1;MAP3K1;SAP30;DUSP1;MYH9;ALDOA;CA12;GBE1;GAPDH;PYGM;PLAC8;PRDX5;TMEM45A;PHKG1;ZFP36;GYS1;GLRX;ZNF292;NEDD4L;UGP2;CITED2;DDIT4	0.219028727252608	TRUE	both	0.855263157894737	entry4_SOFA_D3
IL2_STAT5_SIGNALING	1.44042847223385	0.0233813743764083	IL1R2;CST7;NDRG1;MAPKAPK2;IGF1R;CCND3;PLSCR1;SLC2A3;CKAP4;IL18R1;SCN9A;IL4R;HYCC2;MXD1;NFIL3;IGF2R;HK2;FURIN;ADAM19;HIPK2;ALCAM;KLF6;PIM1;IL1RL1;DENND5A;SELL;PLEC;IFITM3;CAPG;BATF;DCPS;EMP1;MAP3K8;CD44;SMPDL3A;RRAGD;ETFBKMT;CA2;SHE;CSF1;CAPN3;ST3GAL4;F2RL2;GABARAPL1;SPRED2;IFNGR1;GLIPR2;SLC39A8	1.58562321379911	0.00348633939001734	CST7;NDRG1;MAPKAPK2;IL1R2;CCND3;IGF1R;SLC2A3;NFIL3;CKAP4;PLSCR1;FURIN;SCN9A;HK2;HIPK2;MXD1;IL4R;HYCC2;IL18R1;KLF6;ALCAM;IGF2R;RRAGD;PIM1;ADAM19;SELL;DENND5A;IFNGR1;BATF;CD44;IFITM3;PLEC;SMPDL3A;CAPG;CAPN3;IL1RL1;CSF1;MAP3K8;ST3GAL4;GLIPR2;GADD45B;GABARAPL1;SLC39A8;DCPS;F2RL2;SPRED2;ETFBKMT;CISH;EMP1	0.145194741565259	TRUE	both	0.92	entry4_SOFA_D3
IL6_JAK_STAT3_SIGNALING	2.04989865211459	6.63134285901046e-05	IL1R2;IL1R1;IL17RA;IL18R1;TLR2;STAT3;IL4R;IFNAR1;ACVR1B;IL10RB;TNFRSF1A;SOCS3;FAS;PIM1;CSF3R;CBL;PTPN1;IFNGR2;CSF2RA;PDGFC;MAP3K8;CD44;IL13RA1;GRB2;PIK3R5;CSF2RB;CSF1;TGFB1;IFNGR1;MYD88;IRF9;OSMR;SOCS1	2.24106222627068	4.01622563731064e-06	IL1R2;IL1R1;IL17RA;STAT3;SOCS3;IFNAR1;IL10RB;TNFRSF1A;ACVR1B;IL4R;IFNGR2;IL18R1;TLR2;PTPN1;PIM1;CSF3R;PDGFC;CSF2RB;IFNGR1;CSF2RA;CD44;FAS;CBL;GRB2;MYD88;CSF1;MAP3K8;TGFB1;IL13RA1;PIK3R5	0.191163574156088	TRUE	both	0.909090909090909	entry4_SOFA_D3
INFLAMMATORY_RESPONSE	1.77405278551066	0.000268882167566868	KIF1B;IL1R1;IL18RAP;IL18R1;LCP2;TLR2;IL4R;IFNAR1;PTPRE;MXD1;ACVR1B;LYN;IRAK2;IFITM1;NFKB1;MEFV;CD55;C3AR1;SEMA4D;PSEN1;RHOG;RNF144B;KLF6;CSF3R;AQP9;IFNGR2;CD82;LDLR;PROK2;EIF2AK2;RAF1;NFKBIA;SELL;FPR1;HIF1A;ADM;ADGRE1;PTAFR;HPN;OSM;PIK3R5;TAPBP;SGMS2;CSF1;FZD5;SERPINE1;NLRP3;TLR1;KCNJ2;GPR132;GNAI3;NOD2;OSMR;DCBLD2;NMI;TNFSF10;NAMPT;CLEC5A;SLC31A2;IL10;RGS16;ITGA5;IRF7;FFAR2;IRF1;ICAM1;TNFAIP6;GNA15;ABI1	1.9022031364708	4.34166978021386e-05	IL1R1;KIF1B;IL18RAP;IFNAR1;LYN;ACVR1B;PTPRE;MXD1;IL4R;LCP2;IFITM1;IFNGR2;PROK2;IL18R1;RHOG;FPR1;KLF6;AQP9;MEFV;TLR2;RNF144B;OSM;IRAK2;NFKB1;CD55;NFKBIA;CSF3R;SELL;CD82;LDLR;PSEN1;C3AR1;ADM;PTAFR;HIF1A;SEMA4D;NLRP3;SGMS2;RAF1;CSF1;TAPBP;ADGRE1;SERPINE1;PIK3R5;EIF2AK2;SLC31A2;FFAR2;KCNJ2;CLEC5A;GNAI3;NAMPT;TLR1;HPN;ICAM1;NOD2	0.128150350960141	TRUE	both	0.797101449275362	entry4_SOFA_D3
INTERFERON_ALPHA_RESPONSE	1.37786435330838	0.0815824459823814	TRIM25;PLSCR1;IL4R;ADAR;IRF2;IFITM1;IFITM2;TRAFD1;TRIM5;EIF2AK2;SELL;TMEM140;IFITM3;TRIM21;PARP9;SP110;TDRD7;CSF1;GBP2;GMPR;IRF9;NMI;HELZ2;BATF2;OGFR;IFI27;TXNIP;SLC25A28;IRF7;MOV10;IRF1;TAP1;RNF31	1.42329493616154	0.0520031722529415	TRIM25;PLSCR1;ADAR;IL4R;IFITM1;IFITM2;IRF2;SELL;TRAFD1;TMEM140;TRIM21;IFITM3;CSF1;TRIM5;PARP9;EIF2AK2;IRF9;TDRD7;GMPR;SP110;HELZ2;GBP2;TAP1;IRF1;NMI;SLC25A28;OGFR;TXNIP;HLA-C;IRF7;RNF31;BATF2;MOV10	0.0454305828531549	TRUE	neither	0.941176470588235	entry4_SOFA_D3
INTERFERON_GAMMA_RESPONSE	1.36801146495122	0.0447075559174608	TRIM25;UPP1;EIF4E3;PLSCR1;NLRC5;LATS2;LCP2;STAT3;IL4R;ADAR;IRF2;NFKB1;SOCS3;IFITM2;FAS;PIM1;TRAFD1;PTPN1;JAK2;EIF2AK2;NFKBIA;ZNFX1;FPR1;IFITM3;TRIM21;RNF213;RIPK1;HIF1A;SP110;ARID5B;TDRD7;CD274;MVP;CSF2RB;CASP4;TAPBP;TMT1B;PELI1;C1R;MYD88;MX2;PTPN6;TNFAIP3;TOR1B;IRF9;IFNAR2;FCGR1A;SOCS1;NMI;TNFSF10;NAMPT;RBCK1;HELZ2;ST8SIA4;BATF2;OGFR;PML;IFI27;TXNIP;SLC25A28;IRF7;IRF1;RIGI;ICAM1;TNFAIP6;TAP1;RNF31	1.46151804797504	0.0143501989226702	TRIM25;UPP1;STAT3;LATS2;EIF4E3;PLSCR1;SOCS3;ADAR;IL4R;LCP2;FPR1;NLRC5;PTPN1;NFKB1;PIM1;NFKBIA;IFITM2;IRF2;TRAFD1;CSF2RB;ZNFX1;TRIM21;IFITM3;HIF1A;FAS;JAK2;MYD88;TAPBP;TMT1B;MVP;CD274;PTPN6;TNFAIP3;EIF2AK2;PELI1;ARID5B;RNF213;RIPK1;TOR1B;NAMPT;IRF9;TDRD7;CASP4;C1R;FCGR1A;ICAM1;SP110;SOCS1;IFNAR2;HELZ2;TAP1;MX2;IRF1;NMI;RBCK1;TNFAIP6;SLC25A28;OGFR;PML;SPPL2A;TNFSF10;TXNIP;SELP;ST8SIA4	0.0935065830238186	TRUE	both	0.898550724637681	entry4_SOFA_D3
KRAS_SIGNALING_DN	1.04316348552609	0.48758421310756	ZBTB16;PTPRJ;TG;ASB7;CPEB3;MEFV;STAG3;ENTPD7;CCNA1;KCND1;HSD11B2;PTGFR;MAST3	1.09697470313146	0.395061187107837	ZBTB16;PTPRJ;ASB7;ENTPD7;CPEB3;TG;MEFV;CCNA1;STAG3;KCND1;MAST3;NR6A1;PTGFR;HSD11B2;KMT2D;BARD1	0.0538112176053658	TRUE	neither	0.8125	entry4_SOFA_D3
KRAS_SIGNALING_UP	0.807155022223018	0.924298752933932	MMP9;ARG1;AVL9;GALNT3;DOCK2;TLR8;C3AR1;TOR1AIP2;CDADC1;LAT2;CBL;LCP1;ADAM17;PTBP2;CSF2RA;NIN;EMP1;GADD45G;F2RL1;CA2;LY96;PPP1R15A;MAP3K1;TNFAIP3;ALDH1A2;MTMR10;DCBLD2;SPRY2;ADAM8;IKZF1;TFPI;RGS16;FCER1G;ITGB2	0.932531277539271	0.690932411377548	MMP9;ARG1;LAT2;AVL9;CDADC1;GALNT3;TLR8;C3AR1;CSF2RA;DOCK2;TOR1AIP2;F2RL1;LCP1;CBL;PTBP2;NIN;PPP1R15A;ADAM17;GADD45G;TNFAIP3;MAP3K1;TRIB1;MTMR10;EMP1;ADAM8;LY96;TFPI;CA2;ALDH1A2;ITGB2;IKZF1;SPRY2;FCER1G;GLRX;RETN;LAPTM5	0.125376255316253	TRUE	neither	0.842105263157895	entry4_SOFA_D3
MITOTIC_SPINDLE	1.80033485981612	6.91220923075669e-05	CDK5RAP2;KIF1B;CLASP1;AKAP13;KLC1;RANBP9;FGD4;SSH2;PREX1;ARL8A;DOCK2;GSN;TUBA4A;CSNK1D;KIF3C;ROCK1;ARHGEF11;RASA2;SPTBN1;NF1;CLIP1;NIN;WASF2;LMNB1;PPP4R2;CDC42EP2;PXN;CDC42EP4;PAFAH1B1;NOTCH2;NEDD9;CDC42EP1;ARHGEF2;NCK2;PRC1;CNTROB;CDC42BPA;CAPZB;ARFGEF1;STAU1;MYH9;APC;RASA1;FLNB;MARK4;ECT2;ABR;KIF4A;TUBD1;ARHGEF12;ITSN1;ARHGAP27;CYTH2;RALBP1;CDC42;KPTN;ACTN4;ARAP3;TTK;KIF11;MYO9B;MARCKS;ABI1;HDAC6;TAOK2;VCL;MAP1S;MYH10;KIF5B;WASF1;TBCD;NUSAP1;TUBGCP2;CEP192;PCNT;SOS1;RABGAP1;MAP3K11;PDLIM5;KIF15;TLK1;DYNLL2;KIF23	1.79791736374285	9.20308579817897e-05	CDK5RAP2;KIF1B;CLASP1;RANBP9;TUBA4A;ARL8A;AKAP13;FGD4;PREX1;GSN;KLC1;KIF3C;CDC42EP2;PPP4R2;SSH2;WASF2;SPTBN1;LMNB1;ARHGEF11;CSNK1D;PAFAH1B1;DOCK2;CNTROB;ROCK1;PXN;RASA2;CDC42EP4;NCK2;NF1;NIN;CLIP1;NOTCH2;STAU1;RALBP1;ARFGEF1;MYH9;CDC42BPA;NEDD9;ARHGEF2;CAPZB;CDC42EP1;MARCKS;TUBD1;CDC42;FLNB;RASA1;ITSN1;KPTN;APC;MARK4;ABR;ACTN4;ARHGAP27;ECT2;ARHGEF12;KIF4A;ABI1;PRC1;TTK;KIF11;MYH10;VCL;MAP1S;MYO9B;KIF5B;CYTH2;ARAP3;TAOK2;HDAC6;PDLIM5;MAP3K11;TLK1;TUBGCP3;CEP192;TUBGCP2;KIF23;DYNLL2;SOS1;BCR;KATNB1;AURKA;ARHGDIA;RAB3GAP1;KIF15;CLIP2;SUN2;WASF1;MAPRE1;ARHGEF7;NUSAP1	-0.00241749607327479	TRUE	both	0.860215053763441	entry4_SOFA_D3
MTORC1_SIGNALING	-1.21967912332138	0.114830934047539	UFM1;GTF2H1;HSPD1;FGL2;EEF1E1;ATP5MC1;HSPA9;M6PR;GGA2;PPIA;CACYBP;HSP90B1;PSMD14;PSMC2;EPRS1;SLC37A4;USO1;STARD4;INSIG1;MTHFD2L;IMMT;SHMT2;PITPNB;SC5D;SEC11A;TCEA1;MLLT11;PRDX1;CANX;SSR1;HSPA4;NUP205;CYB5B;RRP9;CXCR4;PPA1;XBP1;CCT6A;UCHL5;PHGDH;HMGCS1;RPA1;ARPC5L;TRIB3;RPN1;PSMA3;EBP;EDEM1;HSPA5;SERP1;FKBP2;PSMA4;PSMC6;CALR;SYTL2;SORD;HPRT1;EIF2S2;POLR3G	-0.894987741355905	0.786443401963339	UFM1;FGL2;GTF2H1;ATP5MC1;EEF1E1;PPIA;HSPA9;HSPD1;GGA2;M6PR;HSP90B1;PSMD14;EPRS1;PSMC2;SHMT2;SLC37A4;CACYBP;MTHFD2L;MLLT11;TCEA1;IMMT;PRDX1;STARD4;USO1;CYB5B;SC5D;INSIG1;SEC11A;NUP205;HSPA4;RRP9;CXCR4;SSR1;PITPNB;SORD;SYTL2;PPA1;UCHL5;CANX;RPA1;PSMA3;ARPC5L;XBP1;HMGCS1;PHGDH;CCT6A;FKBP2;EBP;QDPR;EDEM1;HSPE1;SERPINH1;EIF2S2;PSMG1;SDF2L1;NUFIP1;RPN1;CALR	0.324691381965475	TRUE	neither	0.8	entry4_SOFA_D3
MYC_TARGETS_V1	-3.13061869681718	6.18934601350443e-27	SRSF7;DDX18;SYNCRIP;BUB3;NPM1;SNRPA1;HNRNPR;ABCE1;SET;EEF1B2;FBL;TOMM70;RPL34;HSPD1;G3BP1;NOP56;RPL22;MRPS18B;MAD2L1;STARD7;RAN;DDX21;NDUFAB1;CCT4;CLNS1A;ILF2;RPS2;RSL1D1;RPLP0;RPS5;PPIA;APEX1;GLO1;MYC;EIF2S1;POLE3;VDAC1;RPS3;RPL6;SNRPD2;RPS10;PSMD14;RPL18;SSBP1;CCT2;EPRS1;PHB1;SRSF2;RPS6;SRSF3;PSMD8;EIF3D;NCBP2;GNL3;IMPDH2;DHX15;IARS1;DUT;PSMA2;PCNA;PRDX4;ERH;KARS1;HNRNPD;HDAC2;C1QBP;CCT7;YWHAQ;PRPS2;RACK1;PABPC4;CANX;SLC25A3;TXNL4A;SERBP1;RRP9;CDK4;MRPL23;ACP1;PHB2;MRPL9;TUFM;NME1;UBE2E1;SNRPA;RFC4;HNRNPA3;CUL1;NAP1L1;HNRNPA1;HSP90AB1;XRCC6;PSMA1;SNRPD1;SNRPB2;CTPS1;ODC1;SRM;SNRPD3;VDAC3;UBA2;TRA2B;RANBP1;PSMA4;PSMC6;AIMP2;EIF4A1;RRM1;RPL14;EIF4E;HPRT1;EIF2S2;MCM5;COX5A;NCBP1;HSPE1;PRDX3;PSMB2;HDDC2;XPOT;CSTF2;SRSF1;SMARCC1;NOLC1;TCP1;CCT3;PWP1;MCM7;COPS5;SSB;PSMC4;CNBP;EIF3B;PPM1G;POLD2;GOT2;SF3B3;CCT5;PSMD7;LSM7;SNRPG;PSMA6	-3.07759948415921	5.5233786088382e-25	DDX18;SRSF7;BUB3;SYNCRIP;HNRNPR;SNRPA1;ABCE1;NPM1;G3BP1;RPL34;EEF1B2;FBL;TOMM70;RPL22;CLNS1A;MAD2L1;MRPS18B;NOP56;SET;RPL6;RAN;CCT4;RPS5;RPS2;RPLP0;SNRPD2;PPIA;NDUFAB1;DDX21;ILF2;HSPD1;APEX1;RPS6;SSBP1;MYC;RSL1D1;RPS10;EIF3D;GLO1;CCT2;STARD7;PSMD14;EPRS1;VDAC1;EIF2S1;PHB1;RPL18;RPS3;IARS1;POLE3;PSMD8;NCBP2;HNRNPD;PSMA2;DUT;IMPDH2;DHX15;PRDX4;RACK1;HNRNPA1;GNL3;YWHAQ;ERH;HNRNPA3;PRPS2;SRSF3;CCT7;PCNA;C1QBP;KARS1;MRPL23;MRPL9;SERBP1;NME1;SNRPA;CDK4;TUFM;HDAC2;RFC4;PABPC4;RRP9;RANBP1;SRSF2;RPL14;ACP1;VDAC3;SRM;TXNL4A;CTPS1;SNRPD1;UBE2E1;ODC1;SLC25A3;EIF4A1;CANX;SNRPD3;NOLC1;CUL1;NAP1L1;PHB2;HDDC2;COX5A;XRCC6;SSB;AIMP2;SNRPB2;PSMA1;MCM5;UBA2;EIF4E;HSPE1;SMARCC1;NCBP1;EIF2S2;RRM1;LSM7;HPRT1;MCM7;CSTF2;CCT3;PSMB2;POLD2;SF3B3;COPS5;GOT2;SRSF1;HSP90AB1;PRDX3;NHP2;PPM1G;PWP1;PSMA4;SNRPG;XPOT	0.0530192126579685	TRUE	both	0.93006993006993	entry4_SOFA_D3
MYC_TARGETS_V2	-2.22695119373384	1.65415489442643e-05	DDX18;WDR43;NPM1;HSPD1;NOP56;NDUFAF4;MYC;PPAN;PHB1;UTP20;PES1;GNL3;DCTPP1;MRTO4;PRMT3;RRP9;CDK4;PUS1;GRWD1;TFB2M;TBRG4;SRM;LAS1L;AIMP2;IMP4;MPHOSPH10;SORD;MCM5;HSPE1;NOLC1;DUSP2;IPO4;TMEM97;MYBBP1A;NIP7;FARSA	-2.21864661795001	2.55496910794846e-05	DDX18;WDR43;NPM1;NOP56;UTP20;NDUFAF4;HSPD1;MYC;PPAN;PHB1;PES1;PUS1;MRTO4;DCTPP1;GNL3;GRWD1;CDK4;RRP9;TFB2M;SRM;SORD;MPHOSPH10;LAS1L;IMP4;TBRG4;NOLC1;AIMP2;MCM5;PRMT3;HSPE1;MYBBP1A;TMEM97;NOP16;NIP7;NOP2;DUSP2;IPO4	0.00830457578383514	TRUE	both	0.921052631578947	entry4_SOFA_D3
MYOGENESIS	1.16519760832891	0.279356210443038	ACSL1;SVIL;MEF2A;COL4A2;ITGA7;GSN;MYBPC3;DAPK2;MYOM1;FOXO4;PDLIM7;KLF5;NQO1;TGFB1;PYGM;CLU;KIFC3;MYH9;TPM3;MYH11;NOTCH1;ACHE;RIT1;CKB;GADD45B;DMPK;COL6A3;MYL6B;BAG1;MAPRE3;IFRD1;LSP1;ATP6AP1;GPX3;SMTN;KCNH2;APP;TAGLN;NCAM1;AK1;HDAC5;MYLK;SLC6A8;FLII;MYO1C;CHRNG;GABARAPL2;AKT2;ITGB5;SPARC;PICK1;NAV2;IGFBP7;TSC2;SCD;MAPK12	1.12341222480696	0.324492234169654	ACSL1;MEF2A;SVIL;GSN;MYBPC3;ITGA7;FOXO4;DAPK2;COL4A2;KLF5;PDLIM7;TGFB1;MYOM1;TPM3;GADD45B;RIT1;KIFC3;MYH9;CLU;PYGM;COL6A3;NQO1;DMPK;NOTCH1;MYL6B;CKB;ATP6AP1;IFRD1;MYH11;LSP1;GPX3;APP;HDAC5;MAPRE3;GABARAPL2;SMTN;BAG1;ACHE;MYLK;FLII;SLC6A8;SPARC;AK1;TAGLN;AKT2;HBEGF;NCAM1;ITGB5	-0.0417853835219537	TRUE	neither	0.824561403508772	entry4_SOFA_D3
NOTCH_SIGNALING	-0.932405789863031	0.640825096232793	DTX4;MAML2;LFNG;HES1;PSEN2;CUL1;ARRB1;FZD1;SKP1	-0.847313705637321	0.750678809957498	DTX4;MAML2;LFNG;PSEN2;HES1;CUL1;ARRB1;FZD1	0.0850920842257102	TRUE	neither	0.888888888888889	entry4_SOFA_D3
OXIDATIVE_PHOSPHORYLATION	-2.43614140782535	1.77311184108886e-12	MRPS30;LRPPRC;PDP1;TIMM17A;CYCS;LDHB;TOMM70;ABCB7;MRPL35;ATP5MC1;HSPA9;NDUFAB1;COX10;NDUFB5;OXA1L;MDH1;MRPL15;ATP5PO;DLAT;ECHS1;TOMM22;VDAC1;COX7C;COX6C;ATP5F1A;NDUFS3;SLC25A4;ACAA2;UQCRC2;ATP5MC2;ECI1;NDUFB2;COX7A2;SLC25A5;BDH2;VDAC2;MRPL11;CASP7;NDUFA4;GLUD1;HSD17B10;IMMT;NDUFV1;ACADSB;TIMM13;PHYH;ATP5MC3;ATP5PB;SLC25A6;PMPCA;NDUFA8;NDUFB8;TIMM50;SLC25A3;FDX1;IDH2;ACADM;SDHD;TIMM10;NDUFA5;PDK4;PHB2;MRPS12;OPA1;TIMM9;NNT;PDHA1;COX4I1;SLC25A12;MGST3;ATP6V1F;SLC25A20;UQCRFS1;NDUFA6;UQCR10;VDAC3;ATP5F1C;SUCLA2;UQCRQ	-2.32842871718327	1.40389773056818e-10	MRPS30;LRPPRC;LDHB;PDP1;TIMM17A;CYCS;TOMM70;MRPL35;DLAT;MRPL15;MDH1;OXA1L;ATP5PO;ATP5MC1;ABCB7;NDUFB5;COX7C;NDUFAB1;HSPA9;COX6C;COX10;ECHS1;ATP5MC2;NDUFS3;ACAA2;SLC25A4;VDAC1;NDUFB2;TOMM22;UQCRC2;PDK4;ATP5MC3;TIMM13;ATP5F1A;BDH2;NDUFV1;VDAC2;MRPL11;ECI1;NDUFA4;HSD17B10;CASP7;COX7A2;IMMT;SLC25A5;NDUFA8;GLUD1;SLC25A6;PHYH;IDH2;NDUFA5;ATP5PB;ACADM;PMPCA;ACADSB;MRPS12;TIMM10;NDUFB8;SDHD;TIMM9;TIMM50;UQCRQ;MGST3;PDHA1;NDUFA6;OPA1;COX4I1;VDAC3;SLC25A3;UQCRFS1;FDX1;UQCR10;SLC25A20;PHB2;NNT;MTX2;COX5A;ATP5F1C;ETFA;MRPS11;NDUFS6;SLC25A12;SUCLA2;ATP5PD;IDH3A;ATP6V1F	0.107712690642078	TRUE	both	0.918604651162791	entry4_SOFA_D3
P53_PATHWAY	1.23988066689496	0.129716075578458	TGFA;UPP1;ZBTB16;GADD45A;NDRG1;CCND3;PTPRE;NUPR1;MXD1;ALOX15B;ACVR1B;ABHD4;APAF1;SP1;CEBPA;HEXIM1;FAS;DRAM1;CDK5R1;TRAFD1;CD82;PRMT2;STOM;FOXO3;INHBB;TOB1;RHBDF2;RNF19B;RXRA;TGFB1;GPX2;PPM1D;CCP110;PPP1R15A;PRKAB1;FGF13;CSRNP2;NOTCH1;SOCS1;CTSD;IP6K2;IER3;DEF6;RGS16;HSPA4L;CYFIP2;TXNIP;MKNK2;STEAP3;SERTAD3;PLK3;ZFP36L1;GM2A;TAP1	1.39125638550033	0.0309315368864047	UPP1;NDRG1;CCND3;GADD45A;TGFA;ZBTB16;ABHD4;DRAM1;ACVR1B;ALOX15B;PTPRE;MXD1;APAF1;STOM;CEBPA;CD82;TRAFD1;NUPR1;SP1;PRMT2;FOXO3;HEXIM1;TOB1;CDK5R1;FAS;RXRA;RNF19B;PRKAB1;PPP1R15A;RHBDF2;INHBB;TGFB1;IER3;CTSD;SOCS1;CSRNP2;GPX2;PPM1D;NOTCH1;SERTAD3;ZFP36L1;TAP1;VDR;CCP110;PLK3;FGF13;MKNK2;DEF6;CYFIP2;GM2A;DDIT4;STEAP3;IP6K2;TXNIP;APP;HSPA4L	0.151375718605371	TRUE	IPW_only	0.929824561403509	entry4_SOFA_D3
PEROXISOME	-1.01194998672524	0.522815344603381	ABCD2;CLN6;SLC25A4;SLC23A2;HRAS;SCP2;SLC35B2;SLC25A19;DHRS3;EPHX2;PRDX1;CADM1;IDH2;HSD17B4;ERCC3;ACSL5;SOD1;CTPS1;ECI2;ABCB4;ITGB1BP1;ABCD3;ABCB1;MSH2;PEX11B;EHHADH;SMARCC1;ALDH9A1;ISOC1;CNBP;IDE;SLC27A2;RDH11;ECH1;PEX2;MLYCD	-0.934737071745989	0.690932411377548	ABCD2;SLC23A2;CLN6;SLC25A4;HRAS;SLC35B2;ERCC3;EPHX2;DHRS3;IDH2;PRDX1;SLC25A19;CADM1;SCP2;ABCB1;HSD17B4;ABCB4;ECI2;ACSL5	0.0772129149792508	TRUE	neither	0.527777777777778	entry4_SOFA_D3
PI3K_AKT_MTOR_SIGNALING	1.84630269094626	0.000617557589554062	MKNK1;MAP2K6;PRKCB;SLA;MAPK1;CAB39;VAV3;PRKAR2A;DUSP3;GSK3B;RAC1;RALB;TNFRSF1A;PTEN;MAP2K3;SLC2A1;RPS6KA3;RAF1;RIPK1;RPS6KA1;GRB2;PIKFYVE;AKT1S1;CFL1;MYD88;UBE2D3;CDKN1B;YWHAB;IRAK4;RIT1;ACTR2;ITPR2;GRK2;ACTR3;MAPK10;SMAD2;CLTC;TBK1;E2F1;MKNK2;ARF1	1.89158319718858	0.000290771501250737	MKNK1;CAB39;PRKCB;SLA;MAP2K6;MAPK1;TNFRSF1A;PRKAR2A;DUSP3;RAC1;RALB;VAV3;GSK3B;MAP2K3;PTEN;SLC2A1;RPS6KA3;RPS6KA1;GRB2;RAF1;MYD88;CFL1;RIT1;YWHAB;CDKN1B;UBE2D3;RIPK1;IRAK4;ACTR2;AKT1S1;SMAD2;PIKFYVE;ACTR3;GRK2;ARF1;MKNK2;CLTC;MAPK10;IL2RG;E2F1;PDK1;PFN1;ITPR2;NFKBIB;TBK1;AP2M1	0.0452805062423243	TRUE	both	0.891304347826087	entry4_SOFA_D3
PROTEIN_SECRETION	0.735065447878963	0.954163273615635	KIF1B;MAPK1;IGF2R;STX16;RPS6KA3;GNAS;STX7;AP2B1;GLA;CD63;PAM;ARFGEF1;AP1G1;LAMP2;RAB5A;STAM;VAMP3;CLTC;SEC22B;ARF1;SGMS1;COPB1;ABCA1;CLN5;RAB2A;AP2S1;ATP7A	1.021798533209	0.532345346665202	KIF1B;MAPK1;IGF2R;RPS6KA3;STX16;GNAS;AP2B1;CD63;GLA;PAM;ARFGEF1;RAB5A;STX7;LAMP2;VAMP3;AP1G1;ARF1;CLTC;SEC22B;STAM;AP3S1;RAB2A;AP2M1;RAB14;CLN5;COPB1;ARFGAP3;ATP6V1H;NAPA;VPS4B;ABCA1;PPT1;ATP7A;AP2S1;SNAP23;YKT6;SGMS1	0.286733085330039	TRUE	neither	0.72972972972973	entry4_SOFA_D3
REACTIVE_OXYGEN_SPECIES_PATHWAY	1.51860276642506	0.0457029665441079	GSR;GCLM;HHEX;MBP;FES;MSRA;SBNO2;CDKN2D;G6PD;NQO1;OXSR1;FTL;TXNRD1;EGLN2;SRXN1;LSP1;GPX3;JUNB;TXN;GLRX;PRDX6	1.98207188578584	0.0006032233609045	GCLM;GSR;HHEX;FES;MSRA;MBP;SBNO2;CDKN2D;G6PD;OXSR1;TXNRD1;SRXN1;LAMTOR5;TXN;NQO1;FTL;JUNB;GLRX;EGLN2;LSP1;GPX3;PRDX6	0.463469119360777	TRUE	both	0.954545454545455	entry4_SOFA_D3
SPERMATOGENESIS	-0.822343119693517	0.902765819757463	CAMK4;ZC3H14;TSN;SLC12A2;LPIN1;ALOX15;PARP2;TKTL1;PEBP1;RAD17	0.917796345265791	0.690932411377548	PGS1;AGFG1;TLE4;PRKAR2A;CCNA1;CLVS1;BRAF;IP6K1;TALDO1;PHF7;SHE;H1-6;CHFR;GMCL1;MAST2;TTK	1.74013946495931	FALSE	neither	0	entry4_SOFA_D3
TGF_BETA_SIGNALING	1.6100034295709	0.0233813743764083	FURIN;FKBP1A;HIPK2;TGFBR1;RAB31;IFNGR2;SPTBN1;SMAD1;TGFB1;SKI;SERPINE1;PPP1R15A;UBE2D3;CTNNB1;XIAP;APC;SMURF1;PPM1A;BMPR2;THBS1	1.74202855982768	0.00700747479676834	FKBP1A;RAB31;FURIN;HIPK2;IFNGR2;SPTBN1;TGFBR1;SERPINE1;PPP1R15A;TGFB1;SKI;SMAD1;CTNNB1;UBE2D3;THBS1;XIAP;PPM1A;SMURF1;APC;JUNB;RHOA	0.132025130256777	TRUE	both	0.863636363636364	entry4_SOFA_D3
TNFA_SIGNALING_VIA_NFKB	1.66949429548444	0.00100177901981468	BCL6;ETS2;GADD45A;CFLAR;PFKFB3;FOSL2;SLC2A3;B4GALT5;IRS2;TLR2;PTPRE;BCL2A1;MXD1;NFIL3;RCAN1;KLF9;NFKB1;SOCS3;TNIP1;LITAF;DRAM1;KLF6;MAP2K3;DENND5A;TIPARP;IFNGR2;LDLR;NFKBIA;EHD1;BCL3;PER1;RNF19B;MAP3K8;CD44;F2RL1;PNRC1;CEBPB;ZC3H12A;KDM6B;NFE2L2;CSF1;CEBPD;SERPINE1;PPP1R15A;AREG;NFAT5;B4GALT1;STAT5A;TNFAIP3;JAG1;TUBB2A;REL;DNAJB4;GADD45B;NAMPT;IER3;TANK;PHLDA1;TNIP2;ZFP36;IRF1;MARCKS;RIGI;DUSP1;ICAM1;TNFAIP6;TAP1;TRIB1	1.93782544894283	1.32815011107031e-05	BCL6;GADD45A;PFKFB3;ETS2;FOSL2;CFLAR;SLC2A3;B4GALT5;NFIL3;BCL2A1;IRS2;SOCS3;DRAM1;LITAF;PTPRE;MXD1;IFNGR2;KLF6;KLF9;TLR2;RCAN1;NFKB1;TIPARP;MAP2K3;NFKBIA;TNIP1;LDLR;DENND5A;EHD1;CD44;F2RL1;BCL3;PER1;RNF19B;CSF1;PNRC1;MAP3K8;SERPINE1;PPP1R15A;ZC3H12A;CEBPB;CEBPD;KDM6B;AREG;GADD45B;TNFAIP3;B4GALT1;NFE2L2;JAG1;IER3;DUSP1;TRIB1;STAT5A;NAMPT;MARCKS;ICAM1;NFAT5;TUBB2A;TNIP2;TAP1;REL;IRF1;JUNB;ZFP36;TNFAIP6	0.268331153458394	TRUE	both	0.927536231884058	entry4_SOFA_D3
UNFOLDED_PROTEIN_RESPONSE	-2.03624559061122	1.65415489442643e-05	NPM1;IMP3;NOP56;EXOSC2;EIF2AK3;HSPA9;EXOSC9;EIF2S1;HSP90B1;RPS14;PDIA6;EIF4A2;CEBPG;DNAJB9;SKIC3;SLC30A5;SRPRB;IARS1;SEC31A;SPCS1;LSM4;SEC11A;WFS1;SSR1;MTREX;HERPUD1;RRP9;BANF1;DDX10;XBP1;SPCS3;EIF4EBP1;EXOC2;YIF1A;EDEM1;HSPA5;SERP1;ALDH18A1;HYOU1;CNOT2;SDAD1;EIF4A1;EIF4E;CALR;PAIP1;BAG3;CKS1B;XPOT;MTHFD2;NOLC1;FUS;GOSR2;NOP14;EEF2	-1.87916994808493	0.000262073514318275	NPM1;IMP3;NOP56;EXOSC2;EIF2AK3;HSPA9;EXOSC9;SPCS1;HSP90B1;EIF2S1;RPS14;PDIA6;IARS1;CEBPG;SKIC3;SLC30A5;DNAJB9;LSM4;SRPRB;SEC31A;EIF4A2;MTREX;WFS1;BANF1;SEC11A;RRP9;SSR1;EIF4EBP1;FUS;HERPUD1;BAG3;DDX10;EIF4A1;HYOU1;EXOC2;NOLC1;YIF1A;ALDH18A1;SPCS3;NOP14;FKBP14;XBP1;CNOT2;EIF4E;EDEM1;SDAD1;CKS1B;CALR;PAIP1;EEF2;NHP2;GOSR2;EXOSC1;XPOT;MTHFD2;NFYB;SLC1A4;KHSRP;HSPA5;TSPYL2;PREB;LSM1;CXXC1;PARN;DKC1;GEMIN4;SERP1	0.157075642526289	TRUE	both	0.805970149253731	entry4_SOFA_D3
UV_RESPONSE_DN	1.35237489272935	0.0806329113924051	MAPK14;SYNE1;ATP2B4;ATXN1;IGF1R;DYRK1A;WDR37;CELF2;NFKB1;APBB2;PTEN;GCNT1;LDLR;RASA2;PRDM2;SCN8A;PPARG;PTGFR;PIK3CD;RXRA;SCAF8;NR3C1;FHL2;NOTCH2;NIPBL;SERPINE1;CDC42BPA;TGFBR2;CDKN1B;CACNA1A;RBPMS;PRKCE	1.34692275189298	0.0755572034771145	MAPK14;ATP2B4;IGF1R;ATXN1;SYNE1;DYRK1A;WDR37;NFKB1;PTEN;LDLR;GCNT1;CELF2;SCN8A;PPARG;RXRA;NR3C1;RASA2;PIK3CD;SERPINE1;TGFBR2;FHL2;NOTCH2;CDKN1B;SCAF8;DUSP1;APBB2;CDC42BPA;PTGFR;PRDM2;TFPI;CACNA1A;NIPBL	-0.00545214083636991	TRUE	neither	0.882352941176471	entry4_SOFA_D3
UV_RESPONSE_UP	0.869110355021054	0.83951048951049	GRINA;ARRB2;CCND3;ATP6V1C1;ALAS1;PRKCD;LYN;FURIN;TUBA4A;MAOA;AGO2;MARK2;RAB27A;NFKBIA;CHKA;ACAA1;CA2;PDAP1;GRPEL1;APOM;ALDOA;NUP58;PRKACA	1.04331654233002	0.476756756756757	CCND3;ARRB2;ATP6V1C1;GRINA;PRKCD;TUBA4A;ALAS1;FURIN;LYN;MAOA;NFKBIA;RAB27A;AGO2;MARK2;CHKA;ACAA1;NUP58;GRPEL1;ALDOA;CA2;ICAM1;PDAP1;TAP1;IRF1;CDC34;JUNB;PRKACA;STARD3;GPX3;APOM	0.174206187308962	TRUE	neither	0.766666666666667	entry4_SOFA_D3
WNT_BETA_CATENIN_SIGNALING	0.934097773587824	0.640825096232793	NUMB;RBPJ;ADAM17;MAML1;NKD1;CTNNB1;FRAT1;JAG1;NOTCH1;NCSTN	0.97786760991952	0.595702190318424	RBPJ;NUMB;MAML1;ADAM17;FRAT1;JAG1;CTNNB1;NCSTN;NKD1;NOTCH1	0.0437698363316956	TRUE	neither	1	entry4_SOFA_D3
XENOBIOTIC_METABOLISM	1.56001137939809	0.00842826325412055	UPP1;IL1R1;ETS2;PGD;GSR;TPST1;ALAS1;POR;LPIN2;SLC6A6;ACOX1;DDAH2;TNFRSF1A;ARG1;UPB1;MAOA;PINK1;ESR1;FAS;AQP9;VNN1;SLC22A1;SLC46A3;CA2;CDA;SMOX;ITIH4;ABCC2;NQO1;HES6;CSAD;SERPINE1;GABARAPL1;MARCHF6	1.48324611293215	0.0178455503811277	UPP1;PGD;IL1R1;ETS2;GSR;POR;DDAH2;TPST1;ALAS1;ACOX1;ARG1;TNFRSF1A;LPIN2;SLC6A6;MAOA;AQP9;PINK1;VNN1;UPB1;FAS;CDA;SLC46A3;ESR1;MARCHF6;SERPINE1;ABCC2;SMOX;GABARAPL1;SLC22A1;ITIH4;RAP1GAP;CA2;CSAD;NQO1;DHRS7	-0.0767652664659446	TRUE	both	0.916666666666667	entry4_SOFA_D3
ADIPOGENESIS	-0.842850732348807	0.924298752933932	NDUFAB1;MRPL15;ATP5PO;DLAT;ECHS1;AK2;NDUFS3;SLC66A3;ACAA2;DBT;DNAJB9;HADH;ATP1B3;MAP4K3;ENPP2;PDCD4;IMMT;SCP2;PHYH;EPHX2;ANGPT1;JAGN1;ESYT1;PTCD3;DNAJC15;ACADM;SLC25A10;NDUFA5;REEP5;SSPN	0.870770855404489	0.800411927675707	BCL6;PFKFB3;GADD45A;POR;RTN3;ACOX1;SQOR;ITGA7;CCNG2;GPAT4;STOM;ELMOD3;IFNGR1;PGM1;LPCAT3;TOB1;DHRS7B;DHCR7;PPARG;PPM1B;ORM1;TALDO1;GBE1;STAT5A;CDKN2C;GRPEL1;TKT;NABP1;ALDOA;CHUK	1.7136215877533	FALSE	neither	0	entry4_SOFA_noD3
ALLOGRAFT_REJECTION	-1.48616253396557	0.00941629553128753	HLA-DRA;NPM1;ABCE1;RPS3A;LY75;HLA-DMB;HLA-DMA;ITK;CD3D;SIT1;TRAT1;CD3G;EIF3A;CD86;DARS1;RPL9;CTSS;CD28;UBE2N;RPL39;CCND2;CD4;IL7;ETS1;HLA-DOA;LY86;CD40LG;RPS19;EIF3D;HDAC9;CD8B;TNF;LCK;IRF8;IRF4;CD74;RIPK2;HLA-DQA1;CCR2;FCGR2B;MRPL3;CD2;STAT4;ZAP70;CD8A;NME1;CD3E;CD79A;IL15	-1.54506942511057	0.00515603601889242	RPS3A;HLA-DRA;NPM1;ABCE1;EIF3A;HLA-DMB;ITK;HLA-DMA;RPL9;LY75;CD3D;SIT1;HLA-DOA;TRAT1;CD3G;CTSS;DARS1;CD86;CD40LG;CD28;ETS1;CD4;RPL39;EIF3D;UBE2N;IL7;LY86;CD74;LCK;CD8B;CCND2;IRF4;RPS19;IRF8;TNF;CD8A;CD2;HLA-DQA1;FCGR2B;CD3E;CCR2;CD79A;ZAP70;IL15	-0.0589068911450004	TRUE	both	0.897959183673469	entry4_SOFA_noD3
ANDROGEN_RESPONSE	1.35359925996968	0.102575207983686	FKBP5;NDRG1;CAMKK2;GSR;CCND3;HPGD;PTK2B;SLC38A2;HERC3;ACTN1;MAK;RPS6KA3;IQGAP2;ACSL3;IDI1;MERTK;MYL12A;ARID5B	1.56890846780394	0.0153051668082832	NDRG1;CAMKK2;CCND3;GSR;HPGD;IDI1;ACTN1;FKBP5;PTK2B;SLC38A2;ACSL3;RPS6KA3;HERC3;MYL12A;UBE2J1;MERTK;MAK;IQGAP2;VAPA;ARID5B;GNAI3;B4GALT1;SRF;PIAS1	0.215309207834262	TRUE	IPW_only	0.75	entry4_SOFA_noD3
ANGIOGENESIS	0.587533439159886	0.969400462551148	LRPAP1;JAG1;FGFR1;PGLYRP1;APP;S100A4;TIMP1;FSTL1;VEGFA;PF4	0.76264149181852	0.807224334600761	LRPAP1;PGLYRP1;JAG1;FGFR1;APP;S100A4;FSTL1;PF4;TIMP1	0.175108052658634	TRUE	neither	0.9	entry4_SOFA_noD3
APICAL_JUNCTION	1.56856372937783	0.00941629553128753	MAPK14;SIRPA;ADAM9;PIK3CB;SKAP2;MMP9;CAP1;ALOX15B;ACTN1;MAPK13;PTEN;NF1;ITGA10;THBS3;RAC2;VASP;SYK;CD274;MAP3K20;IKBKG;ZYX;PTPRC;ACTB;CNN2;PCDH1;B4GALT1;COL17A1;MYH9;FYB1;RASA1;ICAM5;PBX2;INPPL1;ARPC2;CTNNA1;STX4;CLDN15;NECTIN2;CLDN9;ACTN4;MSN;GNAI2;SHC1;ICAM1;YWHAH;TUBG1;TAOK2;VCL;MPZL1;KCNH2;MYH10;PARD6G;BAIAP2	1.47968785615912	0.0168901586786418	MAPK14;SIRPA;ADAM9;MMP9;SKAP2;CAP1;ACTN1;ALOX15B;PIK3CB;PTEN;SYK;VASP;MAPK13;RAC2;COL17A1;CD274;NF1;CNN2;MAP3K20;THBS3;ACTB;IKBKG;ZYX;B4GALT1;ARPC2;MYH9;ICAM5;PTPRC;CTNNA1;RASA1;ICAM1;FYB1;MSN;ITGA10;INPPL1;GNAI2;NECTIN2;PBX2;ACTN4;RSU1;MYH10;CLDN15;YWHAH;SHC1;STX4;PFN1;MYL12B;VCL	-0.0888758732187103	TRUE	both	0.803571428571429	entry4_SOFA_noD3
APICAL_SURFACE	1.09325902396773	0.443269155742821	FLOT2;LYN;PCSK9;CRYBG1;NCOA6;B4GALT1;DCBLD2;SLC2A4;BRCA1;ADIPOR2;APP;HSPB1;IL2RG	0.93237014900037	0.670042094576926	FLOT2;LYN;PCSK9;CRYBG1;B4GALT1;NCOA6;IL2RG;APP;BRCA1;DCBLD2;ADIPOR2	-0.160888874967359	TRUE	neither	0.846153846153846	entry4_SOFA_noD3
APOPTOSIS	1.13350390309143	0.312393095941533	GADD45A;CFLAR;GSR;RNASEL;HGF;IGF2R;ADD1;TIMP2;GSN;RARA;PSEN1;CREBBP;FAS;ROCK1;CCNA1;IFITM3;EMP1;CD44;HMGB2;CASP4;NEDD9;DPYD;IFNGR1;PPP2R5B;CTNNB1;CLU;CDKN1B;XIAP;CASP2;TSPO;DNAJC3;GADD45B;TNFSF10;IER3;TXNIP;BCAP31;PPP3R1;IRF1;ANXA1;TAP1;GNA15;BRCA1;GPX3;F2R;APP;BCL2L1;CASP8;DNAJA1;CTH;TIMP1;CASP9;CASP1;PLCB2;HSPB1	1.36930630382751	0.052959552432306	GADD45A;CFLAR;GSR;TIMP2;HGF;ADD1;GSN;RNASEL;RARA;IFNGR1;CCNA1;PSEN1;FAS;IGF2R;CD44;ROCK1;IFITM3;CREBBP;TSPO;GADD45B;PPP2R5B;HMGB2;CDKN1B;CTNNB1;IER3;CASP4;XIAP;CLU;DNAJC3;NEDD9;DPYD;CASP2;TAP1;EMP1;BCAP31;IRF1;PPP3R1;GNA15;TNFSF10;ANXA1;GPX3;CASP9;DNAJA1;APP;F2R;CTH;GCH1	0.235802400736085	TRUE	neither	0.836363636363636	entry4_SOFA_noD3
BILE_ACID_METABOLISM	-1.08165512420141	0.43187874998139	ABCD2;CYP27A1;NR3C2;HACL1;PAOX;SLC23A2;PEX12;EFHC1;LCK;SCP2;SLC35B2;PHYH;EPHX2;IDH2;HSD17B4;PEX7;ACSL5;SOD1;SLC29A1;TFCP2L1;ABCD3;PXMP2;AMACR	0.894548265837229	0.738445254616018	GCLM;ACSL1;ATXN1;PECR;IDI1;SULT1B1;AQP9;ABCA2	1.97620339003864	FALSE	neither	0	entry4_SOFA_noD3
CHOLESTEROL_HOMEOSTASIS	1.57291832423411	0.0233813743764083	PLSCR1;ABCA2;NFIL3;NIBAN1;PDK3;ALCAM;LDLR;IDI1;ANTXR2;PPARG;S100A11;PNRC1;CHKA;ACSS2;DHCR7;CTNNB1;CLU;JAG1;FBXO6	1.87114564390117	0.000921607467135927	NFIL3;PLSCR1;NIBAN1;IDI1;PDK3;ALCAM;ABCA2;LDLR;ANTXR2;CHKA;DHCR7;PNRC1;PPARG;ACSS2;CTNNB1;CLU;FBXO6;JAG1;S100A11	0.298227319667064	TRUE	both	1	entry4_SOFA_noD3
COAGULATION	1.27021708704192	0.159524045923193	ADAM9;MMP9;KLF7;FURIN;RAC1;GSN;SERPINA1;RABIF;CTSK;WDR1;HPN;F2RL2;SERPINE1;F12;C1R;CLU;LAMP2;MMP8;GNB2;THBS1;ANXA1;F8;FN1;PLAU;GP1BA;ITGB3;TIMP1;CASP9;P2RY1;CTSB;CFB;PEF1;SERPINB2;PLEK;CPQ;ISCU;SPARC;VWF;MST1;PF4	1.39795659598145	0.0579047738143621	ADAM9;MMP9;FURIN;KLF7;SERPINA1;RAC1;GSN;WDR1;RABIF;SERPINE1;MMP8;F12;THBS1;F2RL2;CLU;GNB2;LAMP2;CTSK;C1R;F8;HPN;ANXA1;PLEK;CASP9;GP1BA;ITGB3;MSRB2;PLAU;PF4;PEF1;P2RY1;TIMP1;SPARC;CTSB;CPQ;VWF;ARF4;CFB;ISCU	0.127739508939531	TRUE	neither	0.880952380952381	entry4_SOFA_noD3
COMPLEMENT	1.56024599719434	0.00582955878127514	ITGAM;CR1;ADAM9;PLSCR1;PIK3CG;LCP2;HSPA1A;PRKCD;DGKH;LYN;PCSK9;IRF2;TIMP2;COL4A2;CD55;S100A12;PSEN1;RHOG;SERPINA1;PIM1;CDK5R1;GCA;JAK2;RAF1;RABIF;F5;EHD1;CD59;USP15;S100A9;GRB2;PIK3R5;CA2;CEBPB;CASP4;CDA;VCPIP1;MSRB1;PIK3CA;SERPINE1;PRSS36;C1R;CLU;BRPF3;TNFAIP3;AKAP10;WAS;LAMP2;CPM;GNAI3;MMP8;GNB2;CTSD	1.70692843421006	0.000716804831621389	ITGAM;ADAM9;CR1;PLSCR1;HSPA1A;PRKCD;GCA;TIMP2;PIK3CG;LYN;S100A12;PCSK9;RHOG;SERPINA1;CD59;LCP2;MSRB1;PIM1;CD55;DGKH;IRF2;PSEN1;EHD1;RABIF;JAK2;S100A9;CDK5R1;F5;COL4A2;CDA;SERPINE1;GRB2;RAF1;VCPIP1;AKAP10;CEBPB;TNFAIP3;MMP8;PIK3CA;PRSS36;GNAI3;CASP4;PIK3R5;USP15;CLU;GNB2;LAMP2	0.14668243701572	TRUE	both	0.886792452830189	entry4_SOFA_noD3
DNA_REPAIR	-1.623592292962	0.00292295890245397	RNMT;GTF2H1;GTF2H3;NUDT21;ERCC8;NELFCD;SRSF6;ADA;APRT;NCBP2;POLR2D;IMPDH2;DUT;POLR1H;ERCC4;LIG1;PCNA;SF3A3;ITPA;MRPL40;POLR2K;RFC3;POLR1C;POLR2C;RPA3;NFX1;UMPS;NME3;SEC61A1;ERCC3;AK3;EDF1;NME1;TMED2;PDE4B;GTF2A2;TP53;RFC4;TAF9;ERCC5	-1.5803221177962	0.00462968373195343	GTF2H3;RNMT;GTF2H1;ERCC8;NUDT21;NELFCD;ADA;SRSF6;SF3A3;MRPL40;NFX1;NCBP2;POLR2D;ERCC3;ERCC4;POLR1H;LIG1;APRT;DUT;EDF1;POLR1C;IMPDH2;UMPS;ITPA;RFC3;POLR2K;AAAS;PCNA;TP53;ERCC5;RPA3;NME3;POLR2C;AK3;NME1;SSRP1;SEC61A1;RFC4;TAF9;DDB2;GTF2A2;TMED2;DDB1;RFC5;REV3L;POLR2H;TARBP2;SNAPC5;POLB;GSDME;GTF2H5;PDE4B;ELOA;HPRT1;NELFE;SMAD5;ALYREF;MPG;TAF1C;POLR3C;NUDT9	0.0432701751657989	TRUE	both	0.655737704918033	entry4_SOFA_noD3
E2F_TARGETS	-1.88748337101442	1.38080356824587e-05	SYNCRIP;NOP56;EED;NUDT21;MAD2L1;RAN;PPP1R8;CNOT9;MYC;EIF2S1;AK2;PAICS;KIF22;SLBP;STMN1;SRSF2;ASF1A;PMS2;TMPO;DCTPP1;DUT;RAD50;WDR90;PHF5A;LIG1;PCNA;PRDX4;IPO7;RFC3;MLH1;HNRNPD;CSE1L;RAD1;RPA3;CDC25B;NUP205;RBBP7;CDK4;NUP107;DNMT1;NME1;TBRG4;SMC3;TP53;RPA1;ILF3;MCM3;CENPM;NAP1L1;PAN2;XRCC6;MRE11;CTPS1;SSRP1;SMC1A;RFC1;TRA2B;RANBP1;CDK1;MSH2;SNRPB;MCM5;POLE;SMC4;ZW10;RNASEH2A;CKS1B;CBX5;SRSF1;MTHFD2;NOLC1;POLD1;DSCC1;UBR7;RRM2;MCM7	-1.82458206139389	2.68596699681725e-05	SYNCRIP;MAD2L1;NOP56;EED;RAN;NUDT21;AK2;PPP1R8;CNOT9;MYC;STMN1;PMS2;PAICS;EIF2S1;RAD50;ASF1A;KIF22;TMPO;IPO7;PHF5A;WDR90;LIG1;CDC25B;DUT;DCTPP1;HNRNPD;MLH1;RFC3;SLBP;PRDX4;PAN2;DNMT1;RAD1;PCNA;TP53;RBBP7;NUP205;RPA3;CDK4;CSE1L;MRE11;MCM3;ILF3;RANBP1;NME1;SSRP1;NUP107;CTPS1;CBX5;SMC1A;RPA1;SMC3;RFC1;NOLC1;CENPM;XRCC6;TBRG4;CCNE1;MSH2;UBE2T;MCM5;NAP1L1;HELLS;CKS1B;CDKN2A;ZW10;SRSF2;SRSF1;POLD2;RRM2;LYAR;MCM7;RNASEH2A;POLE;PRPS1;PRIM2;GINS3;SMC4;RAD51C;TUBB;LUC7L3;CDK1;MTHFD2;POLD1;TIPIN;TIMELESS;POLE4;UBR7	0.0629013096205313	TRUE	both	0.802197802197802	entry4_SOFA_noD3
EPITHELIAL_MESENCHYMAL_TRANSITION	1.05349506756673	0.458508738496062	GADD45A;BASP1;COL4A2;FBN2;FAS;PCOLCE2;EFEMP2;QSOX1;CAPG;CD59;CD44;NOTCH2;COL7A1;PFN2;TGFB1;SERPINE1;AREG;WIPF1;COLGALT1;TNFAIP3;PDLIM4;TPM1;PLOD1;COPA;GADD45B;COL6A3;LOXL1;THBS1;ACTA2;ANPEP;ITGA5;VIM	1.13417088893446	0.317074235331347	GADD45A;BASP1;PCOLCE2;CD59;FBN2;QSOX1;FAS;CD44;EFEMP2;CAPG;COL4A2;SERPINE1;TGFB1;GADD45B;TNFAIP3;LOXL1;TPM1;COLGALT1;AREG;PFN2;THBS1;NOTCH2;COL7A1;COL6A3;PLOD1;COPA;PDLIM4;VIM;WIPF1;CXCL1;SFRP4;ANPEP;ITGA5;ITGB3;FSTL1;ACTA2;TIMP1;PTX3;SPARC;MYLK;TPM4;LGALS1	0.0806758213677321	TRUE	neither	0.761904761904762	entry4_SOFA_noD3
ESTROGEN_RESPONSE_EARLY	1.37502066992804	0.0572057678165915	FKBP5;AFF1;IGF1R;SVIL;MREG;KAZN;MED13L;OLFML3;CA12;RARA;TTC39A;KDM4B;RAB31;SLC2A1;TIPARP;JAK2;SIAH2;GAB2;CHPT1;MINDY1;INHBB;FOXC1;RHOBTB3;TOB1;UGCG;CD44;ANXA9;FHL2;GLA;CANT1;AREG;TUBB2B;DHCR7;NADSYN1;B4GALT1;SH3BP5;FLNB;CISH;AMFR;DLC1;RAPGEFL1;BAG1;SLC7A5;TMEM164;KCNK5;MAST4;IL17RB;ALDH3B1;IL6ST;ABHD2;PODXL;SEMA3B;ELF3;ADD3;ITPK1;TGM2;SLC24A3;ELF1;MAPT;ARL3;ABAT	1.43788007576578	0.0284491742102517	IGF1R;AFF1;RAB31;FKBP5;SVIL;TIPARP;RARA;MED13L;UGCG;MREG;TTC39A;KDM4B;SLC2A1;CD44;JAK2;FOXC1;MINDY1;OLFML3;GAB2;KAZN;TOB1;CANT1;DHCR7;CHPT1;GLA;FHL2;AREG;SH3BP5;NADSYN1;SIAH2;RHOBTB3;B4GALT1;CISH;INHBB;ANXA9;KCNK5;CA12;MAST4;FLNB;IL6ST;DLC1;ALDH3B1;IL17RB;TMEM164;AMFR;TUBB2B;RAPGEFL1;SLC24A3;SLC7A5	0.062859405837739	TRUE	IPW_only	0.80327868852459	entry4_SOFA_noD3
ESTROGEN_RESPONSE_LATE	1.06854169632649	0.441051158451252	ATP2B4;FKBP5;AFF1;MAPK13;CA12;RAB31;SERPINA1;JAK2;CCNA1;SIAH2;IMPA2;CHPT1;FOXC1;TOB1;BATF;S100A9;CD44;ANXA9;SNX10;CA2;GLA;JAK1;AREG;DHCR7;PTPN6;ST6GALNAC2;FLNB;CISH;CKB;AMFR;XRCC3;RAPGEFL1;BAG1;SLC7A5;HSPA4L;ZFP36;KCNK5	1.11026975788817	0.344302283247517	ATP2B4;AFF1;RAB31;FKBP5;SERPINA1;IMPA2;CCNA1;BATF;CD44;JAK2;SNX10;MAPK13;FOXC1;S100A9;TOB1;ST6GALNAC2;DHCR7;CHPT1;GLA;PTPN6;AREG;SIAH2;JAK1;CISH;ANXA9;KCNK5;CA12;FLNB;CA2;IL6ST;ZFP36;CKB;ALDH3B1;IL17RB;AMFR;XRCC3;RAPGEFL1;SLC24A3;SLC7A5	0.0417280615616771	TRUE	neither	0.853658536585366	entry4_SOFA_noD3
FATTY_ACID_METABOLISM	-1.33413893267166	0.0698921337225046	OSTC;MDH1;METAP1;APEX1;ECHS1;ACSS1;ACAA2;ACAT2;ECI1;HADH;SUCLG2;HSD17B10;MCEE;CBR1;ADSL;ACADM;PSME1;HSPH1;SDHD;ALDH3A2;BCKDHB;HSD17B4;ACOT2;BPHL;ACSL5;PCBD1;HMGCS1;HSP90AA1;PDHA1;UGDH;ODC1;ECI2;CPT2;SUCLA2;GCDH;RAP1GDS1;PTS;XIST;CD36;MIF;ENO2;BLVRA;MIX23;EHHADH;NTHL1;ALDH9A1;ACO2;HSD17B7;SMS;IDH3B;MDH2;FH;CPOX;RDH11;ECH1;MLYCD;TP53INP2;S100A10;ALDH1A1;DLST;H2AZ1;IDH3G	-1.30140861848713	0.0824581173465555	OSTC;MDH1;METAP1;APEX1;ECHS1;ACSS1;ACAA2;HADH;HSD17B10;MCEE;ECI1;CBR1;SUCLG2;ACAT2;ACADM;HSD17B4;BPHL;ACOT2;ADSL;SDHD;BCKDHB;UGDH;ECI2;BLVRA;PDHA1;CPT2;MIX23;ACSL5;PCBD1;ALDH3A2;CD36;ODC1;RAP1GDS1;PSME1;NTHL1;SUCLA2;SMS;HSPH1;GCDH;HMGCS1;MIF;HSD17B7;FH;PTS;MDH2;EHHADH;MLYCD;S100A10;IDH3B;CD1D;ACO2;ALDH1A1;ENO2;ECH1;CPOX;CRYZ;AOC3;ALDH9A1;UROS;DLST;XIST;ERP29;RDH11;ACSM3;IDH3G;HSP90AA1	0.0327303141845263	TRUE	neither	0.882352941176471	entry4_SOFA_noD3
G2M_CHECKPOINT	-1.00025304536745	0.537539295392954	SYNCRIP;BUB3;SLC38A1;G3BP1;SRSF10;MAD2L1;PURA;MYC;SLC12A2;NCL;KIF22;STMN1;SRSF2;CUL5;HSPA8;H2AZ2;TMPO;ORC5;HNRNPD;RPS6KA5;TENT4A;CDC25B;MTF2;CDK4;HMGN2;PRP4K;ILF3;MCM3;CUL1;UCK2;SNRPD1;ODC1;SMC1A;SS18;DTYMK;ABL1;TRA2B;SMC2;CDK1;FBXO5;MCM5;POLE;SMC4;NDC80;CKS1B;SRSF1;SMARCC1;CCNT1;NOLC1;SMAD3	-0.926378095668997	0.738445254616018	BUB3;SYNCRIP;G3BP1;SLC38A1;SRSF10;PURA;MAD2L1;NCL;MYC;STMN1;CUL5;KIF22;TMPO;RPS6KA5;H2AZ2;CDC25B;HSPA8;HNRNPD;PRP4K;CDK4;TENT4A;SLC12A2;MCM3;UCK2;ILF3;ORC5;MTF2;SMC1A;NOLC1;SS18;ODC1;CUL1;SNRPD1;RASAL2;DTYMK;SMAD3;HMGN2;ABL1;NDC80;FBXO5;MCM5;ODF2;CKS1B;SMC2;SRSF2;SRSF1;MNAT1;GINS2;SMARCC1	0.0738749496984528	TRUE	neither	0.833333333333333	entry4_SOFA_noD3
GLYCOLYSIS	1.02165845669308	0.516894612960487	TGFA;PYGL;PHKA2;TPST1;IRS2;ABCB6;HK2;B4GALT4;PDK3;PKM;EXT1;DSC2;P4HA2;LCT;QSOX1;ANKZF1;SAP30;MERTK;PKP2;CD44;SPAG4;RRAGD;IL13RA1;LDHA;G6PD;DEPDC1;PGM2;SLC16A3;B4GALT1;TALDO1;PAM;ALDOA;PGK1;PLOD1;ZNF292;ME2;IER3;RBCK1	1.2617199091241	0.104248830142986	TGFA;PYGL;PHKA2;IRS2;TPST1;PKM;B4GALT4;PDK3;HK2;ABCB6;RRAGD;P4HA2;DSC2;QSOX1;MERTK;CD44;EXT1;SPAG4;LCT;LDHA;PAM;SLC16A3;PGM2;G6PD;PGK1;IL13RA1;ANKZF1;TALDO1;IER3;ME2;B4GALT1;SAP30;TXN;ALDOA;PKP2;PLOD1;NDST3;UGP2;RBCK1;DEPDC1;GYS1;GLRX	0.240061452431022	TRUE	neither	0.86046511627907	entry4_SOFA_noD3
HEDGEHOG_SIGNALING	1.44153558930456	0.108086397715102	ETS2;SLIT1;CDK5R1;NF1;GLI1;TLE3;TLE1;MYH9;RASA1;ACHE;PML	1.366771248464	0.149881940469376	ETS2;SLIT1;CDK5R1;NF1;TLE3;GLI1;MYH9;TLE1;RASA1	-0.0747643408405565	TRUE	neither	0.818181818181818	entry4_SOFA_noD3
HEME_METABOLISM	2.30859510794709	6.60754938033427e-11	NFE2;SLC22A4;CCND3;ATP6V0A1;GCLM;EZH1;LPIN2;ABCB6;SLC25A37;ADD1;MBOAT2;NARF;LRP10;MARK3;FBXO34;CAST;ERMAP;GAPVD1;MAP2K3;SLC2A1;P4HA2;FOXO3;KHNYN;MPP1;FBXO9;PSMD9;RCL1;USP15;HTATIP2;CA2;NR3C1;NUDT4;SMOX;RHAG;ALAD;TNRC6B;SPTB;ADIPOR1;PICALM;PPP2R5B;KDM7A;BCAM;GDE1;TMCC2;DCAF10;SDCBP;EIF2AK1;HDGF;RAP1GAP;LAMP2;FOXJ2;RBM5;TAL1;RANBP10;KEL;ARHGEF12;DMTN;ANK1;MARCHF8;SEC14L1;SYNJ1;MARCHF2;SLC66A2;LMO2;RHD;RNF19A;KLF3;NEK7;AGPAT4;CTNS;FBXO7;GATA1;RBM38;FN3K;TOP1;XPO7;E2F2;BTRC;DAAM1;UBAC1;DCAF11;HAGH;SPTA1;RHCE;KAT2B;KLF1;MXI1;CLIC2;HTRA2;SLC6A8;SLC6A9;GYPC;CTSB;PDZK1IP1;EPOR;TRIM58;NFE2L1	2.29804339646371	8.08443090232142e-10	NFE2;CCND3;SLC22A4;GCLM;MBOAT2;NARF;LRP10;SLC25A37;ADD1;LPIN2;ATP6V0A1;FBXO34;ABCB6;FBXO9;MARK3;P4HA2;MAP2K3;MPP1;CAST;HTATIP2;EZH1;SLC2A1;KHNYN;GAPVD1;PSMD9;NR3C1;ERMAP;FOXO3;SDCBP;DCAF10;PPP2R5B;SMOX;PICALM;RHAG;GDE1;ALAD;SPTB;USP15;LAMP2;KDM7A;ADIPOR1;FOXJ2;EIF2AK1;SLC66A2;MARCHF2;RAP1GAP;SEC14L1;NUDT4;RCL1;LMO2;HDGF;CA2;TNRC6B;ANK1;TAL1;ARHGEF12;SYNJ1;RHD;NEK7;RBM5;RANBP10;RNF19A;TMCC2;E2F2;KLF3;DMTN;HTRA2;DCAF11;EPOR;KEL;MARCHF8;RBM38;BCAM;TOP1;CTNS;BTRC;GATA1;KAT2B;CCDC28A;FN3K;YPEL5;CTSB;NFE2L1;RHCE	-0.0105517114833851	TRUE	both	0.828282828282828	entry4_SOFA_noD3
HYPOXIA	1.94438984481066	1.62107066849125e-05	PFKFB3;NDRG1;FOSL2;SLC2A3;IRS2;SLC6A6;KLF7;TPST2;NFIL3;HK2;AMPD3;PDK3;RBPJ;PGM1;CA12;EXT1;NDST2;KLF6;PIM1;JMJD6;SLC2A1;TIPARP;P4HA2;WSB1;SIAH2;IDS;ANKZF1;SAP30;CCNG2;FOXO3;ADM;NEDD4L;PNRC1;RRAGD;LDHA;NR3C1;CSRP2;PYGM;SERPINE1;PGM2;PPP1R15A;HK1;NDST1;MAP3K1;CDKN1B;PAM;TNFAIP3;ALDOA;MYH9;TMEM45A;GAPDH;PGK1;PHKG1;ZNF292;IER3;ZFP36;KDM3A;CP;CITED2;GBE1;PLAC8;DUSP1;PDK1;ENO1;PRDX5;GYS1;NOCT;VLDLR;DDIT4;S100A4;UGP2;TGM2;GLRX;ATP7A;EFNA1;MXI1	2.18204262969695	1.76949670875932e-07	NDRG1;PFKFB3;NFIL3;SLC2A3;TPST2;FOSL2;AMPD3;IRS2;NDST2;RBPJ;PDK3;SLC6A6;KLF7;HK2;JMJD6;KLF6;RRAGD;TIPARP;CCNG2;P4HA2;PIM1;WSB1;PGM1;ADM;SLC2A1;EXT1;LDHA;NR3C1;IDS;FOXO3;SERPINE1;PAM;PNRC1;PGM2;PPP1R15A;CDKN1B;PGK1;TNFAIP3;ANKZF1;MAP3K1;IER3;SIAH2;DUSP1;HK1;GBE1;CSRP2;SAP30;PLAC8;GAPDH;MYH9;ALDOA;NDST1;CA12;UGP2;GYS1;GLRX;PYGM;PRDX5;TMEM45A;ZNF292;ZFP36	0.237652784886292	TRUE	both	0.802631578947369	entry4_SOFA_noD3
IL2_STAT5_SIGNALING	1.44042847223385	0.0233813743764083	IL1R2;CST7;NDRG1;MAPKAPK2;IGF1R;CCND3;PLSCR1;SLC2A3;CKAP4;IL18R1;SCN9A;IL4R;HYCC2;MXD1;NFIL3;IGF2R;HK2;FURIN;ADAM19;HIPK2;ALCAM;KLF6;PIM1;IL1RL1;DENND5A;SELL;PLEC;IFITM3;CAPG;BATF;DCPS;EMP1;MAP3K8;CD44;SMPDL3A;RRAGD;ETFBKMT;CA2;SHE;CSF1;CAPN3;ST3GAL4;F2RL2;GABARAPL1;SPRED2;IFNGR1;GLIPR2;SLC39A8	1.58913850058167	0.00344089909657111	CST7;MAPKAPK2;NDRG1;IL1R2;CCND3;NFIL3;SLC2A3;CKAP4;IGF1R;PLSCR1;SCN9A;FURIN;HYCC2;IL4R;MXD1;HIPK2;HK2;ALCAM;KLF6;IL18R1;RRAGD;PIM1;SELL;IFNGR1;BATF;DENND5A;ADAM19;IGF2R;CD44;SMPDL3A;PLEC;CAPG;IFITM3;CAPN3;MAP3K8;CSF1;ST3GAL4;IL1RL1;DCPS;SLC39A8;GADD45B;GLIPR2;ETFBKMT;GABARAPL1;F2RL2	0.148710028347824	TRUE	both	0.897959183673469	entry4_SOFA_noD3
IL6_JAK_STAT3_SIGNALING	2.04989865211459	6.63134285901046e-05	IL1R2;IL1R1;IL17RA;IL18R1;TLR2;STAT3;IL4R;IFNAR1;ACVR1B;IL10RB;TNFRSF1A;SOCS3;FAS;PIM1;CSF3R;CBL;PTPN1;IFNGR2;CSF2RA;PDGFC;MAP3K8;CD44;IL13RA1;GRB2;PIK3R5;CSF2RB;CSF1;TGFB1;IFNGR1;MYD88;IRF9;OSMR;SOCS1	2.33707569663866	6.67473506132481e-07	IL1R1;IL1R2;IL17RA;STAT3;IFNAR1;SOCS3;IL10RB;TNFRSF1A;IL4R;ACVR1B;IFNGR2;TLR2;IL18R1;PTPN1;PIM1;IFNGR1;CSF3R;PDGFC;FAS;CSF2RB;CD44;CSF2RA;MAP3K8;CSF1;GRB2;TGFB1;MYD88;CBL;IL13RA1;IRF9;PIK3R5;SOCS1;OSMR;IRF1;IL6ST;TYK2;CXCL1;IL17RB;IL2RG;ACVRL1;CCR1;PTPN11;ITGB3	0.287177044524069	TRUE	both	0.767441860465116	entry4_SOFA_noD3
INFLAMMATORY_RESPONSE	1.77405278551066	0.000268882167566868	KIF1B;IL1R1;IL18RAP;IL18R1;LCP2;TLR2;IL4R;IFNAR1;PTPRE;MXD1;ACVR1B;LYN;IRAK2;IFITM1;NFKB1;MEFV;CD55;C3AR1;SEMA4D;PSEN1;RHOG;RNF144B;KLF6;CSF3R;AQP9;IFNGR2;CD82;LDLR;PROK2;EIF2AK2;RAF1;NFKBIA;SELL;FPR1;HIF1A;ADM;ADGRE1;PTAFR;HPN;OSM;PIK3R5;TAPBP;SGMS2;CSF1;FZD5;SERPINE1;NLRP3;TLR1;KCNJ2;GPR132;GNAI3;NOD2;OSMR;DCBLD2;NMI;TNFSF10;NAMPT;CLEC5A;SLC31A2;IL10;RGS16;ITGA5;IRF7;FFAR2;IRF1;ICAM1;TNFAIP6;GNA15;ABI1	1.96526537599256	1.55822289310602e-05	IL1R1;IL18RAP;KIF1B;IFNAR1;LYN;IL4R;PTPRE;PROK2;MXD1;ACVR1B;IFNGR2;RHOG;TLR2;LCP2;IFITM1;KLF6;RNF144B;FPR1;IL18R1;IRAK2;AQP9;OSM;NFKB1;NFKBIA;CD82;SELL;CD55;MEFV;LDLR;CSF3R;PSEN1;ADM;C3AR1;HIF1A;PTAFR;SGMS2;CSF1;SERPINE1;NLRP3;TAPBP;SEMA4D;RAF1;ADGRE1;EIF2AK2;GNAI3;FFAR2;CLEC5A;PIK3R5;NAMPT;KCNJ2;SLC31A2;TLR1;ICAM1;NMI;GPR132;OSMR;ABI1;TNFAIP6;IRF1;GNA15;HPN;TNFSF10;IRF7;NOD2;PTGER2	0.191212590481904	TRUE	both	0.914285714285714	entry4_SOFA_noD3
INTERFERON_ALPHA_RESPONSE	1.37786435330838	0.0815824459823814	TRIM25;PLSCR1;IL4R;ADAR;IRF2;IFITM1;IFITM2;TRAFD1;TRIM5;EIF2AK2;SELL;TMEM140;IFITM3;TRIM21;PARP9;SP110;TDRD7;CSF1;GBP2;GMPR;IRF9;NMI;HELZ2;BATF2;OGFR;IFI27;TXNIP;SLC25A28;IRF7;MOV10;IRF1;TAP1;RNF31	1.54017744525075	0.0168901586786418	TRIM25;PLSCR1;IL4R;ADAR;IFITM1;TRAFD1;SELL;IRF2;IFITM2;TMEM140;TRIM21;IFITM3;CSF1;TRIM5;PARP9;EIF2AK2;IRF9;TDRD7;SP110;NMI;HELZ2;GMPR;GBP2;TAP1;SLC25A28;IRF1;OGFR	0.162313091942373	TRUE	IPW_only	0.818181818181818	entry4_SOFA_noD3
INTERFERON_GAMMA_RESPONSE	1.36801146495122	0.0447075559174608	TRIM25;UPP1;EIF4E3;PLSCR1;NLRC5;LATS2;LCP2;STAT3;IL4R;ADAR;IRF2;NFKB1;SOCS3;IFITM2;FAS;PIM1;TRAFD1;PTPN1;JAK2;EIF2AK2;NFKBIA;ZNFX1;FPR1;IFITM3;TRIM21;RNF213;RIPK1;HIF1A;SP110;ARID5B;TDRD7;CD274;MVP;CSF2RB;CASP4;TAPBP;TMT1B;PELI1;C1R;MYD88;MX2;PTPN6;TNFAIP3;TOR1B;IRF9;IFNAR2;FCGR1A;SOCS1;NMI;TNFSF10;NAMPT;RBCK1;HELZ2;ST8SIA4;BATF2;OGFR;PML;IFI27;TXNIP;SLC25A28;IRF7;IRF1;RIGI;ICAM1;TNFAIP6;TAP1;RNF31	1.61261358885122	0.00193521531257874	TRIM25;UPP1;PLSCR1;STAT3;LATS2;EIF4E3;SOCS3;IL4R;NLRC5;ADAR;LCP2;FPR1;NFKB1;NFKBIA;PTPN1;PIM1;TRAFD1;IRF2;IFITM2;FAS;CSF2RB;JAK2;HIF1A;TRIM21;ZNFX1;IFITM3;CD274;TAPBP;MVP;MYD88;TMT1B;TNFAIP3;PELI1;PTPN6;ARID5B;EIF2AK2;CASP4;TOR1B;IRF9;RNF213;NAMPT;FCGR1A;TDRD7;RIPK1;SP110;ICAM1;NMI;HELZ2;SOCS1;C1R;IFNAR2;TAP1;MX2;RBCK1;SLC25A28;TNFAIP6;IRF1;OGFR;SPPL2A;SELP;TNFSF10;PML;ST8SIA4;IRF7	0.244602123899998	TRUE	both	0.898550724637681	entry4_SOFA_noD3
KRAS_SIGNALING_DN	1.04316348552609	0.48758421310756	ZBTB16;PTPRJ;TG;ASB7;CPEB3;MEFV;STAG3;ENTPD7;CCNA1;KCND1;HSD11B2;PTGFR;MAST3	0.98786611187954	0.614046416779957	ZBTB16;PTPRJ;ENTPD7;CPEB3;ASB7;TG;MEFV;CCNA1;STAG3;KCND1;MAST3;NR6A1;KMT2D;BARD1;PTGFR;HSD11B2;MAGIX	-0.0552973736465502	TRUE	neither	0.764705882352941	entry4_SOFA_noD3
KRAS_SIGNALING_UP	0.807155022223018	0.924298752933932	MMP9;ARG1;AVL9;GALNT3;DOCK2;TLR8;C3AR1;TOR1AIP2;CDADC1;LAT2;CBL;LCP1;ADAM17;PTBP2;CSF2RA;NIN;EMP1;GADD45G;F2RL1;CA2;LY96;PPP1R15A;MAP3K1;TNFAIP3;ALDH1A2;MTMR10;DCBLD2;SPRY2;ADAM8;IKZF1;TFPI;RGS16;FCER1G;ITGB2	0.902194692304393	0.738916450114182	MMP9;LAT2;ARG1;GALNT3;AVL9;CDADC1;TLR8;C3AR1;TOR1AIP2;CSF2RA;LCP1;F2RL1;NIN;DOCK2;PTBP2;PPP1R15A;CBL;ADAM17;TNFAIP3;GADD45G;MAP3K1;TRIB1;LY96;MTMR10;TFPI;ADAM8;ALDH1A2;EMP1;GLRX;CA2;RETN;ITGB2;FCER1G;SPRY2;IL2RG;IKZF1;LAPTM5	0.0950396700813746	TRUE	neither	0.82051282051282	entry4_SOFA_noD3
MITOTIC_SPINDLE	1.80033485981612	6.91220923075669e-05	CDK5RAP2;KIF1B;CLASP1;AKAP13;KLC1;RANBP9;FGD4;SSH2;PREX1;ARL8A;DOCK2;GSN;TUBA4A;CSNK1D;KIF3C;ROCK1;ARHGEF11;RASA2;SPTBN1;NF1;CLIP1;NIN;WASF2;LMNB1;PPP4R2;CDC42EP2;PXN;CDC42EP4;PAFAH1B1;NOTCH2;NEDD9;CDC42EP1;ARHGEF2;NCK2;PRC1;CNTROB;CDC42BPA;CAPZB;ARFGEF1;STAU1;MYH9;APC;RASA1;FLNB;MARK4;ECT2;ABR;KIF4A;TUBD1;ARHGEF12;ITSN1;ARHGAP27;CYTH2;RALBP1;CDC42;KPTN;ACTN4;ARAP3;TTK;KIF11;MYO9B;MARCKS;ABI1;HDAC6;TAOK2;VCL;MAP1S;MYH10;KIF5B;WASF1;TBCD;NUSAP1;TUBGCP2;CEP192;PCNT;SOS1;RABGAP1;MAP3K11;PDLIM5;KIF15;TLK1;DYNLL2;KIF23	1.8119339813634	8.5345729861582e-05	CDK5RAP2;KIF1B;CLASP1;RANBP9;TUBA4A;ARL8A;AKAP13;FGD4;PREX1;GSN;KIF3C;PPP4R2;LMNB1;KLC1;CDC42EP2;SPTBN1;SSH2;WASF2;PAFAH1B1;CSNK1D;ROCK1;ARHGEF11;RASA2;NIN;DOCK2;NCK2;PXN;CDC42EP4;NF1;CLIP1;CNTROB;ARFGEF1;STAU1;RALBP1;MARCKS;CDC42BPA;MYH9;CAPZB;NOTCH2;ARHGEF2;NEDD9;RASA1;CDC42;TUBD1;APC;CDC42EP1;FLNB;ARHGAP27;ABI1;ECT2;MARK4;ABR;ARHGEF12;KIF5B;KPTN;ACTN4;KIF11;MYH10;TTK;ITSN1;KIF4A;TLK1;MAP1S;MYO9B;VCL;PDLIM5;ARAP3;HDAC6;CYTH2;TAOK2;MAP3K11;TUBGCP2;PRC1;TUBGCP3;RAB3GAP1;SOS1;DYNLL2;CEP192;KIF23;KATNB1;ARHGDIA;CLIP2;MAPRE1;SUN2	0.0115991215472777	TRUE	both	0.855555555555556	entry4_SOFA_noD3
MTORC1_SIGNALING	-1.21967912332138	0.114830934047539	UFM1;GTF2H1;HSPD1;FGL2;EEF1E1;ATP5MC1;HSPA9;M6PR;GGA2;PPIA;CACYBP;HSP90B1;PSMD14;PSMC2;EPRS1;SLC37A4;USO1;STARD4;INSIG1;MTHFD2L;IMMT;SHMT2;PITPNB;SC5D;SEC11A;TCEA1;MLLT11;PRDX1;CANX;SSR1;HSPA4;NUP205;CYB5B;RRP9;CXCR4;PPA1;XBP1;CCT6A;UCHL5;PHGDH;HMGCS1;RPA1;ARPC5L;TRIB3;RPN1;PSMA3;EBP;EDEM1;HSPA5;SERP1;FKBP2;PSMA4;PSMC6;CALR;SYTL2;SORD;HPRT1;EIF2S2;POLR3G	0.8894851609735	0.790753300230108	NFIL3;SLC2A3;SLA;GSR;SKAP2;TUBA4A;NIBAN1;IDI1;SLC6A6;HK2;GSK3B;MAP2K3;ACSL3;LDLR;NUPR1;PGM1;SLC2A1;LDHA;DHCR7;RAB1A;PPP1R15A;G6PD;GLA;NFYC;RIT1;PGK1;UBE2D3;TXNRD1;NAMPT;GBE1;ACTR2;GAPDH;ALDOA;PDAP1	2.10916428429488	FALSE	neither	0	entry4_SOFA_noD3
MYC_TARGETS_V1	-3.13061869681718	6.18934601350443e-27	SRSF7;DDX18;SYNCRIP;BUB3;NPM1;SNRPA1;HNRNPR;ABCE1;SET;EEF1B2;FBL;TOMM70;RPL34;HSPD1;G3BP1;NOP56;RPL22;MRPS18B;MAD2L1;STARD7;RAN;DDX21;NDUFAB1;CCT4;CLNS1A;ILF2;RPS2;RSL1D1;RPLP0;RPS5;PPIA;APEX1;GLO1;MYC;EIF2S1;POLE3;VDAC1;RPS3;RPL6;SNRPD2;RPS10;PSMD14;RPL18;SSBP1;CCT2;EPRS1;PHB1;SRSF2;RPS6;SRSF3;PSMD8;EIF3D;NCBP2;GNL3;IMPDH2;DHX15;IARS1;DUT;PSMA2;PCNA;PRDX4;ERH;KARS1;HNRNPD;HDAC2;C1QBP;CCT7;YWHAQ;PRPS2;RACK1;PABPC4;CANX;SLC25A3;TXNL4A;SERBP1;RRP9;CDK4;MRPL23;ACP1;PHB2;MRPL9;TUFM;NME1;UBE2E1;SNRPA;RFC4;HNRNPA3;CUL1;NAP1L1;HNRNPA1;HSP90AB1;XRCC6;PSMA1;SNRPD1;SNRPB2;CTPS1;ODC1;SRM;SNRPD3;VDAC3;UBA2;TRA2B;RANBP1;PSMA4;PSMC6;AIMP2;EIF4A1;RRM1;RPL14;EIF4E;HPRT1;EIF2S2;MCM5;COX5A;NCBP1;HSPE1;PRDX3;PSMB2;HDDC2;XPOT;CSTF2;SRSF1;SMARCC1;NOLC1;TCP1;CCT3;PWP1;MCM7;COPS5;SSB;PSMC4;CNBP;EIF3B;PPM1G;POLD2;GOT2;SF3B3;CCT5;PSMD7;LSM7;SNRPG;PSMA6	-3.03311088914165	4.79406970700072e-24	DDX18;SRSF7;BUB3;SYNCRIP;SNRPA1;HNRNPR;G3BP1;NPM1;ABCE1;RPL34;EEF1B2;RPL22;FBL;TOMM70;CLNS1A;SET;MRPS18B;MAD2L1;RPS5;CCT4;NOP56;RAN;RPS2;DDX21;RPL6;SNRPD2;PPIA;RPLP0;APEX1;ILF2;HSPD1;RSL1D1;RPS6;MYC;SSBP1;NDUFAB1;EIF3D;CCT2;RPS10;GLO1;STARD7;EPRS1;VDAC1;PHB1;EIF2S1;RPL18;PSMD14;IARS1;POLE3;RPS3;PSMD8;NCBP2;DUT;RACK1;HNRNPA1;IMPDH2;PSMA2;GNL3;DHX15;HNRNPD;PRDX4;CCT7;YWHAQ;SRSF3;PCNA;MRPL9;KARS1;C1QBP;TUFM;HNRNPA3;PRPS2;SNRPA;CDK4;PABPC4;MRPL23;RRP9;ERH;RPL14;RANBP1;NME1;HDAC2;CANX;RFC4;SERBP1;CTPS1;EIF4A1;SNRPD3;NOLC1;ACP1;VDAC3;SRM;AIMP2;ODC1;XRCC6;CUL1;SNRPD1;UBE2E1;SSB;TXNL4A;HDDC2;COX5A;SLC25A3;MCM5;UBA2;NAP1L1;HSPE1;SNRPB2;NCBP1;PHB2;SF3B3;CCT3;CSTF2;RRM1;PSMB2;SRSF2;HSP90AB1;GOT2;SRSF1;POLD2;NOP16;SMARCC1;EIF4E;MCM7;PSMA1;LSM7;PPM1G;XPOT;EIF2S2	0.0975078076755271	TRUE	both	0.888111888111888	entry4_SOFA_noD3
MYC_TARGETS_V2	-2.22695119373384	1.65415489442643e-05	DDX18;WDR43;NPM1;HSPD1;NOP56;NDUFAF4;MYC;PPAN;PHB1;UTP20;PES1;GNL3;DCTPP1;MRTO4;PRMT3;RRP9;CDK4;PUS1;GRWD1;TFB2M;TBRG4;SRM;LAS1L;AIMP2;IMP4;MPHOSPH10;SORD;MCM5;HSPE1;NOLC1;DUSP2;IPO4;TMEM97;MYBBP1A;NIP7;FARSA	-2.23520568665358	1.61690976124516e-05	DDX18;WDR43;NPM1;UTP20;NOP56;NDUFAF4;HSPD1;MYC;PPAN;PHB1;PES1;MRTO4;PUS1;DCTPP1;GNL3;GRWD1;CDK4;SORD;RRP9;LAS1L;NOLC1;MPHOSPH10;IMP4;SRM;AIMP2;TFB2M;TBRG4;PRMT3;MCM5;HSPE1;NOP16;MYBBP1A	-0.00825449291974412	TRUE	both	0.837837837837838	entry4_SOFA_noD3
MYOGENESIS	1.16519760832891	0.279356210443038	ACSL1;SVIL;MEF2A;COL4A2;ITGA7;GSN;MYBPC3;DAPK2;MYOM1;FOXO4;PDLIM7;KLF5;NQO1;TGFB1;PYGM;CLU;KIFC3;MYH9;TPM3;MYH11;NOTCH1;ACHE;RIT1;CKB;GADD45B;DMPK;COL6A3;MYL6B;BAG1;MAPRE3;IFRD1;LSP1;ATP6AP1;GPX3;SMTN;KCNH2;APP;TAGLN;NCAM1;AK1;HDAC5;MYLK;SLC6A8;FLII;MYO1C;CHRNG;GABARAPL2;AKT2;ITGB5;SPARC;PICK1;NAV2;IGFBP7;TSC2;SCD;MAPK12	1.08604914251183	0.38698499043014	ACSL1;MEF2A;MYBPC3;GSN;ITGA7;SVIL;FOXO4;COL4A2;DAPK2;KLF5;TGFB1;PDLIM7;TPM3;GADD45B;RIT1;KIFC3;MYOM1;CLU;MYH9;COL6A3;DMPK;NQO1;MYL6B;NOTCH1;PYGM;ATP6AP1;IFRD1;LSP1;CKB;MYH11;GPX3	-0.0791484658170818	TRUE	neither	0.553571428571429	entry4_SOFA_noD3
NOTCH_SIGNALING	-0.932405789863031	0.640825096232793	DTX4;MAML2;LFNG;HES1;PSEN2;CUL1;ARRB1;FZD1;SKP1	-0.927015268330314	0.670042094576926	DTX4;MAML2;LFNG;PSEN2;HES1;ARRB1;CUL1;FZD1;DTX1;PPARD;SKP1;KAT2A	0.00539052153271724	TRUE	neither	0.75	entry4_SOFA_noD3
OXIDATIVE_PHOSPHORYLATION	-2.43614140782535	1.77311184108886e-12	MRPS30;LRPPRC;PDP1;TIMM17A;CYCS;LDHB;TOMM70;ABCB7;MRPL35;ATP5MC1;HSPA9;NDUFAB1;COX10;NDUFB5;OXA1L;MDH1;MRPL15;ATP5PO;DLAT;ECHS1;TOMM22;VDAC1;COX7C;COX6C;ATP5F1A;NDUFS3;SLC25A4;ACAA2;UQCRC2;ATP5MC2;ECI1;NDUFB2;COX7A2;SLC25A5;BDH2;VDAC2;MRPL11;CASP7;NDUFA4;GLUD1;HSD17B10;IMMT;NDUFV1;ACADSB;TIMM13;PHYH;ATP5MC3;ATP5PB;SLC25A6;PMPCA;NDUFA8;NDUFB8;TIMM50;SLC25A3;FDX1;IDH2;ACADM;SDHD;TIMM10;NDUFA5;PDK4;PHB2;MRPS12;OPA1;TIMM9;NNT;PDHA1;COX4I1;SLC25A12;MGST3;ATP6V1F;SLC25A20;UQCRFS1;NDUFA6;UQCR10;VDAC3;ATP5F1C;SUCLA2;UQCRQ	-2.26994176792003	8.08443090232142e-10	MRPS30;LRPPRC;LDHB;PDP1;MRPL35;TOMM70;TIMM17A;CYCS;OXA1L;DLAT;ABCB7;MDH1;MRPL15;ATP5MC1;NDUFB5;ATP5PO;HSPA9;COX7C;ECHS1;COX10;NDUFAB1;COX6C;ATP5MC2;VDAC1;ACAA2;TOMM22;SLC25A4;NDUFS3;PDK4;NDUFB2;UQCRC2;BDH2;NDUFV1;ATP5MC3;MRPL11;TIMM13;VDAC2;NDUFA8;HSD17B10;ATP5F1A;ECI1;PHYH;SLC25A6;GLUD1;IMMT;SLC25A5;IDH2;PMPCA;CASP7;NDUFA4;ACADM;NDUFA5;TIMM10;ACADSB;TIMM9;MGST3;MRPS12;NDUFB8;COX7A2;SDHD;TIMM50;UQCRQ;ATP5PB;NDUFA6;PDHA1;COX4I1;UQCRFS1;VDAC3;FDX1;UQCR10;OPA1;NDUFS6;NNT;COX5A;MRPS11;IDH3A;ATP6V1F;SLC25A20;MTX2;SLC25A3;SUCLA2;ETFA;COX11;ATP5F1C;PHB2;FH;ATP5PD;GOT2;MDH2;SLC25A12;UQCRB;ATP1B1;ATP5PF;IDH3B;ACO2;ALDH6A1;FXN;NDUFB4;ATP5F1B;NDUFA9;ECH1;NDUFS7;BAX;ATP6V1G1;ACAT1;PRDX3;MRPL34;AIFM1	0.166199639905316	TRUE	both	0.731481481481482	entry4_SOFA_noD3
P53_PATHWAY	1.23988066689496	0.129716075578458	TGFA;UPP1;ZBTB16;GADD45A;NDRG1;CCND3;PTPRE;NUPR1;MXD1;ALOX15B;ACVR1B;ABHD4;APAF1;SP1;CEBPA;HEXIM1;FAS;DRAM1;CDK5R1;TRAFD1;CD82;PRMT2;STOM;FOXO3;INHBB;TOB1;RHBDF2;RNF19B;RXRA;TGFB1;GPX2;PPM1D;CCP110;PPP1R15A;PRKAB1;FGF13;CSRNP2;NOTCH1;SOCS1;CTSD;IP6K2;IER3;DEF6;RGS16;HSPA4L;CYFIP2;TXNIP;MKNK2;STEAP3;SERTAD3;PLK3;ZFP36L1;GM2A;TAP1	1.33001845654628	0.0579047738143621	UPP1;NDRG1;TGFA;GADD45A;CCND3;ZBTB16;DRAM1;ABHD4;ALOX15B;PTPRE;MXD1;ACVR1B;STOM;APAF1;TRAFD1;CD82;CEBPA;NUPR1;PRMT2;FAS;HEXIM1;CDK5R1;SP1;TOB1;FOXO3;RHBDF2;RXRA;RNF19B;PRKAB1;PPP1R15A;TGFB1;IER3;INHBB;SOCS1;CTSD;GPX2;CSRNP2;PLK3;TAP1;CCP110;NOTCH1;PPM1D;ZFP36L1;SERTAD3;MKNK2;GM2A;VDR;DDIT4;FGF13	0.0901377896513231	TRUE	neither	0.839285714285714	entry4_SOFA_noD3
PEROXISOME	-1.01194998672524	0.522815344603381	ABCD2;CLN6;SLC25A4;SLC23A2;HRAS;SCP2;SLC35B2;SLC25A19;DHRS3;EPHX2;PRDX1;CADM1;IDH2;HSD17B4;ERCC3;ACSL5;SOD1;CTPS1;ECI2;ABCB4;ITGB1BP1;ABCD3;ABCB1;MSH2;PEX11B;EHHADH;SMARCC1;ALDH9A1;ISOC1;CNBP;IDE;SLC27A2;RDH11;ECH1;PEX2;MLYCD	-0.947453260144077	0.670042094576926	SLC23A2;ABCD2;CLN6;SLC25A4;HRAS;SLC35B2;ERCC3;EPHX2;IDH2;DHRS3;CADM1;PRDX1;HSD17B4;SLC25A19;ABCB4;ABCB1;SCP2;ECI2;CTPS1;ACSL5;SOD1;MSH2;SLC27A2;SMARCC1;EHHADH;IDE;ITGB1BP1;ABCD3;MLYCD;ISOC1;PEX11B;ALDH1A1;ECH1	0.0644967265811629	TRUE	neither	0.864864864864865	entry4_SOFA_noD3
PI3K_AKT_MTOR_SIGNALING	1.84630269094626	0.000617557589554062	MKNK1;MAP2K6;PRKCB;SLA;MAPK1;CAB39;VAV3;PRKAR2A;DUSP3;GSK3B;RAC1;RALB;TNFRSF1A;PTEN;MAP2K3;SLC2A1;RPS6KA3;RAF1;RIPK1;RPS6KA1;GRB2;PIKFYVE;AKT1S1;CFL1;MYD88;UBE2D3;CDKN1B;YWHAB;IRAK4;RIT1;ACTR2;ITPR2;GRK2;ACTR3;MAPK10;SMAD2;CLTC;TBK1;E2F1;MKNK2;ARF1	1.95573627073285	0.00012048090307871	MKNK1;CAB39;MAP2K6;SLA;PRKCB;TNFRSF1A;MAPK1;PRKAR2A;DUSP3;RAC1;VAV3;PTEN;GSK3B;MAP2K3;RPS6KA3;RALB;SLC2A1;RPS6KA1;GRB2;RAF1;MYD88;CDKN1B;RIT1;YWHAB;CFL1;UBE2D3;IRAK4;ACTR2;RIPK1;SMAD2;ACTR3;AKT1S1;PIKFYVE;GRK2;CLTC;MKNK2;MAPK10;ARF1;TBK1;IL2RG;E2F1;PDK1;ITPR2;PTPN11;PFN1;AP2M1;NFKBIB	0.109433579786586	TRUE	both	0.872340425531915	entry4_SOFA_noD3
PROTEIN_SECRETION	0.735065447878963	0.954163273615635	KIF1B;MAPK1;IGF2R;STX16;RPS6KA3;GNAS;STX7;AP2B1;GLA;CD63;PAM;ARFGEF1;AP1G1;LAMP2;RAB5A;STAM;VAMP3;CLTC;SEC22B;ARF1;SGMS1;COPB1;ABCA1;CLN5;RAB2A;AP2S1;ATP7A	1.00287436282369	0.589732430931765	KIF1B;MAPK1;RPS6KA3;STX16;IGF2R;GNAS;AP2B1;PAM;CD63;GLA;ARFGEF1;STX7;RAB5A;VAMP3;LAMP2;AP1G1;SEC22B;CLTC;ARF1;AP3S1;STAM;ARFGAP3;RAB2A;COPB1;VPS4B;AP2M1;ATP6V1H;CLN5;RAB14	0.267808914944728	TRUE	neither	0.696969696969697	entry4_SOFA_noD3
REACTIVE_OXYGEN_SPECIES_PATHWAY	1.51860276642506	0.0457029665441079	GSR;GCLM;HHEX;MBP;FES;MSRA;SBNO2;CDKN2D;G6PD;NQO1;OXSR1;FTL;TXNRD1;EGLN2;SRXN1;LSP1;GPX3;JUNB;TXN;GLRX;PRDX6	2.00531171514395	0.000533085909021513	GCLM;GSR;HHEX;FES;MSRA;MBP;SBNO2;CDKN2D;G6PD;OXSR1;TXNRD1;LAMTOR5;SRXN1;TXN;NQO1;GLRX;JUNB;EGLN2;FTL;PRDX6;LSP1;GPX3	0.48670894871889	TRUE	both	0.954545454545455	entry4_SOFA_noD3
SPERMATOGENESIS	-0.822343119693517	0.902765819757463	CAMK4;ZC3H14;TSN;SLC12A2;LPIN1;ALOX15;PARP2;TKTL1;PEBP1;RAD17	0.841707129632936	0.798551380715256	PGS1;AGFG1;TLE4;PRKAR2A;CCNA1;CLVS1;BRAF;TALDO1;IP6K1;PHF7;H1-6;CHFR;SHE	1.66405024932645	FALSE	neither	0	entry4_SOFA_noD3
TGF_BETA_SIGNALING	1.6100034295709	0.0233813743764083	FURIN;FKBP1A;HIPK2;TGFBR1;RAB31;IFNGR2;SPTBN1;SMAD1;TGFB1;SKI;SERPINE1;PPP1R15A;UBE2D3;CTNNB1;XIAP;APC;SMURF1;PPM1A;BMPR2;THBS1	1.70107854332795	0.0111521972348722	FKBP1A;RAB31;FURIN;IFNGR2;HIPK2;TGFBR1;SPTBN1;SERPINE1;PPP1R15A;TGFB1;UBE2D3;CTNNB1;THBS1;XIAP;SKI;PPM1A;SMAD1;APC;JUNB;SMURF1;RHOA	0.0910751137570527	TRUE	both	0.863636363636364	entry4_SOFA_noD3
TNFA_SIGNALING_VIA_NFKB	1.66949429548444	0.00100177901981468	BCL6;ETS2;GADD45A;CFLAR;PFKFB3;FOSL2;SLC2A3;B4GALT5;IRS2;TLR2;PTPRE;BCL2A1;MXD1;NFIL3;RCAN1;KLF9;NFKB1;SOCS3;TNIP1;LITAF;DRAM1;KLF6;MAP2K3;DENND5A;TIPARP;IFNGR2;LDLR;NFKBIA;EHD1;BCL3;PER1;RNF19B;MAP3K8;CD44;F2RL1;PNRC1;CEBPB;ZC3H12A;KDM6B;NFE2L2;CSF1;CEBPD;SERPINE1;PPP1R15A;AREG;NFAT5;B4GALT1;STAT5A;TNFAIP3;JAG1;TUBB2A;REL;DNAJB4;GADD45B;NAMPT;IER3;TANK;PHLDA1;TNIP2;ZFP36;IRF1;MARCKS;RIGI;DUSP1;ICAM1;TNFAIP6;TAP1;TRIB1	1.99933150100215	3.66732421369443e-06	BCL6;PFKFB3;ETS2;GADD45A;CFLAR;NFIL3;SLC2A3;B4GALT5;FOSL2;BCL2A1;SOCS3;IRS2;DRAM1;LITAF;PTPRE;MXD1;IFNGR2;TLR2;KLF6;TIPARP;RCAN1;NFKB1;KLF9;NFKBIA;MAP2K3;TNIP1;LDLR;EHD1;DENND5A;CD44;BCL3;F2RL1;MAP3K8;PER1;CSF1;SERPINE1;PNRC1;RNF19B;ZC3H12A;PPP1R15A;CEBPD;GADD45B;KDM6B;CEBPB;TNFAIP3;NFE2L2;AREG;IER3;NAMPT;DUSP1;TRIB1;B4GALT1;STAT5A;MARCKS;JAG1;ICAM1;NFAT5;TAP1;REL;TNFAIP6;IRF1;TNIP2;JUNB;PHLDA1;IL6ST;ZFP36	0.329837205517706	TRUE	both	0.914285714285714	entry4_SOFA_noD3
UNFOLDED_PROTEIN_RESPONSE	-2.03624559061122	1.65415489442643e-05	NPM1;IMP3;NOP56;EXOSC2;EIF2AK3;HSPA9;EXOSC9;EIF2S1;HSP90B1;RPS14;PDIA6;EIF4A2;CEBPG;DNAJB9;SKIC3;SLC30A5;SRPRB;IARS1;SEC31A;SPCS1;LSM4;SEC11A;WFS1;SSR1;MTREX;HERPUD1;RRP9;BANF1;DDX10;XBP1;SPCS3;EIF4EBP1;EXOC2;YIF1A;EDEM1;HSPA5;SERP1;ALDH18A1;HYOU1;CNOT2;SDAD1;EIF4A1;EIF4E;CALR;PAIP1;BAG3;CKS1B;XPOT;MTHFD2;NOLC1;FUS;GOSR2;NOP14;EEF2	-1.8295132600532	0.000533085909021513	NPM1;IMP3;NOP56;EXOSC2;EIF2AK3;HSPA9;EXOSC9;SPCS1;CEBPG;HSP90B1;SKIC3;RPS14;EIF2S1;IARS1;PDIA6;SLC30A5;SEC31A;DNAJB9;LSM4;SRPRB;BANF1;EIF4A2;WFS1;MTREX;SEC11A;BAG3;RRP9;EIF4EBP1;FUS;EIF4A1;DDX10;HYOU1;SSR1;NOLC1;ALDH18A1;YIF1A;NOP14;FKBP14;HERPUD1;EXOC2;XBP1;CKS1B;CNOT2;EDEM1;SPCS3;SDAD1;CALR;EIF4E;EEF2;XPOT;SLC1A4;EXOSC1;NHP2;PAIP1;NFYB;GOSR2;KHSRP	0.206732330558024	TRUE	both	0.85	entry4_SOFA_noD3
UV_RESPONSE_DN	1.35237489272935	0.0806329113924051	MAPK14;SYNE1;ATP2B4;ATXN1;IGF1R;DYRK1A;WDR37;CELF2;NFKB1;APBB2;PTEN;GCNT1;LDLR;RASA2;PRDM2;SCN8A;PPARG;PTGFR;PIK3CD;RXRA;SCAF8;NR3C1;FHL2;NOTCH2;NIPBL;SERPINE1;CDC42BPA;TGFBR2;CDKN1B;CACNA1A;RBPMS;PRKCE	1.36624087059265	0.0579047738143621	MAPK14;ATP2B4;ATXN1;IGF1R;SYNE1;DYRK1A;WDR37;PTEN;NFKB1;LDLR;GCNT1;SCN8A;CELF2;NR3C1;RASA2;RXRA;SERPINE1;TGFBR2;PPARG;PIK3CD;CDKN1B;FHL2;DUSP1;SCAF8;TFPI;APBB2;CDC42BPA;NOTCH2;NIPBL;CACNA1A;PRDM2;PTGFR	0.0138659778633046	TRUE	neither	0.882352941176471	entry4_SOFA_noD3
UV_RESPONSE_UP	0.869110355021054	0.83951048951049	GRINA;ARRB2;CCND3;ATP6V1C1;ALAS1;PRKCD;LYN;FURIN;TUBA4A;MAOA;AGO2;MARK2;RAB27A;NFKBIA;CHKA;ACAA1;CA2;PDAP1;GRPEL1;APOM;ALDOA;NUP58;PRKACA	1.10380537610469	0.363009743774811	CCND3;ATP6V1C1;ARRB2;GRINA;PRKCD;TUBA4A;FURIN;LYN;ALAS1;MAOA;NFKBIA;RAB27A;MARK2;CHKA;NUP58;AGO2;ACAA1;GRPEL1;ALDOA;PDAP1;ICAM1;TAP1;IRF1;JUNB;CA2;IL6ST;PRKACA;CDC34;STARD3;APOM;GPX3	0.234695021083638	TRUE	neither	0.741935483870968	entry4_SOFA_noD3
WNT_BETA_CATENIN_SIGNALING	0.934097773587824	0.640825096232793	NUMB;RBPJ;ADAM17;MAML1;NKD1;CTNNB1;FRAT1;JAG1;NOTCH1;NCSTN	0.891483666400112	0.732739918325676	RBPJ;NUMB;ADAM17;MAML1;FRAT1;CTNNB1;JAG1;NKD1;NCSTN;NOTCH1	-0.042614107187712	TRUE	neither	1	entry4_SOFA_noD3
XENOBIOTIC_METABOLISM	1.56001137939809	0.00842826325412055	UPP1;IL1R1;ETS2;PGD;GSR;TPST1;ALAS1;POR;LPIN2;SLC6A6;ACOX1;DDAH2;TNFRSF1A;ARG1;UPB1;MAOA;PINK1;ESR1;FAS;AQP9;VNN1;SLC22A1;SLC46A3;CA2;CDA;SMOX;ITIH4;ABCC2;NQO1;HES6;CSAD;SERPINE1;GABARAPL1;MARCHF6	1.39487598416367	0.0422523479321636	UPP1;IL1R1;PGD;ETS2;POR;GSR;DDAH2;TPST1;ALAS1;ACOX1;TNFRSF1A;ARG1;SLC6A6;LPIN2;MAOA;AQP9;PINK1;VNN1;FAS;UPB1;SLC46A3;CDA;SERPINE1;ESR1;MARCHF6;SMOX;GABARAPL1;ABCC2;DHRS7;CSAD;NQO1;RAP1GAP;ITIH4;SLC22A1	-0.165135395234415	TRUE	both	0.888888888888889	entry4_SOFA_noD3
ADIPOGENESIS	-0.842850732348807	0.924298752933932	NDUFAB1;MRPL15;ATP5PO;DLAT;ECHS1;AK2;NDUFS3;SLC66A3;ACAA2;DBT;DNAJB9;HADH;ATP1B3;MAP4K3;ENPP2;PDCD4;IMMT;SCP2;PHYH;EPHX2;ANGPT1;JAGN1;ESYT1;PTCD3;DNAJC15;ACADM;SLC25A10;NDUFA5;REEP5;SSPN	0.94158846108335	0.663714148554647	BCL6;GADD45A;PFKFB3;POR;RTN3;ACOX1;SQOR;STOM;ITGA7;CCNG2;PGM1;GPAT4;IFNGR1;ELMOD3;LPCAT3;TOB1;DHCR7;TALDO1;PPARG;DHRS7B;ORM1;PPM1B;ALDOA;GBE1;TKT;CDKN2C;GRPEL1;CD151;DHRS7;STAT5A;CHUK;RETN;NABP1;PIM3;ITSN1	1.78443919343216	FALSE	neither	0	entry4_PF_PLT_D3
ALLOGRAFT_REJECTION	-1.48616253396557	0.00941629553128753	HLA-DRA;NPM1;ABCE1;RPS3A;LY75;HLA-DMB;HLA-DMA;ITK;CD3D;SIT1;TRAT1;CD3G;EIF3A;CD86;DARS1;RPL9;CTSS;CD28;UBE2N;RPL39;CCND2;CD4;IL7;ETS1;HLA-DOA;LY86;CD40LG;RPS19;EIF3D;HDAC9;CD8B;TNF;LCK;IRF8;IRF4;CD74;RIPK2;HLA-DQA1;CCR2;FCGR2B;MRPL3;CD2;STAT4;ZAP70;CD8A;NME1;CD3E;CD79A;IL15	-1.62303486830091	0.0015918454926622	RPS3A;HLA-DRA;ABCE1;NPM1;ITK;HLA-DMB;CD3D;HLA-DMA;SIT1;RPL9;TRAT1;LY75;EIF3A;CD3G;HLA-DOA;CD28;DARS1;RPL39;CTSS;ETS1;CD86;CD4;CD40LG;IL7;EIF3D;CD8B;UBE2N;LY86;LCK;CD74;HLA-DQA1;IRF4;IRF8;TNF;CD8A;CD2;FCGR2B;RPS19;CCND2;IL15;STAT4;CD3E;ZAP70;CCR2;CD79A;HDAC9;CCR5;CXCR3;CD40;CD247	-0.136872334335337	TRUE	both	0.867924528301887	entry4_PF_PLT_D3
ANDROGEN_RESPONSE	1.35359925996968	0.102575207983686	FKBP5;NDRG1;CAMKK2;GSR;CCND3;HPGD;PTK2B;SLC38A2;HERC3;ACTN1;MAK;RPS6KA3;IQGAP2;ACSL3;IDI1;MERTK;MYL12A;ARID5B	1.60623442156559	0.00940692665014048	NDRG1;CCND3;CAMKK2;GSR;ACTN1;HPGD;FKBP5;IDI1;MYL12A;PTK2B;SLC38A2;ACSL3;RPS6KA3;HERC3;UBE2J1;MERTK;MAK;IQGAP2;VAPA;B4GALT1;GNAI3;ARID5B;SRF	0.252635161595912	TRUE	IPW_only	0.782608695652174	entry4_PF_PLT_D3
ANGIOGENESIS	0.587533439159886	0.969400462551148	LRPAP1;JAG1;FGFR1;PGLYRP1;APP;S100A4;TIMP1;FSTL1;VEGFA;PF4	0.963628468920194	0.583766394456818	LRPAP1;PGLYRP1;JAG1;FGFR1;APP;S100A4;TIMP1;FSTL1;PF4;VEGFA	0.376095029760308	TRUE	neither	1	entry4_PF_PLT_D3
APICAL_JUNCTION	1.56856372937783	0.00941629553128753	MAPK14;SIRPA;ADAM9;PIK3CB;SKAP2;MMP9;CAP1;ALOX15B;ACTN1;MAPK13;PTEN;NF1;ITGA10;THBS3;RAC2;VASP;SYK;CD274;MAP3K20;IKBKG;ZYX;PTPRC;ACTB;CNN2;PCDH1;B4GALT1;COL17A1;MYH9;FYB1;RASA1;ICAM5;PBX2;INPPL1;ARPC2;CTNNA1;STX4;CLDN15;NECTIN2;CLDN9;ACTN4;MSN;GNAI2;SHC1;ICAM1;YWHAH;TUBG1;TAOK2;VCL;MPZL1;KCNH2;MYH10;PARD6G;BAIAP2	1.56589441142299	0.00940692665014048	MAPK14;SIRPA;ADAM9;MMP9;CAP1;ACTN1;SKAP2;PIK3CB;ALOX15B;PTEN;SYK;RAC2;VASP;COL17A1;CD274;CNN2;ACTB;MAPK13;NF1;B4GALT1;MAP3K20;MSN;IKBKG;ZYX;CTNNA1;ARPC2;ICAM5;MYH9;ICAM1;ITGA10;THBS3;RASA1;PTPRC;GNAI2;FYB1;YWHAH;NECTIN2;PCDH1;PFN1;ACTN4;INPPL1;VCL;PBX2;RSU1;SHC1;MYH10;TUBG1;MYL12B	-0.00266931795483671	TRUE	both	0.803571428571429	entry4_PF_PLT_D3
APICAL_SURFACE	1.09325902396773	0.443269155742821	FLOT2;LYN;PCSK9;CRYBG1;NCOA6;B4GALT1;DCBLD2;SLC2A4;BRCA1;ADIPOR2;APP;HSPB1;IL2RG	1.06740972300163	0.451923919285916	FLOT2;LYN;PCSK9;CRYBG1;B4GALT1;NCOA6;APP;IL2RG;DCBLD2;ADIPOR2;BRCA1;SLC2A4	-0.0258493009661009	TRUE	neither	0.923076923076923	entry4_PF_PLT_D3
APOPTOSIS	1.13350390309143	0.312393095941533	GADD45A;CFLAR;GSR;RNASEL;HGF;IGF2R;ADD1;TIMP2;GSN;RARA;PSEN1;CREBBP;FAS;ROCK1;CCNA1;IFITM3;EMP1;CD44;HMGB2;CASP4;NEDD9;DPYD;IFNGR1;PPP2R5B;CTNNB1;CLU;CDKN1B;XIAP;CASP2;TSPO;DNAJC3;GADD45B;TNFSF10;IER3;TXNIP;BCAP31;PPP3R1;IRF1;ANXA1;TAP1;GNA15;BRCA1;GPX3;F2R;APP;BCL2L1;CASP8;DNAJA1;CTH;TIMP1;CASP9;CASP1;PLCB2;HSPB1	1.38893533682423	0.0404093291498004	GADD45A;GSR;CFLAR;TIMP2;HGF;ADD1;GSN;RARA;RNASEL;IGF2R;CCNA1;IFNGR1;PSEN1;IFITM3;CD44;FAS;TSPO;ROCK1;CREBBP;PPP2R5B;HMGB2;GADD45B;IER3;CLU;CTNNB1;CDKN1B;EMP1;XIAP;BCAP31;DNAJC3;NEDD9;CASP2;CASP4;DPYD;TAP1;PPP3R1;CASP9;ANXA1;IRF1;APP;GNA15;TXNIP;TNFSF10;TIMP1;DNAJA1;CTH;IL18;GPX3;F2R;IL1B;BRCA1;GCH1	0.255431433732801	TRUE	IPW_only	0.859649122807018	entry4_PF_PLT_D3
BILE_ACID_METABOLISM	-1.08165512420141	0.43187874998139	ABCD2;CYP27A1;NR3C2;HACL1;PAOX;SLC23A2;PEX12;EFHC1;LCK;SCP2;SLC35B2;PHYH;EPHX2;IDH2;HSD17B4;PEX7;ACSL5;SOD1;SLC29A1;TFCP2L1;ABCD3;PXMP2;AMACR	0.91372629423665	0.663714148554647	GCLM;ACSL1;PECR;ATXN1;IDI1;SULT1B1;AQP9;ABCA2;RXRA;NEDD4;HSD3B7	1.99538141843806	FALSE	neither	0	entry4_PF_PLT_D3
CHOLESTEROL_HOMEOSTASIS	1.57291832423411	0.0233813743764083	PLSCR1;ABCA2;NFIL3;NIBAN1;PDK3;ALCAM;LDLR;IDI1;ANTXR2;PPARG;S100A11;PNRC1;CHKA;ACSS2;DHCR7;CTNNB1;CLU;JAG1;FBXO6	1.95929163083379	0.000436416535260942	NFIL3;PLSCR1;NIBAN1;IDI1;ALCAM;PDK3;LDLR;ABCA2;DHCR7;CHKA;ANTXR2;ACSS2;PNRC1;PPARG;CLU;CTNNB1;JAG1;FBXO6;S100A11	0.386373306599679	TRUE	both	1	entry4_PF_PLT_D3
COAGULATION	1.27021708704192	0.159524045923193	ADAM9;MMP9;KLF7;FURIN;RAC1;GSN;SERPINA1;RABIF;CTSK;WDR1;HPN;F2RL2;SERPINE1;F12;C1R;CLU;LAMP2;MMP8;GNB2;THBS1;ANXA1;F8;FN1;PLAU;GP1BA;ITGB3;TIMP1;CASP9;P2RY1;CTSB;CFB;PEF1;SERPINB2;PLEK;CPQ;ISCU;SPARC;VWF;MST1;PF4	1.49225472870956	0.026424504546543	ADAM9;MMP9;GSN;FURIN;SERPINA1;KLF7;RAC1;WDR1;RABIF;SERPINE1;MMP8;CLU;F12;F2RL2;GNB2;LAMP2;THBS1;CTSK;C1R;CASP9;F8;HPN;ANXA1;PLEK;PLAU;TIMP1;PEF1;ITGB3;MSRB2;CTSB;P2RY1;GP1BA;PF4;SPARC;CFB;VWF;SERPINB2;CPQ;ARF4;ISCU	0.222037641667641	TRUE	IPW_only	0.904761904761905	entry4_PF_PLT_D3
COMPLEMENT	1.56024599719434	0.00582955878127514	ITGAM;CR1;ADAM9;PLSCR1;PIK3CG;LCP2;HSPA1A;PRKCD;DGKH;LYN;PCSK9;IRF2;TIMP2;COL4A2;CD55;S100A12;PSEN1;RHOG;SERPINA1;PIM1;CDK5R1;GCA;JAK2;RAF1;RABIF;F5;EHD1;CD59;USP15;S100A9;GRB2;PIK3R5;CA2;CEBPB;CASP4;CDA;VCPIP1;MSRB1;PIK3CA;SERPINE1;PRSS36;C1R;CLU;BRPF3;TNFAIP3;AKAP10;WAS;LAMP2;CPM;GNAI3;MMP8;GNB2;CTSD	1.67722594223463	0.00121985121525663	ITGAM;ADAM9;CR1;HSPA1A;PRKCD;TIMP2;PLSCR1;GCA;S100A12;PIK3CG;LYN;PCSK9;SERPINA1;RHOG;CD59;LCP2;MSRB1;PIM1;CD55;DGKH;IRF2;RABIF;PSEN1;CDA;EHD1;S100A9;F5;JAK2;CDK5R1;COL4A2;SERPINE1;GRB2;CEBPB;RAF1;MMP8;CLU;AKAP10;TNFAIP3;PIK3CA;VCPIP1;GNB2;LAMP2;GNAI3;CA2;PIK3R5;CTSD;USP15;CASP4;PRSS36;C1R;BRPF3;GNAI2;CASP9;F8;IRF1;FCER1G;PFN1;CPM	0.116979945040286	TRUE	both	0.88135593220339	entry4_PF_PLT_D3
DNA_REPAIR	-1.623592292962	0.00292295890245397	RNMT;GTF2H1;GTF2H3;NUDT21;ERCC8;NELFCD;SRSF6;ADA;APRT;NCBP2;POLR2D;IMPDH2;DUT;POLR1H;ERCC4;LIG1;PCNA;SF3A3;ITPA;MRPL40;POLR2K;RFC3;POLR1C;POLR2C;RPA3;NFX1;UMPS;NME3;SEC61A1;ERCC3;AK3;EDF1;NME1;TMED2;PDE4B;GTF2A2;TP53;RFC4;TAF9;ERCC5	-1.52109448518532	0.00918710029693997	GTF2H3;RNMT;ERCC8;GTF2H1;NELFCD;ADA;MRPL40;SRSF6;NUDT21;NCBP2;SF3A3;ERCC4;ERCC3;LIG1;POLR2D;NFX1;IMPDH2;POLR1H;POLR1C;ITPA;EDF1;APRT;UMPS;DUT;ERCC5;RFC3;RPA3;TP53;POLR2C;NME3;NME1;POLR2K;AAAS;GTF2A2;TAF9;RFC4;PCNA;AK3;DDB2;SSRP1;GTF2H5;SEC61A1;POLB;REV3L;PDE4B;SNAPC5;GSDME;DDB1;POLR2H;TARBP2;TMED2;ELOA;TAF1C;RFC5;NELFE;RAD52;HPRT1;MPG;POLR3C;POLD1;ALYREF;UPF3B;GTF2F1;NUDT9;SMAD5;USP11;CSTF3;RALA	0.102497807776676	TRUE	both	0.588235294117647	entry4_PF_PLT_D3
E2F_TARGETS	-1.88748337101442	1.38080356824587e-05	SYNCRIP;NOP56;EED;NUDT21;MAD2L1;RAN;PPP1R8;CNOT9;MYC;EIF2S1;AK2;PAICS;KIF22;SLBP;STMN1;SRSF2;ASF1A;PMS2;TMPO;DCTPP1;DUT;RAD50;WDR90;PHF5A;LIG1;PCNA;PRDX4;IPO7;RFC3;MLH1;HNRNPD;CSE1L;RAD1;RPA3;CDC25B;NUP205;RBBP7;CDK4;NUP107;DNMT1;NME1;TBRG4;SMC3;TP53;RPA1;ILF3;MCM3;CENPM;NAP1L1;PAN2;XRCC6;MRE11;CTPS1;SSRP1;SMC1A;RFC1;TRA2B;RANBP1;CDK1;MSH2;SNRPB;MCM5;POLE;SMC4;ZW10;RNASEH2A;CKS1B;CBX5;SRSF1;MTHFD2;NOLC1;POLD1;DSCC1;UBR7;RRM2;MCM7	-1.6527602955424	0.000748546740733101	SYNCRIP;EED;NOP56;MAD2L1;MYC;RAN;CNOT9;PPP1R8;PAICS;PMS2;ASF1A;AK2;KIF22;NUDT21;RAD50;TMPO;HNRNPD;PHF5A;STMN1;WDR90;EIF2S1;LIG1;CDC25B;IPO7;DCTPP1;DNMT1;DUT;PRDX4;MLH1;RAD1;RFC3;RPA3;TP53;PAN2;ILF3;NME1;MRE11;CDK4;NUP205;SRSF2;SLBP;RANBP1;RBBP7;CSE1L;NUP107;CTPS1;SMC1A;PCNA;MCM3;SMC3;SSRP1;RFC1;CBX5;NOLC1;NAP1L1;MSH2;MCM5;TBRG4;CENPM;RPA1;HELLS;CCNE1;CDKN2A;ZW10;XRCC6;UBE2T;POLD2;SRSF1;MCM7;LYAR;CKS1B;PRPS1;RNASEH2A;TRA2B;POLE;RRM2;SMC4;POLD1;RAD51C	0.234723075472022	TRUE	both	0.845238095238095	entry4_PF_PLT_D3
EPITHELIAL_MESENCHYMAL_TRANSITION	1.05349506756673	0.458508738496062	GADD45A;BASP1;COL4A2;FBN2;FAS;PCOLCE2;EFEMP2;QSOX1;CAPG;CD59;CD44;NOTCH2;COL7A1;PFN2;TGFB1;SERPINE1;AREG;WIPF1;COLGALT1;TNFAIP3;PDLIM4;TPM1;PLOD1;COPA;GADD45B;COL6A3;LOXL1;THBS1;ACTA2;ANPEP;ITGA5;VIM	1.2671310398308	0.12977069568597	GADD45A;BASP1;FBN2;PCOLCE2;CD59;QSOX1;CAPG;CD44;EFEMP2;FAS;COL4A2;SERPINE1;TGFB1;COLGALT1;GADD45B;TPM1;AREG;NOTCH2;TNFAIP3;LOXL1;COL7A1;PFN2;THBS1;COL6A3;PLOD1;COPA;VIM;PDLIM4;CXCL1;SFRP4;WIPF1;TIMP1;PTX3;ITGB3;ANPEP;FSTL1;ACTA2;ITGA5;MYLK;SLC6A8;TPM4;LGALS1;VEGFA;TGM2;SPARC	0.21363597226407	TRUE	neither	0.711111111111111	entry4_PF_PLT_D3
ESTROGEN_RESPONSE_EARLY	1.37502066992804	0.0572057678165915	FKBP5;AFF1;IGF1R;SVIL;MREG;KAZN;MED13L;OLFML3;CA12;RARA;TTC39A;KDM4B;RAB31;SLC2A1;TIPARP;JAK2;SIAH2;GAB2;CHPT1;MINDY1;INHBB;FOXC1;RHOBTB3;TOB1;UGCG;CD44;ANXA9;FHL2;GLA;CANT1;AREG;TUBB2B;DHCR7;NADSYN1;B4GALT1;SH3BP5;FLNB;CISH;AMFR;DLC1;RAPGEFL1;BAG1;SLC7A5;TMEM164;KCNK5;MAST4;IL17RB;ALDH3B1;IL6ST;ABHD2;PODXL;SEMA3B;ELF3;ADD3;ITPK1;TGM2;SLC24A3;ELF1;MAPT;ARL3;ABAT	1.53704194108571	0.00940692665014048	IGF1R;AFF1;RAB31;FKBP5;SVIL;MED13L;MREG;TIPARP;UGCG;RARA;TTC39A;SLC2A1;FOXC1;TOB1;CD44;DHCR7;GAB2;KAZN;KDM4B;GLA;MINDY1;JAK2;CANT1;CHPT1;SIAH2;OLFML3;RHOBTB3;FHL2;INHBB;AREG;B4GALT1;CISH;NADSYN1;SH3BP5;KCNK5;TUBB2B;CA12;ANXA9;FLNB;TMEM164;MAST4;ALDH3B1;AMFR;SLC7A5;IL17RB;DLC1	0.162021271157674	TRUE	IPW_only	0.754098360655738	entry4_PF_PLT_D3
ESTROGEN_RESPONSE_LATE	1.06854169632649	0.441051158451252	ATP2B4;FKBP5;AFF1;MAPK13;CA12;RAB31;SERPINA1;JAK2;CCNA1;SIAH2;IMPA2;CHPT1;FOXC1;TOB1;BATF;S100A9;CD44;ANXA9;SNX10;CA2;GLA;JAK1;AREG;DHCR7;PTPN6;ST6GALNAC2;FLNB;CISH;CKB;AMFR;XRCC3;RAPGEFL1;BAG1;SLC7A5;HSPA4L;ZFP36;KCNK5	1.20421200333611	0.180294049726734	ATP2B4;AFF1;RAB31;FKBP5;SERPINA1;CCNA1;IMPA2;BATF;FOXC1;S100A9;TOB1;CD44;DHCR7;SNX10;GLA;JAK2;ST6GALNAC2;CHPT1;SIAH2;MAPK13;PTPN6;AREG;JAK1;CISH;CA2;KCNK5;CA12;ANXA9;FLNB;CKB;ALDH3B1;AMFR;SLC7A5;IL17RB;ZFP36;HSPA4L;IL6ST;SLC24A3;STIL;ABHD2;XRCC3;RAPGEFL1	0.135670307009618	TRUE	neither	0.837209302325582	entry4_PF_PLT_D3
FATTY_ACID_METABOLISM	-1.33413893267166	0.0698921337225046	OSTC;MDH1;METAP1;APEX1;ECHS1;ACSS1;ACAA2;ACAT2;ECI1;HADH;SUCLG2;HSD17B10;MCEE;CBR1;ADSL;ACADM;PSME1;HSPH1;SDHD;ALDH3A2;BCKDHB;HSD17B4;ACOT2;BPHL;ACSL5;PCBD1;HMGCS1;HSP90AA1;PDHA1;UGDH;ODC1;ECI2;CPT2;SUCLA2;GCDH;RAP1GDS1;PTS;XIST;CD36;MIF;ENO2;BLVRA;MIX23;EHHADH;NTHL1;ALDH9A1;ACO2;HSD17B7;SMS;IDH3B;MDH2;FH;CPOX;RDH11;ECH1;MLYCD;TP53INP2;S100A10;ALDH1A1;DLST;H2AZ1;IDH3G	-1.03332616496209	0.467937908072815	OSTC;MDH1;METAP1;APEX1;ACSS1;ECHS1;ACAA2;SUCLG2;HADH;MCEE;CBR1;ECI1;ACAT2;ACADM;HSD17B10;BPHL;ADSL;ECI2;MIX23;ACSL5;HSD17B4;BCKDHB;SDHD;CPT2;UGDH;ACOT2;PDHA1;BLVRA;PSME1;ODC1;RAP1GDS1;CD36;HSD17B7;PTS;SUCLA2;GCDH;MIF;NTHL1;ALDH3A2;PCBD1;ENO2;SMS;HMGCS1;FH;ACO2;XIST;MLYCD;MDH2;ALDH1A1;IDH3B;HSPH1;S100A10;CRYZ;IDH3G;CD1D	0.300812767709566	TRUE	neither	0.828125	entry4_PF_PLT_D3
G2M_CHECKPOINT	-1.00025304536745	0.537539295392954	SYNCRIP;BUB3;SLC38A1;G3BP1;SRSF10;MAD2L1;PURA;MYC;SLC12A2;NCL;KIF22;STMN1;SRSF2;CUL5;HSPA8;H2AZ2;TMPO;ORC5;HNRNPD;RPS6KA5;TENT4A;CDC25B;MTF2;CDK4;HMGN2;PRP4K;ILF3;MCM3;CUL1;UCK2;SNRPD1;ODC1;SMC1A;SS18;DTYMK;ABL1;TRA2B;SMC2;CDK1;FBXO5;MCM5;POLE;SMC4;NDC80;CKS1B;SRSF1;SMARCC1;CCNT1;NOLC1;SMAD3	-0.810182956299102	0.932160163223667	BUB3;SYNCRIP;G3BP1;SLC38A1;SRSF10;PURA;NCL;MAD2L1;MYC;CUL5;RPS6KA5;KIF22;TMPO;HNRNPD;STMN1;CDC25B;H2AZ2;PRP4K;ORC5;ILF3;CDK4;TENT4A;SRSF2;HSPA8;SMC1A;UCK2;SS18;MTF2;MCM3;SNRPD1;SLC12A2;ODC1;SMARCC1;NOLC1;SMAD3;DTYMK	0.190070089068348	TRUE	neither	0.72	entry4_PF_PLT_D3
GLYCOLYSIS	1.02165845669308	0.516894612960487	TGFA;PYGL;PHKA2;TPST1;IRS2;ABCB6;HK2;B4GALT4;PDK3;PKM;EXT1;DSC2;P4HA2;LCT;QSOX1;ANKZF1;SAP30;MERTK;PKP2;CD44;SPAG4;RRAGD;IL13RA1;LDHA;G6PD;DEPDC1;PGM2;SLC16A3;B4GALT1;TALDO1;PAM;ALDOA;PGK1;PLOD1;ZNF292;ME2;IER3;RBCK1	1.35240207610881	0.0457683624562876	TGFA;PYGL;PHKA2;IRS2;TPST1;HK2;PKM;B4GALT4;PDK3;RRAGD;P4HA2;QSOX1;ABCB6;DSC2;MERTK;SPAG4;LDHA;CD44;EXT1;LCT;SLC16A3;TALDO1;PGK1;PAM;PGM2;PKP2;G6PD;IER3;IL13RA1;B4GALT1;ALDOA;DEPDC1;ANKZF1;ME2;SAP30;TXN;PLOD1	0.330743619415727	TRUE	IPW_only	0.923076923076923	entry4_PF_PLT_D3
HEDGEHOG_SIGNALING	1.44153558930456	0.108086397715102	ETS2;SLIT1;CDK5R1;NF1;GLI1;TLE3;TLE1;MYH9;RASA1;ACHE;PML	1.32560208749018	0.180063394018205	ETS2;SLIT1;CDK5R1;NF1;TLE3;MYH9;TLE1;GLI1;RASA1;PML;VLDLR;ACHE	-0.11593350181438	TRUE	neither	0.916666666666667	entry4_PF_PLT_D3
HEME_METABOLISM	2.30859510794709	6.60754938033427e-11	NFE2;SLC22A4;CCND3;ATP6V0A1;GCLM;EZH1;LPIN2;ABCB6;SLC25A37;ADD1;MBOAT2;NARF;LRP10;MARK3;FBXO34;CAST;ERMAP;GAPVD1;MAP2K3;SLC2A1;P4HA2;FOXO3;KHNYN;MPP1;FBXO9;PSMD9;RCL1;USP15;HTATIP2;CA2;NR3C1;NUDT4;SMOX;RHAG;ALAD;TNRC6B;SPTB;ADIPOR1;PICALM;PPP2R5B;KDM7A;BCAM;GDE1;TMCC2;DCAF10;SDCBP;EIF2AK1;HDGF;RAP1GAP;LAMP2;FOXJ2;RBM5;TAL1;RANBP10;KEL;ARHGEF12;DMTN;ANK1;MARCHF8;SEC14L1;SYNJ1;MARCHF2;SLC66A2;LMO2;RHD;RNF19A;KLF3;NEK7;AGPAT4;CTNS;FBXO7;GATA1;RBM38;FN3K;TOP1;XPO7;E2F2;BTRC;DAAM1;UBAC1;DCAF11;HAGH;SPTA1;RHCE;KAT2B;KLF1;MXI1;CLIC2;HTRA2;SLC6A8;SLC6A9;GYPC;CTSB;PDZK1IP1;EPOR;TRIM58;NFE2L1	2.45039993652939	1.84392999834753e-12	NFE2;CCND3;SLC22A4;GCLM;NARF;MBOAT2;ADD1;ATP6V0A1;LPIN2;SLC25A37;FBXO34;FBXO9;LRP10;P4HA2;ABCB6;MPP1;MARK3;MAP2K3;SLC2A1;HTATIP2;CAST;EZH1;ERMAP;FOXO3;GAPVD1;KHNYN;PSMD9;NR3C1;SDCBP;DCAF10;GDE1;SMOX;PPP2R5B;SPTB;ALAD;RHAG;ADIPOR1;NUDT4;PICALM;FOXJ2;LAMP2;CA2;EIF2AK1;SEC14L1;RCL1;KDM7A;HDGF;USP15;MARCHF2;RAP1GAP;TMCC2;RANBP10;KEL;ARHGEF12;ANK1;TAL1;RHD;BCAM;NEK7;MARCHF8;LMO2;SLC66A2;KLF3;TNRC6B;SYNJ1;DMTN;RBM38;DCAF11;E2F2;RBM5;EPOR;RNF19A;FN3K;CTNS;GATA1;XPO7;RHCE;CTSB;BTRC;KAT2B;FBXO7;HTRA2;SLC6A8;UBAC1;YPEL5;TRIM58;DAAM1;TOP1;CCDC28A;NFE2L1;CLIC2;HAGH;BSG;MXI1;HMBS;KLF1;CDR2;MKRN1;PDZK1IP1;CDC27;SLC6A9;XK;RNF123;OSBP2	0.1418048285823	TRUE	both	0.878504672897196	entry4_PF_PLT_D3
HYPOXIA	1.94438984481066	1.62107066849125e-05	PFKFB3;NDRG1;FOSL2;SLC2A3;IRS2;SLC6A6;KLF7;TPST2;NFIL3;HK2;AMPD3;PDK3;RBPJ;PGM1;CA12;EXT1;NDST2;KLF6;PIM1;JMJD6;SLC2A1;TIPARP;P4HA2;WSB1;SIAH2;IDS;ANKZF1;SAP30;CCNG2;FOXO3;ADM;NEDD4L;PNRC1;RRAGD;LDHA;NR3C1;CSRP2;PYGM;SERPINE1;PGM2;PPP1R15A;HK1;NDST1;MAP3K1;CDKN1B;PAM;TNFAIP3;ALDOA;MYH9;TMEM45A;GAPDH;PGK1;PHKG1;ZNF292;IER3;ZFP36;KDM3A;CP;CITED2;GBE1;PLAC8;DUSP1;PDK1;ENO1;PRDX5;GYS1;NOCT;VLDLR;DDIT4;S100A4;UGP2;TGM2;GLRX;ATP7A;EFNA1;MXI1	2.22477326355746	3.97575418938202e-08	NDRG1;PFKFB3;NFIL3;SLC2A3;FOSL2;TPST2;AMPD3;IRS2;HK2;NDST2;RBPJ;KLF7;JMJD6;KLF6;PDK3;CCNG2;RRAGD;PGM1;PIM1;P4HA2;SLC6A6;TIPARP;SLC2A1;ADM;WSB1;FOXO3;LDHA;EXT1;IDS;NR3C1;SERPINE1;SIAH2;PNRC1;PGK1;PAM;PGM2;PPP1R15A;HK1;IER3;GAPDH;TNFAIP3;MAP3K1;ALDOA;DUSP1;CDKN1B;GBE1;ANKZF1;NDST1;SAP30;CSRP2;MYH9;PLAC8;CA12;PRDX5;TMEM45A;PYGM;GLRX;ENO1;GYS1;NEDD4L;UGP2;CITED2;ZNF292;PHKG1;ZFP36;DDIT4	0.280383418746803	TRUE	both	0.868421052631579	entry4_PF_PLT_D3
IL2_STAT5_SIGNALING	1.44042847223385	0.0233813743764083	IL1R2;CST7;NDRG1;MAPKAPK2;IGF1R;CCND3;PLSCR1;SLC2A3;CKAP4;IL18R1;SCN9A;IL4R;HYCC2;MXD1;NFIL3;IGF2R;HK2;FURIN;ADAM19;HIPK2;ALCAM;KLF6;PIM1;IL1RL1;DENND5A;SELL;PLEC;IFITM3;CAPG;BATF;DCPS;EMP1;MAP3K8;CD44;SMPDL3A;RRAGD;ETFBKMT;CA2;SHE;CSF1;CAPN3;ST3GAL4;F2RL2;GABARAPL1;SPRED2;IFNGR1;GLIPR2;SLC39A8	1.60574336991184	0.00257324593137591	CST7;NDRG1;IL1R2;CCND3;MAPKAPK2;NFIL3;CKAP4;SLC2A3;IGF1R;PLSCR1;SCN9A;HK2;FURIN;HIPK2;MXD1;HYCC2;IL18R1;ALCAM;KLF6;RRAGD;PIM1;SELL;IL4R;IGF2R;IFNGR1;BATF;ADAM19;DENND5A;CAPG;IFITM3;SMPDL3A;CD44;PLEC;CAPN3;GLIPR2;MAP3K8;CSF1;IL1RL1;GADD45B;SLC39A8;ST3GAL4;GABARAPL1;CISH;EMP1;F2RL2;SPRED2;CA2	0.165314897677994	TRUE	both	0.9	entry4_PF_PLT_D3
IL6_JAK_STAT3_SIGNALING	2.04989865211459	6.63134285901046e-05	IL1R2;IL1R1;IL17RA;IL18R1;TLR2;STAT3;IL4R;IFNAR1;ACVR1B;IL10RB;TNFRSF1A;SOCS3;FAS;PIM1;CSF3R;CBL;PTPN1;IFNGR2;CSF2RA;PDGFC;MAP3K8;CD44;IL13RA1;GRB2;PIK3R5;CSF2RB;CSF1;TGFB1;IFNGR1;MYD88;IRF9;OSMR;SOCS1	2.30245048630249	1.11406379276513e-06	IL1R2;IL1R1;IL17RA;STAT3;SOCS3;IFNAR1;IL10RB;IFNGR2;TNFRSF1A;ACVR1B;IL18R1;TLR2;PTPN1;PIM1;IL4R;PDGFC;IFNGR1;CSF3R;CSF2RB;CSF2RA;CD44;MYD88;CBL;FAS;MAP3K8;CSF1;GRB2;TGFB1;IL13RA1;PIK3R5;SOCS1;IRF9;IRF1;IL17RB;OSMR;CXCL1;IL6ST;IL2RG;ACVRL1;TYK2;CCR1;ITGB3;PTPN11	0.252551834187898	TRUE	both	0.767441860465116	entry4_PF_PLT_D3
INFLAMMATORY_RESPONSE	1.77405278551066	0.000268882167566868	KIF1B;IL1R1;IL18RAP;IL18R1;LCP2;TLR2;IL4R;IFNAR1;PTPRE;MXD1;ACVR1B;LYN;IRAK2;IFITM1;NFKB1;MEFV;CD55;C3AR1;SEMA4D;PSEN1;RHOG;RNF144B;KLF6;CSF3R;AQP9;IFNGR2;CD82;LDLR;PROK2;EIF2AK2;RAF1;NFKBIA;SELL;FPR1;HIF1A;ADM;ADGRE1;PTAFR;HPN;OSM;PIK3R5;TAPBP;SGMS2;CSF1;FZD5;SERPINE1;NLRP3;TLR1;KCNJ2;GPR132;GNAI3;NOD2;OSMR;DCBLD2;NMI;TNFSF10;NAMPT;CLEC5A;SLC31A2;IL10;RGS16;ITGA5;IRF7;FFAR2;IRF1;ICAM1;TNFAIP6;GNA15;ABI1	1.91899967019153	2.80750808832019e-05	KIF1B;IL1R1;IL18RAP;IFNAR1;LYN;IFNGR2;ACVR1B;IFITM1;MXD1;RHOG;PTPRE;PROK2;FPR1;AQP9;IL18R1;KLF6;LCP2;RNF144B;TLR2;IRAK2;OSM;SELL;NFKB1;IL4R;MEFV;NFKBIA;CD55;LDLR;CD82;PTAFR;ADM;C3AR1;PSEN1;CSF3R;HIF1A;NLRP3;SGMS2;SERPINE1;ADGRE1;CSF1;SEMA4D;TAPBP;SLC31A2;RAF1;CLEC5A;FFAR2;EIF2AK2;GNAI3;KCNJ2;NAMPT;PIK3R5;NOD2;ICAM1;TLR1	0.144946884680872	TRUE	both	0.782608695652174	entry4_PF_PLT_D3
INTERFERON_ALPHA_RESPONSE	1.37786435330838	0.0815824459823814	TRIM25;PLSCR1;IL4R;ADAR;IRF2;IFITM1;IFITM2;TRAFD1;TRIM5;EIF2AK2;SELL;TMEM140;IFITM3;TRIM21;PARP9;SP110;TDRD7;CSF1;GBP2;GMPR;IRF9;NMI;HELZ2;BATF2;OGFR;IFI27;TXNIP;SLC25A28;IRF7;MOV10;IRF1;TAP1;RNF31	1.45806792351975	0.0308928464091431	TRIM25;PLSCR1;IFITM1;ADAR;SELL;IL4R;TRAFD1;IFITM2;IRF2;TRIM21;TMEM140;IFITM3;CSF1;TRIM5;EIF2AK2;PARP9;GMPR;TDRD7;IRF9;TAP1;NMI;GBP2;IRF1;HLA-C;HELZ2;SP110;SLC25A28;TXNIP;OGFR	0.0802035702113735	TRUE	IPW_only	0.823529411764706	entry4_PF_PLT_D3
INTERFERON_GAMMA_RESPONSE	1.36801146495122	0.0447075559174608	TRIM25;UPP1;EIF4E3;PLSCR1;NLRC5;LATS2;LCP2;STAT3;IL4R;ADAR;IRF2;NFKB1;SOCS3;IFITM2;FAS;PIM1;TRAFD1;PTPN1;JAK2;EIF2AK2;NFKBIA;ZNFX1;FPR1;IFITM3;TRIM21;RNF213;RIPK1;HIF1A;SP110;ARID5B;TDRD7;CD274;MVP;CSF2RB;CASP4;TAPBP;TMT1B;PELI1;C1R;MYD88;MX2;PTPN6;TNFAIP3;TOR1B;IRF9;IFNAR2;FCGR1A;SOCS1;NMI;TNFSF10;NAMPT;RBCK1;HELZ2;ST8SIA4;BATF2;OGFR;PML;IFI27;TXNIP;SLC25A28;IRF7;IRF1;RIGI;ICAM1;TNFAIP6;TAP1;RNF31	1.42896945716774	0.0210785524035258	UPP1;TRIM25;STAT3;LATS2;PLSCR1;SOCS3;EIF4E3;FPR1;ADAR;LCP2;PTPN1;PIM1;NFKB1;IL4R;NFKBIA;TRAFD1;IFITM2;IRF2;TRIM21;CSF2RB;ZNFX1;NLRC5;IFITM3;HIF1A;MYD88;JAK2;FAS;TMT1B;CD274;TAPBP;PTPN6;MVP;TOR1B;PELI1;TNFAIP3;EIF2AK2;ARID5B;NAMPT;RNF213;FCGR1A;TDRD7;SOCS1;CASP4;IRF9;ICAM1;RIPK1;C1R;TAP1;NMI;TNFAIP6;IRF1;HELZ2;SP110;IFNAR2;SELP;SLC25A28;TXNIP;OGFR;SPPL2A;RBCK1;ST8SIA4;TNFSF10	0.0609579922165184	TRUE	both	0.869565217391304	entry4_PF_PLT_D3
KRAS_SIGNALING_DN	1.04316348552609	0.48758421310756	ZBTB16;PTPRJ;TG;ASB7;CPEB3;MEFV;STAG3;ENTPD7;CCNA1;KCND1;HSD11B2;PTGFR;MAST3	1.08580535000563	0.406345475910693	ZBTB16;PTPRJ;ENTPD7;ASB7;TG;CPEB3;MEFV;CCNA1;KCND1;STAG3;PTGFR;BARD1;NR6A1;MAST3;MAGIX;KLHDC8A;KMT2D;HSD11B2	0.0426418644795412	TRUE	neither	0.722222222222222	entry4_PF_PLT_D3
KRAS_SIGNALING_UP	0.807155022223018	0.924298752933932	MMP9;ARG1;AVL9;GALNT3;DOCK2;TLR8;C3AR1;TOR1AIP2;CDADC1;LAT2;CBL;LCP1;ADAM17;PTBP2;CSF2RA;NIN;EMP1;GADD45G;F2RL1;CA2;LY96;PPP1R15A;MAP3K1;TNFAIP3;ALDH1A2;MTMR10;DCBLD2;SPRY2;ADAM8;IKZF1;TFPI;RGS16;FCER1G;ITGB2	1.02319681080675	0.489176146909186	MMP9;ARG1;LAT2;GALNT3;CDADC1;AVL9;TLR8;C3AR1;LCP1;CSF2RA;F2RL1;TOR1AIP2;CBL;DOCK2;NIN;GADD45G;PTBP2;PPP1R15A;ADAM17;TNFAIP3;MAP3K1;TRIB1;EMP1;CA2;ADAM8;MTMR10;LY96;TFPI;RETN;LAPTM5;SPRY2;ITGB2;GLRX;IKZF1;ALDH1A2;FCER1G	0.216041788583736	TRUE	neither	0.842105263157895	entry4_PF_PLT_D3
MITOTIC_SPINDLE	1.80033485981612	6.91220923075669e-05	CDK5RAP2;KIF1B;CLASP1;AKAP13;KLC1;RANBP9;FGD4;SSH2;PREX1;ARL8A;DOCK2;GSN;TUBA4A;CSNK1D;KIF3C;ROCK1;ARHGEF11;RASA2;SPTBN1;NF1;CLIP1;NIN;WASF2;LMNB1;PPP4R2;CDC42EP2;PXN;CDC42EP4;PAFAH1B1;NOTCH2;NEDD9;CDC42EP1;ARHGEF2;NCK2;PRC1;CNTROB;CDC42BPA;CAPZB;ARFGEF1;STAU1;MYH9;APC;RASA1;FLNB;MARK4;ECT2;ABR;KIF4A;TUBD1;ARHGEF12;ITSN1;ARHGAP27;CYTH2;RALBP1;CDC42;KPTN;ACTN4;ARAP3;TTK;KIF11;MYO9B;MARCKS;ABI1;HDAC6;TAOK2;VCL;MAP1S;MYH10;KIF5B;WASF1;TBCD;NUSAP1;TUBGCP2;CEP192;PCNT;SOS1;RABGAP1;MAP3K11;PDLIM5;KIF15;TLK1;DYNLL2;KIF23	1.81204155941958	7.09431413802073e-05	CDK5RAP2;KIF1B;CLASP1;RANBP9;TUBA4A;ARL8A;GSN;AKAP13;FGD4;KIF3C;KLC1;PREX1;PPP4R2;CDC42EP2;LMNB1;SSH2;SPTBN1;WASF2;ARHGEF11;PAFAH1B1;CSNK1D;DOCK2;CNTROB;ROCK1;NCK2;RASA2;NIN;CDC42EP4;CLIP1;RALBP1;PXN;NF1;ARFGEF1;NOTCH2;STAU1;CDC42BPA;MYH9;MARCKS;CDC42EP1;NEDD9;CDC42;TUBD1;CAPZB;RASA1;FLNB;PRC1;KIF4A;ARHGEF12;ARHGEF2;ITSN1;APC;KPTN;ECT2;TTK;ACTN4;ABI1;ABR;KIF11;VCL;ARHGAP27;KIF5B;MARK4;MYH10;MAP1S;PDLIM5;MYO9B;CYTH2;KIF23;HDAC6;TAOK2;ARAP3;CEP192;AURKA;TLK1;TUBGCP3;MAP3K11;KIF15;SOS1;MAPRE1;DYNLL2;NUSAP1;ARHGDIA;KATNB1;TUBGCP2;CLIP2;BCR;RAB3GAP1	0.0117066996034643	TRUE	both	0.868131868131868	entry4_PF_PLT_D3
MTORC1_SIGNALING	-1.21967912332138	0.114830934047539	UFM1;GTF2H1;HSPD1;FGL2;EEF1E1;ATP5MC1;HSPA9;M6PR;GGA2;PPIA;CACYBP;HSP90B1;PSMD14;PSMC2;EPRS1;SLC37A4;USO1;STARD4;INSIG1;MTHFD2L;IMMT;SHMT2;PITPNB;SC5D;SEC11A;TCEA1;MLLT11;PRDX1;CANX;SSR1;HSPA4;NUP205;CYB5B;RRP9;CXCR4;PPA1;XBP1;CCT6A;UCHL5;PHGDH;HMGCS1;RPA1;ARPC5L;TRIB3;RPN1;PSMA3;EBP;EDEM1;HSPA5;SERP1;FKBP2;PSMA4;PSMC6;CALR;SYTL2;SORD;HPRT1;EIF2S2;POLR3G	0.956245166151948	0.644434357728353	NFIL3;GSR;SLC2A3;SLA;TUBA4A;SKAP2;NIBAN1;HK2;IDI1;PGM1;SLC6A6;LDLR;MAP2K3;SLC2A1;GSK3B;ACSL3;LDHA;NUPR1;DHCR7;GLA;NFYC;PGK1;G6PD;PPP1R15A;RAB1A;RIT1;GAPDH;ALDOA;GBE1;TXNRD1;UBE2D3;NAMPT	2.17592428947333	FALSE	neither	0	entry4_PF_PLT_D3
MYC_TARGETS_V1	-3.13061869681718	6.18934601350443e-27	SRSF7;DDX18;SYNCRIP;BUB3;NPM1;SNRPA1;HNRNPR;ABCE1;SET;EEF1B2;FBL;TOMM70;RPL34;HSPD1;G3BP1;NOP56;RPL22;MRPS18B;MAD2L1;STARD7;RAN;DDX21;NDUFAB1;CCT4;CLNS1A;ILF2;RPS2;RSL1D1;RPLP0;RPS5;PPIA;APEX1;GLO1;MYC;EIF2S1;POLE3;VDAC1;RPS3;RPL6;SNRPD2;RPS10;PSMD14;RPL18;SSBP1;CCT2;EPRS1;PHB1;SRSF2;RPS6;SRSF3;PSMD8;EIF3D;NCBP2;GNL3;IMPDH2;DHX15;IARS1;DUT;PSMA2;PCNA;PRDX4;ERH;KARS1;HNRNPD;HDAC2;C1QBP;CCT7;YWHAQ;PRPS2;RACK1;PABPC4;CANX;SLC25A3;TXNL4A;SERBP1;RRP9;CDK4;MRPL23;ACP1;PHB2;MRPL9;TUFM;NME1;UBE2E1;SNRPA;RFC4;HNRNPA3;CUL1;NAP1L1;HNRNPA1;HSP90AB1;XRCC6;PSMA1;SNRPD1;SNRPB2;CTPS1;ODC1;SRM;SNRPD3;VDAC3;UBA2;TRA2B;RANBP1;PSMA4;PSMC6;AIMP2;EIF4A1;RRM1;RPL14;EIF4E;HPRT1;EIF2S2;MCM5;COX5A;NCBP1;HSPE1;PRDX3;PSMB2;HDDC2;XPOT;CSTF2;SRSF1;SMARCC1;NOLC1;TCP1;CCT3;PWP1;MCM7;COPS5;SSB;PSMC4;CNBP;EIF3B;PPM1G;POLD2;GOT2;SF3B3;CCT5;PSMD7;LSM7;SNRPG;PSMA6	-2.94419111774764	5.97247551290994e-22	DDX18;SRSF7;BUB3;SYNCRIP;SNRPA1;ABCE1;NPM1;HNRNPR;RPL34;G3BP1;EEF1B2;FBL;RPL22;CLNS1A;TOMM70;MRPS18B;RPL6;RPS5;RPS2;NOP56;MAD2L1;RPLP0;MYC;SSBP1;SNRPD2;CCT4;SET;RPS6;RAN;RSL1D1;PPIA;NDUFAB1;APEX1;DDX21;RPS10;ILF2;EIF3D;GLO1;CCT2;HSPD1;STARD7;IARS1;PHB1;EPRS1;PSMD14;RPL18;HNRNPD;NCBP2;RPS3;VDAC1;PSMD8;EIF2S1;POLE3;IMPDH2;GNL3;PSMA2;HNRNPA1;HNRNPA3;ERH;RACK1;DHX15;DUT;PRDX4;SRSF3;PRPS2;YWHAQ;MRPL9;SNRPA;PABPC4;C1QBP;NME1;TUFM;CDK4;RRP9;MRPL23;RPL14;CCT7;SRSF2;RANBP1;HDAC2;SERBP1;CTPS1;RFC4;KARS1;ACP1;PCNA;VDAC3;SRM;TXNL4A;SNRPD1;HDDC2;ODC1;SMARCC1;PHB2;NOLC1;COX5A;SNRPD3;SLC25A3;EIF4A1;UBE2E1;CUL1;NAP1L1;SSB;MCM5;EIF4E;AIMP2;SNRPB2;UBA2;NCBP1;HSPE1;COPS5;EIF2S2;XRCC6;PSMA1;CANX;LSM7;POLD2;CSTF2;SF3B3;SRSF1;SNRPG;MCM7;CAD;PWP1;NHP2;NOP16;CCT3;GOT2;HPRT1;PPM1G;PSMB2	0.18642757906954	TRUE	both	0.882758620689655	entry4_PF_PLT_D3
MYC_TARGETS_V2	-2.22695119373384	1.65415489442643e-05	DDX18;WDR43;NPM1;HSPD1;NOP56;NDUFAF4;MYC;PPAN;PHB1;UTP20;PES1;GNL3;DCTPP1;MRTO4;PRMT3;RRP9;CDK4;PUS1;GRWD1;TFB2M;TBRG4;SRM;LAS1L;AIMP2;IMP4;MPHOSPH10;SORD;MCM5;HSPE1;NOLC1;DUSP2;IPO4;TMEM97;MYBBP1A;NIP7;FARSA	-2.22888239849331	1.81071893799375e-05	DDX18;WDR43;NPM1;NDUFAF4;NOP56;UTP20;MYC;PPAN;HSPD1;PHB1;PUS1;PES1;MRTO4;GNL3;DCTPP1;GRWD1;CDK4;RRP9;SORD;MPHOSPH10;LAS1L;SRM;TFB2M;NOLC1;IMP4;MCM5;TBRG4;PRMT3;AIMP2;MYBBP1A;HSPE1;TMEM97;NOP16;IPO4;NOP2;NIP7	-0.00193120475946484	TRUE	both	0.894736842105263	entry4_PF_PLT_D3
MYOGENESIS	1.16519760832891	0.279356210443038	ACSL1;SVIL;MEF2A;COL4A2;ITGA7;GSN;MYBPC3;DAPK2;MYOM1;FOXO4;PDLIM7;KLF5;NQO1;TGFB1;PYGM;CLU;KIFC3;MYH9;TPM3;MYH11;NOTCH1;ACHE;RIT1;CKB;GADD45B;DMPK;COL6A3;MYL6B;BAG1;MAPRE3;IFRD1;LSP1;ATP6AP1;GPX3;SMTN;KCNH2;APP;TAGLN;NCAM1;AK1;HDAC5;MYLK;SLC6A8;FLII;MYO1C;CHRNG;GABARAPL2;AKT2;ITGB5;SPARC;PICK1;NAV2;IGFBP7;TSC2;SCD;MAPK12	1.17680404963856	0.237449553626024	ACSL1;GSN;MEF2A;SVIL;ITGA7;FOXO4;MYBPC3;COL4A2;DAPK2;KLF5;TPM3;TGFB1;GADD45B;MYOM1;RIT1;CLU;PDLIM7;KIFC3;COL6A3;MYH9;DMPK;MYL6B;CKB;ATP6AP1;NQO1;PYGM;NOTCH1;LSP1;APP;IFRD1;MYH11;GABARAPL2;GPX3;ACHE;BAG1;HDAC5;SMTN;MYLK;SLC6A8;MAPRE3;SPARC;IGFBP7;AK1;FLII;ITGB5;HBEGF	0.0116064413096462	TRUE	neither	0.789473684210526	entry4_PF_PLT_D3
NOTCH_SIGNALING	-0.932405789863031	0.640825096232793	DTX4;MAML2;LFNG;HES1;PSEN2;CUL1;ARRB1;FZD1;SKP1	-0.889375416102477	0.663714148554647	DTX4;MAML2;LFNG;PSEN2;HES1;ARRB1;CUL1;FZD1;DTX1;PPARD;SKP1	0.0430303737605544	TRUE	neither	0.818181818181818	entry4_PF_PLT_D3
OXIDATIVE_PHOSPHORYLATION	-2.43614140782535	1.77311184108886e-12	MRPS30;LRPPRC;PDP1;TIMM17A;CYCS;LDHB;TOMM70;ABCB7;MRPL35;ATP5MC1;HSPA9;NDUFAB1;COX10;NDUFB5;OXA1L;MDH1;MRPL15;ATP5PO;DLAT;ECHS1;TOMM22;VDAC1;COX7C;COX6C;ATP5F1A;NDUFS3;SLC25A4;ACAA2;UQCRC2;ATP5MC2;ECI1;NDUFB2;COX7A2;SLC25A5;BDH2;VDAC2;MRPL11;CASP7;NDUFA4;GLUD1;HSD17B10;IMMT;NDUFV1;ACADSB;TIMM13;PHYH;ATP5MC3;ATP5PB;SLC25A6;PMPCA;NDUFA8;NDUFB8;TIMM50;SLC25A3;FDX1;IDH2;ACADM;SDHD;TIMM10;NDUFA5;PDK4;PHB2;MRPS12;OPA1;TIMM9;NNT;PDHA1;COX4I1;SLC25A12;MGST3;ATP6V1F;SLC25A20;UQCRFS1;NDUFA6;UQCR10;VDAC3;ATP5F1C;SUCLA2;UQCRQ	-2.23218266476767	1.81137555093778e-09	MRPS30;LRPPRC;LDHB;PDP1;CYCS;MRPL35;TIMM17A;TOMM70;DLAT;MRPL15;MDH1;OXA1L;ATP5MC1;ATP5PO;ABCB7;COX7C;NDUFB5;COX10;COX6C;NDUFAB1;HSPA9;ECHS1;SLC25A4;ACAA2;PDK4;TOMM22;ATP5MC2;NDUFB2;NDUFS3;UQCRC2;BDH2;VDAC1;NDUFV1;TIMM13;ATP5MC3;MRPL11;ECI1;NDUFA5;VDAC2;NDUFA8;SLC25A6;ATP5F1A;CASP7;PHYH;GLUD1;IDH2;COX7A2;PMPCA;NDUFA4;ACADM;TIMM10;ACADSB;HSD17B10;SLC25A5;IMMT;ATP5PB;NDUFB8;TIMM9;MRPS12;UQCRQ;MGST3;SDHD;TIMM50;NDUFA6;PDHA1;VDAC3;OPA1;FDX1;PHB2;SLC25A20;ETFA;COX4I1;COX5A;SLC25A3;MRPS11;UQCR10;UQCRFS1;NDUFS6;MTX2;SLC25A12;ATP5F1C;SUCLA2	0.203958743057682	TRUE	both	0.916666666666667	entry4_PF_PLT_D3
P53_PATHWAY	1.23988066689496	0.129716075578458	TGFA;UPP1;ZBTB16;GADD45A;NDRG1;CCND3;PTPRE;NUPR1;MXD1;ALOX15B;ACVR1B;ABHD4;APAF1;SP1;CEBPA;HEXIM1;FAS;DRAM1;CDK5R1;TRAFD1;CD82;PRMT2;STOM;FOXO3;INHBB;TOB1;RHBDF2;RNF19B;RXRA;TGFB1;GPX2;PPM1D;CCP110;PPP1R15A;PRKAB1;FGF13;CSRNP2;NOTCH1;SOCS1;CTSD;IP6K2;IER3;DEF6;RGS16;HSPA4L;CYFIP2;TXNIP;MKNK2;STEAP3;SERTAD3;PLK3;ZFP36L1;GM2A;TAP1	1.47678701808741	0.011665244958893	UPP1;NDRG1;CCND3;GADD45A;TGFA;ZBTB16;ABHD4;DRAM1;ACVR1B;MXD1;PTPRE;ALOX15B;APAF1;STOM;CEBPA;TRAFD1;CD82;PRMT2;FOXO3;SP1;TOB1;NUPR1;CDK5R1;FAS;HEXIM1;RNF19B;RXRA;PRKAB1;TGFB1;PPP1R15A;INHBB;IER3;RHBDF2;CTSD;SOCS1;SERTAD3;CSRNP2;TAP1;PPM1D;CYFIP2;CCP110;GM2A;NOTCH1;VDR;APP;FGF13;STEAP3;MKNK2;ZFP36L1;GPX2;DEF6;DDIT4;TXNIP;HSPA4L;PLK3	0.236906351192455	TRUE	IPW_only	0.912280701754386	entry4_PF_PLT_D3
PEROXISOME	-1.01194998672524	0.522815344603381	ABCD2;CLN6;SLC25A4;SLC23A2;HRAS;SCP2;SLC35B2;SLC25A19;DHRS3;EPHX2;PRDX1;CADM1;IDH2;HSD17B4;ERCC3;ACSL5;SOD1;CTPS1;ECI2;ABCB4;ITGB1BP1;ABCD3;ABCB1;MSH2;PEX11B;EHHADH;SMARCC1;ALDH9A1;ISOC1;CNBP;IDE;SLC27A2;RDH11;ECH1;PEX2;MLYCD	-0.856511998484443	0.791280245782765	ABCD2;SLC23A2;CLN6;SLC25A4;HRAS;ERCC3;SLC35B2;EPHX2;DHRS3;IDH2;SLC25A19;CADM1;ABCB4;PRDX1;ABCB1;ECI2;ACSL5;HSD17B4;CTPS1;SCP2;SMARCC1;SOD1;MSH2	0.155437988240797	TRUE	neither	0.638888888888889	entry4_PF_PLT_D3
PI3K_AKT_MTOR_SIGNALING	1.84630269094626	0.000617557589554062	MKNK1;MAP2K6;PRKCB;SLA;MAPK1;CAB39;VAV3;PRKAR2A;DUSP3;GSK3B;RAC1;RALB;TNFRSF1A;PTEN;MAP2K3;SLC2A1;RPS6KA3;RAF1;RIPK1;RPS6KA1;GRB2;PIKFYVE;AKT1S1;CFL1;MYD88;UBE2D3;CDKN1B;YWHAB;IRAK4;RIT1;ACTR2;ITPR2;GRK2;ACTR3;MAPK10;SMAD2;CLTC;TBK1;E2F1;MKNK2;ARF1	1.95036679663796	0.000182558541953352	MKNK1;CAB39;SLA;MAP2K6;PRKCB;PRKAR2A;MAPK1;TNFRSF1A;DUSP3;RALB;VAV3;PTEN;RAC1;MAP2K3;SLC2A1;GSK3B;RPS6KA3;RPS6KA1;MYD88;GRB2;CFL1;YWHAB;RAF1;RIT1;CDKN1B;UBE2D3;ACTR2;IRAK4;RIPK1;SMAD2;AKT1S1;ARF1;ACTR3;PIKFYVE;GRK2;MKNK2;PFN1;CLTC;MAPK10;E2F1;IL2RG;AP2M1;NFKBIB;PTPN11;PDK1;ITPR2;TBK1	0.104064105691697	TRUE	both	0.872340425531915	entry4_PF_PLT_D3
PROTEIN_SECRETION	0.735065447878963	0.954163273615635	KIF1B;MAPK1;IGF2R;STX16;RPS6KA3;GNAS;STX7;AP2B1;GLA;CD63;PAM;ARFGEF1;AP1G1;LAMP2;RAB5A;STAM;VAMP3;CLTC;SEC22B;ARF1;SGMS1;COPB1;ABCA1;CLN5;RAB2A;AP2S1;ATP7A	1.10005181491018	0.381523569023569	KIF1B;MAPK1;IGF2R;RPS6KA3;GNAS;CD63;GLA;STX16;AP2B1;PAM;ARFGEF1;VAMP3;RAB5A;LAMP2;STX7;ARF1;AP1G1;CLTC;AP3S1;SEC22B;STAM;RAB2A;AP2M1;ARFGAP3;COPB1;RAB14;ATP6V1H;VPS4B;NAPA;AP2S1;PPT1;SNAP23;YKT6;ATP7A;CLN5;SGMS1;ARCN1;ABCA1	0.364986367031215	TRUE	neither	0.710526315789474	entry4_PF_PLT_D3
REACTIVE_OXYGEN_SPECIES_PATHWAY	1.51860276642506	0.0457029665441079	GSR;GCLM;HHEX;MBP;FES;MSRA;SBNO2;CDKN2D;G6PD;NQO1;OXSR1;FTL;TXNRD1;EGLN2;SRXN1;LSP1;GPX3;JUNB;TXN;GLRX;PRDX6	1.96898533008965	0.00077408320316244	GCLM;GSR;HHEX;FES;MSRA;MBP;CDKN2D;SBNO2;OXSR1;G6PD;SRXN1;TXNRD1;LAMTOR5;TXN;FTL;NQO1;PRDX6;GLRX;JUNB;LSP1;EGLN2	0.450382563664595	TRUE	both	0.909090909090909	entry4_PF_PLT_D3
SPERMATOGENESIS	-0.822343119693517	0.902765819757463	CAMK4;ZC3H14;TSN;SLC12A2;LPIN1;ALOX15;PARP2;TKTL1;PEBP1;RAD17	1.02404285589844	0.489176146909186	PGS1;AGFG1;TLE4;PRKAR2A;CCNA1;CLVS1;BRAF;TALDO1;IP6K1;PHF7;SHE;H1-6;GMCL1;TTK;MAST2;HSPA4L;CHFR;NCAPH	1.84638597559196	FALSE	neither	0	entry4_PF_PLT_D3
TGF_BETA_SIGNALING	1.6100034295709	0.0233813743764083	FURIN;FKBP1A;HIPK2;TGFBR1;RAB31;IFNGR2;SPTBN1;SMAD1;TGFB1;SKI;SERPINE1;PPP1R15A;UBE2D3;CTNNB1;XIAP;APC;SMURF1;PPM1A;BMPR2;THBS1	1.7263389371562	0.00876665027120194	FKBP1A;RAB31;IFNGR2;FURIN;HIPK2;SPTBN1;TGFBR1;SERPINE1;TGFB1;PPP1R15A;SMAD1;CTNNB1;SKI;UBE2D3;THBS1;XIAP;PPM1A;RHOA;APC;JUNB	0.116335507585297	TRUE	both	0.818181818181818	entry4_PF_PLT_D3
TNFA_SIGNALING_VIA_NFKB	1.66949429548444	0.00100177901981468	BCL6;ETS2;GADD45A;CFLAR;PFKFB3;FOSL2;SLC2A3;B4GALT5;IRS2;TLR2;PTPRE;BCL2A1;MXD1;NFIL3;RCAN1;KLF9;NFKB1;SOCS3;TNIP1;LITAF;DRAM1;KLF6;MAP2K3;DENND5A;TIPARP;IFNGR2;LDLR;NFKBIA;EHD1;BCL3;PER1;RNF19B;MAP3K8;CD44;F2RL1;PNRC1;CEBPB;ZC3H12A;KDM6B;NFE2L2;CSF1;CEBPD;SERPINE1;PPP1R15A;AREG;NFAT5;B4GALT1;STAT5A;TNFAIP3;JAG1;TUBB2A;REL;DNAJB4;GADD45B;NAMPT;IER3;TANK;PHLDA1;TNIP2;ZFP36;IRF1;MARCKS;RIGI;DUSP1;ICAM1;TNFAIP6;TAP1;TRIB1	1.98379949143188	3.76340502480939e-06	BCL6;GADD45A;ETS2;PFKFB3;NFIL3;SLC2A3;B4GALT5;FOSL2;BCL2A1;CFLAR;SOCS3;IRS2;DRAM1;LITAF;IFNGR2;MXD1;PTPRE;KLF6;TLR2;RCAN1;KLF9;NFKB1;TIPARP;NFKBIA;LDLR;MAP2K3;EHD1;TNIP1;DENND5A;F2RL1;CD44;RNF19B;SERPINE1;MAP3K8;CSF1;BCL3;PNRC1;PER1;CEBPD;ZC3H12A;CEBPB;PPP1R15A;GADD45B;AREG;IER3;NFE2L2;TNFAIP3;B4GALT1;TRIB1;JAG1;DUSP1;KDM6B;NAMPT;MARCKS;ICAM1;STAT5A;TUBB2A;TAP1;NFAT5;TNIP2;JUNB;TNFAIP6;IRF1;REL;PHLDA1;PLEK;ZFP36;DNAJB4;CXCL1;IL6ST;PLAU	0.314305195947439	TRUE	both	0.904109589041096	entry4_PF_PLT_D3
UNFOLDED_PROTEIN_RESPONSE	-2.03624559061122	1.65415489442643e-05	NPM1;IMP3;NOP56;EXOSC2;EIF2AK3;HSPA9;EXOSC9;EIF2S1;HSP90B1;RPS14;PDIA6;EIF4A2;CEBPG;DNAJB9;SKIC3;SLC30A5;SRPRB;IARS1;SEC31A;SPCS1;LSM4;SEC11A;WFS1;SSR1;MTREX;HERPUD1;RRP9;BANF1;DDX10;XBP1;SPCS3;EIF4EBP1;EXOC2;YIF1A;EDEM1;HSPA5;SERP1;ALDH18A1;HYOU1;CNOT2;SDAD1;EIF4A1;EIF4E;CALR;PAIP1;BAG3;CKS1B;XPOT;MTHFD2;NOLC1;FUS;GOSR2;NOP14;EEF2	-1.75182202267968	0.00122288803079207	NPM1;IMP3;EXOSC2;NOP56;EXOSC9;EIF2AK3;HSPA9;SPCS1;IARS1;RPS14;HSP90B1;SKIC3;CEBPG;EIF2S1;PDIA6;SLC30A5;SRPRB;LSM4;DNAJB9;WFS1;SEC31A;EIF4A2;MTREX;FUS;BANF1;RRP9;HERPUD1;SEC11A;DDX10;BAG3;EIF4EBP1;HYOU1;SSR1;NOP14;FKBP14;NOLC1;EIF4A1;EXOC2;YIF1A;ALDH18A1;EIF4E;CNOT2;SDAD1;SPCS3;EDEM1;EEF2;XBP1;GOSR2;EXOSC1;NHP2;CKS1B;PAIP1;KHSRP;CALR;PARN;TSPYL2;NFYB;SLC1A4;XPOT;CXXC1;MTHFD2	0.284423567931542	TRUE	both	0.825396825396825	entry4_PF_PLT_D3
UV_RESPONSE_DN	1.35237489272935	0.0806329113924051	MAPK14;SYNE1;ATP2B4;ATXN1;IGF1R;DYRK1A;WDR37;CELF2;NFKB1;APBB2;PTEN;GCNT1;LDLR;RASA2;PRDM2;SCN8A;PPARG;PTGFR;PIK3CD;RXRA;SCAF8;NR3C1;FHL2;NOTCH2;NIPBL;SERPINE1;CDC42BPA;TGFBR2;CDKN1B;CACNA1A;RBPMS;PRKCE	1.32008470582977	0.0916839916839917	MAPK14;ATP2B4;IGF1R;SYNE1;ATXN1;DYRK1A;WDR37;NFKB1;PTEN;LDLR;GCNT1;SCN8A;NR3C1;CELF2;SERPINE1;PPARG;FHL2;RASA2;RXRA;TGFBR2;PIK3CD;NOTCH2;CDC42BPA;DUSP1;CDKN1B;PTGFR;SCAF8;APBB2;TFPI;PRDM2;NIPBL;NEK7;CITED2;CACNA1A;DLC1	-0.032290186899578	TRUE	neither	0.810810810810811	entry4_PF_PLT_D3
UV_RESPONSE_UP	0.869110355021054	0.83951048951049	GRINA;ARRB2;CCND3;ATP6V1C1;ALAS1;PRKCD;LYN;FURIN;TUBA4A;MAOA;AGO2;MARK2;RAB27A;NFKBIA;CHKA;ACAA1;CA2;PDAP1;GRPEL1;APOM;ALDOA;NUP58;PRKACA	1.10887449600042	0.354396833591464	CCND3;ATP6V1C1;ARRB2;GRINA;TUBA4A;PRKCD;ALAS1;LYN;FURIN;MAOA;NFKBIA;RAB27A;CHKA;AGO2;MARK2;ACAA1;NUP58;ALDOA;GRPEL1;CA2;ICAM1;CDC34;TAP1;JUNB;IRF1;TMBIM6;STARD3;IL6ST;PDAP1;PRKACA;DNAJA1;HYAL2;GPX3;DNAJB1;CYB5R1;GCH1;APOM;SLC6A8;AP2S1;PPT1;EPHX1	0.239764140979364	TRUE	neither	0.560975609756098	entry4_PF_PLT_D3
WNT_BETA_CATENIN_SIGNALING	0.934097773587824	0.640825096232793	NUMB;RBPJ;ADAM17;MAML1;NKD1;CTNNB1;FRAT1;JAG1;NOTCH1;NCSTN	0.871380714625447	0.694065283074157	RBPJ;NUMB;MAML1;ADAM17;CTNNB1;JAG1;FRAT1;NCSTN;NOTCH1;NKD1	-0.0627170589623765	TRUE	neither	1	entry4_PF_PLT_D3
XENOBIOTIC_METABOLISM	1.56001137939809	0.00842826325412055	UPP1;IL1R1;ETS2;PGD;GSR;TPST1;ALAS1;POR;LPIN2;SLC6A6;ACOX1;DDAH2;TNFRSF1A;ARG1;UPB1;MAOA;PINK1;ESR1;FAS;AQP9;VNN1;SLC22A1;SLC46A3;CA2;CDA;SMOX;ITIH4;ABCC2;NQO1;HES6;CSAD;SERPINE1;GABARAPL1;MARCHF6	1.55348357207922	0.00843533182664687	UPP1;PGD;ETS2;IL1R1;GSR;POR;DDAH2;ARG1;ALAS1;ACOX1;TPST1;TNFRSF1A;LPIN2;AQP9;MAOA;PINK1;SLC6A6;VNN1;CDA;UPB1;FAS;SERPINE1;ESR1;MARCHF6;SMOX;SLC46A3;ABCC2;GABARAPL1;CA2;SLC22A1;DHRS7;RAP1GAP;ITIH4;NQO1;CYFIP2;CES1;MAN1A1;CSAD;FAH;TMBIM6;ARG2;ALDH2;HES6	-0.00652780731887193	TRUE	both	0.790697674418605	entry4_PF_PLT_D3
ADIPOGENESIS	-0.842850732348807	0.924298752933932	NDUFAB1;MRPL15;ATP5PO;DLAT;ECHS1;AK2;NDUFS3;SLC66A3;ACAA2;DBT;DNAJB9;HADH;ATP1B3;MAP4K3;ENPP2;PDCD4;IMMT;SCP2;PHYH;EPHX2;ANGPT1;JAGN1;ESYT1;PTCD3;DNAJC15;ACADM;SLC25A10;NDUFA5;REEP5;SSPN	1.02636681038965	0.484541915935402	GADD45A;PFKFB3;BCL6;POR;RTN3;SQOR;STOM;GPAT4;ACOX1;IFNGR1;CCNG2;ITGA7;PGM1;DHCR7;LPCAT3;ELMOD3;TALDO1;TOB1;DHRS7B;ORM1;CDKN2C;GBE1;CD151;PPM1B;ALDOA;PPARG;DHRS7;GRPEL1;CHUK;TKT;PIM3;RETN	1.86921754273845	FALSE	neither	0	entry4_PF_PLT_noD3
ALLOGRAFT_REJECTION	-1.48616253396557	0.00941629553128753	HLA-DRA;NPM1;ABCE1;RPS3A;LY75;HLA-DMB;HLA-DMA;ITK;CD3D;SIT1;TRAT1;CD3G;EIF3A;CD86;DARS1;RPL9;CTSS;CD28;UBE2N;RPL39;CCND2;CD4;IL7;ETS1;HLA-DOA;LY86;CD40LG;RPS19;EIF3D;HDAC9;CD8B;TNF;LCK;IRF8;IRF4;CD74;RIPK2;HLA-DQA1;CCR2;FCGR2B;MRPL3;CD2;STAT4;ZAP70;CD8A;NME1;CD3E;CD79A;IL15	-1.54074172604453	0.00564749495634696	RPS3A;HLA-DRA;NPM1;ABCE1;HLA-DMB;ITK;RPL9;HLA-DMA;LY75;EIF3A;CD3D;TRAT1;SIT1;HLA-DOA;CD28;CD3G;CD86;CTSS;CD40LG;CD4;RPL39;EIF3D;ETS1;DARS1;IL7;CD74;LY86;UBE2N;CD8B;LCK;TNF;IRF4;IRF8;HLA-DQA1;CD2;CD8A;FCGR2B;CCND2;CD3E;IL15;CCR2;CD79A;HDAC9;ZAP70;RPS19;CD40;STAT4	-0.0545791920789609	TRUE	both	0.92	entry4_PF_PLT_noD3
ANDROGEN_RESPONSE	1.35359925996968	0.102575207983686	FKBP5;NDRG1;CAMKK2;GSR;CCND3;HPGD;PTK2B;SLC38A2;HERC3;ACTN1;MAK;RPS6KA3;IQGAP2;ACSL3;IDI1;MERTK;MYL12A;ARID5B	1.62538271302167	0.00818996299996858	CCND3;CAMKK2;NDRG1;GSR;IDI1;HPGD;ACTN1;MYL12A;FKBP5;ACSL3;UBE2J1;PTK2B;SLC38A2;RPS6KA3;MERTK;HERC3;MAK;VAPA;IQGAP2;GNAI3;B4GALT1;ARID5B;SRF	0.271783453051991	TRUE	IPW_only	0.782608695652174	entry4_PF_PLT_noD3
ANGIOGENESIS	0.587533439159886	0.969400462551148	LRPAP1;JAG1;FGFR1;PGLYRP1;APP;S100A4;TIMP1;FSTL1;VEGFA;PF4	0.93503548117321	0.602723291197044	LRPAP1;PGLYRP1;JAG1;APP;S100A4;PF4;FSTL1;TIMP1;FGFR1	0.347502042013324	TRUE	neither	0.9	entry4_PF_PLT_noD3
APICAL_JUNCTION	1.56856372937783	0.00941629553128753	MAPK14;SIRPA;ADAM9;PIK3CB;SKAP2;MMP9;CAP1;ALOX15B;ACTN1;MAPK13;PTEN;NF1;ITGA10;THBS3;RAC2;VASP;SYK;CD274;MAP3K20;IKBKG;ZYX;PTPRC;ACTB;CNN2;PCDH1;B4GALT1;COL17A1;MYH9;FYB1;RASA1;ICAM5;PBX2;INPPL1;ARPC2;CTNNA1;STX4;CLDN15;NECTIN2;CLDN9;ACTN4;MSN;GNAI2;SHC1;ICAM1;YWHAH;TUBG1;TAOK2;VCL;MPZL1;KCNH2;MYH10;PARD6G;BAIAP2	1.5161787628967	0.0154797636914206	MAPK14;SIRPA;ADAM9;MMP9;CAP1;SKAP2;ACTN1;PTEN;ALOX15B;PIK3CB;VASP;RAC2;SYK;COL17A1;CD274;ACTB;CNN2;MAPK13;MAP3K20;NF1;CTNNA1;IKBKG;B4GALT1;ZYX;ARPC2;MSN;RASA1;MYH9;THBS3;ICAM5;PTPRC;ICAM1;ITGA10;FYB1;GNAI2;PFN1;YWHAH;NECTIN2;RSU1;INPPL1;MYL12B;VCL;MYH10;TUBG1	-0.0523849664811351	TRUE	both	0.732142857142857	entry4_PF_PLT_noD3
APICAL_SURFACE	1.09325902396773	0.443269155742821	FLOT2;LYN;PCSK9;CRYBG1;NCOA6;B4GALT1;DCBLD2;SLC2A4;BRCA1;ADIPOR2;APP;HSPB1;IL2RG	0.986695111468836	0.549520153550864	FLOT2;LYN;PCSK9;CRYBG1;B4GALT1;APP;NCOA6;IL2RG;BRCA1;SLC2A4;HSPB1;ADIPOR2;DCBLD2	-0.106563912498894	TRUE	neither	1	entry4_PF_PLT_noD3
APOPTOSIS	1.13350390309143	0.312393095941533	GADD45A;CFLAR;GSR;RNASEL;HGF;IGF2R;ADD1;TIMP2;GSN;RARA;PSEN1;CREBBP;FAS;ROCK1;CCNA1;IFITM3;EMP1;CD44;HMGB2;CASP4;NEDD9;DPYD;IFNGR1;PPP2R5B;CTNNB1;CLU;CDKN1B;XIAP;CASP2;TSPO;DNAJC3;GADD45B;TNFSF10;IER3;TXNIP;BCAP31;PPP3R1;IRF1;ANXA1;TAP1;GNA15;BRCA1;GPX3;F2R;APP;BCL2L1;CASP8;DNAJA1;CTH;TIMP1;CASP9;CASP1;PLCB2;HSPB1	1.50067612085573	0.0133303255099675	GADD45A;GSR;CFLAR;TIMP2;HGF;GSN;ADD1;IFNGR1;CCNA1;RNASEL;RARA;ROCK1;TSPO;PSEN1;CD44;FAS;IGF2R;IFITM3;PPP2R5B;GADD45B;CLU;HMGB2;XIAP;IER3;CTNNB1;BCAP31;CDKN1B;CREBBP;CASP4;EMP1;DNAJC3;TAP1;DPYD;NEDD9;ANXA1;GNA15;CASP2;CASP9;PPP3R1;APP;IRF1;TNFSF10;CTH;F2R;GCH1	0.3671722177643	TRUE	IPW_only	0.8	entry4_PF_PLT_noD3
BILE_ACID_METABOLISM	-1.08165512420141	0.43187874998139	ABCD2;CYP27A1;NR3C2;HACL1;PAOX;SLC23A2;PEX12;EFHC1;LCK;SCP2;SLC35B2;PHYH;EPHX2;IDH2;HSD17B4;PEX7;ACSL5;SOD1;SLC29A1;TFCP2L1;ABCD3;PXMP2;AMACR	0.925325263023663	0.635729740763421	GCLM;ACSL1;PECR;IDI1;ATXN1;AQP9;SULT1B1;ABCA2;NEDD4;RXRA;HSD3B7	2.00698038722507	FALSE	neither	0	entry4_PF_PLT_noD3
CHOLESTEROL_HOMEOSTASIS	1.57291832423411	0.0233813743764083	PLSCR1;ABCA2;NFIL3;NIBAN1;PDK3;ALCAM;LDLR;IDI1;ANTXR2;PPARG;S100A11;PNRC1;CHKA;ACSS2;DHCR7;CTNNB1;CLU;JAG1;FBXO6	1.95206202781012	0.000503876619825171	NFIL3;PLSCR1;IDI1;NIBAN1;ALCAM;PDK3;LDLR;ABCA2;DHCR7;ANTXR2;CHKA;ACSS2;PNRC1;CLU;FBXO6;CTNNB1;PPARG;JAG1;S100A11;STX5	0.379143703576013	TRUE	both	0.95	entry4_PF_PLT_noD3
COAGULATION	1.27021708704192	0.159524045923193	ADAM9;MMP9;KLF7;FURIN;RAC1;GSN;SERPINA1;RABIF;CTSK;WDR1;HPN;F2RL2;SERPINE1;F12;C1R;CLU;LAMP2;MMP8;GNB2;THBS1;ANXA1;F8;FN1;PLAU;GP1BA;ITGB3;TIMP1;CASP9;P2RY1;CTSB;CFB;PEF1;SERPINB2;PLEK;CPQ;ISCU;SPARC;VWF;MST1;PF4	1.55344139847173	0.015058583565477	ADAM9;MMP9;FURIN;GSN;SERPINA1;KLF7;RAC1;RABIF;WDR1;SERPINE1;MMP8;CLU;THBS1;F12;GNB2;F2RL2;LAMP2;ANXA1;CASP9;C1R;PLEK;CTSK;F8;ITGB3;PEF1;MSRB2;PF4;HPN;P2RY1;TIMP1;CTSB;GP1BA;PLAU;SPARC	0.283224311429809	TRUE	IPW_only	0.804878048780488	entry4_PF_PLT_noD3
COMPLEMENT	1.56024599719434	0.00582955878127514	ITGAM;CR1;ADAM9;PLSCR1;PIK3CG;LCP2;HSPA1A;PRKCD;DGKH;LYN;PCSK9;IRF2;TIMP2;COL4A2;CD55;S100A12;PSEN1;RHOG;SERPINA1;PIM1;CDK5R1;GCA;JAK2;RAF1;RABIF;F5;EHD1;CD59;USP15;S100A9;GRB2;PIK3R5;CA2;CEBPB;CASP4;CDA;VCPIP1;MSRB1;PIK3CA;SERPINE1;PRSS36;C1R;CLU;BRPF3;TNFAIP3;AKAP10;WAS;LAMP2;CPM;GNAI3;MMP8;GNB2;CTSD	1.70980164116156	0.000621536654994144	ITGAM;ADAM9;PLSCR1;GCA;HSPA1A;PRKCD;TIMP2;CR1;S100A12;LYN;PCSK9;RHOG;CD59;PIK3CG;MSRB1;SERPINA1;PIM1;DGKH;CD55;JAK2;RABIF;LCP2;CDA;EHD1;S100A9;PSEN1;SERPINE1;IRF2;MMP8;CDK5R1;F5;PIK3CA;CLU;COL4A2;GRB2;VCPIP1;TNFAIP3;CEBPB;GNB2;AKAP10;RAF1;GNAI3;PRSS36;LAMP2;CASP4;USP15;CA2;CTSD;PIK3R5;CASP9;C1R;GNAI2;PFN1;IRF1;PLEK;F8;IRF7;FCER1G;PPP4C;USP8;BRPF3;CXCL1;TIMP1;CTSB;GP1BA;CPM;WAS;SIRT6	0.149555643967218	TRUE	both	0.779411764705882	entry4_PF_PLT_noD3
DNA_REPAIR	-1.623592292962	0.00292295890245397	RNMT;GTF2H1;GTF2H3;NUDT21;ERCC8;NELFCD;SRSF6;ADA;APRT;NCBP2;POLR2D;IMPDH2;DUT;POLR1H;ERCC4;LIG1;PCNA;SF3A3;ITPA;MRPL40;POLR2K;RFC3;POLR1C;POLR2C;RPA3;NFX1;UMPS;NME3;SEC61A1;ERCC3;AK3;EDF1;NME1;TMED2;PDE4B;GTF2A2;TP53;RFC4;TAF9;ERCC5	-1.51495446100009	0.0105930935693721	GTF2H3;RNMT;GTF2H1;ERCC8;NELFCD;ADA;NUDT21;SRSF6;ERCC3;SF3A3;MRPL40;NFX1;NCBP2;ERCC4;POLR2D;EDF1;POLR1C;LIG1;IMPDH2;UMPS;TP53;POLR1H;RFC3;ERCC5;AAAS;ITPA;APRT;DUT;POLR2K;TAF9;DDB2;NME3;POLR2C;SSRP1;AK3;RPA3;NME1;RFC4;PCNA;GTF2A2;REV3L;POLB;SNAPC5;SEC61A1;TARBP2;DDB1;GSDME;GTF2H5;PDE4B;POLR2H;ELOA;TAF1C;RFC5;TMED2;RAD52;GTF2F1;NELFE;POLR3C	0.108637831961911	TRUE	both	0.689655172413793	entry4_PF_PLT_noD3
E2F_TARGETS	-1.88748337101442	1.38080356824587e-05	SYNCRIP;NOP56;EED;NUDT21;MAD2L1;RAN;PPP1R8;CNOT9;MYC;EIF2S1;AK2;PAICS;KIF22;SLBP;STMN1;SRSF2;ASF1A;PMS2;TMPO;DCTPP1;DUT;RAD50;WDR90;PHF5A;LIG1;PCNA;PRDX4;IPO7;RFC3;MLH1;HNRNPD;CSE1L;RAD1;RPA3;CDC25B;NUP205;RBBP7;CDK4;NUP107;DNMT1;NME1;TBRG4;SMC3;TP53;RPA1;ILF3;MCM3;CENPM;NAP1L1;PAN2;XRCC6;MRE11;CTPS1;SSRP1;SMC1A;RFC1;TRA2B;RANBP1;CDK1;MSH2;SNRPB;MCM5;POLE;SMC4;ZW10;RNASEH2A;CKS1B;CBX5;SRSF1;MTHFD2;NOLC1;POLD1;DSCC1;UBR7;RRM2;MCM7	-1.66773383430912	0.000532683613416459	SYNCRIP;EED;MYC;RAN;MAD2L1;CNOT9;PMS2;NOP56;AK2;PPP1R8;PAICS;NUDT21;RAD50;PHF5A;HNRNPD;ASF1A;KIF22;STMN1;CDC25B;IPO7;TMPO;LIG1;WDR90;EIF2S1;TP53;RFC3;PAN2;MRE11;DCTPP1;DNMT1;MLH1;DUT;RAD1;ILF3;CDK4;NUP205;CTPS1;PRDX4;CSE1L;SSRP1;RBBP7;RPA3;SLBP;MCM3;NME1;NOLC1;RANBP1;CBX5;CCNE1;SMC1A;SMC3;RFC1;PCNA;UBE2T;RPA1;NUP107;CENPM;MCM5;SRSF1;ZW10;MSH2;SRSF2;HELLS;CDKN2A;XRCC6;TBRG4;NAP1L1;POLD2	0.2197495367053	TRUE	both	0.777777777777778	entry4_PF_PLT_noD3
EPITHELIAL_MESENCHYMAL_TRANSITION	1.05349506756673	0.458508738496062	GADD45A;BASP1;COL4A2;FBN2;FAS;PCOLCE2;EFEMP2;QSOX1;CAPG;CD59;CD44;NOTCH2;COL7A1;PFN2;TGFB1;SERPINE1;AREG;WIPF1;COLGALT1;TNFAIP3;PDLIM4;TPM1;PLOD1;COPA;GADD45B;COL6A3;LOXL1;THBS1;ACTA2;ANPEP;ITGA5;VIM	1.28692360208091	0.110881940433958	GADD45A;BASP1;PCOLCE2;CD59;FBN2;QSOX1;CAPG;SERPINE1;CD44;FAS;EFEMP2;TPM1;GADD45B;TGFB1;COLGALT1;COL4A2;LOXL1;THBS1;TNFAIP3;AREG;COL6A3;PFN2;VIM;NOTCH2;PLOD1;COPA;COL7A1;ITGB3;PDLIM4;CXCL1;SFRP4;TPM4;PTX3;FSTL1;TIMP1;WIPF1;MYLK;ACTA2;SPARC;ITGB5;LGALS1;SLC6A8;ANPEP;ITGA5;TGM2	0.233428534514176	TRUE	neither	0.711111111111111	entry4_PF_PLT_noD3
ESTROGEN_RESPONSE_EARLY	1.37502066992804	0.0572057678165915	FKBP5;AFF1;IGF1R;SVIL;MREG;KAZN;MED13L;OLFML3;CA12;RARA;TTC39A;KDM4B;RAB31;SLC2A1;TIPARP;JAK2;SIAH2;GAB2;CHPT1;MINDY1;INHBB;FOXC1;RHOBTB3;TOB1;UGCG;CD44;ANXA9;FHL2;GLA;CANT1;AREG;TUBB2B;DHCR7;NADSYN1;B4GALT1;SH3BP5;FLNB;CISH;AMFR;DLC1;RAPGEFL1;BAG1;SLC7A5;TMEM164;KCNK5;MAST4;IL17RB;ALDH3B1;IL6ST;ABHD2;PODXL;SEMA3B;ELF3;ADD3;ITPK1;TGM2;SLC24A3;ELF1;MAPT;ARL3;ABAT	1.52063684144155	0.0115845679358594	IGF1R;RAB31;AFF1;UGCG;FKBP5;TIPARP;MREG;SLC2A1;RARA;TTC39A;SVIL;JAK2;DHCR7;MED13L;CD44;FOXC1;GLA;KDM4B;KAZN;CANT1;TOB1;CHPT1;FHL2;SIAH2;GAB2;OLFML3;MINDY1;RHOBTB3;AREG;SH3BP5;CISH;B4GALT1;KCNK5;NADSYN1;INHBB;MAST4;AMFR;SLC7A5;IL6ST;FLNB;SLC24A3;TUBB2B;CA12;IL17RB;ALDH3B1;ANXA9	0.145616171513506	TRUE	IPW_only	0.754098360655738	entry4_PF_PLT_noD3
ESTROGEN_RESPONSE_LATE	1.06854169632649	0.441051158451252	ATP2B4;FKBP5;AFF1;MAPK13;CA12;RAB31;SERPINA1;JAK2;CCNA1;SIAH2;IMPA2;CHPT1;FOXC1;TOB1;BATF;S100A9;CD44;ANXA9;SNX10;CA2;GLA;JAK1;AREG;DHCR7;PTPN6;ST6GALNAC2;FLNB;CISH;CKB;AMFR;XRCC3;RAPGEFL1;BAG1;SLC7A5;HSPA4L;ZFP36;KCNK5	1.23157893888998	0.150555881291719	ATP2B4;RAB31;AFF1;FKBP5;SERPINA1;CCNA1;BATF;IMPA2;SNX10;JAK2;DHCR7;S100A9;CD44;FOXC1;GLA;ST6GALNAC2;TOB1;CHPT1;SIAH2;MAPK13;PTPN6;AREG;CISH;JAK1;KCNK5;CA2;AMFR;SLC7A5;IL6ST;CKB;FLNB;SLC24A3;CA12;IL17RB;ALDH3B1;ANXA9	0.163037242563494	TRUE	neither	0.780487804878049	entry4_PF_PLT_noD3
FATTY_ACID_METABOLISM	-1.33413893267166	0.0698921337225046	OSTC;MDH1;METAP1;APEX1;ECHS1;ACSS1;ACAA2;ACAT2;ECI1;HADH;SUCLG2;HSD17B10;MCEE;CBR1;ADSL;ACADM;PSME1;HSPH1;SDHD;ALDH3A2;BCKDHB;HSD17B4;ACOT2;BPHL;ACSL5;PCBD1;HMGCS1;HSP90AA1;PDHA1;UGDH;ODC1;ECI2;CPT2;SUCLA2;GCDH;RAP1GDS1;PTS;XIST;CD36;MIF;ENO2;BLVRA;MIX23;EHHADH;NTHL1;ALDH9A1;ACO2;HSD17B7;SMS;IDH3B;MDH2;FH;CPOX;RDH11;ECH1;MLYCD;TP53INP2;S100A10;ALDH1A1;DLST;H2AZ1;IDH3G	-1.04707908274937	0.441053097654475	METAP1;OSTC;MDH1;APEX1;ACSS1;ACAA2;ECHS1;MCEE;HADH;CBR1;SUCLG2;HSD17B10;ECI1;ACADM;ACAT2;CPT2;HSD17B4;ADSL;BPHL;MIX23;BCKDHB;ECI2;ACOT2;PDHA1;UGDH;BLVRA;ACSL5;CD36;SDHD;HSD17B7;PTS;RAP1GDS1;SUCLA2;SMS;PSME1;PCBD1;AOC3;ODC1;ALDH3A2;NTHL1;MIF;FH;HMGCS1;GCDH;ENO2;ALDH1A1;ACO2;MLYCD;MDH2;IDH3B;CD1D;HSPH1;DLST;S100A10;CRYZ;IDH3G;EHHADH;XIST;ERP29	0.287059849922289	TRUE	neither	0.833333333333333	entry4_PF_PLT_noD3
G2M_CHECKPOINT	-1.00025304536745	0.537539295392954	SYNCRIP;BUB3;SLC38A1;G3BP1;SRSF10;MAD2L1;PURA;MYC;SLC12A2;NCL;KIF22;STMN1;SRSF2;CUL5;HSPA8;H2AZ2;TMPO;ORC5;HNRNPD;RPS6KA5;TENT4A;CDC25B;MTF2;CDK4;HMGN2;PRP4K;ILF3;MCM3;CUL1;UCK2;SNRPD1;ODC1;SMC1A;SS18;DTYMK;ABL1;TRA2B;SMC2;CDK1;FBXO5;MCM5;POLE;SMC4;NDC80;CKS1B;SRSF1;SMARCC1;CCNT1;NOLC1;SMAD3	0.797538977516577	0.931890741397659	MAPK14;E2F3;PRMT5;RAD23B;LMNB1;KMT5A;DR1;LBR;HIF1A;PAFAH1B1;KPNB1;BCL3;TGFB1;JPT1;TACC3;CDKN2C;BARD1;MARCKS;SAP30;CDKN1B;MAP3K20;TLE3;UBE2C;CUL3;AURKB;TFDP1;NOTCH2;NUP98;KIF5B;NUP50;SLC7A5;KIF4A;E2F1;UPF1;TTK;KIF11;E2F2;PRC1	1.79779202288403	FALSE	neither	0	entry4_PF_PLT_noD3
GLYCOLYSIS	1.02165845669308	0.516894612960487	TGFA;PYGL;PHKA2;TPST1;IRS2;ABCB6;HK2;B4GALT4;PDK3;PKM;EXT1;DSC2;P4HA2;LCT;QSOX1;ANKZF1;SAP30;MERTK;PKP2;CD44;SPAG4;RRAGD;IL13RA1;LDHA;G6PD;DEPDC1;PGM2;SLC16A3;B4GALT1;TALDO1;PAM;ALDOA;PGK1;PLOD1;ZNF292;ME2;IER3;RBCK1	1.41052896591298	0.0225749134323387	TGFA;PYGL;PKM;PHKA2;IRS2;B4GALT4;ABCB6;RRAGD;PDK3;TPST1;HK2;QSOX1;P4HA2;DSC2;LDHA;MERTK;SPAG4;CD44;LCT;PAM;SLC16A3;PGK1;TALDO1;EXT1;G6PD;TXN;PGM2;PKP2;IER3;SAP30;ALDOA;IL13RA1;ME2;ANKZF1;B4GALT1;DEPDC1;UGP2;NDST3;PLOD1;GYS1;GLRX;DDIT4;ENO1;ZNF292;CITED2	0.388870509219902	TRUE	IPW_only	0.804347826086957	entry4_PF_PLT_noD3
HEDGEHOG_SIGNALING	1.44153558930456	0.108086397715102	ETS2;SLIT1;CDK5R1;NF1;GLI1;TLE3;TLE1;MYH9;RASA1;ACHE;PML	1.35054295019616	0.15542766514481	ETS2;SLIT1;CDK5R1;TLE1;NF1;TLE3;RASA1;MYH9;GLI1	-0.0909926391083957	TRUE	neither	0.818181818181818	entry4_PF_PLT_noD3
HEME_METABOLISM	2.30859510794709	6.60754938033427e-11	NFE2;SLC22A4;CCND3;ATP6V0A1;GCLM;EZH1;LPIN2;ABCB6;SLC25A37;ADD1;MBOAT2;NARF;LRP10;MARK3;FBXO34;CAST;ERMAP;GAPVD1;MAP2K3;SLC2A1;P4HA2;FOXO3;KHNYN;MPP1;FBXO9;PSMD9;RCL1;USP15;HTATIP2;CA2;NR3C1;NUDT4;SMOX;RHAG;ALAD;TNRC6B;SPTB;ADIPOR1;PICALM;PPP2R5B;KDM7A;BCAM;GDE1;TMCC2;DCAF10;SDCBP;EIF2AK1;HDGF;RAP1GAP;LAMP2;FOXJ2;RBM5;TAL1;RANBP10;KEL;ARHGEF12;DMTN;ANK1;MARCHF8;SEC14L1;SYNJ1;MARCHF2;SLC66A2;LMO2;RHD;RNF19A;KLF3;NEK7;AGPAT4;CTNS;FBXO7;GATA1;RBM38;FN3K;TOP1;XPO7;E2F2;BTRC;DAAM1;UBAC1;DCAF11;HAGH;SPTA1;RHCE;KAT2B;KLF1;MXI1;CLIC2;HTRA2;SLC6A8;SLC6A9;GYPC;CTSB;PDZK1IP1;EPOR;TRIM58;NFE2L1	2.53642644669834	1.07661393140912e-13	NFE2;CCND3;GCLM;SLC22A4;NARF;MBOAT2;FBXO34;ADD1;ABCB6;SLC25A37;LPIN2;LRP10;FBXO9;HTATIP2;MARK3;MPP1;MAP2K3;SLC2A1;P4HA2;CAST;ATP6V0A1;ERMAP;FOXO3;PSMD9;KHNYN;NR3C1;SDCBP;EZH1;DCAF10;GAPVD1;PPP2R5B;SMOX;GDE1;ALAD;RHAG;SPTB;ADIPOR1;LAMP2;NUDT4;KDM7A;MARCHF2;EIF2AK1;USP15;CA2;HDGF;PICALM;NEK7;SLC66A2;RAP1GAP;RCL1;TAL1;ARHGEF12;ANK1;SEC14L1;FOXJ2;TMCC2;RHD;LMO2;DCAF11;RANBP10;DMTN;RBM38;E2F2;KEL;RNF19A;MARCHF8;EPOR;SYNJ1;KLF3;BCAM;GATA1;TNRC6B;CTSB;FN3K;HTRA2;RBM5;YPEL5;RHCE;KAT2B;UBAC1;CCDC28A;XPO7;BTRC;CTNS;TRIM58;SLC6A8;TOP1;FBXO7;CLIC2;HAGH;CDR2;HMBS;MXI1;BSG;DAAM1;XK;RNF123;RIOK3;KLF1;MKRN1;CDC27	0.227831338751254	TRUE	both	0.850467289719626	entry4_PF_PLT_noD3
HYPOXIA	1.94438984481066	1.62107066849125e-05	PFKFB3;NDRG1;FOSL2;SLC2A3;IRS2;SLC6A6;KLF7;TPST2;NFIL3;HK2;AMPD3;PDK3;RBPJ;PGM1;CA12;EXT1;NDST2;KLF6;PIM1;JMJD6;SLC2A1;TIPARP;P4HA2;WSB1;SIAH2;IDS;ANKZF1;SAP30;CCNG2;FOXO3;ADM;NEDD4L;PNRC1;RRAGD;LDHA;NR3C1;CSRP2;PYGM;SERPINE1;PGM2;PPP1R15A;HK1;NDST1;MAP3K1;CDKN1B;PAM;TNFAIP3;ALDOA;MYH9;TMEM45A;GAPDH;PGK1;PHKG1;ZNF292;IER3;ZFP36;KDM3A;CP;CITED2;GBE1;PLAC8;DUSP1;PDK1;ENO1;PRDX5;GYS1;NOCT;VLDLR;DDIT4;S100A4;UGP2;TGM2;GLRX;ATP7A;EFNA1;MXI1	2.23378039471223	3.83372182143582e-08	NDRG1;TPST2;PFKFB3;NFIL3;SLC2A3;FOSL2;AMPD3;IRS2;NDST2;RRAGD;PDK3;HK2;PIM1;RBPJ;KLF6;CCNG2;KLF7;TIPARP;JMJD6;SLC2A1;P4HA2;ADM;PGM1;SLC6A6;LDHA;WSB1;SERPINE1;FOXO3;NR3C1;PAM;PGK1;EXT1;PNRC1;SIAH2;IDS;GAPDH;HK1;PGM2;GBE1;PPP1R15A;TNFAIP3;PLAC8;IER3;SAP30;DUSP1;MAP3K1;ALDOA;CDKN1B;ANKZF1;UGP2;CSRP2;NDST1;MYH9;GYS1;GLRX;DDIT4;ENO1;PRDX5;ZNF292;CITED2;TMEM45A	0.289390549901575	TRUE	both	0.802631578947369	entry4_PF_PLT_noD3
IL2_STAT5_SIGNALING	1.44042847223385	0.0233813743764083	IL1R2;CST7;NDRG1;MAPKAPK2;IGF1R;CCND3;PLSCR1;SLC2A3;CKAP4;IL18R1;SCN9A;IL4R;HYCC2;MXD1;NFIL3;IGF2R;HK2;FURIN;ADAM19;HIPK2;ALCAM;KLF6;PIM1;IL1RL1;DENND5A;SELL;PLEC;IFITM3;CAPG;BATF;DCPS;EMP1;MAP3K8;CD44;SMPDL3A;RRAGD;ETFBKMT;CA2;SHE;CSF1;CAPN3;ST3GAL4;F2RL2;GABARAPL1;SPRED2;IFNGR1;GLIPR2;SLC39A8	1.66268437029006	0.000946573677110871	CST7;CCND3;MAPKAPK2;NDRG1;IL1R2;CKAP4;NFIL3;SLC2A3;PLSCR1;SCN9A;IGF1R;FURIN;ALCAM;RRAGD;HYCC2;SELL;HK2;HIPK2;PIM1;MXD1;KLF6;IFNGR1;IL18R1;BATF;IL4R;CAPG;SMPDL3A;CD44;IGF2R;DENND5A;MAP3K8;IFITM3;ADAM19;PLEC;CSF1;SLC39A8;CAPN3;GADD45B;GLIPR2;IL1RL1;ST3GAL4;CISH;F2RL2;GABARAPL1;DCPS;EMP1;CA2;SOCS1;ETFBKMT	0.222255898056207	TRUE	both	0.901960784313725	entry4_PF_PLT_noD3
IL6_JAK_STAT3_SIGNALING	2.04989865211459	6.63134285901046e-05	IL1R2;IL1R1;IL17RA;IL18R1;TLR2;STAT3;IL4R;IFNAR1;ACVR1B;IL10RB;TNFRSF1A;SOCS3;FAS;PIM1;CSF3R;CBL;PTPN1;IFNGR2;CSF2RA;PDGFC;MAP3K8;CD44;IL13RA1;GRB2;PIK3R5;CSF2RB;CSF1;TGFB1;IFNGR1;MYD88;IRF9;OSMR;SOCS1	2.39163427674797	1.65213568035452e-07	IL1R2;IL1R1;IL17RA;IFNAR1;STAT3;SOCS3;IFNGR2;IL10RB;TNFRSF1A;ACVR1B;TLR2;PIM1;IFNGR1;IL18R1;PTPN1;IL4R;PDGFC;CSF2RB;CD44;CSF3R;FAS;MAP3K8;CSF2RA;MYD88;CSF1;TGFB1;GRB2;CBL;IL13RA1;SOCS1;IRF9;PIK3R5;IL6ST;OSMR;IRF1;IL17RB;ITGB3;PTPN11;TYK2;ACVRL1;IL2RG;CXCL1;PF4;CCR1	0.341735624633377	TRUE	both	0.75	entry4_PF_PLT_noD3
INFLAMMATORY_RESPONSE	1.77405278551066	0.000268882167566868	KIF1B;IL1R1;IL18RAP;IL18R1;LCP2;TLR2;IL4R;IFNAR1;PTPRE;MXD1;ACVR1B;LYN;IRAK2;IFITM1;NFKB1;MEFV;CD55;C3AR1;SEMA4D;PSEN1;RHOG;RNF144B;KLF6;CSF3R;AQP9;IFNGR2;CD82;LDLR;PROK2;EIF2AK2;RAF1;NFKBIA;SELL;FPR1;HIF1A;ADM;ADGRE1;PTAFR;HPN;OSM;PIK3R5;TAPBP;SGMS2;CSF1;FZD5;SERPINE1;NLRP3;TLR1;KCNJ2;GPR132;GNAI3;NOD2;OSMR;DCBLD2;NMI;TNFSF10;NAMPT;CLEC5A;SLC31A2;IL10;RGS16;ITGA5;IRF7;FFAR2;IRF1;ICAM1;TNFAIP6;GNA15;ABI1	2.00874161597813	4.206909340411e-06	IL1R1;KIF1B;IL18RAP;IFNAR1;IFNGR2;LYN;RHOG;PROK2;IRAK2;AQP9;ACVR1B;TLR2;RNF144B;SELL;PTPRE;FPR1;MXD1;KLF6;OSM;IFITM1;IL18R1;NFKB1;NFKBIA;LDLR;IL4R;CD82;ADM;CD55;PTAFR;LCP2;MEFV;HIF1A;C3AR1;PSEN1;SERPINE1;CSF3R;SGMS2;NLRP3;CSF1;ADGRE1;TAPBP;CLEC5A;SLC31A2;SEMA4D;FFAR2;RAF1;GNAI3;EIF2AK2;NAMPT;KCNJ2;NMI;TLR1;PIK3R5;PTGER2;ICAM1;TNFAIP6;GNA15;NOD2;OSMR;IRF1;FZD5;ABI1;ITGB3;TNFSF10;GPR132;GCH1;IRF7	0.234688830467471	TRUE	both	0.888888888888889	entry4_PF_PLT_noD3
INTERFERON_ALPHA_RESPONSE	1.37786435330838	0.0815824459823814	TRIM25;PLSCR1;IL4R;ADAR;IRF2;IFITM1;IFITM2;TRAFD1;TRIM5;EIF2AK2;SELL;TMEM140;IFITM3;TRIM21;PARP9;SP110;TDRD7;CSF1;GBP2;GMPR;IRF9;NMI;HELZ2;BATF2;OGFR;IFI27;TXNIP;SLC25A28;IRF7;MOV10;IRF1;TAP1;RNF31	1.51968596099509	0.0173030042085868	TRIM25;PLSCR1;TRAFD1;SELL;IFITM1;ADAR;IL4R;TMEM140;TRIM21;IFITM2;IRF2;IFITM3;CSF1;TRIM5;EIF2AK2;PARP9;GMPR;NMI;IRF9;TAP1;TDRD7;HELZ2;GBP2;OGFR;IRF1;SLC25A28;SP110;HLA-C;IRF7	0.141821607686708	TRUE	IPW_only	0.823529411764706	entry4_PF_PLT_noD3
INTERFERON_GAMMA_RESPONSE	1.36801146495122	0.0447075559174608	TRIM25;UPP1;EIF4E3;PLSCR1;NLRC5;LATS2;LCP2;STAT3;IL4R;ADAR;IRF2;NFKB1;SOCS3;IFITM2;FAS;PIM1;TRAFD1;PTPN1;JAK2;EIF2AK2;NFKBIA;ZNFX1;FPR1;IFITM3;TRIM21;RNF213;RIPK1;HIF1A;SP110;ARID5B;TDRD7;CD274;MVP;CSF2RB;CASP4;TAPBP;TMT1B;PELI1;C1R;MYD88;MX2;PTPN6;TNFAIP3;TOR1B;IRF9;IFNAR2;FCGR1A;SOCS1;NMI;TNFSF10;NAMPT;RBCK1;HELZ2;ST8SIA4;BATF2;OGFR;PML;IFI27;TXNIP;SLC25A28;IRF7;IRF1;RIGI;ICAM1;TNFAIP6;TAP1;RNF31	1.56084102526351	0.00410031113566547	UPP1;TRIM25;PLSCR1;STAT3;SOCS3;LATS2;EIF4E3;TRAFD1;PIM1;FPR1;ADAR;NFKB1;PTPN1;NFKBIA;IL4R;NLRC5;JAK2;LCP2;CSF2RB;HIF1A;TRIM21;IFITM2;IRF2;FAS;ZNFX1;MYD88;IFITM3;CD274;TOR1B;TAPBP;MVP;TMT1B;PELI1;PTPN6;TNFAIP3;EIF2AK2;NAMPT;FCGR1A;CASP4;ARID5B;RNF213;SOCS1;NMI;IRF9;TAP1;TDRD7;SELP;ICAM1;HELZ2;TNFAIP6;RIPK1;C1R;SPPL2A;OGFR;IRF1;RBCK1;SLC25A28;SP110;TNFSF10;ST8SIA4;IFNAR2;GCH1;IRF7	0.192829560312285	TRUE	both	0.857142857142857	entry4_PF_PLT_noD3
KRAS_SIGNALING_DN	1.04316348552609	0.48758421310756	ZBTB16;PTPRJ;TG;ASB7;CPEB3;MEFV;STAG3;ENTPD7;CCNA1;KCND1;HSD11B2;PTGFR;MAST3	0.948099071636613	0.602723291197044	ZBTB16;ENTPD7;PTPRJ;ASB7;CPEB3;CCNA1;TG;MEFV;STAG3;BARD1;KCND1;PTGFR;MAST3;MAGIX;NR6A1;KMT2D;KLHDC8A;HSD11B2;GTF3C5;GP1BA;CHST2;RYR2;NR4A2	-0.0950644138894774	TRUE	neither	0.565217391304348	entry4_PF_PLT_noD3
KRAS_SIGNALING_UP	0.807155022223018	0.924298752933932	MMP9;ARG1;AVL9;GALNT3;DOCK2;TLR8;C3AR1;TOR1AIP2;CDADC1;LAT2;CBL;LCP1;ADAM17;PTBP2;CSF2RA;NIN;EMP1;GADD45G;F2RL1;CA2;LY96;PPP1R15A;MAP3K1;TNFAIP3;ALDH1A2;MTMR10;DCBLD2;SPRY2;ADAM8;IKZF1;TFPI;RGS16;FCER1G;ITGB2	1.00014335945404	0.549520153550864	MMP9;ARG1;LAT2;GALNT3;CDADC1;AVL9;TLR8;C3AR1;LCP1;TOR1AIP2;F2RL1;CSF2RA;NIN;PTBP2;PPP1R15A;DOCK2;TNFAIP3;GADD45G;CBL;TRIB1;TFPI;MAP3K1;ADAM17;ADAM8;EMP1;CA2;RETN;LY96;MTMR10;LAPTM5;GLRX;SPRY2;ITGB2	0.192988337231018	TRUE	neither	0.763157894736842	entry4_PF_PLT_noD3
MITOTIC_SPINDLE	1.80033485981612	6.91220923075669e-05	CDK5RAP2;KIF1B;CLASP1;AKAP13;KLC1;RANBP9;FGD4;SSH2;PREX1;ARL8A;DOCK2;GSN;TUBA4A;CSNK1D;KIF3C;ROCK1;ARHGEF11;RASA2;SPTBN1;NF1;CLIP1;NIN;WASF2;LMNB1;PPP4R2;CDC42EP2;PXN;CDC42EP4;PAFAH1B1;NOTCH2;NEDD9;CDC42EP1;ARHGEF2;NCK2;PRC1;CNTROB;CDC42BPA;CAPZB;ARFGEF1;STAU1;MYH9;APC;RASA1;FLNB;MARK4;ECT2;ABR;KIF4A;TUBD1;ARHGEF12;ITSN1;ARHGAP27;CYTH2;RALBP1;CDC42;KPTN;ACTN4;ARAP3;TTK;KIF11;MYO9B;MARCKS;ABI1;HDAC6;TAOK2;VCL;MAP1S;MYH10;KIF5B;WASF1;TBCD;NUSAP1;TUBGCP2;CEP192;PCNT;SOS1;RABGAP1;MAP3K11;PDLIM5;KIF15;TLK1;DYNLL2;KIF23	1.80936564994476	6.57651133496978e-05	CDK5RAP2;RANBP9;KIF1B;CLASP1;TUBA4A;ARL8A;GSN;PPP4R2;FGD4;AKAP13;PREX1;KIF3C;LMNB1;CDC42EP2;SPTBN1;KLC1;WASF2;ROCK1;PAFAH1B1;SSH2;NCK2;CSNK1D;NIN;ARHGEF11;RASA2;CDC42EP4;CNTROB;ARFGEF1;RALBP1;DOCK2;PXN;CLIP1;CDC42BPA;MARCKS;NF1;STAU1;RASA1;MYH9;NOTCH2;CDC42EP1;CAPZB;ARHGEF12;APC;KIF5B;NEDD9;CDC42;TUBD1;KIF4A;ECT2;FLNB;TTK;KIF11;KPTN;ARHGAP27;ABI1;PRC1;ARHGEF2;VCL;MYH10;ABR;ITSN1;ACTN4;MARK4;PDLIM5;MAP1S;KIF23;SOS1;TLK1;HDAC6;MAPRE1;MYO9B;AURKA;KIF15;MAP3K11;TAOK2;DYNLL2;RAB3GAP1;CYTH2;ARHGDIA;CEP192;KATNB1;TUBGCP2;CLIP2;ARAP3	0.00903079012864216	TRUE	both	0.876404494382023	entry4_PF_PLT_noD3
MTORC1_SIGNALING	-1.21967912332138	0.114830934047539	UFM1;GTF2H1;HSPD1;FGL2;EEF1E1;ATP5MC1;HSPA9;M6PR;GGA2;PPIA;CACYBP;HSP90B1;PSMD14;PSMC2;EPRS1;SLC37A4;USO1;STARD4;INSIG1;MTHFD2L;IMMT;SHMT2;PITPNB;SC5D;SEC11A;TCEA1;MLLT11;PRDX1;CANX;SSR1;HSPA4;NUP205;CYB5B;RRP9;CXCR4;PPA1;XBP1;CCT6A;UCHL5;PHGDH;HMGCS1;RPA1;ARPC5L;TRIB3;RPN1;PSMA3;EBP;EDEM1;HSPA5;SERP1;FKBP2;PSMA4;PSMC6;CALR;SYTL2;SORD;HPRT1;EIF2S2;POLR3G	1.0542171670149	0.431987562784023	NFIL3;SLC2A3;GSR;SLA;TUBA4A;IDI1;NIBAN1;SKAP2;HK2;ACSL3;LDLR;MAP2K3;SLC2A1;PGM1;SLC6A6;LDHA;DHCR7;GSK3B;NUPR1;GLA;PGK1;GAPDH;RAB1A;G6PD;RIT1;GBE1;PPP1R15A;TXNRD1;NFYC;ALDOA;ACTR2;UBE2D3;NAMPT	2.27389629033628	FALSE	neither	0	entry4_PF_PLT_noD3
MYC_TARGETS_V1	-3.13061869681718	6.18934601350443e-27	SRSF7;DDX18;SYNCRIP;BUB3;NPM1;SNRPA1;HNRNPR;ABCE1;SET;EEF1B2;FBL;TOMM70;RPL34;HSPD1;G3BP1;NOP56;RPL22;MRPS18B;MAD2L1;STARD7;RAN;DDX21;NDUFAB1;CCT4;CLNS1A;ILF2;RPS2;RSL1D1;RPLP0;RPS5;PPIA;APEX1;GLO1;MYC;EIF2S1;POLE3;VDAC1;RPS3;RPL6;SNRPD2;RPS10;PSMD14;RPL18;SSBP1;CCT2;EPRS1;PHB1;SRSF2;RPS6;SRSF3;PSMD8;EIF3D;NCBP2;GNL3;IMPDH2;DHX15;IARS1;DUT;PSMA2;PCNA;PRDX4;ERH;KARS1;HNRNPD;HDAC2;C1QBP;CCT7;YWHAQ;PRPS2;RACK1;PABPC4;CANX;SLC25A3;TXNL4A;SERBP1;RRP9;CDK4;MRPL23;ACP1;PHB2;MRPL9;TUFM;NME1;UBE2E1;SNRPA;RFC4;HNRNPA3;CUL1;NAP1L1;HNRNPA1;HSP90AB1;XRCC6;PSMA1;SNRPD1;SNRPB2;CTPS1;ODC1;SRM;SNRPD3;VDAC3;UBA2;TRA2B;RANBP1;PSMA4;PSMC6;AIMP2;EIF4A1;RRM1;RPL14;EIF4E;HPRT1;EIF2S2;MCM5;COX5A;NCBP1;HSPE1;PRDX3;PSMB2;HDDC2;XPOT;CSTF2;SRSF1;SMARCC1;NOLC1;TCP1;CCT3;PWP1;MCM7;COPS5;SSB;PSMC4;CNBP;EIF3B;PPM1G;POLD2;GOT2;SF3B3;CCT5;PSMD7;LSM7;SNRPG;PSMA6	-2.90504577542737	3.50777440591952e-21	DDX18;SRSF7;BUB3;SNRPA1;SYNCRIP;NPM1;G3BP1;HNRNPR;ABCE1;RPL34;EEF1B2;RPL22;FBL;TOMM70;CLNS1A;MRPS18B;RPS5;RPS2;RPL6;MYC;RSL1D1;SET;SNRPD2;RPS6;SSBP1;RAN;MAD2L1;CCT4;APEX1;PPIA;NOP56;RPLP0;DDX21;EIF3D;ILF2;RPS10;PHB1;CCT2;NDUFAB1;HSPD1;GLO1;IARS1;EPRS1;NCBP2;HNRNPD;PSMD8;STARD7;VDAC1;RPL18;PSMD14;POLE3;HNRNPA1;GNL3;IMPDH2;EIF2S1;RPS3;RACK1;SRSF3;PSMA2;MRPL9;DHX15;DUT;PABPC4;ERH;HNRNPA3;SNRPA;RPL14;PRPS2;TUFM;CDK4;CTPS1;PRDX4;CCT7;RRP9;YWHAQ;HDAC2;KARS1;C1QBP;NME1;NOLC1;RANBP1;RFC4;VDAC3;SMARCC1;MRPL23;SNRPD3;AIMP2;SERBP1;COX5A;PCNA;HDDC2;EIF4A1;SSB;ACP1;UBE2E1;SRM;MCM5;PHB2;NCBP1;CUL1;SNRPD1;UBA2;SRSF1;NOP16;HSPE1;TXNL4A;CANX;SNRPB2;ODC1;EIF4E;SRSF2;SF3B3;XRCC6;NAP1L1;POLD2;SLC25A3;CAD;CSTF2;COPS5;EIF2S2;GOT2;PSMB2;PWP1;LSM7;CCT3;PPM1G;SNRPG;NHP2	0.225572921389806	TRUE	both	0.862068965517241	entry4_PF_PLT_noD3
MYC_TARGETS_V2	-2.22695119373384	1.65415489442643e-05	DDX18;WDR43;NPM1;HSPD1;NOP56;NDUFAF4;MYC;PPAN;PHB1;UTP20;PES1;GNL3;DCTPP1;MRTO4;PRMT3;RRP9;CDK4;PUS1;GRWD1;TFB2M;TBRG4;SRM;LAS1L;AIMP2;IMP4;MPHOSPH10;SORD;MCM5;HSPE1;NOLC1;DUSP2;IPO4;TMEM97;MYBBP1A;NIP7;FARSA	-2.29975657055518	4.32615862000524e-06	DDX18;WDR43;NPM1;UTP20;NDUFAF4;MYC;NOP56;PPAN;PHB1;HSPD1;PES1;MRTO4;PUS1;GNL3;DCTPP1;SORD;GRWD1;CDK4;RRP9;LAS1L;MPHOSPH10;NOLC1;IMP4;AIMP2;PRMT3;SRM;MCM5;TFB2M;NOP16;HSPE1;MYBBP1A;TBRG4;TMEM97;NOP2;IPO4	-0.0728053768213406	TRUE	both	0.868421052631579	entry4_PF_PLT_noD3
MYOGENESIS	1.16519760832891	0.279356210443038	ACSL1;SVIL;MEF2A;COL4A2;ITGA7;GSN;MYBPC3;DAPK2;MYOM1;FOXO4;PDLIM7;KLF5;NQO1;TGFB1;PYGM;CLU;KIFC3;MYH9;TPM3;MYH11;NOTCH1;ACHE;RIT1;CKB;GADD45B;DMPK;COL6A3;MYL6B;BAG1;MAPRE3;IFRD1;LSP1;ATP6AP1;GPX3;SMTN;KCNH2;APP;TAGLN;NCAM1;AK1;HDAC5;MYLK;SLC6A8;FLII;MYO1C;CHRNG;GABARAPL2;AKT2;ITGB5;SPARC;PICK1;NAV2;IGFBP7;TSC2;SCD;MAPK12	1.19562724741837	0.203872449698244	ACSL1;GSN;MEF2A;ITGA7;MYBPC3;FOXO4;SVIL;KLF5;TPM3;GADD45B;TGFB1;CLU;COL4A2;RIT1;DAPK2;PDLIM7;COL6A3;KIFC3;MYOM1;DMPK;MYH9;MYL6B;ATP6AP1;NQO1;CKB;LSP1;APP;NOTCH1;IFRD1;GABARAPL2;MYLK;PYGM;SPARC;MYH11;AK1;ITGB5;BAG1;HDAC5;SMTN;SLC6A8;AKT2;GPX3;IGFBP7;ACHE;FLII	0.0304296390894583	TRUE	neither	0.803571428571429	entry4_PF_PLT_noD3
NOTCH_SIGNALING	-0.932405789863031	0.640825096232793	DTX4;MAML2;LFNG;HES1;PSEN2;CUL1;ARRB1;FZD1;SKP1	-0.98529159792947	0.549520153550864	DTX4;MAML2;LFNG;HES1;PSEN2;ARRB1	-0.0528858080664386	TRUE	neither	0.666666666666667	entry4_PF_PLT_noD3
OXIDATIVE_PHOSPHORYLATION	-2.43614140782535	1.77311184108886e-12	MRPS30;LRPPRC;PDP1;TIMM17A;CYCS;LDHB;TOMM70;ABCB7;MRPL35;ATP5MC1;HSPA9;NDUFAB1;COX10;NDUFB5;OXA1L;MDH1;MRPL15;ATP5PO;DLAT;ECHS1;TOMM22;VDAC1;COX7C;COX6C;ATP5F1A;NDUFS3;SLC25A4;ACAA2;UQCRC2;ATP5MC2;ECI1;NDUFB2;COX7A2;SLC25A5;BDH2;VDAC2;MRPL11;CASP7;NDUFA4;GLUD1;HSD17B10;IMMT;NDUFV1;ACADSB;TIMM13;PHYH;ATP5MC3;ATP5PB;SLC25A6;PMPCA;NDUFA8;NDUFB8;TIMM50;SLC25A3;FDX1;IDH2;ACADM;SDHD;TIMM10;NDUFA5;PDK4;PHB2;MRPS12;OPA1;TIMM9;NNT;PDHA1;COX4I1;SLC25A12;MGST3;ATP6V1F;SLC25A20;UQCRFS1;NDUFA6;UQCR10;VDAC3;ATP5F1C;SUCLA2;UQCRQ	-2.12306208191994	3.83372182143582e-08	MRPS30;LRPPRC;LDHB;PDP1;MRPL35;CYCS;TOMM70;DLAT;OXA1L;TIMM17A;MRPL15;ABCB7;MDH1;ATP5MC1;ATP5PO;COX7C;NDUFB5;PDK4;COX10;COX6C;HSPA9;ATP5MC2;SLC25A4;ACAA2;TOMM22;ECHS1;NDUFAB1;BDH2;NDUFS3;NDUFA8;MRPL11;NDUFB2;UQCRC2;NDUFV1;VDAC1;ATP5MC3;PHYH;NDUFA5;SLC25A6;PMPCA;TIMM13;TIMM10;VDAC2;HSD17B10;ACADSB;TIMM9;ECI1;IDH2;ACADM;GLUD1;ATP5F1A;CASP7;IMMT;MGST3;NDUFB8;SLC25A5;NDUFA6;NDUFA4;COX7A2;MRPS12;UQCRQ;PDHA1;UQCR10;TIMM50;VDAC3;NDUFS6;ATP5PB;SDHD;COX5A;ETFA;MRPS11;COX4I1;FDX1;IDH3A;UQCRFS1;SUCLA2;ATP6V1F;MTX2;PHB2;OPA1;SLC25A20;COX11;ATP5F1C;SLC25A3;FH;ATP5PD;NDUFB4;UQCRB;ATP1B1;NNT;GOT2;SLC25A12;ACO2;MDH2;FXN;BAX;ATP6V1G1;IDH3B	0.313079325905414	TRUE	both	0.806122448979592	entry4_PF_PLT_noD3
P53_PATHWAY	1.23988066689496	0.129716075578458	TGFA;UPP1;ZBTB16;GADD45A;NDRG1;CCND3;PTPRE;NUPR1;MXD1;ALOX15B;ACVR1B;ABHD4;APAF1;SP1;CEBPA;HEXIM1;FAS;DRAM1;CDK5R1;TRAFD1;CD82;PRMT2;STOM;FOXO3;INHBB;TOB1;RHBDF2;RNF19B;RXRA;TGFB1;GPX2;PPM1D;CCP110;PPP1R15A;PRKAB1;FGF13;CSRNP2;NOTCH1;SOCS1;CTSD;IP6K2;IER3;DEF6;RGS16;HSPA4L;CYFIP2;TXNIP;MKNK2;STEAP3;SERTAD3;PLK3;ZFP36L1;GM2A;TAP1	1.43971882173253	0.0163752057462814	UPP1;CCND3;NDRG1;TGFA;GADD45A;ZBTB16;DRAM1;STOM;TRAFD1;ABHD4;ACVR1B;PTPRE;MXD1;ALOX15B;CEBPA;APAF1;PRMT2;CD82;NUPR1;FAS;FOXO3;HEXIM1;CDK5R1;TOB1;TGFB1;RNF19B;RXRA;RHBDF2;PRKAB1;SP1;PPP1R15A;IER3;SOCS1;INHBB;TAP1;CTSD;SERTAD3;CCP110;DDIT4;GM2A;MKNK2;PLK3;APP;CSRNP2;STEAP3;NOTCH1;CYFIP2;PPM1D;F2R;S100A4;GPX2;FGF13;DEF6;ZFP36L1;VDR;TAX1BP3;TXNIP;HSPA4L;IP6K2;DNTTIP2	0.199838154837566	TRUE	IPW_only	0.868852459016394	entry4_PF_PLT_noD3
PEROXISOME	-1.01194998672524	0.522815344603381	ABCD2;CLN6;SLC25A4;SLC23A2;HRAS;SCP2;SLC35B2;SLC25A19;DHRS3;EPHX2;PRDX1;CADM1;IDH2;HSD17B4;ERCC3;ACSL5;SOD1;CTPS1;ECI2;ABCB4;ITGB1BP1;ABCD3;ABCB1;MSH2;PEX11B;EHHADH;SMARCC1;ALDH9A1;ISOC1;CNBP;IDE;SLC27A2;RDH11;ECH1;PEX2;MLYCD	-0.842909065406782	0.814348082279837	SLC23A2;ABCD2;CLN6;SLC25A4;ERCC3;EPHX2;HRAS;SLC35B2;DHRS3;ABCB4;CADM1;IDH2;SLC25A19;HSD17B4;PRDX1;ECI2;CTPS1;ABCB1;ACSL5;SMARCC1	0.169040921318458	TRUE	neither	0.555555555555556	entry4_PF_PLT_noD3
PI3K_AKT_MTOR_SIGNALING	1.84630269094626	0.000617557589554062	MKNK1;MAP2K6;PRKCB;SLA;MAPK1;CAB39;VAV3;PRKAR2A;DUSP3;GSK3B;RAC1;RALB;TNFRSF1A;PTEN;MAP2K3;SLC2A1;RPS6KA3;RAF1;RIPK1;RPS6KA1;GRB2;PIKFYVE;AKT1S1;CFL1;MYD88;UBE2D3;CDKN1B;YWHAB;IRAK4;RIT1;ACTR2;ITPR2;GRK2;ACTR3;MAPK10;SMAD2;CLTC;TBK1;E2F1;MKNK2;ARF1	2.05366089401043	2.91419155670155e-05	MKNK1;CAB39;SLA;MAP2K6;PRKCB;PRKAR2A;TNFRSF1A;VAV3;DUSP3;MAPK1;PTEN;RALB;MAP2K3;SLC2A1;RAC1;RPS6KA3;GSK3B;RPS6KA1;CFL1;MYD88;YWHAB;GRB2;RIT1;CDKN1B;RAF1;ACTR2;UBE2D3;AKT1S1;SMAD2;IRAK4;ACTR3;ARF1;RIPK1;MKNK2;E2F1;PFN1;GRK2;MAPK10;CLTC;PIKFYVE;AP2M1;PTPN11;TBK1;IL2RG;PDK1;NFKBIB	0.207358203064173	TRUE	both	0.851063829787234	entry4_PF_PLT_noD3
PROTEIN_SECRETION	0.735065447878963	0.954163273615635	KIF1B;MAPK1;IGF2R;STX16;RPS6KA3;GNAS;STX7;AP2B1;GLA;CD63;PAM;ARFGEF1;AP1G1;LAMP2;RAB5A;STAM;VAMP3;CLTC;SEC22B;ARF1;SGMS1;COPB1;ABCA1;CLN5;RAB2A;AP2S1;ATP7A	1.13769537498153	0.304821547559554	KIF1B;MAPK1;RPS6KA3;GNAS;GLA;IGF2R;STX16;CD63;PAM;AP2B1;ARFGEF1;VAMP3;RAB5A;LAMP2;STX7;ARF1;AP3S1;AP1G1;CLTC;ARFGAP3;SEC22B;AP2M1;COPB1;VPS4B;ATP6V1H;RAB2A;STAM;NAPA;RAB14;SNAP23;AP2S1;PPT1;YKT6;ICA1;ATP7A;CLN5;SGMS1;ARCN1;STX12	0.402629927102568	TRUE	neither	0.65	entry4_PF_PLT_noD3
REACTIVE_OXYGEN_SPECIES_PATHWAY	1.51860276642506	0.0457029665441079	GSR;GCLM;HHEX;MBP;FES;MSRA;SBNO2;CDKN2D;G6PD;NQO1;OXSR1;FTL;TXNRD1;EGLN2;SRXN1;LSP1;GPX3;JUNB;TXN;GLRX;PRDX6	2.07665207550628	0.000226601923916215	GCLM;GSR;HHEX;FES;MSRA;CDKN2D;MBP;SBNO2;G6PD;TXN;OXSR1;LAMTOR5;SRXN1;TXNRD1;PRDX6;FTL;GLRX;JUNB;NQO1;LSP1;EGLN2	0.558049309081219	TRUE	both	0.909090909090909	entry4_PF_PLT_noD3
SPERMATOGENESIS	-0.822343119693517	0.902765819757463	CAMK4;ZC3H14;TSN;SLC12A2;LPIN1;ALOX15;PARP2;TKTL1;PEBP1;RAD17	0.950836374050238	0.602723291197044	PGS1;AGFG1;TLE4;PRKAR2A;CCNA1;CLVS1;TALDO1;BRAF;IP6K1;PHF7;GMCL1;SHE;H1-6;TTK;NCAPH;CHFR	1.77317949374376	FALSE	neither	0	entry4_PF_PLT_noD3
TGF_BETA_SIGNALING	1.6100034295709	0.0233813743764083	FURIN;FKBP1A;HIPK2;TGFBR1;RAB31;IFNGR2;SPTBN1;SMAD1;TGFB1;SKI;SERPINE1;PPP1R15A;UBE2D3;CTNNB1;XIAP;APC;SMURF1;PPM1A;BMPR2;THBS1	1.76198771605893	0.00616988562692237	FKBP1A;RAB31;IFNGR2;FURIN;HIPK2;SPTBN1;TGFBR1;SERPINE1;TGFB1;THBS1;PPP1R15A;XIAP;CTNNB1;SMAD1;UBE2D3;SKI;PPM1A;RHOA;APC;JUNB	0.15198428648803	TRUE	both	0.818181818181818	entry4_PF_PLT_noD3
TNFA_SIGNALING_VIA_NFKB	1.66949429548444	0.00100177901981468	BCL6;ETS2;GADD45A;CFLAR;PFKFB3;FOSL2;SLC2A3;B4GALT5;IRS2;TLR2;PTPRE;BCL2A1;MXD1;NFIL3;RCAN1;KLF9;NFKB1;SOCS3;TNIP1;LITAF;DRAM1;KLF6;MAP2K3;DENND5A;TIPARP;IFNGR2;LDLR;NFKBIA;EHD1;BCL3;PER1;RNF19B;MAP3K8;CD44;F2RL1;PNRC1;CEBPB;ZC3H12A;KDM6B;NFE2L2;CSF1;CEBPD;SERPINE1;PPP1R15A;AREG;NFAT5;B4GALT1;STAT5A;TNFAIP3;JAG1;TUBB2A;REL;DNAJB4;GADD45B;NAMPT;IER3;TANK;PHLDA1;TNIP2;ZFP36;IRF1;MARCKS;RIGI;DUSP1;ICAM1;TNFAIP6;TAP1;TRIB1	2.01864943279757	1.63397627491387e-06	ETS2;GADD45A;PFKFB3;BCL6;NFIL3;B4GALT5;SLC2A3;BCL2A1;CFLAR;SOCS3;FOSL2;DRAM1;IFNGR2;LITAF;IRS2;RCAN1;TLR2;PTPRE;MXD1;KLF6;TIPARP;NFKB1;NFKBIA;LDLR;KLF9;MAP2K3;EHD1;TNIP1;SERPINE1;CD44;DENND5A;F2RL1;MAP3K8;BCL3;PNRC1;CSF1;GADD45B;CEBPD;ZC3H12A;RNF19B;PER1;PPP1R15A;TNFAIP3;NFE2L2;AREG;IER3;CEBPB;MARCKS;DUSP1;TRIB1;NAMPT;B4GALT1;KDM6B;TAP1;JAG1;STAT5A;ICAM1;TNIP2;TNFAIP6;IL6ST;JUNB;PHLDA1;NFAT5;IRF1;TUBB2A;DNAJB4;PLEK	0.349155137313132	TRUE	both	0.901408450704225	entry4_PF_PLT_noD3
UNFOLDED_PROTEIN_RESPONSE	-2.03624559061122	1.65415489442643e-05	NPM1;IMP3;NOP56;EXOSC2;EIF2AK3;HSPA9;EXOSC9;EIF2S1;HSP90B1;RPS14;PDIA6;EIF4A2;CEBPG;DNAJB9;SKIC3;SLC30A5;SRPRB;IARS1;SEC31A;SPCS1;LSM4;SEC11A;WFS1;SSR1;MTREX;HERPUD1;RRP9;BANF1;DDX10;XBP1;SPCS3;EIF4EBP1;EXOC2;YIF1A;EDEM1;HSPA5;SERP1;ALDH18A1;HYOU1;CNOT2;SDAD1;EIF4A1;EIF4E;CALR;PAIP1;BAG3;CKS1B;XPOT;MTHFD2;NOLC1;FUS;GOSR2;NOP14;EEF2	-1.70763776803358	0.00203235182715725	NPM1;IMP3;EXOSC2;NOP56;EXOSC9;EIF2AK3;HSPA9;SPCS1;IARS1;RPS14;CEBPG;HSP90B1;SKIC3;SLC30A5;PDIA6;SRPRB;EIF2S1;SEC31A;LSM4;FUS;EIF4A2;MTREX;BANF1;WFS1;BAG3;DNAJB9;DDX10;RRP9;HERPUD1;EIF4EBP1;NOLC1;NOP14;SEC11A;HYOU1;FKBP14;EIF4A1;SSR1;CNOT2;ALDH18A1;YIF1A;SDAD1;EXOC2;EIF4E;EXOSC1;EEF2;PARN;KHSRP;GOSR2;CKS1B;NHP2;EDEM1;SLC1A4;XBP1;SPCS3;NFYB;XPOT;CXXC1;DKC1;TSPYL2;GEMIN4;CALR;PAIP1	0.328607822577643	TRUE	both	0.784615384615385	entry4_PF_PLT_noD3
UV_RESPONSE_DN	1.35237489272935	0.0806329113924051	MAPK14;SYNE1;ATP2B4;ATXN1;IGF1R;DYRK1A;WDR37;CELF2;NFKB1;APBB2;PTEN;GCNT1;LDLR;RASA2;PRDM2;SCN8A;PPARG;PTGFR;PIK3CD;RXRA;SCAF8;NR3C1;FHL2;NOTCH2;NIPBL;SERPINE1;CDC42BPA;TGFBR2;CDKN1B;CACNA1A;RBPMS;PRKCE	1.32275130386397	0.0854423773561736	MAPK14;ATP2B4;SYNE1;IGF1R;ATXN1;DYRK1A;WDR37;PTEN;NFKB1;LDLR;GCNT1;SCN8A;SERPINE1;NR3C1;FHL2;RASA2;TGFBR2;RXRA;CELF2;PIK3CD;CDC42BPA;DUSP1;TFPI;CDKN1B;PPARG;PTGFR;NEK7;NOTCH2;SCAF8;NIPBL;LTBP1;APBB2;CACNA1A;CITED2	-0.0296235888653791	TRUE	neither	0.783783783783784	entry4_PF_PLT_noD3
UV_RESPONSE_UP	0.869110355021054	0.83951048951049	GRINA;ARRB2;CCND3;ATP6V1C1;ALAS1;PRKCD;LYN;FURIN;TUBA4A;MAOA;AGO2;MARK2;RAB27A;NFKBIA;CHKA;ACAA1;CA2;PDAP1;GRPEL1;APOM;ALDOA;NUP58;PRKACA	1.12959771931764	0.304821547559554	CCND3;ATP6V1C1;GRINA;ARRB2;TUBA4A;PRKCD;FURIN;LYN;ALAS1;MAOA;NFKBIA;RAB27A;CHKA;NUP58;AGO2;MARK2;ACAA1;ALDOA;GRPEL1;CA2;TAP1;ICAM1;CDC34;IL6ST;JUNB;IRF1;TMBIM6;STARD3;PDAP1;GCH1;DNAJA1;HYAL2;PRKACA;DNAJB1	0.260487364296587	TRUE	neither	0.628571428571429	entry4_PF_PLT_noD3
WNT_BETA_CATENIN_SIGNALING	0.934097773587824	0.640825096232793	NUMB;RBPJ;ADAM17;MAML1;NKD1;CTNNB1;FRAT1;JAG1;NOTCH1;NCSTN	-0.797153724830068	0.814348082279837	MYC;LEF1;TCF7;CCND2;SKP2;TP53;PSEN2;HDAC2;CSNK1E;CUL1;AXIN2;PPARD	-1.73125149841789	FALSE	neither	0	entry4_PF_PLT_noD3
XENOBIOTIC_METABOLISM	1.56001137939809	0.00842826325412055	UPP1;IL1R1;ETS2;PGD;GSR;TPST1;ALAS1;POR;LPIN2;SLC6A6;ACOX1;DDAH2;TNFRSF1A;ARG1;UPB1;MAOA;PINK1;ESR1;FAS;AQP9;VNN1;SLC22A1;SLC46A3;CA2;CDA;SMOX;ITIH4;ABCC2;NQO1;HES6;CSAD;SERPINE1;GABARAPL1;MARCHF6	1.52093153091621	0.0105930935693721	UPP1;PGD;ETS2;IL1R1;POR;GSR;DDAH2;ARG1;TNFRSF1A;ALAS1;ACOX1;PINK1;LPIN2;AQP9;TPST1;MAOA;VNN1;SLC6A6;CDA;SERPINE1;FAS;SLC46A3;UPB1;SMOX;MARCHF6;ESR1;DHRS7;GABARAPL1;CA2;ABCC2;RAP1GAP;FAH;MAN1A1;NQO1;SLC22A1;TMBIM6;CYFIP2;CSAD;ITIH4;GCH1;ARG2;HES6;AKR1C3;ALDH2;PTGR1;IDH1;PDLIM5;CES1	-0.0390798484818793	TRUE	both	0.708333333333333	entry4_PF_PLT_noD3
ADIPOGENESIS	-0.842850732348807	0.924298752933932	NDUFAB1;MRPL15;ATP5PO;DLAT;ECHS1;AK2;NDUFS3;SLC66A3;ACAA2;DBT;DNAJB9;HADH;ATP1B3;MAP4K3;ENPP2;PDCD4;IMMT;SCP2;PHYH;EPHX2;ANGPT1;JAGN1;ESYT1;PTCD3;DNAJC15;ACADM;SLC25A10;NDUFA5;REEP5;SSPN	0.906638036007956	0.731897220148182	BCL6;GADD45A;PFKFB3;POR;RTN3;ACOX1;ITGA7;SQOR;STOM;CCNG2;PGM1;LPCAT3;GPAT4;ELMOD3;IFNGR1;TOB1;DHCR7;PPARG;DHRS7B;PPM1B;TALDO1;ORM1;TKT;GBE1;ALDOA;GRPEL1;STAT5A;CDKN2C;NABP1;CHUK;DHRS7;BAZ2A;ITSN1;CD151;PIM3	1.74948876835676	FALSE	neither	0	entry3.75_SOFA_D3
ALLOGRAFT_REJECTION	-1.48616253396557	0.00941629553128753	HLA-DRA;NPM1;ABCE1;RPS3A;LY75;HLA-DMB;HLA-DMA;ITK;CD3D;SIT1;TRAT1;CD3G;EIF3A;CD86;DARS1;RPL9;CTSS;CD28;UBE2N;RPL39;CCND2;CD4;IL7;ETS1;HLA-DOA;LY86;CD40LG;RPS19;EIF3D;HDAC9;CD8B;TNF;LCK;IRF8;IRF4;CD74;RIPK2;HLA-DQA1;CCR2;FCGR2B;MRPL3;CD2;STAT4;ZAP70;CD8A;NME1;CD3E;CD79A;IL15	-1.65468468829088	0.00119469455947476	RPS3A;HLA-DRA;ABCE1;NPM1;CD3D;ITK;HLA-DMB;HLA-DMA;EIF3A;SIT1;RPL9;TRAT1;LY75;CD3G;DARS1;HLA-DOA;RPL39;CTSS;ETS1;CD28;CD86;CD40LG;UBE2N;CD4;IL7;CD8B;EIF3D;LCK;LY86;CD74;CCND2;RPS19;IRF4;CD8A;TNF;CD2;FCGR2B;ZAP70;IRF8;HLA-DQA1;STAT4;CD3E;CCR2;IL15;CCR5;CXCR3;CD79A;CD247;HDAC9;NME1;CD40;CCL5	-0.168522154325314	TRUE	both	0.87037037037037	entry3.75_SOFA_D3
ANDROGEN_RESPONSE	1.35359925996968	0.102575207983686	FKBP5;NDRG1;CAMKK2;GSR;CCND3;HPGD;PTK2B;SLC38A2;HERC3;ACTN1;MAK;RPS6KA3;IQGAP2;ACSL3;IDI1;MERTK;MYL12A;ARID5B	1.57353417908551	0.0134864273026368	NDRG1;CCND3;CAMKK2;GSR;FKBP5;HPGD;ACTN1;IDI1;PTK2B;SLC38A2;HERC3;MYL12A;RPS6KA3;ACSL3;MERTK;UBE2J1;MAK;IQGAP2;VAPA;B4GALT1;ARID5B;GNAI3	0.219934919115828	TRUE	IPW_only	0.818181818181818	entry3.75_SOFA_D3
ANGIOGENESIS	0.587533439159886	0.969400462551148	LRPAP1;JAG1;FGFR1;PGLYRP1;APP;S100A4;TIMP1;FSTL1;VEGFA;PF4	0.802933986412091	0.772338520439669	LRPAP1;PGLYRP1;JAG1;FGFR1;APP;S100A4;TIMP1;FSTL1;PF4;VEGFA	0.215400547252206	TRUE	neither	1	entry3.75_SOFA_D3
APICAL_JUNCTION	1.56856372937783	0.00941629553128753	MAPK14;SIRPA;ADAM9;PIK3CB;SKAP2;MMP9;CAP1;ALOX15B;ACTN1;MAPK13;PTEN;NF1;ITGA10;THBS3;RAC2;VASP;SYK;CD274;MAP3K20;IKBKG;ZYX;PTPRC;ACTB;CNN2;PCDH1;B4GALT1;COL17A1;MYH9;FYB1;RASA1;ICAM5;PBX2;INPPL1;ARPC2;CTNNA1;STX4;CLDN15;NECTIN2;CLDN9;ACTN4;MSN;GNAI2;SHC1;ICAM1;YWHAH;TUBG1;TAOK2;VCL;MPZL1;KCNH2;MYH10;PARD6G;BAIAP2	1.50630184365662	0.014728255438882	MAPK14;SIRPA;MMP9;ADAM9;SKAP2;CAP1;ACTN1;PIK3CB;ALOX15B;SYK;PTEN;RAC2;VASP;MAPK13;COL17A1;NF1;CD274;CNN2;ACTB;MAP3K20;B4GALT1;THBS3;ICAM5;IKBKG;MSN;ZYX;ARPC2;CTNNA1;MYH9;ITGA10;RASA1;PTPRC;FYB1;ICAM1;PBX2;GNAI2;NECTIN2;INPPL1;ACTN4;YWHAH;SHC1;PFN1;PCDH1;VCL;RSU1;MYH10;TUBG1;STX4;MYL12B;CLDN15;MPZL1	-0.0622618857212112	TRUE	both	0.857142857142857	entry3.75_SOFA_D3
APICAL_SURFACE	1.09325902396773	0.443269155742821	FLOT2;LYN;PCSK9;CRYBG1;NCOA6;B4GALT1;DCBLD2;SLC2A4;BRCA1;ADIPOR2;APP;HSPB1;IL2RG	1.00230975997886	0.549995386602694	FLOT2;LYN;PCSK9;CRYBG1;B4GALT1;NCOA6;IL2RG;APP;DCBLD2;ADIPOR2;BRCA1;SLC2A4	-0.090949263988872	TRUE	neither	0.923076923076923	entry3.75_SOFA_D3
APOPTOSIS	1.13350390309143	0.312393095941533	GADD45A;CFLAR;GSR;RNASEL;HGF;IGF2R;ADD1;TIMP2;GSN;RARA;PSEN1;CREBBP;FAS;ROCK1;CCNA1;IFITM3;EMP1;CD44;HMGB2;CASP4;NEDD9;DPYD;IFNGR1;PPP2R5B;CTNNB1;CLU;CDKN1B;XIAP;CASP2;TSPO;DNAJC3;GADD45B;TNFSF10;IER3;TXNIP;BCAP31;PPP3R1;IRF1;ANXA1;TAP1;GNA15;BRCA1;GPX3;F2R;APP;BCL2L1;CASP8;DNAJA1;CTH;TIMP1;CASP9;CASP1;PLCB2;HSPB1	1.32001803068667	0.0778130671506352	GADD45A;GSR;CFLAR;TIMP2;HGF;ADD1;GSN;RNASEL;IGF2R;RARA;PSEN1;IFNGR1;CCNA1;CD44;IFITM3;FAS;ROCK1;CREBBP;TSPO;HMGB2;CDKN1B;GADD45B;CTNNB1;CLU;IER3;CASP2;PPP2R5B;NEDD9;EMP1;XIAP;DNAJC3;CASP4;DPYD;BCAP31;PPP3R1;ANXA1;GNA15;CASP9;TAP1;IRF1;TNFSF10;TXNIP;APP	0.186514127595242	TRUE	neither	0.796296296296296	entry3.75_SOFA_D3
BILE_ACID_METABOLISM	-1.08165512420141	0.43187874998139	ABCD2;CYP27A1;NR3C2;HACL1;PAOX;SLC23A2;PEX12;EFHC1;LCK;SCP2;SLC35B2;PHYH;EPHX2;IDH2;HSD17B4;PEX7;ACSL5;SOD1;SLC29A1;TFCP2L1;ABCD3;PXMP2;AMACR	0.895366401538492	0.731897220148182	GCLM;ATXN1;ACSL1;PECR;SULT1B1;IDI1;AQP9;ABCA2;NEDD4;HSD3B7;RXRA	1.9770215257399	FALSE	neither	0	entry3.75_SOFA_D3
CHOLESTEROL_HOMEOSTASIS	1.57291832423411	0.0233813743764083	PLSCR1;ABCA2;NFIL3;NIBAN1;PDK3;ALCAM;LDLR;IDI1;ANTXR2;PPARG;S100A11;PNRC1;CHKA;ACSS2;DHCR7;CTNNB1;CLU;JAG1;FBXO6	1.85692937625586	0.00119469455947476	NFIL3;PLSCR1;NIBAN1;IDI1;ALCAM;PDK3;ABCA2;LDLR;CHKA;DHCR7;PPARG;ANTXR2;PNRC1;ACSS2;CTNNB1;JAG1;CLU;S100A11	0.284011052021746	TRUE	both	0.947368421052632	entry3.75_SOFA_D3
COAGULATION	1.27021708704192	0.159524045923193	ADAM9;MMP9;KLF7;FURIN;RAC1;GSN;SERPINA1;RABIF;CTSK;WDR1;HPN;F2RL2;SERPINE1;F12;C1R;CLU;LAMP2;MMP8;GNB2;THBS1;ANXA1;F8;FN1;PLAU;GP1BA;ITGB3;TIMP1;CASP9;P2RY1;CTSB;CFB;PEF1;SERPINB2;PLEK;CPQ;ISCU;SPARC;VWF;MST1;PF4	1.42968449731774	0.0482006879516477	MMP9;ADAM9;SERPINA1;FURIN;KLF7;GSN;RAC1;WDR1;RABIF;SERPINE1;MMP8;F12;CLU;THBS1;F2RL2;CTSK;LAMP2;GNB2;C1R;HPN;F8;ANXA1;CASP9;PLEK;MSRB2;GP1BA;P2RY1;PLAU;ITGB3;TIMP1;PEF1;CTSB;CFB;CPQ;SERPINB2;PF4;SPARC;VWF;ARF4;FN1	0.159467410275816	TRUE	IPW_only	0.904761904761905	entry3.75_SOFA_D3
COMPLEMENT	1.56024599719434	0.00582955878127514	ITGAM;CR1;ADAM9;PLSCR1;PIK3CG;LCP2;HSPA1A;PRKCD;DGKH;LYN;PCSK9;IRF2;TIMP2;COL4A2;CD55;S100A12;PSEN1;RHOG;SERPINA1;PIM1;CDK5R1;GCA;JAK2;RAF1;RABIF;F5;EHD1;CD59;USP15;S100A9;GRB2;PIK3R5;CA2;CEBPB;CASP4;CDA;VCPIP1;MSRB1;PIK3CA;SERPINE1;PRSS36;C1R;CLU;BRPF3;TNFAIP3;AKAP10;WAS;LAMP2;CPM;GNAI3;MMP8;GNB2;CTSD	1.63628312331987	0.00220763665467045	ITGAM;CR1;ADAM9;PRKCD;TIMP2;HSPA1A;PLSCR1;GCA;PIK3CG;S100A12;LYN;PCSK9;SERPINA1;RHOG;LCP2;CD59;DGKH;CD55;MSRB1;IRF2;PIM1;PSEN1;S100A9;EHD1;F5;RABIF;CDA;CDK5R1;JAK2;COL4A2;GRB2;SERPINE1;RAF1;CEBPB;AKAP10;MMP8;TNFAIP3;CLU;VCPIP1;PIK3CA;LAMP2;PIK3R5;GNAI3;USP15;GNB2;PRSS36;CASP4;C1R;CTSD	0.0760371261255319	TRUE	both	0.924528301886792	entry3.75_SOFA_D3
DNA_REPAIR	-1.623592292962	0.00292295890245397	RNMT;GTF2H1;GTF2H3;NUDT21;ERCC8;NELFCD;SRSF6;ADA;APRT;NCBP2;POLR2D;IMPDH2;DUT;POLR1H;ERCC4;LIG1;PCNA;SF3A3;ITPA;MRPL40;POLR2K;RFC3;POLR1C;POLR2C;RPA3;NFX1;UMPS;NME3;SEC61A1;ERCC3;AK3;EDF1;NME1;TMED2;PDE4B;GTF2A2;TP53;RFC4;TAF9;ERCC5	-1.53546973341132	0.00778370667400168	GTF2H3;RNMT;GTF2H1;ERCC8;NELFCD;NUDT21;ADA;MRPL40;SRSF6;SF3A3;ERCC4;NCBP2;POLR1H;LIG1;DUT;NFX1;POLR2D;APRT;IMPDH2;EDF1;ITPA;UMPS;ERCC3;POLR1C;RPA3;RFC3;PCNA;POLR2K;NME1;POLR2C;ERCC5;TP53;NME3;RFC4;GTF2A2;AAAS;TAF9;AK3;SSRP1;SEC61A1;DDB2;TMED2;GTF2H5;PDE4B;POLB;DDB1;RFC5;POLR2H;REV3L;TARBP2;SNAPC5;GSDME;NELFE;HPRT1;TAF1C;ELOA;ALYREF;POLD1;MPG;SMAD5;NUDT9;POLR3C;UPF3B;POLE4;RALA	0.088122559550682	TRUE	both	0.615384615384615	entry3.75_SOFA_D3
E2F_TARGETS	-1.88748337101442	1.38080356824587e-05	SYNCRIP;NOP56;EED;NUDT21;MAD2L1;RAN;PPP1R8;CNOT9;MYC;EIF2S1;AK2;PAICS;KIF22;SLBP;STMN1;SRSF2;ASF1A;PMS2;TMPO;DCTPP1;DUT;RAD50;WDR90;PHF5A;LIG1;PCNA;PRDX4;IPO7;RFC3;MLH1;HNRNPD;CSE1L;RAD1;RPA3;CDC25B;NUP205;RBBP7;CDK4;NUP107;DNMT1;NME1;TBRG4;SMC3;TP53;RPA1;ILF3;MCM3;CENPM;NAP1L1;PAN2;XRCC6;MRE11;CTPS1;SSRP1;SMC1A;RFC1;TRA2B;RANBP1;CDK1;MSH2;SNRPB;MCM5;POLE;SMC4;ZW10;RNASEH2A;CKS1B;CBX5;SRSF1;MTHFD2;NOLC1;POLD1;DSCC1;UBR7;RRM2;MCM7	-1.80004102946708	4.72064984085344e-05	SYNCRIP;MAD2L1;NOP56;EED;RAN;PPP1R8;MYC;CNOT9;NUDT21;STMN1;AK2;PAICS;ASF1A;PMS2;EIF2S1;KIF22;TMPO;RAD50;PHF5A;LIG1;WDR90;CDC25B;DUT;IPO7;DCTPP1;PRDX4;MLH1;HNRNPD;RPA3;DNMT1;RFC3;SLBP;RAD1;PCNA;NUP107;NME1;NUP205;CDK4;TP53;RANBP1;CSE1L;RBBP7;ILF3;PAN2;SRSF2;MRE11;MCM3;SMC3;CTPS1;SSRP1;RFC1;SMC1A;MSH2;TBRG4;NAP1L1;CBX5;RPA1;NOLC1;CENPM;MCM5;XRCC6;HELLS;CDKN2A;ZW10;POLD2;CKS1B;UBE2T;CCNE1;MCM7;RNASEH2A;SMC4;LYAR;POLE;SRSF1;RRM2;POLD1;PRIM2;PRPS1	0.0874423415473393	TRUE	both	0.833333333333333	entry3.75_SOFA_D3
EPITHELIAL_MESENCHYMAL_TRANSITION	1.05349506756673	0.458508738496062	GADD45A;BASP1;COL4A2;FBN2;FAS;PCOLCE2;EFEMP2;QSOX1;CAPG;CD59;CD44;NOTCH2;COL7A1;PFN2;TGFB1;SERPINE1;AREG;WIPF1;COLGALT1;TNFAIP3;PDLIM4;TPM1;PLOD1;COPA;GADD45B;COL6A3;LOXL1;THBS1;ACTA2;ANPEP;ITGA5;VIM	1.21178464347557	0.197936310646323	GADD45A;BASP1;FBN2;PCOLCE2;CD59;QSOX1;CD44;EFEMP2;CAPG;FAS;COL4A2;SERPINE1;COLGALT1;AREG;GADD45B;TNFAIP3;TPM1;TGFB1;COL7A1;NOTCH2;LOXL1;PFN2;THBS1;COPA;PLOD1	0.158289575908843	TRUE	neither	0.78125	entry3.75_SOFA_D3
ESTROGEN_RESPONSE_EARLY	1.37502066992804	0.0572057678165915	FKBP5;AFF1;IGF1R;SVIL;MREG;KAZN;MED13L;OLFML3;CA12;RARA;TTC39A;KDM4B;RAB31;SLC2A1;TIPARP;JAK2;SIAH2;GAB2;CHPT1;MINDY1;INHBB;FOXC1;RHOBTB3;TOB1;UGCG;CD44;ANXA9;FHL2;GLA;CANT1;AREG;TUBB2B;DHCR7;NADSYN1;B4GALT1;SH3BP5;FLNB;CISH;AMFR;DLC1;RAPGEFL1;BAG1;SLC7A5;TMEM164;KCNK5;MAST4;IL17RB;ALDH3B1;IL6ST;ABHD2;PODXL;SEMA3B;ELF3;ADD3;ITPK1;TGM2;SLC24A3;ELF1;MAPT;ARL3;ABAT	1.48245464579345	0.018016414336732	IGF1R;AFF1;FKBP5;RAB31;SVIL;MED13L;TIPARP;MREG;RARA;UGCG;TTC39A;FOXC1;SLC2A1;CD44;KAZN;TOB1;MINDY1;KDM4B;OLFML3;DHCR7;GAB2;JAK2;CANT1;CHPT1;GLA;AREG;INHBB;SIAH2;RHOBTB3;FHL2;B4GALT1;NADSYN1;CA12;ANXA9;SH3BP5;CISH;FLNB;KCNK5;TUBB2B;DLC1;MAST4;ALDH3B1;TMEM164;IL17RB;IL6ST;ABHD2;AMFR;RAPGEFL1	0.107433975865409	TRUE	IPW_only	0.786885245901639	entry3.75_SOFA_D3
ESTROGEN_RESPONSE_LATE	1.06854169632649	0.441051158451252	ATP2B4;FKBP5;AFF1;MAPK13;CA12;RAB31;SERPINA1;JAK2;CCNA1;SIAH2;IMPA2;CHPT1;FOXC1;TOB1;BATF;S100A9;CD44;ANXA9;SNX10;CA2;GLA;JAK1;AREG;DHCR7;PTPN6;ST6GALNAC2;FLNB;CISH;CKB;AMFR;XRCC3;RAPGEFL1;BAG1;SLC7A5;HSPA4L;ZFP36;KCNK5	1.1651147534751	0.238737397793125	ATP2B4;AFF1;FKBP5;RAB31;SERPINA1;IMPA2;FOXC1;CCNA1;CD44;S100A9;BATF;TOB1;DHCR7;JAK2;MAPK13;SNX10;ST6GALNAC2;CHPT1;GLA;AREG;PTPN6;SIAH2;JAK1;CA12;ANXA9;CISH;FLNB;KCNK5;CA2;CKB;ALDH3B1;ZFP36;IL17RB;IL6ST;ABHD2;AMFR;RAPGEFL1;HSPA4L;ADD3;SLC7A5;XRCC3;SLC24A3	0.0965730571486059	TRUE	neither	0.837209302325582	entry3.75_SOFA_D3
FATTY_ACID_METABOLISM	-1.33413893267166	0.0698921337225046	OSTC;MDH1;METAP1;APEX1;ECHS1;ACSS1;ACAA2;ACAT2;ECI1;HADH;SUCLG2;HSD17B10;MCEE;CBR1;ADSL;ACADM;PSME1;HSPH1;SDHD;ALDH3A2;BCKDHB;HSD17B4;ACOT2;BPHL;ACSL5;PCBD1;HMGCS1;HSP90AA1;PDHA1;UGDH;ODC1;ECI2;CPT2;SUCLA2;GCDH;RAP1GDS1;PTS;XIST;CD36;MIF;ENO2;BLVRA;MIX23;EHHADH;NTHL1;ALDH9A1;ACO2;HSD17B7;SMS;IDH3B;MDH2;FH;CPOX;RDH11;ECH1;MLYCD;TP53INP2;S100A10;ALDH1A1;DLST;H2AZ1;IDH3G	-1.16741310401166	0.225619368130861	OSTC;MDH1;METAP1;APEX1;ECHS1;ACSS1;ACAA2;SUCLG2;ECI1;HADH;ACAT2;MCEE;HSD17B10;CBR1;ACADM;BPHL;SDHD;ADSL;ACOT2;BCKDHB;ECI2;UGDH;HSD17B4;PDHA1;ACSL5;PSME1;ODC1;MIX23;BLVRA;CPT2;ALDH3A2;RAP1GDS1;PCBD1;GCDH;CD36;HMGCS1;MIF;SUCLA2;NTHL1;HSPH1;HSD17B7;PTS;SMS;FH;ENO2;ACO2;MLYCD;MDH2;EHHADH;IDH3B;CRYZ;ALDH1A1;XIST;S100A10;UROS;CPOX;RDH11;DLST;HSP90AA1;IDH3G;CD1D;ERP29;AOC3	0.166725828660003	TRUE	neither	0.865671641791045	entry3.75_SOFA_D3
G2M_CHECKPOINT	-1.00025304536745	0.537539295392954	SYNCRIP;BUB3;SLC38A1;G3BP1;SRSF10;MAD2L1;PURA;MYC;SLC12A2;NCL;KIF22;STMN1;SRSF2;CUL5;HSPA8;H2AZ2;TMPO;ORC5;HNRNPD;RPS6KA5;TENT4A;CDC25B;MTF2;CDK4;HMGN2;PRP4K;ILF3;MCM3;CUL1;UCK2;SNRPD1;ODC1;SMC1A;SS18;DTYMK;ABL1;TRA2B;SMC2;CDK1;FBXO5;MCM5;POLE;SMC4;NDC80;CKS1B;SRSF1;SMARCC1;CCNT1;NOLC1;SMAD3	-0.900996268011147	0.769490823036741	BUB3;SYNCRIP;G3BP1;SLC38A1;SRSF10;MAD2L1;NCL;PURA;MYC;STMN1;CUL5;KIF22;TMPO;RPS6KA5;CDC25B;H2AZ2;HSPA8;HNRNPD;SLC12A2;CDK4;PRP4K;TENT4A;ILF3;ORC5;SRSF2;UCK2;ODC1;MCM3;MTF2;SNRPD1;SMC1A;SS18;DTYMK;NOLC1;CUL1;SMAD3;SMARCC1;MCM5;NDC80;FBXO5;ABL1	0.0992567773563031	TRUE	neither	0.82	entry3.75_SOFA_D3
GLYCOLYSIS	1.02165845669308	0.516894612960487	TGFA;PYGL;PHKA2;TPST1;IRS2;ABCB6;HK2;B4GALT4;PDK3;PKM;EXT1;DSC2;P4HA2;LCT;QSOX1;ANKZF1;SAP30;MERTK;PKP2;CD44;SPAG4;RRAGD;IL13RA1;LDHA;G6PD;DEPDC1;PGM2;SLC16A3;B4GALT1;TALDO1;PAM;ALDOA;PGK1;PLOD1;ZNF292;ME2;IER3;RBCK1	1.29303105976049	0.0800574046475686	TGFA;PYGL;PHKA2;IRS2;TPST1;HK2;PKM;B4GALT4;P4HA2;PDK3;RRAGD;DSC2;ABCB6;QSOX1;MERTK;CD44;EXT1;SPAG4;LDHA;LCT;PGM2;SLC16A3;G6PD;ANKZF1;PAM;TALDO1;PGK1;PKP2;IL13RA1;B4GALT1;IER3;SAP30;ME2;ALDOA;DEPDC1;PLOD1	0.271372603067408	TRUE	neither	0.947368421052632	entry3.75_SOFA_D3
HEDGEHOG_SIGNALING	1.44153558930456	0.108086397715102	ETS2;SLIT1;CDK5R1;NF1;GLI1;TLE3;TLE1;MYH9;RASA1;ACHE;PML	1.34383955604223	0.171879395902047	ETS2;SLIT1;CDK5R1;NF1;TLE3;GLI1;MYH9;TLE1;RASA1	-0.0976960332623256	TRUE	neither	0.818181818181818	entry3.75_SOFA_D3
HEME_METABOLISM	2.30859510794709	6.60754938033427e-11	NFE2;SLC22A4;CCND3;ATP6V0A1;GCLM;EZH1;LPIN2;ABCB6;SLC25A37;ADD1;MBOAT2;NARF;LRP10;MARK3;FBXO34;CAST;ERMAP;GAPVD1;MAP2K3;SLC2A1;P4HA2;FOXO3;KHNYN;MPP1;FBXO9;PSMD9;RCL1;USP15;HTATIP2;CA2;NR3C1;NUDT4;SMOX;RHAG;ALAD;TNRC6B;SPTB;ADIPOR1;PICALM;PPP2R5B;KDM7A;BCAM;GDE1;TMCC2;DCAF10;SDCBP;EIF2AK1;HDGF;RAP1GAP;LAMP2;FOXJ2;RBM5;TAL1;RANBP10;KEL;ARHGEF12;DMTN;ANK1;MARCHF8;SEC14L1;SYNJ1;MARCHF2;SLC66A2;LMO2;RHD;RNF19A;KLF3;NEK7;AGPAT4;CTNS;FBXO7;GATA1;RBM38;FN3K;TOP1;XPO7;E2F2;BTRC;DAAM1;UBAC1;DCAF11;HAGH;SPTA1;RHCE;KAT2B;KLF1;MXI1;CLIC2;HTRA2;SLC6A8;SLC6A9;GYPC;CTSB;PDZK1IP1;EPOR;TRIM58;NFE2L1	2.2881261506849	9.34028598269587e-10	NFE2;CCND3;SLC22A4;GCLM;MBOAT2;NARF;ATP6V0A1;ADD1;LPIN2;SLC25A37;LRP10;FBXO34;P4HA2;FBXO9;EZH1;ABCB6;CAST;MARK3;MPP1;SLC2A1;MAP2K3;HTATIP2;ERMAP;GAPVD1;KHNYN;FOXO3;NR3C1;PSMD9;SDCBP;DCAF10;PICALM;GDE1;SMOX;RHAG;LAMP2;ALAD;PPP2R5B;SPTB;USP15;ADIPOR1;FOXJ2;KDM7A;SEC14L1;NUDT4;RCL1;RAP1GAP;EIF2AK1;CA2;MARCHF2;TNRC6B;HDGF;TMCC2;BCAM;LMO2;SYNJ1;SLC66A2;NEK7;RBM5;KEL;RANBP10;RHD;TAL1;ARHGEF12;ANK1;KLF3;MARCHF8;DMTN;CTNS;DCAF11;E2F2;RNF19A;RBM38;FN3K;HTRA2;BTRC;EPOR;GATA1;CTSB;DAAM1;XPO7;KAT2B;CCDC28A;NFE2L1;TOP1;RHCE;YPEL5;FBXO7	-0.0204689572621897	TRUE	both	0.858585858585859	entry3.75_SOFA_D3
HYPOXIA	1.94438984481066	1.62107066849125e-05	PFKFB3;NDRG1;FOSL2;SLC2A3;IRS2;SLC6A6;KLF7;TPST2;NFIL3;HK2;AMPD3;PDK3;RBPJ;PGM1;CA12;EXT1;NDST2;KLF6;PIM1;JMJD6;SLC2A1;TIPARP;P4HA2;WSB1;SIAH2;IDS;ANKZF1;SAP30;CCNG2;FOXO3;ADM;NEDD4L;PNRC1;RRAGD;LDHA;NR3C1;CSRP2;PYGM;SERPINE1;PGM2;PPP1R15A;HK1;NDST1;MAP3K1;CDKN1B;PAM;TNFAIP3;ALDOA;MYH9;TMEM45A;GAPDH;PGK1;PHKG1;ZNF292;IER3;ZFP36;KDM3A;CP;CITED2;GBE1;PLAC8;DUSP1;PDK1;ENO1;PRDX5;GYS1;NOCT;VLDLR;DDIT4;S100A4;UGP2;TGM2;GLRX;ATP7A;EFNA1;MXI1	2.1659905562205	2.16105810634151e-07	NDRG1;PFKFB3;SLC2A3;FOSL2;NFIL3;AMPD3;TPST2;IRS2;NDST2;HK2;RBPJ;SLC6A6;KLF7;JMJD6;KLF6;P4HA2;PDK3;CCNG2;TIPARP;PGM1;RRAGD;PIM1;WSB1;ADM;SLC2A1;EXT1;IDS;LDHA;FOXO3;NR3C1;PGM2;SERPINE1;PNRC1;ANKZF1;PAM;PPP1R15A;PGK1;SIAH2;CDKN1B;MAP3K1;TNFAIP3;CSRP2;DUSP1;NDST1;IER3;SAP30;GBE1;ALDOA;HK1;GAPDH;CA12;MYH9;PLAC8;PYGM;TMEM45A;PRDX5;DDIT4;GLRX;UGP2;ZFP36;ZNF292;GYS1;ENO1;NEDD4L;PHKG1	0.221600711409838	TRUE	both	0.855263157894737	entry3.75_SOFA_D3
IL2_STAT5_SIGNALING	1.44042847223385	0.0233813743764083	IL1R2;CST7;NDRG1;MAPKAPK2;IGF1R;CCND3;PLSCR1;SLC2A3;CKAP4;IL18R1;SCN9A;IL4R;HYCC2;MXD1;NFIL3;IGF2R;HK2;FURIN;ADAM19;HIPK2;ALCAM;KLF6;PIM1;IL1RL1;DENND5A;SELL;PLEC;IFITM3;CAPG;BATF;DCPS;EMP1;MAP3K8;CD44;SMPDL3A;RRAGD;ETFBKMT;CA2;SHE;CSF1;CAPN3;ST3GAL4;F2RL2;GABARAPL1;SPRED2;IFNGR1;GLIPR2;SLC39A8	1.59107788113353	0.0030641372837787	CST7;NDRG1;MAPKAPK2;IL1R2;CCND3;IGF1R;SLC2A3;NFIL3;CKAP4;PLSCR1;HK2;HIPK2;SCN9A;FURIN;MXD1;IL4R;HYCC2;IL18R1;ALCAM;KLF6;RRAGD;IGF2R;SELL;ADAM19;PIM1;IFNGR1;DENND5A;CD44;BATF;IFITM3;SMPDL3A;CAPG;PLEC;CAPN3;IL1RL1;MAP3K8;ST3GAL4;GLIPR2;CSF1;GADD45B;SLC39A8;SPRED2;GABARAPL1;DCPS;ETFBKMT;F2RL2	0.150649408899677	TRUE	both	0.918367346938776	entry3.75_SOFA_D3
IL6_JAK_STAT3_SIGNALING	2.04989865211459	6.63134285901046e-05	IL1R2;IL1R1;IL17RA;IL18R1;TLR2;STAT3;IL4R;IFNAR1;ACVR1B;IL10RB;TNFRSF1A;SOCS3;FAS;PIM1;CSF3R;CBL;PTPN1;IFNGR2;CSF2RA;PDGFC;MAP3K8;CD44;IL13RA1;GRB2;PIK3R5;CSF2RB;CSF1;TGFB1;IFNGR1;MYD88;IRF9;OSMR;SOCS1	2.23050741715712	4.86193059967199e-06	IL1R2;IL1R1;IL17RA;STAT3;SOCS3;IFNAR1;IL10RB;ACVR1B;TNFRSF1A;IFNGR2;IL4R;IL18R1;PTPN1;TLR2;CSF3R;PDGFC;PIM1;IFNGR1;CD44;CSF2RA;CSF2RB;CBL;FAS;GRB2;MYD88;MAP3K8;CSF1;IL13RA1;TGFB1;PIK3R5;IRF9;SOCS1;OSMR;IL17RB;IRF1;IL6ST;TYK2;IL2RG;CXCL1;CCR1;ACVRL1;PTPN11;ITGB3	0.180608765042533	TRUE	both	0.767441860465116	entry3.75_SOFA_D3
INFLAMMATORY_RESPONSE	1.77405278551066	0.000268882167566868	KIF1B;IL1R1;IL18RAP;IL18R1;LCP2;TLR2;IL4R;IFNAR1;PTPRE;MXD1;ACVR1B;LYN;IRAK2;IFITM1;NFKB1;MEFV;CD55;C3AR1;SEMA4D;PSEN1;RHOG;RNF144B;KLF6;CSF3R;AQP9;IFNGR2;CD82;LDLR;PROK2;EIF2AK2;RAF1;NFKBIA;SELL;FPR1;HIF1A;ADM;ADGRE1;PTAFR;HPN;OSM;PIK3R5;TAPBP;SGMS2;CSF1;FZD5;SERPINE1;NLRP3;TLR1;KCNJ2;GPR132;GNAI3;NOD2;OSMR;DCBLD2;NMI;TNFSF10;NAMPT;CLEC5A;SLC31A2;IL10;RGS16;ITGA5;IRF7;FFAR2;IRF1;ICAM1;TNFAIP6;GNA15;ABI1	1.92714314348398	2.51503174890731e-05	IL1R1;KIF1B;IL18RAP;IFNAR1;LYN;ACVR1B;PTPRE;MXD1;IFNGR2;IL4R;IFITM1;RHOG;IL18R1;PROK2;FPR1;LCP2;AQP9;KLF6;TLR2;RNF144B;MEFV;OSM;CD55;IRAK2;NFKB1;SELL;CD82;NFKBIA;CSF3R;LDLR;PSEN1;C3AR1;ADM;PTAFR;HIF1A;SGMS2;SEMA4D;NLRP3;ADGRE1;SERPINE1;RAF1;TAPBP;CSF1;SLC31A2;EIF2AK2;CLEC5A;PIK3R5;FFAR2;GNAI3;NAMPT;KCNJ2;TLR1	0.153090357973325	TRUE	both	0.753623188405797	entry3.75_SOFA_D3
INTERFERON_ALPHA_RESPONSE	1.37786435330838	0.0815824459823814	TRIM25;PLSCR1;IL4R;ADAR;IRF2;IFITM1;IFITM2;TRAFD1;TRIM5;EIF2AK2;SELL;TMEM140;IFITM3;TRIM21;PARP9;SP110;TDRD7;CSF1;GBP2;GMPR;IRF9;NMI;HELZ2;BATF2;OGFR;IFI27;TXNIP;SLC25A28;IRF7;MOV10;IRF1;TAP1;RNF31	1.37137240805197	0.0738357843137255	TRIM25;PLSCR1;IL4R;IFITM1;ADAR;SELL;IRF2;IFITM2;TRAFD1;IFITM3;TRIM21;TMEM140;TRIM5;CSF1;EIF2AK2;PARP9;TDRD7;IRF9;SP110;GMPR;SLC25A28;NMI;GBP2;TAP1;HELZ2;IRF1;OGFR;TXNIP;HLA-C;IRF7;RNF31;BATF2;ELF1	-0.00649194525641073	TRUE	neither	0.885714285714286	entry3.75_SOFA_D3
INTERFERON_GAMMA_RESPONSE	1.36801146495122	0.0447075559174608	TRIM25;UPP1;EIF4E3;PLSCR1;NLRC5;LATS2;LCP2;STAT3;IL4R;ADAR;IRF2;NFKB1;SOCS3;IFITM2;FAS;PIM1;TRAFD1;PTPN1;JAK2;EIF2AK2;NFKBIA;ZNFX1;FPR1;IFITM3;TRIM21;RNF213;RIPK1;HIF1A;SP110;ARID5B;TDRD7;CD274;MVP;CSF2RB;CASP4;TAPBP;TMT1B;PELI1;C1R;MYD88;MX2;PTPN6;TNFAIP3;TOR1B;IRF9;IFNAR2;FCGR1A;SOCS1;NMI;TNFSF10;NAMPT;RBCK1;HELZ2;ST8SIA4;BATF2;OGFR;PML;IFI27;TXNIP;SLC25A28;IRF7;IRF1;RIGI;ICAM1;TNFAIP6;TAP1;RNF31	1.437850400233	0.018016414336732	TRIM25;UPP1;STAT3;LATS2;EIF4E3;PLSCR1;SOCS3;IL4R;ADAR;FPR1;LCP2;PTPN1;NLRC5;NFKB1;NFKBIA;IRF2;IFITM2;PIM1;TRAFD1;ZNFX1;CSF2RB;HIF1A;IFITM3;TRIM21;JAK2;FAS;MYD88;TMT1B;TAPBP;CD274;PTPN6;MVP;TNFAIP3;ARID5B;EIF2AK2;PELI1;TOR1B;NAMPT;RIPK1;RNF213;TDRD7;CASP4;FCGR1A;C1R;IRF9;SP110;ICAM1;SOCS1;IFNAR2;SLC25A28;NMI;TNFAIP6;MX2;TAP1;HELZ2;SELP;IRF1;SPPL2A;OGFR;TNFSF10;RBCK1;TXNIP;ST8SIA4	0.0698389352817821	TRUE	both	0.884057971014493	entry3.75_SOFA_D3
KRAS_SIGNALING_DN	1.04316348552609	0.48758421310756	ZBTB16;PTPRJ;TG;ASB7;CPEB3;MEFV;STAG3;ENTPD7;CCNA1;KCND1;HSD11B2;PTGFR;MAST3	1.05062710692722	0.475380470608466	ZBTB16;PTPRJ;ENTPD7;ASB7;CPEB3;TG;MEFV;CCNA1;STAG3;KCND1;NR6A1;PTGFR;MAST3;HSD11B2;BARD1;KMT2D;MAGIX;KLHDC8A	0.007463621401127	TRUE	neither	0.722222222222222	entry3.75_SOFA_D3
KRAS_SIGNALING_UP	0.807155022223018	0.924298752933932	MMP9;ARG1;AVL9;GALNT3;DOCK2;TLR8;C3AR1;TOR1AIP2;CDADC1;LAT2;CBL;LCP1;ADAM17;PTBP2;CSF2RA;NIN;EMP1;GADD45G;F2RL1;CA2;LY96;PPP1R15A;MAP3K1;TNFAIP3;ALDH1A2;MTMR10;DCBLD2;SPRY2;ADAM8;IKZF1;TFPI;RGS16;FCER1G;ITGB2	1.00420255247526	0.549995386602694	MMP9;ARG1;LAT2;AVL9;CDADC1;TLR8;GALNT3;C3AR1;CSF2RA;LCP1;TOR1AIP2;DOCK2;F2RL1;CBL;PTBP2;NIN;ADAM17;PPP1R15A;GADD45G;MAP3K1;TNFAIP3;TRIB1;MTMR10;EMP1;LY96;TFPI;ADAM8;CA2;ALDH1A2;SPRY2;LAPTM5;ITGB2;FCER1G;RETN;IKZF1;GLRX	0.197047530252246	TRUE	neither	0.842105263157895	entry3.75_SOFA_D3
MITOTIC_SPINDLE	1.80033485981612	6.91220923075669e-05	CDK5RAP2;KIF1B;CLASP1;AKAP13;KLC1;RANBP9;FGD4;SSH2;PREX1;ARL8A;DOCK2;GSN;TUBA4A;CSNK1D;KIF3C;ROCK1;ARHGEF11;RASA2;SPTBN1;NF1;CLIP1;NIN;WASF2;LMNB1;PPP4R2;CDC42EP2;PXN;CDC42EP4;PAFAH1B1;NOTCH2;NEDD9;CDC42EP1;ARHGEF2;NCK2;PRC1;CNTROB;CDC42BPA;CAPZB;ARFGEF1;STAU1;MYH9;APC;RASA1;FLNB;MARK4;ECT2;ABR;KIF4A;TUBD1;ARHGEF12;ITSN1;ARHGAP27;CYTH2;RALBP1;CDC42;KPTN;ACTN4;ARAP3;TTK;KIF11;MYO9B;MARCKS;ABI1;HDAC6;TAOK2;VCL;MAP1S;MYH10;KIF5B;WASF1;TBCD;NUSAP1;TUBGCP2;CEP192;PCNT;SOS1;RABGAP1;MAP3K11;PDLIM5;KIF15;TLK1;DYNLL2;KIF23	1.77527124469763	0.000163749111798345	CDK5RAP2;KIF1B;CLASP1;RANBP9;TUBA4A;ARL8A;AKAP13;FGD4;GSN;KIF3C;KLC1;PREX1;PPP4R2;SSH2;LMNB1;CDC42EP2;SPTBN1;CSNK1D;ARHGEF11;PAFAH1B1;WASF2;DOCK2;ROCK1;RASA2;NF1;NIN;CLIP1;CDC42EP4;NCK2;PXN;CNTROB;ARFGEF1;NOTCH2;STAU1;RALBP1;NEDD9;CAPZB;CDC42BPA;MYH9;FLNB;ARHGEF2;MARCKS;CDC42;CDC42EP1;RASA1;TUBD1;APC;ITSN1;ABI1;PRC1;KPTN;KIF4A;ECT2;TTK;ARHGAP27;ABR;ACTN4;MARK4;ARHGEF12;KIF11;KIF5B;VCL;MYH10;PDLIM5;MAP1S;TUBGCP3;CYTH2;MYO9B;TLK1;HDAC6;ARAP3;TAOK2;TUBGCP2;MAP3K11;CEP192;KIF23;RAB3GAP1;SOS1;MAPRE1;KATNB1;KIF15;ARHGEF7;AURKA;DYNLL2;BCR;CLIP2;WASF1;ARHGDIA	-0.0250636151184882	TRUE	both	0.858695652173913	entry3.75_SOFA_D3
MTORC1_SIGNALING	-1.21967912332138	0.114830934047539	UFM1;GTF2H1;HSPD1;FGL2;EEF1E1;ATP5MC1;HSPA9;M6PR;GGA2;PPIA;CACYBP;HSP90B1;PSMD14;PSMC2;EPRS1;SLC37A4;USO1;STARD4;INSIG1;MTHFD2L;IMMT;SHMT2;PITPNB;SC5D;SEC11A;TCEA1;MLLT11;PRDX1;CANX;SSR1;HSPA4;NUP205;CYB5B;RRP9;CXCR4;PPA1;XBP1;CCT6A;UCHL5;PHGDH;HMGCS1;RPA1;ARPC5L;TRIB3;RPN1;PSMA3;EBP;EDEM1;HSPA5;SERP1;FKBP2;PSMA4;PSMC6;CALR;SYTL2;SORD;HPRT1;EIF2S2;POLR3G	0.875652206416093	0.778938775510204	GSR;SLC2A3;NFIL3;SLA;TUBA4A;SKAP2;NIBAN1;HK2;IDI1;SLC6A6;PGM1;GSK3B;LDLR;NUPR1;ACSL3;SLC2A1;MAP2K3;LDHA;DHCR7;NFYC;G6PD;RAB1A;GLA;PPP1R15A;PGK1;RIT1;UBE2D3;GBE1;ALDOA;NAMPT;GAPDH	2.09533132973747	FALSE	neither	0	entry3.75_SOFA_D3
MYC_TARGETS_V1	-3.13061869681718	6.18934601350443e-27	SRSF7;DDX18;SYNCRIP;BUB3;NPM1;SNRPA1;HNRNPR;ABCE1;SET;EEF1B2;FBL;TOMM70;RPL34;HSPD1;G3BP1;NOP56;RPL22;MRPS18B;MAD2L1;STARD7;RAN;DDX21;NDUFAB1;CCT4;CLNS1A;ILF2;RPS2;RSL1D1;RPLP0;RPS5;PPIA;APEX1;GLO1;MYC;EIF2S1;POLE3;VDAC1;RPS3;RPL6;SNRPD2;RPS10;PSMD14;RPL18;SSBP1;CCT2;EPRS1;PHB1;SRSF2;RPS6;SRSF3;PSMD8;EIF3D;NCBP2;GNL3;IMPDH2;DHX15;IARS1;DUT;PSMA2;PCNA;PRDX4;ERH;KARS1;HNRNPD;HDAC2;C1QBP;CCT7;YWHAQ;PRPS2;RACK1;PABPC4;CANX;SLC25A3;TXNL4A;SERBP1;RRP9;CDK4;MRPL23;ACP1;PHB2;MRPL9;TUFM;NME1;UBE2E1;SNRPA;RFC4;HNRNPA3;CUL1;NAP1L1;HNRNPA1;HSP90AB1;XRCC6;PSMA1;SNRPD1;SNRPB2;CTPS1;ODC1;SRM;SNRPD3;VDAC3;UBA2;TRA2B;RANBP1;PSMA4;PSMC6;AIMP2;EIF4A1;RRM1;RPL14;EIF4E;HPRT1;EIF2S2;MCM5;COX5A;NCBP1;HSPE1;PRDX3;PSMB2;HDDC2;XPOT;CSTF2;SRSF1;SMARCC1;NOLC1;TCP1;CCT3;PWP1;MCM7;COPS5;SSB;PSMC4;CNBP;EIF3B;PPM1G;POLD2;GOT2;SF3B3;CCT5;PSMD7;LSM7;SNRPG;PSMA6	-3.02996820878921	5.94093832549138e-24	DDX18;SRSF7;BUB3;SYNCRIP;HNRNPR;ABCE1;SNRPA1;NPM1;G3BP1;RPL34;EEF1B2;TOMM70;FBL;RPL22;CLNS1A;MAD2L1;NOP56;MRPS18B;SET;RAN;RPL6;CCT4;RPS5;RPS2;PPIA;RPLP0;NDUFAB1;SNRPD2;HSPD1;DDX21;ILF2;SSBP1;APEX1;MYC;RPS6;RSL1D1;RPS10;CCT2;GLO1;STARD7;EPRS1;EIF3D;PSMD14;PHB1;EIF2S1;IARS1;RPS3;RPL18;VDAC1;POLE3;PSMD8;NCBP2;DUT;PSMA2;IMPDH2;PRDX4;HNRNPD;GNL3;RACK1;HNRNPA1;YWHAQ;DHX15;SRSF3;HNRNPA3;CCT7;PRPS2;ERH;C1QBP;PCNA;KARS1;MRPL23;SERBP1;NME1;MRPL9;CDK4;SNRPA;RANBP1;RFC4;PABPC4;TUFM;RRP9;ACP1;HDAC2;TXNL4A;RPL14;SRSF2;ODC1;SRM;SNRPD1;CTPS1;VDAC3;EIF4A1;UBE2E1;NAP1L1;SNRPD3;SLC25A3;CANX;NOLC1;CUL1;HDDC2;PHB2;COX5A;SSB;SMARCC1;MCM5;XRCC6;AIMP2;HSPE1;SNRPB2;UBA2;LSM7;EIF4E;PSMA1;NCBP1;POLD2;SF3B3;RRM1;MCM7;CCT3;CSTF2;PSMB2;EIF2S2;SNRPG;COPS5;HPRT1;HSP90AB1;NHP2;GOT2;SRSF1;PPM1G;PWP1;NOP16	0.100650488027974	TRUE	both	0.902777777777778	entry3.75_SOFA_D3
MYC_TARGETS_V2	-2.22695119373384	1.65415489442643e-05	DDX18;WDR43;NPM1;HSPD1;NOP56;NDUFAF4;MYC;PPAN;PHB1;UTP20;PES1;GNL3;DCTPP1;MRTO4;PRMT3;RRP9;CDK4;PUS1;GRWD1;TFB2M;TBRG4;SRM;LAS1L;AIMP2;IMP4;MPHOSPH10;SORD;MCM5;HSPE1;NOLC1;DUSP2;IPO4;TMEM97;MYBBP1A;NIP7;FARSA	-2.24332202947313	1.2999522590736e-05	DDX18;WDR43;NPM1;NOP56;UTP20;HSPD1;NDUFAF4;MYC;PPAN;PHB1;PES1;PUS1;MRTO4;DCTPP1;GNL3;GRWD1;CDK4;RRP9;SORD;SRM;TFB2M;MPHOSPH10;LAS1L;TBRG4;IMP4;NOLC1;MCM5;AIMP2;HSPE1;PRMT3;MYBBP1A	-0.0163708357392856	TRUE	both	0.861111111111111	entry3.75_SOFA_D3
MYOGENESIS	1.16519760832891	0.279356210443038	ACSL1;SVIL;MEF2A;COL4A2;ITGA7;GSN;MYBPC3;DAPK2;MYOM1;FOXO4;PDLIM7;KLF5;NQO1;TGFB1;PYGM;CLU;KIFC3;MYH9;TPM3;MYH11;NOTCH1;ACHE;RIT1;CKB;GADD45B;DMPK;COL6A3;MYL6B;BAG1;MAPRE3;IFRD1;LSP1;ATP6AP1;GPX3;SMTN;KCNH2;APP;TAGLN;NCAM1;AK1;HDAC5;MYLK;SLC6A8;FLII;MYO1C;CHRNG;GABARAPL2;AKT2;ITGB5;SPARC;PICK1;NAV2;IGFBP7;TSC2;SCD;MAPK12	1.10686518518026	0.354170264203074	ACSL1;MEF2A;GSN;SVIL;ITGA7;MYBPC3;FOXO4;DAPK2;COL4A2;TPM3;KLF5;MYOM1;PDLIM7;GADD45B;RIT1;TGFB1;KIFC3;CLU;MYH9;COL6A3;PYGM;ATP6AP1;NQO1;MYL6B;CKB;DMPK;IFRD1;NOTCH1;LSP1;APP;MYH11;GPX3;MAPRE3;SMTN;GABARAPL2;ACHE;MYLK;HDAC5;FLII;BAG1;HBEGF;SPARC;NCAM1;ITGB5;SLC6A8;AK1;IGFBP7;TAGLN;AKT2;KCNH2	-0.0583324231486548	TRUE	neither	0.859649122807018	entry3.75_SOFA_D3
NOTCH_SIGNALING	-0.932405789863031	0.640825096232793	DTX4;MAML2;LFNG;HES1;PSEN2;CUL1;ARRB1;FZD1;SKP1	-0.852265335228155	0.731897220148182	DTX4;MAML2;LFNG;PSEN2;HES1;CUL1;ARRB1;FZD1;SKP1;DTX1;PPARD;KAT2A	0.0801404546348763	TRUE	neither	0.75	entry3.75_SOFA_D3
OXIDATIVE_PHOSPHORYLATION	-2.43614140782535	1.77311184108886e-12	MRPS30;LRPPRC;PDP1;TIMM17A;CYCS;LDHB;TOMM70;ABCB7;MRPL35;ATP5MC1;HSPA9;NDUFAB1;COX10;NDUFB5;OXA1L;MDH1;MRPL15;ATP5PO;DLAT;ECHS1;TOMM22;VDAC1;COX7C;COX6C;ATP5F1A;NDUFS3;SLC25A4;ACAA2;UQCRC2;ATP5MC2;ECI1;NDUFB2;COX7A2;SLC25A5;BDH2;VDAC2;MRPL11;CASP7;NDUFA4;GLUD1;HSD17B10;IMMT;NDUFV1;ACADSB;TIMM13;PHYH;ATP5MC3;ATP5PB;SLC25A6;PMPCA;NDUFA8;NDUFB8;TIMM50;SLC25A3;FDX1;IDH2;ACADM;SDHD;TIMM10;NDUFA5;PDK4;PHB2;MRPS12;OPA1;TIMM9;NNT;PDHA1;COX4I1;SLC25A12;MGST3;ATP6V1F;SLC25A20;UQCRFS1;NDUFA6;UQCR10;VDAC3;ATP5F1C;SUCLA2;UQCRQ	-2.28123406682109	5.34048143191144e-10	MRPS30;LRPPRC;LDHB;PDP1;TIMM17A;CYCS;TOMM70;MRPL35;MDH1;ATP5MC1;MRPL15;DLAT;ABCB7;OXA1L;ATP5PO;NDUFB5;COX7C;HSPA9;NDUFAB1;COX10;COX6C;ECHS1;SLC25A4;ATP5MC2;NDUFS3;NDUFB2;TOMM22;VDAC1;UQCRC2;ACAA2;TIMM13;ATP5MC3;BDH2;ATP5F1A;NDUFV1;ECI1;MRPL11;VDAC2;COX7A2;NDUFA4;CASP7;HSD17B10;NDUFA8;SLC25A6;SLC25A5;IMMT;GLUD1;PHYH;NDUFA5;IDH2;PDK4;ACADM;PMPCA;TIMM10;MRPS12;ACADSB;NDUFB8;ATP5PB;SDHD;MGST3;TIMM9;TIMM50;UQCRQ;NDUFA6;PDHA1;OPA1;COX4I1;VDAC3;UQCR10;FDX1;UQCRFS1;SLC25A3;MRPS11;MTX2;PHB2;NNT;COX5A;ETFA;NDUFS6;ATP6V1F;SUCLA2;ATP5F1C;SLC25A20;IDH3A;COX11;ATP5PD;SLC25A12;UQCRB;ATP5PF;FH;BAX;NDUFB6;ACO2;GOT2;MDH2;FXN;IDH3B;ATP6V1G1;ATP5F1D;AIFM1;NDUFA9;ACAT1;PRDX3;NDUFB4;ATP5F1B;MRPS22;ATP1B1;NDUFS7	0.154907341004257	TRUE	both	0.731481481481482	entry3.75_SOFA_D3
P53_PATHWAY	1.23988066689496	0.129716075578458	TGFA;UPP1;ZBTB16;GADD45A;NDRG1;CCND3;PTPRE;NUPR1;MXD1;ALOX15B;ACVR1B;ABHD4;APAF1;SP1;CEBPA;HEXIM1;FAS;DRAM1;CDK5R1;TRAFD1;CD82;PRMT2;STOM;FOXO3;INHBB;TOB1;RHBDF2;RNF19B;RXRA;TGFB1;GPX2;PPM1D;CCP110;PPP1R15A;PRKAB1;FGF13;CSRNP2;NOTCH1;SOCS1;CTSD;IP6K2;IER3;DEF6;RGS16;HSPA4L;CYFIP2;TXNIP;MKNK2;STEAP3;SERTAD3;PLK3;ZFP36L1;GM2A;TAP1	1.38776027179474	0.0323075493676381	UPP1;NDRG1;CCND3;GADD45A;TGFA;ZBTB16;ACVR1B;DRAM1;ABHD4;ALOX15B;PTPRE;MXD1;APAF1;STOM;CEBPA;CD82;NUPR1;SP1;TRAFD1;PRMT2;TOB1;CDK5R1;HEXIM1;FOXO3;FAS;PRKAB1;RXRA;RNF19B;RHBDF2;INHBB;PPP1R15A;TGFB1;IER3;CTSD;CSRNP2;SERTAD3;SOCS1;PPM1D;GPX2;CCP110;GM2A;PLK3;FGF13;ZFP36L1;VDR;CYFIP2;DDIT4;NOTCH1;DEF6;TAP1;MKNK2;STEAP3;TXNIP;APP;IP6K2;HSPA4L	0.147879604899778	TRUE	IPW_only	0.929824561403509	entry3.75_SOFA_D3
PEROXISOME	-1.01194998672524	0.522815344603381	ABCD2;CLN6;SLC25A4;SLC23A2;HRAS;SCP2;SLC35B2;SLC25A19;DHRS3;EPHX2;PRDX1;CADM1;IDH2;HSD17B4;ERCC3;ACSL5;SOD1;CTPS1;ECI2;ABCB4;ITGB1BP1;ABCD3;ABCB1;MSH2;PEX11B;EHHADH;SMARCC1;ALDH9A1;ISOC1;CNBP;IDE;SLC27A2;RDH11;ECH1;PEX2;MLYCD	-0.932440476351612	0.709878272955524	ABCD2;SLC23A2;SLC25A4;CLN6;HRAS;SLC35B2;EPHX2;DHRS3;ERCC3;IDH2;PRDX1;CADM1;SLC25A19;ABCB1;SCP2;ECI2;HSD17B4;ABCB4;ACSL5;CTPS1;SOD1;MSH2	0.0795095103736281	TRUE	neither	0.611111111111111	entry3.75_SOFA_D3
PI3K_AKT_MTOR_SIGNALING	1.84630269094626	0.000617557589554062	MKNK1;MAP2K6;PRKCB;SLA;MAPK1;CAB39;VAV3;PRKAR2A;DUSP3;GSK3B;RAC1;RALB;TNFRSF1A;PTEN;MAP2K3;SLC2A1;RPS6KA3;RAF1;RIPK1;RPS6KA1;GRB2;PIKFYVE;AKT1S1;CFL1;MYD88;UBE2D3;CDKN1B;YWHAB;IRAK4;RIT1;ACTR2;ITPR2;GRK2;ACTR3;MAPK10;SMAD2;CLTC;TBK1;E2F1;MKNK2;ARF1	1.87774763807343	0.000398469347791607	MKNK1;CAB39;SLA;MAP2K6;PRKCB;MAPK1;PRKAR2A;TNFRSF1A;DUSP3;RALB;RAC1;VAV3;PTEN;GSK3B;RPS6KA3;SLC2A1;MAP2K3;RPS6KA1;GRB2;MYD88;RAF1;CFL1;YWHAB;CDKN1B;RIT1;UBE2D3;RIPK1;IRAK4;ACTR2;PIKFYVE;SMAD2;ACTR3;AKT1S1;ARF1;CLTC;GRK2;MAPK10;MKNK2;IL2RG;PFN1;ITPR2;TBK1;PTPN11;NFKBIB;PDK1;E2F1	0.0314449471271689	TRUE	both	0.891304347826087	entry3.75_SOFA_D3
PROTEIN_SECRETION	0.735065447878963	0.954163273615635	KIF1B;MAPK1;IGF2R;STX16;RPS6KA3;GNAS;STX7;AP2B1;GLA;CD63;PAM;ARFGEF1;AP1G1;LAMP2;RAB5A;STAM;VAMP3;CLTC;SEC22B;ARF1;SGMS1;COPB1;ABCA1;CLN5;RAB2A;AP2S1;ATP7A	1.02569307479771	0.520230465462549	KIF1B;MAPK1;IGF2R;RPS6KA3;STX16;GNAS;CD63;AP2B1;GLA;PAM;ARFGEF1;STX7;RAB5A;LAMP2;VAMP3;AP1G1;ARF1;CLTC;SEC22B;STAM;RAB2A;AP3S1;ARFGAP3;COPB1;RAB14;ATP6V1H;VPS4B;CLN5;ABCA1;AP2M1;SNAP23	0.290627626918743	TRUE	neither	0.705882352941177	entry3.75_SOFA_D3
REACTIVE_OXYGEN_SPECIES_PATHWAY	1.51860276642506	0.0457029665441079	GSR;GCLM;HHEX;MBP;FES;MSRA;SBNO2;CDKN2D;G6PD;NQO1;OXSR1;FTL;TXNRD1;EGLN2;SRXN1;LSP1;GPX3;JUNB;TXN;GLRX;PRDX6	1.89989936746786	0.00157250458535305	GSR;GCLM;HHEX;FES;MSRA;MBP;CDKN2D;SBNO2;G6PD;OXSR1;TXNRD1;SRXN1;LAMTOR5;TXN;NQO1;FTL;JUNB;GLRX;LSP1;EGLN2;PRDX6;GPX3	0.3812966010428	TRUE	both	0.954545454545455	entry3.75_SOFA_D3
SPERMATOGENESIS	-0.822343119693517	0.902765819757463	CAMK4;ZC3H14;TSN;SLC12A2;LPIN1;ALOX15;PARP2;TKTL1;PEBP1;RAD17	0.89975693079195	0.731897220148182	PGS1;AGFG1;TLE4;PRKAR2A;CCNA1;CLVS1;BRAF;TALDO1;IP6K1;SHE;H1-6;PHF7;CHFR;GMCL1;TTK;MAST2	1.72210005048547	FALSE	neither	0	entry3.75_SOFA_D3
TGF_BETA_SIGNALING	1.6100034295709	0.0233813743764083	FURIN;FKBP1A;HIPK2;TGFBR1;RAB31;IFNGR2;SPTBN1;SMAD1;TGFB1;SKI;SERPINE1;PPP1R15A;UBE2D3;CTNNB1;XIAP;APC;SMURF1;PPM1A;BMPR2;THBS1	1.76151899846071	0.00628179419657461	FKBP1A;RAB31;HIPK2;FURIN;IFNGR2;TGFBR1;SPTBN1;SERPINE1;PPP1R15A;SMAD1;CTNNB1;TGFB1;THBS1;UBE2D3;SKI;XIAP;PPM1A;SMURF1;APC;RHOA;JUNB	0.151515568889814	TRUE	both	0.863636363636364	entry3.75_SOFA_D3
TNFA_SIGNALING_VIA_NFKB	1.66949429548444	0.00100177901981468	BCL6;ETS2;GADD45A;CFLAR;PFKFB3;FOSL2;SLC2A3;B4GALT5;IRS2;TLR2;PTPRE;BCL2A1;MXD1;NFIL3;RCAN1;KLF9;NFKB1;SOCS3;TNIP1;LITAF;DRAM1;KLF6;MAP2K3;DENND5A;TIPARP;IFNGR2;LDLR;NFKBIA;EHD1;BCL3;PER1;RNF19B;MAP3K8;CD44;F2RL1;PNRC1;CEBPB;ZC3H12A;KDM6B;NFE2L2;CSF1;CEBPD;SERPINE1;PPP1R15A;AREG;NFAT5;B4GALT1;STAT5A;TNFAIP3;JAG1;TUBB2A;REL;DNAJB4;GADD45B;NAMPT;IER3;TANK;PHLDA1;TNIP2;ZFP36;IRF1;MARCKS;RIGI;DUSP1;ICAM1;TNFAIP6;TAP1;TRIB1	1.92512094328559	1.2999522590736e-05	BCL6;GADD45A;PFKFB3;ETS2;SLC2A3;FOSL2;NFIL3;CFLAR;B4GALT5;BCL2A1;IRS2;SOCS3;DRAM1;LITAF;PTPRE;MXD1;IFNGR2;KLF9;KLF6;TLR2;TIPARP;RCAN1;NFKB1;NFKBIA;LDLR;DENND5A;TNIP1;CD44;MAP2K3;EHD1;F2RL1;PER1;BCL3;SERPINE1;MAP3K8;PNRC1;CEBPB;CEBPD;ZC3H12A;AREG;RNF19B;CSF1;PPP1R15A;GADD45B;TNFAIP3;B4GALT1;JAG1;NFE2L2;DUSP1;TRIB1;KDM6B;IER3;NAMPT;STAT5A;NFAT5;MARCKS;REL;ICAM1;TUBB2A;TNFAIP6;TNIP2;JUNB;ZFP36;TAP1;IRF1;IL6ST;PHLDA1;TANK;CXCL1;DNAJB4;EFNA1;PLEK	0.255626647801154	TRUE	both	0.917808219178082	entry3.75_SOFA_D3
UNFOLDED_PROTEIN_RESPONSE	-2.03624559061122	1.65415489442643e-05	NPM1;IMP3;NOP56;EXOSC2;EIF2AK3;HSPA9;EXOSC9;EIF2S1;HSP90B1;RPS14;PDIA6;EIF4A2;CEBPG;DNAJB9;SKIC3;SLC30A5;SRPRB;IARS1;SEC31A;SPCS1;LSM4;SEC11A;WFS1;SSR1;MTREX;HERPUD1;RRP9;BANF1;DDX10;XBP1;SPCS3;EIF4EBP1;EXOC2;YIF1A;EDEM1;HSPA5;SERP1;ALDH18A1;HYOU1;CNOT2;SDAD1;EIF4A1;EIF4E;CALR;PAIP1;BAG3;CKS1B;XPOT;MTHFD2;NOLC1;FUS;GOSR2;NOP14;EEF2	-1.83819141934517	0.000455776226429058	NPM1;IMP3;NOP56;EIF2AK3;EXOSC2;HSPA9;EXOSC9;SPCS1;HSP90B1;RPS14;EIF2S1;IARS1;PDIA6;SKIC3;CEBPG;SLC30A5;LSM4;DNAJB9;EIF4A2;SRPRB;SEC31A;BANF1;WFS1;MTREX;SEC11A;RRP9;SSR1;FUS;BAG3;EIF4EBP1;HERPUD1;DDX10;HYOU1;EIF4A1;YIF1A;XBP1;NOLC1;NOP14;ALDH18A1;EXOC2;FKBP14;SPCS3;CNOT2;EIF4E;SDAD1;EDEM1;CKS1B;CALR;PAIP1;EEF2;EXOSC1;NHP2;GOSR2;NFYB;XPOT;KHSRP;SLC1A4;TSPYL2	0.198054171266051	TRUE	both	0.836065573770492	entry3.75_SOFA_D3
UV_RESPONSE_DN	1.35237489272935	0.0806329113924051	MAPK14;SYNE1;ATP2B4;ATXN1;IGF1R;DYRK1A;WDR37;CELF2;NFKB1;APBB2;PTEN;GCNT1;LDLR;RASA2;PRDM2;SCN8A;PPARG;PTGFR;PIK3CD;RXRA;SCAF8;NR3C1;FHL2;NOTCH2;NIPBL;SERPINE1;CDC42BPA;TGFBR2;CDKN1B;CACNA1A;RBPMS;PRKCE	1.35139417597859	0.0738357843137255	MAPK14;ATP2B4;IGF1R;ATXN1;SYNE1;DYRK1A;WDR37;PTEN;NFKB1;LDLR;GCNT1;CELF2;SCN8A;PPARG;NR3C1;RASA2;SERPINE1;TGFBR2;RXRA;PIK3CD;CDKN1B;FHL2;NOTCH2;DUSP1;PTGFR;APBB2;SCAF8;CDC42BPA;PRDM2;TFPI	-0.00098071675076139	TRUE	neither	0.823529411764706	entry3.75_SOFA_D3
UV_RESPONSE_UP	0.869110355021054	0.83951048951049	GRINA;ARRB2;CCND3;ATP6V1C1;ALAS1;PRKCD;LYN;FURIN;TUBA4A;MAOA;AGO2;MARK2;RAB27A;NFKBIA;CHKA;ACAA1;CA2;PDAP1;GRPEL1;APOM;ALDOA;NUP58;PRKACA	1.07119908488699	0.421440674739167	CCND3;ATP6V1C1;ARRB2;GRINA;PRKCD;TUBA4A;ALAS1;LYN;FURIN;MAOA;RAB27A;NFKBIA;AGO2;CHKA;MARK2;ACAA1;NUP58;ALDOA;GRPEL1;CA2;ICAM1;PDAP1;JUNB;TAP1;PRKACA;CDC34;IRF1;IL6ST;STARD3;APOM;GPX3;CYB5R1;TMBIM6	0.202088729865939	TRUE	neither	0.696969696969697	entry3.75_SOFA_D3
WNT_BETA_CATENIN_SIGNALING	0.934097773587824	0.640825096232793	NUMB;RBPJ;ADAM17;MAML1;NKD1;CTNNB1;FRAT1;JAG1;NOTCH1;NCSTN	0.888357275532245	0.731897220148182	RBPJ;NUMB;ADAM17;MAML1;CTNNB1;JAG1;NCSTN;FRAT1;NKD1	-0.0457404980555793	TRUE	neither	0.9	entry3.75_SOFA_D3
XENOBIOTIC_METABOLISM	1.56001137939809	0.00842826325412055	UPP1;IL1R1;ETS2;PGD;GSR;TPST1;ALAS1;POR;LPIN2;SLC6A6;ACOX1;DDAH2;TNFRSF1A;ARG1;UPB1;MAOA;PINK1;ESR1;FAS;AQP9;VNN1;SLC22A1;SLC46A3;CA2;CDA;SMOX;ITIH4;ABCC2;NQO1;HES6;CSAD;SERPINE1;GABARAPL1;MARCHF6	1.47699770425343	0.018016414336732	UPP1;PGD;IL1R1;ETS2;GSR;POR;DDAH2;ALAS1;TPST1;ARG1;ACOX1;TNFRSF1A;LPIN2;SLC6A6;MAOA;AQP9;VNN1;PINK1;UPB1;CDA;FAS;SLC46A3;ESR1;SERPINE1;MARCHF6;ABCC2;SMOX;GABARAPL1;ITIH4;SLC22A1;DHRS7;RAP1GAP;CA2;CSAD;NQO1	-0.0830136751446642	TRUE	both	0.916666666666667	entry3.75_SOFA_D3
ADIPOGENESIS	-0.842850732348807	0.924298752933932	NDUFAB1;MRPL15;ATP5PO;DLAT;ECHS1;AK2;NDUFS3;SLC66A3;ACAA2;DBT;DNAJB9;HADH;ATP1B3;MAP4K3;ENPP2;PDCD4;IMMT;SCP2;PHYH;EPHX2;ANGPT1;JAGN1;ESYT1;PTCD3;DNAJC15;ACADM;SLC25A10;NDUFA5;REEP5;SSPN	0.862511270445129	0.801243252085719	BCL6;GADD45A;PFKFB3;POR;RTN3;ACOX1;ITGA7;SQOR;CCNG2;STOM;PGM1;ELMOD3;GPAT4;LPCAT3;IFNGR1;TOB1;PPARG;DHRS7B;DHCR7;PPM1B;ORM1;TALDO1;TKT;GRPEL1;ALDOA;STAT5A;GBE1;CDKN2C;NABP1;BAZ2A;DHRS7;CHUK;CD151;PIM3;ITSN1	1.70536200279394	FALSE	neither	0	entry4.25_SOFA_D3
ALLOGRAFT_REJECTION	-1.48616253396557	0.00941629553128753	HLA-DRA;NPM1;ABCE1;RPS3A;LY75;HLA-DMB;HLA-DMA;ITK;CD3D;SIT1;TRAT1;CD3G;EIF3A;CD86;DARS1;RPL9;CTSS;CD28;UBE2N;RPL39;CCND2;CD4;IL7;ETS1;HLA-DOA;LY86;CD40LG;RPS19;EIF3D;HDAC9;CD8B;TNF;LCK;IRF8;IRF4;CD74;RIPK2;HLA-DQA1;CCR2;FCGR2B;MRPL3;CD2;STAT4;ZAP70;CD8A;NME1;CD3E;CD79A;IL15	-1.61636819079774	0.00206294708610198	RPS3A;HLA-DRA;ABCE1;NPM1;HLA-DMB;CD3D;EIF3A;ITK;HLA-DMA;SIT1;RPL9;LY75;TRAT1;CD3G;DARS1;HLA-DOA;RPL39;CTSS;ETS1;CD28;CD86;UBE2N;CD4;CD40LG;EIF3D;IL7;LY86;CD8B;LCK;CD74;RPS19;IRF4;CCND2;HLA-DQA1;TNF;IRF8;CD8A;CD2;FCGR2B;STAT4;ZAP70;CCR2;CD3E;IL15;CD79A;CCR5;HDAC9;CXCR3;CD40;NME1;CD247;MRPL3	-0.130205656832175	TRUE	both	0.905660377358491	entry4.25_SOFA_D3
ANDROGEN_RESPONSE	1.35359925996968	0.102575207983686	FKBP5;NDRG1;CAMKK2;GSR;CCND3;HPGD;PTK2B;SLC38A2;HERC3;ACTN1;MAK;RPS6KA3;IQGAP2;ACSL3;IDI1;MERTK;MYL12A;ARID5B	1.57560681019126	0.01396289104962	NDRG1;CCND3;CAMKK2;GSR;ACTN1;FKBP5;HPGD;PTK2B;IDI1;SLC38A2;HERC3;MYL12A;RPS6KA3;ACSL3;MERTK;UBE2J1;MAK;IQGAP2;VAPA;B4GALT1;ARID5B;GNAI3;SRF;PIAS1	0.222007550221578	TRUE	IPW_only	0.75	entry4.25_SOFA_D3
ANGIOGENESIS	0.587533439159886	0.969400462551148	LRPAP1;JAG1;FGFR1;PGLYRP1;APP;S100A4;TIMP1;FSTL1;VEGFA;PF4	0.826699601996034	0.767961110621702	LRPAP1;PGLYRP1;JAG1;FGFR1;APP;S100A4;TIMP1;FSTL1;VEGFA;PF4	0.239166162836148	TRUE	neither	1	entry4.25_SOFA_D3
APICAL_JUNCTION	1.56856372937783	0.00941629553128753	MAPK14;SIRPA;ADAM9;PIK3CB;SKAP2;MMP9;CAP1;ALOX15B;ACTN1;MAPK13;PTEN;NF1;ITGA10;THBS3;RAC2;VASP;SYK;CD274;MAP3K20;IKBKG;ZYX;PTPRC;ACTB;CNN2;PCDH1;B4GALT1;COL17A1;MYH9;FYB1;RASA1;ICAM5;PBX2;INPPL1;ARPC2;CTNNA1;STX4;CLDN15;NECTIN2;CLDN9;ACTN4;MSN;GNAI2;SHC1;ICAM1;YWHAH;TUBG1;TAOK2;VCL;MPZL1;KCNH2;MYH10;PARD6G;BAIAP2	1.50909596490436	0.01396289104962	MAPK14;SIRPA;ADAM9;MMP9;ACTN1;SKAP2;CAP1;PIK3CB;ALOX15B;PTEN;SYK;VASP;RAC2;MAPK13;COL17A1;NF1;CNN2;CD274;ACTB;B4GALT1;IKBKG;MAP3K20;THBS3;ZYX;MYH9;ICAM5;ARPC2;MSN;ITGA10;ICAM1;CTNNA1;RASA1;FYB1;PTPRC;PBX2;GNAI2;INPPL1;ACTN4;NECTIN2;SHC1;PCDH1;YWHAH;MYH10;VCL;RSU1;CLDN15;PFN1;STX4;TAOK2;TUBG1;MYL12B;BAIAP2;MPZL1;PARD6G	-0.0594677644734671	TRUE	both	0.910714285714286	entry4.25_SOFA_D3
APICAL_SURFACE	1.09325902396773	0.443269155742821	FLOT2;LYN;PCSK9;CRYBG1;NCOA6;B4GALT1;DCBLD2;SLC2A4;BRCA1;ADIPOR2;APP;HSPB1;IL2RG	0.994015574682677	0.580749955337414	FLOT2;LYN;PCSK9;CRYBG1;B4GALT1;NCOA6;APP;IL2RG;DCBLD2;BRCA1;ADIPOR2	-0.099243449285053	TRUE	neither	0.846153846153846	entry4.25_SOFA_D3
APOPTOSIS	1.13350390309143	0.312393095941533	GADD45A;CFLAR;GSR;RNASEL;HGF;IGF2R;ADD1;TIMP2;GSN;RARA;PSEN1;CREBBP;FAS;ROCK1;CCNA1;IFITM3;EMP1;CD44;HMGB2;CASP4;NEDD9;DPYD;IFNGR1;PPP2R5B;CTNNB1;CLU;CDKN1B;XIAP;CASP2;TSPO;DNAJC3;GADD45B;TNFSF10;IER3;TXNIP;BCAP31;PPP3R1;IRF1;ANXA1;TAP1;GNA15;BRCA1;GPX3;F2R;APP;BCL2L1;CASP8;DNAJA1;CTH;TIMP1;CASP9;CASP1;PLCB2;HSPB1	1.32660269960569	0.0755572034771145	GADD45A;CFLAR;GSR;TIMP2;ADD1;HGF;GSN;RARA;IGF2R;RNASEL;PSEN1;CCNA1;IFNGR1;CD44;IFITM3;FAS;CREBBP;ROCK1;HMGB2;PPP2R5B;TSPO;GADD45B;CDKN1B;CTNNB1;IER3;CLU;EMP1;CASP2;NEDD9;CASP4;XIAP;DNAJC3;DPYD;BCAP31;TAP1;IRF1;PPP3R1;GNA15;CASP9;GPX3;ANXA1;TNFSF10;TXNIP;APP	0.193098796514263	TRUE	neither	0.814814814814815	entry4.25_SOFA_D3
BILE_ACID_METABOLISM	-1.08165512420141	0.43187874998139	ABCD2;CYP27A1;NR3C2;HACL1;PAOX;SLC23A2;PEX12;EFHC1;LCK;SCP2;SLC35B2;PHYH;EPHX2;IDH2;HSD17B4;PEX7;ACSL5;SOD1;SLC29A1;TFCP2L1;ABCD3;PXMP2;AMACR	-0.918232284369322	0.697996112648681	ABCD2;CYP27A1;SLC23A2;PEX12;PAOX;LCK;NR3C2;EFHC1;SLC35B2;EPHX2;PHYH;IDH2;SCP2;PEX7;HSD17B4;ACSL5;HACL1	0.163422839832088	TRUE	neither	0.739130434782609	entry4.25_SOFA_D3
CHOLESTEROL_HOMEOSTASIS	1.57291832423411	0.0233813743764083	PLSCR1;ABCA2;NFIL3;NIBAN1;PDK3;ALCAM;LDLR;IDI1;ANTXR2;PPARG;S100A11;PNRC1;CHKA;ACSS2;DHCR7;CTNNB1;CLU;JAG1;FBXO6	1.85758767810138	0.00129144576674667	NFIL3;PLSCR1;NIBAN1;IDI1;PDK3;ALCAM;ABCA2;LDLR;CHKA;ANTXR2;PPARG;DHCR7;PNRC1;ACSS2;JAG1;CTNNB1;S100A11;CLU;FBXO6	0.284669353867272	TRUE	both	1	entry4.25_SOFA_D3
COAGULATION	1.27021708704192	0.159524045923193	ADAM9;MMP9;KLF7;FURIN;RAC1;GSN;SERPINA1;RABIF;CTSK;WDR1;HPN;F2RL2;SERPINE1;F12;C1R;CLU;LAMP2;MMP8;GNB2;THBS1;ANXA1;F8;FN1;PLAU;GP1BA;ITGB3;TIMP1;CASP9;P2RY1;CTSB;CFB;PEF1;SERPINB2;PLEK;CPQ;ISCU;SPARC;VWF;MST1;PF4	1.41483160140496	0.0542513546083714	ADAM9;MMP9;FURIN;SERPINA1;KLF7;GSN;RAC1;WDR1;RABIF;SERPINE1;F12;MMP8;F2RL2;CTSK;CLU;GNB2;LAMP2;THBS1;C1R;HPN;F8;CASP9;ANXA1;PLEK;PLAU;GP1BA;ITGB3;MSRB2;TIMP1;PEF1;P2RY1;CTSB;SPARC;CFB;CPQ;PF4;VWF;FN1;SERPINB2;ISCU;ARF4	0.14461451436304	TRUE	neither	0.928571428571429	entry4.25_SOFA_D3
COMPLEMENT	1.56024599719434	0.00582955878127514	ITGAM;CR1;ADAM9;PLSCR1;PIK3CG;LCP2;HSPA1A;PRKCD;DGKH;LYN;PCSK9;IRF2;TIMP2;COL4A2;CD55;S100A12;PSEN1;RHOG;SERPINA1;PIM1;CDK5R1;GCA;JAK2;RAF1;RABIF;F5;EHD1;CD59;USP15;S100A9;GRB2;PIK3R5;CA2;CEBPB;CASP4;CDA;VCPIP1;MSRB1;PIK3CA;SERPINE1;PRSS36;C1R;CLU;BRPF3;TNFAIP3;AKAP10;WAS;LAMP2;CPM;GNAI3;MMP8;GNB2;CTSD	1.68154743291526	0.00122628942144099	ITGAM;CR1;ADAM9;PRKCD;HSPA1A;TIMP2;PLSCR1;PIK3CG;GCA;LYN;S100A12;PCSK9;SERPINA1;LCP2;RHOG;CD59;DGKH;PIM1;CD55;MSRB1;IRF2;PSEN1;EHD1;RABIF;S100A9;CDK5R1;F5;CDA;COL4A2;JAK2;GRB2;RAF1;SERPINE1;CEBPB;AKAP10;TNFAIP3;PIK3R5;MMP8;VCPIP1;CLU;PIK3CA;GNB2;GNAI3;LAMP2;PRSS36;CASP4;USP15;C1R;BRPF3;CTSD;CA2	0.121301435720916	TRUE	both	0.962264150943396	entry4.25_SOFA_D3
DNA_REPAIR	-1.623592292962	0.00292295890245397	RNMT;GTF2H1;GTF2H3;NUDT21;ERCC8;NELFCD;SRSF6;ADA;APRT;NCBP2;POLR2D;IMPDH2;DUT;POLR1H;ERCC4;LIG1;PCNA;SF3A3;ITPA;MRPL40;POLR2K;RFC3;POLR1C;POLR2C;RPA3;NFX1;UMPS;NME3;SEC61A1;ERCC3;AK3;EDF1;NME1;TMED2;PDE4B;GTF2A2;TP53;RFC4;TAF9;ERCC5	-1.55113730865596	0.00674211268020074	GTF2H3;RNMT;GTF2H1;ERCC8;NELFCD;NUDT21;ADA;MRPL40;SRSF6;SF3A3;NCBP2;POLR1H;ERCC4;APRT;POLR2D;LIG1;NFX1;DUT;IMPDH2;ERCC3;ITPA;EDF1;POLR1C;UMPS;RPA3;RFC3;PCNA;POLR2K;POLR2C;ERCC5;NME1;GTF2A2;NME3;TP53;RFC4;AK3;AAAS;TAF9;SEC61A1;SSRP1;DDB2;TMED2;GTF2H5;DDB1;PDE4B;RFC5;POLB;REV3L;POLR2H;GSDME;SNAPC5;HPRT1;TARBP2;NELFE;ELOA;MPG;TAF1C;ALYREF;NUDT9;SMAD5;POLD1;CSTF3;POLR3C;UPF3B;RALA;RAD52	0.0724549843060425	TRUE	both	0.606060606060606	entry4.25_SOFA_D3
E2F_TARGETS	-1.88748337101442	1.38080356824587e-05	SYNCRIP;NOP56;EED;NUDT21;MAD2L1;RAN;PPP1R8;CNOT9;MYC;EIF2S1;AK2;PAICS;KIF22;SLBP;STMN1;SRSF2;ASF1A;PMS2;TMPO;DCTPP1;DUT;RAD50;WDR90;PHF5A;LIG1;PCNA;PRDX4;IPO7;RFC3;MLH1;HNRNPD;CSE1L;RAD1;RPA3;CDC25B;NUP205;RBBP7;CDK4;NUP107;DNMT1;NME1;TBRG4;SMC3;TP53;RPA1;ILF3;MCM3;CENPM;NAP1L1;PAN2;XRCC6;MRE11;CTPS1;SSRP1;SMC1A;RFC1;TRA2B;RANBP1;CDK1;MSH2;SNRPB;MCM5;POLE;SMC4;ZW10;RNASEH2A;CKS1B;CBX5;SRSF1;MTHFD2;NOLC1;POLD1;DSCC1;UBR7;RRM2;MCM7	-1.79104562429361	5.57363283654835e-05	SYNCRIP;EED;MAD2L1;NOP56;RAN;PPP1R8;MYC;NUDT21;CNOT9;AK2;STMN1;PAICS;ASF1A;EIF2S1;PMS2;KIF22;TMPO;RAD50;PHF5A;WDR90;IPO7;HNRNPD;LIG1;DCTPP1;DUT;CDC25B;PRDX4;MLH1;RPA3;RFC3;DNMT1;RAD1;PCNA;SLBP;PAN2;NUP205;NME1;NUP107;CDK4;RBBP7;TP53;CSE1L;RANBP1;ILF3;MRE11;SRSF2;SMC1A;SMC3;MCM3;RFC1;SSRP1;CTPS1;CBX5;MSH2;TBRG4;NOLC1;RPA1;NAP1L1;CENPM;XRCC6;MCM5;HELLS;ZW10;CCNE1;CKS1B;CDKN2A;MCM7;RNASEH2A;RRM2;UBE2T;POLD2;SRSF1;LYAR;SMC4;POLE;MTHFD2;PRPS1;CDK1;PRIM2;POLD1;TRA2B;DSCC1;RAD51C;GINS3;SNRPB;UBR7;POLE4;LUC7L3;TIMELESS;BRMS1L;TIPIN;TUBB;EXOSC8;ORC6;MMS22L;DCK;PLK4;TCF19;EZH2;UNG	0.0964377467208053	TRUE	both	0.76	entry4.25_SOFA_D3
EPITHELIAL_MESENCHYMAL_TRANSITION	1.05349506756673	0.458508738496062	GADD45A;BASP1;COL4A2;FBN2;FAS;PCOLCE2;EFEMP2;QSOX1;CAPG;CD59;CD44;NOTCH2;COL7A1;PFN2;TGFB1;SERPINE1;AREG;WIPF1;COLGALT1;TNFAIP3;PDLIM4;TPM1;PLOD1;COPA;GADD45B;COL6A3;LOXL1;THBS1;ACTA2;ANPEP;ITGA5;VIM	1.14179058123221	0.297381739052315	GADD45A;BASP1;FBN2;PCOLCE2;CD59;QSOX1;EFEMP2;CD44;FAS;CAPG;COL4A2;SERPINE1;TGFB1;COLGALT1;AREG;COL7A1;NOTCH2;GADD45B;TNFAIP3;LOXL1;TPM1;PFN2;PLOD1;THBS1;COPA;COL6A3;PDLIM4	0.0882955136654751	TRUE	neither	0.84375	entry4.25_SOFA_D3
ESTROGEN_RESPONSE_EARLY	1.37502066992804	0.0572057678165915	FKBP5;AFF1;IGF1R;SVIL;MREG;KAZN;MED13L;OLFML3;CA12;RARA;TTC39A;KDM4B;RAB31;SLC2A1;TIPARP;JAK2;SIAH2;GAB2;CHPT1;MINDY1;INHBB;FOXC1;RHOBTB3;TOB1;UGCG;CD44;ANXA9;FHL2;GLA;CANT1;AREG;TUBB2B;DHCR7;NADSYN1;B4GALT1;SH3BP5;FLNB;CISH;AMFR;DLC1;RAPGEFL1;BAG1;SLC7A5;TMEM164;KCNK5;MAST4;IL17RB;ALDH3B1;IL6ST;ABHD2;PODXL;SEMA3B;ELF3;ADD3;ITPK1;TGM2;SLC24A3;ELF1;MAPT;ARL3;ABAT	1.46337811310101	0.0213593685060305	IGF1R;AFF1;FKBP5;RAB31;SVIL;MED13L;RARA;MREG;TIPARP;TTC39A;UGCG;SLC2A1;FOXC1;KDM4B;MINDY1;GAB2;KAZN;CD44;TOB1;CANT1;OLFML3;JAK2;CHPT1;DHCR7;GLA;RHOBTB3;INHBB;SIAH2;FHL2;AREG;B4GALT1;NADSYN1;CISH;ANXA9;CA12;SH3BP5;KCNK5;TUBB2B;FLNB;TMEM164;MAST4;ALDH3B1;DLC1;IL17RB;AMFR;RAPGEFL1;SLC7A5;ABHD2;IL6ST	0.0883574431729746	TRUE	IPW_only	0.80327868852459	entry4.25_SOFA_D3
ESTROGEN_RESPONSE_LATE	1.06854169632649	0.441051158451252	ATP2B4;FKBP5;AFF1;MAPK13;CA12;RAB31;SERPINA1;JAK2;CCNA1;SIAH2;IMPA2;CHPT1;FOXC1;TOB1;BATF;S100A9;CD44;ANXA9;SNX10;CA2;GLA;JAK1;AREG;DHCR7;PTPN6;ST6GALNAC2;FLNB;CISH;CKB;AMFR;XRCC3;RAPGEFL1;BAG1;SLC7A5;HSPA4L;ZFP36;KCNK5	1.15470017802988	0.265824578449829	ATP2B4;AFF1;FKBP5;RAB31;SERPINA1;IMPA2;FOXC1;CCNA1;BATF;MAPK13;S100A9;CD44;TOB1;SNX10;JAK2;ST6GALNAC2;CHPT1;DHCR7;GLA;SIAH2;AREG;PTPN6;JAK1;CISH;ANXA9;CA12;CA2;KCNK5;FLNB;CKB;ZFP36;ALDH3B1;IL17RB;AMFR;RAPGEFL1;XRCC3;SLC7A5;ABHD2;IL6ST;HSPA4L	0.0861584817033863	TRUE	neither	0.878048780487805	entry4.25_SOFA_D3
FATTY_ACID_METABOLISM	-1.33413893267166	0.0698921337225046	OSTC;MDH1;METAP1;APEX1;ECHS1;ACSS1;ACAA2;ACAT2;ECI1;HADH;SUCLG2;HSD17B10;MCEE;CBR1;ADSL;ACADM;PSME1;HSPH1;SDHD;ALDH3A2;BCKDHB;HSD17B4;ACOT2;BPHL;ACSL5;PCBD1;HMGCS1;HSP90AA1;PDHA1;UGDH;ODC1;ECI2;CPT2;SUCLA2;GCDH;RAP1GDS1;PTS;XIST;CD36;MIF;ENO2;BLVRA;MIX23;EHHADH;NTHL1;ALDH9A1;ACO2;HSD17B7;SMS;IDH3B;MDH2;FH;CPOX;RDH11;ECH1;MLYCD;TP53INP2;S100A10;ALDH1A1;DLST;H2AZ1;IDH3G	-1.22844970636841	0.147542412500693	OSTC;MDH1;METAP1;APEX1;ECHS1;ACSS1;ACAA2;SUCLG2;ECI1;HADH;ACAT2;HSD17B10;MCEE;CBR1;ACADM;SDHD;BPHL;ADSL;HSD17B4;ACOT2;ECI2;ACSL5;UGDH;PDHA1;BCKDHB;PSME1;MIX23;BLVRA;CPT2;ODC1;RAP1GDS1;CD36;PCBD1;ALDH3A2;GCDH;HMGCS1;NTHL1;MIF;SUCLA2;HSD17B7;HSPH1;PTS;SMS;FH;ENO2;MDH2;XIST;EHHADH;ACO2;S100A10;IDH3B;MLYCD;CD1D;CRYZ;ALDH1A1;ECH1;IDH3G;RDH11;ALDH9A1;CPOX;HSP90AA1;UROS;DLST;ERP29	0.105689226303251	TRUE	neither	0.909090909090909	entry4.25_SOFA_D3
G2M_CHECKPOINT	-1.00025304536745	0.537539295392954	SYNCRIP;BUB3;SLC38A1;G3BP1;SRSF10;MAD2L1;PURA;MYC;SLC12A2;NCL;KIF22;STMN1;SRSF2;CUL5;HSPA8;H2AZ2;TMPO;ORC5;HNRNPD;RPS6KA5;TENT4A;CDC25B;MTF2;CDK4;HMGN2;PRP4K;ILF3;MCM3;CUL1;UCK2;SNRPD1;ODC1;SMC1A;SS18;DTYMK;ABL1;TRA2B;SMC2;CDK1;FBXO5;MCM5;POLE;SMC4;NDC80;CKS1B;SRSF1;SMARCC1;CCNT1;NOLC1;SMAD3	-0.889264315262106	0.786443401963339	BUB3;SYNCRIP;G3BP1;SLC38A1;SRSF10;MAD2L1;PURA;NCL;MYC;CUL5;STMN1;KIF22;TMPO;RPS6KA5;HNRNPD;CDC25B;H2AZ2;HSPA8;PRP4K;SLC12A2;CDK4;TENT4A;ORC5;MTF2;ILF3;SRSF2;SMC1A;UCK2;MCM3;SS18;SNRPD1;ODC1;NOLC1;CUL1;DTYMK;SMAD3;FBXO5;HMGN2;MCM5;ABL1;NDC80;SMARCC1;SMC2;CKS1B;RASAL2;ODF2;MNAT1;GINS2	0.110988730105344	TRUE	neither	0.814814814814815	entry4.25_SOFA_D3
GLYCOLYSIS	1.02165845669308	0.516894612960487	TGFA;PYGL;PHKA2;TPST1;IRS2;ABCB6;HK2;B4GALT4;PDK3;PKM;EXT1;DSC2;P4HA2;LCT;QSOX1;ANKZF1;SAP30;MERTK;PKP2;CD44;SPAG4;RRAGD;IL13RA1;LDHA;G6PD;DEPDC1;PGM2;SLC16A3;B4GALT1;TALDO1;PAM;ALDOA;PGK1;PLOD1;ZNF292;ME2;IER3;RBCK1	1.23781111854907	0.146756298846805	TGFA;PYGL;PHKA2;IRS2;TPST1;HK2;PKM;B4GALT4;PDK3;P4HA2;RRAGD;ABCB6;QSOX1;DSC2;SPAG4;MERTK;EXT1;CD44;LCT;LDHA;SLC16A3;PGM2;G6PD;PAM;ANKZF1;IL13RA1;PKP2;TALDO1;PGK1;B4GALT1;IER3;SAP30;ALDOA;ME2;DEPDC1;PLOD1	0.21615266185599	TRUE	neither	0.947368421052632	entry4.25_SOFA_D3
HEDGEHOG_SIGNALING	1.44153558930456	0.108086397715102	ETS2;SLIT1;CDK5R1;NF1;GLI1;TLE3;TLE1;MYH9;RASA1;ACHE;PML	1.29990471551572	0.204185494282553	ETS2;SLIT1;CDK5R1;NF1;TLE3;GLI1;MYH9;TLE1;RASA1	-0.141630873788836	TRUE	neither	0.818181818181818	entry4.25_SOFA_D3
HEME_METABOLISM	2.30859510794709	6.60754938033427e-11	NFE2;SLC22A4;CCND3;ATP6V0A1;GCLM;EZH1;LPIN2;ABCB6;SLC25A37;ADD1;MBOAT2;NARF;LRP10;MARK3;FBXO34;CAST;ERMAP;GAPVD1;MAP2K3;SLC2A1;P4HA2;FOXO3;KHNYN;MPP1;FBXO9;PSMD9;RCL1;USP15;HTATIP2;CA2;NR3C1;NUDT4;SMOX;RHAG;ALAD;TNRC6B;SPTB;ADIPOR1;PICALM;PPP2R5B;KDM7A;BCAM;GDE1;TMCC2;DCAF10;SDCBP;EIF2AK1;HDGF;RAP1GAP;LAMP2;FOXJ2;RBM5;TAL1;RANBP10;KEL;ARHGEF12;DMTN;ANK1;MARCHF8;SEC14L1;SYNJ1;MARCHF2;SLC66A2;LMO2;RHD;RNF19A;KLF3;NEK7;AGPAT4;CTNS;FBXO7;GATA1;RBM38;FN3K;TOP1;XPO7;E2F2;BTRC;DAAM1;UBAC1;DCAF11;HAGH;SPTA1;RHCE;KAT2B;KLF1;MXI1;CLIC2;HTRA2;SLC6A8;SLC6A9;GYPC;CTSB;PDZK1IP1;EPOR;TRIM58;NFE2L1	2.31322948980737	3.84320697693675e-10	NFE2;CCND3;SLC22A4;GCLM;ADD1;ATP6V0A1;MBOAT2;NARF;SLC25A37;LPIN2;LRP10;FBXO34;P4HA2;FBXO9;EZH1;ABCB6;MAP2K3;MARK3;MPP1;CAST;SLC2A1;HTATIP2;ERMAP;KHNYN;GAPVD1;FOXO3;PSMD9;NR3C1;SDCBP;DCAF10;PPP2R5B;SMOX;SPTB;GDE1;PICALM;ALAD;FOXJ2;RHAG;ADIPOR1;LAMP2;SEC14L1;NUDT4;EIF2AK1;RCL1;USP15;RAP1GAP;KDM7A;CA2;HDGF;MARCHF2;TNRC6B;RANBP10;SLC66A2;LMO2;RHD;TMCC2;ANK1;KEL;ARHGEF12;RBM5;SYNJ1;TAL1;BCAM;MARCHF8;KLF3;NEK7;DMTN;E2F2;RBM38;DCAF11;CTNS;EPOR;RNF19A;HTRA2;FN3K;GATA1;BTRC;RHCE;XPO7;KAT2B;CTSB;NFE2L1;TOP1;SLC6A8;FBXO7;DAAM1;UBAC1;TRIM58;YPEL5;HAGH;CLIC2;CCDC28A;MXI1;BSG;VEZF1;HMBS;CDC27;KLF1;CDR2;OSBP2;RNF123;XK;AGPAT4;MKRN1;SLC6A9;PDZK1IP1	0.00463438186028276	TRUE	both	0.87962962962963	entry4.25_SOFA_D3
HYPOXIA	1.94438984481066	1.62107066849125e-05	PFKFB3;NDRG1;FOSL2;SLC2A3;IRS2;SLC6A6;KLF7;TPST2;NFIL3;HK2;AMPD3;PDK3;RBPJ;PGM1;CA12;EXT1;NDST2;KLF6;PIM1;JMJD6;SLC2A1;TIPARP;P4HA2;WSB1;SIAH2;IDS;ANKZF1;SAP30;CCNG2;FOXO3;ADM;NEDD4L;PNRC1;RRAGD;LDHA;NR3C1;CSRP2;PYGM;SERPINE1;PGM2;PPP1R15A;HK1;NDST1;MAP3K1;CDKN1B;PAM;TNFAIP3;ALDOA;MYH9;TMEM45A;GAPDH;PGK1;PHKG1;ZNF292;IER3;ZFP36;KDM3A;CP;CITED2;GBE1;PLAC8;DUSP1;PDK1;ENO1;PRDX5;GYS1;NOCT;VLDLR;DDIT4;S100A4;UGP2;TGM2;GLRX;ATP7A;EFNA1;MXI1	2.16341857206327	2.07180491868739e-07	NDRG1;PFKFB3;FOSL2;SLC2A3;NFIL3;AMPD3;TPST2;IRS2;NDST2;HK2;RBPJ;SLC6A6;KLF7;JMJD6;KLF6;PDK3;P4HA2;CCNG2;RRAGD;TIPARP;PIM1;PGM1;SLC2A1;ADM;WSB1;IDS;EXT1;FOXO3;LDHA;NR3C1;PNRC1;PGM2;SERPINE1;PPP1R15A;PAM;SIAH2;ANKZF1;TNFAIP3;PGK1;CDKN1B;NDST1;IER3;CSRP2;HK1;MAP3K1;SAP30;DUSP1;MYH9;ALDOA;CA12;GBE1;GAPDH;PYGM;PLAC8;PRDX5;TMEM45A;PHKG1;ZFP36;GYS1;GLRX;ZNF292;NEDD4L;UGP2;CITED2;DDIT4	0.219028727252608	TRUE	both	0.855263157894737	entry4.25_SOFA_D3
IL2_STAT5_SIGNALING	1.44042847223385	0.0233813743764083	IL1R2;CST7;NDRG1;MAPKAPK2;IGF1R;CCND3;PLSCR1;SLC2A3;CKAP4;IL18R1;SCN9A;IL4R;HYCC2;MXD1;NFIL3;IGF2R;HK2;FURIN;ADAM19;HIPK2;ALCAM;KLF6;PIM1;IL1RL1;DENND5A;SELL;PLEC;IFITM3;CAPG;BATF;DCPS;EMP1;MAP3K8;CD44;SMPDL3A;RRAGD;ETFBKMT;CA2;SHE;CSF1;CAPN3;ST3GAL4;F2RL2;GABARAPL1;SPRED2;IFNGR1;GLIPR2;SLC39A8	1.58562321379911	0.00348633939001734	CST7;NDRG1;MAPKAPK2;IL1R2;CCND3;IGF1R;SLC2A3;NFIL3;CKAP4;PLSCR1;FURIN;SCN9A;HK2;HIPK2;MXD1;IL4R;HYCC2;IL18R1;KLF6;ALCAM;IGF2R;RRAGD;PIM1;ADAM19;SELL;DENND5A;IFNGR1;BATF;CD44;IFITM3;PLEC;SMPDL3A;CAPG;CAPN3;IL1RL1;CSF1;MAP3K8;ST3GAL4;GLIPR2;GADD45B;GABARAPL1;SLC39A8;DCPS;F2RL2;SPRED2;ETFBKMT;CISH;EMP1	0.145194741565259	TRUE	both	0.92	entry4.25_SOFA_D3
IL6_JAK_STAT3_SIGNALING	2.04989865211459	6.63134285901046e-05	IL1R2;IL1R1;IL17RA;IL18R1;TLR2;STAT3;IL4R;IFNAR1;ACVR1B;IL10RB;TNFRSF1A;SOCS3;FAS;PIM1;CSF3R;CBL;PTPN1;IFNGR2;CSF2RA;PDGFC;MAP3K8;CD44;IL13RA1;GRB2;PIK3R5;CSF2RB;CSF1;TGFB1;IFNGR1;MYD88;IRF9;OSMR;SOCS1	2.24106222627068	4.01622563731064e-06	IL1R2;IL1R1;IL17RA;STAT3;SOCS3;IFNAR1;IL10RB;TNFRSF1A;ACVR1B;IL4R;IFNGR2;IL18R1;TLR2;PTPN1;PIM1;CSF3R;PDGFC;CSF2RB;IFNGR1;CSF2RA;CD44;FAS;CBL;GRB2;MYD88;CSF1;MAP3K8;TGFB1;IL13RA1;PIK3R5	0.191163574156088	TRUE	both	0.909090909090909	entry4.25_SOFA_D3
INFLAMMATORY_RESPONSE	1.77405278551066	0.000268882167566868	KIF1B;IL1R1;IL18RAP;IL18R1;LCP2;TLR2;IL4R;IFNAR1;PTPRE;MXD1;ACVR1B;LYN;IRAK2;IFITM1;NFKB1;MEFV;CD55;C3AR1;SEMA4D;PSEN1;RHOG;RNF144B;KLF6;CSF3R;AQP9;IFNGR2;CD82;LDLR;PROK2;EIF2AK2;RAF1;NFKBIA;SELL;FPR1;HIF1A;ADM;ADGRE1;PTAFR;HPN;OSM;PIK3R5;TAPBP;SGMS2;CSF1;FZD5;SERPINE1;NLRP3;TLR1;KCNJ2;GPR132;GNAI3;NOD2;OSMR;DCBLD2;NMI;TNFSF10;NAMPT;CLEC5A;SLC31A2;IL10;RGS16;ITGA5;IRF7;FFAR2;IRF1;ICAM1;TNFAIP6;GNA15;ABI1	1.9022031364708	4.34166978021386e-05	IL1R1;KIF1B;IL18RAP;IFNAR1;LYN;ACVR1B;PTPRE;MXD1;IL4R;LCP2;IFITM1;IFNGR2;PROK2;IL18R1;RHOG;FPR1;KLF6;AQP9;MEFV;TLR2;RNF144B;OSM;IRAK2;NFKB1;CD55;NFKBIA;CSF3R;SELL;CD82;LDLR;PSEN1;C3AR1;ADM;PTAFR;HIF1A;SEMA4D;NLRP3;SGMS2;RAF1;CSF1;TAPBP;ADGRE1;SERPINE1;PIK3R5;EIF2AK2;SLC31A2;FFAR2;KCNJ2;CLEC5A;GNAI3;NAMPT;TLR1;HPN;ICAM1;NOD2	0.128150350960141	TRUE	both	0.797101449275362	entry4.25_SOFA_D3
INTERFERON_ALPHA_RESPONSE	1.37786435330838	0.0815824459823814	TRIM25;PLSCR1;IL4R;ADAR;IRF2;IFITM1;IFITM2;TRAFD1;TRIM5;EIF2AK2;SELL;TMEM140;IFITM3;TRIM21;PARP9;SP110;TDRD7;CSF1;GBP2;GMPR;IRF9;NMI;HELZ2;BATF2;OGFR;IFI27;TXNIP;SLC25A28;IRF7;MOV10;IRF1;TAP1;RNF31	1.42329493616154	0.0520031722529415	TRIM25;PLSCR1;ADAR;IL4R;IFITM1;IFITM2;IRF2;SELL;TRAFD1;TMEM140;TRIM21;IFITM3;CSF1;TRIM5;PARP9;EIF2AK2;IRF9;TDRD7;GMPR;SP110;HELZ2;GBP2;TAP1;IRF1;NMI;SLC25A28;OGFR;TXNIP;HLA-C;IRF7;RNF31;BATF2;MOV10	0.0454305828531549	TRUE	neither	0.941176470588235	entry4.25_SOFA_D3
INTERFERON_GAMMA_RESPONSE	1.36801146495122	0.0447075559174608	TRIM25;UPP1;EIF4E3;PLSCR1;NLRC5;LATS2;LCP2;STAT3;IL4R;ADAR;IRF2;NFKB1;SOCS3;IFITM2;FAS;PIM1;TRAFD1;PTPN1;JAK2;EIF2AK2;NFKBIA;ZNFX1;FPR1;IFITM3;TRIM21;RNF213;RIPK1;HIF1A;SP110;ARID5B;TDRD7;CD274;MVP;CSF2RB;CASP4;TAPBP;TMT1B;PELI1;C1R;MYD88;MX2;PTPN6;TNFAIP3;TOR1B;IRF9;IFNAR2;FCGR1A;SOCS1;NMI;TNFSF10;NAMPT;RBCK1;HELZ2;ST8SIA4;BATF2;OGFR;PML;IFI27;TXNIP;SLC25A28;IRF7;IRF1;RIGI;ICAM1;TNFAIP6;TAP1;RNF31	1.46151804797504	0.0143501989226702	TRIM25;UPP1;STAT3;LATS2;EIF4E3;PLSCR1;SOCS3;ADAR;IL4R;LCP2;FPR1;NLRC5;PTPN1;NFKB1;PIM1;NFKBIA;IFITM2;IRF2;TRAFD1;CSF2RB;ZNFX1;TRIM21;IFITM3;HIF1A;FAS;JAK2;MYD88;TAPBP;TMT1B;MVP;CD274;PTPN6;TNFAIP3;EIF2AK2;PELI1;ARID5B;RNF213;RIPK1;TOR1B;NAMPT;IRF9;TDRD7;CASP4;C1R;FCGR1A;ICAM1;SP110;SOCS1;IFNAR2;HELZ2;TAP1;MX2;IRF1;NMI;RBCK1;TNFAIP6;SLC25A28;OGFR;PML;SPPL2A;TNFSF10;TXNIP;SELP;ST8SIA4	0.0935065830238186	TRUE	both	0.898550724637681	entry4.25_SOFA_D3
KRAS_SIGNALING_DN	1.04316348552609	0.48758421310756	ZBTB16;PTPRJ;TG;ASB7;CPEB3;MEFV;STAG3;ENTPD7;CCNA1;KCND1;HSD11B2;PTGFR;MAST3	1.09697470313146	0.395061187107837	ZBTB16;PTPRJ;ASB7;ENTPD7;CPEB3;TG;MEFV;CCNA1;STAG3;KCND1;MAST3;NR6A1;PTGFR;HSD11B2;KMT2D;BARD1	0.0538112176053658	TRUE	neither	0.8125	entry4.25_SOFA_D3
KRAS_SIGNALING_UP	0.807155022223018	0.924298752933932	MMP9;ARG1;AVL9;GALNT3;DOCK2;TLR8;C3AR1;TOR1AIP2;CDADC1;LAT2;CBL;LCP1;ADAM17;PTBP2;CSF2RA;NIN;EMP1;GADD45G;F2RL1;CA2;LY96;PPP1R15A;MAP3K1;TNFAIP3;ALDH1A2;MTMR10;DCBLD2;SPRY2;ADAM8;IKZF1;TFPI;RGS16;FCER1G;ITGB2	0.932531277539271	0.690932411377548	MMP9;ARG1;LAT2;AVL9;CDADC1;GALNT3;TLR8;C3AR1;CSF2RA;DOCK2;TOR1AIP2;F2RL1;LCP1;CBL;PTBP2;NIN;PPP1R15A;ADAM17;GADD45G;TNFAIP3;MAP3K1;TRIB1;MTMR10;EMP1;ADAM8;LY96;TFPI;CA2;ALDH1A2;ITGB2;IKZF1;SPRY2;FCER1G;GLRX;RETN;LAPTM5	0.125376255316253	TRUE	neither	0.842105263157895	entry4.25_SOFA_D3
MITOTIC_SPINDLE	1.80033485981612	6.91220923075669e-05	CDK5RAP2;KIF1B;CLASP1;AKAP13;KLC1;RANBP9;FGD4;SSH2;PREX1;ARL8A;DOCK2;GSN;TUBA4A;CSNK1D;KIF3C;ROCK1;ARHGEF11;RASA2;SPTBN1;NF1;CLIP1;NIN;WASF2;LMNB1;PPP4R2;CDC42EP2;PXN;CDC42EP4;PAFAH1B1;NOTCH2;NEDD9;CDC42EP1;ARHGEF2;NCK2;PRC1;CNTROB;CDC42BPA;CAPZB;ARFGEF1;STAU1;MYH9;APC;RASA1;FLNB;MARK4;ECT2;ABR;KIF4A;TUBD1;ARHGEF12;ITSN1;ARHGAP27;CYTH2;RALBP1;CDC42;KPTN;ACTN4;ARAP3;TTK;KIF11;MYO9B;MARCKS;ABI1;HDAC6;TAOK2;VCL;MAP1S;MYH10;KIF5B;WASF1;TBCD;NUSAP1;TUBGCP2;CEP192;PCNT;SOS1;RABGAP1;MAP3K11;PDLIM5;KIF15;TLK1;DYNLL2;KIF23	1.79791736374285	9.20308579817897e-05	CDK5RAP2;KIF1B;CLASP1;RANBP9;TUBA4A;ARL8A;AKAP13;FGD4;PREX1;GSN;KLC1;KIF3C;CDC42EP2;PPP4R2;SSH2;WASF2;SPTBN1;LMNB1;ARHGEF11;CSNK1D;PAFAH1B1;DOCK2;CNTROB;ROCK1;PXN;RASA2;CDC42EP4;NCK2;NF1;NIN;CLIP1;NOTCH2;STAU1;RALBP1;ARFGEF1;MYH9;CDC42BPA;NEDD9;ARHGEF2;CAPZB;CDC42EP1;MARCKS;TUBD1;CDC42;FLNB;RASA1;ITSN1;KPTN;APC;MARK4;ABR;ACTN4;ARHGAP27;ECT2;ARHGEF12;KIF4A;ABI1;PRC1;TTK;KIF11;MYH10;VCL;MAP1S;MYO9B;KIF5B;CYTH2;ARAP3;TAOK2;HDAC6;PDLIM5;MAP3K11;TLK1;TUBGCP3;CEP192;TUBGCP2;KIF23;DYNLL2;SOS1;BCR;KATNB1;AURKA;ARHGDIA;RAB3GAP1;KIF15;CLIP2;SUN2;WASF1;MAPRE1;ARHGEF7;NUSAP1	-0.00241749607327479	TRUE	both	0.860215053763441	entry4.25_SOFA_D3
MTORC1_SIGNALING	-1.21967912332138	0.114830934047539	UFM1;GTF2H1;HSPD1;FGL2;EEF1E1;ATP5MC1;HSPA9;M6PR;GGA2;PPIA;CACYBP;HSP90B1;PSMD14;PSMC2;EPRS1;SLC37A4;USO1;STARD4;INSIG1;MTHFD2L;IMMT;SHMT2;PITPNB;SC5D;SEC11A;TCEA1;MLLT11;PRDX1;CANX;SSR1;HSPA4;NUP205;CYB5B;RRP9;CXCR4;PPA1;XBP1;CCT6A;UCHL5;PHGDH;HMGCS1;RPA1;ARPC5L;TRIB3;RPN1;PSMA3;EBP;EDEM1;HSPA5;SERP1;FKBP2;PSMA4;PSMC6;CALR;SYTL2;SORD;HPRT1;EIF2S2;POLR3G	-0.894987741355905	0.786443401963339	UFM1;FGL2;GTF2H1;ATP5MC1;EEF1E1;PPIA;HSPA9;HSPD1;GGA2;M6PR;HSP90B1;PSMD14;EPRS1;PSMC2;SHMT2;SLC37A4;CACYBP;MTHFD2L;MLLT11;TCEA1;IMMT;PRDX1;STARD4;USO1;CYB5B;SC5D;INSIG1;SEC11A;NUP205;HSPA4;RRP9;CXCR4;SSR1;PITPNB;SORD;SYTL2;PPA1;UCHL5;CANX;RPA1;PSMA3;ARPC5L;XBP1;HMGCS1;PHGDH;CCT6A;FKBP2;EBP;QDPR;EDEM1;HSPE1;SERPINH1;EIF2S2;PSMG1;SDF2L1;NUFIP1;RPN1;CALR	0.324691381965475	TRUE	neither	0.8	entry4.25_SOFA_D3
MYC_TARGETS_V1	-3.13061869681718	6.18934601350443e-27	SRSF7;DDX18;SYNCRIP;BUB3;NPM1;SNRPA1;HNRNPR;ABCE1;SET;EEF1B2;FBL;TOMM70;RPL34;HSPD1;G3BP1;NOP56;RPL22;MRPS18B;MAD2L1;STARD7;RAN;DDX21;NDUFAB1;CCT4;CLNS1A;ILF2;RPS2;RSL1D1;RPLP0;RPS5;PPIA;APEX1;GLO1;MYC;EIF2S1;POLE3;VDAC1;RPS3;RPL6;SNRPD2;RPS10;PSMD14;RPL18;SSBP1;CCT2;EPRS1;PHB1;SRSF2;RPS6;SRSF3;PSMD8;EIF3D;NCBP2;GNL3;IMPDH2;DHX15;IARS1;DUT;PSMA2;PCNA;PRDX4;ERH;KARS1;HNRNPD;HDAC2;C1QBP;CCT7;YWHAQ;PRPS2;RACK1;PABPC4;CANX;SLC25A3;TXNL4A;SERBP1;RRP9;CDK4;MRPL23;ACP1;PHB2;MRPL9;TUFM;NME1;UBE2E1;SNRPA;RFC4;HNRNPA3;CUL1;NAP1L1;HNRNPA1;HSP90AB1;XRCC6;PSMA1;SNRPD1;SNRPB2;CTPS1;ODC1;SRM;SNRPD3;VDAC3;UBA2;TRA2B;RANBP1;PSMA4;PSMC6;AIMP2;EIF4A1;RRM1;RPL14;EIF4E;HPRT1;EIF2S2;MCM5;COX5A;NCBP1;HSPE1;PRDX3;PSMB2;HDDC2;XPOT;CSTF2;SRSF1;SMARCC1;NOLC1;TCP1;CCT3;PWP1;MCM7;COPS5;SSB;PSMC4;CNBP;EIF3B;PPM1G;POLD2;GOT2;SF3B3;CCT5;PSMD7;LSM7;SNRPG;PSMA6	-3.07759948415921	5.5233786088382e-25	DDX18;SRSF7;BUB3;SYNCRIP;HNRNPR;SNRPA1;ABCE1;NPM1;G3BP1;RPL34;EEF1B2;FBL;TOMM70;RPL22;CLNS1A;MAD2L1;MRPS18B;NOP56;SET;RPL6;RAN;CCT4;RPS5;RPS2;RPLP0;SNRPD2;PPIA;NDUFAB1;DDX21;ILF2;HSPD1;APEX1;RPS6;SSBP1;MYC;RSL1D1;RPS10;EIF3D;GLO1;CCT2;STARD7;PSMD14;EPRS1;VDAC1;EIF2S1;PHB1;RPL18;RPS3;IARS1;POLE3;PSMD8;NCBP2;HNRNPD;PSMA2;DUT;IMPDH2;DHX15;PRDX4;RACK1;HNRNPA1;GNL3;YWHAQ;ERH;HNRNPA3;PRPS2;SRSF3;CCT7;PCNA;C1QBP;KARS1;MRPL23;MRPL9;SERBP1;NME1;SNRPA;CDK4;TUFM;HDAC2;RFC4;PABPC4;RRP9;RANBP1;SRSF2;RPL14;ACP1;VDAC3;SRM;TXNL4A;CTPS1;SNRPD1;UBE2E1;ODC1;SLC25A3;EIF4A1;CANX;SNRPD3;NOLC1;CUL1;NAP1L1;PHB2;HDDC2;COX5A;XRCC6;SSB;AIMP2;SNRPB2;PSMA1;MCM5;UBA2;EIF4E;HSPE1;SMARCC1;NCBP1;EIF2S2;RRM1;LSM7;HPRT1;MCM7;CSTF2;CCT3;PSMB2;POLD2;SF3B3;COPS5;GOT2;SRSF1;HSP90AB1;PRDX3;NHP2;PPM1G;PWP1;PSMA4;SNRPG;XPOT	0.0530192126579685	TRUE	both	0.93006993006993	entry4.25_SOFA_D3
MYC_TARGETS_V2	-2.22695119373384	1.65415489442643e-05	DDX18;WDR43;NPM1;HSPD1;NOP56;NDUFAF4;MYC;PPAN;PHB1;UTP20;PES1;GNL3;DCTPP1;MRTO4;PRMT3;RRP9;CDK4;PUS1;GRWD1;TFB2M;TBRG4;SRM;LAS1L;AIMP2;IMP4;MPHOSPH10;SORD;MCM5;HSPE1;NOLC1;DUSP2;IPO4;TMEM97;MYBBP1A;NIP7;FARSA	-2.21864661795001	2.55496910794846e-05	DDX18;WDR43;NPM1;NOP56;UTP20;NDUFAF4;HSPD1;MYC;PPAN;PHB1;PES1;PUS1;MRTO4;DCTPP1;GNL3;GRWD1;CDK4;RRP9;TFB2M;SRM;SORD;MPHOSPH10;LAS1L;IMP4;TBRG4;NOLC1;AIMP2;MCM5;PRMT3;HSPE1;MYBBP1A;TMEM97;NOP16;NIP7;NOP2;DUSP2;IPO4	0.00830457578383514	TRUE	both	0.921052631578947	entry4.25_SOFA_D3
MYOGENESIS	1.16519760832891	0.279356210443038	ACSL1;SVIL;MEF2A;COL4A2;ITGA7;GSN;MYBPC3;DAPK2;MYOM1;FOXO4;PDLIM7;KLF5;NQO1;TGFB1;PYGM;CLU;KIFC3;MYH9;TPM3;MYH11;NOTCH1;ACHE;RIT1;CKB;GADD45B;DMPK;COL6A3;MYL6B;BAG1;MAPRE3;IFRD1;LSP1;ATP6AP1;GPX3;SMTN;KCNH2;APP;TAGLN;NCAM1;AK1;HDAC5;MYLK;SLC6A8;FLII;MYO1C;CHRNG;GABARAPL2;AKT2;ITGB5;SPARC;PICK1;NAV2;IGFBP7;TSC2;SCD;MAPK12	1.12341222480696	0.324492234169654	ACSL1;MEF2A;SVIL;GSN;MYBPC3;ITGA7;FOXO4;DAPK2;COL4A2;KLF5;PDLIM7;TGFB1;MYOM1;TPM3;GADD45B;RIT1;KIFC3;MYH9;CLU;PYGM;COL6A3;NQO1;DMPK;NOTCH1;MYL6B;CKB;ATP6AP1;IFRD1;MYH11;LSP1;GPX3;APP;HDAC5;MAPRE3;GABARAPL2;SMTN;BAG1;ACHE;MYLK;FLII;SLC6A8;SPARC;AK1;TAGLN;AKT2;HBEGF;NCAM1;ITGB5	-0.0417853835219537	TRUE	neither	0.824561403508772	entry4.25_SOFA_D3
NOTCH_SIGNALING	-0.932405789863031	0.640825096232793	DTX4;MAML2;LFNG;HES1;PSEN2;CUL1;ARRB1;FZD1;SKP1	-0.847313705637321	0.750678809957498	DTX4;MAML2;LFNG;PSEN2;HES1;CUL1;ARRB1;FZD1	0.0850920842257102	TRUE	neither	0.888888888888889	entry4.25_SOFA_D3
OXIDATIVE_PHOSPHORYLATION	-2.43614140782535	1.77311184108886e-12	MRPS30;LRPPRC;PDP1;TIMM17A;CYCS;LDHB;TOMM70;ABCB7;MRPL35;ATP5MC1;HSPA9;NDUFAB1;COX10;NDUFB5;OXA1L;MDH1;MRPL15;ATP5PO;DLAT;ECHS1;TOMM22;VDAC1;COX7C;COX6C;ATP5F1A;NDUFS3;SLC25A4;ACAA2;UQCRC2;ATP5MC2;ECI1;NDUFB2;COX7A2;SLC25A5;BDH2;VDAC2;MRPL11;CASP7;NDUFA4;GLUD1;HSD17B10;IMMT;NDUFV1;ACADSB;TIMM13;PHYH;ATP5MC3;ATP5PB;SLC25A6;PMPCA;NDUFA8;NDUFB8;TIMM50;SLC25A3;FDX1;IDH2;ACADM;SDHD;TIMM10;NDUFA5;PDK4;PHB2;MRPS12;OPA1;TIMM9;NNT;PDHA1;COX4I1;SLC25A12;MGST3;ATP6V1F;SLC25A20;UQCRFS1;NDUFA6;UQCR10;VDAC3;ATP5F1C;SUCLA2;UQCRQ	-2.32842871718327	1.40389773056818e-10	MRPS30;LRPPRC;LDHB;PDP1;TIMM17A;CYCS;TOMM70;MRPL35;DLAT;MRPL15;MDH1;OXA1L;ATP5PO;ATP5MC1;ABCB7;NDUFB5;COX7C;NDUFAB1;HSPA9;COX6C;COX10;ECHS1;ATP5MC2;NDUFS3;ACAA2;SLC25A4;VDAC1;NDUFB2;TOMM22;UQCRC2;PDK4;ATP5MC3;TIMM13;ATP5F1A;BDH2;NDUFV1;VDAC2;MRPL11;ECI1;NDUFA4;HSD17B10;CASP7;COX7A2;IMMT;SLC25A5;NDUFA8;GLUD1;SLC25A6;PHYH;IDH2;NDUFA5;ATP5PB;ACADM;PMPCA;ACADSB;MRPS12;TIMM10;NDUFB8;SDHD;TIMM9;TIMM50;UQCRQ;MGST3;PDHA1;NDUFA6;OPA1;COX4I1;VDAC3;SLC25A3;UQCRFS1;FDX1;UQCR10;SLC25A20;PHB2;NNT;MTX2;COX5A;ATP5F1C;ETFA;MRPS11;NDUFS6;SLC25A12;SUCLA2;ATP5PD;IDH3A;ATP6V1F	0.107712690642078	TRUE	both	0.918604651162791	entry4.25_SOFA_D3
P53_PATHWAY	1.23988066689496	0.129716075578458	TGFA;UPP1;ZBTB16;GADD45A;NDRG1;CCND3;PTPRE;NUPR1;MXD1;ALOX15B;ACVR1B;ABHD4;APAF1;SP1;CEBPA;HEXIM1;FAS;DRAM1;CDK5R1;TRAFD1;CD82;PRMT2;STOM;FOXO3;INHBB;TOB1;RHBDF2;RNF19B;RXRA;TGFB1;GPX2;PPM1D;CCP110;PPP1R15A;PRKAB1;FGF13;CSRNP2;NOTCH1;SOCS1;CTSD;IP6K2;IER3;DEF6;RGS16;HSPA4L;CYFIP2;TXNIP;MKNK2;STEAP3;SERTAD3;PLK3;ZFP36L1;GM2A;TAP1	1.39125638550033	0.0309315368864047	UPP1;NDRG1;CCND3;GADD45A;TGFA;ZBTB16;ABHD4;DRAM1;ACVR1B;ALOX15B;PTPRE;MXD1;APAF1;STOM;CEBPA;CD82;TRAFD1;NUPR1;SP1;PRMT2;FOXO3;HEXIM1;TOB1;CDK5R1;FAS;RXRA;RNF19B;PRKAB1;PPP1R15A;RHBDF2;INHBB;TGFB1;IER3;CTSD;SOCS1;CSRNP2;GPX2;PPM1D;NOTCH1;SERTAD3;ZFP36L1;TAP1;VDR;CCP110;PLK3;FGF13;MKNK2;DEF6;CYFIP2;GM2A;DDIT4;STEAP3;IP6K2;TXNIP;APP;HSPA4L	0.151375718605371	TRUE	IPW_only	0.929824561403509	entry4.25_SOFA_D3
PEROXISOME	-1.01194998672524	0.522815344603381	ABCD2;CLN6;SLC25A4;SLC23A2;HRAS;SCP2;SLC35B2;SLC25A19;DHRS3;EPHX2;PRDX1;CADM1;IDH2;HSD17B4;ERCC3;ACSL5;SOD1;CTPS1;ECI2;ABCB4;ITGB1BP1;ABCD3;ABCB1;MSH2;PEX11B;EHHADH;SMARCC1;ALDH9A1;ISOC1;CNBP;IDE;SLC27A2;RDH11;ECH1;PEX2;MLYCD	-0.934737071745989	0.690932411377548	ABCD2;SLC23A2;CLN6;SLC25A4;HRAS;SLC35B2;ERCC3;EPHX2;DHRS3;IDH2;PRDX1;SLC25A19;CADM1;SCP2;ABCB1;HSD17B4;ABCB4;ECI2;ACSL5	0.0772129149792508	TRUE	neither	0.527777777777778	entry4.25_SOFA_D3
PI3K_AKT_MTOR_SIGNALING	1.84630269094626	0.000617557589554062	MKNK1;MAP2K6;PRKCB;SLA;MAPK1;CAB39;VAV3;PRKAR2A;DUSP3;GSK3B;RAC1;RALB;TNFRSF1A;PTEN;MAP2K3;SLC2A1;RPS6KA3;RAF1;RIPK1;RPS6KA1;GRB2;PIKFYVE;AKT1S1;CFL1;MYD88;UBE2D3;CDKN1B;YWHAB;IRAK4;RIT1;ACTR2;ITPR2;GRK2;ACTR3;MAPK10;SMAD2;CLTC;TBK1;E2F1;MKNK2;ARF1	1.89158319718858	0.000290771501250737	MKNK1;CAB39;PRKCB;SLA;MAP2K6;MAPK1;TNFRSF1A;PRKAR2A;DUSP3;RAC1;RALB;VAV3;GSK3B;MAP2K3;PTEN;SLC2A1;RPS6KA3;RPS6KA1;GRB2;RAF1;MYD88;CFL1;RIT1;YWHAB;CDKN1B;UBE2D3;RIPK1;IRAK4;ACTR2;AKT1S1;SMAD2;PIKFYVE;ACTR3;GRK2;ARF1;MKNK2;CLTC;MAPK10;IL2RG;E2F1;PDK1;PFN1;ITPR2;NFKBIB;TBK1;AP2M1	0.0452805062423243	TRUE	both	0.891304347826087	entry4.25_SOFA_D3
PROTEIN_SECRETION	0.735065447878963	0.954163273615635	KIF1B;MAPK1;IGF2R;STX16;RPS6KA3;GNAS;STX7;AP2B1;GLA;CD63;PAM;ARFGEF1;AP1G1;LAMP2;RAB5A;STAM;VAMP3;CLTC;SEC22B;ARF1;SGMS1;COPB1;ABCA1;CLN5;RAB2A;AP2S1;ATP7A	1.021798533209	0.532345346665202	KIF1B;MAPK1;IGF2R;RPS6KA3;STX16;GNAS;AP2B1;CD63;GLA;PAM;ARFGEF1;RAB5A;STX7;LAMP2;VAMP3;AP1G1;ARF1;CLTC;SEC22B;STAM;AP3S1;RAB2A;AP2M1;RAB14;CLN5;COPB1;ARFGAP3;ATP6V1H;NAPA;VPS4B;ABCA1;PPT1;ATP7A;AP2S1;SNAP23;YKT6;SGMS1	0.286733085330039	TRUE	neither	0.72972972972973	entry4.25_SOFA_D3
REACTIVE_OXYGEN_SPECIES_PATHWAY	1.51860276642506	0.0457029665441079	GSR;GCLM;HHEX;MBP;FES;MSRA;SBNO2;CDKN2D;G6PD;NQO1;OXSR1;FTL;TXNRD1;EGLN2;SRXN1;LSP1;GPX3;JUNB;TXN;GLRX;PRDX6	1.98207188578584	0.0006032233609045	GCLM;GSR;HHEX;FES;MSRA;MBP;SBNO2;CDKN2D;G6PD;OXSR1;TXNRD1;SRXN1;LAMTOR5;TXN;NQO1;FTL;JUNB;GLRX;EGLN2;LSP1;GPX3;PRDX6	0.463469119360777	TRUE	both	0.954545454545455	entry4.25_SOFA_D3
SPERMATOGENESIS	-0.822343119693517	0.902765819757463	CAMK4;ZC3H14;TSN;SLC12A2;LPIN1;ALOX15;PARP2;TKTL1;PEBP1;RAD17	0.917796345265791	0.690932411377548	PGS1;AGFG1;TLE4;PRKAR2A;CCNA1;CLVS1;BRAF;IP6K1;TALDO1;PHF7;SHE;H1-6;CHFR;GMCL1;MAST2;TTK	1.74013946495931	FALSE	neither	0	entry4.25_SOFA_D3
TGF_BETA_SIGNALING	1.6100034295709	0.0233813743764083	FURIN;FKBP1A;HIPK2;TGFBR1;RAB31;IFNGR2;SPTBN1;SMAD1;TGFB1;SKI;SERPINE1;PPP1R15A;UBE2D3;CTNNB1;XIAP;APC;SMURF1;PPM1A;BMPR2;THBS1	1.74202855982768	0.00700747479676834	FKBP1A;RAB31;FURIN;HIPK2;IFNGR2;SPTBN1;TGFBR1;SERPINE1;PPP1R15A;TGFB1;SKI;SMAD1;CTNNB1;UBE2D3;THBS1;XIAP;PPM1A;SMURF1;APC;JUNB;RHOA	0.132025130256777	TRUE	both	0.863636363636364	entry4.25_SOFA_D3
TNFA_SIGNALING_VIA_NFKB	1.66949429548444	0.00100177901981468	BCL6;ETS2;GADD45A;CFLAR;PFKFB3;FOSL2;SLC2A3;B4GALT5;IRS2;TLR2;PTPRE;BCL2A1;MXD1;NFIL3;RCAN1;KLF9;NFKB1;SOCS3;TNIP1;LITAF;DRAM1;KLF6;MAP2K3;DENND5A;TIPARP;IFNGR2;LDLR;NFKBIA;EHD1;BCL3;PER1;RNF19B;MAP3K8;CD44;F2RL1;PNRC1;CEBPB;ZC3H12A;KDM6B;NFE2L2;CSF1;CEBPD;SERPINE1;PPP1R15A;AREG;NFAT5;B4GALT1;STAT5A;TNFAIP3;JAG1;TUBB2A;REL;DNAJB4;GADD45B;NAMPT;IER3;TANK;PHLDA1;TNIP2;ZFP36;IRF1;MARCKS;RIGI;DUSP1;ICAM1;TNFAIP6;TAP1;TRIB1	1.93782544894283	1.32815011107031e-05	BCL6;GADD45A;PFKFB3;ETS2;FOSL2;CFLAR;SLC2A3;B4GALT5;NFIL3;BCL2A1;IRS2;SOCS3;DRAM1;LITAF;PTPRE;MXD1;IFNGR2;KLF6;KLF9;TLR2;RCAN1;NFKB1;TIPARP;MAP2K3;NFKBIA;TNIP1;LDLR;DENND5A;EHD1;CD44;F2RL1;BCL3;PER1;RNF19B;CSF1;PNRC1;MAP3K8;SERPINE1;PPP1R15A;ZC3H12A;CEBPB;CEBPD;KDM6B;AREG;GADD45B;TNFAIP3;B4GALT1;NFE2L2;JAG1;IER3;DUSP1;TRIB1;STAT5A;NAMPT;MARCKS;ICAM1;NFAT5;TUBB2A;TNIP2;TAP1;REL;IRF1;JUNB;ZFP36;TNFAIP6	0.268331153458394	TRUE	both	0.927536231884058	entry4.25_SOFA_D3
UNFOLDED_PROTEIN_RESPONSE	-2.03624559061122	1.65415489442643e-05	NPM1;IMP3;NOP56;EXOSC2;EIF2AK3;HSPA9;EXOSC9;EIF2S1;HSP90B1;RPS14;PDIA6;EIF4A2;CEBPG;DNAJB9;SKIC3;SLC30A5;SRPRB;IARS1;SEC31A;SPCS1;LSM4;SEC11A;WFS1;SSR1;MTREX;HERPUD1;RRP9;BANF1;DDX10;XBP1;SPCS3;EIF4EBP1;EXOC2;YIF1A;EDEM1;HSPA5;SERP1;ALDH18A1;HYOU1;CNOT2;SDAD1;EIF4A1;EIF4E;CALR;PAIP1;BAG3;CKS1B;XPOT;MTHFD2;NOLC1;FUS;GOSR2;NOP14;EEF2	-1.87916994808493	0.000262073514318275	NPM1;IMP3;NOP56;EXOSC2;EIF2AK3;HSPA9;EXOSC9;SPCS1;HSP90B1;EIF2S1;RPS14;PDIA6;IARS1;CEBPG;SKIC3;SLC30A5;DNAJB9;LSM4;SRPRB;SEC31A;EIF4A2;MTREX;WFS1;BANF1;SEC11A;RRP9;SSR1;EIF4EBP1;FUS;HERPUD1;BAG3;DDX10;EIF4A1;HYOU1;EXOC2;NOLC1;YIF1A;ALDH18A1;SPCS3;NOP14;FKBP14;XBP1;CNOT2;EIF4E;EDEM1;SDAD1;CKS1B;CALR;PAIP1;EEF2;NHP2;GOSR2;EXOSC1;XPOT;MTHFD2;NFYB;SLC1A4;KHSRP;HSPA5;TSPYL2;PREB;LSM1;CXXC1;PARN;DKC1;GEMIN4;SERP1	0.157075642526289	TRUE	both	0.805970149253731	entry4.25_SOFA_D3
UV_RESPONSE_DN	1.35237489272935	0.0806329113924051	MAPK14;SYNE1;ATP2B4;ATXN1;IGF1R;DYRK1A;WDR37;CELF2;NFKB1;APBB2;PTEN;GCNT1;LDLR;RASA2;PRDM2;SCN8A;PPARG;PTGFR;PIK3CD;RXRA;SCAF8;NR3C1;FHL2;NOTCH2;NIPBL;SERPINE1;CDC42BPA;TGFBR2;CDKN1B;CACNA1A;RBPMS;PRKCE	1.34692275189298	0.0755572034771145	MAPK14;ATP2B4;IGF1R;ATXN1;SYNE1;DYRK1A;WDR37;NFKB1;PTEN;LDLR;GCNT1;CELF2;SCN8A;PPARG;RXRA;NR3C1;RASA2;PIK3CD;SERPINE1;TGFBR2;FHL2;NOTCH2;CDKN1B;SCAF8;DUSP1;APBB2;CDC42BPA;PTGFR;PRDM2;TFPI;CACNA1A;NIPBL	-0.00545214083636991	TRUE	neither	0.882352941176471	entry4.25_SOFA_D3
UV_RESPONSE_UP	0.869110355021054	0.83951048951049	GRINA;ARRB2;CCND3;ATP6V1C1;ALAS1;PRKCD;LYN;FURIN;TUBA4A;MAOA;AGO2;MARK2;RAB27A;NFKBIA;CHKA;ACAA1;CA2;PDAP1;GRPEL1;APOM;ALDOA;NUP58;PRKACA	1.04331654233002	0.476756756756757	CCND3;ARRB2;ATP6V1C1;GRINA;PRKCD;TUBA4A;ALAS1;FURIN;LYN;MAOA;NFKBIA;RAB27A;AGO2;MARK2;CHKA;ACAA1;NUP58;GRPEL1;ALDOA;CA2;ICAM1;PDAP1;TAP1;IRF1;CDC34;JUNB;PRKACA;STARD3;GPX3;APOM	0.174206187308962	TRUE	neither	0.766666666666667	entry4.25_SOFA_D3
WNT_BETA_CATENIN_SIGNALING	0.934097773587824	0.640825096232793	NUMB;RBPJ;ADAM17;MAML1;NKD1;CTNNB1;FRAT1;JAG1;NOTCH1;NCSTN	0.97786760991952	0.595702190318424	RBPJ;NUMB;MAML1;ADAM17;FRAT1;JAG1;CTNNB1;NCSTN;NKD1;NOTCH1	0.0437698363316956	TRUE	neither	1	entry4.25_SOFA_D3
XENOBIOTIC_METABOLISM	1.56001137939809	0.00842826325412055	UPP1;IL1R1;ETS2;PGD;GSR;TPST1;ALAS1;POR;LPIN2;SLC6A6;ACOX1;DDAH2;TNFRSF1A;ARG1;UPB1;MAOA;PINK1;ESR1;FAS;AQP9;VNN1;SLC22A1;SLC46A3;CA2;CDA;SMOX;ITIH4;ABCC2;NQO1;HES6;CSAD;SERPINE1;GABARAPL1;MARCHF6	1.48324611293215	0.0178455503811277	UPP1;PGD;IL1R1;ETS2;GSR;POR;DDAH2;TPST1;ALAS1;ACOX1;ARG1;TNFRSF1A;LPIN2;SLC6A6;MAOA;AQP9;PINK1;VNN1;UPB1;FAS;CDA;SLC46A3;ESR1;MARCHF6;SERPINE1;ABCC2;SMOX;GABARAPL1;SLC22A1;ITIH4;RAP1GAP;CA2;CSAD;NQO1;DHRS7	-0.0767652664659446	TRUE	both	0.916666666666667	entry4.25_SOFA_D3
